ISO-10303-21;
HEADER;
FILE_DESCRIPTION(('FreeCAD Model'),'2;1');
FILE_NAME('Open CASCADE Shape Model','2026-07-14T03:59:26',('Author'),(
    ''),'Open CASCADE STEP processor 7.8','FreeCAD','Unknown');
FILE_SCHEMA(('AUTOMOTIVE_DESIGN { 1 0 10303 214 1 1 1 1 }'));
ENDSEC;
DATA;
#1 = APPLICATION_PROTOCOL_DEFINITION('international standard',
  'automotive_design',2000,#2);
#2 = APPLICATION_CONTEXT(
  'core data for automotive mechanical design processes');
#3 = SHAPE_DEFINITION_REPRESENTATION(#4,#10);
#4 = PRODUCT_DEFINITION_SHAPE('','',#5);
#5 = PRODUCT_DEFINITION('design','',#6,#9);
#6 = PRODUCT_DEFINITION_FORMATION('','',#7);
#7 = PRODUCT('InvoluteGear','InvoluteGear','',(#8));
#8 = PRODUCT_CONTEXT('',#2,'mechanical');
#9 = PRODUCT_DEFINITION_CONTEXT('part definition',#2,'design');
#10 = ADVANCED_BREP_SHAPE_REPRESENTATION('',(#11,#15),#5653);
#11 = AXIS2_PLACEMENT_3D('',#12,#13,#14);
#12 = CARTESIAN_POINT('',(0.,0.,0.));
#13 = DIRECTION('',(0.,0.,1.));
#14 = DIRECTION('',(1.,0.,-0.));
#15 = MANIFOLD_SOLID_BREP('',#16);
#16 = CLOSED_SHELL('',(#17,#57,#147,#178,#209,#240,#330,#360,#450,#480,
    #510,#540,#630,#660,#750,#780,#810,#840,#930,#960,#1050,#1080,#1110,
    #1140,#1230,#1260,#1350,#1380,#1410,#1440,#1530,#1560,#1650,#1680,
    #1710,#1740,#1830,#1860,#1950,#1980,#2010,#2040,#2130,#2160,#2250,
    #2280,#2310,#2340,#2430,#2460,#2550,#2580,#2610,#2640,#2730,#2760,
    #2850,#2880,#2910,#2940,#3030,#3060,#3150,#3180,#3210,#3240,#3330,
    #3360,#3450,#3480,#3510,#3540,#3630,#3660,#3750,#3780,#3810,#3840,
    #3930,#3960,#4050,#4080,#4110,#4140,#4230,#4260,#4350,#4380,#4410,
    #4440,#4530,#4560,#4650,#4680,#4710,#4740,#4830,#4860,#4950,#4980,
    #5010,#5040,#5130,#5160,#5250,#5280,#5310,#5340,#5421,#5537));
#17 = ADVANCED_FACE('',(#18),#52,.F.);
#18 = FACE_BOUND('',#19,.F.);
#19 = EDGE_LOOP('',(#20,#30,#38,#46));
#20 = ORIENTED_EDGE('',*,*,#21,.T.);
#21 = EDGE_CURVE('',#22,#24,#26,.T.);
#22 = VERTEX_POINT('',#23);
#23 = CARTESIAN_POINT('',(9.994192243323,-0.340765907199,0.));
#24 = VERTEX_POINT('',#25);
#25 = CARTESIAN_POINT('',(9.994192243323,-0.340765907199,5.));
#26 = LINE('',#27,#28);
#27 = CARTESIAN_POINT('',(9.994192243323,-0.340765907199,0.));
#28 = VECTOR('',#29,1.);
#29 = DIRECTION('',(0.,0.,1.));
#30 = ORIENTED_EDGE('',*,*,#31,.T.);
#31 = EDGE_CURVE('',#24,#32,#34,.T.);
#32 = VERTEX_POINT('',#33);
#33 = CARTESIAN_POINT('',(9.994192243323,0.340765907199,5.));
#34 = LINE('',#35,#36);
#35 = CARTESIAN_POINT('',(9.994192243323,-0.340765907199,5.));
#36 = VECTOR('',#37,1.);
#37 = DIRECTION('',(0.,1.,0.));
#38 = ORIENTED_EDGE('',*,*,#39,.F.);
#39 = EDGE_CURVE('',#40,#32,#42,.T.);
#40 = VERTEX_POINT('',#41);
#41 = CARTESIAN_POINT('',(9.994192243323,0.340765907199,0.));
#42 = LINE('',#43,#44);
#43 = CARTESIAN_POINT('',(9.994192243323,0.340765907199,0.));
#44 = VECTOR('',#45,1.);
#45 = DIRECTION('',(0.,0.,1.));
#46 = ORIENTED_EDGE('',*,*,#47,.F.);
#47 = EDGE_CURVE('',#22,#40,#48,.T.);
#48 = LINE('',#49,#50);
#49 = CARTESIAN_POINT('',(9.994192243323,-0.340765907199,0.));
#50 = VECTOR('',#51,1.);
#51 = DIRECTION('',(0.,1.,0.));
#52 = PLANE('',#53);
#53 = AXIS2_PLACEMENT_3D('',#54,#55,#56);
#54 = CARTESIAN_POINT('',(9.994192243323,-0.340765907199,0.));
#55 = DIRECTION('',(-1.,0.,0.));
#56 = DIRECTION('',(0.,1.,0.));
#57 = ADVANCED_FACE('',(#58),#121,.F.);
#58 = FACE_BOUND('',#59,.F.);
#59 = EDGE_LOOP('',(#60,#61,#88,#96));
#60 = ORIENTED_EDGE('',*,*,#39,.T.);
#61 = ORIENTED_EDGE('',*,*,#62,.T.);
#62 = EDGE_CURVE('',#32,#63,#65,.T.);
#63 = VERTEX_POINT('',#64);
#64 = CARTESIAN_POINT('',(8.413129941996,0.86258015593,5.));
#65 = B_SPLINE_CURVE_WITH_KNOTS('',3,(#66,#67,#68,#69,#70,#71,#72,#73,
    #74,#75,#76,#77,#78,#79,#80,#81,#82,#83,#84,#85,#86,#87),
  .UNSPECIFIED.,.F.,.F.,(4,1,1,1,1,1,1,1,1,1,1,1,1,1,1,1,1,1,1,4),(0.,
    0.172537314111,0.335748287134,0.489632919081,0.634191209969,
    0.769423159817,0.895328768649,1.011908036493,1.119160963386,
    1.217087549377,1.305687794526,1.384961698919,1.454909262673,
    1.515530485961,1.566825369048,1.60879391238,1.641436116781,
    1.664751984064,1.678741519671,1.683404761698),.UNSPECIFIED.);
#66 = CARTESIAN_POINT('',(9.994192243323,0.340765907199,5.));
#67 = CARTESIAN_POINT('',(9.944533292052,0.369776873856,5.));
#68 = CARTESIAN_POINT('',(9.846984961037,0.424686444394,5.));
#69 = CARTESIAN_POINT('',(9.702150268696,0.49998603914,5.));
#70 = CARTESIAN_POINT('',(9.563311358427,0.566416755608,5.));
#71 = CARTESIAN_POINT('',(9.430888825619,0.624460030386,5.));
#72 = CARTESIAN_POINT('',(9.305276957123,0.674620343023,5.));
#73 = CARTESIAN_POINT('',(9.186843680992,0.717417518559,5.));
#74 = CARTESIAN_POINT('',(9.075929747145,0.753387109768,5.));
#75 = CARTESIAN_POINT('',(8.972848158637,0.783078780319,5.));
#76 = CARTESIAN_POINT('',(8.877883607947,0.807055131123,5.));
#77 = CARTESIAN_POINT('',(8.791291973448,0.825890432116,5.));
#78 = CARTESIAN_POINT('',(8.713299881152,0.840169225964,5.));
#79 = CARTESIAN_POINT('',(8.644104276431,0.850485336875,5.));
#80 = CARTESIAN_POINT('',(8.583872191257,0.857439528336,5.));
#81 = CARTESIAN_POINT('',(8.532740143744,0.861641171491,5.));
#82 = CARTESIAN_POINT('',(8.49081483497,0.863698099831,5.));
#83 = CARTESIAN_POINT('',(8.45817045633,0.864239212995,5.));
#84 = CARTESIAN_POINT('',(8.434855061993,0.863851410966,5.));
#85 = CARTESIAN_POINT('',(8.420876171223,0.863214410927,5.));
#86 = CARTESIAN_POINT('',(8.414678395964,0.862718156902,5.));
#87 = CARTESIAN_POINT('',(8.413129941996,0.86258015593,5.));
#88 = ORIENTED_EDGE('',*,*,#89,.F.);
#89 = EDGE_CURVE('',#90,#63,#92,.T.);
#90 = VERTEX_POINT('',#91);
#91 = CARTESIAN_POINT('',(8.413129941996,0.86258015593,0.));
#92 = LINE('',#93,#94);
#93 = CARTESIAN_POINT('',(8.413129941996,0.86258015593,0.));
#94 = VECTOR('',#95,1.);
#95 = DIRECTION('',(0.,0.,1.));
#96 = ORIENTED_EDGE('',*,*,#97,.F.);
#97 = EDGE_CURVE('',#40,#90,#98,.T.);
#98 = B_SPLINE_CURVE_WITH_KNOTS('',3,(#99,#100,#101,#102,#103,#104,#105,
    #106,#107,#108,#109,#110,#111,#112,#113,#114,#115,#116,#117,#118,
    #119,#120),.UNSPECIFIED.,.F.,.F.,(4,1,1,1,1,1,1,1,1,1,1,1,1,1,1,1,1,
    1,1,4),(0.,0.172537314111,0.335748287134,0.489632919081,
    0.634191209969,0.769423159817,0.895328768649,1.011908036493,
    1.119160963386,1.217087549377,1.305687794526,1.384961698919,
    1.454909262673,1.515530485961,1.566825369048,1.60879391238,
    1.641436116781,1.664751984064,1.678741519671,1.683404761698),
  .UNSPECIFIED.);
#99 = CARTESIAN_POINT('',(9.994192243323,0.340765907199,0.));
#100 = CARTESIAN_POINT('',(9.944533292052,0.369776873856,0.));
#101 = CARTESIAN_POINT('',(9.846984961037,0.424686444394,0.));
#102 = CARTESIAN_POINT('',(9.702150268696,0.49998603914,0.));
#103 = CARTESIAN_POINT('',(9.563311358427,0.566416755608,0.));
#104 = CARTESIAN_POINT('',(9.430888825619,0.624460030386,0.));
#105 = CARTESIAN_POINT('',(9.305276957123,0.674620343023,0.));
#106 = CARTESIAN_POINT('',(9.186843680992,0.717417518559,0.));
#107 = CARTESIAN_POINT('',(9.075929747145,0.753387109768,0.));
#108 = CARTESIAN_POINT('',(8.972848158637,0.783078780319,0.));
#109 = CARTESIAN_POINT('',(8.877883607947,0.807055131123,0.));
#110 = CARTESIAN_POINT('',(8.791291973448,0.825890432116,0.));
#111 = CARTESIAN_POINT('',(8.713299881152,0.840169225964,0.));
#112 = CARTESIAN_POINT('',(8.644104276431,0.850485336875,0.));
#113 = CARTESIAN_POINT('',(8.583872191257,0.857439528336,0.));
#114 = CARTESIAN_POINT('',(8.532740143744,0.861641171491,0.));
#115 = CARTESIAN_POINT('',(8.49081483497,0.863698099831,0.));
#116 = CARTESIAN_POINT('',(8.45817045633,0.864239212995,0.));
#117 = CARTESIAN_POINT('',(8.434855061993,0.863851410966,0.));
#118 = CARTESIAN_POINT('',(8.420876171223,0.863214410927,0.));
#119 = CARTESIAN_POINT('',(8.414678395964,0.862718156902,-0.));
#120 = CARTESIAN_POINT('',(8.413129941996,0.86258015593,0.));
#121 = SURFACE_OF_LINEAR_EXTRUSION('',#122,#145);
#122 = B_SPLINE_CURVE_WITH_KNOTS('',3,(#123,#124,#125,#126,#127,#128,
    #129,#130,#131,#132,#133,#134,#135,#136,#137,#138,#139,#140,#141,
    #142,#143,#144),.UNSPECIFIED.,.F.,.F.,(4,1,1,1,1,1,1,1,1,1,1,1,1,1,1
    ,1,1,1,1,4),(0.,0.172537314111,0.335748287134,0.489632919081,
    0.634191209969,0.769423159817,0.895328768649,1.011908036493,
    1.119160963386,1.217087549377,1.305687794526,1.384961698919,
    1.454909262673,1.515530485961,1.566825369048,1.60879391238,
    1.641436116781,1.664751984064,1.678741519671,1.683404761698),
  .UNSPECIFIED.);
#123 = CARTESIAN_POINT('',(9.994192243323,0.340765907199,0.));
#124 = CARTESIAN_POINT('',(9.944533292052,0.369776873856,0.));
#125 = CARTESIAN_POINT('',(9.846984961037,0.424686444394,0.));
#126 = CARTESIAN_POINT('',(9.702150268696,0.49998603914,0.));
#127 = CARTESIAN_POINT('',(9.563311358427,0.566416755608,0.));
#128 = CARTESIAN_POINT('',(9.430888825619,0.624460030386,0.));
#129 = CARTESIAN_POINT('',(9.305276957123,0.674620343023,0.));
#130 = CARTESIAN_POINT('',(9.186843680992,0.717417518559,0.));
#131 = CARTESIAN_POINT('',(9.075929747145,0.753387109768,0.));
#132 = CARTESIAN_POINT('',(8.972848158637,0.783078780319,0.));
#133 = CARTESIAN_POINT('',(8.877883607947,0.807055131123,0.));
#134 = CARTESIAN_POINT('',(8.791291973448,0.825890432116,0.));
#135 = CARTESIAN_POINT('',(8.713299881152,0.840169225964,0.));
#136 = CARTESIAN_POINT('',(8.644104276431,0.850485336875,0.));
#137 = CARTESIAN_POINT('',(8.583872191257,0.857439528336,0.));
#138 = CARTESIAN_POINT('',(8.532740143744,0.861641171491,0.));
#139 = CARTESIAN_POINT('',(8.49081483497,0.863698099831,0.));
#140 = CARTESIAN_POINT('',(8.45817045633,0.864239212995,0.));
#141 = CARTESIAN_POINT('',(8.434855061993,0.863851410966,0.));
#142 = CARTESIAN_POINT('',(8.420876171223,0.863214410927,0.));
#143 = CARTESIAN_POINT('',(8.414678395964,0.862718156902,-0.));
#144 = CARTESIAN_POINT('',(8.413129941996,0.86258015593,0.));
#145 = VECTOR('',#146,1.);
#146 = DIRECTION('',(-0.,-0.,-1.));
#147 = ADVANCED_FACE('',(#148),#173,.F.);
#148 = FACE_BOUND('',#149,.F.);
#149 = EDGE_LOOP('',(#150,#151,#159,#167));
#150 = ORIENTED_EDGE('',*,*,#89,.T.);
#151 = ORIENTED_EDGE('',*,*,#152,.T.);
#152 = EDGE_CURVE('',#63,#153,#155,.T.);
#153 = VERTEX_POINT('',#154);
#154 = CARTESIAN_POINT('',(7.709584508832,0.790447152681,5.));
#155 = LINE('',#156,#157);
#156 = CARTESIAN_POINT('',(8.413129941996,0.86258015593,5.));
#157 = VECTOR('',#158,1.);
#158 = DIRECTION('',(-0.994785097914,-0.101993180991,0.));
#159 = ORIENTED_EDGE('',*,*,#160,.F.);
#160 = EDGE_CURVE('',#161,#153,#163,.T.);
#161 = VERTEX_POINT('',#162);
#162 = CARTESIAN_POINT('',(7.709584508832,0.790447152681,0.));
#163 = LINE('',#164,#165);
#164 = CARTESIAN_POINT('',(7.709584508832,0.790447152681,0.));
#165 = VECTOR('',#166,1.);
#166 = DIRECTION('',(0.,0.,1.));
#167 = ORIENTED_EDGE('',*,*,#168,.F.);
#168 = EDGE_CURVE('',#90,#161,#169,.T.);
#169 = LINE('',#170,#171);
#170 = CARTESIAN_POINT('',(8.413129941996,0.86258015593,0.));
#171 = VECTOR('',#172,1.);
#172 = DIRECTION('',(-0.994785097914,-0.101993180991,0.));
#173 = PLANE('',#174);
#174 = AXIS2_PLACEMENT_3D('',#175,#176,#177);
#175 = CARTESIAN_POINT('',(8.413129941996,0.86258015593,0.));
#176 = DIRECTION('',(0.101993180991,-0.994785097914,0.));
#177 = DIRECTION('',(-0.994785097914,-0.101993180991,0.));
#178 = ADVANCED_FACE('',(#179),#204,.F.);
#179 = FACE_BOUND('',#180,.F.);
#180 = EDGE_LOOP('',(#181,#182,#190,#198));
#181 = ORIENTED_EDGE('',*,*,#160,.T.);
#182 = ORIENTED_EDGE('',*,*,#183,.T.);
#183 = EDGE_CURVE('',#153,#184,#186,.T.);
#184 = VERTEX_POINT('',#185);
#185 = CARTESIAN_POINT('',(7.514988520726,1.894055842196,5.));
#186 = LINE('',#187,#188);
#187 = CARTESIAN_POINT('',(7.709584508832,0.790447152681,5.));
#188 = VECTOR('',#189,1.);
#189 = DIRECTION('',(-0.173648177667,0.984807753012,0.));
#190 = ORIENTED_EDGE('',*,*,#191,.F.);
#191 = EDGE_CURVE('',#192,#184,#194,.T.);
#192 = VERTEX_POINT('',#193);
#193 = CARTESIAN_POINT('',(7.514988520726,1.894055842196,0.));
#194 = LINE('',#195,#196);
#195 = CARTESIAN_POINT('',(7.514988520726,1.894055842196,0.));
#196 = VECTOR('',#197,1.);
#197 = DIRECTION('',(0.,0.,1.));
#198 = ORIENTED_EDGE('',*,*,#199,.F.);
#199 = EDGE_CURVE('',#161,#192,#200,.T.);
#200 = LINE('',#201,#202);
#201 = CARTESIAN_POINT('',(7.709584508832,0.790447152681,0.));
#202 = VECTOR('',#203,1.);
#203 = DIRECTION('',(-0.173648177667,0.984807753012,0.));
#204 = PLANE('',#205);
#205 = AXIS2_PLACEMENT_3D('',#206,#207,#208);
#206 = CARTESIAN_POINT('',(7.709584508832,0.790447152681,0.));
#207 = DIRECTION('',(-0.984807753012,-0.173648177667,0.));
#208 = DIRECTION('',(-0.173648177667,0.984807753012,0.));
#209 = ADVANCED_FACE('',(#210),#235,.F.);
#210 = FACE_BOUND('',#211,.F.);
#211 = EDGE_LOOP('',(#212,#213,#221,#229));
#212 = ORIENTED_EDGE('',*,*,#191,.T.);
#213 = ORIENTED_EDGE('',*,*,#214,.T.);
#214 = EDGE_CURVE('',#184,#215,#217,.T.);
#215 = VERTEX_POINT('',#216);
#216 = CARTESIAN_POINT('',(8.200775912768,2.066899701215,5.));
#217 = LINE('',#218,#219);
#218 = CARTESIAN_POINT('',(7.514988520726,1.894055842196,5.));
#219 = VECTOR('',#220,1.);
#220 = DIRECTION('',(0.969675938158,0.244394302219,0.));
#221 = ORIENTED_EDGE('',*,*,#222,.F.);
#222 = EDGE_CURVE('',#223,#215,#225,.T.);
#223 = VERTEX_POINT('',#224);
#224 = CARTESIAN_POINT('',(8.200775912768,2.066899701215,0.));
#225 = LINE('',#226,#227);
#226 = CARTESIAN_POINT('',(8.200775912768,2.066899701215,0.));
#227 = VECTOR('',#228,1.);
#228 = DIRECTION('',(0.,0.,1.));
#229 = ORIENTED_EDGE('',*,*,#230,.F.);
#230 = EDGE_CURVE('',#192,#223,#231,.T.);
#231 = LINE('',#232,#233);
#232 = CARTESIAN_POINT('',(7.514988520726,1.894055842196,0.));
#233 = VECTOR('',#234,1.);
#234 = DIRECTION('',(0.969675938158,0.244394302219,0.));
#235 = PLANE('',#236);
#236 = AXIS2_PLACEMENT_3D('',#237,#238,#239);
#237 = CARTESIAN_POINT('',(7.514988520726,1.894055842196,0.));
#238 = DIRECTION('',(-0.244394302219,0.969675938158,0.));
#239 = DIRECTION('',(0.969675938158,0.244394302219,0.));
#240 = ADVANCED_FACE('',(#241),#304,.F.);
#241 = FACE_BOUND('',#242,.F.);
#242 = EDGE_LOOP('',(#243,#244,#271,#279));
#243 = ORIENTED_EDGE('',*,*,#222,.T.);
#244 = ORIENTED_EDGE('',*,*,#245,.T.);
#245 = EDGE_CURVE('',#215,#246,#248,.T.);
#246 = VERTEX_POINT('',#247);
#247 = CARTESIAN_POINT('',(9.508017506187,3.097999855075,5.));
#248 = B_SPLINE_CURVE_WITH_KNOTS('',3,(#249,#250,#251,#252,#253,#254,
    #255,#256,#257,#258,#259,#260,#261,#262,#263,#264,#265,#266,#267,
    #268,#269,#270),.UNSPECIFIED.,.F.,.F.,(4,1,1,1,1,1,1,1,1,1,1,1,1,1,1
    ,1,1,1,1,4),(0.,4.663242026802E-03,1.865277763451E-02,
    4.196864491748E-02,7.461084931782E-02,0.11657939265,0.167874275737,
    0.228495499025,0.298443062779,0.377716967172,0.466317212321,
    0.564243798312,0.671496725205,0.788075993049,0.913981601881,
    1.049213551729,1.193771842617,1.347656474564,1.510867447587,
    1.683404761698),.UNSPECIFIED.);
#249 = CARTESIAN_POINT('',(8.200775912768,2.066899701215,5.));
#250 = CARTESIAN_POINT('',(8.202278182647,2.067299625168,5.));
#251 = CARTESIAN_POINT('',(8.208271915196,2.068953062905,5.));
#252 = CARTESIAN_POINT('',(8.221625642544,2.073135540894,5.));
#253 = CARTESIAN_POINT('',(8.243667582659,2.080745460702,5.));
#254 = CARTESIAN_POINT('',(8.274158192775,2.09241897581,5.));
#255 = CARTESIAN_POINT('',(8.312851585129,2.108691156308,5.));
#256 = CARTESIAN_POINT('',(8.359462946268,2.130127599595,5.));
#257 = CARTESIAN_POINT('',(8.41368411868,2.157262988399,5.));
#258 = CARTESIAN_POINT('',(8.475178400095,2.190623252341,5.));
#259 = CARTESIAN_POINT('',(8.543583358587,2.230715796139,5.));
#260 = CARTESIAN_POINT('',(8.618510826203,2.278031272735,5.));
#261 = CARTESIAN_POINT('',(8.699547918783,2.333041461896,5.));
#262 = CARTESIAN_POINT('',(8.786257777426,2.396198485288,5.));
#263 = CARTESIAN_POINT('',(8.878180457864,2.467933644271,5.));
#264 = CARTESIAN_POINT('',(8.974833837389,2.548656400389,5.));
#265 = CARTESIAN_POINT('',(9.07571454598,2.638753465298,5.));
#266 = CARTESIAN_POINT('',(9.180299053727,2.738587475943,5.));
#267 = CARTESIAN_POINT('',(9.288044310017,2.848497633991,5.));
#268 = CARTESIAN_POINT('',(9.398390423456,2.968792489755,5.));
#269 = CARTESIAN_POINT('',(9.471275691095,3.053754102155,5.));
#270 = CARTESIAN_POINT('',(9.508017506187,3.097999855075,5.));
#271 = ORIENTED_EDGE('',*,*,#272,.F.);
#272 = EDGE_CURVE('',#273,#246,#275,.T.);
#273 = VERTEX_POINT('',#274);
#274 = CARTESIAN_POINT('',(9.508017506187,3.097999855075,0.));
#275 = LINE('',#276,#277);
#276 = CARTESIAN_POINT('',(9.508017506187,3.097999855075,0.));
#277 = VECTOR('',#278,1.);
#278 = DIRECTION('',(0.,0.,1.));
#279 = ORIENTED_EDGE('',*,*,#280,.F.);
#280 = EDGE_CURVE('',#223,#273,#281,.T.);
#281 = B_SPLINE_CURVE_WITH_KNOTS('',3,(#282,#283,#284,#285,#286,#287,
    #288,#289,#290,#291,#292,#293,#294,#295,#296,#297,#298,#299,#300,
    #301,#302,#303),.UNSPECIFIED.,.F.,.F.,(4,1,1,1,1,1,1,1,1,1,1,1,1,1,1
    ,1,1,1,1,4),(0.,4.663242026802E-03,1.865277763451E-02,
    4.196864491748E-02,7.461084931782E-02,0.11657939265,0.167874275737,
    0.228495499025,0.298443062779,0.377716967172,0.466317212321,
    0.564243798312,0.671496725205,0.788075993049,0.913981601881,
    1.049213551729,1.193771842617,1.347656474564,1.510867447587,
    1.683404761698),.UNSPECIFIED.);
#282 = CARTESIAN_POINT('',(8.200775912768,2.066899701215,0.));
#283 = CARTESIAN_POINT('',(8.202278182647,2.067299625168,0.));
#284 = CARTESIAN_POINT('',(8.208271915196,2.068953062905,0.));
#285 = CARTESIAN_POINT('',(8.221625642544,2.073135540894,0.));
#286 = CARTESIAN_POINT('',(8.243667582659,2.080745460702,0.));
#287 = CARTESIAN_POINT('',(8.274158192775,2.09241897581,0.));
#288 = CARTESIAN_POINT('',(8.312851585129,2.108691156308,0.));
#289 = CARTESIAN_POINT('',(8.359462946268,2.130127599595,0.));
#290 = CARTESIAN_POINT('',(8.41368411868,2.157262988399,0.));
#291 = CARTESIAN_POINT('',(8.475178400095,2.190623252341,0.));
#292 = CARTESIAN_POINT('',(8.543583358587,2.230715796139,0.));
#293 = CARTESIAN_POINT('',(8.618510826203,2.278031272735,0.));
#294 = CARTESIAN_POINT('',(8.699547918783,2.333041461896,0.));
#295 = CARTESIAN_POINT('',(8.786257777426,2.396198485288,0.));
#296 = CARTESIAN_POINT('',(8.878180457864,2.467933644271,0.));
#297 = CARTESIAN_POINT('',(8.974833837389,2.548656400389,0.));
#298 = CARTESIAN_POINT('',(9.07571454598,2.638753465298,0.));
#299 = CARTESIAN_POINT('',(9.180299053727,2.738587475943,0.));
#300 = CARTESIAN_POINT('',(9.288044310017,2.848497633991,0.));
#301 = CARTESIAN_POINT('',(9.398390423456,2.968792489755,0.));
#302 = CARTESIAN_POINT('',(9.471275691095,3.053754102155,-0.));
#303 = CARTESIAN_POINT('',(9.508017506187,3.097999855075,0.));
#304 = SURFACE_OF_LINEAR_EXTRUSION('',#305,#328);
#305 = B_SPLINE_CURVE_WITH_KNOTS('',3,(#306,#307,#308,#309,#310,#311,
    #312,#313,#314,#315,#316,#317,#318,#319,#320,#321,#322,#323,#324,
    #325,#326,#327),.UNSPECIFIED.,.F.,.F.,(4,1,1,1,1,1,1,1,1,1,1,1,1,1,1
    ,1,1,1,1,4),(0.,4.663242026802E-03,1.865277763451E-02,
    4.196864491748E-02,7.461084931782E-02,0.11657939265,0.167874275737,
    0.228495499025,0.298443062779,0.377716967172,0.466317212321,
    0.564243798312,0.671496725205,0.788075993049,0.913981601881,
    1.049213551729,1.193771842617,1.347656474564,1.510867447587,
    1.683404761698),.UNSPECIFIED.);
#306 = CARTESIAN_POINT('',(8.200775912768,2.066899701215,0.));
#307 = CARTESIAN_POINT('',(8.202278182647,2.067299625168,0.));
#308 = CARTESIAN_POINT('',(8.208271915196,2.068953062905,0.));
#309 = CARTESIAN_POINT('',(8.221625642544,2.073135540894,0.));
#310 = CARTESIAN_POINT('',(8.243667582659,2.080745460702,0.));
#311 = CARTESIAN_POINT('',(8.274158192775,2.09241897581,0.));
#312 = CARTESIAN_POINT('',(8.312851585129,2.108691156308,0.));
#313 = CARTESIAN_POINT('',(8.359462946268,2.130127599595,0.));
#314 = CARTESIAN_POINT('',(8.41368411868,2.157262988399,0.));
#315 = CARTESIAN_POINT('',(8.475178400095,2.190623252341,0.));
#316 = CARTESIAN_POINT('',(8.543583358587,2.230715796139,0.));
#317 = CARTESIAN_POINT('',(8.618510826203,2.278031272735,0.));
#318 = CARTESIAN_POINT('',(8.699547918783,2.333041461896,0.));
#319 = CARTESIAN_POINT('',(8.786257777426,2.396198485288,0.));
#320 = CARTESIAN_POINT('',(8.878180457864,2.467933644271,0.));
#321 = CARTESIAN_POINT('',(8.974833837389,2.548656400389,0.));
#322 = CARTESIAN_POINT('',(9.07571454598,2.638753465298,0.));
#323 = CARTESIAN_POINT('',(9.180299053727,2.738587475943,0.));
#324 = CARTESIAN_POINT('',(9.288044310017,2.848497633991,0.));
#325 = CARTESIAN_POINT('',(9.398390423456,2.968792489755,0.));
#326 = CARTESIAN_POINT('',(9.471275691095,3.053754102155,-0.));
#327 = CARTESIAN_POINT('',(9.508017506187,3.097999855075,0.));
#328 = VECTOR('',#329,1.);
#329 = DIRECTION('',(-0.,-0.,-1.));
#330 = ADVANCED_FACE('',(#331),#354,.F.);
#331 = FACE_BOUND('',#332,.F.);
#332 = EDGE_LOOP('',(#333,#334,#341,#349));
#333 = ORIENTED_EDGE('',*,*,#272,.T.);
#334 = ORIENTED_EDGE('',*,*,#335,.T.);
#335 = EDGE_CURVE('',#246,#336,#338,.T.);
#336 = VERTEX_POINT('',#337);
#337 = CARTESIAN_POINT('',(9.274919897345,3.738430271896,5.));
#338 = B_SPLINE_CURVE_WITH_KNOTS('',1,(#339,#340),.UNSPECIFIED.,.F.,.F.,
  (2,2),(0.,0.681531814398),.PIECEWISE_BEZIER_KNOTS.);
#339 = CARTESIAN_POINT('',(9.508017506187,3.097999855075,5.));
#340 = CARTESIAN_POINT('',(9.274919897345,3.738430271896,5.));
#341 = ORIENTED_EDGE('',*,*,#342,.F.);
#342 = EDGE_CURVE('',#343,#336,#345,.T.);
#343 = VERTEX_POINT('',#344);
#344 = CARTESIAN_POINT('',(9.274919897345,3.738430271896,0.));
#345 = LINE('',#346,#347);
#346 = CARTESIAN_POINT('',(9.274919897345,3.738430271896,0.));
#347 = VECTOR('',#348,1.);
#348 = DIRECTION('',(0.,0.,1.));
#349 = ORIENTED_EDGE('',*,*,#350,.F.);
#350 = EDGE_CURVE('',#273,#343,#351,.T.);
#351 = B_SPLINE_CURVE_WITH_KNOTS('',1,(#352,#353),.UNSPECIFIED.,.F.,.F.,
  (2,2),(0.,0.681531814398),.PIECEWISE_BEZIER_KNOTS.);
#352 = CARTESIAN_POINT('',(9.508017506187,3.097999855075,0.));
#353 = CARTESIAN_POINT('',(9.274919897345,3.738430271896,0.));
#354 = SURFACE_OF_LINEAR_EXTRUSION('',#355,#358);
#355 = B_SPLINE_CURVE_WITH_KNOTS('',1,(#356,#357),.UNSPECIFIED.,.F.,.F.,
  (2,2),(0.,0.681531814398),.PIECEWISE_BEZIER_KNOTS.);
#356 = CARTESIAN_POINT('',(9.508017506187,3.097999855075,0.));
#357 = CARTESIAN_POINT('',(9.274919897345,3.738430271896,0.));
#358 = VECTOR('',#359,1.);
#359 = DIRECTION('',(-0.,-0.,-1.));
#360 = ADVANCED_FACE('',(#361),#424,.F.);
#361 = FACE_BOUND('',#362,.F.);
#362 = EDGE_LOOP('',(#363,#364,#391,#399));
#363 = ORIENTED_EDGE('',*,*,#342,.T.);
#364 = ORIENTED_EDGE('',*,*,#365,.T.);
#365 = EDGE_CURVE('',#336,#366,#368,.T.);
#366 = VERTEX_POINT('',#367);
#367 = CARTESIAN_POINT('',(7.610736335646,3.688020115943,5.));
#368 = B_SPLINE_CURVE_WITH_KNOTS('',3,(#369,#370,#371,#372,#373,#374,
    #375,#376,#377,#378,#379,#380,#381,#382,#383,#384,#385,#386,#387,
    #388,#389,#390),.UNSPECIFIED.,.F.,.F.,(4,1,1,1,1,1,1,1,1,1,1,1,1,1,1
    ,1,1,1,1,4),(0.,0.172537314111,0.335748287134,0.489632919081,
    0.634191209969,0.769423159817,0.895328768649,1.011908036493,
    1.119160963386,1.217087549377,1.305687794526,1.384961698919,
    1.454909262673,1.515530485961,1.566825369048,1.60879391238,
    1.641436116781,1.664751984064,1.678741519671,1.683404761698),
  .UNSPECIFIED.);
#369 = CARTESIAN_POINT('',(9.274919897345,3.738430271896,5.));
#370 = CARTESIAN_POINT('',(9.218333412306,3.748707301554,5.));
#371 = CARTESIAN_POINT('',(9.107887786296,3.766941925644,5.));
#372 = CARTESIAN_POINT('',(8.946033716483,3.788164016942,5.));
#373 = CARTESIAN_POINT('',(8.792847173857,3.803102767012,5.));
#374 = CARTESIAN_POINT('',(8.648558727793,3.812354430356,5.));
#375 = CARTESIAN_POINT('',(8.513366344566,3.816527916731,5.));
#376 = CARTESIAN_POINT('',(8.38743797282,3.816237540696,5.));
#377 = CARTESIAN_POINT('',(8.270910642901,3.812103100576,5.));
#378 = CARTESIAN_POINT('',(8.163890485423,3.804748164616,5.));
#379 = CARTESIAN_POINT('',(8.066452602966,3.794798775302,5.));
#380 = CARTESIAN_POINT('',(7.97864103066,3.782882085414,5.));
#381 = CARTESIAN_POINT('',(7.900468801931,3.769624896041,5.));
#382 = CARTESIAN_POINT('',(7.831917885052,3.755652578695,5.));
#383 = CARTESIAN_POINT('',(7.772939765519,3.741586794691,5.));
#384 = CARTESIAN_POINT('',(7.723454311191,3.72804685754,5.));
#385 = CARTESIAN_POINT('',(7.683353896987,3.715640437806,5.));
#386 = CARTESIAN_POINT('',(7.652493143667,3.704983882792,5.));
#387 = CARTESIAN_POINT('',(7.630716475763,3.696645133574,5.));
#388 = CARTESIAN_POINT('',(7.617798482104,3.691265487114,5.));
#389 = CARTESIAN_POINT('',(7.6121442073,3.688679396886,5.));
#390 = CARTESIAN_POINT('',(7.610736335646,3.688020115943,5.));
#391 = ORIENTED_EDGE('',*,*,#392,.F.);
#392 = EDGE_CURVE('',#393,#366,#395,.T.);
#393 = VERTEX_POINT('',#394);
#394 = CARTESIAN_POINT('',(7.610736335646,3.688020115943,0.));
#395 = LINE('',#396,#397);
#396 = CARTESIAN_POINT('',(7.610736335646,3.688020115943,0.));
#397 = VECTOR('',#398,1.);
#398 = DIRECTION('',(0.,0.,1.));
#399 = ORIENTED_EDGE('',*,*,#400,.F.);
#400 = EDGE_CURVE('',#343,#393,#401,.T.);
#401 = B_SPLINE_CURVE_WITH_KNOTS('',3,(#402,#403,#404,#405,#406,#407,
    #408,#409,#410,#411,#412,#413,#414,#415,#416,#417,#418,#419,#420,
    #421,#422,#423),.UNSPECIFIED.,.F.,.F.,(4,1,1,1,1,1,1,1,1,1,1,1,1,1,1
    ,1,1,1,1,4),(0.,0.172537314111,0.335748287134,0.489632919081,
    0.634191209969,0.769423159817,0.895328768649,1.011908036493,
    1.119160963386,1.217087549377,1.305687794526,1.384961698919,
    1.454909262673,1.515530485961,1.566825369048,1.60879391238,
    1.641436116781,1.664751984064,1.678741519671,1.683404761698),
  .UNSPECIFIED.);
#402 = CARTESIAN_POINT('',(9.274919897345,3.738430271896,0.));
#403 = CARTESIAN_POINT('',(9.218333412306,3.748707301554,0.));
#404 = CARTESIAN_POINT('',(9.107887786296,3.766941925644,0.));
#405 = CARTESIAN_POINT('',(8.946033716483,3.788164016942,0.));
#406 = CARTESIAN_POINT('',(8.792847173857,3.803102767012,0.));
#407 = CARTESIAN_POINT('',(8.648558727793,3.812354430356,0.));
#408 = CARTESIAN_POINT('',(8.513366344566,3.816527916731,0.));
#409 = CARTESIAN_POINT('',(8.38743797282,3.816237540696,0.));
#410 = CARTESIAN_POINT('',(8.270910642901,3.812103100576,0.));
#411 = CARTESIAN_POINT('',(8.163890485423,3.804748164616,0.));
#412 = CARTESIAN_POINT('',(8.066452602966,3.794798775302,0.));
#413 = CARTESIAN_POINT('',(7.97864103066,3.782882085414,0.));
#414 = CARTESIAN_POINT('',(7.900468801931,3.769624896041,0.));
#415 = CARTESIAN_POINT('',(7.831917885052,3.755652578695,0.));
#416 = CARTESIAN_POINT('',(7.772939765519,3.741586794691,0.));
#417 = CARTESIAN_POINT('',(7.723454311191,3.72804685754,0.));
#418 = CARTESIAN_POINT('',(7.683353896987,3.715640437806,0.));
#419 = CARTESIAN_POINT('',(7.652493143667,3.704983882792,0.));
#420 = CARTESIAN_POINT('',(7.630716475763,3.696645133574,0.));
#421 = CARTESIAN_POINT('',(7.617798482104,3.691265487114,0.));
#422 = CARTESIAN_POINT('',(7.6121442073,3.688679396886,0.));
#423 = CARTESIAN_POINT('',(7.610736335646,3.688020115943,0.));
#424 = SURFACE_OF_LINEAR_EXTRUSION('',#425,#448);
#425 = B_SPLINE_CURVE_WITH_KNOTS('',3,(#426,#427,#428,#429,#430,#431,
    #432,#433,#434,#435,#436,#437,#438,#439,#440,#441,#442,#443,#444,
    #445,#446,#447),.UNSPECIFIED.,.F.,.F.,(4,1,1,1,1,1,1,1,1,1,1,1,1,1,1
    ,1,1,1,1,4),(0.,0.172537314111,0.335748287134,0.489632919081,
    0.634191209969,0.769423159817,0.895328768649,1.011908036493,
    1.119160963386,1.217087549377,1.305687794526,1.384961698919,
    1.454909262673,1.515530485961,1.566825369048,1.60879391238,
    1.641436116781,1.664751984064,1.678741519671,1.683404761698),
  .UNSPECIFIED.);
#426 = CARTESIAN_POINT('',(9.274919897345,3.738430271896,0.));
#427 = CARTESIAN_POINT('',(9.218333412306,3.748707301554,0.));
#428 = CARTESIAN_POINT('',(9.107887786296,3.766941925644,0.));
#429 = CARTESIAN_POINT('',(8.946033716483,3.788164016942,0.));
#430 = CARTESIAN_POINT('',(8.792847173857,3.803102767012,0.));
#431 = CARTESIAN_POINT('',(8.648558727793,3.812354430356,0.));
#432 = CARTESIAN_POINT('',(8.513366344566,3.816527916731,0.));
#433 = CARTESIAN_POINT('',(8.38743797282,3.816237540696,0.));
#434 = CARTESIAN_POINT('',(8.270910642901,3.812103100576,0.));
#435 = CARTESIAN_POINT('',(8.163890485423,3.804748164616,0.));
#436 = CARTESIAN_POINT('',(8.066452602966,3.794798775302,0.));
#437 = CARTESIAN_POINT('',(7.97864103066,3.782882085414,0.));
#438 = CARTESIAN_POINT('',(7.900468801931,3.769624896041,0.));
#439 = CARTESIAN_POINT('',(7.831917885052,3.755652578695,0.));
#440 = CARTESIAN_POINT('',(7.772939765519,3.741586794691,0.));
#441 = CARTESIAN_POINT('',(7.723454311191,3.72804685754,0.));
#442 = CARTESIAN_POINT('',(7.683353896987,3.715640437806,0.));
#443 = CARTESIAN_POINT('',(7.652493143667,3.704983882792,0.));
#444 = CARTESIAN_POINT('',(7.630716475763,3.696645133574,0.));
#445 = CARTESIAN_POINT('',(7.617798482104,3.691265487114,0.));
#446 = CARTESIAN_POINT('',(7.6121442073,3.688679396886,0.));
#447 = CARTESIAN_POINT('',(7.610736335646,3.688020115943,0.));
#448 = VECTOR('',#449,1.);
#449 = DIRECTION('',(-0.,-0.,-1.));
#450 = ADVANCED_FACE('',(#451),#474,.F.);
#451 = FACE_BOUND('',#452,.F.);
#452 = EDGE_LOOP('',(#453,#454,#461,#469));
#453 = ORIENTED_EDGE('',*,*,#392,.T.);
#454 = ORIENTED_EDGE('',*,*,#455,.T.);
#455 = EDGE_CURVE('',#366,#456,#458,.T.);
#456 = VERTEX_POINT('',#457);
#457 = CARTESIAN_POINT('',(6.974290823823,3.379610555188,5.));
#458 = B_SPLINE_CURVE_WITH_KNOTS('',1,(#459,#460),.UNSPECIFIED.,.F.,.F.,
  (2,2),(0.,0.707233587073),.PIECEWISE_BEZIER_KNOTS.);
#459 = CARTESIAN_POINT('',(7.610736335646,3.688020115943,5.));
#460 = CARTESIAN_POINT('',(6.974290823823,3.379610555188,5.));
#461 = ORIENTED_EDGE('',*,*,#462,.F.);
#462 = EDGE_CURVE('',#463,#456,#465,.T.);
#463 = VERTEX_POINT('',#464);
#464 = CARTESIAN_POINT('',(6.974290823823,3.379610555188,0.));
#465 = LINE('',#466,#467);
#466 = CARTESIAN_POINT('',(6.974290823823,3.379610555188,0.));
#467 = VECTOR('',#468,1.);
#468 = DIRECTION('',(0.,0.,1.));
#469 = ORIENTED_EDGE('',*,*,#470,.F.);
#470 = EDGE_CURVE('',#393,#463,#471,.T.);
#471 = B_SPLINE_CURVE_WITH_KNOTS('',1,(#472,#473),.UNSPECIFIED.,.F.,.F.,
  (2,2),(0.,0.707233587073),.PIECEWISE_BEZIER_KNOTS.);
#472 = CARTESIAN_POINT('',(7.610736335646,3.688020115943,0.));
#473 = CARTESIAN_POINT('',(6.974290823823,3.379610555188,0.));
#474 = SURFACE_OF_LINEAR_EXTRUSION('',#475,#478);
#475 = B_SPLINE_CURVE_WITH_KNOTS('',1,(#476,#477),.UNSPECIFIED.,.F.,.F.,
  (2,2),(0.,0.707233587073),.PIECEWISE_BEZIER_KNOTS.);
#476 = CARTESIAN_POINT('',(7.610736335646,3.688020115943,0.));
#477 = CARTESIAN_POINT('',(6.974290823823,3.379610555188,0.));
#478 = VECTOR('',#479,1.);
#479 = DIRECTION('',(-0.,-0.,-1.));
#480 = ADVANCED_FACE('',(#481),#504,.F.);
#481 = FACE_BOUND('',#482,.F.);
#482 = EDGE_LOOP('',(#483,#484,#491,#499));
#483 = ORIENTED_EDGE('',*,*,#462,.T.);
#484 = ORIENTED_EDGE('',*,*,#485,.T.);
#485 = EDGE_CURVE('',#456,#486,#488,.T.);
#486 = VERTEX_POINT('',#487);
#487 = CARTESIAN_POINT('',(6.413974007602,4.350107749218,5.));
#488 = B_SPLINE_CURVE_WITH_KNOTS('',1,(#489,#490),.UNSPECIFIED.,.F.,.F.,
  (2,2),(0.,1.120633632442),.PIECEWISE_BEZIER_KNOTS.);
#489 = CARTESIAN_POINT('',(6.974290823823,3.379610555188,5.));
#490 = CARTESIAN_POINT('',(6.413974007602,4.350107749218,5.));
#491 = ORIENTED_EDGE('',*,*,#492,.F.);
#492 = EDGE_CURVE('',#493,#486,#495,.T.);
#493 = VERTEX_POINT('',#494);
#494 = CARTESIAN_POINT('',(6.413974007602,4.350107749218,0.));
#495 = LINE('',#496,#497);
#496 = CARTESIAN_POINT('',(6.413974007602,4.350107749218,0.));
#497 = VECTOR('',#498,1.);
#498 = DIRECTION('',(0.,0.,1.));
#499 = ORIENTED_EDGE('',*,*,#500,.F.);
#500 = EDGE_CURVE('',#463,#493,#501,.T.);
#501 = B_SPLINE_CURVE_WITH_KNOTS('',1,(#502,#503),.UNSPECIFIED.,.F.,.F.,
  (2,2),(0.,1.120633632442),.PIECEWISE_BEZIER_KNOTS.);
#502 = CARTESIAN_POINT('',(6.974290823823,3.379610555188,0.));
#503 = CARTESIAN_POINT('',(6.413974007602,4.350107749218,0.));
#504 = SURFACE_OF_LINEAR_EXTRUSION('',#505,#508);
#505 = B_SPLINE_CURVE_WITH_KNOTS('',1,(#506,#507),.UNSPECIFIED.,.F.,.F.,
  (2,2),(0.,1.120633632442),.PIECEWISE_BEZIER_KNOTS.);
#506 = CARTESIAN_POINT('',(6.974290823823,3.379610555188,0.));
#507 = CARTESIAN_POINT('',(6.413974007602,4.350107749218,0.));
#508 = VECTOR('',#509,1.);
#509 = DIRECTION('',(-0.,-0.,-1.));
#510 = ADVANCED_FACE('',(#511),#534,.F.);
#511 = FACE_BOUND('',#512,.F.);
#512 = EDGE_LOOP('',(#513,#514,#521,#529));
#513 = ORIENTED_EDGE('',*,*,#492,.T.);
#514 = ORIENTED_EDGE('',*,*,#515,.T.);
#515 = EDGE_CURVE('',#486,#516,#518,.T.);
#516 = VERTEX_POINT('',#517);
#517 = CARTESIAN_POINT('',(6.999287277898,4.747080950203,5.));
#518 = B_SPLINE_CURVE_WITH_KNOTS('',1,(#519,#520),.UNSPECIFIED.,.F.,.F.,
  (2,2),(0.,0.707233587073),.PIECEWISE_BEZIER_KNOTS.);
#519 = CARTESIAN_POINT('',(6.413974007602,4.350107749218,5.));
#520 = CARTESIAN_POINT('',(6.999287277898,4.747080950203,5.));
#521 = ORIENTED_EDGE('',*,*,#522,.F.);
#522 = EDGE_CURVE('',#523,#516,#525,.T.);
#523 = VERTEX_POINT('',#524);
#524 = CARTESIAN_POINT('',(6.999287277898,4.747080950203,0.));
#525 = LINE('',#526,#527);
#526 = CARTESIAN_POINT('',(6.999287277898,4.747080950203,0.));
#527 = VECTOR('',#528,1.);
#528 = DIRECTION('',(0.,0.,1.));
#529 = ORIENTED_EDGE('',*,*,#530,.F.);
#530 = EDGE_CURVE('',#493,#523,#531,.T.);
#531 = B_SPLINE_CURVE_WITH_KNOTS('',1,(#532,#533),.UNSPECIFIED.,.F.,.F.,
  (2,2),(0.,0.707233587073),.PIECEWISE_BEZIER_KNOTS.);
#532 = CARTESIAN_POINT('',(6.413974007602,4.350107749218,0.));
#533 = CARTESIAN_POINT('',(6.999287277898,4.747080950203,0.));
#534 = SURFACE_OF_LINEAR_EXTRUSION('',#535,#538);
#535 = B_SPLINE_CURVE_WITH_KNOTS('',1,(#536,#537),.UNSPECIFIED.,.F.,.F.,
  (2,2),(0.,0.707233587073),.PIECEWISE_BEZIER_KNOTS.);
#536 = CARTESIAN_POINT('',(6.413974007602,4.350107749218,0.));
#537 = CARTESIAN_POINT('',(6.999287277898,4.747080950203,0.));
#538 = VECTOR('',#539,1.);
#539 = DIRECTION('',(-0.,-0.,-1.));
#540 = ADVANCED_FACE('',(#541),#604,.F.);
#541 = FACE_BOUND('',#542,.F.);
#542 = EDGE_LOOP('',(#543,#544,#571,#579));
#543 = ORIENTED_EDGE('',*,*,#522,.T.);
#544 = ORIENTED_EDGE('',*,*,#545,.T.);
#545 = EDGE_CURVE('',#516,#546,#548,.T.);
#546 = VERTEX_POINT('',#547);
#547 = CARTESIAN_POINT('',(7.875035534411,6.163101113219,5.));
#548 = B_SPLINE_CURVE_WITH_KNOTS('',3,(#549,#550,#551,#552,#553,#554,
    #555,#556,#557,#558,#559,#560,#561,#562,#563,#564,#565,#566,#567,
    #568,#569,#570),.UNSPECIFIED.,.F.,.F.,(4,1,1,1,1,1,1,1,1,1,1,1,1,1,1
    ,1,1,1,1,4),(0.,4.663242026802E-03,1.865277763451E-02,
    4.196864491748E-02,7.461084931782E-02,0.11657939265,0.167874275737,
    0.228495499025,0.298443062779,0.377716967172,0.466317212321,
    0.564243798312,0.671496725205,0.788075993049,0.913981601881,
    1.049213551729,1.193771842617,1.347656474564,1.510867447587,
    1.683404761698),.UNSPECIFIED.);
#549 = CARTESIAN_POINT('',(6.999287277898,4.747080950203,5.));
#550 = CARTESIAN_POINT('',(7.00056216777,4.74797056235,5.));
#551 = CARTESIAN_POINT('',(7.005628925005,4.751574262856,5.));
#552 = CARTESIAN_POINT('',(7.016746832332,4.7600717503,5.));
#553 = CARTESIAN_POINT('',(7.034856734943,4.774761523306,5.));
#554 = CARTESIAN_POINT('',(7.059515958962,4.796159442154,5.));
#555 = CARTESIAN_POINT('',(7.090310440724,4.82468420969,5.));
#556 = CARTESIAN_POINT('',(7.126779097426,4.860769901681,5.));
#557 = CARTESIAN_POINT('',(7.168449483464,4.904813559461,5.));
#558 = CARTESIAN_POINT('',(7.214825323675,4.957194236258,5.));
#559 = CARTESIAN_POINT('',(7.265392500819,5.018264777521,5.));
#560 = CARTESIAN_POINT('',(7.319618443145,5.08835348494,5.));
#561 = CARTESIAN_POINT('',(7.376953808272,5.167762471782,5.));
#562 = CARTESIAN_POINT('',(7.436833448395,5.256767178895,5.));
#563 = CARTESIAN_POINT('',(7.498677643529,5.35561558678,5.));
#564 = CARTESIAN_POINT('',(7.561893302425,5.464527567752,5.));
#565 = CARTESIAN_POINT('',(7.625875148815,5.583694349212,5.));
#566 = CARTESIAN_POINT('',(7.690007196364,5.713277640649,5.));
#567 = CARTESIAN_POINT('',(7.753663130615,5.853410453115,5.));
#568 = CARTESIAN_POINT('',(7.816211295337,6.004191234929,5.));
#569 = CARTESIAN_POINT('',(7.855642460651,6.108957264835,5.));
#570 = CARTESIAN_POINT('',(7.875035534411,6.163101113219,5.));
#571 = ORIENTED_EDGE('',*,*,#572,.F.);
#572 = EDGE_CURVE('',#573,#546,#575,.T.);
#573 = VERTEX_POINT('',#574);
#574 = CARTESIAN_POINT('',(7.875035534411,6.163101113219,0.));
#575 = LINE('',#576,#577);
#576 = CARTESIAN_POINT('',(7.875035534411,6.163101113219,0.));
#577 = VECTOR('',#578,1.);
#578 = DIRECTION('',(0.,0.,1.));
#579 = ORIENTED_EDGE('',*,*,#580,.F.);
#580 = EDGE_CURVE('',#523,#573,#581,.T.);
#581 = B_SPLINE_CURVE_WITH_KNOTS('',3,(#582,#583,#584,#585,#586,#587,
    #588,#589,#590,#591,#592,#593,#594,#595,#596,#597,#598,#599,#600,
    #601,#602,#603),.UNSPECIFIED.,.F.,.F.,(4,1,1,1,1,1,1,1,1,1,1,1,1,1,1
    ,1,1,1,1,4),(0.,4.663242026802E-03,1.865277763451E-02,
    4.196864491748E-02,7.461084931782E-02,0.11657939265,0.167874275737,
    0.228495499025,0.298443062779,0.377716967172,0.466317212321,
    0.564243798312,0.671496725205,0.788075993049,0.913981601881,
    1.049213551729,1.193771842617,1.347656474564,1.510867447587,
    1.683404761698),.UNSPECIFIED.);
#582 = CARTESIAN_POINT('',(6.999287277898,4.747080950203,0.));
#583 = CARTESIAN_POINT('',(7.00056216777,4.74797056235,0.));
#584 = CARTESIAN_POINT('',(7.005628925005,4.751574262856,0.));
#585 = CARTESIAN_POINT('',(7.016746832332,4.7600717503,0.));
#586 = CARTESIAN_POINT('',(7.034856734943,4.774761523306,0.));
#587 = CARTESIAN_POINT('',(7.059515958962,4.796159442154,0.));
#588 = CARTESIAN_POINT('',(7.090310440724,4.82468420969,0.));
#589 = CARTESIAN_POINT('',(7.126779097426,4.860769901681,0.));
#590 = CARTESIAN_POINT('',(7.168449483464,4.904813559461,0.));
#591 = CARTESIAN_POINT('',(7.214825323675,4.957194236258,0.));
#592 = CARTESIAN_POINT('',(7.265392500819,5.018264777521,0.));
#593 = CARTESIAN_POINT('',(7.319618443145,5.08835348494,0.));
#594 = CARTESIAN_POINT('',(7.376953808272,5.167762471782,0.));
#595 = CARTESIAN_POINT('',(7.436833448395,5.256767178895,0.));
#596 = CARTESIAN_POINT('',(7.498677643529,5.35561558678,0.));
#597 = CARTESIAN_POINT('',(7.561893302425,5.464527567752,0.));
#598 = CARTESIAN_POINT('',(7.625875148815,5.583694349212,0.));
#599 = CARTESIAN_POINT('',(7.690007196364,5.713277640649,0.));
#600 = CARTESIAN_POINT('',(7.753663130615,5.853410453115,0.));
#601 = CARTESIAN_POINT('',(7.816211295337,6.004191234929,0.));
#602 = CARTESIAN_POINT('',(7.855642460651,6.108957264835,0.));
#603 = CARTESIAN_POINT('',(7.875035534411,6.163101113219,0.));
#604 = SURFACE_OF_LINEAR_EXTRUSION('',#605,#628);
#605 = B_SPLINE_CURVE_WITH_KNOTS('',3,(#606,#607,#608,#609,#610,#611,
    #612,#613,#614,#615,#616,#617,#618,#619,#620,#621,#622,#623,#624,
    #625,#626,#627),.UNSPECIFIED.,.F.,.F.,(4,1,1,1,1,1,1,1,1,1,1,1,1,1,1
    ,1,1,1,1,4),(0.,4.663242026802E-03,1.865277763451E-02,
    4.196864491748E-02,7.461084931782E-02,0.11657939265,0.167874275737,
    0.228495499025,0.298443062779,0.377716967172,0.466317212321,
    0.564243798312,0.671496725205,0.788075993049,0.913981601881,
    1.049213551729,1.193771842617,1.347656474564,1.510867447587,
    1.683404761698),.UNSPECIFIED.);
#606 = CARTESIAN_POINT('',(6.999287277898,4.747080950203,0.));
#607 = CARTESIAN_POINT('',(7.00056216777,4.74797056235,0.));
#608 = CARTESIAN_POINT('',(7.005628925005,4.751574262856,0.));
#609 = CARTESIAN_POINT('',(7.016746832332,4.7600717503,0.));
#610 = CARTESIAN_POINT('',(7.034856734943,4.774761523306,0.));
#611 = CARTESIAN_POINT('',(7.059515958962,4.796159442154,0.));
#612 = CARTESIAN_POINT('',(7.090310440724,4.82468420969,0.));
#613 = CARTESIAN_POINT('',(7.126779097426,4.860769901681,0.));
#614 = CARTESIAN_POINT('',(7.168449483464,4.904813559461,0.));
#615 = CARTESIAN_POINT('',(7.214825323675,4.957194236258,0.));
#616 = CARTESIAN_POINT('',(7.265392500819,5.018264777521,0.));
#617 = CARTESIAN_POINT('',(7.319618443145,5.08835348494,0.));
#618 = CARTESIAN_POINT('',(7.376953808272,5.167762471782,0.));
#619 = CARTESIAN_POINT('',(7.436833448395,5.256767178895,0.));
#620 = CARTESIAN_POINT('',(7.498677643529,5.35561558678,0.));
#621 = CARTESIAN_POINT('',(7.561893302425,5.464527567752,0.));
#622 = CARTESIAN_POINT('',(7.625875148815,5.583694349212,0.));
#623 = CARTESIAN_POINT('',(7.690007196364,5.713277640649,0.));
#624 = CARTESIAN_POINT('',(7.753663130615,5.853410453115,0.));
#625 = CARTESIAN_POINT('',(7.816211295337,6.004191234929,0.));
#626 = CARTESIAN_POINT('',(7.855642460651,6.108957264835,0.));
#627 = CARTESIAN_POINT('',(7.875035534411,6.163101113219,0.));
#628 = VECTOR('',#629,1.);
#629 = DIRECTION('',(-0.,-0.,-1.));
#630 = ADVANCED_FACE('',(#631),#654,.F.);
#631 = FACE_BOUND('',#632,.F.);
#632 = EDGE_LOOP('',(#633,#634,#641,#649));
#633 = ORIENTED_EDGE('',*,*,#572,.T.);
#634 = ORIENTED_EDGE('',*,*,#635,.T.);
#635 = EDGE_CURVE('',#546,#636,#638,.T.);
#636 = VERTEX_POINT('',#637);
#637 = CARTESIAN_POINT('',(7.436955328509,6.685184772447,5.));
#638 = B_SPLINE_CURVE_WITH_KNOTS('',1,(#639,#640),.UNSPECIFIED.,.F.,.F.,
  (2,2),(0.,0.681531814398),.PIECEWISE_BEZIER_KNOTS.);
#639 = CARTESIAN_POINT('',(7.875035534411,6.163101113219,5.));
#640 = CARTESIAN_POINT('',(7.436955328509,6.685184772447,5.));
#641 = ORIENTED_EDGE('',*,*,#642,.F.);
#642 = EDGE_CURVE('',#643,#636,#645,.T.);
#643 = VERTEX_POINT('',#644);
#644 = CARTESIAN_POINT('',(7.436955328509,6.685184772447,0.));
#645 = LINE('',#646,#647);
#646 = CARTESIAN_POINT('',(7.436955328509,6.685184772447,0.));
#647 = VECTOR('',#648,1.);
#648 = DIRECTION('',(0.,0.,1.));
#649 = ORIENTED_EDGE('',*,*,#650,.F.);
#650 = EDGE_CURVE('',#573,#643,#651,.T.);
#651 = B_SPLINE_CURVE_WITH_KNOTS('',1,(#652,#653),.UNSPECIFIED.,.F.,.F.,
  (2,2),(0.,0.681531814398),.PIECEWISE_BEZIER_KNOTS.);
#652 = CARTESIAN_POINT('',(7.875035534411,6.163101113219,0.));
#653 = CARTESIAN_POINT('',(7.436955328509,6.685184772447,0.));
#654 = SURFACE_OF_LINEAR_EXTRUSION('',#655,#658);
#655 = B_SPLINE_CURVE_WITH_KNOTS('',1,(#656,#657),.UNSPECIFIED.,.F.,.F.,
  (2,2),(0.,0.681531814398),.PIECEWISE_BEZIER_KNOTS.);
#656 = CARTESIAN_POINT('',(7.875035534411,6.163101113219,0.));
#657 = CARTESIAN_POINT('',(7.436955328509,6.685184772447,0.));
#658 = VECTOR('',#659,1.);
#659 = DIRECTION('',(-0.,-0.,-1.));
#660 = ADVANCED_FACE('',(#661),#724,.F.);
#661 = FACE_BOUND('',#662,.F.);
#662 = EDGE_LOOP('',(#663,#664,#691,#699));
#663 = ORIENTED_EDGE('',*,*,#642,.T.);
#664 = ORIENTED_EDGE('',*,*,#665,.T.);
#665 = EDGE_CURVE('',#636,#666,#668,.T.);
#666 = VERTEX_POINT('',#667);
#667 = CARTESIAN_POINT('',(5.890375604711,6.068630420593,5.));
#668 = B_SPLINE_CURVE_WITH_KNOTS('',3,(#669,#670,#671,#672,#673,#674,
    #675,#676,#677,#678,#679,#680,#681,#682,#683,#684,#685,#686,#687,
    #688,#689,#690),.UNSPECIFIED.,.F.,.F.,(4,1,1,1,1,1,1,1,1,1,1,1,1,1,1
    ,1,1,1,1,4),(0.,0.172537314111,0.335748287134,0.489632919081,
    0.634191209969,0.769423159817,0.895328768649,1.011908036493,
    1.119160963386,1.217087549377,1.305687794526,1.384961698919,
    1.454909262673,1.515530485961,1.566825369048,1.60879391238,
    1.641436116781,1.664751984064,1.678741519671,1.683404761698),
  .UNSPECIFIED.);
#669 = CARTESIAN_POINT('',(7.436955328509,6.685184772447,5.));
#670 = CARTESIAN_POINT('',(7.380266474925,6.675488303657,5.));
#671 = CARTESIAN_POINT('',(7.270244926421,6.65484861652,5.));
#672 = CARTESIAN_POINT('',(7.110893468665,6.619433506955,5.));
#673 = CARTESIAN_POINT('',(6.961835851516,6.581078456895,5.));
#674 = CARTESIAN_POINT('',(6.823084808262,6.540422621666,5.));
#675 = CARTESIAN_POINT('',(6.694618106949,6.498105897728,5.));
#676 = CARTESIAN_POINT('',(6.576383459725,6.454762993757,5.));
#677 = CARTESIAN_POINT('',(6.468297649482,6.411023196805,5.));
#678 = CARTESIAN_POINT('',(6.370247133476,6.367508768158,5.));
#679 = CARTESIAN_POINT('',(6.282088365905,6.324833681915,5.));
#680 = CARTESIAN_POINT('',(6.203648227373,6.283602329817,5.));
#681 = CARTESIAN_POINT('',(6.134724586696,6.244408169917,5.));
#682 = CARTESIAN_POINT('',(6.075086609938,6.207832691995,5.));
#683 = CARTESIAN_POINT('',(6.024476087686,6.174443473666,5.));
#684 = CARTESIAN_POINT('',(5.982605902663,6.144795072457,5.));
#685 = CARTESIAN_POINT('',(5.9491670848,6.119421701969,5.));
#686 = CARTESIAN_POINT('',(5.923812219106,6.098852816586,5.));
#687 = CARTESIAN_POINT('',(5.906200865175,6.083568896401,5.));
#688 = CARTESIAN_POINT('',(5.895901869312,6.074095468278,5.));
#689 = CARTESIAN_POINT('',(5.891473083953,6.069731462495,5.));
#690 = CARTESIAN_POINT('',(5.890375604711,6.068630420593,5.));
#691 = ORIENTED_EDGE('',*,*,#692,.F.);
#692 = EDGE_CURVE('',#693,#666,#695,.T.);
#693 = VERTEX_POINT('',#694);
#694 = CARTESIAN_POINT('',(5.890375604711,6.068630420593,0.));
#695 = LINE('',#696,#697);
#696 = CARTESIAN_POINT('',(5.890375604711,6.068630420593,0.));
#697 = VECTOR('',#698,1.);
#698 = DIRECTION('',(0.,0.,1.));
#699 = ORIENTED_EDGE('',*,*,#700,.F.);
#700 = EDGE_CURVE('',#643,#693,#701,.T.);
#701 = B_SPLINE_CURVE_WITH_KNOTS('',3,(#702,#703,#704,#705,#706,#707,
    #708,#709,#710,#711,#712,#713,#714,#715,#716,#717,#718,#719,#720,
    #721,#722,#723),.UNSPECIFIED.,.F.,.F.,(4,1,1,1,1,1,1,1,1,1,1,1,1,1,1
    ,1,1,1,1,4),(0.,0.172537314111,0.335748287134,0.489632919081,
    0.634191209969,0.769423159817,0.895328768649,1.011908036493,
    1.119160963386,1.217087549377,1.305687794526,1.384961698919,
    1.454909262673,1.515530485961,1.566825369048,1.60879391238,
    1.641436116781,1.664751984064,1.678741519671,1.683404761698),
  .UNSPECIFIED.);
#702 = CARTESIAN_POINT('',(7.436955328509,6.685184772447,0.));
#703 = CARTESIAN_POINT('',(7.380266474925,6.675488303657,0.));
#704 = CARTESIAN_POINT('',(7.270244926421,6.65484861652,0.));
#705 = CARTESIAN_POINT('',(7.110893468665,6.619433506955,0.));
#706 = CARTESIAN_POINT('',(6.961835851516,6.581078456895,0.));
#707 = CARTESIAN_POINT('',(6.823084808262,6.540422621666,0.));
#708 = CARTESIAN_POINT('',(6.694618106949,6.498105897728,0.));
#709 = CARTESIAN_POINT('',(6.576383459725,6.454762993757,0.));
#710 = CARTESIAN_POINT('',(6.468297649482,6.411023196805,0.));
#711 = CARTESIAN_POINT('',(6.370247133476,6.367508768158,0.));
#712 = CARTESIAN_POINT('',(6.282088365905,6.324833681915,0.));
#713 = CARTESIAN_POINT('',(6.203648227373,6.283602329817,0.));
#714 = CARTESIAN_POINT('',(6.134724586696,6.244408169917,0.));
#715 = CARTESIAN_POINT('',(6.075086609938,6.207832691995,0.));
#716 = CARTESIAN_POINT('',(6.024476087686,6.174443473666,0.));
#717 = CARTESIAN_POINT('',(5.982605902663,6.144795072457,0.));
#718 = CARTESIAN_POINT('',(5.9491670848,6.119421701969,0.));
#719 = CARTESIAN_POINT('',(5.923812219106,6.098852816586,0.));
#720 = CARTESIAN_POINT('',(5.906200865175,6.083568896401,0.));
#721 = CARTESIAN_POINT('',(5.895901869312,6.074095468278,0.));
#722 = CARTESIAN_POINT('',(5.891473083953,6.069731462495,0.));
#723 = CARTESIAN_POINT('',(5.890375604711,6.068630420593,0.));
#724 = SURFACE_OF_LINEAR_EXTRUSION('',#725,#748);
#725 = B_SPLINE_CURVE_WITH_KNOTS('',3,(#726,#727,#728,#729,#730,#731,
    #732,#733,#734,#735,#736,#737,#738,#739,#740,#741,#742,#743,#744,
    #745,#746,#747),.UNSPECIFIED.,.F.,.F.,(4,1,1,1,1,1,1,1,1,1,1,1,1,1,1
    ,1,1,1,1,4),(0.,0.172537314111,0.335748287134,0.489632919081,
    0.634191209969,0.769423159817,0.895328768649,1.011908036493,
    1.119160963386,1.217087549377,1.305687794526,1.384961698919,
    1.454909262673,1.515530485961,1.566825369048,1.60879391238,
    1.641436116781,1.664751984064,1.678741519671,1.683404761698),
  .UNSPECIFIED.);
#726 = CARTESIAN_POINT('',(7.436955328509,6.685184772447,0.));
#727 = CARTESIAN_POINT('',(7.380266474925,6.675488303657,0.));
#728 = CARTESIAN_POINT('',(7.270244926421,6.65484861652,0.));
#729 = CARTESIAN_POINT('',(7.110893468665,6.619433506955,0.));
#730 = CARTESIAN_POINT('',(6.961835851516,6.581078456895,0.));
#731 = CARTESIAN_POINT('',(6.823084808262,6.540422621666,0.));
#732 = CARTESIAN_POINT('',(6.694618106949,6.498105897728,0.));
#733 = CARTESIAN_POINT('',(6.576383459725,6.454762993757,0.));
#734 = CARTESIAN_POINT('',(6.468297649482,6.411023196805,0.));
#735 = CARTESIAN_POINT('',(6.370247133476,6.367508768158,0.));
#736 = CARTESIAN_POINT('',(6.282088365905,6.324833681915,0.));
#737 = CARTESIAN_POINT('',(6.203648227373,6.283602329817,0.));
#738 = CARTESIAN_POINT('',(6.134724586696,6.244408169917,0.));
#739 = CARTESIAN_POINT('',(6.075086609938,6.207832691995,0.));
#740 = CARTESIAN_POINT('',(6.024476087686,6.174443473666,0.));
#741 = CARTESIAN_POINT('',(5.982605902663,6.144795072457,0.));
#742 = CARTESIAN_POINT('',(5.9491670848,6.119421701969,0.));
#743 = CARTESIAN_POINT('',(5.923812219106,6.098852816586,0.));
#744 = CARTESIAN_POINT('',(5.906200865175,6.083568896401,0.));
#745 = CARTESIAN_POINT('',(5.895901869312,6.074095468278,0.));
#746 = CARTESIAN_POINT('',(5.891473083953,6.069731462495,0.));
#747 = CARTESIAN_POINT('',(5.890375604711,6.068630420593,0.));
#748 = VECTOR('',#749,1.);
#749 = DIRECTION('',(-0.,-0.,-1.));
#750 = ADVANCED_FACE('',(#751),#774,.F.);
#751 = FACE_BOUND('',#752,.F.);
#752 = EDGE_LOOP('',(#753,#754,#761,#769));
#753 = ORIENTED_EDGE('',*,*,#692,.T.);
#754 = ORIENTED_EDGE('',*,*,#755,.T.);
#755 = EDGE_CURVE('',#666,#756,#758,.T.);
#756 = VERTEX_POINT('',#757);
#757 = CARTESIAN_POINT('',(5.397794735891,5.561143046999,5.));
#758 = B_SPLINE_CURVE_WITH_KNOTS('',1,(#759,#760),.UNSPECIFIED.,.F.,.F.,
  (2,2),(0.,0.707233587073),.PIECEWISE_BEZIER_KNOTS.);
#759 = CARTESIAN_POINT('',(5.890375604711,6.068630420593,5.));
#760 = CARTESIAN_POINT('',(5.397794735891,5.561143046999,5.));
#761 = ORIENTED_EDGE('',*,*,#762,.F.);
#762 = EDGE_CURVE('',#763,#756,#765,.T.);
#763 = VERTEX_POINT('',#764);
#764 = CARTESIAN_POINT('',(5.397794735891,5.561143046999,0.));
#765 = LINE('',#766,#767);
#766 = CARTESIAN_POINT('',(5.397794735891,5.561143046999,0.));
#767 = VECTOR('',#768,1.);
#768 = DIRECTION('',(0.,0.,1.));
#769 = ORIENTED_EDGE('',*,*,#770,.F.);
#770 = EDGE_CURVE('',#693,#763,#771,.T.);
#771 = B_SPLINE_CURVE_WITH_KNOTS('',1,(#772,#773),.UNSPECIFIED.,.F.,.F.,
  (2,2),(0.,0.707233587073),.PIECEWISE_BEZIER_KNOTS.);
#772 = CARTESIAN_POINT('',(5.890375604711,6.068630420593,0.));
#773 = CARTESIAN_POINT('',(5.397794735891,5.561143046999,0.));
#774 = SURFACE_OF_LINEAR_EXTRUSION('',#775,#778);
#775 = B_SPLINE_CURVE_WITH_KNOTS('',1,(#776,#777),.UNSPECIFIED.,.F.,.F.,
  (2,2),(0.,0.707233587073),.PIECEWISE_BEZIER_KNOTS.);
#776 = CARTESIAN_POINT('',(5.890375604711,6.068630420593,0.));
#777 = CARTESIAN_POINT('',(5.397794735891,5.561143046999,0.));
#778 = VECTOR('',#779,1.);
#779 = DIRECTION('',(-0.,-0.,-1.));
#780 = ADVANCED_FACE('',(#781),#804,.F.);
#781 = FACE_BOUND('',#782,.F.);
#782 = EDGE_LOOP('',(#783,#784,#791,#799));
#783 = ORIENTED_EDGE('',*,*,#762,.T.);
#784 = ORIENTED_EDGE('',*,*,#785,.T.);
#785 = EDGE_CURVE('',#756,#786,#788,.T.);
#786 = VERTEX_POINT('',#787);
#787 = CARTESIAN_POINT('',(4.539339568987,6.281472460931,5.));
#788 = B_SPLINE_CURVE_WITH_KNOTS('',1,(#789,#790),.UNSPECIFIED.,.F.,.F.,
  (2,2),(0.,1.120633632442),.PIECEWISE_BEZIER_KNOTS.);
#789 = CARTESIAN_POINT('',(5.397794735891,5.561143046999,5.));
#790 = CARTESIAN_POINT('',(4.539339568987,6.281472460931,5.));
#791 = ORIENTED_EDGE('',*,*,#792,.F.);
#792 = EDGE_CURVE('',#793,#786,#795,.T.);
#793 = VERTEX_POINT('',#794);
#794 = CARTESIAN_POINT('',(4.539339568987,6.281472460931,0.));
#795 = LINE('',#796,#797);
#796 = CARTESIAN_POINT('',(4.539339568987,6.281472460931,0.));
#797 = VECTOR('',#798,1.);
#798 = DIRECTION('',(0.,0.,1.));
#799 = ORIENTED_EDGE('',*,*,#800,.F.);
#800 = EDGE_CURVE('',#763,#793,#801,.T.);
#801 = B_SPLINE_CURVE_WITH_KNOTS('',1,(#802,#803),.UNSPECIFIED.,.F.,.F.,
  (2,2),(0.,1.120633632442),.PIECEWISE_BEZIER_KNOTS.);
#802 = CARTESIAN_POINT('',(5.397794735891,5.561143046999,0.));
#803 = CARTESIAN_POINT('',(4.539339568987,6.281472460931,0.));
#804 = SURFACE_OF_LINEAR_EXTRUSION('',#805,#808);
#805 = B_SPLINE_CURVE_WITH_KNOTS('',1,(#806,#807),.UNSPECIFIED.,.F.,.F.,
  (2,2),(0.,1.120633632442),.PIECEWISE_BEZIER_KNOTS.);
#806 = CARTESIAN_POINT('',(5.397794735891,5.561143046999,0.));
#807 = CARTESIAN_POINT('',(4.539339568987,6.281472460931,0.));
#808 = VECTOR('',#809,1.);
#809 = DIRECTION('',(-0.,-0.,-1.));
#810 = ADVANCED_FACE('',(#811),#834,.F.);
#811 = FACE_BOUND('',#812,.F.);
#812 = EDGE_LOOP('',(#813,#814,#821,#829));
#813 = ORIENTED_EDGE('',*,*,#792,.T.);
#814 = ORIENTED_EDGE('',*,*,#815,.T.);
#815 = EDGE_CURVE('',#786,#816,#818,.T.);
#816 = VERTEX_POINT('',#817);
#817 = CARTESIAN_POINT('',(4.953581298834,6.854694177143,5.));
#818 = B_SPLINE_CURVE_WITH_KNOTS('',1,(#819,#820),.UNSPECIFIED.,.F.,.F.,
  (2,2),(0.,0.707233587073),.PIECEWISE_BEZIER_KNOTS.);
#819 = CARTESIAN_POINT('',(4.539339568987,6.281472460931,5.));
#820 = CARTESIAN_POINT('',(4.953581298834,6.854694177143,5.));
#821 = ORIENTED_EDGE('',*,*,#822,.F.);
#822 = EDGE_CURVE('',#823,#816,#825,.T.);
#823 = VERTEX_POINT('',#824);
#824 = CARTESIAN_POINT('',(4.953581298834,6.854694177143,0.));
#825 = LINE('',#826,#827);
#826 = CARTESIAN_POINT('',(4.953581298834,6.854694177143,0.));
#827 = VECTOR('',#828,1.);
#828 = DIRECTION('',(0.,0.,1.));
#829 = ORIENTED_EDGE('',*,*,#830,.F.);
#830 = EDGE_CURVE('',#793,#823,#831,.T.);
#831 = B_SPLINE_CURVE_WITH_KNOTS('',1,(#832,#833),.UNSPECIFIED.,.F.,.F.,
  (2,2),(0.,0.707233587073),.PIECEWISE_BEZIER_KNOTS.);
#832 = CARTESIAN_POINT('',(4.539339568987,6.281472460931,0.));
#833 = CARTESIAN_POINT('',(4.953581298834,6.854694177143,0.));
#834 = SURFACE_OF_LINEAR_EXTRUSION('',#835,#838);
#835 = B_SPLINE_CURVE_WITH_KNOTS('',1,(#836,#837),.UNSPECIFIED.,.F.,.F.,
  (2,2),(0.,0.707233587073),.PIECEWISE_BEZIER_KNOTS.);
#836 = CARTESIAN_POINT('',(4.539339568987,6.281472460931,0.));
#837 = CARTESIAN_POINT('',(4.953581298834,6.854694177143,0.));
#838 = VECTOR('',#839,1.);
#839 = DIRECTION('',(-0.,-0.,-1.));
#840 = ADVANCED_FACE('',(#841),#904,.F.);
#841 = FACE_BOUND('',#842,.F.);
#842 = EDGE_LOOP('',(#843,#844,#871,#879));
#843 = ORIENTED_EDGE('',*,*,#822,.T.);
#844 = ORIENTED_EDGE('',*,*,#845,.T.);
#845 = EDGE_CURVE('',#816,#846,#848,.T.);
#846 = VERTEX_POINT('',#847);
#847 = CARTESIAN_POINT('',(5.292208054039,8.484841419423,5.));
#848 = B_SPLINE_CURVE_WITH_KNOTS('',3,(#849,#850,#851,#852,#853,#854,
    #855,#856,#857,#858,#859,#860,#861,#862,#863,#864,#865,#866,#867,
    #868,#869,#870),.UNSPECIFIED.,.F.,.F.,(4,1,1,1,1,1,1,1,1,1,1,1,1,1,1
    ,1,1,1,1,4),(0.,4.663242026802E-03,1.865277763451E-02,
    4.196864491748E-02,7.461084931782E-02,0.11657939265,0.167874275737,
    0.228495499025,0.298443062779,0.377716967172,0.466317212321,
    0.564243798312,0.671496725205,0.788075993049,0.913981601881,
    1.049213551729,1.193771842617,1.347656474564,1.510867447587,
    1.683404761698),.UNSPECIFIED.);
#849 = CARTESIAN_POINT('',(4.953581298834,6.854694177143,5.));
#850 = CARTESIAN_POINT('',(4.954475038165,6.855966177129,5.));
#851 = CARTESIAN_POINT('',(4.958003694387,6.861085480939,5.));
#852 = CARTESIAN_POINT('',(4.965544797988,6.872873055443,5.));
#853 = CARTESIAN_POINT('',(4.977538341565,6.892870878223,5.));
#854 = CARTESIAN_POINT('',(4.993391913139,6.921412295998,5.));
#855 = CARTESIAN_POINT('',(5.01257321533,6.958749142628,5.));
#856 = CARTESIAN_POINT('',(5.034500509377,7.0051316163,5.));
#857 = CARTESIAN_POINT('',(5.058594045495,7.060771227914,5.));
#858 = CARTESIAN_POINT('',(5.084257833739,7.125854434887,5.));
#859 = CARTESIAN_POINT('',(5.110888081679,7.200536965034,5.));
#860 = CARTESIAN_POINT('',(5.137872049781,7.284945170762,5.));
#861 = CARTESIAN_POINT('',(5.164590196239,7.37917505952,5.));
#862 = CARTESIAN_POINT('',(5.190417249515,7.483292169106,5.));
#863 = CARTESIAN_POINT('',(5.214723636688,7.597331249056,5.));
#864 = CARTESIAN_POINT('',(5.23687683353,7.721296062607,5.));
#865 = CARTESIAN_POINT('',(5.256242662771,7.85515928806,5.));
#866 = CARTESIAN_POINT('',(5.272186978699,7.998862202894,5.));
#867 = CARTESIAN_POINT('',(5.284075745781,8.152315584455,5.));
#868 = CARTESIAN_POINT('',(5.291281730006,8.315395904745,5.));
#869 = CARTESIAN_POINT('',(5.292502812517,8.427330022769,5.));
#870 = CARTESIAN_POINT('',(5.292208054039,8.484841419423,5.));
#871 = ORIENTED_EDGE('',*,*,#872,.F.);
#872 = EDGE_CURVE('',#873,#846,#875,.T.);
#873 = VERTEX_POINT('',#874);
#874 = CARTESIAN_POINT('',(5.292208054039,8.484841419423,0.));
#875 = LINE('',#876,#877);
#876 = CARTESIAN_POINT('',(5.292208054039,8.484841419423,0.));
#877 = VECTOR('',#878,1.);
#878 = DIRECTION('',(0.,0.,1.));
#879 = ORIENTED_EDGE('',*,*,#880,.F.);
#880 = EDGE_CURVE('',#823,#873,#881,.T.);
#881 = B_SPLINE_CURVE_WITH_KNOTS('',3,(#882,#883,#884,#885,#886,#887,
    #888,#889,#890,#891,#892,#893,#894,#895,#896,#897,#898,#899,#900,
    #901,#902,#903),.UNSPECIFIED.,.F.,.F.,(4,1,1,1,1,1,1,1,1,1,1,1,1,1,1
    ,1,1,1,1,4),(0.,4.663242026802E-03,1.865277763451E-02,
    4.196864491748E-02,7.461084931782E-02,0.11657939265,0.167874275737,
    0.228495499025,0.298443062779,0.377716967172,0.466317212321,
    0.564243798312,0.671496725205,0.788075993049,0.913981601881,
    1.049213551729,1.193771842617,1.347656474564,1.510867447587,
    1.683404761698),.UNSPECIFIED.);
#882 = CARTESIAN_POINT('',(4.953581298834,6.854694177143,0.));
#883 = CARTESIAN_POINT('',(4.954475038165,6.855966177129,0.));
#884 = CARTESIAN_POINT('',(4.958003694387,6.861085480939,0.));
#885 = CARTESIAN_POINT('',(4.965544797988,6.872873055443,0.));
#886 = CARTESIAN_POINT('',(4.977538341565,6.892870878223,0.));
#887 = CARTESIAN_POINT('',(4.993391913139,6.921412295998,0.));
#888 = CARTESIAN_POINT('',(5.01257321533,6.958749142628,0.));
#889 = CARTESIAN_POINT('',(5.034500509377,7.0051316163,0.));
#890 = CARTESIAN_POINT('',(5.058594045495,7.060771227914,0.));
#891 = CARTESIAN_POINT('',(5.084257833739,7.125854434887,0.));
#892 = CARTESIAN_POINT('',(5.110888081679,7.200536965034,0.));
#893 = CARTESIAN_POINT('',(5.137872049781,7.284945170762,0.));
#894 = CARTESIAN_POINT('',(5.164590196239,7.37917505952,0.));
#895 = CARTESIAN_POINT('',(5.190417249515,7.483292169106,0.));
#896 = CARTESIAN_POINT('',(5.214723636688,7.597331249056,0.));
#897 = CARTESIAN_POINT('',(5.23687683353,7.721296062607,0.));
#898 = CARTESIAN_POINT('',(5.256242662771,7.85515928806,0.));
#899 = CARTESIAN_POINT('',(5.272186978699,7.998862202894,0.));
#900 = CARTESIAN_POINT('',(5.284075745781,8.152315584455,0.));
#901 = CARTESIAN_POINT('',(5.291281730006,8.315395904745,0.));
#902 = CARTESIAN_POINT('',(5.292502812517,8.427330022769,0.));
#903 = CARTESIAN_POINT('',(5.292208054039,8.484841419423,0.));
#904 = SURFACE_OF_LINEAR_EXTRUSION('',#905,#928);
#905 = B_SPLINE_CURVE_WITH_KNOTS('',3,(#906,#907,#908,#909,#910,#911,
    #912,#913,#914,#915,#916,#917,#918,#919,#920,#921,#922,#923,#924,
    #925,#926,#927),.UNSPECIFIED.,.F.,.F.,(4,1,1,1,1,1,1,1,1,1,1,1,1,1,1
    ,1,1,1,1,4),(0.,4.663242026802E-03,1.865277763451E-02,
    4.196864491748E-02,7.461084931782E-02,0.11657939265,0.167874275737,
    0.228495499025,0.298443062779,0.377716967172,0.466317212321,
    0.564243798312,0.671496725205,0.788075993049,0.913981601881,
    1.049213551729,1.193771842617,1.347656474564,1.510867447587,
    1.683404761698),.UNSPECIFIED.);
#906 = CARTESIAN_POINT('',(4.953581298834,6.854694177143,0.));
#907 = CARTESIAN_POINT('',(4.954475038165,6.855966177129,0.));
#908 = CARTESIAN_POINT('',(4.958003694387,6.861085480939,0.));
#909 = CARTESIAN_POINT('',(4.965544797988,6.872873055443,0.));
#910 = CARTESIAN_POINT('',(4.977538341565,6.892870878223,0.));
#911 = CARTESIAN_POINT('',(4.993391913139,6.921412295998,0.));
#912 = CARTESIAN_POINT('',(5.01257321533,6.958749142628,0.));
#913 = CARTESIAN_POINT('',(5.034500509377,7.0051316163,0.));
#914 = CARTESIAN_POINT('',(5.058594045495,7.060771227914,0.));
#915 = CARTESIAN_POINT('',(5.084257833739,7.125854434887,0.));
#916 = CARTESIAN_POINT('',(5.110888081679,7.200536965034,0.));
#917 = CARTESIAN_POINT('',(5.137872049781,7.284945170762,0.));
#918 = CARTESIAN_POINT('',(5.164590196239,7.37917505952,0.));
#919 = CARTESIAN_POINT('',(5.190417249515,7.483292169106,0.));
#920 = CARTESIAN_POINT('',(5.214723636688,7.597331249056,0.));
#921 = CARTESIAN_POINT('',(5.23687683353,7.721296062607,0.));
#922 = CARTESIAN_POINT('',(5.256242662771,7.85515928806,0.));
#923 = CARTESIAN_POINT('',(5.272186978699,7.998862202894,0.));
#924 = CARTESIAN_POINT('',(5.284075745781,8.152315584455,0.));
#925 = CARTESIAN_POINT('',(5.291281730006,8.315395904745,0.));
#926 = CARTESIAN_POINT('',(5.292502812517,8.427330022769,0.));
#927 = CARTESIAN_POINT('',(5.292208054039,8.484841419423,0.));
#928 = VECTOR('',#929,1.);
#929 = DIRECTION('',(-0.,-0.,-1.));
#930 = ADVANCED_FACE('',(#931),#954,.F.);
#931 = FACE_BOUND('',#932,.F.);
#932 = EDGE_LOOP('',(#933,#934,#941,#949));
#933 = ORIENTED_EDGE('',*,*,#872,.T.);
#934 = ORIENTED_EDGE('',*,*,#935,.T.);
#935 = EDGE_CURVE('',#846,#936,#938,.T.);
#936 = VERTEX_POINT('',#937);
#937 = CARTESIAN_POINT('',(4.701984189283,8.825607326622,5.));
#938 = B_SPLINE_CURVE_WITH_KNOTS('',1,(#939,#940),.UNSPECIFIED.,.F.,.F.,
  (2,2),(0.,0.681531814398),.PIECEWISE_BEZIER_KNOTS.);
#939 = CARTESIAN_POINT('',(5.292208054039,8.484841419423,5.));
#940 = CARTESIAN_POINT('',(4.701984189283,8.825607326622,5.));
#941 = ORIENTED_EDGE('',*,*,#942,.F.);
#942 = EDGE_CURVE('',#943,#936,#945,.T.);
#943 = VERTEX_POINT('',#944);
#944 = CARTESIAN_POINT('',(4.701984189283,8.825607326622,0.));
#945 = LINE('',#946,#947);
#946 = CARTESIAN_POINT('',(4.701984189283,8.825607326622,0.));
#947 = VECTOR('',#948,1.);
#948 = DIRECTION('',(0.,0.,1.));
#949 = ORIENTED_EDGE('',*,*,#950,.F.);
#950 = EDGE_CURVE('',#873,#943,#951,.T.);
#951 = B_SPLINE_CURVE_WITH_KNOTS('',1,(#952,#953),.UNSPECIFIED.,.F.,.F.,
  (2,2),(0.,0.681531814398),.PIECEWISE_BEZIER_KNOTS.);
#952 = CARTESIAN_POINT('',(5.292208054039,8.484841419423,0.));
#953 = CARTESIAN_POINT('',(4.701984189283,8.825607326622,0.));
#954 = SURFACE_OF_LINEAR_EXTRUSION('',#955,#958);
#955 = B_SPLINE_CURVE_WITH_KNOTS('',1,(#956,#957),.UNSPECIFIED.,.F.,.F.,
  (2,2),(0.,0.681531814398),.PIECEWISE_BEZIER_KNOTS.);
#956 = CARTESIAN_POINT('',(5.292208054039,8.484841419423,0.));
#957 = CARTESIAN_POINT('',(4.701984189283,8.825607326622,0.));
#958 = VECTOR('',#959,1.);
#959 = DIRECTION('',(-0.,-0.,-1.));
#960 = ADVANCED_FACE('',(#961),#1024,.F.);
#961 = FACE_BOUND('',#962,.F.);
#962 = EDGE_LOOP('',(#963,#964,#991,#999));
#963 = ORIENTED_EDGE('',*,*,#942,.T.);
#964 = ORIENTED_EDGE('',*,*,#965,.T.);
#965 = EDGE_CURVE('',#936,#966,#968,.T.);
#966 = VERTEX_POINT('',#967);
#967 = CARTESIAN_POINT('',(3.459548643162,7.717274333073,5.));
#968 = B_SPLINE_CURVE_WITH_KNOTS('',3,(#969,#970,#971,#972,#973,#974,
    #975,#976,#977,#978,#979,#980,#981,#982,#983,#984,#985,#986,#987,
    #988,#989,#990),.UNSPECIFIED.,.F.,.F.,(4,1,1,1,1,1,1,1,1,1,1,1,1,1,1
    ,1,1,1,1,4),(0.,0.172537314111,0.335748287134,0.489632919081,
    0.634191209969,0.769423159817,0.895328768649,1.011908036493,
    1.119160963386,1.217087549377,1.305687794526,1.384961698919,
    1.454909262673,1.515530485961,1.566825369048,1.60879391238,
    1.641436116781,1.664751984064,1.678741519671,1.683404761698),
  .UNSPECIFIED.);
#969 = CARTESIAN_POINT('',(4.701984189283,8.825607326622,5.));
#970 = CARTESIAN_POINT('',(4.652030479535,8.797106896625,5.));
#971 = CARTESIAN_POINT('',(4.555703231031,8.740082349138,5.));
#972 = CARTESIAN_POINT('',(4.418074522916,8.652301623595,5.));
#973 = CARTESIAN_POINT('',(4.291124379728,8.565278958502,5.));
#974 = CARTESIAN_POINT('',(4.174646162848,8.479619318446,5.));
#975 = CARTESIAN_POINT('',(4.068400123594,8.39591640563,5.));
#976 = CARTESIAN_POINT('',(3.972120044304,8.314748767615,5.));
#977 = CARTESIAN_POINT('',(3.88551249763,8.236679278874,5.));
#978 = CARTESIAN_POINT('',(3.808257962397,8.162253839839,5.));
#979 = CARTESIAN_POINT('',(3.740011558167,8.092000301885,5.));
#980 = CARTESIAN_POINT('',(3.680403891769,8.02642739715,5.));
#981 = CARTESIAN_POINT('',(3.629042047413,7.966023660852,5.));
#982 = CARTESIAN_POINT('',(3.585510230936,7.911256564788,5.));
#983 = CARTESIAN_POINT('',(3.549371681881,7.862571144636,5.));
#984 = CARTESIAN_POINT('',(3.520166928414,7.820390314119,5.));
#985 = CARTESIAN_POINT('',(3.497422921831,7.785110395829,5.));
#986 = CARTESIAN_POINT('',(3.480632114765,7.757110091218,5.));
#987 = CARTESIAN_POINT('',(3.469310264005,7.736724466408,5.));
#988 = CARTESIAN_POINT('',(3.462872476836,7.724299891866,5.));
#989 = CARTESIAN_POINT('',(3.460203357798,7.718684334032,5.));
#990 = CARTESIAN_POINT('',(3.459548643162,7.717274333073,5.));
#991 = ORIENTED_EDGE('',*,*,#992,.F.);
#992 = EDGE_CURVE('',#993,#966,#995,.T.);
#993 = VERTEX_POINT('',#994);
#994 = CARTESIAN_POINT('',(3.459548643162,7.717274333073,0.));
#995 = LINE('',#996,#997);
#996 = CARTESIAN_POINT('',(3.459548643162,7.717274333073,0.));
#997 = VECTOR('',#998,1.);
#998 = DIRECTION('',(0.,0.,1.));
#999 = ORIENTED_EDGE('',*,*,#1000,.F.);
#1000 = EDGE_CURVE('',#943,#993,#1001,.T.);
#1001 = B_SPLINE_CURVE_WITH_KNOTS('',3,(#1002,#1003,#1004,#1005,#1006,
    #1007,#1008,#1009,#1010,#1011,#1012,#1013,#1014,#1015,#1016,#1017,
    #1018,#1019,#1020,#1021,#1022,#1023),.UNSPECIFIED.,.F.,.F.,(4,1,1,1,
    1,1,1,1,1,1,1,1,1,1,1,1,1,1,1,4),(0.,0.172537314111,0.335748287134,
    0.489632919081,0.634191209969,0.769423159817,0.895328768649,
    1.011908036493,1.119160963386,1.217087549377,1.305687794526,
    1.384961698919,1.454909262673,1.515530485961,1.566825369048,
    1.60879391238,1.641436116781,1.664751984064,1.678741519671,
    1.683404761698),.UNSPECIFIED.);
#1002 = CARTESIAN_POINT('',(4.701984189283,8.825607326622,0.));
#1003 = CARTESIAN_POINT('',(4.652030479535,8.797106896625,0.));
#1004 = CARTESIAN_POINT('',(4.555703231031,8.740082349138,0.));
#1005 = CARTESIAN_POINT('',(4.418074522916,8.652301623595,0.));
#1006 = CARTESIAN_POINT('',(4.291124379728,8.565278958502,0.));
#1007 = CARTESIAN_POINT('',(4.174646162848,8.479619318446,0.));
#1008 = CARTESIAN_POINT('',(4.068400123594,8.39591640563,0.));
#1009 = CARTESIAN_POINT('',(3.972120044304,8.314748767615,0.));
#1010 = CARTESIAN_POINT('',(3.88551249763,8.236679278874,0.));
#1011 = CARTESIAN_POINT('',(3.808257962397,8.162253839839,0.));
#1012 = CARTESIAN_POINT('',(3.740011558167,8.092000301885,0.));
#1013 = CARTESIAN_POINT('',(3.680403891769,8.02642739715,0.));
#1014 = CARTESIAN_POINT('',(3.629042047413,7.966023660852,0.));
#1015 = CARTESIAN_POINT('',(3.585510230936,7.911256564788,0.));
#1016 = CARTESIAN_POINT('',(3.549371681881,7.862571144636,0.));
#1017 = CARTESIAN_POINT('',(3.520166928414,7.820390314119,0.));
#1018 = CARTESIAN_POINT('',(3.497422921831,7.785110395829,0.));
#1019 = CARTESIAN_POINT('',(3.480632114765,7.757110091218,0.));
#1020 = CARTESIAN_POINT('',(3.469310264005,7.736724466408,0.));
#1021 = CARTESIAN_POINT('',(3.462872476836,7.724299891866,0.));
#1022 = CARTESIAN_POINT('',(3.460203357798,7.718684334032,0.));
#1023 = CARTESIAN_POINT('',(3.459548643162,7.717274333073,0.));
#1024 = SURFACE_OF_LINEAR_EXTRUSION('',#1025,#1048);
#1025 = B_SPLINE_CURVE_WITH_KNOTS('',3,(#1026,#1027,#1028,#1029,#1030,
    #1031,#1032,#1033,#1034,#1035,#1036,#1037,#1038,#1039,#1040,#1041,
    #1042,#1043,#1044,#1045,#1046,#1047),.UNSPECIFIED.,.F.,.F.,(4,1,1,1,
    1,1,1,1,1,1,1,1,1,1,1,1,1,1,1,4),(0.,0.172537314111,0.335748287134,
    0.489632919081,0.634191209969,0.769423159817,0.895328768649,
    1.011908036493,1.119160963386,1.217087549377,1.305687794526,
    1.384961698919,1.454909262673,1.515530485961,1.566825369048,
    1.60879391238,1.641436116781,1.664751984064,1.678741519671,
    1.683404761698),.UNSPECIFIED.);
#1026 = CARTESIAN_POINT('',(4.701984189283,8.825607326622,0.));
#1027 = CARTESIAN_POINT('',(4.652030479535,8.797106896625,0.));
#1028 = CARTESIAN_POINT('',(4.555703231031,8.740082349138,0.));
#1029 = CARTESIAN_POINT('',(4.418074522916,8.652301623595,0.));
#1030 = CARTESIAN_POINT('',(4.291124379728,8.565278958502,0.));
#1031 = CARTESIAN_POINT('',(4.174646162848,8.479619318446,0.));
#1032 = CARTESIAN_POINT('',(4.068400123594,8.39591640563,0.));
#1033 = CARTESIAN_POINT('',(3.972120044304,8.314748767615,0.));
#1034 = CARTESIAN_POINT('',(3.88551249763,8.236679278874,0.));
#1035 = CARTESIAN_POINT('',(3.808257962397,8.162253839839,0.));
#1036 = CARTESIAN_POINT('',(3.740011558167,8.092000301885,0.));
#1037 = CARTESIAN_POINT('',(3.680403891769,8.02642739715,0.));
#1038 = CARTESIAN_POINT('',(3.629042047413,7.966023660852,0.));
#1039 = CARTESIAN_POINT('',(3.585510230936,7.911256564788,0.));
#1040 = CARTESIAN_POINT('',(3.549371681881,7.862571144636,0.));
#1041 = CARTESIAN_POINT('',(3.520166928414,7.820390314119,0.));
#1042 = CARTESIAN_POINT('',(3.497422921831,7.785110395829,0.));
#1043 = CARTESIAN_POINT('',(3.480632114765,7.757110091218,0.));
#1044 = CARTESIAN_POINT('',(3.469310264005,7.736724466408,0.));
#1045 = CARTESIAN_POINT('',(3.462872476836,7.724299891866,0.));
#1046 = CARTESIAN_POINT('',(3.460203357798,7.718684334032,0.));
#1047 = CARTESIAN_POINT('',(3.459548643162,7.717274333073,0.));
#1048 = VECTOR('',#1049,1.);
#1049 = DIRECTION('',(-0.,-0.,-1.));
#1050 = ADVANCED_FACE('',(#1051),#1074,.F.);
#1051 = FACE_BOUND('',#1052,.F.);
#1052 = EDGE_LOOP('',(#1053,#1054,#1061,#1069));
#1053 = ORIENTED_EDGE('',*,*,#992,.T.);
#1054 = ORIENTED_EDGE('',*,*,#1055,.T.);
#1055 = EDGE_CURVE('',#966,#1056,#1058,.T.);
#1056 = VERTEX_POINT('',#1057);
#1057 = CARTESIAN_POINT('',(3.170244939845,7.071919613612,5.));
#1058 = B_SPLINE_CURVE_WITH_KNOTS('',1,(#1059,#1060),.UNSPECIFIED.,.F.,
  .F.,(2,2),(0.,0.707233587073),.PIECEWISE_BEZIER_KNOTS.);
#1059 = CARTESIAN_POINT('',(3.459548643162,7.717274333073,5.));
#1060 = CARTESIAN_POINT('',(3.170244939845,7.071919613612,5.));
#1061 = ORIENTED_EDGE('',*,*,#1062,.F.);
#1062 = EDGE_CURVE('',#1063,#1056,#1065,.T.);
#1063 = VERTEX_POINT('',#1064);
#1064 = CARTESIAN_POINT('',(3.170244939845,7.071919613612,0.));
#1065 = LINE('',#1066,#1067);
#1066 = CARTESIAN_POINT('',(3.170244939845,7.071919613612,0.));
#1067 = VECTOR('',#1068,1.);
#1068 = DIRECTION('',(0.,0.,1.));
#1069 = ORIENTED_EDGE('',*,*,#1070,.F.);
#1070 = EDGE_CURVE('',#993,#1063,#1071,.T.);
#1071 = B_SPLINE_CURVE_WITH_KNOTS('',1,(#1072,#1073),.UNSPECIFIED.,.F.,
  .F.,(2,2),(0.,0.707233587073),.PIECEWISE_BEZIER_KNOTS.);
#1072 = CARTESIAN_POINT('',(3.459548643162,7.717274333073,0.));
#1073 = CARTESIAN_POINT('',(3.170244939845,7.071919613612,0.));
#1074 = SURFACE_OF_LINEAR_EXTRUSION('',#1075,#1078);
#1075 = B_SPLINE_CURVE_WITH_KNOTS('',1,(#1076,#1077),.UNSPECIFIED.,.F.,
  .F.,(2,2),(0.,0.707233587073),.PIECEWISE_BEZIER_KNOTS.);
#1076 = CARTESIAN_POINT('',(3.459548643162,7.717274333073,0.));
#1077 = CARTESIAN_POINT('',(3.170244939845,7.071919613612,0.));
#1078 = VECTOR('',#1079,1.);
#1079 = DIRECTION('',(-0.,-0.,-1.));
#1080 = ADVANCED_FACE('',(#1081),#1104,.F.);
#1081 = FACE_BOUND('',#1082,.F.);
#1082 = EDGE_LOOP('',(#1083,#1084,#1091,#1099));
#1083 = ORIENTED_EDGE('',*,*,#1062,.T.);
#1084 = ORIENTED_EDGE('',*,*,#1085,.T.);
#1085 = EDGE_CURVE('',#1056,#1086,#1088,.T.);
#1086 = VERTEX_POINT('',#1087);
#1087 = CARTESIAN_POINT('',(2.117193784834,7.455198889195,5.));
#1088 = B_SPLINE_CURVE_WITH_KNOTS('',1,(#1089,#1090),.UNSPECIFIED.,.F.,
  .F.,(2,2),(0.,1.120633632442),.PIECEWISE_BEZIER_KNOTS.);
#1089 = CARTESIAN_POINT('',(3.170244939845,7.071919613612,5.));
#1090 = CARTESIAN_POINT('',(2.117193784834,7.455198889195,5.));
#1091 = ORIENTED_EDGE('',*,*,#1092,.F.);
#1092 = EDGE_CURVE('',#1093,#1086,#1095,.T.);
#1093 = VERTEX_POINT('',#1094);
#1094 = CARTESIAN_POINT('',(2.117193784834,7.455198889195,0.));
#1095 = LINE('',#1096,#1097);
#1096 = CARTESIAN_POINT('',(2.117193784834,7.455198889195,0.));
#1097 = VECTOR('',#1098,1.);
#1098 = DIRECTION('',(0.,0.,1.));
#1099 = ORIENTED_EDGE('',*,*,#1100,.F.);
#1100 = EDGE_CURVE('',#1063,#1093,#1101,.T.);
#1101 = B_SPLINE_CURVE_WITH_KNOTS('',1,(#1102,#1103),.UNSPECIFIED.,.F.,
  .F.,(2,2),(0.,1.120633632442),.PIECEWISE_BEZIER_KNOTS.);
#1102 = CARTESIAN_POINT('',(3.170244939845,7.071919613612,0.));
#1103 = CARTESIAN_POINT('',(2.117193784834,7.455198889195,0.));
#1104 = SURFACE_OF_LINEAR_EXTRUSION('',#1105,#1108);
#1105 = B_SPLINE_CURVE_WITH_KNOTS('',1,(#1106,#1107),.UNSPECIFIED.,.F.,
  .F.,(2,2),(0.,1.120633632442),.PIECEWISE_BEZIER_KNOTS.);
#1106 = CARTESIAN_POINT('',(3.170244939845,7.071919613612,0.));
#1107 = CARTESIAN_POINT('',(2.117193784834,7.455198889195,0.));
#1108 = VECTOR('',#1109,1.);
#1109 = DIRECTION('',(-0.,-0.,-1.));
#1110 = ADVANCED_FACE('',(#1111),#1134,.F.);
#1111 = FACE_BOUND('',#1112,.F.);
#1112 = EDGE_LOOP('',(#1113,#1114,#1121,#1129));
#1113 = ORIENTED_EDGE('',*,*,#1092,.T.);
#1114 = ORIENTED_EDGE('',*,*,#1115,.T.);
#1115 = EDGE_CURVE('',#1086,#1116,#1118,.T.);
#1116 = VERTEX_POINT('',#1117);
#1117 = CARTESIAN_POINT('',(2.310400308057,8.135530121808,5.));
#1118 = B_SPLINE_CURVE_WITH_KNOTS('',1,(#1119,#1120),.UNSPECIFIED.,.F.,
  .F.,(2,2),(0.,0.707233587073),.PIECEWISE_BEZIER_KNOTS.);
#1119 = CARTESIAN_POINT('',(2.117193784834,7.455198889195,5.));
#1120 = CARTESIAN_POINT('',(2.310400308057,8.135530121808,5.));
#1121 = ORIENTED_EDGE('',*,*,#1122,.F.);
#1122 = EDGE_CURVE('',#1123,#1116,#1125,.T.);
#1123 = VERTEX_POINT('',#1124);
#1124 = CARTESIAN_POINT('',(2.310400308057,8.135530121808,0.));
#1125 = LINE('',#1126,#1127);
#1126 = CARTESIAN_POINT('',(2.310400308057,8.135530121808,0.));
#1127 = VECTOR('',#1128,1.);
#1128 = DIRECTION('',(0.,0.,1.));
#1129 = ORIENTED_EDGE('',*,*,#1130,.F.);
#1130 = EDGE_CURVE('',#1093,#1123,#1131,.T.);
#1131 = B_SPLINE_CURVE_WITH_KNOTS('',1,(#1132,#1133),.UNSPECIFIED.,.F.,
  .F.,(2,2),(0.,0.707233587073),.PIECEWISE_BEZIER_KNOTS.);
#1132 = CARTESIAN_POINT('',(2.117193784834,7.455198889195,0.));
#1133 = CARTESIAN_POINT('',(2.310400308057,8.135530121808,0.));
#1134 = SURFACE_OF_LINEAR_EXTRUSION('',#1135,#1138);
#1135 = B_SPLINE_CURVE_WITH_KNOTS('',1,(#1136,#1137),.UNSPECIFIED.,.F.,
  .F.,(2,2),(0.,0.707233587073),.PIECEWISE_BEZIER_KNOTS.);
#1136 = CARTESIAN_POINT('',(2.117193784834,7.455198889195,0.));
#1137 = CARTESIAN_POINT('',(2.310400308057,8.135530121808,0.));
#1138 = VECTOR('',#1139,1.);
#1139 = DIRECTION('',(-0.,-0.,-1.));
#1140 = ADVANCED_FACE('',(#1141),#1204,.F.);
#1141 = FACE_BOUND('',#1142,.F.);
#1142 = EDGE_LOOP('',(#1143,#1144,#1171,#1179));
#1143 = ORIENTED_EDGE('',*,*,#1122,.T.);
#1144 = ORIENTED_EDGE('',*,*,#1145,.T.);
#1145 = EDGE_CURVE('',#1116,#1146,#1148,.T.);
#1146 = VERTEX_POINT('',#1147);
#1147 = CARTESIAN_POINT('',(2.071062177678,9.783184627523,5.));
#1148 = B_SPLINE_CURVE_WITH_KNOTS('',3,(#1149,#1150,#1151,#1152,#1153,
    #1154,#1155,#1156,#1157,#1158,#1159,#1160,#1161,#1162,#1163,#1164,
    #1165,#1166,#1167,#1168,#1169,#1170),.UNSPECIFIED.,.F.,.F.,(4,1,1,1,
    1,1,1,1,1,1,1,1,1,1,1,1,1,1,1,4),(0.,4.663242026802E-03,
    1.865277763451E-02,4.196864491748E-02,7.461084931782E-02,
    0.11657939265,0.167874275737,0.228495499025,0.298443062779,
    0.377716967172,0.466317212321,0.564243798312,0.671496725205,
    0.788075993049,0.913981601881,1.049213551729,1.193771842617,
    1.347656474564,1.510867447587,1.683404761698),.UNSPECIFIED.);
#1149 = CARTESIAN_POINT('',(2.310400308057,8.135530121808,5.));
#1150 = CARTESIAN_POINT('',(2.310805098694,8.137031087663,5.));
#1151 = CARTESIAN_POINT('',(2.312370045885,8.143048531183,5.));
#1152 = CARTESIAN_POINT('',(2.315424777369,8.156704437296,5.));
#1153 = CARTESIAN_POINT('',(2.319855363552,8.179598277288,5.));
#1154 = CARTESIAN_POINT('',(2.324991107975,8.21184067778,5.));
#1155 = CARTESIAN_POINT('',(2.330245682466,8.253486228765,5.));
#1156 = CARTESIAN_POINT('',(2.334986858582,8.304571073261,5.));
#1157 = CARTESIAN_POINT('',(2.338597508743,8.365095680394,5.));
#1158 = CARTESIAN_POINT('',(2.340453813399,8.435031422258,5.));
#1159 = CARTESIAN_POINT('',(2.339935131214,8.514318125956,5.));
#1160 = CARTESIAN_POINT('',(2.336422460297,8.60286495465,5.));
#1161 = CARTESIAN_POINT('',(2.329300785307,8.700550230054,5.));
#1162 = CARTESIAN_POINT('',(2.317960127943,8.807221682093,5.));
#1163 = CARTESIAN_POINT('',(2.301796998139,8.922696638028,5.));
#1164 = CARTESIAN_POINT('',(2.28021573044,9.046762298118,5.));
#1165 = CARTESIAN_POINT('',(2.252629737718,9.179176086963,5.));
#1166 = CARTESIAN_POINT('',(2.218463202211,9.319665932838,5.));
#1167 = CARTESIAN_POINT('',(2.177150841352,9.467931140946,5.));
#1168 = CARTESIAN_POINT('',(2.128145497036,9.623641106275,5.));
#1169 = CARTESIAN_POINT('',(2.09100921617,9.729242405812,5.));
#1170 = CARTESIAN_POINT('',(2.071062177678,9.783184627523,5.));
#1171 = ORIENTED_EDGE('',*,*,#1172,.F.);
#1172 = EDGE_CURVE('',#1173,#1146,#1175,.T.);
#1173 = VERTEX_POINT('',#1174);
#1174 = CARTESIAN_POINT('',(2.071062177678,9.783184627523,0.));
#1175 = LINE('',#1176,#1177);
#1176 = CARTESIAN_POINT('',(2.071062177678,9.783184627523,0.));
#1177 = VECTOR('',#1178,1.);
#1178 = DIRECTION('',(0.,0.,1.));
#1179 = ORIENTED_EDGE('',*,*,#1180,.F.);
#1180 = EDGE_CURVE('',#1123,#1173,#1181,.T.);
#1181 = B_SPLINE_CURVE_WITH_KNOTS('',3,(#1182,#1183,#1184,#1185,#1186,
    #1187,#1188,#1189,#1190,#1191,#1192,#1193,#1194,#1195,#1196,#1197,
    #1198,#1199,#1200,#1201,#1202,#1203),.UNSPECIFIED.,.F.,.F.,(4,1,1,1,
    1,1,1,1,1,1,1,1,1,1,1,1,1,1,1,4),(0.,4.663242026802E-03,
    1.865277763451E-02,4.196864491748E-02,7.461084931782E-02,
    0.11657939265,0.167874275737,0.228495499025,0.298443062779,
    0.377716967172,0.466317212321,0.564243798312,0.671496725205,
    0.788075993049,0.913981601881,1.049213551729,1.193771842617,
    1.347656474564,1.510867447587,1.683404761698),.UNSPECIFIED.);
#1182 = CARTESIAN_POINT('',(2.310400308057,8.135530121808,0.));
#1183 = CARTESIAN_POINT('',(2.310805098694,8.137031087663,0.));
#1184 = CARTESIAN_POINT('',(2.312370045885,8.143048531183,0.));
#1185 = CARTESIAN_POINT('',(2.315424777369,8.156704437296,0.));
#1186 = CARTESIAN_POINT('',(2.319855363552,8.179598277288,0.));
#1187 = CARTESIAN_POINT('',(2.324991107975,8.21184067778,0.));
#1188 = CARTESIAN_POINT('',(2.330245682466,8.253486228765,0.));
#1189 = CARTESIAN_POINT('',(2.334986858582,8.304571073261,0.));
#1190 = CARTESIAN_POINT('',(2.338597508743,8.365095680394,0.));
#1191 = CARTESIAN_POINT('',(2.340453813399,8.435031422258,0.));
#1192 = CARTESIAN_POINT('',(2.339935131214,8.514318125956,0.));
#1193 = CARTESIAN_POINT('',(2.336422460297,8.60286495465,0.));
#1194 = CARTESIAN_POINT('',(2.329300785307,8.700550230054,0.));
#1195 = CARTESIAN_POINT('',(2.317960127943,8.807221682093,0.));
#1196 = CARTESIAN_POINT('',(2.301796998139,8.922696638028,0.));
#1197 = CARTESIAN_POINT('',(2.28021573044,9.046762298118,0.));
#1198 = CARTESIAN_POINT('',(2.252629737718,9.179176086963,0.));
#1199 = CARTESIAN_POINT('',(2.218463202211,9.319665932838,0.));
#1200 = CARTESIAN_POINT('',(2.177150841352,9.467931140946,0.));
#1201 = CARTESIAN_POINT('',(2.128145497036,9.623641106275,0.));
#1202 = CARTESIAN_POINT('',(2.09100921617,9.729242405812,0.));
#1203 = CARTESIAN_POINT('',(2.071062177678,9.783184627523,0.));
#1204 = SURFACE_OF_LINEAR_EXTRUSION('',#1205,#1228);
#1205 = B_SPLINE_CURVE_WITH_KNOTS('',3,(#1206,#1207,#1208,#1209,#1210,
    #1211,#1212,#1213,#1214,#1215,#1216,#1217,#1218,#1219,#1220,#1221,
    #1222,#1223,#1224,#1225,#1226,#1227),.UNSPECIFIED.,.F.,.F.,(4,1,1,1,
    1,1,1,1,1,1,1,1,1,1,1,1,1,1,1,4),(0.,4.663242026802E-03,
    1.865277763451E-02,4.196864491748E-02,7.461084931782E-02,
    0.11657939265,0.167874275737,0.228495499025,0.298443062779,
    0.377716967172,0.466317212321,0.564243798312,0.671496725205,
    0.788075993049,0.913981601881,1.049213551729,1.193771842617,
    1.347656474564,1.510867447587,1.683404761698),.UNSPECIFIED.);
#1206 = CARTESIAN_POINT('',(2.310400308057,8.135530121808,0.));
#1207 = CARTESIAN_POINT('',(2.310805098694,8.137031087663,0.));
#1208 = CARTESIAN_POINT('',(2.312370045885,8.143048531183,0.));
#1209 = CARTESIAN_POINT('',(2.315424777369,8.156704437296,0.));
#1210 = CARTESIAN_POINT('',(2.319855363552,8.179598277288,0.));
#1211 = CARTESIAN_POINT('',(2.324991107975,8.21184067778,0.));
#1212 = CARTESIAN_POINT('',(2.330245682466,8.253486228765,0.));
#1213 = CARTESIAN_POINT('',(2.334986858582,8.304571073261,0.));
#1214 = CARTESIAN_POINT('',(2.338597508743,8.365095680394,0.));
#1215 = CARTESIAN_POINT('',(2.340453813399,8.435031422258,0.));
#1216 = CARTESIAN_POINT('',(2.339935131214,8.514318125956,0.));
#1217 = CARTESIAN_POINT('',(2.336422460297,8.60286495465,0.));
#1218 = CARTESIAN_POINT('',(2.329300785307,8.700550230054,0.));
#1219 = CARTESIAN_POINT('',(2.317960127943,8.807221682093,0.));
#1220 = CARTESIAN_POINT('',(2.301796998139,8.922696638028,0.));
#1221 = CARTESIAN_POINT('',(2.28021573044,9.046762298118,0.));
#1222 = CARTESIAN_POINT('',(2.252629737718,9.179176086963,0.));
#1223 = CARTESIAN_POINT('',(2.218463202211,9.319665932838,0.));
#1224 = CARTESIAN_POINT('',(2.177150841352,9.467931140946,0.));
#1225 = CARTESIAN_POINT('',(2.128145497036,9.623641106275,0.));
#1226 = CARTESIAN_POINT('',(2.09100921617,9.729242405812,0.));
#1227 = CARTESIAN_POINT('',(2.071062177678,9.783184627523,0.));
#1228 = VECTOR('',#1229,1.);
#1229 = DIRECTION('',(-0.,-0.,-1.));
#1230 = ADVANCED_FACE('',(#1231),#1254,.F.);
#1231 = FACE_BOUND('',#1232,.F.);
#1232 = EDGE_LOOP('',(#1233,#1234,#1241,#1249));
#1233 = ORIENTED_EDGE('',*,*,#1172,.T.);
#1234 = ORIENTED_EDGE('',*,*,#1235,.T.);
#1235 = EDGE_CURVE('',#1146,#1236,#1238,.T.);
#1236 = VERTEX_POINT('',#1237);
#1237 = CARTESIAN_POINT('',(1.399884362934,9.901531385115,5.));
#1238 = B_SPLINE_CURVE_WITH_KNOTS('',1,(#1239,#1240),.UNSPECIFIED.,.F.,
  .F.,(2,2),(0.,0.681531814398),.PIECEWISE_BEZIER_KNOTS.);
#1239 = CARTESIAN_POINT('',(2.071062177678,9.783184627523,5.));
#1240 = CARTESIAN_POINT('',(1.399884362934,9.901531385115,5.));
#1241 = ORIENTED_EDGE('',*,*,#1242,.F.);
#1242 = EDGE_CURVE('',#1243,#1236,#1245,.T.);
#1243 = VERTEX_POINT('',#1244);
#1244 = CARTESIAN_POINT('',(1.399884362934,9.901531385115,0.));
#1245 = LINE('',#1246,#1247);
#1246 = CARTESIAN_POINT('',(1.399884362934,9.901531385115,0.));
#1247 = VECTOR('',#1248,1.);
#1248 = DIRECTION('',(0.,0.,1.));
#1249 = ORIENTED_EDGE('',*,*,#1250,.F.);
#1250 = EDGE_CURVE('',#1173,#1243,#1251,.T.);
#1251 = B_SPLINE_CURVE_WITH_KNOTS('',1,(#1252,#1253),.UNSPECIFIED.,.F.,
  .F.,(2,2),(0.,0.681531814398),.PIECEWISE_BEZIER_KNOTS.);
#1252 = CARTESIAN_POINT('',(2.071062177678,9.783184627523,0.));
#1253 = CARTESIAN_POINT('',(1.399884362934,9.901531385115,0.));
#1254 = SURFACE_OF_LINEAR_EXTRUSION('',#1255,#1258);
#1255 = B_SPLINE_CURVE_WITH_KNOTS('',1,(#1256,#1257),.UNSPECIFIED.,.F.,
  .F.,(2,2),(0.,0.681531814398),.PIECEWISE_BEZIER_KNOTS.);
#1256 = CARTESIAN_POINT('',(2.071062177678,9.783184627523,0.));
#1257 = CARTESIAN_POINT('',(1.399884362934,9.901531385115,0.));
#1258 = VECTOR('',#1259,1.);
#1259 = DIRECTION('',(-0.,-0.,-1.));
#1260 = ADVANCED_FACE('',(#1261),#1324,.F.);
#1261 = FACE_BOUND('',#1262,.F.);
#1262 = EDGE_LOOP('',(#1263,#1264,#1291,#1299));
#1263 = ORIENTED_EDGE('',*,*,#1242,.T.);
#1264 = ORIENTED_EDGE('',*,*,#1265,.T.);
#1265 = EDGE_CURVE('',#1236,#1266,#1268,.T.);
#1266 = VERTEX_POINT('',#1267);
#1267 = CARTESIAN_POINT('',(0.611449057748,8.435101066146,5.));
#1268 = B_SPLINE_CURVE_WITH_KNOTS('',3,(#1269,#1270,#1271,#1272,#1273,
    #1274,#1275,#1276,#1277,#1278,#1279,#1280,#1281,#1282,#1283,#1284,
    #1285,#1286,#1287,#1288,#1289,#1290),.UNSPECIFIED.,.F.,.F.,(4,1,1,1,
    1,1,1,1,1,1,1,1,1,1,1,1,1,1,1,4),(0.,0.172537314111,0.335748287134,
    0.489632919081,0.634191209969,0.769423159817,0.895328768649,
    1.011908036493,1.119160963386,1.217087549377,1.305687794526,
    1.384961698919,1.454909262673,1.515530485961,1.566825369048,
    1.60879391238,1.641436116781,1.664751984064,1.678741519671,
    1.683404761698),.UNSPECIFIED.);
#1269 = CARTESIAN_POINT('',(1.399884362934,9.901531385115,5.));
#1270 = CARTESIAN_POINT('',(1.362690951655,9.857664566389,5.));
#1271 = CARTESIAN_POINT('',(1.29167649096,9.771133160573,5.));
#1272 = CARTESIAN_POINT('',(1.192370585867,9.641574470057,5.));
#1273 = CARTESIAN_POINT('',(1.102839977494,9.51638040766,5.));
#1274 = CARTESIAN_POINT('',(1.022683578978,9.396048779568,5.));
#1275 = CARTESIAN_POINT('',(0.951473042141,9.281055484484,5.));
#1276 = CARTESIAN_POINT('',(0.888760329291,9.171853127477,5.));
#1277 = CARTESIAN_POINT('',(0.834077194506,9.068870279471,5.));
#1278 = CARTESIAN_POINT('',(0.786936677151,8.972510636399,5.));
#1279 = CARTESIAN_POINT('',(0.746834159821,8.883152260243,5.));
#1280 = CARTESIAN_POINT('',(0.713248529841,8.801146862935,5.));
#1281 = CARTESIAN_POINT('',(0.685643478256,8.726819132299,5.));
#1282 = CARTESIAN_POINT('',(0.663468401588,8.660466138156,5.));
#1283 = CARTESIAN_POINT('',(0.646160668093,8.602356696371,5.));
#1284 = CARTESIAN_POINT('',(0.633143870467,8.55273106723,5.));
#1285 = CARTESIAN_POINT('',(0.623837938025,8.511799879959,5.));
#1286 = CARTESIAN_POINT('',(0.617636408724,8.479745406097,5.));
#1287 = CARTESIAN_POINT('',(0.61396964343,8.456716883874,5.));
#1288 = CARTESIAN_POINT('',(0.612169557099,8.44283974997,5.));
#1289 = CARTESIAN_POINT('',(0.61158203953,8.436649959236,5.));
#1290 = CARTESIAN_POINT('',(0.611449057748,8.435101066146,5.));
#1291 = ORIENTED_EDGE('',*,*,#1292,.F.);
#1292 = EDGE_CURVE('',#1293,#1266,#1295,.T.);
#1293 = VERTEX_POINT('',#1294);
#1294 = CARTESIAN_POINT('',(0.611449057748,8.435101066146,0.));
#1295 = LINE('',#1296,#1297);
#1296 = CARTESIAN_POINT('',(0.611449057748,8.435101066146,0.));
#1297 = VECTOR('',#1298,1.);
#1298 = DIRECTION('',(0.,0.,1.));
#1299 = ORIENTED_EDGE('',*,*,#1300,.F.);
#1300 = EDGE_CURVE('',#1243,#1293,#1301,.T.);
#1301 = B_SPLINE_CURVE_WITH_KNOTS('',3,(#1302,#1303,#1304,#1305,#1306,
    #1307,#1308,#1309,#1310,#1311,#1312,#1313,#1314,#1315,#1316,#1317,
    #1318,#1319,#1320,#1321,#1322,#1323),.UNSPECIFIED.,.F.,.F.,(4,1,1,1,
    1,1,1,1,1,1,1,1,1,1,1,1,1,1,1,4),(0.,0.172537314111,0.335748287134,
    0.489632919081,0.634191209969,0.769423159817,0.895328768649,
    1.011908036493,1.119160963386,1.217087549377,1.305687794526,
    1.384961698919,1.454909262673,1.515530485961,1.566825369048,
    1.60879391238,1.641436116781,1.664751984064,1.678741519671,
    1.683404761698),.UNSPECIFIED.);
#1302 = CARTESIAN_POINT('',(1.399884362934,9.901531385115,0.));
#1303 = CARTESIAN_POINT('',(1.362690951655,9.857664566389,0.));
#1304 = CARTESIAN_POINT('',(1.29167649096,9.771133160573,0.));
#1305 = CARTESIAN_POINT('',(1.192370585867,9.641574470057,0.));
#1306 = CARTESIAN_POINT('',(1.102839977494,9.51638040766,0.));
#1307 = CARTESIAN_POINT('',(1.022683578978,9.396048779568,0.));
#1308 = CARTESIAN_POINT('',(0.951473042141,9.281055484484,0.));
#1309 = CARTESIAN_POINT('',(0.888760329291,9.171853127477,0.));
#1310 = CARTESIAN_POINT('',(0.834077194506,9.068870279471,0.));
#1311 = CARTESIAN_POINT('',(0.786936677151,8.972510636399,0.));
#1312 = CARTESIAN_POINT('',(0.746834159821,8.883152260243,0.));
#1313 = CARTESIAN_POINT('',(0.713248529841,8.801146862935,0.));
#1314 = CARTESIAN_POINT('',(0.685643478256,8.726819132299,0.));
#1315 = CARTESIAN_POINT('',(0.663468401588,8.660466138156,0.));
#1316 = CARTESIAN_POINT('',(0.646160668093,8.602356696371,0.));
#1317 = CARTESIAN_POINT('',(0.633143870467,8.55273106723,0.));
#1318 = CARTESIAN_POINT('',(0.623837938025,8.511799879959,0.));
#1319 = CARTESIAN_POINT('',(0.617636408724,8.479745406097,0.));
#1320 = CARTESIAN_POINT('',(0.61396964343,8.456716883874,0.));
#1321 = CARTESIAN_POINT('',(0.612169557099,8.44283974997,0.));
#1322 = CARTESIAN_POINT('',(0.61158203953,8.436649959236,0.));
#1323 = CARTESIAN_POINT('',(0.611449057748,8.435101066146,0.));
#1324 = SURFACE_OF_LINEAR_EXTRUSION('',#1325,#1348);
#1325 = B_SPLINE_CURVE_WITH_KNOTS('',3,(#1326,#1327,#1328,#1329,#1330,
    #1331,#1332,#1333,#1334,#1335,#1336,#1337,#1338,#1339,#1340,#1341,
    #1342,#1343,#1344,#1345,#1346,#1347),.UNSPECIFIED.,.F.,.F.,(4,1,1,1,
    1,1,1,1,1,1,1,1,1,1,1,1,1,1,1,4),(0.,0.172537314111,0.335748287134,
    0.489632919081,0.634191209969,0.769423159817,0.895328768649,
    1.011908036493,1.119160963386,1.217087549377,1.305687794526,
    1.384961698919,1.454909262673,1.515530485961,1.566825369048,
    1.60879391238,1.641436116781,1.664751984064,1.678741519671,
    1.683404761698),.UNSPECIFIED.);
#1326 = CARTESIAN_POINT('',(1.399884362934,9.901531385115,0.));
#1327 = CARTESIAN_POINT('',(1.362690951655,9.857664566389,0.));
#1328 = CARTESIAN_POINT('',(1.29167649096,9.771133160573,0.));
#1329 = CARTESIAN_POINT('',(1.192370585867,9.641574470057,0.));
#1330 = CARTESIAN_POINT('',(1.102839977494,9.51638040766,0.));
#1331 = CARTESIAN_POINT('',(1.022683578978,9.396048779568,0.));
#1332 = CARTESIAN_POINT('',(0.951473042141,9.281055484484,0.));
#1333 = CARTESIAN_POINT('',(0.888760329291,9.171853127477,0.));
#1334 = CARTESIAN_POINT('',(0.834077194506,9.068870279471,0.));
#1335 = CARTESIAN_POINT('',(0.786936677151,8.972510636399,0.));
#1336 = CARTESIAN_POINT('',(0.746834159821,8.883152260243,0.));
#1337 = CARTESIAN_POINT('',(0.713248529841,8.801146862935,0.));
#1338 = CARTESIAN_POINT('',(0.685643478256,8.726819132299,0.));
#1339 = CARTESIAN_POINT('',(0.663468401588,8.660466138156,0.));
#1340 = CARTESIAN_POINT('',(0.646160668093,8.602356696371,0.));
#1341 = CARTESIAN_POINT('',(0.633143870467,8.55273106723,0.));
#1342 = CARTESIAN_POINT('',(0.623837938025,8.511799879959,0.));
#1343 = CARTESIAN_POINT('',(0.617636408724,8.479745406097,0.));
#1344 = CARTESIAN_POINT('',(0.61396964343,8.456716883874,0.));
#1345 = CARTESIAN_POINT('',(0.612169557099,8.44283974997,0.));
#1346 = CARTESIAN_POINT('',(0.61158203953,8.436649959236,0.));
#1347 = CARTESIAN_POINT('',(0.611449057748,8.435101066146,0.));
#1348 = VECTOR('',#1349,1.);
#1349 = DIRECTION('',(-0.,-0.,-1.));
#1350 = ADVANCED_FACE('',(#1351),#1374,.F.);
#1351 = FACE_BOUND('',#1352,.F.);
#1352 = EDGE_LOOP('',(#1353,#1354,#1361,#1369));
#1353 = ORIENTED_EDGE('',*,*,#1292,.T.);
#1354 = ORIENTED_EDGE('',*,*,#1355,.T.);
#1355 = EDGE_CURVE('',#1266,#1356,#1358,.T.);
#1356 = VERTEX_POINT('',#1357);
#1357 = CARTESIAN_POINT('',(0.560316816221,7.729718304405,5.));
#1358 = B_SPLINE_CURVE_WITH_KNOTS('',1,(#1359,#1360),.UNSPECIFIED.,.F.,
  .F.,(2,2),(0.,0.707233587073),.PIECEWISE_BEZIER_KNOTS.);
#1359 = CARTESIAN_POINT('',(0.611449057748,8.435101066146,5.));
#1360 = CARTESIAN_POINT('',(0.560316816221,7.729718304405,5.));
#1361 = ORIENTED_EDGE('',*,*,#1362,.F.);
#1362 = EDGE_CURVE('',#1363,#1356,#1365,.T.);
#1363 = VERTEX_POINT('',#1364);
#1364 = CARTESIAN_POINT('',(0.560316816221,7.729718304405,0.));
#1365 = LINE('',#1366,#1367);
#1366 = CARTESIAN_POINT('',(0.560316816221,7.729718304405,0.));
#1367 = VECTOR('',#1368,1.);
#1368 = DIRECTION('',(0.,0.,1.));
#1369 = ORIENTED_EDGE('',*,*,#1370,.F.);
#1370 = EDGE_CURVE('',#1293,#1363,#1371,.T.);
#1371 = B_SPLINE_CURVE_WITH_KNOTS('',1,(#1372,#1373),.UNSPECIFIED.,.F.,
  .F.,(2,2),(0.,0.707233587073),.PIECEWISE_BEZIER_KNOTS.);
#1372 = CARTESIAN_POINT('',(0.611449057748,8.435101066146,0.));
#1373 = CARTESIAN_POINT('',(0.560316816221,7.729718304405,0.));
#1374 = SURFACE_OF_LINEAR_EXTRUSION('',#1375,#1378);
#1375 = B_SPLINE_CURVE_WITH_KNOTS('',1,(#1376,#1377),.UNSPECIFIED.,.F.,
  .F.,(2,2),(0.,0.707233587073),.PIECEWISE_BEZIER_KNOTS.);
#1376 = CARTESIAN_POINT('',(0.611449057748,8.435101066146,0.));
#1377 = CARTESIAN_POINT('',(0.560316816221,7.729718304405,0.));
#1378 = VECTOR('',#1379,1.);
#1379 = DIRECTION('',(-0.,-0.,-1.));
#1380 = ADVANCED_FACE('',(#1381),#1404,.F.);
#1381 = FACE_BOUND('',#1382,.F.);
#1382 = EDGE_LOOP('',(#1383,#1384,#1391,#1399));
#1383 = ORIENTED_EDGE('',*,*,#1362,.T.);
#1384 = ORIENTED_EDGE('',*,*,#1385,.T.);
#1385 = EDGE_CURVE('',#1356,#1386,#1388,.T.);
#1386 = VERTEX_POINT('',#1387);
#1387 = CARTESIAN_POINT('',(-0.560316816221,7.729718304405,5.));
#1388 = B_SPLINE_CURVE_WITH_KNOTS('',1,(#1389,#1390),.UNSPECIFIED.,.F.,
  .F.,(2,2),(0.,1.120633632442),.PIECEWISE_BEZIER_KNOTS.);
#1389 = CARTESIAN_POINT('',(0.560316816221,7.729718304405,5.));
#1390 = CARTESIAN_POINT('',(-0.560316816221,7.729718304405,5.));
#1391 = ORIENTED_EDGE('',*,*,#1392,.F.);
#1392 = EDGE_CURVE('',#1393,#1386,#1395,.T.);
#1393 = VERTEX_POINT('',#1394);
#1394 = CARTESIAN_POINT('',(-0.560316816221,7.729718304405,0.));
#1395 = LINE('',#1396,#1397);
#1396 = CARTESIAN_POINT('',(-0.560316816221,7.729718304405,0.));
#1397 = VECTOR('',#1398,1.);
#1398 = DIRECTION('',(0.,0.,1.));
#1399 = ORIENTED_EDGE('',*,*,#1400,.F.);
#1400 = EDGE_CURVE('',#1363,#1393,#1401,.T.);
#1401 = B_SPLINE_CURVE_WITH_KNOTS('',1,(#1402,#1403),.UNSPECIFIED.,.F.,
  .F.,(2,2),(0.,1.120633632442),.PIECEWISE_BEZIER_KNOTS.);
#1402 = CARTESIAN_POINT('',(0.560316816221,7.729718304405,0.));
#1403 = CARTESIAN_POINT('',(-0.560316816221,7.729718304405,0.));
#1404 = SURFACE_OF_LINEAR_EXTRUSION('',#1405,#1408);
#1405 = B_SPLINE_CURVE_WITH_KNOTS('',1,(#1406,#1407),.UNSPECIFIED.,.F.,
  .F.,(2,2),(0.,1.120633632442),.PIECEWISE_BEZIER_KNOTS.);
#1406 = CARTESIAN_POINT('',(0.560316816221,7.729718304405,0.));
#1407 = CARTESIAN_POINT('',(-0.560316816221,7.729718304405,0.));
#1408 = VECTOR('',#1409,1.);
#1409 = DIRECTION('',(-0.,-0.,-1.));
#1410 = ADVANCED_FACE('',(#1411),#1434,.F.);
#1411 = FACE_BOUND('',#1412,.F.);
#1412 = EDGE_LOOP('',(#1413,#1414,#1421,#1429));
#1413 = ORIENTED_EDGE('',*,*,#1392,.T.);
#1414 = ORIENTED_EDGE('',*,*,#1415,.T.);
#1415 = EDGE_CURVE('',#1386,#1416,#1418,.T.);
#1416 = VERTEX_POINT('',#1417);
#1417 = CARTESIAN_POINT('',(-0.611449057748,8.435101066146,5.));
#1418 = B_SPLINE_CURVE_WITH_KNOTS('',1,(#1419,#1420),.UNSPECIFIED.,.F.,
  .F.,(2,2),(0.,0.707233587073),.PIECEWISE_BEZIER_KNOTS.);
#1419 = CARTESIAN_POINT('',(-0.560316816221,7.729718304405,5.));
#1420 = CARTESIAN_POINT('',(-0.611449057748,8.435101066146,5.));
#1421 = ORIENTED_EDGE('',*,*,#1422,.F.);
#1422 = EDGE_CURVE('',#1423,#1416,#1425,.T.);
#1423 = VERTEX_POINT('',#1424);
#1424 = CARTESIAN_POINT('',(-0.611449057748,8.435101066146,0.));
#1425 = LINE('',#1426,#1427);
#1426 = CARTESIAN_POINT('',(-0.611449057748,8.435101066146,0.));
#1427 = VECTOR('',#1428,1.);
#1428 = DIRECTION('',(0.,0.,1.));
#1429 = ORIENTED_EDGE('',*,*,#1430,.F.);
#1430 = EDGE_CURVE('',#1393,#1423,#1431,.T.);
#1431 = B_SPLINE_CURVE_WITH_KNOTS('',1,(#1432,#1433),.UNSPECIFIED.,.F.,
  .F.,(2,2),(0.,0.707233587073),.PIECEWISE_BEZIER_KNOTS.);
#1432 = CARTESIAN_POINT('',(-0.560316816221,7.729718304405,0.));
#1433 = CARTESIAN_POINT('',(-0.611449057748,8.435101066146,0.));
#1434 = SURFACE_OF_LINEAR_EXTRUSION('',#1435,#1438);
#1435 = B_SPLINE_CURVE_WITH_KNOTS('',1,(#1436,#1437),.UNSPECIFIED.,.F.,
  .F.,(2,2),(0.,0.707233587073),.PIECEWISE_BEZIER_KNOTS.);
#1436 = CARTESIAN_POINT('',(-0.560316816221,7.729718304405,0.));
#1437 = CARTESIAN_POINT('',(-0.611449057748,8.435101066146,0.));
#1438 = VECTOR('',#1439,1.);
#1439 = DIRECTION('',(-0.,-0.,-1.));
#1440 = ADVANCED_FACE('',(#1441),#1504,.F.);
#1441 = FACE_BOUND('',#1442,.F.);
#1442 = EDGE_LOOP('',(#1443,#1444,#1471,#1479));
#1443 = ORIENTED_EDGE('',*,*,#1422,.T.);
#1444 = ORIENTED_EDGE('',*,*,#1445,.T.);
#1445 = EDGE_CURVE('',#1416,#1446,#1448,.T.);
#1446 = VERTEX_POINT('',#1447);
#1447 = CARTESIAN_POINT('',(-1.399884362934,9.901531385115,5.));
#1448 = B_SPLINE_CURVE_WITH_KNOTS('',3,(#1449,#1450,#1451,#1452,#1453,
    #1454,#1455,#1456,#1457,#1458,#1459,#1460,#1461,#1462,#1463,#1464,
    #1465,#1466,#1467,#1468,#1469,#1470),.UNSPECIFIED.,.F.,.F.,(4,1,1,1,
    1,1,1,1,1,1,1,1,1,1,1,1,1,1,1,4),(0.,4.663242026802E-03,
    1.865277763451E-02,4.196864491748E-02,7.461084931782E-02,
    0.11657939265,0.167874275737,0.228495499025,0.298443062779,
    0.377716967172,0.466317212321,0.564243798312,0.671496725205,
    0.788075993049,0.913981601881,1.049213551729,1.193771842617,
    1.347656474564,1.510867447587,1.683404761698),.UNSPECIFIED.);
#1449 = CARTESIAN_POINT('',(-0.611449057748,8.435101066146,5.));
#1450 = CARTESIAN_POINT('',(-0.61158203953,8.436649959236,5.));
#1451 = CARTESIAN_POINT('',(-0.612169557099,8.44283974997,5.));
#1452 = CARTESIAN_POINT('',(-0.61396964343,8.456716883874,5.));
#1453 = CARTESIAN_POINT('',(-0.617636408724,8.479745406097,5.));
#1454 = CARTESIAN_POINT('',(-0.623837938025,8.511799879959,5.));
#1455 = CARTESIAN_POINT('',(-0.633143870467,8.55273106723,5.));
#1456 = CARTESIAN_POINT('',(-0.646160668093,8.602356696371,5.));
#1457 = CARTESIAN_POINT('',(-0.663468401588,8.660466138156,5.));
#1458 = CARTESIAN_POINT('',(-0.685643478256,8.726819132299,5.));
#1459 = CARTESIAN_POINT('',(-0.713248529841,8.801146862935,5.));
#1460 = CARTESIAN_POINT('',(-0.746834159821,8.883152260243,5.));
#1461 = CARTESIAN_POINT('',(-0.786936677151,8.972510636399,5.));
#1462 = CARTESIAN_POINT('',(-0.834077194506,9.068870279471,5.));
#1463 = CARTESIAN_POINT('',(-0.888760329291,9.171853127477,5.));
#1464 = CARTESIAN_POINT('',(-0.951473042141,9.281055484484,5.));
#1465 = CARTESIAN_POINT('',(-1.022683578978,9.396048779568,5.));
#1466 = CARTESIAN_POINT('',(-1.102839977494,9.51638040766,5.));
#1467 = CARTESIAN_POINT('',(-1.192370585867,9.641574470057,5.));
#1468 = CARTESIAN_POINT('',(-1.29167649096,9.771133160573,5.));
#1469 = CARTESIAN_POINT('',(-1.362690951655,9.857664566389,5.));
#1470 = CARTESIAN_POINT('',(-1.399884362934,9.901531385115,5.));
#1471 = ORIENTED_EDGE('',*,*,#1472,.F.);
#1472 = EDGE_CURVE('',#1473,#1446,#1475,.T.);
#1473 = VERTEX_POINT('',#1474);
#1474 = CARTESIAN_POINT('',(-1.399884362934,9.901531385115,0.));
#1475 = LINE('',#1476,#1477);
#1476 = CARTESIAN_POINT('',(-1.399884362934,9.901531385115,0.));
#1477 = VECTOR('',#1478,1.);
#1478 = DIRECTION('',(0.,0.,1.));
#1479 = ORIENTED_EDGE('',*,*,#1480,.F.);
#1480 = EDGE_CURVE('',#1423,#1473,#1481,.T.);
#1481 = B_SPLINE_CURVE_WITH_KNOTS('',3,(#1482,#1483,#1484,#1485,#1486,
    #1487,#1488,#1489,#1490,#1491,#1492,#1493,#1494,#1495,#1496,#1497,
    #1498,#1499,#1500,#1501,#1502,#1503),.UNSPECIFIED.,.F.,.F.,(4,1,1,1,
    1,1,1,1,1,1,1,1,1,1,1,1,1,1,1,4),(0.,4.663242026802E-03,
    1.865277763451E-02,4.196864491748E-02,7.461084931782E-02,
    0.11657939265,0.167874275737,0.228495499025,0.298443062779,
    0.377716967172,0.466317212321,0.564243798312,0.671496725205,
    0.788075993049,0.913981601881,1.049213551729,1.193771842617,
    1.347656474564,1.510867447587,1.683404761698),.UNSPECIFIED.);
#1482 = CARTESIAN_POINT('',(-0.611449057748,8.435101066146,0.));
#1483 = CARTESIAN_POINT('',(-0.61158203953,8.436649959236,0.));
#1484 = CARTESIAN_POINT('',(-0.612169557099,8.44283974997,0.));
#1485 = CARTESIAN_POINT('',(-0.61396964343,8.456716883874,0.));
#1486 = CARTESIAN_POINT('',(-0.617636408724,8.479745406097,0.));
#1487 = CARTESIAN_POINT('',(-0.623837938025,8.511799879959,0.));
#1488 = CARTESIAN_POINT('',(-0.633143870467,8.55273106723,0.));
#1489 = CARTESIAN_POINT('',(-0.646160668093,8.602356696371,0.));
#1490 = CARTESIAN_POINT('',(-0.663468401588,8.660466138156,0.));
#1491 = CARTESIAN_POINT('',(-0.685643478256,8.726819132299,0.));
#1492 = CARTESIAN_POINT('',(-0.713248529841,8.801146862935,0.));
#1493 = CARTESIAN_POINT('',(-0.746834159821,8.883152260243,0.));
#1494 = CARTESIAN_POINT('',(-0.786936677151,8.972510636399,0.));
#1495 = CARTESIAN_POINT('',(-0.834077194506,9.068870279471,0.));
#1496 = CARTESIAN_POINT('',(-0.888760329291,9.171853127477,0.));
#1497 = CARTESIAN_POINT('',(-0.951473042141,9.281055484484,0.));
#1498 = CARTESIAN_POINT('',(-1.022683578978,9.396048779568,0.));
#1499 = CARTESIAN_POINT('',(-1.102839977494,9.51638040766,0.));
#1500 = CARTESIAN_POINT('',(-1.192370585867,9.641574470057,0.));
#1501 = CARTESIAN_POINT('',(-1.29167649096,9.771133160573,0.));
#1502 = CARTESIAN_POINT('',(-1.362690951655,9.857664566389,0.));
#1503 = CARTESIAN_POINT('',(-1.399884362934,9.901531385115,0.));
#1504 = SURFACE_OF_LINEAR_EXTRUSION('',#1505,#1528);
#1505 = B_SPLINE_CURVE_WITH_KNOTS('',3,(#1506,#1507,#1508,#1509,#1510,
    #1511,#1512,#1513,#1514,#1515,#1516,#1517,#1518,#1519,#1520,#1521,
    #1522,#1523,#1524,#1525,#1526,#1527),.UNSPECIFIED.,.F.,.F.,(4,1,1,1,
    1,1,1,1,1,1,1,1,1,1,1,1,1,1,1,4),(0.,4.663242026802E-03,
    1.865277763451E-02,4.196864491748E-02,7.461084931782E-02,
    0.11657939265,0.167874275737,0.228495499025,0.298443062779,
    0.377716967172,0.466317212321,0.564243798312,0.671496725205,
    0.788075993049,0.913981601881,1.049213551729,1.193771842617,
    1.347656474564,1.510867447587,1.683404761698),.UNSPECIFIED.);
#1506 = CARTESIAN_POINT('',(-0.611449057748,8.435101066146,0.));
#1507 = CARTESIAN_POINT('',(-0.61158203953,8.436649959236,0.));
#1508 = CARTESIAN_POINT('',(-0.612169557099,8.44283974997,0.));
#1509 = CARTESIAN_POINT('',(-0.61396964343,8.456716883874,0.));
#1510 = CARTESIAN_POINT('',(-0.617636408724,8.479745406097,0.));
#1511 = CARTESIAN_POINT('',(-0.623837938025,8.511799879959,0.));
#1512 = CARTESIAN_POINT('',(-0.633143870467,8.55273106723,0.));
#1513 = CARTESIAN_POINT('',(-0.646160668093,8.602356696371,0.));
#1514 = CARTESIAN_POINT('',(-0.663468401588,8.660466138156,0.));
#1515 = CARTESIAN_POINT('',(-0.685643478256,8.726819132299,0.));
#1516 = CARTESIAN_POINT('',(-0.713248529841,8.801146862935,0.));
#1517 = CARTESIAN_POINT('',(-0.746834159821,8.883152260243,0.));
#1518 = CARTESIAN_POINT('',(-0.786936677151,8.972510636399,0.));
#1519 = CARTESIAN_POINT('',(-0.834077194506,9.068870279471,0.));
#1520 = CARTESIAN_POINT('',(-0.888760329291,9.171853127477,0.));
#1521 = CARTESIAN_POINT('',(-0.951473042141,9.281055484484,0.));
#1522 = CARTESIAN_POINT('',(-1.022683578978,9.396048779568,0.));
#1523 = CARTESIAN_POINT('',(-1.102839977494,9.51638040766,0.));
#1524 = CARTESIAN_POINT('',(-1.192370585867,9.641574470057,0.));
#1525 = CARTESIAN_POINT('',(-1.29167649096,9.771133160573,0.));
#1526 = CARTESIAN_POINT('',(-1.362690951655,9.857664566389,0.));
#1527 = CARTESIAN_POINT('',(-1.399884362934,9.901531385115,0.));
#1528 = VECTOR('',#1529,1.);
#1529 = DIRECTION('',(-0.,-0.,-1.));
#1530 = ADVANCED_FACE('',(#1531),#1554,.F.);
#1531 = FACE_BOUND('',#1532,.F.);
#1532 = EDGE_LOOP('',(#1533,#1534,#1541,#1549));
#1533 = ORIENTED_EDGE('',*,*,#1472,.T.);
#1534 = ORIENTED_EDGE('',*,*,#1535,.T.);
#1535 = EDGE_CURVE('',#1446,#1536,#1538,.T.);
#1536 = VERTEX_POINT('',#1537);
#1537 = CARTESIAN_POINT('',(-2.071062177678,9.783184627523,5.));
#1538 = B_SPLINE_CURVE_WITH_KNOTS('',1,(#1539,#1540),.UNSPECIFIED.,.F.,
  .F.,(2,2),(0.,0.681531814398),.PIECEWISE_BEZIER_KNOTS.);
#1539 = CARTESIAN_POINT('',(-1.399884362934,9.901531385115,5.));
#1540 = CARTESIAN_POINT('',(-2.071062177678,9.783184627523,5.));
#1541 = ORIENTED_EDGE('',*,*,#1542,.F.);
#1542 = EDGE_CURVE('',#1543,#1536,#1545,.T.);
#1543 = VERTEX_POINT('',#1544);
#1544 = CARTESIAN_POINT('',(-2.071062177678,9.783184627523,0.));
#1545 = LINE('',#1546,#1547);
#1546 = CARTESIAN_POINT('',(-2.071062177678,9.783184627523,0.));
#1547 = VECTOR('',#1548,1.);
#1548 = DIRECTION('',(0.,0.,1.));
#1549 = ORIENTED_EDGE('',*,*,#1550,.F.);
#1550 = EDGE_CURVE('',#1473,#1543,#1551,.T.);
#1551 = B_SPLINE_CURVE_WITH_KNOTS('',1,(#1552,#1553),.UNSPECIFIED.,.F.,
  .F.,(2,2),(0.,0.681531814398),.PIECEWISE_BEZIER_KNOTS.);
#1552 = CARTESIAN_POINT('',(-1.399884362934,9.901531385115,0.));
#1553 = CARTESIAN_POINT('',(-2.071062177678,9.783184627523,0.));
#1554 = SURFACE_OF_LINEAR_EXTRUSION('',#1555,#1558);
#1555 = B_SPLINE_CURVE_WITH_KNOTS('',1,(#1556,#1557),.UNSPECIFIED.,.F.,
  .F.,(2,2),(0.,0.681531814398),.PIECEWISE_BEZIER_KNOTS.);
#1556 = CARTESIAN_POINT('',(-1.399884362934,9.901531385115,0.));
#1557 = CARTESIAN_POINT('',(-2.071062177678,9.783184627523,0.));
#1558 = VECTOR('',#1559,1.);
#1559 = DIRECTION('',(-0.,-0.,-1.));
#1560 = ADVANCED_FACE('',(#1561),#1624,.F.);
#1561 = FACE_BOUND('',#1562,.F.);
#1562 = EDGE_LOOP('',(#1563,#1564,#1591,#1599));
#1563 = ORIENTED_EDGE('',*,*,#1542,.T.);
#1564 = ORIENTED_EDGE('',*,*,#1565,.T.);
#1565 = EDGE_CURVE('',#1536,#1566,#1568,.T.);
#1566 = VERTEX_POINT('',#1567);
#1567 = CARTESIAN_POINT('',(-2.310400308057,8.135530121808,5.));
#1568 = B_SPLINE_CURVE_WITH_KNOTS('',3,(#1569,#1570,#1571,#1572,#1573,
    #1574,#1575,#1576,#1577,#1578,#1579,#1580,#1581,#1582,#1583,#1584,
    #1585,#1586,#1587,#1588,#1589,#1590),.UNSPECIFIED.,.F.,.F.,(4,1,1,1,
    1,1,1,1,1,1,1,1,1,1,1,1,1,1,1,4),(0.,0.172537314111,0.335748287134,
    0.489632919081,0.634191209969,0.769423159817,0.895328768649,
    1.011908036493,1.119160963386,1.217087549377,1.305687794526,
    1.384961698919,1.454909262673,1.515530485961,1.566825369048,
    1.60879391238,1.641436116781,1.664751984064,1.678741519671,
    1.683404761698),.UNSPECIFIED.);
#1569 = CARTESIAN_POINT('',(-2.071062177678,9.783184627523,5.));
#1570 = CARTESIAN_POINT('',(-2.09100921617,9.729242405812,5.));
#1571 = CARTESIAN_POINT('',(-2.128145497036,9.623641106275,5.));
#1572 = CARTESIAN_POINT('',(-2.177150841352,9.467931140946,5.));
#1573 = CARTESIAN_POINT('',(-2.218463202211,9.319665932838,5.));
#1574 = CARTESIAN_POINT('',(-2.252629737718,9.179176086963,5.));
#1575 = CARTESIAN_POINT('',(-2.28021573044,9.046762298118,5.));
#1576 = CARTESIAN_POINT('',(-2.301796998139,8.922696638028,5.));
#1577 = CARTESIAN_POINT('',(-2.317960127943,8.807221682093,5.));
#1578 = CARTESIAN_POINT('',(-2.329300785307,8.700550230054,5.));
#1579 = CARTESIAN_POINT('',(-2.336422460297,8.60286495465,5.));
#1580 = CARTESIAN_POINT('',(-2.339935131214,8.514318125956,5.));
#1581 = CARTESIAN_POINT('',(-2.340453813399,8.435031422258,5.));
#1582 = CARTESIAN_POINT('',(-2.338597508743,8.365095680394,5.));
#1583 = CARTESIAN_POINT('',(-2.334986858582,8.304571073261,5.));
#1584 = CARTESIAN_POINT('',(-2.330245682466,8.253486228765,5.));
#1585 = CARTESIAN_POINT('',(-2.324991107975,8.21184067778,5.));
#1586 = CARTESIAN_POINT('',(-2.319855363552,8.179598277288,5.));
#1587 = CARTESIAN_POINT('',(-2.315424777369,8.156704437296,5.));
#1588 = CARTESIAN_POINT('',(-2.312370045885,8.143048531183,5.));
#1589 = CARTESIAN_POINT('',(-2.310805098694,8.137031087663,5.));
#1590 = CARTESIAN_POINT('',(-2.310400308057,8.135530121808,5.));
#1591 = ORIENTED_EDGE('',*,*,#1592,.F.);
#1592 = EDGE_CURVE('',#1593,#1566,#1595,.T.);
#1593 = VERTEX_POINT('',#1594);
#1594 = CARTESIAN_POINT('',(-2.310400308057,8.135530121808,0.));
#1595 = LINE('',#1596,#1597);
#1596 = CARTESIAN_POINT('',(-2.310400308057,8.135530121808,0.));
#1597 = VECTOR('',#1598,1.);
#1598 = DIRECTION('',(0.,0.,1.));
#1599 = ORIENTED_EDGE('',*,*,#1600,.F.);
#1600 = EDGE_CURVE('',#1543,#1593,#1601,.T.);
#1601 = B_SPLINE_CURVE_WITH_KNOTS('',3,(#1602,#1603,#1604,#1605,#1606,
    #1607,#1608,#1609,#1610,#1611,#1612,#1613,#1614,#1615,#1616,#1617,
    #1618,#1619,#1620,#1621,#1622,#1623),.UNSPECIFIED.,.F.,.F.,(4,1,1,1,
    1,1,1,1,1,1,1,1,1,1,1,1,1,1,1,4),(0.,0.172537314111,0.335748287134,
    0.489632919081,0.634191209969,0.769423159817,0.895328768649,
    1.011908036493,1.119160963386,1.217087549377,1.305687794526,
    1.384961698919,1.454909262673,1.515530485961,1.566825369048,
    1.60879391238,1.641436116781,1.664751984064,1.678741519671,
    1.683404761698),.UNSPECIFIED.);
#1602 = CARTESIAN_POINT('',(-2.071062177678,9.783184627523,0.));
#1603 = CARTESIAN_POINT('',(-2.09100921617,9.729242405812,0.));
#1604 = CARTESIAN_POINT('',(-2.128145497036,9.623641106275,0.));
#1605 = CARTESIAN_POINT('',(-2.177150841352,9.467931140946,0.));
#1606 = CARTESIAN_POINT('',(-2.218463202211,9.319665932838,0.));
#1607 = CARTESIAN_POINT('',(-2.252629737718,9.179176086963,0.));
#1608 = CARTESIAN_POINT('',(-2.28021573044,9.046762298118,0.));
#1609 = CARTESIAN_POINT('',(-2.301796998139,8.922696638028,0.));
#1610 = CARTESIAN_POINT('',(-2.317960127943,8.807221682093,0.));
#1611 = CARTESIAN_POINT('',(-2.329300785307,8.700550230054,0.));
#1612 = CARTESIAN_POINT('',(-2.336422460297,8.60286495465,0.));
#1613 = CARTESIAN_POINT('',(-2.339935131214,8.514318125956,0.));
#1614 = CARTESIAN_POINT('',(-2.340453813399,8.435031422258,0.));
#1615 = CARTESIAN_POINT('',(-2.338597508743,8.365095680394,0.));
#1616 = CARTESIAN_POINT('',(-2.334986858582,8.304571073261,0.));
#1617 = CARTESIAN_POINT('',(-2.330245682466,8.253486228765,0.));
#1618 = CARTESIAN_POINT('',(-2.324991107975,8.21184067778,0.));
#1619 = CARTESIAN_POINT('',(-2.319855363552,8.179598277288,0.));
#1620 = CARTESIAN_POINT('',(-2.315424777369,8.156704437296,0.));
#1621 = CARTESIAN_POINT('',(-2.312370045885,8.143048531183,0.));
#1622 = CARTESIAN_POINT('',(-2.310805098694,8.137031087663,0.));
#1623 = CARTESIAN_POINT('',(-2.310400308057,8.135530121808,0.));
#1624 = SURFACE_OF_LINEAR_EXTRUSION('',#1625,#1648);
#1625 = B_SPLINE_CURVE_WITH_KNOTS('',3,(#1626,#1627,#1628,#1629,#1630,
    #1631,#1632,#1633,#1634,#1635,#1636,#1637,#1638,#1639,#1640,#1641,
    #1642,#1643,#1644,#1645,#1646,#1647),.UNSPECIFIED.,.F.,.F.,(4,1,1,1,
    1,1,1,1,1,1,1,1,1,1,1,1,1,1,1,4),(0.,0.172537314111,0.335748287134,
    0.489632919081,0.634191209969,0.769423159817,0.895328768649,
    1.011908036493,1.119160963386,1.217087549377,1.305687794526,
    1.384961698919,1.454909262673,1.515530485961,1.566825369048,
    1.60879391238,1.641436116781,1.664751984064,1.678741519671,
    1.683404761698),.UNSPECIFIED.);
#1626 = CARTESIAN_POINT('',(-2.071062177678,9.783184627523,0.));
#1627 = CARTESIAN_POINT('',(-2.09100921617,9.729242405812,0.));
#1628 = CARTESIAN_POINT('',(-2.128145497036,9.623641106275,0.));
#1629 = CARTESIAN_POINT('',(-2.177150841352,9.467931140946,0.));
#1630 = CARTESIAN_POINT('',(-2.218463202211,9.319665932838,0.));
#1631 = CARTESIAN_POINT('',(-2.252629737718,9.179176086963,0.));
#1632 = CARTESIAN_POINT('',(-2.28021573044,9.046762298118,0.));
#1633 = CARTESIAN_POINT('',(-2.301796998139,8.922696638028,0.));
#1634 = CARTESIAN_POINT('',(-2.317960127943,8.807221682093,0.));
#1635 = CARTESIAN_POINT('',(-2.329300785307,8.700550230054,0.));
#1636 = CARTESIAN_POINT('',(-2.336422460297,8.60286495465,0.));
#1637 = CARTESIAN_POINT('',(-2.339935131214,8.514318125956,0.));
#1638 = CARTESIAN_POINT('',(-2.340453813399,8.435031422258,0.));
#1639 = CARTESIAN_POINT('',(-2.338597508743,8.365095680394,0.));
#1640 = CARTESIAN_POINT('',(-2.334986858582,8.304571073261,0.));
#1641 = CARTESIAN_POINT('',(-2.330245682466,8.253486228765,0.));
#1642 = CARTESIAN_POINT('',(-2.324991107975,8.21184067778,0.));
#1643 = CARTESIAN_POINT('',(-2.319855363552,8.179598277288,0.));
#1644 = CARTESIAN_POINT('',(-2.315424777369,8.156704437296,0.));
#1645 = CARTESIAN_POINT('',(-2.312370045885,8.143048531183,0.));
#1646 = CARTESIAN_POINT('',(-2.310805098694,8.137031087663,0.));
#1647 = CARTESIAN_POINT('',(-2.310400308057,8.135530121808,0.));
#1648 = VECTOR('',#1649,1.);
#1649 = DIRECTION('',(-0.,-0.,-1.));
#1650 = ADVANCED_FACE('',(#1651),#1674,.F.);
#1651 = FACE_BOUND('',#1652,.F.);
#1652 = EDGE_LOOP('',(#1653,#1654,#1661,#1669));
#1653 = ORIENTED_EDGE('',*,*,#1592,.T.);
#1654 = ORIENTED_EDGE('',*,*,#1655,.T.);
#1655 = EDGE_CURVE('',#1566,#1656,#1658,.T.);
#1656 = VERTEX_POINT('',#1657);
#1657 = CARTESIAN_POINT('',(-2.117193784834,7.455198889195,5.));
#1658 = B_SPLINE_CURVE_WITH_KNOTS('',1,(#1659,#1660),.UNSPECIFIED.,.F.,
  .F.,(2,2),(0.,0.707233587073),.PIECEWISE_BEZIER_KNOTS.);
#1659 = CARTESIAN_POINT('',(-2.310400308057,8.135530121808,5.));
#1660 = CARTESIAN_POINT('',(-2.117193784834,7.455198889195,5.));
#1661 = ORIENTED_EDGE('',*,*,#1662,.F.);
#1662 = EDGE_CURVE('',#1663,#1656,#1665,.T.);
#1663 = VERTEX_POINT('',#1664);
#1664 = CARTESIAN_POINT('',(-2.117193784834,7.455198889195,0.));
#1665 = LINE('',#1666,#1667);
#1666 = CARTESIAN_POINT('',(-2.117193784834,7.455198889195,0.));
#1667 = VECTOR('',#1668,1.);
#1668 = DIRECTION('',(0.,0.,1.));
#1669 = ORIENTED_EDGE('',*,*,#1670,.F.);
#1670 = EDGE_CURVE('',#1593,#1663,#1671,.T.);
#1671 = B_SPLINE_CURVE_WITH_KNOTS('',1,(#1672,#1673),.UNSPECIFIED.,.F.,
  .F.,(2,2),(0.,0.707233587073),.PIECEWISE_BEZIER_KNOTS.);
#1672 = CARTESIAN_POINT('',(-2.310400308057,8.135530121808,0.));
#1673 = CARTESIAN_POINT('',(-2.117193784834,7.455198889195,0.));
#1674 = SURFACE_OF_LINEAR_EXTRUSION('',#1675,#1678);
#1675 = B_SPLINE_CURVE_WITH_KNOTS('',1,(#1676,#1677),.UNSPECIFIED.,.F.,
  .F.,(2,2),(0.,0.707233587073),.PIECEWISE_BEZIER_KNOTS.);
#1676 = CARTESIAN_POINT('',(-2.310400308057,8.135530121808,0.));
#1677 = CARTESIAN_POINT('',(-2.117193784834,7.455198889195,0.));
#1678 = VECTOR('',#1679,1.);
#1679 = DIRECTION('',(-0.,-0.,-1.));
#1680 = ADVANCED_FACE('',(#1681),#1704,.F.);
#1681 = FACE_BOUND('',#1682,.F.);
#1682 = EDGE_LOOP('',(#1683,#1684,#1691,#1699));
#1683 = ORIENTED_EDGE('',*,*,#1662,.T.);
#1684 = ORIENTED_EDGE('',*,*,#1685,.T.);
#1685 = EDGE_CURVE('',#1656,#1686,#1688,.T.);
#1686 = VERTEX_POINT('',#1687);
#1687 = CARTESIAN_POINT('',(-3.170244939845,7.071919613612,5.));
#1688 = B_SPLINE_CURVE_WITH_KNOTS('',1,(#1689,#1690),.UNSPECIFIED.,.F.,
  .F.,(2,2),(0.,1.120633632442),.PIECEWISE_BEZIER_KNOTS.);
#1689 = CARTESIAN_POINT('',(-2.117193784834,7.455198889195,5.));
#1690 = CARTESIAN_POINT('',(-3.170244939845,7.071919613612,5.));
#1691 = ORIENTED_EDGE('',*,*,#1692,.F.);
#1692 = EDGE_CURVE('',#1693,#1686,#1695,.T.);
#1693 = VERTEX_POINT('',#1694);
#1694 = CARTESIAN_POINT('',(-3.170244939845,7.071919613612,0.));
#1695 = LINE('',#1696,#1697);
#1696 = CARTESIAN_POINT('',(-3.170244939845,7.071919613612,0.));
#1697 = VECTOR('',#1698,1.);
#1698 = DIRECTION('',(0.,0.,1.));
#1699 = ORIENTED_EDGE('',*,*,#1700,.F.);
#1700 = EDGE_CURVE('',#1663,#1693,#1701,.T.);
#1701 = B_SPLINE_CURVE_WITH_KNOTS('',1,(#1702,#1703),.UNSPECIFIED.,.F.,
  .F.,(2,2),(0.,1.120633632442),.PIECEWISE_BEZIER_KNOTS.);
#1702 = CARTESIAN_POINT('',(-2.117193784834,7.455198889195,0.));
#1703 = CARTESIAN_POINT('',(-3.170244939845,7.071919613612,0.));
#1704 = SURFACE_OF_LINEAR_EXTRUSION('',#1705,#1708);
#1705 = B_SPLINE_CURVE_WITH_KNOTS('',1,(#1706,#1707),.UNSPECIFIED.,.F.,
  .F.,(2,2),(0.,1.120633632442),.PIECEWISE_BEZIER_KNOTS.);
#1706 = CARTESIAN_POINT('',(-2.117193784834,7.455198889195,0.));
#1707 = CARTESIAN_POINT('',(-3.170244939845,7.071919613612,0.));
#1708 = VECTOR('',#1709,1.);
#1709 = DIRECTION('',(-0.,-0.,-1.));
#1710 = ADVANCED_FACE('',(#1711),#1734,.F.);
#1711 = FACE_BOUND('',#1712,.F.);
#1712 = EDGE_LOOP('',(#1713,#1714,#1721,#1729));
#1713 = ORIENTED_EDGE('',*,*,#1692,.T.);
#1714 = ORIENTED_EDGE('',*,*,#1715,.T.);
#1715 = EDGE_CURVE('',#1686,#1716,#1718,.T.);
#1716 = VERTEX_POINT('',#1717);
#1717 = CARTESIAN_POINT('',(-3.459548643162,7.717274333073,5.));
#1718 = B_SPLINE_CURVE_WITH_KNOTS('',1,(#1719,#1720),.UNSPECIFIED.,.F.,
  .F.,(2,2),(0.,0.707233587073),.PIECEWISE_BEZIER_KNOTS.);
#1719 = CARTESIAN_POINT('',(-3.170244939845,7.071919613612,5.));
#1720 = CARTESIAN_POINT('',(-3.459548643162,7.717274333073,5.));
#1721 = ORIENTED_EDGE('',*,*,#1722,.F.);
#1722 = EDGE_CURVE('',#1723,#1716,#1725,.T.);
#1723 = VERTEX_POINT('',#1724);
#1724 = CARTESIAN_POINT('',(-3.459548643162,7.717274333073,0.));
#1725 = LINE('',#1726,#1727);
#1726 = CARTESIAN_POINT('',(-3.459548643162,7.717274333073,0.));
#1727 = VECTOR('',#1728,1.);
#1728 = DIRECTION('',(0.,0.,1.));
#1729 = ORIENTED_EDGE('',*,*,#1730,.F.);
#1730 = EDGE_CURVE('',#1693,#1723,#1731,.T.);
#1731 = B_SPLINE_CURVE_WITH_KNOTS('',1,(#1732,#1733),.UNSPECIFIED.,.F.,
  .F.,(2,2),(0.,0.707233587073),.PIECEWISE_BEZIER_KNOTS.);
#1732 = CARTESIAN_POINT('',(-3.170244939845,7.071919613612,0.));
#1733 = CARTESIAN_POINT('',(-3.459548643162,7.717274333073,0.));
#1734 = SURFACE_OF_LINEAR_EXTRUSION('',#1735,#1738);
#1735 = B_SPLINE_CURVE_WITH_KNOTS('',1,(#1736,#1737),.UNSPECIFIED.,.F.,
  .F.,(2,2),(0.,0.707233587073),.PIECEWISE_BEZIER_KNOTS.);
#1736 = CARTESIAN_POINT('',(-3.170244939845,7.071919613612,0.));
#1737 = CARTESIAN_POINT('',(-3.459548643162,7.717274333073,0.));
#1738 = VECTOR('',#1739,1.);
#1739 = DIRECTION('',(-0.,-0.,-1.));
#1740 = ADVANCED_FACE('',(#1741),#1804,.F.);
#1741 = FACE_BOUND('',#1742,.F.);
#1742 = EDGE_LOOP('',(#1743,#1744,#1771,#1779));
#1743 = ORIENTED_EDGE('',*,*,#1722,.T.);
#1744 = ORIENTED_EDGE('',*,*,#1745,.T.);
#1745 = EDGE_CURVE('',#1716,#1746,#1748,.T.);
#1746 = VERTEX_POINT('',#1747);
#1747 = CARTESIAN_POINT('',(-4.701984189283,8.825607326622,5.));
#1748 = B_SPLINE_CURVE_WITH_KNOTS('',3,(#1749,#1750,#1751,#1752,#1753,
    #1754,#1755,#1756,#1757,#1758,#1759,#1760,#1761,#1762,#1763,#1764,
    #1765,#1766,#1767,#1768,#1769,#1770),.UNSPECIFIED.,.F.,.F.,(4,1,1,1,
    1,1,1,1,1,1,1,1,1,1,1,1,1,1,1,4),(0.,4.663242026802E-03,
    1.865277763451E-02,4.196864491748E-02,7.461084931782E-02,
    0.11657939265,0.167874275737,0.228495499025,0.298443062779,
    0.377716967172,0.466317212321,0.564243798312,0.671496725205,
    0.788075993049,0.913981601881,1.049213551729,1.193771842617,
    1.347656474564,1.510867447587,1.683404761698),.UNSPECIFIED.);
#1749 = CARTESIAN_POINT('',(-3.459548643162,7.717274333073,5.));
#1750 = CARTESIAN_POINT('',(-3.460203357798,7.718684334032,5.));
#1751 = CARTESIAN_POINT('',(-3.462872476836,7.724299891866,5.));
#1752 = CARTESIAN_POINT('',(-3.469310264005,7.736724466408,5.));
#1753 = CARTESIAN_POINT('',(-3.480632114765,7.757110091218,5.));
#1754 = CARTESIAN_POINT('',(-3.497422921831,7.785110395829,5.));
#1755 = CARTESIAN_POINT('',(-3.520166928414,7.820390314119,5.));
#1756 = CARTESIAN_POINT('',(-3.549371681881,7.862571144636,5.));
#1757 = CARTESIAN_POINT('',(-3.585510230936,7.911256564788,5.));
#1758 = CARTESIAN_POINT('',(-3.629042047413,7.966023660852,5.));
#1759 = CARTESIAN_POINT('',(-3.680403891769,8.02642739715,5.));
#1760 = CARTESIAN_POINT('',(-3.740011558167,8.092000301885,5.));
#1761 = CARTESIAN_POINT('',(-3.808257962397,8.162253839839,5.));
#1762 = CARTESIAN_POINT('',(-3.88551249763,8.236679278874,5.));
#1763 = CARTESIAN_POINT('',(-3.972120044304,8.314748767615,5.));
#1764 = CARTESIAN_POINT('',(-4.068400123594,8.39591640563,5.));
#1765 = CARTESIAN_POINT('',(-4.174646162848,8.479619318446,5.));
#1766 = CARTESIAN_POINT('',(-4.291124379728,8.565278958502,5.));
#1767 = CARTESIAN_POINT('',(-4.418074522916,8.652301623595,5.));
#1768 = CARTESIAN_POINT('',(-4.555703231031,8.740082349138,5.));
#1769 = CARTESIAN_POINT('',(-4.652030479535,8.797106896625,5.));
#1770 = CARTESIAN_POINT('',(-4.701984189283,8.825607326622,5.));
#1771 = ORIENTED_EDGE('',*,*,#1772,.F.);
#1772 = EDGE_CURVE('',#1773,#1746,#1775,.T.);
#1773 = VERTEX_POINT('',#1774);
#1774 = CARTESIAN_POINT('',(-4.701984189283,8.825607326622,0.));
#1775 = LINE('',#1776,#1777);
#1776 = CARTESIAN_POINT('',(-4.701984189283,8.825607326622,0.));
#1777 = VECTOR('',#1778,1.);
#1778 = DIRECTION('',(0.,0.,1.));
#1779 = ORIENTED_EDGE('',*,*,#1780,.F.);
#1780 = EDGE_CURVE('',#1723,#1773,#1781,.T.);
#1781 = B_SPLINE_CURVE_WITH_KNOTS('',3,(#1782,#1783,#1784,#1785,#1786,
    #1787,#1788,#1789,#1790,#1791,#1792,#1793,#1794,#1795,#1796,#1797,
    #1798,#1799,#1800,#1801,#1802,#1803),.UNSPECIFIED.,.F.,.F.,(4,1,1,1,
    1,1,1,1,1,1,1,1,1,1,1,1,1,1,1,4),(0.,4.663242026802E-03,
    1.865277763451E-02,4.196864491748E-02,7.461084931782E-02,
    0.11657939265,0.167874275737,0.228495499025,0.298443062779,
    0.377716967172,0.466317212321,0.564243798312,0.671496725205,
    0.788075993049,0.913981601881,1.049213551729,1.193771842617,
    1.347656474564,1.510867447587,1.683404761698),.UNSPECIFIED.);
#1782 = CARTESIAN_POINT('',(-3.459548643162,7.717274333073,0.));
#1783 = CARTESIAN_POINT('',(-3.460203357798,7.718684334032,0.));
#1784 = CARTESIAN_POINT('',(-3.462872476836,7.724299891866,0.));
#1785 = CARTESIAN_POINT('',(-3.469310264005,7.736724466408,0.));
#1786 = CARTESIAN_POINT('',(-3.480632114765,7.757110091218,0.));
#1787 = CARTESIAN_POINT('',(-3.497422921831,7.785110395829,0.));
#1788 = CARTESIAN_POINT('',(-3.520166928414,7.820390314119,0.));
#1789 = CARTESIAN_POINT('',(-3.549371681881,7.862571144636,0.));
#1790 = CARTESIAN_POINT('',(-3.585510230936,7.911256564788,0.));
#1791 = CARTESIAN_POINT('',(-3.629042047413,7.966023660852,0.));
#1792 = CARTESIAN_POINT('',(-3.680403891769,8.02642739715,0.));
#1793 = CARTESIAN_POINT('',(-3.740011558167,8.092000301885,0.));
#1794 = CARTESIAN_POINT('',(-3.808257962397,8.162253839839,0.));
#1795 = CARTESIAN_POINT('',(-3.88551249763,8.236679278874,0.));
#1796 = CARTESIAN_POINT('',(-3.972120044304,8.314748767615,0.));
#1797 = CARTESIAN_POINT('',(-4.068400123594,8.39591640563,0.));
#1798 = CARTESIAN_POINT('',(-4.174646162848,8.479619318446,0.));
#1799 = CARTESIAN_POINT('',(-4.291124379728,8.565278958502,0.));
#1800 = CARTESIAN_POINT('',(-4.418074522916,8.652301623595,0.));
#1801 = CARTESIAN_POINT('',(-4.555703231031,8.740082349138,0.));
#1802 = CARTESIAN_POINT('',(-4.652030479535,8.797106896625,0.));
#1803 = CARTESIAN_POINT('',(-4.701984189283,8.825607326622,0.));
#1804 = SURFACE_OF_LINEAR_EXTRUSION('',#1805,#1828);
#1805 = B_SPLINE_CURVE_WITH_KNOTS('',3,(#1806,#1807,#1808,#1809,#1810,
    #1811,#1812,#1813,#1814,#1815,#1816,#1817,#1818,#1819,#1820,#1821,
    #1822,#1823,#1824,#1825,#1826,#1827),.UNSPECIFIED.,.F.,.F.,(4,1,1,1,
    1,1,1,1,1,1,1,1,1,1,1,1,1,1,1,4),(0.,4.663242026802E-03,
    1.865277763451E-02,4.196864491748E-02,7.461084931782E-02,
    0.11657939265,0.167874275737,0.228495499025,0.298443062779,
    0.377716967172,0.466317212321,0.564243798312,0.671496725205,
    0.788075993049,0.913981601881,1.049213551729,1.193771842617,
    1.347656474564,1.510867447587,1.683404761698),.UNSPECIFIED.);
#1806 = CARTESIAN_POINT('',(-3.459548643162,7.717274333073,0.));
#1807 = CARTESIAN_POINT('',(-3.460203357798,7.718684334032,0.));
#1808 = CARTESIAN_POINT('',(-3.462872476836,7.724299891866,0.));
#1809 = CARTESIAN_POINT('',(-3.469310264005,7.736724466408,0.));
#1810 = CARTESIAN_POINT('',(-3.480632114765,7.757110091218,0.));
#1811 = CARTESIAN_POINT('',(-3.497422921831,7.785110395829,0.));
#1812 = CARTESIAN_POINT('',(-3.520166928414,7.820390314119,0.));
#1813 = CARTESIAN_POINT('',(-3.549371681881,7.862571144636,0.));
#1814 = CARTESIAN_POINT('',(-3.585510230936,7.911256564788,0.));
#1815 = CARTESIAN_POINT('',(-3.629042047413,7.966023660852,0.));
#1816 = CARTESIAN_POINT('',(-3.680403891769,8.02642739715,0.));
#1817 = CARTESIAN_POINT('',(-3.740011558167,8.092000301885,0.));
#1818 = CARTESIAN_POINT('',(-3.808257962397,8.162253839839,0.));
#1819 = CARTESIAN_POINT('',(-3.88551249763,8.236679278874,0.));
#1820 = CARTESIAN_POINT('',(-3.972120044304,8.314748767615,0.));
#1821 = CARTESIAN_POINT('',(-4.068400123594,8.39591640563,0.));
#1822 = CARTESIAN_POINT('',(-4.174646162848,8.479619318446,0.));
#1823 = CARTESIAN_POINT('',(-4.291124379728,8.565278958502,0.));
#1824 = CARTESIAN_POINT('',(-4.418074522916,8.652301623595,0.));
#1825 = CARTESIAN_POINT('',(-4.555703231031,8.740082349138,0.));
#1826 = CARTESIAN_POINT('',(-4.652030479535,8.797106896625,0.));
#1827 = CARTESIAN_POINT('',(-4.701984189283,8.825607326622,0.));
#1828 = VECTOR('',#1829,1.);
#1829 = DIRECTION('',(-0.,-0.,-1.));
#1830 = ADVANCED_FACE('',(#1831),#1854,.F.);
#1831 = FACE_BOUND('',#1832,.F.);
#1832 = EDGE_LOOP('',(#1833,#1834,#1841,#1849));
#1833 = ORIENTED_EDGE('',*,*,#1772,.T.);
#1834 = ORIENTED_EDGE('',*,*,#1835,.T.);
#1835 = EDGE_CURVE('',#1746,#1836,#1838,.T.);
#1836 = VERTEX_POINT('',#1837);
#1837 = CARTESIAN_POINT('',(-5.292208054039,8.484841419423,5.));
#1838 = B_SPLINE_CURVE_WITH_KNOTS('',1,(#1839,#1840),.UNSPECIFIED.,.F.,
  .F.,(2,2),(0.,0.681531814398),.PIECEWISE_BEZIER_KNOTS.);
#1839 = CARTESIAN_POINT('',(-4.701984189283,8.825607326622,5.));
#1840 = CARTESIAN_POINT('',(-5.292208054039,8.484841419423,5.));
#1841 = ORIENTED_EDGE('',*,*,#1842,.F.);
#1842 = EDGE_CURVE('',#1843,#1836,#1845,.T.);
#1843 = VERTEX_POINT('',#1844);
#1844 = CARTESIAN_POINT('',(-5.292208054039,8.484841419423,0.));
#1845 = LINE('',#1846,#1847);
#1846 = CARTESIAN_POINT('',(-5.292208054039,8.484841419423,0.));
#1847 = VECTOR('',#1848,1.);
#1848 = DIRECTION('',(0.,0.,1.));
#1849 = ORIENTED_EDGE('',*,*,#1850,.F.);
#1850 = EDGE_CURVE('',#1773,#1843,#1851,.T.);
#1851 = B_SPLINE_CURVE_WITH_KNOTS('',1,(#1852,#1853),.UNSPECIFIED.,.F.,
  .F.,(2,2),(0.,0.681531814398),.PIECEWISE_BEZIER_KNOTS.);
#1852 = CARTESIAN_POINT('',(-4.701984189283,8.825607326622,0.));
#1853 = CARTESIAN_POINT('',(-5.292208054039,8.484841419423,0.));
#1854 = SURFACE_OF_LINEAR_EXTRUSION('',#1855,#1858);
#1855 = B_SPLINE_CURVE_WITH_KNOTS('',1,(#1856,#1857),.UNSPECIFIED.,.F.,
  .F.,(2,2),(0.,0.681531814398),.PIECEWISE_BEZIER_KNOTS.);
#1856 = CARTESIAN_POINT('',(-4.701984189283,8.825607326622,0.));
#1857 = CARTESIAN_POINT('',(-5.292208054039,8.484841419423,0.));
#1858 = VECTOR('',#1859,1.);
#1859 = DIRECTION('',(-0.,-0.,-1.));
#1860 = ADVANCED_FACE('',(#1861),#1924,.F.);
#1861 = FACE_BOUND('',#1862,.F.);
#1862 = EDGE_LOOP('',(#1863,#1864,#1891,#1899));
#1863 = ORIENTED_EDGE('',*,*,#1842,.T.);
#1864 = ORIENTED_EDGE('',*,*,#1865,.T.);
#1865 = EDGE_CURVE('',#1836,#1866,#1868,.T.);
#1866 = VERTEX_POINT('',#1867);
#1867 = CARTESIAN_POINT('',(-4.953581298834,6.854694177143,5.));
#1868 = B_SPLINE_CURVE_WITH_KNOTS('',3,(#1869,#1870,#1871,#1872,#1873,
    #1874,#1875,#1876,#1877,#1878,#1879,#1880,#1881,#1882,#1883,#1884,
    #1885,#1886,#1887,#1888,#1889,#1890),.UNSPECIFIED.,.F.,.F.,(4,1,1,1,
    1,1,1,1,1,1,1,1,1,1,1,1,1,1,1,4),(0.,0.172537314111,0.335748287134,
    0.489632919081,0.634191209969,0.769423159817,0.895328768649,
    1.011908036493,1.119160963386,1.217087549377,1.305687794526,
    1.384961698919,1.454909262673,1.515530485961,1.566825369048,
    1.60879391238,1.641436116781,1.664751984064,1.678741519671,
    1.683404761698),.UNSPECIFIED.);
#1869 = CARTESIAN_POINT('',(-5.292208054039,8.484841419423,5.));
#1870 = CARTESIAN_POINT('',(-5.292502812517,8.427330022769,5.));
#1871 = CARTESIAN_POINT('',(-5.291281730006,8.315395904745,5.));
#1872 = CARTESIAN_POINT('',(-5.284075745781,8.152315584455,5.));
#1873 = CARTESIAN_POINT('',(-5.272186978699,7.998862202894,5.));
#1874 = CARTESIAN_POINT('',(-5.256242662771,7.85515928806,5.));
#1875 = CARTESIAN_POINT('',(-5.23687683353,7.721296062607,5.));
#1876 = CARTESIAN_POINT('',(-5.214723636688,7.597331249056,5.));
#1877 = CARTESIAN_POINT('',(-5.190417249515,7.483292169106,5.));
#1878 = CARTESIAN_POINT('',(-5.164590196239,7.37917505952,5.));
#1879 = CARTESIAN_POINT('',(-5.137872049781,7.284945170762,5.));
#1880 = CARTESIAN_POINT('',(-5.110888081679,7.200536965034,5.));
#1881 = CARTESIAN_POINT('',(-5.084257833739,7.125854434887,5.));
#1882 = CARTESIAN_POINT('',(-5.058594045495,7.060771227914,5.));
#1883 = CARTESIAN_POINT('',(-5.034500509377,7.0051316163,5.));
#1884 = CARTESIAN_POINT('',(-5.01257321533,6.958749142628,5.));
#1885 = CARTESIAN_POINT('',(-4.993391913139,6.921412295998,5.));
#1886 = CARTESIAN_POINT('',(-4.977538341565,6.892870878223,5.));
#1887 = CARTESIAN_POINT('',(-4.965544797988,6.872873055443,5.));
#1888 = CARTESIAN_POINT('',(-4.958003694387,6.861085480939,5.));
#1889 = CARTESIAN_POINT('',(-4.954475038165,6.855966177129,5.));
#1890 = CARTESIAN_POINT('',(-4.953581298834,6.854694177143,5.));
#1891 = ORIENTED_EDGE('',*,*,#1892,.F.);
#1892 = EDGE_CURVE('',#1893,#1866,#1895,.T.);
#1893 = VERTEX_POINT('',#1894);
#1894 = CARTESIAN_POINT('',(-4.953581298834,6.854694177143,0.));
#1895 = LINE('',#1896,#1897);
#1896 = CARTESIAN_POINT('',(-4.953581298834,6.854694177143,0.));
#1897 = VECTOR('',#1898,1.);
#1898 = DIRECTION('',(0.,0.,1.));
#1899 = ORIENTED_EDGE('',*,*,#1900,.F.);
#1900 = EDGE_CURVE('',#1843,#1893,#1901,.T.);
#1901 = B_SPLINE_CURVE_WITH_KNOTS('',3,(#1902,#1903,#1904,#1905,#1906,
    #1907,#1908,#1909,#1910,#1911,#1912,#1913,#1914,#1915,#1916,#1917,
    #1918,#1919,#1920,#1921,#1922,#1923),.UNSPECIFIED.,.F.,.F.,(4,1,1,1,
    1,1,1,1,1,1,1,1,1,1,1,1,1,1,1,4),(0.,0.172537314111,0.335748287134,
    0.489632919081,0.634191209969,0.769423159817,0.895328768649,
    1.011908036493,1.119160963386,1.217087549377,1.305687794526,
    1.384961698919,1.454909262673,1.515530485961,1.566825369048,
    1.60879391238,1.641436116781,1.664751984064,1.678741519671,
    1.683404761698),.UNSPECIFIED.);
#1902 = CARTESIAN_POINT('',(-5.292208054039,8.484841419423,0.));
#1903 = CARTESIAN_POINT('',(-5.292502812517,8.427330022769,0.));
#1904 = CARTESIAN_POINT('',(-5.291281730006,8.315395904745,0.));
#1905 = CARTESIAN_POINT('',(-5.284075745781,8.152315584455,0.));
#1906 = CARTESIAN_POINT('',(-5.272186978699,7.998862202894,0.));
#1907 = CARTESIAN_POINT('',(-5.256242662771,7.85515928806,0.));
#1908 = CARTESIAN_POINT('',(-5.23687683353,7.721296062607,0.));
#1909 = CARTESIAN_POINT('',(-5.214723636688,7.597331249056,0.));
#1910 = CARTESIAN_POINT('',(-5.190417249515,7.483292169106,0.));
#1911 = CARTESIAN_POINT('',(-5.164590196239,7.37917505952,0.));
#1912 = CARTESIAN_POINT('',(-5.137872049781,7.284945170762,0.));
#1913 = CARTESIAN_POINT('',(-5.110888081679,7.200536965034,0.));
#1914 = CARTESIAN_POINT('',(-5.084257833739,7.125854434887,0.));
#1915 = CARTESIAN_POINT('',(-5.058594045495,7.060771227914,0.));
#1916 = CARTESIAN_POINT('',(-5.034500509377,7.0051316163,0.));
#1917 = CARTESIAN_POINT('',(-5.01257321533,6.958749142628,0.));
#1918 = CARTESIAN_POINT('',(-4.993391913139,6.921412295998,0.));
#1919 = CARTESIAN_POINT('',(-4.977538341565,6.892870878223,0.));
#1920 = CARTESIAN_POINT('',(-4.965544797988,6.872873055443,0.));
#1921 = CARTESIAN_POINT('',(-4.958003694387,6.861085480939,0.));
#1922 = CARTESIAN_POINT('',(-4.954475038165,6.855966177129,0.));
#1923 = CARTESIAN_POINT('',(-4.953581298834,6.854694177143,0.));
#1924 = SURFACE_OF_LINEAR_EXTRUSION('',#1925,#1948);
#1925 = B_SPLINE_CURVE_WITH_KNOTS('',3,(#1926,#1927,#1928,#1929,#1930,
    #1931,#1932,#1933,#1934,#1935,#1936,#1937,#1938,#1939,#1940,#1941,
    #1942,#1943,#1944,#1945,#1946,#1947),.UNSPECIFIED.,.F.,.F.,(4,1,1,1,
    1,1,1,1,1,1,1,1,1,1,1,1,1,1,1,4),(0.,0.172537314111,0.335748287134,
    0.489632919081,0.634191209969,0.769423159817,0.895328768649,
    1.011908036493,1.119160963386,1.217087549377,1.305687794526,
    1.384961698919,1.454909262673,1.515530485961,1.566825369048,
    1.60879391238,1.641436116781,1.664751984064,1.678741519671,
    1.683404761698),.UNSPECIFIED.);
#1926 = CARTESIAN_POINT('',(-5.292208054039,8.484841419423,0.));
#1927 = CARTESIAN_POINT('',(-5.292502812517,8.427330022769,0.));
#1928 = CARTESIAN_POINT('',(-5.291281730006,8.315395904745,0.));
#1929 = CARTESIAN_POINT('',(-5.284075745781,8.152315584455,0.));
#1930 = CARTESIAN_POINT('',(-5.272186978699,7.998862202894,0.));
#1931 = CARTESIAN_POINT('',(-5.256242662771,7.85515928806,0.));
#1932 = CARTESIAN_POINT('',(-5.23687683353,7.721296062607,0.));
#1933 = CARTESIAN_POINT('',(-5.214723636688,7.597331249056,0.));
#1934 = CARTESIAN_POINT('',(-5.190417249515,7.483292169106,0.));
#1935 = CARTESIAN_POINT('',(-5.164590196239,7.37917505952,0.));
#1936 = CARTESIAN_POINT('',(-5.137872049781,7.284945170762,0.));
#1937 = CARTESIAN_POINT('',(-5.110888081679,7.200536965034,0.));
#1938 = CARTESIAN_POINT('',(-5.084257833739,7.125854434887,0.));
#1939 = CARTESIAN_POINT('',(-5.058594045495,7.060771227914,0.));
#1940 = CARTESIAN_POINT('',(-5.034500509377,7.0051316163,0.));
#1941 = CARTESIAN_POINT('',(-5.01257321533,6.958749142628,0.));
#1942 = CARTESIAN_POINT('',(-4.993391913139,6.921412295998,0.));
#1943 = CARTESIAN_POINT('',(-4.977538341565,6.892870878223,0.));
#1944 = CARTESIAN_POINT('',(-4.965544797988,6.872873055443,0.));
#1945 = CARTESIAN_POINT('',(-4.958003694387,6.861085480939,0.));
#1946 = CARTESIAN_POINT('',(-4.954475038165,6.855966177129,0.));
#1947 = CARTESIAN_POINT('',(-4.953581298834,6.854694177143,0.));
#1948 = VECTOR('',#1949,1.);
#1949 = DIRECTION('',(-0.,-0.,-1.));
#1950 = ADVANCED_FACE('',(#1951),#1974,.F.);
#1951 = FACE_BOUND('',#1952,.F.);
#1952 = EDGE_LOOP('',(#1953,#1954,#1961,#1969));
#1953 = ORIENTED_EDGE('',*,*,#1892,.T.);
#1954 = ORIENTED_EDGE('',*,*,#1955,.T.);
#1955 = EDGE_CURVE('',#1866,#1956,#1958,.T.);
#1956 = VERTEX_POINT('',#1957);
#1957 = CARTESIAN_POINT('',(-4.539339568987,6.281472460931,5.));
#1958 = B_SPLINE_CURVE_WITH_KNOTS('',1,(#1959,#1960),.UNSPECIFIED.,.F.,
  .F.,(2,2),(0.,0.707233587073),.PIECEWISE_BEZIER_KNOTS.);
#1959 = CARTESIAN_POINT('',(-4.953581298834,6.854694177143,5.));
#1960 = CARTESIAN_POINT('',(-4.539339568987,6.281472460931,5.));
#1961 = ORIENTED_EDGE('',*,*,#1962,.F.);
#1962 = EDGE_CURVE('',#1963,#1956,#1965,.T.);
#1963 = VERTEX_POINT('',#1964);
#1964 = CARTESIAN_POINT('',(-4.539339568987,6.281472460931,0.));
#1965 = LINE('',#1966,#1967);
#1966 = CARTESIAN_POINT('',(-4.539339568987,6.281472460931,0.));
#1967 = VECTOR('',#1968,1.);
#1968 = DIRECTION('',(0.,0.,1.));
#1969 = ORIENTED_EDGE('',*,*,#1970,.F.);
#1970 = EDGE_CURVE('',#1893,#1963,#1971,.T.);
#1971 = B_SPLINE_CURVE_WITH_KNOTS('',1,(#1972,#1973),.UNSPECIFIED.,.F.,
  .F.,(2,2),(0.,0.707233587073),.PIECEWISE_BEZIER_KNOTS.);
#1972 = CARTESIAN_POINT('',(-4.953581298834,6.854694177143,0.));
#1973 = CARTESIAN_POINT('',(-4.539339568987,6.281472460931,0.));
#1974 = SURFACE_OF_LINEAR_EXTRUSION('',#1975,#1978);
#1975 = B_SPLINE_CURVE_WITH_KNOTS('',1,(#1976,#1977),.UNSPECIFIED.,.F.,
  .F.,(2,2),(0.,0.707233587073),.PIECEWISE_BEZIER_KNOTS.);
#1976 = CARTESIAN_POINT('',(-4.953581298834,6.854694177143,0.));
#1977 = CARTESIAN_POINT('',(-4.539339568987,6.281472460931,0.));
#1978 = VECTOR('',#1979,1.);
#1979 = DIRECTION('',(-0.,-0.,-1.));
#1980 = ADVANCED_FACE('',(#1981),#2004,.F.);
#1981 = FACE_BOUND('',#1982,.F.);
#1982 = EDGE_LOOP('',(#1983,#1984,#1991,#1999));
#1983 = ORIENTED_EDGE('',*,*,#1962,.T.);
#1984 = ORIENTED_EDGE('',*,*,#1985,.T.);
#1985 = EDGE_CURVE('',#1956,#1986,#1988,.T.);
#1986 = VERTEX_POINT('',#1987);
#1987 = CARTESIAN_POINT('',(-5.397794735891,5.561143046999,5.));
#1988 = B_SPLINE_CURVE_WITH_KNOTS('',1,(#1989,#1990),.UNSPECIFIED.,.F.,
  .F.,(2,2),(0.,1.120633632442),.PIECEWISE_BEZIER_KNOTS.);
#1989 = CARTESIAN_POINT('',(-4.539339568987,6.281472460931,5.));
#1990 = CARTESIAN_POINT('',(-5.397794735891,5.561143046999,5.));
#1991 = ORIENTED_EDGE('',*,*,#1992,.F.);
#1992 = EDGE_CURVE('',#1993,#1986,#1995,.T.);
#1993 = VERTEX_POINT('',#1994);
#1994 = CARTESIAN_POINT('',(-5.397794735891,5.561143046999,0.));
#1995 = LINE('',#1996,#1997);
#1996 = CARTESIAN_POINT('',(-5.397794735891,5.561143046999,0.));
#1997 = VECTOR('',#1998,1.);
#1998 = DIRECTION('',(0.,0.,1.));
#1999 = ORIENTED_EDGE('',*,*,#2000,.F.);
#2000 = EDGE_CURVE('',#1963,#1993,#2001,.T.);
#2001 = B_SPLINE_CURVE_WITH_KNOTS('',1,(#2002,#2003),.UNSPECIFIED.,.F.,
  .F.,(2,2),(0.,1.120633632442),.PIECEWISE_BEZIER_KNOTS.);
#2002 = CARTESIAN_POINT('',(-4.539339568987,6.281472460931,0.));
#2003 = CARTESIAN_POINT('',(-5.397794735891,5.561143046999,0.));
#2004 = SURFACE_OF_LINEAR_EXTRUSION('',#2005,#2008);
#2005 = B_SPLINE_CURVE_WITH_KNOTS('',1,(#2006,#2007),.UNSPECIFIED.,.F.,
  .F.,(2,2),(0.,1.120633632442),.PIECEWISE_BEZIER_KNOTS.);
#2006 = CARTESIAN_POINT('',(-4.539339568987,6.281472460931,0.));
#2007 = CARTESIAN_POINT('',(-5.397794735891,5.561143046999,0.));
#2008 = VECTOR('',#2009,1.);
#2009 = DIRECTION('',(-0.,-0.,-1.));
#2010 = ADVANCED_FACE('',(#2011),#2034,.F.);
#2011 = FACE_BOUND('',#2012,.F.);
#2012 = EDGE_LOOP('',(#2013,#2014,#2021,#2029));
#2013 = ORIENTED_EDGE('',*,*,#1992,.T.);
#2014 = ORIENTED_EDGE('',*,*,#2015,.T.);
#2015 = EDGE_CURVE('',#1986,#2016,#2018,.T.);
#2016 = VERTEX_POINT('',#2017);
#2017 = CARTESIAN_POINT('',(-5.890375604711,6.068630420593,5.));
#2018 = B_SPLINE_CURVE_WITH_KNOTS('',1,(#2019,#2020),.UNSPECIFIED.,.F.,
  .F.,(2,2),(0.,0.707233587073),.PIECEWISE_BEZIER_KNOTS.);
#2019 = CARTESIAN_POINT('',(-5.397794735891,5.561143046999,5.));
#2020 = CARTESIAN_POINT('',(-5.890375604711,6.068630420593,5.));
#2021 = ORIENTED_EDGE('',*,*,#2022,.F.);
#2022 = EDGE_CURVE('',#2023,#2016,#2025,.T.);
#2023 = VERTEX_POINT('',#2024);
#2024 = CARTESIAN_POINT('',(-5.890375604711,6.068630420593,0.));
#2025 = LINE('',#2026,#2027);
#2026 = CARTESIAN_POINT('',(-5.890375604711,6.068630420593,0.));
#2027 = VECTOR('',#2028,1.);
#2028 = DIRECTION('',(0.,0.,1.));
#2029 = ORIENTED_EDGE('',*,*,#2030,.F.);
#2030 = EDGE_CURVE('',#1993,#2023,#2031,.T.);
#2031 = B_SPLINE_CURVE_WITH_KNOTS('',1,(#2032,#2033),.UNSPECIFIED.,.F.,
  .F.,(2,2),(0.,0.707233587073),.PIECEWISE_BEZIER_KNOTS.);
#2032 = CARTESIAN_POINT('',(-5.397794735891,5.561143046999,0.));
#2033 = CARTESIAN_POINT('',(-5.890375604711,6.068630420593,0.));
#2034 = SURFACE_OF_LINEAR_EXTRUSION('',#2035,#2038);
#2035 = B_SPLINE_CURVE_WITH_KNOTS('',1,(#2036,#2037),.UNSPECIFIED.,.F.,
  .F.,(2,2),(0.,0.707233587073),.PIECEWISE_BEZIER_KNOTS.);
#2036 = CARTESIAN_POINT('',(-5.397794735891,5.561143046999,0.));
#2037 = CARTESIAN_POINT('',(-5.890375604711,6.068630420593,0.));
#2038 = VECTOR('',#2039,1.);
#2039 = DIRECTION('',(-0.,-0.,-1.));
#2040 = ADVANCED_FACE('',(#2041),#2104,.F.);
#2041 = FACE_BOUND('',#2042,.F.);
#2042 = EDGE_LOOP('',(#2043,#2044,#2071,#2079));
#2043 = ORIENTED_EDGE('',*,*,#2022,.T.);
#2044 = ORIENTED_EDGE('',*,*,#2045,.T.);
#2045 = EDGE_CURVE('',#2016,#2046,#2048,.T.);
#2046 = VERTEX_POINT('',#2047);
#2047 = CARTESIAN_POINT('',(-7.436955328509,6.685184772447,5.));
#2048 = B_SPLINE_CURVE_WITH_KNOTS('',3,(#2049,#2050,#2051,#2052,#2053,
    #2054,#2055,#2056,#2057,#2058,#2059,#2060,#2061,#2062,#2063,#2064,
    #2065,#2066,#2067,#2068,#2069,#2070),.UNSPECIFIED.,.F.,.F.,(4,1,1,1,
    1,1,1,1,1,1,1,1,1,1,1,1,1,1,1,4),(0.,4.663242026802E-03,
    1.865277763451E-02,4.196864491748E-02,7.461084931782E-02,
    0.11657939265,0.167874275737,0.228495499025,0.298443062779,
    0.377716967172,0.466317212321,0.564243798312,0.671496725205,
    0.788075993049,0.913981601881,1.049213551729,1.193771842617,
    1.347656474564,1.510867447587,1.683404761698),.UNSPECIFIED.);
#2049 = CARTESIAN_POINT('',(-5.890375604711,6.068630420593,5.));
#2050 = CARTESIAN_POINT('',(-5.891473083953,6.069731462495,5.));
#2051 = CARTESIAN_POINT('',(-5.895901869312,6.074095468278,5.));
#2052 = CARTESIAN_POINT('',(-5.906200865175,6.083568896401,5.));
#2053 = CARTESIAN_POINT('',(-5.923812219106,6.098852816586,5.));
#2054 = CARTESIAN_POINT('',(-5.9491670848,6.119421701969,5.));
#2055 = CARTESIAN_POINT('',(-5.982605902663,6.144795072457,5.));
#2056 = CARTESIAN_POINT('',(-6.024476087686,6.174443473666,5.));
#2057 = CARTESIAN_POINT('',(-6.075086609938,6.207832691995,5.));
#2058 = CARTESIAN_POINT('',(-6.134724586696,6.244408169917,5.));
#2059 = CARTESIAN_POINT('',(-6.203648227373,6.283602329817,5.));
#2060 = CARTESIAN_POINT('',(-6.282088365905,6.324833681915,5.));
#2061 = CARTESIAN_POINT('',(-6.370247133476,6.367508768158,5.));
#2062 = CARTESIAN_POINT('',(-6.468297649482,6.411023196805,5.));
#2063 = CARTESIAN_POINT('',(-6.576383459725,6.454762993757,5.));
#2064 = CARTESIAN_POINT('',(-6.694618106949,6.498105897728,5.));
#2065 = CARTESIAN_POINT('',(-6.823084808262,6.540422621666,5.));
#2066 = CARTESIAN_POINT('',(-6.961835851516,6.581078456895,5.));
#2067 = CARTESIAN_POINT('',(-7.110893468665,6.619433506955,5.));
#2068 = CARTESIAN_POINT('',(-7.270244926421,6.65484861652,5.));
#2069 = CARTESIAN_POINT('',(-7.380266474925,6.675488303657,5.));
#2070 = CARTESIAN_POINT('',(-7.436955328509,6.685184772447,5.));
#2071 = ORIENTED_EDGE('',*,*,#2072,.F.);
#2072 = EDGE_CURVE('',#2073,#2046,#2075,.T.);
#2073 = VERTEX_POINT('',#2074);
#2074 = CARTESIAN_POINT('',(-7.436955328509,6.685184772447,0.));
#2075 = LINE('',#2076,#2077);
#2076 = CARTESIAN_POINT('',(-7.436955328509,6.685184772447,0.));
#2077 = VECTOR('',#2078,1.);
#2078 = DIRECTION('',(0.,0.,1.));
#2079 = ORIENTED_EDGE('',*,*,#2080,.F.);
#2080 = EDGE_CURVE('',#2023,#2073,#2081,.T.);
#2081 = B_SPLINE_CURVE_WITH_KNOTS('',3,(#2082,#2083,#2084,#2085,#2086,
    #2087,#2088,#2089,#2090,#2091,#2092,#2093,#2094,#2095,#2096,#2097,
    #2098,#2099,#2100,#2101,#2102,#2103),.UNSPECIFIED.,.F.,.F.,(4,1,1,1,
    1,1,1,1,1,1,1,1,1,1,1,1,1,1,1,4),(0.,4.663242026802E-03,
    1.865277763451E-02,4.196864491748E-02,7.461084931782E-02,
    0.11657939265,0.167874275737,0.228495499025,0.298443062779,
    0.377716967172,0.466317212321,0.564243798312,0.671496725205,
    0.788075993049,0.913981601881,1.049213551729,1.193771842617,
    1.347656474564,1.510867447587,1.683404761698),.UNSPECIFIED.);
#2082 = CARTESIAN_POINT('',(-5.890375604711,6.068630420593,0.));
#2083 = CARTESIAN_POINT('',(-5.891473083953,6.069731462495,0.));
#2084 = CARTESIAN_POINT('',(-5.895901869312,6.074095468278,0.));
#2085 = CARTESIAN_POINT('',(-5.906200865175,6.083568896401,0.));
#2086 = CARTESIAN_POINT('',(-5.923812219106,6.098852816586,0.));
#2087 = CARTESIAN_POINT('',(-5.9491670848,6.119421701969,0.));
#2088 = CARTESIAN_POINT('',(-5.982605902663,6.144795072457,0.));
#2089 = CARTESIAN_POINT('',(-6.024476087686,6.174443473666,0.));
#2090 = CARTESIAN_POINT('',(-6.075086609938,6.207832691995,0.));
#2091 = CARTESIAN_POINT('',(-6.134724586696,6.244408169917,0.));
#2092 = CARTESIAN_POINT('',(-6.203648227373,6.283602329817,0.));
#2093 = CARTESIAN_POINT('',(-6.282088365905,6.324833681915,0.));
#2094 = CARTESIAN_POINT('',(-6.370247133476,6.367508768158,0.));
#2095 = CARTESIAN_POINT('',(-6.468297649482,6.411023196805,0.));
#2096 = CARTESIAN_POINT('',(-6.576383459725,6.454762993757,0.));
#2097 = CARTESIAN_POINT('',(-6.694618106949,6.498105897728,0.));
#2098 = CARTESIAN_POINT('',(-6.823084808262,6.540422621666,0.));
#2099 = CARTESIAN_POINT('',(-6.961835851516,6.581078456895,0.));
#2100 = CARTESIAN_POINT('',(-7.110893468665,6.619433506955,0.));
#2101 = CARTESIAN_POINT('',(-7.270244926421,6.65484861652,0.));
#2102 = CARTESIAN_POINT('',(-7.380266474925,6.675488303657,0.));
#2103 = CARTESIAN_POINT('',(-7.436955328509,6.685184772447,0.));
#2104 = SURFACE_OF_LINEAR_EXTRUSION('',#2105,#2128);
#2105 = B_SPLINE_CURVE_WITH_KNOTS('',3,(#2106,#2107,#2108,#2109,#2110,
    #2111,#2112,#2113,#2114,#2115,#2116,#2117,#2118,#2119,#2120,#2121,
    #2122,#2123,#2124,#2125,#2126,#2127),.UNSPECIFIED.,.F.,.F.,(4,1,1,1,
    1,1,1,1,1,1,1,1,1,1,1,1,1,1,1,4),(0.,4.663242026802E-03,
    1.865277763451E-02,4.196864491748E-02,7.461084931782E-02,
    0.11657939265,0.167874275737,0.228495499025,0.298443062779,
    0.377716967172,0.466317212321,0.564243798312,0.671496725205,
    0.788075993049,0.913981601881,1.049213551729,1.193771842617,
    1.347656474564,1.510867447587,1.683404761698),.UNSPECIFIED.);
#2106 = CARTESIAN_POINT('',(-5.890375604711,6.068630420593,0.));
#2107 = CARTESIAN_POINT('',(-5.891473083953,6.069731462495,0.));
#2108 = CARTESIAN_POINT('',(-5.895901869312,6.074095468278,0.));
#2109 = CARTESIAN_POINT('',(-5.906200865175,6.083568896401,0.));
#2110 = CARTESIAN_POINT('',(-5.923812219106,6.098852816586,0.));
#2111 = CARTESIAN_POINT('',(-5.9491670848,6.119421701969,0.));
#2112 = CARTESIAN_POINT('',(-5.982605902663,6.144795072457,0.));
#2113 = CARTESIAN_POINT('',(-6.024476087686,6.174443473666,0.));
#2114 = CARTESIAN_POINT('',(-6.075086609938,6.207832691995,0.));
#2115 = CARTESIAN_POINT('',(-6.134724586696,6.244408169917,0.));
#2116 = CARTESIAN_POINT('',(-6.203648227373,6.283602329817,0.));
#2117 = CARTESIAN_POINT('',(-6.282088365905,6.324833681915,0.));
#2118 = CARTESIAN_POINT('',(-6.370247133476,6.367508768158,0.));
#2119 = CARTESIAN_POINT('',(-6.468297649482,6.411023196805,0.));
#2120 = CARTESIAN_POINT('',(-6.576383459725,6.454762993757,0.));
#2121 = CARTESIAN_POINT('',(-6.694618106949,6.498105897728,0.));
#2122 = CARTESIAN_POINT('',(-6.823084808262,6.540422621666,0.));
#2123 = CARTESIAN_POINT('',(-6.961835851516,6.581078456895,0.));
#2124 = CARTESIAN_POINT('',(-7.110893468665,6.619433506955,0.));
#2125 = CARTESIAN_POINT('',(-7.270244926421,6.65484861652,0.));
#2126 = CARTESIAN_POINT('',(-7.380266474925,6.675488303657,0.));
#2127 = CARTESIAN_POINT('',(-7.436955328509,6.685184772447,0.));
#2128 = VECTOR('',#2129,1.);
#2129 = DIRECTION('',(-0.,-0.,-1.));
#2130 = ADVANCED_FACE('',(#2131),#2154,.F.);
#2131 = FACE_BOUND('',#2132,.F.);
#2132 = EDGE_LOOP('',(#2133,#2134,#2141,#2149));
#2133 = ORIENTED_EDGE('',*,*,#2072,.T.);
#2134 = ORIENTED_EDGE('',*,*,#2135,.T.);
#2135 = EDGE_CURVE('',#2046,#2136,#2138,.T.);
#2136 = VERTEX_POINT('',#2137);
#2137 = CARTESIAN_POINT('',(-7.875035534411,6.163101113219,5.));
#2138 = B_SPLINE_CURVE_WITH_KNOTS('',1,(#2139,#2140),.UNSPECIFIED.,.F.,
  .F.,(2,2),(0.,0.681531814398),.PIECEWISE_BEZIER_KNOTS.);
#2139 = CARTESIAN_POINT('',(-7.436955328509,6.685184772447,5.));
#2140 = CARTESIAN_POINT('',(-7.875035534411,6.163101113219,5.));
#2141 = ORIENTED_EDGE('',*,*,#2142,.F.);
#2142 = EDGE_CURVE('',#2143,#2136,#2145,.T.);
#2143 = VERTEX_POINT('',#2144);
#2144 = CARTESIAN_POINT('',(-7.875035534411,6.163101113219,0.));
#2145 = LINE('',#2146,#2147);
#2146 = CARTESIAN_POINT('',(-7.875035534411,6.163101113219,0.));
#2147 = VECTOR('',#2148,1.);
#2148 = DIRECTION('',(0.,0.,1.));
#2149 = ORIENTED_EDGE('',*,*,#2150,.F.);
#2150 = EDGE_CURVE('',#2073,#2143,#2151,.T.);
#2151 = B_SPLINE_CURVE_WITH_KNOTS('',1,(#2152,#2153),.UNSPECIFIED.,.F.,
  .F.,(2,2),(0.,0.681531814398),.PIECEWISE_BEZIER_KNOTS.);
#2152 = CARTESIAN_POINT('',(-7.436955328509,6.685184772447,0.));
#2153 = CARTESIAN_POINT('',(-7.875035534411,6.163101113219,0.));
#2154 = SURFACE_OF_LINEAR_EXTRUSION('',#2155,#2158);
#2155 = B_SPLINE_CURVE_WITH_KNOTS('',1,(#2156,#2157),.UNSPECIFIED.,.F.,
  .F.,(2,2),(0.,0.681531814398),.PIECEWISE_BEZIER_KNOTS.);
#2156 = CARTESIAN_POINT('',(-7.436955328509,6.685184772447,0.));
#2157 = CARTESIAN_POINT('',(-7.875035534411,6.163101113219,0.));
#2158 = VECTOR('',#2159,1.);
#2159 = DIRECTION('',(-0.,-0.,-1.));
#2160 = ADVANCED_FACE('',(#2161),#2224,.F.);
#2161 = FACE_BOUND('',#2162,.F.);
#2162 = EDGE_LOOP('',(#2163,#2164,#2191,#2199));
#2163 = ORIENTED_EDGE('',*,*,#2142,.T.);
#2164 = ORIENTED_EDGE('',*,*,#2165,.T.);
#2165 = EDGE_CURVE('',#2136,#2166,#2168,.T.);
#2166 = VERTEX_POINT('',#2167);
#2167 = CARTESIAN_POINT('',(-6.999287277898,4.747080950203,5.));
#2168 = B_SPLINE_CURVE_WITH_KNOTS('',3,(#2169,#2170,#2171,#2172,#2173,
    #2174,#2175,#2176,#2177,#2178,#2179,#2180,#2181,#2182,#2183,#2184,
    #2185,#2186,#2187,#2188,#2189,#2190),.UNSPECIFIED.,.F.,.F.,(4,1,1,1,
    1,1,1,1,1,1,1,1,1,1,1,1,1,1,1,4),(0.,0.172537314111,0.335748287134,
    0.489632919081,0.634191209969,0.769423159817,0.895328768649,
    1.011908036493,1.119160963386,1.217087549377,1.305687794526,
    1.384961698919,1.454909262673,1.515530485961,1.566825369048,
    1.60879391238,1.641436116781,1.664751984064,1.678741519671,
    1.683404761698),.UNSPECIFIED.);
#2169 = CARTESIAN_POINT('',(-7.875035534411,6.163101113219,5.));
#2170 = CARTESIAN_POINT('',(-7.855642460651,6.108957264835,5.));
#2171 = CARTESIAN_POINT('',(-7.816211295337,6.004191234929,5.));
#2172 = CARTESIAN_POINT('',(-7.753663130615,5.853410453115,5.));
#2173 = CARTESIAN_POINT('',(-7.690007196364,5.713277640649,5.));
#2174 = CARTESIAN_POINT('',(-7.625875148815,5.583694349212,5.));
#2175 = CARTESIAN_POINT('',(-7.561893302425,5.464527567752,5.));
#2176 = CARTESIAN_POINT('',(-7.498677643529,5.35561558678,5.));
#2177 = CARTESIAN_POINT('',(-7.436833448395,5.256767178895,5.));
#2178 = CARTESIAN_POINT('',(-7.376953808272,5.167762471782,5.));
#2179 = CARTESIAN_POINT('',(-7.319618443145,5.08835348494,5.));
#2180 = CARTESIAN_POINT('',(-7.265392500819,5.018264777521,5.));
#2181 = CARTESIAN_POINT('',(-7.214825323675,4.957194236258,5.));
#2182 = CARTESIAN_POINT('',(-7.168449483464,4.904813559461,5.));
#2183 = CARTESIAN_POINT('',(-7.126779097426,4.860769901681,5.));
#2184 = CARTESIAN_POINT('',(-7.090310440724,4.82468420969,5.));
#2185 = CARTESIAN_POINT('',(-7.059515958962,4.796159442154,5.));
#2186 = CARTESIAN_POINT('',(-7.034856734943,4.774761523306,5.));
#2187 = CARTESIAN_POINT('',(-7.016746832332,4.7600717503,5.));
#2188 = CARTESIAN_POINT('',(-7.005628925005,4.751574262856,5.));
#2189 = CARTESIAN_POINT('',(-7.00056216777,4.74797056235,5.));
#2190 = CARTESIAN_POINT('',(-6.999287277898,4.747080950203,5.));
#2191 = ORIENTED_EDGE('',*,*,#2192,.F.);
#2192 = EDGE_CURVE('',#2193,#2166,#2195,.T.);
#2193 = VERTEX_POINT('',#2194);
#2194 = CARTESIAN_POINT('',(-6.999287277898,4.747080950203,0.));
#2195 = LINE('',#2196,#2197);
#2196 = CARTESIAN_POINT('',(-6.999287277898,4.747080950203,0.));
#2197 = VECTOR('',#2198,1.);
#2198 = DIRECTION('',(0.,0.,1.));
#2199 = ORIENTED_EDGE('',*,*,#2200,.F.);
#2200 = EDGE_CURVE('',#2143,#2193,#2201,.T.);
#2201 = B_SPLINE_CURVE_WITH_KNOTS('',3,(#2202,#2203,#2204,#2205,#2206,
    #2207,#2208,#2209,#2210,#2211,#2212,#2213,#2214,#2215,#2216,#2217,
    #2218,#2219,#2220,#2221,#2222,#2223),.UNSPECIFIED.,.F.,.F.,(4,1,1,1,
    1,1,1,1,1,1,1,1,1,1,1,1,1,1,1,4),(0.,0.172537314111,0.335748287134,
    0.489632919081,0.634191209969,0.769423159817,0.895328768649,
    1.011908036493,1.119160963386,1.217087549377,1.305687794526,
    1.384961698919,1.454909262673,1.515530485961,1.566825369048,
    1.60879391238,1.641436116781,1.664751984064,1.678741519671,
    1.683404761698),.UNSPECIFIED.);
#2202 = CARTESIAN_POINT('',(-7.875035534411,6.163101113219,0.));
#2203 = CARTESIAN_POINT('',(-7.855642460651,6.108957264835,0.));
#2204 = CARTESIAN_POINT('',(-7.816211295337,6.004191234929,0.));
#2205 = CARTESIAN_POINT('',(-7.753663130615,5.853410453115,0.));
#2206 = CARTESIAN_POINT('',(-7.690007196364,5.713277640649,0.));
#2207 = CARTESIAN_POINT('',(-7.625875148815,5.583694349212,0.));
#2208 = CARTESIAN_POINT('',(-7.561893302425,5.464527567752,0.));
#2209 = CARTESIAN_POINT('',(-7.498677643529,5.35561558678,0.));
#2210 = CARTESIAN_POINT('',(-7.436833448395,5.256767178895,0.));
#2211 = CARTESIAN_POINT('',(-7.376953808272,5.167762471782,0.));
#2212 = CARTESIAN_POINT('',(-7.319618443145,5.08835348494,0.));
#2213 = CARTESIAN_POINT('',(-7.265392500819,5.018264777521,0.));
#2214 = CARTESIAN_POINT('',(-7.214825323675,4.957194236258,0.));
#2215 = CARTESIAN_POINT('',(-7.168449483464,4.904813559461,0.));
#2216 = CARTESIAN_POINT('',(-7.126779097426,4.860769901681,0.));
#2217 = CARTESIAN_POINT('',(-7.090310440724,4.82468420969,0.));
#2218 = CARTESIAN_POINT('',(-7.059515958962,4.796159442154,0.));
#2219 = CARTESIAN_POINT('',(-7.034856734943,4.774761523306,0.));
#2220 = CARTESIAN_POINT('',(-7.016746832332,4.7600717503,0.));
#2221 = CARTESIAN_POINT('',(-7.005628925005,4.751574262856,0.));
#2222 = CARTESIAN_POINT('',(-7.00056216777,4.74797056235,0.));
#2223 = CARTESIAN_POINT('',(-6.999287277898,4.747080950203,0.));
#2224 = SURFACE_OF_LINEAR_EXTRUSION('',#2225,#2248);
#2225 = B_SPLINE_CURVE_WITH_KNOTS('',3,(#2226,#2227,#2228,#2229,#2230,
    #2231,#2232,#2233,#2234,#2235,#2236,#2237,#2238,#2239,#2240,#2241,
    #2242,#2243,#2244,#2245,#2246,#2247),.UNSPECIFIED.,.F.,.F.,(4,1,1,1,
    1,1,1,1,1,1,1,1,1,1,1,1,1,1,1,4),(0.,0.172537314111,0.335748287134,
    0.489632919081,0.634191209969,0.769423159817,0.895328768649,
    1.011908036493,1.119160963386,1.217087549377,1.305687794526,
    1.384961698919,1.454909262673,1.515530485961,1.566825369048,
    1.60879391238,1.641436116781,1.664751984064,1.678741519671,
    1.683404761698),.UNSPECIFIED.);
#2226 = CARTESIAN_POINT('',(-7.875035534411,6.163101113219,0.));
#2227 = CARTESIAN_POINT('',(-7.855642460651,6.108957264835,0.));
#2228 = CARTESIAN_POINT('',(-7.816211295337,6.004191234929,0.));
#2229 = CARTESIAN_POINT('',(-7.753663130615,5.853410453115,0.));
#2230 = CARTESIAN_POINT('',(-7.690007196364,5.713277640649,0.));
#2231 = CARTESIAN_POINT('',(-7.625875148815,5.583694349212,0.));
#2232 = CARTESIAN_POINT('',(-7.561893302425,5.464527567752,0.));
#2233 = CARTESIAN_POINT('',(-7.498677643529,5.35561558678,0.));
#2234 = CARTESIAN_POINT('',(-7.436833448395,5.256767178895,0.));
#2235 = CARTESIAN_POINT('',(-7.376953808272,5.167762471782,0.));
#2236 = CARTESIAN_POINT('',(-7.319618443145,5.08835348494,0.));
#2237 = CARTESIAN_POINT('',(-7.265392500819,5.018264777521,0.));
#2238 = CARTESIAN_POINT('',(-7.214825323675,4.957194236258,0.));
#2239 = CARTESIAN_POINT('',(-7.168449483464,4.904813559461,0.));
#2240 = CARTESIAN_POINT('',(-7.126779097426,4.860769901681,0.));
#2241 = CARTESIAN_POINT('',(-7.090310440724,4.82468420969,0.));
#2242 = CARTESIAN_POINT('',(-7.059515958962,4.796159442154,0.));
#2243 = CARTESIAN_POINT('',(-7.034856734943,4.774761523306,0.));
#2244 = CARTESIAN_POINT('',(-7.016746832332,4.7600717503,0.));
#2245 = CARTESIAN_POINT('',(-7.005628925005,4.751574262856,0.));
#2246 = CARTESIAN_POINT('',(-7.00056216777,4.74797056235,0.));
#2247 = CARTESIAN_POINT('',(-6.999287277898,4.747080950203,0.));
#2248 = VECTOR('',#2249,1.);
#2249 = DIRECTION('',(-0.,-0.,-1.));
#2250 = ADVANCED_FACE('',(#2251),#2274,.F.);
#2251 = FACE_BOUND('',#2252,.F.);
#2252 = EDGE_LOOP('',(#2253,#2254,#2261,#2269));
#2253 = ORIENTED_EDGE('',*,*,#2192,.T.);
#2254 = ORIENTED_EDGE('',*,*,#2255,.T.);
#2255 = EDGE_CURVE('',#2166,#2256,#2258,.T.);
#2256 = VERTEX_POINT('',#2257);
#2257 = CARTESIAN_POINT('',(-6.413974007602,4.350107749218,5.));
#2258 = B_SPLINE_CURVE_WITH_KNOTS('',1,(#2259,#2260),.UNSPECIFIED.,.F.,
  .F.,(2,2),(0.,0.707233587073),.PIECEWISE_BEZIER_KNOTS.);
#2259 = CARTESIAN_POINT('',(-6.999287277898,4.747080950203,5.));
#2260 = CARTESIAN_POINT('',(-6.413974007602,4.350107749218,5.));
#2261 = ORIENTED_EDGE('',*,*,#2262,.F.);
#2262 = EDGE_CURVE('',#2263,#2256,#2265,.T.);
#2263 = VERTEX_POINT('',#2264);
#2264 = CARTESIAN_POINT('',(-6.413974007602,4.350107749218,0.));
#2265 = LINE('',#2266,#2267);
#2266 = CARTESIAN_POINT('',(-6.413974007602,4.350107749218,0.));
#2267 = VECTOR('',#2268,1.);
#2268 = DIRECTION('',(0.,0.,1.));
#2269 = ORIENTED_EDGE('',*,*,#2270,.F.);
#2270 = EDGE_CURVE('',#2193,#2263,#2271,.T.);
#2271 = B_SPLINE_CURVE_WITH_KNOTS('',1,(#2272,#2273),.UNSPECIFIED.,.F.,
  .F.,(2,2),(0.,0.707233587073),.PIECEWISE_BEZIER_KNOTS.);
#2272 = CARTESIAN_POINT('',(-6.999287277898,4.747080950203,0.));
#2273 = CARTESIAN_POINT('',(-6.413974007602,4.350107749218,0.));
#2274 = SURFACE_OF_LINEAR_EXTRUSION('',#2275,#2278);
#2275 = B_SPLINE_CURVE_WITH_KNOTS('',1,(#2276,#2277),.UNSPECIFIED.,.F.,
  .F.,(2,2),(0.,0.707233587073),.PIECEWISE_BEZIER_KNOTS.);
#2276 = CARTESIAN_POINT('',(-6.999287277898,4.747080950203,0.));
#2277 = CARTESIAN_POINT('',(-6.413974007602,4.350107749218,0.));
#2278 = VECTOR('',#2279,1.);
#2279 = DIRECTION('',(-0.,-0.,-1.));
#2280 = ADVANCED_FACE('',(#2281),#2304,.F.);
#2281 = FACE_BOUND('',#2282,.F.);
#2282 = EDGE_LOOP('',(#2283,#2284,#2291,#2299));
#2283 = ORIENTED_EDGE('',*,*,#2262,.T.);
#2284 = ORIENTED_EDGE('',*,*,#2285,.T.);
#2285 = EDGE_CURVE('',#2256,#2286,#2288,.T.);
#2286 = VERTEX_POINT('',#2287);
#2287 = CARTESIAN_POINT('',(-6.974290823823,3.379610555188,5.));
#2288 = B_SPLINE_CURVE_WITH_KNOTS('',1,(#2289,#2290),.UNSPECIFIED.,.F.,
  .F.,(2,2),(0.,1.120633632442),.PIECEWISE_BEZIER_KNOTS.);
#2289 = CARTESIAN_POINT('',(-6.413974007602,4.350107749218,5.));
#2290 = CARTESIAN_POINT('',(-6.974290823823,3.379610555188,5.));
#2291 = ORIENTED_EDGE('',*,*,#2292,.F.);
#2292 = EDGE_CURVE('',#2293,#2286,#2295,.T.);
#2293 = VERTEX_POINT('',#2294);
#2294 = CARTESIAN_POINT('',(-6.974290823823,3.379610555188,0.));
#2295 = LINE('',#2296,#2297);
#2296 = CARTESIAN_POINT('',(-6.974290823823,3.379610555188,0.));
#2297 = VECTOR('',#2298,1.);
#2298 = DIRECTION('',(0.,0.,1.));
#2299 = ORIENTED_EDGE('',*,*,#2300,.F.);
#2300 = EDGE_CURVE('',#2263,#2293,#2301,.T.);
#2301 = B_SPLINE_CURVE_WITH_KNOTS('',1,(#2302,#2303),.UNSPECIFIED.,.F.,
  .F.,(2,2),(0.,1.120633632442),.PIECEWISE_BEZIER_KNOTS.);
#2302 = CARTESIAN_POINT('',(-6.413974007602,4.350107749218,0.));
#2303 = CARTESIAN_POINT('',(-6.974290823823,3.379610555188,0.));
#2304 = SURFACE_OF_LINEAR_EXTRUSION('',#2305,#2308);
#2305 = B_SPLINE_CURVE_WITH_KNOTS('',1,(#2306,#2307),.UNSPECIFIED.,.F.,
  .F.,(2,2),(0.,1.120633632442),.PIECEWISE_BEZIER_KNOTS.);
#2306 = CARTESIAN_POINT('',(-6.413974007602,4.350107749218,0.));
#2307 = CARTESIAN_POINT('',(-6.974290823823,3.379610555188,0.));
#2308 = VECTOR('',#2309,1.);
#2309 = DIRECTION('',(-0.,-0.,-1.));
#2310 = ADVANCED_FACE('',(#2311),#2334,.F.);
#2311 = FACE_BOUND('',#2312,.F.);
#2312 = EDGE_LOOP('',(#2313,#2314,#2321,#2329));
#2313 = ORIENTED_EDGE('',*,*,#2292,.T.);
#2314 = ORIENTED_EDGE('',*,*,#2315,.T.);
#2315 = EDGE_CURVE('',#2286,#2316,#2318,.T.);
#2316 = VERTEX_POINT('',#2317);
#2317 = CARTESIAN_POINT('',(-7.610736335646,3.688020115943,5.));
#2318 = B_SPLINE_CURVE_WITH_KNOTS('',1,(#2319,#2320),.UNSPECIFIED.,.F.,
  .F.,(2,2),(0.,0.707233587073),.PIECEWISE_BEZIER_KNOTS.);
#2319 = CARTESIAN_POINT('',(-6.974290823823,3.379610555188,5.));
#2320 = CARTESIAN_POINT('',(-7.610736335646,3.688020115943,5.));
#2321 = ORIENTED_EDGE('',*,*,#2322,.F.);
#2322 = EDGE_CURVE('',#2323,#2316,#2325,.T.);
#2323 = VERTEX_POINT('',#2324);
#2324 = CARTESIAN_POINT('',(-7.610736335646,3.688020115943,0.));
#2325 = LINE('',#2326,#2327);
#2326 = CARTESIAN_POINT('',(-7.610736335646,3.688020115943,0.));
#2327 = VECTOR('',#2328,1.);
#2328 = DIRECTION('',(0.,0.,1.));
#2329 = ORIENTED_EDGE('',*,*,#2330,.F.);
#2330 = EDGE_CURVE('',#2293,#2323,#2331,.T.);
#2331 = B_SPLINE_CURVE_WITH_KNOTS('',1,(#2332,#2333),.UNSPECIFIED.,.F.,
  .F.,(2,2),(0.,0.707233587073),.PIECEWISE_BEZIER_KNOTS.);
#2332 = CARTESIAN_POINT('',(-6.974290823823,3.379610555188,0.));
#2333 = CARTESIAN_POINT('',(-7.610736335646,3.688020115943,0.));
#2334 = SURFACE_OF_LINEAR_EXTRUSION('',#2335,#2338);
#2335 = B_SPLINE_CURVE_WITH_KNOTS('',1,(#2336,#2337),.UNSPECIFIED.,.F.,
  .F.,(2,2),(0.,0.707233587073),.PIECEWISE_BEZIER_KNOTS.);
#2336 = CARTESIAN_POINT('',(-6.974290823823,3.379610555188,0.));
#2337 = CARTESIAN_POINT('',(-7.610736335646,3.688020115943,0.));
#2338 = VECTOR('',#2339,1.);
#2339 = DIRECTION('',(-0.,-0.,-1.));
#2340 = ADVANCED_FACE('',(#2341),#2404,.F.);
#2341 = FACE_BOUND('',#2342,.F.);
#2342 = EDGE_LOOP('',(#2343,#2344,#2371,#2379));
#2343 = ORIENTED_EDGE('',*,*,#2322,.T.);
#2344 = ORIENTED_EDGE('',*,*,#2345,.T.);
#2345 = EDGE_CURVE('',#2316,#2346,#2348,.T.);
#2346 = VERTEX_POINT('',#2347);
#2347 = CARTESIAN_POINT('',(-9.274919897345,3.738430271896,5.));
#2348 = B_SPLINE_CURVE_WITH_KNOTS('',3,(#2349,#2350,#2351,#2352,#2353,
    #2354,#2355,#2356,#2357,#2358,#2359,#2360,#2361,#2362,#2363,#2364,
    #2365,#2366,#2367,#2368,#2369,#2370),.UNSPECIFIED.,.F.,.F.,(4,1,1,1,
    1,1,1,1,1,1,1,1,1,1,1,1,1,1,1,4),(0.,4.663242026802E-03,
    1.865277763451E-02,4.196864491748E-02,7.461084931782E-02,
    0.11657939265,0.167874275737,0.228495499025,0.298443062779,
    0.377716967172,0.466317212321,0.564243798312,0.671496725205,
    0.788075993049,0.913981601881,1.049213551729,1.193771842617,
    1.347656474564,1.510867447587,1.683404761698),.UNSPECIFIED.);
#2349 = CARTESIAN_POINT('',(-7.610736335646,3.688020115943,5.));
#2350 = CARTESIAN_POINT('',(-7.6121442073,3.688679396886,5.));
#2351 = CARTESIAN_POINT('',(-7.617798482104,3.691265487114,5.));
#2352 = CARTESIAN_POINT('',(-7.630716475763,3.696645133574,5.));
#2353 = CARTESIAN_POINT('',(-7.652493143667,3.704983882792,5.));
#2354 = CARTESIAN_POINT('',(-7.683353896987,3.715640437806,5.));
#2355 = CARTESIAN_POINT('',(-7.723454311191,3.72804685754,5.));
#2356 = CARTESIAN_POINT('',(-7.772939765519,3.741586794691,5.));
#2357 = CARTESIAN_POINT('',(-7.831917885052,3.755652578695,5.));
#2358 = CARTESIAN_POINT('',(-7.900468801931,3.769624896041,5.));
#2359 = CARTESIAN_POINT('',(-7.97864103066,3.782882085414,5.));
#2360 = CARTESIAN_POINT('',(-8.066452602966,3.794798775302,5.));
#2361 = CARTESIAN_POINT('',(-8.163890485423,3.804748164616,5.));
#2362 = CARTESIAN_POINT('',(-8.270910642901,3.812103100576,5.));
#2363 = CARTESIAN_POINT('',(-8.38743797282,3.816237540696,5.));
#2364 = CARTESIAN_POINT('',(-8.513366344566,3.816527916731,5.));
#2365 = CARTESIAN_POINT('',(-8.648558727793,3.812354430356,5.));
#2366 = CARTESIAN_POINT('',(-8.792847173857,3.803102767012,5.));
#2367 = CARTESIAN_POINT('',(-8.946033716483,3.788164016942,5.));
#2368 = CARTESIAN_POINT('',(-9.107887786296,3.766941925644,5.));
#2369 = CARTESIAN_POINT('',(-9.218333412306,3.748707301554,5.));
#2370 = CARTESIAN_POINT('',(-9.274919897345,3.738430271896,5.));
#2371 = ORIENTED_EDGE('',*,*,#2372,.F.);
#2372 = EDGE_CURVE('',#2373,#2346,#2375,.T.);
#2373 = VERTEX_POINT('',#2374);
#2374 = CARTESIAN_POINT('',(-9.274919897345,3.738430271896,0.));
#2375 = LINE('',#2376,#2377);
#2376 = CARTESIAN_POINT('',(-9.274919897345,3.738430271896,0.));
#2377 = VECTOR('',#2378,1.);
#2378 = DIRECTION('',(0.,0.,1.));
#2379 = ORIENTED_EDGE('',*,*,#2380,.F.);
#2380 = EDGE_CURVE('',#2323,#2373,#2381,.T.);
#2381 = B_SPLINE_CURVE_WITH_KNOTS('',3,(#2382,#2383,#2384,#2385,#2386,
    #2387,#2388,#2389,#2390,#2391,#2392,#2393,#2394,#2395,#2396,#2397,
    #2398,#2399,#2400,#2401,#2402,#2403),.UNSPECIFIED.,.F.,.F.,(4,1,1,1,
    1,1,1,1,1,1,1,1,1,1,1,1,1,1,1,4),(0.,4.663242026802E-03,
    1.865277763451E-02,4.196864491748E-02,7.461084931782E-02,
    0.11657939265,0.167874275737,0.228495499025,0.298443062779,
    0.377716967172,0.466317212321,0.564243798312,0.671496725205,
    0.788075993049,0.913981601881,1.049213551729,1.193771842617,
    1.347656474564,1.510867447587,1.683404761698),.UNSPECIFIED.);
#2382 = CARTESIAN_POINT('',(-7.610736335646,3.688020115943,0.));
#2383 = CARTESIAN_POINT('',(-7.6121442073,3.688679396886,0.));
#2384 = CARTESIAN_POINT('',(-7.617798482104,3.691265487114,0.));
#2385 = CARTESIAN_POINT('',(-7.630716475763,3.696645133574,0.));
#2386 = CARTESIAN_POINT('',(-7.652493143667,3.704983882792,0.));
#2387 = CARTESIAN_POINT('',(-7.683353896987,3.715640437806,0.));
#2388 = CARTESIAN_POINT('',(-7.723454311191,3.72804685754,0.));
#2389 = CARTESIAN_POINT('',(-7.772939765519,3.741586794691,0.));
#2390 = CARTESIAN_POINT('',(-7.831917885052,3.755652578695,0.));
#2391 = CARTESIAN_POINT('',(-7.900468801931,3.769624896041,0.));
#2392 = CARTESIAN_POINT('',(-7.97864103066,3.782882085414,0.));
#2393 = CARTESIAN_POINT('',(-8.066452602966,3.794798775302,0.));
#2394 = CARTESIAN_POINT('',(-8.163890485423,3.804748164616,0.));
#2395 = CARTESIAN_POINT('',(-8.270910642901,3.812103100576,0.));
#2396 = CARTESIAN_POINT('',(-8.38743797282,3.816237540696,0.));
#2397 = CARTESIAN_POINT('',(-8.513366344566,3.816527916731,0.));
#2398 = CARTESIAN_POINT('',(-8.648558727793,3.812354430356,0.));
#2399 = CARTESIAN_POINT('',(-8.792847173857,3.803102767012,0.));
#2400 = CARTESIAN_POINT('',(-8.946033716483,3.788164016942,0.));
#2401 = CARTESIAN_POINT('',(-9.107887786296,3.766941925644,0.));
#2402 = CARTESIAN_POINT('',(-9.218333412306,3.748707301554,0.));
#2403 = CARTESIAN_POINT('',(-9.274919897345,3.738430271896,0.));
#2404 = SURFACE_OF_LINEAR_EXTRUSION('',#2405,#2428);
#2405 = B_SPLINE_CURVE_WITH_KNOTS('',3,(#2406,#2407,#2408,#2409,#2410,
    #2411,#2412,#2413,#2414,#2415,#2416,#2417,#2418,#2419,#2420,#2421,
    #2422,#2423,#2424,#2425,#2426,#2427),.UNSPECIFIED.,.F.,.F.,(4,1,1,1,
    1,1,1,1,1,1,1,1,1,1,1,1,1,1,1,4),(0.,4.663242026802E-03,
    1.865277763451E-02,4.196864491748E-02,7.461084931782E-02,
    0.11657939265,0.167874275737,0.228495499025,0.298443062779,
    0.377716967172,0.466317212321,0.564243798312,0.671496725205,
    0.788075993049,0.913981601881,1.049213551729,1.193771842617,
    1.347656474564,1.510867447587,1.683404761698),.UNSPECIFIED.);
#2406 = CARTESIAN_POINT('',(-7.610736335646,3.688020115943,0.));
#2407 = CARTESIAN_POINT('',(-7.6121442073,3.688679396886,0.));
#2408 = CARTESIAN_POINT('',(-7.617798482104,3.691265487114,0.));
#2409 = CARTESIAN_POINT('',(-7.630716475763,3.696645133574,0.));
#2410 = CARTESIAN_POINT('',(-7.652493143667,3.704983882792,0.));
#2411 = CARTESIAN_POINT('',(-7.683353896987,3.715640437806,0.));
#2412 = CARTESIAN_POINT('',(-7.723454311191,3.72804685754,0.));
#2413 = CARTESIAN_POINT('',(-7.772939765519,3.741586794691,0.));
#2414 = CARTESIAN_POINT('',(-7.831917885052,3.755652578695,0.));
#2415 = CARTESIAN_POINT('',(-7.900468801931,3.769624896041,0.));
#2416 = CARTESIAN_POINT('',(-7.97864103066,3.782882085414,0.));
#2417 = CARTESIAN_POINT('',(-8.066452602966,3.794798775302,0.));
#2418 = CARTESIAN_POINT('',(-8.163890485423,3.804748164616,0.));
#2419 = CARTESIAN_POINT('',(-8.270910642901,3.812103100576,0.));
#2420 = CARTESIAN_POINT('',(-8.38743797282,3.816237540696,0.));
#2421 = CARTESIAN_POINT('',(-8.513366344566,3.816527916731,0.));
#2422 = CARTESIAN_POINT('',(-8.648558727793,3.812354430356,0.));
#2423 = CARTESIAN_POINT('',(-8.792847173857,3.803102767012,0.));
#2424 = CARTESIAN_POINT('',(-8.946033716483,3.788164016942,0.));
#2425 = CARTESIAN_POINT('',(-9.107887786296,3.766941925644,0.));
#2426 = CARTESIAN_POINT('',(-9.218333412306,3.748707301554,0.));
#2427 = CARTESIAN_POINT('',(-9.274919897345,3.738430271896,0.));
#2428 = VECTOR('',#2429,1.);
#2429 = DIRECTION('',(-0.,-0.,-1.));
#2430 = ADVANCED_FACE('',(#2431),#2454,.F.);
#2431 = FACE_BOUND('',#2432,.F.);
#2432 = EDGE_LOOP('',(#2433,#2434,#2441,#2449));
#2433 = ORIENTED_EDGE('',*,*,#2372,.T.);
#2434 = ORIENTED_EDGE('',*,*,#2435,.T.);
#2435 = EDGE_CURVE('',#2346,#2436,#2438,.T.);
#2436 = VERTEX_POINT('',#2437);
#2437 = CARTESIAN_POINT('',(-9.508017506187,3.097999855075,5.));
#2438 = B_SPLINE_CURVE_WITH_KNOTS('',1,(#2439,#2440),.UNSPECIFIED.,.F.,
  .F.,(2,2),(0.,0.681531814398),.PIECEWISE_BEZIER_KNOTS.);
#2439 = CARTESIAN_POINT('',(-9.274919897345,3.738430271896,5.));
#2440 = CARTESIAN_POINT('',(-9.508017506187,3.097999855075,5.));
#2441 = ORIENTED_EDGE('',*,*,#2442,.F.);
#2442 = EDGE_CURVE('',#2443,#2436,#2445,.T.);
#2443 = VERTEX_POINT('',#2444);
#2444 = CARTESIAN_POINT('',(-9.508017506187,3.097999855075,0.));
#2445 = LINE('',#2446,#2447);
#2446 = CARTESIAN_POINT('',(-9.508017506187,3.097999855075,0.));
#2447 = VECTOR('',#2448,1.);
#2448 = DIRECTION('',(0.,0.,1.));
#2449 = ORIENTED_EDGE('',*,*,#2450,.F.);
#2450 = EDGE_CURVE('',#2373,#2443,#2451,.T.);
#2451 = B_SPLINE_CURVE_WITH_KNOTS('',1,(#2452,#2453),.UNSPECIFIED.,.F.,
  .F.,(2,2),(0.,0.681531814398),.PIECEWISE_BEZIER_KNOTS.);
#2452 = CARTESIAN_POINT('',(-9.274919897345,3.738430271896,0.));
#2453 = CARTESIAN_POINT('',(-9.508017506187,3.097999855075,0.));
#2454 = SURFACE_OF_LINEAR_EXTRUSION('',#2455,#2458);
#2455 = B_SPLINE_CURVE_WITH_KNOTS('',1,(#2456,#2457),.UNSPECIFIED.,.F.,
  .F.,(2,2),(0.,0.681531814398),.PIECEWISE_BEZIER_KNOTS.);
#2456 = CARTESIAN_POINT('',(-9.274919897345,3.738430271896,0.));
#2457 = CARTESIAN_POINT('',(-9.508017506187,3.097999855075,0.));
#2458 = VECTOR('',#2459,1.);
#2459 = DIRECTION('',(-0.,-0.,-1.));
#2460 = ADVANCED_FACE('',(#2461),#2524,.F.);
#2461 = FACE_BOUND('',#2462,.F.);
#2462 = EDGE_LOOP('',(#2463,#2464,#2491,#2499));
#2463 = ORIENTED_EDGE('',*,*,#2442,.T.);
#2464 = ORIENTED_EDGE('',*,*,#2465,.T.);
#2465 = EDGE_CURVE('',#2436,#2466,#2468,.T.);
#2466 = VERTEX_POINT('',#2467);
#2467 = CARTESIAN_POINT('',(-8.200775912768,2.066899701215,5.));
#2468 = B_SPLINE_CURVE_WITH_KNOTS('',3,(#2469,#2470,#2471,#2472,#2473,
    #2474,#2475,#2476,#2477,#2478,#2479,#2480,#2481,#2482,#2483,#2484,
    #2485,#2486,#2487,#2488,#2489,#2490),.UNSPECIFIED.,.F.,.F.,(4,1,1,1,
    1,1,1,1,1,1,1,1,1,1,1,1,1,1,1,4),(0.,0.172537314111,0.335748287134,
    0.489632919081,0.634191209969,0.769423159817,0.895328768649,
    1.011908036493,1.119160963386,1.217087549377,1.305687794526,
    1.384961698919,1.454909262673,1.515530485961,1.566825369048,
    1.60879391238,1.641436116781,1.664751984064,1.678741519671,
    1.683404761698),.UNSPECIFIED.);
#2469 = CARTESIAN_POINT('',(-9.508017506187,3.097999855075,5.));
#2470 = CARTESIAN_POINT('',(-9.471275691095,3.053754102155,5.));
#2471 = CARTESIAN_POINT('',(-9.398390423456,2.968792489755,5.));
#2472 = CARTESIAN_POINT('',(-9.288044310017,2.848497633991,5.));
#2473 = CARTESIAN_POINT('',(-9.180299053727,2.738587475943,5.));
#2474 = CARTESIAN_POINT('',(-9.07571454598,2.638753465298,5.));
#2475 = CARTESIAN_POINT('',(-8.974833837389,2.548656400389,5.));
#2476 = CARTESIAN_POINT('',(-8.878180457864,2.467933644271,5.));
#2477 = CARTESIAN_POINT('',(-8.786257777426,2.396198485288,5.));
#2478 = CARTESIAN_POINT('',(-8.699547918783,2.333041461896,5.));
#2479 = CARTESIAN_POINT('',(-8.618510826203,2.278031272735,5.));
#2480 = CARTESIAN_POINT('',(-8.543583358587,2.230715796139,5.));
#2481 = CARTESIAN_POINT('',(-8.475178400095,2.190623252341,5.));
#2482 = CARTESIAN_POINT('',(-8.41368411868,2.157262988399,5.));
#2483 = CARTESIAN_POINT('',(-8.359462946269,2.130127599595,5.));
#2484 = CARTESIAN_POINT('',(-8.312851585129,2.108691156308,5.));
#2485 = CARTESIAN_POINT('',(-8.274158192775,2.09241897581,5.));
#2486 = CARTESIAN_POINT('',(-8.243667582659,2.080745460702,5.));
#2487 = CARTESIAN_POINT('',(-8.221625642544,2.073135540894,5.));
#2488 = CARTESIAN_POINT('',(-8.208271915196,2.068953062905,5.));
#2489 = CARTESIAN_POINT('',(-8.202278182647,2.067299625168,5.));
#2490 = CARTESIAN_POINT('',(-8.200775912768,2.066899701215,5.));
#2491 = ORIENTED_EDGE('',*,*,#2492,.F.);
#2492 = EDGE_CURVE('',#2493,#2466,#2495,.T.);
#2493 = VERTEX_POINT('',#2494);
#2494 = CARTESIAN_POINT('',(-8.200775912768,2.066899701215,0.));
#2495 = LINE('',#2496,#2497);
#2496 = CARTESIAN_POINT('',(-8.200775912768,2.066899701215,0.));
#2497 = VECTOR('',#2498,1.);
#2498 = DIRECTION('',(0.,0.,1.));
#2499 = ORIENTED_EDGE('',*,*,#2500,.F.);
#2500 = EDGE_CURVE('',#2443,#2493,#2501,.T.);
#2501 = B_SPLINE_CURVE_WITH_KNOTS('',3,(#2502,#2503,#2504,#2505,#2506,
    #2507,#2508,#2509,#2510,#2511,#2512,#2513,#2514,#2515,#2516,#2517,
    #2518,#2519,#2520,#2521,#2522,#2523),.UNSPECIFIED.,.F.,.F.,(4,1,1,1,
    1,1,1,1,1,1,1,1,1,1,1,1,1,1,1,4),(0.,0.172537314111,0.335748287134,
    0.489632919081,0.634191209969,0.769423159817,0.895328768649,
    1.011908036493,1.119160963386,1.217087549377,1.305687794526,
    1.384961698919,1.454909262673,1.515530485961,1.566825369048,
    1.60879391238,1.641436116781,1.664751984064,1.678741519671,
    1.683404761698),.UNSPECIFIED.);
#2502 = CARTESIAN_POINT('',(-9.508017506187,3.097999855075,0.));
#2503 = CARTESIAN_POINT('',(-9.471275691095,3.053754102155,0.));
#2504 = CARTESIAN_POINT('',(-9.398390423456,2.968792489755,0.));
#2505 = CARTESIAN_POINT('',(-9.288044310017,2.848497633991,0.));
#2506 = CARTESIAN_POINT('',(-9.180299053727,2.738587475943,0.));
#2507 = CARTESIAN_POINT('',(-9.07571454598,2.638753465298,0.));
#2508 = CARTESIAN_POINT('',(-8.974833837389,2.548656400389,0.));
#2509 = CARTESIAN_POINT('',(-8.878180457864,2.467933644271,0.));
#2510 = CARTESIAN_POINT('',(-8.786257777426,2.396198485288,0.));
#2511 = CARTESIAN_POINT('',(-8.699547918783,2.333041461896,0.));
#2512 = CARTESIAN_POINT('',(-8.618510826203,2.278031272735,0.));
#2513 = CARTESIAN_POINT('',(-8.543583358587,2.230715796139,0.));
#2514 = CARTESIAN_POINT('',(-8.475178400095,2.190623252341,0.));
#2515 = CARTESIAN_POINT('',(-8.41368411868,2.157262988399,0.));
#2516 = CARTESIAN_POINT('',(-8.359462946269,2.130127599595,0.));
#2517 = CARTESIAN_POINT('',(-8.312851585129,2.108691156308,0.));
#2518 = CARTESIAN_POINT('',(-8.274158192775,2.09241897581,0.));
#2519 = CARTESIAN_POINT('',(-8.243667582659,2.080745460702,0.));
#2520 = CARTESIAN_POINT('',(-8.221625642544,2.073135540894,0.));
#2521 = CARTESIAN_POINT('',(-8.208271915196,2.068953062905,0.));
#2522 = CARTESIAN_POINT('',(-8.202278182647,2.067299625168,0.));
#2523 = CARTESIAN_POINT('',(-8.200775912768,2.066899701215,0.));
#2524 = SURFACE_OF_LINEAR_EXTRUSION('',#2525,#2548);
#2525 = B_SPLINE_CURVE_WITH_KNOTS('',3,(#2526,#2527,#2528,#2529,#2530,
    #2531,#2532,#2533,#2534,#2535,#2536,#2537,#2538,#2539,#2540,#2541,
    #2542,#2543,#2544,#2545,#2546,#2547),.UNSPECIFIED.,.F.,.F.,(4,1,1,1,
    1,1,1,1,1,1,1,1,1,1,1,1,1,1,1,4),(0.,0.172537314111,0.335748287134,
    0.489632919081,0.634191209969,0.769423159817,0.895328768649,
    1.011908036493,1.119160963386,1.217087549377,1.305687794526,
    1.384961698919,1.454909262673,1.515530485961,1.566825369048,
    1.60879391238,1.641436116781,1.664751984064,1.678741519671,
    1.683404761698),.UNSPECIFIED.);
#2526 = CARTESIAN_POINT('',(-9.508017506187,3.097999855075,0.));
#2527 = CARTESIAN_POINT('',(-9.471275691095,3.053754102155,0.));
#2528 = CARTESIAN_POINT('',(-9.398390423456,2.968792489755,0.));
#2529 = CARTESIAN_POINT('',(-9.288044310017,2.848497633991,0.));
#2530 = CARTESIAN_POINT('',(-9.180299053727,2.738587475943,0.));
#2531 = CARTESIAN_POINT('',(-9.07571454598,2.638753465298,0.));
#2532 = CARTESIAN_POINT('',(-8.974833837389,2.548656400389,0.));
#2533 = CARTESIAN_POINT('',(-8.878180457864,2.467933644271,0.));
#2534 = CARTESIAN_POINT('',(-8.786257777426,2.396198485288,0.));
#2535 = CARTESIAN_POINT('',(-8.699547918783,2.333041461896,0.));
#2536 = CARTESIAN_POINT('',(-8.618510826203,2.278031272735,0.));
#2537 = CARTESIAN_POINT('',(-8.543583358587,2.230715796139,0.));
#2538 = CARTESIAN_POINT('',(-8.475178400095,2.190623252341,0.));
#2539 = CARTESIAN_POINT('',(-8.41368411868,2.157262988399,0.));
#2540 = CARTESIAN_POINT('',(-8.359462946269,2.130127599595,0.));
#2541 = CARTESIAN_POINT('',(-8.312851585129,2.108691156308,0.));
#2542 = CARTESIAN_POINT('',(-8.274158192775,2.09241897581,0.));
#2543 = CARTESIAN_POINT('',(-8.243667582659,2.080745460702,0.));
#2544 = CARTESIAN_POINT('',(-8.221625642544,2.073135540894,0.));
#2545 = CARTESIAN_POINT('',(-8.208271915196,2.068953062905,0.));
#2546 = CARTESIAN_POINT('',(-8.202278182647,2.067299625168,0.));
#2547 = CARTESIAN_POINT('',(-8.200775912768,2.066899701215,0.));
#2548 = VECTOR('',#2549,1.);
#2549 = DIRECTION('',(-0.,-0.,-1.));
#2550 = ADVANCED_FACE('',(#2551),#2574,.F.);
#2551 = FACE_BOUND('',#2552,.F.);
#2552 = EDGE_LOOP('',(#2553,#2554,#2561,#2569));
#2553 = ORIENTED_EDGE('',*,*,#2492,.T.);
#2554 = ORIENTED_EDGE('',*,*,#2555,.T.);
#2555 = EDGE_CURVE('',#2466,#2556,#2558,.T.);
#2556 = VERTEX_POINT('',#2557);
#2557 = CARTESIAN_POINT('',(-7.514988520726,1.894055842196,5.));
#2558 = B_SPLINE_CURVE_WITH_KNOTS('',1,(#2559,#2560),.UNSPECIFIED.,.F.,
  .F.,(2,2),(0.,0.707233587073),.PIECEWISE_BEZIER_KNOTS.);
#2559 = CARTESIAN_POINT('',(-8.200775912768,2.066899701215,5.));
#2560 = CARTESIAN_POINT('',(-7.514988520726,1.894055842196,5.));
#2561 = ORIENTED_EDGE('',*,*,#2562,.F.);
#2562 = EDGE_CURVE('',#2563,#2556,#2565,.T.);
#2563 = VERTEX_POINT('',#2564);
#2564 = CARTESIAN_POINT('',(-7.514988520726,1.894055842196,0.));
#2565 = LINE('',#2566,#2567);
#2566 = CARTESIAN_POINT('',(-7.514988520726,1.894055842196,0.));
#2567 = VECTOR('',#2568,1.);
#2568 = DIRECTION('',(0.,0.,1.));
#2569 = ORIENTED_EDGE('',*,*,#2570,.F.);
#2570 = EDGE_CURVE('',#2493,#2563,#2571,.T.);
#2571 = B_SPLINE_CURVE_WITH_KNOTS('',1,(#2572,#2573),.UNSPECIFIED.,.F.,
  .F.,(2,2),(0.,0.707233587073),.PIECEWISE_BEZIER_KNOTS.);
#2572 = CARTESIAN_POINT('',(-8.200775912768,2.066899701215,0.));
#2573 = CARTESIAN_POINT('',(-7.514988520726,1.894055842196,0.));
#2574 = SURFACE_OF_LINEAR_EXTRUSION('',#2575,#2578);
#2575 = B_SPLINE_CURVE_WITH_KNOTS('',1,(#2576,#2577),.UNSPECIFIED.,.F.,
  .F.,(2,2),(0.,0.707233587073),.PIECEWISE_BEZIER_KNOTS.);
#2576 = CARTESIAN_POINT('',(-8.200775912768,2.066899701215,0.));
#2577 = CARTESIAN_POINT('',(-7.514988520726,1.894055842196,0.));
#2578 = VECTOR('',#2579,1.);
#2579 = DIRECTION('',(-0.,-0.,-1.));
#2580 = ADVANCED_FACE('',(#2581),#2604,.F.);
#2581 = FACE_BOUND('',#2582,.F.);
#2582 = EDGE_LOOP('',(#2583,#2584,#2591,#2599));
#2583 = ORIENTED_EDGE('',*,*,#2562,.T.);
#2584 = ORIENTED_EDGE('',*,*,#2585,.T.);
#2585 = EDGE_CURVE('',#2556,#2586,#2588,.T.);
#2586 = VERTEX_POINT('',#2587);
#2587 = CARTESIAN_POINT('',(-7.709584508832,0.790447152681,5.));
#2588 = B_SPLINE_CURVE_WITH_KNOTS('',1,(#2589,#2590),.UNSPECIFIED.,.F.,
  .F.,(2,2),(0.,1.120633632442),.PIECEWISE_BEZIER_KNOTS.);
#2589 = CARTESIAN_POINT('',(-7.514988520726,1.894055842196,5.));
#2590 = CARTESIAN_POINT('',(-7.709584508832,0.790447152681,5.));
#2591 = ORIENTED_EDGE('',*,*,#2592,.F.);
#2592 = EDGE_CURVE('',#2593,#2586,#2595,.T.);
#2593 = VERTEX_POINT('',#2594);
#2594 = CARTESIAN_POINT('',(-7.709584508832,0.790447152681,0.));
#2595 = LINE('',#2596,#2597);
#2596 = CARTESIAN_POINT('',(-7.709584508832,0.790447152681,0.));
#2597 = VECTOR('',#2598,1.);
#2598 = DIRECTION('',(0.,0.,1.));
#2599 = ORIENTED_EDGE('',*,*,#2600,.F.);
#2600 = EDGE_CURVE('',#2563,#2593,#2601,.T.);
#2601 = B_SPLINE_CURVE_WITH_KNOTS('',1,(#2602,#2603),.UNSPECIFIED.,.F.,
  .F.,(2,2),(0.,1.120633632442),.PIECEWISE_BEZIER_KNOTS.);
#2602 = CARTESIAN_POINT('',(-7.514988520726,1.894055842196,0.));
#2603 = CARTESIAN_POINT('',(-7.709584508832,0.790447152681,0.));
#2604 = SURFACE_OF_LINEAR_EXTRUSION('',#2605,#2608);
#2605 = B_SPLINE_CURVE_WITH_KNOTS('',1,(#2606,#2607),.UNSPECIFIED.,.F.,
  .F.,(2,2),(0.,1.120633632442),.PIECEWISE_BEZIER_KNOTS.);
#2606 = CARTESIAN_POINT('',(-7.514988520726,1.894055842196,0.));
#2607 = CARTESIAN_POINT('',(-7.709584508832,0.790447152681,0.));
#2608 = VECTOR('',#2609,1.);
#2609 = DIRECTION('',(-0.,-0.,-1.));
#2610 = ADVANCED_FACE('',(#2611),#2634,.F.);
#2611 = FACE_BOUND('',#2612,.F.);
#2612 = EDGE_LOOP('',(#2613,#2614,#2621,#2629));
#2613 = ORIENTED_EDGE('',*,*,#2592,.T.);
#2614 = ORIENTED_EDGE('',*,*,#2615,.T.);
#2615 = EDGE_CURVE('',#2586,#2616,#2618,.T.);
#2616 = VERTEX_POINT('',#2617);
#2617 = CARTESIAN_POINT('',(-8.413129941996,0.86258015593,5.));
#2618 = B_SPLINE_CURVE_WITH_KNOTS('',1,(#2619,#2620),.UNSPECIFIED.,.F.,
  .F.,(2,2),(0.,0.707233587073),.PIECEWISE_BEZIER_KNOTS.);
#2619 = CARTESIAN_POINT('',(-7.709584508832,0.790447152681,5.));
#2620 = CARTESIAN_POINT('',(-8.413129941996,0.86258015593,5.));
#2621 = ORIENTED_EDGE('',*,*,#2622,.F.);
#2622 = EDGE_CURVE('',#2623,#2616,#2625,.T.);
#2623 = VERTEX_POINT('',#2624);
#2624 = CARTESIAN_POINT('',(-8.413129941996,0.86258015593,0.));
#2625 = LINE('',#2626,#2627);
#2626 = CARTESIAN_POINT('',(-8.413129941996,0.86258015593,0.));
#2627 = VECTOR('',#2628,1.);
#2628 = DIRECTION('',(0.,0.,1.));
#2629 = ORIENTED_EDGE('',*,*,#2630,.F.);
#2630 = EDGE_CURVE('',#2593,#2623,#2631,.T.);
#2631 = B_SPLINE_CURVE_WITH_KNOTS('',1,(#2632,#2633),.UNSPECIFIED.,.F.,
  .F.,(2,2),(0.,0.707233587073),.PIECEWISE_BEZIER_KNOTS.);
#2632 = CARTESIAN_POINT('',(-7.709584508832,0.790447152681,0.));
#2633 = CARTESIAN_POINT('',(-8.413129941996,0.86258015593,0.));
#2634 = SURFACE_OF_LINEAR_EXTRUSION('',#2635,#2638);
#2635 = B_SPLINE_CURVE_WITH_KNOTS('',1,(#2636,#2637),.UNSPECIFIED.,.F.,
  .F.,(2,2),(0.,0.707233587073),.PIECEWISE_BEZIER_KNOTS.);
#2636 = CARTESIAN_POINT('',(-7.709584508832,0.790447152681,0.));
#2637 = CARTESIAN_POINT('',(-8.413129941996,0.86258015593,0.));
#2638 = VECTOR('',#2639,1.);
#2639 = DIRECTION('',(-0.,-0.,-1.));
#2640 = ADVANCED_FACE('',(#2641),#2704,.F.);
#2641 = FACE_BOUND('',#2642,.F.);
#2642 = EDGE_LOOP('',(#2643,#2644,#2671,#2679));
#2643 = ORIENTED_EDGE('',*,*,#2622,.T.);
#2644 = ORIENTED_EDGE('',*,*,#2645,.T.);
#2645 = EDGE_CURVE('',#2616,#2646,#2648,.T.);
#2646 = VERTEX_POINT('',#2647);
#2647 = CARTESIAN_POINT('',(-9.994192243323,0.340765907199,5.));
#2648 = B_SPLINE_CURVE_WITH_KNOTS('',3,(#2649,#2650,#2651,#2652,#2653,
    #2654,#2655,#2656,#2657,#2658,#2659,#2660,#2661,#2662,#2663,#2664,
    #2665,#2666,#2667,#2668,#2669,#2670),.UNSPECIFIED.,.F.,.F.,(4,1,1,1,
    1,1,1,1,1,1,1,1,1,1,1,1,1,1,1,4),(0.,4.663242026802E-03,
    1.865277763451E-02,4.196864491748E-02,7.461084931782E-02,
    0.11657939265,0.167874275737,0.228495499025,0.298443062779,
    0.377716967172,0.466317212321,0.564243798312,0.671496725205,
    0.788075993049,0.913981601881,1.049213551729,1.193771842617,
    1.347656474564,1.510867447587,1.683404761698),.UNSPECIFIED.);
#2649 = CARTESIAN_POINT('',(-8.413129941996,0.86258015593,5.));
#2650 = CARTESIAN_POINT('',(-8.414678395964,0.862718156902,5.));
#2651 = CARTESIAN_POINT('',(-8.420876171223,0.863214410927,5.));
#2652 = CARTESIAN_POINT('',(-8.434855061993,0.863851410966,5.));
#2653 = CARTESIAN_POINT('',(-8.45817045633,0.864239212995,5.));
#2654 = CARTESIAN_POINT('',(-8.49081483497,0.863698099831,5.));
#2655 = CARTESIAN_POINT('',(-8.532740143744,0.861641171491,5.));
#2656 = CARTESIAN_POINT('',(-8.583872191257,0.857439528336,5.));
#2657 = CARTESIAN_POINT('',(-8.644104276431,0.850485336875,5.));
#2658 = CARTESIAN_POINT('',(-8.713299881152,0.840169225964,5.));
#2659 = CARTESIAN_POINT('',(-8.791291973448,0.825890432116,5.));
#2660 = CARTESIAN_POINT('',(-8.877883607947,0.807055131123,5.));
#2661 = CARTESIAN_POINT('',(-8.972848158637,0.783078780319,5.));
#2662 = CARTESIAN_POINT('',(-9.075929747145,0.753387109768,5.));
#2663 = CARTESIAN_POINT('',(-9.186843680992,0.717417518559,5.));
#2664 = CARTESIAN_POINT('',(-9.305276957123,0.674620343023,5.));
#2665 = CARTESIAN_POINT('',(-9.430888825619,0.624460030386,5.));
#2666 = CARTESIAN_POINT('',(-9.563311358427,0.566416755608,5.));
#2667 = CARTESIAN_POINT('',(-9.702150268696,0.49998603914,5.));
#2668 = CARTESIAN_POINT('',(-9.846984961037,0.424686444394,5.));
#2669 = CARTESIAN_POINT('',(-9.944533292052,0.369776873856,5.));
#2670 = CARTESIAN_POINT('',(-9.994192243323,0.340765907199,5.));
#2671 = ORIENTED_EDGE('',*,*,#2672,.F.);
#2672 = EDGE_CURVE('',#2673,#2646,#2675,.T.);
#2673 = VERTEX_POINT('',#2674);
#2674 = CARTESIAN_POINT('',(-9.994192243323,0.340765907199,0.));
#2675 = LINE('',#2676,#2677);
#2676 = CARTESIAN_POINT('',(-9.994192243323,0.340765907199,0.));
#2677 = VECTOR('',#2678,1.);
#2678 = DIRECTION('',(0.,0.,1.));
#2679 = ORIENTED_EDGE('',*,*,#2680,.F.);
#2680 = EDGE_CURVE('',#2623,#2673,#2681,.T.);
#2681 = B_SPLINE_CURVE_WITH_KNOTS('',3,(#2682,#2683,#2684,#2685,#2686,
    #2687,#2688,#2689,#2690,#2691,#2692,#2693,#2694,#2695,#2696,#2697,
    #2698,#2699,#2700,#2701,#2702,#2703),.UNSPECIFIED.,.F.,.F.,(4,1,1,1,
    1,1,1,1,1,1,1,1,1,1,1,1,1,1,1,4),(0.,4.663242026802E-03,
    1.865277763451E-02,4.196864491748E-02,7.461084931782E-02,
    0.11657939265,0.167874275737,0.228495499025,0.298443062779,
    0.377716967172,0.466317212321,0.564243798312,0.671496725205,
    0.788075993049,0.913981601881,1.049213551729,1.193771842617,
    1.347656474564,1.510867447587,1.683404761698),.UNSPECIFIED.);
#2682 = CARTESIAN_POINT('',(-8.413129941996,0.86258015593,0.));
#2683 = CARTESIAN_POINT('',(-8.414678395964,0.862718156902,0.));
#2684 = CARTESIAN_POINT('',(-8.420876171223,0.863214410927,0.));
#2685 = CARTESIAN_POINT('',(-8.434855061993,0.863851410966,0.));
#2686 = CARTESIAN_POINT('',(-8.45817045633,0.864239212995,0.));
#2687 = CARTESIAN_POINT('',(-8.49081483497,0.863698099831,0.));
#2688 = CARTESIAN_POINT('',(-8.532740143744,0.861641171491,0.));
#2689 = CARTESIAN_POINT('',(-8.583872191257,0.857439528336,0.));
#2690 = CARTESIAN_POINT('',(-8.644104276431,0.850485336875,0.));
#2691 = CARTESIAN_POINT('',(-8.713299881152,0.840169225964,0.));
#2692 = CARTESIAN_POINT('',(-8.791291973448,0.825890432116,0.));
#2693 = CARTESIAN_POINT('',(-8.877883607947,0.807055131123,0.));
#2694 = CARTESIAN_POINT('',(-8.972848158637,0.783078780319,0.));
#2695 = CARTESIAN_POINT('',(-9.075929747145,0.753387109768,0.));
#2696 = CARTESIAN_POINT('',(-9.186843680992,0.717417518559,0.));
#2697 = CARTESIAN_POINT('',(-9.305276957123,0.674620343023,0.));
#2698 = CARTESIAN_POINT('',(-9.430888825619,0.624460030386,0.));
#2699 = CARTESIAN_POINT('',(-9.563311358427,0.566416755608,0.));
#2700 = CARTESIAN_POINT('',(-9.702150268696,0.49998603914,0.));
#2701 = CARTESIAN_POINT('',(-9.846984961037,0.424686444394,0.));
#2702 = CARTESIAN_POINT('',(-9.944533292052,0.369776873856,0.));
#2703 = CARTESIAN_POINT('',(-9.994192243323,0.340765907199,0.));
#2704 = SURFACE_OF_LINEAR_EXTRUSION('',#2705,#2728);
#2705 = B_SPLINE_CURVE_WITH_KNOTS('',3,(#2706,#2707,#2708,#2709,#2710,
    #2711,#2712,#2713,#2714,#2715,#2716,#2717,#2718,#2719,#2720,#2721,
    #2722,#2723,#2724,#2725,#2726,#2727),.UNSPECIFIED.,.F.,.F.,(4,1,1,1,
    1,1,1,1,1,1,1,1,1,1,1,1,1,1,1,4),(0.,4.663242026802E-03,
    1.865277763451E-02,4.196864491748E-02,7.461084931782E-02,
    0.11657939265,0.167874275737,0.228495499025,0.298443062779,
    0.377716967172,0.466317212321,0.564243798312,0.671496725205,
    0.788075993049,0.913981601881,1.049213551729,1.193771842617,
    1.347656474564,1.510867447587,1.683404761698),.UNSPECIFIED.);
#2706 = CARTESIAN_POINT('',(-8.413129941996,0.86258015593,0.));
#2707 = CARTESIAN_POINT('',(-8.414678395964,0.862718156902,0.));
#2708 = CARTESIAN_POINT('',(-8.420876171223,0.863214410927,0.));
#2709 = CARTESIAN_POINT('',(-8.434855061993,0.863851410966,0.));
#2710 = CARTESIAN_POINT('',(-8.45817045633,0.864239212995,0.));
#2711 = CARTESIAN_POINT('',(-8.49081483497,0.863698099831,0.));
#2712 = CARTESIAN_POINT('',(-8.532740143744,0.861641171491,0.));
#2713 = CARTESIAN_POINT('',(-8.583872191257,0.857439528336,0.));
#2714 = CARTESIAN_POINT('',(-8.644104276431,0.850485336875,0.));
#2715 = CARTESIAN_POINT('',(-8.713299881152,0.840169225964,0.));
#2716 = CARTESIAN_POINT('',(-8.791291973448,0.825890432116,0.));
#2717 = CARTESIAN_POINT('',(-8.877883607947,0.807055131123,0.));
#2718 = CARTESIAN_POINT('',(-8.972848158637,0.783078780319,0.));
#2719 = CARTESIAN_POINT('',(-9.075929747145,0.753387109768,0.));
#2720 = CARTESIAN_POINT('',(-9.186843680992,0.717417518559,0.));
#2721 = CARTESIAN_POINT('',(-9.305276957123,0.674620343023,0.));
#2722 = CARTESIAN_POINT('',(-9.430888825619,0.624460030386,0.));
#2723 = CARTESIAN_POINT('',(-9.563311358427,0.566416755608,0.));
#2724 = CARTESIAN_POINT('',(-9.702150268696,0.49998603914,0.));
#2725 = CARTESIAN_POINT('',(-9.846984961037,0.424686444394,0.));
#2726 = CARTESIAN_POINT('',(-9.944533292052,0.369776873856,0.));
#2727 = CARTESIAN_POINT('',(-9.994192243323,0.340765907199,0.));
#2728 = VECTOR('',#2729,1.);
#2729 = DIRECTION('',(-0.,-0.,-1.));
#2730 = ADVANCED_FACE('',(#2731),#2754,.F.);
#2731 = FACE_BOUND('',#2732,.F.);
#2732 = EDGE_LOOP('',(#2733,#2734,#2741,#2749));
#2733 = ORIENTED_EDGE('',*,*,#2672,.T.);
#2734 = ORIENTED_EDGE('',*,*,#2735,.T.);
#2735 = EDGE_CURVE('',#2646,#2736,#2738,.T.);
#2736 = VERTEX_POINT('',#2737);
#2737 = CARTESIAN_POINT('',(-9.994192243323,-0.340765907199,5.));
#2738 = B_SPLINE_CURVE_WITH_KNOTS('',1,(#2739,#2740),.UNSPECIFIED.,.F.,
  .F.,(2,2),(0.,0.681531814398),.PIECEWISE_BEZIER_KNOTS.);
#2739 = CARTESIAN_POINT('',(-9.994192243323,0.340765907199,5.));
#2740 = CARTESIAN_POINT('',(-9.994192243323,-0.340765907199,5.));
#2741 = ORIENTED_EDGE('',*,*,#2742,.F.);
#2742 = EDGE_CURVE('',#2743,#2736,#2745,.T.);
#2743 = VERTEX_POINT('',#2744);
#2744 = CARTESIAN_POINT('',(-9.994192243323,-0.340765907199,0.));
#2745 = LINE('',#2746,#2747);
#2746 = CARTESIAN_POINT('',(-9.994192243323,-0.340765907199,0.));
#2747 = VECTOR('',#2748,1.);
#2748 = DIRECTION('',(0.,0.,1.));
#2749 = ORIENTED_EDGE('',*,*,#2750,.F.);
#2750 = EDGE_CURVE('',#2673,#2743,#2751,.T.);
#2751 = B_SPLINE_CURVE_WITH_KNOTS('',1,(#2752,#2753),.UNSPECIFIED.,.F.,
  .F.,(2,2),(0.,0.681531814398),.PIECEWISE_BEZIER_KNOTS.);
#2752 = CARTESIAN_POINT('',(-9.994192243323,0.340765907199,0.));
#2753 = CARTESIAN_POINT('',(-9.994192243323,-0.340765907199,0.));
#2754 = SURFACE_OF_LINEAR_EXTRUSION('',#2755,#2758);
#2755 = B_SPLINE_CURVE_WITH_KNOTS('',1,(#2756,#2757),.UNSPECIFIED.,.F.,
  .F.,(2,2),(0.,0.681531814398),.PIECEWISE_BEZIER_KNOTS.);
#2756 = CARTESIAN_POINT('',(-9.994192243323,0.340765907199,0.));
#2757 = CARTESIAN_POINT('',(-9.994192243323,-0.340765907199,0.));
#2758 = VECTOR('',#2759,1.);
#2759 = DIRECTION('',(-0.,-0.,-1.));
#2760 = ADVANCED_FACE('',(#2761),#2824,.F.);
#2761 = FACE_BOUND('',#2762,.F.);
#2762 = EDGE_LOOP('',(#2763,#2764,#2791,#2799));
#2763 = ORIENTED_EDGE('',*,*,#2742,.T.);
#2764 = ORIENTED_EDGE('',*,*,#2765,.T.);
#2765 = EDGE_CURVE('',#2736,#2766,#2768,.T.);
#2766 = VERTEX_POINT('',#2767);
#2767 = CARTESIAN_POINT('',(-8.413129941996,-0.86258015593,5.));
#2768 = B_SPLINE_CURVE_WITH_KNOTS('',3,(#2769,#2770,#2771,#2772,#2773,
    #2774,#2775,#2776,#2777,#2778,#2779,#2780,#2781,#2782,#2783,#2784,
    #2785,#2786,#2787,#2788,#2789,#2790),.UNSPECIFIED.,.F.,.F.,(4,1,1,1,
    1,1,1,1,1,1,1,1,1,1,1,1,1,1,1,4),(0.,0.172537314111,0.335748287134,
    0.489632919081,0.634191209969,0.769423159817,0.895328768649,
    1.011908036493,1.119160963386,1.217087549377,1.305687794526,
    1.384961698919,1.454909262673,1.515530485961,1.566825369048,
    1.60879391238,1.641436116781,1.664751984064,1.678741519671,
    1.683404761698),.UNSPECIFIED.);
#2769 = CARTESIAN_POINT('',(-9.994192243323,-0.340765907199,5.));
#2770 = CARTESIAN_POINT('',(-9.944533292052,-0.369776873856,5.));
#2771 = CARTESIAN_POINT('',(-9.846984961037,-0.424686444394,5.));
#2772 = CARTESIAN_POINT('',(-9.702150268696,-0.49998603914,5.));
#2773 = CARTESIAN_POINT('',(-9.563311358427,-0.566416755608,5.));
#2774 = CARTESIAN_POINT('',(-9.430888825619,-0.624460030386,5.));
#2775 = CARTESIAN_POINT('',(-9.305276957123,-0.674620343023,5.));
#2776 = CARTESIAN_POINT('',(-9.186843680992,-0.717417518559,5.));
#2777 = CARTESIAN_POINT('',(-9.075929747145,-0.753387109768,5.));
#2778 = CARTESIAN_POINT('',(-8.972848158637,-0.783078780319,5.));
#2779 = CARTESIAN_POINT('',(-8.877883607947,-0.807055131123,5.));
#2780 = CARTESIAN_POINT('',(-8.791291973448,-0.825890432116,5.));
#2781 = CARTESIAN_POINT('',(-8.713299881152,-0.840169225964,5.));
#2782 = CARTESIAN_POINT('',(-8.644104276431,-0.850485336875,5.));
#2783 = CARTESIAN_POINT('',(-8.583872191257,-0.857439528336,5.));
#2784 = CARTESIAN_POINT('',(-8.532740143744,-0.861641171491,5.));
#2785 = CARTESIAN_POINT('',(-8.49081483497,-0.863698099831,5.));
#2786 = CARTESIAN_POINT('',(-8.45817045633,-0.864239212995,5.));
#2787 = CARTESIAN_POINT('',(-8.434855061993,-0.863851410966,5.));
#2788 = CARTESIAN_POINT('',(-8.420876171223,-0.863214410927,5.));
#2789 = CARTESIAN_POINT('',(-8.414678395964,-0.862718156902,5.));
#2790 = CARTESIAN_POINT('',(-8.413129941996,-0.86258015593,5.));
#2791 = ORIENTED_EDGE('',*,*,#2792,.F.);
#2792 = EDGE_CURVE('',#2793,#2766,#2795,.T.);
#2793 = VERTEX_POINT('',#2794);
#2794 = CARTESIAN_POINT('',(-8.413129941996,-0.86258015593,0.));
#2795 = LINE('',#2796,#2797);
#2796 = CARTESIAN_POINT('',(-8.413129941996,-0.86258015593,0.));
#2797 = VECTOR('',#2798,1.);
#2798 = DIRECTION('',(0.,0.,1.));
#2799 = ORIENTED_EDGE('',*,*,#2800,.F.);
#2800 = EDGE_CURVE('',#2743,#2793,#2801,.T.);
#2801 = B_SPLINE_CURVE_WITH_KNOTS('',3,(#2802,#2803,#2804,#2805,#2806,
    #2807,#2808,#2809,#2810,#2811,#2812,#2813,#2814,#2815,#2816,#2817,
    #2818,#2819,#2820,#2821,#2822,#2823),.UNSPECIFIED.,.F.,.F.,(4,1,1,1,
    1,1,1,1,1,1,1,1,1,1,1,1,1,1,1,4),(0.,0.172537314111,0.335748287134,
    0.489632919081,0.634191209969,0.769423159817,0.895328768649,
    1.011908036493,1.119160963386,1.217087549377,1.305687794526,
    1.384961698919,1.454909262673,1.515530485961,1.566825369048,
    1.60879391238,1.641436116781,1.664751984064,1.678741519671,
    1.683404761698),.UNSPECIFIED.);
#2802 = CARTESIAN_POINT('',(-9.994192243323,-0.340765907199,0.));
#2803 = CARTESIAN_POINT('',(-9.944533292052,-0.369776873856,0.));
#2804 = CARTESIAN_POINT('',(-9.846984961037,-0.424686444394,0.));
#2805 = CARTESIAN_POINT('',(-9.702150268696,-0.49998603914,0.));
#2806 = CARTESIAN_POINT('',(-9.563311358427,-0.566416755608,0.));
#2807 = CARTESIAN_POINT('',(-9.430888825619,-0.624460030386,0.));
#2808 = CARTESIAN_POINT('',(-9.305276957123,-0.674620343023,0.));
#2809 = CARTESIAN_POINT('',(-9.186843680992,-0.717417518559,0.));
#2810 = CARTESIAN_POINT('',(-9.075929747145,-0.753387109768,0.));
#2811 = CARTESIAN_POINT('',(-8.972848158637,-0.783078780319,0.));
#2812 = CARTESIAN_POINT('',(-8.877883607947,-0.807055131123,0.));
#2813 = CARTESIAN_POINT('',(-8.791291973448,-0.825890432116,0.));
#2814 = CARTESIAN_POINT('',(-8.713299881152,-0.840169225964,0.));
#2815 = CARTESIAN_POINT('',(-8.644104276431,-0.850485336875,0.));
#2816 = CARTESIAN_POINT('',(-8.583872191257,-0.857439528336,0.));
#2817 = CARTESIAN_POINT('',(-8.532740143744,-0.861641171491,0.));
#2818 = CARTESIAN_POINT('',(-8.49081483497,-0.863698099831,0.));
#2819 = CARTESIAN_POINT('',(-8.45817045633,-0.864239212995,0.));
#2820 = CARTESIAN_POINT('',(-8.434855061993,-0.863851410966,0.));
#2821 = CARTESIAN_POINT('',(-8.420876171223,-0.863214410927,0.));
#2822 = CARTESIAN_POINT('',(-8.414678395964,-0.862718156902,0.));
#2823 = CARTESIAN_POINT('',(-8.413129941996,-0.86258015593,0.));
#2824 = SURFACE_OF_LINEAR_EXTRUSION('',#2825,#2848);
#2825 = B_SPLINE_CURVE_WITH_KNOTS('',3,(#2826,#2827,#2828,#2829,#2830,
    #2831,#2832,#2833,#2834,#2835,#2836,#2837,#2838,#2839,#2840,#2841,
    #2842,#2843,#2844,#2845,#2846,#2847),.UNSPECIFIED.,.F.,.F.,(4,1,1,1,
    1,1,1,1,1,1,1,1,1,1,1,1,1,1,1,4),(0.,0.172537314111,0.335748287134,
    0.489632919081,0.634191209969,0.769423159817,0.895328768649,
    1.011908036493,1.119160963386,1.217087549377,1.305687794526,
    1.384961698919,1.454909262673,1.515530485961,1.566825369048,
    1.60879391238,1.641436116781,1.664751984064,1.678741519671,
    1.683404761698),.UNSPECIFIED.);
#2826 = CARTESIAN_POINT('',(-9.994192243323,-0.340765907199,0.));
#2827 = CARTESIAN_POINT('',(-9.944533292052,-0.369776873856,0.));
#2828 = CARTESIAN_POINT('',(-9.846984961037,-0.424686444394,0.));
#2829 = CARTESIAN_POINT('',(-9.702150268696,-0.49998603914,0.));
#2830 = CARTESIAN_POINT('',(-9.563311358427,-0.566416755608,0.));
#2831 = CARTESIAN_POINT('',(-9.430888825619,-0.624460030386,0.));
#2832 = CARTESIAN_POINT('',(-9.305276957123,-0.674620343023,0.));
#2833 = CARTESIAN_POINT('',(-9.186843680992,-0.717417518559,0.));
#2834 = CARTESIAN_POINT('',(-9.075929747145,-0.753387109768,0.));
#2835 = CARTESIAN_POINT('',(-8.972848158637,-0.783078780319,0.));
#2836 = CARTESIAN_POINT('',(-8.877883607947,-0.807055131123,0.));
#2837 = CARTESIAN_POINT('',(-8.791291973448,-0.825890432116,0.));
#2838 = CARTESIAN_POINT('',(-8.713299881152,-0.840169225964,0.));
#2839 = CARTESIAN_POINT('',(-8.644104276431,-0.850485336875,0.));
#2840 = CARTESIAN_POINT('',(-8.583872191257,-0.857439528336,0.));
#2841 = CARTESIAN_POINT('',(-8.532740143744,-0.861641171491,0.));
#2842 = CARTESIAN_POINT('',(-8.49081483497,-0.863698099831,0.));
#2843 = CARTESIAN_POINT('',(-8.45817045633,-0.864239212995,0.));
#2844 = CARTESIAN_POINT('',(-8.434855061993,-0.863851410966,0.));
#2845 = CARTESIAN_POINT('',(-8.420876171223,-0.863214410927,0.));
#2846 = CARTESIAN_POINT('',(-8.414678395964,-0.862718156902,0.));
#2847 = CARTESIAN_POINT('',(-8.413129941996,-0.86258015593,0.));
#2848 = VECTOR('',#2849,1.);
#2849 = DIRECTION('',(-0.,-0.,-1.));
#2850 = ADVANCED_FACE('',(#2851),#2874,.F.);
#2851 = FACE_BOUND('',#2852,.F.);
#2852 = EDGE_LOOP('',(#2853,#2854,#2861,#2869));
#2853 = ORIENTED_EDGE('',*,*,#2792,.T.);
#2854 = ORIENTED_EDGE('',*,*,#2855,.T.);
#2855 = EDGE_CURVE('',#2766,#2856,#2858,.T.);
#2856 = VERTEX_POINT('',#2857);
#2857 = CARTESIAN_POINT('',(-7.709584508832,-0.790447152681,5.));
#2858 = B_SPLINE_CURVE_WITH_KNOTS('',1,(#2859,#2860),.UNSPECIFIED.,.F.,
  .F.,(2,2),(0.,0.707233587073),.PIECEWISE_BEZIER_KNOTS.);
#2859 = CARTESIAN_POINT('',(-8.413129941996,-0.86258015593,5.));
#2860 = CARTESIAN_POINT('',(-7.709584508832,-0.790447152681,5.));
#2861 = ORIENTED_EDGE('',*,*,#2862,.F.);
#2862 = EDGE_CURVE('',#2863,#2856,#2865,.T.);
#2863 = VERTEX_POINT('',#2864);
#2864 = CARTESIAN_POINT('',(-7.709584508832,-0.790447152681,0.));
#2865 = LINE('',#2866,#2867);
#2866 = CARTESIAN_POINT('',(-7.709584508832,-0.790447152681,0.));
#2867 = VECTOR('',#2868,1.);
#2868 = DIRECTION('',(0.,0.,1.));
#2869 = ORIENTED_EDGE('',*,*,#2870,.F.);
#2870 = EDGE_CURVE('',#2793,#2863,#2871,.T.);
#2871 = B_SPLINE_CURVE_WITH_KNOTS('',1,(#2872,#2873),.UNSPECIFIED.,.F.,
  .F.,(2,2),(0.,0.707233587073),.PIECEWISE_BEZIER_KNOTS.);
#2872 = CARTESIAN_POINT('',(-8.413129941996,-0.86258015593,0.));
#2873 = CARTESIAN_POINT('',(-7.709584508832,-0.790447152681,0.));
#2874 = SURFACE_OF_LINEAR_EXTRUSION('',#2875,#2878);
#2875 = B_SPLINE_CURVE_WITH_KNOTS('',1,(#2876,#2877),.UNSPECIFIED.,.F.,
  .F.,(2,2),(0.,0.707233587073),.PIECEWISE_BEZIER_KNOTS.);
#2876 = CARTESIAN_POINT('',(-8.413129941996,-0.86258015593,0.));
#2877 = CARTESIAN_POINT('',(-7.709584508832,-0.790447152681,0.));
#2878 = VECTOR('',#2879,1.);
#2879 = DIRECTION('',(-0.,-0.,-1.));
#2880 = ADVANCED_FACE('',(#2881),#2904,.F.);
#2881 = FACE_BOUND('',#2882,.F.);
#2882 = EDGE_LOOP('',(#2883,#2884,#2891,#2899));
#2883 = ORIENTED_EDGE('',*,*,#2862,.T.);
#2884 = ORIENTED_EDGE('',*,*,#2885,.T.);
#2885 = EDGE_CURVE('',#2856,#2886,#2888,.T.);
#2886 = VERTEX_POINT('',#2887);
#2887 = CARTESIAN_POINT('',(-7.514988520726,-1.894055842196,5.));
#2888 = B_SPLINE_CURVE_WITH_KNOTS('',1,(#2889,#2890),.UNSPECIFIED.,.F.,
  .F.,(2,2),(0.,1.120633632442),.PIECEWISE_BEZIER_KNOTS.);
#2889 = CARTESIAN_POINT('',(-7.709584508832,-0.790447152681,5.));
#2890 = CARTESIAN_POINT('',(-7.514988520726,-1.894055842196,5.));
#2891 = ORIENTED_EDGE('',*,*,#2892,.F.);
#2892 = EDGE_CURVE('',#2893,#2886,#2895,.T.);
#2893 = VERTEX_POINT('',#2894);
#2894 = CARTESIAN_POINT('',(-7.514988520726,-1.894055842196,0.));
#2895 = LINE('',#2896,#2897);
#2896 = CARTESIAN_POINT('',(-7.514988520726,-1.894055842196,0.));
#2897 = VECTOR('',#2898,1.);
#2898 = DIRECTION('',(0.,0.,1.));
#2899 = ORIENTED_EDGE('',*,*,#2900,.F.);
#2900 = EDGE_CURVE('',#2863,#2893,#2901,.T.);
#2901 = B_SPLINE_CURVE_WITH_KNOTS('',1,(#2902,#2903),.UNSPECIFIED.,.F.,
  .F.,(2,2),(0.,1.120633632442),.PIECEWISE_BEZIER_KNOTS.);
#2902 = CARTESIAN_POINT('',(-7.709584508832,-0.790447152681,0.));
#2903 = CARTESIAN_POINT('',(-7.514988520726,-1.894055842196,0.));
#2904 = SURFACE_OF_LINEAR_EXTRUSION('',#2905,#2908);
#2905 = B_SPLINE_CURVE_WITH_KNOTS('',1,(#2906,#2907),.UNSPECIFIED.,.F.,
  .F.,(2,2),(0.,1.120633632442),.PIECEWISE_BEZIER_KNOTS.);
#2906 = CARTESIAN_POINT('',(-7.709584508832,-0.790447152681,0.));
#2907 = CARTESIAN_POINT('',(-7.514988520726,-1.894055842196,0.));
#2908 = VECTOR('',#2909,1.);
#2909 = DIRECTION('',(-0.,-0.,-1.));
#2910 = ADVANCED_FACE('',(#2911),#2934,.F.);
#2911 = FACE_BOUND('',#2912,.F.);
#2912 = EDGE_LOOP('',(#2913,#2914,#2921,#2929));
#2913 = ORIENTED_EDGE('',*,*,#2892,.T.);
#2914 = ORIENTED_EDGE('',*,*,#2915,.T.);
#2915 = EDGE_CURVE('',#2886,#2916,#2918,.T.);
#2916 = VERTEX_POINT('',#2917);
#2917 = CARTESIAN_POINT('',(-8.200775912768,-2.066899701215,5.));
#2918 = B_SPLINE_CURVE_WITH_KNOTS('',1,(#2919,#2920),.UNSPECIFIED.,.F.,
  .F.,(2,2),(0.,0.707233587073),.PIECEWISE_BEZIER_KNOTS.);
#2919 = CARTESIAN_POINT('',(-7.514988520726,-1.894055842196,5.));
#2920 = CARTESIAN_POINT('',(-8.200775912768,-2.066899701215,5.));
#2921 = ORIENTED_EDGE('',*,*,#2922,.F.);
#2922 = EDGE_CURVE('',#2923,#2916,#2925,.T.);
#2923 = VERTEX_POINT('',#2924);
#2924 = CARTESIAN_POINT('',(-8.200775912768,-2.066899701215,0.));
#2925 = LINE('',#2926,#2927);
#2926 = CARTESIAN_POINT('',(-8.200775912768,-2.066899701215,0.));
#2927 = VECTOR('',#2928,1.);
#2928 = DIRECTION('',(0.,0.,1.));
#2929 = ORIENTED_EDGE('',*,*,#2930,.F.);
#2930 = EDGE_CURVE('',#2893,#2923,#2931,.T.);
#2931 = B_SPLINE_CURVE_WITH_KNOTS('',1,(#2932,#2933),.UNSPECIFIED.,.F.,
  .F.,(2,2),(0.,0.707233587073),.PIECEWISE_BEZIER_KNOTS.);
#2932 = CARTESIAN_POINT('',(-7.514988520726,-1.894055842196,0.));
#2933 = CARTESIAN_POINT('',(-8.200775912768,-2.066899701215,0.));
#2934 = SURFACE_OF_LINEAR_EXTRUSION('',#2935,#2938);
#2935 = B_SPLINE_CURVE_WITH_KNOTS('',1,(#2936,#2937),.UNSPECIFIED.,.F.,
  .F.,(2,2),(0.,0.707233587073),.PIECEWISE_BEZIER_KNOTS.);
#2936 = CARTESIAN_POINT('',(-7.514988520726,-1.894055842196,0.));
#2937 = CARTESIAN_POINT('',(-8.200775912768,-2.066899701215,0.));
#2938 = VECTOR('',#2939,1.);
#2939 = DIRECTION('',(-0.,-0.,-1.));
#2940 = ADVANCED_FACE('',(#2941),#3004,.F.);
#2941 = FACE_BOUND('',#2942,.F.);
#2942 = EDGE_LOOP('',(#2943,#2944,#2971,#2979));
#2943 = ORIENTED_EDGE('',*,*,#2922,.T.);
#2944 = ORIENTED_EDGE('',*,*,#2945,.T.);
#2945 = EDGE_CURVE('',#2916,#2946,#2948,.T.);
#2946 = VERTEX_POINT('',#2947);
#2947 = CARTESIAN_POINT('',(-9.508017506187,-3.097999855075,5.));
#2948 = B_SPLINE_CURVE_WITH_KNOTS('',3,(#2949,#2950,#2951,#2952,#2953,
    #2954,#2955,#2956,#2957,#2958,#2959,#2960,#2961,#2962,#2963,#2964,
    #2965,#2966,#2967,#2968,#2969,#2970),.UNSPECIFIED.,.F.,.F.,(4,1,1,1,
    1,1,1,1,1,1,1,1,1,1,1,1,1,1,1,4),(0.,4.663242026802E-03,
    1.865277763451E-02,4.196864491748E-02,7.461084931782E-02,
    0.11657939265,0.167874275737,0.228495499025,0.298443062779,
    0.377716967172,0.466317212321,0.564243798312,0.671496725205,
    0.788075993049,0.913981601881,1.049213551729,1.193771842617,
    1.347656474564,1.510867447587,1.683404761698),.UNSPECIFIED.);
#2949 = CARTESIAN_POINT('',(-8.200775912768,-2.066899701215,5.));
#2950 = CARTESIAN_POINT('',(-8.202278182647,-2.067299625168,5.));
#2951 = CARTESIAN_POINT('',(-8.208271915196,-2.068953062905,5.));
#2952 = CARTESIAN_POINT('',(-8.221625642544,-2.073135540894,5.));
#2953 = CARTESIAN_POINT('',(-8.243667582659,-2.080745460702,5.));
#2954 = CARTESIAN_POINT('',(-8.274158192775,-2.09241897581,5.));
#2955 = CARTESIAN_POINT('',(-8.312851585129,-2.108691156308,5.));
#2956 = CARTESIAN_POINT('',(-8.359462946269,-2.130127599595,5.));
#2957 = CARTESIAN_POINT('',(-8.41368411868,-2.157262988399,5.));
#2958 = CARTESIAN_POINT('',(-8.475178400095,-2.190623252341,5.));
#2959 = CARTESIAN_POINT('',(-8.543583358587,-2.230715796139,5.));
#2960 = CARTESIAN_POINT('',(-8.618510826203,-2.278031272735,5.));
#2961 = CARTESIAN_POINT('',(-8.699547918783,-2.333041461896,5.));
#2962 = CARTESIAN_POINT('',(-8.786257777426,-2.396198485288,5.));
#2963 = CARTESIAN_POINT('',(-8.878180457864,-2.467933644271,5.));
#2964 = CARTESIAN_POINT('',(-8.974833837389,-2.548656400389,5.));
#2965 = CARTESIAN_POINT('',(-9.07571454598,-2.638753465298,5.));
#2966 = CARTESIAN_POINT('',(-9.180299053727,-2.738587475943,5.));
#2967 = CARTESIAN_POINT('',(-9.288044310017,-2.848497633991,5.));
#2968 = CARTESIAN_POINT('',(-9.398390423456,-2.968792489755,5.));
#2969 = CARTESIAN_POINT('',(-9.471275691095,-3.053754102155,5.));
#2970 = CARTESIAN_POINT('',(-9.508017506187,-3.097999855075,5.));
#2971 = ORIENTED_EDGE('',*,*,#2972,.F.);
#2972 = EDGE_CURVE('',#2973,#2946,#2975,.T.);
#2973 = VERTEX_POINT('',#2974);
#2974 = CARTESIAN_POINT('',(-9.508017506187,-3.097999855075,0.));
#2975 = LINE('',#2976,#2977);
#2976 = CARTESIAN_POINT('',(-9.508017506187,-3.097999855075,0.));
#2977 = VECTOR('',#2978,1.);
#2978 = DIRECTION('',(0.,0.,1.));
#2979 = ORIENTED_EDGE('',*,*,#2980,.F.);
#2980 = EDGE_CURVE('',#2923,#2973,#2981,.T.);
#2981 = B_SPLINE_CURVE_WITH_KNOTS('',3,(#2982,#2983,#2984,#2985,#2986,
    #2987,#2988,#2989,#2990,#2991,#2992,#2993,#2994,#2995,#2996,#2997,
    #2998,#2999,#3000,#3001,#3002,#3003),.UNSPECIFIED.,.F.,.F.,(4,1,1,1,
    1,1,1,1,1,1,1,1,1,1,1,1,1,1,1,4),(0.,4.663242026802E-03,
    1.865277763451E-02,4.196864491748E-02,7.461084931782E-02,
    0.11657939265,0.167874275737,0.228495499025,0.298443062779,
    0.377716967172,0.466317212321,0.564243798312,0.671496725205,
    0.788075993049,0.913981601881,1.049213551729,1.193771842617,
    1.347656474564,1.510867447587,1.683404761698),.UNSPECIFIED.);
#2982 = CARTESIAN_POINT('',(-8.200775912768,-2.066899701215,0.));
#2983 = CARTESIAN_POINT('',(-8.202278182647,-2.067299625168,0.));
#2984 = CARTESIAN_POINT('',(-8.208271915196,-2.068953062905,0.));
#2985 = CARTESIAN_POINT('',(-8.221625642544,-2.073135540894,0.));
#2986 = CARTESIAN_POINT('',(-8.243667582659,-2.080745460702,0.));
#2987 = CARTESIAN_POINT('',(-8.274158192775,-2.09241897581,0.));
#2988 = CARTESIAN_POINT('',(-8.312851585129,-2.108691156308,0.));
#2989 = CARTESIAN_POINT('',(-8.359462946269,-2.130127599595,0.));
#2990 = CARTESIAN_POINT('',(-8.41368411868,-2.157262988399,0.));
#2991 = CARTESIAN_POINT('',(-8.475178400095,-2.190623252341,0.));
#2992 = CARTESIAN_POINT('',(-8.543583358587,-2.230715796139,0.));
#2993 = CARTESIAN_POINT('',(-8.618510826203,-2.278031272735,0.));
#2994 = CARTESIAN_POINT('',(-8.699547918783,-2.333041461896,0.));
#2995 = CARTESIAN_POINT('',(-8.786257777426,-2.396198485288,0.));
#2996 = CARTESIAN_POINT('',(-8.878180457864,-2.467933644271,0.));
#2997 = CARTESIAN_POINT('',(-8.974833837389,-2.548656400389,0.));
#2998 = CARTESIAN_POINT('',(-9.07571454598,-2.638753465298,0.));
#2999 = CARTESIAN_POINT('',(-9.180299053727,-2.738587475943,0.));
#3000 = CARTESIAN_POINT('',(-9.288044310017,-2.848497633991,0.));
#3001 = CARTESIAN_POINT('',(-9.398390423456,-2.968792489755,0.));
#3002 = CARTESIAN_POINT('',(-9.471275691095,-3.053754102155,0.));
#3003 = CARTESIAN_POINT('',(-9.508017506187,-3.097999855075,0.));
#3004 = SURFACE_OF_LINEAR_EXTRUSION('',#3005,#3028);
#3005 = B_SPLINE_CURVE_WITH_KNOTS('',3,(#3006,#3007,#3008,#3009,#3010,
    #3011,#3012,#3013,#3014,#3015,#3016,#3017,#3018,#3019,#3020,#3021,
    #3022,#3023,#3024,#3025,#3026,#3027),.UNSPECIFIED.,.F.,.F.,(4,1,1,1,
    1,1,1,1,1,1,1,1,1,1,1,1,1,1,1,4),(0.,4.663242026802E-03,
    1.865277763451E-02,4.196864491748E-02,7.461084931782E-02,
    0.11657939265,0.167874275737,0.228495499025,0.298443062779,
    0.377716967172,0.466317212321,0.564243798312,0.671496725205,
    0.788075993049,0.913981601881,1.049213551729,1.193771842617,
    1.347656474564,1.510867447587,1.683404761698),.UNSPECIFIED.);
#3006 = CARTESIAN_POINT('',(-8.200775912768,-2.066899701215,0.));
#3007 = CARTESIAN_POINT('',(-8.202278182647,-2.067299625168,0.));
#3008 = CARTESIAN_POINT('',(-8.208271915196,-2.068953062905,0.));
#3009 = CARTESIAN_POINT('',(-8.221625642544,-2.073135540894,0.));
#3010 = CARTESIAN_POINT('',(-8.243667582659,-2.080745460702,0.));
#3011 = CARTESIAN_POINT('',(-8.274158192775,-2.09241897581,0.));
#3012 = CARTESIAN_POINT('',(-8.312851585129,-2.108691156308,0.));
#3013 = CARTESIAN_POINT('',(-8.359462946269,-2.130127599595,0.));
#3014 = CARTESIAN_POINT('',(-8.41368411868,-2.157262988399,0.));
#3015 = CARTESIAN_POINT('',(-8.475178400095,-2.190623252341,0.));
#3016 = CARTESIAN_POINT('',(-8.543583358587,-2.230715796139,0.));
#3017 = CARTESIAN_POINT('',(-8.618510826203,-2.278031272735,0.));
#3018 = CARTESIAN_POINT('',(-8.699547918783,-2.333041461896,0.));
#3019 = CARTESIAN_POINT('',(-8.786257777426,-2.396198485288,0.));
#3020 = CARTESIAN_POINT('',(-8.878180457864,-2.467933644271,0.));
#3021 = CARTESIAN_POINT('',(-8.974833837389,-2.548656400389,0.));
#3022 = CARTESIAN_POINT('',(-9.07571454598,-2.638753465298,0.));
#3023 = CARTESIAN_POINT('',(-9.180299053727,-2.738587475943,0.));
#3024 = CARTESIAN_POINT('',(-9.288044310017,-2.848497633991,0.));
#3025 = CARTESIAN_POINT('',(-9.398390423456,-2.968792489755,0.));
#3026 = CARTESIAN_POINT('',(-9.471275691095,-3.053754102155,0.));
#3027 = CARTESIAN_POINT('',(-9.508017506187,-3.097999855075,0.));
#3028 = VECTOR('',#3029,1.);
#3029 = DIRECTION('',(-0.,-0.,-1.));
#3030 = ADVANCED_FACE('',(#3031),#3054,.F.);
#3031 = FACE_BOUND('',#3032,.F.);
#3032 = EDGE_LOOP('',(#3033,#3034,#3041,#3049));
#3033 = ORIENTED_EDGE('',*,*,#2972,.T.);
#3034 = ORIENTED_EDGE('',*,*,#3035,.T.);
#3035 = EDGE_CURVE('',#2946,#3036,#3038,.T.);
#3036 = VERTEX_POINT('',#3037);
#3037 = CARTESIAN_POINT('',(-9.274919897345,-3.738430271896,5.));
#3038 = B_SPLINE_CURVE_WITH_KNOTS('',1,(#3039,#3040),.UNSPECIFIED.,.F.,
  .F.,(2,2),(0.,0.681531814398),.PIECEWISE_BEZIER_KNOTS.);
#3039 = CARTESIAN_POINT('',(-9.508017506187,-3.097999855075,5.));
#3040 = CARTESIAN_POINT('',(-9.274919897345,-3.738430271896,5.));
#3041 = ORIENTED_EDGE('',*,*,#3042,.F.);
#3042 = EDGE_CURVE('',#3043,#3036,#3045,.T.);
#3043 = VERTEX_POINT('',#3044);
#3044 = CARTESIAN_POINT('',(-9.274919897345,-3.738430271896,0.));
#3045 = LINE('',#3046,#3047);
#3046 = CARTESIAN_POINT('',(-9.274919897345,-3.738430271896,0.));
#3047 = VECTOR('',#3048,1.);
#3048 = DIRECTION('',(0.,0.,1.));
#3049 = ORIENTED_EDGE('',*,*,#3050,.F.);
#3050 = EDGE_CURVE('',#2973,#3043,#3051,.T.);
#3051 = B_SPLINE_CURVE_WITH_KNOTS('',1,(#3052,#3053),.UNSPECIFIED.,.F.,
  .F.,(2,2),(0.,0.681531814398),.PIECEWISE_BEZIER_KNOTS.);
#3052 = CARTESIAN_POINT('',(-9.508017506187,-3.097999855075,0.));
#3053 = CARTESIAN_POINT('',(-9.274919897345,-3.738430271896,0.));
#3054 = SURFACE_OF_LINEAR_EXTRUSION('',#3055,#3058);
#3055 = B_SPLINE_CURVE_WITH_KNOTS('',1,(#3056,#3057),.UNSPECIFIED.,.F.,
  .F.,(2,2),(0.,0.681531814398),.PIECEWISE_BEZIER_KNOTS.);
#3056 = CARTESIAN_POINT('',(-9.508017506187,-3.097999855075,0.));
#3057 = CARTESIAN_POINT('',(-9.274919897345,-3.738430271896,0.));
#3058 = VECTOR('',#3059,1.);
#3059 = DIRECTION('',(-0.,-0.,-1.));
#3060 = ADVANCED_FACE('',(#3061),#3124,.F.);
#3061 = FACE_BOUND('',#3062,.F.);
#3062 = EDGE_LOOP('',(#3063,#3064,#3091,#3099));
#3063 = ORIENTED_EDGE('',*,*,#3042,.T.);
#3064 = ORIENTED_EDGE('',*,*,#3065,.T.);
#3065 = EDGE_CURVE('',#3036,#3066,#3068,.T.);
#3066 = VERTEX_POINT('',#3067);
#3067 = CARTESIAN_POINT('',(-7.610736335646,-3.688020115943,5.));
#3068 = B_SPLINE_CURVE_WITH_KNOTS('',3,(#3069,#3070,#3071,#3072,#3073,
    #3074,#3075,#3076,#3077,#3078,#3079,#3080,#3081,#3082,#3083,#3084,
    #3085,#3086,#3087,#3088,#3089,#3090),.UNSPECIFIED.,.F.,.F.,(4,1,1,1,
    1,1,1,1,1,1,1,1,1,1,1,1,1,1,1,4),(0.,0.172537314111,0.335748287134,
    0.489632919081,0.634191209969,0.769423159817,0.895328768649,
    1.011908036493,1.119160963386,1.217087549377,1.305687794526,
    1.384961698919,1.454909262673,1.515530485961,1.566825369048,
    1.60879391238,1.641436116781,1.664751984064,1.678741519671,
    1.683404761698),.UNSPECIFIED.);
#3069 = CARTESIAN_POINT('',(-9.274919897345,-3.738430271896,5.));
#3070 = CARTESIAN_POINT('',(-9.218333412306,-3.748707301554,5.));
#3071 = CARTESIAN_POINT('',(-9.107887786296,-3.766941925644,5.));
#3072 = CARTESIAN_POINT('',(-8.946033716483,-3.788164016942,5.));
#3073 = CARTESIAN_POINT('',(-8.792847173857,-3.803102767012,5.));
#3074 = CARTESIAN_POINT('',(-8.648558727793,-3.812354430356,5.));
#3075 = CARTESIAN_POINT('',(-8.513366344566,-3.816527916731,5.));
#3076 = CARTESIAN_POINT('',(-8.38743797282,-3.816237540696,5.));
#3077 = CARTESIAN_POINT('',(-8.270910642901,-3.812103100576,5.));
#3078 = CARTESIAN_POINT('',(-8.163890485423,-3.804748164616,5.));
#3079 = CARTESIAN_POINT('',(-8.066452602966,-3.794798775302,5.));
#3080 = CARTESIAN_POINT('',(-7.97864103066,-3.782882085414,5.));
#3081 = CARTESIAN_POINT('',(-7.900468801931,-3.769624896041,5.));
#3082 = CARTESIAN_POINT('',(-7.831917885052,-3.755652578695,5.));
#3083 = CARTESIAN_POINT('',(-7.772939765519,-3.741586794691,5.));
#3084 = CARTESIAN_POINT('',(-7.723454311191,-3.72804685754,5.));
#3085 = CARTESIAN_POINT('',(-7.683353896987,-3.715640437806,5.));
#3086 = CARTESIAN_POINT('',(-7.652493143667,-3.704983882792,5.));
#3087 = CARTESIAN_POINT('',(-7.630716475763,-3.696645133574,5.));
#3088 = CARTESIAN_POINT('',(-7.617798482104,-3.691265487114,5.));
#3089 = CARTESIAN_POINT('',(-7.6121442073,-3.688679396886,5.));
#3090 = CARTESIAN_POINT('',(-7.610736335646,-3.688020115943,5.));
#3091 = ORIENTED_EDGE('',*,*,#3092,.F.);
#3092 = EDGE_CURVE('',#3093,#3066,#3095,.T.);
#3093 = VERTEX_POINT('',#3094);
#3094 = CARTESIAN_POINT('',(-7.610736335646,-3.688020115943,0.));
#3095 = LINE('',#3096,#3097);
#3096 = CARTESIAN_POINT('',(-7.610736335646,-3.688020115943,0.));
#3097 = VECTOR('',#3098,1.);
#3098 = DIRECTION('',(0.,0.,1.));
#3099 = ORIENTED_EDGE('',*,*,#3100,.F.);
#3100 = EDGE_CURVE('',#3043,#3093,#3101,.T.);
#3101 = B_SPLINE_CURVE_WITH_KNOTS('',3,(#3102,#3103,#3104,#3105,#3106,
    #3107,#3108,#3109,#3110,#3111,#3112,#3113,#3114,#3115,#3116,#3117,
    #3118,#3119,#3120,#3121,#3122,#3123),.UNSPECIFIED.,.F.,.F.,(4,1,1,1,
    1,1,1,1,1,1,1,1,1,1,1,1,1,1,1,4),(0.,0.172537314111,0.335748287134,
    0.489632919081,0.634191209969,0.769423159817,0.895328768649,
    1.011908036493,1.119160963386,1.217087549377,1.305687794526,
    1.384961698919,1.454909262673,1.515530485961,1.566825369048,
    1.60879391238,1.641436116781,1.664751984064,1.678741519671,
    1.683404761698),.UNSPECIFIED.);
#3102 = CARTESIAN_POINT('',(-9.274919897345,-3.738430271896,0.));
#3103 = CARTESIAN_POINT('',(-9.218333412306,-3.748707301554,0.));
#3104 = CARTESIAN_POINT('',(-9.107887786296,-3.766941925644,0.));
#3105 = CARTESIAN_POINT('',(-8.946033716483,-3.788164016942,0.));
#3106 = CARTESIAN_POINT('',(-8.792847173857,-3.803102767012,0.));
#3107 = CARTESIAN_POINT('',(-8.648558727793,-3.812354430356,0.));
#3108 = CARTESIAN_POINT('',(-8.513366344566,-3.816527916731,0.));
#3109 = CARTESIAN_POINT('',(-8.38743797282,-3.816237540696,0.));
#3110 = CARTESIAN_POINT('',(-8.270910642901,-3.812103100576,0.));
#3111 = CARTESIAN_POINT('',(-8.163890485423,-3.804748164616,0.));
#3112 = CARTESIAN_POINT('',(-8.066452602966,-3.794798775302,0.));
#3113 = CARTESIAN_POINT('',(-7.97864103066,-3.782882085414,0.));
#3114 = CARTESIAN_POINT('',(-7.900468801931,-3.769624896041,0.));
#3115 = CARTESIAN_POINT('',(-7.831917885052,-3.755652578695,0.));
#3116 = CARTESIAN_POINT('',(-7.772939765519,-3.741586794691,0.));
#3117 = CARTESIAN_POINT('',(-7.723454311191,-3.72804685754,0.));
#3118 = CARTESIAN_POINT('',(-7.683353896987,-3.715640437806,0.));
#3119 = CARTESIAN_POINT('',(-7.652493143667,-3.704983882792,0.));
#3120 = CARTESIAN_POINT('',(-7.630716475763,-3.696645133574,0.));
#3121 = CARTESIAN_POINT('',(-7.617798482104,-3.691265487114,0.));
#3122 = CARTESIAN_POINT('',(-7.6121442073,-3.688679396886,0.));
#3123 = CARTESIAN_POINT('',(-7.610736335646,-3.688020115943,0.));
#3124 = SURFACE_OF_LINEAR_EXTRUSION('',#3125,#3148);
#3125 = B_SPLINE_CURVE_WITH_KNOTS('',3,(#3126,#3127,#3128,#3129,#3130,
    #3131,#3132,#3133,#3134,#3135,#3136,#3137,#3138,#3139,#3140,#3141,
    #3142,#3143,#3144,#3145,#3146,#3147),.UNSPECIFIED.,.F.,.F.,(4,1,1,1,
    1,1,1,1,1,1,1,1,1,1,1,1,1,1,1,4),(0.,0.172537314111,0.335748287134,
    0.489632919081,0.634191209969,0.769423159817,0.895328768649,
    1.011908036493,1.119160963386,1.217087549377,1.305687794526,
    1.384961698919,1.454909262673,1.515530485961,1.566825369048,
    1.60879391238,1.641436116781,1.664751984064,1.678741519671,
    1.683404761698),.UNSPECIFIED.);
#3126 = CARTESIAN_POINT('',(-9.274919897345,-3.738430271896,0.));
#3127 = CARTESIAN_POINT('',(-9.218333412306,-3.748707301554,0.));
#3128 = CARTESIAN_POINT('',(-9.107887786296,-3.766941925644,0.));
#3129 = CARTESIAN_POINT('',(-8.946033716483,-3.788164016942,0.));
#3130 = CARTESIAN_POINT('',(-8.792847173857,-3.803102767012,0.));
#3131 = CARTESIAN_POINT('',(-8.648558727793,-3.812354430356,0.));
#3132 = CARTESIAN_POINT('',(-8.513366344566,-3.816527916731,0.));
#3133 = CARTESIAN_POINT('',(-8.38743797282,-3.816237540696,0.));
#3134 = CARTESIAN_POINT('',(-8.270910642901,-3.812103100576,0.));
#3135 = CARTESIAN_POINT('',(-8.163890485423,-3.804748164616,0.));
#3136 = CARTESIAN_POINT('',(-8.066452602966,-3.794798775302,0.));
#3137 = CARTESIAN_POINT('',(-7.97864103066,-3.782882085414,0.));
#3138 = CARTESIAN_POINT('',(-7.900468801931,-3.769624896041,0.));
#3139 = CARTESIAN_POINT('',(-7.831917885052,-3.755652578695,0.));
#3140 = CARTESIAN_POINT('',(-7.772939765519,-3.741586794691,0.));
#3141 = CARTESIAN_POINT('',(-7.723454311191,-3.72804685754,0.));
#3142 = CARTESIAN_POINT('',(-7.683353896987,-3.715640437806,0.));
#3143 = CARTESIAN_POINT('',(-7.652493143667,-3.704983882792,0.));
#3144 = CARTESIAN_POINT('',(-7.630716475763,-3.696645133574,0.));
#3145 = CARTESIAN_POINT('',(-7.617798482104,-3.691265487114,0.));
#3146 = CARTESIAN_POINT('',(-7.6121442073,-3.688679396886,0.));
#3147 = CARTESIAN_POINT('',(-7.610736335646,-3.688020115943,0.));
#3148 = VECTOR('',#3149,1.);
#3149 = DIRECTION('',(-0.,-0.,-1.));
#3150 = ADVANCED_FACE('',(#3151),#3174,.F.);
#3151 = FACE_BOUND('',#3152,.F.);
#3152 = EDGE_LOOP('',(#3153,#3154,#3161,#3169));
#3153 = ORIENTED_EDGE('',*,*,#3092,.T.);
#3154 = ORIENTED_EDGE('',*,*,#3155,.T.);
#3155 = EDGE_CURVE('',#3066,#3156,#3158,.T.);
#3156 = VERTEX_POINT('',#3157);
#3157 = CARTESIAN_POINT('',(-6.974290823823,-3.379610555188,5.));
#3158 = B_SPLINE_CURVE_WITH_KNOTS('',1,(#3159,#3160),.UNSPECIFIED.,.F.,
  .F.,(2,2),(0.,0.707233587073),.PIECEWISE_BEZIER_KNOTS.);
#3159 = CARTESIAN_POINT('',(-7.610736335646,-3.688020115943,5.));
#3160 = CARTESIAN_POINT('',(-6.974290823823,-3.379610555188,5.));
#3161 = ORIENTED_EDGE('',*,*,#3162,.F.);
#3162 = EDGE_CURVE('',#3163,#3156,#3165,.T.);
#3163 = VERTEX_POINT('',#3164);
#3164 = CARTESIAN_POINT('',(-6.974290823823,-3.379610555188,0.));
#3165 = LINE('',#3166,#3167);
#3166 = CARTESIAN_POINT('',(-6.974290823823,-3.379610555188,0.));
#3167 = VECTOR('',#3168,1.);
#3168 = DIRECTION('',(0.,0.,1.));
#3169 = ORIENTED_EDGE('',*,*,#3170,.F.);
#3170 = EDGE_CURVE('',#3093,#3163,#3171,.T.);
#3171 = B_SPLINE_CURVE_WITH_KNOTS('',1,(#3172,#3173),.UNSPECIFIED.,.F.,
  .F.,(2,2),(0.,0.707233587073),.PIECEWISE_BEZIER_KNOTS.);
#3172 = CARTESIAN_POINT('',(-7.610736335646,-3.688020115943,0.));
#3173 = CARTESIAN_POINT('',(-6.974290823823,-3.379610555188,0.));
#3174 = SURFACE_OF_LINEAR_EXTRUSION('',#3175,#3178);
#3175 = B_SPLINE_CURVE_WITH_KNOTS('',1,(#3176,#3177),.UNSPECIFIED.,.F.,
  .F.,(2,2),(0.,0.707233587073),.PIECEWISE_BEZIER_KNOTS.);
#3176 = CARTESIAN_POINT('',(-7.610736335646,-3.688020115943,0.));
#3177 = CARTESIAN_POINT('',(-6.974290823823,-3.379610555188,0.));
#3178 = VECTOR('',#3179,1.);
#3179 = DIRECTION('',(-0.,-0.,-1.));
#3180 = ADVANCED_FACE('',(#3181),#3204,.F.);
#3181 = FACE_BOUND('',#3182,.F.);
#3182 = EDGE_LOOP('',(#3183,#3184,#3191,#3199));
#3183 = ORIENTED_EDGE('',*,*,#3162,.T.);
#3184 = ORIENTED_EDGE('',*,*,#3185,.T.);
#3185 = EDGE_CURVE('',#3156,#3186,#3188,.T.);
#3186 = VERTEX_POINT('',#3187);
#3187 = CARTESIAN_POINT('',(-6.413974007602,-4.350107749218,5.));
#3188 = B_SPLINE_CURVE_WITH_KNOTS('',1,(#3189,#3190),.UNSPECIFIED.,.F.,
  .F.,(2,2),(0.,1.120633632442),.PIECEWISE_BEZIER_KNOTS.);
#3189 = CARTESIAN_POINT('',(-6.974290823823,-3.379610555188,5.));
#3190 = CARTESIAN_POINT('',(-6.413974007602,-4.350107749218,5.));
#3191 = ORIENTED_EDGE('',*,*,#3192,.F.);
#3192 = EDGE_CURVE('',#3193,#3186,#3195,.T.);
#3193 = VERTEX_POINT('',#3194);
#3194 = CARTESIAN_POINT('',(-6.413974007602,-4.350107749218,0.));
#3195 = LINE('',#3196,#3197);
#3196 = CARTESIAN_POINT('',(-6.413974007602,-4.350107749218,0.));
#3197 = VECTOR('',#3198,1.);
#3198 = DIRECTION('',(0.,0.,1.));
#3199 = ORIENTED_EDGE('',*,*,#3200,.F.);
#3200 = EDGE_CURVE('',#3163,#3193,#3201,.T.);
#3201 = B_SPLINE_CURVE_WITH_KNOTS('',1,(#3202,#3203),.UNSPECIFIED.,.F.,
  .F.,(2,2),(0.,1.120633632442),.PIECEWISE_BEZIER_KNOTS.);
#3202 = CARTESIAN_POINT('',(-6.974290823823,-3.379610555188,0.));
#3203 = CARTESIAN_POINT('',(-6.413974007602,-4.350107749218,0.));
#3204 = SURFACE_OF_LINEAR_EXTRUSION('',#3205,#3208);
#3205 = B_SPLINE_CURVE_WITH_KNOTS('',1,(#3206,#3207),.UNSPECIFIED.,.F.,
  .F.,(2,2),(0.,1.120633632442),.PIECEWISE_BEZIER_KNOTS.);
#3206 = CARTESIAN_POINT('',(-6.974290823823,-3.379610555188,0.));
#3207 = CARTESIAN_POINT('',(-6.413974007602,-4.350107749218,0.));
#3208 = VECTOR('',#3209,1.);
#3209 = DIRECTION('',(-0.,-0.,-1.));
#3210 = ADVANCED_FACE('',(#3211),#3234,.F.);
#3211 = FACE_BOUND('',#3212,.F.);
#3212 = EDGE_LOOP('',(#3213,#3214,#3221,#3229));
#3213 = ORIENTED_EDGE('',*,*,#3192,.T.);
#3214 = ORIENTED_EDGE('',*,*,#3215,.T.);
#3215 = EDGE_CURVE('',#3186,#3216,#3218,.T.);
#3216 = VERTEX_POINT('',#3217);
#3217 = CARTESIAN_POINT('',(-6.999287277898,-4.747080950203,5.));
#3218 = B_SPLINE_CURVE_WITH_KNOTS('',1,(#3219,#3220),.UNSPECIFIED.,.F.,
  .F.,(2,2),(0.,0.707233587073),.PIECEWISE_BEZIER_KNOTS.);
#3219 = CARTESIAN_POINT('',(-6.413974007602,-4.350107749218,5.));
#3220 = CARTESIAN_POINT('',(-6.999287277898,-4.747080950203,5.));
#3221 = ORIENTED_EDGE('',*,*,#3222,.F.);
#3222 = EDGE_CURVE('',#3223,#3216,#3225,.T.);
#3223 = VERTEX_POINT('',#3224);
#3224 = CARTESIAN_POINT('',(-6.999287277898,-4.747080950203,0.));
#3225 = LINE('',#3226,#3227);
#3226 = CARTESIAN_POINT('',(-6.999287277898,-4.747080950203,0.));
#3227 = VECTOR('',#3228,1.);
#3228 = DIRECTION('',(0.,0.,1.));
#3229 = ORIENTED_EDGE('',*,*,#3230,.F.);
#3230 = EDGE_CURVE('',#3193,#3223,#3231,.T.);
#3231 = B_SPLINE_CURVE_WITH_KNOTS('',1,(#3232,#3233),.UNSPECIFIED.,.F.,
  .F.,(2,2),(0.,0.707233587073),.PIECEWISE_BEZIER_KNOTS.);
#3232 = CARTESIAN_POINT('',(-6.413974007602,-4.350107749218,0.));
#3233 = CARTESIAN_POINT('',(-6.999287277898,-4.747080950203,0.));
#3234 = SURFACE_OF_LINEAR_EXTRUSION('',#3235,#3238);
#3235 = B_SPLINE_CURVE_WITH_KNOTS('',1,(#3236,#3237),.UNSPECIFIED.,.F.,
  .F.,(2,2),(0.,0.707233587073),.PIECEWISE_BEZIER_KNOTS.);
#3236 = CARTESIAN_POINT('',(-6.413974007602,-4.350107749218,0.));
#3237 = CARTESIAN_POINT('',(-6.999287277898,-4.747080950203,0.));
#3238 = VECTOR('',#3239,1.);
#3239 = DIRECTION('',(-0.,-0.,-1.));
#3240 = ADVANCED_FACE('',(#3241),#3304,.F.);
#3241 = FACE_BOUND('',#3242,.F.);
#3242 = EDGE_LOOP('',(#3243,#3244,#3271,#3279));
#3243 = ORIENTED_EDGE('',*,*,#3222,.T.);
#3244 = ORIENTED_EDGE('',*,*,#3245,.T.);
#3245 = EDGE_CURVE('',#3216,#3246,#3248,.T.);
#3246 = VERTEX_POINT('',#3247);
#3247 = CARTESIAN_POINT('',(-7.875035534411,-6.163101113219,5.));
#3248 = B_SPLINE_CURVE_WITH_KNOTS('',3,(#3249,#3250,#3251,#3252,#3253,
    #3254,#3255,#3256,#3257,#3258,#3259,#3260,#3261,#3262,#3263,#3264,
    #3265,#3266,#3267,#3268,#3269,#3270),.UNSPECIFIED.,.F.,.F.,(4,1,1,1,
    1,1,1,1,1,1,1,1,1,1,1,1,1,1,1,4),(0.,4.663242026802E-03,
    1.865277763451E-02,4.196864491748E-02,7.461084931782E-02,
    0.11657939265,0.167874275737,0.228495499025,0.298443062779,
    0.377716967172,0.466317212321,0.564243798312,0.671496725205,
    0.788075993049,0.913981601881,1.049213551729,1.193771842617,
    1.347656474564,1.510867447587,1.683404761698),.UNSPECIFIED.);
#3249 = CARTESIAN_POINT('',(-6.999287277898,-4.747080950203,5.));
#3250 = CARTESIAN_POINT('',(-7.00056216777,-4.74797056235,5.));
#3251 = CARTESIAN_POINT('',(-7.005628925005,-4.751574262856,5.));
#3252 = CARTESIAN_POINT('',(-7.016746832332,-4.7600717503,5.));
#3253 = CARTESIAN_POINT('',(-7.034856734943,-4.774761523306,5.));
#3254 = CARTESIAN_POINT('',(-7.059515958962,-4.796159442154,5.));
#3255 = CARTESIAN_POINT('',(-7.090310440724,-4.82468420969,5.));
#3256 = CARTESIAN_POINT('',(-7.126779097426,-4.860769901681,5.));
#3257 = CARTESIAN_POINT('',(-7.168449483464,-4.904813559461,5.));
#3258 = CARTESIAN_POINT('',(-7.214825323675,-4.957194236258,5.));
#3259 = CARTESIAN_POINT('',(-7.265392500819,-5.018264777521,5.));
#3260 = CARTESIAN_POINT('',(-7.319618443145,-5.08835348494,5.));
#3261 = CARTESIAN_POINT('',(-7.376953808272,-5.167762471782,5.));
#3262 = CARTESIAN_POINT('',(-7.436833448395,-5.256767178895,5.));
#3263 = CARTESIAN_POINT('',(-7.498677643529,-5.35561558678,5.));
#3264 = CARTESIAN_POINT('',(-7.561893302425,-5.464527567752,5.));
#3265 = CARTESIAN_POINT('',(-7.625875148815,-5.583694349212,5.));
#3266 = CARTESIAN_POINT('',(-7.690007196364,-5.713277640649,5.));
#3267 = CARTESIAN_POINT('',(-7.753663130615,-5.853410453115,5.));
#3268 = CARTESIAN_POINT('',(-7.816211295337,-6.004191234929,5.));
#3269 = CARTESIAN_POINT('',(-7.855642460651,-6.108957264835,5.));
#3270 = CARTESIAN_POINT('',(-7.875035534411,-6.163101113219,5.));
#3271 = ORIENTED_EDGE('',*,*,#3272,.F.);
#3272 = EDGE_CURVE('',#3273,#3246,#3275,.T.);
#3273 = VERTEX_POINT('',#3274);
#3274 = CARTESIAN_POINT('',(-7.875035534411,-6.163101113219,0.));
#3275 = LINE('',#3276,#3277);
#3276 = CARTESIAN_POINT('',(-7.875035534411,-6.163101113219,0.));
#3277 = VECTOR('',#3278,1.);
#3278 = DIRECTION('',(0.,0.,1.));
#3279 = ORIENTED_EDGE('',*,*,#3280,.F.);
#3280 = EDGE_CURVE('',#3223,#3273,#3281,.T.);
#3281 = B_SPLINE_CURVE_WITH_KNOTS('',3,(#3282,#3283,#3284,#3285,#3286,
    #3287,#3288,#3289,#3290,#3291,#3292,#3293,#3294,#3295,#3296,#3297,
    #3298,#3299,#3300,#3301,#3302,#3303),.UNSPECIFIED.,.F.,.F.,(4,1,1,1,
    1,1,1,1,1,1,1,1,1,1,1,1,1,1,1,4),(0.,4.663242026802E-03,
    1.865277763451E-02,4.196864491748E-02,7.461084931782E-02,
    0.11657939265,0.167874275737,0.228495499025,0.298443062779,
    0.377716967172,0.466317212321,0.564243798312,0.671496725205,
    0.788075993049,0.913981601881,1.049213551729,1.193771842617,
    1.347656474564,1.510867447587,1.683404761698),.UNSPECIFIED.);
#3282 = CARTESIAN_POINT('',(-6.999287277898,-4.747080950203,0.));
#3283 = CARTESIAN_POINT('',(-7.00056216777,-4.74797056235,0.));
#3284 = CARTESIAN_POINT('',(-7.005628925005,-4.751574262856,0.));
#3285 = CARTESIAN_POINT('',(-7.016746832332,-4.7600717503,0.));
#3286 = CARTESIAN_POINT('',(-7.034856734943,-4.774761523306,0.));
#3287 = CARTESIAN_POINT('',(-7.059515958962,-4.796159442154,0.));
#3288 = CARTESIAN_POINT('',(-7.090310440724,-4.82468420969,0.));
#3289 = CARTESIAN_POINT('',(-7.126779097426,-4.860769901681,0.));
#3290 = CARTESIAN_POINT('',(-7.168449483464,-4.904813559461,0.));
#3291 = CARTESIAN_POINT('',(-7.214825323675,-4.957194236258,0.));
#3292 = CARTESIAN_POINT('',(-7.265392500819,-5.018264777521,0.));
#3293 = CARTESIAN_POINT('',(-7.319618443145,-5.08835348494,0.));
#3294 = CARTESIAN_POINT('',(-7.376953808272,-5.167762471782,0.));
#3295 = CARTESIAN_POINT('',(-7.436833448395,-5.256767178895,0.));
#3296 = CARTESIAN_POINT('',(-7.498677643529,-5.35561558678,0.));
#3297 = CARTESIAN_POINT('',(-7.561893302425,-5.464527567752,0.));
#3298 = CARTESIAN_POINT('',(-7.625875148815,-5.583694349212,0.));
#3299 = CARTESIAN_POINT('',(-7.690007196364,-5.713277640649,0.));
#3300 = CARTESIAN_POINT('',(-7.753663130615,-5.853410453115,0.));
#3301 = CARTESIAN_POINT('',(-7.816211295337,-6.004191234929,0.));
#3302 = CARTESIAN_POINT('',(-7.855642460651,-6.108957264835,0.));
#3303 = CARTESIAN_POINT('',(-7.875035534411,-6.163101113219,0.));
#3304 = SURFACE_OF_LINEAR_EXTRUSION('',#3305,#3328);
#3305 = B_SPLINE_CURVE_WITH_KNOTS('',3,(#3306,#3307,#3308,#3309,#3310,
    #3311,#3312,#3313,#3314,#3315,#3316,#3317,#3318,#3319,#3320,#3321,
    #3322,#3323,#3324,#3325,#3326,#3327),.UNSPECIFIED.,.F.,.F.,(4,1,1,1,
    1,1,1,1,1,1,1,1,1,1,1,1,1,1,1,4),(0.,4.663242026802E-03,
    1.865277763451E-02,4.196864491748E-02,7.461084931782E-02,
    0.11657939265,0.167874275737,0.228495499025,0.298443062779,
    0.377716967172,0.466317212321,0.564243798312,0.671496725205,
    0.788075993049,0.913981601881,1.049213551729,1.193771842617,
    1.347656474564,1.510867447587,1.683404761698),.UNSPECIFIED.);
#3306 = CARTESIAN_POINT('',(-6.999287277898,-4.747080950203,0.));
#3307 = CARTESIAN_POINT('',(-7.00056216777,-4.74797056235,0.));
#3308 = CARTESIAN_POINT('',(-7.005628925005,-4.751574262856,0.));
#3309 = CARTESIAN_POINT('',(-7.016746832332,-4.7600717503,0.));
#3310 = CARTESIAN_POINT('',(-7.034856734943,-4.774761523306,0.));
#3311 = CARTESIAN_POINT('',(-7.059515958962,-4.796159442154,0.));
#3312 = CARTESIAN_POINT('',(-7.090310440724,-4.82468420969,0.));
#3313 = CARTESIAN_POINT('',(-7.126779097426,-4.860769901681,0.));
#3314 = CARTESIAN_POINT('',(-7.168449483464,-4.904813559461,0.));
#3315 = CARTESIAN_POINT('',(-7.214825323675,-4.957194236258,0.));
#3316 = CARTESIAN_POINT('',(-7.265392500819,-5.018264777521,0.));
#3317 = CARTESIAN_POINT('',(-7.319618443145,-5.08835348494,0.));
#3318 = CARTESIAN_POINT('',(-7.376953808272,-5.167762471782,0.));
#3319 = CARTESIAN_POINT('',(-7.436833448395,-5.256767178895,0.));
#3320 = CARTESIAN_POINT('',(-7.498677643529,-5.35561558678,0.));
#3321 = CARTESIAN_POINT('',(-7.561893302425,-5.464527567752,0.));
#3322 = CARTESIAN_POINT('',(-7.625875148815,-5.583694349212,0.));
#3323 = CARTESIAN_POINT('',(-7.690007196364,-5.713277640649,0.));
#3324 = CARTESIAN_POINT('',(-7.753663130615,-5.853410453115,0.));
#3325 = CARTESIAN_POINT('',(-7.816211295337,-6.004191234929,0.));
#3326 = CARTESIAN_POINT('',(-7.855642460651,-6.108957264835,0.));
#3327 = CARTESIAN_POINT('',(-7.875035534411,-6.163101113219,0.));
#3328 = VECTOR('',#3329,1.);
#3329 = DIRECTION('',(-0.,-0.,-1.));
#3330 = ADVANCED_FACE('',(#3331),#3354,.F.);
#3331 = FACE_BOUND('',#3332,.F.);
#3332 = EDGE_LOOP('',(#3333,#3334,#3341,#3349));
#3333 = ORIENTED_EDGE('',*,*,#3272,.T.);
#3334 = ORIENTED_EDGE('',*,*,#3335,.T.);
#3335 = EDGE_CURVE('',#3246,#3336,#3338,.T.);
#3336 = VERTEX_POINT('',#3337);
#3337 = CARTESIAN_POINT('',(-7.436955328509,-6.685184772447,5.));
#3338 = B_SPLINE_CURVE_WITH_KNOTS('',1,(#3339,#3340),.UNSPECIFIED.,.F.,
  .F.,(2,2),(0.,0.681531814398),.PIECEWISE_BEZIER_KNOTS.);
#3339 = CARTESIAN_POINT('',(-7.875035534411,-6.163101113219,5.));
#3340 = CARTESIAN_POINT('',(-7.436955328509,-6.685184772447,5.));
#3341 = ORIENTED_EDGE('',*,*,#3342,.F.);
#3342 = EDGE_CURVE('',#3343,#3336,#3345,.T.);
#3343 = VERTEX_POINT('',#3344);
#3344 = CARTESIAN_POINT('',(-7.436955328509,-6.685184772447,0.));
#3345 = LINE('',#3346,#3347);
#3346 = CARTESIAN_POINT('',(-7.436955328509,-6.685184772447,0.));
#3347 = VECTOR('',#3348,1.);
#3348 = DIRECTION('',(0.,0.,1.));
#3349 = ORIENTED_EDGE('',*,*,#3350,.F.);
#3350 = EDGE_CURVE('',#3273,#3343,#3351,.T.);
#3351 = B_SPLINE_CURVE_WITH_KNOTS('',1,(#3352,#3353),.UNSPECIFIED.,.F.,
  .F.,(2,2),(0.,0.681531814398),.PIECEWISE_BEZIER_KNOTS.);
#3352 = CARTESIAN_POINT('',(-7.875035534411,-6.163101113219,0.));
#3353 = CARTESIAN_POINT('',(-7.436955328509,-6.685184772447,0.));
#3354 = SURFACE_OF_LINEAR_EXTRUSION('',#3355,#3358);
#3355 = B_SPLINE_CURVE_WITH_KNOTS('',1,(#3356,#3357),.UNSPECIFIED.,.F.,
  .F.,(2,2),(0.,0.681531814398),.PIECEWISE_BEZIER_KNOTS.);
#3356 = CARTESIAN_POINT('',(-7.875035534411,-6.163101113219,0.));
#3357 = CARTESIAN_POINT('',(-7.436955328509,-6.685184772447,0.));
#3358 = VECTOR('',#3359,1.);
#3359 = DIRECTION('',(-0.,-0.,-1.));
#3360 = ADVANCED_FACE('',(#3361),#3424,.F.);
#3361 = FACE_BOUND('',#3362,.F.);
#3362 = EDGE_LOOP('',(#3363,#3364,#3391,#3399));
#3363 = ORIENTED_EDGE('',*,*,#3342,.T.);
#3364 = ORIENTED_EDGE('',*,*,#3365,.T.);
#3365 = EDGE_CURVE('',#3336,#3366,#3368,.T.);
#3366 = VERTEX_POINT('',#3367);
#3367 = CARTESIAN_POINT('',(-5.890375604711,-6.068630420593,5.));
#3368 = B_SPLINE_CURVE_WITH_KNOTS('',3,(#3369,#3370,#3371,#3372,#3373,
    #3374,#3375,#3376,#3377,#3378,#3379,#3380,#3381,#3382,#3383,#3384,
    #3385,#3386,#3387,#3388,#3389,#3390),.UNSPECIFIED.,.F.,.F.,(4,1,1,1,
    1,1,1,1,1,1,1,1,1,1,1,1,1,1,1,4),(0.,0.172537314111,0.335748287134,
    0.489632919081,0.634191209969,0.769423159817,0.895328768649,
    1.011908036493,1.119160963386,1.217087549377,1.305687794526,
    1.384961698919,1.454909262673,1.515530485961,1.566825369048,
    1.60879391238,1.641436116781,1.664751984064,1.678741519671,
    1.683404761698),.UNSPECIFIED.);
#3369 = CARTESIAN_POINT('',(-7.436955328509,-6.685184772447,5.));
#3370 = CARTESIAN_POINT('',(-7.380266474925,-6.675488303657,5.));
#3371 = CARTESIAN_POINT('',(-7.270244926421,-6.65484861652,5.));
#3372 = CARTESIAN_POINT('',(-7.110893468665,-6.619433506955,5.));
#3373 = CARTESIAN_POINT('',(-6.961835851516,-6.581078456895,5.));
#3374 = CARTESIAN_POINT('',(-6.823084808262,-6.540422621666,5.));
#3375 = CARTESIAN_POINT('',(-6.694618106949,-6.498105897728,5.));
#3376 = CARTESIAN_POINT('',(-6.576383459725,-6.454762993757,5.));
#3377 = CARTESIAN_POINT('',(-6.468297649482,-6.411023196805,5.));
#3378 = CARTESIAN_POINT('',(-6.370247133476,-6.367508768158,5.));
#3379 = CARTESIAN_POINT('',(-6.282088365905,-6.324833681915,5.));
#3380 = CARTESIAN_POINT('',(-6.203648227373,-6.283602329817,5.));
#3381 = CARTESIAN_POINT('',(-6.134724586696,-6.244408169917,5.));
#3382 = CARTESIAN_POINT('',(-6.075086609938,-6.207832691995,5.));
#3383 = CARTESIAN_POINT('',(-6.024476087686,-6.174443473666,5.));
#3384 = CARTESIAN_POINT('',(-5.982605902663,-6.144795072457,5.));
#3385 = CARTESIAN_POINT('',(-5.9491670848,-6.119421701969,5.));
#3386 = CARTESIAN_POINT('',(-5.923812219106,-6.098852816586,5.));
#3387 = CARTESIAN_POINT('',(-5.906200865175,-6.083568896401,5.));
#3388 = CARTESIAN_POINT('',(-5.895901869312,-6.074095468278,5.));
#3389 = CARTESIAN_POINT('',(-5.891473083953,-6.069731462495,5.));
#3390 = CARTESIAN_POINT('',(-5.890375604711,-6.068630420593,5.));
#3391 = ORIENTED_EDGE('',*,*,#3392,.F.);
#3392 = EDGE_CURVE('',#3393,#3366,#3395,.T.);
#3393 = VERTEX_POINT('',#3394);
#3394 = CARTESIAN_POINT('',(-5.890375604711,-6.068630420593,0.));
#3395 = LINE('',#3396,#3397);
#3396 = CARTESIAN_POINT('',(-5.890375604711,-6.068630420593,0.));
#3397 = VECTOR('',#3398,1.);
#3398 = DIRECTION('',(0.,0.,1.));
#3399 = ORIENTED_EDGE('',*,*,#3400,.F.);
#3400 = EDGE_CURVE('',#3343,#3393,#3401,.T.);
#3401 = B_SPLINE_CURVE_WITH_KNOTS('',3,(#3402,#3403,#3404,#3405,#3406,
    #3407,#3408,#3409,#3410,#3411,#3412,#3413,#3414,#3415,#3416,#3417,
    #3418,#3419,#3420,#3421,#3422,#3423),.UNSPECIFIED.,.F.,.F.,(4,1,1,1,
    1,1,1,1,1,1,1,1,1,1,1,1,1,1,1,4),(0.,0.172537314111,0.335748287134,
    0.489632919081,0.634191209969,0.769423159817,0.895328768649,
    1.011908036493,1.119160963386,1.217087549377,1.305687794526,
    1.384961698919,1.454909262673,1.515530485961,1.566825369048,
    1.60879391238,1.641436116781,1.664751984064,1.678741519671,
    1.683404761698),.UNSPECIFIED.);
#3402 = CARTESIAN_POINT('',(-7.436955328509,-6.685184772447,0.));
#3403 = CARTESIAN_POINT('',(-7.380266474925,-6.675488303657,0.));
#3404 = CARTESIAN_POINT('',(-7.270244926421,-6.65484861652,0.));
#3405 = CARTESIAN_POINT('',(-7.110893468665,-6.619433506955,0.));
#3406 = CARTESIAN_POINT('',(-6.961835851516,-6.581078456895,0.));
#3407 = CARTESIAN_POINT('',(-6.823084808262,-6.540422621666,0.));
#3408 = CARTESIAN_POINT('',(-6.694618106949,-6.498105897728,0.));
#3409 = CARTESIAN_POINT('',(-6.576383459725,-6.454762993757,0.));
#3410 = CARTESIAN_POINT('',(-6.468297649482,-6.411023196805,0.));
#3411 = CARTESIAN_POINT('',(-6.370247133476,-6.367508768158,0.));
#3412 = CARTESIAN_POINT('',(-6.282088365905,-6.324833681915,0.));
#3413 = CARTESIAN_POINT('',(-6.203648227373,-6.283602329817,0.));
#3414 = CARTESIAN_POINT('',(-6.134724586696,-6.244408169917,0.));
#3415 = CARTESIAN_POINT('',(-6.075086609938,-6.207832691995,0.));
#3416 = CARTESIAN_POINT('',(-6.024476087686,-6.174443473666,0.));
#3417 = CARTESIAN_POINT('',(-5.982605902663,-6.144795072457,0.));
#3418 = CARTESIAN_POINT('',(-5.9491670848,-6.119421701969,0.));
#3419 = CARTESIAN_POINT('',(-5.923812219106,-6.098852816586,0.));
#3420 = CARTESIAN_POINT('',(-5.906200865175,-6.083568896401,0.));
#3421 = CARTESIAN_POINT('',(-5.895901869312,-6.074095468278,0.));
#3422 = CARTESIAN_POINT('',(-5.891473083953,-6.069731462495,0.));
#3423 = CARTESIAN_POINT('',(-5.890375604711,-6.068630420593,0.));
#3424 = SURFACE_OF_LINEAR_EXTRUSION('',#3425,#3448);
#3425 = B_SPLINE_CURVE_WITH_KNOTS('',3,(#3426,#3427,#3428,#3429,#3430,
    #3431,#3432,#3433,#3434,#3435,#3436,#3437,#3438,#3439,#3440,#3441,
    #3442,#3443,#3444,#3445,#3446,#3447),.UNSPECIFIED.,.F.,.F.,(4,1,1,1,
    1,1,1,1,1,1,1,1,1,1,1,1,1,1,1,4),(0.,0.172537314111,0.335748287134,
    0.489632919081,0.634191209969,0.769423159817,0.895328768649,
    1.011908036493,1.119160963386,1.217087549377,1.305687794526,
    1.384961698919,1.454909262673,1.515530485961,1.566825369048,
    1.60879391238,1.641436116781,1.664751984064,1.678741519671,
    1.683404761698),.UNSPECIFIED.);
#3426 = CARTESIAN_POINT('',(-7.436955328509,-6.685184772447,0.));
#3427 = CARTESIAN_POINT('',(-7.380266474925,-6.675488303657,0.));
#3428 = CARTESIAN_POINT('',(-7.270244926421,-6.65484861652,0.));
#3429 = CARTESIAN_POINT('',(-7.110893468665,-6.619433506955,0.));
#3430 = CARTESIAN_POINT('',(-6.961835851516,-6.581078456895,0.));
#3431 = CARTESIAN_POINT('',(-6.823084808262,-6.540422621666,0.));
#3432 = CARTESIAN_POINT('',(-6.694618106949,-6.498105897728,0.));
#3433 = CARTESIAN_POINT('',(-6.576383459725,-6.454762993757,0.));
#3434 = CARTESIAN_POINT('',(-6.468297649482,-6.411023196805,0.));
#3435 = CARTESIAN_POINT('',(-6.370247133476,-6.367508768158,0.));
#3436 = CARTESIAN_POINT('',(-6.282088365905,-6.324833681915,0.));
#3437 = CARTESIAN_POINT('',(-6.203648227373,-6.283602329817,0.));
#3438 = CARTESIAN_POINT('',(-6.134724586696,-6.244408169917,0.));
#3439 = CARTESIAN_POINT('',(-6.075086609938,-6.207832691995,0.));
#3440 = CARTESIAN_POINT('',(-6.024476087686,-6.174443473666,0.));
#3441 = CARTESIAN_POINT('',(-5.982605902663,-6.144795072457,0.));
#3442 = CARTESIAN_POINT('',(-5.9491670848,-6.119421701969,0.));
#3443 = CARTESIAN_POINT('',(-5.923812219106,-6.098852816586,0.));
#3444 = CARTESIAN_POINT('',(-5.906200865175,-6.083568896401,0.));
#3445 = CARTESIAN_POINT('',(-5.895901869312,-6.074095468278,0.));
#3446 = CARTESIAN_POINT('',(-5.891473083953,-6.069731462495,0.));
#3447 = CARTESIAN_POINT('',(-5.890375604711,-6.068630420593,0.));
#3448 = VECTOR('',#3449,1.);
#3449 = DIRECTION('',(-0.,-0.,-1.));
#3450 = ADVANCED_FACE('',(#3451),#3474,.F.);
#3451 = FACE_BOUND('',#3452,.F.);
#3452 = EDGE_LOOP('',(#3453,#3454,#3461,#3469));
#3453 = ORIENTED_EDGE('',*,*,#3392,.T.);
#3454 = ORIENTED_EDGE('',*,*,#3455,.T.);
#3455 = EDGE_CURVE('',#3366,#3456,#3458,.T.);
#3456 = VERTEX_POINT('',#3457);
#3457 = CARTESIAN_POINT('',(-5.397794735891,-5.561143046999,5.));
#3458 = B_SPLINE_CURVE_WITH_KNOTS('',1,(#3459,#3460),.UNSPECIFIED.,.F.,
  .F.,(2,2),(0.,0.707233587073),.PIECEWISE_BEZIER_KNOTS.);
#3459 = CARTESIAN_POINT('',(-5.890375604711,-6.068630420593,5.));
#3460 = CARTESIAN_POINT('',(-5.397794735891,-5.561143046999,5.));
#3461 = ORIENTED_EDGE('',*,*,#3462,.F.);
#3462 = EDGE_CURVE('',#3463,#3456,#3465,.T.);
#3463 = VERTEX_POINT('',#3464);
#3464 = CARTESIAN_POINT('',(-5.397794735891,-5.561143046999,0.));
#3465 = LINE('',#3466,#3467);
#3466 = CARTESIAN_POINT('',(-5.397794735891,-5.561143046999,0.));
#3467 = VECTOR('',#3468,1.);
#3468 = DIRECTION('',(0.,0.,1.));
#3469 = ORIENTED_EDGE('',*,*,#3470,.F.);
#3470 = EDGE_CURVE('',#3393,#3463,#3471,.T.);
#3471 = B_SPLINE_CURVE_WITH_KNOTS('',1,(#3472,#3473),.UNSPECIFIED.,.F.,
  .F.,(2,2),(0.,0.707233587073),.PIECEWISE_BEZIER_KNOTS.);
#3472 = CARTESIAN_POINT('',(-5.890375604711,-6.068630420593,0.));
#3473 = CARTESIAN_POINT('',(-5.397794735891,-5.561143046999,0.));
#3474 = SURFACE_OF_LINEAR_EXTRUSION('',#3475,#3478);
#3475 = B_SPLINE_CURVE_WITH_KNOTS('',1,(#3476,#3477),.UNSPECIFIED.,.F.,
  .F.,(2,2),(0.,0.707233587073),.PIECEWISE_BEZIER_KNOTS.);
#3476 = CARTESIAN_POINT('',(-5.890375604711,-6.068630420593,0.));
#3477 = CARTESIAN_POINT('',(-5.397794735891,-5.561143046999,0.));
#3478 = VECTOR('',#3479,1.);
#3479 = DIRECTION('',(-0.,-0.,-1.));
#3480 = ADVANCED_FACE('',(#3481),#3504,.F.);
#3481 = FACE_BOUND('',#3482,.F.);
#3482 = EDGE_LOOP('',(#3483,#3484,#3491,#3499));
#3483 = ORIENTED_EDGE('',*,*,#3462,.T.);
#3484 = ORIENTED_EDGE('',*,*,#3485,.T.);
#3485 = EDGE_CURVE('',#3456,#3486,#3488,.T.);
#3486 = VERTEX_POINT('',#3487);
#3487 = CARTESIAN_POINT('',(-4.539339568987,-6.281472460931,5.));
#3488 = B_SPLINE_CURVE_WITH_KNOTS('',1,(#3489,#3490),.UNSPECIFIED.,.F.,
  .F.,(2,2),(0.,1.120633632442),.PIECEWISE_BEZIER_KNOTS.);
#3489 = CARTESIAN_POINT('',(-5.397794735891,-5.561143046999,5.));
#3490 = CARTESIAN_POINT('',(-4.539339568987,-6.281472460931,5.));
#3491 = ORIENTED_EDGE('',*,*,#3492,.F.);
#3492 = EDGE_CURVE('',#3493,#3486,#3495,.T.);
#3493 = VERTEX_POINT('',#3494);
#3494 = CARTESIAN_POINT('',(-4.539339568987,-6.281472460931,0.));
#3495 = LINE('',#3496,#3497);
#3496 = CARTESIAN_POINT('',(-4.539339568987,-6.281472460931,0.));
#3497 = VECTOR('',#3498,1.);
#3498 = DIRECTION('',(0.,0.,1.));
#3499 = ORIENTED_EDGE('',*,*,#3500,.F.);
#3500 = EDGE_CURVE('',#3463,#3493,#3501,.T.);
#3501 = B_SPLINE_CURVE_WITH_KNOTS('',1,(#3502,#3503),.UNSPECIFIED.,.F.,
  .F.,(2,2),(0.,1.120633632442),.PIECEWISE_BEZIER_KNOTS.);
#3502 = CARTESIAN_POINT('',(-5.397794735891,-5.561143046999,0.));
#3503 = CARTESIAN_POINT('',(-4.539339568987,-6.281472460931,0.));
#3504 = SURFACE_OF_LINEAR_EXTRUSION('',#3505,#3508);
#3505 = B_SPLINE_CURVE_WITH_KNOTS('',1,(#3506,#3507),.UNSPECIFIED.,.F.,
  .F.,(2,2),(0.,1.120633632442),.PIECEWISE_BEZIER_KNOTS.);
#3506 = CARTESIAN_POINT('',(-5.397794735891,-5.561143046999,0.));
#3507 = CARTESIAN_POINT('',(-4.539339568987,-6.281472460931,0.));
#3508 = VECTOR('',#3509,1.);
#3509 = DIRECTION('',(-0.,-0.,-1.));
#3510 = ADVANCED_FACE('',(#3511),#3534,.F.);
#3511 = FACE_BOUND('',#3512,.F.);
#3512 = EDGE_LOOP('',(#3513,#3514,#3521,#3529));
#3513 = ORIENTED_EDGE('',*,*,#3492,.T.);
#3514 = ORIENTED_EDGE('',*,*,#3515,.T.);
#3515 = EDGE_CURVE('',#3486,#3516,#3518,.T.);
#3516 = VERTEX_POINT('',#3517);
#3517 = CARTESIAN_POINT('',(-4.953581298834,-6.854694177143,5.));
#3518 = B_SPLINE_CURVE_WITH_KNOTS('',1,(#3519,#3520),.UNSPECIFIED.,.F.,
  .F.,(2,2),(0.,0.707233587073),.PIECEWISE_BEZIER_KNOTS.);
#3519 = CARTESIAN_POINT('',(-4.539339568987,-6.281472460931,5.));
#3520 = CARTESIAN_POINT('',(-4.953581298834,-6.854694177143,5.));
#3521 = ORIENTED_EDGE('',*,*,#3522,.F.);
#3522 = EDGE_CURVE('',#3523,#3516,#3525,.T.);
#3523 = VERTEX_POINT('',#3524);
#3524 = CARTESIAN_POINT('',(-4.953581298834,-6.854694177143,0.));
#3525 = LINE('',#3526,#3527);
#3526 = CARTESIAN_POINT('',(-4.953581298834,-6.854694177143,0.));
#3527 = VECTOR('',#3528,1.);
#3528 = DIRECTION('',(0.,0.,1.));
#3529 = ORIENTED_EDGE('',*,*,#3530,.F.);
#3530 = EDGE_CURVE('',#3493,#3523,#3531,.T.);
#3531 = B_SPLINE_CURVE_WITH_KNOTS('',1,(#3532,#3533),.UNSPECIFIED.,.F.,
  .F.,(2,2),(0.,0.707233587073),.PIECEWISE_BEZIER_KNOTS.);
#3532 = CARTESIAN_POINT('',(-4.539339568987,-6.281472460931,0.));
#3533 = CARTESIAN_POINT('',(-4.953581298834,-6.854694177143,0.));
#3534 = SURFACE_OF_LINEAR_EXTRUSION('',#3535,#3538);
#3535 = B_SPLINE_CURVE_WITH_KNOTS('',1,(#3536,#3537),.UNSPECIFIED.,.F.,
  .F.,(2,2),(0.,0.707233587073),.PIECEWISE_BEZIER_KNOTS.);
#3536 = CARTESIAN_POINT('',(-4.539339568987,-6.281472460931,0.));
#3537 = CARTESIAN_POINT('',(-4.953581298834,-6.854694177143,0.));
#3538 = VECTOR('',#3539,1.);
#3539 = DIRECTION('',(-0.,-0.,-1.));
#3540 = ADVANCED_FACE('',(#3541),#3604,.F.);
#3541 = FACE_BOUND('',#3542,.F.);
#3542 = EDGE_LOOP('',(#3543,#3544,#3571,#3579));
#3543 = ORIENTED_EDGE('',*,*,#3522,.T.);
#3544 = ORIENTED_EDGE('',*,*,#3545,.T.);
#3545 = EDGE_CURVE('',#3516,#3546,#3548,.T.);
#3546 = VERTEX_POINT('',#3547);
#3547 = CARTESIAN_POINT('',(-5.292208054039,-8.484841419423,5.));
#3548 = B_SPLINE_CURVE_WITH_KNOTS('',3,(#3549,#3550,#3551,#3552,#3553,
    #3554,#3555,#3556,#3557,#3558,#3559,#3560,#3561,#3562,#3563,#3564,
    #3565,#3566,#3567,#3568,#3569,#3570),.UNSPECIFIED.,.F.,.F.,(4,1,1,1,
    1,1,1,1,1,1,1,1,1,1,1,1,1,1,1,4),(0.,4.663242026802E-03,
    1.865277763451E-02,4.196864491748E-02,7.461084931782E-02,
    0.11657939265,0.167874275737,0.228495499025,0.298443062779,
    0.377716967172,0.466317212321,0.564243798312,0.671496725205,
    0.788075993049,0.913981601881,1.049213551729,1.193771842617,
    1.347656474564,1.510867447587,1.683404761698),.UNSPECIFIED.);
#3549 = CARTESIAN_POINT('',(-4.953581298834,-6.854694177143,5.));
#3550 = CARTESIAN_POINT('',(-4.954475038165,-6.855966177129,5.));
#3551 = CARTESIAN_POINT('',(-4.958003694387,-6.861085480939,5.));
#3552 = CARTESIAN_POINT('',(-4.965544797988,-6.872873055443,5.));
#3553 = CARTESIAN_POINT('',(-4.977538341565,-6.892870878223,5.));
#3554 = CARTESIAN_POINT('',(-4.993391913139,-6.921412295998,5.));
#3555 = CARTESIAN_POINT('',(-5.01257321533,-6.958749142628,5.));
#3556 = CARTESIAN_POINT('',(-5.034500509377,-7.0051316163,5.));
#3557 = CARTESIAN_POINT('',(-5.058594045495,-7.060771227914,5.));
#3558 = CARTESIAN_POINT('',(-5.084257833739,-7.125854434887,5.));
#3559 = CARTESIAN_POINT('',(-5.110888081679,-7.200536965034,5.));
#3560 = CARTESIAN_POINT('',(-5.137872049781,-7.284945170762,5.));
#3561 = CARTESIAN_POINT('',(-5.164590196239,-7.37917505952,5.));
#3562 = CARTESIAN_POINT('',(-5.190417249515,-7.483292169106,5.));
#3563 = CARTESIAN_POINT('',(-5.214723636688,-7.597331249056,5.));
#3564 = CARTESIAN_POINT('',(-5.23687683353,-7.721296062607,5.));
#3565 = CARTESIAN_POINT('',(-5.256242662771,-7.85515928806,5.));
#3566 = CARTESIAN_POINT('',(-5.272186978699,-7.998862202894,5.));
#3567 = CARTESIAN_POINT('',(-5.284075745781,-8.152315584455,5.));
#3568 = CARTESIAN_POINT('',(-5.291281730006,-8.315395904745,5.));
#3569 = CARTESIAN_POINT('',(-5.292502812517,-8.427330022769,5.));
#3570 = CARTESIAN_POINT('',(-5.292208054039,-8.484841419423,5.));
#3571 = ORIENTED_EDGE('',*,*,#3572,.F.);
#3572 = EDGE_CURVE('',#3573,#3546,#3575,.T.);
#3573 = VERTEX_POINT('',#3574);
#3574 = CARTESIAN_POINT('',(-5.292208054039,-8.484841419423,0.));
#3575 = LINE('',#3576,#3577);
#3576 = CARTESIAN_POINT('',(-5.292208054039,-8.484841419423,0.));
#3577 = VECTOR('',#3578,1.);
#3578 = DIRECTION('',(0.,0.,1.));
#3579 = ORIENTED_EDGE('',*,*,#3580,.F.);
#3580 = EDGE_CURVE('',#3523,#3573,#3581,.T.);
#3581 = B_SPLINE_CURVE_WITH_KNOTS('',3,(#3582,#3583,#3584,#3585,#3586,
    #3587,#3588,#3589,#3590,#3591,#3592,#3593,#3594,#3595,#3596,#3597,
    #3598,#3599,#3600,#3601,#3602,#3603),.UNSPECIFIED.,.F.,.F.,(4,1,1,1,
    1,1,1,1,1,1,1,1,1,1,1,1,1,1,1,4),(0.,4.663242026802E-03,
    1.865277763451E-02,4.196864491748E-02,7.461084931782E-02,
    0.11657939265,0.167874275737,0.228495499025,0.298443062779,
    0.377716967172,0.466317212321,0.564243798312,0.671496725205,
    0.788075993049,0.913981601881,1.049213551729,1.193771842617,
    1.347656474564,1.510867447587,1.683404761698),.UNSPECIFIED.);
#3582 = CARTESIAN_POINT('',(-4.953581298834,-6.854694177143,0.));
#3583 = CARTESIAN_POINT('',(-4.954475038165,-6.855966177129,0.));
#3584 = CARTESIAN_POINT('',(-4.958003694387,-6.861085480939,0.));
#3585 = CARTESIAN_POINT('',(-4.965544797988,-6.872873055443,0.));
#3586 = CARTESIAN_POINT('',(-4.977538341565,-6.892870878223,0.));
#3587 = CARTESIAN_POINT('',(-4.993391913139,-6.921412295998,0.));
#3588 = CARTESIAN_POINT('',(-5.01257321533,-6.958749142628,0.));
#3589 = CARTESIAN_POINT('',(-5.034500509377,-7.0051316163,0.));
#3590 = CARTESIAN_POINT('',(-5.058594045495,-7.060771227914,0.));
#3591 = CARTESIAN_POINT('',(-5.084257833739,-7.125854434887,0.));
#3592 = CARTESIAN_POINT('',(-5.110888081679,-7.200536965034,0.));
#3593 = CARTESIAN_POINT('',(-5.137872049781,-7.284945170762,0.));
#3594 = CARTESIAN_POINT('',(-5.164590196239,-7.37917505952,0.));
#3595 = CARTESIAN_POINT('',(-5.190417249515,-7.483292169106,0.));
#3596 = CARTESIAN_POINT('',(-5.214723636688,-7.597331249056,0.));
#3597 = CARTESIAN_POINT('',(-5.23687683353,-7.721296062607,0.));
#3598 = CARTESIAN_POINT('',(-5.256242662771,-7.85515928806,0.));
#3599 = CARTESIAN_POINT('',(-5.272186978699,-7.998862202894,0.));
#3600 = CARTESIAN_POINT('',(-5.284075745781,-8.152315584455,0.));
#3601 = CARTESIAN_POINT('',(-5.291281730006,-8.315395904745,0.));
#3602 = CARTESIAN_POINT('',(-5.292502812517,-8.427330022769,0.));
#3603 = CARTESIAN_POINT('',(-5.292208054039,-8.484841419423,0.));
#3604 = SURFACE_OF_LINEAR_EXTRUSION('',#3605,#3628);
#3605 = B_SPLINE_CURVE_WITH_KNOTS('',3,(#3606,#3607,#3608,#3609,#3610,
    #3611,#3612,#3613,#3614,#3615,#3616,#3617,#3618,#3619,#3620,#3621,
    #3622,#3623,#3624,#3625,#3626,#3627),.UNSPECIFIED.,.F.,.F.,(4,1,1,1,
    1,1,1,1,1,1,1,1,1,1,1,1,1,1,1,4),(0.,4.663242026802E-03,
    1.865277763451E-02,4.196864491748E-02,7.461084931782E-02,
    0.11657939265,0.167874275737,0.228495499025,0.298443062779,
    0.377716967172,0.466317212321,0.564243798312,0.671496725205,
    0.788075993049,0.913981601881,1.049213551729,1.193771842617,
    1.347656474564,1.510867447587,1.683404761698),.UNSPECIFIED.);
#3606 = CARTESIAN_POINT('',(-4.953581298834,-6.854694177143,0.));
#3607 = CARTESIAN_POINT('',(-4.954475038165,-6.855966177129,0.));
#3608 = CARTESIAN_POINT('',(-4.958003694387,-6.861085480939,0.));
#3609 = CARTESIAN_POINT('',(-4.965544797988,-6.872873055443,0.));
#3610 = CARTESIAN_POINT('',(-4.977538341565,-6.892870878223,0.));
#3611 = CARTESIAN_POINT('',(-4.993391913139,-6.921412295998,0.));
#3612 = CARTESIAN_POINT('',(-5.01257321533,-6.958749142628,0.));
#3613 = CARTESIAN_POINT('',(-5.034500509377,-7.0051316163,0.));
#3614 = CARTESIAN_POINT('',(-5.058594045495,-7.060771227914,0.));
#3615 = CARTESIAN_POINT('',(-5.084257833739,-7.125854434887,0.));
#3616 = CARTESIAN_POINT('',(-5.110888081679,-7.200536965034,0.));
#3617 = CARTESIAN_POINT('',(-5.137872049781,-7.284945170762,0.));
#3618 = CARTESIAN_POINT('',(-5.164590196239,-7.37917505952,0.));
#3619 = CARTESIAN_POINT('',(-5.190417249515,-7.483292169106,0.));
#3620 = CARTESIAN_POINT('',(-5.214723636688,-7.597331249056,0.));
#3621 = CARTESIAN_POINT('',(-5.23687683353,-7.721296062607,0.));
#3622 = CARTESIAN_POINT('',(-5.256242662771,-7.85515928806,0.));
#3623 = CARTESIAN_POINT('',(-5.272186978699,-7.998862202894,0.));
#3624 = CARTESIAN_POINT('',(-5.284075745781,-8.152315584455,0.));
#3625 = CARTESIAN_POINT('',(-5.291281730006,-8.315395904745,0.));
#3626 = CARTESIAN_POINT('',(-5.292502812517,-8.427330022769,0.));
#3627 = CARTESIAN_POINT('',(-5.292208054039,-8.484841419423,0.));
#3628 = VECTOR('',#3629,1.);
#3629 = DIRECTION('',(-0.,-0.,-1.));
#3630 = ADVANCED_FACE('',(#3631),#3654,.F.);
#3631 = FACE_BOUND('',#3632,.F.);
#3632 = EDGE_LOOP('',(#3633,#3634,#3641,#3649));
#3633 = ORIENTED_EDGE('',*,*,#3572,.T.);
#3634 = ORIENTED_EDGE('',*,*,#3635,.T.);
#3635 = EDGE_CURVE('',#3546,#3636,#3638,.T.);
#3636 = VERTEX_POINT('',#3637);
#3637 = CARTESIAN_POINT('',(-4.701984189283,-8.825607326622,5.));
#3638 = B_SPLINE_CURVE_WITH_KNOTS('',1,(#3639,#3640),.UNSPECIFIED.,.F.,
  .F.,(2,2),(0.,0.681531814398),.PIECEWISE_BEZIER_KNOTS.);
#3639 = CARTESIAN_POINT('',(-5.292208054039,-8.484841419423,5.));
#3640 = CARTESIAN_POINT('',(-4.701984189283,-8.825607326622,5.));
#3641 = ORIENTED_EDGE('',*,*,#3642,.F.);
#3642 = EDGE_CURVE('',#3643,#3636,#3645,.T.);
#3643 = VERTEX_POINT('',#3644);
#3644 = CARTESIAN_POINT('',(-4.701984189283,-8.825607326622,0.));
#3645 = LINE('',#3646,#3647);
#3646 = CARTESIAN_POINT('',(-4.701984189283,-8.825607326622,0.));
#3647 = VECTOR('',#3648,1.);
#3648 = DIRECTION('',(0.,0.,1.));
#3649 = ORIENTED_EDGE('',*,*,#3650,.F.);
#3650 = EDGE_CURVE('',#3573,#3643,#3651,.T.);
#3651 = B_SPLINE_CURVE_WITH_KNOTS('',1,(#3652,#3653),.UNSPECIFIED.,.F.,
  .F.,(2,2),(0.,0.681531814398),.PIECEWISE_BEZIER_KNOTS.);
#3652 = CARTESIAN_POINT('',(-5.292208054039,-8.484841419423,0.));
#3653 = CARTESIAN_POINT('',(-4.701984189283,-8.825607326622,0.));
#3654 = SURFACE_OF_LINEAR_EXTRUSION('',#3655,#3658);
#3655 = B_SPLINE_CURVE_WITH_KNOTS('',1,(#3656,#3657),.UNSPECIFIED.,.F.,
  .F.,(2,2),(0.,0.681531814398),.PIECEWISE_BEZIER_KNOTS.);
#3656 = CARTESIAN_POINT('',(-5.292208054039,-8.484841419423,0.));
#3657 = CARTESIAN_POINT('',(-4.701984189283,-8.825607326622,0.));
#3658 = VECTOR('',#3659,1.);
#3659 = DIRECTION('',(-0.,-0.,-1.));
#3660 = ADVANCED_FACE('',(#3661),#3724,.F.);
#3661 = FACE_BOUND('',#3662,.F.);
#3662 = EDGE_LOOP('',(#3663,#3664,#3691,#3699));
#3663 = ORIENTED_EDGE('',*,*,#3642,.T.);
#3664 = ORIENTED_EDGE('',*,*,#3665,.T.);
#3665 = EDGE_CURVE('',#3636,#3666,#3668,.T.);
#3666 = VERTEX_POINT('',#3667);
#3667 = CARTESIAN_POINT('',(-3.459548643162,-7.717274333073,5.));
#3668 = B_SPLINE_CURVE_WITH_KNOTS('',3,(#3669,#3670,#3671,#3672,#3673,
    #3674,#3675,#3676,#3677,#3678,#3679,#3680,#3681,#3682,#3683,#3684,
    #3685,#3686,#3687,#3688,#3689,#3690),.UNSPECIFIED.,.F.,.F.,(4,1,1,1,
    1,1,1,1,1,1,1,1,1,1,1,1,1,1,1,4),(0.,0.172537314111,0.335748287134,
    0.489632919081,0.634191209969,0.769423159817,0.895328768649,
    1.011908036493,1.119160963386,1.217087549377,1.305687794526,
    1.384961698919,1.454909262673,1.515530485961,1.566825369048,
    1.60879391238,1.641436116781,1.664751984064,1.678741519671,
    1.683404761698),.UNSPECIFIED.);
#3669 = CARTESIAN_POINT('',(-4.701984189283,-8.825607326622,5.));
#3670 = CARTESIAN_POINT('',(-4.652030479535,-8.797106896625,5.));
#3671 = CARTESIAN_POINT('',(-4.555703231031,-8.740082349138,5.));
#3672 = CARTESIAN_POINT('',(-4.418074522916,-8.652301623595,5.));
#3673 = CARTESIAN_POINT('',(-4.291124379728,-8.565278958502,5.));
#3674 = CARTESIAN_POINT('',(-4.174646162848,-8.479619318446,5.));
#3675 = CARTESIAN_POINT('',(-4.068400123594,-8.39591640563,5.));
#3676 = CARTESIAN_POINT('',(-3.972120044304,-8.314748767615,5.));
#3677 = CARTESIAN_POINT('',(-3.88551249763,-8.236679278874,5.));
#3678 = CARTESIAN_POINT('',(-3.808257962397,-8.162253839839,5.));
#3679 = CARTESIAN_POINT('',(-3.740011558167,-8.092000301885,5.));
#3680 = CARTESIAN_POINT('',(-3.680403891769,-8.02642739715,5.));
#3681 = CARTESIAN_POINT('',(-3.629042047413,-7.966023660852,5.));
#3682 = CARTESIAN_POINT('',(-3.585510230936,-7.911256564788,5.));
#3683 = CARTESIAN_POINT('',(-3.549371681881,-7.862571144636,5.));
#3684 = CARTESIAN_POINT('',(-3.520166928414,-7.820390314119,5.));
#3685 = CARTESIAN_POINT('',(-3.497422921831,-7.785110395829,5.));
#3686 = CARTESIAN_POINT('',(-3.480632114765,-7.757110091218,5.));
#3687 = CARTESIAN_POINT('',(-3.469310264005,-7.736724466408,5.));
#3688 = CARTESIAN_POINT('',(-3.462872476836,-7.724299891866,5.));
#3689 = CARTESIAN_POINT('',(-3.460203357798,-7.718684334032,5.));
#3690 = CARTESIAN_POINT('',(-3.459548643162,-7.717274333073,5.));
#3691 = ORIENTED_EDGE('',*,*,#3692,.F.);
#3692 = EDGE_CURVE('',#3693,#3666,#3695,.T.);
#3693 = VERTEX_POINT('',#3694);
#3694 = CARTESIAN_POINT('',(-3.459548643162,-7.717274333073,0.));
#3695 = LINE('',#3696,#3697);
#3696 = CARTESIAN_POINT('',(-3.459548643162,-7.717274333073,0.));
#3697 = VECTOR('',#3698,1.);
#3698 = DIRECTION('',(0.,0.,1.));
#3699 = ORIENTED_EDGE('',*,*,#3700,.F.);
#3700 = EDGE_CURVE('',#3643,#3693,#3701,.T.);
#3701 = B_SPLINE_CURVE_WITH_KNOTS('',3,(#3702,#3703,#3704,#3705,#3706,
    #3707,#3708,#3709,#3710,#3711,#3712,#3713,#3714,#3715,#3716,#3717,
    #3718,#3719,#3720,#3721,#3722,#3723),.UNSPECIFIED.,.F.,.F.,(4,1,1,1,
    1,1,1,1,1,1,1,1,1,1,1,1,1,1,1,4),(0.,0.172537314111,0.335748287134,
    0.489632919081,0.634191209969,0.769423159817,0.895328768649,
    1.011908036493,1.119160963386,1.217087549377,1.305687794526,
    1.384961698919,1.454909262673,1.515530485961,1.566825369048,
    1.60879391238,1.641436116781,1.664751984064,1.678741519671,
    1.683404761698),.UNSPECIFIED.);
#3702 = CARTESIAN_POINT('',(-4.701984189283,-8.825607326622,0.));
#3703 = CARTESIAN_POINT('',(-4.652030479535,-8.797106896625,0.));
#3704 = CARTESIAN_POINT('',(-4.555703231031,-8.740082349138,0.));
#3705 = CARTESIAN_POINT('',(-4.418074522916,-8.652301623595,0.));
#3706 = CARTESIAN_POINT('',(-4.291124379728,-8.565278958502,0.));
#3707 = CARTESIAN_POINT('',(-4.174646162848,-8.479619318446,0.));
#3708 = CARTESIAN_POINT('',(-4.068400123594,-8.39591640563,0.));
#3709 = CARTESIAN_POINT('',(-3.972120044304,-8.314748767615,0.));
#3710 = CARTESIAN_POINT('',(-3.88551249763,-8.236679278874,0.));
#3711 = CARTESIAN_POINT('',(-3.808257962397,-8.162253839839,0.));
#3712 = CARTESIAN_POINT('',(-3.740011558167,-8.092000301885,0.));
#3713 = CARTESIAN_POINT('',(-3.680403891769,-8.02642739715,0.));
#3714 = CARTESIAN_POINT('',(-3.629042047413,-7.966023660852,0.));
#3715 = CARTESIAN_POINT('',(-3.585510230936,-7.911256564788,0.));
#3716 = CARTESIAN_POINT('',(-3.549371681881,-7.862571144636,0.));
#3717 = CARTESIAN_POINT('',(-3.520166928414,-7.820390314119,0.));
#3718 = CARTESIAN_POINT('',(-3.497422921831,-7.785110395829,0.));
#3719 = CARTESIAN_POINT('',(-3.480632114765,-7.757110091218,0.));
#3720 = CARTESIAN_POINT('',(-3.469310264005,-7.736724466408,0.));
#3721 = CARTESIAN_POINT('',(-3.462872476836,-7.724299891866,0.));
#3722 = CARTESIAN_POINT('',(-3.460203357798,-7.718684334032,0.));
#3723 = CARTESIAN_POINT('',(-3.459548643162,-7.717274333073,0.));
#3724 = SURFACE_OF_LINEAR_EXTRUSION('',#3725,#3748);
#3725 = B_SPLINE_CURVE_WITH_KNOTS('',3,(#3726,#3727,#3728,#3729,#3730,
    #3731,#3732,#3733,#3734,#3735,#3736,#3737,#3738,#3739,#3740,#3741,
    #3742,#3743,#3744,#3745,#3746,#3747),.UNSPECIFIED.,.F.,.F.,(4,1,1,1,
    1,1,1,1,1,1,1,1,1,1,1,1,1,1,1,4),(0.,0.172537314111,0.335748287134,
    0.489632919081,0.634191209969,0.769423159817,0.895328768649,
    1.011908036493,1.119160963386,1.217087549377,1.305687794526,
    1.384961698919,1.454909262673,1.515530485961,1.566825369048,
    1.60879391238,1.641436116781,1.664751984064,1.678741519671,
    1.683404761698),.UNSPECIFIED.);
#3726 = CARTESIAN_POINT('',(-4.701984189283,-8.825607326622,0.));
#3727 = CARTESIAN_POINT('',(-4.652030479535,-8.797106896625,0.));
#3728 = CARTESIAN_POINT('',(-4.555703231031,-8.740082349138,0.));
#3729 = CARTESIAN_POINT('',(-4.418074522916,-8.652301623595,0.));
#3730 = CARTESIAN_POINT('',(-4.291124379728,-8.565278958502,0.));
#3731 = CARTESIAN_POINT('',(-4.174646162848,-8.479619318446,0.));
#3732 = CARTESIAN_POINT('',(-4.068400123594,-8.39591640563,0.));
#3733 = CARTESIAN_POINT('',(-3.972120044304,-8.314748767615,0.));
#3734 = CARTESIAN_POINT('',(-3.88551249763,-8.236679278874,0.));
#3735 = CARTESIAN_POINT('',(-3.808257962397,-8.162253839839,0.));
#3736 = CARTESIAN_POINT('',(-3.740011558167,-8.092000301885,0.));
#3737 = CARTESIAN_POINT('',(-3.680403891769,-8.02642739715,0.));
#3738 = CARTESIAN_POINT('',(-3.629042047413,-7.966023660852,0.));
#3739 = CARTESIAN_POINT('',(-3.585510230936,-7.911256564788,0.));
#3740 = CARTESIAN_POINT('',(-3.549371681881,-7.862571144636,0.));
#3741 = CARTESIAN_POINT('',(-3.520166928414,-7.820390314119,0.));
#3742 = CARTESIAN_POINT('',(-3.497422921831,-7.785110395829,0.));
#3743 = CARTESIAN_POINT('',(-3.480632114765,-7.757110091218,0.));
#3744 = CARTESIAN_POINT('',(-3.469310264005,-7.736724466408,0.));
#3745 = CARTESIAN_POINT('',(-3.462872476836,-7.724299891866,0.));
#3746 = CARTESIAN_POINT('',(-3.460203357798,-7.718684334032,0.));
#3747 = CARTESIAN_POINT('',(-3.459548643162,-7.717274333073,0.));
#3748 = VECTOR('',#3749,1.);
#3749 = DIRECTION('',(-0.,-0.,-1.));
#3750 = ADVANCED_FACE('',(#3751),#3774,.F.);
#3751 = FACE_BOUND('',#3752,.F.);
#3752 = EDGE_LOOP('',(#3753,#3754,#3761,#3769));
#3753 = ORIENTED_EDGE('',*,*,#3692,.T.);
#3754 = ORIENTED_EDGE('',*,*,#3755,.T.);
#3755 = EDGE_CURVE('',#3666,#3756,#3758,.T.);
#3756 = VERTEX_POINT('',#3757);
#3757 = CARTESIAN_POINT('',(-3.170244939845,-7.071919613612,5.));
#3758 = B_SPLINE_CURVE_WITH_KNOTS('',1,(#3759,#3760),.UNSPECIFIED.,.F.,
  .F.,(2,2),(0.,0.707233587073),.PIECEWISE_BEZIER_KNOTS.);
#3759 = CARTESIAN_POINT('',(-3.459548643162,-7.717274333073,5.));
#3760 = CARTESIAN_POINT('',(-3.170244939845,-7.071919613612,5.));
#3761 = ORIENTED_EDGE('',*,*,#3762,.F.);
#3762 = EDGE_CURVE('',#3763,#3756,#3765,.T.);
#3763 = VERTEX_POINT('',#3764);
#3764 = CARTESIAN_POINT('',(-3.170244939845,-7.071919613612,0.));
#3765 = LINE('',#3766,#3767);
#3766 = CARTESIAN_POINT('',(-3.170244939845,-7.071919613612,0.));
#3767 = VECTOR('',#3768,1.);
#3768 = DIRECTION('',(0.,0.,1.));
#3769 = ORIENTED_EDGE('',*,*,#3770,.F.);
#3770 = EDGE_CURVE('',#3693,#3763,#3771,.T.);
#3771 = B_SPLINE_CURVE_WITH_KNOTS('',1,(#3772,#3773),.UNSPECIFIED.,.F.,
  .F.,(2,2),(0.,0.707233587073),.PIECEWISE_BEZIER_KNOTS.);
#3772 = CARTESIAN_POINT('',(-3.459548643162,-7.717274333073,0.));
#3773 = CARTESIAN_POINT('',(-3.170244939845,-7.071919613612,0.));
#3774 = SURFACE_OF_LINEAR_EXTRUSION('',#3775,#3778);
#3775 = B_SPLINE_CURVE_WITH_KNOTS('',1,(#3776,#3777),.UNSPECIFIED.,.F.,
  .F.,(2,2),(0.,0.707233587073),.PIECEWISE_BEZIER_KNOTS.);
#3776 = CARTESIAN_POINT('',(-3.459548643162,-7.717274333073,0.));
#3777 = CARTESIAN_POINT('',(-3.170244939845,-7.071919613612,0.));
#3778 = VECTOR('',#3779,1.);
#3779 = DIRECTION('',(-0.,-0.,-1.));
#3780 = ADVANCED_FACE('',(#3781),#3804,.F.);
#3781 = FACE_BOUND('',#3782,.F.);
#3782 = EDGE_LOOP('',(#3783,#3784,#3791,#3799));
#3783 = ORIENTED_EDGE('',*,*,#3762,.T.);
#3784 = ORIENTED_EDGE('',*,*,#3785,.T.);
#3785 = EDGE_CURVE('',#3756,#3786,#3788,.T.);
#3786 = VERTEX_POINT('',#3787);
#3787 = CARTESIAN_POINT('',(-2.117193784834,-7.455198889195,5.));
#3788 = B_SPLINE_CURVE_WITH_KNOTS('',1,(#3789,#3790),.UNSPECIFIED.,.F.,
  .F.,(2,2),(0.,1.120633632442),.PIECEWISE_BEZIER_KNOTS.);
#3789 = CARTESIAN_POINT('',(-3.170244939845,-7.071919613612,5.));
#3790 = CARTESIAN_POINT('',(-2.117193784834,-7.455198889195,5.));
#3791 = ORIENTED_EDGE('',*,*,#3792,.F.);
#3792 = EDGE_CURVE('',#3793,#3786,#3795,.T.);
#3793 = VERTEX_POINT('',#3794);
#3794 = CARTESIAN_POINT('',(-2.117193784834,-7.455198889195,0.));
#3795 = LINE('',#3796,#3797);
#3796 = CARTESIAN_POINT('',(-2.117193784834,-7.455198889195,0.));
#3797 = VECTOR('',#3798,1.);
#3798 = DIRECTION('',(0.,0.,1.));
#3799 = ORIENTED_EDGE('',*,*,#3800,.F.);
#3800 = EDGE_CURVE('',#3763,#3793,#3801,.T.);
#3801 = B_SPLINE_CURVE_WITH_KNOTS('',1,(#3802,#3803),.UNSPECIFIED.,.F.,
  .F.,(2,2),(0.,1.120633632442),.PIECEWISE_BEZIER_KNOTS.);
#3802 = CARTESIAN_POINT('',(-3.170244939845,-7.071919613612,0.));
#3803 = CARTESIAN_POINT('',(-2.117193784834,-7.455198889195,0.));
#3804 = SURFACE_OF_LINEAR_EXTRUSION('',#3805,#3808);
#3805 = B_SPLINE_CURVE_WITH_KNOTS('',1,(#3806,#3807),.UNSPECIFIED.,.F.,
  .F.,(2,2),(0.,1.120633632442),.PIECEWISE_BEZIER_KNOTS.);
#3806 = CARTESIAN_POINT('',(-3.170244939845,-7.071919613612,0.));
#3807 = CARTESIAN_POINT('',(-2.117193784834,-7.455198889195,0.));
#3808 = VECTOR('',#3809,1.);
#3809 = DIRECTION('',(-0.,-0.,-1.));
#3810 = ADVANCED_FACE('',(#3811),#3834,.F.);
#3811 = FACE_BOUND('',#3812,.F.);
#3812 = EDGE_LOOP('',(#3813,#3814,#3821,#3829));
#3813 = ORIENTED_EDGE('',*,*,#3792,.T.);
#3814 = ORIENTED_EDGE('',*,*,#3815,.T.);
#3815 = EDGE_CURVE('',#3786,#3816,#3818,.T.);
#3816 = VERTEX_POINT('',#3817);
#3817 = CARTESIAN_POINT('',(-2.310400308057,-8.135530121808,5.));
#3818 = B_SPLINE_CURVE_WITH_KNOTS('',1,(#3819,#3820),.UNSPECIFIED.,.F.,
  .F.,(2,2),(0.,0.707233587073),.PIECEWISE_BEZIER_KNOTS.);
#3819 = CARTESIAN_POINT('',(-2.117193784834,-7.455198889195,5.));
#3820 = CARTESIAN_POINT('',(-2.310400308057,-8.135530121808,5.));
#3821 = ORIENTED_EDGE('',*,*,#3822,.F.);
#3822 = EDGE_CURVE('',#3823,#3816,#3825,.T.);
#3823 = VERTEX_POINT('',#3824);
#3824 = CARTESIAN_POINT('',(-2.310400308057,-8.135530121808,0.));
#3825 = LINE('',#3826,#3827);
#3826 = CARTESIAN_POINT('',(-2.310400308057,-8.135530121808,0.));
#3827 = VECTOR('',#3828,1.);
#3828 = DIRECTION('',(0.,0.,1.));
#3829 = ORIENTED_EDGE('',*,*,#3830,.F.);
#3830 = EDGE_CURVE('',#3793,#3823,#3831,.T.);
#3831 = B_SPLINE_CURVE_WITH_KNOTS('',1,(#3832,#3833),.UNSPECIFIED.,.F.,
  .F.,(2,2),(0.,0.707233587073),.PIECEWISE_BEZIER_KNOTS.);
#3832 = CARTESIAN_POINT('',(-2.117193784834,-7.455198889195,0.));
#3833 = CARTESIAN_POINT('',(-2.310400308057,-8.135530121808,0.));
#3834 = SURFACE_OF_LINEAR_EXTRUSION('',#3835,#3838);
#3835 = B_SPLINE_CURVE_WITH_KNOTS('',1,(#3836,#3837),.UNSPECIFIED.,.F.,
  .F.,(2,2),(0.,0.707233587073),.PIECEWISE_BEZIER_KNOTS.);
#3836 = CARTESIAN_POINT('',(-2.117193784834,-7.455198889195,0.));
#3837 = CARTESIAN_POINT('',(-2.310400308057,-8.135530121808,0.));
#3838 = VECTOR('',#3839,1.);
#3839 = DIRECTION('',(-0.,-0.,-1.));
#3840 = ADVANCED_FACE('',(#3841),#3904,.F.);
#3841 = FACE_BOUND('',#3842,.F.);
#3842 = EDGE_LOOP('',(#3843,#3844,#3871,#3879));
#3843 = ORIENTED_EDGE('',*,*,#3822,.T.);
#3844 = ORIENTED_EDGE('',*,*,#3845,.T.);
#3845 = EDGE_CURVE('',#3816,#3846,#3848,.T.);
#3846 = VERTEX_POINT('',#3847);
#3847 = CARTESIAN_POINT('',(-2.071062177678,-9.783184627523,5.));
#3848 = B_SPLINE_CURVE_WITH_KNOTS('',3,(#3849,#3850,#3851,#3852,#3853,
    #3854,#3855,#3856,#3857,#3858,#3859,#3860,#3861,#3862,#3863,#3864,
    #3865,#3866,#3867,#3868,#3869,#3870),.UNSPECIFIED.,.F.,.F.,(4,1,1,1,
    1,1,1,1,1,1,1,1,1,1,1,1,1,1,1,4),(0.,4.663242026802E-03,
    1.865277763451E-02,4.196864491748E-02,7.461084931782E-02,
    0.11657939265,0.167874275737,0.228495499025,0.298443062779,
    0.377716967172,0.466317212321,0.564243798312,0.671496725205,
    0.788075993049,0.913981601881,1.049213551729,1.193771842617,
    1.347656474564,1.510867447587,1.683404761698),.UNSPECIFIED.);
#3849 = CARTESIAN_POINT('',(-2.310400308057,-8.135530121808,5.));
#3850 = CARTESIAN_POINT('',(-2.310805098694,-8.137031087663,5.));
#3851 = CARTESIAN_POINT('',(-2.312370045885,-8.143048531183,5.));
#3852 = CARTESIAN_POINT('',(-2.315424777369,-8.156704437296,5.));
#3853 = CARTESIAN_POINT('',(-2.319855363552,-8.179598277288,5.));
#3854 = CARTESIAN_POINT('',(-2.324991107975,-8.21184067778,5.));
#3855 = CARTESIAN_POINT('',(-2.330245682466,-8.253486228765,5.));
#3856 = CARTESIAN_POINT('',(-2.334986858582,-8.304571073261,5.));
#3857 = CARTESIAN_POINT('',(-2.338597508743,-8.365095680394,5.));
#3858 = CARTESIAN_POINT('',(-2.340453813399,-8.435031422258,5.));
#3859 = CARTESIAN_POINT('',(-2.339935131214,-8.514318125956,5.));
#3860 = CARTESIAN_POINT('',(-2.336422460297,-8.60286495465,5.));
#3861 = CARTESIAN_POINT('',(-2.329300785307,-8.700550230054,5.));
#3862 = CARTESIAN_POINT('',(-2.317960127943,-8.807221682093,5.));
#3863 = CARTESIAN_POINT('',(-2.301796998139,-8.922696638028,5.));
#3864 = CARTESIAN_POINT('',(-2.28021573044,-9.046762298118,5.));
#3865 = CARTESIAN_POINT('',(-2.252629737718,-9.179176086963,5.));
#3866 = CARTESIAN_POINT('',(-2.218463202211,-9.319665932838,5.));
#3867 = CARTESIAN_POINT('',(-2.177150841352,-9.467931140946,5.));
#3868 = CARTESIAN_POINT('',(-2.128145497036,-9.623641106275,5.));
#3869 = CARTESIAN_POINT('',(-2.09100921617,-9.729242405812,5.));
#3870 = CARTESIAN_POINT('',(-2.071062177678,-9.783184627523,5.));
#3871 = ORIENTED_EDGE('',*,*,#3872,.F.);
#3872 = EDGE_CURVE('',#3873,#3846,#3875,.T.);
#3873 = VERTEX_POINT('',#3874);
#3874 = CARTESIAN_POINT('',(-2.071062177678,-9.783184627523,0.));
#3875 = LINE('',#3876,#3877);
#3876 = CARTESIAN_POINT('',(-2.071062177678,-9.783184627523,0.));
#3877 = VECTOR('',#3878,1.);
#3878 = DIRECTION('',(0.,0.,1.));
#3879 = ORIENTED_EDGE('',*,*,#3880,.F.);
#3880 = EDGE_CURVE('',#3823,#3873,#3881,.T.);
#3881 = B_SPLINE_CURVE_WITH_KNOTS('',3,(#3882,#3883,#3884,#3885,#3886,
    #3887,#3888,#3889,#3890,#3891,#3892,#3893,#3894,#3895,#3896,#3897,
    #3898,#3899,#3900,#3901,#3902,#3903),.UNSPECIFIED.,.F.,.F.,(4,1,1,1,
    1,1,1,1,1,1,1,1,1,1,1,1,1,1,1,4),(0.,4.663242026802E-03,
    1.865277763451E-02,4.196864491748E-02,7.461084931782E-02,
    0.11657939265,0.167874275737,0.228495499025,0.298443062779,
    0.377716967172,0.466317212321,0.564243798312,0.671496725205,
    0.788075993049,0.913981601881,1.049213551729,1.193771842617,
    1.347656474564,1.510867447587,1.683404761698),.UNSPECIFIED.);
#3882 = CARTESIAN_POINT('',(-2.310400308057,-8.135530121808,0.));
#3883 = CARTESIAN_POINT('',(-2.310805098694,-8.137031087663,0.));
#3884 = CARTESIAN_POINT('',(-2.312370045885,-8.143048531183,0.));
#3885 = CARTESIAN_POINT('',(-2.315424777369,-8.156704437296,0.));
#3886 = CARTESIAN_POINT('',(-2.319855363552,-8.179598277288,0.));
#3887 = CARTESIAN_POINT('',(-2.324991107975,-8.21184067778,0.));
#3888 = CARTESIAN_POINT('',(-2.330245682466,-8.253486228765,0.));
#3889 = CARTESIAN_POINT('',(-2.334986858582,-8.304571073261,0.));
#3890 = CARTESIAN_POINT('',(-2.338597508743,-8.365095680394,0.));
#3891 = CARTESIAN_POINT('',(-2.340453813399,-8.435031422258,0.));
#3892 = CARTESIAN_POINT('',(-2.339935131214,-8.514318125956,0.));
#3893 = CARTESIAN_POINT('',(-2.336422460297,-8.60286495465,0.));
#3894 = CARTESIAN_POINT('',(-2.329300785307,-8.700550230054,0.));
#3895 = CARTESIAN_POINT('',(-2.317960127943,-8.807221682093,0.));
#3896 = CARTESIAN_POINT('',(-2.301796998139,-8.922696638028,0.));
#3897 = CARTESIAN_POINT('',(-2.28021573044,-9.046762298118,0.));
#3898 = CARTESIAN_POINT('',(-2.252629737718,-9.179176086963,0.));
#3899 = CARTESIAN_POINT('',(-2.218463202211,-9.319665932838,0.));
#3900 = CARTESIAN_POINT('',(-2.177150841352,-9.467931140946,0.));
#3901 = CARTESIAN_POINT('',(-2.128145497036,-9.623641106275,0.));
#3902 = CARTESIAN_POINT('',(-2.09100921617,-9.729242405812,0.));
#3903 = CARTESIAN_POINT('',(-2.071062177678,-9.783184627523,0.));
#3904 = SURFACE_OF_LINEAR_EXTRUSION('',#3905,#3928);
#3905 = B_SPLINE_CURVE_WITH_KNOTS('',3,(#3906,#3907,#3908,#3909,#3910,
    #3911,#3912,#3913,#3914,#3915,#3916,#3917,#3918,#3919,#3920,#3921,
    #3922,#3923,#3924,#3925,#3926,#3927),.UNSPECIFIED.,.F.,.F.,(4,1,1,1,
    1,1,1,1,1,1,1,1,1,1,1,1,1,1,1,4),(0.,4.663242026802E-03,
    1.865277763451E-02,4.196864491748E-02,7.461084931782E-02,
    0.11657939265,0.167874275737,0.228495499025,0.298443062779,
    0.377716967172,0.466317212321,0.564243798312,0.671496725205,
    0.788075993049,0.913981601881,1.049213551729,1.193771842617,
    1.347656474564,1.510867447587,1.683404761698),.UNSPECIFIED.);
#3906 = CARTESIAN_POINT('',(-2.310400308057,-8.135530121808,0.));
#3907 = CARTESIAN_POINT('',(-2.310805098694,-8.137031087663,0.));
#3908 = CARTESIAN_POINT('',(-2.312370045885,-8.143048531183,0.));
#3909 = CARTESIAN_POINT('',(-2.315424777369,-8.156704437296,0.));
#3910 = CARTESIAN_POINT('',(-2.319855363552,-8.179598277288,0.));
#3911 = CARTESIAN_POINT('',(-2.324991107975,-8.21184067778,0.));
#3912 = CARTESIAN_POINT('',(-2.330245682466,-8.253486228765,0.));
#3913 = CARTESIAN_POINT('',(-2.334986858582,-8.304571073261,0.));
#3914 = CARTESIAN_POINT('',(-2.338597508743,-8.365095680394,0.));
#3915 = CARTESIAN_POINT('',(-2.340453813399,-8.435031422258,0.));
#3916 = CARTESIAN_POINT('',(-2.339935131214,-8.514318125956,0.));
#3917 = CARTESIAN_POINT('',(-2.336422460297,-8.60286495465,0.));
#3918 = CARTESIAN_POINT('',(-2.329300785307,-8.700550230054,0.));
#3919 = CARTESIAN_POINT('',(-2.317960127943,-8.807221682093,0.));
#3920 = CARTESIAN_POINT('',(-2.301796998139,-8.922696638028,0.));
#3921 = CARTESIAN_POINT('',(-2.28021573044,-9.046762298118,0.));
#3922 = CARTESIAN_POINT('',(-2.252629737718,-9.179176086963,0.));
#3923 = CARTESIAN_POINT('',(-2.218463202211,-9.319665932838,0.));
#3924 = CARTESIAN_POINT('',(-2.177150841352,-9.467931140946,0.));
#3925 = CARTESIAN_POINT('',(-2.128145497036,-9.623641106275,0.));
#3926 = CARTESIAN_POINT('',(-2.09100921617,-9.729242405812,0.));
#3927 = CARTESIAN_POINT('',(-2.071062177678,-9.783184627523,0.));
#3928 = VECTOR('',#3929,1.);
#3929 = DIRECTION('',(-0.,-0.,-1.));
#3930 = ADVANCED_FACE('',(#3931),#3954,.F.);
#3931 = FACE_BOUND('',#3932,.F.);
#3932 = EDGE_LOOP('',(#3933,#3934,#3941,#3949));
#3933 = ORIENTED_EDGE('',*,*,#3872,.T.);
#3934 = ORIENTED_EDGE('',*,*,#3935,.T.);
#3935 = EDGE_CURVE('',#3846,#3936,#3938,.T.);
#3936 = VERTEX_POINT('',#3937);
#3937 = CARTESIAN_POINT('',(-1.399884362934,-9.901531385115,5.));
#3938 = B_SPLINE_CURVE_WITH_KNOTS('',1,(#3939,#3940),.UNSPECIFIED.,.F.,
  .F.,(2,2),(0.,0.681531814398),.PIECEWISE_BEZIER_KNOTS.);
#3939 = CARTESIAN_POINT('',(-2.071062177678,-9.783184627523,5.));
#3940 = CARTESIAN_POINT('',(-1.399884362934,-9.901531385115,5.));
#3941 = ORIENTED_EDGE('',*,*,#3942,.F.);
#3942 = EDGE_CURVE('',#3943,#3936,#3945,.T.);
#3943 = VERTEX_POINT('',#3944);
#3944 = CARTESIAN_POINT('',(-1.399884362934,-9.901531385115,0.));
#3945 = LINE('',#3946,#3947);
#3946 = CARTESIAN_POINT('',(-1.399884362934,-9.901531385115,0.));
#3947 = VECTOR('',#3948,1.);
#3948 = DIRECTION('',(0.,0.,1.));
#3949 = ORIENTED_EDGE('',*,*,#3950,.F.);
#3950 = EDGE_CURVE('',#3873,#3943,#3951,.T.);
#3951 = B_SPLINE_CURVE_WITH_KNOTS('',1,(#3952,#3953),.UNSPECIFIED.,.F.,
  .F.,(2,2),(0.,0.681531814398),.PIECEWISE_BEZIER_KNOTS.);
#3952 = CARTESIAN_POINT('',(-2.071062177678,-9.783184627523,0.));
#3953 = CARTESIAN_POINT('',(-1.399884362934,-9.901531385115,0.));
#3954 = SURFACE_OF_LINEAR_EXTRUSION('',#3955,#3958);
#3955 = B_SPLINE_CURVE_WITH_KNOTS('',1,(#3956,#3957),.UNSPECIFIED.,.F.,
  .F.,(2,2),(0.,0.681531814398),.PIECEWISE_BEZIER_KNOTS.);
#3956 = CARTESIAN_POINT('',(-2.071062177678,-9.783184627523,0.));
#3957 = CARTESIAN_POINT('',(-1.399884362934,-9.901531385115,0.));
#3958 = VECTOR('',#3959,1.);
#3959 = DIRECTION('',(-0.,-0.,-1.));
#3960 = ADVANCED_FACE('',(#3961),#4024,.F.);
#3961 = FACE_BOUND('',#3962,.F.);
#3962 = EDGE_LOOP('',(#3963,#3964,#3991,#3999));
#3963 = ORIENTED_EDGE('',*,*,#3942,.T.);
#3964 = ORIENTED_EDGE('',*,*,#3965,.T.);
#3965 = EDGE_CURVE('',#3936,#3966,#3968,.T.);
#3966 = VERTEX_POINT('',#3967);
#3967 = CARTESIAN_POINT('',(-0.611449057748,-8.435101066146,5.));
#3968 = B_SPLINE_CURVE_WITH_KNOTS('',3,(#3969,#3970,#3971,#3972,#3973,
    #3974,#3975,#3976,#3977,#3978,#3979,#3980,#3981,#3982,#3983,#3984,
    #3985,#3986,#3987,#3988,#3989,#3990),.UNSPECIFIED.,.F.,.F.,(4,1,1,1,
    1,1,1,1,1,1,1,1,1,1,1,1,1,1,1,4),(0.,0.172537314111,0.335748287134,
    0.489632919081,0.634191209969,0.769423159817,0.895328768649,
    1.011908036493,1.119160963386,1.217087549377,1.305687794526,
    1.384961698919,1.454909262673,1.515530485961,1.566825369048,
    1.60879391238,1.641436116781,1.664751984064,1.678741519671,
    1.683404761698),.UNSPECIFIED.);
#3969 = CARTESIAN_POINT('',(-1.399884362934,-9.901531385115,5.));
#3970 = CARTESIAN_POINT('',(-1.362690951655,-9.857664566389,5.));
#3971 = CARTESIAN_POINT('',(-1.29167649096,-9.771133160573,5.));
#3972 = CARTESIAN_POINT('',(-1.192370585867,-9.641574470057,5.));
#3973 = CARTESIAN_POINT('',(-1.102839977494,-9.51638040766,5.));
#3974 = CARTESIAN_POINT('',(-1.022683578978,-9.396048779568,5.));
#3975 = CARTESIAN_POINT('',(-0.951473042141,-9.281055484484,5.));
#3976 = CARTESIAN_POINT('',(-0.888760329291,-9.171853127477,5.));
#3977 = CARTESIAN_POINT('',(-0.834077194506,-9.068870279471,5.));
#3978 = CARTESIAN_POINT('',(-0.786936677151,-8.972510636399,5.));
#3979 = CARTESIAN_POINT('',(-0.746834159821,-8.883152260243,5.));
#3980 = CARTESIAN_POINT('',(-0.713248529841,-8.801146862935,5.));
#3981 = CARTESIAN_POINT('',(-0.685643478256,-8.726819132299,5.));
#3982 = CARTESIAN_POINT('',(-0.663468401588,-8.660466138156,5.));
#3983 = CARTESIAN_POINT('',(-0.646160668093,-8.602356696371,5.));
#3984 = CARTESIAN_POINT('',(-0.633143870467,-8.55273106723,5.));
#3985 = CARTESIAN_POINT('',(-0.623837938025,-8.511799879959,5.));
#3986 = CARTESIAN_POINT('',(-0.617636408724,-8.479745406097,5.));
#3987 = CARTESIAN_POINT('',(-0.61396964343,-8.456716883874,5.));
#3988 = CARTESIAN_POINT('',(-0.612169557099,-8.44283974997,5.));
#3989 = CARTESIAN_POINT('',(-0.61158203953,-8.436649959236,5.));
#3990 = CARTESIAN_POINT('',(-0.611449057748,-8.435101066146,5.));
#3991 = ORIENTED_EDGE('',*,*,#3992,.F.);
#3992 = EDGE_CURVE('',#3993,#3966,#3995,.T.);
#3993 = VERTEX_POINT('',#3994);
#3994 = CARTESIAN_POINT('',(-0.611449057748,-8.435101066146,0.));
#3995 = LINE('',#3996,#3997);
#3996 = CARTESIAN_POINT('',(-0.611449057748,-8.435101066146,0.));
#3997 = VECTOR('',#3998,1.);
#3998 = DIRECTION('',(0.,0.,1.));
#3999 = ORIENTED_EDGE('',*,*,#4000,.F.);
#4000 = EDGE_CURVE('',#3943,#3993,#4001,.T.);
#4001 = B_SPLINE_CURVE_WITH_KNOTS('',3,(#4002,#4003,#4004,#4005,#4006,
    #4007,#4008,#4009,#4010,#4011,#4012,#4013,#4014,#4015,#4016,#4017,
    #4018,#4019,#4020,#4021,#4022,#4023),.UNSPECIFIED.,.F.,.F.,(4,1,1,1,
    1,1,1,1,1,1,1,1,1,1,1,1,1,1,1,4),(0.,0.172537314111,0.335748287134,
    0.489632919081,0.634191209969,0.769423159817,0.895328768649,
    1.011908036493,1.119160963386,1.217087549377,1.305687794526,
    1.384961698919,1.454909262673,1.515530485961,1.566825369048,
    1.60879391238,1.641436116781,1.664751984064,1.678741519671,
    1.683404761698),.UNSPECIFIED.);
#4002 = CARTESIAN_POINT('',(-1.399884362934,-9.901531385115,0.));
#4003 = CARTESIAN_POINT('',(-1.362690951655,-9.857664566389,0.));
#4004 = CARTESIAN_POINT('',(-1.29167649096,-9.771133160573,0.));
#4005 = CARTESIAN_POINT('',(-1.192370585867,-9.641574470057,0.));
#4006 = CARTESIAN_POINT('',(-1.102839977494,-9.51638040766,0.));
#4007 = CARTESIAN_POINT('',(-1.022683578978,-9.396048779568,0.));
#4008 = CARTESIAN_POINT('',(-0.951473042141,-9.281055484484,0.));
#4009 = CARTESIAN_POINT('',(-0.888760329291,-9.171853127477,0.));
#4010 = CARTESIAN_POINT('',(-0.834077194506,-9.068870279471,0.));
#4011 = CARTESIAN_POINT('',(-0.786936677151,-8.972510636399,0.));
#4012 = CARTESIAN_POINT('',(-0.746834159821,-8.883152260243,0.));
#4013 = CARTESIAN_POINT('',(-0.713248529841,-8.801146862935,0.));
#4014 = CARTESIAN_POINT('',(-0.685643478256,-8.726819132299,0.));
#4015 = CARTESIAN_POINT('',(-0.663468401588,-8.660466138156,0.));
#4016 = CARTESIAN_POINT('',(-0.646160668093,-8.602356696371,0.));
#4017 = CARTESIAN_POINT('',(-0.633143870467,-8.55273106723,0.));
#4018 = CARTESIAN_POINT('',(-0.623837938025,-8.511799879959,0.));
#4019 = CARTESIAN_POINT('',(-0.617636408724,-8.479745406097,0.));
#4020 = CARTESIAN_POINT('',(-0.61396964343,-8.456716883874,0.));
#4021 = CARTESIAN_POINT('',(-0.612169557099,-8.44283974997,0.));
#4022 = CARTESIAN_POINT('',(-0.61158203953,-8.436649959236,0.));
#4023 = CARTESIAN_POINT('',(-0.611449057748,-8.435101066146,0.));
#4024 = SURFACE_OF_LINEAR_EXTRUSION('',#4025,#4048);
#4025 = B_SPLINE_CURVE_WITH_KNOTS('',3,(#4026,#4027,#4028,#4029,#4030,
    #4031,#4032,#4033,#4034,#4035,#4036,#4037,#4038,#4039,#4040,#4041,
    #4042,#4043,#4044,#4045,#4046,#4047),.UNSPECIFIED.,.F.,.F.,(4,1,1,1,
    1,1,1,1,1,1,1,1,1,1,1,1,1,1,1,4),(0.,0.172537314111,0.335748287134,
    0.489632919081,0.634191209969,0.769423159817,0.895328768649,
    1.011908036493,1.119160963386,1.217087549377,1.305687794526,
    1.384961698919,1.454909262673,1.515530485961,1.566825369048,
    1.60879391238,1.641436116781,1.664751984064,1.678741519671,
    1.683404761698),.UNSPECIFIED.);
#4026 = CARTESIAN_POINT('',(-1.399884362934,-9.901531385115,0.));
#4027 = CARTESIAN_POINT('',(-1.362690951655,-9.857664566389,0.));
#4028 = CARTESIAN_POINT('',(-1.29167649096,-9.771133160573,0.));
#4029 = CARTESIAN_POINT('',(-1.192370585867,-9.641574470057,0.));
#4030 = CARTESIAN_POINT('',(-1.102839977494,-9.51638040766,0.));
#4031 = CARTESIAN_POINT('',(-1.022683578978,-9.396048779568,0.));
#4032 = CARTESIAN_POINT('',(-0.951473042141,-9.281055484484,0.));
#4033 = CARTESIAN_POINT('',(-0.888760329291,-9.171853127477,0.));
#4034 = CARTESIAN_POINT('',(-0.834077194506,-9.068870279471,0.));
#4035 = CARTESIAN_POINT('',(-0.786936677151,-8.972510636399,0.));
#4036 = CARTESIAN_POINT('',(-0.746834159821,-8.883152260243,0.));
#4037 = CARTESIAN_POINT('',(-0.713248529841,-8.801146862935,0.));
#4038 = CARTESIAN_POINT('',(-0.685643478256,-8.726819132299,0.));
#4039 = CARTESIAN_POINT('',(-0.663468401588,-8.660466138156,0.));
#4040 = CARTESIAN_POINT('',(-0.646160668093,-8.602356696371,0.));
#4041 = CARTESIAN_POINT('',(-0.633143870467,-8.55273106723,0.));
#4042 = CARTESIAN_POINT('',(-0.623837938025,-8.511799879959,0.));
#4043 = CARTESIAN_POINT('',(-0.617636408724,-8.479745406097,0.));
#4044 = CARTESIAN_POINT('',(-0.61396964343,-8.456716883874,0.));
#4045 = CARTESIAN_POINT('',(-0.612169557099,-8.44283974997,0.));
#4046 = CARTESIAN_POINT('',(-0.61158203953,-8.436649959236,0.));
#4047 = CARTESIAN_POINT('',(-0.611449057748,-8.435101066146,0.));
#4048 = VECTOR('',#4049,1.);
#4049 = DIRECTION('',(-0.,-0.,-1.));
#4050 = ADVANCED_FACE('',(#4051),#4074,.F.);
#4051 = FACE_BOUND('',#4052,.F.);
#4052 = EDGE_LOOP('',(#4053,#4054,#4061,#4069));
#4053 = ORIENTED_EDGE('',*,*,#3992,.T.);
#4054 = ORIENTED_EDGE('',*,*,#4055,.T.);
#4055 = EDGE_CURVE('',#3966,#4056,#4058,.T.);
#4056 = VERTEX_POINT('',#4057);
#4057 = CARTESIAN_POINT('',(-0.560316816221,-7.729718304405,5.));
#4058 = B_SPLINE_CURVE_WITH_KNOTS('',1,(#4059,#4060),.UNSPECIFIED.,.F.,
  .F.,(2,2),(0.,0.707233587073),.PIECEWISE_BEZIER_KNOTS.);
#4059 = CARTESIAN_POINT('',(-0.611449057748,-8.435101066146,5.));
#4060 = CARTESIAN_POINT('',(-0.560316816221,-7.729718304405,5.));
#4061 = ORIENTED_EDGE('',*,*,#4062,.F.);
#4062 = EDGE_CURVE('',#4063,#4056,#4065,.T.);
#4063 = VERTEX_POINT('',#4064);
#4064 = CARTESIAN_POINT('',(-0.560316816221,-7.729718304405,0.));
#4065 = LINE('',#4066,#4067);
#4066 = CARTESIAN_POINT('',(-0.560316816221,-7.729718304405,0.));
#4067 = VECTOR('',#4068,1.);
#4068 = DIRECTION('',(0.,0.,1.));
#4069 = ORIENTED_EDGE('',*,*,#4070,.F.);
#4070 = EDGE_CURVE('',#3993,#4063,#4071,.T.);
#4071 = B_SPLINE_CURVE_WITH_KNOTS('',1,(#4072,#4073),.UNSPECIFIED.,.F.,
  .F.,(2,2),(0.,0.707233587073),.PIECEWISE_BEZIER_KNOTS.);
#4072 = CARTESIAN_POINT('',(-0.611449057748,-8.435101066146,0.));
#4073 = CARTESIAN_POINT('',(-0.560316816221,-7.729718304405,0.));
#4074 = SURFACE_OF_LINEAR_EXTRUSION('',#4075,#4078);
#4075 = B_SPLINE_CURVE_WITH_KNOTS('',1,(#4076,#4077),.UNSPECIFIED.,.F.,
  .F.,(2,2),(0.,0.707233587073),.PIECEWISE_BEZIER_KNOTS.);
#4076 = CARTESIAN_POINT('',(-0.611449057748,-8.435101066146,0.));
#4077 = CARTESIAN_POINT('',(-0.560316816221,-7.729718304405,0.));
#4078 = VECTOR('',#4079,1.);
#4079 = DIRECTION('',(-0.,-0.,-1.));
#4080 = ADVANCED_FACE('',(#4081),#4104,.F.);
#4081 = FACE_BOUND('',#4082,.F.);
#4082 = EDGE_LOOP('',(#4083,#4084,#4091,#4099));
#4083 = ORIENTED_EDGE('',*,*,#4062,.T.);
#4084 = ORIENTED_EDGE('',*,*,#4085,.T.);
#4085 = EDGE_CURVE('',#4056,#4086,#4088,.T.);
#4086 = VERTEX_POINT('',#4087);
#4087 = CARTESIAN_POINT('',(0.560316816221,-7.729718304405,5.));
#4088 = B_SPLINE_CURVE_WITH_KNOTS('',1,(#4089,#4090),.UNSPECIFIED.,.F.,
  .F.,(2,2),(0.,1.120633632442),.PIECEWISE_BEZIER_KNOTS.);
#4089 = CARTESIAN_POINT('',(-0.560316816221,-7.729718304405,5.));
#4090 = CARTESIAN_POINT('',(0.560316816221,-7.729718304405,5.));
#4091 = ORIENTED_EDGE('',*,*,#4092,.F.);
#4092 = EDGE_CURVE('',#4093,#4086,#4095,.T.);
#4093 = VERTEX_POINT('',#4094);
#4094 = CARTESIAN_POINT('',(0.560316816221,-7.729718304405,0.));
#4095 = LINE('',#4096,#4097);
#4096 = CARTESIAN_POINT('',(0.560316816221,-7.729718304405,0.));
#4097 = VECTOR('',#4098,1.);
#4098 = DIRECTION('',(0.,0.,1.));
#4099 = ORIENTED_EDGE('',*,*,#4100,.F.);
#4100 = EDGE_CURVE('',#4063,#4093,#4101,.T.);
#4101 = B_SPLINE_CURVE_WITH_KNOTS('',1,(#4102,#4103),.UNSPECIFIED.,.F.,
  .F.,(2,2),(0.,1.120633632442),.PIECEWISE_BEZIER_KNOTS.);
#4102 = CARTESIAN_POINT('',(-0.560316816221,-7.729718304405,0.));
#4103 = CARTESIAN_POINT('',(0.560316816221,-7.729718304405,0.));
#4104 = SURFACE_OF_LINEAR_EXTRUSION('',#4105,#4108);
#4105 = B_SPLINE_CURVE_WITH_KNOTS('',1,(#4106,#4107),.UNSPECIFIED.,.F.,
  .F.,(2,2),(0.,1.120633632442),.PIECEWISE_BEZIER_KNOTS.);
#4106 = CARTESIAN_POINT('',(-0.560316816221,-7.729718304405,0.));
#4107 = CARTESIAN_POINT('',(0.560316816221,-7.729718304405,0.));
#4108 = VECTOR('',#4109,1.);
#4109 = DIRECTION('',(-0.,-0.,-1.));
#4110 = ADVANCED_FACE('',(#4111),#4134,.F.);
#4111 = FACE_BOUND('',#4112,.F.);
#4112 = EDGE_LOOP('',(#4113,#4114,#4121,#4129));
#4113 = ORIENTED_EDGE('',*,*,#4092,.T.);
#4114 = ORIENTED_EDGE('',*,*,#4115,.T.);
#4115 = EDGE_CURVE('',#4086,#4116,#4118,.T.);
#4116 = VERTEX_POINT('',#4117);
#4117 = CARTESIAN_POINT('',(0.611449057748,-8.435101066146,5.));
#4118 = B_SPLINE_CURVE_WITH_KNOTS('',1,(#4119,#4120),.UNSPECIFIED.,.F.,
  .F.,(2,2),(0.,0.707233587073),.PIECEWISE_BEZIER_KNOTS.);
#4119 = CARTESIAN_POINT('',(0.560316816221,-7.729718304405,5.));
#4120 = CARTESIAN_POINT('',(0.611449057748,-8.435101066146,5.));
#4121 = ORIENTED_EDGE('',*,*,#4122,.F.);
#4122 = EDGE_CURVE('',#4123,#4116,#4125,.T.);
#4123 = VERTEX_POINT('',#4124);
#4124 = CARTESIAN_POINT('',(0.611449057748,-8.435101066146,0.));
#4125 = LINE('',#4126,#4127);
#4126 = CARTESIAN_POINT('',(0.611449057748,-8.435101066146,0.));
#4127 = VECTOR('',#4128,1.);
#4128 = DIRECTION('',(0.,0.,1.));
#4129 = ORIENTED_EDGE('',*,*,#4130,.F.);
#4130 = EDGE_CURVE('',#4093,#4123,#4131,.T.);
#4131 = B_SPLINE_CURVE_WITH_KNOTS('',1,(#4132,#4133),.UNSPECIFIED.,.F.,
  .F.,(2,2),(0.,0.707233587073),.PIECEWISE_BEZIER_KNOTS.);
#4132 = CARTESIAN_POINT('',(0.560316816221,-7.729718304405,0.));
#4133 = CARTESIAN_POINT('',(0.611449057748,-8.435101066146,0.));
#4134 = SURFACE_OF_LINEAR_EXTRUSION('',#4135,#4138);
#4135 = B_SPLINE_CURVE_WITH_KNOTS('',1,(#4136,#4137),.UNSPECIFIED.,.F.,
  .F.,(2,2),(0.,0.707233587073),.PIECEWISE_BEZIER_KNOTS.);
#4136 = CARTESIAN_POINT('',(0.560316816221,-7.729718304405,0.));
#4137 = CARTESIAN_POINT('',(0.611449057748,-8.435101066146,0.));
#4138 = VECTOR('',#4139,1.);
#4139 = DIRECTION('',(-0.,-0.,-1.));
#4140 = ADVANCED_FACE('',(#4141),#4204,.F.);
#4141 = FACE_BOUND('',#4142,.F.);
#4142 = EDGE_LOOP('',(#4143,#4144,#4171,#4179));
#4143 = ORIENTED_EDGE('',*,*,#4122,.T.);
#4144 = ORIENTED_EDGE('',*,*,#4145,.T.);
#4145 = EDGE_CURVE('',#4116,#4146,#4148,.T.);
#4146 = VERTEX_POINT('',#4147);
#4147 = CARTESIAN_POINT('',(1.399884362934,-9.901531385115,5.));
#4148 = B_SPLINE_CURVE_WITH_KNOTS('',3,(#4149,#4150,#4151,#4152,#4153,
    #4154,#4155,#4156,#4157,#4158,#4159,#4160,#4161,#4162,#4163,#4164,
    #4165,#4166,#4167,#4168,#4169,#4170),.UNSPECIFIED.,.F.,.F.,(4,1,1,1,
    1,1,1,1,1,1,1,1,1,1,1,1,1,1,1,4),(0.,4.663242026802E-03,
    1.865277763451E-02,4.196864491748E-02,7.461084931782E-02,
    0.11657939265,0.167874275737,0.228495499025,0.298443062779,
    0.377716967172,0.466317212321,0.564243798312,0.671496725205,
    0.788075993049,0.913981601881,1.049213551729,1.193771842617,
    1.347656474564,1.510867447587,1.683404761698),.UNSPECIFIED.);
#4149 = CARTESIAN_POINT('',(0.611449057748,-8.435101066146,5.));
#4150 = CARTESIAN_POINT('',(0.61158203953,-8.436649959236,5.));
#4151 = CARTESIAN_POINT('',(0.612169557099,-8.44283974997,5.));
#4152 = CARTESIAN_POINT('',(0.61396964343,-8.456716883874,5.));
#4153 = CARTESIAN_POINT('',(0.617636408724,-8.479745406097,5.));
#4154 = CARTESIAN_POINT('',(0.623837938025,-8.511799879959,5.));
#4155 = CARTESIAN_POINT('',(0.633143870467,-8.55273106723,5.));
#4156 = CARTESIAN_POINT('',(0.646160668093,-8.602356696371,5.));
#4157 = CARTESIAN_POINT('',(0.663468401588,-8.660466138156,5.));
#4158 = CARTESIAN_POINT('',(0.685643478256,-8.726819132299,5.));
#4159 = CARTESIAN_POINT('',(0.713248529841,-8.801146862935,5.));
#4160 = CARTESIAN_POINT('',(0.746834159821,-8.883152260243,5.));
#4161 = CARTESIAN_POINT('',(0.786936677151,-8.972510636399,5.));
#4162 = CARTESIAN_POINT('',(0.834077194506,-9.068870279471,5.));
#4163 = CARTESIAN_POINT('',(0.888760329291,-9.171853127477,5.));
#4164 = CARTESIAN_POINT('',(0.951473042141,-9.281055484484,5.));
#4165 = CARTESIAN_POINT('',(1.022683578978,-9.396048779568,5.));
#4166 = CARTESIAN_POINT('',(1.102839977494,-9.51638040766,5.));
#4167 = CARTESIAN_POINT('',(1.192370585867,-9.641574470057,5.));
#4168 = CARTESIAN_POINT('',(1.29167649096,-9.771133160573,5.));
#4169 = CARTESIAN_POINT('',(1.362690951655,-9.857664566389,5.));
#4170 = CARTESIAN_POINT('',(1.399884362934,-9.901531385115,5.));
#4171 = ORIENTED_EDGE('',*,*,#4172,.F.);
#4172 = EDGE_CURVE('',#4173,#4146,#4175,.T.);
#4173 = VERTEX_POINT('',#4174);
#4174 = CARTESIAN_POINT('',(1.399884362934,-9.901531385115,0.));
#4175 = LINE('',#4176,#4177);
#4176 = CARTESIAN_POINT('',(1.399884362934,-9.901531385115,0.));
#4177 = VECTOR('',#4178,1.);
#4178 = DIRECTION('',(0.,0.,1.));
#4179 = ORIENTED_EDGE('',*,*,#4180,.F.);
#4180 = EDGE_CURVE('',#4123,#4173,#4181,.T.);
#4181 = B_SPLINE_CURVE_WITH_KNOTS('',3,(#4182,#4183,#4184,#4185,#4186,
    #4187,#4188,#4189,#4190,#4191,#4192,#4193,#4194,#4195,#4196,#4197,
    #4198,#4199,#4200,#4201,#4202,#4203),.UNSPECIFIED.,.F.,.F.,(4,1,1,1,
    1,1,1,1,1,1,1,1,1,1,1,1,1,1,1,4),(0.,4.663242026802E-03,
    1.865277763451E-02,4.196864491748E-02,7.461084931782E-02,
    0.11657939265,0.167874275737,0.228495499025,0.298443062779,
    0.377716967172,0.466317212321,0.564243798312,0.671496725205,
    0.788075993049,0.913981601881,1.049213551729,1.193771842617,
    1.347656474564,1.510867447587,1.683404761698),.UNSPECIFIED.);
#4182 = CARTESIAN_POINT('',(0.611449057748,-8.435101066146,0.));
#4183 = CARTESIAN_POINT('',(0.61158203953,-8.436649959236,0.));
#4184 = CARTESIAN_POINT('',(0.612169557099,-8.44283974997,0.));
#4185 = CARTESIAN_POINT('',(0.61396964343,-8.456716883874,0.));
#4186 = CARTESIAN_POINT('',(0.617636408724,-8.479745406097,0.));
#4187 = CARTESIAN_POINT('',(0.623837938025,-8.511799879959,0.));
#4188 = CARTESIAN_POINT('',(0.633143870467,-8.55273106723,0.));
#4189 = CARTESIAN_POINT('',(0.646160668093,-8.602356696371,0.));
#4190 = CARTESIAN_POINT('',(0.663468401588,-8.660466138156,0.));
#4191 = CARTESIAN_POINT('',(0.685643478256,-8.726819132299,0.));
#4192 = CARTESIAN_POINT('',(0.713248529841,-8.801146862935,0.));
#4193 = CARTESIAN_POINT('',(0.746834159821,-8.883152260243,0.));
#4194 = CARTESIAN_POINT('',(0.786936677151,-8.972510636399,0.));
#4195 = CARTESIAN_POINT('',(0.834077194506,-9.068870279471,0.));
#4196 = CARTESIAN_POINT('',(0.888760329291,-9.171853127477,0.));
#4197 = CARTESIAN_POINT('',(0.951473042141,-9.281055484484,0.));
#4198 = CARTESIAN_POINT('',(1.022683578978,-9.396048779568,0.));
#4199 = CARTESIAN_POINT('',(1.102839977494,-9.51638040766,0.));
#4200 = CARTESIAN_POINT('',(1.192370585867,-9.641574470057,0.));
#4201 = CARTESIAN_POINT('',(1.29167649096,-9.771133160573,0.));
#4202 = CARTESIAN_POINT('',(1.362690951655,-9.857664566389,0.));
#4203 = CARTESIAN_POINT('',(1.399884362934,-9.901531385115,0.));
#4204 = SURFACE_OF_LINEAR_EXTRUSION('',#4205,#4228);
#4205 = B_SPLINE_CURVE_WITH_KNOTS('',3,(#4206,#4207,#4208,#4209,#4210,
    #4211,#4212,#4213,#4214,#4215,#4216,#4217,#4218,#4219,#4220,#4221,
    #4222,#4223,#4224,#4225,#4226,#4227),.UNSPECIFIED.,.F.,.F.,(4,1,1,1,
    1,1,1,1,1,1,1,1,1,1,1,1,1,1,1,4),(0.,4.663242026802E-03,
    1.865277763451E-02,4.196864491748E-02,7.461084931782E-02,
    0.11657939265,0.167874275737,0.228495499025,0.298443062779,
    0.377716967172,0.466317212321,0.564243798312,0.671496725205,
    0.788075993049,0.913981601881,1.049213551729,1.193771842617,
    1.347656474564,1.510867447587,1.683404761698),.UNSPECIFIED.);
#4206 = CARTESIAN_POINT('',(0.611449057748,-8.435101066146,0.));
#4207 = CARTESIAN_POINT('',(0.61158203953,-8.436649959236,0.));
#4208 = CARTESIAN_POINT('',(0.612169557099,-8.44283974997,0.));
#4209 = CARTESIAN_POINT('',(0.61396964343,-8.456716883874,0.));
#4210 = CARTESIAN_POINT('',(0.617636408724,-8.479745406097,0.));
#4211 = CARTESIAN_POINT('',(0.623837938025,-8.511799879959,0.));
#4212 = CARTESIAN_POINT('',(0.633143870467,-8.55273106723,0.));
#4213 = CARTESIAN_POINT('',(0.646160668093,-8.602356696371,0.));
#4214 = CARTESIAN_POINT('',(0.663468401588,-8.660466138156,0.));
#4215 = CARTESIAN_POINT('',(0.685643478256,-8.726819132299,0.));
#4216 = CARTESIAN_POINT('',(0.713248529841,-8.801146862935,0.));
#4217 = CARTESIAN_POINT('',(0.746834159821,-8.883152260243,0.));
#4218 = CARTESIAN_POINT('',(0.786936677151,-8.972510636399,0.));
#4219 = CARTESIAN_POINT('',(0.834077194506,-9.068870279471,0.));
#4220 = CARTESIAN_POINT('',(0.888760329291,-9.171853127477,0.));
#4221 = CARTESIAN_POINT('',(0.951473042141,-9.281055484484,0.));
#4222 = CARTESIAN_POINT('',(1.022683578978,-9.396048779568,0.));
#4223 = CARTESIAN_POINT('',(1.102839977494,-9.51638040766,0.));
#4224 = CARTESIAN_POINT('',(1.192370585867,-9.641574470057,0.));
#4225 = CARTESIAN_POINT('',(1.29167649096,-9.771133160573,0.));
#4226 = CARTESIAN_POINT('',(1.362690951655,-9.857664566389,0.));
#4227 = CARTESIAN_POINT('',(1.399884362934,-9.901531385115,0.));
#4228 = VECTOR('',#4229,1.);
#4229 = DIRECTION('',(-0.,-0.,-1.));
#4230 = ADVANCED_FACE('',(#4231),#4254,.F.);
#4231 = FACE_BOUND('',#4232,.F.);
#4232 = EDGE_LOOP('',(#4233,#4234,#4241,#4249));
#4233 = ORIENTED_EDGE('',*,*,#4172,.T.);
#4234 = ORIENTED_EDGE('',*,*,#4235,.T.);
#4235 = EDGE_CURVE('',#4146,#4236,#4238,.T.);
#4236 = VERTEX_POINT('',#4237);
#4237 = CARTESIAN_POINT('',(2.071062177678,-9.783184627523,5.));
#4238 = B_SPLINE_CURVE_WITH_KNOTS('',1,(#4239,#4240),.UNSPECIFIED.,.F.,
  .F.,(2,2),(0.,0.681531814398),.PIECEWISE_BEZIER_KNOTS.);
#4239 = CARTESIAN_POINT('',(1.399884362934,-9.901531385115,5.));
#4240 = CARTESIAN_POINT('',(2.071062177678,-9.783184627523,5.));
#4241 = ORIENTED_EDGE('',*,*,#4242,.F.);
#4242 = EDGE_CURVE('',#4243,#4236,#4245,.T.);
#4243 = VERTEX_POINT('',#4244);
#4244 = CARTESIAN_POINT('',(2.071062177678,-9.783184627523,0.));
#4245 = LINE('',#4246,#4247);
#4246 = CARTESIAN_POINT('',(2.071062177678,-9.783184627523,0.));
#4247 = VECTOR('',#4248,1.);
#4248 = DIRECTION('',(0.,0.,1.));
#4249 = ORIENTED_EDGE('',*,*,#4250,.F.);
#4250 = EDGE_CURVE('',#4173,#4243,#4251,.T.);
#4251 = B_SPLINE_CURVE_WITH_KNOTS('',1,(#4252,#4253),.UNSPECIFIED.,.F.,
  .F.,(2,2),(0.,0.681531814398),.PIECEWISE_BEZIER_KNOTS.);
#4252 = CARTESIAN_POINT('',(1.399884362934,-9.901531385115,0.));
#4253 = CARTESIAN_POINT('',(2.071062177678,-9.783184627523,0.));
#4254 = SURFACE_OF_LINEAR_EXTRUSION('',#4255,#4258);
#4255 = B_SPLINE_CURVE_WITH_KNOTS('',1,(#4256,#4257),.UNSPECIFIED.,.F.,
  .F.,(2,2),(0.,0.681531814398),.PIECEWISE_BEZIER_KNOTS.);
#4256 = CARTESIAN_POINT('',(1.399884362934,-9.901531385115,0.));
#4257 = CARTESIAN_POINT('',(2.071062177678,-9.783184627523,0.));
#4258 = VECTOR('',#4259,1.);
#4259 = DIRECTION('',(-0.,-0.,-1.));
#4260 = ADVANCED_FACE('',(#4261),#4324,.F.);
#4261 = FACE_BOUND('',#4262,.F.);
#4262 = EDGE_LOOP('',(#4263,#4264,#4291,#4299));
#4263 = ORIENTED_EDGE('',*,*,#4242,.T.);
#4264 = ORIENTED_EDGE('',*,*,#4265,.T.);
#4265 = EDGE_CURVE('',#4236,#4266,#4268,.T.);
#4266 = VERTEX_POINT('',#4267);
#4267 = CARTESIAN_POINT('',(2.310400308057,-8.135530121808,5.));
#4268 = B_SPLINE_CURVE_WITH_KNOTS('',3,(#4269,#4270,#4271,#4272,#4273,
    #4274,#4275,#4276,#4277,#4278,#4279,#4280,#4281,#4282,#4283,#4284,
    #4285,#4286,#4287,#4288,#4289,#4290),.UNSPECIFIED.,.F.,.F.,(4,1,1,1,
    1,1,1,1,1,1,1,1,1,1,1,1,1,1,1,4),(0.,0.172537314111,0.335748287134,
    0.489632919081,0.634191209969,0.769423159817,0.895328768649,
    1.011908036493,1.119160963386,1.217087549377,1.305687794526,
    1.384961698919,1.454909262673,1.515530485961,1.566825369048,
    1.60879391238,1.641436116781,1.664751984064,1.678741519671,
    1.683404761698),.UNSPECIFIED.);
#4269 = CARTESIAN_POINT('',(2.071062177678,-9.783184627523,5.));
#4270 = CARTESIAN_POINT('',(2.09100921617,-9.729242405812,5.));
#4271 = CARTESIAN_POINT('',(2.128145497036,-9.623641106275,5.));
#4272 = CARTESIAN_POINT('',(2.177150841352,-9.467931140946,5.));
#4273 = CARTESIAN_POINT('',(2.218463202211,-9.319665932838,5.));
#4274 = CARTESIAN_POINT('',(2.252629737718,-9.179176086963,5.));
#4275 = CARTESIAN_POINT('',(2.28021573044,-9.046762298118,5.));
#4276 = CARTESIAN_POINT('',(2.301796998139,-8.922696638028,5.));
#4277 = CARTESIAN_POINT('',(2.317960127943,-8.807221682093,5.));
#4278 = CARTESIAN_POINT('',(2.329300785307,-8.700550230054,5.));
#4279 = CARTESIAN_POINT('',(2.336422460297,-8.60286495465,5.));
#4280 = CARTESIAN_POINT('',(2.339935131214,-8.514318125956,5.));
#4281 = CARTESIAN_POINT('',(2.340453813399,-8.435031422258,5.));
#4282 = CARTESIAN_POINT('',(2.338597508743,-8.365095680394,5.));
#4283 = CARTESIAN_POINT('',(2.334986858582,-8.304571073261,5.));
#4284 = CARTESIAN_POINT('',(2.330245682466,-8.253486228765,5.));
#4285 = CARTESIAN_POINT('',(2.324991107975,-8.21184067778,5.));
#4286 = CARTESIAN_POINT('',(2.319855363552,-8.179598277288,5.));
#4287 = CARTESIAN_POINT('',(2.315424777369,-8.156704437296,5.));
#4288 = CARTESIAN_POINT('',(2.312370045885,-8.143048531183,5.));
#4289 = CARTESIAN_POINT('',(2.310805098694,-8.137031087663,5.));
#4290 = CARTESIAN_POINT('',(2.310400308057,-8.135530121808,5.));
#4291 = ORIENTED_EDGE('',*,*,#4292,.F.);
#4292 = EDGE_CURVE('',#4293,#4266,#4295,.T.);
#4293 = VERTEX_POINT('',#4294);
#4294 = CARTESIAN_POINT('',(2.310400308057,-8.135530121808,0.));
#4295 = LINE('',#4296,#4297);
#4296 = CARTESIAN_POINT('',(2.310400308057,-8.135530121808,0.));
#4297 = VECTOR('',#4298,1.);
#4298 = DIRECTION('',(0.,0.,1.));
#4299 = ORIENTED_EDGE('',*,*,#4300,.F.);
#4300 = EDGE_CURVE('',#4243,#4293,#4301,.T.);
#4301 = B_SPLINE_CURVE_WITH_KNOTS('',3,(#4302,#4303,#4304,#4305,#4306,
    #4307,#4308,#4309,#4310,#4311,#4312,#4313,#4314,#4315,#4316,#4317,
    #4318,#4319,#4320,#4321,#4322,#4323),.UNSPECIFIED.,.F.,.F.,(4,1,1,1,
    1,1,1,1,1,1,1,1,1,1,1,1,1,1,1,4),(0.,0.172537314111,0.335748287134,
    0.489632919081,0.634191209969,0.769423159817,0.895328768649,
    1.011908036493,1.119160963386,1.217087549377,1.305687794526,
    1.384961698919,1.454909262673,1.515530485961,1.566825369048,
    1.60879391238,1.641436116781,1.664751984064,1.678741519671,
    1.683404761698),.UNSPECIFIED.);
#4302 = CARTESIAN_POINT('',(2.071062177678,-9.783184627523,0.));
#4303 = CARTESIAN_POINT('',(2.09100921617,-9.729242405812,0.));
#4304 = CARTESIAN_POINT('',(2.128145497036,-9.623641106275,0.));
#4305 = CARTESIAN_POINT('',(2.177150841352,-9.467931140946,0.));
#4306 = CARTESIAN_POINT('',(2.218463202211,-9.319665932838,0.));
#4307 = CARTESIAN_POINT('',(2.252629737718,-9.179176086963,0.));
#4308 = CARTESIAN_POINT('',(2.28021573044,-9.046762298118,0.));
#4309 = CARTESIAN_POINT('',(2.301796998139,-8.922696638028,0.));
#4310 = CARTESIAN_POINT('',(2.317960127943,-8.807221682093,0.));
#4311 = CARTESIAN_POINT('',(2.329300785307,-8.700550230054,0.));
#4312 = CARTESIAN_POINT('',(2.336422460297,-8.60286495465,0.));
#4313 = CARTESIAN_POINT('',(2.339935131214,-8.514318125956,0.));
#4314 = CARTESIAN_POINT('',(2.340453813399,-8.435031422258,0.));
#4315 = CARTESIAN_POINT('',(2.338597508743,-8.365095680394,0.));
#4316 = CARTESIAN_POINT('',(2.334986858582,-8.304571073261,0.));
#4317 = CARTESIAN_POINT('',(2.330245682466,-8.253486228765,0.));
#4318 = CARTESIAN_POINT('',(2.324991107975,-8.21184067778,0.));
#4319 = CARTESIAN_POINT('',(2.319855363552,-8.179598277288,0.));
#4320 = CARTESIAN_POINT('',(2.315424777369,-8.156704437296,0.));
#4321 = CARTESIAN_POINT('',(2.312370045885,-8.143048531183,0.));
#4322 = CARTESIAN_POINT('',(2.310805098694,-8.137031087663,0.));
#4323 = CARTESIAN_POINT('',(2.310400308057,-8.135530121808,0.));
#4324 = SURFACE_OF_LINEAR_EXTRUSION('',#4325,#4348);
#4325 = B_SPLINE_CURVE_WITH_KNOTS('',3,(#4326,#4327,#4328,#4329,#4330,
    #4331,#4332,#4333,#4334,#4335,#4336,#4337,#4338,#4339,#4340,#4341,
    #4342,#4343,#4344,#4345,#4346,#4347),.UNSPECIFIED.,.F.,.F.,(4,1,1,1,
    1,1,1,1,1,1,1,1,1,1,1,1,1,1,1,4),(0.,0.172537314111,0.335748287134,
    0.489632919081,0.634191209969,0.769423159817,0.895328768649,
    1.011908036493,1.119160963386,1.217087549377,1.305687794526,
    1.384961698919,1.454909262673,1.515530485961,1.566825369048,
    1.60879391238,1.641436116781,1.664751984064,1.678741519671,
    1.683404761698),.UNSPECIFIED.);
#4326 = CARTESIAN_POINT('',(2.071062177678,-9.783184627523,0.));
#4327 = CARTESIAN_POINT('',(2.09100921617,-9.729242405812,0.));
#4328 = CARTESIAN_POINT('',(2.128145497036,-9.623641106275,0.));
#4329 = CARTESIAN_POINT('',(2.177150841352,-9.467931140946,0.));
#4330 = CARTESIAN_POINT('',(2.218463202211,-9.319665932838,0.));
#4331 = CARTESIAN_POINT('',(2.252629737718,-9.179176086963,0.));
#4332 = CARTESIAN_POINT('',(2.28021573044,-9.046762298118,0.));
#4333 = CARTESIAN_POINT('',(2.301796998139,-8.922696638028,0.));
#4334 = CARTESIAN_POINT('',(2.317960127943,-8.807221682093,0.));
#4335 = CARTESIAN_POINT('',(2.329300785307,-8.700550230054,0.));
#4336 = CARTESIAN_POINT('',(2.336422460297,-8.60286495465,0.));
#4337 = CARTESIAN_POINT('',(2.339935131214,-8.514318125956,0.));
#4338 = CARTESIAN_POINT('',(2.340453813399,-8.435031422258,0.));
#4339 = CARTESIAN_POINT('',(2.338597508743,-8.365095680394,0.));
#4340 = CARTESIAN_POINT('',(2.334986858582,-8.304571073261,0.));
#4341 = CARTESIAN_POINT('',(2.330245682466,-8.253486228765,0.));
#4342 = CARTESIAN_POINT('',(2.324991107975,-8.21184067778,0.));
#4343 = CARTESIAN_POINT('',(2.319855363552,-8.179598277288,0.));
#4344 = CARTESIAN_POINT('',(2.315424777369,-8.156704437296,0.));
#4345 = CARTESIAN_POINT('',(2.312370045885,-8.143048531183,0.));
#4346 = CARTESIAN_POINT('',(2.310805098694,-8.137031087663,0.));
#4347 = CARTESIAN_POINT('',(2.310400308057,-8.135530121808,0.));
#4348 = VECTOR('',#4349,1.);
#4349 = DIRECTION('',(-0.,-0.,-1.));
#4350 = ADVANCED_FACE('',(#4351),#4374,.F.);
#4351 = FACE_BOUND('',#4352,.F.);
#4352 = EDGE_LOOP('',(#4353,#4354,#4361,#4369));
#4353 = ORIENTED_EDGE('',*,*,#4292,.T.);
#4354 = ORIENTED_EDGE('',*,*,#4355,.T.);
#4355 = EDGE_CURVE('',#4266,#4356,#4358,.T.);
#4356 = VERTEX_POINT('',#4357);
#4357 = CARTESIAN_POINT('',(2.117193784834,-7.455198889195,5.));
#4358 = B_SPLINE_CURVE_WITH_KNOTS('',1,(#4359,#4360),.UNSPECIFIED.,.F.,
  .F.,(2,2),(0.,0.707233587073),.PIECEWISE_BEZIER_KNOTS.);
#4359 = CARTESIAN_POINT('',(2.310400308057,-8.135530121808,5.));
#4360 = CARTESIAN_POINT('',(2.117193784834,-7.455198889195,5.));
#4361 = ORIENTED_EDGE('',*,*,#4362,.F.);
#4362 = EDGE_CURVE('',#4363,#4356,#4365,.T.);
#4363 = VERTEX_POINT('',#4364);
#4364 = CARTESIAN_POINT('',(2.117193784834,-7.455198889195,0.));
#4365 = LINE('',#4366,#4367);
#4366 = CARTESIAN_POINT('',(2.117193784834,-7.455198889195,0.));
#4367 = VECTOR('',#4368,1.);
#4368 = DIRECTION('',(0.,0.,1.));
#4369 = ORIENTED_EDGE('',*,*,#4370,.F.);
#4370 = EDGE_CURVE('',#4293,#4363,#4371,.T.);
#4371 = B_SPLINE_CURVE_WITH_KNOTS('',1,(#4372,#4373),.UNSPECIFIED.,.F.,
  .F.,(2,2),(0.,0.707233587073),.PIECEWISE_BEZIER_KNOTS.);
#4372 = CARTESIAN_POINT('',(2.310400308057,-8.135530121808,0.));
#4373 = CARTESIAN_POINT('',(2.117193784834,-7.455198889195,0.));
#4374 = SURFACE_OF_LINEAR_EXTRUSION('',#4375,#4378);
#4375 = B_SPLINE_CURVE_WITH_KNOTS('',1,(#4376,#4377),.UNSPECIFIED.,.F.,
  .F.,(2,2),(0.,0.707233587073),.PIECEWISE_BEZIER_KNOTS.);
#4376 = CARTESIAN_POINT('',(2.310400308057,-8.135530121808,0.));
#4377 = CARTESIAN_POINT('',(2.117193784834,-7.455198889195,0.));
#4378 = VECTOR('',#4379,1.);
#4379 = DIRECTION('',(-0.,-0.,-1.));
#4380 = ADVANCED_FACE('',(#4381),#4404,.F.);
#4381 = FACE_BOUND('',#4382,.F.);
#4382 = EDGE_LOOP('',(#4383,#4384,#4391,#4399));
#4383 = ORIENTED_EDGE('',*,*,#4362,.T.);
#4384 = ORIENTED_EDGE('',*,*,#4385,.T.);
#4385 = EDGE_CURVE('',#4356,#4386,#4388,.T.);
#4386 = VERTEX_POINT('',#4387);
#4387 = CARTESIAN_POINT('',(3.170244939845,-7.071919613612,5.));
#4388 = B_SPLINE_CURVE_WITH_KNOTS('',1,(#4389,#4390),.UNSPECIFIED.,.F.,
  .F.,(2,2),(0.,1.120633632442),.PIECEWISE_BEZIER_KNOTS.);
#4389 = CARTESIAN_POINT('',(2.117193784834,-7.455198889195,5.));
#4390 = CARTESIAN_POINT('',(3.170244939845,-7.071919613612,5.));
#4391 = ORIENTED_EDGE('',*,*,#4392,.F.);
#4392 = EDGE_CURVE('',#4393,#4386,#4395,.T.);
#4393 = VERTEX_POINT('',#4394);
#4394 = CARTESIAN_POINT('',(3.170244939845,-7.071919613612,0.));
#4395 = LINE('',#4396,#4397);
#4396 = CARTESIAN_POINT('',(3.170244939845,-7.071919613612,0.));
#4397 = VECTOR('',#4398,1.);
#4398 = DIRECTION('',(0.,0.,1.));
#4399 = ORIENTED_EDGE('',*,*,#4400,.F.);
#4400 = EDGE_CURVE('',#4363,#4393,#4401,.T.);
#4401 = B_SPLINE_CURVE_WITH_KNOTS('',1,(#4402,#4403),.UNSPECIFIED.,.F.,
  .F.,(2,2),(0.,1.120633632442),.PIECEWISE_BEZIER_KNOTS.);
#4402 = CARTESIAN_POINT('',(2.117193784834,-7.455198889195,0.));
#4403 = CARTESIAN_POINT('',(3.170244939845,-7.071919613612,0.));
#4404 = SURFACE_OF_LINEAR_EXTRUSION('',#4405,#4408);
#4405 = B_SPLINE_CURVE_WITH_KNOTS('',1,(#4406,#4407),.UNSPECIFIED.,.F.,
  .F.,(2,2),(0.,1.120633632442),.PIECEWISE_BEZIER_KNOTS.);
#4406 = CARTESIAN_POINT('',(2.117193784834,-7.455198889195,0.));
#4407 = CARTESIAN_POINT('',(3.170244939845,-7.071919613612,0.));
#4408 = VECTOR('',#4409,1.);
#4409 = DIRECTION('',(-0.,-0.,-1.));
#4410 = ADVANCED_FACE('',(#4411),#4434,.F.);
#4411 = FACE_BOUND('',#4412,.F.);
#4412 = EDGE_LOOP('',(#4413,#4414,#4421,#4429));
#4413 = ORIENTED_EDGE('',*,*,#4392,.T.);
#4414 = ORIENTED_EDGE('',*,*,#4415,.T.);
#4415 = EDGE_CURVE('',#4386,#4416,#4418,.T.);
#4416 = VERTEX_POINT('',#4417);
#4417 = CARTESIAN_POINT('',(3.459548643162,-7.717274333073,5.));
#4418 = B_SPLINE_CURVE_WITH_KNOTS('',1,(#4419,#4420),.UNSPECIFIED.,.F.,
  .F.,(2,2),(0.,0.707233587073),.PIECEWISE_BEZIER_KNOTS.);
#4419 = CARTESIAN_POINT('',(3.170244939845,-7.071919613612,5.));
#4420 = CARTESIAN_POINT('',(3.459548643162,-7.717274333073,5.));
#4421 = ORIENTED_EDGE('',*,*,#4422,.F.);
#4422 = EDGE_CURVE('',#4423,#4416,#4425,.T.);
#4423 = VERTEX_POINT('',#4424);
#4424 = CARTESIAN_POINT('',(3.459548643162,-7.717274333073,0.));
#4425 = LINE('',#4426,#4427);
#4426 = CARTESIAN_POINT('',(3.459548643162,-7.717274333073,0.));
#4427 = VECTOR('',#4428,1.);
#4428 = DIRECTION('',(0.,0.,1.));
#4429 = ORIENTED_EDGE('',*,*,#4430,.F.);
#4430 = EDGE_CURVE('',#4393,#4423,#4431,.T.);
#4431 = B_SPLINE_CURVE_WITH_KNOTS('',1,(#4432,#4433),.UNSPECIFIED.,.F.,
  .F.,(2,2),(0.,0.707233587073),.PIECEWISE_BEZIER_KNOTS.);
#4432 = CARTESIAN_POINT('',(3.170244939845,-7.071919613612,0.));
#4433 = CARTESIAN_POINT('',(3.459548643162,-7.717274333073,0.));
#4434 = SURFACE_OF_LINEAR_EXTRUSION('',#4435,#4438);
#4435 = B_SPLINE_CURVE_WITH_KNOTS('',1,(#4436,#4437),.UNSPECIFIED.,.F.,
  .F.,(2,2),(0.,0.707233587073),.PIECEWISE_BEZIER_KNOTS.);
#4436 = CARTESIAN_POINT('',(3.170244939845,-7.071919613612,0.));
#4437 = CARTESIAN_POINT('',(3.459548643162,-7.717274333073,0.));
#4438 = VECTOR('',#4439,1.);
#4439 = DIRECTION('',(-0.,-0.,-1.));
#4440 = ADVANCED_FACE('',(#4441),#4504,.F.);
#4441 = FACE_BOUND('',#4442,.F.);
#4442 = EDGE_LOOP('',(#4443,#4444,#4471,#4479));
#4443 = ORIENTED_EDGE('',*,*,#4422,.T.);
#4444 = ORIENTED_EDGE('',*,*,#4445,.T.);
#4445 = EDGE_CURVE('',#4416,#4446,#4448,.T.);
#4446 = VERTEX_POINT('',#4447);
#4447 = CARTESIAN_POINT('',(4.701984189283,-8.825607326622,5.));
#4448 = B_SPLINE_CURVE_WITH_KNOTS('',3,(#4449,#4450,#4451,#4452,#4453,
    #4454,#4455,#4456,#4457,#4458,#4459,#4460,#4461,#4462,#4463,#4464,
    #4465,#4466,#4467,#4468,#4469,#4470),.UNSPECIFIED.,.F.,.F.,(4,1,1,1,
    1,1,1,1,1,1,1,1,1,1,1,1,1,1,1,4),(0.,4.663242026802E-03,
    1.865277763451E-02,4.196864491748E-02,7.461084931782E-02,
    0.11657939265,0.167874275737,0.228495499025,0.298443062779,
    0.377716967172,0.466317212321,0.564243798312,0.671496725205,
    0.788075993049,0.913981601881,1.049213551729,1.193771842617,
    1.347656474564,1.510867447587,1.683404761698),.UNSPECIFIED.);
#4449 = CARTESIAN_POINT('',(3.459548643162,-7.717274333073,5.));
#4450 = CARTESIAN_POINT('',(3.460203357798,-7.718684334032,5.));
#4451 = CARTESIAN_POINT('',(3.462872476836,-7.724299891866,5.));
#4452 = CARTESIAN_POINT('',(3.469310264005,-7.736724466408,5.));
#4453 = CARTESIAN_POINT('',(3.480632114765,-7.757110091218,5.));
#4454 = CARTESIAN_POINT('',(3.497422921831,-7.785110395829,5.));
#4455 = CARTESIAN_POINT('',(3.520166928414,-7.820390314119,5.));
#4456 = CARTESIAN_POINT('',(3.549371681881,-7.862571144636,5.));
#4457 = CARTESIAN_POINT('',(3.585510230936,-7.911256564788,5.));
#4458 = CARTESIAN_POINT('',(3.629042047413,-7.966023660852,5.));
#4459 = CARTESIAN_POINT('',(3.680403891769,-8.02642739715,5.));
#4460 = CARTESIAN_POINT('',(3.740011558167,-8.092000301885,5.));
#4461 = CARTESIAN_POINT('',(3.808257962397,-8.162253839839,5.));
#4462 = CARTESIAN_POINT('',(3.88551249763,-8.236679278874,5.));
#4463 = CARTESIAN_POINT('',(3.972120044304,-8.314748767615,5.));
#4464 = CARTESIAN_POINT('',(4.068400123594,-8.39591640563,5.));
#4465 = CARTESIAN_POINT('',(4.174646162848,-8.479619318446,5.));
#4466 = CARTESIAN_POINT('',(4.291124379728,-8.565278958502,5.));
#4467 = CARTESIAN_POINT('',(4.418074522916,-8.652301623595,5.));
#4468 = CARTESIAN_POINT('',(4.555703231031,-8.740082349138,5.));
#4469 = CARTESIAN_POINT('',(4.652030479535,-8.797106896625,5.));
#4470 = CARTESIAN_POINT('',(4.701984189283,-8.825607326622,5.));
#4471 = ORIENTED_EDGE('',*,*,#4472,.F.);
#4472 = EDGE_CURVE('',#4473,#4446,#4475,.T.);
#4473 = VERTEX_POINT('',#4474);
#4474 = CARTESIAN_POINT('',(4.701984189283,-8.825607326622,0.));
#4475 = LINE('',#4476,#4477);
#4476 = CARTESIAN_POINT('',(4.701984189283,-8.825607326622,0.));
#4477 = VECTOR('',#4478,1.);
#4478 = DIRECTION('',(0.,0.,1.));
#4479 = ORIENTED_EDGE('',*,*,#4480,.F.);
#4480 = EDGE_CURVE('',#4423,#4473,#4481,.T.);
#4481 = B_SPLINE_CURVE_WITH_KNOTS('',3,(#4482,#4483,#4484,#4485,#4486,
    #4487,#4488,#4489,#4490,#4491,#4492,#4493,#4494,#4495,#4496,#4497,
    #4498,#4499,#4500,#4501,#4502,#4503),.UNSPECIFIED.,.F.,.F.,(4,1,1,1,
    1,1,1,1,1,1,1,1,1,1,1,1,1,1,1,4),(0.,4.663242026802E-03,
    1.865277763451E-02,4.196864491748E-02,7.461084931782E-02,
    0.11657939265,0.167874275737,0.228495499025,0.298443062779,
    0.377716967172,0.466317212321,0.564243798312,0.671496725205,
    0.788075993049,0.913981601881,1.049213551729,1.193771842617,
    1.347656474564,1.510867447587,1.683404761698),.UNSPECIFIED.);
#4482 = CARTESIAN_POINT('',(3.459548643162,-7.717274333073,0.));
#4483 = CARTESIAN_POINT('',(3.460203357798,-7.718684334032,0.));
#4484 = CARTESIAN_POINT('',(3.462872476836,-7.724299891866,0.));
#4485 = CARTESIAN_POINT('',(3.469310264005,-7.736724466408,0.));
#4486 = CARTESIAN_POINT('',(3.480632114765,-7.757110091218,0.));
#4487 = CARTESIAN_POINT('',(3.497422921831,-7.785110395829,0.));
#4488 = CARTESIAN_POINT('',(3.520166928414,-7.820390314119,0.));
#4489 = CARTESIAN_POINT('',(3.549371681881,-7.862571144636,0.));
#4490 = CARTESIAN_POINT('',(3.585510230936,-7.911256564788,0.));
#4491 = CARTESIAN_POINT('',(3.629042047413,-7.966023660852,0.));
#4492 = CARTESIAN_POINT('',(3.680403891769,-8.02642739715,0.));
#4493 = CARTESIAN_POINT('',(3.740011558167,-8.092000301885,0.));
#4494 = CARTESIAN_POINT('',(3.808257962397,-8.162253839839,0.));
#4495 = CARTESIAN_POINT('',(3.88551249763,-8.236679278874,0.));
#4496 = CARTESIAN_POINT('',(3.972120044304,-8.314748767615,0.));
#4497 = CARTESIAN_POINT('',(4.068400123594,-8.39591640563,0.));
#4498 = CARTESIAN_POINT('',(4.174646162848,-8.479619318446,0.));
#4499 = CARTESIAN_POINT('',(4.291124379728,-8.565278958502,0.));
#4500 = CARTESIAN_POINT('',(4.418074522916,-8.652301623595,0.));
#4501 = CARTESIAN_POINT('',(4.555703231031,-8.740082349138,0.));
#4502 = CARTESIAN_POINT('',(4.652030479535,-8.797106896625,0.));
#4503 = CARTESIAN_POINT('',(4.701984189283,-8.825607326622,0.));
#4504 = SURFACE_OF_LINEAR_EXTRUSION('',#4505,#4528);
#4505 = B_SPLINE_CURVE_WITH_KNOTS('',3,(#4506,#4507,#4508,#4509,#4510,
    #4511,#4512,#4513,#4514,#4515,#4516,#4517,#4518,#4519,#4520,#4521,
    #4522,#4523,#4524,#4525,#4526,#4527),.UNSPECIFIED.,.F.,.F.,(4,1,1,1,
    1,1,1,1,1,1,1,1,1,1,1,1,1,1,1,4),(0.,4.663242026802E-03,
    1.865277763451E-02,4.196864491748E-02,7.461084931782E-02,
    0.11657939265,0.167874275737,0.228495499025,0.298443062779,
    0.377716967172,0.466317212321,0.564243798312,0.671496725205,
    0.788075993049,0.913981601881,1.049213551729,1.193771842617,
    1.347656474564,1.510867447587,1.683404761698),.UNSPECIFIED.);
#4506 = CARTESIAN_POINT('',(3.459548643162,-7.717274333073,0.));
#4507 = CARTESIAN_POINT('',(3.460203357798,-7.718684334032,0.));
#4508 = CARTESIAN_POINT('',(3.462872476836,-7.724299891866,0.));
#4509 = CARTESIAN_POINT('',(3.469310264005,-7.736724466408,0.));
#4510 = CARTESIAN_POINT('',(3.480632114765,-7.757110091218,0.));
#4511 = CARTESIAN_POINT('',(3.497422921831,-7.785110395829,0.));
#4512 = CARTESIAN_POINT('',(3.520166928414,-7.820390314119,0.));
#4513 = CARTESIAN_POINT('',(3.549371681881,-7.862571144636,0.));
#4514 = CARTESIAN_POINT('',(3.585510230936,-7.911256564788,0.));
#4515 = CARTESIAN_POINT('',(3.629042047413,-7.966023660852,0.));
#4516 = CARTESIAN_POINT('',(3.680403891769,-8.02642739715,0.));
#4517 = CARTESIAN_POINT('',(3.740011558167,-8.092000301885,0.));
#4518 = CARTESIAN_POINT('',(3.808257962397,-8.162253839839,0.));
#4519 = CARTESIAN_POINT('',(3.88551249763,-8.236679278874,0.));
#4520 = CARTESIAN_POINT('',(3.972120044304,-8.314748767615,0.));
#4521 = CARTESIAN_POINT('',(4.068400123594,-8.39591640563,0.));
#4522 = CARTESIAN_POINT('',(4.174646162848,-8.479619318446,0.));
#4523 = CARTESIAN_POINT('',(4.291124379728,-8.565278958502,0.));
#4524 = CARTESIAN_POINT('',(4.418074522916,-8.652301623595,0.));
#4525 = CARTESIAN_POINT('',(4.555703231031,-8.740082349138,0.));
#4526 = CARTESIAN_POINT('',(4.652030479535,-8.797106896625,0.));
#4527 = CARTESIAN_POINT('',(4.701984189283,-8.825607326622,0.));
#4528 = VECTOR('',#4529,1.);
#4529 = DIRECTION('',(-0.,-0.,-1.));
#4530 = ADVANCED_FACE('',(#4531),#4554,.F.);
#4531 = FACE_BOUND('',#4532,.F.);
#4532 = EDGE_LOOP('',(#4533,#4534,#4541,#4549));
#4533 = ORIENTED_EDGE('',*,*,#4472,.T.);
#4534 = ORIENTED_EDGE('',*,*,#4535,.T.);
#4535 = EDGE_CURVE('',#4446,#4536,#4538,.T.);
#4536 = VERTEX_POINT('',#4537);
#4537 = CARTESIAN_POINT('',(5.292208054039,-8.484841419423,5.));
#4538 = B_SPLINE_CURVE_WITH_KNOTS('',1,(#4539,#4540),.UNSPECIFIED.,.F.,
  .F.,(2,2),(0.,0.681531814398),.PIECEWISE_BEZIER_KNOTS.);
#4539 = CARTESIAN_POINT('',(4.701984189283,-8.825607326622,5.));
#4540 = CARTESIAN_POINT('',(5.292208054039,-8.484841419423,5.));
#4541 = ORIENTED_EDGE('',*,*,#4542,.F.);
#4542 = EDGE_CURVE('',#4543,#4536,#4545,.T.);
#4543 = VERTEX_POINT('',#4544);
#4544 = CARTESIAN_POINT('',(5.292208054039,-8.484841419423,0.));
#4545 = LINE('',#4546,#4547);
#4546 = CARTESIAN_POINT('',(5.292208054039,-8.484841419423,0.));
#4547 = VECTOR('',#4548,1.);
#4548 = DIRECTION('',(0.,0.,1.));
#4549 = ORIENTED_EDGE('',*,*,#4550,.F.);
#4550 = EDGE_CURVE('',#4473,#4543,#4551,.T.);
#4551 = B_SPLINE_CURVE_WITH_KNOTS('',1,(#4552,#4553),.UNSPECIFIED.,.F.,
  .F.,(2,2),(0.,0.681531814398),.PIECEWISE_BEZIER_KNOTS.);
#4552 = CARTESIAN_POINT('',(4.701984189283,-8.825607326622,0.));
#4553 = CARTESIAN_POINT('',(5.292208054039,-8.484841419423,0.));
#4554 = SURFACE_OF_LINEAR_EXTRUSION('',#4555,#4558);
#4555 = B_SPLINE_CURVE_WITH_KNOTS('',1,(#4556,#4557),.UNSPECIFIED.,.F.,
  .F.,(2,2),(0.,0.681531814398),.PIECEWISE_BEZIER_KNOTS.);
#4556 = CARTESIAN_POINT('',(4.701984189283,-8.825607326622,0.));
#4557 = CARTESIAN_POINT('',(5.292208054039,-8.484841419423,0.));
#4558 = VECTOR('',#4559,1.);
#4559 = DIRECTION('',(-0.,-0.,-1.));
#4560 = ADVANCED_FACE('',(#4561),#4624,.F.);
#4561 = FACE_BOUND('',#4562,.F.);
#4562 = EDGE_LOOP('',(#4563,#4564,#4591,#4599));
#4563 = ORIENTED_EDGE('',*,*,#4542,.T.);
#4564 = ORIENTED_EDGE('',*,*,#4565,.T.);
#4565 = EDGE_CURVE('',#4536,#4566,#4568,.T.);
#4566 = VERTEX_POINT('',#4567);
#4567 = CARTESIAN_POINT('',(4.953581298834,-6.854694177143,5.));
#4568 = B_SPLINE_CURVE_WITH_KNOTS('',3,(#4569,#4570,#4571,#4572,#4573,
    #4574,#4575,#4576,#4577,#4578,#4579,#4580,#4581,#4582,#4583,#4584,
    #4585,#4586,#4587,#4588,#4589,#4590),.UNSPECIFIED.,.F.,.F.,(4,1,1,1,
    1,1,1,1,1,1,1,1,1,1,1,1,1,1,1,4),(0.,0.172537314111,0.335748287134,
    0.489632919081,0.634191209969,0.769423159817,0.895328768649,
    1.011908036493,1.119160963386,1.217087549377,1.305687794526,
    1.384961698919,1.454909262673,1.515530485961,1.566825369048,
    1.60879391238,1.641436116781,1.664751984064,1.678741519671,
    1.683404761698),.UNSPECIFIED.);
#4569 = CARTESIAN_POINT('',(5.292208054039,-8.484841419423,5.));
#4570 = CARTESIAN_POINT('',(5.292502812517,-8.427330022769,5.));
#4571 = CARTESIAN_POINT('',(5.291281730006,-8.315395904745,5.));
#4572 = CARTESIAN_POINT('',(5.284075745781,-8.152315584455,5.));
#4573 = CARTESIAN_POINT('',(5.272186978699,-7.998862202894,5.));
#4574 = CARTESIAN_POINT('',(5.256242662771,-7.85515928806,5.));
#4575 = CARTESIAN_POINT('',(5.23687683353,-7.721296062607,5.));
#4576 = CARTESIAN_POINT('',(5.214723636688,-7.597331249056,5.));
#4577 = CARTESIAN_POINT('',(5.190417249515,-7.483292169106,5.));
#4578 = CARTESIAN_POINT('',(5.164590196239,-7.37917505952,5.));
#4579 = CARTESIAN_POINT('',(5.137872049781,-7.284945170762,5.));
#4580 = CARTESIAN_POINT('',(5.110888081679,-7.200536965034,5.));
#4581 = CARTESIAN_POINT('',(5.084257833739,-7.125854434887,5.));
#4582 = CARTESIAN_POINT('',(5.058594045495,-7.060771227914,5.));
#4583 = CARTESIAN_POINT('',(5.034500509377,-7.0051316163,5.));
#4584 = CARTESIAN_POINT('',(5.01257321533,-6.958749142628,5.));
#4585 = CARTESIAN_POINT('',(4.993391913139,-6.921412295998,5.));
#4586 = CARTESIAN_POINT('',(4.977538341565,-6.892870878223,5.));
#4587 = CARTESIAN_POINT('',(4.965544797988,-6.872873055443,5.));
#4588 = CARTESIAN_POINT('',(4.958003694387,-6.861085480939,5.));
#4589 = CARTESIAN_POINT('',(4.954475038165,-6.855966177129,5.));
#4590 = CARTESIAN_POINT('',(4.953581298834,-6.854694177143,5.));
#4591 = ORIENTED_EDGE('',*,*,#4592,.F.);
#4592 = EDGE_CURVE('',#4593,#4566,#4595,.T.);
#4593 = VERTEX_POINT('',#4594);
#4594 = CARTESIAN_POINT('',(4.953581298834,-6.854694177143,0.));
#4595 = LINE('',#4596,#4597);
#4596 = CARTESIAN_POINT('',(4.953581298834,-6.854694177143,0.));
#4597 = VECTOR('',#4598,1.);
#4598 = DIRECTION('',(0.,0.,1.));
#4599 = ORIENTED_EDGE('',*,*,#4600,.F.);
#4600 = EDGE_CURVE('',#4543,#4593,#4601,.T.);
#4601 = B_SPLINE_CURVE_WITH_KNOTS('',3,(#4602,#4603,#4604,#4605,#4606,
    #4607,#4608,#4609,#4610,#4611,#4612,#4613,#4614,#4615,#4616,#4617,
    #4618,#4619,#4620,#4621,#4622,#4623),.UNSPECIFIED.,.F.,.F.,(4,1,1,1,
    1,1,1,1,1,1,1,1,1,1,1,1,1,1,1,4),(0.,0.172537314111,0.335748287134,
    0.489632919081,0.634191209969,0.769423159817,0.895328768649,
    1.011908036493,1.119160963386,1.217087549377,1.305687794526,
    1.384961698919,1.454909262673,1.515530485961,1.566825369048,
    1.60879391238,1.641436116781,1.664751984064,1.678741519671,
    1.683404761698),.UNSPECIFIED.);
#4602 = CARTESIAN_POINT('',(5.292208054039,-8.484841419423,0.));
#4603 = CARTESIAN_POINT('',(5.292502812517,-8.427330022769,0.));
#4604 = CARTESIAN_POINT('',(5.291281730006,-8.315395904745,0.));
#4605 = CARTESIAN_POINT('',(5.284075745781,-8.152315584455,0.));
#4606 = CARTESIAN_POINT('',(5.272186978699,-7.998862202894,0.));
#4607 = CARTESIAN_POINT('',(5.256242662771,-7.85515928806,0.));
#4608 = CARTESIAN_POINT('',(5.23687683353,-7.721296062607,0.));
#4609 = CARTESIAN_POINT('',(5.214723636688,-7.597331249056,0.));
#4610 = CARTESIAN_POINT('',(5.190417249515,-7.483292169106,0.));
#4611 = CARTESIAN_POINT('',(5.164590196239,-7.37917505952,0.));
#4612 = CARTESIAN_POINT('',(5.137872049781,-7.284945170762,0.));
#4613 = CARTESIAN_POINT('',(5.110888081679,-7.200536965034,0.));
#4614 = CARTESIAN_POINT('',(5.084257833739,-7.125854434887,0.));
#4615 = CARTESIAN_POINT('',(5.058594045495,-7.060771227914,0.));
#4616 = CARTESIAN_POINT('',(5.034500509377,-7.0051316163,0.));
#4617 = CARTESIAN_POINT('',(5.01257321533,-6.958749142628,0.));
#4618 = CARTESIAN_POINT('',(4.993391913139,-6.921412295998,0.));
#4619 = CARTESIAN_POINT('',(4.977538341565,-6.892870878223,0.));
#4620 = CARTESIAN_POINT('',(4.965544797988,-6.872873055443,0.));
#4621 = CARTESIAN_POINT('',(4.958003694387,-6.861085480939,0.));
#4622 = CARTESIAN_POINT('',(4.954475038165,-6.855966177129,0.));
#4623 = CARTESIAN_POINT('',(4.953581298834,-6.854694177143,0.));
#4624 = SURFACE_OF_LINEAR_EXTRUSION('',#4625,#4648);
#4625 = B_SPLINE_CURVE_WITH_KNOTS('',3,(#4626,#4627,#4628,#4629,#4630,
    #4631,#4632,#4633,#4634,#4635,#4636,#4637,#4638,#4639,#4640,#4641,
    #4642,#4643,#4644,#4645,#4646,#4647),.UNSPECIFIED.,.F.,.F.,(4,1,1,1,
    1,1,1,1,1,1,1,1,1,1,1,1,1,1,1,4),(0.,0.172537314111,0.335748287134,
    0.489632919081,0.634191209969,0.769423159817,0.895328768649,
    1.011908036493,1.119160963386,1.217087549377,1.305687794526,
    1.384961698919,1.454909262673,1.515530485961,1.566825369048,
    1.60879391238,1.641436116781,1.664751984064,1.678741519671,
    1.683404761698),.UNSPECIFIED.);
#4626 = CARTESIAN_POINT('',(5.292208054039,-8.484841419423,0.));
#4627 = CARTESIAN_POINT('',(5.292502812517,-8.427330022769,0.));
#4628 = CARTESIAN_POINT('',(5.291281730006,-8.315395904745,0.));
#4629 = CARTESIAN_POINT('',(5.284075745781,-8.152315584455,0.));
#4630 = CARTESIAN_POINT('',(5.272186978699,-7.998862202894,0.));
#4631 = CARTESIAN_POINT('',(5.256242662771,-7.85515928806,0.));
#4632 = CARTESIAN_POINT('',(5.23687683353,-7.721296062607,0.));
#4633 = CARTESIAN_POINT('',(5.214723636688,-7.597331249056,0.));
#4634 = CARTESIAN_POINT('',(5.190417249515,-7.483292169106,0.));
#4635 = CARTESIAN_POINT('',(5.164590196239,-7.37917505952,0.));
#4636 = CARTESIAN_POINT('',(5.137872049781,-7.284945170762,0.));
#4637 = CARTESIAN_POINT('',(5.110888081679,-7.200536965034,0.));
#4638 = CARTESIAN_POINT('',(5.084257833739,-7.125854434887,0.));
#4639 = CARTESIAN_POINT('',(5.058594045495,-7.060771227914,0.));
#4640 = CARTESIAN_POINT('',(5.034500509377,-7.0051316163,0.));
#4641 = CARTESIAN_POINT('',(5.01257321533,-6.958749142628,0.));
#4642 = CARTESIAN_POINT('',(4.993391913139,-6.921412295998,0.));
#4643 = CARTESIAN_POINT('',(4.977538341565,-6.892870878223,0.));
#4644 = CARTESIAN_POINT('',(4.965544797988,-6.872873055443,0.));
#4645 = CARTESIAN_POINT('',(4.958003694387,-6.861085480939,0.));
#4646 = CARTESIAN_POINT('',(4.954475038165,-6.855966177129,0.));
#4647 = CARTESIAN_POINT('',(4.953581298834,-6.854694177143,0.));
#4648 = VECTOR('',#4649,1.);
#4649 = DIRECTION('',(-0.,-0.,-1.));
#4650 = ADVANCED_FACE('',(#4651),#4674,.F.);
#4651 = FACE_BOUND('',#4652,.F.);
#4652 = EDGE_LOOP('',(#4653,#4654,#4661,#4669));
#4653 = ORIENTED_EDGE('',*,*,#4592,.T.);
#4654 = ORIENTED_EDGE('',*,*,#4655,.T.);
#4655 = EDGE_CURVE('',#4566,#4656,#4658,.T.);
#4656 = VERTEX_POINT('',#4657);
#4657 = CARTESIAN_POINT('',(4.539339568987,-6.281472460931,5.));
#4658 = B_SPLINE_CURVE_WITH_KNOTS('',1,(#4659,#4660),.UNSPECIFIED.,.F.,
  .F.,(2,2),(0.,0.707233587073),.PIECEWISE_BEZIER_KNOTS.);
#4659 = CARTESIAN_POINT('',(4.953581298834,-6.854694177143,5.));
#4660 = CARTESIAN_POINT('',(4.539339568987,-6.281472460931,5.));
#4661 = ORIENTED_EDGE('',*,*,#4662,.F.);
#4662 = EDGE_CURVE('',#4663,#4656,#4665,.T.);
#4663 = VERTEX_POINT('',#4664);
#4664 = CARTESIAN_POINT('',(4.539339568987,-6.281472460931,0.));
#4665 = LINE('',#4666,#4667);
#4666 = CARTESIAN_POINT('',(4.539339568987,-6.281472460931,0.));
#4667 = VECTOR('',#4668,1.);
#4668 = DIRECTION('',(0.,0.,1.));
#4669 = ORIENTED_EDGE('',*,*,#4670,.F.);
#4670 = EDGE_CURVE('',#4593,#4663,#4671,.T.);
#4671 = B_SPLINE_CURVE_WITH_KNOTS('',1,(#4672,#4673),.UNSPECIFIED.,.F.,
  .F.,(2,2),(0.,0.707233587073),.PIECEWISE_BEZIER_KNOTS.);
#4672 = CARTESIAN_POINT('',(4.953581298834,-6.854694177143,0.));
#4673 = CARTESIAN_POINT('',(4.539339568987,-6.281472460931,0.));
#4674 = SURFACE_OF_LINEAR_EXTRUSION('',#4675,#4678);
#4675 = B_SPLINE_CURVE_WITH_KNOTS('',1,(#4676,#4677),.UNSPECIFIED.,.F.,
  .F.,(2,2),(0.,0.707233587073),.PIECEWISE_BEZIER_KNOTS.);
#4676 = CARTESIAN_POINT('',(4.953581298834,-6.854694177143,0.));
#4677 = CARTESIAN_POINT('',(4.539339568987,-6.281472460931,0.));
#4678 = VECTOR('',#4679,1.);
#4679 = DIRECTION('',(-0.,-0.,-1.));
#4680 = ADVANCED_FACE('',(#4681),#4704,.F.);
#4681 = FACE_BOUND('',#4682,.F.);
#4682 = EDGE_LOOP('',(#4683,#4684,#4691,#4699));
#4683 = ORIENTED_EDGE('',*,*,#4662,.T.);
#4684 = ORIENTED_EDGE('',*,*,#4685,.T.);
#4685 = EDGE_CURVE('',#4656,#4686,#4688,.T.);
#4686 = VERTEX_POINT('',#4687);
#4687 = CARTESIAN_POINT('',(5.397794735891,-5.561143046999,5.));
#4688 = B_SPLINE_CURVE_WITH_KNOTS('',1,(#4689,#4690),.UNSPECIFIED.,.F.,
  .F.,(2,2),(0.,1.120633632442),.PIECEWISE_BEZIER_KNOTS.);
#4689 = CARTESIAN_POINT('',(4.539339568987,-6.281472460931,5.));
#4690 = CARTESIAN_POINT('',(5.397794735891,-5.561143046999,5.));
#4691 = ORIENTED_EDGE('',*,*,#4692,.F.);
#4692 = EDGE_CURVE('',#4693,#4686,#4695,.T.);
#4693 = VERTEX_POINT('',#4694);
#4694 = CARTESIAN_POINT('',(5.397794735891,-5.561143046999,0.));
#4695 = LINE('',#4696,#4697);
#4696 = CARTESIAN_POINT('',(5.397794735891,-5.561143046999,0.));
#4697 = VECTOR('',#4698,1.);
#4698 = DIRECTION('',(0.,0.,1.));
#4699 = ORIENTED_EDGE('',*,*,#4700,.F.);
#4700 = EDGE_CURVE('',#4663,#4693,#4701,.T.);
#4701 = B_SPLINE_CURVE_WITH_KNOTS('',1,(#4702,#4703),.UNSPECIFIED.,.F.,
  .F.,(2,2),(0.,1.120633632442),.PIECEWISE_BEZIER_KNOTS.);
#4702 = CARTESIAN_POINT('',(4.539339568987,-6.281472460931,0.));
#4703 = CARTESIAN_POINT('',(5.397794735891,-5.561143046999,0.));
#4704 = SURFACE_OF_LINEAR_EXTRUSION('',#4705,#4708);
#4705 = B_SPLINE_CURVE_WITH_KNOTS('',1,(#4706,#4707),.UNSPECIFIED.,.F.,
  .F.,(2,2),(0.,1.120633632442),.PIECEWISE_BEZIER_KNOTS.);
#4706 = CARTESIAN_POINT('',(4.539339568987,-6.281472460931,0.));
#4707 = CARTESIAN_POINT('',(5.397794735891,-5.561143046999,0.));
#4708 = VECTOR('',#4709,1.);
#4709 = DIRECTION('',(-0.,-0.,-1.));
#4710 = ADVANCED_FACE('',(#4711),#4734,.F.);
#4711 = FACE_BOUND('',#4712,.F.);
#4712 = EDGE_LOOP('',(#4713,#4714,#4721,#4729));
#4713 = ORIENTED_EDGE('',*,*,#4692,.T.);
#4714 = ORIENTED_EDGE('',*,*,#4715,.T.);
#4715 = EDGE_CURVE('',#4686,#4716,#4718,.T.);
#4716 = VERTEX_POINT('',#4717);
#4717 = CARTESIAN_POINT('',(5.890375604711,-6.068630420593,5.));
#4718 = B_SPLINE_CURVE_WITH_KNOTS('',1,(#4719,#4720),.UNSPECIFIED.,.F.,
  .F.,(2,2),(0.,0.707233587073),.PIECEWISE_BEZIER_KNOTS.);
#4719 = CARTESIAN_POINT('',(5.397794735891,-5.561143046999,5.));
#4720 = CARTESIAN_POINT('',(5.890375604711,-6.068630420593,5.));
#4721 = ORIENTED_EDGE('',*,*,#4722,.F.);
#4722 = EDGE_CURVE('',#4723,#4716,#4725,.T.);
#4723 = VERTEX_POINT('',#4724);
#4724 = CARTESIAN_POINT('',(5.890375604711,-6.068630420593,0.));
#4725 = LINE('',#4726,#4727);
#4726 = CARTESIAN_POINT('',(5.890375604711,-6.068630420593,0.));
#4727 = VECTOR('',#4728,1.);
#4728 = DIRECTION('',(0.,0.,1.));
#4729 = ORIENTED_EDGE('',*,*,#4730,.F.);
#4730 = EDGE_CURVE('',#4693,#4723,#4731,.T.);
#4731 = B_SPLINE_CURVE_WITH_KNOTS('',1,(#4732,#4733),.UNSPECIFIED.,.F.,
  .F.,(2,2),(0.,0.707233587073),.PIECEWISE_BEZIER_KNOTS.);
#4732 = CARTESIAN_POINT('',(5.397794735891,-5.561143046999,0.));
#4733 = CARTESIAN_POINT('',(5.890375604711,-6.068630420593,0.));
#4734 = SURFACE_OF_LINEAR_EXTRUSION('',#4735,#4738);
#4735 = B_SPLINE_CURVE_WITH_KNOTS('',1,(#4736,#4737),.UNSPECIFIED.,.F.,
  .F.,(2,2),(0.,0.707233587073),.PIECEWISE_BEZIER_KNOTS.);
#4736 = CARTESIAN_POINT('',(5.397794735891,-5.561143046999,0.));
#4737 = CARTESIAN_POINT('',(5.890375604711,-6.068630420593,0.));
#4738 = VECTOR('',#4739,1.);
#4739 = DIRECTION('',(-0.,-0.,-1.));
#4740 = ADVANCED_FACE('',(#4741),#4804,.F.);
#4741 = FACE_BOUND('',#4742,.F.);
#4742 = EDGE_LOOP('',(#4743,#4744,#4771,#4779));
#4743 = ORIENTED_EDGE('',*,*,#4722,.T.);
#4744 = ORIENTED_EDGE('',*,*,#4745,.T.);
#4745 = EDGE_CURVE('',#4716,#4746,#4748,.T.);
#4746 = VERTEX_POINT('',#4747);
#4747 = CARTESIAN_POINT('',(7.436955328509,-6.685184772447,5.));
#4748 = B_SPLINE_CURVE_WITH_KNOTS('',3,(#4749,#4750,#4751,#4752,#4753,
    #4754,#4755,#4756,#4757,#4758,#4759,#4760,#4761,#4762,#4763,#4764,
    #4765,#4766,#4767,#4768,#4769,#4770),.UNSPECIFIED.,.F.,.F.,(4,1,1,1,
    1,1,1,1,1,1,1,1,1,1,1,1,1,1,1,4),(0.,4.663242026802E-03,
    1.865277763451E-02,4.196864491748E-02,7.461084931782E-02,
    0.11657939265,0.167874275737,0.228495499025,0.298443062779,
    0.377716967172,0.466317212321,0.564243798312,0.671496725205,
    0.788075993049,0.913981601881,1.049213551729,1.193771842617,
    1.347656474564,1.510867447587,1.683404761698),.UNSPECIFIED.);
#4749 = CARTESIAN_POINT('',(5.890375604711,-6.068630420593,5.));
#4750 = CARTESIAN_POINT('',(5.891473083953,-6.069731462495,5.));
#4751 = CARTESIAN_POINT('',(5.895901869312,-6.074095468278,5.));
#4752 = CARTESIAN_POINT('',(5.906200865175,-6.083568896401,5.));
#4753 = CARTESIAN_POINT('',(5.923812219106,-6.098852816586,5.));
#4754 = CARTESIAN_POINT('',(5.9491670848,-6.119421701969,5.));
#4755 = CARTESIAN_POINT('',(5.982605902663,-6.144795072457,5.));
#4756 = CARTESIAN_POINT('',(6.024476087686,-6.174443473666,5.));
#4757 = CARTESIAN_POINT('',(6.075086609938,-6.207832691995,5.));
#4758 = CARTESIAN_POINT('',(6.134724586696,-6.244408169917,5.));
#4759 = CARTESIAN_POINT('',(6.203648227373,-6.283602329817,5.));
#4760 = CARTESIAN_POINT('',(6.282088365905,-6.324833681915,5.));
#4761 = CARTESIAN_POINT('',(6.370247133476,-6.367508768158,5.));
#4762 = CARTESIAN_POINT('',(6.468297649482,-6.411023196805,5.));
#4763 = CARTESIAN_POINT('',(6.576383459725,-6.454762993757,5.));
#4764 = CARTESIAN_POINT('',(6.694618106949,-6.498105897728,5.));
#4765 = CARTESIAN_POINT('',(6.823084808262,-6.540422621666,5.));
#4766 = CARTESIAN_POINT('',(6.961835851516,-6.581078456895,5.));
#4767 = CARTESIAN_POINT('',(7.110893468665,-6.619433506955,5.));
#4768 = CARTESIAN_POINT('',(7.270244926421,-6.65484861652,5.));
#4769 = CARTESIAN_POINT('',(7.380266474925,-6.675488303657,5.));
#4770 = CARTESIAN_POINT('',(7.436955328509,-6.685184772447,5.));
#4771 = ORIENTED_EDGE('',*,*,#4772,.F.);
#4772 = EDGE_CURVE('',#4773,#4746,#4775,.T.);
#4773 = VERTEX_POINT('',#4774);
#4774 = CARTESIAN_POINT('',(7.436955328509,-6.685184772447,0.));
#4775 = LINE('',#4776,#4777);
#4776 = CARTESIAN_POINT('',(7.436955328509,-6.685184772447,0.));
#4777 = VECTOR('',#4778,1.);
#4778 = DIRECTION('',(0.,0.,1.));
#4779 = ORIENTED_EDGE('',*,*,#4780,.F.);
#4780 = EDGE_CURVE('',#4723,#4773,#4781,.T.);
#4781 = B_SPLINE_CURVE_WITH_KNOTS('',3,(#4782,#4783,#4784,#4785,#4786,
    #4787,#4788,#4789,#4790,#4791,#4792,#4793,#4794,#4795,#4796,#4797,
    #4798,#4799,#4800,#4801,#4802,#4803),.UNSPECIFIED.,.F.,.F.,(4,1,1,1,
    1,1,1,1,1,1,1,1,1,1,1,1,1,1,1,4),(0.,4.663242026802E-03,
    1.865277763451E-02,4.196864491748E-02,7.461084931782E-02,
    0.11657939265,0.167874275737,0.228495499025,0.298443062779,
    0.377716967172,0.466317212321,0.564243798312,0.671496725205,
    0.788075993049,0.913981601881,1.049213551729,1.193771842617,
    1.347656474564,1.510867447587,1.683404761698),.UNSPECIFIED.);
#4782 = CARTESIAN_POINT('',(5.890375604711,-6.068630420593,0.));
#4783 = CARTESIAN_POINT('',(5.891473083953,-6.069731462495,0.));
#4784 = CARTESIAN_POINT('',(5.895901869312,-6.074095468278,0.));
#4785 = CARTESIAN_POINT('',(5.906200865175,-6.083568896401,0.));
#4786 = CARTESIAN_POINT('',(5.923812219106,-6.098852816586,0.));
#4787 = CARTESIAN_POINT('',(5.9491670848,-6.119421701969,0.));
#4788 = CARTESIAN_POINT('',(5.982605902663,-6.144795072457,0.));
#4789 = CARTESIAN_POINT('',(6.024476087686,-6.174443473666,0.));
#4790 = CARTESIAN_POINT('',(6.075086609938,-6.207832691995,0.));
#4791 = CARTESIAN_POINT('',(6.134724586696,-6.244408169917,0.));
#4792 = CARTESIAN_POINT('',(6.203648227373,-6.283602329817,0.));
#4793 = CARTESIAN_POINT('',(6.282088365905,-6.324833681915,0.));
#4794 = CARTESIAN_POINT('',(6.370247133476,-6.367508768158,0.));
#4795 = CARTESIAN_POINT('',(6.468297649482,-6.411023196805,0.));
#4796 = CARTESIAN_POINT('',(6.576383459725,-6.454762993757,0.));
#4797 = CARTESIAN_POINT('',(6.694618106949,-6.498105897728,0.));
#4798 = CARTESIAN_POINT('',(6.823084808262,-6.540422621666,0.));
#4799 = CARTESIAN_POINT('',(6.961835851516,-6.581078456895,0.));
#4800 = CARTESIAN_POINT('',(7.110893468665,-6.619433506955,0.));
#4801 = CARTESIAN_POINT('',(7.270244926421,-6.65484861652,0.));
#4802 = CARTESIAN_POINT('',(7.380266474925,-6.675488303657,0.));
#4803 = CARTESIAN_POINT('',(7.436955328509,-6.685184772447,0.));
#4804 = SURFACE_OF_LINEAR_EXTRUSION('',#4805,#4828);
#4805 = B_SPLINE_CURVE_WITH_KNOTS('',3,(#4806,#4807,#4808,#4809,#4810,
    #4811,#4812,#4813,#4814,#4815,#4816,#4817,#4818,#4819,#4820,#4821,
    #4822,#4823,#4824,#4825,#4826,#4827),.UNSPECIFIED.,.F.,.F.,(4,1,1,1,
    1,1,1,1,1,1,1,1,1,1,1,1,1,1,1,4),(0.,4.663242026802E-03,
    1.865277763451E-02,4.196864491748E-02,7.461084931782E-02,
    0.11657939265,0.167874275737,0.228495499025,0.298443062779,
    0.377716967172,0.466317212321,0.564243798312,0.671496725205,
    0.788075993049,0.913981601881,1.049213551729,1.193771842617,
    1.347656474564,1.510867447587,1.683404761698),.UNSPECIFIED.);
#4806 = CARTESIAN_POINT('',(5.890375604711,-6.068630420593,0.));
#4807 = CARTESIAN_POINT('',(5.891473083953,-6.069731462495,0.));
#4808 = CARTESIAN_POINT('',(5.895901869312,-6.074095468278,0.));
#4809 = CARTESIAN_POINT('',(5.906200865175,-6.083568896401,0.));
#4810 = CARTESIAN_POINT('',(5.923812219106,-6.098852816586,0.));
#4811 = CARTESIAN_POINT('',(5.9491670848,-6.119421701969,0.));
#4812 = CARTESIAN_POINT('',(5.982605902663,-6.144795072457,0.));
#4813 = CARTESIAN_POINT('',(6.024476087686,-6.174443473666,0.));
#4814 = CARTESIAN_POINT('',(6.075086609938,-6.207832691995,0.));
#4815 = CARTESIAN_POINT('',(6.134724586696,-6.244408169917,0.));
#4816 = CARTESIAN_POINT('',(6.203648227373,-6.283602329817,0.));
#4817 = CARTESIAN_POINT('',(6.282088365905,-6.324833681915,0.));
#4818 = CARTESIAN_POINT('',(6.370247133476,-6.367508768158,0.));
#4819 = CARTESIAN_POINT('',(6.468297649482,-6.411023196805,0.));
#4820 = CARTESIAN_POINT('',(6.576383459725,-6.454762993757,0.));
#4821 = CARTESIAN_POINT('',(6.694618106949,-6.498105897728,0.));
#4822 = CARTESIAN_POINT('',(6.823084808262,-6.540422621666,0.));
#4823 = CARTESIAN_POINT('',(6.961835851516,-6.581078456895,0.));
#4824 = CARTESIAN_POINT('',(7.110893468665,-6.619433506955,0.));
#4825 = CARTESIAN_POINT('',(7.270244926421,-6.65484861652,0.));
#4826 = CARTESIAN_POINT('',(7.380266474925,-6.675488303657,0.));
#4827 = CARTESIAN_POINT('',(7.436955328509,-6.685184772447,0.));
#4828 = VECTOR('',#4829,1.);
#4829 = DIRECTION('',(-0.,-0.,-1.));
#4830 = ADVANCED_FACE('',(#4831),#4854,.F.);
#4831 = FACE_BOUND('',#4832,.F.);
#4832 = EDGE_LOOP('',(#4833,#4834,#4841,#4849));
#4833 = ORIENTED_EDGE('',*,*,#4772,.T.);
#4834 = ORIENTED_EDGE('',*,*,#4835,.T.);
#4835 = EDGE_CURVE('',#4746,#4836,#4838,.T.);
#4836 = VERTEX_POINT('',#4837);
#4837 = CARTESIAN_POINT('',(7.875035534411,-6.163101113219,5.));
#4838 = B_SPLINE_CURVE_WITH_KNOTS('',1,(#4839,#4840),.UNSPECIFIED.,.F.,
  .F.,(2,2),(0.,0.681531814398),.PIECEWISE_BEZIER_KNOTS.);
#4839 = CARTESIAN_POINT('',(7.436955328509,-6.685184772447,5.));
#4840 = CARTESIAN_POINT('',(7.875035534411,-6.163101113219,5.));
#4841 = ORIENTED_EDGE('',*,*,#4842,.F.);
#4842 = EDGE_CURVE('',#4843,#4836,#4845,.T.);
#4843 = VERTEX_POINT('',#4844);
#4844 = CARTESIAN_POINT('',(7.875035534411,-6.163101113219,0.));
#4845 = LINE('',#4846,#4847);
#4846 = CARTESIAN_POINT('',(7.875035534411,-6.163101113219,0.));
#4847 = VECTOR('',#4848,1.);
#4848 = DIRECTION('',(0.,0.,1.));
#4849 = ORIENTED_EDGE('',*,*,#4850,.F.);
#4850 = EDGE_CURVE('',#4773,#4843,#4851,.T.);
#4851 = B_SPLINE_CURVE_WITH_KNOTS('',1,(#4852,#4853),.UNSPECIFIED.,.F.,
  .F.,(2,2),(0.,0.681531814398),.PIECEWISE_BEZIER_KNOTS.);
#4852 = CARTESIAN_POINT('',(7.436955328509,-6.685184772447,0.));
#4853 = CARTESIAN_POINT('',(7.875035534411,-6.163101113219,0.));
#4854 = SURFACE_OF_LINEAR_EXTRUSION('',#4855,#4858);
#4855 = B_SPLINE_CURVE_WITH_KNOTS('',1,(#4856,#4857),.UNSPECIFIED.,.F.,
  .F.,(2,2),(0.,0.681531814398),.PIECEWISE_BEZIER_KNOTS.);
#4856 = CARTESIAN_POINT('',(7.436955328509,-6.685184772447,0.));
#4857 = CARTESIAN_POINT('',(7.875035534411,-6.163101113219,0.));
#4858 = VECTOR('',#4859,1.);
#4859 = DIRECTION('',(-0.,-0.,-1.));
#4860 = ADVANCED_FACE('',(#4861),#4924,.F.);
#4861 = FACE_BOUND('',#4862,.F.);
#4862 = EDGE_LOOP('',(#4863,#4864,#4891,#4899));
#4863 = ORIENTED_EDGE('',*,*,#4842,.T.);
#4864 = ORIENTED_EDGE('',*,*,#4865,.T.);
#4865 = EDGE_CURVE('',#4836,#4866,#4868,.T.);
#4866 = VERTEX_POINT('',#4867);
#4867 = CARTESIAN_POINT('',(6.999287277898,-4.747080950203,5.));
#4868 = B_SPLINE_CURVE_WITH_KNOTS('',3,(#4869,#4870,#4871,#4872,#4873,
    #4874,#4875,#4876,#4877,#4878,#4879,#4880,#4881,#4882,#4883,#4884,
    #4885,#4886,#4887,#4888,#4889,#4890),.UNSPECIFIED.,.F.,.F.,(4,1,1,1,
    1,1,1,1,1,1,1,1,1,1,1,1,1,1,1,4),(0.,0.172537314111,0.335748287134,
    0.489632919081,0.634191209969,0.769423159817,0.895328768649,
    1.011908036493,1.119160963386,1.217087549377,1.305687794526,
    1.384961698919,1.454909262673,1.515530485961,1.566825369048,
    1.60879391238,1.641436116781,1.664751984064,1.678741519671,
    1.683404761698),.UNSPECIFIED.);
#4869 = CARTESIAN_POINT('',(7.875035534411,-6.163101113219,5.));
#4870 = CARTESIAN_POINT('',(7.855642460651,-6.108957264835,5.));
#4871 = CARTESIAN_POINT('',(7.816211295337,-6.004191234929,5.));
#4872 = CARTESIAN_POINT('',(7.753663130615,-5.853410453115,5.));
#4873 = CARTESIAN_POINT('',(7.690007196364,-5.713277640649,5.));
#4874 = CARTESIAN_POINT('',(7.625875148815,-5.583694349212,5.));
#4875 = CARTESIAN_POINT('',(7.561893302425,-5.464527567752,5.));
#4876 = CARTESIAN_POINT('',(7.498677643529,-5.35561558678,5.));
#4877 = CARTESIAN_POINT('',(7.436833448395,-5.256767178895,5.));
#4878 = CARTESIAN_POINT('',(7.376953808272,-5.167762471782,5.));
#4879 = CARTESIAN_POINT('',(7.319618443145,-5.08835348494,5.));
#4880 = CARTESIAN_POINT('',(7.265392500819,-5.018264777521,5.));
#4881 = CARTESIAN_POINT('',(7.214825323675,-4.957194236258,5.));
#4882 = CARTESIAN_POINT('',(7.168449483464,-4.904813559461,5.));
#4883 = CARTESIAN_POINT('',(7.126779097426,-4.860769901681,5.));
#4884 = CARTESIAN_POINT('',(7.090310440724,-4.82468420969,5.));
#4885 = CARTESIAN_POINT('',(7.059515958962,-4.796159442154,5.));
#4886 = CARTESIAN_POINT('',(7.034856734943,-4.774761523306,5.));
#4887 = CARTESIAN_POINT('',(7.016746832332,-4.7600717503,5.));
#4888 = CARTESIAN_POINT('',(7.005628925005,-4.751574262856,5.));
#4889 = CARTESIAN_POINT('',(7.00056216777,-4.74797056235,5.));
#4890 = CARTESIAN_POINT('',(6.999287277898,-4.747080950203,5.));
#4891 = ORIENTED_EDGE('',*,*,#4892,.F.);
#4892 = EDGE_CURVE('',#4893,#4866,#4895,.T.);
#4893 = VERTEX_POINT('',#4894);
#4894 = CARTESIAN_POINT('',(6.999287277898,-4.747080950203,0.));
#4895 = LINE('',#4896,#4897);
#4896 = CARTESIAN_POINT('',(6.999287277898,-4.747080950203,0.));
#4897 = VECTOR('',#4898,1.);
#4898 = DIRECTION('',(0.,0.,1.));
#4899 = ORIENTED_EDGE('',*,*,#4900,.F.);
#4900 = EDGE_CURVE('',#4843,#4893,#4901,.T.);
#4901 = B_SPLINE_CURVE_WITH_KNOTS('',3,(#4902,#4903,#4904,#4905,#4906,
    #4907,#4908,#4909,#4910,#4911,#4912,#4913,#4914,#4915,#4916,#4917,
    #4918,#4919,#4920,#4921,#4922,#4923),.UNSPECIFIED.,.F.,.F.,(4,1,1,1,
    1,1,1,1,1,1,1,1,1,1,1,1,1,1,1,4),(0.,0.172537314111,0.335748287134,
    0.489632919081,0.634191209969,0.769423159817,0.895328768649,
    1.011908036493,1.119160963386,1.217087549377,1.305687794526,
    1.384961698919,1.454909262673,1.515530485961,1.566825369048,
    1.60879391238,1.641436116781,1.664751984064,1.678741519671,
    1.683404761698),.UNSPECIFIED.);
#4902 = CARTESIAN_POINT('',(7.875035534411,-6.163101113219,0.));
#4903 = CARTESIAN_POINT('',(7.855642460651,-6.108957264835,0.));
#4904 = CARTESIAN_POINT('',(7.816211295337,-6.004191234929,0.));
#4905 = CARTESIAN_POINT('',(7.753663130615,-5.853410453115,0.));
#4906 = CARTESIAN_POINT('',(7.690007196364,-5.713277640649,0.));
#4907 = CARTESIAN_POINT('',(7.625875148815,-5.583694349212,0.));
#4908 = CARTESIAN_POINT('',(7.561893302425,-5.464527567752,0.));
#4909 = CARTESIAN_POINT('',(7.498677643529,-5.35561558678,0.));
#4910 = CARTESIAN_POINT('',(7.436833448395,-5.256767178895,0.));
#4911 = CARTESIAN_POINT('',(7.376953808272,-5.167762471782,0.));
#4912 = CARTESIAN_POINT('',(7.319618443145,-5.08835348494,0.));
#4913 = CARTESIAN_POINT('',(7.265392500819,-5.018264777521,0.));
#4914 = CARTESIAN_POINT('',(7.214825323675,-4.957194236258,0.));
#4915 = CARTESIAN_POINT('',(7.168449483464,-4.904813559461,0.));
#4916 = CARTESIAN_POINT('',(7.126779097426,-4.860769901681,0.));
#4917 = CARTESIAN_POINT('',(7.090310440724,-4.82468420969,0.));
#4918 = CARTESIAN_POINT('',(7.059515958962,-4.796159442154,0.));
#4919 = CARTESIAN_POINT('',(7.034856734943,-4.774761523306,0.));
#4920 = CARTESIAN_POINT('',(7.016746832332,-4.7600717503,0.));
#4921 = CARTESIAN_POINT('',(7.005628925005,-4.751574262856,0.));
#4922 = CARTESIAN_POINT('',(7.00056216777,-4.74797056235,0.));
#4923 = CARTESIAN_POINT('',(6.999287277898,-4.747080950203,0.));
#4924 = SURFACE_OF_LINEAR_EXTRUSION('',#4925,#4948);
#4925 = B_SPLINE_CURVE_WITH_KNOTS('',3,(#4926,#4927,#4928,#4929,#4930,
    #4931,#4932,#4933,#4934,#4935,#4936,#4937,#4938,#4939,#4940,#4941,
    #4942,#4943,#4944,#4945,#4946,#4947),.UNSPECIFIED.,.F.,.F.,(4,1,1,1,
    1,1,1,1,1,1,1,1,1,1,1,1,1,1,1,4),(0.,0.172537314111,0.335748287134,
    0.489632919081,0.634191209969,0.769423159817,0.895328768649,
    1.011908036493,1.119160963386,1.217087549377,1.305687794526,
    1.384961698919,1.454909262673,1.515530485961,1.566825369048,
    1.60879391238,1.641436116781,1.664751984064,1.678741519671,
    1.683404761698),.UNSPECIFIED.);
#4926 = CARTESIAN_POINT('',(7.875035534411,-6.163101113219,0.));
#4927 = CARTESIAN_POINT('',(7.855642460651,-6.108957264835,0.));
#4928 = CARTESIAN_POINT('',(7.816211295337,-6.004191234929,0.));
#4929 = CARTESIAN_POINT('',(7.753663130615,-5.853410453115,0.));
#4930 = CARTESIAN_POINT('',(7.690007196364,-5.713277640649,0.));
#4931 = CARTESIAN_POINT('',(7.625875148815,-5.583694349212,0.));
#4932 = CARTESIAN_POINT('',(7.561893302425,-5.464527567752,0.));
#4933 = CARTESIAN_POINT('',(7.498677643529,-5.35561558678,0.));
#4934 = CARTESIAN_POINT('',(7.436833448395,-5.256767178895,0.));
#4935 = CARTESIAN_POINT('',(7.376953808272,-5.167762471782,0.));
#4936 = CARTESIAN_POINT('',(7.319618443145,-5.08835348494,0.));
#4937 = CARTESIAN_POINT('',(7.265392500819,-5.018264777521,0.));
#4938 = CARTESIAN_POINT('',(7.214825323675,-4.957194236258,0.));
#4939 = CARTESIAN_POINT('',(7.168449483464,-4.904813559461,0.));
#4940 = CARTESIAN_POINT('',(7.126779097426,-4.860769901681,0.));
#4941 = CARTESIAN_POINT('',(7.090310440724,-4.82468420969,0.));
#4942 = CARTESIAN_POINT('',(7.059515958962,-4.796159442154,0.));
#4943 = CARTESIAN_POINT('',(7.034856734943,-4.774761523306,0.));
#4944 = CARTESIAN_POINT('',(7.016746832332,-4.7600717503,0.));
#4945 = CARTESIAN_POINT('',(7.005628925005,-4.751574262856,0.));
#4946 = CARTESIAN_POINT('',(7.00056216777,-4.74797056235,0.));
#4947 = CARTESIAN_POINT('',(6.999287277898,-4.747080950203,0.));
#4948 = VECTOR('',#4949,1.);
#4949 = DIRECTION('',(-0.,-0.,-1.));
#4950 = ADVANCED_FACE('',(#4951),#4974,.F.);
#4951 = FACE_BOUND('',#4952,.F.);
#4952 = EDGE_LOOP('',(#4953,#4954,#4961,#4969));
#4953 = ORIENTED_EDGE('',*,*,#4892,.T.);
#4954 = ORIENTED_EDGE('',*,*,#4955,.T.);
#4955 = EDGE_CURVE('',#4866,#4956,#4958,.T.);
#4956 = VERTEX_POINT('',#4957);
#4957 = CARTESIAN_POINT('',(6.413974007602,-4.350107749218,5.));
#4958 = B_SPLINE_CURVE_WITH_KNOTS('',1,(#4959,#4960),.UNSPECIFIED.,.F.,
  .F.,(2,2),(0.,0.707233587073),.PIECEWISE_BEZIER_KNOTS.);
#4959 = CARTESIAN_POINT('',(6.999287277898,-4.747080950203,5.));
#4960 = CARTESIAN_POINT('',(6.413974007602,-4.350107749218,5.));
#4961 = ORIENTED_EDGE('',*,*,#4962,.F.);
#4962 = EDGE_CURVE('',#4963,#4956,#4965,.T.);
#4963 = VERTEX_POINT('',#4964);
#4964 = CARTESIAN_POINT('',(6.413974007602,-4.350107749218,0.));
#4965 = LINE('',#4966,#4967);
#4966 = CARTESIAN_POINT('',(6.413974007602,-4.350107749218,0.));
#4967 = VECTOR('',#4968,1.);
#4968 = DIRECTION('',(0.,0.,1.));
#4969 = ORIENTED_EDGE('',*,*,#4970,.F.);
#4970 = EDGE_CURVE('',#4893,#4963,#4971,.T.);
#4971 = B_SPLINE_CURVE_WITH_KNOTS('',1,(#4972,#4973),.UNSPECIFIED.,.F.,
  .F.,(2,2),(0.,0.707233587073),.PIECEWISE_BEZIER_KNOTS.);
#4972 = CARTESIAN_POINT('',(6.999287277898,-4.747080950203,0.));
#4973 = CARTESIAN_POINT('',(6.413974007602,-4.350107749218,0.));
#4974 = SURFACE_OF_LINEAR_EXTRUSION('',#4975,#4978);
#4975 = B_SPLINE_CURVE_WITH_KNOTS('',1,(#4976,#4977),.UNSPECIFIED.,.F.,
  .F.,(2,2),(0.,0.707233587073),.PIECEWISE_BEZIER_KNOTS.);
#4976 = CARTESIAN_POINT('',(6.999287277898,-4.747080950203,0.));
#4977 = CARTESIAN_POINT('',(6.413974007602,-4.350107749218,0.));
#4978 = VECTOR('',#4979,1.);
#4979 = DIRECTION('',(-0.,-0.,-1.));
#4980 = ADVANCED_FACE('',(#4981),#5004,.F.);
#4981 = FACE_BOUND('',#4982,.F.);
#4982 = EDGE_LOOP('',(#4983,#4984,#4991,#4999));
#4983 = ORIENTED_EDGE('',*,*,#4962,.T.);
#4984 = ORIENTED_EDGE('',*,*,#4985,.T.);
#4985 = EDGE_CURVE('',#4956,#4986,#4988,.T.);
#4986 = VERTEX_POINT('',#4987);
#4987 = CARTESIAN_POINT('',(6.974290823823,-3.379610555188,5.));
#4988 = B_SPLINE_CURVE_WITH_KNOTS('',1,(#4989,#4990),.UNSPECIFIED.,.F.,
  .F.,(2,2),(0.,1.120633632442),.PIECEWISE_BEZIER_KNOTS.);
#4989 = CARTESIAN_POINT('',(6.413974007602,-4.350107749218,5.));
#4990 = CARTESIAN_POINT('',(6.974290823823,-3.379610555188,5.));
#4991 = ORIENTED_EDGE('',*,*,#4992,.F.);
#4992 = EDGE_CURVE('',#4993,#4986,#4995,.T.);
#4993 = VERTEX_POINT('',#4994);
#4994 = CARTESIAN_POINT('',(6.974290823823,-3.379610555188,0.));
#4995 = LINE('',#4996,#4997);
#4996 = CARTESIAN_POINT('',(6.974290823823,-3.379610555188,0.));
#4997 = VECTOR('',#4998,1.);
#4998 = DIRECTION('',(0.,0.,1.));
#4999 = ORIENTED_EDGE('',*,*,#5000,.F.);
#5000 = EDGE_CURVE('',#4963,#4993,#5001,.T.);
#5001 = B_SPLINE_CURVE_WITH_KNOTS('',1,(#5002,#5003),.UNSPECIFIED.,.F.,
  .F.,(2,2),(0.,1.120633632442),.PIECEWISE_BEZIER_KNOTS.);
#5002 = CARTESIAN_POINT('',(6.413974007602,-4.350107749218,0.));
#5003 = CARTESIAN_POINT('',(6.974290823823,-3.379610555188,0.));
#5004 = SURFACE_OF_LINEAR_EXTRUSION('',#5005,#5008);
#5005 = B_SPLINE_CURVE_WITH_KNOTS('',1,(#5006,#5007),.UNSPECIFIED.,.F.,
  .F.,(2,2),(0.,1.120633632442),.PIECEWISE_BEZIER_KNOTS.);
#5006 = CARTESIAN_POINT('',(6.413974007602,-4.350107749218,0.));
#5007 = CARTESIAN_POINT('',(6.974290823823,-3.379610555188,0.));
#5008 = VECTOR('',#5009,1.);
#5009 = DIRECTION('',(-0.,-0.,-1.));
#5010 = ADVANCED_FACE('',(#5011),#5034,.F.);
#5011 = FACE_BOUND('',#5012,.F.);
#5012 = EDGE_LOOP('',(#5013,#5014,#5021,#5029));
#5013 = ORIENTED_EDGE('',*,*,#4992,.T.);
#5014 = ORIENTED_EDGE('',*,*,#5015,.T.);
#5015 = EDGE_CURVE('',#4986,#5016,#5018,.T.);
#5016 = VERTEX_POINT('',#5017);
#5017 = CARTESIAN_POINT('',(7.610736335646,-3.688020115943,5.));
#5018 = B_SPLINE_CURVE_WITH_KNOTS('',1,(#5019,#5020),.UNSPECIFIED.,.F.,
  .F.,(2,2),(0.,0.707233587073),.PIECEWISE_BEZIER_KNOTS.);
#5019 = CARTESIAN_POINT('',(6.974290823823,-3.379610555188,5.));
#5020 = CARTESIAN_POINT('',(7.610736335646,-3.688020115943,5.));
#5021 = ORIENTED_EDGE('',*,*,#5022,.F.);
#5022 = EDGE_CURVE('',#5023,#5016,#5025,.T.);
#5023 = VERTEX_POINT('',#5024);
#5024 = CARTESIAN_POINT('',(7.610736335646,-3.688020115943,0.));
#5025 = LINE('',#5026,#5027);
#5026 = CARTESIAN_POINT('',(7.610736335646,-3.688020115943,0.));
#5027 = VECTOR('',#5028,1.);
#5028 = DIRECTION('',(0.,0.,1.));
#5029 = ORIENTED_EDGE('',*,*,#5030,.F.);
#5030 = EDGE_CURVE('',#4993,#5023,#5031,.T.);
#5031 = B_SPLINE_CURVE_WITH_KNOTS('',1,(#5032,#5033),.UNSPECIFIED.,.F.,
  .F.,(2,2),(0.,0.707233587073),.PIECEWISE_BEZIER_KNOTS.);
#5032 = CARTESIAN_POINT('',(6.974290823823,-3.379610555188,0.));
#5033 = CARTESIAN_POINT('',(7.610736335646,-3.688020115943,0.));
#5034 = SURFACE_OF_LINEAR_EXTRUSION('',#5035,#5038);
#5035 = B_SPLINE_CURVE_WITH_KNOTS('',1,(#5036,#5037),.UNSPECIFIED.,.F.,
  .F.,(2,2),(0.,0.707233587073),.PIECEWISE_BEZIER_KNOTS.);
#5036 = CARTESIAN_POINT('',(6.974290823823,-3.379610555188,0.));
#5037 = CARTESIAN_POINT('',(7.610736335646,-3.688020115943,0.));
#5038 = VECTOR('',#5039,1.);
#5039 = DIRECTION('',(-0.,-0.,-1.));
#5040 = ADVANCED_FACE('',(#5041),#5104,.F.);
#5041 = FACE_BOUND('',#5042,.F.);
#5042 = EDGE_LOOP('',(#5043,#5044,#5071,#5079));
#5043 = ORIENTED_EDGE('',*,*,#5022,.T.);
#5044 = ORIENTED_EDGE('',*,*,#5045,.T.);
#5045 = EDGE_CURVE('',#5016,#5046,#5048,.T.);
#5046 = VERTEX_POINT('',#5047);
#5047 = CARTESIAN_POINT('',(9.274919897345,-3.738430271896,5.));
#5048 = B_SPLINE_CURVE_WITH_KNOTS('',3,(#5049,#5050,#5051,#5052,#5053,
    #5054,#5055,#5056,#5057,#5058,#5059,#5060,#5061,#5062,#5063,#5064,
    #5065,#5066,#5067,#5068,#5069,#5070),.UNSPECIFIED.,.F.,.F.,(4,1,1,1,
    1,1,1,1,1,1,1,1,1,1,1,1,1,1,1,4),(0.,4.663242026802E-03,
    1.865277763451E-02,4.196864491748E-02,7.461084931782E-02,
    0.11657939265,0.167874275737,0.228495499025,0.298443062779,
    0.377716967172,0.466317212321,0.564243798312,0.671496725205,
    0.788075993049,0.913981601881,1.049213551729,1.193771842617,
    1.347656474564,1.510867447587,1.683404761698),.UNSPECIFIED.);
#5049 = CARTESIAN_POINT('',(7.610736335646,-3.688020115943,5.));
#5050 = CARTESIAN_POINT('',(7.6121442073,-3.688679396886,5.));
#5051 = CARTESIAN_POINT('',(7.617798482104,-3.691265487114,5.));
#5052 = CARTESIAN_POINT('',(7.630716475763,-3.696645133574,5.));
#5053 = CARTESIAN_POINT('',(7.652493143667,-3.704983882792,5.));
#5054 = CARTESIAN_POINT('',(7.683353896987,-3.715640437806,5.));
#5055 = CARTESIAN_POINT('',(7.723454311191,-3.72804685754,5.));
#5056 = CARTESIAN_POINT('',(7.772939765519,-3.741586794691,5.));
#5057 = CARTESIAN_POINT('',(7.831917885052,-3.755652578695,5.));
#5058 = CARTESIAN_POINT('',(7.900468801931,-3.769624896041,5.));
#5059 = CARTESIAN_POINT('',(7.97864103066,-3.782882085414,5.));
#5060 = CARTESIAN_POINT('',(8.066452602966,-3.794798775302,5.));
#5061 = CARTESIAN_POINT('',(8.163890485423,-3.804748164616,5.));
#5062 = CARTESIAN_POINT('',(8.270910642901,-3.812103100576,5.));
#5063 = CARTESIAN_POINT('',(8.38743797282,-3.816237540696,5.));
#5064 = CARTESIAN_POINT('',(8.513366344566,-3.816527916731,5.));
#5065 = CARTESIAN_POINT('',(8.648558727793,-3.812354430356,5.));
#5066 = CARTESIAN_POINT('',(8.792847173857,-3.803102767012,5.));
#5067 = CARTESIAN_POINT('',(8.946033716483,-3.788164016942,5.));
#5068 = CARTESIAN_POINT('',(9.107887786296,-3.766941925644,5.));
#5069 = CARTESIAN_POINT('',(9.218333412306,-3.748707301554,5.));
#5070 = CARTESIAN_POINT('',(9.274919897345,-3.738430271896,5.));
#5071 = ORIENTED_EDGE('',*,*,#5072,.F.);
#5072 = EDGE_CURVE('',#5073,#5046,#5075,.T.);
#5073 = VERTEX_POINT('',#5074);
#5074 = CARTESIAN_POINT('',(9.274919897345,-3.738430271896,0.));
#5075 = LINE('',#5076,#5077);
#5076 = CARTESIAN_POINT('',(9.274919897345,-3.738430271896,0.));
#5077 = VECTOR('',#5078,1.);
#5078 = DIRECTION('',(0.,0.,1.));
#5079 = ORIENTED_EDGE('',*,*,#5080,.F.);
#5080 = EDGE_CURVE('',#5023,#5073,#5081,.T.);
#5081 = B_SPLINE_CURVE_WITH_KNOTS('',3,(#5082,#5083,#5084,#5085,#5086,
    #5087,#5088,#5089,#5090,#5091,#5092,#5093,#5094,#5095,#5096,#5097,
    #5098,#5099,#5100,#5101,#5102,#5103),.UNSPECIFIED.,.F.,.F.,(4,1,1,1,
    1,1,1,1,1,1,1,1,1,1,1,1,1,1,1,4),(0.,4.663242026802E-03,
    1.865277763451E-02,4.196864491748E-02,7.461084931782E-02,
    0.11657939265,0.167874275737,0.228495499025,0.298443062779,
    0.377716967172,0.466317212321,0.564243798312,0.671496725205,
    0.788075993049,0.913981601881,1.049213551729,1.193771842617,
    1.347656474564,1.510867447587,1.683404761698),.UNSPECIFIED.);
#5082 = CARTESIAN_POINT('',(7.610736335646,-3.688020115943,0.));
#5083 = CARTESIAN_POINT('',(7.6121442073,-3.688679396886,0.));
#5084 = CARTESIAN_POINT('',(7.617798482104,-3.691265487114,0.));
#5085 = CARTESIAN_POINT('',(7.630716475763,-3.696645133574,0.));
#5086 = CARTESIAN_POINT('',(7.652493143667,-3.704983882792,0.));
#5087 = CARTESIAN_POINT('',(7.683353896987,-3.715640437806,0.));
#5088 = CARTESIAN_POINT('',(7.723454311191,-3.72804685754,0.));
#5089 = CARTESIAN_POINT('',(7.772939765519,-3.741586794691,0.));
#5090 = CARTESIAN_POINT('',(7.831917885052,-3.755652578695,0.));
#5091 = CARTESIAN_POINT('',(7.900468801931,-3.769624896041,0.));
#5092 = CARTESIAN_POINT('',(7.97864103066,-3.782882085414,0.));
#5093 = CARTESIAN_POINT('',(8.066452602966,-3.794798775302,0.));
#5094 = CARTESIAN_POINT('',(8.163890485423,-3.804748164616,0.));
#5095 = CARTESIAN_POINT('',(8.270910642901,-3.812103100576,0.));
#5096 = CARTESIAN_POINT('',(8.38743797282,-3.816237540696,0.));
#5097 = CARTESIAN_POINT('',(8.513366344566,-3.816527916731,0.));
#5098 = CARTESIAN_POINT('',(8.648558727793,-3.812354430356,0.));
#5099 = CARTESIAN_POINT('',(8.792847173857,-3.803102767012,0.));
#5100 = CARTESIAN_POINT('',(8.946033716483,-3.788164016942,0.));
#5101 = CARTESIAN_POINT('',(9.107887786296,-3.766941925644,0.));
#5102 = CARTESIAN_POINT('',(9.218333412306,-3.748707301554,0.));
#5103 = CARTESIAN_POINT('',(9.274919897345,-3.738430271896,0.));
#5104 = SURFACE_OF_LINEAR_EXTRUSION('',#5105,#5128);
#5105 = B_SPLINE_CURVE_WITH_KNOTS('',3,(#5106,#5107,#5108,#5109,#5110,
    #5111,#5112,#5113,#5114,#5115,#5116,#5117,#5118,#5119,#5120,#5121,
    #5122,#5123,#5124,#5125,#5126,#5127),.UNSPECIFIED.,.F.,.F.,(4,1,1,1,
    1,1,1,1,1,1,1,1,1,1,1,1,1,1,1,4),(0.,4.663242026802E-03,
    1.865277763451E-02,4.196864491748E-02,7.461084931782E-02,
    0.11657939265,0.167874275737,0.228495499025,0.298443062779,
    0.377716967172,0.466317212321,0.564243798312,0.671496725205,
    0.788075993049,0.913981601881,1.049213551729,1.193771842617,
    1.347656474564,1.510867447587,1.683404761698),.UNSPECIFIED.);
#5106 = CARTESIAN_POINT('',(7.610736335646,-3.688020115943,0.));
#5107 = CARTESIAN_POINT('',(7.6121442073,-3.688679396886,0.));
#5108 = CARTESIAN_POINT('',(7.617798482104,-3.691265487114,0.));
#5109 = CARTESIAN_POINT('',(7.630716475763,-3.696645133574,0.));
#5110 = CARTESIAN_POINT('',(7.652493143667,-3.704983882792,0.));
#5111 = CARTESIAN_POINT('',(7.683353896987,-3.715640437806,0.));
#5112 = CARTESIAN_POINT('',(7.723454311191,-3.72804685754,0.));
#5113 = CARTESIAN_POINT('',(7.772939765519,-3.741586794691,0.));
#5114 = CARTESIAN_POINT('',(7.831917885052,-3.755652578695,0.));
#5115 = CARTESIAN_POINT('',(7.900468801931,-3.769624896041,0.));
#5116 = CARTESIAN_POINT('',(7.97864103066,-3.782882085414,0.));
#5117 = CARTESIAN_POINT('',(8.066452602966,-3.794798775302,0.));
#5118 = CARTESIAN_POINT('',(8.163890485423,-3.804748164616,0.));
#5119 = CARTESIAN_POINT('',(8.270910642901,-3.812103100576,0.));
#5120 = CARTESIAN_POINT('',(8.38743797282,-3.816237540696,0.));
#5121 = CARTESIAN_POINT('',(8.513366344566,-3.816527916731,0.));
#5122 = CARTESIAN_POINT('',(8.648558727793,-3.812354430356,0.));
#5123 = CARTESIAN_POINT('',(8.792847173857,-3.803102767012,0.));
#5124 = CARTESIAN_POINT('',(8.946033716483,-3.788164016942,0.));
#5125 = CARTESIAN_POINT('',(9.107887786296,-3.766941925644,0.));
#5126 = CARTESIAN_POINT('',(9.218333412306,-3.748707301554,0.));
#5127 = CARTESIAN_POINT('',(9.274919897345,-3.738430271896,0.));
#5128 = VECTOR('',#5129,1.);
#5129 = DIRECTION('',(-0.,-0.,-1.));
#5130 = ADVANCED_FACE('',(#5131),#5154,.F.);
#5131 = FACE_BOUND('',#5132,.F.);
#5132 = EDGE_LOOP('',(#5133,#5134,#5141,#5149));
#5133 = ORIENTED_EDGE('',*,*,#5072,.T.);
#5134 = ORIENTED_EDGE('',*,*,#5135,.T.);
#5135 = EDGE_CURVE('',#5046,#5136,#5138,.T.);
#5136 = VERTEX_POINT('',#5137);
#5137 = CARTESIAN_POINT('',(9.508017506187,-3.097999855075,5.));
#5138 = B_SPLINE_CURVE_WITH_KNOTS('',1,(#5139,#5140),.UNSPECIFIED.,.F.,
  .F.,(2,2),(0.,0.681531814398),.PIECEWISE_BEZIER_KNOTS.);
#5139 = CARTESIAN_POINT('',(9.274919897345,-3.738430271896,5.));
#5140 = CARTESIAN_POINT('',(9.508017506187,-3.097999855075,5.));
#5141 = ORIENTED_EDGE('',*,*,#5142,.F.);
#5142 = EDGE_CURVE('',#5143,#5136,#5145,.T.);
#5143 = VERTEX_POINT('',#5144);
#5144 = CARTESIAN_POINT('',(9.508017506187,-3.097999855075,0.));
#5145 = LINE('',#5146,#5147);
#5146 = CARTESIAN_POINT('',(9.508017506187,-3.097999855075,0.));
#5147 = VECTOR('',#5148,1.);
#5148 = DIRECTION('',(0.,0.,1.));
#5149 = ORIENTED_EDGE('',*,*,#5150,.F.);
#5150 = EDGE_CURVE('',#5073,#5143,#5151,.T.);
#5151 = B_SPLINE_CURVE_WITH_KNOTS('',1,(#5152,#5153),.UNSPECIFIED.,.F.,
  .F.,(2,2),(0.,0.681531814398),.PIECEWISE_BEZIER_KNOTS.);
#5152 = CARTESIAN_POINT('',(9.274919897345,-3.738430271896,0.));
#5153 = CARTESIAN_POINT('',(9.508017506187,-3.097999855075,0.));
#5154 = SURFACE_OF_LINEAR_EXTRUSION('',#5155,#5158);
#5155 = B_SPLINE_CURVE_WITH_KNOTS('',1,(#5156,#5157),.UNSPECIFIED.,.F.,
  .F.,(2,2),(0.,0.681531814398),.PIECEWISE_BEZIER_KNOTS.);
#5156 = CARTESIAN_POINT('',(9.274919897345,-3.738430271896,0.));
#5157 = CARTESIAN_POINT('',(9.508017506187,-3.097999855075,0.));
#5158 = VECTOR('',#5159,1.);
#5159 = DIRECTION('',(-0.,-0.,-1.));
#5160 = ADVANCED_FACE('',(#5161),#5224,.F.);
#5161 = FACE_BOUND('',#5162,.F.);
#5162 = EDGE_LOOP('',(#5163,#5164,#5191,#5199));
#5163 = ORIENTED_EDGE('',*,*,#5142,.T.);
#5164 = ORIENTED_EDGE('',*,*,#5165,.T.);
#5165 = EDGE_CURVE('',#5136,#5166,#5168,.T.);
#5166 = VERTEX_POINT('',#5167);
#5167 = CARTESIAN_POINT('',(8.200775912768,-2.066899701215,5.));
#5168 = B_SPLINE_CURVE_WITH_KNOTS('',3,(#5169,#5170,#5171,#5172,#5173,
    #5174,#5175,#5176,#5177,#5178,#5179,#5180,#5181,#5182,#5183,#5184,
    #5185,#5186,#5187,#5188,#5189,#5190),.UNSPECIFIED.,.F.,.F.,(4,1,1,1,
    1,1,1,1,1,1,1,1,1,1,1,1,1,1,1,4),(0.,0.172537314111,0.335748287134,
    0.489632919081,0.634191209969,0.769423159817,0.895328768649,
    1.011908036493,1.119160963386,1.217087549377,1.305687794526,
    1.384961698919,1.454909262673,1.515530485961,1.566825369048,
    1.60879391238,1.641436116781,1.664751984064,1.678741519671,
    1.683404761698),.UNSPECIFIED.);
#5169 = CARTESIAN_POINT('',(9.508017506187,-3.097999855075,5.));
#5170 = CARTESIAN_POINT('',(9.471275691095,-3.053754102155,5.));
#5171 = CARTESIAN_POINT('',(9.398390423456,-2.968792489755,5.));
#5172 = CARTESIAN_POINT('',(9.288044310017,-2.848497633991,5.));
#5173 = CARTESIAN_POINT('',(9.180299053727,-2.738587475943,5.));
#5174 = CARTESIAN_POINT('',(9.07571454598,-2.638753465298,5.));
#5175 = CARTESIAN_POINT('',(8.974833837389,-2.548656400389,5.));
#5176 = CARTESIAN_POINT('',(8.878180457864,-2.467933644271,5.));
#5177 = CARTESIAN_POINT('',(8.786257777426,-2.396198485288,5.));
#5178 = CARTESIAN_POINT('',(8.699547918783,-2.333041461896,5.));
#5179 = CARTESIAN_POINT('',(8.618510826203,-2.278031272735,5.));
#5180 = CARTESIAN_POINT('',(8.543583358587,-2.230715796139,5.));
#5181 = CARTESIAN_POINT('',(8.475178400095,-2.190623252341,5.));
#5182 = CARTESIAN_POINT('',(8.41368411868,-2.157262988399,5.));
#5183 = CARTESIAN_POINT('',(8.359462946269,-2.130127599595,5.));
#5184 = CARTESIAN_POINT('',(8.312851585129,-2.108691156308,5.));
#5185 = CARTESIAN_POINT('',(8.274158192775,-2.09241897581,5.));
#5186 = CARTESIAN_POINT('',(8.243667582659,-2.080745460702,5.));
#5187 = CARTESIAN_POINT('',(8.221625642544,-2.073135540894,5.));
#5188 = CARTESIAN_POINT('',(8.208271915196,-2.068953062905,5.));
#5189 = CARTESIAN_POINT('',(8.202278182647,-2.067299625168,5.));
#5190 = CARTESIAN_POINT('',(8.200775912768,-2.066899701215,5.));
#5191 = ORIENTED_EDGE('',*,*,#5192,.F.);
#5192 = EDGE_CURVE('',#5193,#5166,#5195,.T.);
#5193 = VERTEX_POINT('',#5194);
#5194 = CARTESIAN_POINT('',(8.200775912768,-2.066899701215,0.));
#5195 = LINE('',#5196,#5197);
#5196 = CARTESIAN_POINT('',(8.200775912768,-2.066899701215,0.));
#5197 = VECTOR('',#5198,1.);
#5198 = DIRECTION('',(0.,0.,1.));
#5199 = ORIENTED_EDGE('',*,*,#5200,.F.);
#5200 = EDGE_CURVE('',#5143,#5193,#5201,.T.);
#5201 = B_SPLINE_CURVE_WITH_KNOTS('',3,(#5202,#5203,#5204,#5205,#5206,
    #5207,#5208,#5209,#5210,#5211,#5212,#5213,#5214,#5215,#5216,#5217,
    #5218,#5219,#5220,#5221,#5222,#5223),.UNSPECIFIED.,.F.,.F.,(4,1,1,1,
    1,1,1,1,1,1,1,1,1,1,1,1,1,1,1,4),(0.,0.172537314111,0.335748287134,
    0.489632919081,0.634191209969,0.769423159817,0.895328768649,
    1.011908036493,1.119160963386,1.217087549377,1.305687794526,
    1.384961698919,1.454909262673,1.515530485961,1.566825369048,
    1.60879391238,1.641436116781,1.664751984064,1.678741519671,
    1.683404761698),.UNSPECIFIED.);
#5202 = CARTESIAN_POINT('',(9.508017506187,-3.097999855075,0.));
#5203 = CARTESIAN_POINT('',(9.471275691095,-3.053754102155,0.));
#5204 = CARTESIAN_POINT('',(9.398390423456,-2.968792489755,0.));
#5205 = CARTESIAN_POINT('',(9.288044310017,-2.848497633991,0.));
#5206 = CARTESIAN_POINT('',(9.180299053727,-2.738587475943,0.));
#5207 = CARTESIAN_POINT('',(9.07571454598,-2.638753465298,0.));
#5208 = CARTESIAN_POINT('',(8.974833837389,-2.548656400389,0.));
#5209 = CARTESIAN_POINT('',(8.878180457864,-2.467933644271,0.));
#5210 = CARTESIAN_POINT('',(8.786257777426,-2.396198485288,0.));
#5211 = CARTESIAN_POINT('',(8.699547918783,-2.333041461896,0.));
#5212 = CARTESIAN_POINT('',(8.618510826203,-2.278031272735,0.));
#5213 = CARTESIAN_POINT('',(8.543583358587,-2.230715796139,0.));
#5214 = CARTESIAN_POINT('',(8.475178400095,-2.190623252341,0.));
#5215 = CARTESIAN_POINT('',(8.41368411868,-2.157262988399,0.));
#5216 = CARTESIAN_POINT('',(8.359462946269,-2.130127599595,0.));
#5217 = CARTESIAN_POINT('',(8.312851585129,-2.108691156308,0.));
#5218 = CARTESIAN_POINT('',(8.274158192775,-2.09241897581,0.));
#5219 = CARTESIAN_POINT('',(8.243667582659,-2.080745460702,0.));
#5220 = CARTESIAN_POINT('',(8.221625642544,-2.073135540894,0.));
#5221 = CARTESIAN_POINT('',(8.208271915196,-2.068953062905,0.));
#5222 = CARTESIAN_POINT('',(8.202278182647,-2.067299625168,0.));
#5223 = CARTESIAN_POINT('',(8.200775912768,-2.066899701215,0.));
#5224 = SURFACE_OF_LINEAR_EXTRUSION('',#5225,#5248);
#5225 = B_SPLINE_CURVE_WITH_KNOTS('',3,(#5226,#5227,#5228,#5229,#5230,
    #5231,#5232,#5233,#5234,#5235,#5236,#5237,#5238,#5239,#5240,#5241,
    #5242,#5243,#5244,#5245,#5246,#5247),.UNSPECIFIED.,.F.,.F.,(4,1,1,1,
    1,1,1,1,1,1,1,1,1,1,1,1,1,1,1,4),(0.,0.172537314111,0.335748287134,
    0.489632919081,0.634191209969,0.769423159817,0.895328768649,
    1.011908036493,1.119160963386,1.217087549377,1.305687794526,
    1.384961698919,1.454909262673,1.515530485961,1.566825369048,
    1.60879391238,1.641436116781,1.664751984064,1.678741519671,
    1.683404761698),.UNSPECIFIED.);
#5226 = CARTESIAN_POINT('',(9.508017506187,-3.097999855075,0.));
#5227 = CARTESIAN_POINT('',(9.471275691095,-3.053754102155,0.));
#5228 = CARTESIAN_POINT('',(9.398390423456,-2.968792489755,0.));
#5229 = CARTESIAN_POINT('',(9.288044310017,-2.848497633991,0.));
#5230 = CARTESIAN_POINT('',(9.180299053727,-2.738587475943,0.));
#5231 = CARTESIAN_POINT('',(9.07571454598,-2.638753465298,0.));
#5232 = CARTESIAN_POINT('',(8.974833837389,-2.548656400389,0.));
#5233 = CARTESIAN_POINT('',(8.878180457864,-2.467933644271,0.));
#5234 = CARTESIAN_POINT('',(8.786257777426,-2.396198485288,0.));
#5235 = CARTESIAN_POINT('',(8.699547918783,-2.333041461896,0.));
#5236 = CARTESIAN_POINT('',(8.618510826203,-2.278031272735,0.));
#5237 = CARTESIAN_POINT('',(8.543583358587,-2.230715796139,0.));
#5238 = CARTESIAN_POINT('',(8.475178400095,-2.190623252341,0.));
#5239 = CARTESIAN_POINT('',(8.41368411868,-2.157262988399,0.));
#5240 = CARTESIAN_POINT('',(8.359462946269,-2.130127599595,0.));
#5241 = CARTESIAN_POINT('',(8.312851585129,-2.108691156308,0.));
#5242 = CARTESIAN_POINT('',(8.274158192775,-2.09241897581,0.));
#5243 = CARTESIAN_POINT('',(8.243667582659,-2.080745460702,0.));
#5244 = CARTESIAN_POINT('',(8.221625642544,-2.073135540894,0.));
#5245 = CARTESIAN_POINT('',(8.208271915196,-2.068953062905,0.));
#5246 = CARTESIAN_POINT('',(8.202278182647,-2.067299625168,0.));
#5247 = CARTESIAN_POINT('',(8.200775912768,-2.066899701215,0.));
#5248 = VECTOR('',#5249,1.);
#5249 = DIRECTION('',(-0.,-0.,-1.));
#5250 = ADVANCED_FACE('',(#5251),#5274,.F.);
#5251 = FACE_BOUND('',#5252,.F.);
#5252 = EDGE_LOOP('',(#5253,#5254,#5261,#5269));
#5253 = ORIENTED_EDGE('',*,*,#5192,.T.);
#5254 = ORIENTED_EDGE('',*,*,#5255,.T.);
#5255 = EDGE_CURVE('',#5166,#5256,#5258,.T.);
#5256 = VERTEX_POINT('',#5257);
#5257 = CARTESIAN_POINT('',(7.514988520726,-1.894055842196,5.));
#5258 = B_SPLINE_CURVE_WITH_KNOTS('',1,(#5259,#5260),.UNSPECIFIED.,.F.,
  .F.,(2,2),(0.,0.707233587073),.PIECEWISE_BEZIER_KNOTS.);
#5259 = CARTESIAN_POINT('',(8.200775912768,-2.066899701215,5.));
#5260 = CARTESIAN_POINT('',(7.514988520726,-1.894055842196,5.));
#5261 = ORIENTED_EDGE('',*,*,#5262,.F.);
#5262 = EDGE_CURVE('',#5263,#5256,#5265,.T.);
#5263 = VERTEX_POINT('',#5264);
#5264 = CARTESIAN_POINT('',(7.514988520726,-1.894055842196,0.));
#5265 = LINE('',#5266,#5267);
#5266 = CARTESIAN_POINT('',(7.514988520726,-1.894055842196,0.));
#5267 = VECTOR('',#5268,1.);
#5268 = DIRECTION('',(0.,0.,1.));
#5269 = ORIENTED_EDGE('',*,*,#5270,.F.);
#5270 = EDGE_CURVE('',#5193,#5263,#5271,.T.);
#5271 = B_SPLINE_CURVE_WITH_KNOTS('',1,(#5272,#5273),.UNSPECIFIED.,.F.,
  .F.,(2,2),(0.,0.707233587073),.PIECEWISE_BEZIER_KNOTS.);
#5272 = CARTESIAN_POINT('',(8.200775912768,-2.066899701215,0.));
#5273 = CARTESIAN_POINT('',(7.514988520726,-1.894055842196,0.));
#5274 = SURFACE_OF_LINEAR_EXTRUSION('',#5275,#5278);
#5275 = B_SPLINE_CURVE_WITH_KNOTS('',1,(#5276,#5277),.UNSPECIFIED.,.F.,
  .F.,(2,2),(0.,0.707233587073),.PIECEWISE_BEZIER_KNOTS.);
#5276 = CARTESIAN_POINT('',(8.200775912768,-2.066899701215,0.));
#5277 = CARTESIAN_POINT('',(7.514988520726,-1.894055842196,0.));
#5278 = VECTOR('',#5279,1.);
#5279 = DIRECTION('',(-0.,-0.,-1.));
#5280 = ADVANCED_FACE('',(#5281),#5304,.F.);
#5281 = FACE_BOUND('',#5282,.F.);
#5282 = EDGE_LOOP('',(#5283,#5284,#5291,#5299));
#5283 = ORIENTED_EDGE('',*,*,#5262,.T.);
#5284 = ORIENTED_EDGE('',*,*,#5285,.T.);
#5285 = EDGE_CURVE('',#5256,#5286,#5288,.T.);
#5286 = VERTEX_POINT('',#5287);
#5287 = CARTESIAN_POINT('',(7.709584508832,-0.790447152681,5.));
#5288 = B_SPLINE_CURVE_WITH_KNOTS('',1,(#5289,#5290),.UNSPECIFIED.,.F.,
  .F.,(2,2),(0.,1.120633632442),.PIECEWISE_BEZIER_KNOTS.);
#5289 = CARTESIAN_POINT('',(7.514988520726,-1.894055842196,5.));
#5290 = CARTESIAN_POINT('',(7.709584508832,-0.790447152681,5.));
#5291 = ORIENTED_EDGE('',*,*,#5292,.F.);
#5292 = EDGE_CURVE('',#5293,#5286,#5295,.T.);
#5293 = VERTEX_POINT('',#5294);
#5294 = CARTESIAN_POINT('',(7.709584508832,-0.790447152681,0.));
#5295 = LINE('',#5296,#5297);
#5296 = CARTESIAN_POINT('',(7.709584508832,-0.790447152681,0.));
#5297 = VECTOR('',#5298,1.);
#5298 = DIRECTION('',(0.,0.,1.));
#5299 = ORIENTED_EDGE('',*,*,#5300,.F.);
#5300 = EDGE_CURVE('',#5263,#5293,#5301,.T.);
#5301 = B_SPLINE_CURVE_WITH_KNOTS('',1,(#5302,#5303),.UNSPECIFIED.,.F.,
  .F.,(2,2),(0.,1.120633632442),.PIECEWISE_BEZIER_KNOTS.);
#5302 = CARTESIAN_POINT('',(7.514988520726,-1.894055842196,0.));
#5303 = CARTESIAN_POINT('',(7.709584508832,-0.790447152681,0.));
#5304 = SURFACE_OF_LINEAR_EXTRUSION('',#5305,#5308);
#5305 = B_SPLINE_CURVE_WITH_KNOTS('',1,(#5306,#5307),.UNSPECIFIED.,.F.,
  .F.,(2,2),(0.,1.120633632442),.PIECEWISE_BEZIER_KNOTS.);
#5306 = CARTESIAN_POINT('',(7.514988520726,-1.894055842196,0.));
#5307 = CARTESIAN_POINT('',(7.709584508832,-0.790447152681,0.));
#5308 = VECTOR('',#5309,1.);
#5309 = DIRECTION('',(-0.,-0.,-1.));
#5310 = ADVANCED_FACE('',(#5311),#5334,.F.);
#5311 = FACE_BOUND('',#5312,.F.);
#5312 = EDGE_LOOP('',(#5313,#5314,#5321,#5329));
#5313 = ORIENTED_EDGE('',*,*,#5292,.T.);
#5314 = ORIENTED_EDGE('',*,*,#5315,.T.);
#5315 = EDGE_CURVE('',#5286,#5316,#5318,.T.);
#5316 = VERTEX_POINT('',#5317);
#5317 = CARTESIAN_POINT('',(8.413129941996,-0.86258015593,5.));
#5318 = B_SPLINE_CURVE_WITH_KNOTS('',1,(#5319,#5320),.UNSPECIFIED.,.F.,
  .F.,(2,2),(0.,0.707233587073),.PIECEWISE_BEZIER_KNOTS.);
#5319 = CARTESIAN_POINT('',(7.709584508832,-0.790447152681,5.));
#5320 = CARTESIAN_POINT('',(8.413129941996,-0.86258015593,5.));
#5321 = ORIENTED_EDGE('',*,*,#5322,.F.);
#5322 = EDGE_CURVE('',#5323,#5316,#5325,.T.);
#5323 = VERTEX_POINT('',#5324);
#5324 = CARTESIAN_POINT('',(8.413129941996,-0.86258015593,0.));
#5325 = LINE('',#5326,#5327);
#5326 = CARTESIAN_POINT('',(8.413129941996,-0.86258015593,0.));
#5327 = VECTOR('',#5328,1.);
#5328 = DIRECTION('',(0.,0.,1.));
#5329 = ORIENTED_EDGE('',*,*,#5330,.F.);
#5330 = EDGE_CURVE('',#5293,#5323,#5331,.T.);
#5331 = B_SPLINE_CURVE_WITH_KNOTS('',1,(#5332,#5333),.UNSPECIFIED.,.F.,
  .F.,(2,2),(0.,0.707233587073),.PIECEWISE_BEZIER_KNOTS.);
#5332 = CARTESIAN_POINT('',(7.709584508832,-0.790447152681,0.));
#5333 = CARTESIAN_POINT('',(8.413129941996,-0.86258015593,0.));
#5334 = SURFACE_OF_LINEAR_EXTRUSION('',#5335,#5338);
#5335 = B_SPLINE_CURVE_WITH_KNOTS('',1,(#5336,#5337),.UNSPECIFIED.,.F.,
  .F.,(2,2),(0.,0.707233587073),.PIECEWISE_BEZIER_KNOTS.);
#5336 = CARTESIAN_POINT('',(7.709584508832,-0.790447152681,0.));
#5337 = CARTESIAN_POINT('',(8.413129941996,-0.86258015593,0.));
#5338 = VECTOR('',#5339,1.);
#5339 = DIRECTION('',(-0.,-0.,-1.));
#5340 = ADVANCED_FACE('',(#5341),#5395,.F.);
#5341 = FACE_BOUND('',#5342,.F.);
#5342 = EDGE_LOOP('',(#5343,#5344,#5369,#5370));
#5343 = ORIENTED_EDGE('',*,*,#5322,.T.);
#5344 = ORIENTED_EDGE('',*,*,#5345,.T.);
#5345 = EDGE_CURVE('',#5316,#24,#5346,.T.);
#5346 = B_SPLINE_CURVE_WITH_KNOTS('',3,(#5347,#5348,#5349,#5350,#5351,
    #5352,#5353,#5354,#5355,#5356,#5357,#5358,#5359,#5360,#5361,#5362,
    #5363,#5364,#5365,#5366,#5367,#5368),.UNSPECIFIED.,.F.,.F.,(4,1,1,1,
    1,1,1,1,1,1,1,1,1,1,1,1,1,1,1,4),(0.,4.663242026802E-03,
    1.865277763451E-02,4.196864491748E-02,7.461084931782E-02,
    0.11657939265,0.167874275737,0.228495499025,0.298443062779,
    0.377716967172,0.466317212321,0.564243798312,0.671496725205,
    0.788075993049,0.913981601881,1.049213551729,1.193771842617,
    1.347656474564,1.510867447587,1.683404761698),.UNSPECIFIED.);
#5347 = CARTESIAN_POINT('',(8.413129941996,-0.86258015593,5.));
#5348 = CARTESIAN_POINT('',(8.414678395964,-0.862718156902,5.));
#5349 = CARTESIAN_POINT('',(8.420876171223,-0.863214410927,5.));
#5350 = CARTESIAN_POINT('',(8.434855061993,-0.863851410966,5.));
#5351 = CARTESIAN_POINT('',(8.45817045633,-0.864239212995,5.));
#5352 = CARTESIAN_POINT('',(8.49081483497,-0.863698099831,5.));
#5353 = CARTESIAN_POINT('',(8.532740143744,-0.861641171491,5.));
#5354 = CARTESIAN_POINT('',(8.583872191257,-0.857439528336,5.));
#5355 = CARTESIAN_POINT('',(8.644104276431,-0.850485336875,5.));
#5356 = CARTESIAN_POINT('',(8.713299881152,-0.840169225964,5.));
#5357 = CARTESIAN_POINT('',(8.791291973448,-0.825890432116,5.));
#5358 = CARTESIAN_POINT('',(8.877883607947,-0.807055131123,5.));
#5359 = CARTESIAN_POINT('',(8.972848158637,-0.783078780319,5.));
#5360 = CARTESIAN_POINT('',(9.075929747145,-0.753387109768,5.));
#5361 = CARTESIAN_POINT('',(9.186843680992,-0.717417518559,5.));
#5362 = CARTESIAN_POINT('',(9.305276957123,-0.674620343023,5.));
#5363 = CARTESIAN_POINT('',(9.430888825619,-0.624460030386,5.));
#5364 = CARTESIAN_POINT('',(9.563311358427,-0.566416755608,5.));
#5365 = CARTESIAN_POINT('',(9.702150268696,-0.49998603914,5.));
#5366 = CARTESIAN_POINT('',(9.846984961037,-0.424686444394,5.));
#5367 = CARTESIAN_POINT('',(9.944533292052,-0.369776873856,5.));
#5368 = CARTESIAN_POINT('',(9.994192243323,-0.340765907199,5.));
#5369 = ORIENTED_EDGE('',*,*,#21,.F.);
#5370 = ORIENTED_EDGE('',*,*,#5371,.F.);
#5371 = EDGE_CURVE('',#5323,#22,#5372,.T.);
#5372 = B_SPLINE_CURVE_WITH_KNOTS('',3,(#5373,#5374,#5375,#5376,#5377,
    #5378,#5379,#5380,#5381,#5382,#5383,#5384,#5385,#5386,#5387,#5388,
    #5389,#5390,#5391,#5392,#5393,#5394),.UNSPECIFIED.,.F.,.F.,(4,1,1,1,
    1,1,1,1,1,1,1,1,1,1,1,1,1,1,1,4),(0.,4.663242026802E-03,
    1.865277763451E-02,4.196864491748E-02,7.461084931782E-02,
    0.11657939265,0.167874275737,0.228495499025,0.298443062779,
    0.377716967172,0.466317212321,0.564243798312,0.671496725205,
    0.788075993049,0.913981601881,1.049213551729,1.193771842617,
    1.347656474564,1.510867447587,1.683404761698),.UNSPECIFIED.);
#5373 = CARTESIAN_POINT('',(8.413129941996,-0.86258015593,0.));
#5374 = CARTESIAN_POINT('',(8.414678395964,-0.862718156902,0.));
#5375 = CARTESIAN_POINT('',(8.420876171223,-0.863214410927,0.));
#5376 = CARTESIAN_POINT('',(8.434855061993,-0.863851410966,0.));
#5377 = CARTESIAN_POINT('',(8.45817045633,-0.864239212995,0.));
#5378 = CARTESIAN_POINT('',(8.49081483497,-0.863698099831,0.));
#5379 = CARTESIAN_POINT('',(8.532740143744,-0.861641171491,0.));
#5380 = CARTESIAN_POINT('',(8.583872191257,-0.857439528336,0.));
#5381 = CARTESIAN_POINT('',(8.644104276431,-0.850485336875,0.));
#5382 = CARTESIAN_POINT('',(8.713299881152,-0.840169225964,0.));
#5383 = CARTESIAN_POINT('',(8.791291973448,-0.825890432116,0.));
#5384 = CARTESIAN_POINT('',(8.877883607947,-0.807055131123,0.));
#5385 = CARTESIAN_POINT('',(8.972848158637,-0.783078780319,0.));
#5386 = CARTESIAN_POINT('',(9.075929747145,-0.753387109768,0.));
#5387 = CARTESIAN_POINT('',(9.186843680992,-0.717417518559,0.));
#5388 = CARTESIAN_POINT('',(9.305276957123,-0.674620343023,0.));
#5389 = CARTESIAN_POINT('',(9.430888825619,-0.624460030386,0.));
#5390 = CARTESIAN_POINT('',(9.563311358427,-0.566416755608,0.));
#5391 = CARTESIAN_POINT('',(9.702150268696,-0.49998603914,0.));
#5392 = CARTESIAN_POINT('',(9.846984961037,-0.424686444394,0.));
#5393 = CARTESIAN_POINT('',(9.944533292052,-0.369776873856,0.));
#5394 = CARTESIAN_POINT('',(9.994192243323,-0.340765907199,0.));
#5395 = SURFACE_OF_LINEAR_EXTRUSION('',#5396,#5419);
#5396 = B_SPLINE_CURVE_WITH_KNOTS('',3,(#5397,#5398,#5399,#5400,#5401,
    #5402,#5403,#5404,#5405,#5406,#5407,#5408,#5409,#5410,#5411,#5412,
    #5413,#5414,#5415,#5416,#5417,#5418),.UNSPECIFIED.,.F.,.F.,(4,1,1,1,
    1,1,1,1,1,1,1,1,1,1,1,1,1,1,1,4),(0.,4.663242026802E-03,
    1.865277763451E-02,4.196864491748E-02,7.461084931782E-02,
    0.11657939265,0.167874275737,0.228495499025,0.298443062779,
    0.377716967172,0.466317212321,0.564243798312,0.671496725205,
    0.788075993049,0.913981601881,1.049213551729,1.193771842617,
    1.347656474564,1.510867447587,1.683404761698),.UNSPECIFIED.);
#5397 = CARTESIAN_POINT('',(8.413129941996,-0.86258015593,0.));
#5398 = CARTESIAN_POINT('',(8.414678395964,-0.862718156902,0.));
#5399 = CARTESIAN_POINT('',(8.420876171223,-0.863214410927,0.));
#5400 = CARTESIAN_POINT('',(8.434855061993,-0.863851410966,0.));
#5401 = CARTESIAN_POINT('',(8.45817045633,-0.864239212995,0.));
#5402 = CARTESIAN_POINT('',(8.49081483497,-0.863698099831,0.));
#5403 = CARTESIAN_POINT('',(8.532740143744,-0.861641171491,0.));
#5404 = CARTESIAN_POINT('',(8.583872191257,-0.857439528336,0.));
#5405 = CARTESIAN_POINT('',(8.644104276431,-0.850485336875,0.));
#5406 = CARTESIAN_POINT('',(8.713299881152,-0.840169225964,0.));
#5407 = CARTESIAN_POINT('',(8.791291973448,-0.825890432116,0.));
#5408 = CARTESIAN_POINT('',(8.877883607947,-0.807055131123,0.));
#5409 = CARTESIAN_POINT('',(8.972848158637,-0.783078780319,0.));
#5410 = CARTESIAN_POINT('',(9.075929747145,-0.753387109768,0.));
#5411 = CARTESIAN_POINT('',(9.186843680992,-0.717417518559,0.));
#5412 = CARTESIAN_POINT('',(9.305276957123,-0.674620343023,0.));
#5413 = CARTESIAN_POINT('',(9.430888825619,-0.624460030386,0.));
#5414 = CARTESIAN_POINT('',(9.563311358427,-0.566416755608,0.));
#5415 = CARTESIAN_POINT('',(9.702150268696,-0.49998603914,0.));
#5416 = CARTESIAN_POINT('',(9.846984961037,-0.424686444394,0.));
#5417 = CARTESIAN_POINT('',(9.944533292052,-0.369776873856,0.));
#5418 = CARTESIAN_POINT('',(9.994192243323,-0.340765907199,0.));
#5419 = VECTOR('',#5420,1.);
#5420 = DIRECTION('',(-0.,-0.,-1.));
#5421 = ADVANCED_FACE('',(#5422),#5532,.F.);
#5422 = FACE_BOUND('',#5423,.F.);
#5423 = EDGE_LOOP('',(#5424,#5425,#5426,#5427,#5428,#5429,#5430,#5431,
    #5432,#5433,#5434,#5435,#5436,#5437,#5438,#5439,#5440,#5441,#5442,
    #5443,#5444,#5445,#5446,#5447,#5448,#5449,#5450,#5451,#5452,#5453,
    #5454,#5455,#5456,#5457,#5458,#5459,#5460,#5461,#5462,#5463,#5464,
    #5465,#5466,#5467,#5468,#5469,#5470,#5471,#5472,#5473,#5474,#5475,
    #5476,#5477,#5478,#5479,#5480,#5481,#5482,#5483,#5484,#5485,#5486,
    #5487,#5488,#5489,#5490,#5491,#5492,#5493,#5494,#5495,#5496,#5497,
    #5498,#5499,#5500,#5501,#5502,#5503,#5504,#5505,#5506,#5507,#5508,
    #5509,#5510,#5511,#5512,#5513,#5514,#5515,#5516,#5517,#5518,#5519,
    #5520,#5521,#5522,#5523,#5524,#5525,#5526,#5527,#5528,#5529,#5530,
    #5531));
#5424 = ORIENTED_EDGE('',*,*,#47,.T.);
#5425 = ORIENTED_EDGE('',*,*,#97,.T.);
#5426 = ORIENTED_EDGE('',*,*,#168,.T.);
#5427 = ORIENTED_EDGE('',*,*,#199,.T.);
#5428 = ORIENTED_EDGE('',*,*,#230,.T.);
#5429 = ORIENTED_EDGE('',*,*,#280,.T.);
#5430 = ORIENTED_EDGE('',*,*,#350,.T.);
#5431 = ORIENTED_EDGE('',*,*,#400,.T.);
#5432 = ORIENTED_EDGE('',*,*,#470,.T.);
#5433 = ORIENTED_EDGE('',*,*,#500,.T.);
#5434 = ORIENTED_EDGE('',*,*,#530,.T.);
#5435 = ORIENTED_EDGE('',*,*,#580,.T.);
#5436 = ORIENTED_EDGE('',*,*,#650,.T.);
#5437 = ORIENTED_EDGE('',*,*,#700,.T.);
#5438 = ORIENTED_EDGE('',*,*,#770,.T.);
#5439 = ORIENTED_EDGE('',*,*,#800,.T.);
#5440 = ORIENTED_EDGE('',*,*,#830,.T.);
#5441 = ORIENTED_EDGE('',*,*,#880,.T.);
#5442 = ORIENTED_EDGE('',*,*,#950,.T.);
#5443 = ORIENTED_EDGE('',*,*,#1000,.T.);
#5444 = ORIENTED_EDGE('',*,*,#1070,.T.);
#5445 = ORIENTED_EDGE('',*,*,#1100,.T.);
#5446 = ORIENTED_EDGE('',*,*,#1130,.T.);
#5447 = ORIENTED_EDGE('',*,*,#1180,.T.);
#5448 = ORIENTED_EDGE('',*,*,#1250,.T.);
#5449 = ORIENTED_EDGE('',*,*,#1300,.T.);
#5450 = ORIENTED_EDGE('',*,*,#1370,.T.);
#5451 = ORIENTED_EDGE('',*,*,#1400,.T.);
#5452 = ORIENTED_EDGE('',*,*,#1430,.T.);
#5453 = ORIENTED_EDGE('',*,*,#1480,.T.);
#5454 = ORIENTED_EDGE('',*,*,#1550,.T.);
#5455 = ORIENTED_EDGE('',*,*,#1600,.T.);
#5456 = ORIENTED_EDGE('',*,*,#1670,.T.);
#5457 = ORIENTED_EDGE('',*,*,#1700,.T.);
#5458 = ORIENTED_EDGE('',*,*,#1730,.T.);
#5459 = ORIENTED_EDGE('',*,*,#1780,.T.);
#5460 = ORIENTED_EDGE('',*,*,#1850,.T.);
#5461 = ORIENTED_EDGE('',*,*,#1900,.T.);
#5462 = ORIENTED_EDGE('',*,*,#1970,.T.);
#5463 = ORIENTED_EDGE('',*,*,#2000,.T.);
#5464 = ORIENTED_EDGE('',*,*,#2030,.T.);
#5465 = ORIENTED_EDGE('',*,*,#2080,.T.);
#5466 = ORIENTED_EDGE('',*,*,#2150,.T.);
#5467 = ORIENTED_EDGE('',*,*,#2200,.T.);
#5468 = ORIENTED_EDGE('',*,*,#2270,.T.);
#5469 = ORIENTED_EDGE('',*,*,#2300,.T.);
#5470 = ORIENTED_EDGE('',*,*,#2330,.T.);
#5471 = ORIENTED_EDGE('',*,*,#2380,.T.);
#5472 = ORIENTED_EDGE('',*,*,#2450,.T.);
#5473 = ORIENTED_EDGE('',*,*,#2500,.T.);
#5474 = ORIENTED_EDGE('',*,*,#2570,.T.);
#5475 = ORIENTED_EDGE('',*,*,#2600,.T.);
#5476 = ORIENTED_EDGE('',*,*,#2630,.T.);
#5477 = ORIENTED_EDGE('',*,*,#2680,.T.);
#5478 = ORIENTED_EDGE('',*,*,#2750,.T.);
#5479 = ORIENTED_EDGE('',*,*,#2800,.T.);
#5480 = ORIENTED_EDGE('',*,*,#2870,.T.);
#5481 = ORIENTED_EDGE('',*,*,#2900,.T.);
#5482 = ORIENTED_EDGE('',*,*,#2930,.T.);
#5483 = ORIENTED_EDGE('',*,*,#2980,.T.);
#5484 = ORIENTED_EDGE('',*,*,#3050,.T.);
#5485 = ORIENTED_EDGE('',*,*,#3100,.T.);
#5486 = ORIENTED_EDGE('',*,*,#3170,.T.);
#5487 = ORIENTED_EDGE('',*,*,#3200,.T.);
#5488 = ORIENTED_EDGE('',*,*,#3230,.T.);
#5489 = ORIENTED_EDGE('',*,*,#3280,.T.);
#5490 = ORIENTED_EDGE('',*,*,#3350,.T.);
#5491 = ORIENTED_EDGE('',*,*,#3400,.T.);
#5492 = ORIENTED_EDGE('',*,*,#3470,.T.);
#5493 = ORIENTED_EDGE('',*,*,#3500,.T.);
#5494 = ORIENTED_EDGE('',*,*,#3530,.T.);
#5495 = ORIENTED_EDGE('',*,*,#3580,.T.);
#5496 = ORIENTED_EDGE('',*,*,#3650,.T.);
#5497 = ORIENTED_EDGE('',*,*,#3700,.T.);
#5498 = ORIENTED_EDGE('',*,*,#3770,.T.);
#5499 = ORIENTED_EDGE('',*,*,#3800,.T.);
#5500 = ORIENTED_EDGE('',*,*,#3830,.T.);
#5501 = ORIENTED_EDGE('',*,*,#3880,.T.);
#5502 = ORIENTED_EDGE('',*,*,#3950,.T.);
#5503 = ORIENTED_EDGE('',*,*,#4000,.T.);
#5504 = ORIENTED_EDGE('',*,*,#4070,.T.);
#5505 = ORIENTED_EDGE('',*,*,#4100,.T.);
#5506 = ORIENTED_EDGE('',*,*,#4130,.T.);
#5507 = ORIENTED_EDGE('',*,*,#4180,.T.);
#5508 = ORIENTED_EDGE('',*,*,#4250,.T.);
#5509 = ORIENTED_EDGE('',*,*,#4300,.T.);
#5510 = ORIENTED_EDGE('',*,*,#4370,.T.);
#5511 = ORIENTED_EDGE('',*,*,#4400,.T.);
#5512 = ORIENTED_EDGE('',*,*,#4430,.T.);
#5513 = ORIENTED_EDGE('',*,*,#4480,.T.);
#5514 = ORIENTED_EDGE('',*,*,#4550,.T.);
#5515 = ORIENTED_EDGE('',*,*,#4600,.T.);
#5516 = ORIENTED_EDGE('',*,*,#4670,.T.);
#5517 = ORIENTED_EDGE('',*,*,#4700,.T.);
#5518 = ORIENTED_EDGE('',*,*,#4730,.T.);
#5519 = ORIENTED_EDGE('',*,*,#4780,.T.);
#5520 = ORIENTED_EDGE('',*,*,#4850,.T.);
#5521 = ORIENTED_EDGE('',*,*,#4900,.T.);
#5522 = ORIENTED_EDGE('',*,*,#4970,.T.);
#5523 = ORIENTED_EDGE('',*,*,#5000,.T.);
#5524 = ORIENTED_EDGE('',*,*,#5030,.T.);
#5525 = ORIENTED_EDGE('',*,*,#5080,.T.);
#5526 = ORIENTED_EDGE('',*,*,#5150,.T.);
#5527 = ORIENTED_EDGE('',*,*,#5200,.T.);
#5528 = ORIENTED_EDGE('',*,*,#5270,.T.);
#5529 = ORIENTED_EDGE('',*,*,#5300,.T.);
#5530 = ORIENTED_EDGE('',*,*,#5330,.T.);
#5531 = ORIENTED_EDGE('',*,*,#5371,.T.);
#5532 = PLANE('',#5533);
#5533 = AXIS2_PLACEMENT_3D('',#5534,#5535,#5536);
#5534 = CARTESIAN_POINT('',(1.235252597149E-15,-3.376026269466E-15,0.));
#5535 = DIRECTION('',(0.,0.,1.));
#5536 = DIRECTION('',(1.,0.,-0.));
#5537 = ADVANCED_FACE('',(#5538),#5648,.T.);
#5538 = FACE_BOUND('',#5539,.T.);
#5539 = EDGE_LOOP('',(#5540,#5541,#5542,#5543,#5544,#5545,#5546,#5547,
    #5548,#5549,#5550,#5551,#5552,#5553,#5554,#5555,#5556,#5557,#5558,
    #5559,#5560,#5561,#5562,#5563,#5564,#5565,#5566,#5567,#5568,#5569,
    #5570,#5571,#5572,#5573,#5574,#5575,#5576,#5577,#5578,#5579,#5580,
    #5581,#5582,#5583,#5584,#5585,#5586,#5587,#5588,#5589,#5590,#5591,
    #5592,#5593,#5594,#5595,#5596,#5597,#5598,#5599,#5600,#5601,#5602,
    #5603,#5604,#5605,#5606,#5607,#5608,#5609,#5610,#5611,#5612,#5613,
    #5614,#5615,#5616,#5617,#5618,#5619,#5620,#5621,#5622,#5623,#5624,
    #5625,#5626,#5627,#5628,#5629,#5630,#5631,#5632,#5633,#5634,#5635,
    #5636,#5637,#5638,#5639,#5640,#5641,#5642,#5643,#5644,#5645,#5646,
    #5647));
#5540 = ORIENTED_EDGE('',*,*,#31,.T.);
#5541 = ORIENTED_EDGE('',*,*,#62,.T.);
#5542 = ORIENTED_EDGE('',*,*,#152,.T.);
#5543 = ORIENTED_EDGE('',*,*,#183,.T.);
#5544 = ORIENTED_EDGE('',*,*,#214,.T.);
#5545 = ORIENTED_EDGE('',*,*,#245,.T.);
#5546 = ORIENTED_EDGE('',*,*,#335,.T.);
#5547 = ORIENTED_EDGE('',*,*,#365,.T.);
#5548 = ORIENTED_EDGE('',*,*,#455,.T.);
#5549 = ORIENTED_EDGE('',*,*,#485,.T.);
#5550 = ORIENTED_EDGE('',*,*,#515,.T.);
#5551 = ORIENTED_EDGE('',*,*,#545,.T.);
#5552 = ORIENTED_EDGE('',*,*,#635,.T.);
#5553 = ORIENTED_EDGE('',*,*,#665,.T.);
#5554 = ORIENTED_EDGE('',*,*,#755,.T.);
#5555 = ORIENTED_EDGE('',*,*,#785,.T.);
#5556 = ORIENTED_EDGE('',*,*,#815,.T.);
#5557 = ORIENTED_EDGE('',*,*,#845,.T.);
#5558 = ORIENTED_EDGE('',*,*,#935,.T.);
#5559 = ORIENTED_EDGE('',*,*,#965,.T.);
#5560 = ORIENTED_EDGE('',*,*,#1055,.T.);
#5561 = ORIENTED_EDGE('',*,*,#1085,.T.);
#5562 = ORIENTED_EDGE('',*,*,#1115,.T.);
#5563 = ORIENTED_EDGE('',*,*,#1145,.T.);
#5564 = ORIENTED_EDGE('',*,*,#1235,.T.);
#5565 = ORIENTED_EDGE('',*,*,#1265,.T.);
#5566 = ORIENTED_EDGE('',*,*,#1355,.T.);
#5567 = ORIENTED_EDGE('',*,*,#1385,.T.);
#5568 = ORIENTED_EDGE('',*,*,#1415,.T.);
#5569 = ORIENTED_EDGE('',*,*,#1445,.T.);
#5570 = ORIENTED_EDGE('',*,*,#1535,.T.);
#5571 = ORIENTED_EDGE('',*,*,#1565,.T.);
#5572 = ORIENTED_EDGE('',*,*,#1655,.T.);
#5573 = ORIENTED_EDGE('',*,*,#1685,.T.);
#5574 = ORIENTED_EDGE('',*,*,#1715,.T.);
#5575 = ORIENTED_EDGE('',*,*,#1745,.T.);
#5576 = ORIENTED_EDGE('',*,*,#1835,.T.);
#5577 = ORIENTED_EDGE('',*,*,#1865,.T.);
#5578 = ORIENTED_EDGE('',*,*,#1955,.T.);
#5579 = ORIENTED_EDGE('',*,*,#1985,.T.);
#5580 = ORIENTED_EDGE('',*,*,#2015,.T.);
#5581 = ORIENTED_EDGE('',*,*,#2045,.T.);
#5582 = ORIENTED_EDGE('',*,*,#2135,.T.);
#5583 = ORIENTED_EDGE('',*,*,#2165,.T.);
#5584 = ORIENTED_EDGE('',*,*,#2255,.T.);
#5585 = ORIENTED_EDGE('',*,*,#2285,.T.);
#5586 = ORIENTED_EDGE('',*,*,#2315,.T.);
#5587 = ORIENTED_EDGE('',*,*,#2345,.T.);
#5588 = ORIENTED_EDGE('',*,*,#2435,.T.);
#5589 = ORIENTED_EDGE('',*,*,#2465,.T.);
#5590 = ORIENTED_EDGE('',*,*,#2555,.T.);
#5591 = ORIENTED_EDGE('',*,*,#2585,.T.);
#5592 = ORIENTED_EDGE('',*,*,#2615,.T.);
#5593 = ORIENTED_EDGE('',*,*,#2645,.T.);
#5594 = ORIENTED_EDGE('',*,*,#2735,.T.);
#5595 = ORIENTED_EDGE('',*,*,#2765,.T.);
#5596 = ORIENTED_EDGE('',*,*,#2855,.T.);
#5597 = ORIENTED_EDGE('',*,*,#2885,.T.);
#5598 = ORIENTED_EDGE('',*,*,#2915,.T.);
#5599 = ORIENTED_EDGE('',*,*,#2945,.T.);
#5600 = ORIENTED_EDGE('',*,*,#3035,.T.);
#5601 = ORIENTED_EDGE('',*,*,#3065,.T.);
#5602 = ORIENTED_EDGE('',*,*,#3155,.T.);
#5603 = ORIENTED_EDGE('',*,*,#3185,.T.);
#5604 = ORIENTED_EDGE('',*,*,#3215,.T.);
#5605 = ORIENTED_EDGE('',*,*,#3245,.T.);
#5606 = ORIENTED_EDGE('',*,*,#3335,.T.);
#5607 = ORIENTED_EDGE('',*,*,#3365,.T.);
#5608 = ORIENTED_EDGE('',*,*,#3455,.T.);
#5609 = ORIENTED_EDGE('',*,*,#3485,.T.);
#5610 = ORIENTED_EDGE('',*,*,#3515,.T.);
#5611 = ORIENTED_EDGE('',*,*,#3545,.T.);
#5612 = ORIENTED_EDGE('',*,*,#3635,.T.);
#5613 = ORIENTED_EDGE('',*,*,#3665,.T.);
#5614 = ORIENTED_EDGE('',*,*,#3755,.T.);
#5615 = ORIENTED_EDGE('',*,*,#3785,.T.);
#5616 = ORIENTED_EDGE('',*,*,#3815,.T.);
#5617 = ORIENTED_EDGE('',*,*,#3845,.T.);
#5618 = ORIENTED_EDGE('',*,*,#3935,.T.);
#5619 = ORIENTED_EDGE('',*,*,#3965,.T.);
#5620 = ORIENTED_EDGE('',*,*,#4055,.T.);
#5621 = ORIENTED_EDGE('',*,*,#4085,.T.);
#5622 = ORIENTED_EDGE('',*,*,#4115,.T.);
#5623 = ORIENTED_EDGE('',*,*,#4145,.T.);
#5624 = ORIENTED_EDGE('',*,*,#4235,.T.);
#5625 = ORIENTED_EDGE('',*,*,#4265,.T.);
#5626 = ORIENTED_EDGE('',*,*,#4355,.T.);
#5627 = ORIENTED_EDGE('',*,*,#4385,.T.);
#5628 = ORIENTED_EDGE('',*,*,#4415,.T.);
#5629 = ORIENTED_EDGE('',*,*,#4445,.T.);
#5630 = ORIENTED_EDGE('',*,*,#4535,.T.);
#5631 = ORIENTED_EDGE('',*,*,#4565,.T.);
#5632 = ORIENTED_EDGE('',*,*,#4655,.T.);
#5633 = ORIENTED_EDGE('',*,*,#4685,.T.);
#5634 = ORIENTED_EDGE('',*,*,#4715,.T.);
#5635 = ORIENTED_EDGE('',*,*,#4745,.T.);
#5636 = ORIENTED_EDGE('',*,*,#4835,.T.);
#5637 = ORIENTED_EDGE('',*,*,#4865,.T.);
#5638 = ORIENTED_EDGE('',*,*,#4955,.T.);
#5639 = ORIENTED_EDGE('',*,*,#4985,.T.);
#5640 = ORIENTED_EDGE('',*,*,#5015,.T.);
#5641 = ORIENTED_EDGE('',*,*,#5045,.T.);
#5642 = ORIENTED_EDGE('',*,*,#5135,.T.);
#5643 = ORIENTED_EDGE('',*,*,#5165,.T.);
#5644 = ORIENTED_EDGE('',*,*,#5255,.T.);
#5645 = ORIENTED_EDGE('',*,*,#5285,.T.);
#5646 = ORIENTED_EDGE('',*,*,#5315,.T.);
#5647 = ORIENTED_EDGE('',*,*,#5345,.T.);
#5648 = PLANE('',#5649);
#5649 = AXIS2_PLACEMENT_3D('',#5650,#5651,#5652);
#5650 = CARTESIAN_POINT('',(1.235252597149E-15,-3.376026269466E-15,5.));
#5651 = DIRECTION('',(0.,0.,1.));
#5652 = DIRECTION('',(1.,0.,-0.));
#5653 = ( GEOMETRIC_REPRESENTATION_CONTEXT(3) 
GLOBAL_UNCERTAINTY_ASSIGNED_CONTEXT((#5657)) 
GLOBAL_UNIT_ASSIGNED_CONTEXT((#5654,#5655,#5656)) REPRESENTATION_CONTEXT
('Context #1','3D Context with UNIT and UNCERTAINTY') );
#5654 = ( LENGTH_UNIT() NAMED_UNIT(*) SI_UNIT(.MILLI.,.METRE.) );
#5655 = ( NAMED_UNIT(*) PLANE_ANGLE_UNIT() SI_UNIT($,.RADIAN.) );
#5656 = ( NAMED_UNIT(*) SI_UNIT($,.STERADIAN.) SOLID_ANGLE_UNIT() );
#5657 = UNCERTAINTY_MEASURE_WITH_UNIT(LENGTH_MEASURE(1.E-07),#5654,
  'distance_accuracy_value','confusion accuracy');
#5658 = PRODUCT_RELATED_PRODUCT_CATEGORY('part',$,(#7));
#5659 = MECHANICAL_DESIGN_GEOMETRIC_PRESENTATION_REPRESENTATION('',(
    #5660),#5653);
#5660 = STYLED_ITEM('color',(#5661),#15);
#5661 = PRESENTATION_STYLE_ASSIGNMENT((#5662,#5668));
#5662 = SURFACE_STYLE_USAGE(.BOTH.,#5663);
#5663 = SURFACE_SIDE_STYLE('',(#5664));
#5664 = SURFACE_STYLE_FILL_AREA(#5665);
#5665 = FILL_AREA_STYLE('',(#5666));
#5666 = FILL_AREA_STYLE_COLOUR('',#5667);
#5667 = COLOUR_RGB('',0.447059003357,0.474510015008,0.501960993452);
#5668 = CURVE_STYLE('',#5669,POSITIVE_LENGTH_MEASURE(0.1),#5670);
#5669 = DRAUGHTING_PRE_DEFINED_CURVE_FONT('continuous');
#5670 = COLOUR_RGB('',9.803921802644E-02,9.803921802644E-02,
  9.803921802644E-02);
ENDSEC;
END-ISO-10303-21;
