ISO-10303-21;
HEADER;
FILE_DESCRIPTION (( 'STEP AP214' ),
    '1' );
FILE_NAME ('smallmodif00.STEP',
    '2026-08-31T09:18:57',
    ( '' ),
    ( '' ),
    'SwSTEP 2.0',
    'SolidWorks 2026',
    '' );
FILE_SCHEMA (( 'AUTOMOTIVE_DESIGN' ));
ENDSEC;

DATA;
#1 = EDGE_CURVE ( 'NONE', #1686, #2077, #1127, .T. ) ;
#2 = PLANE ( 'NONE',  #3502 ) ;
#3 = ORIENTED_EDGE ( 'NONE', *, *, #1663, .F. ) ;
#4 = VECTOR ( 'NONE', #691, 1000.000000000000000 ) ;
#5 = EDGE_CURVE ( 'NONE', #1929, #440, #921, .T. ) ;
#6 = ORIENTED_EDGE ( 'NONE', *, *, #3199, .F. ) ;
#7 = VECTOR ( 'NONE', #733, 1000.000000000000000 ) ;
#8 = CARTESIAN_POINT ( 'NONE',  ( 78.63922119140620737, 101.7866973876950141, 2.049888610839839753 ) ) ;
#9 = ORIENTED_EDGE ( 'NONE', *, *, #3329, .T. ) ;
#10 = VERTEX_POINT ( 'NONE', #2592 ) ;
#11 = DIRECTION ( 'NONE',  ( -0.3826798146995750161, 0.000000000000000000, -0.9238810309891090089 ) ) ;
#12 = ORIENTED_EDGE ( 'NONE', *, *, #3276, .T. ) ;
#13 = LINE ( 'NONE', #855, #3205 ) ;
#14 = DIRECTION ( 'NONE',  ( 0.000000000000000000, -0.7499561242442090991, -0.6614875748709151404 ) ) ;
#15 = LINE ( 'NONE', #3056, #3087 ) ;
#16 = DIRECTION ( 'NONE',  ( -0.4999999809210191049, 0.000000000000000000, 0.8660254147996931939 ) ) ;
#17 = LINE ( 'NONE', #809, #2152 ) ;
#18 = ORIENTED_EDGE ( 'NONE', *, *, #3115, .F. ) ;
#19 = EDGE_CURVE ( 'NONE', #62, #1087, #1479, .T. ) ;
#20 = VERTEX_POINT ( 'NONE', #60 ) ;
#21 = EDGE_CURVE ( 'NONE', #1534, #3116, #1457, .T. ) ;
#22 = CARTESIAN_POINT ( 'NONE',  ( 84.05343627929690342, 109.7866973876949999, 3.464101791381839934 ) ) ;
#23 = ORIENTED_EDGE ( 'NONE', *, *, #601, .F. ) ;
#24 = EDGE_LOOP ( 'NONE', ( #382, #814, #205, #2060 ) ) ;
#25 = EDGE_CURVE ( 'NONE', #2237, #2343, #2277, .T. ) ;
#26 = PLANE ( 'NONE',  #2435 ) ;
#27 = ADVANCED_FACE ( 'NONE', ( #643 ), #618, .T. ) ;
#28 = ORIENTED_EDGE ( 'NONE', *, *, #1444, .F. ) ;
#29 = ORIENTED_EDGE ( 'NONE', *, *, #2734, .T. ) ;
#30 = SURFACE_SIDE_STYLE ('',( #1117 ) ) ;
#31 = ORIENTED_EDGE ( 'NONE', *, *, #973, .T. ) ;
#32 = CARTESIAN_POINT ( 'NONE',  ( 84.55343627929690342, 101.7866973876950141, 22.99834838098309930 ) ) ;
#33 = DIRECTION ( 'NONE',  ( 0.000000000000000000, 1.000000000000000000, -1.665334536937729880E-16 ) ) ;
#34 = DIRECTION ( 'NONE',  ( -1.776356839400250070E-15, 1.000000000000000000, 6.661338147750940229E-16 ) ) ;
#35 = ORIENTED_EDGE ( 'NONE', *, *, #3236, .T. ) ;
#36 = ORIENTED_EDGE ( 'NONE', *, *, #3036, .F. ) ;
#37 = DIRECTION ( 'NONE',  ( 0.000000000000000000, 0.000000000000000000, -1.000000000000000000 ) ) ;
#38 = LINE ( 'NONE', #2239, #1439 ) ;
#39 = VERTEX_POINT ( 'NONE', #1967 ) ;
#40 = EDGE_CURVE ( 'NONE', #1621, #3306, #663, .T. ) ;
#41 = ORIENTED_EDGE ( 'NONE', *, *, #1419, .F. ) ;
#42 = PLANE ( 'NONE',  #121 ) ;
#43 = CARTESIAN_POINT ( 'NONE',  ( 74.51279113769530227, 102.1145420074760040, 21.66047573083089972 ) ) ;
#44 = ORIENTED_EDGE ( 'NONE', *, *, #368, .T. ) ;
#45 = EDGE_CURVE ( 'NONE', #1840, #1297, #1214, .T. ) ;
#46 = ORIENTED_EDGE ( 'NONE', *, *, #2451, .F. ) ;
#47 = DIRECTION ( 'NONE',  ( -0.6087566003318541918, 0.000000000000000000, 0.7933570454419643925 ) ) ;
#48 = CARTESIAN_POINT ( 'NONE',  ( 75.55343627929690342, 105.1757812500000000, 8.920721054077150214 ) ) ;
#49 = CARTESIAN_POINT ( 'NONE',  ( 81.46765136718750000, 109.7866973876949999, 4.878314971923830790 ) ) ;
#50 = VECTOR ( 'NONE', #2804, 1000.000000000000000 ) ;
#51 = AXIS2_PLACEMENT_3D ( 'NONE', #603, #2018, #2819 ) ;
#52 = FACE_BOUND ( 'NONE', #2560, .T. ) ;
#53 = ORIENTED_EDGE ( 'NONE', *, *, #698, .F. ) ;
#54 = VECTOR ( 'NONE', #366, 1000.000000000000000 ) ;
#55 = PLANE ( 'NONE',  #2158 ) ;
#56 = ADVANCED_FACE ( 'NONE', ( #1714 ), #1731, .T. ) ;
#57 =( GEOMETRIC_REPRESENTATION_CONTEXT ( 3 ) GLOBAL_UNCERTAINTY_ASSIGNED_CONTEXT ( ( #2356 ) ) GLOBAL_UNIT_ASSIGNED_CONTEXT ( ( #2793, #2197, #1665 ) ) REPRESENTATION_CONTEXT ( 'NONE', 'WORKASPACE' ) );
#58 = AXIS2_PLACEMENT_3D ( 'NONE', #3286, #792, #2728 ) ;
#59 = ORIENTED_EDGE ( 'NONE', *, *, #2852, .F. ) ;
#60 = CARTESIAN_POINT ( 'NONE',  ( 74.51279113769530227, 107.9337940216470031, 19.17189693449130061 ) ) ;
#61 = PLANE ( 'NONE',  #3313 ) ;
#62 = VERTEX_POINT ( 'NONE', #2313 ) ;
#63 = VERTEX_POINT ( 'NONE', #1759 ) ;
#64 = PLANE ( 'NONE',  #3207 ) ;
#65 = CARTESIAN_POINT ( 'NONE',  ( 107.7985601806639977, 101.7866973876950141, -8.881784197001250351E-16 ) ) ;
#66 = ORIENTED_EDGE ( 'NONE', *, *, #2468, .T. ) ;
#67 = EDGE_CURVE ( 'NONE', #570, #229, #2043, .T. ) ;
#68 = ORIENTED_EDGE ( 'NONE', *, *, #2203, .F. ) ;
#69 = CARTESIAN_POINT ( 'NONE',  ( 116.7863073730469949, 101.7866973876950141, 14.96409320828179190 ) ) ;
#70 = CARTESIAN_POINT ( 'NONE',  ( 110.5665121459960005, 101.7866973876950141, 2.464101791381839934 ) ) ;
#71 = DIRECTION ( 'NONE',  ( -1.776356839400250070E-15, 1.000000000000000000, 6.661338147750940229E-16 ) ) ;
#72 = EDGE_CURVE ( 'NONE', #10, #2739, #2295, .T. ) ;
#73 = EDGE_CURVE ( 'NONE', #925, #2512, #3414, .T. ) ;
#74 = CARTESIAN_POINT ( 'NONE',  ( 114.0306158447269951, 109.7866973876949999, 2.464101791381839934 ) ) ;
#75 = ORIENTED_EDGE ( 'NONE', *, *, #2529, .F. ) ;
#76 = CARTESIAN_POINT ( 'NONE',  ( 111.2985601806639977, 109.7866973876949999, 1.732050895690919967 ) ) ;
#77 = ADVANCED_FACE ( 'NONE', ( #863 ), #2882, .T. ) ;
#78 = CARTESIAN_POINT ( 'NONE',  ( 78.05343627929690342, 109.7866973876949999, 0.000000000000000000 ) ) ;
#79 = EDGE_CURVE ( 'NONE', #1920, #1198, #2803, .T. ) ;
#80 = CARTESIAN_POINT ( 'NONE',  ( 111.7809210205080035, 109.7866973876949999, 5.395953178405759942 ) ) ;
#81 = EDGE_LOOP ( 'NONE', ( #3300, #869, #157, #2467, #331, #398, #1096, #2024 ) ) ;
#82 = DIRECTION ( 'NONE',  ( 0.000000000000000000, -0.9998385936029986487, -0.01796626677909329492 ) ) ;
#83 =( BOUNDED_CURVE ( )  B_SPLINE_CURVE ( 3, ( #774, #2660, #1599, #1566 ),
 .UNSPECIFIED., .F., .T. ) 
 B_SPLINE_CURVE_WITH_KNOTS ( ( 4, 4 ),
 ( -1.000000000000000000, 0.000000000000000000 ),
 .UNSPECIFIED. ) 
 CURVE ( )  GEOMETRIC_REPRESENTATION_ITEM ( )  RATIONAL_B_SPLINE_CURVE ( ( 1.000000000000000000, 0.9935900438396230161, 0.9935900438396230161, 1.000000000000000000 ) ) 
 REPRESENTATION_ITEM ( '' )  );
#84 = CARTESIAN_POINT ( 'NONE',  ( 113.2985601806639977, 109.7866973876949999, 1.732050895690919967 ) ) ;
#85 = VERTEX_POINT ( 'NONE', #375 ) ;
#86 = EDGE_LOOP ( 'NONE', ( #1320, #2068, #3381, #2597 ) ) ;
#87 = PLANE ( 'NONE',  #1971 ) ;
#88 = DIRECTION ( 'NONE',  ( 0.000000000000000000, 1.000000000000000000, 1.614869854000229959E-16 ) ) ;
#89 = EDGE_LOOP ( 'NONE', ( #1323, #2717, #2283, #213 ) ) ;
#90 = EDGE_LOOP ( 'NONE', ( #326, #1659, #362, #1006 ) ) ;
#91 = LINE ( 'NONE', #69, #239 ) ;
#92 = DIRECTION ( 'NONE',  ( -0.3826798146995759042, 0.000000000000000000, -0.9238810309891086758 ) ) ;
#93 = DIRECTION ( 'NONE',  ( 0.7933539883817068983, 0.000000000000000000, 0.6087605843998430410 ) ) ;
#94 = LINE ( 'NONE', #1532, #2679 ) ;
#95 = ORIENTED_EDGE ( 'NONE', *, *, #3118, .F. ) ;
#96 = ADVANCED_FACE ( 'NONE', ( #391 ), #1497, .T. ) ;
#97 = DIRECTION ( 'NONE',  ( -1.776356839400250070E-15, 1.000000000000000000, -1.554312234475220143E-15 ) ) ;
#98 = EDGE_CURVE ( 'NONE', #1071, #1184, #1236, .T. ) ;
#99 = ORIENTED_EDGE ( 'NONE', *, *, #2751, .T. ) ;
#100 = DIRECTION ( 'NONE',  ( 0.000000000000000000, -0.6994789162168121299, 0.7146532346307221673 ) ) ;
#101 = CARTESIAN_POINT ( 'NONE',  ( 74.51279113769530227, 103.0119571686189914, 22.70369815819989867 ) ) ;
#102 = ORIENTED_EDGE ( 'NONE', *, *, #3575, .T. ) ;
#103 = ORIENTED_EDGE ( 'NONE', *, *, #3392, .F. ) ;
#104 = CARTESIAN_POINT ( 'NONE',  ( 116.7985601806640119, 110.5573544486990016, 10.79571912687470103 ) ) ;
#105 = CYLINDRICAL_SURFACE ( 'NONE', #2375, 2.750000000000002665 ) ;
#106 = VERTEX_POINT ( 'NONE', #1155 ) ;
#107 = ORIENTED_EDGE ( 'NONE', *, *, #776, .F. ) ;
#108 = LINE ( 'NONE', #1466, #1512 ) ;
#109 = CARTESIAN_POINT ( 'NONE',  ( 113.7127752685550064, 109.7866973876949999, 4.878314971923830790 ) ) ;
#110 = LINE ( 'NONE', #1228, #3090 ) ;
#111 = VECTOR ( 'NONE', #1183, 1000.000000000000000 ) ;
#112 = CARTESIAN_POINT ( 'NONE',  ( 74.51279113769530227, 104.0056629181370056, 22.99634838098310041 ) ) ;
#113 = PLANE ( 'NONE',  #1569 ) ;
#114 = AXIS2_PLACEMENT_3D ( 'NONE', #2041, #3162, #1776 ) ;
#115 = FACE_OUTER_BOUND ( 'NONE', #666, .T. ) ;
#116 = VECTOR ( 'NONE', #903, 1000.000000000000000 ) ;
#117 = VECTOR ( 'NONE', #2986, 1000.000000000000000 ) ;
#118 = ADVANCED_FACE ( 'NONE', ( #2255 ), #3378, .T. ) ;
#119 =( GEOMETRIC_REPRESENTATION_CONTEXT ( 3 ) GLOBAL_UNCERTAINTY_ASSIGNED_CONTEXT ( ( #2979 ) ) GLOBAL_UNIT_ASSIGNED_CONTEXT ( ( #3561, #1551, #458 ) ) REPRESENTATION_CONTEXT ( 'NONE', 'WORKASPACE' ) );
#120 = EDGE_LOOP ( 'NONE', ( #2436, #158, #2476, #1602 ) ) ;
#121 = AXIS2_PLACEMENT_3D ( 'NONE', #2789, #2214, #1161 ) ;
#122 = DIRECTION ( 'NONE',  ( -1.000000000000000000, 0.000000000000000000, 0.000000000000000000 ) ) ;
#123 = EDGE_CURVE ( 'NONE', #2580, #1253, #2632, .T. ) ;
#124 = DIRECTION ( 'NONE',  ( 2.110926372141859940E-15, 0.000000000000000000, -1.000000000000000000 ) ) ;
#125 = VECTOR ( 'NONE', #3326, 1000.000000000000000 ) ;
#126 = ORIENTED_EDGE ( 'NONE', *, *, #25, .T. ) ;
#127 = VECTOR ( 'NONE', #388, 1000.000000000000000 ) ;
#128 = ORIENTED_EDGE ( 'NONE', *, *, #1562, .T. ) ;
#129 = AXIS2_PLACEMENT_3D ( 'NONE', #1790, #2603, #351 ) ;
#130 = DIRECTION ( 'NONE',  ( 0.000000000000000000, -1.000000000000000000, 0.000000000000000000 ) ) ;
#131 = DIRECTION ( 'NONE',  ( -0.9914448304674222667, 0.000000000000000000, 0.1305264269771610197 ) ) ;
#132 = VECTOR ( 'NONE', #1024, 1000.000000000000000 ) ;
#133 = ORIENTED_EDGE ( 'NONE', *, *, #564, .T. ) ;
#134 = EDGE_CURVE ( 'NONE', #983, #893, #1290, .T. ) ;
#135 = ORIENTED_EDGE ( 'NONE', *, *, #3532, .F. ) ;
#136 = DIRECTION ( 'NONE',  ( 0.3826851378009850091, 0.000000000000000000, -0.9238788260947650155 ) ) ;
#137 = VECTOR ( 'NONE', #3409, 1000.000000000000227 ) ;
#138 = CARTESIAN_POINT ( 'NONE',  ( 110.0741113302869820, 110.0216071502809001, 6.539446750430579769 ) ) ;
#139 = CARTESIAN_POINT ( 'NONE',  ( 110.8843527221680034, 109.7866973876949999, 4.878314971923830790 ) ) ;
#140 = DIRECTION ( 'NONE',  ( 0.000000000000000000, -0.01796626677909329492, 0.9998385936029987597 ) ) ;
#141 = LINE ( 'NONE', #2627, #2966 ) ;
#142 = CARTESIAN_POINT ( 'NONE',  ( 110.5665121459960005, 101.7866973876950141, 2.464101791381830164 ) ) ;
#143 = EDGE_LOOP ( 'NONE', ( #2421, #2168, #1962, #1829, #636, #128, #3350, #3182, #1538, #3079, #342, #2378, #2502, #1195, #2178, #280, #1729, #1145, #607, #2594, #3423, #1619, #2919, #2338 ) ) ;
#144 = ORIENTED_EDGE ( 'NONE', *, *, #949, .T. ) ;
#145 = LINE ( 'NONE', #1255, #3251 ) ;
#146 = CARTESIAN_POINT ( 'NONE',  ( 80.57107543945309658, 109.7866973876949999, 1.532249450683589975 ) ) ;
#147 = ORIENTED_EDGE ( 'NONE', *, *, #1543, .F. ) ;
#148 = EDGE_CURVE ( 'NONE', #3360, #1941, #1554, .T. ) ;
#149 = DIRECTION ( 'NONE',  ( 0.000000000000000000, -1.000000000000000000, 0.000000000000000000 ) ) ;
#150 = CARTESIAN_POINT ( 'NONE',  ( 107.7985601806639977, 108.1757812500000000, 9.420721054077150214 ) ) ;
#151 = PRODUCT_DEFINITION_SHAPE ( 'NONE', 'NONE',  #3307 ) ;
#152 = ORIENTED_EDGE ( 'NONE', *, *, #430, .F. ) ;
#153 = EDGE_CURVE ( 'NONE', #3172, #2067, #978, .T. ) ;
#154 = CARTESIAN_POINT ( 'NONE',  ( 109.9877825700690011, 109.7866973876949999, 6.389920943971089784 ) ) ;
#155 = CARTESIAN_POINT ( 'NONE',  ( 116.2985601806640119, 109.7866973876949999, 3.464101791381839934 ) ) ;
#156 = CARTESIAN_POINT ( 'NONE',  ( 114.2985601806640119, 112.7866973876949999, 6.928203582763670987 ) ) ;
#157 = ORIENTED_EDGE ( 'NONE', *, *, #3221, .T. ) ;
#158 = ORIENTED_EDGE ( 'NONE', *, *, #1054, .T. ) ;
#159 = DIRECTION ( 'NONE',  ( -0.9914448304674222667, 0.000000000000000000, -0.1305264269771610197 ) ) ;
#160 = DIRECTION ( 'NONE',  ( 0.000000000000000000, -0.8105607409980494227, 0.5856545783588592569 ) ) ;
#161 = VERTEX_POINT ( 'NONE', #1536 ) ;
#162 = CARTESIAN_POINT ( 'NONE',  ( 113.7127752685550064, 101.7866973876950141, 2.049888610839849967 ) ) ;
#163 = DIRECTION ( 'NONE',  ( 0.4999999809210190493, 0.000000000000000000, 0.8660254147996930829 ) ) ;
#164 = EDGE_CURVE ( 'NONE', #1535, #1721, #1015, .T. ) ;
#165 = ORIENTED_EDGE ( 'NONE', *, *, #272, .T. ) ;
#166 = DIRECTION ( 'NONE',  ( 1.000000000000000000, 0.000000000000000000, 0.000000000000000000 ) ) ;
#167 = DIRECTION ( 'NONE',  ( 0.000000000000000000, -0.8614417473514212054, -0.5078563930090180811 ) ) ;
#168 = EDGE_CURVE ( 'NONE', #3337, #617, #281, .T. ) ;
#169 = FACE_BOUND ( 'NONE', #1906, .T. ) ;
#170 = FACE_OUTER_BOUND ( 'NONE', #1499, .T. ) ;
#171 = VECTOR ( 'NONE', #695, 1000.000000000000000 ) ;
#172 = DIRECTION ( 'NONE',  ( 0.9238788260947650155, 0.000000000000000000, 0.3826851378009850091 ) ) ;
#173 = CARTESIAN_POINT ( 'NONE',  ( 75.55343627929690342, 110.1203308105469887, 11.36526489257810013 ) ) ;
#174 = EDGE_LOOP ( 'NONE', ( #1780, #2324, #592, #1848 ) ) ;
#175 = VECTOR ( 'NONE', #1779, 1000.000000000000114 ) ;
#176 = LINE ( 'NONE', #507, #3608 ) ;
#177 = VECTOR ( 'NONE', #2166, 1000.000000000000114 ) ;
#178 = VECTOR ( 'NONE', #209, 1000.000000000000000 ) ;
#179 = VECTOR ( 'NONE', #1689, 1000.000000000000000 ) ;
#180 = VECTOR ( 'NONE', #2506, 1000.000000000000114 ) ;
#181 = ORIENTED_EDGE ( 'NONE', *, *, #2874, .F. ) ;
#182 = DIRECTION ( 'NONE',  ( 0.000000000000000000, -1.000000000000000000, -5.693113272194070217E-32 ) ) ;
#183 = VECTOR ( 'NONE', #3011, 1000.000000000000000 ) ;
#184 = CARTESIAN_POINT ( 'NONE',  ( 111.2985601806639977, 109.7866973876949999, 1.732050895690919967 ) ) ;
#185 = VECTOR ( 'NONE', #353, 1000.000000000000000 ) ;
#186 = VERTEX_POINT ( 'NONE', #701 ) ;
#187 = AXIS2_PLACEMENT_3D ( 'NONE', #422, #734, #505 ) ;
#188 = CARTESIAN_POINT ( 'NONE',  ( 117.7227911376949976, 103.6627063751670050, 22.99018573754839778 ) ) ;
#189 = CARTESIAN_POINT ( 'NONE',  ( 117.7227911376949976, 99.53611373896720238, 14.96409320826940181 ) ) ;
#190 = EDGE_CURVE ( 'NONE', #1385, #2554, #2921, .T. ) ;
#191 = VECTOR ( 'NONE', #2914, 1000.000000000000114 ) ;
#192 = LINE ( 'NONE', #1299, #697 ) ;
#193 = CARTESIAN_POINT ( 'NONE',  ( 74.51279113769530227, 99.53611373896720238, 14.96409320826940181 ) ) ;
#194 = ADVANCED_FACE ( 'NONE', ( #1896 ), #2664, .F. ) ;
#195 = EDGE_CURVE ( 'NONE', #2784, #1071, #176, .T. ) ;
#196 = DIRECTION ( 'NONE',  ( 1.000000000000000000, 0.000000000000000000, 0.000000000000000000 ) ) ;
#197 = FACE_OUTER_BOUND ( 'NONE', #246, .T. ) ;
#198 = DIRECTION ( 'NONE',  ( -0.9914448304674222667, 0.000000000000000000, 0.1305264269771610197 ) ) ;
#199 = VERTEX_POINT ( 'NONE', #804 ) ;
#200 = EDGE_CURVE ( 'NONE', #1297, #802, #2724, .T. ) ;
#201 = CARTESIAN_POINT ( 'NONE',  ( 81.98529052734369316, 109.7866973876949999, 3.981739997863770419 ) ) ;
#202 = ORIENTED_EDGE ( 'NONE', *, *, #134, .F. ) ;
#203 = CARTESIAN_POINT ( 'NONE',  ( 110.3667135620120092, 101.7866973876950141, 2.946463584899900123 ) ) ;
#204 = CARTESIAN_POINT ( 'NONE',  ( 110.8843527221680034, 101.7866973876950141, 4.878314971923820131 ) ) ;
#205 = ORIENTED_EDGE ( 'NONE', *, *, #227, .T. ) ;
#206 = DIRECTION ( 'NONE',  ( 0.6087657977601961257, 0.000000000000000000, 0.7933499880112131475 ) ) ;
#207 = PLANE ( 'NONE',  #466 ) ;
#208 = CARTESIAN_POINT ( 'NONE',  ( 107.7985601806639977, 112.7866973876949999, 13.46409320831300072 ) ) ;
#209 = DIRECTION ( 'NONE',  ( 1.000000000000000000, 0.000000000000000000, 0.000000000000000000 ) ) ;
#210 = ORIENTED_EDGE ( 'NONE', *, *, #1211, .F. ) ;
#211 = EDGE_CURVE ( 'NONE', #2621, #254, #1795, .T. ) ;
#212 = LINE ( 'NONE', #718, #2730 ) ;
#213 = ORIENTED_EDGE ( 'NONE', *, *, #1835, .T. ) ;
#214 = CARTESIAN_POINT ( 'NONE',  ( 110.5665121459960005, 109.7866973876949999, 4.464101791381840378 ) ) ;
#215 = EDGE_CURVE ( 'NONE', #512, #2301, #1349, .T. ) ;
#216 = ORIENTED_EDGE ( 'NONE', *, *, #2875, .F. ) ;
#217 = CARTESIAN_POINT ( 'NONE',  ( 114.6093377912599891, 109.7866973876949999, 6.389920943971089784 ) ) ;
#218 = CARTESIAN_POINT ( 'NONE',  ( 111.2985601806639977, 109.7866973876949999, 5.196151733398440165 ) ) ;
#219 = VERTEX_POINT ( 'NONE', #2181 ) ;
#220 = CARTESIAN_POINT ( 'NONE',  ( 117.7227911376949976, 104.0056629181370056, 22.99634838098310041 ) ) ;
#221 = LINE ( 'NONE', #1329, #2329 ) ;
#222 = FACE_OUTER_BOUND ( 'NONE', #1571, .T. ) ;
#223 = DIRECTION ( 'NONE',  ( 0.000000000000000000, 1.000000000000000000, 0.000000000000000000 ) ) ;
#224 = VERTEX_POINT ( 'NONE', #3219 ) ;
#225 = PLANE ( 'NONE',  #2095 ) ;
#226 = ORIENTED_EDGE ( 'NONE', *, *, #2898, .T. ) ;
#227 = EDGE_CURVE ( 'NONE', #1101, #1158, #2454, .T. ) ;
#228 = VECTOR ( 'NONE', #2300, 1000.000000000000000 ) ;
#229 = VERTEX_POINT ( 'NONE', #1270 ) ;
#230 = EDGE_CURVE ( 'NONE', #2067, #2739, #2371, .T. ) ;
#231 = DIRECTION ( 'NONE',  ( 0.000000000000000000, -1.000000000000000000, 0.000000000000000000 ) ) ;
#232 = VECTOR ( 'NONE', #1046, 1000.000000000000000 ) ;
#233 = CARTESIAN_POINT ( 'NONE',  ( 81.78548431396480112, 101.7866973876950141, 4.464101791381840378 ) ) ;
#234 = VECTOR ( 'NONE', #1196, 1000.000000000000000 ) ;
#235 = ORIENTED_EDGE ( 'NONE', *, *, #3236, .F. ) ;
#236 = VECTOR ( 'NONE', #347, 1000.000000000000227 ) ;
#237 = LINE ( 'NONE', #489, #822 ) ;
#238 = ADVANCED_FACE ( 'NONE', ( #2061 ), #3474, .F. ) ;
#239 = VECTOR ( 'NONE', #383, 1000.000000000000000 ) ;
#240 = VECTOR ( 'NONE', #852, 999.9999999999998863 ) ;
#241 = DIRECTION ( 'NONE',  ( -1.000000000000000000, 0.000000000000000000, 0.000000000000000000 ) ) ;
#242 = DIRECTION ( 'NONE',  ( -1.000000000000000000, 0.000000000000000000, 0.000000000000000000 ) ) ;
#243 = DIRECTION ( 'NONE',  ( 0.000000000000000000, -1.000000000000000000, 0.000000000000000000 ) ) ;
#244 = CARTESIAN_POINT ( 'NONE',  ( 117.7227911376949976, 104.3597812653059975, 22.91554927820239840 ) ) ;
#245 = VECTOR ( 'NONE', #2987, 1000.000000000000114 ) ;
#246 = EDGE_LOOP ( 'NONE', ( #269, #317, #1875, #3084 ) ) ;
#247 = FACE_OUTER_BOUND ( 'NONE', #2823, .T. ) ;
#248 = ORIENTED_EDGE ( 'NONE', *, *, #1305, .F. ) ;
#249 = LINE ( 'NONE', #1918, #944 ) ;
#250 = EDGE_CURVE ( 'NONE', #254, #943, #2901, .T. ) ;
#251 = ORIENTED_EDGE ( 'NONE', *, *, #2431, .F. ) ;
#252 = DIRECTION ( 'NONE',  ( 0.6087657977601961257, 0.000000000000000000, 0.7933499880112131475 ) ) ;
#253 = PLANE ( 'NONE',  #2666 ) ;
#254 = VERTEX_POINT ( 'NONE', #1521 ) ;
#255 = EDGE_CURVE ( 'NONE', #1416, #871, #145, .T. ) ;
#256 = ORIENTED_EDGE ( 'NONE', *, *, #1279, .T. ) ;
#257 = FACE_OUTER_BOUND ( 'NONE', #86, .T. ) ;
#258 = CARTESIAN_POINT ( 'NONE',  ( 117.7227911376949976, 102.7031497955689900, 22.43131923669040262 ) ) ;
#259 = ORIENTED_EDGE ( 'NONE', *, *, #2567, .T. ) ;
#260 = EDGE_CURVE ( 'NONE', #3365, #3170, #1367, .T. ) ;
#261 = CARTESIAN_POINT ( 'NONE',  ( 107.7985601806639977, 108.1757812500000000, 9.420721054077150214 ) ) ;
#262 = CARTESIAN_POINT ( 'NONE',  ( 84.05343627929690342, 112.7866973876949999, 3.464101791381839934 ) ) ;
#263 = DIRECTION ( 'NONE',  ( 0.000000000000000000, -0.7933529235767839971, -0.6087619720811819901 ) ) ;
#264 = LINE ( 'NONE', #1371, #2387 ) ;
#265 = ORIENTED_EDGE ( 'NONE', *, *, #2655, .F. ) ;
#266 = ORIENTED_EDGE ( 'NONE', *, *, #2613, .F. ) ;
#267 = LINE ( 'NONE', #2735, #183 ) ;
#268 = CARTESIAN_POINT ( 'NONE',  ( 114.2985601806640119, 112.7866973876949999, 6.928203582763670987 ) ) ;
#269 = ORIENTED_EDGE ( 'NONE', *, *, #727, .F. ) ;
#270 = DIRECTION ( 'NONE',  ( 1.000000000000000000, 0.000000000000000000, 0.000000000000000000 ) ) ;
#271 = EDGE_LOOP ( 'NONE', ( #3026, #1987, #977, #594 ) ) ;
#272 = EDGE_CURVE ( 'NONE', #333, #646, #3093, .T. ) ;
#273 = CARTESIAN_POINT ( 'NONE',  ( 74.51279113769530227, 106.2732944488989943, 21.39736461635580156 ) ) ;
#274 = CARTESIAN_POINT ( 'NONE',  ( 78.32138824462889204, 109.7866973876949999, 4.464101791381840378 ) ) ;
#275 = EDGE_CURVE ( 'NONE', #2569, #2809, #1169, .T. ) ;
#276 = FACE_OUTER_BOUND ( 'NONE', #2533, .T. ) ;
#277 = CARTESIAN_POINT ( 'NONE',  ( 116.2985601806640119, 112.7866973876949999, 3.464101791381839934 ) ) ;
#278 = ORIENTED_EDGE ( 'NONE', *, *, #746, .T. ) ;
#279 = PRODUCT_DEFINITION_CONTEXT ( 'detailed design', #2912, 'design' ) ;
#280 = ORIENTED_EDGE ( 'NONE', *, *, #215, .T. ) ;
#281 = LINE ( 'NONE', #2103, #696 ) ;
#282 = DIRECTION ( 'NONE',  ( 0.9238758645718683216, 0.000000000000000000, -0.3826922874341511238 ) ) ;
#283 = VECTOR ( 'NONE', #2174, 1000.000000000000000 ) ;
#284 = EDGE_LOOP ( 'NONE', ( #953, #2636, #2457, #2108 ) ) ;
#285 = VECTOR ( 'NONE', #2352, 1000.000000000000000 ) ;
#286 = EDGE_LOOP ( 'NONE', ( #566, #1126, #1472, #3004 ) ) ;
#287 = CARTESIAN_POINT ( 'NONE',  ( 74.51279113769530227, 103.0119571686189914, 22.70369815819989867 ) ) ;
#288 = VECTOR ( 'NONE', #411, 1000.000000000000114 ) ;
#289 = ORIENTED_EDGE ( 'NONE', *, *, #2046, .F. ) ;
#290 = VECTOR ( 'NONE', #1298, 1000.000000000000114 ) ;
#291 = DIRECTION ( 'NONE',  ( 0.000000000000000000, -0.5183305712307079149, 0.8551803429263606926 ) ) ;
#292 = DIRECTION ( 'NONE',  ( 0.000000000000000000, -0.9135365973175292309, 0.4067565431084181338 ) ) ;
#293 = DIRECTION ( 'NONE',  ( -0.000000000000000000, 0.8551803429263608036, 0.5183305712307079149 ) ) ;
#294 = VECTOR ( 'NONE', #1065, 1000.000000000000000 ) ;
#295 = CIRCLE ( 'NONE', #3261, 3.000000000000002665 ) ;
#296 = DIRECTION ( 'NONE',  ( -0.6087594347226259472, 0.000000000000000000, -0.7933548705567949888 ) ) ;
#297 = ORIENTED_EDGE ( 'NONE', *, *, #1935, .F. ) ;
#298 = VECTOR ( 'NONE', #2642, 1000.000000000000000 ) ;
#299 = EDGE_CURVE ( 'NONE', #871, #1235, #1667, .T. ) ;
#300 = VECTOR ( 'NONE', #2012, 1000.000000000000000 ) ;
#301 = ADVANCED_FACE ( 'NONE', ( #2774 ), #1428, .T. ) ;
#302 = ORIENTED_EDGE ( 'NONE', *, *, #1732, .F. ) ;
#303 = VECTOR ( 'NONE', #935, 1000.000000000000227 ) ;
#304 = PLANE ( 'NONE',  #3074 ) ;
#305 = ORIENTED_EDGE ( 'NONE', *, *, #1279, .F. ) ;
#306 = ORIENTED_EDGE ( 'NONE', *, *, #3534, .F. ) ;
#307 = FACE_OUTER_BOUND ( 'NONE', #309, .T. ) ;
#308 = VERTEX_POINT ( 'NONE', #274 ) ;
#309 = EDGE_LOOP ( 'NONE', ( #1199, #1109, #2084, #3501, #3159, #2050 ) ) ;
#310 = CARTESIAN_POINT ( 'NONE',  ( 81.78548431396480112, 101.7866973876950141, 4.464101791381850148 ) ) ;
#311 = CARTESIAN_POINT ( 'NONE',  ( 84.05343627929690342, 109.7866973876949999, 3.464101791381839934 ) ) ;
#312 = CARTESIAN_POINT ( 'NONE',  ( 116.2985601806640119, 112.7866973876949999, 3.464101791381839934 ) ) ;
#313 = CARTESIAN_POINT ( 'NONE',  ( 117.7227911376949976, 103.4956226349320048, 22.95279979699569850 ) ) ;
#314 = DIRECTION ( 'NONE',  ( 0.000000000000000000, -1.000000000000000000, 0.000000000000000000 ) ) ;
#315 = ORIENTED_EDGE ( 'NONE', *, *, #1097, .T. ) ;
#316 = EDGE_CURVE ( 'NONE', #186, #3060, #3110, .T. ) ;
#317 = ORIENTED_EDGE ( 'NONE', *, *, #1603, .F. ) ;
#318 = CARTESIAN_POINT ( 'NONE',  ( 114.2304144287110006, 109.7866973876949999, 3.981739997863770419 ) ) ;
#319 = EDGE_CURVE ( 'NONE', #2135, #2556, #2542, .T. ) ;
#320 = LINE ( 'NONE', #268, #50 ) ;
#321 = ORIENTED_EDGE ( 'NONE', *, *, #3553, .F. ) ;
#322 = ORIENTED_EDGE ( 'NONE', *, *, #2132, .T. ) ;
#323 = DIRECTION ( 'NONE',  ( 0.7933539883817068983, 0.000000000000000000, 0.6087605843998430410 ) ) ;
#324 = PLANE ( 'NONE',  #1331 ) ;
#325 = EDGE_LOOP ( 'NONE', ( #1440, #1754, #3516, #793, #3167, #126 ) ) ;
#326 = ORIENTED_EDGE ( 'NONE', *, *, #1517, .T. ) ;
#327 = DIRECTION ( 'NONE',  ( 0.000000000000000000, 1.000000000000000000, 9.436895709313830594E-16 ) ) ;
#328 = CARTESIAN_POINT ( 'NONE',  ( 117.7227911376949976, 108.7919330597279952, 17.84175968169499882 ) ) ;
#329 = DIRECTION ( 'NONE',  ( 1.000000000000000000, 0.000000000000000000, 0.000000000000000000 ) ) ;
#330 = LINE ( 'NONE', #845, #355 ) ;
#331 = ORIENTED_EDGE ( 'NONE', *, *, #2241, .F. ) ;
#332 = CARTESIAN_POINT ( 'NONE',  ( 75.55343627929690342, 108.1757812500000000, 8.920721054077150214 ) ) ;
#333 = VERTEX_POINT ( 'NONE', #3321 ) ;
#334 = CARTESIAN_POINT ( 'NONE',  ( 76.05343627929690342, 109.7866973876949999, 3.464101791381839934 ) ) ;
#335 = EDGE_CURVE ( 'NONE', #893, #3289, #3352, .T. ) ;
#336 = CARTESIAN_POINT ( 'NONE',  ( 74.51279113769530227, 104.7243518829830009, 22.75322246546129890 ) ) ;
#337 = VERTEX_POINT ( 'NONE', #2471 ) ;
#338 = ADVANCED_FACE ( 'NONE', ( #826 ), #3613, .T. ) ;
#339 = VERTEX_POINT ( 'NONE', #48 ) ;
#340 = CARTESIAN_POINT ( 'NONE',  ( 80.05343627929690342, 109.7866973876949999, 5.464101791381830608 ) ) ;
#341 = DIRECTION ( 'NONE',  ( -0.6087566003318519714, 0.000000000000000000, 0.7933570454419661688 ) ) ;
#342 = ORIENTED_EDGE ( 'NONE', *, *, #45, .T. ) ;
#343 = VERTEX_POINT ( 'NONE', #2198 ) ;
#344 = AXIS2_PLACEMENT_3D ( 'NONE', #951, #650, #1764 ) ;
#345 = CARTESIAN_POINT ( 'NONE',  ( 112.8161993408200061, 109.7866973876949999, 1.532249450683589975 ) ) ;
#346 = ADVANCED_FACE ( 'NONE', ( #3055 ), #1119, .T. ) ;
#347 = DIRECTION ( 'NONE',  ( 0.3826922874341510683, 0.000000000000000000, 0.9238758645718682105 ) ) ;
#348 = CARTESIAN_POINT ( 'NONE',  ( 109.9877825700690011, 109.7866973876949999, 6.389920943971089784 ) ) ;
#349 = AXIS2_PLACEMENT_3D ( 'NONE', #3243, #3230, #3539 ) ;
#350 = CLOSED_SHELL ( 'NONE', ( #346, #1650, #2715 ) ) ;
#351 = DIRECTION ( 'NONE',  ( -0.1305212769253860094, 0.000000000000000000, 0.9914455084722340050 ) ) ;
#352 = ORIENTED_EDGE ( 'NONE', *, *, #1539, .T. ) ;
#353 = DIRECTION ( 'NONE',  ( 0.000000000000000000, 1.000000000000000000, 2.220446049250309876E-16 ) ) ;
#354 = VECTOR ( 'NONE', #92, 999.9999999999998863 ) ;
#355 = VECTOR ( 'NONE', #2525, 1000.000000000000227 ) ;
#356 = ORIENTED_EDGE ( 'NONE', *, *, #3216, .T. ) ;
#357 = DIRECTION ( 'NONE',  ( -0.3826798146995759042, 0.000000000000000000, 0.9238810309891086758 ) ) ;
#358 = FACE_OUTER_BOUND ( 'NONE', #271, .T. ) ;
#359 = EDGE_LOOP ( 'NONE', ( #3125, #3215 ) ) ;
#360 = PLANE ( 'NONE',  #1451 ) ;
#361 = LINE ( 'NONE', #533, #569 ) ;
#362 = ORIENTED_EDGE ( 'NONE', *, *, #1474, .F. ) ;
#363 = ADVANCED_FACE ( 'NONE', ( #1381 ), #3040, .T. ) ;
#364 = ORIENTED_EDGE ( 'NONE', *, *, #451, .F. ) ;
#365 = DIRECTION ( 'NONE',  ( -1.000000000000000000, 0.000000000000000000, 0.000000000000000000 ) ) ;
#366 = DIRECTION ( 'NONE',  ( -1.776356839400250070E-15, 1.000000000000000000, 1.554312234475220143E-15 ) ) ;
#367 = LINE ( 'NONE', #843, #3211 ) ;
#368 = EDGE_CURVE ( 'NONE', #3172, #10, #1149, .T. ) ;
#369 = DIRECTION ( 'NONE',  ( 0.4999999809210178836, 0.000000000000000000, -0.8660254147996937490 ) ) ;
#370 = VERTEX_POINT ( 'NONE', #1944 ) ;
#371 = LINE ( 'NONE', #659, #1578 ) ;
#372 = DIRECTION ( 'NONE',  ( 0.000000000000000000, 0.000000000000000000, -1.000000000000000000 ) ) ;
#373 = FACE_OUTER_BOUND ( 'NONE', #3124, .T. ) ;
#374 = VERTEX_POINT ( 'NONE', #1399 ) ;
#375 = CARTESIAN_POINT ( 'NONE',  ( 110.2985601806639977, 109.7866973876949999, 4.440892098500630106E-16 ) ) ;
#376 = CARTESIAN_POINT ( 'NONE',  ( 114.2304144287110006, 109.7866973876949999, 3.981739997863770419 ) ) ;
#377 = ORIENTED_EDGE ( 'NONE', *, *, #808, .F. ) ;
#378 = ORIENTED_EDGE ( 'NONE', *, *, #3304, .T. ) ;
#379 = CARTESIAN_POINT ( 'NONE',  ( 82.05343627929690342, 110.4185193369179956, 6.928203582763670987 ) ) ;
#380 = CARTESIAN_POINT ( 'NONE',  ( 110.2985601806639977, 112.7866973876949999, 0.000000000000000000 ) ) ;
#381 = ORIENTED_EDGE ( 'NONE', *, *, #1406, .F. ) ;
#382 = ORIENTED_EDGE ( 'NONE', *, *, #1747, .F. ) ;
#383 = DIRECTION ( 'NONE',  ( -1.000000000000000000, 0.000000000000000000, 0.000000000000000000 ) ) ;
#384 = LINE ( 'NONE', #109, #3022 ) ;
#385 = LINE ( 'NONE', #2110, #7 ) ;
#386 = EDGE_CURVE ( 'NONE', #20, #925, #560, .T. ) ;
#387 = DIRECTION ( 'NONE',  ( 1.000000000000000000, 0.000000000000000000, 0.000000000000000000 ) ) ;
#388 = DIRECTION ( 'NONE',  ( 1.000000000000000000, 0.000000000000000000, 0.000000000000000000 ) ) ;
#389 = EDGE_CURVE ( 'NONE', #39, #3612, #1134, .T. ) ;
#390 = ORIENTED_EDGE ( 'NONE', *, *, #73, .F. ) ;
#391 = FACE_OUTER_BOUND ( 'NONE', #952, .T. ) ;
#392 = LINE ( 'NONE', #1215, #2021 ) ;
#393 = ORIENTED_EDGE ( 'NONE', *, *, #446, .F. ) ;
#394 = ORIENTED_EDGE ( 'NONE', *, *, #2019, .F. ) ;
#395 = FACE_OUTER_BOUND ( 'NONE', #1213, .T. ) ;
#396 = LINE ( 'NONE', #2887, #1040 ) ;
#397 = ORIENTED_EDGE ( 'NONE', *, *, #514, .T. ) ;
#398 = ORIENTED_EDGE ( 'NONE', *, *, #2411, .T. ) ;
#399 = PLANE ( 'NONE',  #2092 ) ;
#400 = LINE ( 'NONE', #2088, #3203 ) ;
#401 = DIRECTION ( 'NONE',  ( 1.776356839400250070E-15, 1.000000000000000000, -7.216449660063520471E-16 ) ) ;
#402 = CIRCLE ( 'NONE', #752, 3.000000000000002665 ) ;
#403 = DIRECTION ( 'NONE',  ( 0.6087566003318519714, 0.000000000000000000, -0.7933570454419661688 ) ) ;
#404 = CARTESIAN_POINT ( 'NONE',  ( 110.5665121459960005, 101.7866973876950141, 4.464101791381830608 ) ) ;
#405 = VECTOR ( 'NONE', #1391, 1000.000000000000000 ) ;
#406 = CARTESIAN_POINT ( 'NONE',  ( 84.55343627929690342, 112.7866973876949999, 13.46409320831300072 ) ) ;
#407 = AXIS2_PLACEMENT_3D ( 'NONE', #262, #243, #3001 ) ;
#408 = EDGE_CURVE ( 'NONE', #2554, #2247, #857, .T. ) ;
#409 = ORIENTED_EDGE ( 'NONE', *, *, #2511, .F. ) ;
#410 = VECTOR ( 'NONE', #270, 1000.000000000000000 ) ;
#411 = DIRECTION ( 'NONE',  ( -0.4999999809210190493, 0.000000000000000000, 0.8660254147996930829 ) ) ;
#412 = CARTESIAN_POINT ( 'NONE',  ( 81.46765136718750000, 101.7866973876950141, 4.878314971923830790 ) ) ;
#413 = VECTOR ( 'NONE', #323, 1000.000000000000114 ) ;
#414 = EDGE_CURVE ( 'NONE', #1781, #2406, #1824, .T. ) ;
#415 = EDGE_LOOP ( 'NONE', ( #2238, #2284, #1064, #2022 ) ) ;
#416 = FACE_OUTER_BOUND ( 'NONE', #90, .T. ) ;
#417 = PLANE ( 'NONE',  #344 ) ;
#418 = CARTESIAN_POINT ( 'NONE',  ( 111.2985601806639977, 109.7866973876949999, 5.196151733398440165 ) ) ;
#419 = ORIENTED_EDGE ( 'NONE', *, *, #67, .F. ) ;
#420 = CARTESIAN_POINT ( 'NONE',  ( 84.55343627929690342, 110.5573577880859943, 10.79572105407719995 ) ) ;
#421 = CARTESIAN_POINT ( 'NONE',  ( 110.3667135620120092, 109.7866973876949999, 2.946463584899900123 ) ) ;
#422 = CARTESIAN_POINT ( 'NONE',  ( 81.05343627929690342, 109.7866973876949999, 1.732050895690919967 ) ) ;
#423 = LINE ( 'NONE', #1209, #1052 ) ;
#424 = ORIENTED_EDGE ( 'NONE', *, *, #562, .F. ) ;
#425 = ORIENTED_EDGE ( 'NONE', *, *, #1543, .T. ) ;
#426 = CARTESIAN_POINT ( 'NONE',  ( 114.0306158447269951, 109.7866973876949999, 4.464101791381840378 ) ) ;
#427 = ADVANCED_FACE ( 'NONE', ( #985 ), #2640, .T. ) ;
#428 = FACE_OUTER_BOUND ( 'NONE', #1934, .T. ) ;
#429 = ORIENTED_EDGE ( 'NONE', *, *, #2246, .T. ) ;
#430 = EDGE_CURVE ( 'NONE', #2042, #931, #2054, .T. ) ;
#431 = DIRECTION ( 'NONE',  ( -0.6087657977601962367, 0.000000000000000000, 0.7933499880112131475 ) ) ;
#432 = LINE ( 'NONE', #1261, #515 ) ;
#433 = ORIENTED_EDGE ( 'NONE', *, *, #475, .T. ) ;
#434 = LINE ( 'NONE', #1007, #1392 ) ;
#435 = CARTESIAN_POINT ( 'NONE',  ( 78.12158203125000000, 101.7866973876950141, 2.946463584899889909 ) ) ;
#436 = CARTESIAN_POINT ( 'NONE',  ( 114.0306158447269951, 101.7866973876950141, 2.464101791381830164 ) ) ;
#437 = LINE ( 'NONE', #751, #3562 ) ;
#438 = LINE ( 'NONE', #2681, #2900 ) ;
#439 = CARTESIAN_POINT ( 'NONE',  ( 82.05343627929690342, 112.7866973876949999, 7.691850843369370460E-16 ) ) ;
#440 = VERTEX_POINT ( 'NONE', #1467 ) ;
#441 = DIRECTION ( 'NONE',  ( -0.000000000000000000, 0.8403006853517374086, 0.5421206122233321878 ) ) ;
#442 = ORIENTED_EDGE ( 'NONE', *, *, #3176, .F. ) ;
#443 = CARTESIAN_POINT ( 'NONE',  ( 84.05343627929690342, 112.7866973876949999, 3.464101791381839934 ) ) ;
#444 = DIRECTION ( 'NONE',  ( -0.7933494551558762931, 0.000000000000000000, -0.6087664921822442121 ) ) ;
#445 = EDGE_LOOP ( 'NONE', ( #3542, #832, #1884, #3185 ) ) ;
#446 = EDGE_CURVE ( 'NONE', #106, #2154, #971, .T. ) ;
#447 = DIRECTION ( 'NONE',  ( 0.8660254147996931939, 0.000000000000000000, -0.4999999809210191049 ) ) ;
#448 = DIRECTION ( 'NONE',  ( 0.000000000000000000, -0.9749434981451672311, 0.2224526363621350533 ) ) ;
#449 = EDGE_CURVE ( 'NONE', #2186, #2279, #2939, .T. ) ;
#450 = EDGE_LOOP ( 'NONE', ( #1785, #102, #181, #1852 ) ) ;
#451 = EDGE_CURVE ( 'NONE', #574, #2135, #1205, .T. ) ;
#452 = DIRECTION ( 'NONE',  ( -0.7933548705567949888, 0.000000000000000000, 0.6087594347226259472 ) ) ;
#453 = LINE ( 'NONE', #1561, #2333 ) ;
#454 = EDGE_CURVE ( 'NONE', #1970, #1101, #2071, .T. ) ;
#455 = FACE_OUTER_BOUND ( 'NONE', #2294, .T. ) ;
#456 = CARTESIAN_POINT ( 'NONE',  ( 114.0306158447269951, 109.7866973876949999, 2.464101791381839934 ) ) ;
#457 = DIRECTION ( 'NONE',  ( -0.9914455084722341160, 0.000000000000000000, 0.1305212769253860372 ) ) ;
#458 =( NAMED_UNIT ( * ) SI_UNIT ( $, .STERADIAN. ) SOLID_ANGLE_UNIT ( ) );
#459 = DIRECTION ( 'NONE',  ( 1.000000000000000000, 0.000000000000000000, 0.000000000000000000 ) ) ;
#460 = DIRECTION ( 'NONE',  ( -0.000000000000000000, 1.000000000000000000, 0.000000000000000000 ) ) ;
#461 = ORIENTED_EDGE ( 'NONE', *, *, #2635, .F. ) ;
#462 = VECTOR ( 'NONE', #2212, 999.9999999999998863 ) ;
#463 = VECTOR ( 'NONE', #2743, 1000.000000000000114 ) ;
#464 = CARTESIAN_POINT ( 'NONE',  ( 78.12158203125000000, 101.7866973876950141, 2.946463584899900123 ) ) ;
#465 = AXIS2_PLACEMENT_3D ( 'NONE', #3226, #166, #2705 ) ;
#466 = AXIS2_PLACEMENT_3D ( 'NONE', #714, #3241, #2969 ) ;
#467 = EDGE_LOOP ( 'NONE', ( #840, #1372, #3222, #1608 ) ) ;
#468 = PLANE ( 'NONE',  #3557 ) ;
#469 = AXIS2_PLACEMENT_3D ( 'NONE', #1799, #1526, #1782 ) ;
#470 = CARTESIAN_POINT ( 'NONE',  ( 78.63922119140620737, 101.7866973876950141, 2.049888610839839753 ) ) ;
#471 = VERTEX_POINT ( 'NONE', #3188 ) ;
#472 = VECTOR ( 'NONE', #1452, 1000.000000000000000 ) ;
#473 = CARTESIAN_POINT ( 'NONE',  ( 110.3667135620120092, 109.7866973876949999, 2.946463584899900123 ) ) ;
#474 = LINE ( 'NONE', #2125, #2321 ) ;
#475 = EDGE_CURVE ( 'NONE', #669, #161, #3174, .T. ) ;
#476 = AXIS2_PLACEMENT_3D ( 'NONE', #1997, #660, #1775 ) ;
#477 = CARTESIAN_POINT ( 'NONE',  ( 81.46765136718750000, 101.7866973876950141, 2.049888610839839753 ) ) ;
#478 = FACE_OUTER_BOUND ( 'NONE', #1990, .T. ) ;
#479 = EDGE_CURVE ( 'NONE', #495, #2175, #400, .T. ) ;
#480 = CARTESIAN_POINT ( 'NONE',  ( 110.2985601806639977, 110.4185193369179956, 6.928203582763670987 ) ) ;
#481 = CARTESIAN_POINT ( 'NONE',  ( 74.51279113769530227, 101.5590763092249915, 20.63125324242870207 ) ) ;
#482 = CARTESIAN_POINT ( 'NONE',  ( 82.05343627929690342, 111.7866973876949999, 0.000000000000000000 ) ) ;
#483 = ORIENTED_EDGE ( 'NONE', *, *, #2875, .T. ) ;
#484 = VERTEX_POINT ( 'NONE', #3467 ) ;
#485 = LINE ( 'NONE', #3531, #3083 ) ;
#486 = LINE ( 'NONE', #3250, #462 ) ;
#487 = ORIENTED_EDGE ( 'NONE', *, *, #2290, .T. ) ;
#488 = CARTESIAN_POINT ( 'NONE',  ( 107.7985601806639977, 110.5573544486990016, 10.79571912687470103 ) ) ;
#489 = CARTESIAN_POINT ( 'NONE',  ( 116.7985601806640119, 101.7866973876950141, -2.220446049250309876E-16 ) ) ;
#490 = FACE_OUTER_BOUND ( 'NONE', #1431, .T. ) ;
#491 = PLANE ( 'NONE',  #2733 ) ;
#492 = EDGE_CURVE ( 'NONE', #1505, #830, #688, .T. ) ;
#493 = PLANE ( 'NONE',  #927 ) ;
#494 = LINE ( 'NONE', #1317, #518 ) ;
#495 = VERTEX_POINT ( 'NONE', #2913 ) ;
#496 = EDGE_CURVE ( 'NONE', #2176, #3391, #1787, .T. ) ;
#497 = CARTESIAN_POINT ( 'NONE',  ( 113.7127752685550064, 101.7866973876950141, 4.878314971923830790 ) ) ;
#498 = EDGE_LOOP ( 'NONE', ( #1335, #1138, #259, #2698 ) ) ;
#499 = ORIENTED_EDGE ( 'NONE', *, *, #2529, .T. ) ;
#500 = ADVANCED_FACE ( 'NONE', ( #1264 ), #1448, .F. ) ;
#501 = CARTESIAN_POINT ( 'NONE',  ( 74.51279113769530227, 108.7919330597279952, 17.84175968169499882 ) ) ;
#502 = CARTESIAN_POINT ( 'NONE',  ( 82.05343627929690342, 112.7866973876949999, 5.551114911306540243E-17 ) ) ;
#503 = ORIENTED_EDGE ( 'NONE', *, *, #2650, .F. ) ;
#504 = DIRECTION ( 'NONE',  ( 0.000000000000000000, 1.000000000000000000, 0.000000000000000000 ) ) ;
#505 = DIRECTION ( 'NONE',  ( 0.000000000000000000, 1.000000000000000000, 0.000000000000000000 ) ) ;
#506 = CARTESIAN_POINT ( 'NONE',  ( 107.7985601806639977, 107.7866973876949999, 13.46409320831300072 ) ) ;
#507 = CARTESIAN_POINT ( 'NONE',  ( 74.51279113769530227, 101.0301303863630125, 19.39532756799249924 ) ) ;
#508 = DIRECTION ( 'NONE',  ( 0.7742633737221440438, 0.000000000000000000, 0.6328635146004257805 ) ) ;
#509 = LINE ( 'NONE', #481, #3249 ) ;
#510 = ORIENTED_EDGE ( 'NONE', *, *, #2275, .T. ) ;
#511 = PLANE ( 'NONE',  #1810 ) ;
#512 = VERTEX_POINT ( 'NONE', #3209 ) ;
#513 = LINE ( 'NONE', #2954, #3370 ) ;
#514 = EDGE_CURVE ( 'NONE', #2273, #1840, #655, .T. ) ;
#515 = VECTOR ( 'NONE', #1503, 1000.000000000000227 ) ;
#516 = ORIENTED_EDGE ( 'NONE', *, *, #3005, .T. ) ;
#517 = DIRECTION ( 'NONE',  ( 1.000000000000000000, 0.000000000000000000, 0.000000000000000000 ) ) ;
#518 = VECTOR ( 'NONE', #2951, 1000.000000000000000 ) ;
#519 = EDGE_CURVE ( 'NONE', #2344, #3015, #712, .T. ) ;
#520 = CARTESIAN_POINT ( 'NONE',  ( 112.2985601806639977, 101.7866973876950141, 5.464101791381840378 ) ) ;
#521 = VECTOR ( 'NONE', #886, 1000.000000000000000 ) ;
#522 = AXIS2_PLACEMENT_3D ( 'NONE', #1565, #2692, #2677 ) ;
#523 = ORIENTED_EDGE ( 'NONE', *, *, #1982, .F. ) ;
#524 = ORIENTED_EDGE ( 'NONE', *, *, #648, .F. ) ;
#525 = AXIS2_PLACEMENT_3D ( 'NONE', #823, #1927, #3037 ) ;
#526 = CARTESIAN_POINT ( 'NONE',  ( 75.55343627929690342, 108.1757812500000000, 9.420721054077150214 ) ) ;
#527 = VECTOR ( 'NONE', #3480, 1000.000000000000000 ) ;
#528 = VERTEX_POINT ( 'NONE', #1769 ) ;
#529 = VECTOR ( 'NONE', #231, 1000.000000000000000 ) ;
#530 = CARTESIAN_POINT ( 'NONE',  ( 74.51279113769530227, 102.7031497955689900, 22.43131923669040262 ) ) ;
#531 = ORIENTED_EDGE ( 'NONE', *, *, #368, .F. ) ;
#532 = DIRECTION ( 'NONE',  ( -1.000000000000000000, 0.000000000000000000, -8.881784197001249119E-17 ) ) ;
#533 = CARTESIAN_POINT ( 'NONE',  ( 74.51279113769530227, 106.2732944488989943, 21.39736461635580156 ) ) ;
#534 = CARTESIAN_POINT ( 'NONE',  ( 78.05343627929690342, 101.7866973876950141, 3.464101791381839934 ) ) ;
#535 = AXIS2_PLACEMENT_3D ( 'NONE', #456, #3280, #2143 ) ;
#536 = LINE ( 'NONE', #2491, #3258 ) ;
#537 = ORIENTED_EDGE ( 'NONE', *, *, #2776, .F. ) ;
#538 = VERTEX_POINT ( 'NONE', #912 ) ;
#539 = ORIENTED_EDGE ( 'NONE', *, *, #3143, .F. ) ;
#540 = EDGE_CURVE ( 'NONE', #980, #2344, #956, .T. ) ;
#541 = CYLINDRICAL_SURFACE ( 'NONE', #2783, 2.750000000000002665 ) ;
#542 = DIRECTION ( 'NONE',  ( 0.000000000000000000, -0.000000000000000000, -1.000000000000000000 ) ) ;
#543 = ORIENTED_EDGE ( 'NONE', *, *, #2229, .F. ) ;
#544 = EDGE_CURVE ( 'NONE', #947, #1761, #1508, .T. ) ;
#545 = CARTESIAN_POINT ( 'NONE',  ( 45.85249920771785526, 101.7866973876950141, 56.09726253941909135 ) ) ;
#546 = VERTEX_POINT ( 'NONE', #2872 ) ;
#547 = DIRECTION ( 'NONE',  ( 0.8660254147996931939, 0.000000000000000000, -0.4999999809210191049 ) ) ;
#548 = CARTESIAN_POINT ( 'NONE',  ( 79.53579711914061079, 109.7866973876949999, 5.395953178405759942 ) ) ;
#549 = CARTESIAN_POINT ( 'NONE',  ( 111.2985601806639977, 101.7866973876950141, 5.196151733398440165 ) ) ;
#550 = FACE_OUTER_BOUND ( 'NONE', #3113, .T. ) ;
#551 = ORIENTED_EDGE ( 'NONE', *, *, #3486, .T. ) ;
#552 = ORIENTED_EDGE ( 'NONE', *, *, #3483, .F. ) ;
#553 = LINE ( 'NONE', #2002, #2719 ) ;
#554 = ORIENTED_EDGE ( 'NONE', *, *, #3459, .F. ) ;
#555 = ORIENTED_EDGE ( 'NONE', *, *, #45, .F. ) ;
#556 = CARTESIAN_POINT ( 'NONE',  ( 107.7985601806639977, 101.7866973876950141, 5.088318201762800359E-16 ) ) ;
#557 = EDGE_CURVE ( 'NONE', #802, #893, #384, .T. ) ;
#558 = VERTEX_POINT ( 'NONE', #2985 ) ;
#559 = ADVANCED_FACE ( 'NONE', ( #2430 ), #2139, .T. ) ;
#560 = LINE ( 'NONE', #2507, #1567 ) ;
#561 = PLANE ( 'NONE',  #2915 ) ;
#562 = EDGE_CURVE ( 'NONE', #2406, #719, #237, .T. ) ;
#563 = CARTESIAN_POINT ( 'NONE',  ( 84.55343627929690342, 110.5573544486990016, 10.79571912687470103 ) ) ;
#564 = EDGE_CURVE ( 'NONE', #2175, #1686, #1877, .T. ) ;
#565 = FACE_OUTER_BOUND ( 'NONE', #1359, .T. ) ;
#566 = ORIENTED_EDGE ( 'NONE', *, *, #148, .F. ) ;
#567 = VERTEX_POINT ( 'NONE', #2162 ) ;
#568 = LINE ( 'NONE', #1733, #3605 ) ;
#569 = VECTOR ( 'NONE', #2579, 1000.000000000000000 ) ;
#570 = VERTEX_POINT ( 'NONE', #1597 ) ;
#571 = VECTOR ( 'NONE', #3265, 1000.000000000000000 ) ;
#572 = LINE ( 'NONE', #1144, #410 ) ;
#573 = ORIENTED_EDGE ( 'NONE', *, *, #1262, .F. ) ;
#574 = VERTEX_POINT ( 'NONE', #801 ) ;
#575 = VECTOR ( 'NONE', #2304, 1000.000000000000114 ) ;
#576 = LINE ( 'NONE', #310, #2674 ) ;
#577 = CARTESIAN_POINT ( 'NONE',  ( 117.7227911376949976, 103.0119571686189914, 22.70369815819989867 ) ) ;
#578 = LINE ( 'NONE', #1120, #3331 ) ;
#579 = EDGE_CURVE ( 'NONE', #1941, #1198, #2998, .T. ) ;
#580 = AXIS2_PLACEMENT_3D ( 'NONE', #2815, #1430, #1947 ) ;
#581 = CARTESIAN_POINT ( 'NONE',  ( 80.05343627929690342, 101.7866973876950141, 5.464101791381840378 ) ) ;
#582 = CARTESIAN_POINT ( 'NONE',  ( 113.2985601806639977, 101.7866973876950141, 1.732050895690929959 ) ) ;
#583 = VERTEX_POINT ( 'NONE', #3240 ) ;
#584 = EDGE_CURVE ( 'NONE', #1646, #2042, #2027, .T. ) ;
#585 = AXIS2_PLACEMENT_3D ( 'NONE', #3404, #1414, #2508 ) ;
#586 = ORIENTED_EDGE ( 'NONE', *, *, #3575, .F. ) ;
#587 = CARTESIAN_POINT ( 'NONE',  ( 74.51279113769530227, 107.0923862457719906, 20.37159252163889889 ) ) ;
#588 = FACE_OUTER_BOUND ( 'NONE', #3091, .T. ) ;
#589 = ORIENTED_EDGE ( 'NONE', *, *, #3304, .F. ) ;
#590 = ORIENTED_EDGE ( 'NONE', *, *, #987, .T. ) ;
#591 = CARTESIAN_POINT ( 'NONE',  ( 78.32138824462889204, 109.7866973876949999, 2.464101791381839934 ) ) ;
#592 = ORIENTED_EDGE ( 'NONE', *, *, #123, .T. ) ;
#593 = VERTEX_POINT ( 'NONE', #220 ) ;
#594 = ORIENTED_EDGE ( 'NONE', *, *, #1959, .F. ) ;
#595 = DIRECTION ( 'NONE',  ( 0.000000000000000000, -1.000000000000000000, 4.037174635000569966E-17 ) ) ;
#596 = PLANE ( 'NONE',  #1871 ) ;
#597 = EDGE_CURVE ( 'NONE', #3029, #63, #1328, .T. ) ;
#598 = CARTESIAN_POINT ( 'NONE',  ( 79.05343627929688921, 101.7866973876950141, 1.732050895690919967 ) ) ;
#599 = ORIENTED_EDGE ( 'NONE', *, *, #1078, .T. ) ;
#600 = EDGE_CURVE ( 'NONE', #3473, #2840, #3536, .T. ) ;
#601 = EDGE_CURVE ( 'NONE', #3186, #2536, #3555, .T. ) ;
#602 = ORIENTED_EDGE ( 'NONE', *, *, #2918, .T. ) ;
#603 = CARTESIAN_POINT ( 'NONE',  ( 74.51279113769530227, 104.3597812653059975, 22.91554927820239840 ) ) ;
#604 = CARTESIAN_POINT ( 'NONE',  ( 116.7985601806640119, 110.1203287768050103, 11.36526285778540135 ) ) ;
#605 = ORIENTED_CLOSED_SHELL ( 'NONE', *, #3019, .F. );
#606 = ORIENTED_EDGE ( 'NONE', *, *, #1037, .T. ) ;
#607 = ORIENTED_EDGE ( 'NONE', *, *, #2472, .T. ) ;
#608 = FACE_OUTER_BOUND ( 'NONE', #2400, .T. ) ;
#609 = DIRECTION ( 'NONE',  ( 0.000000000000000000, 0.6087619720811818791, -0.7933529235767838861 ) ) ;
#610 = ORIENTED_EDGE ( 'NONE', *, *, #776, .T. ) ;
#611 = VERTEX_POINT ( 'NONE', #2402 ) ;
#612 = CARTESIAN_POINT ( 'NONE',  ( 107.7985601806639977, 110.5573577880859943, 10.79572105407710048 ) ) ;
#613 = LINE ( 'NONE', #2523, #1175 ) ;
#614 = CARTESIAN_POINT ( 'NONE',  ( 80.05343627929690342, 101.7866973876950141, 5.464101791381840378 ) ) ;
#615 = VERTEX_POINT ( 'NONE', #769 ) ;
#616 = DIRECTION ( 'NONE',  ( 0.000000000000000000, -1.000000000000000000, 0.000000000000000000 ) ) ;
#617 = VERTEX_POINT ( 'NONE', #3277 ) ;
#618 = PLANE ( 'NONE',  #51 ) ;
#619 = EDGE_CURVE ( 'NONE', #567, #333, #434, .T. ) ;
#620 = LINE ( 'NONE', #887, #405 ) ;
#621 = ORIENTED_EDGE ( 'NONE', *, *, #1464, .T. ) ;
#622 = ORIENTED_EDGE ( 'NONE', *, *, #3412, .F. ) ;
#623 = EDGE_CURVE ( 'NONE', #3292, #3287, #2718, .T. ) ;
#624 = DIRECTION ( 'NONE',  ( 0.9914450668446497250, 0.000000000000000000, -0.1305246315045859307 ) ) ;
#625 = VECTOR ( 'NONE', #2399, 1000.000000000000227 ) ;
#626 = LINE ( 'NONE', #3106, #2546 ) ;
#627 = ORIENTED_EDGE ( 'NONE', *, *, #1899, .F. ) ;
#628 = ORIENTED_EDGE ( 'NONE', *, *, #1624, .F. ) ;
#629 = VECTOR ( 'NONE', #923, 1000.000000000000114 ) ;
#630 = DIRECTION ( 'NONE',  ( 0.000000000000000000, 0.6087619720811818791, -0.7933529235767838861 ) ) ;
#631 = DIRECTION ( 'NONE',  ( 0.000000000000000000, -0.2183562848856789307, 0.9758691166600796940 ) ) ;
#632 = CARTESIAN_POINT ( 'NONE',  ( 84.55343627929690342, 112.7866973876949999, 13.46409320831300072 ) ) ;
#633 = VECTOR ( 'NONE', #2830, 1000.000000000000114 ) ;
#634 = VECTOR ( 'NONE', #1379, 1000.000000000000000 ) ;
#635 = CARTESIAN_POINT ( 'NONE',  ( 82.05343627929690342, 112.7866973876949999, 6.928203582763679869 ) ) ;
#636 = ORIENTED_EDGE ( 'NONE', *, *, #3532, .T. ) ;
#637 = VECTOR ( 'NONE', #327, 1000.000000000000000 ) ;
#638 = AXIS2_PLACEMENT_3D ( 'NONE', #173, #1287, #2990 ) ;
#639 = CARTESIAN_POINT ( 'NONE',  ( 82.05343627929690342, 109.7866973876949999, 0.000000000000000000 ) ) ;
#640 = VECTOR ( 'NONE', #365, 1000.000000000000000 ) ;
#641 = VECTOR ( 'NONE', #1173, 1000.000000000000227 ) ;
#642 = ORIENTED_EDGE ( 'NONE', *, *, #389, .T. ) ;
#643 = FACE_OUTER_BOUND ( 'NONE', #450, .T. ) ;
#644 = LINE ( 'NONE', #2372, #1388 ) ;
#645 = AXIS2_PLACEMENT_3D ( 'NONE', #1490, #1770, #1206 ) ;
#646 = VERTEX_POINT ( 'NONE', #785 ) ;
#647 = EDGE_CURVE ( 'NONE', #3527, #1158, #1277, .T. ) ;
#648 = EDGE_CURVE ( 'NONE', #2261, #1460, #3521, .T. ) ;
#649 = DIRECTION ( 'NONE',  ( 0.1305264269771610475, 0.000000000000000000, -0.9914448304674223778 ) ) ;
#650 = DIRECTION ( 'NONE',  ( -0.1305264269771610475, 0.000000000000000000, -0.9914448304674223778 ) ) ;
#651 = ORIENTED_EDGE ( 'NONE', *, *, #195, .F. ) ;
#652 = EDGE_CURVE ( 'NONE', #3121, #308, #1855, .T. ) ;
#653 = ORIENTED_EDGE ( 'NONE', *, *, #5, .F. ) ;
#654 = CARTESIAN_POINT ( 'NONE',  ( 117.7227911376949976, 0.000000000000000000, 0.000000000000000000 ) ) ;
#655 = LINE ( 'NONE', #1489, #1229 ) ;
#656 = FACE_OUTER_BOUND ( 'NONE', #2791, .T. ) ;
#657 = LINE ( 'NONE', #2586, #2499 ) ;
#658 = VERTEX_POINT ( 'NONE', #1022 ) ;
#659 = CARTESIAN_POINT ( 'NONE',  ( 110.2985601806639977, 109.7866973876949999, 0.000000000000000000 ) ) ;
#660 = DIRECTION ( 'NONE',  ( 0.6087605843998431521, 0.000000000000000000, 0.7933539883817070093 ) ) ;
#661 = CARTESIAN_POINT ( 'NONE',  ( 109.9877825700690011, 109.7866973876949999, 6.389920943971089784 ) ) ;
#662 = EDGE_LOOP ( 'NONE', ( #44, #1083, #2599, #2160 ) ) ;
#663 = LINE ( 'NONE', #3139, #521 ) ;
#664 = DIRECTION ( 'NONE',  ( 1.000000000000000000, 0.000000000000000000, 0.000000000000000000 ) ) ;
#665 = ORIENTED_EDGE ( 'NONE', *, *, #414, .T. ) ;
#666 = EDGE_LOOP ( 'NONE', ( #2614, #3592, #3179, #1831 ) ) ;
#667 = CARTESIAN_POINT ( 'NONE',  ( 82.17362428536789309, 110.2335731595149895, 6.720031839196979995 ) ) ;
#668 = PLANE ( 'NONE',  #988 ) ;
#669 = VERTEX_POINT ( 'NONE', #1545 ) ;
#670 = ORIENTED_EDGE ( 'NONE', *, *, #211, .F. ) ;
#671 = LINE ( 'NONE', #933, #640 ) ;
#672 = CARTESIAN_POINT ( 'NONE',  ( 82.05343627929690342, 110.4185193369179956, 6.928203582763670987 ) ) ;
#673 = PLANE ( 'NONE',  #1756 ) ;
#674 = EDGE_CURVE ( 'NONE', #3391, #2176, #474, .T. ) ;
#675 = PLANE ( 'NONE',  #2971 ) ;
#676 = DIRECTION ( 'NONE',  ( 0.000000000000000000, -1.000000000000000000, 0.000000000000000000 ) ) ;
#677 = ADVANCED_FACE ( 'NONE', ( #2656 ), #3294, .T. ) ;
#678 = DIRECTION ( 'NONE',  ( 0.000000000000000000, 1.000000000000000000, 0.000000000000000000 ) ) ;
#679 = VERTEX_POINT ( 'NONE', #2965 ) ;
#680 = CARTESIAN_POINT ( 'NONE',  ( 74.51279113769530227, 104.7243518829830009, 22.75322246546129890 ) ) ;
#681 = CARTESIAN_POINT ( 'NONE',  ( 75.55343627929690342, 112.7866973876949999, 13.46409320831300072 ) ) ;
#682 = VERTEX_POINT ( 'NONE', #2691 ) ;
#683 = DIRECTION ( 'NONE',  ( -1.000000000000000000, 0.000000000000000000, 0.000000000000000000 ) ) ;
#684 = LINE ( 'NONE', #928, #228 ) ;
#685 = ORIENTED_EDGE ( 'NONE', *, *, #765, .T. ) ;
#686 = ORIENTED_EDGE ( 'NONE', *, *, #1054, .F. ) ;
#687 = LINE ( 'NONE', #731, #3024 ) ;
#688 = LINE ( 'NONE', #672, #2782 ) ;
#689 = LINE ( 'NONE', #3426, #191 ) ;
#690 = VECTOR ( 'NONE', #1350, 1000.000000000000227 ) ;
#691 = DIRECTION ( 'NONE',  ( 1.000000000000000000, 0.000000000000000000, -7.083634100570850066E-13 ) ) ;
#692 = CARTESIAN_POINT ( 'NONE',  ( 114.2985601806640119, 109.7866973876949999, 3.464101791381839934 ) ) ;
#693 = ADVANCED_FACE ( 'NONE', ( #2534, #2504 ), #42, .T. ) ;
#694 = ADVANCED_FACE ( 'NONE', ( #257 ), #1907, .T. ) ;
#695 = DIRECTION ( 'NONE',  ( 0.000000000000000000, -0.9378915011230751775, -0.3469287133131310763 ) ) ;
#696 = VECTOR ( 'NONE', #788, 1000.000000000000000 ) ;
#697 = VECTOR ( 'NONE', #2403, 1000.000000000000000 ) ;
#698 = EDGE_CURVE ( 'NONE', #938, #1385, #2193, .T. ) ;
#699 = ORIENTED_EDGE ( 'NONE', *, *, #990, .F. ) ;
#700 = VECTOR ( 'NONE', #1114, 1000.000000000000000 ) ;
#701 = CARTESIAN_POINT ( 'NONE',  ( 112.8161993408200061, 101.7866973876950141, 5.395953178405759942 ) ) ;
#702 = VECTOR ( 'NONE', #3424, 1000.000000000000114 ) ;
#703 = CARTESIAN_POINT ( 'NONE',  ( 74.51279113769530227, 99.53611373896720238, 14.96409320826940181 ) ) ;
#704 = AXIS2_PLACEMENT_3D ( 'NONE', #3168, #1501, #130 ) ;
#705 = ORIENTED_EDGE ( 'NONE', *, *, #134, .T. ) ;
#706 = PLANE ( 'NONE',  #1572 ) ;
#707 = CARTESIAN_POINT ( 'NONE',  ( 111.2985601806639977, 109.7866973876949999, 1.732050895690919967 ) ) ;
#708 = AXIS2_PLACEMENT_3D ( 'NONE', #1039, #2453, #1844 ) ;
#709 = DIRECTION ( 'NONE',  ( 0.000000000000000000, -1.000000000000000000, 0.000000000000000000 ) ) ;
#710 = ORIENTED_EDGE ( 'NONE', *, *, #2493, .T. ) ;
#711 = FACE_BOUND ( 'NONE', #3151, .T. ) ;
#712 = LINE ( 'NONE', #70, #2964 ) ;
#713 = DIRECTION ( 'NONE',  ( 0.000000000000000000, -1.000000000000000000, 0.000000000000000000 ) ) ;
#714 = CARTESIAN_POINT ( 'NONE',  ( 111.7809210205080035, 109.7866973876949999, 1.532249450683589975 ) ) ;
#715 = CARTESIAN_POINT ( 'NONE',  ( 75.55343627929690342, 110.5573577880859943, 10.79572105407710048 ) ) ;
#716 = ADVANCED_FACE ( 'NONE', ( #1361 ), #3016, .T. ) ;
#717 = ORIENTED_EDGE ( 'NONE', *, *, #973, .F. ) ;
#718 = CARTESIAN_POINT ( 'NONE',  ( 74.51279113769530227, 103.0119571686189914, 22.70369815819989867 ) ) ;
#719 = VERTEX_POINT ( 'NONE', #556 ) ;
#720 = ADVANCED_FACE ( 'NONE', ( #1635 ), #2740, .T. ) ;
#721 = CARTESIAN_POINT ( 'NONE',  ( 74.51279113769530227, 99.53611373896720238, 14.96409320826940181 ) ) ;
#722 = EDGE_CURVE ( 'NONE', #2792, #3448, #1410, .T. ) ;
#723 = LINE ( 'NONE', #1498, #757 ) ;
#724 = ADVANCED_FACE ( 'NONE', ( #1088 ), #1648, .T. ) ;
#725 = EDGE_LOOP ( 'NONE', ( #2866, #2253, #1327, #777 ) ) ;
#726 = CARTESIAN_POINT ( 'NONE',  ( 84.05343627929690342, 109.7866973876949999, 3.464101791381839934 ) ) ;
#727 = EDGE_CURVE ( 'NONE', #1416, #2009, #1395, .T. ) ;
#728 = CARTESIAN_POINT ( 'NONE',  ( 117.7227911376949976, 105.4820880890380010, 22.20573520655729993 ) ) ;
#729 = EDGE_CURVE ( 'NONE', #2267, #343, #1131, .T. ) ;
#730 = ORIENTED_EDGE ( 'NONE', *, *, #1369, .F. ) ;
#731 = CARTESIAN_POINT ( 'NONE',  ( 78.05343627929690342, 101.7866973876950141, 3.464101791381839934 ) ) ;
#732 = DIRECTION ( 'NONE',  ( 1.000000000000000000, 0.000000000000000000, 0.000000000000000000 ) ) ;
#733 = DIRECTION ( 'NONE',  ( 1.000000000000000000, 0.000000000000000000, 8.881784197001250351E-16 ) ) ;
#734 = DIRECTION ( 'NONE',  ( -0.6087605843998431521, 0.000000000000000000, 0.7933539883817070093 ) ) ;
#735 = CARTESIAN_POINT ( 'NONE',  ( 114.0306158447269951, 101.7866973876950141, 4.464101791381840378 ) ) ;
#736 = CARTESIAN_POINT ( 'NONE',  ( 81.98529052734369316, 109.7866973876949999, 3.981739997863770419 ) ) ;
#737 = LINE ( 'NONE', #2169, #1752 ) ;
#738 = EDGE_CURVE ( 'NONE', #219, #3312, #572, .T. ) ;
#739 = ORIENTED_EDGE ( 'NONE', *, *, #1999, .T. ) ;
#740 = PLANE ( 'NONE',  #2904 ) ;
#741 = ORIENTED_EDGE ( 'NONE', *, *, #3469, .F. ) ;
#742 = ADVANCED_FACE ( 'NONE', ( #307, #1377 ), #26, .F. ) ;
#743 = CARTESIAN_POINT ( 'NONE',  ( 75.55343627929690342, 110.1203045826810012, 11.36528501770969868 ) ) ;
#744 = CARTESIAN_POINT ( 'NONE',  ( 110.2985601806639977, 101.7866973876950141, 3.464101791381839934 ) ) ;
#745 = ORIENTED_EDGE ( 'NONE', *, *, #519, .T. ) ;
#746 = EDGE_CURVE ( 'NONE', #1929, #1376, #3336, .T. ) ;
#747 = DIRECTION ( 'NONE',  ( -0.9914448304674222667, 0.000000000000000000, 0.1305264269771610197 ) ) ;
#748 = CARTESIAN_POINT ( 'NONE',  ( 107.7985601806639977, 103.4866973876950027, 0.000000000000000000 ) ) ;
#749 = CARTESIAN_POINT ( 'NONE',  ( 117.7227911376949976, 107.0923862457719906, 20.37159252163889889 ) ) ;
#750 = DIRECTION ( 'NONE',  ( -1.000000000000000000, 0.000000000000000000, 0.000000000000000000 ) ) ;
#751 = CARTESIAN_POINT ( 'NONE',  ( 80.57107543945309658, 101.7866973876950141, 5.395953178405759942 ) ) ;
#752 = AXIS2_PLACEMENT_3D ( 'NONE', #2703, #1850, #1357 ) ;
#753 = CARTESIAN_POINT ( 'NONE',  ( 74.51279113769530227, 103.4956226349320048, 22.95279979699569850 ) ) ;
#754 = CARTESIAN_POINT ( 'NONE',  ( 116.2985601806640119, 109.7866973876949999, 3.464101791381839934 ) ) ;
#755 = FACE_OUTER_BOUND ( 'NONE', #853, .T. ) ;
#756 = ORIENTED_EDGE ( 'NONE', *, *, #3459, .T. ) ;
#757 = VECTOR ( 'NONE', #3165, 999.9999999999998863 ) ;
#758 = PRESENTATION_LAYER_ASSIGNMENT (  '', '', ( #2205 ) ) ;
#759 = DIRECTION ( 'NONE',  ( -0.9914455084722341160, 0.000000000000000000, 0.1305212769253860372 ) ) ;
#760 = AXIS2_PLACEMENT_3D ( 'NONE', #2109, #1841, #2946 ) ;
#761 = EDGE_LOOP ( 'NONE', ( #889, #756 ) ) ;
#762 = LINE ( 'NONE', #1872, #1001 ) ;
#763 = AXIS2_PLACEMENT_3D ( 'NONE', #3147, #1200, #149 ) ;
#764 = CARTESIAN_POINT ( 'NONE',  ( 116.7985601806640119, 107.7866973876949999, 13.46409320831300072 ) ) ;
#765 = EDGE_CURVE ( 'NONE', #3377, #2870, #3051, .T. ) ;
#766 = ORIENTED_EDGE ( 'NONE', *, *, #1032, .F. ) ;
#767 = AXIS2_PLACEMENT_3D ( 'NONE', #1598, #3279, #2091 ) ;
#768 = DIRECTION ( 'NONE',  ( 0.000000000000000000, 1.000000000000000000, 0.000000000000000000 ) ) ;
#769 = CARTESIAN_POINT ( 'NONE',  ( 111.7809210205080035, 101.7866973876950141, 1.532249450683589975 ) ) ;
#770 = VECTOR ( 'NONE', #2873, 1000.000000000000114 ) ;
#771 = EDGE_CURVE ( 'NONE', #2853, #2956, #3089, .T. ) ;
#772 = VECTOR ( 'NONE', #97, 1000.000000000000000 ) ;
#773 = CARTESIAN_POINT ( 'NONE',  ( 96.17599822998046477, 103.4866973876950027, 14.96409320826940004 ) ) ;
#774 = CARTESIAN_POINT ( 'NONE',  ( 78.05343627929690342, 110.4185193369179956, 6.928203582763670987 ) ) ;
#775 = CARTESIAN_POINT ( 'NONE',  ( 112.8161993408200061, 109.7866973876949999, 1.532249450683589975 ) ) ;
#776 = EDGE_CURVE ( 'NONE', #2840, #3108, #3349, .T. ) ;
#777 = ORIENTED_EDGE ( 'NONE', *, *, #1603, .T. ) ;
#778 = CARTESIAN_POINT ( 'NONE',  ( 74.51279113769530227, 108.7919330597279952, 17.84175968169499882 ) ) ;
#779 = ORIENTED_EDGE ( 'NONE', *, *, #1305, .T. ) ;
#780 = DIRECTION ( 'NONE',  ( 0.1305356407156920417, 0.000000000000000000, -0.9914436174099582333 ) ) ;
#781 = ORIENTED_EDGE ( 'NONE', *, *, #3099, .F. ) ;
#782 = LINE ( 'NONE', #2120, #1292 ) ;
#783 = CARTESIAN_POINT ( 'NONE',  ( 110.5665121459960005, 109.7866973876949999, 2.464101791381839934 ) ) ;
#784 = ORIENTED_EDGE ( 'NONE', *, *, #1624, .T. ) ;
#785 = CARTESIAN_POINT ( 'NONE',  ( 117.7227911376949976, 107.9337940216470031, 19.17189693449130061 ) ) ;
#786 = FACE_OUTER_BOUND ( 'NONE', #445, .T. ) ;
#787 = PLANE ( 'NONE',  #3380 ) ;
#788 = DIRECTION ( 'NONE',  ( 1.776356839400250070E-15, 1.000000000000000000, 1.110223024625160090E-15 ) ) ;
#789 = EDGE_CURVE ( 'NONE', #2540, #1534, #3064, .T. ) ;
#790 = FACE_OUTER_BOUND ( 'NONE', #1908, .T. ) ;
#791 = VERTEX_POINT ( 'NONE', #1423 ) ;
#792 = DIRECTION ( 'NONE',  ( 0.7933570454419661688, 0.000000000000000000, -0.6087566003318519714 ) ) ;
#793 = ORIENTED_EDGE ( 'NONE', *, *, #2051, .T. ) ;
#794 = EDGE_CURVE ( 'NONE', #308, #3448, #2299, .T. ) ;
#795 = PLANE ( 'NONE',  #1804 ) ;
#796 = DIRECTION ( 'NONE',  ( -0.1305212769253860094, 0.000000000000000000, -0.9914455084722340050 ) ) ;
#797 = ORIENTED_EDGE ( 'NONE', *, *, #3143, .T. ) ;
#798 = LINE ( 'NONE', #2477, #825 ) ;
#799 = LINE ( 'NONE', #233, #1098 ) ;
#800 = ORIENTED_EDGE ( 'NONE', *, *, #316, .F. ) ;
#801 = CARTESIAN_POINT ( 'NONE',  ( 82.36421388989239745, 109.7866973876949999, 6.389920943971089784 ) ) ;
#802 = VERTEX_POINT ( 'NONE', #2026 ) ;
#803 = SURFACE_STYLE_USAGE ( .BOTH. , #30 ) ;
#804 = CARTESIAN_POINT ( 'NONE',  ( 111.7809210205080035, 109.7866973876949999, 1.532249450683589975 ) ) ;
#805 = DIRECTION ( 'NONE',  ( 1.776356839400250070E-15, 1.000000000000000000, -7.216449660063520471E-16 ) ) ;
#806 = CARTESIAN_POINT ( 'NONE',  ( 84.05343627929690342, 109.7866973876949999, 3.464101791381839934 ) ) ;
#807 = ORIENTED_EDGE ( 'NONE', *, *, #3411, .T. ) ;
#808 = EDGE_CURVE ( 'NONE', #3567, #583, #2595, .T. ) ;
#809 = CARTESIAN_POINT ( 'NONE',  ( 112.8161993408200061, 101.7866973876950141, 5.395953178405759942 ) ) ;
#810 = VERTEX_POINT ( 'NONE', #104 ) ;
#811 = AXIS2_PLACEMENT_3D ( 'NONE', #2750, #1632, #542 ) ;
#812 = EDGE_CURVE ( 'NONE', #3060, #3519, #3461, .T. ) ;
#813 = VECTOR ( 'NONE', #2670, 1000.000000000000000 ) ;
#814 = ORIENTED_EDGE ( 'NONE', *, *, #454, .T. ) ;
#815 = AXIS2_PLACEMENT_3D ( 'NONE', #2001, #3085, #1434 ) ;
#816 = ORIENTED_EDGE ( 'NONE', *, *, #1476, .T. ) ;
#817 = CYLINDRICAL_SURFACE ( 'NONE', #2676, 3.000000000000002665 ) ;
#818 = VECTOR ( 'NONE', #1420, 1000.000000000000000 ) ;
#819 = CARTESIAN_POINT ( 'NONE',  ( 112.8161993408200061, 101.7866973876950141, 1.532249450683589975 ) ) ;
#820 = ORIENTED_EDGE ( 'NONE', *, *, #2073, .F. ) ;
#821 = EDGE_LOOP ( 'NONE', ( #606, #1637, #3267, #3530 ) ) ;
#822 = VECTOR ( 'NONE', #1560, 1000.000000000000000 ) ;
#823 = CARTESIAN_POINT ( 'NONE',  ( 75.55343627929690342, 110.8320770263670028, 10.13247299194340023 ) ) ;
#824 = ORIENTED_EDGE ( 'NONE', *, *, #2241, .T. ) ;
#825 = VECTOR ( 'NONE', #1356, 1000.000000000000000 ) ;
#826 = FACE_OUTER_BOUND ( 'NONE', #174, .T. ) ;
#827 = DIRECTION ( 'NONE',  ( -1.000000000000000000, 0.000000000000000000, 0.000000000000000000 ) ) ;
#828 = VECTOR ( 'NONE', #595, 1000.000000000000000 ) ;
#829 = CARTESIAN_POINT ( 'NONE',  ( 114.0306158447269951, 109.7866973876949999, 4.464101791381840378 ) ) ;
#830 = VERTEX_POINT ( 'NONE', #1740 ) ;
#831 = EDGE_CURVE ( 'NONE', #574, #1505, #3322, .T. ) ;
#832 = ORIENTED_EDGE ( 'NONE', *, *, #990, .T. ) ;
#833 = ADVANCED_FACE ( 'NONE', ( #608 ), #2867, .F. ) ;
#834 = ADVANCED_FACE ( 'NONE', ( #3183 ), #2006, .T. ) ;
#835 = ADVANCED_BREP_SHAPE_REPRESENTATION ( 'smallmodif00', ( #1670, #2023 ), #119 ) ;
#836 = CARTESIAN_POINT ( 'NONE',  ( 78.32138824462889204, 101.7866973876950141, 4.464101791381840378 ) ) ;
#837 = ORIENTED_EDGE ( 'NONE', *, *, #2411, .F. ) ;
#838 = EDGE_CURVE ( 'NONE', #1407, #2953, #1243, .T. ) ;
#839 = CARTESIAN_POINT ( 'NONE',  ( 116.7985601806640119, 107.7866973876949999, 14.96409320831483036 ) ) ;
#840 = ORIENTED_EDGE ( 'NONE', *, *, #19, .T. ) ;
#841 = CARTESIAN_POINT ( 'NONE',  ( 117.7227911376949976, 110.5361061096449902, 14.96409320833000045 ) ) ;
#842 = CARTESIAN_POINT ( 'NONE',  ( 74.51279113769530227, 104.7243518829830009, 22.75322246546129890 ) ) ;
#843 = CARTESIAN_POINT ( 'NONE',  ( 80.05343627929690342, 101.7866973876950141, 1.464101791381839934 ) ) ;
#844 = LINE ( 'NONE', #2220, #2330 ) ;
#845 = CARTESIAN_POINT ( 'NONE',  ( 82.05343627929690342, 109.7866973876949999, 3.464101791381839934 ) ) ;
#846 = ORIENTED_EDGE ( 'NONE', *, *, #479, .T. ) ;
#847 = EDGE_LOOP ( 'NONE', ( #2607, #816, #2505, #3088 ) ) ;
#848 = CARTESIAN_POINT ( 'NONE',  ( 78.63922119140620737, 109.7866973876949999, 4.878314971923830790 ) ) ;
#849 = EDGE_LOOP ( 'NONE', ( #1611, #2465, #685, #766 ) ) ;
#850 = EDGE_CURVE ( 'NONE', #2512, #2853, #1988, .T. ) ;
#851 = ORIENTED_EDGE ( 'NONE', *, *, #21, .F. ) ;
#852 = DIRECTION ( 'NONE',  ( 0.6087566003318519714, 0.000000000000000000, -0.7933570454419661688 ) ) ;
#853 = EDGE_LOOP ( 'NONE', ( #824, #1453, #1913, #2631, #670, #1426, #1132, #3120 ) ) ;
#854 = ADVANCED_FACE ( 'NONE', ( #2578 ), #360, .T. ) ;
#855 = CARTESIAN_POINT ( 'NONE',  ( 110.3667135620120092, 109.7866973876949999, 2.946463584899900123 ) ) ;
#856 = ORIENTED_EDGE ( 'NONE', *, *, #492, .T. ) ;
#857 = LINE ( 'NONE', #3368, #1167 ) ;
#858 = LINE ( 'NONE', #2831, #2974 ) ;
#859 = CARTESIAN_POINT ( 'NONE',  ( 116.2985601806640119, 109.7866973876949999, 3.464101791381839934 ) ) ;
#860 = DIRECTION ( 'NONE',  ( -0.4999999809210190493, 0.000000000000000000, 0.8660254147996930829 ) ) ;
#861 = ORIENTED_EDGE ( 'NONE', *, *, #3581, .T. ) ;
#862 = ORIENTED_EDGE ( 'NONE', *, *, #2136, .T. ) ;
#863 = FACE_OUTER_BOUND ( 'NONE', #1103, .T. ) ;
#864 = CARTESIAN_POINT ( 'NONE',  ( 74.51279113769530227, 107.0923862457719906, 20.37159252163889889 ) ) ;
#865 = AXIS2_PLACEMENT_3D ( 'NONE', #1303, #2113, #1863 ) ;
#866 = EDGE_LOOP ( 'NONE', ( #1592, #1717, #2450, #144, #394 ) ) ;
#867 = VECTOR ( 'NONE', #1256, 1000.000000000000000 ) ;
#868 = DIRECTION ( 'NONE',  ( -1.000000000000000000, 0.000000000000000000, 0.000000000000000000 ) ) ;
#869 = ORIENTED_EDGE ( 'NONE', *, *, #2532, .T. ) ;
#870 = ADVANCED_FACE ( 'NONE', ( #416 ), #3420, .T. ) ;
#871 = VERTEX_POINT ( 'NONE', #2616 ) ;
#872 = VECTOR ( 'NONE', #1940, 1000.000000000000000 ) ;
#873 = DIRECTION ( 'NONE',  ( 0.000000000000000000, -1.000000000000000000, 0.000000000000000000 ) ) ;
#874 = ORIENTED_EDGE ( 'NONE', *, *, #2425, .F. ) ;
#875 = DIRECTION ( 'NONE',  ( 0.4999999809210190493, 3.552713543236190488E-15, 0.8660254147996930829 ) ) ;
#876 = AXIS2_PLACEMENT_3D ( 'NONE', #2600, #1225, #1427 ) ;
#877 = CARTESIAN_POINT ( 'NONE',  ( 107.7985601806639977, 103.4866973876950027, 14.96409320829115508 ) ) ;
#878 = ADVANCED_FACE ( 'NONE', ( #395 ), #87, .T. ) ;
#879 = VECTOR ( 'NONE', #683, 1000.000000000000000 ) ;
#880 = DIRECTION ( 'NONE',  ( 0.000000000000000000, 1.000000000000000000, 8.881784197001250351E-16 ) ) ;
#881 = DIRECTION ( 'NONE',  ( 0.000000000000000000, 1.000000000000000000, 0.000000000000000000 ) ) ;
#882 = VERTEX_POINT ( 'NONE', #2825 ) ;
#883 = AXIS2_PLACEMENT_3D ( 'NONE', #2219, #3369, #3128 ) ;
#884 = EDGE_CURVE ( 'NONE', #2521, #2807, #926, .T. ) ;
#885 = EDGE_LOOP ( 'NONE', ( #12, #2461, #589, #2562 ) ) ;
#886 = DIRECTION ( 'NONE',  ( 1.776356839400250070E-15, 1.000000000000000000, 7.216449660063520471E-16 ) ) ;
#887 = CARTESIAN_POINT ( 'NONE',  ( 116.7985601806640119, 101.7866973877392525, 14.96409320828179190 ) ) ;
#888 = ORIENTED_EDGE ( 'NONE', *, *, #3546, .F. ) ;
#889 = ORIENTED_EDGE ( 'NONE', *, *, #674, .T. ) ;
#890 = CARTESIAN_POINT ( 'NONE',  ( 117.7227911376949976, 107.0923862457719906, 20.37159252163889889 ) ) ;
#891 = CARTESIAN_POINT ( 'NONE',  ( 78.12158203125000000, 101.7866973876950141, 3.981739997863770419 ) ) ;
#892 = EDGE_LOOP ( 'NONE', ( #784, #165, #1529, #1662, #2899, #378, #1758, #3063, #322, #2172, #1014, #2005, #1263, #3343, #133, #995, #2409, #499, #1124 ) ) ;
#893 = VERTEX_POINT ( 'NONE', #1441 ) ;
#894 = CARTESIAN_POINT ( 'NONE',  ( 110.5665121459960005, 109.7866973876949999, 2.464101791381839934 ) ) ;
#895 = DIRECTION ( 'NONE',  ( 0.000000000000000000, -0.5742044792245268869, 0.8187119249397128984 ) ) ;
#896 = PLANE ( 'NONE',  #585 ) ;
#897 = DIRECTION ( 'NONE',  ( -0.000000000000000000, 0.000000000000000000, -1.000000000000000000 ) ) ;
#898 = ORIENTED_EDGE ( 'NONE', *, *, #1856, .F. ) ;
#899 = ADVANCED_FACE ( 'NONE', ( #2558 ), #64, .T. ) ;
#900 = DIRECTION ( 'NONE',  ( 0.000000000000000000, 1.000000000000000000, -9.436895709313830594E-16 ) ) ;
#901 = ADVANCED_FACE ( 'NONE', ( #2320 ), #3445, .T. ) ;
#902 = ORIENTED_EDGE ( 'NONE', *, *, #1833, .F. ) ;
#903 = DIRECTION ( 'NONE',  ( 1.000000000000000000, 0.000000000000000000, 0.000000000000000000 ) ) ;
#904 = CARTESIAN_POINT ( 'NONE',  ( 78.63922119140630684, 101.7866973876950141, 2.049888610839829983 ) ) ;
#905 = VERTEX_POINT ( 'NONE', #2426 ) ;
#906 = ORIENTED_EDGE ( 'NONE', *, *, #25, .F. ) ;
#907 = CARTESIAN_POINT ( 'NONE',  ( 75.55343627929690342, 110.1203509371860036, 11.36523866306830222 ) ) ;
#908 = DIRECTION ( 'NONE',  ( 0.6087566003318519714, 0.000000000000000000, 0.7933570454419661688 ) ) ;
#909 = EDGE_LOOP ( 'NONE', ( #1965, #3401 ) ) ;
#910 = ORIENTED_EDGE ( 'NONE', *, *, #540, .F. ) ;
#911 = DIRECTION ( 'NONE',  ( 0.000000000000000000, -0.7933529235767839971, -0.6087619720811819901 ) ) ;
#912 = CARTESIAN_POINT ( 'NONE',  ( 113.7127752685550064, 101.7866973876950141, 2.049888610839839753 ) ) ;
#913 = PLANE ( 'NONE',  #883 ) ;
#914 = FACE_BOUND ( 'NONE', #1657, .T. ) ;
#915 = ORIENTED_EDGE ( 'NONE', *, *, #2895, .F. ) ;
#916 = LINE ( 'NONE', #3132, #2102 ) ;
#917 = CARTESIAN_POINT ( 'NONE',  ( 81.05343627929690342, 101.7866973876950141, 1.732050895690919967 ) ) ;
#918 = CARTESIAN_POINT ( 'NONE',  ( 76.05343627929690342, 109.7866973876949999, 3.464101791381839934 ) ) ;
#919 = ADVANCED_FACE ( 'NONE', ( #1576 ), #2925, .T. ) ;
#920 = ORIENTED_EDGE ( 'NONE', *, *, #40, .T. ) ;
#921 = LINE ( 'NONE', #2842, #234 ) ;
#922 = ADVANCED_FACE ( 'NONE', ( #1609 ), #2702, .T. ) ;
#923 = DIRECTION ( 'NONE',  ( 0.000000000000000000, -0.7499561242442090991, -0.6614875748709151404 ) ) ;
#924 = ORIENTED_EDGE ( 'NONE', *, *, #1924, .F. ) ;
#925 = VERTEX_POINT ( 'NONE', #1324 ) ;
#926 = LINE ( 'NONE', #340, #2968 ) ;
#927 = AXIS2_PLACEMENT_3D ( 'NONE', #1600, #457, #223 ) ;
#928 = CARTESIAN_POINT ( 'NONE',  ( 117.7227911376949976, 104.3597812653059975, 22.91554927820239840 ) ) ;
#929 = ORIENTED_EDGE ( 'NONE', *, *, #2760, .T. ) ;
#930 = CARTESIAN_POINT ( 'NONE',  ( 78.05343627929690342, 109.7866973876949999, 9.992007221626410836E-16 ) ) ;
#931 = VERTEX_POINT ( 'NONE', #1540 ) ;
#932 = VECTOR ( 'NONE', #2593, 1000.000000000000114 ) ;
#933 = CARTESIAN_POINT ( 'NONE',  ( 84.55343627929690342, 112.7866973876949999, 13.46409320831300072 ) ) ;
#934 = CARTESIAN_POINT ( 'NONE',  ( 110.1783721745930222, 110.2335731595149895, 6.720031839196979995 ) ) ;
#935 = DIRECTION ( 'NONE',  ( 0.3826922874341510683, 0.000000000000000000, -0.9238758645718682105 ) ) ;
#936 = VECTOR ( 'NONE', #2249, 1000.000000000000000 ) ;
#937 = PLANE ( 'NONE',  #3443 ) ;
#938 = VERTEX_POINT ( 'NONE', #1003 ) ;
#939 = AXIS2_PLACEMENT_3D ( 'NONE', #612, #911, #630 ) ;
#940 = DIRECTION ( 'NONE',  ( 0.9914450668446497250, 0.000000000000000000, 0.1305246315045859307 ) ) ;
#941 = AXIS2_PLACEMENT_3D ( 'NONE', #1353, #2115, #1319 ) ;
#942 = AXIS2_PLACEMENT_3D ( 'NONE', #2057, #2331, #3470 ) ;
#943 = VERTEX_POINT ( 'NONE', #1340 ) ;
#944 = VECTOR ( 'NONE', #2747, 1000.000000000000000 ) ;
#945 = CARTESIAN_POINT ( 'NONE',  ( 81.46765136718750000, 101.7866973876950141, 2.049888610839859737 ) ) ;
#946 = CARTESIAN_POINT ( 'NONE',  ( 80.05343627929690342, 101.7866973876950141, 5.464101791381840378 ) ) ;
#947 = VERTEX_POINT ( 'NONE', #1273 ) ;
#948 = ORIENTED_EDGE ( 'NONE', *, *, #3098, .T. ) ;
#949 = EDGE_CURVE ( 'NONE', #1318, #558, #782, .T. ) ;
#950 = CARTESIAN_POINT ( 'NONE',  ( 82.36421388989239745, 109.7866973876949999, 6.389920943971089784 ) ) ;
#951 = CARTESIAN_POINT ( 'NONE',  ( 80.57107543945309658, 109.7866973876949999, 5.395953178405759942 ) ) ;
#952 = EDGE_LOOP ( 'NONE', ( #1701, #2252, #321, #103 ) ) ;
#953 = ORIENTED_EDGE ( 'NONE', *, *, #2988, .F. ) ;
#954 = ADVANCED_FACE ( 'NONE', ( #1838 ), #706, .T. ) ;
#955 = CARTESIAN_POINT ( 'NONE',  ( 114.6093377912599891, 109.7866973876949999, 6.389920943971089784 ) ) ;
#956 = LINE ( 'NONE', #2891, #2617 ) ;
#957 = DIRECTION ( 'NONE',  ( 0.000000000000000000, 2.110926372141859940E-15, 1.000000000000000000 ) ) ;
#958 = LINE ( 'NONE', #3428, #641 ) ;
#959 = CARTESIAN_POINT ( 'NONE',  ( 81.05343627929690342, 109.7866973876949999, 5.196151733398440165 ) ) ;
#960 = FACE_OUTER_BOUND ( 'NONE', #2116, .T. ) ;
#961 = EDGE_LOOP ( 'NONE', ( #305, #66, #2619, #1660 ) ) ;
#962 = CARTESIAN_POINT ( 'NONE',  ( 78.05343627929690342, 109.7866973876949999, 0.000000000000000000 ) ) ;
#963 = CARTESIAN_POINT ( 'NONE',  ( 112.8161993408200061, 109.7866973876949999, 5.395953178405759942 ) ) ;
#964 = EDGE_LOOP ( 'NONE', ( #2358, #3436, #1722, #3100 ) ) ;
#965 = DIRECTION ( 'NONE',  ( -0.3826922874341510683, 0.000000000000000000, -0.9238758645718682105 ) ) ;
#966 = CARTESIAN_POINT ( 'NONE',  ( 117.7227911376949976, 106.2732944488989943, 21.39736461635580156 ) ) ;
#967 = VERTEX_POINT ( 'NONE', #1889 ) ;
#968 = ADVANCED_FACE ( 'NONE', ( #3223 ), #468, .T. ) ;
#969 = ORIENTED_EDGE ( 'NONE', *, *, #3009, .T. ) ;
#970 = FACE_OUTER_BOUND ( 'NONE', #662, .T. ) ;
#971 = LINE ( 'NONE', #2363, #354 ) ;
#972 = DIRECTION ( 'NONE',  ( 0.9238810309891090089, 0.000000000000000000, 0.3826798146995750161 ) ) ;
#973 = EDGE_CURVE ( 'NONE', #1794, #1035, #3057, .T. ) ;
#974 = LINE ( 'NONE', #2074, #1869 ) ;
#975 = CARTESIAN_POINT ( 'NONE',  ( 74.51279113769530227, 107.9337940216470031, 19.17189693449130061 ) ) ;
#976 = CARTESIAN_POINT ( 'NONE',  ( 113.7127752685550064, 101.7866973876950141, 2.049888610839859737 ) ) ;
#977 = ORIENTED_EDGE ( 'NONE', *, *, #738, .T. ) ;
#978 = LINE ( 'NONE', #680, #3550 ) ;
#979 = DIRECTION ( 'NONE',  ( 0.000000000000000000, 1.000000000000000000, -2.220446049250309876E-16 ) ) ;
#980 = VERTEX_POINT ( 'NONE', #203 ) ;
#981 = DIRECTION ( 'NONE',  ( -0.8660254147996931939, 0.000000000000000000, -0.4999999809210191049 ) ) ;
#982 = DIRECTION ( 'NONE',  ( 0.6087676418570938663, 0.000000000000000000, 0.7933485729663557473 ) ) ;
#983 = VERTEX_POINT ( 'NONE', #2714 ) ;
#984 = CARTESIAN_POINT ( 'NONE',  ( 116.7985601806640119, 108.1757812500000000, 8.920721054077150214 ) ) ;
#985 = FACE_OUTER_BOUND ( 'NONE', #3239, .T. ) ;
#986 = CARTESIAN_POINT ( 'NONE',  ( 45.85249920771785526, 103.4866973876950027, 56.09726253941909135 ) ) ;
#987 = EDGE_CURVE ( 'NONE', #938, #2981, #3517, .T. ) ;
#988 = AXIS2_PLACEMENT_3D ( 'NONE', #1783, #982, #2083 ) ;
#989 = FACE_OUTER_BOUND ( 'NONE', #866, .T. ) ;
#990 = EDGE_CURVE ( 'NONE', #615, #1535, #1018, .T. ) ;
#991 = CIRCLE ( 'NONE', #3493, 3.000000000000002665 ) ;
#992 = DIRECTION ( 'NONE',  ( -1.000000000000000000, 0.000000000000000000, 0.000000000000000000 ) ) ;
#993 = AXIS2_PLACEMENT_3D ( 'NONE', #3198, #3515, #1815 ) ;
#994 = LINE ( 'NONE', #775, #2548 ) ;
#995 = ORIENTED_EDGE ( 'NONE', *, *, #1, .T. ) ;
#996 = AXIS2_PLACEMENT_3D ( 'NONE', #2218, #2522, #2269 ) ;
#997 = CARTESIAN_POINT ( 'NONE',  ( 78.05343627929690342, 112.7866973876949999, 2.331468351712829918E-15 ) ) ;
#998 = EDGE_CURVE ( 'NONE', #810, #1886, #485, .T. ) ;
#999 = AXIS2_PLACEMENT_3D ( 'NONE', #984, #2401, #1055 ) ;
#1000 = CARTESIAN_POINT ( 'NONE',  ( 74.51279113769530227, 103.3315372467470041, 22.89210414880160371 ) ) ;
#1001 = VECTOR ( 'NONE', #182, 1000.000000000000000 ) ;
#1002 = EDGE_LOOP ( 'NONE', ( #851, #1070, #2335, #1777 ) ) ;
#1003 = CARTESIAN_POINT ( 'NONE',  ( 116.7985601806640119, 112.7866973876949999, 13.46409320831300072 ) ) ;
#1004 = CARTESIAN_POINT ( 'NONE',  ( 78.32138824462889204, 109.7866973876949999, 2.464101791381839934 ) ) ;
#1005 = VECTOR ( 'NONE', #1654, 1000.000000000000000 ) ;
#1006 = ORIENTED_EDGE ( 'NONE', *, *, #3146, .T. ) ;
#1007 = CARTESIAN_POINT ( 'NONE',  ( 74.51279113769530227, 108.7919330597279952, 17.84175968169499882 ) ) ;
#1008 = LINE ( 'NONE', #155, #2686 ) ;
#1009 = LINE ( 'NONE', #1547, #1045 ) ;
#1010 = DIRECTION ( 'NONE',  ( 0.000000000000000000, -1.000000000000000000, 0.000000000000000000 ) ) ;
#1011 = FACE_OUTER_BOUND ( 'NONE', #24, .T. ) ;
#1012 = EDGE_CURVE ( 'NONE', #2259, #1269, #2668, .T. ) ;
#1013 = DIRECTION ( 'NONE',  ( 0.000000000000000000, 1.000000000000000000, -2.775557561562890365E-16 ) ) ;
#1014 = ORIENTED_EDGE ( 'NONE', *, *, #3553, .T. ) ;
#1015 = LINE ( 'NONE', #1832, #1966 ) ;
#1016 = EDGE_CURVE ( 'NONE', #2554, #3455, #762, .T. ) ;
#1017 = EDGE_LOOP ( 'NONE', ( #2442, #2667, #1166, #1487 ) ) ;
#1018 = LINE ( 'NONE', #2082, #1394 ) ;
#1019 = DIRECTION ( 'NONE',  ( 0.000000000000000000, -2.110926372141859940E-15, -1.000000000000000000 ) ) ;
#1020 = ORIENTED_EDGE ( 'NONE', *, *, #1955, .T. ) ;
#1021 = DIRECTION ( 'NONE',  ( -0.6087657977601961257, 0.000000000000000000, -0.7933499880112131475 ) ) ;
#1022 = CARTESIAN_POINT ( 'NONE',  ( 84.55343627929690342, 103.4866973876950027, 14.96409320829825873 ) ) ;
#1023 = LINE ( 'NONE', #156, #298 ) ;
#1024 = DIRECTION ( 'NONE',  ( -1.000000000000000000, 0.000000000000000000, 2.775557561562889810E-17 ) ) ;
#1025 = DIRECTION ( 'NONE',  ( -0.6328635146004257805, 0.000000000000000000, -0.7742633737221441548 ) ) ;
#1026 = PRODUCT_CONTEXT ( 'NONE', #1973, 'mechanical' ) ;
#1027 = CARTESIAN_POINT ( 'NONE',  ( 80.57107543945309658, 109.7866973876949999, 1.532249450683589975 ) ) ;
#1028 = ORIENTED_EDGE ( 'NONE', *, *, #3193, .F. ) ;
#1029 = EDGE_CURVE ( 'NONE', #2953, #1407, #2982, .T. ) ;
#1030 = DIRECTION ( 'NONE',  ( 0.9238810309891090089, 0.000000000000000000, -0.3826798146995750161 ) ) ;
#1031 = ORIENTED_EDGE ( 'NONE', *, *, #1586, .T. ) ;
#1032 = EDGE_CURVE ( 'NONE', #1721, #2870, #2957, .T. ) ;
#1033 = CARTESIAN_POINT ( 'NONE',  ( 81.05343627929690342, 101.7866973876950141, 5.196151733398449934 ) ) ;
#1034 = CARTESIAN_POINT ( 'NONE',  ( 114.2985601806640119, 109.7866973876949999, -3.885780586188049864E-16 ) ) ;
#1035 = VERTEX_POINT ( 'NONE', #2995 ) ;
#1036 = CARTESIAN_POINT ( 'NONE',  ( 81.78548431396480112, 109.7866973876949999, 4.464101791381840378 ) ) ;
#1037 = EDGE_CURVE ( 'NONE', #567, #20, #2651, .T. ) ;
#1038 = PLANE ( 'NONE',  #522 ) ;
#1039 = CARTESIAN_POINT ( 'NONE',  ( 79.53579711914061079, 109.7866973876949999, 5.395953178405759942 ) ) ;
#1040 = VECTOR ( 'NONE', #2066, 1000.000000000000114 ) ;
#1041 = CARTESIAN_POINT ( 'NONE',  ( 114.2304144287110006, 109.7866973876949999, 2.946463584899900123 ) ) ;
#1042 = CARTESIAN_POINT ( 'NONE',  ( 81.98529052734369316, 101.7866973876950141, 2.946463584899900123 ) ) ;
#1043 = ORIENTED_EDGE ( 'NONE', *, *, #1474, .T. ) ;
#1044 = VECTOR ( 'NONE', #1141, 1000.000000000000227 ) ;
#1045 = VECTOR ( 'NONE', #2384, 1000.000000000000114 ) ;
#1046 = DIRECTION ( 'NONE',  ( -1.000000000000000000, 0.000000000000000000, 0.000000000000000000 ) ) ;
#1047 = ORIENTED_EDGE ( 'NONE', *, *, #3033, .T. ) ;
#1048 = AXIS2_PLACEMENT_3D ( 'NONE', #2010, #3153, #1992 ) ;
#1049 = DIRECTION ( 'NONE',  ( -1.000000000000000000, 0.000000000000000000, 0.000000000000000000 ) ) ;
#1050 = AXIS2_PLACEMENT_3D ( 'NONE', #1932, #1709, #314 ) ;
#1051 = DIRECTION ( 'NONE',  ( 1.776356839400250070E-15, 1.000000000000000000, 7.216449660063520471E-16 ) ) ;
#1052 = VECTOR ( 'NONE', #940, 1000.000000000000114 ) ;
#1053 = EDGE_LOOP ( 'NONE', ( #2845, #2768 ) ) ;
#1054 = EDGE_CURVE ( 'NONE', #538, #2713, #1819, .T. ) ;
#1055 = DIRECTION ( 'NONE',  ( 0.000000000000000000, 1.000000000000000000, 0.000000000000000000 ) ) ;
#1056 = DIRECTION ( 'NONE',  ( 0.000000000000000000, 1.000000000000000000, 7.771561172376100713E-16 ) ) ;
#1057 = VECTOR ( 'NONE', #3058, 1000.000000000000227 ) ;
#1058 = EDGE_CURVE ( 'NONE', #1948, #2977, #798, .T. ) ;
#1059 = VECTOR ( 'NONE', #1582, 1000.000000000000000 ) ;
#1060 = LINE ( 'NONE', #2659, #2087 ) ;
#1061 = DIRECTION ( 'NONE',  ( 0.000000000000000000, 5.506064073066059802E-12, -1.000000000000000000 ) ) ;
#1062 = DIRECTION ( 'NONE',  ( 0.000000000000000000, 1.000000000000000000, 0.000000000000000000 ) ) ;
#1063 = SHAPE_DEFINITION_REPRESENTATION ( #151, #835 ) ;
#1064 = ORIENTED_EDGE ( 'NONE', *, *, #275, .F. ) ;
#1065 = DIRECTION ( 'NONE',  ( -0.9238788260947650155, 0.000000000000000000, 0.3826851378009850091 ) ) ;
#1066 = EDGE_LOOP ( 'NONE', ( #2459, #906, #95, #226, #2881 ) ) ;
#1067 = ORIENTED_EDGE ( 'NONE', *, *, #727, .T. ) ;
#1068 = CARTESIAN_POINT ( 'NONE',  ( 75.59343627929690967, 108.1757812500000000, 8.920721054077150214 ) ) ;
#1069 = LINE ( 'NONE', #502, #1730 ) ;
#1070 = ORIENTED_EDGE ( 'NONE', *, *, #2776, .T. ) ;
#1071 = VERTEX_POINT ( 'NONE', #3032 ) ;
#1072 = CARTESIAN_POINT ( 'NONE',  ( 114.2304144287110006, 109.7866973876949999, 2.946463584899900123 ) ) ;
#1073 = ORIENTED_EDGE ( 'NONE', *, *, #2121, .F. ) ;
#1074 = ADVANCED_FACE ( 'NONE', ( #2462 ), #541, .T. ) ;
#1075 = FILL_AREA_STYLE ('',( #2452 ) ) ;
#1076 = FACE_BOUND ( 'NONE', #1681, .T. ) ;
#1077 = CARTESIAN_POINT ( 'NONE',  ( 116.7985601806640119, 112.7866973876949999, 2.220446049250309876E-16 ) ) ;
#1078 = EDGE_CURVE ( 'NONE', #983, #186, #3290, .T. ) ;
#1079 = LINE ( 'NONE', #1653, #1436 ) ;
#1080 = ORIENTED_EDGE ( 'NONE', *, *, #812, .T. ) ;
#1081 = DIRECTION ( 'NONE',  ( -0.7933548705567949888, 0.000000000000000000, 0.6087594347226259472 ) ) ;
#1082 = VERTEX_POINT ( 'NONE', #1904 ) ;
#1083 = ORIENTED_EDGE ( 'NONE', *, *, #72, .T. ) ;
#1084 = CARTESIAN_POINT ( 'NONE',  ( 116.7985601806640119, 112.7866973876949999, 0.000000000000000000 ) ) ;
#1085 = CARTESIAN_POINT ( 'NONE',  ( 110.2985601806639977, 109.7866973876949999, 3.464101791381839934 ) ) ;
#1086 = ORIENTED_EDGE ( 'NONE', *, *, #3176, .T. ) ;
#1087 = VERTEX_POINT ( 'NONE', #2210 ) ;
#1088 = FACE_OUTER_BOUND ( 'NONE', #2223, .T. ) ;
#1089 = ORIENTED_EDGE ( 'NONE', *, *, #2798, .T. ) ;
#1090 = LINE ( 'NONE', #2722, #634 ) ;
#1091 = EDGE_CURVE ( 'NONE', #1385, #2406, #2189, .T. ) ;
#1092 = DIRECTION ( 'NONE',  ( 0.000000000000000000, -0.5421206122233328539, 0.8403006853517368535 ) ) ;
#1093 = LINE ( 'NONE', #1201, #1559 ) ;
#1094 = EDGE_CURVE ( 'NONE', #1794, #3572, #267, .T. ) ;
#1095 = PLANE ( 'NONE',  #580 ) ;
#1096 = ORIENTED_EDGE ( 'NONE', *, *, #2293, .T. ) ;
#1097 = EDGE_CURVE ( 'NONE', #3186, #39, #2444, .T. ) ;
#1098 = VECTOR ( 'NONE', #2445, 1000.000000000000000 ) ;
#1099 = VECTOR ( 'NONE', #780, 1000.000000000000227 ) ;
#1100 = ADVANCED_FACE ( 'NONE', ( #3568, #3309 ), #817, .F. ) ;
#1101 = VERTEX_POINT ( 'NONE', #3513 ) ;
#1102 = PRODUCT_RELATED_PRODUCT_CATEGORY ( 'part', '', ( #2902 ) ) ;
#1103 = EDGE_LOOP ( 'NONE', ( #2369, #1981, #2216, #3201, #2045, #1500, #3589, #3131 ) ) ;
#1104 = DIRECTION ( 'NONE',  ( 1.000000000000000000, 0.000000000000000000, 0.000000000000000000 ) ) ;
#1105 = VECTOR ( 'NONE', #2097, 1000.000000000000114 ) ;
#1106 = CARTESIAN_POINT ( 'NONE',  ( 74.51279113769530227, 99.53611373896720238, 14.96409320826940181 ) ) ;
#1107 = AXIS2_PLACEMENT_3D ( 'NONE', #1892, #1612, #504 ) ;
#1108 = MECHANICAL_DESIGN_GEOMETRIC_PRESENTATION_REPRESENTATION (  '', ( #2205 ), #57 ) ;
#1109 = ORIENTED_EDGE ( 'NONE', *, *, #3534, .T. ) ;
#1110 = AXIS2_PLACEMENT_3D ( 'NONE', #1313, #768, #1876 ) ;
#1111 = EDGE_CURVE ( 'NONE', #2977, #2569, #212, .T. ) ;
#1112 = VERTEX_POINT ( 'NONE', #497 ) ;
#1113 = VECTOR ( 'NONE', #1719, 1000.000000000000114 ) ;
#1114 = DIRECTION ( 'NONE',  ( 0.000000000000000000, 1.000000000000000000, 9.992007221626410836E-16 ) ) ;
#1115 = ORIENTED_EDGE ( 'NONE', *, *, #2927, .T. ) ;
#1116 = VECTOR ( 'NONE', #3355, 1000.000000000000000 ) ;
#1117 = SURFACE_STYLE_FILL_AREA ( #1075 ) ;
#1118 = ORIENTED_EDGE ( 'NONE', *, *, #2927, .F. ) ;
#1119 = PLANE ( 'NONE',  #996 ) ;
#1120 = CARTESIAN_POINT ( 'NONE',  ( 75.55343627929690342, 105.1757812500000000, 8.920721054077150214 ) ) ;
#1121 = CARTESIAN_POINT ( 'NONE',  ( 110.2985601806639977, 110.4185193369179956, 6.928203582763670987 ) ) ;
#1122 = VECTOR ( 'NONE', #2089, 999.9999999999998863 ) ;
#1123 = LINE ( 'NONE', #1961, #125 ) ;
#1124 = ORIENTED_EDGE ( 'NONE', *, *, #579, .T. ) ;
#1125 = EDGE_CURVE ( 'NONE', #2259, #3514, #3231, .T. ) ;
#1126 = ORIENTED_EDGE ( 'NONE', *, *, #3171, .T. ) ;
#1127 = LINE ( 'NONE', #1984, #2377 ) ;
#1128 = ADVANCED_FACE ( 'NONE', ( #3217 ), #2935, .T. ) ;
#1129 = CARTESIAN_POINT ( 'NONE',  ( 78.12158203125000000, 109.7866973876949999, 2.946463584899900123 ) ) ;
#1130 = VERTEX_POINT ( 'NONE', #2391 ) ;
#1131 = LINE ( 'NONE', #2517, #3375 ) ;
#1132 = ORIENTED_EDGE ( 'NONE', *, *, #3600, .F. ) ;
#1133 = LINE ( 'NONE', #841, #2721 ) ;
#1134 = LINE ( 'NONE', #2233, #936 ) ;
#1135 = DIRECTION ( 'NONE',  ( 1.000000000000000000, 0.000000000000000000, 0.000000000000000000 ) ) ;
#1136 = CARTESIAN_POINT ( 'NONE',  ( 84.54118347167970171, 101.7866973876950141, 14.96409320828179190 ) ) ;
#1137 = FACE_OUTER_BOUND ( 'NONE', #2370, .T. ) ;
#1138 = ORIENTED_EDGE ( 'NONE', *, *, #2243, .T. ) ;
#1139 = ORIENTED_EDGE ( 'NONE', *, *, #1955, .F. ) ;
#1140 = EDGE_CURVE ( 'NONE', #669, #1773, #737, .T. ) ;
#1141 = DIRECTION ( 'NONE',  ( -0.1305212769253860094, 0.000000000000000000, -0.9914455084722340050 ) ) ;
#1142 = ORIENTED_EDGE ( 'NONE', *, *, #808, .T. ) ;
#1143 = ADVANCED_FACE ( 'NONE', ( #247 ), #2100, .T. ) ;
#1144 = CARTESIAN_POINT ( 'NONE',  ( 75.55343627929690342, 111.1757812500000142, 8.920721054077150214 ) ) ;
#1145 = ORIENTED_EDGE ( 'NONE', *, *, #3412, .T. ) ;
#1146 = EDGE_LOOP ( 'NONE', ( #1240, #2319, #2000, #46 ) ) ;
#1147 = DIRECTION ( 'NONE',  ( -0.000000000000000000, 0.7146532346307221673, 0.6994789162168120189 ) ) ;
#1148 = ADVANCED_FACE ( 'NONE', ( #1830 ), #1845, .T. ) ;
#1149 = LINE ( 'NONE', #842, #1337 ) ;
#1150 = LINE ( 'NONE', #632, #2443 ) ;
#1151 = CARTESIAN_POINT ( 'NONE',  ( 114.0306158447269951, 101.7866973876950141, 4.464101791381830608 ) ) ;
#1152 = CARTESIAN_POINT ( 'NONE',  ( 74.51279113769530227, 0.000000000000000000, 0.000000000000000000 ) ) ;
#1153 = ORIENTED_EDGE ( 'NONE', *, *, #2820, .F. ) ;
#1154 = VERTEX_POINT ( 'NONE', #1552 ) ;
#1155 = CARTESIAN_POINT ( 'NONE',  ( 110.5665121459960005, 101.7866973876950141, 4.464101791381840378 ) ) ;
#1156 = DIRECTION ( 'NONE',  ( -0.7933548705567949888, 0.000000000000000000, -0.6087594347226259472 ) ) ;
#1157 = VECTOR ( 'NONE', #3580, 1000.000000000000000 ) ;
#1158 = VERTEX_POINT ( 'NONE', #2662 ) ;
#1159 = AXIS2_PLACEMENT_3D ( 'NONE', #918, #3136, #2862 ) ;
#1160 = ORIENTED_EDGE ( 'NONE', *, *, #1853, .T. ) ;
#1161 = DIRECTION ( 'NONE',  ( 1.000000000000000000, 0.000000000000000000, 0.000000000000000000 ) ) ;
#1162 = VECTOR ( 'NONE', #82, 1000.000000000000114 ) ;
#1163 = DIRECTION ( 'NONE',  ( -0.6328635146004258916, 0.000000000000000000, 0.7742633737221441548 ) ) ;
#1164 = EDGE_LOOP ( 'NONE', ( #1031, #710, #2101, #1020, #3163, #3150, #1411, #2545, #2748, #3402, #2780, #2016, #29, #797, #1086, #2771, #1180, #3166, #1272, #610, #3225, #356, #1901, #1363 ) ) ;
#1165 = ADVANCED_FACE ( 'NONE', ( #1900, #3526 ), #511, .T. ) ;
#1166 = ORIENTED_EDGE ( 'NONE', *, *, #3348, .T. ) ;
#1167 = VECTOR ( 'NONE', #875, 1000.000000000000114 ) ;
#1168 = CARTESIAN_POINT ( 'NONE',  ( 116.7985601806640119, 101.7866973876950141, 14.96409320829825873 ) ) ;
#1169 = LINE ( 'NONE', #577, #1446 ) ;
#1170 = DIRECTION ( 'NONE',  ( -0.7933548705567949888, 0.000000000000000000, 0.6087594347226259472 ) ) ;
#1171 = VECTOR ( 'NONE', #2544, 1000.000000000000000 ) ;
#1172 = ADVANCED_FACE ( 'NONE', ( #1570 ), #1620, .T. ) ;
#1173 = DIRECTION ( 'NONE',  ( -0.3826922874341510683, 0.000000000000000000, -0.9238758645718682105 ) ) ;
#1174 = ORIENTED_EDGE ( 'NONE', *, *, #1370, .T. ) ;
#1175 = VECTOR ( 'NONE', #71, 1000.000000000000000 ) ;
#1176 = CARTESIAN_POINT ( 'NONE',  ( 78.12158203125000000, 109.7866973876949999, 3.981739997863770419 ) ) ;
#1177 = ORIENTED_EDGE ( 'NONE', *, *, #386, .T. ) ;
#1178 = DIRECTION ( 'NONE',  ( -1.776356839400250070E-15, 1.000000000000000000, -1.554312234475220143E-15 ) ) ;
#1179 = DIRECTION ( 'NONE',  ( -0.6087566003318519714, 0.000000000000000000, -0.7933570454419661688 ) ) ;
#1180 = ORIENTED_EDGE ( 'NONE', *, *, #2225, .T. ) ;
#1181 = ORIENTED_EDGE ( 'NONE', *, *, #449, .F. ) ;
#1182 = CARTESIAN_POINT ( 'NONE',  ( 112.2985601806639977, 109.7866973876949999, 5.464101791381840378 ) ) ;
#1183 = DIRECTION ( 'NONE',  ( -0.9238788260947650155, 0.000000000000000000, -0.3826851378009850091 ) ) ;
#1184 = VERTEX_POINT ( 'NONE', #2710 ) ;
#1185 = ORIENTED_EDGE ( 'NONE', *, *, #2738, .F. ) ;
#1186 = LINE ( 'NONE', #3173, #702 ) ;
#1187 = DIRECTION ( 'NONE',  ( -6.661338147750943282E-13, -1.000000000000000000, 0.000000000000000000 ) ) ;
#1188 = LINE ( 'NONE', #1958, #828 ) ;
#1189 = EDGE_CURVE ( 'NONE', #161, #3186, #3541, .T. ) ;
#1190 = CARTESIAN_POINT ( 'NONE',  ( 107.7985601806639977, 107.7866973876909924, 22.99834838098309930 ) ) ;
#1191 = ORIENTED_EDGE ( 'NONE', *, *, #998, .F. ) ;
#1192 = DIRECTION ( 'NONE',  ( 0.000000000000000000, 1.000000000000000000, 0.000000000000000000 ) ) ;
#1193 = ADVANCED_FACE ( 'NONE', ( #3244 ), #225, .T. ) ;
#1194 = CARTESIAN_POINT ( 'NONE',  ( 107.7985601806639977, 107.7866973877352308, 14.96409320831483036 ) ) ;
#1195 = ORIENTED_EDGE ( 'NONE', *, *, #335, .T. ) ;
#1196 = DIRECTION ( 'NONE',  ( -0.000000000000000000, -0.000000000000000000, -1.000000000000000000 ) ) ;
#1197 = DIRECTION ( 'NONE',  ( 0.000000000000000000, 1.000000000000000000, 0.000000000000000000 ) ) ;
#1198 = VERTEX_POINT ( 'NONE', #2129 ) ;
#1199 = ORIENTED_EDGE ( 'NONE', *, *, #949, .F. ) ;
#1200 = DIRECTION ( 'NONE',  ( 0.000000000000000000, 0.000000000000000000, -1.000000000000000000 ) ) ;
#1201 = CARTESIAN_POINT ( 'NONE',  ( 108.2985601806639977, 109.7866973876949999, 3.464101791381839934 ) ) ;
#1202 = ORIENTED_EDGE ( 'NONE', *, *, #2246, .F. ) ;
#1203 = ORIENTED_EDGE ( 'NONE', *, *, #2653, .F. ) ;
#1204 = FACE_OUTER_BOUND ( 'NONE', #909, .T. ) ;
#1205 = LINE ( 'NONE', #2286, #575 ) ;
#1206 = DIRECTION ( 'NONE',  ( 0.000000000000000000, 1.000000000000000000, 0.000000000000000000 ) ) ;
#1207 = CARTESIAN_POINT ( 'NONE',  ( 107.7985601806639977, 110.1203509371860036, 11.36523866306830222 ) ) ;
#1208 = ORIENTED_EDGE ( 'NONE', *, *, #195, .T. ) ;
#1209 = CARTESIAN_POINT ( 'NONE',  ( 80.05343627929690342, 101.7866973876950141, 1.464101791381830164 ) ) ;
#1210 = CARTESIAN_POINT ( 'NONE',  ( 114.2985601806640119, 112.7866973876949999, 0.000000000000000000 ) ) ;
#1211 = EDGE_CURVE ( 'NONE', #1269, #791, #1306, .T. ) ;
#1212 = ADVANCED_FACE ( 'NONE', ( #755 ), #2976, .T. ) ;
#1213 = EDGE_LOOP ( 'NONE', ( #1307, #1360, #1456, #1605 ) ) ;
#1214 = LINE ( 'NONE', #318, #2086 ) ;
#1215 = CARTESIAN_POINT ( 'NONE',  ( 74.51279113769530227, 105.4820880890380010, 22.20573520655729993 ) ) ;
#1216 = ADVANCED_FACE ( 'NONE', ( #3564 ), #3268, .T. ) ;
#1217 = EDGE_CURVE ( 'NONE', #1621, #538, #2458, .T. ) ;
#1218 = ORIENTED_EDGE ( 'NONE', *, *, #2243, .F. ) ;
#1219 = CARTESIAN_POINT ( 'NONE',  ( 74.51279113769530227, 103.3315372467470041, 22.89210414880160371 ) ) ;
#1220 = AXIS2_PLACEMENT_3D ( 'NONE', #1085, #2190, #1577 ) ;
#1221 = CARTESIAN_POINT ( 'NONE',  ( 74.51279113769530227, 101.5590763092249915, 20.63125324242870207 ) ) ;
#1222 = ORIENTED_EDGE ( 'NONE', *, *, #2114, .T. ) ;
#1223 = VERTEX_POINT ( 'NONE', #1914 ) ;
#1224 = AXIS2_PLACEMENT_3D ( 'NONE', #1587, #1025, #2661 ) ;
#1225 = DIRECTION ( 'NONE',  ( -0.8660254147996931939, 0.000000000000000000, 0.4999999809210191049 ) ) ;
#1226 = VECTOR ( 'NONE', #1893, 1000.000000000000227 ) ;
#1227 = CARTESIAN_POINT ( 'NONE',  ( 75.59343627929690967, 105.1757812500000000, 8.920721054077150214 ) ) ;
#1228 = CARTESIAN_POINT ( 'NONE',  ( 107.7985601806639977, 112.7866973876949999, 1.110223024625159893E-15 ) ) ;
#1229 = VECTOR ( 'NONE', #2011, 1000.000000000000000 ) ;
#1230 = PLANE ( 'NONE',  #129 ) ;
#1231 = CARTESIAN_POINT ( 'NONE',  ( 107.7985601806639977, 103.4866973876950027, 5.464101791381848372 ) ) ;
#1232 = VECTOR ( 'NONE', #860, 1000.000000000000114 ) ;
#1233 = LINE ( 'NONE', #3134, #3270 ) ;
#1234 = VECTOR ( 'NONE', #1266, 1000.000000000000114 ) ;
#1235 = VERTEX_POINT ( 'NONE', #1641 ) ;
#1236 = LINE ( 'NONE', #3358, #2550 ) ;
#1237 = EDGE_CURVE ( 'NONE', #2247, #374, #2201, .T. ) ;
#1238 = LINE ( 'NONE', #1760, #932 ) ;
#1239 = VECTOR ( 'NONE', #401, 1000.000000000000000 ) ;
#1240 = ORIENTED_EDGE ( 'NONE', *, *, #3528, .T. ) ;
#1241 = EDGE_LOOP ( 'NONE', ( #1246, #3218 ) ) ;
#1242 = EDGE_CURVE ( 'NONE', #679, #2261, #536, .T. ) ;
#1243 = LINE ( 'NONE', #907, #879 ) ;
#1244 = LINE ( 'NONE', #2342, #813 ) ;
#1245 = ORIENTED_EDGE ( 'NONE', *, *, #73, .T. ) ;
#1246 = ORIENTED_EDGE ( 'NONE', *, *, #260, .F. ) ;
#1247 = CARTESIAN_POINT ( 'NONE',  ( 114.2304144287110006, 101.7866973876950141, 2.946463584899889909 ) ) ;
#1248 = DIRECTION ( 'NONE',  ( 1.000000000000000000, 0.000000000000000000, 0.000000000000000000 ) ) ;
#1249 = CARTESIAN_POINT ( 'NONE',  ( 116.7985601806640119, 107.7866973876949999, 22.99834838098309930 ) ) ;
#1250 = FACE_OUTER_BOUND ( 'NONE', #2654, .T. ) ;
#1251 = DIRECTION ( 'NONE',  ( 0.3826922874341510683, 0.000000000000000000, 0.9238758645718682105 ) ) ;
#1252 = CARTESIAN_POINT ( 'NONE',  ( 80.05343627929690342, 109.7866973876949999, 1.464101791381839934 ) ) ;
#1253 = VERTEX_POINT ( 'NONE', #1384 ) ;
#1254 = ORIENTED_EDGE ( 'NONE', *, *, #2992, .F. ) ;
#1255 = CARTESIAN_POINT ( 'NONE',  ( 31.18759688431604360, 101.7866973876950141, -38.15580046067728404 ) ) ;
#1256 = DIRECTION ( 'NONE',  ( 0.000000000000000000, 1.000000000000000000, 0.000000000000000000 ) ) ;
#1257 = ORIENTED_EDGE ( 'NONE', *, *, #3301, .F. ) ;
#1258 = EDGE_CURVE ( 'NONE', #1646, #1154, #2745, .T. ) ;
#1259 = DIRECTION ( 'NONE',  ( 0.000000000000000000, -0.5078563930090180811, 0.8614417473514212054 ) ) ;
#1260 = ADVANCED_FACE ( 'NONE', ( #565 ), #2, .T. ) ;
#1261 = CARTESIAN_POINT ( 'NONE',  ( 81.98529052734369316, 101.7866973876950141, 3.981739997863780189 ) ) ;
#1262 = EDGE_CURVE ( 'NONE', #1130, #2213, #3342, .T. ) ;
#1263 = ORIENTED_EDGE ( 'NONE', *, *, #275, .T. ) ;
#1264 = FACE_OUTER_BOUND ( 'NONE', #498, .T. ) ;
#1265 = CARTESIAN_POINT ( 'NONE',  ( 84.55343627929690342, 112.7866973876949999, 1.110223024625159992E-16 ) ) ;
#1266 = DIRECTION ( 'NONE',  ( -0.4999999809210190493, 0.000000000000000000, -0.8660254147996930829 ) ) ;
#1267 = DIRECTION ( 'NONE',  ( 0.3826851378009850091, 0.000000000000000000, 0.9238788260947650155 ) ) ;
#1268 = CARTESIAN_POINT ( 'NONE',  ( 116.7985601806640119, 108.1757812500000000, 8.920721054077150214 ) ) ;
#1269 = VERTEX_POINT ( 'NONE', #2763 ) ;
#1270 = CARTESIAN_POINT ( 'NONE',  ( 74.51279113769530227, 103.6627063751670050, 22.99018573754839778 ) ) ;
#1271 = LINE ( 'NONE', #412, #2379 ) ;
#1272 = ORIENTED_EDGE ( 'NONE', *, *, #3233, .T. ) ;
#1273 = CARTESIAN_POINT ( 'NONE',  ( 79.05343627929688921, 101.7866973876950141, 1.732050895690919967 ) ) ;
#1274 = DIRECTION ( 'NONE',  ( 0.000000000000000000, -0.9193432737736847438, 0.3934564079629199185 ) ) ;
#1275 = ORIENTED_EDGE ( 'NONE', *, *, #449, .T. ) ;
#1276 = VECTOR ( 'NONE', #163, 1000.000000000000114 ) ;
#1277 = LINE ( 'NONE', #1072, #3437 ) ;
#1278 = DIRECTION ( 'NONE',  ( -0.6087657977601961257, 0.000000000000000000, -0.7933499880112131475 ) ) ;
#1279 = EDGE_CURVE ( 'NONE', #3463, #3253, #1123, .T. ) ;
#1280 = VECTOR ( 'NONE', #124, 1000.000000000000000 ) ;
#1281 = DIRECTION ( 'NONE',  ( 0.000000000000000000, 1.000000000000000000, -9.992007221626410836E-16 ) ) ;
#1282 = DIRECTION ( 'NONE',  ( 0.000000000000000000, 1.000000000000000000, 0.000000000000000000 ) ) ;
#1283 = VECTOR ( 'NONE', #3102, 1000.000000000000114 ) ;
#1284 = ADVANCED_FACE ( 'NONE', ( #1672 ), #2474, .T. ) ;
#1285 = VECTOR ( 'NONE', #3071, 1000.000000000000000 ) ;
#1286 = CARTESIAN_POINT ( 'NONE',  ( 107.7985601806639977, 108.1757812500000000, 8.920721054077150214 ) ) ;
#1287 = DIRECTION ( 'NONE',  ( 0.000000000000000000, -0.6087572864675002693, -0.7933565189577292953 ) ) ;
#1288 = EDGE_LOOP ( 'NONE', ( #552, #2170, #2119, #539 ) ) ;
#1289 = VECTOR ( 'NONE', #1724, 1000.000000000000000 ) ;
#1290 = LINE ( 'NONE', #1639, #3135 ) ;
#1291 = CARTESIAN_POINT ( 'NONE',  ( 74.51279113769530227, 103.6627063751670050, 22.99018573754839778 ) ) ;
#1292 = VECTOR ( 'NONE', #1294, 1000.000000000000000 ) ;
#1293 = EDGE_LOOP ( 'NONE', ( #862, #2663, #75, #1425 ) ) ;
#1294 = DIRECTION ( 'NONE',  ( -0.000000000000000000, -0.000000000000000000, -1.000000000000000000 ) ) ;
#1295 = DIRECTION ( 'NONE',  ( -1.776356839400250070E-15, 1.000000000000000000, -6.661338147750940229E-16 ) ) ;
#1296 = AXIS2_PLACEMENT_3D ( 'NONE', #49, #1978, #1170 ) ;
#1297 = VERTEX_POINT ( 'NONE', #829 ) ;
#1298 = DIRECTION ( 'NONE',  ( 0.000000000000000000, -0.4749407403702889385, -0.8800177800115869253 ) ) ;
#1299 = CARTESIAN_POINT ( 'NONE',  ( 80.57107543945309658, 109.7866973876949999, 1.532249450683589975 ) ) ;
#1300 = CARTESIAN_POINT ( 'NONE',  ( 82.05343627929690342, 109.7866973876949999, -1.110223024625159992E-16 ) ) ;
#1301 = EDGE_CURVE ( 'NONE', #2536, #3612, #330, .T. ) ;
#1302 = ADVANCED_FACE ( 'NONE', ( #2509 ), #3059, .T. ) ;
#1303 = CARTESIAN_POINT ( 'NONE',  ( 79.05343627929688921, 109.7866973876949999, 1.732050895690919967 ) ) ;
#1304 = DIRECTION ( 'NONE',  ( 1.000000000000000000, 0.000000000000000000, 1.332267629550190018E-16 ) ) ;
#1305 = EDGE_CURVE ( 'NONE', #186, #3289, #17, .T. ) ;
#1306 = LINE ( 'NONE', #2437, #2557 ) ;
#1307 = ORIENTED_EDGE ( 'NONE', *, *, #1058, .T. ) ;
#1308 = DIRECTION ( 'NONE',  ( 0.000000000000000000, -1.000000000000000000, 0.000000000000000000 ) ) ;
#1309 = EDGE_LOOP ( 'NONE', ( #3048, #2265, #920, #135 ) ) ;
#1310 = CARTESIAN_POINT ( 'NONE',  ( 116.7985601806640119, 112.7866973876949999, 13.46409320831300072 ) ) ;
#1311 = LINE ( 'NONE', #819, #1674 ) ;
#1312 = ORIENTED_EDGE ( 'NONE', *, *, #3364, .F. ) ;
#1313 = CARTESIAN_POINT ( 'NONE',  ( 116.7863073730469949, 101.7866973876950141, 22.99834838098309930 ) ) ;
#1314 = CARTESIAN_POINT ( 'NONE',  ( 78.32138824462889204, 101.7866973876950141, 2.464101791381830164 ) ) ;
#1315 = LINE ( 'NONE', #2417, #3434 ) ;
#1316 = LINE ( 'NONE', #1548, #245 ) ;
#1317 = CARTESIAN_POINT ( 'NONE',  ( 77.74265866870140940, 109.7866973876949999, 6.389920943971089784 ) ) ;
#1318 = VERTEX_POINT ( 'NONE', #2185 ) ;
#1319 = DIRECTION ( 'NONE',  ( 0.000000000000000000, 1.000000000000000000, 0.000000000000000000 ) ) ;
#1320 = ORIENTED_EDGE ( 'NONE', *, *, #2229, .T. ) ;
#1321 = DIRECTION ( 'NONE',  ( 1.000000000000000000, 0.000000000000000000, 0.000000000000000000 ) ) ;
#1322 = EDGE_CURVE ( 'NONE', #3108, #1761, #264, .T. ) ;
#1323 = ORIENTED_EDGE ( 'NONE', *, *, #2606, .F. ) ;
#1324 = CARTESIAN_POINT ( 'NONE',  ( 74.51279113769530227, 107.0923862457719906, 20.37159252163889889 ) ) ;
#1325 = ADVANCED_FACE ( 'NONE', ( #1137, #1655 ), #1095, .F. ) ;
#1326 = DIRECTION ( 'NONE',  ( 0.9238788260947650155, 0.000000000000000000, 0.3826851378009850091 ) ) ;
#1327 = ORIENTED_EDGE ( 'NONE', *, *, #2266, .F. ) ;
#1328 = LINE ( 'NONE', #1036, #2494 ) ;
#1329 = CARTESIAN_POINT ( 'NONE',  ( 111.7809210205080035, 101.7866973876950141, 5.395953178405770601 ) ) ;
#1330 = LINE ( 'NONE', #506, #1814 ) ;
#1331 = AXIS2_PLACEMENT_3D ( 'NONE', #1897, #1163, #508 ) ;
#1332 = FACE_OUTER_BOUND ( 'NONE', #964, .T. ) ;
#1333 = EDGE_LOOP ( 'NONE', ( #730, #2446, #3394, #2943, #2755, #1312, #1784, #837, #1254, #3045 ) ) ;
#1334 = CARTESIAN_POINT ( 'NONE',  ( 112.8161993408200061, 109.7866973876949999, 5.395953178405759942 ) ) ;
#1335 = ORIENTED_EDGE ( 'NONE', *, *, #2345, .F. ) ;
#1336 = VECTOR ( 'NONE', #1321, 1000.000000000000000 ) ;
#1337 = VECTOR ( 'NONE', #292, 1000.000000000000227 ) ;
#1338 = ORIENTED_EDGE ( 'NONE', *, *, #2680, .F. ) ;
#1339 = EDGE_CURVE ( 'NONE', #1407, #2953, #1693, .T. ) ;
#1340 = CARTESIAN_POINT ( 'NONE',  ( 76.05343627929690342, 112.7866973876949999, 3.464101791381839934 ) ) ;
#1341 = AXIS2_PLACEMENT_3D ( 'NONE', #2106, #447, #3248 ) ;
#1342 = DIRECTION ( 'NONE',  ( 1.776356839400250070E-15, 1.000000000000000000, -1.415534356397070053E-15 ) ) ;
#1343 = ORIENTED_EDGE ( 'NONE', *, *, #1403, .F. ) ;
#1344 = ADVANCED_FACE ( 'NONE', ( #550 ), #1415, .F. ) ;
#1345 = DIRECTION ( 'NONE',  ( 0.1305212769253860094, 0.000000000000000000, 0.9914455084722340050 ) ) ;
#1346 = VECTOR ( 'NONE', #2761, 1000.000000000000114 ) ;
#1347 = FACE_OUTER_BOUND ( 'NONE', #1996, .T. ) ;
#1348 = CARTESIAN_POINT ( 'NONE',  ( 78.05343627929690342, 109.7866973876949999, 3.464101791381839934 ) ) ;
#1349 = LINE ( 'NONE', #2647, #2489 ) ;
#1350 = DIRECTION ( 'NONE',  ( 0.1305212769253860094, 0.000000000000000000, 0.9914455084722340050 ) ) ;
#1351 = CARTESIAN_POINT ( 'NONE',  ( 0.000000000000000000, 0.000000000000000000, 0.000000000000000000 ) ) ;
#1352 = ORIENTED_EDGE ( 'NONE', *, *, #2266, .T. ) ;
#1353 = CARTESIAN_POINT ( 'NONE',  ( 81.78548431396480112, 109.7866973876949999, 2.464101791381839934 ) ) ;
#1354 = VERTEX_POINT ( 'NONE', #1980 ) ;
#1355 = ORIENTED_EDGE ( 'NONE', *, *, #1833, .T. ) ;
#1356 = DIRECTION ( 'NONE',  ( 0.000000000000000000, -0.8614417473514212054, -0.5078563930090180811 ) ) ;
#1357 = DIRECTION ( 'NONE',  ( 0.000000000000000000, 1.000000000000000000, 0.000000000000000000 ) ) ;
#1358 = EDGE_CURVE ( 'NONE', #947, #3567, #3096, .T. ) ;
#1359 = EDGE_LOOP ( 'NONE', ( #3293, #807, #705, #2245 ) ) ;
#1360 = ORIENTED_EDGE ( 'NONE', *, *, #1111, .T. ) ;
#1361 = FACE_OUTER_BOUND ( 'NONE', #761, .T. ) ;
#1362 = EDGE_CURVE ( 'NONE', #2188, #3245, #3112, .T. ) ;
#1363 = ORIENTED_EDGE ( 'NONE', *, *, #2635, .T. ) ;
#1364 = ADVANCED_FACE ( 'NONE', ( #1753 ), #675, .T. ) ;
#1365 = CARTESIAN_POINT ( 'NONE',  ( 84.55343627929690342, 108.1757812500000000, 8.920721054077150214 ) ) ;
#1366 = ORIENTED_EDGE ( 'NONE', *, *, #1403, .T. ) ;
#1367 = LINE ( 'NONE', #1652, #179 ) ;
#1368 = PLANE ( 'NONE',  #1502 ) ;
#1369 = EDGE_CURVE ( 'NONE', #830, #2580, #1471, .T. ) ;
#1370 = EDGE_CURVE ( 'NONE', #658, #679, #1995, .T. ) ;
#1371 = CARTESIAN_POINT ( 'NONE',  ( 78.63922119140620737, 109.7866973876949999, 2.049888610839839753 ) ) ;
#1372 = ORIENTED_EDGE ( 'NONE', *, *, #1851, .T. ) ;
#1373 = ORIENTED_EDGE ( 'NONE', *, *, #584, .F. ) ;
#1374 = CARTESIAN_POINT ( 'NONE',  ( 82.05343627929690342, 101.7866973876950141, 3.464101791381830164 ) ) ;
#1375 = CARTESIAN_POINT ( 'NONE',  ( 81.46765136718750000, 109.7866973876949999, 2.049888610839839753 ) ) ;
#1376 = VERTEX_POINT ( 'NONE', #1726 ) ;
#1377 = FACE_BOUND ( 'NONE', #359, .T. ) ;
#1378 = ORIENTED_EDGE ( 'NONE', *, *, #3297, .T. ) ;
#1379 = DIRECTION ( 'NONE',  ( 0.000000000000000000, -1.000000000000000000, -7.500942924527349481E-16 ) ) ;
#1380 = ORIENTED_EDGE ( 'NONE', *, *, #1016, .T. ) ;
#1381 = FACE_OUTER_BOUND ( 'NONE', #2475, .T. ) ;
#1382 = EDGE_CURVE ( 'NONE', #3287, #3527, #2036, .T. ) ;
#1383 = LINE ( 'NONE', #1136, #3030 ) ;
#1384 = CARTESIAN_POINT ( 'NONE',  ( 82.05343627929690342, 112.7866973876949999, 1.609823383588279943E-15 ) ) ;
#1385 = VERTEX_POINT ( 'NONE', #3158 ) ;
#1386 = ADVANCED_FACE ( 'NONE', ( #2833 ), #1230, .T. ) ;
#1387 = VECTOR ( 'NONE', #2007, 1000.000000000000227 ) ;
#1388 = VECTOR ( 'NONE', #2020, 1000.000000000000000 ) ;
#1389 = ORIENTED_EDGE ( 'NONE', *, *, #850, .F. ) ;
#1390 = VECTOR ( 'NONE', #2948, 1000.000000000000114 ) ;
#1391 = DIRECTION ( 'NONE',  ( 0.000000000000000000, -1.000000000000000000, -5.506064073066059802E-12 ) ) ;
#1392 = VECTOR ( 'NONE', #732, 1000.000000000000000 ) ;
#1393 = ORIENTED_EDGE ( 'NONE', *, *, #1058, .F. ) ;
#1394 = VECTOR ( 'NONE', #3498, 1000.000000000000114 ) ;
#1395 = LINE ( 'NONE', #545, #1969 ) ;
#1396 = VERTEX_POINT ( 'NONE', #2916 ) ;
#1397 = VECTOR ( 'NONE', #2568, 1000.000000000000114 ) ;
#1398 = CIRCLE ( 'NONE', #645, 3.000000000000002665 ) ;
#1399 = CARTESIAN_POINT ( 'NONE',  ( 114.2985601806640119, 112.7866973876949999, 6.928203582763670987 ) ) ;
#1400 = CARTESIAN_POINT ( 'NONE',  ( 110.5665121459960005, 109.7866973876949999, 4.464101791381840378 ) ) ;
#1401 = DIRECTION ( 'NONE',  ( 1.000000000000000000, 0.000000000000000000, 0.000000000000000000 ) ) ;
#1402 = VECTOR ( 'NONE', #167, 1000.000000000000000 ) ;
#1403 = EDGE_CURVE ( 'NONE', #3170, #3365, #2858, .T. ) ;
#1404 = DIRECTION ( 'NONE',  ( 0.000000000000000000, -1.000000000000000000, -2.220446049250309876E-16 ) ) ;
#1405 = ORIENTED_EDGE ( 'NONE', *, *, #2498, .T. ) ;
#1406 = EDGE_CURVE ( 'NONE', #1535, #3377, #657, .T. ) ;
#1407 = VERTEX_POINT ( 'NONE', #3390 ) ;
#1408 = CARTESIAN_POINT ( 'NONE',  ( 76.05343627929690342, 112.7866973876949999, 3.464101791381839934 ) ) ;
#1409 = ORIENTED_EDGE ( 'NONE', *, *, #3152, .F. ) ;
#1410 = LINE ( 'NONE', #3591, #700 ) ;
#1411 = ORIENTED_EDGE ( 'NONE', *, *, #1766, .T. ) ;
#1412 = ORIENTED_EDGE ( 'NONE', *, *, #1792, .F. ) ;
#1413 = DIRECTION ( 'NONE',  ( 0.000000000000000000, 1.000000000000000000, 0.000000000000000000 ) ) ;
#1414 = DIRECTION ( 'NONE',  ( 0.1305246315045859584, 0.000000000000000000, 0.9914450668446498360 ) ) ;
#1415 = PLANE ( 'NONE',  #1685 ) ;
#1416 = VERTEX_POINT ( 'NONE', #3130 ) ;
#1417 = EDGE_LOOP ( 'NONE', ( #1115, #846, #1903, #2419 ) ) ;
#1418 = DIRECTION ( 'NONE',  ( 1.000000000000000000, 0.000000000000000000, 0.000000000000000000 ) ) ;
#1419 = EDGE_CURVE ( 'NONE', #3584, #224, #94, .T. ) ;
#1420 = DIRECTION ( 'NONE',  ( 0.000000000000000000, 1.000000000000000000, 0.000000000000000000 ) ) ;
#1421 = ORIENTED_EDGE ( 'NONE', *, *, #2365, .F. ) ;
#1422 = ADVANCED_FACE ( 'NONE', ( #52, #1250 ), #2306, .F. ) ;
#1423 = CARTESIAN_POINT ( 'NONE',  ( 80.57107543945309658, 109.7866973876949999, 5.395953178405759942 ) ) ;
#1424 = LINE ( 'NONE', #548, #111 ) ;
#1425 = ORIENTED_EDGE ( 'NONE', *, *, #98, .F. ) ;
#1426 = ORIENTED_EDGE ( 'NONE', *, *, #2051, .F. ) ;
#1427 = DIRECTION ( 'NONE',  ( 0.000000000000000000, 1.000000000000000000, 0.000000000000000000 ) ) ;
#1428 = PLANE ( 'NONE',  #2204 ) ;
#1429 = CARTESIAN_POINT ( 'NONE',  ( 111.7809210205080035, 109.7866973876949999, 5.395953178405759942 ) ) ;
#1430 = DIRECTION ( 'NONE',  ( -1.000000000000000000, 0.000000000000000000, 0.000000000000000000 ) ) ;
#1431 = EDGE_LOOP ( 'NONE', ( #2765, #621, #1738, #107 ) ) ;
#1432 = CARTESIAN_POINT ( 'NONE',  ( 82.05343627929690342, 109.7866973876949999, 3.464101791381839934 ) ) ;
#1433 = EDGE_LOOP ( 'NONE', ( #1181, #2822, #717, #3303 ) ) ;
#1434 = DIRECTION ( 'NONE',  ( 1.000000000000000000, 0.000000000000000000, 0.000000000000000000 ) ) ;
#1435 = CARTESIAN_POINT ( 'NONE',  ( 78.12158203125000000, 101.7866973876950141, 3.981739997863780189 ) ) ;
#1436 = VECTOR ( 'NONE', #908, 999.9999999999998863 ) ;
#1437 = ORIENTED_EDGE ( 'NONE', *, *, #1495, .F. ) ;
#1438 = ADVANCED_FACE ( 'NONE', ( #1808, #914 ), #1772, .F. ) ;
#1439 = VECTOR ( 'NONE', #3359, 1000.000000000000000 ) ;
#1440 = ORIENTED_EDGE ( 'NONE', *, *, #3529, .T. ) ;
#1441 = CARTESIAN_POINT ( 'NONE',  ( 113.2985601806639977, 109.7866973876949999, 5.196151733398440165 ) ) ;
#1442 = PLANE ( 'NONE',  #2429 ) ;
#1443 = ORIENTED_EDGE ( 'NONE', *, *, #1476, .F. ) ;
#1444 = EDGE_CURVE ( 'NONE', #3121, #2792, #958, .T. ) ;
#1445 = ORIENTED_EDGE ( 'NONE', *, *, #79, .F. ) ;
#1446 = VECTOR ( 'NONE', #14, 1000.000000000000114 ) ;
#1447 = LINE ( 'NONE', #1507, #3082 ) ;
#1448 = PLANE ( 'NONE',  #2841 ) ;
#1449 = VECTOR ( 'NONE', #747, 1000.000000000000114 ) ;
#1450 = CARTESIAN_POINT ( 'NONE',  ( 77.74265866870140940, 109.7866973876949999, 6.389920943971089784 ) ) ;
#1451 = AXIS2_PLACEMENT_3D ( 'NONE', #1461, #2048, #2886 ) ;
#1452 = DIRECTION ( 'NONE',  ( -1.000000000000000000, 0.000000000000000000, 0.000000000000000000 ) ) ;
#1453 = ORIENTED_EDGE ( 'NONE', *, *, #2019, .T. ) ;
#1454 = DIRECTION ( 'NONE',  ( -0.1305212769253860094, 0.000000000000000000, 0.9914455084722340050 ) ) ;
#1455 = LINE ( 'NONE', #661, #285 ) ;
#1456 = ORIENTED_EDGE ( 'NONE', *, *, #2469, .F. ) ;
#1457 = LINE ( 'NONE', #945, #1676 ) ;
#1458 = CYLINDRICAL_SURFACE ( 'NONE', #2140, 3.000000000000002665 ) ;
#1459 = ORIENTED_EDGE ( 'NONE', *, *, #789, .F. ) ;
#1460 = VERTEX_POINT ( 'NONE', #2893 ) ;
#1461 = CARTESIAN_POINT ( 'NONE',  ( 74.51279113769530227, 102.7031497955689900, 22.43131923669040262 ) ) ;
#1462 = CARTESIAN_POINT ( 'NONE',  ( 81.78548431396480112, 109.7866973876949999, 4.464101791381840378 ) ) ;
#1463 = ORIENTED_EDGE ( 'NONE', *, *, #2762, .F. ) ;
#1464 = EDGE_CURVE ( 'NONE', #3473, #3235, #974, .T. ) ;
#1465 = ORIENTED_EDGE ( 'NONE', *, *, #838, .F. ) ;
#1466 = CARTESIAN_POINT ( 'NONE',  ( 78.05343627929690342, 109.7866973876949999, 3.464101791381839934 ) ) ;
#1467 = CARTESIAN_POINT ( 'NONE',  ( 107.7985601806639977, 107.7866973876949999, 13.46409320831300072 ) ) ;
#1468 = LINE ( 'NONE', #2287, #300 ) ;
#1469 = ADVANCED_FACE ( 'NONE', ( #2013 ), #937, .T. ) ;
#1470 = ADVANCED_FACE ( 'NONE', ( #1491 ), #1511, .T. ) ;
#1471 = LINE ( 'NONE', #635, #1573 ) ;
#1472 = ORIENTED_EDGE ( 'NONE', *, *, #79, .T. ) ;
#1473 = DIRECTION ( 'NONE',  ( 0.000000000000000000, 1.000000000000000000, 7.401486830834378990E-17 ) ) ;
#1474 = EDGE_CURVE ( 'NONE', #374, #1697, #1023, .T. ) ;
#1475 = CARTESIAN_POINT ( 'NONE',  ( 84.55343627929690342, 107.7866973876949999, 22.99834838098309930 ) ) ;
#1476 = EDGE_CURVE ( 'NONE', #3519, #2151, #221, .T. ) ;
#1477 = PLANE ( 'NONE',  #114 ) ;
#1478 = ORIENTED_EDGE ( 'NONE', *, *, #3146, .F. ) ;
#1479 = LINE ( 'NONE', #3438, #3316 ) ;
#1480 = DIRECTION ( 'NONE',  ( 0.000000000000000000, 1.000000000000000000, -2.220446049250309876E-16 ) ) ;
#1481 = ORIENTED_EDGE ( 'NONE', *, *, #479, .F. ) ;
#1482 = ORIENTED_EDGE ( 'NONE', *, *, #2496, .F. ) ;
#1483 = DIRECTION ( 'NONE',  ( 4.456311862731526850E-13, -1.000000000000000000, 0.000000000000000000 ) ) ;
#1484 = DIRECTION ( 'NONE',  ( -1.000000000000000000, 0.000000000000000000, 0.000000000000000000 ) ) ;
#1485 = ORIENTED_EDGE ( 'NONE', *, *, #1696, .T. ) ;
#1486 = CARTESIAN_POINT ( 'NONE',  ( 110.8843527221680034, 101.7866973876950141, 2.049888610839839753 ) ) ;
#1487 = ORIENTED_EDGE ( 'NONE', *, *, #2847, .F. ) ;
#1488 = PLANE ( 'NONE',  #2620 ) ;
#1489 = CARTESIAN_POINT ( 'NONE',  ( 114.2304144287110006, 101.7866973876950141, 3.981739997863760205 ) ) ;
#1490 = CARTESIAN_POINT ( 'NONE',  ( 75.55343627929690342, 108.1757812500000000, 8.920721054077150214 ) ) ;
#1491 = FACE_OUTER_BOUND ( 'NONE', #284, .T. ) ;
#1492 = FACE_OUTER_BOUND ( 'NONE', #2800, .T. ) ;
#1493 = ADVANCED_FACE ( 'NONE', ( #2433 ), #2126, .T. ) ;
#1494 = CARTESIAN_POINT ( 'NONE',  ( 81.46765136718750000, 101.7866973876950141, 4.878314971923830790 ) ) ;
#1495 = EDGE_CURVE ( 'NONE', #1697, #1354, #3558, .T. ) ;
#1496 = ORIENTED_EDGE ( 'NONE', *, *, #1301, .F. ) ;
#1497 = PLANE ( 'NONE',  #2254 ) ;
#1498 = CARTESIAN_POINT ( 'NONE',  ( 81.46765136718750000, 109.7866973876949999, 2.049888610839839753 ) ) ;
#1499 = EDGE_LOOP ( 'NONE', ( #898, #1939, #256, #1412 ) ) ;
#1500 = ORIENTED_EDGE ( 'NONE', *, *, #2801, .T. ) ;
#1501 = DIRECTION ( 'NONE',  ( 0.6087594347226259472, 0.000000000000000000, -0.7933548705567949888 ) ) ;
#1502 = AXIS2_PLACEMENT_3D ( 'NONE', #2264, #3323, #1931 ) ;
#1503 = DIRECTION ( 'NONE',  ( -0.3826922874341510683, 0.000000000000000000, 0.9238758645718682105 ) ) ;
#1504 = ORIENTED_EDGE ( 'NONE', *, *, #3190, .T. ) ;
#1505 = VERTEX_POINT ( 'NONE', #2366 ) ;
#1506 = VECTOR ( 'NONE', #979, 1000.000000000000000 ) ;
#1507 = CARTESIAN_POINT ( 'NONE',  ( 81.98529052734369316, 109.7866973876949999, 3.981739997863770419 ) ) ;
#1508 = LINE ( 'NONE', #2856, #54 ) ;
#1509 = LINE ( 'NONE', #1249, #2628 ) ;
#1510 = VECTOR ( 'NONE', #1092, 1000.000000000000114 ) ;
#1511 = PLANE ( 'NONE',  #187 ) ;
#1512 = VECTOR ( 'NONE', #3450, 1000.000000000000227 ) ;
#1513 = CARTESIAN_POINT ( 'NONE',  ( 74.51279113769530227, 103.3315372467470041, 22.89210414880160371 ) ) ;
#1514 = VECTOR ( 'NONE', #2906, 1000.000000000000114 ) ;
#1515 = DIRECTION ( 'NONE',  ( 0.000000000000000000, 1.000000000000000000, 5.506064073066059802E-12 ) ) ;
#1516 = CARTESIAN_POINT ( 'NONE',  ( 79.05343627929688921, 101.7866973876950141, 5.196151733398440165 ) ) ;
#1517 = EDGE_CURVE ( 'NONE', #1035, #2186, #2999, .T. ) ;
#1518 = ORIENTED_EDGE ( 'NONE', *, *, #1444, .T. ) ;
#1519 = ORIENTED_EDGE ( 'NONE', *, *, #200, .F. ) ;
#1520 = AXIS2_PLACEMENT_3D ( 'NONE', #193, #1061, #3523 ) ;
#1521 = CARTESIAN_POINT ( 'NONE',  ( 78.05343627929690342, 112.7866973876949999, 1.776356839400249676E-15 ) ) ;
#1522 = ADVANCED_FACE ( 'NONE', ( #989, #169 ), #1843, .F. ) ;
#1523 = DIRECTION ( 'NONE',  ( 0.000000000000000000, -0.8105607409980494227, 0.5856545783588592569 ) ) ;
#1524 = VECTOR ( 'NONE', #1757, 1000.000000000000000 ) ;
#1525 = ORIENTED_EDGE ( 'NONE', *, *, #1258, .T. ) ;
#1526 = DIRECTION ( 'NONE',  ( 0.9914436174099583443, 0.000000000000000000, -0.1305356407156920695 ) ) ;
#1527 = LINE ( 'NONE', #2638, #3427 ) ;
#1528 = ADVANCED_FACE ( 'NONE', ( #786 ), #207, .T. ) ;
#1529 = ORIENTED_EDGE ( 'NONE', *, *, #2121, .T. ) ;
#1530 = DIRECTION ( 'NONE',  ( 1.000000000000000000, -6.661338147750943282E-13, 0.000000000000000000 ) ) ;
#1531 = LINE ( 'NONE', #435, #303 ) ;
#1532 = CARTESIAN_POINT ( 'NONE',  ( 79.53579711914061079, 109.7866973876949999, 1.532249450683589975 ) ) ;
#1533 = PLANE ( 'NONE',  #3559 ) ;
#1534 = VERTEX_POINT ( 'NONE', #477 ) ;
#1535 = VERTEX_POINT ( 'NONE', #1826 ) ;
#1536 = CARTESIAN_POINT ( 'NONE',  ( 81.98529052734369316, 101.7866973876950141, 2.946463584899900123 ) ) ;
#1537 = FACE_OUTER_BOUND ( 'NONE', #3385, .T. ) ;
#1538 = ORIENTED_EDGE ( 'NONE', *, *, #647, .T. ) ;
#1539 = EDGE_CURVE ( 'NONE', #967, #615, #1009, .T. ) ;
#1540 = CARTESIAN_POINT ( 'NONE',  ( 116.7985601806640119, 105.1757812500000000, 8.920721054077150214 ) ) ;
#1541 = DIRECTION ( 'NONE',  ( -0.1305212769253860094, 0.000000000000000000, 0.9914455084722340050 ) ) ;
#1542 = EDGE_LOOP ( 'NONE', ( #3356, #1080, #1802, #2938 ) ) ;
#1543 = EDGE_CURVE ( 'NONE', #2713, #1970, #2931, .T. ) ;
#1544 = CARTESIAN_POINT ( 'NONE',  ( 112.8161993408200061, 109.7866973876949999, 5.395953178405759942 ) ) ;
#1545 = CARTESIAN_POINT ( 'NONE',  ( 81.78548431396480112, 101.7866973876950141, 2.464101791381839934 ) ) ;
#1546 = LINE ( 'NONE', #2657, #1402 ) ;
#1547 = CARTESIAN_POINT ( 'NONE',  ( 111.2985601806639977, 101.7866973876950141, 1.732050895690919967 ) ) ;
#1548 = CARTESIAN_POINT ( 'NONE',  ( 74.51279113769530227, 110.5361061096449902, 14.96409320833000045 ) ) ;
#1549 = EDGE_CURVE ( 'NONE', #161, #546, #1060, .T. ) ;
#1550 = PLANE ( 'NONE',  #865 ) ;
#1551 =( NAMED_UNIT ( * ) PLANE_ANGLE_UNIT ( ) SI_UNIT ( $, .RADIAN. ) );
#1552 = CARTESIAN_POINT ( 'NONE',  ( 116.7985601806640119, 111.1757812500000142, 8.920721054077150214 ) ) ;
#1553 = ORIENTED_EDGE ( 'NONE', *, *, #1012, .T. ) ;
#1554 = LINE ( 'NONE', #721, #3433 ) ;
#1555 = VERTEX_POINT ( 'NONE', #3506 ) ;
#1556 = DIRECTION ( 'NONE',  ( 0.000000000000000000, 1.000000000000000000, 0.000000000000000000 ) ) ;
#1557 = EDGE_CURVE ( 'NONE', #2154, #3295, #2164, .T. ) ;
#1558 = ORIENTED_EDGE ( 'NONE', *, *, #2637, .T. ) ;
#1559 = VECTOR ( 'NONE', #2559, 1000.000000000000000 ) ;
#1560 = DIRECTION ( 'NONE',  ( -1.000000000000000000, 0.000000000000000000, 1.391854955922169840E-16 ) ) ;
#1561 = CARTESIAN_POINT ( 'NONE',  ( 81.05343627929690342, 109.7866973876949999, 1.732050895690919967 ) ) ;
#1562 = EDGE_CURVE ( 'NONE', #3306, #3292, #2111, .T. ) ;
#1563 = VECTOR ( 'NONE', #1179, 999.9999999999998863 ) ;
#1564 = VECTOR ( 'NONE', #532, 1000.000000000000000 ) ;
#1565 = CARTESIAN_POINT ( 'NONE',  ( 0.000000000000000000, 103.4866973876950027, 0.000000000000000000 ) ) ;
#1566 = CARTESIAN_POINT ( 'NONE',  ( 77.74265866870140940, 109.7866973876949999, 6.389920943971089784 ) ) ;
#1567 = VECTOR ( 'NONE', #895, 1000.000000000000000 ) ;
#1568 = LINE ( 'NONE', #2390, #1916 ) ;
#1569 = AXIS2_PLACEMENT_3D ( 'NONE', #959, #3213, #3192 ) ;
#1570 = FACE_OUTER_BOUND ( 'NONE', #1053, .T. ) ;
#1571 = EDGE_LOOP ( 'NONE', ( #3604, #425, #2503, #2573 ) ) ;
#1572 = AXIS2_PLACEMENT_3D ( 'NONE', #2688, #2398, #3477 ) ;
#1573 = VECTOR ( 'NONE', #369, 1000.000000000000227 ) ;
#1574 = EDGE_LOOP ( 'NONE', ( #3344, #1898, #1727, #2877 ) ) ;
#1575 = VECTOR ( 'NONE', #3262, 1000.000000000000000 ) ;
#1576 = FACE_OUTER_BOUND ( 'NONE', #2936, .T. ) ;
#1577 = DIRECTION ( 'NONE',  ( 0.000000000000000000, -1.000000000000000000, 0.000000000000000000 ) ) ;
#1578 = VECTOR ( 'NONE', #1473, 1000.000000000000000 ) ;
#1579 = EDGE_LOOP ( 'NONE', ( #152, #1373, #1525, #3465 ) ) ;
#1580 = FACE_OUTER_BOUND ( 'NONE', #3488, .T. ) ;
#1581 = DIRECTION ( 'NONE',  ( -0.6087566003318519714, 0.000000000000000000, 0.7933570454419661688 ) ) ;
#1582 = DIRECTION ( 'NONE',  ( 0.000000000000000000, -0.6068899333763589921, -0.7947858886306667925 ) ) ;
#1583 = DIRECTION ( 'NONE',  ( 0.3826798146995750161, 0.000000000000000000, 0.9238810309891090089 ) ) ;
#1584 = PLANE ( 'NONE',  #708 ) ;
#1585 = ADVANCED_FACE ( 'NONE', ( #455 ), #1038, .F. ) ;
#1586 = EDGE_CURVE ( 'NONE', #3347, #1223, #192, .T. ) ;
#1587 = CARTESIAN_POINT ( 'NONE',  ( 45.85249920771785526, 103.4866973876950027, 56.09726253941909135 ) ) ;
#1588 = DIRECTION ( 'NONE',  ( 0.000000000000000000, 0.000000000000000000, -1.000000000000000000 ) ) ;
#1589 = ORIENTED_EDGE ( 'NONE', *, *, #884, .F. ) ;
#1590 = EDGE_CURVE ( 'NONE', #1886, #810, #1315, .T. ) ;
#1591 = DIRECTION ( 'NONE',  ( -0.7933548705567949888, 0.000000000000000000, 0.6087594347226259472 ) ) ;
#1592 = ORIENTED_EDGE ( 'NONE', *, *, #299, .F. ) ;
#1593 = CARTESIAN_POINT ( 'NONE',  ( 114.0306158447269951, 109.7866973876949999, 4.464101791381840378 ) ) ;
#1594 = FACE_OUTER_BOUND ( 'NONE', #1574, .T. ) ;
#1595 = EDGE_LOOP ( 'NONE', ( #3382, #3571 ) ) ;
#1596 = FACE_OUTER_BOUND ( 'NONE', #2769, .T. ) ;
#1597 = CARTESIAN_POINT ( 'NONE',  ( 74.51279113769530227, 104.0056629181370056, 22.99634838098310041 ) ) ;
#1598 = CARTESIAN_POINT ( 'NONE',  ( 80.05343627929690342, 109.7866973876949999, 1.464101791381839934 ) ) ;
#1599 = CARTESIAN_POINT ( 'NONE',  ( 77.82898742891940458, 110.0216071502809001, 6.539446750430579769 ) ) ;
#1600 = CARTESIAN_POINT ( 'NONE',  ( 114.2304144287110006, 109.7866973876949999, 2.946463584899900123 ) ) ;
#1601 = CARTESIAN_POINT ( 'NONE',  ( 80.57107543945309658, 101.7866973876950141, 5.395953178405759942 ) ) ;
#1602 = ORIENTED_EDGE ( 'NONE', *, *, #623, .F. ) ;
#1603 = EDGE_CURVE ( 'NONE', #679, #1416, #3260, .T. ) ;
#1604 = DIRECTION ( 'NONE',  ( 1.000000000000000000, 0.000000000000000000, 0.000000000000000000 ) ) ;
#1605 = ORIENTED_EDGE ( 'NONE', *, *, #3332, .F. ) ;
#1606 = ADVANCED_FACE ( 'NONE', ( #490 ), #3577, .T. ) ;
#1607 = PLANE ( 'NONE',  #1636 ) ;
#1608 = ORIENTED_EDGE ( 'NONE', *, *, #2760, .F. ) ;
#1609 = FACE_OUTER_BOUND ( 'NONE', #1066, .T. ) ;
#1610 = DIRECTION ( 'NONE',  ( 0.000000000000000000, 1.000000000000000000, 0.000000000000000000 ) ) ;
#1611 = ORIENTED_EDGE ( 'NONE', *, *, #164, .F. ) ;
#1612 = DIRECTION ( 'NONE',  ( -0.1305246315045859584, 0.000000000000000000, 0.9914450668446498360 ) ) ;
#1613 = CARTESIAN_POINT ( 'NONE',  ( 78.32138824462889204, 109.7866973876949999, 2.464101791381839934 ) ) ;
#1614 = LINE ( 'NONE', #2723, #2035 ) ;
#1615 = DIRECTION ( 'NONE',  ( 0.000000000000000000, -0.3436828289811919013, -0.9390857857850286594 ) ) ;
#1616 = VECTOR ( 'NONE', #1541, 1000.000000000000227 ) ;
#1617 = LINE ( 'NONE', #65, #3366 ) ;
#1618 = LINE ( 'NONE', #3214, #3552 ) ;
#1619 = ORIENTED_EDGE ( 'NONE', *, *, #3464, .T. ) ;
#1620 = PLANE ( 'NONE',  #638 ) ;
#1621 = VERTEX_POINT ( 'NONE', #1638 ) ;
#1622 = VECTOR ( 'NONE', #2629, 1000.000000000000000 ) ;
#1623 = VECTOR ( 'NONE', #3456, 1000.000000000000227 ) ;
#1624 = EDGE_CURVE ( 'NONE', #1198, #333, #1133, .T. ) ;
#1625 = CARTESIAN_POINT ( 'NONE',  ( 79.05343627929688921, 101.7866973876950141, 5.196151733398430395 ) ) ;
#1626 = VECTOR ( 'NONE', #206, 1000.000000000000114 ) ;
#1627 = EDGE_LOOP ( 'NONE', ( #2131, #429, #969, #3497 ) ) ;
#1628 = VECTOR ( 'NONE', #2773, 1000.000000000000000 ) ;
#1629 = EDGE_CURVE ( 'NONE', #3312, #2962, #3320, .T. ) ;
#1630 = DIRECTION ( 'NONE',  ( 0.000000000000000000, 1.000000000000000000, 0.000000000000000000 ) ) ;
#1631 = VECTOR ( 'NONE', #965, 1000.000000000000227 ) ;
#1632 = DIRECTION ( 'NONE',  ( 0.000000000000000000, -1.000000000000000000, 0.000000000000000000 ) ) ;
#1633 = ORIENTED_EDGE ( 'NONE', *, *, #2805, .F. ) ;
#1634 = EDGE_LOOP ( 'NONE', ( #1736, #1767, #2004, #2412 ) ) ;
#1635 = FACE_OUTER_BOUND ( 'NONE', #415, .T. ) ;
#1636 = AXIS2_PLACEMENT_3D ( 'NONE', #418, #2441, #709 ) ;
#1637 = ORIENTED_EDGE ( 'NONE', *, *, #1979, .T. ) ;
#1638 = CARTESIAN_POINT ( 'NONE',  ( 113.2985601806639977, 101.7866973876950141, 1.732050895690919967 ) ) ;
#1639 = CARTESIAN_POINT ( 'NONE',  ( 113.2985601806639977, 101.7866973876950141, 5.196151733398449934 ) ) ;
#1640 = FACE_OUTER_BOUND ( 'NONE', #961, .T. ) ;
#1641 = CARTESIAN_POINT ( 'NONE',  ( 84.55343627929690342, 101.7866973876950141, 0.000000000000000000 ) ) ;
#1642 = VERTEX_POINT ( 'NONE', #530 ) ;
#1643 = ORIENTED_EDGE ( 'NONE', *, *, #1464, .F. ) ;
#1644 = DIRECTION ( 'NONE',  ( 0.000000000000000000, 1.000000000000000000, 0.000000000000000000 ) ) ;
#1645 = LINE ( 'NONE', #204, #3246 ) ;
#1646 = VERTEX_POINT ( 'NONE', #3338 ) ;
#1647 = EDGE_CURVE ( 'NONE', #558, #3206, #3611, .T. ) ;
#1648 = PLANE ( 'NONE',  #525 ) ;
#1649 = ORIENTED_EDGE ( 'NONE', *, *, #2798, .F. ) ;
#1650 = ADVANCED_FACE ( 'NONE', ( #1347 ), #3367, .T. ) ;
#1651 = CARTESIAN_POINT ( 'NONE',  ( 117.7227911376949976, 101.5590763092249915, 20.63125324242870207 ) ) ;
#1652 = CARTESIAN_POINT ( 'NONE',  ( 107.7985601806639977, 110.1203045826810012, 11.36528501770969868 ) ) ;
#1653 = CARTESIAN_POINT ( 'NONE',  ( 81.46765136718750000, 101.7866973876950141, 2.049888610839849967 ) ) ;
#1654 = DIRECTION ( 'NONE',  ( -1.000000000000000000, 0.000000000000000000, 7.894919286223340877E-16 ) ) ;
#1655 = FACE_BOUND ( 'NONE', #2510, .T. ) ;
#1656 = EDGE_LOOP ( 'NONE', ( #202, #599, #779, #3247 ) ) ;
#1657 = EDGE_LOOP ( 'NONE', ( #3067, #2323 ) ) ;
#1658 = LINE ( 'NONE', #2786, #2085 ) ;
#1659 = ORIENTED_EDGE ( 'NONE', *, *, #2696, .T. ) ;
#1660 = ORIENTED_EDGE ( 'NONE', *, *, #3233, .F. ) ;
#1661 = DIRECTION ( 'NONE',  ( -0.000000000000000000, 0.000000000000000000, -1.000000000000000000 ) ) ;
#1662 = ORIENTED_EDGE ( 'NONE', *, *, #850, .T. ) ;
#1663 = EDGE_CURVE ( 'NONE', #2009, #719, #2232, .T. ) ;
#1664 = EDGE_CURVE ( 'NONE', #199, #1721, #2179, .T. ) ;
#1665 =( NAMED_UNIT ( * ) SI_UNIT ( $, .STERADIAN. ) SOLID_ANGLE_UNIT ( ) );
#1666 = ORIENTED_EDGE ( 'NONE', *, *, #998, .T. ) ;
#1667 = LINE ( 'NONE', #32, #1285 ) ;
#1668 = FACE_OUTER_BOUND ( 'NONE', #2816, .T. ) ;
#1669 = EDGE_CURVE ( 'NONE', #3137, #484, #1090, .T. ) ;
#1670 = BREP_WITH_VOIDS ( 'NONE', #3372, ( #2396, #2123, #1749, #605 ) );
#1671 = DIRECTION ( 'NONE',  ( -1.000000000000000000, 0.000000000000000000, 0.000000000000000000 ) ) ;
#1672 = FACE_OUTER_BOUND ( 'NONE', #1656, .T. ) ;
#1673 = ORIENTED_EDGE ( 'NONE', *, *, #2182, .F. ) ;
#1674 = VECTOR ( 'NONE', #1326, 1000.000000000000000 ) ;
#1675 = ORIENTED_EDGE ( 'NONE', *, *, #1012, .F. ) ;
#1676 = VECTOR ( 'NONE', #1178, 1000.000000000000000 ) ;
#1677 = VECTOR ( 'NONE', #2470, 1000.000000000000000 ) ;
#1678 = DIRECTION ( 'NONE',  ( 0.000000000000000000, -1.000000000000000000, -7.401486830834380223E-16 ) ) ;
#1679 = AXIS2_PLACEMENT_3D ( 'NONE', #2263, #3383, #3607 ) ;
#1680 = VERTEX_POINT ( 'NONE', #1909 ) ;
#1681 = EDGE_LOOP ( 'NONE', ( #1673, #302, #3601, #2519, #2438, #3582, #2581, #2863, #1218, #306 ) ) ;
#1682 = VECTOR ( 'NONE', #1404, 1000.000000000000000 ) ;
#1683 = DIRECTION ( 'NONE',  ( 0.000000000000000000, -0.6994789162168121299, 0.7146532346307221673 ) ) ;
#1684 = ORIENTED_EDGE ( 'NONE', *, *, #3009, .F. ) ;
#1685 = AXIS2_PLACEMENT_3D ( 'NONE', #1152, #2251, #881 ) ;
#1686 = VERTEX_POINT ( 'NONE', #1651 ) ;
#1687 = DIRECTION ( 'NONE',  ( -0.000000000000000000, -0.000000000000000000, -1.000000000000000000 ) ) ;
#1688 = VECTOR ( 'NONE', #2537, 1000.000000000000114 ) ;
#1689 = DIRECTION ( 'NONE',  ( 1.000000000000000000, 0.000000000000000000, 0.000000000000000000 ) ) ;
#1690 = PLANE ( 'NONE',  #1296 ) ;
#1691 = DIRECTION ( 'NONE',  ( 0.000000000000000000, -0.9758691166600795830, -0.2183562848856789029 ) ) ;
#1692 = VECTOR ( 'NONE', #678, 1000.000000000000000 ) ;
#1693 = LINE ( 'NONE', #3043, #1116 ) ;
#1694 = ORIENTED_EDGE ( 'NONE', *, *, #2422, .F. ) ;
#1695 = ADVANCED_FACE ( 'NONE', ( #3296 ), #2757, .T. ) ;
#1696 = EDGE_CURVE ( 'NONE', #3347, #1082, #2217, .T. ) ;
#1697 = VERTEX_POINT ( 'NONE', #3351 ) ;
#1698 = DIRECTION ( 'NONE',  ( 0.000000000000000000, -1.000000000000000000, 0.000000000000000000 ) ) ;
#1699 = CARTESIAN_POINT ( 'NONE',  ( 75.55343627929690342, 112.7866973876949999, 2.442490654175339656E-15 ) ) ;
#1700 = ORIENTED_EDGE ( 'NONE', *, *, #1696, .F. ) ;
#1701 = ORIENTED_EDGE ( 'NONE', *, *, #2650, .T. ) ;
#1702 = CARTESIAN_POINT ( 'NONE',  ( 75.55343627929690342, 107.7866973877009968, 22.99834838098309930 ) ) ;
#1703 = ORIENTED_EDGE ( 'NONE', *, *, #3581, .F. ) ;
#1704 = ORIENTED_EDGE ( 'NONE', *, *, #98, .T. ) ;
#1705 = DIRECTION ( 'NONE',  ( -0.3826851378009850091, 0.000000000000000000, 0.9238788260947650155 ) ) ;
#1706 = DIRECTION ( 'NONE',  ( -0.7933570454419661688, 0.000000000000000000, 0.6087566003318519714 ) ) ;
#1707 = DIRECTION ( 'NONE',  ( 0.7933485729663652952, 0.000000000000000000, -0.6087676418570813208 ) ) ;
#1708 = CARTESIAN_POINT ( 'NONE',  ( 117.7227911376949976, 103.6627063751670050, 22.99018573754839778 ) ) ;
#1709 = DIRECTION ( 'NONE',  ( 0.1305264269771610475, 0.000000000000000000, -0.9914448304674223778 ) ) ;
#1710 = ORIENTED_EDGE ( 'NONE', *, *, #19, .F. ) ;
#1711 = LINE ( 'NONE', #753, #171 ) ;
#1712 = EDGE_CURVE ( 'NONE', #1867, #3015, #13, .T. ) ;
#1713 = ORIENTED_EDGE ( 'NONE', *, *, #454, .F. ) ;
#1714 = FACE_OUTER_BOUND ( 'NONE', #89, .T. ) ;
#1715 = EDGE_CURVE ( 'NONE', #528, #2526, #576, .T. ) ;
#1716 = CARTESIAN_POINT ( 'NONE',  ( 79.53579711914061079, 101.7866973876950141, 5.395953178405759942 ) ) ;
#1717 = ORIENTED_EDGE ( 'NONE', *, *, #255, .F. ) ;
#1718 = ORIENTED_EDGE ( 'NONE', *, *, #2207, .F. ) ;
#1719 = DIRECTION ( 'NONE',  ( 0.000000000000000000, -0.6239859987278860709, 0.7814355209430671190 ) ) ;
#1720 = LINE ( 'NONE', #3123, #690 ) ;
#1721 = VERTEX_POINT ( 'NONE', #2871 ) ;
#1722 = ORIENTED_EDGE ( 'NONE', *, *, #2701, .T. ) ;
#1723 = CARTESIAN_POINT ( 'NONE',  ( 79.05343627929688921, 109.7866973876949999, 1.732050895690919967 ) ) ;
#1724 = DIRECTION ( 'NONE',  ( -0.9238788260947650155, 0.000000000000000000, 0.3826851378009850091 ) ) ;
#1725 = DIRECTION ( 'NONE',  ( 1.000000000000000000, -6.661338147750943282E-13, -3.667775465387587844E-24 ) ) ;
#1726 = CARTESIAN_POINT ( 'NONE',  ( 116.7985601806640119, 107.7866973876949999, 14.96409320831483036 ) ) ;
#1727 = ORIENTED_EDGE ( 'NONE', *, *, #2541, .T. ) ;
#1728 = CARTESIAN_POINT ( 'NONE',  ( 79.05343627929688921, 109.7866973876949999, 5.196151733398440165 ) ) ;
#1729 = ORIENTED_EDGE ( 'NONE', *, *, #3494, .T. ) ;
#1730 = VECTOR ( 'NONE', #2157, 1000.000000000000000 ) ;
#1731 = PLANE ( 'NONE',  #815 ) ;
#1732 = EDGE_CURVE ( 'NONE', #1781, #1416, #91, .T. ) ;
#1733 = CARTESIAN_POINT ( 'NONE',  ( 116.2985601806640119, 109.7866973876949999, 3.464101791381839934 ) ) ;
#1734 = VECTOR ( 'NONE', #2257, 1000.000000000000227 ) ;
#1735 = VECTOR ( 'NONE', #1418, 1000.000000000000000 ) ;
#1736 = ORIENTED_EDGE ( 'NONE', *, *, #3066, .F. ) ;
#1737 = ADVANCED_FACE ( 'NONE', ( #2582 ), #1488, .T. ) ;
#1738 = ORIENTED_EDGE ( 'NONE', *, *, #3049, .T. ) ;
#1739 = ADVANCED_FACE ( 'NONE', ( #970 ), #2811, .T. ) ;
#1740 = CARTESIAN_POINT ( 'NONE',  ( 82.05343627929690342, 112.7866973876949999, 6.928203582763679869 ) ) ;
#1741 = VECTOR ( 'NONE', #2347, 1000.000000000000000 ) ;
#1742 = AXIS2_PLACEMENT_3D ( 'NONE', #261, #2520, #1976 ) ;
#1743 = CARTESIAN_POINT ( 'NONE',  ( 110.2985601806639977, 101.7866973876950141, 3.464101791381839934 ) ) ;
#1744 = ORIENTED_EDGE ( 'NONE', *, *, #2895, .T. ) ;
#1745 = EDGE_LOOP ( 'NONE', ( #1185, #516, #3232, #2209 ) ) ;
#1746 = AXIS2_PLACEMENT_3D ( 'NONE', #482, #1588, #2150 ) ;
#1747 = EDGE_CURVE ( 'NONE', #1970, #3527, #2303, .T. ) ;
#1748 = CARTESIAN_POINT ( 'NONE',  ( 79.53579711914061079, 101.7866973876950141, 5.395953178405770601 ) ) ;
#1749 = ORIENTED_CLOSED_SHELL ( 'NONE', *, #350, .F. );
#1750 = CARTESIAN_POINT ( 'NONE',  ( 84.55343627929690342, 107.7866973876949999, 22.99834838098309930 ) ) ;
#1751 = CARTESIAN_POINT ( 'NONE',  ( 110.5665121459960005, 101.7866973876950141, 2.464101791381839934 ) ) ;
#1752 = VECTOR ( 'NONE', #1013, 1000.000000000000000 ) ;
#1753 = FACE_OUTER_BOUND ( 'NONE', #3285, .T. ) ;
#1754 = ORIENTED_EDGE ( 'NONE', *, *, #451, .T. ) ;
#1755 = CARTESIAN_POINT ( 'NONE',  ( 107.7985601806639977, 107.7866973876909924, 14.96409320829831202 ) ) ;
#1756 = AXIS2_PLACEMENT_3D ( 'NONE', #3189, #3468, #2641 ) ;
#1757 = DIRECTION ( 'NONE',  ( -0.000000000000000000, -0.000000000000000000, -1.000000000000000000 ) ) ;
#1758 = ORIENTED_EDGE ( 'NONE', *, *, #230, .T. ) ;
#1759 = CARTESIAN_POINT ( 'NONE',  ( 81.46765136718750000, 109.7866973876949999, 4.878314971923830790 ) ) ;
#1760 = CARTESIAN_POINT ( 'NONE',  ( 81.46765136718750000, 101.7866973876950141, 4.878314971923840559 ) ) ;
#1761 = VERTEX_POINT ( 'NONE', #1723 ) ;
#1762 = ORIENTED_EDGE ( 'NONE', *, *, #2161, .F. ) ;
#1763 = DIRECTION ( 'NONE',  ( 0.000000000000000000, -1.000000000000000000, 0.000000000000000000 ) ) ;
#1764 = DIRECTION ( 'NONE',  ( -0.9914448304674222667, 0.000000000000000000, 0.1305264269771610197 ) ) ;
#1765 = EDGE_LOOP ( 'NONE', ( #3422, #3442, #2311, #1463 ) ) ;
#1766 = EDGE_CURVE ( 'NONE', #3612, #3029, #1447, .T. ) ;
#1767 = ORIENTED_EDGE ( 'NONE', *, *, #1878, .T. ) ;
#1768 = DIRECTION ( 'NONE',  ( 0.000000000000000000, 1.000000000000000000, 0.000000000000000000 ) ) ;
#1769 = CARTESIAN_POINT ( 'NONE',  ( 81.78548431396480112, 101.7866973876950141, 4.464101791381840378 ) ) ;
#1770 = DIRECTION ( 'NONE',  ( 1.000000000000000000, 0.000000000000000000, 0.000000000000000000 ) ) ;
#1771 = ADVANCED_FACE ( 'NONE', ( #2031 ), #2069, .T. ) ;
#1772 = PLANE ( 'NONE',  #942 ) ;
#1773 = VERTEX_POINT ( 'NONE', #2539 ) ;
#1774 = CARTESIAN_POINT ( 'NONE',  ( 107.7985601806639977, 101.7866973876950141, 5.464101791381827056 ) ) ;
#1775 = DIRECTION ( 'NONE',  ( 0.000000000000000000, -1.000000000000000000, 0.000000000000000000 ) ) ;
#1776 = DIRECTION ( 'NONE',  ( 0.000000000000000000, 0.6087619720811818791, -0.7933529235767838861 ) ) ;
#1777 = ORIENTED_EDGE ( 'NONE', *, *, #3345, .F. ) ;
#1778 = DIRECTION ( 'NONE',  ( 1.000000000000000000, 0.000000000000000000, 0.000000000000000000 ) ) ;
#1779 = DIRECTION ( 'NONE',  ( 0.000000000000000000, -0.3436828289811919013, -0.9390857857850286594 ) ) ;
#1780 = ORIENTED_EDGE ( 'NONE', *, *, #319, .F. ) ;
#1781 = VERTEX_POINT ( 'NONE', #1168 ) ;
#1782 = DIRECTION ( 'NONE',  ( 0.000000000000000000, -1.000000000000000000, 0.000000000000000000 ) ) ;
#1783 = CARTESIAN_POINT ( 'NONE',  ( 110.8843527221680034, 109.7866973876949999, 2.049888610839839753 ) ) ;
#1784 = ORIENTED_EDGE ( 'NONE', *, *, #1835, .F. ) ;
#1785 = ORIENTED_EDGE ( 'NONE', *, *, #2852, .T. ) ;
#1786 = FACE_OUTER_BOUND ( 'NONE', #847, .T. ) ;
#1787 = LINE ( 'NONE', #420, #1807 ) ;
#1788 = CARTESIAN_POINT ( 'NONE',  ( 116.7985601806640119, 101.7866973876950141, 0.000000000000000000 ) ) ;
#1789 = ADVANCED_FACE ( 'NONE', ( #2829 ), #2268, .T. ) ;
#1790 = CARTESIAN_POINT ( 'NONE',  ( 82.05343627929690342, 109.7866973876949999, 3.464101791381839934 ) ) ;
#1791 = LINE ( 'NONE', #404, #185 ) ;
#1792 = EDGE_CURVE ( 'NONE', #2690, #3253, #108, .T. ) ;
#1793 = LINE ( 'NONE', #2571, #137 ) ;
#1794 = VERTEX_POINT ( 'NONE', #955 ) ;
#1795 = LINE ( 'NONE', #962, #1859 ) ;
#1796 = EDGE_CURVE ( 'NONE', #3015, #1130, #2053, .T. ) ;
#1797 = LINE ( 'NONE', #2575, #175 ) ;
#1798 = EDGE_LOOP ( 'NONE', ( #1191, #2307 ) ) ;
#1799 = CARTESIAN_POINT ( 'NONE',  ( 110.3667135620120092, 109.7866973876949999, 3.981739997863770419 ) ) ;
#1800 = VECTOR ( 'NONE', #3169, 1000.000000000000000 ) ;
#1801 = LINE ( 'NONE', #3184, #3014 ) ;
#1802 = ORIENTED_EDGE ( 'NONE', *, *, #2961, .T. ) ;
#1803 = ORIENTED_EDGE ( 'NONE', *, *, #1242, .T. ) ;
#1804 = AXIS2_PLACEMENT_3D ( 'NONE', #201, #1887, #3585 ) ;
#1805 = DIRECTION ( 'NONE',  ( 1.000000000000000000, 0.000000000000000000, 0.000000000000000000 ) ) ;
#1806 = LINE ( 'NONE', #1265, #2215 ) ;
#1807 = VECTOR ( 'NONE', #2032, 1000.000000000000000 ) ;
#1808 = FACE_OUTER_BOUND ( 'NONE', #81, .T. ) ;
#1809 = CARTESIAN_POINT ( 'NONE',  ( 117.7227911376949976, 99.53611373896720238, 14.96409320826940181 ) ) ;
#1810 = AXIS2_PLACEMENT_3D ( 'NONE', #1027, #460, #1866 ) ;
#1811 = ORIENTED_EDGE ( 'NONE', *, *, #1979, .F. ) ;
#1812 = ADVANCED_FACE ( 'NONE', ( #1204 ), #3126, .T. ) ;
#1813 = ORIENTED_EDGE ( 'NONE', *, *, #1094, .T. ) ;
#1814 = VECTOR ( 'NONE', #1282, 1000.000000000000000 ) ;
#1815 = DIRECTION ( 'NONE',  ( -1.000000000000000000, 0.000000000000000000, 0.000000000000000000 ) ) ;
#1816 = CARTESIAN_POINT ( 'NONE',  ( 75.55343627929690342, 108.1757812500000000, 8.920721054077150214 ) ) ;
#1817 = EDGE_CURVE ( 'NONE', #3245, #2818, #2563, .T. ) ;
#1818 = EDGE_LOOP ( 'NONE', ( #248, #2788, #2192, #2711 ) ) ;
#1819 = LINE ( 'NONE', #162, #3328 ) ;
#1820 = CARTESIAN_POINT ( 'NONE',  ( 74.51279113769530227, 101.5590763092249915, 20.63125324242870207 ) ) ;
#1821 = CARTESIAN_POINT ( 'NONE',  ( 78.12158203125000000, 109.7866973876949999, 3.981739997863770419 ) ) ;
#1822 = ORIENTED_EDGE ( 'NONE', *, *, #1362, .T. ) ;
#1823 = CARTESIAN_POINT ( 'NONE',  ( 84.55343627929690342, 107.7866973876949999, 14.96409320831483036 ) ) ;
#1824 = LINE ( 'NONE', #2601, #1741 ) ;
#1825 = LINE ( 'NONE', #3210, #770 ) ;
#1826 = CARTESIAN_POINT ( 'NONE',  ( 112.2985601806639977, 101.7866973876950141, 1.464101791381839934 ) ) ;
#1827 = DIRECTION ( 'NONE',  ( 0.9914455084722341160, 0.000000000000000000, 0.1305212769253860372 ) ) ;
#1828 = PLANE ( 'NONE',  #1224 ) ;
#1829 = ORIENTED_EDGE ( 'NONE', *, *, #1032, .T. ) ;
#1830 = FACE_OUTER_BOUND ( 'NONE', #1634, .T. ) ;
#1831 = ORIENTED_EDGE ( 'NONE', *, *, #2225, .F. ) ;
#1832 = CARTESIAN_POINT ( 'NONE',  ( 112.2985601806639977, 101.7866973876950141, 1.464101791381839934 ) ) ;
#1833 = EDGE_CURVE ( 'NONE', #2105, #1112, #1186, .T. ) ;
#1834 = LINE ( 'NONE', #3305, #232 ) ;
#1835 = EDGE_CURVE ( 'NONE', #2587, #2649, #671, .T. ) ;
#1836 = ORIENTED_EDGE ( 'NONE', *, *, #2511, .T. ) ;
#1837 = ADVANCED_FACE ( 'NONE', ( #1786 ), #399, .T. ) ;
#1838 = FACE_OUTER_BOUND ( 'NONE', #3418, .T. ) ;
#1839 = DIRECTION ( 'NONE',  ( 0.000000000000000000, 1.000000000000000000, 0.000000000000000000 ) ) ;
#1840 = VERTEX_POINT ( 'NONE', #3255 ) ;
#1841 = DIRECTION ( 'NONE',  ( -0.7933499880112131475, 0.000000000000000000, 0.6087657977601962367 ) ) ;
#1842 = LINE ( 'NONE', #986, #3154 ) ;
#1843 = PLANE ( 'NONE',  #2211 ) ;
#1844 = DIRECTION ( 'NONE',  ( 0.000000000000000000, -1.000000000000000000, 0.000000000000000000 ) ) ;
#1845 = PLANE ( 'NONE',  #2325 ) ;
#1846 = VERTEX_POINT ( 'NONE', #1823 ) ;
#1847 = CARTESIAN_POINT ( 'NONE',  ( 114.2985601806640119, 109.7866973876949999, 0.000000000000000000 ) ) ;
#1848 = ORIENTED_EDGE ( 'NONE', *, *, #3600, .T. ) ;
#1849 = DIRECTION ( 'NONE',  ( 1.000000000000000000, 0.000000000000000000, 0.000000000000000000 ) ) ;
#1850 = DIRECTION ( 'NONE',  ( 1.000000000000000000, 0.000000000000000000, 0.000000000000000000 ) ) ;
#1851 = EDGE_CURVE ( 'NONE', #1087, #2956, #1854, .T. ) ;
#1852 = ORIENTED_EDGE ( 'NONE', *, *, #72, .F. ) ;
#1853 = EDGE_CURVE ( 'NONE', #1154, #931, #2555, .T. ) ;
#1854 = LINE ( 'NONE', #2137, #527 ) ;
#1855 = LINE ( 'NONE', #2449, #1864 ) ;
#1856 = EDGE_CURVE ( 'NONE', #905, #2690, #687, .T. ) ;
#1857 = VECTOR ( 'NONE', #2731, 1000.000000000000114 ) ;
#1858 = EDGE_CURVE ( 'NONE', #3289, #512, #3208, .T. ) ;
#1859 = VECTOR ( 'NONE', #3020, 1000.000000000000000 ) ;
#1860 = AXIS2_PLACEMENT_3D ( 'NONE', #1613, #2248, #873 ) ;
#1861 = DIRECTION ( 'NONE',  ( 0.000000000000000000, 1.000000000000000000, 0.000000000000000000 ) ) ;
#1862 = DIRECTION ( 'NONE',  ( -0.9914448304674222667, 0.000000000000000000, 0.1305264269771610197 ) ) ;
#1863 = DIRECTION ( 'NONE',  ( 0.000000000000000000, -1.000000000000000000, 0.000000000000000000 ) ) ;
#1864 = VECTOR ( 'NONE', #3573, 1000.000000000000000 ) ;
#1865 = CARTESIAN_POINT ( 'NONE',  ( 79.53579711914061079, 109.7866973876949999, 1.532249450683589975 ) ) ;
#1866 = DIRECTION ( 'NONE',  ( 1.000000000000000000, 0.000000000000000000, 0.000000000000000000 ) ) ;
#1867 = VERTEX_POINT ( 'NONE', #473 ) ;
#1868 = VECTOR ( 'NONE', #3602, 1000.000000000000227 ) ;
#1869 = VECTOR ( 'NONE', #403, 999.9999999999998863 ) ;
#1870 = VERTEX_POINT ( 'NONE', #188 ) ;
#1871 = AXIS2_PLACEMENT_3D ( 'NONE', #859, #3075, #16 ) ;
#1872 = CARTESIAN_POINT ( 'NONE',  ( 114.2985601806640119, 112.7866973876949999, 1.707933981658220080E-31 ) ) ;
#1873 = CARTESIAN_POINT ( 'NONE',  ( 81.05343627929690342, 101.7866973876950141, 1.732050895690909975 ) ) ;
#1874 = VECTOR ( 'NONE', #2930, 1000.000000000000000 ) ;
#1875 = ORIENTED_EDGE ( 'NONE', *, *, #2431, .T. ) ;
#1876 = DIRECTION ( 'NONE',  ( 0.000000000000000000, -0.000000000000000000, 1.000000000000000000 ) ) ;
#1877 = LINE ( 'NONE', #2673, #290 ) ;
#1878 = EDGE_CURVE ( 'NONE', #1396, #106, #3520, .T. ) ;
#1879 = DIRECTION ( 'NONE',  ( -0.9238788260947650155, 0.000000000000000000, -0.3826851378009850091 ) ) ;
#1880 = CARTESIAN_POINT ( 'NONE',  ( 84.55343627929690342, 103.4866973876950027, 5.464101791381834161 ) ) ;
#1881 = ADVANCED_FACE ( 'NONE', ( #1580, #711 ), #3187, .F. ) ;
#1882 = DIRECTION ( 'NONE',  ( 0.000000000000000000, 1.000000000000000000, -8.881784197001250351E-16 ) ) ;
#1883 = CARTESIAN_POINT ( 'NONE',  ( 74.51279113769530227, 104.0056629181370056, 22.99634838098310041 ) ) ;
#1884 = ORIENTED_EDGE ( 'NONE', *, *, #164, .T. ) ;
#1885 = DIRECTION ( 'NONE',  ( 0.1305212769253860094, 0.000000000000000000, 0.9914455084722340050 ) ) ;
#1886 = VERTEX_POINT ( 'NONE', #488 ) ;
#1887 = DIRECTION ( 'NONE',  ( -0.9238758645718683216, 0.000000000000000000, -0.3826922874341511238 ) ) ;
#1888 = ORIENTED_EDGE ( 'NONE', *, *, #584, .T. ) ;
#1889 = CARTESIAN_POINT ( 'NONE',  ( 111.2985601806639977, 101.7866973876950141, 1.732050895690919967 ) ) ;
#1890 = CARTESIAN_POINT ( 'NONE',  ( 113.2985601806639977, 109.7866973876949999, 1.732050895690919967 ) ) ;
#1891 = ORIENTED_EDGE ( 'NONE', *, *, #987, .F. ) ;
#1892 = CARTESIAN_POINT ( 'NONE',  ( 112.2985601806639977, 109.7866973876949999, 1.464101791381839934 ) ) ;
#1893 = DIRECTION ( 'NONE',  ( -0.1305356407156920417, 0.000000000000000000, -0.9914436174099582333 ) ) ;
#1894 = DIRECTION ( 'NONE',  ( 0.000000000000000000, -0.7933529235767839971, -0.6087619720811819901 ) ) ;
#1895 = ADVANCED_FACE ( 'NONE', ( #1596 ), #113, .T. ) ;
#1896 = FACE_OUTER_BOUND ( 'NONE', #1333, .T. ) ;
#1897 = CARTESIAN_POINT ( 'NONE',  ( 31.18759688431604360, 103.4866973876950027, -38.15580046067728404 ) ) ;
#1898 = ORIENTED_EDGE ( 'NONE', *, *, #1217, .T. ) ;
#1899 = EDGE_CURVE ( 'NONE', #1460, #2009, #2894, .T. ) ;
#1900 = FACE_BOUND ( 'NONE', #1164, .T. ) ;
#1901 = ORIENTED_EDGE ( 'NONE', *, *, #1419, .T. ) ;
#1902 = FACE_OUTER_BOUND ( 'NONE', #3196, .T. ) ;
#1903 = ORIENTED_EDGE ( 'NONE', *, *, #2513, .F. ) ;
#1904 = CARTESIAN_POINT ( 'NONE',  ( 80.57107543945309658, 101.7866973876950141, 1.532249450683589975 ) ) ;
#1905 = DIRECTION ( 'NONE',  ( 0.000000000000000000, 1.000000000000000000, 2.775557561562890365E-16 ) ) ;
#1906 = EDGE_LOOP ( 'NONE', ( #377, #2764, #1409, #1643, #2802, #3419, #6, #28, #781, #741, #2298, #2081, #2485, #2424, #2991, #3397, #915, #3374, #2014, #2240, #537, #1459, #1986, #523 ) ) ;
#1907 = PLANE ( 'NONE',  #1679 ) ;
#1908 = EDGE_LOOP ( 'NONE', ( #861, #2630, #3407, #1481 ) ) ;
#1909 = CARTESIAN_POINT ( 'NONE',  ( 74.51279113769530227, 103.4956226349320048, 22.95279979699569850 ) ) ;
#1910 = DIRECTION ( 'NONE',  ( 1.000000000000000000, 0.000000000000000000, 0.000000000000000000 ) ) ;
#1911 = CIRCLE ( 'NONE', #2483, 3.000000000000002665 ) ;
#1912 = CARTESIAN_POINT ( 'NONE',  ( 114.0306158447269951, 101.7866973876950141, 2.464101791381839934 ) ) ;
#1913 = ORIENTED_EDGE ( 'NONE', *, *, #1647, .T. ) ;
#1914 = CARTESIAN_POINT ( 'NONE',  ( 81.05343627929690342, 109.7866973876949999, 1.732050895690919967 ) ) ;
#1915 = ORIENTED_EDGE ( 'NONE', *, *, #3152, .T. ) ;
#1916 = VECTOR ( 'NONE', #2933, 1000.000000000000000 ) ;
#1917 = ADVANCED_FACE ( 'NONE', ( #2332 ), #2604, .T. ) ;
#1918 = CARTESIAN_POINT ( 'NONE',  ( 78.05343627929690342, 110.4185193369179956, 6.928203582763670987 ) ) ;
#1919 = VECTOR ( 'NONE', #2380, 1000.000000000000000 ) ;
#1920 = VERTEX_POINT ( 'NONE', #2058 ) ;
#1921 = VECTOR ( 'NONE', #676, 1000.000000000000000 ) ;
#1922 = DIRECTION ( 'NONE',  ( -0.9238788260947650155, 0.000000000000000000, 0.3826851378009850091 ) ) ;
#1923 = AXIS2_PLACEMENT_3D ( 'NONE', #3078, #3373, #2221 ) ;
#1924 = EDGE_CURVE ( 'NONE', #1158, #1840, #2350, .T. ) ;
#1925 = LINE ( 'NONE', #3034, #1964 ) ;
#1926 = ORIENTED_EDGE ( 'NONE', *, *, #2388, .F. ) ;
#1927 = DIRECTION ( 'NONE',  ( 0.000000000000000000, -0.9238830312443551129, -0.3826749855670500966 ) ) ;
#1928 = VECTOR ( 'NONE', #1691, 1000.000000000000227 ) ;
#1929 = VERTEX_POINT ( 'NONE', #1755 ) ;
#1930 = DIRECTION ( 'NONE',  ( -0.8660254147996931939, 0.000000000000000000, 0.4999999809210191049 ) ) ;
#1931 = DIRECTION ( 'NONE',  ( 0.000000000000000000, -1.000000000000000000, 0.000000000000000000 ) ) ;
#1932 = CARTESIAN_POINT ( 'NONE',  ( 80.05343627929690342, 109.7866973876949999, 5.464101791381840378 ) ) ;
#1933 = EDGE_LOOP ( 'NONE', ( #1343, #3334 ) ) ;
#1934 = EDGE_LOOP ( 'NONE', ( #2280, #3489, #3092, #555 ) ) ;
#1935 = EDGE_CURVE ( 'NONE', #106, #2267, #1791, .T. ) ;
#1936 = CARTESIAN_POINT ( 'NONE',  ( 82.05343627929690342, 101.7866973876950141, 3.464101791381839934 ) ) ;
#1937 = ORIENTED_EDGE ( 'NONE', *, *, #3348, .F. ) ;
#1938 = EDGE_CURVE ( 'NONE', #1130, #2934, #3485, .T. ) ;
#1939 = ORIENTED_EDGE ( 'NONE', *, *, #2167, .T. ) ;
#1940 = DIRECTION ( 'NONE',  ( 1.000000000000000000, 4.456311862731526850E-13, 2.453673864576415080E-24 ) ) ;
#1941 = VERTEX_POINT ( 'NONE', #1809 ) ;
#1942 = CARTESIAN_POINT ( 'NONE',  ( 107.7985601806639977, 101.7866973876950141, 22.99834838098309930 ) ) ;
#1943 = EDGE_LOOP ( 'NONE', ( #1257, #9, #1553, #874 ) ) ;
#1944 = CARTESIAN_POINT ( 'NONE',  ( 110.8843527221680034, 109.7866973876949999, 4.878314971923830790 ) ) ;
#1945 = FACE_OUTER_BOUND ( 'NONE', #3460, .T. ) ;
#1946 = LINE ( 'NONE', #534, #1057 ) ;
#1947 = DIRECTION ( 'NONE',  ( 0.000000000000000000, 0.000000000000000000, 1.000000000000000000 ) ) ;
#1948 = VERTEX_POINT ( 'NONE', #1513 ) ;
#1949 = EDGE_LOOP ( 'NONE', ( #1937, #1822, #3361, #1589 ) ) ;
#1950 = LINE ( 'NONE', #1435, #1044 ) ;
#1951 = ORIENTED_EDGE ( 'NONE', *, *, #1322, .F. ) ;
#1952 = EDGE_LOOP ( 'NONE', ( #2810, #856, #3586, #1028, #364 ) ) ;
#1953 = CARTESIAN_POINT ( 'NONE',  ( 81.05343627929690342, 101.7866973876950141, 1.732050895690929959 ) ) ;
#1954 = ORIENTED_EDGE ( 'NONE', *, *, #1140, .F. ) ;
#1955 = EDGE_CURVE ( 'NONE', #1773, #546, #141, .T. ) ;
#1956 = DIRECTION ( 'NONE',  ( 0.3826798146995750161, 0.000000000000000000, -0.9238810309891090089 ) ) ;
#1957 = CARTESIAN_POINT ( 'NONE',  ( 81.46765136718750000, 109.7866973876949999, 2.049888610839839753 ) ) ;
#1958 = CARTESIAN_POINT ( 'NONE',  ( 84.55343627929690342, 112.7866973876949999, 0.000000000000000000 ) ) ;
#1959 = EDGE_CURVE ( 'NONE', #2962, #3312, #295, .T. ) ;
#1960 = CARTESIAN_POINT ( 'NONE',  ( 110.3667135620120092, 101.7866973876950141, 3.981739997863770419 ) ) ;
#1961 = CARTESIAN_POINT ( 'NONE',  ( 78.12158203125000000, 101.7866973876950141, 2.946463584899909893 ) ) ;
#1962 = ORIENTED_EDGE ( 'NONE', *, *, #1664, .T. ) ;
#1963 = VECTOR ( 'NONE', #1342, 1000.000000000000000 ) ;
#1964 = VECTOR ( 'NONE', #1295, 1000.000000000000000 ) ;
#1965 = ORIENTED_EDGE ( 'NONE', *, *, #1590, .F. ) ;
#1966 = VECTOR ( 'NONE', #2395, 1000.000000000000000 ) ;
#1967 = CARTESIAN_POINT ( 'NONE',  ( 81.98529052734369316, 101.7866973876950141, 3.981739997863770419 ) ) ;
#1968 = FACE_OUTER_BOUND ( 'NONE', #2195, .T. ) ;
#1969 = VECTOR ( 'NONE', #2753, 1000.000000000000114 ) ;
#1970 = VERTEX_POINT ( 'NONE', #2643 ) ;
#1971 = AXIS2_PLACEMENT_3D ( 'NONE', #1219, #1259, #2359 ) ;
#1972 = DIRECTION ( 'NONE',  ( 0.000000000000000000, 1.000000000000000000, 0.000000000000000000 ) ) ;
#1973 = APPLICATION_CONTEXT ( 'automotive_design' ) ;
#1974 = ORIENTED_EDGE ( 'NONE', *, *, #2407, .F. ) ;
#1975 = ORIENTED_EDGE ( 'NONE', *, *, #386, .F. ) ;
#1976 = DIRECTION ( 'NONE',  ( 0.000000000000000000, 1.000000000000000000, 0.000000000000000000 ) ) ;
#1977 = VECTOR ( 'NONE', #796, 1000.000000000000227 ) ;
#1978 = DIRECTION ( 'NONE',  ( -0.6087594347226259472, 0.000000000000000000, -0.7933548705567949888 ) ) ;
#1979 = EDGE_CURVE ( 'NONE', #20, #646, #2570, .T. ) ;
#1980 = CARTESIAN_POINT ( 'NONE',  ( 108.2985601806639977, 112.7866973876949999, 3.464101791381839934 ) ) ;
#1981 = ORIENTED_EDGE ( 'NONE', *, *, #1016, .F. ) ;
#1982 = EDGE_CURVE ( 'NONE', #583, #1082, #423, .T. ) ;
#1983 = ORIENTED_EDGE ( 'NONE', *, *, #1712, .F. ) ;
#1984 = CARTESIAN_POINT ( 'NONE',  ( 117.7227911376949976, 101.5590763092249915, 20.63125324242870207 ) ) ;
#1985 = CARTESIAN_POINT ( 'NONE',  ( 78.05343627929690342, 112.7866973876949999, 6.928203582763670987 ) ) ;
#1986 = ORIENTED_EDGE ( 'NONE', *, *, #2940, .F. ) ;
#1987 = ORIENTED_EDGE ( 'NONE', *, *, #2393, .F. ) ;
#1988 = LINE ( 'NONE', #890, #1113 ) ;
#1989 = LINE ( 'NONE', #2282, #3197 ) ;
#1990 = EDGE_LOOP ( 'NONE', ( #1421, #3010, #2869, #2827 ) ) ;
#1991 = EDGE_LOOP ( 'NONE', ( #3576, #289, #543, #2646 ) ) ;
#1992 = DIRECTION ( 'NONE',  ( 1.000000000000000000, 0.000000000000000000, 0.000000000000000000 ) ) ;
#1993 = CARTESIAN_POINT ( 'NONE',  ( 76.05343627929690342, 109.7866973876949999, 3.464101791381839934 ) ) ;
#1994 = ADVANCED_FACE ( 'NONE', ( #1492 ), #1533, .T. ) ;
#1995 = LINE ( 'NONE', #2272, #4 ) ;
#1996 = EDGE_LOOP ( 'NONE', ( #1366, #2549 ) ) ;
#1997 = CARTESIAN_POINT ( 'NONE',  ( 78.63922119140620737, 109.7866973876949999, 2.049888610839839753 ) ) ;
#1998 = EDGE_CURVE ( 'NONE', #1846, #658, #916, .T. ) ;
#1999 = EDGE_CURVE ( 'NONE', #85, #3479, #371, .T. ) ;
#2000 = ORIENTED_EDGE ( 'NONE', *, *, #1, .F. ) ;
#2001 = CARTESIAN_POINT ( 'NONE',  ( 84.55343627929690342, 111.7866973876949999, 13.46409320831300072 ) ) ;
#2002 = CARTESIAN_POINT ( 'NONE',  ( 79.05343627929688921, 109.7866973876949999, 1.732050895690919967 ) ) ;
#2003 = EDGE_CURVE ( 'NONE', #810, #1886, #2308, .T. ) ;
#2004 = ORIENTED_EDGE ( 'NONE', *, *, #1935, .T. ) ;
#2005 = ORIENTED_EDGE ( 'NONE', *, *, #2469, .T. ) ;
#2006 = PLANE ( 'NONE',  #469 ) ;
#2007 = DIRECTION ( 'NONE',  ( -0.1305356407156920417, 0.000000000000000000, -0.9914436174099582333 ) ) ;
#2008 = ORIENTED_EDGE ( 'NONE', *, *, #1339, .T. ) ;
#2009 = VERTEX_POINT ( 'NONE', #1774 ) ;
#2010 = CARTESIAN_POINT ( 'NONE',  ( 74.51279113769530227, 104.7243518829830009, 22.75322246546129890 ) ) ;
#2011 = DIRECTION ( 'NONE',  ( 0.000000000000000000, 1.000000000000000000, 7.771561172376100713E-16 ) ) ;
#2012 = DIRECTION ( 'NONE',  ( -0.000000000000000000, -0.000000000000000000, -1.000000000000000000 ) ) ;
#2013 = FACE_OUTER_BOUND ( 'NONE', #2989, .T. ) ;
#2014 = ORIENTED_EDGE ( 'NONE', *, *, #1189, .F. ) ;
#2015 = CARTESIAN_POINT ( 'NONE',  ( 110.8843527221680034, 109.7866973876949999, 2.049888610839839753 ) ) ;
#2016 = ORIENTED_EDGE ( 'NONE', *, *, #884, .T. ) ;
#2017 = AXIS2_PLACEMENT_3D ( 'NONE', #43, #2199, #827 ) ;
#2018 = DIRECTION ( 'NONE',  ( -0.000000000000000000, 0.2224526363621350533, 0.9749434981451672311 ) ) ;
#2019 = EDGE_CURVE ( 'NONE', #1235, #558, #2878, .T. ) ;
#2020 = DIRECTION ( 'NONE',  ( 1.000000000000000000, 0.000000000000000000, 0.000000000000000000 ) ) ;
#2021 = VECTOR ( 'NONE', #160, 1000.000000000000000 ) ;
#2022 = ORIENTED_EDGE ( 'NONE', *, *, #1111, .F. ) ;
#2023 = AXIS2_PLACEMENT_3D ( 'NONE', #1351, #2683, #459 ) ;
#2024 = ORIENTED_EDGE ( 'NONE', *, *, #2567, .F. ) ;
#2025 = ADVANCED_FACE ( 'NONE', ( #3229 ), #787, .T. ) ;
#2026 = CARTESIAN_POINT ( 'NONE',  ( 113.7127752685550064, 109.7866973876949999, 4.878314971923830790 ) ) ;
#2027 = CIRCLE ( 'NONE', #465, 3.000000000000002665 ) ;
#2028 = LINE ( 'NONE', #2596, #2608 ) ;
#2029 = ORIENTED_EDGE ( 'NONE', *, *, #729, .F. ) ;
#2030 = ORIENTED_EDGE ( 'NONE', *, *, #519, .F. ) ;
#2031 = FACE_OUTER_BOUND ( 'NONE', #3458, .T. ) ;
#2032 = DIRECTION ( 'NONE',  ( -1.000000000000000000, 0.000000000000000000, -7.894919286223340877E-16 ) ) ;
#2033 = LINE ( 'NONE', #139, #3566 ) ;
#2034 = VECTOR ( 'NONE', #2626, 1000.000000000000114 ) ;
#2035 = VECTOR ( 'NONE', #2404, 1000.000000000000114 ) ;
#2036 = LINE ( 'NONE', #74, #3145 ) ;
#2037 = ORIENTED_EDGE ( 'NONE', *, *, #168, .F. ) ;
#2038 = DIRECTION ( 'NONE',  ( -1.000000000000000000, 0.000000000000000000, -7.894919286223340877E-16 ) ) ;
#2039 = VECTOR ( 'NONE', #2861, 1000.000000000000114 ) ;
#2040 = FACE_OUTER_BOUND ( 'NONE', #2297, .T. ) ;
#2041 = CARTESIAN_POINT ( 'NONE',  ( 75.55343627929690342, 110.5573577880859943, 10.79572105407710048 ) ) ;
#2042 = VERTEX_POINT ( 'NONE', #2970 ) ;
#2043 = LINE ( 'NONE', #2574, #1162 ) ;
#2044 = CARTESIAN_POINT ( 'NONE',  ( 110.5665121459960005, 109.7866973876949999, 2.464101791381839934 ) ) ;
#2045 = ORIENTED_EDGE ( 'NONE', *, *, #562, .T. ) ;
#2046 = EDGE_CURVE ( 'NONE', #484, #2343, #83, .T. ) ;
#2047 = ORIENTED_EDGE ( 'NONE', *, *, #2407, .T. ) ;
#2048 = DIRECTION ( 'NONE',  ( 0.000000000000000000, -0.7947858886306673476, 0.6068899333763582149 ) ) ;
#2049 = CARTESIAN_POINT ( 'NONE',  ( 84.55343627929690342, 107.7866973876949999, 13.46409320831300072 ) ) ;
#2050 = ORIENTED_EDGE ( 'NONE', *, *, #1647, .F. ) ;
#2051 = EDGE_CURVE ( 'NONE', #2556, #2621, #2127, .T. ) ;
#2052 = VERTEX_POINT ( 'NONE', #1880 ) ;
#2053 = LINE ( 'NONE', #894, #3556 ) ;
#2054 = LINE ( 'NONE', #1227, #2146 ) ;
#2055 = LINE ( 'NONE', #3175, #1239 ) ;
#2056 = ADVANCED_FACE ( 'NONE', ( #2180 ), #2112, .T. ) ;
#2057 = CARTESIAN_POINT ( 'NONE',  ( 84.55343627929690342, 101.7866973876950141, 22.99834838098309930 ) ) ;
#2058 = CARTESIAN_POINT ( 'NONE',  ( 74.51279113769530227, 110.5361061096449902, 14.96409320833000045 ) ) ;
#2059 = DIRECTION ( 'NONE',  ( 1.000000000000000000, 0.000000000000000000, 0.000000000000000000 ) ) ;
#2060 = ORIENTED_EDGE ( 'NONE', *, *, #647, .F. ) ;
#2061 = FACE_OUTER_BOUND ( 'NONE', #1579, .T. ) ;
#2062 = DIRECTION ( 'NONE',  ( 1.000000000000000000, 0.000000000000000000, 0.000000000000000000 ) ) ;
#2063 = EDGE_LOOP ( 'NONE', ( #3144, #3609, #2910, #2727 ) ) ;
#2064 = ORIENTED_EDGE ( 'NONE', *, *, #3411, .F. ) ;
#2065 = CARTESIAN_POINT ( 'NONE',  ( 82.27788512967434542, 110.0216071502809001, 6.539446750430579769 ) ) ;
#2066 = DIRECTION ( 'NONE',  ( -0.3826798146995762928, 0.000000000000000000, 0.9238810309891084538 ) ) ;
#2067 = VERTEX_POINT ( 'NONE', #2707 ) ;
#2068 = ORIENTED_EDGE ( 'NONE', *, *, #1669, .F. ) ;
#2069 = PLANE ( 'NONE',  #876 ) ;
#2070 = EDGE_CURVE ( 'NONE', #3514, #2188, #437, .T. ) ;
#2071 = LINE ( 'NONE', #3481, #2383 ) ;
#2072 = DIRECTION ( 'NONE',  ( 0.7742633737221441548, 0.000000000000000000, -0.6328635146004256695 ) ) ;
#2073 = EDGE_CURVE ( 'NONE', #1920, #567, #1316, .T. ) ;
#2074 = CARTESIAN_POINT ( 'NONE',  ( 78.32138824462889204, 101.7866973876950141, 2.464101791381830164 ) ) ;
#2075 = ADVANCED_FACE ( 'NONE', ( #478 ), #1584, .T. ) ;
#2076 = LINE ( 'NONE', #3393, #2832 ) ;
#2077 = VERTEX_POINT ( 'NONE', #2434 ) ;
#2078 = ORIENTED_EDGE ( 'NONE', *, *, #3546, .T. ) ;
#2079 = DIRECTION ( 'NONE',  ( 1.000000000000000000, 0.000000000000000000, 0.000000000000000000 ) ) ;
#2080 = CARTESIAN_POINT ( 'NONE',  ( 117.7227911376949976, 105.4820880890380010, 22.20573520655729993 ) ) ;
#2081 = ORIENTED_EDGE ( 'NONE', *, *, #1362, .F. ) ;
#2082 = CARTESIAN_POINT ( 'NONE',  ( 111.7809210205080035, 101.7866973876950141, 1.532249450683600189 ) ) ;
#2083 = DIRECTION ( 'NONE',  ( 0.000000000000000000, -1.000000000000000000, 0.000000000000000000 ) ) ;
#2084 = ORIENTED_EDGE ( 'NONE', *, *, #2345, .T. ) ;
#2085 = VECTOR ( 'NONE', #1156, 1000.000000000000114 ) ;
#2086 = VECTOR ( 'NONE', #357, 999.9999999999998863 ) ;
#2087 = VECTOR ( 'NONE', #1281, 1000.000000000000000 ) ;
#2088 = CARTESIAN_POINT ( 'NONE',  ( 74.51279113769530227, 102.1145420074760040, 21.66047573083089972 ) ) ;
#2089 = DIRECTION ( 'NONE',  ( -0.7933494551558754049, 0.000000000000000000, -0.6087664921822453223 ) ) ;
#2090 = VECTOR ( 'NONE', #2929, 1000.000000000000000 ) ;
#2091 = DIRECTION ( 'NONE',  ( 0.000000000000000000, 1.000000000000000000, 0.000000000000000000 ) ) ;
#2092 = AXIS2_PLACEMENT_3D ( 'NONE', #2623, #136, #2285 ) ;
#2093 = CARTESIAN_POINT ( 'NONE',  ( 80.57107543945309658, 109.7866973876949999, 1.532249450683589975 ) ) ;
#2094 = ADVANCED_FACE ( 'NONE', ( #170 ), #491, .T. ) ;
#2095 = AXIS2_PLACEMENT_3D ( 'NONE', #1334, #2684, #198 ) ;
#2096 = CARTESIAN_POINT ( 'NONE',  ( 78.05343627929690342, 109.7866973876949999, 3.464101791381839934 ) ) ;
#2097 = DIRECTION ( 'NONE',  ( 0.000000000000000000, -0.4749407403702889385, -0.8800177800115869253 ) ) ;
#2098 = ORIENTED_EDGE ( 'NONE', *, *, #3005, .F. ) ;
#2099 = ADVANCED_FACE ( 'NONE', ( #222 ), #2693, .T. ) ;
#2100 = PLANE ( 'NONE',  #941 ) ;
#2101 = ORIENTED_EDGE ( 'NONE', *, *, #3345, .T. ) ;
#2102 = VECTOR ( 'NONE', #2860, 1000.000000000000000 ) ;
#2103 = CARTESIAN_POINT ( 'NONE',  ( 78.63922119140620737, 101.7866973876950141, 4.878314971923820131 ) ) ;
#2104 = PLANE ( 'NONE',  #2487 ) ;
#2105 = VERTEX_POINT ( 'NONE', #735 ) ;
#2106 = CARTESIAN_POINT ( 'NONE',  ( 78.05343627929690342, 109.7866973876949999, 6.928203582763670987 ) ) ;
#2107 = CARTESIAN_POINT ( 'NONE',  ( 114.2985601806640119, 101.7866973876950141, 3.464101791381830164 ) ) ;
#2108 = ORIENTED_EDGE ( 'NONE', *, *, #2493, .F. ) ;
#2109 = CARTESIAN_POINT ( 'NONE',  ( 113.7127752685550064, 109.7866973876949999, 2.049888610839839753 ) ) ;
#2110 = CARTESIAN_POINT ( 'NONE',  ( 78.05343627929690342, 112.7866973876949999, 6.928203582763670987 ) ) ;
#2111 = LINE ( 'NONE', #3228, #1390 ) ;
#2112 = PLANE ( 'NONE',  #3266 ) ;
#2113 = DIRECTION ( 'NONE',  ( 0.3826851378009850091, 0.000000000000000000, 0.9238788260947650155 ) ) ;
#2114 = EDGE_CURVE ( 'NONE', #611, #938, #3000, .T. ) ;
#2115 = DIRECTION ( 'NONE',  ( -0.9238758645718683216, 0.000000000000000000, 0.3826922874341511238 ) ) ;
#2116 = EDGE_LOOP ( 'NONE', ( #36, #2518, #2302, #2373 ) ) ;
#2117 = EDGE_CURVE ( 'NONE', #440, #611, #1330, .T. ) ;
#2118 = ADVANCED_FACE ( 'NONE', ( #2678, #1076 ), #3560, .T. ) ;
#2119 = ORIENTED_EDGE ( 'NONE', *, *, #168, .T. ) ;
#2120 = CARTESIAN_POINT ( 'NONE',  ( 75.55343627929690342, 101.7866973876950141, 22.99834838098309930 ) ) ;
#2121 = EDGE_CURVE ( 'NONE', #646, #2512, #2385, .T. ) ;
#2122 = LINE ( 'NONE', #1034, #2611 ) ;
#2123 = ORIENTED_CLOSED_SHELL ( 'NONE', *, #3495, .F. );
#2124 = ORIENTED_EDGE ( 'NONE', *, *, #3389, .F. ) ;
#2125 = CARTESIAN_POINT ( 'NONE',  ( 75.55343627929690342, 110.5573308152730050, 10.79575620568119909 ) ) ;
#2126 = PLANE ( 'NONE',  #767 ) ;
#2127 = LINE ( 'NONE', #1300, #132 ) ;
#2128 = DIRECTION ( 'NONE',  ( 0.000000000000000000, -0.3934564079629199740, -0.9193432737736848548 ) ) ;
#2129 = CARTESIAN_POINT ( 'NONE',  ( 117.7227911376949976, 110.5361061096449902, 14.96409320833000045 ) ) ;
#2130 = ORIENTED_EDGE ( 'NONE', *, *, #2696, .F. ) ;
#2131 = ORIENTED_EDGE ( 'NONE', *, *, #1262, .T. ) ;
#2132 = EDGE_CURVE ( 'NONE', #593, #1870, #1614, .T. ) ;
#2133 = CARTESIAN_POINT ( 'NONE',  ( 114.4187481867349589, 110.2335731595149895, 6.720031839196979995 ) ) ;
#2134 = DIRECTION ( 'NONE',  ( -1.000000000000000000, 0.000000000000000000, 1.249000902703299875E-16 ) ) ;
#2135 = VERTEX_POINT ( 'NONE', #806 ) ;
#2136 = EDGE_CURVE ( 'NONE', #1071, #3360, #3597, .T. ) ;
#2137 = CARTESIAN_POINT ( 'NONE',  ( 74.51279113769530227, 105.4820880890380010, 22.20573520655729993 ) ) ;
#2138 = VECTOR ( 'NONE', #2535, 1000.000000000000000 ) ;
#2139 = PLANE ( 'NONE',  #1107 ) ;
#2140 = AXIS2_PLACEMENT_3D ( 'NONE', #1816, #664, #1197 ) ;
#2141 = VECTOR ( 'NONE', #1778, 1000.000000000000000 ) ;
#2142 = CARTESIAN_POINT ( 'NONE',  ( 110.2985601806639977, 110.4185193369179956, 6.928203582763670987 ) ) ;
#2143 = DIRECTION ( 'NONE',  ( 0.000000000000000000, 1.000000000000000000, 0.000000000000000000 ) ) ;
#2144 = PRODUCT_DEFINITION_FORMATION_WITH_SPECIFIED_SOURCE ( 'ANY', '', #2902, .NOT_KNOWN. ) ;
#2145 = LINE ( 'NONE', #2644, #3490 ) ;
#2146 = VECTOR ( 'NONE', #1805, 1000.000000000000000 ) ;
#2147 = DIRECTION ( 'NONE',  ( 1.000000000000000000, 0.000000000000000000, 0.000000000000000000 ) ) ;
#2148 = AXIS2_PLACEMENT_3D ( 'NONE', #273, #1147, #2484 ) ;
#2149 = ORIENTED_EDGE ( 'NONE', *, *, #5, .T. ) ;
#2150 = DIRECTION ( 'NONE',  ( 0.000000000000000000, -1.000000000000000000, 0.000000000000000000 ) ) ;
#2151 = VERTEX_POINT ( 'NONE', #549 ) ;
#2152 = VECTOR ( 'NONE', #34, 1000.000000000000000 ) ;
#2153 = LINE ( 'NONE', #3271, #1099 ) ;
#2154 = VERTEX_POINT ( 'NONE', #1960 ) ;
#2155 = VECTOR ( 'NONE', #1725, 1000.000000000000000 ) ;
#2156 = CARTESIAN_POINT ( 'NONE',  ( 112.2985601806639977, 109.7866973876949999, 1.464101791381839934 ) ) ;
#2157 = DIRECTION ( 'NONE',  ( 1.000000000000000000, 0.000000000000000000, 1.110223033097929912E-16 ) ) ;
#2158 = AXIS2_PLACEMENT_3D ( 'NONE', #1176, #2334, #616 ) ;
#2159 = EDGE_CURVE ( 'NONE', #3170, #3365, #3615, .T. ) ;
#2160 = ORIENTED_EDGE ( 'NONE', *, *, #153, .F. ) ;
#2161 = EDGE_CURVE ( 'NONE', #337, #2279, #3095, .T. ) ;
#2162 = CARTESIAN_POINT ( 'NONE',  ( 74.51279113769530227, 108.7919330597279952, 17.84175968169499882 ) ) ;
#2163 = ADVANCED_FACE ( 'NONE', ( #276 ), #596, .T. ) ;
#2164 = LINE ( 'NONE', #2706, #1226 ) ;
#2165 = DIRECTION ( 'NONE',  ( 0.000000000000000000, -0.5742044792245268869, 0.8187119249397128984 ) ) ;
#2166 = DIRECTION ( 'NONE',  ( -0.4999999809210190493, 0.000000000000000000, -0.8660254147996930829 ) ) ;
#2167 = EDGE_CURVE ( 'NONE', #905, #3463, #1946, .T. ) ;
#2168 = ORIENTED_EDGE ( 'NONE', *, *, #2820, .T. ) ;
#2169 = CARTESIAN_POINT ( 'NONE',  ( 81.78548431396480112, 101.7866973876950141, 2.464101791381839934 ) ) ;
#2170 = ORIENTED_EDGE ( 'NONE', *, *, #3469, .T. ) ;
#2171 = FACE_OUTER_BOUND ( 'NONE', #3314, .T. ) ;
#2172 = ORIENTED_EDGE ( 'NONE', *, *, #2200, .T. ) ;
#2173 = CARTESIAN_POINT ( 'NONE',  ( 113.2985601806639977, 101.7866973876950141, 5.196151733398430395 ) ) ;
#2174 = DIRECTION ( 'NONE',  ( 0.000000000000000000, 1.000000000000000000, 0.000000000000000000 ) ) ;
#2175 = VERTEX_POINT ( 'NONE', #2488 ) ;
#2176 = VERTEX_POINT ( 'NONE', #563 ) ;
#2177 = DIRECTION ( 'NONE',  ( 1.000000000000000000, 0.000000000000000000, 0.000000000000000000 ) ) ;
#2178 = ORIENTED_EDGE ( 'NONE', *, *, #1858, .T. ) ;
#2179 = LINE ( 'NONE', #3054, #180 ) ;
#2180 = FACE_OUTER_BOUND ( 'NONE', #1595, .T. ) ;
#2181 = CARTESIAN_POINT ( 'NONE',  ( 75.55343627929690342, 111.1757812500000142, 8.920721054077150214 ) ) ;
#2182 = EDGE_CURVE ( 'NONE', #1416, #1318, #1383, .T. ) ;
#2183 = FACE_OUTER_BOUND ( 'NONE', #2063, .T. ) ;
#2184 = ORIENTED_EDGE ( 'NONE', *, *, #2073, .T. ) ;
#2185 = CARTESIAN_POINT ( 'NONE',  ( 75.55343627929690342, 101.7866973876950141, 14.96409320828179190 ) ) ;
#2186 = VERTEX_POINT ( 'NONE', #1121 ) ;
#2187 = EDGE_CURVE ( 'NONE', #1642, #2809, #844, .T. ) ;
#2188 = VERTEX_POINT ( 'NONE', #581 ) ;
#2189 = LINE ( 'NONE', #1084, #2622 ) ;
#2190 = DIRECTION ( 'NONE',  ( 0.9914436174099583443, 0.000000000000000000, 0.1305356407156920695 ) ) ;
#2191 = ORIENTED_EDGE ( 'NONE', *, *, #2680, .T. ) ;
#2192 = ORIENTED_EDGE ( 'NONE', *, *, #3031, .T. ) ;
#2193 = LINE ( 'NONE', #3362, #2258 ) ;
#2194 = CARTESIAN_POINT ( 'NONE',  ( 80.05343627929690342, 109.7866973876949999, 5.464101791381840378 ) ) ;
#2195 = EDGE_LOOP ( 'NONE', ( #3272, #1518, #3535, #3317 ) ) ;
#2196 = VECTOR ( 'NONE', #1484, 1000.000000000000000 ) ;
#2197 =( NAMED_UNIT ( * ) PLANE_ANGLE_UNIT ( ) SI_UNIT ( $, .RADIAN. ) );
#2198 = CARTESIAN_POINT ( 'NONE',  ( 110.3667135620120092, 109.7866973876949999, 3.981739997863770419 ) ) ;
#2199 = DIRECTION ( 'NONE',  ( 0.000000000000000000, -0.8800177800115869253, 0.4749407403702889385 ) ) ;
#2200 = EDGE_CURVE ( 'NONE', #1870, #2202, #3354, .T. ) ;
#2201 = LINE ( 'NONE', #277, #1232 ) ;
#2202 = VERTEX_POINT ( 'NONE', #313 ) ;
#2203 = EDGE_CURVE ( 'NONE', #2105, #1297, #2524, .T. ) ;
#2204 = AXIS2_PLACEMENT_3D ( 'NONE', #1957, #1706, #2795 ) ;
#2205 = STYLED_ITEM ( 'NONE', ( #3039 ), #1670 ) ;
#2206 = VECTOR ( 'NONE', #3471, 1000.000000000000000 ) ;
#2207 = EDGE_CURVE ( 'NONE', #2621, #2237, #2814, .T. ) ;
#2208 = VECTOR ( 'NONE', #3237, 1000.000000000000000 ) ;
#2209 = ORIENTED_EDGE ( 'NONE', *, *, #3464, .F. ) ;
#2210 = CARTESIAN_POINT ( 'NONE',  ( 74.51279113769530227, 105.4820880890380010, 22.20573520655729993 ) ) ;
#2211 = AXIS2_PLACEMENT_3D ( 'NONE', #3212, #1861, #3522 ) ;
#2212 = DIRECTION ( 'NONE',  ( -0.6087566003318519714, 0.000000000000000000, -0.7933570454419661688 ) ) ;
#2213 = VERTEX_POINT ( 'NONE', #1486 ) ;
#2214 = DIRECTION ( 'NONE',  ( -0.000000000000000000, 1.000000000000000000, 0.000000000000000000 ) ) ;
#2215 = VECTOR ( 'NONE', #2305, 1000.000000000000000 ) ;
#2216 = ORIENTED_EDGE ( 'NONE', *, *, #190, .F. ) ;
#2217 = LINE ( 'NONE', #3069, #1628 ) ;
#2218 = CARTESIAN_POINT ( 'NONE',  ( 107.7985601806639977, 110.1203308105469887, 11.36526489257810013 ) ) ;
#2219 = CARTESIAN_POINT ( 'NONE',  ( 108.2985601806639977, 109.7866973876949999, 3.464101791381839934 ) ) ;
#2220 = CARTESIAN_POINT ( 'NONE',  ( 74.51279113769530227, 102.7031497955689900, 22.43131923669040262 ) ) ;
#2221 = DIRECTION ( 'NONE',  ( -0.9238788260947650155, 0.000000000000000000, 0.3826851378009850091 ) ) ;
#2222 = ORIENTED_EDGE ( 'NONE', *, *, #1766, .F. ) ;
#2223 = EDGE_LOOP ( 'NONE', ( #554, #2479 ) ) ;
#2224 = ADVANCED_FACE ( 'NONE', ( #2598 ), #1607, .T. ) ;
#2225 = EDGE_CURVE ( 'NONE', #3448, #2690, #3288, .T. ) ;
#2226 = LINE ( 'NONE', #904, #2839 ) ;
#2227 = ORIENTED_EDGE ( 'NONE', *, *, #2114, .F. ) ;
#2228 = ORIENTED_EDGE ( 'NONE', *, *, #3049, .F. ) ;
#2229 = EDGE_CURVE ( 'NONE', #1505, #484, #249, .T. ) ;
#2230 = DIRECTION ( 'NONE',  ( 0.000000000000000000, 1.000000000000000000, 1.665334536937729880E-16 ) ) ;
#2231 = ORIENTED_EDGE ( 'NONE', *, *, #1078, .F. ) ;
#2232 = LINE ( 'NONE', #1942, #3496 ) ;
#2233 = CARTESIAN_POINT ( 'NONE',  ( 81.98529052734369316, 101.7866973876950141, 3.981739997863760205 ) ) ;
#2234 = CARTESIAN_POINT ( 'NONE',  ( 75.55343627929690342, 107.7866973877009968, 14.96409320829831202 ) ) ;
#2235 = CARTESIAN_POINT ( 'NONE',  ( 110.8843527221680034, 109.7866973876949999, 2.049888610839839753 ) ) ;
#2236 = ORIENTED_EDGE ( 'NONE', *, *, #1237, .F. ) ;
#2237 = VERTEX_POINT ( 'NONE', #1993 ) ;
#2238 = ORIENTED_EDGE ( 'NONE', *, *, #3389, .T. ) ;
#2239 = CARTESIAN_POINT ( 'NONE',  ( 84.55343627929690342, 103.4866973876950027, 5.464101791381834161 ) ) ;
#2240 = ORIENTED_EDGE ( 'NONE', *, *, #475, .F. ) ;
#2241 = EDGE_CURVE ( 'NONE', #2671, #1235, #1188, .T. ) ;
#2242 = ORIENTED_EDGE ( 'NONE', *, *, #227, .F. ) ;
#2243 = EDGE_CURVE ( 'NONE', #2289, #1846, #2584, .T. ) ;
#2244 = DIRECTION ( 'NONE',  ( 0.000000000000000000, -2.110926372141859940E-15, -1.000000000000000000 ) ) ;
#2245 = ORIENTED_EDGE ( 'NONE', *, *, #557, .F. ) ;
#2246 = EDGE_CURVE ( 'NONE', #2213, #967, #2566, .T. ) ;
#2247 = VERTEX_POINT ( 'NONE', #312 ) ;
#2248 = DIRECTION ( 'NONE',  ( 0.7933570454419661688, 0.000000000000000000, 0.6087566003318519714 ) ) ;
#2249 = DIRECTION ( 'NONE',  ( 0.000000000000000000, 1.000000000000000000, 7.771561172376100713E-16 ) ) ;
#2250 = FACE_OUTER_BOUND ( 'NONE', #1943, .T. ) ;
#2251 = DIRECTION ( 'NONE',  ( 1.000000000000000000, 0.000000000000000000, 0.000000000000000000 ) ) ;
#2252 = ORIENTED_EDGE ( 'NONE', *, *, #3332, .T. ) ;
#2253 = ORIENTED_EDGE ( 'NONE', *, *, #3221, .F. ) ;
#2254 = AXIS2_PLACEMENT_3D ( 'NONE', #2551, #2609, #122 ) ;
#2255 = FACE_OUTER_BOUND ( 'NONE', #2276, .T. ) ;
#2256 = VECTOR ( 'NONE', #2405, 1000.000000000000000 ) ;
#2257 = DIRECTION ( 'NONE',  ( 0.3826922874341510683, 0.000000000000000000, -0.9238758645718682105 ) ) ;
#2258 = VECTOR ( 'NONE', #2244, 1000.000000000000000 ) ;
#2259 = VERTEX_POINT ( 'NONE', #3072 ) ;
#2260 = VECTOR ( 'NONE', #2854, 1000.000000000000000 ) ;
#2261 = VERTEX_POINT ( 'NONE', #877 ) ;
#2262 = VECTOR ( 'NONE', #624, 1000.000000000000114 ) ;
#2263 = CARTESIAN_POINT ( 'NONE',  ( 82.05343627929690342, 109.7866973876949999, 6.928203582763670987 ) ) ;
#2264 = CARTESIAN_POINT ( 'NONE',  ( 78.12158203125000000, 109.7866973876949999, 2.946463584899900123 ) ) ;
#2265 = ORIENTED_EDGE ( 'NONE', *, *, #3070, .T. ) ;
#2266 = EDGE_CURVE ( 'NONE', #679, #2052, #2270, .T. ) ;
#2267 = VERTEX_POINT ( 'NONE', #1400 ) ;
#2268 = PLANE ( 'NONE',  #2909 ) ;
#2269 = DIRECTION ( 'NONE',  ( 0.000000000000000000, -0.7933565189577292953, 0.6087572864675002693 ) ) ;
#2270 = LINE ( 'NONE', #2813, #2855 ) ;
#2271 = EDGE_CURVE ( 'NONE', #882, #2848, #858, .T. ) ;
#2272 = CARTESIAN_POINT ( 'NONE',  ( 1.060001609348464614E-11, 103.4866973876950027, 14.96409320835815393 ) ) ;
#2273 = VERTEX_POINT ( 'NONE', #3388 ) ;
#2274 = CYLINDRICAL_SURFACE ( 'NONE', #2978, 3.000000000000002665 ) ;
#2275 = EDGE_CURVE ( 'NONE', #3514, #791, #613, .T. ) ;
#2276 = EDGE_LOOP ( 'NONE', ( #1208, #1704, #3327, #1203 ) ) ;
#2277 = LINE ( 'NONE', #334, #2960 ) ;
#2278 = CARTESIAN_POINT ( 'NONE',  ( 74.51279113769530227, 107.0923862457719906, 20.37159252163889889 ) ) ;
#2279 = VERTEX_POINT ( 'NONE', #348 ) ;
#2280 = ORIENTED_EDGE ( 'NONE', *, *, #514, .F. ) ;
#2281 = CARTESIAN_POINT ( 'NONE',  ( 79.53579711914061079, 101.7866973876950141, 1.532249450683600189 ) ) ;
#2282 = CARTESIAN_POINT ( 'NONE',  ( 108.2985601806639977, 112.7866973876949999, 3.464101791381839934 ) ) ;
#2283 = ORIENTED_EDGE ( 'NONE', *, *, #2293, .F. ) ;
#2284 = ORIENTED_EDGE ( 'NONE', *, *, #2187, .T. ) ;
#2285 = DIRECTION ( 'NONE',  ( 0.000000000000000000, -1.000000000000000000, 0.000000000000000000 ) ) ;
#2286 = CARTESIAN_POINT ( 'NONE',  ( 82.36421388989239745, 109.7866973876949999, 6.389920943971089784 ) ) ;
#2287 = CARTESIAN_POINT ( 'NONE',  ( 75.55343627929690342, 107.7866973877009968, 22.99834838098309930 ) ) ;
#2288 = DIRECTION ( 'NONE',  ( 0.9914450668446497250, 0.000000000000000000, 0.1305246315045859307 ) ) ;
#2289 = VERTEX_POINT ( 'NONE', #2234 ) ;
#2290 = EDGE_CURVE ( 'NONE', #583, #224, #367, .T. ) ;
#2291 = LINE ( 'NONE', #1252, #2312 ) ;
#2292 = DIRECTION ( 'NONE',  ( -0.9238788260947650155, 0.000000000000000000, -0.3826851378009850091 ) ) ;
#2293 = EDGE_CURVE ( 'NONE', #2587, #2848, #1150, .T. ) ;
#2294 = EDGE_LOOP ( 'NONE', ( #1174, #1352, #2339 ) ) ;
#2295 = LINE ( 'NONE', #3164, #116 ) ;
#2296 = DIRECTION ( 'NONE',  ( 0.000000000000000000, -1.000000000000000000, 0.000000000000000000 ) ) ;
#2297 = EDGE_LOOP ( 'NONE', ( #2228, #1915, #2685, #1951 ) ) ;
#2298 = ORIENTED_EDGE ( 'NONE', *, *, #1817, .F. ) ;
#2299 = LINE ( 'NONE', #2341, #1631 ) ;
#2300 = DIRECTION ( 'NONE',  ( 0.000000000000000000, -0.9749434981451672311, 0.2224526363621350533 ) ) ;
#2301 = VERTEX_POINT ( 'NONE', #1429 ) ;
#2302 = ORIENTED_EDGE ( 'NONE', *, *, #1629, .F. ) ;
#2303 = LINE ( 'NONE', #1247, #637 ) ;
#2304 = DIRECTION ( 'NONE',  ( 0.4999999809210190493, 0.000000000000000000, -0.8660254147996930829 ) ) ;
#2305 = DIRECTION ( 'NONE',  ( 0.000000000000000000, 0.000000000000000000, 1.000000000000000000 ) ) ;
#2306 = PLANE ( 'NONE',  #2785 ) ;
#2307 = ORIENTED_EDGE ( 'NONE', *, *, #2003, .T. ) ;
#2308 = LINE ( 'NONE', #3430, #3149 ) ;
#2309 = CARTESIAN_POINT ( 'NONE',  ( 84.05343627929690342, 112.7866973876949999, 3.464101791381839934 ) ) ;
#2310 = ADVANCED_FACE ( 'NONE', ( #2250 ), #1690, .T. ) ;
#2311 = ORIENTED_EDGE ( 'NONE', *, *, #2738, .T. ) ;
#2312 = VECTOR ( 'NONE', #2351, 1000.000000000000114 ) ;
#2313 = CARTESIAN_POINT ( 'NONE',  ( 74.51279113769530227, 106.2732944488989943, 21.39736461635580156 ) ) ;
#2314 = ADVANCED_FACE ( 'NONE', ( #1668 ), #896, .T. ) ;
#2315 = CARTESIAN_POINT ( 'NONE',  ( 110.2985601806639977, 101.7866973876950141, 3.464101791381839934 ) ) ;
#2316 = VECTOR ( 'NONE', #2292, 1000.000000000000000 ) ;
#2317 = AXIS2_PLACEMENT_3D ( 'NONE', #2864, #37, #1698 ) ;
#2318 = COLOUR_RGB ( '',0.7921568627450980005, 0.8196078431372548767, 0.9333333333333333481 ) ;
#2319 = ORIENTED_EDGE ( 'NONE', *, *, #2653, .T. ) ;
#2320 = FACE_OUTER_BOUND ( 'NONE', #1288, .T. ) ;
#2321 = VECTOR ( 'NONE', #2177, 1000.000000000000000 ) ;
#2322 = FACE_OUTER_BOUND ( 'NONE', #1017, .T. ) ;
#2323 = ORIENTED_EDGE ( 'NONE', *, *, #1959, .T. ) ;
#2324 = ORIENTED_EDGE ( 'NONE', *, *, #3193, .T. ) ;
#2325 = AXIS2_PLACEMENT_3D ( 'NONE', #2420, #3006, #2952 ) ;
#2326 = DIRECTION ( 'NONE',  ( 1.000000000000000000, 0.000000000000000000, 0.000000000000000000 ) ) ;
#2327 = DIRECTION ( 'NONE',  ( -1.000000000000000000, 0.000000000000000000, 0.000000000000000000 ) ) ;
#2328 = DIRECTION ( 'NONE',  ( 0.000000000000000000, 1.000000000000000000, 0.000000000000000000 ) ) ;
#2329 = VECTOR ( 'NONE', #1879, 1000.000000000000000 ) ;
#2330 = VECTOR ( 'NONE', #1401, 1000.000000000000000 ) ;
#2331 = DIRECTION ( 'NONE',  ( -1.000000000000000000, 0.000000000000000000, 0.000000000000000000 ) ) ;
#2332 = FACE_OUTER_BOUND ( 'NONE', #3386, .T. ) ;
#2333 = VECTOR ( 'NONE', #93, 1000.000000000000114 ) ;
#2334 = DIRECTION ( 'NONE',  ( 0.9914455084722341160, 0.000000000000000000, -0.1305212769253860372 ) ) ;
#2335 = ORIENTED_EDGE ( 'NONE', *, *, #1140, .T. ) ;
#2336 = CARTESIAN_POINT ( 'NONE',  ( 114.2985601806640119, 101.7866973876950141, 3.464101791381830164 ) ) ;
#2337 = CARTESIAN_POINT ( 'NONE',  ( 114.0306158447269951, 101.7866973876950141, 2.464101791381839934 ) ) ;
#2338 = ORIENTED_EDGE ( 'NONE', *, *, #1796, .T. ) ;
#2339 = ORIENTED_EDGE ( 'NONE', *, *, #2532, .F. ) ;
#2340 = EDGE_CURVE ( 'NONE', #339, #2962, #578, .T. ) ;
#2341 = CARTESIAN_POINT ( 'NONE',  ( 78.32138824462889204, 109.7866973876949999, 4.464101791381840378 ) ) ;
#2342 = CARTESIAN_POINT ( 'NONE',  ( 80.57107543945309658, 101.7866973876950141, 1.532249450683589975 ) ) ;
#2343 = VERTEX_POINT ( 'NONE', #1450 ) ;
#2344 = VERTEX_POINT ( 'NONE', #1751 ) ;
#2345 = EDGE_CURVE ( 'NONE', #2289, #882, #1468, .T. ) ;
#2346 = DIRECTION ( 'NONE',  ( 0.000000000000000000, 1.000000000000000000, 0.000000000000000000 ) ) ;
#2347 = DIRECTION ( 'NONE',  ( -0.000000000000000000, -0.000000000000000000, -1.000000000000000000 ) ) ;
#2348 = DIRECTION ( 'NONE',  ( -0.000000000000000000, -0.000000000000000000, -1.000000000000000000 ) ) ;
#2349 = DIRECTION ( 'NONE',  ( 1.000000000000000000, 0.000000000000000000, -0.000000000000000000 ) ) ;
#2350 = LINE ( 'NONE', #692, #3325 ) ;
#2351 = DIRECTION ( 'NONE',  ( 0.9914450668446497250, 0.000000000000000000, 0.1305246315045859307 ) ) ;
#2352 = DIRECTION ( 'NONE',  ( 1.000000000000000000, 0.000000000000000000, 0.000000000000000000 ) ) ;
#2353 = ORIENTED_EDGE ( 'NONE', *, *, #2388, .T. ) ;
#2354 = ORIENTED_EDGE ( 'NONE', *, *, #2290, .F. ) ;
#2355 = DIRECTION ( 'NONE',  ( -0.7742633737221441548, 0.000000000000000000, -0.6328635146004257805 ) ) ;
#2356 = UNCERTAINTY_MEASURE_WITH_UNIT (LENGTH_MEASURE( 1.000000000000000082E-05 ), #2793, 'distance_accuracy_value', 'NONE');
#2357 = LINE ( 'NONE', #681, #1280 ) ;
#2358 = ORIENTED_EDGE ( 'NONE', *, *, #544, .F. ) ;
#2359 = DIRECTION ( 'NONE',  ( -1.000000000000000000, 0.000000000000000000, 0.000000000000000000 ) ) ;
#2360 = DIRECTION ( 'NONE',  ( 0.000000000000000000, -0.6068899333763589921, -0.7947858886306667925 ) ) ;
#2361 = ADVANCED_FACE ( 'NONE', ( #1945 ), #913, .T. ) ;
#2362 = ORIENTED_EDGE ( 'NONE', *, *, #1094, .F. ) ;
#2363 = CARTESIAN_POINT ( 'NONE',  ( 110.5665121459960005, 101.7866973876950141, 4.464101791381840378 ) ) ;
#2364 = CARTESIAN_POINT ( 'NONE',  ( 111.2985601806639977, 101.7866973876950141, 5.196151733398430395 ) ) ;
#2365 = EDGE_CURVE ( 'NONE', #3245, #2807, #15, .T. ) ;
#2366 = CARTESIAN_POINT ( 'NONE',  ( 82.05343627929690342, 110.4185193369179956, 6.928203582763670987 ) ) ;
#2367 = DIRECTION ( 'NONE',  ( -1.000000000000000000, 0.000000000000000000, 0.000000000000000000 ) ) ;
#2368 = DIRECTION ( 'NONE',  ( 1.000000000000000000, 0.000000000000000000, 0.000000000000000000 ) ) ;
#2369 = ORIENTED_EDGE ( 'NONE', *, *, #3098, .F. ) ;
#2370 = EDGE_LOOP ( 'NONE', ( #409, #1504, #665, #2890, #53, #590 ) ) ;
#2371 = LINE ( 'NONE', #3298, #1623 ) ;
#2372 = CARTESIAN_POINT ( 'NONE',  ( 74.51279113769530227, 103.4956226349320048, 22.95279979699569850 ) ) ;
#2373 = ORIENTED_EDGE ( 'NONE', *, *, #738, .F. ) ;
#2374 = DIRECTION ( 'NONE',  ( -0.4999999809210191049, 0.000000000000000000, 0.8660254147996931939 ) ) ;
#2375 = AXIS2_PLACEMENT_3D ( 'NONE', #150, #3446, #1556 ) ;
#2376 = CARTESIAN_POINT ( 'NONE',  ( 76.05343627929690342, 112.7866973876949999, 3.464101791381839934 ) ) ;
#2377 = VECTOR ( 'NONE', #3101, 999.9999999999998863 ) ;
#2378 = ORIENTED_EDGE ( 'NONE', *, *, #200, .T. ) ;
#2379 = VECTOR ( 'NONE', #1480, 1000.000000000000000 ) ;
#2380 = DIRECTION ( 'NONE',  ( 0.000000000000000000, 0.000000000000000000, -1.000000000000000000 ) ) ;
#2381 = CARTESIAN_POINT ( 'NONE',  ( 74.51279113769530227, 101.5590763092249915, 20.63125324242870207 ) ) ;
#2382 = ADVANCED_FACE ( 'NONE', ( #3340 ), #561, .T. ) ;
#2383 = VECTOR ( 'NONE', #3425, 1000.000000000000227 ) ;
#2384 = DIRECTION ( 'NONE',  ( 0.9238788260947646824, 0.000000000000000000, -0.3826851378009858418 ) ) ;
#2385 = LINE ( 'NONE', #3507, #2564 ) ;
#2386 = ADVANCED_FACE ( 'NONE', ( #656 ), #673, .T. ) ;
#2387 = VECTOR ( 'NONE', #3598, 1000.000000000000114 ) ;
#2388 = EDGE_CURVE ( 'NONE', #85, #337, #689, .T. ) ;
#2389 = CARTESIAN_POINT ( 'NONE',  ( 74.51279113769530227, 101.0301303863630125, 19.39532756799249924 ) ) ;
#2390 = CARTESIAN_POINT ( 'NONE',  ( 117.7227911376949976, 103.4956226349320048, 22.95279979699569850 ) ) ;
#2391 = CARTESIAN_POINT ( 'NONE',  ( 110.8843527221680034, 109.7866973876949999, 2.049888610839839753 ) ) ;
#2392 = ORIENTED_EDGE ( 'NONE', *, *, #3392, .T. ) ;
#2393 = EDGE_CURVE ( 'NONE', #219, #339, #1398, .T. ) ;
#2394 = VECTOR ( 'NONE', #880, 1000.000000000000000 ) ;
#2395 = DIRECTION ( 'NONE',  ( 0.000000000000000000, 1.000000000000000000, -1.665334536937729880E-16 ) ) ;
#2396 = ORIENTED_CLOSED_SHELL ( 'NONE', *, #3076, .F. );
#2397 = ORIENTED_EDGE ( 'NONE', *, *, #3276, .F. ) ;
#2398 = DIRECTION ( 'NONE',  ( -0.000000000000000000, 0.8187119249397128984, 0.5742044792245268869 ) ) ;
#2399 = DIRECTION ( 'NONE',  ( 0.1305356407156920417, 0.000000000000000000, -0.9914436174099582333 ) ) ;
#2400 = EDGE_LOOP ( 'NONE', ( #653, #278, #1836, #1338 ) ) ;
#2401 = DIRECTION ( 'NONE',  ( -1.000000000000000000, 0.000000000000000000, 0.000000000000000000 ) ) ;
#2402 = CARTESIAN_POINT ( 'NONE',  ( 107.7985601806639977, 112.7866973876949999, 13.46409320831300072 ) ) ;
#2403 = DIRECTION ( 'NONE',  ( 0.9238788260947650155, 0.000000000000000000, 0.3826851378009850091 ) ) ;
#2404 = DIRECTION ( 'NONE',  ( 0.000000000000000000, -0.9998385936029986487, -0.01796626677909329492 ) ) ;
#2405 = DIRECTION ( 'NONE',  ( 0.000000000000000000, -1.000000000000000000, -2.563950281123120035E-16 ) ) ;
#2406 = VERTEX_POINT ( 'NONE', #1788 ) ;
#2407 = EDGE_CURVE ( 'NONE', #3572, #2247, #1008, .T. ) ;
#2408 = DIRECTION ( 'NONE',  ( -0.9238788260947650155, 0.000000000000000000, 0.3826851378009850091 ) ) ;
#2409 = ORIENTED_EDGE ( 'NONE', *, *, #3282, .T. ) ;
#2410 = LINE ( 'NONE', #2423, #2432 ) ;
#2411 = EDGE_CURVE ( 'NONE', #2671, #2587, #1806, .T. ) ;
#2412 = ORIENTED_EDGE ( 'NONE', *, *, #2472, .F. ) ;
#2413 = CARTESIAN_POINT ( 'NONE',  ( 114.5230090310420081, 110.0216071502809001, 6.539446750430579769 ) ) ;
#2414 = FACE_OUTER_BOUND ( 'NONE', #3035, .T. ) ;
#2415 = EDGE_LOOP ( 'NONE', ( #265, #3065, #745, #1983 ) ) ;
#2416 = CARTESIAN_POINT ( 'NONE',  ( 113.7127752685550064, 109.7866973876949999, 2.049888610839839753 ) ) ;
#2417 = CARTESIAN_POINT ( 'NONE',  ( 107.7985601806639977, 110.5573308152730050, 10.79575620568119909 ) ) ;
#2418 = LINE ( 'NONE', #439, #2256 ) ;
#2419 = ORIENTED_EDGE ( 'NONE', *, *, #2187, .F. ) ;
#2420 = CARTESIAN_POINT ( 'NONE',  ( 110.8843527221680034, 109.7866973876949999, 4.878314971923830790 ) ) ;
#2421 = ORIENTED_EDGE ( 'NONE', *, *, #1938, .T. ) ;
#2422 = EDGE_CURVE ( 'NONE', #2151, #1396, #3482, .T. ) ;
#2423 = CARTESIAN_POINT ( 'NONE',  ( 113.7127752685550064, 101.7866973876950141, 4.878314971923840559 ) ) ;
#2424 = ORIENTED_EDGE ( 'NONE', *, *, #1125, .F. ) ;
#2425 = EDGE_CURVE ( 'NONE', #63, #1269, #1825, .T. ) ;
#2426 = CARTESIAN_POINT ( 'NONE',  ( 78.05343627929690342, 101.7866973876950141, 3.464101791381839934 ) ) ;
#2427 = PLANE ( 'NONE',  #3133 ) ;
#2428 = ORIENTED_EDGE ( 'NONE', *, *, #1590, .T. ) ;
#2429 = AXIS2_PLACEMENT_3D ( 'NONE', #3021, #263, #609 ) ;
#2430 = FACE_OUTER_BOUND ( 'NONE', #849, .T. ) ;
#2431 = EDGE_CURVE ( 'NONE', #679, #1460, #1842, .T. ) ;
#2432 = VECTOR ( 'NONE', #1591, 1000.000000000000114 ) ;
#2433 = FACE_OUTER_BOUND ( 'NONE', #2497, .T. ) ;
#2434 = CARTESIAN_POINT ( 'NONE',  ( 117.7227911376949976, 101.0301303863630125, 19.39532756799249924 ) ) ;
#2435 = AXIS2_PLACEMENT_3D ( 'NONE', #1702, #2480, #1661 ) ;
#2436 = ORIENTED_EDGE ( 'NONE', *, *, #2541, .F. ) ;
#2437 = CARTESIAN_POINT ( 'NONE',  ( 81.05343627929690342, 109.7866973876949999, 5.196151733398440165 ) ) ;
#2438 = ORIENTED_EDGE ( 'NONE', *, *, #2633, .F. ) ;
#2439 = VECTOR ( 'NONE', #1849, 1000.000000000000000 ) ;
#2440 = DIRECTION ( 'NONE',  ( -0.9238810309891090089, 0.000000000000000000, -0.3826798146995750161 ) ) ;
#2441 = DIRECTION ( 'NONE',  ( 0.6087664921822442121, 0.000000000000000000, -0.7933494551558761820 ) ) ;
#2442 = ORIENTED_EDGE ( 'NONE', *, *, #2275, .F. ) ;
#2443 = VECTOR ( 'NONE', #3353, 1000.000000000000000 ) ;
#2444 = LINE ( 'NONE', #1374, #1868 ) ;
#2445 = DIRECTION ( 'NONE',  ( 0.000000000000000000, 1.000000000000000000, -9.992007221626410836E-16 ) ) ;
#2446 = ORIENTED_EDGE ( 'NONE', *, *, #2490, .F. ) ;
#2447 = ADVANCED_FACE ( 'NONE', ( #2625 ), #2892, .T. ) ;
#2448 = ORIENTED_EDGE ( 'NONE', *, *, #3444, .F. ) ;
#2449 = CARTESIAN_POINT ( 'NONE',  ( 78.32138824462889204, 101.7866973876950141, 4.464101791381830608 ) ) ;
#2450 = ORIENTED_EDGE ( 'NONE', *, *, #2182, .T. ) ;
#2451 = EDGE_CURVE ( 'NONE', #2924, #1686, #3452, .T. ) ;
#2452 = FILL_AREA_STYLE_COLOUR ( '', #2318 ) ;
#2453 = DIRECTION ( 'NONE',  ( 0.3826851378009850091, 0.000000000000000000, -0.9238788260947650155 ) ) ;
#2454 = LINE ( 'NONE', #2336, #2720 ) ;
#2455 = CARTESIAN_POINT ( 'NONE',  ( 79.05343627929688921, 101.7866973876950141, 5.196151733398440165 ) ) ;
#2456 = DIRECTION ( 'NONE',  ( 0.000000000000000000, -0.3082000389509638727, -0.9513215733865306722 ) ) ;
#2457 = ORIENTED_EDGE ( 'NONE', *, *, #21, .T. ) ;
#2458 = LINE ( 'NONE', #582, #3027 ) ;
#2459 = ORIENTED_EDGE ( 'NONE', *, *, #2046, .T. ) ;
#2460 = DIRECTION ( 'NONE',  ( -0.3826798146995750161, 0.000000000000000000, 0.9238810309891090089 ) ) ;
#2461 = ORIENTED_EDGE ( 'NONE', *, *, #153, .T. ) ;
#2462 = FACE_OUTER_BOUND ( 'NONE', #2645, .T. ) ;
#2463 = PLANE ( 'NONE',  #1220 ) ;
#2464 = ORIENTED_EDGE ( 'NONE', *, *, #1586, .F. ) ;
#2465 = ORIENTED_EDGE ( 'NONE', *, *, #1406, .T. ) ;
#2466 = DIRECTION ( 'NONE',  ( 0.000000000000000000, -0.6614875748709151404, 0.7499561242442090991 ) ) ;
#2467 = ORIENTED_EDGE ( 'NONE', *, *, #299, .T. ) ;
#2468 = EDGE_CURVE ( 'NONE', #3463, #3473, #1531, .T. ) ;
#2469 = EDGE_CURVE ( 'NONE', #1555, #2569, #1546, .T. ) ;
#2470 = DIRECTION ( 'NONE',  ( 0.000000000000000000, 1.000000000000000000, 4.037174635000570090E-16 ) ) ;
#2471 = CARTESIAN_POINT ( 'NONE',  ( 108.2985601806639977, 109.7866973876949999, 3.464101791381839934 ) ) ;
#2472 = EDGE_CURVE ( 'NONE', #370, #2267, #2033, .T. ) ;
#2473 = LINE ( 'NONE', #2744, #1387 ) ;
#2474 = PLANE ( 'NONE',  #1923 ) ;
#2475 = EDGE_LOOP ( 'NONE', ( #1275, #1762, #99, #1437, #2130 ) ) ;
#2476 = ORIENTED_EDGE ( 'NONE', *, *, #3259, .T. ) ;
#2477 = CARTESIAN_POINT ( 'NONE',  ( 74.51279113769530227, 103.3315372467470041, 22.89210414880160371 ) ) ;
#2478 = DIRECTION ( 'NONE',  ( 0.000000000000000000, -1.000000000000000000, 0.000000000000000000 ) ) ;
#2479 = ORIENTED_EDGE ( 'NONE', *, *, #496, .T. ) ;
#2480 = DIRECTION ( 'NONE',  ( 1.000000000000000000, 0.000000000000000000, -0.000000000000000000 ) ) ;
#2481 = ADVANCED_FACE ( 'NONE', ( #2602 ), #3504, .T. ) ;
#2482 = EDGE_LOOP ( 'NONE', ( #2037, #3357, #3330, #442 ) ) ;
#2483 = AXIS2_PLACEMENT_3D ( 'NONE', #1268, #992, #2950 ) ;
#2484 = DIRECTION ( 'NONE',  ( 1.000000000000000000, 0.000000000000000000, 0.000000000000000000 ) ) ;
#2485 = ORIENTED_EDGE ( 'NONE', *, *, #2070, .F. ) ;
#2486 = CARTESIAN_POINT ( 'NONE',  ( 113.2985601806639977, 109.7866973876949999, 5.196151733398440165 ) ) ;
#2487 = AXIS2_PLACEMENT_3D ( 'NONE', #2044, #2648, #2296 ) ;
#2488 = CARTESIAN_POINT ( 'NONE',  ( 117.7227911376949976, 102.1145420074760040, 21.66047573083089972 ) ) ;
#2489 = VECTOR ( 'NONE', #159, 1000.000000000000114 ) ;
#2490 = EDGE_CURVE ( 'NONE', #3137, #830, #385, .T. ) ;
#2491 = CARTESIAN_POINT ( 'NONE',  ( 1.060001609348464614E-11, 103.4866973876950027, 14.96409320835815393 ) ) ;
#2492 = ORIENTED_EDGE ( 'NONE', *, *, #1217, .F. ) ;
#2493 = EDGE_CURVE ( 'NONE', #1223, #3116, #453, .T. ) ;
#2494 = VECTOR ( 'NONE', #1581, 999.9999999999998863 ) ;
#2495 = AXIS2_PLACEMENT_3D ( 'NONE', #3122, #1483, #2849 ) ;
#2496 = EDGE_CURVE ( 'NONE', #471, #611, #110, .T. ) ;
#2497 = EDGE_LOOP ( 'NONE', ( #2354, #3449, #1700, #461 ) ) ;
#2498 = EDGE_CURVE ( 'NONE', #615, #199, #2055, .T. ) ;
#2499 = VECTOR ( 'NONE', #2288, 1000.000000000000114 ) ;
#2500 = LINE ( 'NONE', #3062, #1734 ) ;
#2501 = VECTOR ( 'NONE', #2456, 1000.000000000000114 ) ;
#2502 = ORIENTED_EDGE ( 'NONE', *, *, #557, .T. ) ;
#2503 = ORIENTED_EDGE ( 'NONE', *, *, #1747, .T. ) ;
#2504 = FACE_OUTER_BOUND ( 'NONE', #3142, .T. ) ;
#2505 = ORIENTED_EDGE ( 'NONE', *, *, #3073, .T. ) ;
#2506 = DIRECTION ( 'NONE',  ( 0.9914450668446497250, 0.000000000000000000, -0.1305246315045859307 ) ) ;
#2507 = CARTESIAN_POINT ( 'NONE',  ( 74.51279113769530227, 107.9337940216470031, 19.17189693449130061 ) ) ;
#2508 = DIRECTION ( 'NONE',  ( 0.000000000000000000, -1.000000000000000000, 0.000000000000000000 ) ) ;
#2509 = FACE_OUTER_BOUND ( 'NONE', #1949, .T. ) ;
#2510 = EDGE_LOOP ( 'NONE', ( #1160, #2828 ) ) ;
#2511 = EDGE_CURVE ( 'NONE', #1376, #2981, #1509, .T. ) ;
#2512 = VERTEX_POINT ( 'NONE', #749 ) ;
#2513 = EDGE_CURVE ( 'NONE', #2809, #2175, #3574, .T. ) ;
#2514 = LINE ( 'NONE', #848, #1563 ) ;
#2515 = ORIENTED_EDGE ( 'NONE', *, *, #2824, .F. ) ;
#2516 = ORIENTED_EDGE ( 'NONE', *, *, #2136, .F. ) ;
#2517 = CARTESIAN_POINT ( 'NONE',  ( 110.5665121459960005, 109.7866973876949999, 4.464101791381840378 ) ) ;
#2518 = ORIENTED_EDGE ( 'NONE', *, *, #2340, .T. ) ;
#2519 = ORIENTED_EDGE ( 'NONE', *, *, #746, .F. ) ;
#2520 = DIRECTION ( 'NONE',  ( 1.000000000000000000, 0.000000000000000000, 0.000000000000000000 ) ) ;
#2521 = VERTEX_POINT ( 'NONE', #2194 ) ;
#2522 = DIRECTION ( 'NONE',  ( 0.000000000000000000, -0.6087572864675002693, -0.7933565189577292953 ) ) ;
#2523 = CARTESIAN_POINT ( 'NONE',  ( 80.57107543945309658, 101.7866973876950141, 5.395953178405759942 ) ) ;
#2524 = LINE ( 'NONE', #1151, #2394 ) ;
#2525 = DIRECTION ( 'NONE',  ( -0.1305212769253860094, 0.000000000000000000, 0.9914455084722340050 ) ) ;
#2526 = VERTEX_POINT ( 'NONE', #1494 ) ;
#2527 = ORIENTED_EDGE ( 'NONE', *, *, #1732, .T. ) ;
#2528 = DIRECTION ( 'NONE',  ( 1.000000000000000000, 0.000000000000000000, 0.000000000000000000 ) ) ;
#2529 = EDGE_CURVE ( 'NONE', #1184, #1941, #1233, .T. ) ;
#2530 = LINE ( 'NONE', #1408, #3018 ) ;
#2531 = ORIENTED_EDGE ( 'NONE', *, *, #2161, .T. ) ;
#2532 = EDGE_CURVE ( 'NONE', #658, #2052, #3472, .T. ) ;
#2533 = EDGE_LOOP ( 'NONE', ( #31, #1478, #2236, #1974, #2362 ) ) ;
#2534 = FACE_BOUND ( 'NONE', #143, .T. ) ;
#2535 = DIRECTION ( 'NONE',  ( 0.000000000000000000, 1.000000000000000000, -8.881784197001250351E-16 ) ) ;
#2536 = VERTEX_POINT ( 'NONE', #1432 ) ;
#2537 = DIRECTION ( 'NONE',  ( -0.4999999809210190493, 0.000000000000000000, 0.8660254147996930829 ) ) ;
#2538 = ORIENTED_EDGE ( 'NONE', *, *, #1549, .F. ) ;
#2539 = CARTESIAN_POINT ( 'NONE',  ( 81.78548431396480112, 109.7866973876949999, 2.464101791381839934 ) ) ;
#2540 = VERTEX_POINT ( 'NONE', #917 ) ;
#2541 = EDGE_CURVE ( 'NONE', #538, #3292, #2547, .T. ) ;
#2542 = LINE ( 'NONE', #311, #633 ) ;
#2543 = DIRECTION ( 'NONE',  ( -0.7742633737221441548, 0.000000000000000000, -0.6328635146004257805 ) ) ;
#2544 = DIRECTION ( 'NONE',  ( 1.000000000000000000, 0.000000000000000000, 0.000000000000000000 ) ) ;
#2545 = ORIENTED_EDGE ( 'NONE', *, *, #597, .T. ) ;
#2546 = VECTOR ( 'NONE', #805, 1000.000000000000000 ) ;
#2547 = LINE ( 'NONE', #976, #772 ) ;
#2548 = VECTOR ( 'NONE', #172, 1000.000000000000000 ) ;
#2549 = ORIENTED_EDGE ( 'NONE', *, *, #260, .T. ) ;
#2550 = VECTOR ( 'NONE', #2528, 1000.000000000000000 ) ;
#2551 = CARTESIAN_POINT ( 'NONE',  ( 74.51279113769530227, 103.4956226349320048, 22.95279979699569850 ) ) ;
#2552 = LINE ( 'NONE', #864, #1283 ) ;
#2553 = VECTOR ( 'NONE', #2230, 1000.000000000000000 ) ;
#2554 = VERTEX_POINT ( 'NONE', #1210 ) ;
#2555 = CIRCLE ( 'NONE', #999, 3.000000000000002665 ) ;
#2556 = VERTEX_POINT ( 'NONE', #639 ) ;
#2557 = VECTOR ( 'NONE', #2408, 1000.000000000000000 ) ;
#2558 = FACE_OUTER_BOUND ( 'NONE', #1542, .T. ) ;
#2559 = DIRECTION ( 'NONE',  ( 0.000000000000000000, 1.000000000000000000, 0.000000000000000000 ) ) ;
#2560 = EDGE_LOOP ( 'NONE', ( #1888, #2078 ) ) ;
#2561 = EDGE_CURVE ( 'NONE', #2344, #2213, #3114, .T. ) ;
#2562 = ORIENTED_EDGE ( 'NONE', *, *, #1851, .F. ) ;
#2563 = LINE ( 'NONE', #1748, #2260 ) ;
#2564 = VECTOR ( 'NONE', #2165, 1000.000000000000000 ) ;
#2565 = CARTESIAN_POINT ( 'NONE',  ( 81.78548431396480112, 101.7866973876950141, 2.464101791381839934 ) ) ;
#2566 = LINE ( 'NONE', #2857, #2787 ) ;
#2567 = EDGE_CURVE ( 'NONE', #1846, #2848, #2605, .T. ) ;
#2568 = DIRECTION ( 'NONE',  ( 0.9238788260947646824, 0.000000000000000000, -0.3826851378009858418 ) ) ;
#2569 = VERTEX_POINT ( 'NONE', #2589 ) ;
#2570 = LINE ( 'NONE', #975, #127 ) ;
#2571 = CARTESIAN_POINT ( 'NONE',  ( 74.51279113769530227, 103.6627063751670050, 22.99018573754839778 ) ) ;
#2572 = LINE ( 'NONE', #80, #2316 ) ;
#2573 = ORIENTED_EDGE ( 'NONE', *, *, #1382, .F. ) ;
#2574 = CARTESIAN_POINT ( 'NONE',  ( 74.51279113769530227, 104.0056629181370056, 22.99634838098310041 ) ) ;
#2575 = CARTESIAN_POINT ( 'NONE',  ( 117.7227911376949976, 101.0301303863630125, 19.39532756799249924 ) ) ;
#2576 = ORIENTED_EDGE ( 'NONE', *, *, #2633, .T. ) ;
#2577 = ORIENTED_EDGE ( 'NONE', *, *, #3171, .F. ) ;
#2578 = FACE_OUTER_BOUND ( 'NONE', #1417, .T. ) ;
#2579 = DIRECTION ( 'NONE',  ( 1.000000000000000000, 0.000000000000000000, 0.000000000000000000 ) ) ;
#2580 = VERTEX_POINT ( 'NONE', #2309 ) ;
#2581 = ORIENTED_EDGE ( 'NONE', *, *, #1370, .F. ) ;
#2582 = FACE_OUTER_BOUND ( 'NONE', #1309, .T. ) ;
#2583 = CARTESIAN_POINT ( 'NONE',  ( 110.2985601806639977, 110.4185193369179956, 6.928203582763670987 ) ) ;
#2584 = LINE ( 'NONE', #3094, #2155 ) ;
#2585 = ADVANCED_FACE ( 'NONE', ( #2040 ), #2817, .T. ) ;
#2586 = CARTESIAN_POINT ( 'NONE',  ( 112.2985601806639977, 101.7866973876950141, 1.464101791381830164 ) ) ;
#2587 = VERTEX_POINT ( 'NONE', #406 ) ;
#2588 = ADVANCED_FACE ( 'NONE', ( #115 ), #55, .T. ) ;
#2589 = CARTESIAN_POINT ( 'NONE',  ( 117.7227911376949976, 103.0119571686189914, 22.70369815819989867 ) ) ;
#2590 = PLANE ( 'NONE',  #1159 ) ;
#2591 = ORIENTED_EDGE ( 'NONE', *, *, #1037, .F. ) ;
#2592 = CARTESIAN_POINT ( 'NONE',  ( 74.51279113769530227, 104.3597812653059975, 22.91554927820239840 ) ) ;
#2593 = DIRECTION ( 'NONE',  ( -0.7933548705567949888, 0.000000000000000000, 0.6087594347226259472 ) ) ;
#2594 = ORIENTED_EDGE ( 'NONE', *, *, #729, .T. ) ;
#2595 = LINE ( 'NONE', #2281, #2262 ) ;
#2596 = CARTESIAN_POINT ( 'NONE',  ( 80.57107543945309658, 109.7866973876949999, 5.395953178405759942 ) ) ;
#2597 = ORIENTED_EDGE ( 'NONE', *, *, #492, .F. ) ;
#2598 = FACE_OUTER_BOUND ( 'NONE', #2729, .T. ) ;
#2599 = ORIENTED_EDGE ( 'NONE', *, *, #230, .F. ) ;
#2600 = CARTESIAN_POINT ( 'NONE',  ( 114.2985601806640119, 109.7866973876949999, 0.000000000000000000 ) ) ;
#2601 = CARTESIAN_POINT ( 'NONE',  ( 116.7985601806640119, 101.7866973876950141, 22.99834838098309930 ) ) ;
#2602 = FACE_OUTER_BOUND ( 'NONE', #1798, .T. ) ;
#2603 = DIRECTION ( 'NONE',  ( -0.9914455084722341160, 0.000000000000000000, -0.1305212769253860372 ) ) ;
#2604 = PLANE ( 'NONE',  #2846 ) ;
#2605 = LINE ( 'NONE', #1475, #1524 ) ;
#2606 = EDGE_CURVE ( 'NONE', #882, #2649, #2837, .T. ) ;
#2607 = ORIENTED_EDGE ( 'NONE', *, *, #2961, .F. ) ;
#2608 = VECTOR ( 'NONE', #131, 1000.000000000000114 ) ;
#2609 = DIRECTION ( 'NONE',  ( 0.000000000000000000, -0.3469287133131311318, 0.9378915011230751775 ) ) ;
#2610 = LINE ( 'NONE', #2080, #2958 ) ;
#2611 = VECTOR ( 'NONE', #2134, 1000.000000000000000 ) ;
#2612 = ADVANCED_FACE ( 'NONE', ( #3454, #960 ), #2274, .F. ) ;
#2613 = EDGE_CURVE ( 'NONE', #229, #1680, #1793, .T. ) ;
#2614 = ORIENTED_EDGE ( 'NONE', *, *, #722, .F. ) ;
#2615 = ORIENTED_EDGE ( 'NONE', *, *, #1258, .F. ) ;
#2616 = CARTESIAN_POINT ( 'NONE',  ( 84.55343627929690342, 101.7866973876950141, 5.464101791381834161 ) ) ;
#2617 = VECTOR ( 'NONE', #3127, 1000.000000000000000 ) ;
#2618 = FACE_OUTER_BOUND ( 'NONE', #1627, .T. ) ;
#2619 = ORIENTED_EDGE ( 'NONE', *, *, #600, .T. ) ;
#2620 = AXIS2_PLACEMENT_3D ( 'NONE', #345, #1705, #2346 ) ;
#2621 = VERTEX_POINT ( 'NONE', #78 ) ;
#2622 = VECTOR ( 'NONE', #2749, 1000.000000000000000 ) ;
#2623 = CARTESIAN_POINT ( 'NONE',  ( 111.7809210205080035, 109.7866973876949999, 5.395953178405759942 ) ) ;
#2624 = DIRECTION ( 'NONE',  ( 0.000000000000000000, 1.000000000000000000, 1.125141438679100056E-15 ) ) ;
#2625 = FACE_OUTER_BOUND ( 'NONE', #2415, .T. ) ;
#2626 = DIRECTION ( 'NONE',  ( -0.9914448304674222667, 0.000000000000000000, -0.1305264269771610197 ) ) ;
#2627 = CARTESIAN_POINT ( 'NONE',  ( 81.78548431396480112, 109.7866973876949999, 2.464101791381839934 ) ) ;
#2628 = VECTOR ( 'NONE', #2348, 1000.000000000000000 ) ;
#2629 = DIRECTION ( 'NONE',  ( -1.776356839400250070E-15, 1.000000000000000000, -6.661338147750940229E-16 ) ) ;
#2630 = ORIENTED_EDGE ( 'NONE', *, *, #2451, .T. ) ;
#2631 = ORIENTED_EDGE ( 'NONE', *, *, #3595, .T. ) ;
#2632 = LINE ( 'NONE', #443, #177 ) ;
#2633 = EDGE_CURVE ( 'NONE', #2261, #1929, #2896, .T. ) ;
#2634 = LINE ( 'NONE', #1000, #3318 ) ;
#2635 = EDGE_CURVE ( 'NONE', #224, #3347, #2291, .T. ) ;
#2636 = ORIENTED_EDGE ( 'NONE', *, *, #789, .T. ) ;
#2637 = EDGE_CURVE ( 'NONE', #2154, #343, #2076, .T. ) ;
#2638 = CARTESIAN_POINT ( 'NONE',  ( 111.7809210205080035, 101.7866973876950141, 5.395953178405759942 ) ) ;
#2639 = EDGE_LOOP ( 'NONE', ( #1718, #3269, #2885, #2737 ) ) ;
#2640 = PLANE ( 'NONE',  #3610 ) ;
#2641 = DIRECTION ( 'NONE',  ( -0.1305212769253860094, 0.000000000000000000, 0.9914455084722340050 ) ) ;
#2642 = DIRECTION ( 'NONE',  ( -1.000000000000000000, 0.000000000000000000, 0.000000000000000000 ) ) ;
#2643 = CARTESIAN_POINT ( 'NONE',  ( 114.2304144287110006, 101.7866973876950141, 2.946463584899900123 ) ) ;
#2644 = CARTESIAN_POINT ( 'NONE',  ( 110.3667135620120092, 101.7866973876950141, 2.946463584899909893 ) ) ;
#2645 = EDGE_LOOP ( 'NONE', ( #3565, #3363 ) ) ;
#2646 = ORIENTED_EDGE ( 'NONE', *, *, #831, .F. ) ;
#2647 = CARTESIAN_POINT ( 'NONE',  ( 112.2985601806639977, 109.7866973876949999, 5.464101791381830608 ) ) ;
#2648 = DIRECTION ( 'NONE',  ( 0.7933499880112131475, 0.000000000000000000, 0.6087657977601962367 ) ) ;
#2649 = VERTEX_POINT ( 'NONE', #3194 ) ;
#2650 = EDGE_CURVE ( 'NONE', #1680, #1948, #1711, .T. ) ;
#2651 = LINE ( 'NONE', #501, #3614 ) ;
#2652 = LINE ( 'NONE', #2376, #1276 ) ;
#2653 = EDGE_CURVE ( 'NONE', #2784, #2077, #3264, .T. ) ;
#2654 = EDGE_LOOP ( 'NONE', ( #627, #524, #2576, #2149, #2888, #1482, #2884, #3 ) ) ;
#2655 = EDGE_CURVE ( 'NONE', #980, #1867, #2145, .T. ) ;
#2656 = FACE_OUTER_BOUND ( 'NONE', #120, .T. ) ;
#2657 = CARTESIAN_POINT ( 'NONE',  ( 117.7227911376949976, 103.3315372467470041, 22.89210414880160371 ) ) ;
#2658 = EDGE_CURVE ( 'NONE', #931, #1154, #1911, .T. ) ;
#2659 = CARTESIAN_POINT ( 'NONE',  ( 81.98529052734369316, 101.7866973876950141, 2.946463584899909893 ) ) ;
#2660 = CARTESIAN_POINT ( 'NONE',  ( 77.93324827322584269, 110.2335731595149895, 6.720031839196979995 ) ) ;
#2661 = DIRECTION ( 'NONE',  ( -0.7742633737221441548, 0.000000000000000000, 0.6328635146004257805 ) ) ;
#2662 = CARTESIAN_POINT ( 'NONE',  ( 114.2985601806640119, 109.7866973876949999, 3.464101791381839934 ) ) ;
#2663 = ORIENTED_EDGE ( 'NONE', *, *, #148, .T. ) ;
#2664 = PLANE ( 'NONE',  #407 ) ;
#2665 = PLANE ( 'NONE',  #2777 ) ;
#2666 = AXIS2_PLACEMENT_3D ( 'NONE', #1890, #3012, #1610 ) ;
#2667 = ORIENTED_EDGE ( 'NONE', *, *, #2070, .T. ) ;
#2668 = LINE ( 'NONE', #1033, #2208 ) ;
#2669 = VECTOR ( 'NONE', #3333, 1000.000000000000000 ) ;
#2670 = DIRECTION ( 'NONE',  ( 0.9238788260947650155, 0.000000000000000000, 0.3826851378009850091 ) ) ;
#2671 = VERTEX_POINT ( 'NONE', #3510 ) ;
#2672 = VECTOR ( 'NONE', #2812, 1000.000000000000114 ) ;
#2673 = CARTESIAN_POINT ( 'NONE',  ( 117.7227911376949976, 102.1145420074760040, 21.66047573083089972 ) ) ;
#2674 = VECTOR ( 'NONE', #47, 1000.000000000000000 ) ;
#2675 = ADVANCED_FACE ( 'NONE', ( #1011 ), #493, .T. ) ;
#2676 = AXIS2_PLACEMENT_3D ( 'NONE', #1068, #517, #1630 ) ;
#2677 = DIRECTION ( 'NONE',  ( 0.000000000000000000, -0.000000000000000000, -1.000000000000000000 ) ) ;
#2678 = FACE_OUTER_BOUND ( 'NONE', #286, .T. ) ;
#2679 = VECTOR ( 'NONE', #3177, 1000.000000000000114 ) ;
#2680 = EDGE_CURVE ( 'NONE', #440, #2981, #438, .T. ) ;
#2681 = CARTESIAN_POINT ( 'NONE',  ( 107.7985601806639977, 107.7866973876949999, 13.46409320831300072 ) ) ;
#2682 = LINE ( 'NONE', #1883, #178 ) ;
#2683 = DIRECTION ( 'NONE',  ( 0.000000000000000000, 0.000000000000000000, 1.000000000000000000 ) ) ;
#2684 = DIRECTION ( 'NONE',  ( -0.1305264269771610475, 0.000000000000000000, -0.9914448304674223778 ) ) ;
#2685 = ORIENTED_EDGE ( 'NONE', *, *, #544, .T. ) ;
#2686 = VECTOR ( 'NONE', #2328, 1000.000000000000000 ) ;
#2687 = ORIENTED_EDGE ( 'NONE', *, *, #619, .T. ) ;
#2688 = CARTESIAN_POINT ( 'NONE',  ( 74.51279113769530227, 107.9337940216470031, 19.17189693449130061 ) ) ;
#2689 = CARTESIAN_POINT ( 'NONE',  ( 112.2985601806639977, 101.7866973876950141, 5.464101791381840378 ) ) ;
#2690 = VERTEX_POINT ( 'NONE', #2096 ) ;
#2691 = CARTESIAN_POINT ( 'NONE',  ( 110.2985601806639977, 109.7866973876949999, 3.464101791381839934 ) ) ;
#2692 = DIRECTION ( 'NONE',  ( 0.000000000000000000, -1.000000000000000000, 0.000000000000000000 ) ) ;
#2693 = PLANE ( 'NONE',  #535 ) ;
#2694 = ADVANCED_FACE ( 'NONE', ( #1332 ), #1550, .T. ) ;
#2695 = PLANE ( 'NONE',  #349 ) ;
#2696 = EDGE_CURVE ( 'NONE', #2186, #1697, #2972, .T. ) ;
#2697 = CARTESIAN_POINT ( 'NONE',  ( 81.05343627929690342, 101.7866973876950141, 5.196151733398430395 ) ) ;
#2698 = ORIENTED_EDGE ( 'NONE', *, *, #2271, .F. ) ;
#2699 = CARTESIAN_POINT ( 'NONE',  ( 81.98529052734369316, 109.7866973876949999, 2.946463584899900123 ) ) ;
#2700 = ORIENTED_EDGE ( 'NONE', *, *, #648, .T. ) ;
#2701 = EDGE_CURVE ( 'NONE', #3567, #3584, #626, .T. ) ;
#2702 = PLANE ( 'NONE',  #1341 ) ;
#2703 = CARTESIAN_POINT ( 'NONE',  ( 75.55343627929690342, 108.1757812500000000, 8.920721054077150214 ) ) ;
#2704 = ORIENTED_EDGE ( 'NONE', *, *, #1853, .F. ) ;
#2705 = DIRECTION ( 'NONE',  ( 0.000000000000000000, 1.000000000000000000, 0.000000000000000000 ) ) ;
#2706 = CARTESIAN_POINT ( 'NONE',  ( 110.3667135620120092, 101.7866973876950141, 3.981739997863780189 ) ) ;
#2707 = CARTESIAN_POINT ( 'NONE',  ( 117.7227911376949976, 104.7243518829830009, 22.75322246546129890 ) ) ;
#2708 = LINE ( 'NONE', #3511, #1105 ) ;
#2709 = ORIENTED_EDGE ( 'NONE', *, *, #1796, .F. ) ;
#2710 = CARTESIAN_POINT ( 'NONE',  ( 117.7227911376949976, 100.5210742950440022, 18.00437259668209933 ) ) ;
#2711 = ORIENTED_EDGE ( 'NONE', *, *, #1858, .F. ) ;
#2712 = ADVANCED_FACE ( 'NONE', ( #2183 ), #3596, .T. ) ;
#2713 = VERTEX_POINT ( 'NONE', #1912 ) ;
#2714 = CARTESIAN_POINT ( 'NONE',  ( 113.2985601806639977, 101.7866973876950141, 5.196151733398440165 ) ) ;
#2715 = ADVANCED_FACE ( 'NONE', ( #3041 ), #1442, .T. ) ;
#2716 = LINE ( 'NONE', #520, #283 ) ;
#2717 = ORIENTED_EDGE ( 'NONE', *, *, #2271, .T. ) ;
#2718 = LINE ( 'NONE', #2416, #1626 ) ;
#2719 = VECTOR ( 'NONE', #3086, 1000.000000000000000 ) ;
#2720 = VECTOR ( 'NONE', #3579, 1000.000000000000000 ) ;
#2721 = VECTOR ( 'NONE', #291, 1000.000000000000114 ) ;
#2722 = CARTESIAN_POINT ( 'NONE',  ( 78.05343627929690342, 112.7866973876949999, 6.928203582763670987 ) ) ;
#2723 = CARTESIAN_POINT ( 'NONE',  ( 117.7227911376949976, 104.0056629181370056, 22.99634838098310041 ) ) ;
#2724 = LINE ( 'NONE', #426, #463 ) ;
#2725 = CARTESIAN_POINT ( 'NONE',  ( 117.7227911376949976, 102.7031497955689900, 22.43131923669040262 ) ) ;
#2726 = AXIS2_PLACEMENT_3D ( 'NONE', #3387, #547, #3339 ) ;
#2727 = ORIENTED_EDGE ( 'NONE', *, *, #597, .F. ) ;
#2728 = DIRECTION ( 'NONE',  ( 0.000000000000000000, -1.000000000000000000, 0.000000000000000000 ) ) ;
#2729 = EDGE_LOOP ( 'NONE', ( #2975, #3103, #3540, #622 ) ) ;
#2730 = VECTOR ( 'NONE', #3583, 1000.000000000000000 ) ;
#2731 = DIRECTION ( 'NONE',  ( -0.7933548705568049808, 0.000000000000000000, -0.6087594347226128466 ) ) ;
#2732 = EDGE_LOOP ( 'NONE', ( #23, #315, #642, #1496 ) ) ;
#2733 = AXIS2_PLACEMENT_3D ( 'NONE', #1348, #1827, #1010 ) ;
#2734 = EDGE_CURVE ( 'NONE', #2807, #3476, #1424, .T. ) ;
#2735 = CARTESIAN_POINT ( 'NONE',  ( 114.6093377912599891, 109.7866973876949999, 6.389920943971089784 ) ) ;
#2736 = FACE_OUTER_BOUND ( 'NONE', #1745, .T. ) ;
#2737 = ORIENTED_EDGE ( 'NONE', *, *, #3118, .T. ) ;
#2738 = EDGE_CURVE ( 'NONE', #3295, #682, #3283, .T. ) ;
#2739 = VERTEX_POINT ( 'NONE', #244 ) ;
#2740 = PLANE ( 'NONE',  #3554 ) ;
#2741 = ORIENTED_EDGE ( 'NONE', *, *, #1663, .T. ) ;
#2742 = CARTESIAN_POINT ( 'NONE',  ( 75.55343627929690342, 101.7866973876950141, 0.000000000000000000 ) ) ;
#2743 = DIRECTION ( 'NONE',  ( -0.6087657977601961257, 0.000000000000000000, 0.7933499880112131475 ) ) ;
#2744 = CARTESIAN_POINT ( 'NONE',  ( 110.3667135620120092, 109.7866973876949999, 3.981739997863770419 ) ) ;
#2745 = LINE ( 'NONE', #3025, #1171 ) ;
#2746 = ORIENTED_EDGE ( 'NONE', *, *, #601, .T. ) ;
#2747 = DIRECTION ( 'NONE',  ( -1.000000000000000000, 0.000000000000000000, 0.000000000000000000 ) ) ;
#2748 = ORIENTED_EDGE ( 'NONE', *, *, #2425, .T. ) ;
#2749 = DIRECTION ( 'NONE',  ( 0.000000000000000000, -1.000000000000000000, 4.037174635000569966E-17 ) ) ;
#2750 = CARTESIAN_POINT ( 'NONE',  ( 0.000000000000000000, 103.4866973876950027, 0.000000000000000000 ) ) ;
#2751 = EDGE_CURVE ( 'NONE', #337, #1354, #1093, .T. ) ;
#2752 = ORIENTED_EDGE ( 'NONE', *, *, #3528, .F. ) ;
#2753 = DIRECTION ( 'NONE',  ( 0.7742633737221441548, 0.000000000000000000, -0.6328635146004256695 ) ) ;
#2754 = ADVANCED_FACE ( 'NONE', ( #790 ), #3002, .T. ) ;
#2755 = ORIENTED_EDGE ( 'NONE', *, *, #3595, .F. ) ;
#2756 = ADVANCED_FACE ( 'NONE', ( #1640 ), #1368, .T. ) ;
#2757 = PLANE ( 'NONE',  #2148 ) ;
#2758 = CARTESIAN_POINT ( 'NONE',  ( 112.8161993408200061, 101.7866973876950141, 5.395953178405759942 ) ) ;
#2759 = FACE_OUTER_BOUND ( 'NONE', #725, .T. ) ;
#2760 = EDGE_CURVE ( 'NONE', #62, #2853, #361, .T. ) ;
#2761 = DIRECTION ( 'NONE',  ( 0.4999999809210190493, 0.000000000000000000, 0.8660254147996930829 ) ) ;
#2762 = EDGE_CURVE ( 'NONE', #343, #682, #2473, .T. ) ;
#2763 = CARTESIAN_POINT ( 'NONE',  ( 81.05343627929690342, 109.7866973876949999, 5.196151733398440165 ) ) ;
#2764 = ORIENTED_EDGE ( 'NONE', *, *, #1358, .F. ) ;
#2765 = ORIENTED_EDGE ( 'NONE', *, *, #600, .F. ) ;
#2766 = EDGE_LOOP ( 'NONE', ( #2184, #2687, #628, #1445 ) ) ;
#2767 = CARTESIAN_POINT ( 'NONE',  ( 78.32138824462889204, 109.7866973876949999, 4.464101791381840378 ) ) ;
#2768 = ORIENTED_EDGE ( 'NONE', *, *, #1339, .F. ) ;
#2769 = EDGE_LOOP ( 'NONE', ( #1675, #2834, #510, #210 ) ) ;
#2770 = CARTESIAN_POINT ( 'NONE',  ( 112.8161993408200061, 101.7866973876950141, 1.532249450683589975 ) ) ;
#2771 = ORIENTED_EDGE ( 'NONE', *, *, #794, .T. ) ;
#2772 = VECTOR ( 'NONE', #1905, 1000.000000000000000 ) ;
#2773 = DIRECTION ( 'NONE',  ( 0.000000000000000000, -1.000000000000000000, -1.665334536937729880E-16 ) ) ;
#2774 = FACE_OUTER_BOUND ( 'NONE', #1002, .T. ) ;
#2775 = CARTESIAN_POINT ( 'NONE',  ( 74.51279113769530227, 110.5361061096449902, 14.96409320833000045 ) ) ;
#2776 = EDGE_CURVE ( 'NONE', #1534, #669, #1079, .T. ) ;
#2777 = AXIS2_PLACEMENT_3D ( 'NONE', #2699, #759, #3543 ) ;
#2778 = AXIS2_PLACEMENT_3D ( 'NONE', #2937, #1910, #3180 ) ;
#2779 = DIRECTION ( 'NONE',  ( 0.7933539883817068983, 0.000000000000000000, 0.6087605843998430410 ) ) ;
#2780 = ORIENTED_EDGE ( 'NONE', *, *, #2847, .T. ) ;
#2781 = ADVANCED_FACE ( 'NONE', ( #2759 ), #324, .F. ) ;
#2782 = VECTOR ( 'NONE', #2624, 1000.000000000000000 ) ;
#2783 = AXIS2_PLACEMENT_3D ( 'NONE', #3587, #1104, #1644 ) ;
#2784 = VERTEX_POINT ( 'NONE', #3384 ) ;
#2785 = AXIS2_PLACEMENT_3D ( 'NONE', #1190, #2349, #897 ) ;
#2786 = CARTESIAN_POINT ( 'NONE',  ( 79.05343627929688921, 109.7866973876949999, 5.196151733398440165 ) ) ;
#2787 = VECTOR ( 'NONE', #1707, 1000.000000000000227 ) ;
#2788 = ORIENTED_EDGE ( 'NONE', *, *, #316, .T. ) ;
#2789 = CARTESIAN_POINT ( 'NONE',  ( 110.8843527221680034, 109.7866973876949999, 2.049888610839839753 ) ) ;
#2790 = AXIS2_PLACEMENT_3D ( 'NONE', #3157, #2947, #3227 ) ;
#2791 = EDGE_LOOP ( 'NONE', ( #2242, #483, #397, #924 ) ) ;
#2792 = VERTEX_POINT ( 'NONE', #891 ) ;
#2793 =( LENGTH_UNIT ( ) NAMED_UNIT ( * ) SI_UNIT ( .MILLI., .METRE. ) );
#2794 = ORIENTED_EDGE ( 'NONE', *, *, #1495, .T. ) ;
#2795 = DIRECTION ( 'NONE',  ( 0.000000000000000000, 1.000000000000000000, 0.000000000000000000 ) ) ;
#2796 = DIRECTION ( 'NONE',  ( 0.000000000000000000, 1.000000000000000000, 0.000000000000000000 ) ) ;
#2797 = CARTESIAN_POINT ( 'NONE',  ( 116.7985601806640119, 110.1203308105469887, 11.36526489257810013 ) ) ;
#2798 = EDGE_CURVE ( 'NONE', #1354, #3479, #1989, .T. ) ;
#2799 = DIRECTION ( 'NONE',  ( 1.000000000000000000, 0.000000000000000000, -7.083634100570850066E-13 ) ) ;
#2800 = EDGE_LOOP ( 'NONE', ( #1684, #352, #1405, #1153 ) ) ;
#2801 = EDGE_CURVE ( 'NONE', #719, #471, #1617, .T. ) ;
#2802 = ORIENTED_EDGE ( 'NONE', *, *, #2468, .F. ) ;
#2803 = LINE ( 'NONE', #3117, #1735 ) ;
#2804 = DIRECTION ( 'NONE',  ( 0.000000000000000000, -1.000000000000000000, 0.000000000000000000 ) ) ;
#2805 = EDGE_CURVE ( 'NONE', #546, #2536, #1720, .T. ) ;
#2806 = ORIENTED_EDGE ( 'NONE', *, *, #3444, .T. ) ;
#2807 = VERTEX_POINT ( 'NONE', #2850 ) ;
#2808 = CARTESIAN_POINT ( 'NONE',  ( 117.7227911376949976, 106.2732944488989943, 21.39736461635580156 ) ) ;
#2809 = VERTEX_POINT ( 'NONE', #2725 ) ;
#2810 = ORIENTED_EDGE ( 'NONE', *, *, #831, .T. ) ;
#2811 = PLANE ( 'NONE',  #1048 ) ;
#2812 = DIRECTION ( 'NONE',  ( -0.9914448304674222667, 0.000000000000000000, 0.1305264269771610197 ) ) ;
#2813 = CARTESIAN_POINT ( 'NONE',  ( 31.18759688431604360, 103.4866973876950027, -38.15580046067728404 ) ) ;
#2814 = LINE ( 'NONE', #930, #1688 ) ;
#2815 = CARTESIAN_POINT ( 'NONE',  ( 116.7985601806640119, 101.7866973876950141, 22.99834838098309930 ) ) ;
#2816 = EDGE_LOOP ( 'NONE', ( #2928, #1142, #487, #41 ) ) ;
#2817 = PLANE ( 'NONE',  #476 ) ;
#2818 = VERTEX_POINT ( 'NONE', #2455 ) ;
#2819 = DIRECTION ( 'NONE',  ( 1.000000000000000000, 0.000000000000000000, 0.000000000000000000 ) ) ;
#2820 = EDGE_CURVE ( 'NONE', #2934, #199, #3299, .T. ) ;
#2821 = DIRECTION ( 'NONE',  ( 0.7933539883817068983, 0.000000000000000000, -0.6087605843998430410 ) ) ;
#2822 = ORIENTED_EDGE ( 'NONE', *, *, #1517, .F. ) ;
#2823 = EDGE_LOOP ( 'NONE', ( #1954, #433, #2908, #1139 ) ) ;
#2824 = EDGE_CURVE ( 'NONE', #2273, #2105, #396, .T. ) ;
#2825 = CARTESIAN_POINT ( 'NONE',  ( 75.55343627929690342, 107.7866973876949999, 13.46409320831300072 ) ) ;
#2826 = DIRECTION ( 'NONE',  ( -0.7933570454419661688, 0.000000000000000000, -0.6087566003318519714 ) ) ;
#2827 = ORIENTED_EDGE ( 'NONE', *, *, #2734, .F. ) ;
#2828 = ORIENTED_EDGE ( 'NONE', *, *, #2658, .T. ) ;
#2829 = FACE_OUTER_BOUND ( 'NONE', #892, .T. ) ;
#2830 = DIRECTION ( 'NONE',  ( -0.4999999809210190493, 0.000000000000000000, -0.8660254147996930829 ) ) ;
#2831 = CARTESIAN_POINT ( 'NONE',  ( 75.55343627929690342, 107.7866973876949999, 13.46409320831300072 ) ) ;
#2832 = VECTOR ( 'NONE', #900, 1000.000000000000000 ) ;
#2833 = FACE_OUTER_BOUND ( 'NONE', #2732, .T. ) ;
#2834 = ORIENTED_EDGE ( 'NONE', *, *, #1125, .T. ) ;
#2835 = DIRECTION ( 'NONE',  ( 0.000000000000000000, 1.000000000000000000, 0.000000000000000000 ) ) ;
#2836 = AXIS2_PLACEMENT_3D ( 'NONE', #1462, #2826, #341 ) ;
#2837 = LINE ( 'NONE', #2880, #1692 ) ;
#2838 = LINE ( 'NONE', #1516, #1622 ) ;
#2839 = VECTOR ( 'NONE', #2821, 1000.000000000000114 ) ;
#2840 = VERTEX_POINT ( 'NONE', #1004 ) ;
#2841 = AXIS2_PLACEMENT_3D ( 'NONE', #1750, #1187, #1530 ) ;
#2842 = CARTESIAN_POINT ( 'NONE',  ( 107.7985601806639977, 107.7866973876909924, 22.99834838098309930 ) ) ;
#2843 = LINE ( 'NONE', #3440, #3548 ) ;
#2844 = VECTOR ( 'NONE', #1683, 1000.000000000000000 ) ;
#2845 = ORIENTED_EDGE ( 'NONE', *, *, #1029, .F. ) ;
#2846 = AXIS2_PLACEMENT_3D ( 'NONE', #2093, #3160, #2835 ) ;
#2847 = EDGE_CURVE ( 'NONE', #791, #2521, #2028, .T. ) ;
#2848 = VERTEX_POINT ( 'NONE', #2049 ) ;
#2849 = DIRECTION ( 'NONE',  ( 1.000000000000000000, 4.456311862731526850E-13, 0.000000000000000000 ) ) ;
#2850 = CARTESIAN_POINT ( 'NONE',  ( 79.53579711914061079, 109.7866973876949999, 5.395953178405759942 ) ) ;
#2851 = EDGE_LOOP ( 'NONE', ( #297, #3335, #1558, #2029 ) ) ;
#2852 = EDGE_CURVE ( 'NONE', #10, #570, #3421, .T. ) ;
#2853 = VERTEX_POINT ( 'NONE', #966 ) ;
#2854 = DIRECTION ( 'NONE',  ( -0.9238788260947650155, 0.000000000000000000, -0.3826851378009850091 ) ) ;
#2855 = VECTOR ( 'NONE', #2543, 1000.000000000000114 ) ;
#2856 = CARTESIAN_POINT ( 'NONE',  ( 79.05343627929688921, 101.7866973876950141, 1.732050895690909975 ) ) ;
#2857 = CARTESIAN_POINT ( 'NONE',  ( 110.8843527221680034, 101.7866973876950141, 2.049888610839859737 ) ) ;
#2858 = LINE ( 'NONE', #1207, #472 ) ;
#2859 = ORIENTED_EDGE ( 'NONE', *, *, #1539, .F. ) ;
#2860 = DIRECTION ( 'NONE',  ( 0.000000000000000000, -1.000000000000000000, -5.506064073066059802E-12 ) ) ;
#2861 = DIRECTION ( 'NONE',  ( 0.6087657977601961257, 0.000000000000000000, -0.7933499880112131475 ) ) ;
#2862 = DIRECTION ( 'NONE',  ( 0.000000000000000000, -1.000000000000000000, 0.000000000000000000 ) ) ;
#2863 = ORIENTED_EDGE ( 'NONE', *, *, #1998, .F. ) ;
#2864 = CARTESIAN_POINT ( 'NONE',  ( 114.2985601806640119, 109.7866973876949999, 0.000000000000000000 ) ) ;
#2865 = PLANE ( 'NONE',  #3431 ) ;
#2866 = ORIENTED_EDGE ( 'NONE', *, *, #255, .T. ) ;
#2867 = PLANE ( 'NONE',  #2495 ) ;
#2868 = LINE ( 'NONE', #380, #2196 ) ;
#2869 = ORIENTED_EDGE ( 'NONE', *, *, #3483, .T. ) ;
#2870 = VERTEX_POINT ( 'NONE', #3148 ) ;
#2871 = CARTESIAN_POINT ( 'NONE',  ( 112.2985601806639977, 109.7866973876949999, 1.464101791381839934 ) ) ;
#2872 = CARTESIAN_POINT ( 'NONE',  ( 81.98529052734369316, 109.7866973876949999, 2.946463584899900123 ) ) ;
#2873 = DIRECTION ( 'NONE',  ( -0.7933548705567949888, 0.000000000000000000, 0.6087594347226259472 ) ) ;
#2874 = EDGE_CURVE ( 'NONE', #2739, #593, #684, .T. ) ;
#2875 = EDGE_CURVE ( 'NONE', #1101, #2273, #3499, .T. ) ;
#2876 = CARTESIAN_POINT ( 'NONE',  ( 116.7985601806640119, 111.7866973876949999, 13.46409320831300072 ) ) ;
#2877 = ORIENTED_EDGE ( 'NONE', *, *, #1562, .F. ) ;
#2878 = LINE ( 'NONE', #3242, #1575 ) ;
#2879 = ADVANCED_FACE ( 'NONE', ( #2926 ), #105, .T. ) ;
#2880 = CARTESIAN_POINT ( 'NONE',  ( 75.55343627929690342, 107.7866973876949999, 13.46409320831300072 ) ) ;
#2881 = ORIENTED_EDGE ( 'NONE', *, *, #1669, .T. ) ;
#2882 = PLANE ( 'NONE',  #2317 ) ;
#2883 = CARTESIAN_POINT ( 'NONE',  ( 112.8161993408200061, 101.7866973876950141, 1.532249450683589975 ) ) ;
#2884 = ORIENTED_EDGE ( 'NONE', *, *, #2801, .F. ) ;
#2885 = ORIENTED_EDGE ( 'NONE', *, *, #250, .T. ) ;
#2886 = DIRECTION ( 'NONE',  ( -1.000000000000000000, 0.000000000000000000, 0.000000000000000000 ) ) ;
#2887 = CARTESIAN_POINT ( 'NONE',  ( 114.2304144287110006, 101.7866973876950141, 3.981739997863770419 ) ) ;
#2888 = ORIENTED_EDGE ( 'NONE', *, *, #2117, .T. ) ;
#2889 = ADVANCED_FACE ( 'NONE', ( #2322 ), #417, .T. ) ;
#2890 = ORIENTED_EDGE ( 'NONE', *, *, #1091, .F. ) ;
#2891 = CARTESIAN_POINT ( 'NONE',  ( 110.3667135620120092, 101.7866973876950141, 2.946463584899909893 ) ) ;
#2892 = PLANE ( 'NONE',  #3447 ) ;
#2893 = CARTESIAN_POINT ( 'NONE',  ( 107.7985601806639977, 103.4866973876950027, 5.464101791381848372 ) ) ;
#2894 = LINE ( 'NONE', #1231, #1921 ) ;
#2895 = EDGE_CURVE ( 'NONE', #39, #528, #432, .T. ) ;
#2896 = LINE ( 'NONE', #1194, #3129 ) ;
#2897 = CARTESIAN_POINT ( 'NONE',  ( 78.32138824462889204, 101.7866973876950141, 2.464101791381839934 ) ) ;
#2898 = EDGE_CURVE ( 'NONE', #943, #3137, #2652, .T. ) ;
#2899 = ORIENTED_EDGE ( 'NONE', *, *, #771, .T. ) ;
#2900 = VECTOR ( 'NONE', #2368, 1000.000000000000000 ) ;
#2901 = LINE ( 'NONE', #997, #288 ) ;
#2902 = PRODUCT ( 'smallmodif00', 'smallmodif00', '', ( #1026 ) ) ;
#2903 = CARTESIAN_POINT ( 'NONE',  ( 114.0306158447269951, 109.7866973876949999, 2.464101791381839934 ) ) ;
#2904 = AXIS2_PLACEMENT_3D ( 'NONE', #214, #1030, #1308 ) ;
#2905 = ORIENTED_EDGE ( 'NONE', *, *, #698, .T. ) ;
#2906 = DIRECTION ( 'NONE',  ( -0.9914448304674222667, 0.000000000000000000, -0.1305264269771610197 ) ) ;
#2907 = CARTESIAN_POINT ( 'NONE',  ( 75.55343627929690342, 110.1203287768050103, 11.36526285778540135 ) ) ;
#2908 = ORIENTED_EDGE ( 'NONE', *, *, #1549, .T. ) ;
#2909 = AXIS2_PLACEMENT_3D ( 'NONE', #654, #2326, #1768 ) ;
#2910 = ORIENTED_EDGE ( 'NONE', *, *, #3301, .T. ) ;
#2911 = VECTOR ( 'NONE', #1922, 1000.000000000000000 ) ;
#2912 = APPLICATION_CONTEXT ( 'automotive_design' ) ;
#2913 = CARTESIAN_POINT ( 'NONE',  ( 74.51279113769530227, 102.1145420074760040, 21.66047573083089972 ) ) ;
#2914 = DIRECTION ( 'NONE',  ( -0.4999999809210190493, 0.000000000000000000, 0.8660254147996930829 ) ) ;
#2915 = AXIS2_PLACEMENT_3D ( 'NONE', #2775, #293, #1135 ) ;
#2916 = CARTESIAN_POINT ( 'NONE',  ( 110.8843527221680034, 101.7866973876950141, 4.878314971923830790 ) ) ;
#2917 = CARTESIAN_POINT ( 'NONE',  ( 84.55343627929690342, 108.1757812500000000, 8.920721054077150214 ) ) ;
#2918 = EDGE_CURVE ( 'NONE', #3479, #471, #2868, .T. ) ;
#2919 = ORIENTED_EDGE ( 'NONE', *, *, #1712, .T. ) ;
#2920 = EDGE_LOOP ( 'NONE', ( #1666, #2428 ) ) ;
#2921 = LINE ( 'NONE', #1077, #1564 ) ;
#2922 = ADVANCED_FACE ( 'NONE', ( #2618 ), #668, .T. ) ;
#2923 = CARTESIAN_POINT ( 'NONE',  ( 75.55343627929690342, 110.5573544486990016, 10.79571912687470103 ) ) ;
#2924 = VERTEX_POINT ( 'NONE', #1221 ) ;
#2925 = PLANE ( 'NONE',  #3141 ) ;
#2926 = FACE_OUTER_BOUND ( 'NONE', #2920, .T. ) ;
#2927 = EDGE_CURVE ( 'NONE', #1642, #495, #1801, .T. ) ;
#2928 = ORIENTED_EDGE ( 'NONE', *, *, #2701, .F. ) ;
#2929 = DIRECTION ( 'NONE',  ( 0.000000000000000000, 1.000000000000000000, 9.992007221626410836E-16 ) ) ;
#2930 = DIRECTION ( 'NONE',  ( 1.000000000000000000, 0.000000000000000000, 0.000000000000000000 ) ) ;
#2931 = LINE ( 'NONE', #436, #3077 ) ;
#2932 = CARTESIAN_POINT ( 'NONE',  ( 74.51279113769530227, 100.5210742950440022, 18.00437259668209933 ) ) ;
#2933 = DIRECTION ( 'NONE',  ( 0.000000000000000000, -0.9378915011230751775, -0.3469287133131310763 ) ) ;
#2934 = VERTEX_POINT ( 'NONE', #707 ) ;
#2935 = PLANE ( 'NONE',  #3376 ) ;
#2936 = EDGE_LOOP ( 'NONE', ( #68, #1355, #1378, #1519 ) ) ;
#2937 = CARTESIAN_POINT ( 'NONE',  ( 75.59343627929690967, 108.1757812500000000, 8.920721054077150214 ) ) ;
#2938 = ORIENTED_EDGE ( 'NONE', *, *, #215, .F. ) ;
#2939 =( BOUNDED_CURVE ( )  B_SPLINE_CURVE ( 3, ( #2583, #934, #138, #154 ),
 .UNSPECIFIED., .F., .F. ) 
 B_SPLINE_CURVE_WITH_KNOTS ( ( 4, 4 ),
 ( -1.000000000000000000, 0.000000000000000000 ),
 .UNSPECIFIED. ) 
 CURVE ( )  GEOMETRIC_REPRESENTATION_ITEM ( )  RATIONAL_B_SPLINE_CURVE ( ( 1.000000000000000000, 0.9935900438396230161, 0.9935900438396230161, 1.000000000000000000 ) ) 
 REPRESENTATION_ITEM ( '' )  );
#2940 = EDGE_CURVE ( 'NONE', #1082, #2540, #1244, .T. ) ;
#2941 = CARTESIAN_POINT ( 'NONE',  ( 114.2985601806640119, 110.4185193369179956, 6.928203582763670987 ) ) ;
#2942 = CARTESIAN_POINT ( 'NONE',  ( 84.55343627929690342, 105.1757812500000000, 8.920721054077150214 ) ) ;
#2943 = ORIENTED_EDGE ( 'NONE', *, *, #250, .F. ) ;
#2944 = ADVANCED_FACE ( 'NONE', ( #3224 ), #3462, .T. ) ;
#2945 = DIRECTION ( 'NONE',  ( 0.000000000000000000, 1.000000000000000000, -7.771561172376100713E-16 ) ) ;
#2946 = DIRECTION ( 'NONE',  ( 0.000000000000000000, 1.000000000000000000, 0.000000000000000000 ) ) ;
#2947 = DIRECTION ( 'NONE',  ( 0.000000000000000000, -0.9238830312443551129, -0.3826749855670500966 ) ) ;
#2948 = DIRECTION ( 'NONE',  ( 0.7933539883817068983, 0.000000000000000000, 0.6087605843998430410 ) ) ;
#2949 = DIRECTION ( 'NONE',  ( 1.000000000000000000, 0.000000000000000000, 0.000000000000000000 ) ) ;
#2950 = DIRECTION ( 'NONE',  ( 0.000000000000000000, 1.000000000000000000, 0.000000000000000000 ) ) ;
#2951 = DIRECTION ( 'NONE',  ( 1.000000000000000000, 0.000000000000000000, 1.921817174503529751E-16 ) ) ;
#2952 = DIRECTION ( 'NONE',  ( 0.000000000000000000, -1.000000000000000000, 0.000000000000000000 ) ) ;
#2953 = VERTEX_POINT ( 'NONE', #2907 ) ;
#2954 = CARTESIAN_POINT ( 'NONE',  ( 111.2985601806639977, 109.7866973876949999, 5.196151733398440165 ) ) ;
#2955 = AXIS2_PLACEMENT_3D ( 'NONE', #1820, #1274, #3204 ) ;
#2956 = VERTEX_POINT ( 'NONE', #728 ) ;
#2957 = LINE ( 'NONE', #2156, #3441 ) ;
#2958 = VECTOR ( 'NONE', #1523, 1000.000000000000000 ) ;
#2959 = LINE ( 'NONE', #470, #2772 ) ;
#2960 = VECTOR ( 'NONE', #3395, 1000.000000000000114 ) ;
#2961 = EDGE_CURVE ( 'NONE', #3519, #2301, #1527, .T. ) ;
#2962 = VERTEX_POINT ( 'NONE', #2942 ) ;
#2963 = CARTESIAN_POINT ( 'NONE',  ( 110.8843527221680034, 101.7866973876950141, 4.878314971923830790 ) ) ;
#2964 = VECTOR ( 'NONE', #3403, 1000.000000000000000 ) ;
#2965 = CARTESIAN_POINT ( 'NONE',  ( 96.17599822998046477, 103.4866973876950027, 14.96409320826940004 ) ) ;
#2966 = VECTOR ( 'NONE', #1251, 1000.000000000000227 ) ;
#2967 = ADVANCED_FACE ( 'NONE', ( #3549 ), #2996, .F. ) ;
#2968 = VECTOR ( 'NONE', #3399, 1000.000000000000114 ) ;
#2969 = DIRECTION ( 'NONE',  ( 0.000000000000000000, -1.000000000000000000, 0.000000000000000000 ) ) ;
#2970 = CARTESIAN_POINT ( 'NONE',  ( 107.7985601806639977, 105.1757812500000000, 8.920721054077150214 ) ) ;
#2971 = AXIS2_PLACEMENT_3D ( 'NONE', #112, #140, #3453 ) ;
#2972 = LINE ( 'NONE', #480, #1157 ) ;
#2973 = CARTESIAN_POINT ( 'NONE',  ( 111.7809210205080035, 101.7866973876950141, 5.395953178405759942 ) ) ;
#2974 = VECTOR ( 'NONE', #329, 1000.000000000000000 ) ;
#2975 = ORIENTED_EDGE ( 'NONE', *, *, #3073, .F. ) ;
#2976 = PLANE ( 'NONE',  #1746 ) ;
#2977 = VERTEX_POINT ( 'NONE', #3238 ) ;
#2978 = AXIS2_PLACEMENT_3D ( 'NONE', #332, #2059, #3178 ) ;
#2979 = UNCERTAINTY_MEASURE_WITH_UNIT (LENGTH_MEASURE( 1.000000000000000082E-05 ), #3561, 'distance_accuracy_value', 'NONE');
#2980 = LINE ( 'NONE', #1291, #1336 ) ;
#2981 = VERTEX_POINT ( 'NONE', #764 ) ;
#2982 = LINE ( 'NONE', #743, #2439 ) ;
#2983 = LINE ( 'NONE', #1873, #3544 ) ;
#2984 = ORIENTED_EDGE ( 'NONE', *, *, #430, .T. ) ;
#2985 = CARTESIAN_POINT ( 'NONE',  ( 75.55343627929690342, 101.7866973876950141, 0.000000000000000000 ) ) ;
#2986 = DIRECTION ( 'NONE',  ( 0.000000000000000000, -1.000000000000000000, 0.000000000000000000 ) ) ;
#2987 = DIRECTION ( 'NONE',  ( 0.000000000000000000, -0.5183305712307079149, 0.8551803429263606926 ) ) ;
#2988 = EDGE_CURVE ( 'NONE', #2540, #1223, #2983, .T. ) ;
#2989 = EDGE_LOOP ( 'NONE', ( #3097, #2191, #1891, #2227 ) ) ;
#2990 = DIRECTION ( 'NONE',  ( 0.000000000000000000, -0.7933565189577292953, 0.6087572864675002693 ) ) ;
#2991 = ORIENTED_EDGE ( 'NONE', *, *, #3329, .F. ) ;
#2992 = EDGE_CURVE ( 'NONE', #1253, #2671, #1069, .T. ) ;
#2993 = LINE ( 'NONE', #1625, #1857 ) ;
#2994 = ORIENTED_EDGE ( 'NONE', *, *, #1189, .T. ) ;
#2995 = CARTESIAN_POINT ( 'NONE',  ( 114.2985601806640119, 110.4185193369179956, 6.928203582763670987 ) ) ;
#2996 = PLANE ( 'NONE',  #811 ) ;
#2997 = ORIENTED_EDGE ( 'NONE', *, *, #414, .F. ) ;
#2998 = LINE ( 'NONE', #189, #3138 ) ;
#2999 = LINE ( 'NONE', #2142, #3263 ) ;
#3000 = LINE ( 'NONE', #208, #3505 ) ;
#3001 = DIRECTION ( 'NONE',  ( 0.000000000000000000, 0.000000000000000000, -1.000000000000000000 ) ) ;
#3002 = PLANE ( 'NONE',  #2017 ) ;
#3003 = FACE_OUTER_BOUND ( 'NONE', #885, .T. ) ;
#3004 = ORIENTED_EDGE ( 'NONE', *, *, #579, .F. ) ;
#3005 = EDGE_CURVE ( 'NONE', #3295, #980, #3588, .T. ) ;
#3006 = DIRECTION ( 'NONE',  ( 0.7933499880112131475, 0.000000000000000000, -0.6087657977601962367 ) ) ;
#3007 = ORIENTED_EDGE ( 'NONE', *, *, #2751, .F. ) ;
#3008 = CARTESIAN_POINT ( 'NONE',  ( 78.12158203125000000, 109.7866973876949999, 3.981739997863770419 ) ) ;
#3009 = EDGE_CURVE ( 'NONE', #967, #2934, #3569, .T. ) ;
#3010 = ORIENTED_EDGE ( 'NONE', *, *, #1817, .T. ) ;
#3011 = DIRECTION ( 'NONE',  ( 0.4999999809210217694, 0.000000000000000000, -0.8660254147996916396 ) ) ;
#3012 = DIRECTION ( 'NONE',  ( -0.6087605843998431521, 0.000000000000000000, 0.7933539883817070093 ) ) ;
#3013 = ORIENTED_EDGE ( 'NONE', *, *, #408, .T. ) ;
#3014 = VECTOR ( 'NONE', #2360, 1000.000000000000000 ) ;
#3015 = VERTEX_POINT ( 'NONE', #783 ) ;
#3016 = CYLINDRICAL_SURFACE ( 'NONE', #3080, 2.750000000000002665 ) ;
#3017 = EDGE_LOOP ( 'NONE', ( #888, #2984, #2704, #2615 ) ) ;
#3018 = VECTOR ( 'NONE', #1678, 1000.000000000000000 ) ;
#3019 = CLOSED_SHELL ( 'NONE', ( #1812, #2879, #2481 ) ) ;
#3020 = DIRECTION ( 'NONE',  ( 0.000000000000000000, 1.000000000000000000, 3.700743415417190112E-16 ) ) ;
#3021 = CARTESIAN_POINT ( 'NONE',  ( 107.7985601806639977, 110.5573577880859943, 10.79572105407710048 ) ) ;
#3022 = VECTOR ( 'NONE', #452, 1000.000000000000114 ) ;
#3023 = APPLICATION_PROTOCOL_DEFINITION ( 'draft international standard', 'automotive_design', 1998, #1973 ) ;
#3024 = VECTOR ( 'NONE', #2945, 1000.000000000000000 ) ;
#3025 = CARTESIAN_POINT ( 'NONE',  ( 75.59343627929690967, 111.1757812500000142, 8.920721054077150214 ) ) ;
#3026 = ORIENTED_EDGE ( 'NONE', *, *, #2340, .F. ) ;
#3027 = VECTOR ( 'NONE', #2779, 1000.000000000000114 ) ;
#3028 = ADVANCED_FACE ( 'NONE', ( #1594 ), #253, .T. ) ;
#3029 = VERTEX_POINT ( 'NONE', #3291 ) ;
#3030 = VECTOR ( 'NONE', #1671, 1000.000000000000000 ) ;
#3031 = EDGE_CURVE ( 'NONE', #3060, #512, #2716, .T. ) ;
#3032 = CARTESIAN_POINT ( 'NONE',  ( 74.51279113769530227, 100.5210742950440022, 18.00437259668209933 ) ) ;
#3033 = EDGE_CURVE ( 'NONE', #528, #3029, #799, .T. ) ;
#3034 = CARTESIAN_POINT ( 'NONE',  ( 111.2985601806639977, 101.7866973876950141, 5.196151733398440165 ) ) ;
#3035 = EDGE_LOOP ( 'NONE', ( #602, #3551, #1222, #2905, #3398, #3013, #3599, #1043, #2794, #1089 ) ) ;
#3036 = EDGE_CURVE ( 'NONE', #339, #219, #402, .T. ) ;
#3037 = DIRECTION ( 'NONE',  ( 0.000000000000000000, 0.3826749855670500966, -0.9238830312443551129 ) ) ;
#3038 = ORIENTED_EDGE ( 'NONE', *, *, #812, .F. ) ;
#3039 = PRESENTATION_STYLE_ASSIGNMENT (( #803 ) ) ;
#3040 = PLANE ( 'NONE',  #2726 ) ;
#3041 = FACE_OUTER_BOUND ( 'NONE', #1933, .T. ) ;
#3042 = CARTESIAN_POINT ( 'NONE',  ( 74.51279113769530227, 100.5210742950440022, 18.00437259668209933 ) ) ;
#3043 = CARTESIAN_POINT ( 'NONE',  ( 84.55343627929690342, 110.1203308105469887, 11.36526489257810013 ) ) ;
#3044 = ORIENTED_EDGE ( 'NONE', *, *, #3115, .T. ) ;
#3045 = ORIENTED_EDGE ( 'NONE', *, *, #123, .F. ) ;
#3046 = ORIENTED_EDGE ( 'NONE', *, *, #2200, .F. ) ;
#3047 = LINE ( 'NONE', #22, #818 ) ;
#3048 = ORIENTED_EDGE ( 'NONE', *, *, #765, .F. ) ;
#3049 = EDGE_CURVE ( 'NONE', #3235, #3108, #2959, .T. ) ;
#3050 = ORIENTED_EDGE ( 'NONE', *, *, #67, .T. ) ;
#3051 = LINE ( 'NONE', #2770, #2553 ) ;
#3052 = VERTEX_POINT ( 'NONE', #218 ) ;
#3053 = ADVANCED_FACE ( 'NONE', ( #2736 ), #2463, .T. ) ;
#3054 = CARTESIAN_POINT ( 'NONE',  ( 111.7809210205080035, 109.7866973876949999, 1.532249450683589975 ) ) ;
#3055 = FACE_OUTER_BOUND ( 'NONE', #1241, .T. ) ;
#3056 = CARTESIAN_POINT ( 'NONE',  ( 79.53579711914061079, 101.7866973876950141, 5.395953178405759942 ) ) ;
#3057 =( BOUNDED_CURVE ( )  B_SPLINE_CURVE ( 3, ( #217, #2413, #2133, #2941 ),
 .UNSPECIFIED., .F., .T. ) 
 B_SPLINE_CURVE_WITH_KNOTS ( ( 4, 4 ),
 ( 0.000000000000000000, 1.000000000000000000 ),
 .UNSPECIFIED. ) 
 CURVE ( )  GEOMETRIC_REPRESENTATION_ITEM ( )  RATIONAL_B_SPLINE_CURVE ( ( 1.000000000000000000, 0.9935900438396230161, 0.9935900438396230161, 1.000000000000000000 ) ) 
 REPRESENTATION_ITEM ( '' )  );
#3058 = DIRECTION ( 'NONE',  ( 0.1305212769253860094, 0.000000000000000000, -0.9914455084722340050 ) ) ;
#3059 = PLANE ( 'NONE',  #1050 ) ;
#3060 = VERTEX_POINT ( 'NONE', #2689 ) ;
#3061 = ORIENTED_EDGE ( 'NONE', *, *, #2561, .T. ) ;
#3062 = CARTESIAN_POINT ( 'NONE',  ( 78.12158203125000000, 109.7866973876949999, 2.946463584899900123 ) ) ;
#3063 = ORIENTED_EDGE ( 'NONE', *, *, #2874, .T. ) ;
#3064 = LINE ( 'NONE', #1953, #413 ) ;
#3065 = ORIENTED_EDGE ( 'NONE', *, *, #540, .T. ) ;
#3066 = EDGE_CURVE ( 'NONE', #1396, #370, #1645, .T. ) ;
#3067 = ORIENTED_EDGE ( 'NONE', *, *, #1629, .T. ) ;
#3068 = VECTOR ( 'NONE', #196, 1000.000000000000000 ) ;
#3069 = CARTESIAN_POINT ( 'NONE',  ( 80.57107543945309658, 109.7866973876949999, 1.532249450683589975 ) ) ;
#3070 = EDGE_CURVE ( 'NONE', #3377, #1621, #1311, .T. ) ;
#3071 = DIRECTION ( 'NONE',  ( -0.000000000000000000, -0.000000000000000000, -1.000000000000000000 ) ) ;
#3072 = CARTESIAN_POINT ( 'NONE',  ( 81.05343627929690342, 101.7866973876950141, 5.196151733398440165 ) ) ;
#3073 = EDGE_CURVE ( 'NONE', #2151, #3052, #1925, .T. ) ;
#3074 = AXIS2_PLACEMENT_3D ( 'NONE', #2767, #282, #2478 ) ;
#3075 = DIRECTION ( 'NONE',  ( -0.8660254147996931939, 0.000000000000000000, -0.4999999809210191049 ) ) ;
#3076 = CLOSED_SHELL ( 'NONE', ( #1172, #1074, #3509 ) ) ;
#3077 = VECTOR ( 'NONE', #1583, 1000.000000000000000 ) ;
#3078 = CARTESIAN_POINT ( 'NONE',  ( 113.2985601806639977, 109.7866973876949999, 5.196151733398440165 ) ) ;
#3079 = ORIENTED_EDGE ( 'NONE', *, *, #1924, .T. ) ;
#3080 = AXIS2_PLACEMENT_3D ( 'NONE', #526, #3315, #1972 ) ;
#3081 = ADVANCED_FACE ( 'NONE', ( #2414 ), #2427, .T. ) ;
#3082 = VECTOR ( 'NONE', #3466, 1000.000000000000227 ) ;
#3083 = VECTOR ( 'NONE', #1049, 1000.000000000000000 ) ;
#3084 = ORIENTED_EDGE ( 'NONE', *, *, #1899, .T. ) ;
#3085 = DIRECTION ( 'NONE',  ( 0.000000000000000000, 0.000000000000000000, 1.000000000000000000 ) ) ;
#3086 = DIRECTION ( 'NONE',  ( 0.9238788260947650155, 0.000000000000000000, -0.3826851378009850091 ) ) ;
#3087 = VECTOR ( 'NONE', #2796, 1000.000000000000000 ) ;
#3088 = ORIENTED_EDGE ( 'NONE', *, *, #3494, .F. ) ;
#3089 = LINE ( 'NONE', #2808, #2844 ) ;
#3090 = VECTOR ( 'NONE', #957, 1000.000000000000000 ) ;
#3091 = EDGE_LOOP ( 'NONE', ( #35, #929, #1389, #390 ) ) ;
#3092 = ORIENTED_EDGE ( 'NONE', *, *, #2203, .T. ) ;
#3093 = LINE ( 'NONE', #328, #1510 ) ;
#3094 = CARTESIAN_POINT ( 'NONE',  ( 84.55343627929690342, 107.7866973876949999, 14.96409320831483036 ) ) ;
#3095 = LINE ( 'NONE', #3341, #1346 ) ;
#3096 = LINE ( 'NONE', #598, #1397 ) ;
#3097 = ORIENTED_EDGE ( 'NONE', *, *, #2117, .F. ) ;
#3098 = EDGE_CURVE ( 'NONE', #3455, #85, #2122, .T. ) ;
#3099 = EDGE_CURVE ( 'NONE', #3337, #3121, #486, .T. ) ;
#3100 = ORIENTED_EDGE ( 'NONE', *, *, #3216, .F. ) ;
#3101 = DIRECTION ( 'NONE',  ( 0.000000000000000000, -0.3934564079629199740, -0.9193432737736848548 ) ) ;
#3102 = DIRECTION ( 'NONE',  ( 0.000000000000000000, -0.6239859987278860709, 0.7814355209430671190 ) ) ;
#3103 = ORIENTED_EDGE ( 'NONE', *, *, #2422, .T. ) ;
#3104 = ORIENTED_EDGE ( 'NONE', *, *, #408, .F. ) ;
#3105 = CARTESIAN_POINT ( 'NONE',  ( 112.2985601806639977, 101.7866973876950141, 5.464101791381840378 ) ) ;
#3106 = CARTESIAN_POINT ( 'NONE',  ( 79.53579711914061079, 101.7866973876950141, 1.532249450683600189 ) ) ;
#3107 = ORIENTED_EDGE ( 'NONE', *, *, #2132, .F. ) ;
#3108 = VERTEX_POINT ( 'NONE', #3346 ) ;
#3109 = DIRECTION ( 'NONE',  ( 0.6087657977601961257, 0.000000000000000000, -0.7933499880112131475 ) ) ;
#3110 = LINE ( 'NONE', #2758, #2672 ) ;
#3111 = DIRECTION ( 'NONE',  ( 1.000000000000000000, 0.000000000000000000, 0.000000000000000000 ) ) ;
#3112 = LINE ( 'NONE', #614, #2034 ) ;
#3113 = EDGE_LOOP ( 'NONE', ( #2577, #2516, #651, #2752, #1703, #1118, #2124, #1393, #503, #266, #419, #59, #531, #2397, #1710, #235, #1975, #2591, #820 ) ) ;
#3114 = LINE ( 'NONE', #142, #2039 ) ;
#3115 = EDGE_CURVE ( 'NONE', #3572, #3455, #568, .T. ) ;
#3116 = VERTEX_POINT ( 'NONE', #1375 ) ;
#3117 = CARTESIAN_POINT ( 'NONE',  ( 74.51279113769530227, 110.5361061096449902, 14.96409320833000045 ) ) ;
#3118 = EDGE_CURVE ( 'NONE', #943, #2237, #2530, .T. ) ;
#3119 = DIRECTION ( 'NONE',  ( 1.000000000000000000, 0.000000000000000000, 0.000000000000000000 ) ) ;
#3120 = ORIENTED_EDGE ( 'NONE', *, *, #2992, .T. ) ;
#3121 = VERTEX_POINT ( 'NONE', #836 ) ;
#3122 = CARTESIAN_POINT ( 'NONE',  ( 116.7985601806640119, 107.7866973876949999, 22.99834838098309930 ) ) ;
#3123 = CARTESIAN_POINT ( 'NONE',  ( 81.98529052734369316, 109.7866973876949999, 2.946463584899900123 ) ) ;
#3124 = EDGE_LOOP ( 'NONE', ( #1465, #2008 ) ) ;
#3125 = ORIENTED_EDGE ( 'NONE', *, *, #2393, .T. ) ;
#3126 = PLANE ( 'NONE',  #939 ) ;
#3127 = DIRECTION ( 'NONE',  ( 0.3826798146995750161, 0.000000000000000000, -0.9238810309891090089 ) ) ;
#3128 = DIRECTION ( 'NONE',  ( 0.000000000000000000, -1.000000000000000000, 0.000000000000000000 ) ) ;
#3129 = VECTOR ( 'NONE', #1515, 1000.000000000000000 ) ;
#3130 = CARTESIAN_POINT ( 'NONE',  ( 96.17599822998046477, 101.7866973876950141, 14.96409320826940004 ) ) ;
#3131 = ORIENTED_EDGE ( 'NONE', *, *, #1999, .F. ) ;
#3132 = CARTESIAN_POINT ( 'NONE',  ( 84.55343627929690342, 101.7866973877392525, 14.96409320828179190 ) ) ;
#3133 = AXIS2_PLACEMENT_3D ( 'NONE', #3518, #3533, #1019 ) ;
#3134 = CARTESIAN_POINT ( 'NONE',  ( 117.7227911376949976, 100.5210742950440022, 18.00437259668209933 ) ) ;
#3135 = VECTOR ( 'NONE', #3281, 1000.000000000000000 ) ;
#3136 = DIRECTION ( 'NONE',  ( 0.8660254147996931939, 0.000000000000000000, 0.4999999809210191049 ) ) ;
#3137 = VERTEX_POINT ( 'NONE', #1985 ) ;
#3138 = VECTOR ( 'NONE', #3503, 1000.000000000000000 ) ;
#3139 = CARTESIAN_POINT ( 'NONE',  ( 113.2985601806639977, 101.7866973876950141, 1.732050895690909975 ) ) ;
#3140 = LINE ( 'NONE', #101, #629 ) ;
#3141 = AXIS2_PLACEMENT_3D ( 'NONE', #1593, #3547, #431 ) ;
#3142 = EDGE_LOOP ( 'NONE', ( #551, #1813, #3044, #948, #2353, #2531 ) ) ;
#3143 = EDGE_CURVE ( 'NONE', #3476, #617, #1658, .T. ) ;
#3144 = ORIENTED_EDGE ( 'NONE', *, *, #3033, .F. ) ;
#3145 = VECTOR ( 'NONE', #3406, 999.9999999999998863 ) ;
#3146 = EDGE_CURVE ( 'NONE', #374, #1035, #320, .T. ) ;
#3147 = CARTESIAN_POINT ( 'NONE',  ( 114.2985601806640119, 109.7866973876949999, 6.928203582763670987 ) ) ;
#3148 = CARTESIAN_POINT ( 'NONE',  ( 112.8161993408200061, 109.7866973876949999, 1.532249450683589975 ) ) ;
#3149 = VECTOR ( 'NONE', #2038, 1000.000000000000000 ) ;
#3150 = ORIENTED_EDGE ( 'NONE', *, *, #1301, .T. ) ;
#3151 = EDGE_LOOP ( 'NONE', ( #699, #2859, #1202, #3429, #910, #2098, #3275, #393, #3563, #1694, #1443, #3038, #800, #2231, #2064, #902, #2515, #216, #1713, #147, #686, #2492, #3195, #381 ) ) ;
#3152 = EDGE_CURVE ( 'NONE', #3235, #947, #2226, .T. ) ;
#3153 = DIRECTION ( 'NONE',  ( -0.000000000000000000, 0.4067565431084181893, 0.9135365973175292309 ) ) ;
#3154 = VECTOR ( 'NONE', #2072, 1000.000000000000114 ) ;
#3155 = ADVANCED_FACE ( 'NONE', ( #1968 ), #304, .T. ) ;
#3156 = CARTESIAN_POINT ( 'NONE',  ( 74.51279113769530227, 103.6627063751670050, 22.99018573754839778 ) ) ;
#3157 = CARTESIAN_POINT ( 'NONE',  ( 107.7985601806639977, 110.8320770263670028, 10.13247299194340023 ) ) ;
#3158 = CARTESIAN_POINT ( 'NONE',  ( 116.7985601806640119, 112.7866973876949999, 2.220446049250309876E-16 ) ) ;
#3159 = ORIENTED_EDGE ( 'NONE', *, *, #3364, .T. ) ;
#3160 = DIRECTION ( 'NONE',  ( -0.3826851378009850091, 0.000000000000000000, 0.9238788260947650155 ) ) ;
#3161 = DIRECTION ( 'NONE',  ( 0.000000000000000000, -0.3082000389509638727, -0.9513215733865306722 ) ) ;
#3162 = DIRECTION ( 'NONE',  ( 0.000000000000000000, -0.7933529235767839971, -0.6087619720811819901 ) ) ;
#3163 = ORIENTED_EDGE ( 'NONE', *, *, #2805, .T. ) ;
#3164 = CARTESIAN_POINT ( 'NONE',  ( 74.51279113769530227, 104.3597812653059975, 22.91554927820239840 ) ) ;
#3165 = DIRECTION ( 'NONE',  ( 0.6087566003318519714, 0.000000000000000000, 0.7933570454419661688 ) ) ;
#3166 = ORIENTED_EDGE ( 'NONE', *, *, #1792, .T. ) ;
#3167 = ORIENTED_EDGE ( 'NONE', *, *, #2207, .T. ) ;
#3168 = CARTESIAN_POINT ( 'NONE',  ( 79.05343627929688921, 109.7866973876949999, 5.196151733398440165 ) ) ;
#3169 = DIRECTION ( 'NONE',  ( 0.9238788260947650155, 0.000000000000000000, -0.3826851378009850091 ) ) ;
#3170 = VERTEX_POINT ( 'NONE', #604 ) ;
#3171 = EDGE_CURVE ( 'NONE', #3360, #1920, #3603, .T. ) ;
#3172 = VERTEX_POINT ( 'NONE', #336 ) ;
#3173 = CARTESIAN_POINT ( 'NONE',  ( 114.0306158447269951, 101.7866973876950141, 4.464101791381830608 ) ) ;
#3174 = LINE ( 'NONE', #2565, #236 ) ;
#3175 = CARTESIAN_POINT ( 'NONE',  ( 111.7809210205080035, 101.7866973876950141, 1.532249450683600189 ) ) ;
#3176 = EDGE_CURVE ( 'NONE', #617, #308, #2514, .T. ) ;
#3177 = DIRECTION ( 'NONE',  ( 0.9914450668446497250, 0.000000000000000000, -0.1305246315045859307 ) ) ;
#3178 = DIRECTION ( 'NONE',  ( 0.000000000000000000, 1.000000000000000000, 0.000000000000000000 ) ) ;
#3179 = ORIENTED_EDGE ( 'NONE', *, *, #1856, .T. ) ;
#3180 = DIRECTION ( 'NONE',  ( 0.000000000000000000, 1.000000000000000000, 0.000000000000000000 ) ) ;
#3181 = LINE ( 'NONE', #946, #867 ) ;
#3182 = ORIENTED_EDGE ( 'NONE', *, *, #1382, .T. ) ;
#3183 = FACE_OUTER_BOUND ( 'NONE', #1765, .T. ) ;
#3184 = CARTESIAN_POINT ( 'NONE',  ( 74.51279113769530227, 102.7031497955689900, 22.43131923669040262 ) ) ;
#3185 = ORIENTED_EDGE ( 'NONE', *, *, #1664, .F. ) ;
#3186 = VERTEX_POINT ( 'NONE', #1936 ) ;
#3187 = PLANE ( 'NONE',  #1110 ) ;
#3188 = CARTESIAN_POINT ( 'NONE',  ( 107.7985601806639977, 112.7866973876949999, 2.220446049250309876E-16 ) ) ;
#3189 = CARTESIAN_POINT ( 'NONE',  ( 114.2985601806640119, 109.7866973876949999, 3.464101791381839934 ) ) ;
#3190 = EDGE_CURVE ( 'NONE', #1376, #1781, #620, .T. ) ;
#3191 = DIRECTION ( 'NONE',  ( 0.000000000000000000, 0.000000000000000000, 1.000000000000000000 ) ) ;
#3192 = DIRECTION ( 'NONE',  ( -0.9238788260947650155, 0.000000000000000000, 0.3826851378009850091 ) ) ;
#3193 = EDGE_CURVE ( 'NONE', #2135, #2580, #3047, .T. ) ;
#3194 = CARTESIAN_POINT ( 'NONE',  ( 75.55343627929690342, 112.7866973876949999, 13.46409320831300072 ) ) ;
#3195 = ORIENTED_EDGE ( 'NONE', *, *, #3070, .F. ) ;
#3196 = EDGE_LOOP ( 'NONE', ( #2538, #2994, #2746, #1633 ) ) ;
#3197 = VECTOR ( 'NONE', #3400, 1000.000000000000114 ) ;
#3198 = CARTESIAN_POINT ( 'NONE',  ( 74.51279113769530227, 101.0301303863630125, 19.39532756799249924 ) ) ;
#3199 = EDGE_CURVE ( 'NONE', #2792, #905, #1950, .T. ) ;
#3200 = CARTESIAN_POINT ( 'NONE',  ( 78.63922119140620737, 101.7866973876950141, 4.878314971923830790 ) ) ;
#3201 = ORIENTED_EDGE ( 'NONE', *, *, #1091, .T. ) ;
#3202 = DIRECTION ( 'NONE',  ( 0.000000000000000000, -0.5421206122233328539, 0.8403006853517368535 ) ) ;
#3203 = VECTOR ( 'NONE', #1248, 1000.000000000000000 ) ;
#3204 = DIRECTION ( 'NONE',  ( -1.000000000000000000, 0.000000000000000000, 0.000000000000000000 ) ) ;
#3205 = VECTOR ( 'NONE', #1956, 1000.000000000000000 ) ;
#3206 = VERTEX_POINT ( 'NONE', #1699 ) ;
#3207 = AXIS2_PLACEMENT_3D ( 'NONE', #1182, #649, #1763 ) ;
#3208 = LINE ( 'NONE', #1544, #1449 ) ;
#3209 = CARTESIAN_POINT ( 'NONE',  ( 112.2985601806639977, 109.7866973876949999, 5.464101791381840378 ) ) ;
#3210 = CARTESIAN_POINT ( 'NONE',  ( 81.46765136718750000, 109.7866973876949999, 4.878314971923830790 ) ) ;
#3211 = VECTOR ( 'NONE', #33, 1000.000000000000000 ) ;
#3212 = CARTESIAN_POINT ( 'NONE',  ( 84.54118347167970171, 101.7866973876950141, 22.99834838098309930 ) ) ;
#3213 = DIRECTION ( 'NONE',  ( -0.3826851378009850091, 0.000000000000000000, -0.9238788260947650155 ) ) ;
#3214 = CARTESIAN_POINT ( 'NONE',  ( 75.55343627929690342, 112.7866973876949999, 2.220446049250309876E-16 ) ) ;
#3215 = ORIENTED_EDGE ( 'NONE', *, *, #3036, .T. ) ;
#3216 = EDGE_CURVE ( 'NONE', #1761, #3584, #553, .T. ) ;
#3217 = FACE_OUTER_BOUND ( 'NONE', #821, .T. ) ;
#3218 = ORIENTED_EDGE ( 'NONE', *, *, #2159, .F. ) ;
#3219 = CARTESIAN_POINT ( 'NONE',  ( 80.05343627929690342, 109.7866973876949999, 1.464101791381839934 ) ) ;
#3220 = DIRECTION ( 'NONE',  ( 0.000000000000000000, 1.000000000000000000, -2.220446049250309876E-16 ) ) ;
#3221 = EDGE_CURVE ( 'NONE', #2052, #871, #38, .T. ) ;
#3222 = ORIENTED_EDGE ( 'NONE', *, *, #771, .F. ) ;
#3223 = FACE_OUTER_BOUND ( 'NONE', #1952, .T. ) ;
#3224 = FACE_OUTER_BOUND ( 'NONE', #1146, .T. ) ;
#3225 = ORIENTED_EDGE ( 'NONE', *, *, #1322, .T. ) ;
#3226 = CARTESIAN_POINT ( 'NONE',  ( 107.7985601806639977, 108.1757812500000000, 8.920721054077150214 ) ) ;
#3227 = DIRECTION ( 'NONE',  ( 0.000000000000000000, 0.3826749855670500966, -0.9238830312443551129 ) ) ;
#3228 = CARTESIAN_POINT ( 'NONE',  ( 113.2985601806639977, 109.7866973876949999, 1.732050895690919967 ) ) ;
#3229 = FACE_OUTER_BOUND ( 'NONE', #1293, .T. ) ;
#3230 = DIRECTION ( 'NONE',  ( -0.000000000000000000, 0.5856545783588591458, 0.8105607409980493117 ) ) ;
#3231 = LINE ( 'NONE', #2697, #294 ) ;
#3232 = ORIENTED_EDGE ( 'NONE', *, *, #2655, .T. ) ;
#3233 = EDGE_CURVE ( 'NONE', #3253, #2840, #2500, .T. ) ;
#3234 = FACE_OUTER_BOUND ( 'NONE', #2851, .T. ) ;
#3235 = VERTEX_POINT ( 'NONE', #8 ) ;
#3236 = EDGE_CURVE ( 'NONE', #925, #62, #2552, .T. ) ;
#3237 = DIRECTION ( 'NONE',  ( 1.776356839400250070E-15, 1.000000000000000000, -1.110223024625160090E-15 ) ) ;
#3238 = CARTESIAN_POINT ( 'NONE',  ( 74.51279113769530227, 103.0119571686189914, 22.70369815819989867 ) ) ;
#3239 = EDGE_LOOP ( 'NONE', ( #3413, #2392, #3046, #2448 ) ) ;
#3240 = CARTESIAN_POINT ( 'NONE',  ( 80.05343627929690342, 101.7866973876950141, 1.464101791381839934 ) ) ;
#3241 = DIRECTION ( 'NONE',  ( 0.1305246315045859584, 0.000000000000000000, 0.9914450668446498360 ) ) ;
#3242 = CARTESIAN_POINT ( 'NONE',  ( 84.55343627929690342, 101.7866973876950141, -2.220446049250309876E-16 ) ) ;
#3243 = CARTESIAN_POINT ( 'NONE',  ( 74.51279113769530227, 105.4820880890380010, 22.20573520655729993 ) ) ;
#3244 = FACE_OUTER_BOUND ( 'NONE', #1818, .T. ) ;
#3245 = VERTEX_POINT ( 'NONE', #1716 ) ;
#3246 = VECTOR ( 'NONE', #3310, 1000.000000000000000 ) ;
#3247 = ORIENTED_EDGE ( 'NONE', *, *, #335, .F. ) ;
#3248 = DIRECTION ( 'NONE',  ( 0.000000000000000000, -1.000000000000000000, 0.000000000000000000 ) ) ;
#3249 = VECTOR ( 'NONE', #2128, 999.9999999999998863 ) ;
#3250 = CARTESIAN_POINT ( 'NONE',  ( 78.63922119140620737, 101.7866973876950141, 4.878314971923830790 ) ) ;
#3251 = VECTOR ( 'NONE', #2355, 1000.000000000000114 ) ;
#3252 = AXIS2_PLACEMENT_3D ( 'NONE', #1365, #241, #3593 ) ;
#3253 = VERTEX_POINT ( 'NONE', #1129 ) ;
#3254 = ADVANCED_FACE ( 'NONE', ( #588 ), #61, .T. ) ;
#3255 = CARTESIAN_POINT ( 'NONE',  ( 114.2304144287110006, 109.7866973876949999, 3.981739997863770419 ) ) ;
#3256 = VECTOR ( 'NONE', #1056, 1000.000000000000000 ) ;
#3257 = CARTESIAN_POINT ( 'NONE',  ( 82.05343627929690342, 101.7866973876950141, 3.464101791381830164 ) ) ;
#3258 = VECTOR ( 'NONE', #2799, 1000.000000000000000 ) ;
#3259 = EDGE_CURVE ( 'NONE', #2713, #3287, #3457, .T. ) ;
#3260 = LINE ( 'NONE', #773, #117 ) ;
#3261 = AXIS2_PLACEMENT_3D ( 'NONE', #2917, #2367, #1192 ) ;
#3262 = DIRECTION ( 'NONE',  ( -1.000000000000000000, 0.000000000000000000, 1.391854955922169840E-16 ) ) ;
#3263 = VECTOR ( 'NONE', #750, 1000.000000000000000 ) ;
#3264 = LINE ( 'NONE', #2389, #3068 ) ;
#3265 = DIRECTION ( 'NONE',  ( 0.000000000000000000, 1.000000000000000000, 5.506064073066059802E-12 ) ) ;
#3266 = AXIS2_PLACEMENT_3D ( 'NONE', #715, #1894, #3538 ) ;
#3267 = ORIENTED_EDGE ( 'NONE', *, *, #272, .F. ) ;
#3268 = PLANE ( 'NONE',  #58 ) ;
#3269 = ORIENTED_EDGE ( 'NONE', *, *, #211, .T. ) ;
#3270 = VECTOR ( 'NONE', #3161, 1000.000000000000114 ) ;
#3271 = CARTESIAN_POINT ( 'NONE',  ( 110.2985601806639977, 109.7866973876949999, 3.464101791381839934 ) ) ;
#3272 = ORIENTED_EDGE ( 'NONE', *, *, #652, .F. ) ;
#3273 = DIRECTION ( 'NONE',  ( 0.9914450668446498360, 0.000000000000000000, 0.1305246315045849592 ) ) ;
#3274 = CARTESIAN_POINT ( 'NONE',  ( 111.2985601806639977, 101.7866973876950141, 1.732050895690929959 ) ) ;
#3275 = ORIENTED_EDGE ( 'NONE', *, *, #1557, .F. ) ;
#3276 = EDGE_CURVE ( 'NONE', #1087, #3172, #392, .T. ) ;
#3277 = CARTESIAN_POINT ( 'NONE',  ( 78.63922119140620737, 109.7866973876949999, 4.878314971923830790 ) ) ;
#3278 = ADVANCED_FACE ( 'NONE', ( #1537 ), #2104, .T. ) ;
#3279 = DIRECTION ( 'NONE',  ( -0.1305246315045859584, 0.000000000000000000, 0.9914450668446498360 ) ) ;
#3280 = DIRECTION ( 'NONE',  ( -0.9238810309891090089, 0.000000000000000000, 0.3826798146995750161 ) ) ;
#3281 = DIRECTION ( 'NONE',  ( 1.776356839400250070E-15, 1.000000000000000000, -1.110223024625160090E-15 ) ) ;
#3282 = EDGE_CURVE ( 'NONE', #2077, #1184, #1797, .T. ) ;
#3283 = LINE ( 'NONE', #1743, #2138 ) ;
#3284 = CARTESIAN_POINT ( 'NONE',  ( 79.53579711914061079, 101.7866973876950141, 1.532249450683589975 ) ) ;
#3285 = EDGE_LOOP ( 'NONE', ( #3050, #2806, #3107, #586 ) ) ;
#3286 = CARTESIAN_POINT ( 'NONE',  ( 78.63922119140620737, 109.7866973876949999, 4.878314971923830790 ) ) ;
#3287 = VERTEX_POINT ( 'NONE', #2903 ) ;
#3288 = LINE ( 'NONE', #1821, #1977 ) ;
#3289 = VERTEX_POINT ( 'NONE', #963 ) ;
#3290 = LINE ( 'NONE', #2173, #2911 ) ;
#3291 = CARTESIAN_POINT ( 'NONE',  ( 81.78548431396480112, 109.7866973876949999, 4.464101791381840378 ) ) ;
#3292 = VERTEX_POINT ( 'NONE', #3492 ) ;
#3293 = ORIENTED_EDGE ( 'NONE', *, *, #3297, .F. ) ;
#3294 = PLANE ( 'NONE',  #760 ) ;
#3295 = VERTEX_POINT ( 'NONE', #2315 ) ;
#3296 = FACE_OUTER_BOUND ( 'NONE', #467, .T. ) ;
#3297 = EDGE_CURVE ( 'NONE', #1112, #802, #2843, .T. ) ;
#3298 = CARTESIAN_POINT ( 'NONE',  ( 117.7227911376949976, 104.7243518829830009, 22.75322246546129890 ) ) ;
#3299 = LINE ( 'NONE', #184, #1800 ) ;
#3300 = ORIENTED_EDGE ( 'NONE', *, *, #1998, .T. ) ;
#3301 = EDGE_CURVE ( 'NONE', #2526, #63, #1271, .T. ) ;
#3302 = CARTESIAN_POINT ( 'NONE',  ( 113.7127752685550064, 109.7866973876949999, 4.878314971923830790 ) ) ;
#3303 = ORIENTED_EDGE ( 'NONE', *, *, #3486, .F. ) ;
#3304 = EDGE_CURVE ( 'NONE', #2956, #2067, #2610, .T. ) ;
#3305 = CARTESIAN_POINT ( 'NONE',  ( 75.55343627929690342, 110.5573747427390146, 10.79568012086579998 ) ) ;
#3306 = VERTEX_POINT ( 'NONE', #84 ) ;
#3307 = PRODUCT_DEFINITION ( 'UNKNOWN', '', #2144, #279 ) ;
#3308 = EDGE_LOOP ( 'NONE', ( #1803, #2700, #251 ) ) ;
#3309 = FACE_OUTER_BOUND ( 'NONE', #3017, .T. ) ;
#3310 = DIRECTION ( 'NONE',  ( 0.000000000000000000, 1.000000000000000000, 5.551115123125780730E-16 ) ) ;
#3311 = VECTOR ( 'NONE', #448, 1000.000000000000000 ) ;
#3312 = VERTEX_POINT ( 'NONE', #3415 ) ;
#3313 = AXIS2_PLACEMENT_3D ( 'NONE', #2278, #3396, #3119 ) ;
#3314 = EDGE_LOOP ( 'NONE', ( #3606, #1744, #1047, #2222 ) ) ;
#3315 = DIRECTION ( 'NONE',  ( 1.000000000000000000, 0.000000000000000000, 0.000000000000000000 ) ) ;
#3316 = VECTOR ( 'NONE', #100, 1000.000000000000000 ) ;
#3317 = ORIENTED_EDGE ( 'NONE', *, *, #794, .F. ) ;
#3318 = VECTOR ( 'NONE', #2062, 1000.000000000000000 ) ;
#3319 = AXIS2_PLACEMENT_3D ( 'NONE', #3594, #1930, #1413 ) ;
#3320 = CIRCLE ( 'NONE', #3252, 3.000000000000002665 ) ;
#3321 = CARTESIAN_POINT ( 'NONE',  ( 117.7227911376949976, 108.7919330597279952, 17.84175968169499882 ) ) ;
#3322 =( BOUNDED_CURVE ( )  B_SPLINE_CURVE ( 3, ( #950, #2065, #667, #379 ),
 .UNSPECIFIED., .F., .T. ) 
 B_SPLINE_CURVE_WITH_KNOTS ( ( 4, 4 ),
 ( 0.000000000000000000, 1.000000000000000000 ),
 .UNSPECIFIED. ) 
 CURVE ( )  GEOMETRIC_REPRESENTATION_ITEM ( )  RATIONAL_B_SPLINE_CURVE ( ( 1.000000000000000000, 0.9935900438396230161, 0.9935900438396230161, 1.000000000000000000 ) ) 
 REPRESENTATION_ITEM ( '' )  );
#3323 = DIRECTION ( 'NONE',  ( 0.9238758645718683216, 0.000000000000000000, 0.3826922874341511238 ) ) ;
#3324 = VECTOR ( 'NONE', #1885, 1000.000000000000227 ) ;
#3325 = VECTOR ( 'NONE', #1454, 1000.000000000000227 ) ;
#3326 = DIRECTION ( 'NONE',  ( 0.000000000000000000, 1.000000000000000000, -7.771561172376100713E-16 ) ) ;
#3327 = ORIENTED_EDGE ( 'NONE', *, *, #3282, .F. ) ;
#3328 = VECTOR ( 'NONE', #252, 1000.000000000000114 ) ;
#3329 = EDGE_CURVE ( 'NONE', #2526, #2259, #1238, .T. ) ;
#3330 = ORIENTED_EDGE ( 'NONE', *, *, #652, .T. ) ;
#3331 = VECTOR ( 'NONE', #3111, 1000.000000000000000 ) ;
#3332 = EDGE_CURVE ( 'NONE', #1948, #1555, #2634, .T. ) ;
#3333 = DIRECTION ( 'NONE',  ( 0.000000000000000000, 1.000000000000000000, 5.506064073066059802E-12 ) ) ;
#3334 = ORIENTED_EDGE ( 'NONE', *, *, #2159, .T. ) ;
#3335 = ORIENTED_EDGE ( 'NONE', *, *, #446, .T. ) ;
#3336 = LINE ( 'NONE', #839, #872 ) ;
#3337 = VERTEX_POINT ( 'NONE', #3200 ) ;
#3338 = CARTESIAN_POINT ( 'NONE',  ( 107.7985601806639977, 111.1757812500000142, 8.920721054077150214 ) ) ;
#3339 = DIRECTION ( 'NONE',  ( 0.000000000000000000, -1.000000000000000000, 0.000000000000000000 ) ) ;
#3340 = FACE_OUTER_BOUND ( 'NONE', #2766, .T. ) ;
#3341 = CARTESIAN_POINT ( 'NONE',  ( 108.2985601806639977, 109.7866973876949999, 3.464101791381839934 ) ) ;
#3342 = LINE ( 'NONE', #2235, #1682 ) ;
#3343 = ORIENTED_EDGE ( 'NONE', *, *, #2513, .T. ) ;
#3344 = ORIENTED_EDGE ( 'NONE', *, *, #40, .F. ) ;
#3345 = EDGE_CURVE ( 'NONE', #3116, #1773, #723, .T. ) ;
#3346 = CARTESIAN_POINT ( 'NONE',  ( 78.63922119140620737, 109.7866973876949999, 2.049888610839839753 ) ) ;
#3347 = VERTEX_POINT ( 'NONE', #146 ) ;
#3348 = EDGE_CURVE ( 'NONE', #2188, #2521, #3181, .T. ) ;
#3349 = LINE ( 'NONE', #591, #240 ) ;
#3350 = ORIENTED_EDGE ( 'NONE', *, *, #623, .T. ) ;
#3351 = CARTESIAN_POINT ( 'NONE',  ( 110.2985601806639977, 112.7866973876949999, 6.928203582763670987 ) ) ;
#3352 = LINE ( 'NONE', #2486, #1289 ) ;
#3353 = DIRECTION ( 'NONE',  ( 0.000000000000000000, -1.000000000000000000, 0.000000000000000000 ) ) ;
#3354 = LINE ( 'NONE', #1708, #1928 ) ;
#3355 = DIRECTION ( 'NONE',  ( -1.000000000000000000, 0.000000000000000000, 7.894919286223340877E-16 ) ) ;
#3356 = ORIENTED_EDGE ( 'NONE', *, *, #3031, .F. ) ;
#3357 = ORIENTED_EDGE ( 'NONE', *, *, #3099, .T. ) ;
#3358 = CARTESIAN_POINT ( 'NONE',  ( 74.51279113769530227, 100.5210742950440022, 18.00437259668209933 ) ) ;
#3359 = DIRECTION ( 'NONE',  ( 0.000000000000000000, -1.000000000000000000, 0.000000000000000000 ) ) ;
#3360 = VERTEX_POINT ( 'NONE', #703 ) ;
#3361 = ORIENTED_EDGE ( 'NONE', *, *, #2365, .T. ) ;
#3362 = CARTESIAN_POINT ( 'NONE',  ( 116.7985601806640119, 112.7866973876949999, 13.46409320831300072 ) ) ;
#3363 = ORIENTED_EDGE ( 'NONE', *, *, #838, .T. ) ;
#3364 = EDGE_CURVE ( 'NONE', #2649, #3206, #2357, .T. ) ;
#3365 = VERTEX_POINT ( 'NONE', #3475 ) ;
#3366 = VECTOR ( 'NONE', #88, 1000.000000000000000 ) ;
#3367 = CYLINDRICAL_SURFACE ( 'NONE', #1742, 2.750000000000002665 ) ;
#3368 = CARTESIAN_POINT ( 'NONE',  ( 114.2985601806640119, 112.7866973876949999, 1.707933981658220080E-31 ) ) ;
#3369 = DIRECTION ( 'NONE',  ( 0.8660254147996931939, 0.000000000000000000, 0.4999999809210191049 ) ) ;
#3370 = VECTOR ( 'NONE', #444, 1000.000000000000000 ) ;
#3371 = ADVANCED_FACE ( 'NONE', ( #358 ), #1458, .F. ) ;
#3372 = CLOSED_SHELL ( 'NONE', ( #1100, #2612, #2118, #1422, #1789, #1344, #2025, #118, #2944, #2754, #854, #720, #878, #96, #427, #1364, #27, #1739, #3570, #1695, #3254, #954, #1128, #2382, #1522, #1438, #500, #742, #694, #56, #194, #922, #3508, #338, #968, #3371, #1470, #301, #1143, #3439, #1386, #3416, #2712, #2310, #1895, #2889, #1302, #2075, #901, #1216, #3155, #2588, #2094, #2756, #1606, #2585, #1212, #2694, #1165, #1917, #2314, #1493, #1881, #1325, #833, #870, #1469, #3081, #363, #2361, #1771, #2163, #238, #3028, #677, #2099, #2675, #2386, #3405, #919, #1260, #1284, #1193, #899, #1837, #2224, #1148, #3417, #834, #3053, #2447, #3278, #2922, #77, #1994, #693, #1737, #1528, #559, #3512, #2967, #2781, #1585 ) ) ;
#3373 = DIRECTION ( 'NONE',  ( -0.3826851378009850091, 0.000000000000000000, -0.9238788260947650155 ) ) ;
#3374 = ORIENTED_EDGE ( 'NONE', *, *, #1097, .F. ) ;
#3375 = VECTOR ( 'NONE', #11, 1000.000000000000000 ) ;
#3376 = AXIS2_PLACEMENT_3D ( 'NONE', #778, #441, #1604 ) ;
#3377 = VERTEX_POINT ( 'NONE', #2883 ) ;
#3378 = PLANE ( 'NONE',  #993 ) ;
#3379 = DIRECTION ( 'NONE',  ( -0.4999999809210190493, 0.000000000000000000, -0.8660254147996930829 ) ) ;
#3380 = AXIS2_PLACEMENT_3D ( 'NONE', #2932, #3578, #242 ) ;
#3381 = ORIENTED_EDGE ( 'NONE', *, *, #2490, .T. ) ;
#3382 = ORIENTED_EDGE ( 'NONE', *, *, #674, .F. ) ;
#3383 = DIRECTION ( 'NONE',  ( 0.000000000000000000, 0.000000000000000000, -1.000000000000000000 ) ) ;
#3384 = CARTESIAN_POINT ( 'NONE',  ( 74.51279113769530227, 101.0301303863630125, 19.39532756799249924 ) ) ;
#3385 = EDGE_LOOP ( 'NONE', ( #2030, #3061, #573, #2709 ) ) ;
#3386 = EDGE_LOOP ( 'NONE', ( #1485, #3590, #3545, #2464 ) ) ;
#3387 = CARTESIAN_POINT ( 'NONE',  ( 110.2985601806639977, 109.7866973876949999, 6.928203582763670987 ) ) ;
#3388 = CARTESIAN_POINT ( 'NONE',  ( 114.2304144287110006, 101.7866973876950141, 3.981739997863770419 ) ) ;
#3389 = EDGE_CURVE ( 'NONE', #2977, #1642, #3140, .T. ) ;
#3390 = CARTESIAN_POINT ( 'NONE',  ( 84.55343627929690342, 110.1203287768050103, 11.36526285778540135 ) ) ;
#3391 = VERTEX_POINT ( 'NONE', #2923 ) ;
#3392 = EDGE_CURVE ( 'NONE', #1680, #2202, #644, .T. ) ;
#3393 = CARTESIAN_POINT ( 'NONE',  ( 110.3667135620120092, 101.7866973876950141, 3.981739997863780189 ) ) ;
#3394 = ORIENTED_EDGE ( 'NONE', *, *, #2898, .F. ) ;
#3395 = DIRECTION ( 'NONE',  ( 0.4999999809210190493, 0.000000000000000000, 0.8660254147996930829 ) ) ;
#3396 = DIRECTION ( 'NONE',  ( -0.000000000000000000, 0.7814355209430671190, 0.6239859987278860709 ) ) ;
#3397 = ORIENTED_EDGE ( 'NONE', *, *, #1715, .F. ) ;
#3398 = ORIENTED_EDGE ( 'NONE', *, *, #190, .T. ) ;
#3399 = DIRECTION ( 'NONE',  ( -0.9914448304674222667, 0.000000000000000000, -0.1305264269771610197 ) ) ;
#3400 = DIRECTION ( 'NONE',  ( 0.4999999809210190493, -3.552713543236190488E-15, -0.8660254147996930829 ) ) ;
#3401 = ORIENTED_EDGE ( 'NONE', *, *, #2003, .F. ) ;
#3402 = ORIENTED_EDGE ( 'NONE', *, *, #1211, .T. ) ;
#3403 = DIRECTION ( 'NONE',  ( 0.000000000000000000, 1.000000000000000000, -9.436895709313830594E-16 ) ) ;
#3404 = CARTESIAN_POINT ( 'NONE',  ( 79.53579711914061079, 109.7866973876949999, 1.532249450683589975 ) ) ;
#3405 = ADVANCED_FACE ( 'NONE', ( #428 ), #2865, .T. ) ;
#3406 = DIRECTION ( 'NONE',  ( 0.3826798146995759042, 0.000000000000000000, 0.9238810309891086758 ) ) ;
#3407 = ORIENTED_EDGE ( 'NONE', *, *, #564, .F. ) ;
#3408 = DIRECTION ( 'NONE',  ( 0.000000000000000000, -1.000000000000000000, 0.000000000000000000 ) ) ;
#3409 = DIRECTION ( 'NONE',  ( 0.000000000000000000, -0.9758691166600795830, -0.2183562848856789029 ) ) ;
#3410 = FACE_OUTER_BOUND ( 'NONE', #2639, .T. ) ;
#3411 = EDGE_CURVE ( 'NONE', #1112, #983, #2410, .T. ) ;
#3412 = EDGE_CURVE ( 'NONE', #3052, #370, #513, .T. ) ;
#3413 = ORIENTED_EDGE ( 'NONE', *, *, #2613, .T. ) ;
#3414 = LINE ( 'NONE', #587, #2141 ) ;
#3415 = CARTESIAN_POINT ( 'NONE',  ( 84.55343627929690342, 111.1757812500000142, 8.920721054077150214 ) ) ;
#3416 = ADVANCED_FACE ( 'NONE', ( #2171 ), #795, .T. ) ;
#3417 = ADVANCED_FACE ( 'NONE', ( #3234 ), #740, .T. ) ;
#3418 = EDGE_LOOP ( 'NONE', ( #1177, #1245, #1073, #1811 ) ) ;
#3419 = ORIENTED_EDGE ( 'NONE', *, *, #2167, .F. ) ;
#3420 = PLANE ( 'NONE',  #763 ) ;
#3421 = LINE ( 'NONE', #3478, #3311 ) ;
#3422 = ORIENTED_EDGE ( 'NONE', *, *, #2637, .F. ) ;
#3423 = ORIENTED_EDGE ( 'NONE', *, *, #2762, .T. ) ;
#3424 = DIRECTION ( 'NONE',  ( -0.6087657977601961257, 0.000000000000000000, 0.7933499880112131475 ) ) ;
#3425 = DIRECTION ( 'NONE',  ( 0.1305212769253860094, 0.000000000000000000, 0.9914455084722340050 ) ) ;
#3426 = CARTESIAN_POINT ( 'NONE',  ( 110.2985601806639977, 109.7866973876949999, 1.221245327087670025E-15 ) ) ;
#3427 = VECTOR ( 'NONE', #1839, 1000.000000000000000 ) ;
#3428 = CARTESIAN_POINT ( 'NONE',  ( 78.32138824462889204, 101.7866973876950141, 4.464101791381830608 ) ) ;
#3429 = ORIENTED_EDGE ( 'NONE', *, *, #2561, .F. ) ;
#3430 = CARTESIAN_POINT ( 'NONE',  ( 116.7985601806640119, 110.5573577880859943, 10.79572105407719995 ) ) ;
#3431 = AXIS2_PLACEMENT_3D ( 'NONE', #376, #2440, #2460 ) ;
#3432 = CARTESIAN_POINT ( 'NONE',  ( 84.55343627929690342, 103.4866973876950027, 0.000000000000000000 ) ) ;
#3433 = VECTOR ( 'NONE', #3491, 1000.000000000000000 ) ;
#3434 = VECTOR ( 'NONE', #3537, 1000.000000000000000 ) ;
#3435 = CARTESIAN_POINT ( 'NONE',  ( 110.2985601806639977, 112.7866973876949999, 1.110223024625159992E-16 ) ) ;
#3436 = ORIENTED_EDGE ( 'NONE', *, *, #1358, .T. ) ;
#3437 = VECTOR ( 'NONE', #1345, 1000.000000000000227 ) ;
#3438 = CARTESIAN_POINT ( 'NONE',  ( 74.51279113769530227, 106.2732944488989943, 21.39736461635580156 ) ) ;
#3439 = ADVANCED_FACE ( 'NONE', ( #1902 ), #2665, .T. ) ;
#3440 = CARTESIAN_POINT ( 'NONE',  ( 113.7127752685550064, 101.7866973876950141, 4.878314971923830790 ) ) ;
#3441 = VECTOR ( 'NONE', #3273, 1000.000000000000000 ) ;
#3442 = ORIENTED_EDGE ( 'NONE', *, *, #1557, .T. ) ;
#3443 = AXIS2_PLACEMENT_3D ( 'NONE', #2876, #3191, #387 ) ;
#3444 = EDGE_CURVE ( 'NONE', #229, #1870, #2980, .T. ) ;
#3445 = PLANE ( 'NONE',  #704 ) ;
#3446 = DIRECTION ( 'NONE',  ( 1.000000000000000000, 0.000000000000000000, 0.000000000000000000 ) ) ;
#3447 = AXIS2_PLACEMENT_3D ( 'NONE', #421, #972, #713 ) ;
#3448 = VERTEX_POINT ( 'NONE', #3008 ) ;
#3449 = ORIENTED_EDGE ( 'NONE', *, *, #1982, .T. ) ;
#3450 = DIRECTION ( 'NONE',  ( 0.1305212769253860094, 0.000000000000000000, -0.9914455084722340050 ) ) ;
#3451 = VECTOR ( 'NONE', #372, 1000.000000000000000 ) ;
#3452 = LINE ( 'NONE', #2381, #1874 ) ;
#3453 = DIRECTION ( 'NONE',  ( -1.000000000000000000, 0.000000000000000000, 0.000000000000000000 ) ) ;
#3454 = FACE_BOUND ( 'NONE', #1991, .T. ) ;
#3455 = VERTEX_POINT ( 'NONE', #1847 ) ;
#3456 = DIRECTION ( 'NONE',  ( 0.000000000000000000, -0.9135365973175292309, 0.4067565431084181338 ) ) ;
#3457 = LINE ( 'NONE', #2337, #1506 ) ;
#3458 = EDGE_LOOP ( 'NONE', ( #18, #2047, #3104, #1380 ) ) ;
#3459 = EDGE_CURVE ( 'NONE', #2176, #3391, #1834, .T. ) ;
#3460 = EDGE_LOOP ( 'NONE', ( #1926, #739, #1649, #3007 ) ) ;
#3461 = LINE ( 'NONE', #3105, #1514 ) ;
#3462 = PLANE ( 'NONE',  #2955 ) ;
#3463 = VERTEX_POINT ( 'NONE', #464 ) ;
#3464 = EDGE_CURVE ( 'NONE', #682, #1867, #2153, .T. ) ;
#3465 = ORIENTED_EDGE ( 'NONE', *, *, #2658, .F. ) ;
#3466 = DIRECTION ( 'NONE',  ( -0.3826922874341510683, 0.000000000000000000, 0.9238758645718682105 ) ) ;
#3467 = CARTESIAN_POINT ( 'NONE',  ( 78.05343627929690342, 110.4185193369179956, 6.928203582763670987 ) ) ;
#3468 = DIRECTION ( 'NONE',  ( -0.9914455084722341160, 0.000000000000000000, -0.1305212769253860372 ) ) ;
#3469 = EDGE_CURVE ( 'NONE', #2818, #3337, #2993, .T. ) ;
#3470 = DIRECTION ( 'NONE',  ( 0.000000000000000000, 0.000000000000000000, 1.000000000000000000 ) ) ;
#3471 = DIRECTION ( 'NONE',  ( 0.7933485729663557473, 0.000000000000000000, -0.6087676418570938663 ) ) ;
#3472 = LINE ( 'NONE', #3432, #3451 ) ;
#3473 = VERTEX_POINT ( 'NONE', #2897 ) ;
#3474 = CYLINDRICAL_SURFACE ( 'NONE', #2778, 3.000000000000002665 ) ;
#3475 = CARTESIAN_POINT ( 'NONE',  ( 107.7985601806639977, 110.1203287768050103, 11.36526285778540135 ) ) ;
#3476 = VERTEX_POINT ( 'NONE', #1728 ) ;
#3477 = DIRECTION ( 'NONE',  ( 1.000000000000000000, 0.000000000000000000, 0.000000000000000000 ) ) ;
#3478 = CARTESIAN_POINT ( 'NONE',  ( 74.51279113769530227, 104.3597812653059975, 22.91554927820239840 ) ) ;
#3479 = VERTEX_POINT ( 'NONE', #3435 ) ;
#3480 = DIRECTION ( 'NONE',  ( 1.000000000000000000, 0.000000000000000000, 0.000000000000000000 ) ) ;
#3481 = CARTESIAN_POINT ( 'NONE',  ( 114.2304144287110006, 101.7866973876950141, 2.946463584899900123 ) ) ;
#3482 = LINE ( 'NONE', #2364, #1122 ) ;
#3483 = EDGE_CURVE ( 'NONE', #2818, #3476, #2838, .T. ) ;
#3484 = CARTESIAN_POINT ( 'NONE',  ( 110.2985601806639977, 112.7866973876949999, 6.928203582763670987 ) ) ;
#3485 = LINE ( 'NONE', #2015, #2206 ) ;
#3486 = EDGE_CURVE ( 'NONE', #2279, #1794, #1455, .T. ) ;
#3487 = CARTESIAN_POINT ( 'NONE',  ( 75.55343627929690342, 107.7866973877452352, 14.96409320831483036 ) ) ;
#3488 = EDGE_LOOP ( 'NONE', ( #2997, #2527, #1067, #2741, #424 ) ) ;
#3489 = ORIENTED_EDGE ( 'NONE', *, *, #2824, .T. ) ;
#3490 = VECTOR ( 'NONE', #1882, 1000.000000000000000 ) ;
#3491 = DIRECTION ( 'NONE',  ( 1.000000000000000000, 0.000000000000000000, 0.000000000000000000 ) ) ;
#3492 = CARTESIAN_POINT ( 'NONE',  ( 113.7127752685550064, 109.7866973876949999, 2.049888610839839753 ) ) ;
#3493 = AXIS2_PLACEMENT_3D ( 'NONE', #1286, #2147, #1062 ) ;
#3494 = EDGE_CURVE ( 'NONE', #2301, #3052, #2572, .T. ) ;
#3495 = CLOSED_SHELL ( 'NONE', ( #2056, #716, #724 ) ) ;
#3496 = VECTOR ( 'NONE', #1687, 1000.000000000000000 ) ;
#3497 = ORIENTED_EDGE ( 'NONE', *, *, #1938, .F. ) ;
#3498 = DIRECTION ( 'NONE',  ( 0.9914450668446497250, 0.000000000000000000, -0.1305246315045859307 ) ) ;
#3499 = LINE ( 'NONE', #2107, #1616 ) ;
#3500 = VECTOR ( 'NONE', #1021, 1000.000000000000114 ) ;
#3501 = ORIENTED_EDGE ( 'NONE', *, *, #2606, .T. ) ;
#3502 = AXIS2_PLACEMENT_3D ( 'NONE', #3302, #296, #1081 ) ;
#3503 = DIRECTION ( 'NONE',  ( 0.000000000000000000, 1.000000000000000000, 5.506064073066059802E-12 ) ) ;
#3504 = PLANE ( 'NONE',  #2790 ) ;
#3505 = VECTOR ( 'NONE', #2949, 1000.000000000000000 ) ;
#3506 = CARTESIAN_POINT ( 'NONE',  ( 117.7227911376949976, 103.3315372467470041, 22.89210414880160371 ) ) ;
#3507 = CARTESIAN_POINT ( 'NONE',  ( 117.7227911376949976, 107.9337940216470031, 19.17189693449130061 ) ) ;
#3508 = ADVANCED_FACE ( 'NONE', ( #3410 ), #2590, .T. ) ;
#3509 = ADVANCED_FACE ( 'NONE', ( #373 ), #1477, .T. ) ;
#3510 = CARTESIAN_POINT ( 'NONE',  ( 84.55343627929690342, 112.7866973876949999, 4.440892098500630106E-16 ) ) ;
#3511 = CARTESIAN_POINT ( 'NONE',  ( 74.51279113769530227, 102.1145420074760040, 21.66047573083089972 ) ) ;
#3512 = ADVANCED_FACE ( 'NONE', ( #197 ), #1828, .T. ) ;
#3513 = CARTESIAN_POINT ( 'NONE',  ( 114.2985601806640119, 101.7866973876950141, 3.464101791381839934 ) ) ;
#3514 = VERTEX_POINT ( 'NONE', #1601 ) ;
#3515 = DIRECTION ( 'NONE',  ( 0.000000000000000000, -0.9390857857850285484, 0.3436828289811923454 ) ) ;
#3516 = ORIENTED_EDGE ( 'NONE', *, *, #319, .T. ) ;
#3517 = LINE ( 'NONE', #1310, #529 ) ;
#3518 = CARTESIAN_POINT ( 'NONE',  ( 110.2985601806639977, 112.7866973876949999, 0.000000000000000000 ) ) ;
#3519 = VERTEX_POINT ( 'NONE', #2973 ) ;
#3520 = LINE ( 'NONE', #2963, #3500 ) ;
#3521 = LINE ( 'NONE', #748, #1919 ) ;
#3522 = DIRECTION ( 'NONE',  ( 0.000000000000000000, -0.000000000000000000, 1.000000000000000000 ) ) ;
#3523 = DIRECTION ( 'NONE',  ( -1.000000000000000000, 0.000000000000000000, 0.000000000000000000 ) ) ;
#3524 = LINE ( 'NONE', #3487, #571 ) ;
#3525 = APPLICATION_PROTOCOL_DEFINITION ( 'draft international standard', 'automotive_design', 1998, #2912 ) ;
#3526 = FACE_OUTER_BOUND ( 'NONE', #325, .T. ) ;
#3527 = VERTEX_POINT ( 'NONE', #1041 ) ;
#3528 = EDGE_CURVE ( 'NONE', #2924, #2784, #509, .T. ) ;
#3529 = EDGE_CURVE ( 'NONE', #2343, #574, #494, .T. ) ;
#3530 = ORIENTED_EDGE ( 'NONE', *, *, #619, .F. ) ;
#3531 = CARTESIAN_POINT ( 'NONE',  ( 107.7985601806639977, 110.5573747427390146, 10.79568012086579998 ) ) ;
#3532 = EDGE_CURVE ( 'NONE', #2870, #3306, #994, .T. ) ;
#3533 = DIRECTION ( 'NONE',  ( 0.000000000000000000, 1.000000000000000000, -2.110926372141859940E-15 ) ) ;
#3534 = EDGE_CURVE ( 'NONE', #1318, #2289, #3524, .T. ) ;
#3535 = ORIENTED_EDGE ( 'NONE', *, *, #722, .T. ) ;
#3536 = LINE ( 'NONE', #1314, #2090 ) ;
#3537 = DIRECTION ( 'NONE',  ( 1.000000000000000000, 0.000000000000000000, 0.000000000000000000 ) ) ;
#3538 = DIRECTION ( 'NONE',  ( 0.000000000000000000, 0.6087619720811818791, -0.7933529235767838861 ) ) ;
#3539 = DIRECTION ( 'NONE',  ( 1.000000000000000000, 0.000000000000000000, 0.000000000000000000 ) ) ;
#3540 = ORIENTED_EDGE ( 'NONE', *, *, #3066, .T. ) ;
#3541 = LINE ( 'NONE', #1042, #3324 ) ;
#3542 = ORIENTED_EDGE ( 'NONE', *, *, #2498, .F. ) ;
#3543 = DIRECTION ( 'NONE',  ( 0.000000000000000000, 1.000000000000000000, 0.000000000000000000 ) ) ;
#3544 = VECTOR ( 'NONE', #1051, 1000.000000000000000 ) ;
#3545 = ORIENTED_EDGE ( 'NONE', *, *, #2988, .T. ) ;
#3546 = EDGE_CURVE ( 'NONE', #2042, #1646, #991, .T. ) ;
#3547 = DIRECTION ( 'NONE',  ( -0.7933499880112131475, 0.000000000000000000, -0.6087657977601962367 ) ) ;
#3548 = VECTOR ( 'NONE', #3220, 1000.000000000000000 ) ;
#3549 = FACE_OUTER_BOUND ( 'NONE', #3308, .T. ) ;
#3550 = VECTOR ( 'NONE', #2079, 1000.000000000000000 ) ;
#3551 = ORIENTED_EDGE ( 'NONE', *, *, #2496, .T. ) ;
#3552 = VECTOR ( 'NONE', #1304, 1000.000000000000000 ) ;
#3553 = EDGE_CURVE ( 'NONE', #2202, #1555, #1568, .T. ) ;
#3554 = AXIS2_PLACEMENT_3D ( 'NONE', #287, #2466, #868 ) ;
#3555 = LINE ( 'NONE', #3257, #3256 ) ;
#3556 = VECTOR ( 'NONE', #3109, 1000.000000000000114 ) ;
#3557 = AXIS2_PLACEMENT_3D ( 'NONE', #726, #981, #2374 ) ;
#3558 = LINE ( 'NONE', #3484, #1234 ) ;
#3559 = AXIS2_PLACEMENT_3D ( 'NONE', #76, #1267, #3408 ) ;
#3560 = PLANE ( 'NONE',  #1520 ) ;
#3561 =( LENGTH_UNIT ( ) NAMED_UNIT ( * ) SI_UNIT ( .MILLI., .METRE. ) );
#3562 = VECTOR ( 'NONE', #1862, 1000.000000000000114 ) ;
#3563 = ORIENTED_EDGE ( 'NONE', *, *, #1878, .F. ) ;
#3564 = FACE_OUTER_BOUND ( 'NONE', #2482, .T. ) ;
#3565 = ORIENTED_EDGE ( 'NONE', *, *, #1029, .T. ) ;
#3566 = VECTOR ( 'NONE', #1278, 1000.000000000000114 ) ;
#3567 = VERTEX_POINT ( 'NONE', #3284 ) ;
#3568 = FACE_BOUND ( 'NONE', #1433, .T. ) ;
#3569 = LINE ( 'NONE', #3274, #1963 ) ;
#3570 = ADVANCED_FACE ( 'NONE', ( #3003 ), #2695, .T. ) ;
#3571 = ORIENTED_EDGE ( 'NONE', *, *, #496, .F. ) ;
#3572 = VERTEX_POINT ( 'NONE', #754 ) ;
#3573 = DIRECTION ( 'NONE',  ( 0.000000000000000000, 1.000000000000000000, 2.220446049250309876E-16 ) ) ;
#3574 = LINE ( 'NONE', #258, #1059 ) ;
#3575 = EDGE_CURVE ( 'NONE', #570, #593, #2682, .T. ) ;
#3576 = ORIENTED_EDGE ( 'NONE', *, *, #3529, .F. ) ;
#3577 = PLANE ( 'NONE',  #1860 ) ;
#3578 = DIRECTION ( 'NONE',  ( 0.000000000000000000, -0.9513215733865307833, 0.3082000389509639282 ) ) ;
#3579 = DIRECTION ( 'NONE',  ( 0.000000000000000000, 1.000000000000000000, 7.771561172376100713E-16 ) ) ;
#3580 = DIRECTION ( 'NONE',  ( 0.000000000000000000, 1.000000000000000000, 0.000000000000000000 ) ) ;
#3581 = EDGE_CURVE ( 'NONE', #495, #2924, #2708, .T. ) ;
#3582 = ORIENTED_EDGE ( 'NONE', *, *, #1242, .F. ) ;
#3583 = DIRECTION ( 'NONE',  ( 1.000000000000000000, 0.000000000000000000, 0.000000000000000000 ) ) ;
#3584 = VERTEX_POINT ( 'NONE', #1865 ) ;
#3585 = DIRECTION ( 'NONE',  ( -0.3826922874341511238, 0.000000000000000000, 0.9238758645718683216 ) ) ;
#3586 = ORIENTED_EDGE ( 'NONE', *, *, #1369, .T. ) ;
#3587 = CARTESIAN_POINT ( 'NONE',  ( 75.55343627929690342, 108.1757812500000000, 9.420721054077150214 ) ) ;
#3588 = LINE ( 'NONE', #744, #625 ) ;
#3589 = ORIENTED_EDGE ( 'NONE', *, *, #2918, .F. ) ;
#3590 = ORIENTED_EDGE ( 'NONE', *, *, #2940, .T. ) ;
#3591 = CARTESIAN_POINT ( 'NONE',  ( 78.12158203125000000, 101.7866973876950141, 3.981739997863760205 ) ) ;
#3592 = ORIENTED_EDGE ( 'NONE', *, *, #3199, .T. ) ;
#3593 = DIRECTION ( 'NONE',  ( 0.000000000000000000, 1.000000000000000000, 0.000000000000000000 ) ) ;
#3594 = CARTESIAN_POINT ( 'NONE',  ( 82.05343627929690342, 109.7866973876949999, 0.000000000000000000 ) ) ;
#3595 = EDGE_CURVE ( 'NONE', #3206, #254, #1618, .T. ) ;
#3596 = PLANE ( 'NONE',  #2836 ) ;
#3597 = LINE ( 'NONE', #3042, #2501 ) ;
#3598 = DIRECTION ( 'NONE',  ( 0.7933539883817068983, 0.000000000000000000, -0.6087605843998430410 ) ) ;
#3599 = ORIENTED_EDGE ( 'NONE', *, *, #1237, .T. ) ;
#3600 = EDGE_CURVE ( 'NONE', #1253, #2556, #2418, .T. ) ;
#3601 = ORIENTED_EDGE ( 'NONE', *, *, #3190, .F. ) ;
#3602 = DIRECTION ( 'NONE',  ( -0.1305212769253860094, 0.000000000000000000, 0.9914455084722340050 ) ) ;
#3603 = LINE ( 'NONE', #1106, #2669 ) ;
#3604 = ORIENTED_EDGE ( 'NONE', *, *, #3259, .F. ) ;
#3605 = VECTOR ( 'NONE', #3379, 1000.000000000000114 ) ;
#3606 = ORIENTED_EDGE ( 'NONE', *, *, #389, .F. ) ;
#3607 = DIRECTION ( 'NONE',  ( 0.000000000000000000, -1.000000000000000000, 0.000000000000000000 ) ) ;
#3608 = VECTOR ( 'NONE', #1615, 1000.000000000000114 ) ;
#3609 = ORIENTED_EDGE ( 'NONE', *, *, #1715, .T. ) ;
#3610 = AXIS2_PLACEMENT_3D ( 'NONE', #3156, #631, #2327 ) ;
#3611 = LINE ( 'NONE', #2742, #1677 ) ;
#3612 = VERTEX_POINT ( 'NONE', #736 ) ;
#3613 = PLANE ( 'NONE',  #3319 ) ;
#3614 = VECTOR ( 'NONE', #3202, 1000.000000000000114 ) ;
#3615 = LINE ( 'NONE', #2797, #1005 ) ;
ENDSEC;
END-ISO-10303-21;
