ISO-10303-21;
HEADER;
FILE_DESCRIPTION (( 'STEP AP214' ),
    '1' );
FILE_NAME ('smallmodif01.STEP',
    '2026-08-31T09:31:02',
    ( '' ),
    ( '' ),
    'SwSTEP 2.0',
    'SolidWorks 2026',
    '' );
FILE_SCHEMA (( 'AUTOMOTIVE_DESIGN' ));
ENDSEC;

DATA;
#1 = CARTESIAN_POINT ( 'NONE',  ( 75.55343627929690342, 108.1757812500000000, 9.420721054077150214 ) ) ;
#2 = DIRECTION ( 'NONE',  ( 0.000000000000000000, -1.000000000000000000, 0.000000000000000000 ) ) ;
#3 = EDGE_CURVE ( 'NONE', #2929, #1818, #3579, .T. ) ;
#4 = LINE ( 'NONE', #2555, #2215 ) ;
#5 = VECTOR ( 'NONE', #3633, 1000.000000000000000 ) ;
#6 = ORIENTED_EDGE ( 'NONE', *, *, #2687, .F. ) ;
#7 = AXIS2_PLACEMENT_3D ( 'NONE', #108, #1835, #2990 ) ;
#8 = CARTESIAN_POINT ( 'NONE',  ( 117.7227911376949976, 106.2732944488989943, 21.39736461635580156 ) ) ;
#9 = EDGE_CURVE ( 'NONE', #2591, #1620, #2008, .T. ) ;
#10 = VERTEX_POINT ( 'NONE', #1033 ) ;
#11 = CARTESIAN_POINT ( 'NONE',  ( 74.51279113769530227, 103.4956226349320048, 22.95279979699569850 ) ) ;
#12 = ORIENTED_EDGE ( 'NONE', *, *, #2086, .T. ) ;
#13 = FACE_OUTER_BOUND ( 'NONE', #573, .T. ) ;
#14 = CARTESIAN_POINT ( 'NONE',  ( 111.7809210205080035, 101.7866973876950141, 5.395953178405759942 ) ) ;
#15 = VERTEX_POINT ( 'NONE', #802 ) ;
#16 = LINE ( 'NONE', #1093, #3113 ) ;
#17 = VERTEX_POINT ( 'NONE', #2572 ) ;
#18 = DIRECTION ( 'NONE',  ( 1.000000000000000000, 0.000000000000000000, 0.000000000000000000 ) ) ;
#19 = LINE ( 'NONE', #241, #2289 ) ;
#20 = VECTOR ( 'NONE', #2444, 1000.000000000000000 ) ;
#21 = LINE ( 'NONE', #563, #3394 ) ;
#22 = DIRECTION ( 'NONE',  ( 1.000000000000000000, 0.000000000000000000, 0.000000000000000000 ) ) ;
#23 = LINE ( 'NONE', #608, #653 ) ;
#24 = VECTOR ( 'NONE', #903, 1000.000000000000000 ) ;
#25 = EDGE_CURVE ( 'NONE', #198, #3035, #586, .T. ) ;
#26 = ORIENTED_EDGE ( 'NONE', *, *, #2054, .F. ) ;
#27 = VECTOR ( 'NONE', #497, 1000.000000000000114 ) ;
#28 = CARTESIAN_POINT ( 'NONE',  ( 74.51279113769530227, 108.7919330597279952, 17.84175968169499882 ) ) ;
#29 = EDGE_CURVE ( 'NONE', #2303, #3503, #562, .T. ) ;
#30 = VECTOR ( 'NONE', #3450, 1000.000000000000000 ) ;
#31 = ORIENTED_EDGE ( 'NONE', *, *, #3632, .T. ) ;
#32 = PLANE ( 'NONE',  #240 ) ;
#33 = ORIENTED_EDGE ( 'NONE', *, *, #2851, .F. ) ;
#34 = CARTESIAN_POINT ( 'NONE',  ( 84.54118347167970171, 101.7866973876950141, 14.96409320828179190 ) ) ;
#35 = EDGE_CURVE ( 'NONE', #2183, #3278, #1155, .T. ) ;
#36 = DIRECTION ( 'NONE',  ( -0.7933548705567949888, 0.000000000000000000, -0.6087594347226259472 ) ) ;
#37 = VERTEX_POINT ( 'NONE', #3380 ) ;
#38 = DIRECTION ( 'NONE',  ( 0.4999999809210190493, 0.000000000000000000, 0.8660254147996930829 ) ) ;
#39 = ORIENTED_EDGE ( 'NONE', *, *, #1143, .T. ) ;
#40 = DIRECTION ( 'NONE',  ( -0.7742633737221441548, 0.000000000000000000, -0.6328635146004257805 ) ) ;
#41 = ORIENTED_EDGE ( 'NONE', *, *, #800, .T. ) ;
#42 = DIRECTION ( 'NONE',  ( 0.6087566003318519714, 0.000000000000000000, 0.7933570454419661688 ) ) ;
#43 = PLANE ( 'NONE',  #1053 ) ;
#44 = ORIENTED_EDGE ( 'NONE', *, *, #3448, .T. ) ;
#45 = LINE ( 'NONE', #2857, #2636 ) ;
#46 = ORIENTED_EDGE ( 'NONE', *, *, #992, .T. ) ;
#47 = DIRECTION ( 'NONE',  ( 0.000000000000000000, 1.000000000000000000, 0.000000000000000000 ) ) ;
#48 = EDGE_LOOP ( 'NONE', ( #896, #1530, #2764, #496 ) ) ;
#49 = DIRECTION ( 'NONE',  ( 0.000000000000000000, 0.000000000000000000, -1.000000000000000000 ) ) ;
#50 = EDGE_CURVE ( 'NONE', #1468, #1564, #263, .T. ) ;
#51 = LINE ( 'NONE', #618, #1990 ) ;
#52 = ORIENTED_EDGE ( 'NONE', *, *, #417, .T. ) ;
#53 = DIRECTION ( 'NONE',  ( -0.9914448304674222667, 0.000000000000000000, 0.1305264269771610197 ) ) ;
#54 = EDGE_CURVE ( 'NONE', #342, #1557, #282, .T. ) ;
#55 = VERTEX_POINT ( 'NONE', #818 ) ;
#56 = AXIS2_PLACEMENT_3D ( 'NONE', #168, #1305, #3624 ) ;
#57 = VECTOR ( 'NONE', #753, 1000.000000000000000 ) ;
#58 = CARTESIAN_POINT ( 'NONE',  ( 84.55343627929690342, 103.4866973876950027, 5.464101791381834161 ) ) ;
#59 = ADVANCED_FACE ( 'NONE', ( #3084 ), #541, .T. ) ;
#60 = DIRECTION ( 'NONE',  ( -0.7933548705567949888, 0.000000000000000000, 0.6087594347226259472 ) ) ;
#61 = VECTOR ( 'NONE', #3268, 1000.000000000000114 ) ;
#62 = VERTEX_POINT ( 'NONE', #2765 ) ;
#63 = CARTESIAN_POINT ( 'NONE',  ( 75.59343627929690967, 105.1757812500000000, 8.920721054077150214 ) ) ;
#64 = VECTOR ( 'NONE', #2356, 1000.000000000000114 ) ;
#65 = ORIENTED_EDGE ( 'NONE', *, *, #3448, .F. ) ;
#66 = CARTESIAN_POINT ( 'NONE',  ( 84.55343627929690342, 108.1757812500000000, 8.920721054077150214 ) ) ;
#67 = EDGE_LOOP ( 'NONE', ( #2671, #3002, #1112, #421 ) ) ;
#68 = ADVANCED_FACE ( 'NONE', ( #2230 ), #2488, .F. ) ;
#69 = VECTOR ( 'NONE', #2113, 1000.000000000000227 ) ;
#70 = LINE ( 'NONE', #2123, #2435 ) ;
#71 = DIRECTION ( 'NONE',  ( -0.000000000000000000, -0.000000000000000000, -1.000000000000000000 ) ) ;
#72 = VECTOR ( 'NONE', #3300, 1000.000000000000114 ) ;
#73 = VERTEX_POINT ( 'NONE', #3128 ) ;
#74 = CARTESIAN_POINT ( 'NONE',  ( 110.8843527221680034, 101.7866973876950141, 4.878314971923830790 ) ) ;
#75 = EDGE_CURVE ( 'NONE', #1161, #2360, #19, .T. ) ;
#76 = ORIENTED_EDGE ( 'NONE', *, *, #2207, .T. ) ;
#77 = DIRECTION ( 'NONE',  ( 0.000000000000000000, -1.000000000000000000, 0.000000000000000000 ) ) ;
#78 = CARTESIAN_POINT ( 'NONE',  ( 79.53579711914061079, 101.7866973876950141, 5.395953178405759942 ) ) ;
#79 = EDGE_CURVE ( 'NONE', #3480, #616, #218, .T. ) ;
#80 = ORIENTED_EDGE ( 'NONE', *, *, #1954, .F. ) ;
#81 = DIRECTION ( 'NONE',  ( 0.9914436174099583443, 0.000000000000000000, 0.1305356407156920695 ) ) ;
#82 = VECTOR ( 'NONE', #133, 1000.000000000000000 ) ;
#83 = VERTEX_POINT ( 'NONE', #3403 ) ;
#84 = LINE ( 'NONE', #2315, #2023 ) ;
#85 = EDGE_LOOP ( 'NONE', ( #1611, #1445, #2917, #1804 ) ) ;
#86 = AXIS2_PLACEMENT_3D ( 'NONE', #3584, #765, #3325 ) ;
#87 = CARTESIAN_POINT ( 'NONE',  ( 113.2985601806639977, 101.7866973876950141, 1.732050895690929959 ) ) ;
#88 = DIRECTION ( 'NONE',  ( -0.4999999809210191049, 0.000000000000000000, 0.8660254147996931939 ) ) ;
#89 = CLOSED_SHELL ( 'NONE', ( #3200, #3341, #2940 ) ) ;
#90 = ORIENTED_EDGE ( 'NONE', *, *, #2294, .F. ) ;
#91 = CARTESIAN_POINT ( 'NONE',  ( 74.51279113769530227, 102.7031497955689900, 22.43131923669040262 ) ) ;
#92 = ORIENTED_EDGE ( 'NONE', *, *, #3479, .T. ) ;
#93 = PLANE ( 'NONE',  #902 ) ;
#94 = CARTESIAN_POINT ( 'NONE',  ( 76.05343627929690342, 109.7866973876949999, 3.464101791381839934 ) ) ;
#95 = EDGE_CURVE ( 'NONE', #3360, #1522, #1415, .T. ) ;
#96 = DIRECTION ( 'NONE',  ( 1.000000000000000000, 0.000000000000000000, 0.000000000000000000 ) ) ;
#97 = EDGE_CURVE ( 'NONE', #342, #1463, #1631, .T. ) ;
#98 = ORIENTED_EDGE ( 'NONE', *, *, #2874, .F. ) ;
#99 = DIRECTION ( 'NONE',  ( 0.000000000000000000, -1.000000000000000000, 0.000000000000000000 ) ) ;
#100 = ORIENTED_EDGE ( 'NONE', *, *, #1283, .F. ) ;
#101 = PLANE ( 'NONE',  #2725 ) ;
#102 = EDGE_LOOP ( 'NONE', ( #2022, #3126, #3112, #3427 ) ) ;
#103 = DIRECTION ( 'NONE',  ( -0.1305212769253860094, 0.000000000000000000, -0.9914455084722340050 ) ) ;
#104 = DIRECTION ( 'NONE',  ( 0.000000000000000000, -1.000000000000000000, -7.401486830834380223E-16 ) ) ;
#105 = ORIENTED_EDGE ( 'NONE', *, *, #3406, .F. ) ;
#106 = LINE ( 'NONE', #2061, #1748 ) ;
#107 = ORIENTED_EDGE ( 'NONE', *, *, #3269, .T. ) ;
#108 = CARTESIAN_POINT ( 'NONE',  ( 107.7985601806639977, 110.8320770263670028, 10.13247299194340023 ) ) ;
#109 = EDGE_CURVE ( 'NONE', #3485, #228, #860, .T. ) ;
#110 = VECTOR ( 'NONE', #1597, 1000.000000000000000 ) ;
#111 = DIRECTION ( 'NONE',  ( 1.000000000000000000, 0.000000000000000000, 0.000000000000000000 ) ) ;
#112 = EDGE_CURVE ( 'NONE', #2776, #651, #2552, .T. ) ;
#113 = ORIENTED_EDGE ( 'NONE', *, *, #526, .T. ) ;
#114 = DIRECTION ( 'NONE',  ( -0.9238810309891090089, 0.000000000000000000, 0.3826798146995750161 ) ) ;
#115 = VERTEX_POINT ( 'NONE', #1398 ) ;
#116 = LINE ( 'NONE', #2139, #834 ) ;
#117 = CARTESIAN_POINT ( 'NONE',  ( 82.05343627929690342, 112.7866973876949999, 7.691850843369370460E-16 ) ) ;
#118 = VECTOR ( 'NONE', #2016, 1000.000000000000000 ) ;
#119 = LINE ( 'NONE', #155, #3526 ) ;
#120 = EDGE_CURVE ( 'NONE', #847, #17, #1652, .T. ) ;
#121 = VERTEX_POINT ( 'NONE', #1135 ) ;
#122 = VECTOR ( 'NONE', #2002, 1000.000000000000000 ) ;
#123 = DIRECTION ( 'NONE',  ( 0.000000000000000000, 1.000000000000000000, -9.992007221626410836E-16 ) ) ;
#124 = ORIENTED_EDGE ( 'NONE', *, *, #1083, .F. ) ;
#125 = VECTOR ( 'NONE', #1385, 1000.000000000000000 ) ;
#126 = DIRECTION ( 'NONE',  ( -0.6087657977601961257, 0.000000000000000000, -0.7933499880112131475 ) ) ;
#127 = ORIENTED_EDGE ( 'NONE', *, *, #9, .T. ) ;
#128 = DIRECTION ( 'NONE',  ( 0.4999999809210190493, -3.552713543236190488E-15, -0.8660254147996930829 ) ) ;
#129 = APPLICATION_PROTOCOL_DEFINITION ( 'draft international standard', 'automotive_design', 1998, #2021 ) ;
#130 = DIRECTION ( 'NONE',  ( 0.4999999809210190493, 0.000000000000000000, -0.8660254147996930829 ) ) ;
#131 = CARTESIAN_POINT ( 'NONE',  ( 117.7227911376949976, 102.1145420074760040, 21.66047573083089972 ) ) ;
#132 = VERTEX_POINT ( 'NONE', #304 ) ;
#133 = DIRECTION ( 'NONE',  ( 1.000000000000000000, 0.000000000000000000, 0.000000000000000000 ) ) ;
#134 = DIRECTION ( 'NONE',  ( -0.4999999809210190493, 0.000000000000000000, 0.8660254147996930829 ) ) ;
#135 = VECTOR ( 'NONE', #419, 1000.000000000000000 ) ;
#136 = LINE ( 'NONE', #2338, #1896 ) ;
#137 = CARTESIAN_POINT ( 'NONE',  ( 112.2985601806639977, 109.7866973876949999, 5.464101791381840378 ) ) ;
#138 = ADVANCED_FACE ( 'NONE', ( #1675 ), #3641, .T. ) ;
#139 = VECTOR ( 'NONE', #1987, 1000.000000000000227 ) ;
#140 = VERTEX_POINT ( 'NONE', #3660 ) ;
#141 = CARTESIAN_POINT ( 'NONE',  ( 110.3667135620120092, 101.7866973876950141, 3.981739997863770419 ) ) ;
#142 = VERTEX_POINT ( 'NONE', #2245 ) ;
#143 = ADVANCED_FACE ( 'NONE', ( #1964 ), #1689, .T. ) ;
#144 = VECTOR ( 'NONE', #3137, 1000.000000000000000 ) ;
#145 = DIRECTION ( 'NONE',  ( 0.1305212769253860094, 0.000000000000000000, 0.9914455084722340050 ) ) ;
#146 = ORIENTED_EDGE ( 'NONE', *, *, #109, .T. ) ;
#147 = VECTOR ( 'NONE', #3257, 1000.000000000000000 ) ;
#148 = LINE ( 'NONE', #705, #2727 ) ;
#149 = FACE_OUTER_BOUND ( 'NONE', #552, .T. ) ;
#150 = PLANE ( 'NONE',  #946 ) ;
#151 = CARTESIAN_POINT ( 'NONE',  ( 74.51279113769530227, 101.0301303863630125, 19.39532756799249924 ) ) ;
#152 = DIRECTION ( 'NONE',  ( 0.000000000000000000, -0.8800177800115869253, 0.4749407403702889385 ) ) ;
#153 = PLANE ( 'NONE',  #181 ) ;
#154 = CARTESIAN_POINT ( 'NONE',  ( 76.05343627929690342, 112.7866973876949999, 3.464101791381839934 ) ) ;
#155 = CARTESIAN_POINT ( 'NONE',  ( 74.51279113769530227, 102.1145420074760040, 21.66047573083089972 ) ) ;
#156 = ORIENTED_EDGE ( 'NONE', *, *, #433, .F. ) ;
#157 = PLANE ( 'NONE',  #495 ) ;
#158 = EDGE_CURVE ( 'NONE', #3593, #3352, #1090, .T. ) ;
#159 = ORIENTED_EDGE ( 'NONE', *, *, #1863, .T. ) ;
#160 = EDGE_CURVE ( 'NONE', #412, #1079, #3284, .T. ) ;
#161 = LINE ( 'NONE', #1872, #2383 ) ;
#162 = EDGE_LOOP ( 'NONE', ( #2393, #2221, #1488, #3148, #2945, #190, #2396, #991, #2882, #289, #649, #3338, #3614, #1049, #3105, #2225, #1942, #1474, #2013, #1517, #2504, #2206, #2388, #2115 ) ) ;
#163 = CARTESIAN_POINT ( 'NONE',  ( 107.7985601806639977, 103.4866973876950027, 5.464101791381848372 ) ) ;
#164 = EDGE_CURVE ( 'NONE', #2462, #738, #1709, .T. ) ;
#165 = CARTESIAN_POINT ( 'NONE',  ( 75.59343627929690967, 111.1757812500000142, 8.920721054077150214 ) ) ;
#166 = LINE ( 'NONE', #486, #3205 ) ;
#167 = DIRECTION ( 'NONE',  ( 0.6087566003318519714, 0.000000000000000000, -0.7933570454419661688 ) ) ;
#168 = CARTESIAN_POINT ( 'NONE',  ( 74.51279113769530227, 107.9337940216470031, 19.17189693449130061 ) ) ;
#169 = VECTOR ( 'NONE', #211, 1000.000000000000000 ) ;
#170 = DIRECTION ( 'NONE',  ( 0.000000000000000000, -0.9513215733865307833, 0.3082000389509639282 ) ) ;
#171 = FACE_OUTER_BOUND ( 'NONE', #938, .T. ) ;
#172 = LINE ( 'NONE', #2984, #2885 ) ;
#173 = EDGE_LOOP ( 'NONE', ( #1968, #3393, #1825, #1329, #3014, #663, #520, #2358, #3021, #2925, #1205, #1108, #1421, #2541, #686, #1650, #1627, #2619, #238, #1905, #1800, #3240, #2523, #358 ) ) ;
#174 = DIRECTION ( 'NONE',  ( 0.1305246315045859584, 0.000000000000000000, 0.9914450668446498360 ) ) ;
#175 = VERTEX_POINT ( 'NONE', #2843 ) ;
#176 = AXIS2_PLACEMENT_3D ( 'NONE', #1794, #3221, #405 ) ;
#177 = CIRCLE ( 'NONE', #1434, 3.000000000000002665 ) ;
#178 = ADVANCED_FACE ( 'NONE', ( #2223 ), #3611, .T. ) ;
#179 = ORIENTED_EDGE ( 'NONE', *, *, #3430, .F. ) ;
#180 = VECTOR ( 'NONE', #2673, 1000.000000000000000 ) ;
#181 = AXIS2_PLACEMENT_3D ( 'NONE', #3222, #187, #206 ) ;
#182 = ORIENTED_EDGE ( 'NONE', *, *, #158, .F. ) ;
#183 = EDGE_CURVE ( 'NONE', #836, #2577, #2566, .T. ) ;
#184 = DIRECTION ( 'NONE',  ( 0.000000000000000000, 1.000000000000000000, -7.771561172376100713E-16 ) ) ;
#185 = CARTESIAN_POINT ( 'NONE',  ( 84.55343627929690342, 107.7866973876949999, 14.96409320831483036 ) ) ;
#186 = CARTESIAN_POINT ( 'NONE',  ( 114.2304144287110006, 109.7866973876949999, 3.981739997863770419 ) ) ;
#187 = DIRECTION ( 'NONE',  ( 0.000000000000000000, 5.506064073066059802E-12, -1.000000000000000000 ) ) ;
#188 = DIRECTION ( 'NONE',  ( 1.000000000000000000, 0.000000000000000000, 0.000000000000000000 ) ) ;
#189 = FACE_OUTER_BOUND ( 'NONE', #885, .T. ) ;
#190 = ORIENTED_EDGE ( 'NONE', *, *, #2048, .T. ) ;
#191 = DIRECTION ( 'NONE',  ( -0.6087657977601961257, 0.000000000000000000, 0.7933499880112131475 ) ) ;
#192 = EDGE_LOOP ( 'NONE', ( #1085, #1499 ) ) ;
#193 = VECTOR ( 'NONE', #313, 1000.000000000000000 ) ;
#194 = EDGE_LOOP ( 'NONE', ( #2044, #2963, #1515, #2262 ) ) ;
#195 = ORIENTED_EDGE ( 'NONE', *, *, #1018, .T. ) ;
#196 = AXIS2_PLACEMENT_3D ( 'NONE', #375, #1505, #2077 ) ;
#197 = EDGE_LOOP ( 'NONE', ( #31, #1665, #3555, #316 ) ) ;
#198 = VERTEX_POINT ( 'NONE', #1348 ) ;
#199 = FACE_OUTER_BOUND ( 'NONE', #1297, .T. ) ;
#200 = EDGE_CURVE ( 'NONE', #3503, #2604, #578, .T. ) ;
#201 = CARTESIAN_POINT ( 'NONE',  ( 80.57107543945309658, 109.7866973876949999, 1.532249450683589975 ) ) ;
#202 = PLANE ( 'NONE',  #2182 ) ;
#203 = EDGE_CURVE ( 'NONE', #2705, #689, #2482, .T. ) ;
#204 = CARTESIAN_POINT ( 'NONE',  ( 75.55343627929690342, 112.7866973876949999, 13.46409320831300072 ) ) ;
#205 = ORIENTED_EDGE ( 'NONE', *, *, #3229, .T. ) ;
#206 = DIRECTION ( 'NONE',  ( -1.000000000000000000, 0.000000000000000000, 0.000000000000000000 ) ) ;
#207 = CARTESIAN_POINT ( 'NONE',  ( 84.55343627929690342, 112.7866973876949999, 13.46409320831300072 ) ) ;
#208 = SURFACE_SIDE_STYLE ('',( #1918 ) ) ;
#209 = EDGE_CURVE ( 'NONE', #1522, #2431, #2803, .T. ) ;
#210 = EDGE_LOOP ( 'NONE', ( #3313, #3439, #2836, #3653 ) ) ;
#211 = DIRECTION ( 'NONE',  ( 0.000000000000000000, 2.110926372141859940E-15, 1.000000000000000000 ) ) ;
#212 = ORIENTED_EDGE ( 'NONE', *, *, #1397, .F. ) ;
#213 = DIRECTION ( 'NONE',  ( 0.000000000000000000, 1.000000000000000000, 0.000000000000000000 ) ) ;
#214 = EDGE_LOOP ( 'NONE', ( #1766, #2351, #3461, #1234 ) ) ;
#215 = DIRECTION ( 'NONE',  ( 1.000000000000000000, 0.000000000000000000, 0.000000000000000000 ) ) ;
#216 = ORIENTED_EDGE ( 'NONE', *, *, #414, .F. ) ;
#217 = ORIENTED_EDGE ( 'NONE', *, *, #1362, .T. ) ;
#218 = LINE ( 'NONE', #3065, #2402 ) ;
#219 = CARTESIAN_POINT ( 'NONE',  ( 116.7985601806640119, 107.7866973876949999, 22.99834838098309930 ) ) ;
#220 = LINE ( 'NONE', #1655, #1508 ) ;
#221 = CARTESIAN_POINT ( 'NONE',  ( 78.12158203125000000, 109.7866973876949999, 3.981739997863770419 ) ) ;
#222 = EDGE_CURVE ( 'NONE', #3294, #1241, #1428, .T. ) ;
#223 = DIRECTION ( 'NONE',  ( 0.8660254147996931939, 0.000000000000000000, 0.4999999809210191049 ) ) ;
#224 = VECTOR ( 'NONE', #1995, 1000.000000000000000 ) ;
#225 = ORIENTED_EDGE ( 'NONE', *, *, #3181, .F. ) ;
#226 = DIRECTION ( 'NONE',  ( 0.000000000000000000, -0.4749407403702889385, -0.8800177800115869253 ) ) ;
#227 = DIRECTION ( 'NONE',  ( 1.000000000000000000, 0.000000000000000000, 0.000000000000000000 ) ) ;
#228 = VERTEX_POINT ( 'NONE', #234 ) ;
#229 = CARTESIAN_POINT ( 'NONE',  ( 110.2985601806639977, 109.7866973876949999, 3.464101791381839934 ) ) ;
#230 = ORIENTED_EDGE ( 'NONE', *, *, #1340, .F. ) ;
#231 = EDGE_CURVE ( 'NONE', #2604, #810, #277, .T. ) ;
#232 = CARTESIAN_POINT ( 'NONE',  ( 81.78548431396480112, 101.7866973876950141, 4.464101791381840378 ) ) ;
#233 = EDGE_CURVE ( 'NONE', #3535, #2639, #1409, .T. ) ;
#234 = CARTESIAN_POINT ( 'NONE',  ( 114.2304144287110006, 109.7866973876949999, 2.946463584899900123 ) ) ;
#235 = ORIENTED_EDGE ( 'NONE', *, *, #1120, .F. ) ;
#236 = VECTOR ( 'NONE', #467, 999.9999999999998863 ) ;
#237 = CARTESIAN_POINT ( 'NONE',  ( 110.2985601806639977, 109.7866973876949999, 3.464101791381839934 ) ) ;
#238 = ORIENTED_EDGE ( 'NONE', *, *, #2283, .F. ) ;
#239 = EDGE_LOOP ( 'NONE', ( #906, #1524, #2654, #2631 ) ) ;
#240 = AXIS2_PLACEMENT_3D ( 'NONE', #1146, #2908, #2632 ) ;
#241 = CARTESIAN_POINT ( 'NONE',  ( 116.7985601806640119, 101.7866973877392525, 14.96409320828179190 ) ) ;
#242 = VECTOR ( 'NONE', #1806, 1000.000000000000114 ) ;
#243 = DIRECTION ( 'NONE',  ( 0.9238788260947650155, 0.000000000000000000, 0.3826851378009850091 ) ) ;
#244 = FACE_OUTER_BOUND ( 'NONE', #197, .T. ) ;
#245 = AXIS2_PLACEMENT_3D ( 'NONE', #1732, #584, #622 ) ;
#246 = PLANE ( 'NONE',  #1243 ) ;
#247 = DIRECTION ( 'NONE',  ( 1.000000000000000000, 0.000000000000000000, 0.000000000000000000 ) ) ;
#248 = VERTEX_POINT ( 'NONE', #1128 ) ;
#249 = DIRECTION ( 'NONE',  ( 0.9238788260947646824, 0.000000000000000000, -0.3826851378009858418 ) ) ;
#250 = DIRECTION ( 'NONE',  ( 0.000000000000000000, 0.000000000000000000, 1.000000000000000000 ) ) ;
#251 = PLANE ( 'NONE',  #840 ) ;
#252 = EDGE_LOOP ( 'NONE', ( #1341, #3416, #1132, #3638 ) ) ;
#253 = CARTESIAN_POINT ( 'NONE',  ( 81.78548431396480112, 109.7866973876949999, 4.464101791381840378 ) ) ;
#254 = ORIENTED_EDGE ( 'NONE', *, *, #3542, .F. ) ;
#255 = CARTESIAN_POINT ( 'NONE',  ( 74.51279113769530227, 104.7243518829830009, 22.75322246546129890 ) ) ;
#256 = EDGE_CURVE ( 'NONE', #703, #3572, #1924, .T. ) ;
#257 = FACE_OUTER_BOUND ( 'NONE', #1347, .T. ) ;
#258 = ORIENTED_EDGE ( 'NONE', *, *, #3406, .T. ) ;
#259 = CARTESIAN_POINT ( 'NONE',  ( 112.8161993408200061, 109.7866973876949999, 5.395953178405759942 ) ) ;
#260 = EDGE_CURVE ( 'NONE', #3064, #3411, #2503, .T. ) ;
#261 = EDGE_LOOP ( 'NONE', ( #182, #619, #2570, #465, #1739, #920, #475, #1930, #2081, #888, #2707, #1095, #2264, #3117, #1809, #292, #2219, #671, #2827 ) ) ;
#262 = AXIS2_PLACEMENT_3D ( 'NONE', #1997, #81, #2352 ) ;
#263 = LINE ( 'NONE', #1099, #3116 ) ;
#264 = AXIS2_PLACEMENT_3D ( 'NONE', #1056, #1936, #3348 ) ;
#265 = CARTESIAN_POINT ( 'NONE',  ( 81.46765136718750000, 109.7866973876949999, 4.878314971923830790 ) ) ;
#266 = CARTESIAN_POINT ( 'NONE',  ( 80.57107543945309658, 109.7866973876949999, 5.395953178405759942 ) ) ;
#267 = AXIS2_PLACEMENT_3D ( 'NONE', #2357, #3484, #3153 ) ;
#268 = CARTESIAN_POINT ( 'NONE',  ( 0.000000000000000000, 0.000000000000000000, 0.000000000000000000 ) ) ;
#269 = LINE ( 'NONE', #1402, #2938 ) ;
#270 = EDGE_LOOP ( 'NONE', ( #517, #2629, #722, #3190 ) ) ;
#271 = CARTESIAN_POINT ( 'NONE',  ( 107.7985601806639977, 101.7866973876950141, 22.99834838098309930 ) ) ;
#272 = LINE ( 'NONE', #2540, #3212 ) ;
#273 = ORIENTED_EDGE ( 'NONE', *, *, #2395, .F. ) ;
#274 = CARTESIAN_POINT ( 'NONE',  ( 114.0306158447269951, 109.7866973876949999, 2.464101791381839934 ) ) ;
#275 = EDGE_LOOP ( 'NONE', ( #1199, #857, #590, #1226 ) ) ;
#276 = LINE ( 'NONE', #1180, #3619 ) ;
#277 = LINE ( 'NONE', #1149, #2592 ) ;
#278 = ORIENTED_EDGE ( 'NONE', *, *, #1784, .T. ) ;
#279 = CARTESIAN_POINT ( 'NONE',  ( 116.2985601806640119, 109.7866973876949999, 3.464101791381839934 ) ) ;
#280 = EDGE_CURVE ( 'NONE', #1520, #2303, #3122, .T. ) ;
#281 = ORIENTED_EDGE ( 'NONE', *, *, #3437, .T. ) ;
#282 = LINE ( 'NONE', #1715, #3645 ) ;
#283 = FACE_OUTER_BOUND ( 'NONE', #1253, .T. ) ;
#284 = CARTESIAN_POINT ( 'NONE',  ( 113.7127752685550064, 109.7866973876949999, 2.049888610839839753 ) ) ;
#285 = EDGE_CURVE ( 'NONE', #301, #3246, #3079, .T. ) ;
#286 = DIRECTION ( 'NONE',  ( 0.000000000000000000, 1.000000000000000000, 0.000000000000000000 ) ) ;
#287 = DIRECTION ( 'NONE',  ( 0.000000000000000000, 1.000000000000000000, 0.000000000000000000 ) ) ;
#288 = PRODUCT_DEFINITION_CONTEXT ( 'detailed design', #2021, 'design' ) ;
#289 = ORIENTED_EDGE ( 'NONE', *, *, #3312, .T. ) ;
#290 = DIRECTION ( 'NONE',  ( -0.9914455084722341160, 0.000000000000000000, 0.1305212769253860372 ) ) ;
#291 = DIRECTION ( 'NONE',  ( 0.000000000000000000, -0.7499561242442090991, -0.6614875748709151404 ) ) ;
#292 = ORIENTED_EDGE ( 'NONE', *, *, #1318, .F. ) ;
#293 = FACE_OUTER_BOUND ( 'NONE', #3145, .T. ) ;
#294 = ORIENTED_EDGE ( 'NONE', *, *, #2364, .F. ) ;
#295 = CARTESIAN_POINT ( 'NONE',  ( 84.55343627929690342, 103.4866973876950027, 0.000000000000000000 ) ) ;
#296 = DIRECTION ( 'NONE',  ( 0.000000000000000000, 1.000000000000000000, -2.220446049250309876E-16 ) ) ;
#297 = EDGE_CURVE ( 'NONE', #460, #1241, #814, .T. ) ;
#298 = ORIENTED_EDGE ( 'NONE', *, *, #3005, .T. ) ;
#299 = CARTESIAN_POINT ( 'NONE',  ( 112.8161993408200061, 101.7866973876950141, 1.532249450683589975 ) ) ;
#300 = AXIS2_PLACEMENT_3D ( 'NONE', #513, #1109, #3630 ) ;
#301 = VERTEX_POINT ( 'NONE', #1669 ) ;
#302 = ADVANCED_FACE ( 'NONE', ( #257 ), #1392, .T. ) ;
#303 = LINE ( 'NONE', #2886, #1374 ) ;
#304 = CARTESIAN_POINT ( 'NONE',  ( 78.12158203125000000, 101.7866973876950141, 2.946463584899900123 ) ) ;
#305 = VECTOR ( 'NONE', #3087, 1000.000000000000000 ) ;
#306 = DIRECTION ( 'NONE',  ( 1.000000000000000000, 0.000000000000000000, 0.000000000000000000 ) ) ;
#307 = EDGE_CURVE ( 'NONE', #1424, #3482, #2618, .T. ) ;
#308 = CARTESIAN_POINT ( 'NONE',  ( 116.7985601806640119, 112.7866973876949999, 13.46409320831300072 ) ) ;
#309 = VECTOR ( 'NONE', #3483, 1000.000000000000000 ) ;
#310 = EDGE_CURVE ( 'NONE', #17, #2760, #682, .T. ) ;
#311 = VERTEX_POINT ( 'NONE', #2864 ) ;
#312 = VECTOR ( 'NONE', #672, 1000.000000000000000 ) ;
#313 = DIRECTION ( 'NONE',  ( -1.000000000000000000, 0.000000000000000000, 7.894919286223340877E-16 ) ) ;
#314 = VERTEX_POINT ( 'NONE', #1743 ) ;
#315 = CARTESIAN_POINT ( 'NONE',  ( 78.32138824462889204, 109.7866973876949999, 2.464101791381839934 ) ) ;
#316 = ORIENTED_EDGE ( 'NONE', *, *, #2140, .F. ) ;
#317 = DIRECTION ( 'NONE',  ( 1.000000000000000000, 0.000000000000000000, 0.000000000000000000 ) ) ;
#318 = DIRECTION ( 'NONE',  ( 0.000000000000000000, -0.7071067811904441225, 0.7071067811826510230 ) ) ;
#319 = EDGE_LOOP ( 'NONE', ( #2375, #3281, #1741, #3494, #533, #39 ) ) ;
#320 = LINE ( 'NONE', #395, #2584 ) ;
#321 = ORIENTED_EDGE ( 'NONE', *, *, #893, .T. ) ;
#322 = ADVANCED_FACE ( 'NONE', ( #392 ), #2059, .T. ) ;
#323 = FACE_OUTER_BOUND ( 'NONE', #1882, .T. ) ;
#324 = VECTOR ( 'NONE', #2405, 1000.000000000000114 ) ;
#325 = LINE ( 'NONE', #1173, #3267 ) ;
#326 = DIRECTION ( 'NONE',  ( 1.000000000000000000, 4.456311862731526850E-13, 0.000000000000000000 ) ) ;
#327 = DIRECTION ( 'NONE',  ( 0.000000000000000000, -1.000000000000000000, 0.000000000000000000 ) ) ;
#328 = VECTOR ( 'NONE', #1113, 1000.000000000000000 ) ;
#329 = EDGE_CURVE ( 'NONE', #2705, #447, #372, .T. ) ;
#330 = ORIENTED_EDGE ( 'NONE', *, *, #2406, .T. ) ;
#331 = VECTOR ( 'NONE', #1932, 1000.000000000000000 ) ;
#332 = LINE ( 'NONE', #3146, #193 ) ;
#333 = ADVANCED_FACE ( 'NONE', ( #1238, #3499 ), #2932, .F. ) ;
#334 = AXIS2_PLACEMENT_3D ( 'NONE', #1277, #1258, #699 ) ;
#335 = ORIENTED_EDGE ( 'NONE', *, *, #1971, .T. ) ;
#336 = CYLINDRICAL_SURFACE ( 'NONE', #3381, 3.000000000000002665 ) ;
#337 = ORIENTED_EDGE ( 'NONE', *, *, #420, .F. ) ;
#338 = DIRECTION ( 'NONE',  ( 0.000000000000000000, 0.000000000000000000, -1.000000000000000000 ) ) ;
#339 = DIRECTION ( 'NONE',  ( 0.000000000000000000, 1.000000000000000000, -2.220446049250309876E-16 ) ) ;
#340 = ORIENTED_EDGE ( 'NONE', *, *, #3458, .F. ) ;
#341 = CARTESIAN_POINT ( 'NONE',  ( 111.2985601806639977, 101.7866973876950141, 5.196151733398440165 ) ) ;
#342 = VERTEX_POINT ( 'NONE', #1204 ) ;
#343 = DIRECTION ( 'NONE',  ( -0.1305212769253860094, 0.000000000000000000, 0.9914455084722340050 ) ) ;
#344 = ORIENTED_EDGE ( 'NONE', *, *, #898, .F. ) ;
#345 = PLANE ( 'NONE',  #843 ) ;
#346 = LINE ( 'NONE', #2536, #761 ) ;
#347 = EDGE_CURVE ( 'NONE', #3019, #198, #2320, .T. ) ;
#348 = ORIENTED_EDGE ( 'NONE', *, *, #1958, .F. ) ;
#349 = FACE_OUTER_BOUND ( 'NONE', #754, .T. ) ;
#350 = ADVANCED_FACE ( 'NONE', ( #2094 ), #3469, .T. ) ;
#351 = ORIENTED_EDGE ( 'NONE', *, *, #2797, .T. ) ;
#352 = CARTESIAN_POINT ( 'NONE',  ( 79.05343627929688921, 101.7866973876950141, 1.732050895690909975 ) ) ;
#353 = ORIENTED_EDGE ( 'NONE', *, *, #970, .T. ) ;
#354 = DIRECTION ( 'NONE',  ( 0.3826798146995750161, 0.000000000000000000, -0.9238810309891090089 ) ) ;
#355 = LINE ( 'NONE', #667, #864 ) ;
#356 = VERTEX_POINT ( 'NONE', #1519 ) ;
#357 = DIRECTION ( 'NONE',  ( 0.000000000000000000, 0.000000000000000000, 1.000000000000000000 ) ) ;
#358 = ORIENTED_EDGE ( 'NONE', *, *, #2301, .F. ) ;
#359 = EDGE_CURVE ( 'NONE', #500, #1639, #955, .T. ) ;
#360 = CARTESIAN_POINT ( 'NONE',  ( 31.18759688431604360, 103.4866973876950027, -38.15580046067728404 ) ) ;
#361 = DIRECTION ( 'NONE',  ( -0.6087594347226259472, 0.000000000000000000, -0.7933548705567949888 ) ) ;
#362 = CARTESIAN_POINT ( 'NONE',  ( 75.55343627929690342, 110.1203045826810012, 11.36528501770969868 ) ) ;
#363 = VECTOR ( 'NONE', #2122, 1000.000000000000000 ) ;
#364 = ORIENTED_EDGE ( 'NONE', *, *, #779, .F. ) ;
#365 = CARTESIAN_POINT ( 'NONE',  ( 82.05343627929690342, 109.7866973876949999, 6.928203582763670987 ) ) ;
#366 = AXIS2_PLACEMENT_3D ( 'NONE', #3373, #2019, #2282 ) ;
#367 = ORIENTED_EDGE ( 'NONE', *, *, #1021, .T. ) ;
#368 = PLANE ( 'NONE',  #3497 ) ;
#369 = ORIENTED_EDGE ( 'NONE', *, *, #2231, .T. ) ;
#370 = VECTOR ( 'NONE', #1786, 1000.000000000000000 ) ;
#371 = DIRECTION ( 'NONE',  ( 1.000000000000000000, 0.000000000000000000, 0.000000000000000000 ) ) ;
#372 = LINE ( 'NONE', #936, #2698 ) ;
#373 = AXIS2_PLACEMENT_3D ( 'NONE', #221, #2211, #1379 ) ;
#374 = ORIENTED_EDGE ( 'NONE', *, *, #2018, .T. ) ;
#375 = CARTESIAN_POINT ( 'NONE',  ( 74.51279113769530227, 101.5590763092249915, 20.63125324242870207 ) ) ;
#376 = VERTEX_POINT ( 'NONE', #635 ) ;
#377 = EDGE_CURVE ( 'NONE', #37, #1719, #924, .T. ) ;
#378 = ADVANCED_FACE ( 'NONE', ( #1503 ), #1223, .T. ) ;
#379 = DIRECTION ( 'NONE',  ( -0.7933548705567949888, 0.000000000000000000, 0.6087594347226259472 ) ) ;
#380 = ORIENTED_EDGE ( 'NONE', *, *, #1931, .T. ) ;
#381 = LINE ( 'NONE', #1212, #1730 ) ;
#382 = DIRECTION ( 'NONE',  ( -0.1305212769253860094, 0.000000000000000000, 0.9914455084722340050 ) ) ;
#383 = ORIENTED_EDGE ( 'NONE', *, *, #2847, .F. ) ;
#384 = DIRECTION ( 'NONE',  ( 1.000000000000000000, 0.000000000000000000, 0.000000000000000000 ) ) ;
#385 = VECTOR ( 'NONE', #2996, 1000.000000000000000 ) ;
#386 = ORIENTED_EDGE ( 'NONE', *, *, #2414, .F. ) ;
#387 = FACE_OUTER_BOUND ( 'NONE', #2937, .T. ) ;
#388 = ORIENTED_EDGE ( 'NONE', *, *, #715, .T. ) ;
#389 = VECTOR ( 'NONE', #2043, 1000.000000000000000 ) ;
#390 = EDGE_CURVE ( 'NONE', #175, #2604, #3432, .T. ) ;
#391 = DIRECTION ( 'NONE',  ( 0.9914450668446497250, 0.000000000000000000, -0.1305246315045859307 ) ) ;
#392 = FACE_OUTER_BOUND ( 'NONE', #971, .T. ) ;
#393 = EDGE_LOOP ( 'NONE', ( #2694, #592, #883, #6 ) ) ;
#394 = EDGE_CURVE ( 'NONE', #1161, #3354, #2653, .T. ) ;
#395 = CARTESIAN_POINT ( 'NONE',  ( 114.2304144287110006, 101.7866973876950141, 3.981739997863770419 ) ) ;
#396 = ORIENTED_EDGE ( 'NONE', *, *, #448, .T. ) ;
#397 = ADVANCED_FACE ( 'NONE', ( #1764 ), #1471, .F. ) ;
#398 = LINE ( 'NONE', #1523, #777 ) ;
#399 = ORIENTED_EDGE ( 'NONE', *, *, #1491, .F. ) ;
#400 = DIRECTION ( 'NONE',  ( 1.000000000000000000, 0.000000000000000000, 0.000000000000000000 ) ) ;
#401 = EDGE_CURVE ( 'NONE', #1620, #2661, #51, .T. ) ;
#402 = ORIENTED_EDGE ( 'NONE', *, *, #438, .F. ) ;
#403 = LINE ( 'NONE', #151, #3639 ) ;
#404 = ORIENTED_EDGE ( 'NONE', *, *, #978, .F. ) ;
#405 = DIRECTION ( 'NONE',  ( 0.000000000000000000, -1.000000000000000000, 0.000000000000000000 ) ) ;
#406 = LINE ( 'NONE', #2910, #1191 ) ;
#407 = DIRECTION ( 'NONE',  ( 1.000000000000000000, 0.000000000000000000, 0.000000000000000000 ) ) ;
#408 = ORIENTED_EDGE ( 'NONE', *, *, #2111, .F. ) ;
#409 = DIRECTION ( 'NONE',  ( 0.000000000000000000, -0.9758691166600795830, -0.2183562848856789029 ) ) ;
#410 = ORIENTED_EDGE ( 'NONE', *, *, #3251, .F. ) ;
#411 = DIRECTION ( 'NONE',  ( 0.7933499880112131475, 0.000000000000000000, -0.6087657977601962367 ) ) ;
#412 = VERTEX_POINT ( 'NONE', #2896 ) ;
#413 = CARTESIAN_POINT ( 'NONE',  ( 114.2304144287110006, 101.7866973876950141, 3.981739997863770419 ) ) ;
#414 = EDGE_CURVE ( 'NONE', #1221, #115, #355, .T. ) ;
#415 = DIRECTION ( 'NONE',  ( 0.000000000000000000, -1.000000000000000000, 0.000000000000000000 ) ) ;
#416 = FACE_OUTER_BOUND ( 'NONE', #275, .T. ) ;
#417 = EDGE_CURVE ( 'NONE', #1486, #248, #3551, .T. ) ;
#418 = VERTEX_POINT ( 'NONE', #735 ) ;
#419 = DIRECTION ( 'NONE',  ( -0.6087566003318541918, 0.000000000000000000, 0.7933570454419643925 ) ) ;
#420 = EDGE_CURVE ( 'NONE', #2543, #2312, #1850, .T. ) ;
#421 = ORIENTED_EDGE ( 'NONE', *, *, #164, .F. ) ;
#422 = LINE ( 'NONE', #1005, #2617 ) ;
#423 = LINE ( 'NONE', #87, #3501 ) ;
#424 = VECTOR ( 'NONE', #1480, 1000.000000000000000 ) ;
#425 = CARTESIAN_POINT ( 'NONE',  ( 82.05343627929690342, 112.7866973876949999, 1.609823383588279943E-15 ) ) ;
#426 = ORIENTED_EDGE ( 'NONE', *, *, #297, .T. ) ;
#427 = LINE ( 'NONE', #3519, #680 ) ;
#428 = VERTEX_POINT ( 'NONE', #1553 ) ;
#429 = AXIS2_PLACEMENT_3D ( 'NONE', #639, #77, #1490 ) ;
#430 = CARTESIAN_POINT ( 'NONE',  ( 117.7227911376949976, 104.3597812653059975, 22.91554927820239840 ) ) ;
#431 = ORIENTED_EDGE ( 'NONE', *, *, #1465, .F. ) ;
#432 = CARTESIAN_POINT ( 'NONE',  ( 74.51279113769530227, 103.0119571686189914, 22.70369815819989867 ) ) ;
#433 = EDGE_CURVE ( 'NONE', #3169, #2321, #1585, .T. ) ;
#434 = PLANE ( 'NONE',  #2795 ) ;
#435 = LINE ( 'NONE', #1875, #1130 ) ;
#436 = ORIENTED_EDGE ( 'NONE', *, *, #2159, .F. ) ;
#437 = PLANE ( 'NONE',  #733 ) ;
#438 = EDGE_CURVE ( 'NONE', #1023, #1292, #172, .T. ) ;
#439 = CARTESIAN_POINT ( 'NONE',  ( 114.2304144287110006, 109.7866973876949999, 3.981739997863770419 ) ) ;
#440 = AXIS2_PLACEMENT_3D ( 'NONE', #3462, #2052, #2597 ) ;
#441 = DIRECTION ( 'NONE',  ( 0.000000000000000000, 1.000000000000000000, 0.000000000000000000 ) ) ;
#442 = ADVANCED_FACE ( 'NONE', ( #474 ), #2143, .T. ) ;
#443 = CARTESIAN_POINT ( 'NONE',  ( 116.7985601806640119, 112.7866973876949999, 0.000000000000000000 ) ) ;
#444 = AXIS2_PLACEMENT_3D ( 'NONE', #2263, #215, #1350 ) ;
#445 = VERTEX_POINT ( 'NONE', #3000 ) ;
#446 = CARTESIAN_POINT ( 'NONE',  ( 107.7985601806639977, 112.7866973876949999, 13.46409320831300072 ) ) ;
#447 = VERTEX_POINT ( 'NONE', #2737 ) ;
#448 = EDGE_CURVE ( 'NONE', #3487, #2097, #119, .T. ) ;
#449 = VECTOR ( 'NONE', #1647, 1000.000000000000000 ) ;
#450 = CARTESIAN_POINT ( 'NONE',  ( 117.7227911376949976, 103.6627063751670050, 22.99018573754839778 ) ) ;
#451 = LINE ( 'NONE', #2779, #1133 ) ;
#452 = CARTESIAN_POINT ( 'NONE',  ( 114.0306158447269951, 109.7866973876949999, 4.464101791381840378 ) ) ;
#453 = CARTESIAN_POINT ( 'NONE',  ( 81.46765136718750000, 101.7866973876950141, 2.049888610839849967 ) ) ;
#454 = CARTESIAN_POINT ( 'NONE',  ( 114.2985601806640119, 109.7866973876949999, 0.000000000000000000 ) ) ;
#455 = CARTESIAN_POINT ( 'NONE',  ( 116.2985601806640119, 112.7866973876949999, 3.464101791381839934 ) ) ;
#456 = FACE_OUTER_BOUND ( 'NONE', #3477, .T. ) ;
#457 = FACE_OUTER_BOUND ( 'NONE', #877, .T. ) ;
#458 = EDGE_CURVE ( 'NONE', #836, #1221, #1815, .T. ) ;
#459 = PLANE ( 'NONE',  #1153 ) ;
#460 = VERTEX_POINT ( 'NONE', #137 ) ;
#461 = DIRECTION ( 'NONE',  ( -0.7933548705567949888, 0.000000000000000000, 0.6087594347226259472 ) ) ;
#462 = ORIENTED_EDGE ( 'NONE', *, *, #233, .T. ) ;
#463 = DIRECTION ( 'NONE',  ( -0.1305264269771610475, 0.000000000000000000, -0.9914448304674223778 ) ) ;
#464 = EDGE_CURVE ( 'NONE', #1586, #770, #801, .T. ) ;
#465 = ORIENTED_EDGE ( 'NONE', *, *, #630, .F. ) ;
#466 = CARTESIAN_POINT ( 'NONE',  ( 117.7227911376949976, 104.7243518829830009, 22.75322246546129890 ) ) ;
#467 = DIRECTION ( 'NONE',  ( 0.6087566003318519714, 0.000000000000000000, 0.7933570454419661688 ) ) ;
#468 = PLANE ( 'NONE',  #494 ) ;
#469 = CARTESIAN_POINT ( 'NONE',  ( 117.7227911376949976, 110.5361061096449902, 14.96409320833000045 ) ) ;
#470 = UNCERTAINTY_MEASURE_WITH_UNIT (LENGTH_MEASURE( 1.000000000000000082E-05 ), #826, 'distance_accuracy_value', 'NONE');
#471 = CARTESIAN_POINT ( 'NONE',  ( 82.05343627929690342, 101.7866973876950141, 3.464101791381830164 ) ) ;
#472 = ORIENTED_EDGE ( 'NONE', *, *, #3211, .F. ) ;
#473 = CARTESIAN_POINT ( 'NONE',  ( 113.2985601806639977, 109.7866973876949999, 1.732050895690919967 ) ) ;
#474 = FACE_OUTER_BOUND ( 'NONE', #1760, .T. ) ;
#475 = ORIENTED_EDGE ( 'NONE', *, *, #1228, .F. ) ;
#476 = CARTESIAN_POINT ( 'NONE',  ( 114.2985601806640119, 112.7866973876949999, 6.928203582763670987 ) ) ;
#477 = EDGE_LOOP ( 'NONE', ( #2120, #1281, #41, #3656 ) ) ;
#478 = VECTOR ( 'NONE', #184, 1000.000000000000000 ) ;
#479 = VECTOR ( 'NONE', #907, 1000.000000000000114 ) ;
#480 = VERTEX_POINT ( 'NONE', #718 ) ;
#481 = EDGE_CURVE ( 'NONE', #2239, #1124, #1570, .T. ) ;
#482 = ORIENTED_EDGE ( 'NONE', *, *, #930, .F. ) ;
#483 = AXIS2_PLACEMENT_3D ( 'NONE', #452, #1302, #1594 ) ;
#484 = EDGE_CURVE ( 'NONE', #1790, #1486, #3293, .T. ) ;
#485 = ORIENTED_EDGE ( 'NONE', *, *, #1382, .F. ) ;
#486 = CARTESIAN_POINT ( 'NONE',  ( 78.05343627929690342, 101.7866973876950141, 3.464101791381839934 ) ) ;
#487 = FACE_OUTER_BOUND ( 'NONE', #1231, .T. ) ;
#488 = CARTESIAN_POINT ( 'NONE',  ( 107.7985601806639977, 103.4866973876950027, 10.96409320826384359 ) ) ;
#489 = LINE ( 'NONE', #3071, #915 ) ;
#490 = PLANE ( 'NONE',  #3320 ) ;
#491 = ORIENTED_EDGE ( 'NONE', *, *, #1771, .F. ) ;
#492 = CARTESIAN_POINT ( 'NONE',  ( 82.05343627929690342, 110.4185193369179956, 6.928203582763670987 ) ) ;
#493 = EDGE_LOOP ( 'NONE', ( #1412, #1239, #404, #3433 ) ) ;
#494 = AXIS2_PLACEMENT_3D ( 'NONE', #3010, #2981, #1826 ) ;
#495 = AXIS2_PLACEMENT_3D ( 'NONE', #2446, #1280, #2739 ) ;
#496 = ORIENTED_EDGE ( 'NONE', *, *, #448, .F. ) ;
#497 = DIRECTION ( 'NONE',  ( 0.6542513732184972453, -0.5347687073097149302, -0.5347687073156086601 ) ) ;
#498 = VERTEX_POINT ( 'NONE', #425 ) ;
#499 = VECTOR ( 'NONE', #1473, 1000.000000000000114 ) ;
#500 = VERTEX_POINT ( 'NONE', #3534 ) ;
#501 = EDGE_CURVE ( 'NONE', #55, #963, #2718, .T. ) ;
#502 = VECTOR ( 'NONE', #3634, 999.9999999999998863 ) ;
#503 = DIRECTION ( 'NONE',  ( 0.000000000000000000, -0.8614417473514212054, -0.5078563930090180811 ) ) ;
#504 = FACE_OUTER_BOUND ( 'NONE', #1201, .T. ) ;
#505 = CARTESIAN_POINT ( 'NONE',  ( 75.55343627929690342, 107.7866973877009968, 22.99834838098309930 ) ) ;
#506 = DIRECTION ( 'NONE',  ( 0.000000000000000000, 1.000000000000000000, 0.000000000000000000 ) ) ;
#507 = DIRECTION ( 'NONE',  ( 0.6087605843998431521, 0.000000000000000000, 0.7933539883817070093 ) ) ;
#508 = EDGE_CURVE ( 'NONE', #1171, #3054, #1310, .T. ) ;
#509 = ORIENTED_EDGE ( 'NONE', *, *, #3640, .T. ) ;
#510 = DIRECTION ( 'NONE',  ( 0.000000000000000000, 1.000000000000000000, 0.000000000000000000 ) ) ;
#511 = DIRECTION ( 'NONE',  ( 0.000000000000000000, -0.3436828289811919013, -0.9390857857850286594 ) ) ;
#512 = ORIENTED_EDGE ( 'NONE', *, *, #1390, .T. ) ;
#513 = CARTESIAN_POINT ( 'NONE',  ( 107.7985601806639977, 110.5573577880859943, 10.79572105407710048 ) ) ;
#514 = ORIENTED_EDGE ( 'NONE', *, *, #307, .F. ) ;
#515 = DIRECTION ( 'NONE',  ( 0.3826922874341510683, 0.000000000000000000, 0.9238758645718682105 ) ) ;
#516 = DIRECTION ( 'NONE',  ( 0.000000000000000000, -0.5421206122233328539, 0.8403006853517368535 ) ) ;
#517 = ORIENTED_EDGE ( 'NONE', *, *, #607, .T. ) ;
#518 = CARTESIAN_POINT ( 'NONE',  ( 112.8161993408200061, 101.7866973876950141, 5.395953178405759942 ) ) ;
#519 = ORIENTED_EDGE ( 'NONE', *, *, #2308, .T. ) ;
#520 = ORIENTED_EDGE ( 'NONE', *, *, #2683, .F. ) ;
#521 = DIRECTION ( 'NONE',  ( 0.000000000000000000, 1.000000000000000000, 9.436895709313830594E-16 ) ) ;
#522 = CARTESIAN_POINT ( 'NONE',  ( 74.51279113769530227, 101.5590763092249915, 20.63125324242870207 ) ) ;
#523 = DIRECTION ( 'NONE',  ( 0.3826922874341510683, 0.000000000000000000, -0.9238758645718682105 ) ) ;
#524 = DIRECTION ( 'NONE',  ( 0.3826851378009850091, 0.000000000000000000, 0.9238788260947650155 ) ) ;
#525 = DIRECTION ( 'NONE',  ( 0.000000000000000000, -1.000000000000000000, 0.000000000000000000 ) ) ;
#526 = EDGE_CURVE ( 'NONE', #633, #2743, #2704, .T. ) ;
#527 = VERTEX_POINT ( 'NONE', #2108 ) ;
#528 = CARTESIAN_POINT ( 'NONE',  ( 74.51279113769530227, 108.7919330597279952, 17.84175968169499882 ) ) ;
#529 = LINE ( 'NONE', #2477, #3405 ) ;
#530 = EDGE_CURVE ( 'NONE', #2180, #3218, #1008, .T. ) ;
#531 = VERTEX_POINT ( 'NONE', #1867 ) ;
#532 = FACE_OUTER_BOUND ( 'NONE', #192, .T. ) ;
#533 = ORIENTED_EDGE ( 'NONE', *, *, #995, .F. ) ;
#534 = CARTESIAN_POINT ( 'NONE',  ( 117.7227911376949976, 105.4820880890380010, 22.20573520655729993 ) ) ;
#535 = CARTESIAN_POINT ( 'NONE',  ( 116.7985601806640119, 108.1757812500000000, 8.920721054077150214 ) ) ;
#536 = ORIENTED_EDGE ( 'NONE', *, *, #1262, .T. ) ;
#537 = AXIS2_PLACEMENT_3D ( 'NONE', #219, #1075, #326 ) ;
#538 = FACE_OUTER_BOUND ( 'NONE', #1691, .T. ) ;
#539 = EDGE_LOOP ( 'NONE', ( #1169, #1590 ) ) ;
#540 = VECTOR ( 'NONE', #935, 1000.000000000000000 ) ;
#541 = PLANE ( 'NONE',  #2156 ) ;
#542 = AXIS2_PLACEMENT_3D ( 'NONE', #1895, #3603, #1917 ) ;
#543 = ADVANCED_FACE ( 'NONE', ( #3588 ), #459, .T. ) ;
#544 = CARTESIAN_POINT ( 'NONE',  ( 84.55343627929690342, 107.7866973876949999, 22.99834838098309930 ) ) ;
#545 = CARTESIAN_POINT ( 'NONE',  ( 84.55343627929690342, 107.7866973876949999, 14.96409320831483036 ) ) ;
#546 = APPLICATION_PROTOCOL_DEFINITION ( 'draft international standard', 'automotive_design', 1998, #3160 ) ;
#547 = CARTESIAN_POINT ( 'NONE',  ( 111.7809210205080035, 101.7866973876950141, 1.532249450683600189 ) ) ;
#548 = EDGE_LOOP ( 'NONE', ( #348, #1645, #3167, #3201 ) ) ;
#549 = CARTESIAN_POINT ( 'NONE',  ( 107.7985601806639977, 107.7866973877352308, 14.96409320831483036 ) ) ;
#550 = EDGE_CURVE ( 'NONE', #73, #2321, #3017, .T. ) ;
#551 = CARTESIAN_POINT ( 'NONE',  ( 84.55343627929690342, 103.4866973876950027, 10.96409320826384359 ) ) ;
#552 = EDGE_LOOP ( 'NONE', ( #2278, #321, #2244, #3597 ) ) ;
#553 = LINE ( 'NONE', #1684, #1123 ) ;
#554 = ORIENTED_EDGE ( 'NONE', *, *, #2177, .T. ) ;
#555 = CARTESIAN_POINT ( 'NONE',  ( 107.7985601806639977, 107.7866973876909924, 22.99834838098309930 ) ) ;
#556 = DIRECTION ( 'NONE',  ( 0.4999999809210190493, 0.000000000000000000, 0.8660254147996930829 ) ) ;
#557 = ORIENTED_EDGE ( 'NONE', *, *, #1931, .F. ) ;
#558 = DIRECTION ( 'NONE',  ( 0.000000000000000000, 1.000000000000000000, 0.000000000000000000 ) ) ;
#559 = ORIENTED_EDGE ( 'NONE', *, *, #3005, .F. ) ;
#560 = ADVANCED_FACE ( 'NONE', ( #189 ), #1534, .T. ) ;
#561 = AXIS2_PLACEMENT_3D ( 'NONE', #1498, #2630, #2889 ) ;
#562 = LINE ( 'NONE', #1696, #2755 ) ;
#563 = CARTESIAN_POINT ( 'NONE',  ( 78.12158203125000000, 101.7866973876950141, 3.981739997863760205 ) ) ;
#564 = CARTESIAN_POINT ( 'NONE',  ( 116.7863073730469949, 101.7866973876950141, 14.96409320828179190 ) ) ;
#565 = DIRECTION ( 'NONE',  ( 1.000000000000000000, -6.661338147750943282E-13, -3.667775465387587844E-24 ) ) ;
#566 = VECTOR ( 'NONE', #1992, 1000.000000000000000 ) ;
#567 = CARTESIAN_POINT ( 'NONE',  ( 111.7809210205080035, 109.7866973876949999, 5.395953178405759942 ) ) ;
#568 = DIRECTION ( 'NONE',  ( -1.000000000000000000, 0.000000000000000000, 7.894919286223340877E-16 ) ) ;
#569 = VERTEX_POINT ( 'NONE', #1940 ) ;
#570 = ORIENTED_CLOSED_SHELL ( 'NONE', *, #2459, .F. );
#571 = CARTESIAN_POINT ( 'NONE',  ( 108.2985601806639977, 112.7866973876949999, 3.464101791381839934 ) ) ;
#572 = DIRECTION ( 'NONE',  ( -0.9914455084722341160, 0.000000000000000000, -0.1305212769253860372 ) ) ;
#573 = EDGE_LOOP ( 'NONE', ( #2105, #2412, #462, #812, #623, #2899, #1897, #1274 ) ) ;
#574 = DIRECTION ( 'NONE',  ( -0.7933548705567949888, 0.000000000000000000, 0.6087594347226259472 ) ) ;
#575 = ORIENTED_EDGE ( 'NONE', *, *, #2331, .T. ) ;
#576 = EDGE_CURVE ( 'NONE', #301, #2000, #1404, .T. ) ;
#577 = LINE ( 'NONE', #295, #3089 ) ;
#578 = LINE ( 'NONE', #873, #798 ) ;
#579 = ORIENTED_EDGE ( 'NONE', *, *, #2054, .T. ) ;
#580 = CARTESIAN_POINT ( 'NONE',  ( 75.55343627929690342, 110.5573577880859943, 10.79572105407710048 ) ) ;
#581 = ORIENTED_EDGE ( 'NONE', *, *, #329, .F. ) ;
#582 = ADVANCED_FACE ( 'NONE', ( #3328 ), #3034, .T. ) ;
#583 = ADVANCED_FACE ( 'NONE', ( #1082 ), #787, .T. ) ;
#584 = DIRECTION ( 'NONE',  ( 0.000000000000000000, 0.000000000000000000, -1.000000000000000000 ) ) ;
#585 = BREP_WITH_VOIDS ( 'NONE', #2522, ( #1653, #2546, #1160, #570 ) );
#586 = LINE ( 'NONE', #2809, #1919 ) ;
#587 = CARTESIAN_POINT ( 'NONE',  ( 74.51279113769530227, 103.3315372467470041, 22.89210414880160371 ) ) ;
#588 = LINE ( 'NONE', #1716, #3443 ) ;
#589 = CARTESIAN_POINT ( 'NONE',  ( 110.3667135620120092, 109.7866973876949999, 3.981739997863770419 ) ) ;
#590 = ORIENTED_EDGE ( 'NONE', *, *, #2073, .T. ) ;
#591 = LINE ( 'NONE', #1162, #24 ) ;
#592 = ORIENTED_EDGE ( 'NONE', *, *, #2830, .T. ) ;
#593 = CARTESIAN_POINT ( 'NONE',  ( 80.05343627929690342, 109.7866973876949999, 5.464101791381840378 ) ) ;
#594 = ORIENTED_EDGE ( 'NONE', *, *, #688, .F. ) ;
#595 = EDGE_CURVE ( 'NONE', #3082, #2763, #2194, .T. ) ;
#596 = CARTESIAN_POINT ( 'NONE',  ( 113.2985601806639977, 109.7866973876949999, 5.196151733398440165 ) ) ;
#597 = CARTESIAN_POINT ( 'NONE',  ( 76.05343627929690342, 112.7866973876949999, 3.464101791381839934 ) ) ;
#598 = VECTOR ( 'NONE', #2887, 999.9999999999998863 ) ;
#599 = EDGE_LOOP ( 'NONE', ( #977, #1851, #281, #1609 ) ) ;
#600 = CARTESIAN_POINT ( 'NONE',  ( 107.7985601806639977, 108.1757812500000000, 9.420721054077150214 ) ) ;
#601 = ORIENTED_EDGE ( 'NONE', *, *, #3640, .F. ) ;
#602 = ADVANCED_FACE ( 'NONE', ( #3649 ), #1343, .T. ) ;
#603 = CARTESIAN_POINT ( 'NONE',  ( 111.2985601806639977, 101.7866973876950141, 1.732050895690929959 ) ) ;
#604 = ORIENTED_EDGE ( 'NONE', *, *, #1525, .T. ) ;
#605 = VECTOR ( 'NONE', #3168, 1000.000000000000000 ) ;
#606 = DIRECTION ( 'NONE',  ( 0.000000000000000000, 1.000000000000000000, 0.000000000000000000 ) ) ;
#607 = EDGE_CURVE ( 'NONE', #1726, #3099, #529, .T. ) ;
#608 = CARTESIAN_POINT ( 'NONE',  ( 80.57107543945309658, 109.7866973876949999, 1.532249450683589975 ) ) ;
#609 = VECTOR ( 'NONE', #515, 1000.000000000000227 ) ;
#610 = ADVANCED_FACE ( 'NONE', ( #3604 ), #1956, .T. ) ;
#611 = ORIENTED_EDGE ( 'NONE', *, *, #1000, .F. ) ;
#612 = AXIS2_PLACEMENT_3D ( 'NONE', #2401, #999, #3266 ) ;
#613 = DIRECTION ( 'NONE',  ( 0.8660254147996931939, 0.000000000000000000, -0.4999999809210191049 ) ) ;
#614 = ORIENTED_EDGE ( 'NONE', *, *, #2093, .T. ) ;
#615 = FACE_OUTER_BOUND ( 'NONE', #2549, .T. ) ;
#616 = VERTEX_POINT ( 'NONE', #571 ) ;
#617 = CARTESIAN_POINT ( 'NONE',  ( 75.55343627929690342, 108.1757812500000000, 8.920721054077150214 ) ) ;
#618 = CARTESIAN_POINT ( 'NONE',  ( 78.05343627929690342, 110.4185193369179956, 6.928203582763670987 ) ) ;
#619 = ORIENTED_EDGE ( 'NONE', *, *, #2317, .F. ) ;
#620 = DIRECTION ( 'NONE',  ( 0.000000000000000000, 1.000000000000000000, 0.000000000000000000 ) ) ;
#621 = VERTEX_POINT ( 'NONE', #1703 ) ;
#622 = DIRECTION ( 'NONE',  ( 0.000000000000000000, -1.000000000000000000, 0.000000000000000000 ) ) ;
#623 = ORIENTED_EDGE ( 'NONE', *, *, #2771, .F. ) ;
#624 = VECTOR ( 'NONE', #3287, 1000.000000000000227 ) ;
#625 = EDGE_CURVE ( 'NONE', #3485, #1520, #2236, .T. ) ;
#626 = VECTOR ( 'NONE', #3657, 1000.000000000000000 ) ;
#627 = EDGE_LOOP ( 'NONE', ( #2744, #917, #1141, #3198, #1363, #797 ) ) ;
#628 = AXIS2_PLACEMENT_3D ( 'NONE', #2603, #2635, #2373 ) ;
#629 = CARTESIAN_POINT ( 'NONE',  ( 81.05343627929690342, 101.7866973876950141, 1.732050895690929959 ) ) ;
#630 = EDGE_CURVE ( 'NONE', #2183, #2888, #1106, .T. ) ;
#631 = ORIENTED_EDGE ( 'NONE', *, *, #3493, .F. ) ;
#632 = CARTESIAN_POINT ( 'NONE',  ( 31.18759688431604360, 103.4866973876950027, -38.15580046067728404 ) ) ;
#633 = VERTEX_POINT ( 'NONE', #1682 ) ;
#634 = FACE_OUTER_BOUND ( 'NONE', #2507, .T. ) ;
#635 = CARTESIAN_POINT ( 'NONE',  ( 96.17599822998046477, 101.7866973876950141, 14.96409320826940004 ) ) ;
#636 = ORIENTED_EDGE ( 'NONE', *, *, #803, .F. ) ;
#637 = LINE ( 'NONE', #875, #2455 ) ;
#638 = ORIENTED_EDGE ( 'NONE', *, *, #2625, .F. ) ;
#639 = CARTESIAN_POINT ( 'NONE',  ( 84.05343627929690342, 112.7866973876949999, 3.464101791381839934 ) ) ;
#640 = EDGE_LOOP ( 'NONE', ( #2237, #2295, #26, #2615, #491, #124, #3080, #1681, #1959, #1097, #1606, #1555, #1063, #1044, #33, #2951, #1071, #3537, #2333, #1496, #611, #2078, #2785, #868 ) ) ;
#641 = FACE_OUTER_BOUND ( 'NONE', #1373, .T. ) ;
#642 = EDGE_CURVE ( 'NONE', #3378, #3164, #2818, .T. ) ;
#643 = VERTEX_POINT ( 'NONE', #1122 ) ;
#644 = CARTESIAN_POINT ( 'NONE',  ( 110.2985601806639977, 110.4185193369179956, 6.928203582763670987 ) ) ;
#645 = ORIENTED_EDGE ( 'NONE', *, *, #803, .T. ) ;
#646 = CARTESIAN_POINT ( 'NONE',  ( 112.2985601806639977, 109.7866973876949999, 1.464101791381839934 ) ) ;
#647 = ADVANCED_FACE ( 'NONE', ( #3131 ), #1478, .T. ) ;
#648 = CARTESIAN_POINT ( 'NONE',  ( 117.7227911376949976, 104.3597812653059975, 22.91554927820239840 ) ) ;
#649 = ORIENTED_EDGE ( 'NONE', *, *, #3047, .T. ) ;
#650 = DIRECTION ( 'NONE',  ( -1.776356839400250070E-15, 1.000000000000000000, 6.661338147750940229E-16 ) ) ;
#651 = VERTEX_POINT ( 'NONE', #3409 ) ;
#652 = AXIS2_PLACEMENT_3D ( 'NONE', #2969, #3245, #2426 ) ;
#653 = VECTOR ( 'NONE', #3384, 1000.000000000000000 ) ;
#654 = VECTOR ( 'NONE', #461, 1000.000000000000114 ) ;
#655 = DIRECTION ( 'NONE',  ( 0.000000000000000000, -1.000000000000000000, 0.000000000000000000 ) ) ;
#656 = LINE ( 'NONE', #2924, #1312 ) ;
#657 = AXIS2_PLACEMENT_3D ( 'NONE', #2979, #2680, #1303 ) ;
#658 = ORIENTED_EDGE ( 'NONE', *, *, #576, .T. ) ;
#659 = PLANE ( 'NONE',  #913 ) ;
#660 = VECTOR ( 'NONE', #2711, 1000.000000000000114 ) ;
#661 = VERTEX_POINT ( 'NONE', #1758 ) ;
#662 = CARTESIAN_POINT ( 'NONE',  ( 110.3667135620120092, 101.7866973876950141, 2.946463584899900123 ) ) ;
#663 = ORIENTED_EDGE ( 'NONE', *, *, #2053, .F. ) ;
#664 = VECTOR ( 'NONE', #2693, 1000.000000000000114 ) ;
#665 = CARTESIAN_POINT ( 'NONE',  ( 82.36421388989239745, 109.7866973876949999, 6.389920943971089784 ) ) ;
#666 = EDGE_CURVE ( 'NONE', #770, #1079, #1738, .T. ) ;
#667 = CARTESIAN_POINT ( 'NONE',  ( 81.05343627929690342, 101.7866973876950141, 5.196151733398449934 ) ) ;
#668 = VECTOR ( 'NONE', #3285, 1000.000000000000000 ) ;
#669 = ORIENTED_EDGE ( 'NONE', *, *, #3361, .T. ) ;
#670 = CARTESIAN_POINT ( 'NONE',  ( 113.2985601806639977, 109.7866973876949999, 1.732050895690919967 ) ) ;
#671 = ORIENTED_EDGE ( 'NONE', *, *, #256, .F. ) ;
#672 = DIRECTION ( 'NONE',  ( 1.000000000000000000, 0.000000000000000000, 0.000000000000000000 ) ) ;
#673 = ADVANCED_FACE ( 'NONE', ( #349 ), #3165, .F. ) ;
#674 = CARTESIAN_POINT ( 'NONE',  ( 80.05343627929690342, 109.7866973876949999, 1.464101791381839934 ) ) ;
#675 = ORIENTED_EDGE ( 'NONE', *, *, #484, .T. ) ;
#676 = LINE ( 'NONE', #1580, #3463 ) ;
#677 = VECTOR ( 'NONE', #3094, 999.9999999999998863 ) ;
#678 = ORIENTED_EDGE ( 'NONE', *, *, #914, .T. ) ;
#679 = DIRECTION ( 'NONE',  ( 0.7933539883817068983, 0.000000000000000000, -0.6087605843998430410 ) ) ;
#680 = VECTOR ( 'NONE', #409, 1000.000000000000227 ) ;
#681 = DIRECTION ( 'NONE',  ( -0.8660254147996931939, 0.000000000000000000, 0.4999999809210191049 ) ) ;
#682 = LINE ( 'NONE', #1168, #3053 ) ;
#683 = ORIENTED_EDGE ( 'NONE', *, *, #484, .F. ) ;
#684 = CARTESIAN_POINT ( 'NONE',  ( 111.7809210205080035, 109.7866973876949999, 1.532249450683589975 ) ) ;
#685 = EDGE_CURVE ( 'NONE', #2475, #2884, #3442, .T. ) ;
#686 = ORIENTED_EDGE ( 'NONE', *, *, #458, .F. ) ;
#687 = LINE ( 'NONE', #3006, #69 ) ;
#688 = EDGE_CURVE ( 'NONE', #2798, #1988, #1514, .T. ) ;
#689 = VERTEX_POINT ( 'NONE', #2872 ) ;
#690 = CARTESIAN_POINT ( 'NONE',  ( 78.12158203125000000, 109.7866973876949999, 3.981739997863770419 ) ) ;
#691 = EDGE_CURVE ( 'NONE', #3214, #1057, #332, .T. ) ;
#692 = PRODUCT_CONTEXT ( 'NONE', #3160, 'mechanical' ) ;
#693 = FACE_OUTER_BOUND ( 'NONE', #2516, .T. ) ;
#694 = ORIENTED_EDGE ( 'NONE', *, *, #2127, .F. ) ;
#695 = CARTESIAN_POINT ( 'NONE',  ( 81.46765136718750000, 101.7866973876950141, 4.878314971923830790 ) ) ;
#696 = ORIENTED_EDGE ( 'NONE', *, *, #2086, .F. ) ;
#697 = DIRECTION ( 'NONE',  ( -0.1305212769253860094, 0.000000000000000000, 0.9914455084722340050 ) ) ;
#698 = DIRECTION ( 'NONE',  ( 0.000000000000000000, -1.000000000000000000, -2.563950281123120035E-16 ) ) ;
#699 = DIRECTION ( 'NONE',  ( 0.000000000000000000, 1.000000000000000000, 0.000000000000000000 ) ) ;
#700 = ORIENTED_EDGE ( 'NONE', *, *, #960, .T. ) ;
#701 = CARTESIAN_POINT ( 'NONE',  ( 82.05343627929690342, 109.7866973876949999, 0.000000000000000000 ) ) ;
#702 = ADVANCED_FACE ( 'NONE', ( #1218, #1197 ), #2334, .F. ) ;
#703 = VERTEX_POINT ( 'NONE', #28 ) ;
#704 = LINE ( 'NONE', #742, #180 ) ;
#705 = CARTESIAN_POINT ( 'NONE',  ( 108.2985601806639977, 112.7866973876949999, 3.464101791381839934 ) ) ;
#706 = ADVANCED_FACE ( 'NONE', ( #2648 ), #2313, .T. ) ;
#707 = DIRECTION ( 'NONE',  ( 0.000000000000000000, 0.000000000000000000, 1.000000000000000000 ) ) ;
#708 = FACE_BOUND ( 'NONE', #1798, .T. ) ;
#709 = ADVANCED_FACE ( 'NONE', ( #3478 ), #1464, .T. ) ;
#710 = LINE ( 'NONE', #1287, #3556 ) ;
#711 = ORIENTED_EDGE ( 'NONE', *, *, #2709, .T. ) ;
#712 = CARTESIAN_POINT ( 'NONE',  ( 78.63922119140620737, 101.7866973876950141, 2.049888610839839753 ) ) ;
#713 = CIRCLE ( 'NONE', #1727, 3.000000000000002665 ) ;
#714 = FACE_OUTER_BOUND ( 'NONE', #3452, .T. ) ;
#715 = EDGE_CURVE ( 'NONE', #1546, #1375, #591, .T. ) ;
#716 = PLANE ( 'NONE',  #2791 ) ;
#717 = VECTOR ( 'NONE', #2544, 999.9999999999998863 ) ;
#718 = CARTESIAN_POINT ( 'NONE',  ( 114.2985601806640119, 112.7866973876949999, 0.000000000000000000 ) ) ;
#719 = ORIENTED_EDGE ( 'NONE', *, *, #2890, .T. ) ;
#720 = VECTOR ( 'NONE', #3265, 1000.000000000000000 ) ;
#721 = CARTESIAN_POINT ( 'NONE',  ( 84.05343627929690342, 112.7866973876949999, 3.464101791381839934 ) ) ;
#722 = ORIENTED_EDGE ( 'NONE', *, *, #25, .F. ) ;
#723 = VECTOR ( 'NONE', #2290, 1000.000000000000000 ) ;
#724 = CARTESIAN_POINT ( 'NONE',  ( 81.98529052734369316, 101.7866973876950141, 3.981739997863780189 ) ) ;
#725 = EDGE_LOOP ( 'NONE', ( #216, #1311, #1572, #1073 ) ) ;
#726 = CARTESIAN_POINT ( 'NONE',  ( 113.2985601806639977, 109.7866973876949999, 1.732050895690919967 ) ) ;
#727 = DIRECTION ( 'NONE',  ( -0.000000000000000000, 0.2224526363621350533, 0.9749434981451672311 ) ) ;
#728 = EDGE_CURVE ( 'NONE', #1768, #10, #1720, .T. ) ;
#729 = DIRECTION ( 'NONE',  ( 1.000000000000000000, 0.000000000000000000, 0.000000000000000000 ) ) ;
#730 = CARTESIAN_POINT ( 'NONE',  ( 82.05343627929690342, 109.7866973876949999, 3.464101791381839934 ) ) ;
#731 = LINE ( 'NONE', #2732, #2903 ) ;
#732 = DIRECTION ( 'NONE',  ( -0.9238810309891090089, 0.000000000000000000, -0.3826798146995750161 ) ) ;
#733 = AXIS2_PLACEMENT_3D ( 'NONE', #1288, #1250, #1860 ) ;
#734 = CARTESIAN_POINT ( 'NONE',  ( 78.05343627929690342, 109.7866973876949999, 0.000000000000000000 ) ) ;
#735 = CARTESIAN_POINT ( 'NONE',  ( 112.2985601806639977, 101.7866973876950141, 5.464101791381840378 ) ) ;
#736 = EDGE_CURVE ( 'NONE', #248, #2431, #45, .T. ) ;
#737 = VECTOR ( 'NONE', #1903, 1000.000000000000114 ) ;
#738 = VERTEX_POINT ( 'NONE', #2067 ) ;
#739 = DIRECTION ( 'NONE',  ( -0.7933548705568049808, 0.000000000000000000, -0.6087594347226128466 ) ) ;
#740 = VERTEX_POINT ( 'NONE', #1176 ) ;
#741 = AXIS2_PLACEMENT_3D ( 'NONE', #2302, #3206, #88 ) ;
#742 = CARTESIAN_POINT ( 'NONE',  ( 110.8843527221680034, 109.7866973876949999, 2.049888610839839753 ) ) ;
#743 = ORIENTED_EDGE ( 'NONE', *, *, #2687, .T. ) ;
#744 = CARTESIAN_POINT ( 'NONE',  ( 111.7809210205080035, 101.7866973876950141, 5.395953178405759942 ) ) ;
#745 = LINE ( 'NONE', #2151, #3147 ) ;
#746 = CARTESIAN_POINT ( 'NONE',  ( 79.05343627929688921, 101.7866973876950141, 5.196151733398440165 ) ) ;
#747 = CARTESIAN_POINT ( 'NONE',  ( 110.5665121459960005, 109.7866973876949999, 2.464101791381839934 ) ) ;
#748 = CARTESIAN_POINT ( 'NONE',  ( 78.63922119140620737, 109.7866973876949999, 2.049888610839839753 ) ) ;
#749 = DIRECTION ( 'NONE',  ( 0.000000000000000000, 1.000000000000000000, 0.000000000000000000 ) ) ;
#750 = DIRECTION ( 'NONE',  ( -0.6328635146004257805, 0.000000000000000000, -0.7742633737221441548 ) ) ;
#751 = ADVANCED_FACE ( 'NONE', ( #641 ), #3199, .T. ) ;
#752 = ORIENTED_EDGE ( 'NONE', *, *, #1140, .F. ) ;
#753 = DIRECTION ( 'NONE',  ( 0.000000000000000000, 1.000000000000000000, -1.665334536937729880E-16 ) ) ;
#754 = EDGE_LOOP ( 'NONE', ( #2076, #278, #1152 ) ) ;
#755 = ADVANCED_FACE ( 'NONE', ( #2906 ), #659, .T. ) ;
#756 = VERTEX_POINT ( 'NONE', #2578 ) ;
#757 = ORIENTED_EDGE ( 'NONE', *, *, #1657, .F. ) ;
#758 = DIRECTION ( 'NONE',  ( -0.000000000000000000, 1.000000000000000000, 0.000000000000000000 ) ) ;
#759 = VECTOR ( 'NONE', #976, 1000.000000000000000 ) ;
#760 = FACE_OUTER_BOUND ( 'NONE', #1745, .T. ) ;
#761 = VECTOR ( 'NONE', #1441, 1000.000000000000000 ) ;
#762 = DIRECTION ( 'NONE',  ( 0.6087657977601961257, 0.000000000000000000, 0.7933499880112131475 ) ) ;
#763 = CARTESIAN_POINT ( 'NONE',  ( 117.7227911376949976, 101.5590763092249915, 20.63125324242870207 ) ) ;
#764 = VECTOR ( 'NONE', #574, 1000.000000000000114 ) ;
#765 = DIRECTION ( 'NONE',  ( 1.000000000000000000, 0.000000000000000000, 0.000000000000000000 ) ) ;
#766 = LINE ( 'NONE', #2460, #1962 ) ;
#767 =( NAMED_UNIT ( * ) PLANE_ANGLE_UNIT ( ) SI_UNIT ( $, .RADIAN. ) );
#768 = ORIENTED_EDGE ( 'NONE', *, *, #3231, .F. ) ;
#769 = FACE_OUTER_BOUND ( 'NONE', #1365, .T. ) ;
#770 = VERTEX_POINT ( 'NONE', #1547 ) ;
#771 = AXIS2_PLACEMENT_3D ( 'NONE', #66, #1200, #2336 ) ;
#772 = EDGE_CURVE ( 'NONE', #1388, #2528, #2700, .T. ) ;
#773 = VECTOR ( 'NONE', #698, 1000.000000000000000 ) ;
#774 = ORIENTED_EDGE ( 'NONE', *, *, #1824, .F. ) ;
#775 = DIRECTION ( 'NONE',  ( 0.9914455084722341160, 0.000000000000000000, 0.1305212769253860372 ) ) ;
#776 = ORIENTED_EDGE ( 'NONE', *, *, #209, .T. ) ;
#777 = VECTOR ( 'NONE', #3263, 1000.000000000000114 ) ;
#778 = ORIENTED_EDGE ( 'NONE', *, *, #3297, .F. ) ;
#779 = EDGE_CURVE ( 'NONE', #376, #142, #676, .T. ) ;
#780 = CARTESIAN_POINT ( 'NONE',  ( 78.32138824462889204, 101.7866973876950141, 2.464101791381830164 ) ) ;
#781 = CARTESIAN_POINT ( 'NONE',  ( 74.51279113769530227, 99.53611373896720238, 14.96409320826940181 ) ) ;
#782 = CARTESIAN_POINT ( 'NONE',  ( 114.6093377912599891, 109.7866973876949999, 6.389920943971089784 ) ) ;
#783 = LINE ( 'NONE', #1581, #3018 ) ;
#784 = DIRECTION ( 'NONE',  ( 0.9238788260947650155, 0.000000000000000000, -0.3826851378009850091 ) ) ;
#785 = VERTEX_POINT ( 'NONE', #730 ) ;
#786 = CARTESIAN_POINT ( 'NONE',  ( 117.7227911376949976, 100.5210742950440022, 18.00437259668209933 ) ) ;
#787 = PLANE ( 'NONE',  #2212 ) ;
#788 = VERTEX_POINT ( 'NONE', #3239 ) ;
#789 = CARTESIAN_POINT ( 'NONE',  ( 114.0306158447269951, 101.7866973876950141, 4.464101791381830608 ) ) ;
#790 = ORIENTED_EDGE ( 'NONE', *, *, #1172, .T. ) ;
#791 = PRESENTATION_LAYER_ASSIGNMENT (  '', '', ( #3043 ) ) ;
#792 = LINE ( 'NONE', #1822, #837 ) ;
#793 = CARTESIAN_POINT ( 'NONE',  ( 75.55343627929690342, 101.7866973876950141, 0.000000000000000000 ) ) ;
#794 = VECTOR ( 'NONE', #2638, 1000.000000000000000 ) ;
#795 = ORIENTED_EDGE ( 'NONE', *, *, #160, .F. ) ;
#796 = CARTESIAN_POINT ( 'NONE',  ( 57.80734188288256092, 138.8482773489045030, 46.32567316986306594 ) ) ;
#797 = ORIENTED_EDGE ( 'NONE', *, *, #1440, .T. ) ;
#798 = VECTOR ( 'NONE', #2826, 999.9999999999998863 ) ;
#799 = ORIENTED_EDGE ( 'NONE', *, *, #3297, .T. ) ;
#800 = EDGE_CURVE ( 'NONE', #1549, #3670, #1304, .T. ) ;
#801 = CIRCLE ( 'NONE', #3349, 3.000000000000002665 ) ;
#802 = CARTESIAN_POINT ( 'NONE',  ( 111.2985601806639977, 101.7866973876950141, 1.732050895690919967 ) ) ;
#803 = EDGE_CURVE ( 'NONE', #3388, #3464, #1844, .T. ) ;
#804 = CARTESIAN_POINT ( 'NONE',  ( 84.55343627929690342, 112.7866973876949999, 4.440892098500630106E-16 ) ) ;
#805 = CARTESIAN_POINT ( 'NONE',  ( 113.7127752685550064, 101.7866973876950141, 4.878314971923830790 ) ) ;
#806 = FACE_OUTER_BOUND ( 'NONE', #851, .T. ) ;
#807 = LINE ( 'NONE', #1339, #2878 ) ;
#808 = ORIENTED_EDGE ( 'NONE', *, *, #29, .T. ) ;
#809 = CARTESIAN_POINT ( 'NONE',  ( 101.0697129464122810, 103.4866973876950027, 10.96409320826384537 ) ) ;
#810 = VERTEX_POINT ( 'NONE', #2366 ) ;
#811 = CARTESIAN_POINT ( 'NONE',  ( 114.2985601806640119, 112.7866973876949999, 6.928203582763670987 ) ) ;
#812 = ORIENTED_EDGE ( 'NONE', *, *, #2330, .T. ) ;
#813 = LINE ( 'NONE', #1299, #609 ) ;
#814 = LINE ( 'NONE', #1946, #2881 ) ;
#815 = ORIENTED_EDGE ( 'NONE', *, *, #3610, .F. ) ;
#816 = LINE ( 'NONE', #518, #1512 ) ;
#817 = EDGE_LOOP ( 'NONE', ( #2970, #866, #2468, #1629 ) ) ;
#818 = CARTESIAN_POINT ( 'NONE',  ( 116.7985601806640119, 112.7866973876949999, 2.220446049250309876E-16 ) ) ;
#819 = CARTESIAN_POINT ( 'NONE',  ( 79.53579711914061079, 109.7866973876949999, 1.532249450683589975 ) ) ;
#820 = ADVANCED_FACE ( 'NONE', ( #2682 ), #3219, .T. ) ;
#821 = CARTESIAN_POINT ( 'NONE',  ( 117.7227911376949976, 105.4820880890380010, 22.20573520655729993 ) ) ;
#822 =( NAMED_UNIT ( * ) SI_UNIT ( $, .STERADIAN. ) SOLID_ANGLE_UNIT ( ) );
#823 = CARTESIAN_POINT ( 'NONE',  ( 116.7985601806640119, 105.1757812500000000, 8.920721054077150214 ) ) ;
#824 = VECTOR ( 'NONE', #2854, 1000.000000000000000 ) ;
#825 = ORIENTED_EDGE ( 'NONE', *, *, #728, .F. ) ;
#826 =( LENGTH_UNIT ( ) NAMED_UNIT ( * ) SI_UNIT ( .MILLI., .METRE. ) );
#827 = ADVANCED_FACE ( 'NONE', ( #948 ), #437, .T. ) ;
#828 = ORIENTED_EDGE ( 'NONE', *, *, #2395, .T. ) ;
#829 = LINE ( 'NONE', #1062, #2554 ) ;
#830 = VERTEX_POINT ( 'NONE', #712 ) ;
#831 = PLANE ( 'NONE',  #1548 ) ;
#832 = CARTESIAN_POINT ( 'NONE',  ( 74.51279113769530227, 103.0119571686189914, 22.70369815819989867 ) ) ;
#833 = ORIENTED_EDGE ( 'NONE', *, *, #433, .T. ) ;
#834 = VECTOR ( 'NONE', #1254, 1000.000000000000114 ) ;
#835 = CARTESIAN_POINT ( 'NONE',  ( 116.7985601806640119, 110.5573577880859943, 10.79572105407719995 ) ) ;
#836 = VERTEX_POINT ( 'NONE', #695 ) ;
#837 = VECTOR ( 'NONE', #3333, 1000.000000000000000 ) ;
#838 = DIRECTION ( 'NONE',  ( 0.000000000000000000, -1.000000000000000000, -5.506064073066059802E-12 ) ) ;
#839 = PRODUCT_RELATED_PRODUCT_CATEGORY ( 'part', '', ( #1622 ) ) ;
#840 = AXIS2_PLACEMENT_3D ( 'NONE', #3095, #572, #382 ) ;
#841 = FACE_OUTER_BOUND ( 'NONE', #986, .T. ) ;
#842 = CARTESIAN_POINT ( 'NONE',  ( 114.0306158447269951, 101.7866973876950141, 2.464101791381830164 ) ) ;
#843 = AXIS2_PLACEMENT_3D ( 'NONE', #2332, #3179, #1770 ) ;
#844 = LINE ( 'NONE', #1420, #3606 ) ;
#845 = EDGE_CURVE ( 'NONE', #2929, #830, #2420, .T. ) ;
#846 = PLANE ( 'NONE',  #3517 ) ;
#847 = VERTEX_POINT ( 'NONE', #987 ) ;
#848 = CARTESIAN_POINT ( 'NONE',  ( 117.7227911376949976, 101.0301303863630125, 19.39532756799249924 ) ) ;
#849 = ORIENTED_EDGE ( 'NONE', *, *, #200, .F. ) ;
#850 = CARTESIAN_POINT ( 'NONE',  ( 74.51279113769530227, 103.6627063751670050, 22.99018573754839778 ) ) ;
#851 = EDGE_LOOP ( 'NONE', ( #2163, #1998, #2467, #294 ) ) ;
#852 = PLANE ( 'NONE',  #2322 ) ;
#853 = EDGE_CURVE ( 'NONE', #418, #3294, #2088, .T. ) ;
#854 = DIRECTION ( 'NONE',  ( -0.9914448304674222667, 0.000000000000000000, -0.1305264269771610197 ) ) ;
#855 = ORIENTED_EDGE ( 'NONE', *, *, #394, .T. ) ;
#856 = PLANE ( 'NONE',  #969 ) ;
#857 = ORIENTED_EDGE ( 'NONE', *, *, #1842, .T. ) ;
#858 = VECTOR ( 'NONE', #3364, 1000.000000000000114 ) ;
#859 = LINE ( 'NONE', #3420, #2329 ) ;
#860 = LINE ( 'NONE', #2850, #2047 ) ;
#861 = AXIS2_PLACEMENT_3D ( 'NONE', #3191, #892, #357 ) ;
#862 = CARTESIAN_POINT ( 'NONE',  ( 116.7985601806640119, 107.7866973876949999, 13.46409320831300072 ) ) ;
#863 = CARTESIAN_POINT ( 'NONE',  ( 45.85249920771785526, 103.4866973876950027, 56.09726253941909135 ) ) ;
#864 = VECTOR ( 'NONE', #2913, 1000.000000000000000 ) ;
#865 = DIRECTION ( 'NONE',  ( -1.776356839400250070E-15, 1.000000000000000000, -6.661338147750940229E-16 ) ) ;
#866 = ORIENTED_EDGE ( 'NONE', *, *, #928, .T. ) ;
#867 = DIRECTION ( 'NONE',  ( 0.000000000000000000, -0.000000000000000000, 1.000000000000000000 ) ) ;
#868 = ORIENTED_EDGE ( 'NONE', *, *, #2457, .F. ) ;
#869 = CARTESIAN_POINT ( 'NONE',  ( 78.05343627929690342, 101.7866973876950141, 3.464101791381839934 ) ) ;
#870 = ORIENTED_EDGE ( 'NONE', *, *, #3674, .F. ) ;
#871 = FACE_OUTER_BOUND ( 'NONE', #1608, .T. ) ;
#872 = ADVANCED_FACE ( 'NONE', ( #1811 ), #468, .T. ) ;
#873 = CARTESIAN_POINT ( 'NONE',  ( 114.2304144287110006, 109.7866973876949999, 3.981739997863770419 ) ) ;
#874 = ORIENTED_EDGE ( 'NONE', *, *, #54, .F. ) ;
#875 = CARTESIAN_POINT ( 'NONE',  ( 80.57107543945309658, 101.7866973876950141, 5.395953178405759942 ) ) ;
#876 = EDGE_CURVE ( 'NONE', #2888, #1535, #403, .T. ) ;
#877 = EDGE_LOOP ( 'NONE', ( #1279, #2859, #1981, #3596 ) ) ;
#878 = LINE ( 'NONE', #1189, #3560 ) ;
#879 = EDGE_CURVE ( 'NONE', #1463, #418, #2137, .T. ) ;
#880 = CARTESIAN_POINT ( 'NONE',  ( 74.51279113769530227, 110.5361061096449902, 14.96409320833000045 ) ) ;
#881 = PLANE ( 'NONE',  #1248 ) ;
#882 =( LENGTH_UNIT ( ) NAMED_UNIT ( * ) SI_UNIT ( .MILLI., .METRE. ) );
#883 = ORIENTED_EDGE ( 'NONE', *, *, #1163, .T. ) ;
#884 = DIRECTION ( 'NONE',  ( 0.7933539883817068983, 0.000000000000000000, 0.6087605843998430410 ) ) ;
#885 = EDGE_LOOP ( 'NONE', ( #1396, #353, #2589, #1873 ) ) ;
#886 = VECTOR ( 'NONE', #287, 1000.000000000000000 ) ;
#887 = DIRECTION ( 'NONE',  ( -0.6328635146004258916, 0.000000000000000000, 0.7742633737221441548 ) ) ;
#888 = ORIENTED_EDGE ( 'NONE', *, *, #2985, .F. ) ;
#889 = DIRECTION ( 'NONE',  ( -0.9238788260947650155, 0.000000000000000000, 0.3826851378009850091 ) ) ;
#890 = CARTESIAN_POINT ( 'NONE',  ( 116.7985601806640119, 107.7866973876949999, 22.99834838098309930 ) ) ;
#891 = EDGE_LOOP ( 'NONE', ( #2355, #1050, #1028, #3228 ) ) ;
#892 = DIRECTION ( 'NONE',  ( -1.000000000000000000, 0.000000000000000000, 0.000000000000000000 ) ) ;
#893 = EDGE_CURVE ( 'NONE', #2478, #836, #3531, .T. ) ;
#894 = ORIENTED_EDGE ( 'NONE', *, *, #3231, .T. ) ;
#895 = DIRECTION ( 'NONE',  ( 1.000000000000000000, 0.000000000000000000, 0.000000000000000000 ) ) ;
#896 = ORIENTED_EDGE ( 'NONE', *, *, #1610, .T. ) ;
#897 = AXIS2_PLACEMENT_3D ( 'NONE', #1022, #1864, #2965 ) ;
#898 = EDGE_CURVE ( 'NONE', #3441, #788, #3270, .T. ) ;
#899 = CARTESIAN_POINT ( 'NONE',  ( 84.05343627929690342, 109.7866973876949999, 3.464101791381839934 ) ) ;
#900 = AXIS2_PLACEMENT_3D ( 'NONE', #596, #1724, #889 ) ;
#901 = VERTEX_POINT ( 'NONE', #3565 ) ;
#902 = AXIS2_PLACEMENT_3D ( 'NONE', #996, #1295, #2129 ) ;
#903 = DIRECTION ( 'NONE',  ( 0.000000000000000000, 1.000000000000000000, 7.771561172376100713E-16 ) ) ;
#904 = VERTEX_POINT ( 'NONE', #454 ) ;
#905 = LINE ( 'NONE', #3445, #2788 ) ;
#906 = ORIENTED_EDGE ( 'NONE', *, *, #109, .F. ) ;
#907 = DIRECTION ( 'NONE',  ( 0.9914450668446497250, 0.000000000000000000, 0.1305246315045859307 ) ) ;
#908 = DIRECTION ( 'NONE',  ( 0.000000000000000000, -0.9749434981451672311, 0.2224526363621350533 ) ) ;
#909 = ORIENTED_EDGE ( 'NONE', *, *, #438, .T. ) ;
#910 = CARTESIAN_POINT ( 'NONE',  ( 74.51279113769530227, 100.5210742950440022, 18.00437259668209933 ) ) ;
#911 = ORIENTED_EDGE ( 'NONE', *, *, #3568, .T. ) ;
#912 = DIRECTION ( 'NONE',  ( 0.000000000000000000, 1.000000000000000000, 2.220446049250309876E-16 ) ) ;
#913 = AXIS2_PLACEMENT_3D ( 'NONE', #365, #2926, #99 ) ;
#914 = EDGE_CURVE ( 'NONE', #3401, #661, #1019, .T. ) ;
#915 = VECTOR ( 'NONE', #247, 1000.000000000000000 ) ;
#916 = EDGE_CURVE ( 'NONE', #1375, #3559, #1270, .T. ) ;
#917 = ORIENTED_EDGE ( 'NONE', *, *, #508, .T. ) ;
#918 = VECTOR ( 'NONE', #2003, 1000.000000000000000 ) ;
#919 = DIRECTION ( 'NONE',  ( 1.000000000000000000, 0.000000000000000000, 0.000000000000000000 ) ) ;
#920 = ORIENTED_EDGE ( 'NONE', *, *, #1172, .F. ) ;
#921 = CARTESIAN_POINT ( 'NONE',  ( -0.000000000000000000, 103.4866973876950027, 10.96409320826384359 ) ) ;
#922 = ORIENTED_EDGE ( 'NONE', *, *, #2742, .T. ) ;
#923 = CARTESIAN_POINT ( 'NONE',  ( 114.0306158447269951, 109.7866973876949999, 4.464101791381840378 ) ) ;
#924 = LINE ( 'NONE', #3188, #3470 ) ;
#925 = VERTEX_POINT ( 'NONE', #746 ) ;
#926 = CARTESIAN_POINT ( 'NONE',  ( 110.2985601806639977, 101.7866973876950141, 3.464101791381839934 ) ) ;
#927 = VERTEX_POINT ( 'NONE', #1876 ) ;
#928 = EDGE_CURVE ( 'NONE', #1793, #1023, #2730, .T. ) ;
#929 = CARTESIAN_POINT ( 'NONE',  ( 80.57107543945309658, 109.7866973876949999, 5.395953178405759942 ) ) ;
#930 = EDGE_CURVE ( 'NONE', #1855, #3480, #1076, .T. ) ;
#931 = ORIENTED_EDGE ( 'NONE', *, *, #97, .T. ) ;
#932 = DIRECTION ( 'NONE',  ( 0.000000000000000000, 1.000000000000000000, -8.881784197001250351E-16 ) ) ;
#933 = CARTESIAN_POINT ( 'NONE',  ( 111.2985601806639977, 109.7866973876949999, 5.196151733398440165 ) ) ;
#934 = ORIENTED_EDGE ( 'NONE', *, *, #2199, .T. ) ;
#935 = DIRECTION ( 'NONE',  ( -0.3826798146995750161, 0.000000000000000000, -0.9238810309891090089 ) ) ;
#936 = CARTESIAN_POINT ( 'NONE',  ( 76.05343627929690342, 112.7866973876949999, 3.464101791381839934 ) ) ;
#937 = EDGE_CURVE ( 'NONE', #3218, #2057, #1400, .T. ) ;
#938 = EDGE_LOOP ( 'NONE', ( #3407, #2691, #1179, #212 ) ) ;
#939 = LINE ( 'NONE', #1206, #1916 ) ;
#940 = VERTEX_POINT ( 'NONE', #266 ) ;
#941 = VECTOR ( 'NONE', #2220, 1000.000000000000114 ) ;
#942 = CARTESIAN_POINT ( 'NONE',  ( 74.51279113769530227, 107.9337940216470031, 19.17189693449130061 ) ) ;
#943 = VERTEX_POINT ( 'NONE', #2210 ) ;
#944 = LINE ( 'NONE', #466, #3323 ) ;
#945 = EDGE_CURVE ( 'NONE', #140, #2776, #1378, .T. ) ;
#946 = AXIS2_PLACEMENT_3D ( 'NONE', #1336, #2470, #3544 ) ;
#947 = ORIENTED_EDGE ( 'NONE', *, *, #2870, .T. ) ;
#948 = FACE_OUTER_BOUND ( 'NONE', #477, .T. ) ;
#949 = VECTOR ( 'NONE', #997, 1000.000000000000227 ) ;
#950 = EDGE_CURVE ( 'NONE', #37, #3485, #3108, .T. ) ;
#951 = VERTEX_POINT ( 'NONE', #805 ) ;
#952 = CARTESIAN_POINT ( 'NONE',  ( 107.7985601806639977, 107.7866973876909924, 14.96409320829831202 ) ) ;
#953 = VECTOR ( 'NONE', #96, 1000.000000000000000 ) ;
#954 = CARTESIAN_POINT ( 'NONE',  ( 74.51279113769530227, 107.9337940216470031, 19.17189693449130061 ) ) ;
#955 = LINE ( 'NONE', #2880, #1567 ) ;
#956 = ADVANCED_FACE ( 'NONE', ( #487, #1934 ), #2454, .F. ) ;
#957 = ORIENTED_EDGE ( 'NONE', *, *, #2001, .F. ) ;
#958 = CARTESIAN_POINT ( 'NONE',  ( 79.05343627929688921, 101.7866973876950141, 5.196151733398430395 ) ) ;
#959 = EDGE_LOOP ( 'NONE', ( #2538, #2445, #1349, #485 ) ) ;
#960 = EDGE_CURVE ( 'NONE', #132, #2929, #3582, .T. ) ;
#961 = LINE ( 'NONE', #2136, #2141 ) ;
#962 = LINE ( 'NONE', #3558, #2799 ) ;
#963 = VERTEX_POINT ( 'NONE', #3029 ) ;
#964 = FACE_OUTER_BOUND ( 'NONE', #3607, .T. ) ;
#965 = CARTESIAN_POINT ( 'NONE',  ( 81.78548431396480112, 109.7866973876949999, 4.464101791381840378 ) ) ;
#966 = COLOUR_RGB ( '',0.7921568627450980005, 0.8196078431372548767, 0.9333333333333333481 ) ;
#967 = EDGE_LOOP ( 'NONE', ( #2341, #2637, #795, #472 ) ) ;
#968 = CARTESIAN_POINT ( 'NONE',  ( 112.2985601806639977, 101.7866973876950141, 5.464101791381840378 ) ) ;
#969 = AXIS2_PLACEMENT_3D ( 'NONE', #580, #1711, #2505 ) ;
#970 = EDGE_CURVE ( 'NONE', #2239, #3210, #220, .T. ) ;
#971 = EDGE_LOOP ( 'NONE', ( #1147, #3506, #156, #752 ) ) ;
#972 = PLANE ( 'NONE',  #1004 ) ;
#973 = CARTESIAN_POINT ( 'NONE',  ( 114.2985601806640119, 109.7866973876949999, -3.885780586188049864E-16 ) ) ;
#974 = CARTESIAN_POINT ( 'NONE',  ( 75.55343627929690342, 107.7866973876949999, 13.46409320831300072 ) ) ;
#975 = ORIENTED_EDGE ( 'NONE', *, *, #2305, .F. ) ;
#976 = DIRECTION ( 'NONE',  ( 1.776356839400250070E-15, 1.000000000000000000, 1.110223024625160090E-15 ) ) ;
#977 = ORIENTED_EDGE ( 'NONE', *, *, #1324, .F. ) ;
#978 = EDGE_CURVE ( 'NONE', #1171, #2034, #2385, .T. ) ;
#979 = ADVANCED_FACE ( 'NONE', ( #244 ), #1973, .T. ) ;
#980 = DIRECTION ( 'NONE',  ( 0.000000000000000000, -1.000000000000000000, -5.693113272194070217E-32 ) ) ;
#981 = ORIENTED_EDGE ( 'NONE', *, *, #481, .T. ) ;
#982 = CARTESIAN_POINT ( 'NONE',  ( 74.51279113769530227, 107.4866973877002465, 14.96409320831317658 ) ) ;
#983 = ADVANCED_FACE ( 'NONE', ( #1911 ), #2490, .T. ) ;
#984 = LINE ( 'NONE', #1229, #1316 ) ;
#985 = FACE_OUTER_BOUND ( 'NONE', #3296, .T. ) ;
#986 = EDGE_LOOP ( 'NONE', ( #2036, #2609, #2146, #383 ) ) ;
#987 = CARTESIAN_POINT ( 'NONE',  ( 79.53579711914061079, 109.7866973876949999, 5.395953178405759942 ) ) ;
#988 = CARTESIAN_POINT ( 'NONE',  ( 74.51279113769530227, 106.2732944488989943, 21.39736461635580156 ) ) ;
#989 = CARTESIAN_POINT ( 'NONE',  ( 112.8161993408200061, 109.7866973876949999, 1.532249450683589975 ) ) ;
#990 = CARTESIAN_POINT ( 'NONE',  ( 117.7227911376949976, 103.4956226349320048, 22.95279979699569850 ) ) ;
#991 = ORIENTED_EDGE ( 'NONE', *, *, #1642, .T. ) ;
#992 = EDGE_CURVE ( 'NONE', #376, #3378, #1614, .T. ) ;
#993 = LINE ( 'NONE', #1536, #57 ) ;
#994 = ORIENTED_EDGE ( 'NONE', *, *, #1233, .T. ) ;
#995 = EDGE_CURVE ( 'NONE', #3612, #55, #1102, .T. ) ;
#996 = CARTESIAN_POINT ( 'NONE',  ( 75.55343627929690342, 110.1203308105469887, 11.36526489257810013 ) ) ;
#997 = DIRECTION ( 'NONE',  ( -0.1305212769253860094, 0.000000000000000000, -0.9914455084722340050 ) ) ;
#998 = VECTOR ( 'NONE', #1573, 1000.000000000000000 ) ;
#999 = DIRECTION ( 'NONE',  ( -1.000000000000000000, 0.000000000000000000, 0.000000000000000000 ) ) ;
#1000 = EDGE_CURVE ( 'NONE', #643, #37, #3383, .T. ) ;
#1001 = DIRECTION ( 'NONE',  ( 0.000000000000000000, 1.000000000000000000, -1.665334536937729880E-16 ) ) ;
#1002 = DIRECTION ( 'NONE',  ( -0.7742633737221441548, 0.000000000000000000, -0.6328635146004257805 ) ) ;
#1003 = CARTESIAN_POINT ( 'NONE',  ( 110.2985601806639977, 112.7866973876949999, 0.000000000000000000 ) ) ;
#1004 = AXIS2_PLACEMENT_3D ( 'NONE', #439, #732, #3567 ) ;
#1005 = CARTESIAN_POINT ( 'NONE',  ( 74.51279113769530227, 105.4820880890380010, 22.20573520655729993 ) ) ;
#1006 = LINE ( 'NONE', #3073, #1067 ) ;
#1007 = VECTOR ( 'NONE', #3449, 999.9999999999998863 ) ;
#1008 = LINE ( 'NONE', #3275, #2149 ) ;
#1009 = ORIENTED_EDGE ( 'NONE', *, *, #2506, .F. ) ;
#1010 = VECTOR ( 'NONE', #1941, 1000.000000000000114 ) ;
#1011 = CARTESIAN_POINT ( 'NONE',  ( 74.51279113769530227, 104.3597812653059975, 22.91554927820239840 ) ) ;
#1012 = ORIENTED_EDGE ( 'NONE', *, *, #3674, .T. ) ;
#1013 = AXIS2_PLACEMENT_3D ( 'NONE', #1, #2269, #1458 ) ;
#1014 = LINE ( 'NONE', #1227, #1848 ) ;
#1015 = ORIENTED_EDGE ( 'NONE', *, *, #2294, .T. ) ;
#1016 = LINE ( 'NONE', #1923, #1787 ) ;
#1017 = DIRECTION ( 'NONE',  ( 0.7933485729663652952, 0.000000000000000000, -0.6087676418570813208 ) ) ;
#1018 = EDGE_CURVE ( 'NONE', #480, #3457, #2471, .T. ) ;
#1019 = LINE ( 'NONE', #1529, #82 ) ;
#1020 = LINE ( 'NONE', #747, #1139 ) ;
#1021 = EDGE_CURVE ( 'NONE', #2321, #1183, #2834, .T. ) ;
#1022 = CARTESIAN_POINT ( 'NONE',  ( 110.8843527221680034, 109.7866973876949999, 2.049888610839839753 ) ) ;
#1023 = VERTEX_POINT ( 'NONE', #545 ) ;
#1024 = VECTOR ( 'NONE', #565, 1000.000000000000000 ) ;
#1025 = DIRECTION ( 'NONE',  ( 0.000000000000000000, -1.000000000000000000, 0.000000000000000000 ) ) ;
#1026 = CARTESIAN_POINT ( 'NONE',  ( 45.85249920771785526, 103.4866973876950027, 56.09726253941909135 ) ) ;
#1027 = VECTOR ( 'NONE', #1411, 1000.000000000000000 ) ;
#1028 = ORIENTED_EDGE ( 'NONE', *, *, #1018, .F. ) ;
#1029 = DIRECTION ( 'NONE',  ( -1.776356839400250070E-15, 1.000000000000000000, -1.554312234475220143E-15 ) ) ;
#1030 = EDGE_LOOP ( 'NONE', ( #2866, #1451, #509, #1048, #335, #195, #575, #2286, #1403, #519 ) ) ;
#1031 = VECTOR ( 'NONE', #516, 1000.000000000000114 ) ;
#1032 = ORIENTED_EDGE ( 'NONE', *, *, #2324, .T. ) ;
#1033 = CARTESIAN_POINT ( 'NONE',  ( 110.3667135620120092, 109.7866973876949999, 2.946463584899900123 ) ) ;
#1034 = ADVANCED_FACE ( 'NONE', ( #1677 ), #3599, .F. ) ;
#1035 = CARTESIAN_POINT ( 'NONE',  ( 78.05343627929690342, 112.7866973876949999, 2.331468351712829918E-15 ) ) ;
#1036 = FACE_OUTER_BOUND ( 'NONE', #627, .T. ) ;
#1037 = DIRECTION ( 'NONE',  ( -1.000000000000000000, 0.000000000000000000, 0.000000000000000000 ) ) ;
#1038 = FACE_OUTER_BOUND ( 'NONE', #393, .T. ) ;
#1039 = EDGE_CURVE ( 'NONE', #3482, #2097, #4, .T. ) ;
#1040 = FACE_OUTER_BOUND ( 'NONE', #3309, .T. ) ;
#1041 =( BOUNDED_CURVE ( )  B_SPLINE_CURVE ( 3, ( #3569, #2178, #1901, #1625 ),
 .UNSPECIFIED., .F., .F. ) 
 B_SPLINE_CURVE_WITH_KNOTS ( ( 4, 4 ),
 ( -1.000000000000000000, 0.000000000000000000 ),
 .UNSPECIFIED. ) 
 CURVE ( )  GEOMETRIC_REPRESENTATION_ITEM ( )  RATIONAL_B_SPLINE_CURVE ( ( 1.000000000000000000, 0.9935900438396230161, 0.9935900438396230161, 1.000000000000000000 ) ) 
 REPRESENTATION_ITEM ( '' )  );
#1042 = DIRECTION ( 'NONE',  ( 0.000000000000000000, -0.5183305712307079149, 0.8551803429263606926 ) ) ;
#1043 = DIRECTION ( 'NONE',  ( 0.000000000000000000, 1.000000000000000000, 0.000000000000000000 ) ) ;
#1044 = ORIENTED_EDGE ( 'NONE', *, *, #97, .F. ) ;
#1045 = LINE ( 'NONE', #3118, #764 ) ;
#1046 = ORIENTED_EDGE ( 'NONE', *, *, #978, .T. ) ;
#1047 = ADVANCED_FACE ( 'NONE', ( #2271 ), #1419, .T. ) ;
#1048 = ORIENTED_EDGE ( 'NONE', *, *, #995, .T. ) ;
#1049 = ORIENTED_EDGE ( 'NONE', *, *, #310, .T. ) ;
#1050 = ORIENTED_EDGE ( 'NONE', *, *, #1276, .T. ) ;
#1051 = VERTEX_POINT ( 'NONE', #3665 ) ;
#1052 = PLANE ( 'NONE',  #1893 ) ;
#1053 = AXIS2_PLACEMENT_3D ( 'NONE', #3424, #2311, #1119 ) ;
#1054 = DIRECTION ( 'NONE',  ( -0.3826851378009850091, 0.000000000000000000, 0.9238788260947650155 ) ) ;
#1055 = DIRECTION ( 'NONE',  ( 0.6087657977601961257, 0.000000000000000000, -0.7933499880112131475 ) ) ;
#1056 = CARTESIAN_POINT ( 'NONE',  ( 80.57107543945309658, 109.7866973876949999, 1.532249450683589975 ) ) ;
#1057 = VERTEX_POINT ( 'NONE', #2792 ) ;
#1058 = LINE ( 'NONE', #3587, #2381 ) ;
#1059 = EDGE_CURVE ( 'NONE', #1996, #73, #3625, .T. ) ;
#1060 = CARTESIAN_POINT ( 'NONE',  ( 114.2304144287110006, 109.7866973876949999, 2.946463584899900123 ) ) ;
#1061 = ORIENTED_EDGE ( 'NONE', *, *, #209, .F. ) ;
#1062 = CARTESIAN_POINT ( 'NONE',  ( 74.51279113769530227, 104.7243518829830009, 22.75322246546129890 ) ) ;
#1063 = ORIENTED_EDGE ( 'NONE', *, *, #879, .F. ) ;
#1064 = VECTOR ( 'NONE', #3428, 1000.000000000000000 ) ;
#1065 = ADVANCED_FACE ( 'NONE', ( #2250, #1040 ), #3091, .T. ) ;
#1066 = DIRECTION ( 'NONE',  ( -1.000000000000000000, 0.000000000000000000, 0.000000000000000000 ) ) ;
#1067 = VECTOR ( 'NONE', #2422, 1000.000000000000114 ) ;
#1068 = ORIENTED_EDGE ( 'NONE', *, *, #1115, .T. ) ;
#1069 = CARTESIAN_POINT ( 'NONE',  ( 74.51279113769530227, 107.0923862457719906, 20.37159252163889889 ) ) ;
#1070 = ADVANCED_FACE ( 'NONE', ( #2170 ), #3304, .T. ) ;
#1071 = ORIENTED_EDGE ( 'NONE', *, *, #1362, .F. ) ;
#1072 = AXIS2_PLACEMENT_3D ( 'NONE', #2717, #1308, #2443 ) ;
#1073 = ORIENTED_EDGE ( 'NONE', *, *, #3312, .F. ) ;
#1074 = DIRECTION ( 'NONE',  ( -0.6087605843998431521, 0.000000000000000000, 0.7933539883817070093 ) ) ;
#1075 = DIRECTION ( 'NONE',  ( 4.456311862731526850E-13, -1.000000000000000000, 0.000000000000000000 ) ) ;
#1076 = LINE ( 'NONE', #2812, #1088 ) ;
#1077 = DIRECTION ( 'NONE',  ( 1.776356839400250070E-15, 1.000000000000000000, -7.216449660063520471E-16 ) ) ;
#1078 = CARTESIAN_POINT ( 'NONE',  ( 107.7985601806639977, 101.7866973876950141, -8.881784197001250351E-16 ) ) ;
#1079 = VERTEX_POINT ( 'NONE', #823 ) ;
#1080 = CARTESIAN_POINT ( 'NONE',  ( 80.05343627929690342, 101.7866973876950141, 1.464101791381839934 ) ) ;
#1081 = FACE_OUTER_BOUND ( 'NONE', #2066, .T. ) ;
#1082 = FACE_OUTER_BOUND ( 'NONE', #1477, .T. ) ;
#1083 = EDGE_CURVE ( 'NONE', #1407, #1768, #3647, .T. ) ;
#1084 = DIRECTION ( 'NONE',  ( 0.000000000000000000, 1.000000000000000000, -2.220446049250309876E-16 ) ) ;
#1085 = ORIENTED_EDGE ( 'NONE', *, *, #2093, .F. ) ;
#1086 = CARTESIAN_POINT ( 'NONE',  ( 117.7227911376949976, 107.0923862457719906, 20.37159252163889889 ) ) ;
#1087 = ORIENTED_EDGE ( 'NONE', *, *, #1819, .F. ) ;
#1088 = VECTOR ( 'NONE', #2750, 1000.000000000000000 ) ;
#1089 = CARTESIAN_POINT ( 'NONE',  ( 116.7985601806640119, 107.7866973876949999, 14.96409320831483036 ) ) ;
#1090 = LINE ( 'NONE', #1369, #2820 ) ;
#1091 = AXIS2_PLACEMENT_3D ( 'NONE', #1321, #2186, #286 ) ;
#1092 = VERTEX_POINT ( 'NONE', #3052 ) ;
#1093 = CARTESIAN_POINT ( 'NONE',  ( 110.2985601806639977, 109.7866973876949999, 0.000000000000000000 ) ) ;
#1094 = ADVANCED_FACE ( 'NONE', ( #1104 ), #2770, .T. ) ;
#1095 = ORIENTED_EDGE ( 'NONE', *, *, #1582, .F. ) ;
#1096 = AXIS2_PLACEMENT_3D ( 'NONE', #1436, #1074, #3342 ) ;
#1097 = ORIENTED_EDGE ( 'NONE', *, *, #3585, .F. ) ;
#1098 = EDGE_CURVE ( 'NONE', #3276, #927, #2640, .T. ) ;
#1099 = CARTESIAN_POINT ( 'NONE',  ( 107.7985601806639977, 107.7866973876949999, 13.46409320831300072 ) ) ;
#1100 = CARTESIAN_POINT ( 'NONE',  ( 113.7127752685550064, 109.7866973876949999, 2.049888610839839753 ) ) ;
#1101 = EDGE_CURVE ( 'NONE', #1751, #2180, #2213, .T. ) ;
#1102 = LINE ( 'NONE', #2168, #2695 ) ;
#1103 = LINE ( 'NONE', #2835, #824 ) ;
#1104 = FACE_OUTER_BOUND ( 'NONE', #3023, .T. ) ;
#1105 = EDGE_LOOP ( 'NONE', ( #2921, #776, #2297, #386 ) ) ;
#1106 = LINE ( 'NONE', #3368, #677 ) ;
#1107 = CARTESIAN_POINT ( 'NONE',  ( 113.7127752685550064, 101.7866973876950141, 4.878314971923830790 ) ) ;
#1108 = ORIENTED_EDGE ( 'NONE', *, *, #1842, .F. ) ;
#1109 = DIRECTION ( 'NONE',  ( 0.000000000000000000, -0.7933529235767839971, -0.6087619720811819901 ) ) ;
#1110 = ORIENTED_EDGE ( 'NONE', *, *, #1257, .T. ) ;
#1111 = LINE ( 'NONE', #3136, #2326 ) ;
#1112 = ORIENTED_EDGE ( 'NONE', *, *, #3315, .T. ) ;
#1113 = DIRECTION ( 'NONE',  ( 0.000000000000000000, 1.000000000000000000, -9.436895709313830594E-16 ) ) ;
#1114 = ORIENTED_EDGE ( 'NONE', *, *, #1186, .F. ) ;
#1115 = EDGE_CURVE ( 'NONE', #3164, #3039, #2234, .T. ) ;
#1116 = DIRECTION ( 'NONE',  ( 0.000000000000000000, 1.000000000000000000, -2.110926372141859940E-15 ) ) ;
#1117 = LINE ( 'NONE', #2232, #3085 ) ;
#1118 = DIRECTION ( 'NONE',  ( 0.000000000000000000, 1.000000000000000000, 0.000000000000000000 ) ) ;
#1119 = DIRECTION ( 'NONE',  ( 0.000000000000000000, -1.000000000000000000, 0.000000000000000000 ) ) ;
#1120 = EDGE_CURVE ( 'NONE', #1468, #3354, #489, .T. ) ;
#1121 = ORIENTED_EDGE ( 'NONE', *, *, #530, .F. ) ;
#1122 = CARTESIAN_POINT ( 'NONE',  ( 113.7127752685550064, 101.7866973876950141, 2.049888610839839753 ) ) ;
#1123 = VECTOR ( 'NONE', #2759, 1000.000000000000000 ) ;
#1124 = VERTEX_POINT ( 'NONE', #204 ) ;
#1125 = DIRECTION ( 'NONE',  ( -0.000000000000000000, 0.8551803429263608036, 0.5183305712307079149 ) ) ;
#1126 = ORIENTED_EDGE ( 'NONE', *, *, #1262, .F. ) ;
#1127 = CARTESIAN_POINT ( 'NONE',  ( 110.5665121459960005, 101.7866973876950141, 4.464101791381840378 ) ) ;
#1128 = CARTESIAN_POINT ( 'NONE',  ( 117.7227911376949976, 103.3315372467470041, 22.89210414880160371 ) ) ;
#1129 = ORIENTED_EDGE ( 'NONE', *, *, #1575, .T. ) ;
#1130 = VECTOR ( 'NONE', #3321, 1000.000000000000227 ) ;
#1131 = CARTESIAN_POINT ( 'NONE',  ( 84.55343627929690342, 110.5573577880859943, 10.79572105407719995 ) ) ;
#1132 = ORIENTED_EDGE ( 'NONE', *, *, #1544, .F. ) ;
#1133 = VECTOR ( 'NONE', #3234, 1000.000000000000114 ) ;
#1134 = CARTESIAN_POINT ( 'NONE',  ( 82.05343627929690342, 110.4185193369179956, 6.928203582763670987 ) ) ;
#1135 = CARTESIAN_POINT ( 'NONE',  ( 116.7985601806640119, 110.1203287768050103, 11.36526285778540135 ) ) ;
#1136 = VECTOR ( 'NONE', #2518, 1000.000000000000227 ) ;
#1137 = PLANE ( 'NONE',  #2971 ) ;
#1138 = DIRECTION ( 'NONE',  ( 0.000000000000000000, -0.6068899333763589921, -0.7947858886306667925 ) ) ;
#1139 = VECTOR ( 'NONE', #1055, 1000.000000000000114 ) ;
#1140 = EDGE_CURVE ( 'NONE', #1996, #3169, #807, .T. ) ;
#1141 = ORIENTED_EDGE ( 'NONE', *, *, #3515, .T. ) ;
#1142 =( NAMED_UNIT ( * ) SI_UNIT ( $, .STERADIAN. ) SOLID_ANGLE_UNIT ( ) );
#1143 = EDGE_CURVE ( 'NONE', #3612, #3354, #2474, .T. ) ;
#1144 = CARTESIAN_POINT ( 'NONE',  ( 110.3667135620120092, 109.7866973876949999, 3.981739997863770419 ) ) ;
#1145 = VERTEX_POINT ( 'NONE', #1358 ) ;
#1146 = CARTESIAN_POINT ( 'NONE',  ( 81.46765136718750000, 109.7866973876949999, 2.049888610839839753 ) ) ;
#1147 = ORIENTED_EDGE ( 'NONE', *, *, #1059, .T. ) ;
#1148 = LINE ( 'NONE', #2318, #1007 ) ;
#1149 = CARTESIAN_POINT ( 'NONE',  ( 114.0306158447269951, 109.7866973876949999, 4.464101791381840378 ) ) ;
#1150 = ORIENTED_EDGE ( 'NONE', *, *, #3632, .F. ) ;
#1151 = DIRECTION ( 'NONE',  ( 0.000000000000000000, -1.000000000000000000, 0.000000000000000000 ) ) ;
#1152 = ORIENTED_EDGE ( 'NONE', *, *, #1802, .T. ) ;
#1153 = AXIS2_PLACEMENT_3D ( 'NONE', #1026, #750, #1881 ) ;
#1154 = CARTESIAN_POINT ( 'NONE',  ( 74.51279113769530227, 101.0301303863630125, 19.39532756799249924 ) ) ;
#1155 = LINE ( 'NONE', #2208, #331 ) ;
#1156 = VECTOR ( 'NONE', #2233, 1000.000000000000114 ) ;
#1157 = CARTESIAN_POINT ( 'NONE',  ( 82.05343627929690342, 112.7866973876949999, 5.551114911306540243E-17 ) ) ;
#1158 = AXIS2_PLACEMENT_3D ( 'NONE', #2241, #2284, #2201 ) ;
#1159 = CARTESIAN_POINT ( 'NONE',  ( 74.51279113769530227, 101.0301303863630125, 19.39532756799249924 ) ) ;
#1160 = ORIENTED_CLOSED_SHELL ( 'NONE', *, #3521, .F. );
#1161 = VERTEX_POINT ( 'NONE', #1638 ) ;
#1162 = CARTESIAN_POINT ( 'NONE',  ( 81.98529052734369316, 101.7866973876950141, 3.981739997863760205 ) ) ;
#1163 = EDGE_CURVE ( 'NONE', #633, #2961, #1953, .T. ) ;
#1164 = ORIENTED_EDGE ( 'NONE', *, *, #231, .F. ) ;
#1165 = LINE ( 'NONE', #2582, #3617 ) ;
#1166 = ORIENTED_EDGE ( 'NONE', *, *, #1283, .T. ) ;
#1167 = CARTESIAN_POINT ( 'NONE',  ( 117.7227911376949976, 103.0119571686189914, 22.70369815819989867 ) ) ;
#1168 = CARTESIAN_POINT ( 'NONE',  ( 79.05343627929688921, 109.7866973876949999, 5.196151733398440165 ) ) ;
#1169 = ORIENTED_EDGE ( 'NONE', *, *, #1098, .T. ) ;
#1170 = PLANE ( 'NONE',  #861 ) ;
#1171 = VERTEX_POINT ( 'NONE', #2815 ) ;
#1172 = EDGE_CURVE ( 'NONE', #1424, #3487, #269, .T. ) ;
#1173 = CARTESIAN_POINT ( 'NONE',  ( 111.2985601806639977, 109.7866973876949999, 5.196151733398440165 ) ) ;
#1174 = LINE ( 'NONE', #2595, #598 ) ;
#1175 = EDGE_LOOP ( 'NONE', ( #870, #700, #3631, #1603 ) ) ;
#1176 = CARTESIAN_POINT ( 'NONE',  ( 110.2985601806639977, 109.7866973876949999, 4.440892098500630106E-16 ) ) ;
#1177 = ORIENTED_EDGE ( 'NONE', *, *, #3067, .T. ) ;
#1178 = LINE ( 'NONE', #1425, #118 ) ;
#1179 = ORIENTED_EDGE ( 'NONE', *, *, #1954, .T. ) ;
#1180 = CARTESIAN_POINT ( 'NONE',  ( 74.51279113769530227, 103.3315372467470041, 22.89210414880160371 ) ) ;
#1181 = DIRECTION ( 'NONE',  ( -1.000000000000000000, 0.000000000000000000, 0.000000000000000000 ) ) ;
#1182 = CARTESIAN_POINT ( 'NONE',  ( 75.55343627929690342, 110.5573544486990016, 10.79571912687470103 ) ) ;
#1183 = VERTEX_POINT ( 'NONE', #1878 ) ;
#1184 = LINE ( 'NONE', #670, #2992 ) ;
#1185 = EDGE_LOOP ( 'NONE', ( #80, #3123, #1432, #3471 ) ) ;
#1186 = EDGE_CURVE ( 'NONE', #1504, #785, #3013, .T. ) ;
#1187 = VECTOR ( 'NONE', #1698, 1000.000000000000000 ) ;
#1188 = EDGE_CURVE ( 'NONE', #121, #356, #1701, .T. ) ;
#1189 = CARTESIAN_POINT ( 'NONE',  ( 113.7127752685550064, 101.7866973876950141, 4.878314971923840559 ) ) ;
#1190 = ORIENTED_EDGE ( 'NONE', *, *, #1414, .F. ) ;
#1191 = VECTOR ( 'NONE', #371, 1000.000000000000000 ) ;
#1192 = CARTESIAN_POINT ( 'NONE',  ( 113.7127752685550064, 109.7866973876949999, 4.878314971923830790 ) ) ;
#1193 = SHAPE_DEFINITION_REPRESENTATION ( #2427, #1679 ) ;
#1194 = VECTOR ( 'NONE', #40, 1000.000000000000114 ) ;
#1195 = ORIENTED_EDGE ( 'NONE', *, *, #3, .F. ) ;
#1196 = VECTOR ( 'NONE', #1640, 999.9999999999998863 ) ;
#1197 = FACE_BOUND ( 'NONE', #640, .T. ) ;
#1198 = ADVANCED_FACE ( 'NONE', ( #3111 ), #846, .T. ) ;
#1199 = ORIENTED_EDGE ( 'NONE', *, *, #2607, .F. ) ;
#1200 = DIRECTION ( 'NONE',  ( -1.000000000000000000, 0.000000000000000000, 0.000000000000000000 ) ) ;
#1201 = EDGE_LOOP ( 'NONE', ( #3590, #1507, #855, #235 ) ) ;
#1202 = EDGE_CURVE ( 'NONE', #2647, #2543, #2845, .T. ) ;
#1203 = CARTESIAN_POINT ( 'NONE',  ( 78.63922119140630684, 101.7866973876950141, 2.049888610839829983 ) ) ;
#1204 = CARTESIAN_POINT ( 'NONE',  ( 113.2985601806639977, 101.7866973876950141, 5.196151733398440165 ) ) ;
#1205 = ORIENTED_EDGE ( 'NONE', *, *, #3479, .F. ) ;
#1206 = CARTESIAN_POINT ( 'NONE',  ( 111.7809210205080035, 101.7866973876950141, 5.395953178405770601 ) ) ;
#1207 = ORIENTED_EDGE ( 'NONE', *, *, #1188, .F. ) ;
#1208 = EDGE_CURVE ( 'NONE', #2684, #2956, #3081, .T. ) ;
#1209 = CARTESIAN_POINT ( 'NONE',  ( 107.7985601806639977, 110.5573544486990016, 10.79571912687470103 ) ) ;
#1210 = EDGE_LOOP ( 'NONE', ( #2017, #1885, #2986, #2806 ) ) ;
#1211 = AXIS2_PLACEMENT_3D ( 'NONE', #2539, #3390, #2757 ) ;
#1212 = CARTESIAN_POINT ( 'NONE',  ( 81.98529052734369316, 101.7866973876950141, 2.946463584899900123 ) ) ;
#1213 = LINE ( 'NONE', #362, #125 ) ;
#1214 = AXIS2_PLACEMENT_3D ( 'NONE', #259, #3613, #2243 ) ;
#1215 = EDGE_CURVE ( 'NONE', #1710, #10, #3336, .T. ) ;
#1216 = EDGE_LOOP ( 'NONE', ( #2176, #2274, #3429, #3500, #833, #367, #2871, #2721, #1777, #1319, #52, #1284, #2674, #2337, #1775, #2204, #3629, #2547, #1821 ) ) ;
#1217 = AXIS2_PLACEMENT_3D ( 'NONE', #2020, #318, #1449 ) ;
#1218 = FACE_OUTER_BOUND ( 'NONE', #2343, .T. ) ;
#1219 = EDGE_LOOP ( 'NONE', ( #1949, #2179, #1832, #3511, #482 ) ) ;
#1220 = DIRECTION ( 'NONE',  ( -1.000000000000000000, 0.000000000000000000, 0.000000000000000000 ) ) ;
#1221 = VERTEX_POINT ( 'NONE', #3040 ) ;
#1222 = DIRECTION ( 'NONE',  ( 0.7933539883817068983, 0.000000000000000000, 0.6087605843998430410 ) ) ;
#1223 = PLANE ( 'NONE',  #267 ) ;
#1224 = EDGE_LOOP ( 'NONE', ( #1472, #2844, #159, #957 ) ) ;
#1225 = DIRECTION ( 'NONE',  ( 1.000000000000000000, 0.000000000000000000, 0.000000000000000000 ) ) ;
#1226 = ORIENTED_EDGE ( 'NONE', *, *, #3410, .F. ) ;
#1227 = CARTESIAN_POINT ( 'NONE',  ( 117.7227911376949976, 107.0923862457719906, 20.37159252163889889 ) ) ;
#1228 = EDGE_CURVE ( 'NONE', #1522, #1424, #2762, .T. ) ;
#1229 = CARTESIAN_POINT ( 'NONE',  ( 107.7985601806639977, 110.1203045826810012, 11.36528501770969868 ) ) ;
#1230 = ADVANCED_FACE ( 'NONE', ( #1967 ), #2548, .T. ) ;
#1231 = EDGE_LOOP ( 'NONE', ( #230, #330, #1129, #981, #2384, #2622 ) ) ;
#1232 = CARTESIAN_POINT ( 'NONE',  ( 78.05343627929690342, 109.7866973876949999, 3.464101791381839934 ) ) ;
#1233 = EDGE_CURVE ( 'NONE', #770, #1586, #2399, .T. ) ;
#1234 = ORIENTED_EDGE ( 'NONE', *, *, #916, .F. ) ;
#1235 = CARTESIAN_POINT ( 'NONE',  ( 78.05343627929690342, 109.7866973876949999, 9.992007221626410836E-16 ) ) ;
#1236 = ORIENTED_EDGE ( 'NONE', *, *, #3070, .F. ) ;
#1237 = CARTESIAN_POINT ( 'NONE',  ( 116.7985601806640119, 110.5573544486990016, 10.79571912687470103 ) ) ;
#1238 = FACE_BOUND ( 'NONE', #493, .T. ) ;
#1239 = ORIENTED_EDGE ( 'NONE', *, *, #1774, .F. ) ;
#1240 = FACE_OUTER_BOUND ( 'NONE', #1574, .T. ) ;
#1241 = VERTEX_POINT ( 'NONE', #2484 ) ;
#1242 = VECTOR ( 'NONE', #1313, 1000.000000000000000 ) ;
#1243 = AXIS2_PLACEMENT_3D ( 'NONE', #3566, #524, #2169 ) ;
#1244 = VECTOR ( 'NONE', #3310, 1000.000000000000000 ) ;
#1245 = DIRECTION ( 'NONE',  ( -1.000000000000000000, 0.000000000000000000, 2.775557561562889810E-17 ) ) ;
#1246 = CARTESIAN_POINT ( 'NONE',  ( 0.000000000000000000, 103.4866973876950027, 0.000000000000000000 ) ) ;
#1247 = CARTESIAN_POINT ( 'NONE',  ( 117.7227911376949976, 101.5590763092249915, 20.63125324242870207 ) ) ;
#1248 = AXIS2_PLACEMENT_3D ( 'NONE', #1100, #1654, #1951 ) ;
#1249 = EDGE_LOOP ( 'NONE', ( #3616, #678, #2724 ) ) ;
#1250 = DIRECTION ( 'NONE',  ( 0.9238810309891090089, 0.000000000000000000, -0.3826798146995750161 ) ) ;
#1251 = VECTOR ( 'NONE', #3033, 1000.000000000000000 ) ;
#1252 = EDGE_CURVE ( 'NONE', #661, #3246, #1948, .T. ) ;
#1253 = EDGE_LOOP ( 'NONE', ( #2875, #2051 ) ) ;
#1254 = DIRECTION ( 'NONE',  ( -0.4999999809210190493, 0.000000000000000000, 0.8660254147996930829 ) ) ;
#1255 = AXIS2_PLACEMENT_3D ( 'NONE', #1286, #727, #111 ) ;
#1256 = LINE ( 'NONE', #1552, #309 ) ;
#1257 = EDGE_CURVE ( 'NONE', #740, #2710, #16, .T. ) ;
#1258 = DIRECTION ( 'NONE',  ( -0.1305246315045859584, 0.000000000000000000, 0.9914450668446498360 ) ) ;
#1259 = ORIENTED_EDGE ( 'NONE', *, *, #2663, .T. ) ;
#1260 = CARTESIAN_POINT ( 'NONE',  ( 110.5665121459960005, 101.7866973876950141, 4.464101791381840378 ) ) ;
#1261 = ORIENTED_EDGE ( 'NONE', *, *, #2317, .T. ) ;
#1262 = EDGE_CURVE ( 'NONE', #2095, #1092, #3062, .T. ) ;
#1263 = CARTESIAN_POINT ( 'NONE',  ( 110.2985601806639977, 101.7866973876950141, 3.464101791381839934 ) ) ;
#1264 = ORIENTED_EDGE ( 'NONE', *, *, #3554, .T. ) ;
#1265 = LINE ( 'NONE', #2400, #3385 ) ;
#1266 = DIRECTION ( 'NONE',  ( 0.000000000000000000, -0.7933529235767839971, -0.6087619720811819901 ) ) ;
#1267 = MECHANICAL_DESIGN_GEOMETRIC_PRESENTATION_REPRESENTATION (  '', ( #3043 ), #2933 ) ;
#1268 = CARTESIAN_POINT ( 'NONE',  ( 112.2985601806639977, 109.7866973876949999, 1.464101791381839934 ) ) ;
#1269 = EDGE_LOOP ( 'NONE', ( #2897, #1405, #254, #3184 ) ) ;
#1270 = LINE ( 'NONE', #2152, #624 ) ;
#1271 = VECTOR ( 'NONE', #568, 1000.000000000000000 ) ;
#1272 = FACE_OUTER_BOUND ( 'NONE', #48, .T. ) ;
#1273 = AXIS2_PLACEMENT_3D ( 'NONE', #2527, #2339, #2586 ) ;
#1274 = ORIENTED_EDGE ( 'NONE', *, *, #2159, .T. ) ;
#1275 = LINE ( 'NONE', #3496, #540 ) ;
#1276 = EDGE_CURVE ( 'NONE', #3054, #3457, #2226, .T. ) ;
#1277 = CARTESIAN_POINT ( 'NONE',  ( 80.05343627929690342, 109.7866973876949999, 1.464101791381839934 ) ) ;
#1278 = VECTOR ( 'NONE', #3243, 1000.000000000000000 ) ;
#1279 = ORIENTED_EDGE ( 'NONE', *, *, #3475, .F. ) ;
#1280 = DIRECTION ( 'NONE',  ( 0.000000000000000000, -0.7947858886306673476, 0.6068899333763582149 ) ) ;
#1281 = ORIENTED_EDGE ( 'NONE', *, *, #1571, .T. ) ;
#1282 = CARTESIAN_POINT ( 'NONE',  ( 110.8843527221680034, 109.7866973876949999, 4.878314971923830790 ) ) ;
#1283 = EDGE_CURVE ( 'NONE', #3246, #2689, #3400, .T. ) ;
#1284 = ORIENTED_EDGE ( 'NONE', *, *, #736, .T. ) ;
#1285 = CARTESIAN_POINT ( 'NONE',  ( 75.55343627929690342, 107.7866973877452352, 14.96409320831483036 ) ) ;
#1286 = CARTESIAN_POINT ( 'NONE',  ( 74.51279113769530227, 104.3597812653059975, 22.91554927820239840 ) ) ;
#1287 = CARTESIAN_POINT ( 'NONE',  ( 80.05343627929690342, 101.7866973876950141, 1.464101791381839934 ) ) ;
#1288 = CARTESIAN_POINT ( 'NONE',  ( 110.5665121459960005, 109.7866973876949999, 4.464101791381840378 ) ) ;
#1289 = CARTESIAN_POINT ( 'NONE',  ( 113.7127752685550064, 101.7866973876950141, 2.049888610839859737 ) ) ;
#1290 = DIRECTION ( 'NONE',  ( 1.000000000000000000, 0.000000000000000000, 0.000000000000000000 ) ) ;
#1291 = DIRECTION ( 'NONE',  ( 0.9914450668446497250, 0.000000000000000000, -0.1305246315045859307 ) ) ;
#1292 = VERTEX_POINT ( 'NONE', #3676 ) ;
#1293 = LINE ( 'NONE', #1011, #1484 ) ;
#1294 = ORIENTED_EDGE ( 'NONE', *, *, #1202, .T. ) ;
#1295 = DIRECTION ( 'NONE',  ( 0.000000000000000000, -0.6087572864675002693, -0.7933565189577292953 ) ) ;
#1296 = EDGE_CURVE ( 'NONE', #788, #3441, #1649, .T. ) ;
#1297 = EDGE_LOOP ( 'NONE', ( #3056, #90, #581, #2781, #1659 ) ) ;
#1298 = VECTOR ( 'NONE', #1755, 1000.000000000000000 ) ;
#1299 = CARTESIAN_POINT ( 'NONE',  ( 81.78548431396480112, 101.7866973876950141, 2.464101791381839934 ) ) ;
#1300 = ADVANCED_FACE ( 'NONE', ( #1431 ), #856, .T. ) ;
#1301 = VECTOR ( 'NONE', #1999, 1000.000000000000000 ) ;
#1302 = DIRECTION ( 'NONE',  ( -0.7933499880112131475, 0.000000000000000000, -0.6087657977601962367 ) ) ;
#1303 = DIRECTION ( 'NONE',  ( 0.000000000000000000, -1.000000000000000000, 0.000000000000000000 ) ) ;
#1304 = LINE ( 'NONE', #2386, #2100 ) ;
#1305 = DIRECTION ( 'NONE',  ( -0.000000000000000000, 0.8187119249397128984, 0.5742044792245268869 ) ) ;
#1306 = CARTESIAN_POINT ( 'NONE',  ( 82.05343627929690342, 109.7866973876949999, 3.464101791381839934 ) ) ;
#1307 = VERTEX_POINT ( 'NONE', #3636 ) ;
#1308 = DIRECTION ( 'NONE',  ( -0.8660254147996931939, 0.000000000000000000, 0.4999999809210191049 ) ) ;
#1309 = AXIS2_PLACEMENT_3D ( 'NONE', #2101, #2957, #1837 ) ;
#1310 = LINE ( 'NONE', #3516, #20 ) ;
#1311 = ORIENTED_EDGE ( 'NONE', *, *, #2387, .T. ) ;
#1312 = VECTOR ( 'NONE', #3476, 1000.000000000000000 ) ;
#1313 = DIRECTION ( 'NONE',  ( -1.000000000000000000, 0.000000000000000000, 0.000000000000000000 ) ) ;
#1314 = ADVANCED_FACE ( 'NONE', ( #2203 ), #2569, .T. ) ;
#1315 = EDGE_LOOP ( 'NONE', ( #3130, #374, #1900, #2424 ) ) ;
#1316 = VECTOR ( 'NONE', #2363, 1000.000000000000000 ) ;
#1317 = ORIENTED_EDGE ( 'NONE', *, *, #2068, .F. ) ;
#1318 = EDGE_CURVE ( 'NONE', #83, #1996, #3376, .T. ) ;
#1319 = ORIENTED_EDGE ( 'NONE', *, *, #1491, .T. ) ;
#1320 = LINE ( 'NONE', #1909, #2559 ) ;
#1321 = CARTESIAN_POINT ( 'NONE',  ( 75.59343627929690967, 108.1757812500000000, 8.920721054077150214 ) ) ;
#1322 = CARTESIAN_POINT ( 'NONE',  ( 74.51279113769530227, 103.6627063751670050, 22.99018573754839778 ) ) ;
#1323 = DIRECTION ( 'NONE',  ( 0.1305356407156920417, 0.000000000000000000, -0.9914436174099582333 ) ) ;
#1324 = EDGE_CURVE ( 'NONE', #1463, #569, #816, .T. ) ;
#1325 = VECTOR ( 'NONE', #511, 1000.000000000000114 ) ;
#1326 = DIRECTION ( 'NONE',  ( 0.000000000000000000, 1.000000000000000000, 3.700743415417190112E-16 ) ) ;
#1327 = DIRECTION ( 'NONE',  ( 0.000000000000000000, 1.000000000000000000, 0.000000000000000000 ) ) ;
#1328 = AXIS2_PLACEMENT_3D ( 'NONE', #1672, #1395, #3417 ) ;
#1329 = ORIENTED_EDGE ( 'NONE', *, *, #845, .F. ) ;
#1330 = FACE_OUTER_BOUND ( 'NONE', #102, .T. ) ;
#1331 = ORIENTED_EDGE ( 'NONE', *, *, #691, .F. ) ;
#1332 = ORIENTED_EDGE ( 'NONE', *, *, #1668, .T. ) ;
#1333 = ORIENTED_EDGE ( 'NONE', *, *, #2007, .F. ) ;
#1334 = ORIENTED_EDGE ( 'NONE', *, *, #2247, .F. ) ;
#1335 = ADVANCED_FACE ( 'NONE', ( #538 ), #2782, .T. ) ;
#1336 = CARTESIAN_POINT ( 'NONE',  ( 78.05343627929690342, 109.7866973876949999, 6.928203582763670987 ) ) ;
#1337 = CARTESIAN_POINT ( 'NONE',  ( 113.7127752685550064, 101.7866973876950141, 2.049888610839849967 ) ) ;
#1338 = CARTESIAN_POINT ( 'NONE',  ( 79.53579711914061079, 101.7866973876950141, 5.395953178405770601 ) ) ;
#1339 = CARTESIAN_POINT ( 'NONE',  ( 74.51279113769530227, 106.2732944488989943, 21.39736461635580156 ) ) ;
#1340 = EDGE_CURVE ( 'NONE', #531, #3535, #2883, .T. ) ;
#1341 = ORIENTED_EDGE ( 'NONE', *, *, #1774, .T. ) ;
#1342 = FACE_OUTER_BOUND ( 'NONE', #3072, .T. ) ;
#1343 = PLANE ( 'NONE',  #3166 ) ;
#1344 = EDGE_CURVE ( 'NONE', #1535, #2763, #2323, .T. ) ;
#1345 = ORIENTED_EDGE ( 'NONE', *, *, #779, .T. ) ;
#1346 = DIRECTION ( 'NONE',  ( -0.3826851378009850091, 0.000000000000000000, 0.9238788260947650155 ) ) ;
#1347 = EDGE_LOOP ( 'NONE', ( #65, #1259, #1976, #1121 ) ) ;
#1348 = CARTESIAN_POINT ( 'NONE',  ( 117.7227911376949976, 104.0056629181370056, 22.99634838098310041 ) ) ;
#1349 = ORIENTED_EDGE ( 'NONE', *, *, #1527, .T. ) ;
#1350 = DIRECTION ( 'NONE',  ( 0.000000000000000000, 1.000000000000000000, 0.000000000000000000 ) ) ;
#1351 = ORIENTED_EDGE ( 'NONE', *, *, #3189, .F. ) ;
#1352 = ORIENTED_EDGE ( 'NONE', *, *, #2726, .F. ) ;
#1353 = CARTESIAN_POINT ( 'NONE',  ( 81.78548431396480112, 109.7866973876949999, 2.464101791381839934 ) ) ;
#1354 = EDGE_CURVE ( 'NONE', #830, #314, #2935, .T. ) ;
#1355 = FACE_OUTER_BOUND ( 'NONE', #1185, .T. ) ;
#1356 = CARTESIAN_POINT ( 'NONE',  ( 114.2985601806640119, 112.7866973876949999, 1.707933981658220080E-31 ) ) ;
#1357 = CARTESIAN_POINT ( 'NONE',  ( 78.05343627929690342, 112.7866973876949999, 6.928203582763670987 ) ) ;
#1358 = CARTESIAN_POINT ( 'NONE',  ( 77.74265866870140940, 109.7866973876949999, 6.389920943971089784 ) ) ;
#1359 = ORIENTED_EDGE ( 'NONE', *, *, #1531, .F. ) ;
#1360 = CARTESIAN_POINT ( 'NONE',  ( 111.7809210205080035, 109.7866973876949999, 1.532249450683589975 ) ) ;
#1361 = DIRECTION ( 'NONE',  ( 0.000000000000000000, 1.000000000000000000, 0.000000000000000000 ) ) ;
#1362 = EDGE_CURVE ( 'NONE', #2303, #175, #320, .T. ) ;
#1363 = ORIENTED_EDGE ( 'NONE', *, *, #2007, .T. ) ;
#1364 = PLANE ( 'NONE',  #2074 ) ;
#1365 = EDGE_LOOP ( 'NONE', ( #2508, #2947, #1032, #337 ) ) ;
#1366 = AXIS2_PLACEMENT_3D ( 'NONE', #544, #1377, #2246 ) ;
#1367 = ADVANCED_FACE ( 'NONE', ( #2287 ), #3157, .T. ) ;
#1368 = DIRECTION ( 'NONE',  ( 0.000000000000000000, -1.000000000000000000, 0.000000000000000000 ) ) ;
#1369 = CARTESIAN_POINT ( 'NONE',  ( 74.51279113769530227, 99.53611373896720238, 14.96409320826940181 ) ) ;
#1370 = VECTOR ( 'NONE', #1814, 1000.000000000000000 ) ;
#1371 = ORIENTED_EDGE ( 'NONE', *, *, #1846, .T. ) ;
#1372 = DIRECTION ( 'NONE',  ( 0.000000000000000000, 1.000000000000000000, 1.665334536937729880E-16 ) ) ;
#1373 = EDGE_LOOP ( 'NONE', ( #3367, #1386, #1588, #601 ) ) ;
#1374 = VECTOR ( 'NONE', #895, 1000.000000000000000 ) ;
#1375 = VERTEX_POINT ( 'NONE', #1746 ) ;
#1376 = DIRECTION ( 'NONE',  ( 0.000000000000000000, 1.000000000000000000, 7.771561172376100713E-16 ) ) ;
#1377 = DIRECTION ( 'NONE',  ( -6.661338147750943282E-13, -1.000000000000000000, 0.000000000000000000 ) ) ;
#1378 = LINE ( 'NONE', #1699, #2814 ) ;
#1379 = DIRECTION ( 'NONE',  ( 0.000000000000000000, -1.000000000000000000, 0.000000000000000000 ) ) ;
#1380 = DIRECTION ( 'NONE',  ( 0.000000000000000000, -1.000000000000000000, 0.000000000000000000 ) ) ;
#1381 = ORIENTED_EDGE ( 'NONE', *, *, #3437, .F. ) ;
#1382 = EDGE_CURVE ( 'NONE', #2227, #756, #3434, .T. ) ;
#1383 = LINE ( 'NONE', #528, #2029 ) ;
#1384 = DIRECTION ( 'NONE',  ( 1.000000000000000000, 0.000000000000000000, 0.000000000000000000 ) ) ;
#1385 = DIRECTION ( 'NONE',  ( 1.000000000000000000, 0.000000000000000000, 0.000000000000000000 ) ) ;
#1386 = ORIENTED_EDGE ( 'NONE', *, *, #1120, .T. ) ;
#1387 = LINE ( 'NONE', #811, #1888 ) ;
#1388 = VERTEX_POINT ( 'NONE', #74 ) ;
#1389 = VECTOR ( 'NONE', #884, 1000.000000000000114 ) ;
#1390 = EDGE_CURVE ( 'NONE', #2184, #3178, #637, .T. ) ;
#1391 = PLANE ( 'NONE',  #1309 ) ;
#1392 = PLANE ( 'NONE',  #1273 ) ;
#1393 = VECTOR ( 'NONE', #650, 1000.000000000000000 ) ;
#1394 = VERTEX_POINT ( 'NONE', #341 ) ;
#1395 = DIRECTION ( 'NONE',  ( 0.000000000000000000, -0.3469287133131311318, 0.9378915011230751775 ) ) ;
#1396 = ORIENTED_EDGE ( 'NONE', *, *, #481, .F. ) ;
#1397 = EDGE_CURVE ( 'NONE', #2312, #527, #1184, .T. ) ;
#1398 = CARTESIAN_POINT ( 'NONE',  ( 81.05343627929690342, 109.7866973876949999, 5.196151733398440165 ) ) ;
#1399 = LINE ( 'NONE', #2293, #1957 ) ;
#1400 = LINE ( 'NONE', #3345, #2041 ) ;
#1401 = DIRECTION ( 'NONE',  ( 1.000000000000000000, 0.000000000000000000, 0.000000000000000000 ) ) ;
#1402 = CARTESIAN_POINT ( 'NONE',  ( 74.51279113769530227, 102.7031497955689900, 22.43131923669040262 ) ) ;
#1403 = ORIENTED_EDGE ( 'NONE', *, *, #79, .T. ) ;
#1404 = LINE ( 'NONE', #549, #2748 ) ;
#1405 = ORIENTED_EDGE ( 'NONE', *, *, #2646, .T. ) ;
#1406 = FACE_OUTER_BOUND ( 'NONE', #2846, .T. ) ;
#1407 = VERTEX_POINT ( 'NONE', #926 ) ;
#1408 = CARTESIAN_POINT ( 'NONE',  ( 78.63922119140620737, 109.7866973876949999, 4.878314971923830790 ) ) ;
#1409 = LINE ( 'NONE', #793, #144 ) ;
#1410 = ORIENTED_EDGE ( 'NONE', *, *, #401, .T. ) ;
#1411 = DIRECTION ( 'NONE',  ( -1.000000000000000000, 0.000000000000000000, -7.894919286223340877E-16 ) ) ;
#1412 = ORIENTED_EDGE ( 'NONE', *, *, #3162, .F. ) ;
#1413 = DIRECTION ( 'NONE',  ( 0.000000000000000000, -1.000000000000000000, 0.000000000000000000 ) ) ;
#1414 = EDGE_CURVE ( 'NONE', #963, #3164, #1452, .T. ) ;
#1415 = LINE ( 'NONE', #1950, #1865 ) ;
#1416 = CYLINDRICAL_SURFACE ( 'NONE', #1013, 2.750000000000002665 ) ;
#1417 = EDGE_CURVE ( 'NONE', #3294, #1394, #939, .T. ) ;
#1418 = PLANE ( 'NONE',  #2858 ) ;
#1419 = PLANE ( 'NONE',  #1690 ) ;
#1420 = CARTESIAN_POINT ( 'NONE',  ( 107.7985601806639977, 112.7866973876949999, 13.46409320831300072 ) ) ;
#1421 = ORIENTED_EDGE ( 'NONE', *, *, #1390, .F. ) ;
#1422 = DIRECTION ( 'NONE',  ( 0.000000000000000000, 1.000000000000000000, 0.000000000000000000 ) ) ;
#1423 = VECTOR ( 'NONE', #2800, 1000.000000000000227 ) ;
#1424 = VERTEX_POINT ( 'NONE', #91 ) ;
#1425 = CARTESIAN_POINT ( 'NONE',  ( 84.55343627929690342, 112.7866973876949999, 1.110223024625159992E-16 ) ) ;
#1426 = ORIENTED_EDGE ( 'NONE', *, *, #2775, .F. ) ;
#1427 = CARTESIAN_POINT ( 'NONE',  ( 82.05343627929690342, 111.7866973876949999, 0.000000000000000000 ) ) ;
#1428 = LINE ( 'NONE', #14, #918 ) ;
#1429 = ORIENTED_EDGE ( 'NONE', *, *, #1296, .T. ) ;
#1430 = VECTOR ( 'NONE', #3009, 1000.000000000000000 ) ;
#1431 = FACE_OUTER_BOUND ( 'NONE', #2927, .T. ) ;
#1432 = ORIENTED_EDGE ( 'NONE', *, *, #377, .T. ) ;
#1433 = EDGE_CURVE ( 'NONE', #3530, #1707, #2005, .T. ) ;
#1434 = AXIS2_PLACEMENT_3D ( 'NONE', #617, #1502, #2931 ) ;
#1435 = DIRECTION ( 'NONE',  ( -0.000000000000000000, 0.7814355209430671190, 0.6239859987278860709 ) ) ;
#1436 = CARTESIAN_POINT ( 'NONE',  ( 81.05343627929690342, 109.7866973876949999, 1.732050895690919967 ) ) ;
#1437 = VECTOR ( 'NONE', #1326, 1000.000000000000000 ) ;
#1438 = DIRECTION ( 'NONE',  ( 0.000000000000000000, 1.000000000000000000, 9.992007221626410836E-16 ) ) ;
#1439 = DIRECTION ( 'NONE',  ( 0.6087657977601961257, 0.000000000000000000, 0.7933499880112131475 ) ) ;
#1440 = EDGE_CURVE ( 'NONE', #445, #1475, #106, .T. ) ;
#1441 = DIRECTION ( 'NONE',  ( 1.000000000000000000, 0.000000000000000000, 8.881784197001250351E-16 ) ) ;
#1442 = ORIENTED_EDGE ( 'NONE', *, *, #417, .F. ) ;
#1443 = DIRECTION ( 'NONE',  ( 0.000000000000000000, 0.000000000000000000, 1.000000000000000000 ) ) ;
#1444 = ADVANCED_FACE ( 'NONE', ( #1767, #2898 ), #1170, .F. ) ;
#1445 = ORIENTED_EDGE ( 'NONE', *, *, #464, .F. ) ;
#1446 = DIRECTION ( 'NONE',  ( 0.9238788260947650155, 0.000000000000000000, 0.3826851378009850091 ) ) ;
#1447 = ORIENTED_EDGE ( 'NONE', *, *, #222, .T. ) ;
#1448 = LINE ( 'NONE', #2585, #479 ) ;
#1449 = DIRECTION ( 'NONE',  ( 1.000000000000000000, 0.000000000000000000, 0.000000000000000000 ) ) ;
#1450 = AXIS2_PLACEMENT_3D ( 'NONE', #2296, #1773, #867 ) ;
#1451 = ORIENTED_EDGE ( 'NONE', *, *, #1712, .T. ) ;
#1452 = LINE ( 'NONE', #3453, #389 ) ;
#1453 = EDGE_LOOP ( 'NONE', ( #1683, #3518, #225, #1061 ) ) ;
#1454 = VECTOR ( 'NONE', #2655, 1000.000000000000000 ) ;
#1455 = CARTESIAN_POINT ( 'NONE',  ( 75.55343627929690342, 110.8320770263670028, 10.13247299194340023 ) ) ;
#1456 = EDGE_LOOP ( 'NONE', ( #1812, #2370, #2747, #3648 ) ) ;
#1457 = VECTOR ( 'NONE', #2907, 1000.000000000000000 ) ;
#1458 = DIRECTION ( 'NONE',  ( 0.000000000000000000, 1.000000000000000000, 0.000000000000000000 ) ) ;
#1459 = FACE_OUTER_BOUND ( 'NONE', #3635, .T. ) ;
#1460 = VECTOR ( 'NONE', #2423, 1000.000000000000000 ) ;
#1461 = CARTESIAN_POINT ( 'NONE',  ( 74.51279113769530227, 107.9337940216470031, 19.17189693449130061 ) ) ;
#1462 = EDGE_CURVE ( 'NONE', #2184, #940, #1487, .T. ) ;
#1463 = VERTEX_POINT ( 'NONE', #2304 ) ;
#1464 = PLANE ( 'NONE',  #440 ) ;
#1465 = EDGE_CURVE ( 'NONE', #445, #616, #3486, .T. ) ;
#1466 = ORIENTED_EDGE ( 'NONE', *, *, #3610, .T. ) ;
#1467 = CARTESIAN_POINT ( 'NONE',  ( 0.000000000000000000, 103.4866973876950027, 10.96409320826384359 ) ) ;
#1468 = VERTEX_POINT ( 'NONE', #1782 ) ;
#1469 = CARTESIAN_POINT ( 'NONE',  ( 78.32138824462889204, 109.7866973876949999, 4.464101791381840378 ) ) ;
#1470 = ADVANCED_FACE ( 'NONE', ( #3209 ), #2916, .T. ) ;
#1471 = PLANE ( 'NONE',  #1217 ) ;
#1472 = ORIENTED_EDGE ( 'NONE', *, *, #1354, .F. ) ;
#1473 = DIRECTION ( 'NONE',  ( 0.7933539883817068983, 0.000000000000000000, 0.6087605843998430410 ) ) ;
#1474 = ORIENTED_EDGE ( 'NONE', *, *, #688, .T. ) ;
#1475 = VERTEX_POINT ( 'NONE', #1799 ) ;
#1476 = DIRECTION ( 'NONE',  ( 0.000000000000000000, -1.000000000000000000, 0.000000000000000000 ) ) ;
#1477 = EDGE_LOOP ( 'NONE', ( #1870, #2190, #3061, #2060 ) ) ;
#1478 = PLANE ( 'NONE',  #1562 ) ;
#1479 = ORIENTED_EDGE ( 'NONE', *, *, #3568, .F. ) ;
#1480 = DIRECTION ( 'NONE',  ( -1.776356839400250070E-15, 1.000000000000000000, 1.554312234475220143E-15 ) ) ;
#1481 = ORIENTED_EDGE ( 'NONE', *, *, #285, .T. ) ;
#1482 = LINE ( 'NONE', #34, #2134 ) ;
#1483 = EDGE_CURVE ( 'NONE', #62, #651, #2987, .T. ) ;
#1484 = VECTOR ( 'NONE', #3553, 1000.000000000000000 ) ;
#1485 = DIRECTION ( 'NONE',  ( 0.000000000000000000, -0.5742044792245268869, 0.8187119249397128984 ) ) ;
#1486 = VERTEX_POINT ( 'NONE', #2411 ) ;
#1487 = LINE ( 'NONE', #2621, #1393 ) ;
#1488 = ORIENTED_EDGE ( 'NONE', *, *, #3329, .T. ) ;
#1489 = VECTOR ( 'NONE', #1017, 1000.000000000000227 ) ;
#1490 = DIRECTION ( 'NONE',  ( 0.000000000000000000, 0.000000000000000000, -1.000000000000000000 ) ) ;
#1491 = EDGE_CURVE ( 'NONE', #3035, #1486, #427, .T. ) ;
#1492 = ORIENTED_EDGE ( 'NONE', *, *, #2089, .F. ) ;
#1493 = VECTOR ( 'NONE', #1796, 1000.000000000000000 ) ;
#1494 = DIRECTION ( 'NONE',  ( 0.000000000000000000, -0.3082000389509638727, -0.9513215733865306722 ) ) ;
#1495 = VECTOR ( 'NONE', #2494, 1000.000000000000114 ) ;
#1496 = ORIENTED_EDGE ( 'NONE', *, *, #950, .F. ) ;
#1497 = VECTOR ( 'NONE', #3008, 1000.000000000000000 ) ;
#1498 = CARTESIAN_POINT ( 'NONE',  ( 0.000000000000000000, 103.4866973876950027, 0.000000000000000000 ) ) ;
#1499 = ORIENTED_EDGE ( 'NONE', *, *, #1208, .F. ) ;
#1500 = FACE_OUTER_BOUND ( 'NONE', #1315, .T. ) ;
#1501 = ORIENTED_EDGE ( 'NONE', *, *, #1717, .F. ) ;
#1502 = DIRECTION ( 'NONE',  ( 1.000000000000000000, 0.000000000000000000, 0.000000000000000000 ) ) ;
#1503 = FACE_OUTER_BOUND ( 'NONE', #1955, .T. ) ;
#1504 = VERTEX_POINT ( 'NONE', #3295 ) ;
#1505 = DIRECTION ( 'NONE',  ( 0.000000000000000000, -0.9193432737736847438, 0.3934564079629199185 ) ) ;
#1506 = ADVANCED_FACE ( 'NONE', ( #2110 ), #157, .T. ) ;
#1507 = ORIENTED_EDGE ( 'NONE', *, *, #2305, .T. ) ;
#1508 = VECTOR ( 'NONE', #3088, 1000.000000000000000 ) ;
#1509 = LINE ( 'NONE', #94, #242 ) ;
#1510 = ADVANCED_FACE ( 'NONE', ( #3020 ), #3259, .T. ) ;
#1511 = CARTESIAN_POINT ( 'NONE',  ( 110.2985601806639977, 110.4185193369179956, 6.928203582763670987 ) ) ;
#1512 = VECTOR ( 'NONE', #2805, 1000.000000000000000 ) ;
#1513 = ORIENTED_EDGE ( 'NONE', *, *, #1098, .F. ) ;
#1514 = LINE ( 'NONE', #1232, #3225 ) ;
#1515 = ORIENTED_EDGE ( 'NONE', *, *, #2502, .T. ) ;
#1516 = DIRECTION ( 'NONE',  ( -0.1305246315045859584, 0.000000000000000000, 0.9914450668446498360 ) ) ;
#1517 = ORIENTED_EDGE ( 'NONE', *, *, #2425, .T. ) ;
#1518 = LINE ( 'NONE', #2652, #3447 ) ;
#1519 = CARTESIAN_POINT ( 'NONE',  ( 107.7985601806639977, 110.1203287768050103, 11.36526285778540135 ) ) ;
#1520 = VERTEX_POINT ( 'NONE', #2706 ) ;
#1521 = CARTESIAN_POINT ( 'NONE',  ( 110.8843527221680034, 109.7866973876949999, 2.049888610839839753 ) ) ;
#1522 = VERTEX_POINT ( 'NONE', #1556 ) ;
#1523 = CARTESIAN_POINT ( 'NONE',  ( 80.57107543945309658, 109.7866973876949999, 5.395953178405759942 ) ) ;
#1524 = ORIENTED_EDGE ( 'NONE', *, *, #625, .T. ) ;
#1525 = EDGE_CURVE ( 'NONE', #3064, #2760, #1883, .T. ) ;
#1526 = FACE_OUTER_BOUND ( 'NONE', #1868, .T. ) ;
#1527 = EDGE_CURVE ( 'NONE', #2884, #756, #3003, .T. ) ;
#1528 = ORIENTED_EDGE ( 'NONE', *, *, #642, .T. ) ;
#1529 = CARTESIAN_POINT ( 'NONE',  ( -0.000000000000000000, 103.4866973876950027, 10.96409320826384359 ) ) ;
#1530 = ORIENTED_EDGE ( 'NONE', *, *, #35, .T. ) ;
#1531 = EDGE_CURVE ( 'NONE', #2743, #2025, #993, .T. ) ;
#1532 = CARTESIAN_POINT ( 'NONE',  ( 74.51279113769530227, 100.5210742950440022, 18.00437259668209933 ) ) ;
#1533 = DIRECTION ( 'NONE',  ( 0.000000000000000000, 1.000000000000000000, 0.000000000000000000 ) ) ;
#1534 = PLANE ( 'NONE',  #2281 ) ;
#1535 = VERTEX_POINT ( 'NONE', #3536 ) ;
#1536 = CARTESIAN_POINT ( 'NONE',  ( 112.2985601806639977, 101.7866973876950141, 1.464101791381839934 ) ) ;
#1537 = ORIENTED_EDGE ( 'NONE', *, *, #1712, .F. ) ;
#1538 = VECTOR ( 'NONE', #3227, 1000.000000000000114 ) ;
#1539 = CARTESIAN_POINT ( 'NONE',  ( 81.98529052734369316, 109.7866973876949999, 2.946463584899900123 ) ) ;
#1540 = VERTEX_POINT ( 'NONE', #701 ) ;
#1541 = DIRECTION ( 'NONE',  ( 1.776356839400250070E-15, 1.000000000000000000, 7.216449660063520471E-16 ) ) ;
#1542 = CARTESIAN_POINT ( 'NONE',  ( 78.12158203125000000, 109.7866973876949999, 2.946463584899900123 ) ) ;
#1543 = VECTOR ( 'NONE', #1994, 1000.000000000000114 ) ;
#1544 = EDGE_CURVE ( 'NONE', #621, #3480, #2376, .T. ) ;
#1545 = LINE ( 'NONE', #453, #236 ) ;
#1546 = VERTEX_POINT ( 'NONE', #2126 ) ;
#1547 = CARTESIAN_POINT ( 'NONE',  ( 107.7985601806639977, 105.1757812500000000, 8.920721054077150214 ) ) ;
#1548 = AXIS2_PLACEMENT_3D ( 'NONE', #2039, #2602, #1963 ) ;
#1549 = VERTEX_POINT ( 'NONE', #141 ) ;
#1550 = FACE_OUTER_BOUND ( 'NONE', #3174, .T. ) ;
#1551 = VECTOR ( 'NONE', #2972, 1000.000000000000227 ) ;
#1552 = CARTESIAN_POINT ( 'NONE',  ( 74.51279113769530227, 101.0301303863630125, 19.39532756799249924 ) ) ;
#1553 = CARTESIAN_POINT ( 'NONE',  ( 78.12158203125000000, 101.7866973876950141, 3.981739997863770419 ) ) ;
#1554 = EDGE_CURVE ( 'NONE', #3464, #498, #1605, .T. ) ;
#1555 = ORIENTED_EDGE ( 'NONE', *, *, #853, .F. ) ;
#1556 = CARTESIAN_POINT ( 'NONE',  ( 74.51279113769530227, 103.0119571686189914, 22.70369815819989867 ) ) ;
#1557 = VERTEX_POINT ( 'NONE', #2720 ) ;
#1558 = CARTESIAN_POINT ( 'NONE',  ( 110.8843527221680034, 109.7866973876949999, 4.878314971923830790 ) ) ;
#1559 = EDGE_LOOP ( 'NONE', ( #3651, #2561, #2613, #2038 ) ) ;
#1560 = DIRECTION ( 'NONE',  ( 0.000000000000000000, -0.6614875748709151404, 0.7499561242442090991 ) ) ;
#1561 = PLANE ( 'NONE',  #2567 ) ;
#1562 = AXIS2_PLACEMENT_3D ( 'NONE', #1792, #613, #2035 ) ;
#1563 = DIRECTION ( 'NONE',  ( 1.000000000000000000, 0.000000000000000000, 0.000000000000000000 ) ) ;
#1564 = VERTEX_POINT ( 'NONE', #446 ) ;
#1565 = CARTESIAN_POINT ( 'NONE',  ( 75.55343627929690342, 110.5573308152730050, 10.79575620568119909 ) ) ;
#1566 = CARTESIAN_POINT ( 'NONE',  ( 78.12158203125000000, 109.7866973876949999, 2.946463584899900123 ) ) ;
#1567 = VECTOR ( 'NONE', #1485, 1000.000000000000000 ) ;
#1568 = FACE_BOUND ( 'NONE', #3637, .T. ) ;
#1569 = LINE ( 'NONE', #734, #1437 ) ;
#1570 = LINE ( 'NONE', #974, #1754 ) ;
#1571 = EDGE_CURVE ( 'NONE', #2528, #1549, #1833, .T. ) ;
#1572 = ORIENTED_EDGE ( 'NONE', *, *, #1462, .T. ) ;
#1573 = DIRECTION ( 'NONE',  ( -0.000000000000000000, -0.000000000000000000, -1.000000000000000000 ) ) ;
#1574 = EDGE_LOOP ( 'NONE', ( #1920, #113, #2500, #1426 ) ) ;
#1575 = EDGE_CURVE ( 'NONE', #1793, #2239, #2096, .T. ) ;
#1576 = FACE_OUTER_BOUND ( 'NONE', #2365, .T. ) ;
#1577 = LINE ( 'NONE', #2802, #2915 ) ;
#1578 = CARTESIAN_POINT ( 'NONE',  ( 79.05343627929688921, 101.7866973876950141, 1.732050895690919967 ) ) ;
#1579 = PLANE ( 'NONE',  #2319 ) ;
#1580 = CARTESIAN_POINT ( 'NONE',  ( 31.18759688431604360, 101.7866973876950141, -38.15580046067728404 ) ) ;
#1581 = CARTESIAN_POINT ( 'NONE',  ( 116.2985601806640119, 109.7866973876949999, 3.464101791381839934 ) ) ;
#1582 = EDGE_CURVE ( 'NONE', #1307, #1726, #1293, .T. ) ;
#1583 = DIRECTION ( 'NONE',  ( 1.000000000000000000, 0.000000000000000000, 0.000000000000000000 ) ) ;
#1584 = PLANE ( 'NONE',  #1072 ) ;
#1585 = LINE ( 'NONE', #1830, #147 ) ;
#1586 = VERTEX_POINT ( 'NONE', #1817 ) ;
#1587 = CARTESIAN_POINT ( 'NONE',  ( 74.51279113769530227, 102.1145420074760040, 21.66047573083089972 ) ) ;
#1588 = ORIENTED_EDGE ( 'NONE', *, *, #1143, .F. ) ;
#1589 = ADVANCED_FACE ( 'NONE', ( #1240 ), #2145, .T. ) ;
#1590 = ORIENTED_EDGE ( 'NONE', *, *, #2534, .T. ) ;
#1591 = VECTOR ( 'NONE', #865, 1000.000000000000000 ) ;
#1592 = VECTOR ( 'NONE', #3353, 999.9999999999998863 ) ;
#1593 = EDGE_CURVE ( 'NONE', #925, #3064, #3277, .T. ) ;
#1594 = DIRECTION ( 'NONE',  ( -0.6087657977601962367, 0.000000000000000000, 0.7933499880112131475 ) ) ;
#1595 = DIRECTION ( 'NONE',  ( 0.1305212769253860094, 0.000000000000000000, -0.9914455084722340050 ) ) ;
#1596 = DIRECTION ( 'NONE',  ( 0.4999999809210178836, 0.000000000000000000, -0.8660254147996937490 ) ) ;
#1597 = DIRECTION ( 'NONE',  ( 0.000000000000000000, -1.000000000000000000, -7.500942924527349481E-16 ) ) ;
#1598 = VECTOR ( 'NONE', #679, 1000.000000000000114 ) ;
#1599 = DIRECTION ( 'NONE',  ( 0.000000000000000000, 1.000000000000000000, 7.771561172376100713E-16 ) ) ;
#1600 = DIRECTION ( 'NONE',  ( 0.9238810309891090089, 0.000000000000000000, 0.3826798146995750161 ) ) ;
#1601 = VECTOR ( 'NONE', #3561, 1000.000000000000000 ) ;
#1602 = CARTESIAN_POINT ( 'NONE',  ( 74.51279113769530227, 105.4820880890380010, 22.20573520655729993 ) ) ;
#1603 = ORIENTED_EDGE ( 'NONE', *, *, #1637, .F. ) ;
#1604 = VECTOR ( 'NONE', #3523, 1000.000000000000000 ) ;
#1605 = LINE ( 'NONE', #721, #1538 ) ;
#1606 = ORIENTED_EDGE ( 'NONE', *, *, #1417, .F. ) ;
#1607 = EDGE_CURVE ( 'NONE', #810, #1557, #1869, .T. ) ;
#1608 = EDGE_LOOP ( 'NONE', ( #1938, #2761 ) ) ;
#1609 = ORIENTED_EDGE ( 'NONE', *, *, #2723, .F. ) ;
#1610 = EDGE_CURVE ( 'NONE', #3487, #2183, #2670, .T. ) ;
#1611 = ORIENTED_EDGE ( 'NONE', *, *, #666, .F. ) ;
#1612 = EDGE_CURVE ( 'NONE', #2647, #3316, #553, .T. ) ;
#1613 = CARTESIAN_POINT ( 'NONE',  ( 114.2985601806640119, 109.7866973876949999, 3.464101791381839934 ) ) ;
#1614 = LINE ( 'NONE', #2768, #858 ) ;
#1615 = CARTESIAN_POINT ( 'NONE',  ( 81.78548431396480112, 109.7866973876949999, 4.464101791381840378 ) ) ;
#1616 = DIRECTION ( 'NONE',  ( 0.000000000000000000, -0.6994789162168121299, 0.7146532346307221673 ) ) ;
#1617 = DIRECTION ( 'NONE',  ( 0.9238788260947650155, 0.000000000000000000, -0.3826851378009850091 ) ) ;
#1618 = CARTESIAN_POINT ( 'NONE',  ( 81.98529052734369316, 109.7866973876949999, 2.946463584899900123 ) ) ;
#1619 = VECTOR ( 'NONE', #1599, 1000.000000000000000 ) ;
#1620 = VERTEX_POINT ( 'NONE', #492 ) ;
#1621 = CARTESIAN_POINT ( 'NONE',  ( 112.8161993408200061, 109.7866973876949999, 1.532249450683589975 ) ) ;
#1622 = PRODUCT ( 'smallmodif01', 'smallmodif01', '', ( #692 ) ) ;
#1623 = EDGE_LOOP ( 'NONE', ( #1713, #675, #399, #2325 ) ) ;
#1624 = VECTOR ( 'NONE', #2780, 1000.000000000000227 ) ;
#1625 = CARTESIAN_POINT ( 'NONE',  ( 77.74265866870140940, 109.7866973876949999, 6.389920943971089784 ) ) ;
#1626 = EDGE_CURVE ( 'NONE', #3099, #3035, #1664, .T. ) ;
#1627 = ORIENTED_EDGE ( 'NONE', *, *, #2978, .F. ) ;
#1628 = CARTESIAN_POINT ( 'NONE',  ( 74.51279113769530227, 103.0119571686189914, 22.70369815819989867 ) ) ;
#1629 = ORIENTED_EDGE ( 'NONE', *, *, #970, .F. ) ;
#1630 = ORIENTED_EDGE ( 'NONE', *, *, #1607, .T. ) ;
#1631 = LINE ( 'NONE', #1970, #566 ) ;
#1632 = DIRECTION ( 'NONE',  ( -0.4999999809210190493, 0.000000000000000000, 0.8660254147996930829 ) ) ;
#1633 = FACE_OUTER_BOUND ( 'NONE', #1927, .T. ) ;
#1634 = EDGE_CURVE ( 'NONE', #228, #2071, #2499, .T. ) ;
#1635 = CARTESIAN_POINT ( 'NONE',  ( 114.2985601806640119, 110.4185193369179956, 6.928203582763670987 ) ) ;
#1636 = PLANE ( 'NONE',  #373 ) ;
#1637 = EDGE_CURVE ( 'NONE', #1988, #1818, #2479, .T. ) ;
#1638 = CARTESIAN_POINT ( 'NONE',  ( 116.7985601806640119, 107.7866973876949999, 14.96409320831483036 ) ) ;
#1639 = VERTEX_POINT ( 'NONE', #1086 ) ;
#1640 = DIRECTION ( 'NONE',  ( 0.3826798146995759042, 0.000000000000000000, 0.9238810309891086758 ) ) ;
#1641 = FILL_AREA_STYLE ('',( #2796 ) ) ;
#1642 = EDGE_CURVE ( 'NONE', #3559, #2577, #1921, .T. ) ;
#1643 = ORIENTED_EDGE ( 'NONE', *, *, #3025, .T. ) ;
#1644 = DIRECTION ( 'NONE',  ( 0.000000000000000000, -0.9135365973175292309, 0.4067565431084181338 ) ) ;
#1645 = ORIENTED_EDGE ( 'NONE', *, *, #2771, .T. ) ;
#1646 = DIRECTION ( 'NONE',  ( 2.110926372141859940E-15, 0.000000000000000000, -1.000000000000000000 ) ) ;
#1647 = DIRECTION ( 'NONE',  ( 1.000000000000000000, 0.000000000000000000, 0.000000000000000000 ) ) ;
#1648 = ORIENTED_EDGE ( 'NONE', *, *, #347, .F. ) ;
#1649 = LINE ( 'NONE', #1131, #626 ) ;
#1650 = ORIENTED_EDGE ( 'NONE', *, *, #893, .F. ) ;
#1651 = EDGE_LOOP ( 'NONE', ( #1195, #3592, #3075, #2214 ) ) ;
#1652 = LINE ( 'NONE', #3618, #1810 ) ;
#1653 = ORIENTED_CLOSED_SHELL ( 'NONE', *, #3050, .F. );
#1654 = DIRECTION ( 'NONE',  ( -0.7933499880112131475, 0.000000000000000000, 0.6087657977601962367 ) ) ;
#1655 = CARTESIAN_POINT ( 'NONE',  ( 75.55343627929690342, 107.7866973876949999, 13.46409320831300072 ) ) ;
#1656 = DIRECTION ( 'NONE',  ( 0.000000000000000000, 0.7071067811826509120, 0.7071067811904441225 ) ) ;
#1657 = EDGE_CURVE ( 'NONE', #621, #2034, #1387, .T. ) ;
#1658 = CARTESIAN_POINT ( 'NONE',  ( 116.7985601806640119, 112.7866973876949999, 13.46409320831300072 ) ) ;
#1659 = ORIENTED_EDGE ( 'NONE', *, *, #3493, .T. ) ;
#1660 = CARTESIAN_POINT ( 'NONE',  ( 111.2985601806639977, 101.7866973876950141, 1.732050895690919967 ) ) ;
#1661 = DIRECTION ( 'NONE',  ( 0.1305212769253860094, 0.000000000000000000, 0.9914455084722340050 ) ) ;
#1662 = VECTOR ( 'NONE', #1439, 1000.000000000000114 ) ;
#1663 = VERTEX_POINT ( 'NONE', #1960 ) ;
#1664 = LINE ( 'NONE', #850, #1244 ) ;
#1665 = ORIENTED_EDGE ( 'NONE', *, *, #1759, .T. ) ;
#1666 = VECTOR ( 'NONE', #2130, 1000.000000000000114 ) ;
#1667 = CARTESIAN_POINT ( 'NONE',  ( 116.2985601806640119, 112.7866973876949999, 3.464101791381839934 ) ) ;
#1668 = EDGE_CURVE ( 'NONE', #175, #951, #3395, .T. ) ;
#1669 = CARTESIAN_POINT ( 'NONE',  ( 107.7985601806639977, 107.4866973877002465, 14.96409320831317835 ) ) ;
#1670 = AXIS2_PLACEMENT_3D ( 'NONE', #1455, #2028, #2869 ) ;
#1671 = ORIENTED_EDGE ( 'NONE', *, *, #390, .T. ) ;
#1672 = CARTESIAN_POINT ( 'NONE',  ( 74.51279113769530227, 103.4956226349320048, 22.95279979699569850 ) ) ;
#1673 = ORIENTED_EDGE ( 'NONE', *, *, #1188, .T. ) ;
#1674 = CIRCLE ( 'NONE', #2265, 3.000000000000002665 ) ;
#1675 = FACE_OUTER_BOUND ( 'NONE', #959, .T. ) ;
#1676 = CARTESIAN_POINT ( 'NONE',  ( 84.55343627929690342, 108.1757812500000000, 8.920721054077150214 ) ) ;
#1677 = FACE_OUTER_BOUND ( 'NONE', #85, .T. ) ;
#1678 = FACE_OUTER_BOUND ( 'NONE', #3042, .T. ) ;
#1679 = ADVANCED_BREP_SHAPE_REPRESENTATION ( 'smallmodif01', ( #585, #2486 ), #3195 ) ;
#1680 = DIRECTION ( 'NONE',  ( 1.776356839400250070E-15, 1.000000000000000000, -7.216449660063520471E-16 ) ) ;
#1681 = ORIENTED_EDGE ( 'NONE', *, *, #1571, .F. ) ;
#1682 = CARTESIAN_POINT ( 'NONE',  ( 111.7809210205080035, 101.7866973876950141, 1.532249450683589975 ) ) ;
#1683 = ORIENTED_EDGE ( 'NONE', *, *, #1228, .T. ) ;
#1684 = CARTESIAN_POINT ( 'NONE',  ( 112.8161993408200061, 101.7866973876950141, 1.532249450683589975 ) ) ;
#1685 = ORIENTED_EDGE ( 'NONE', *, *, #401, .F. ) ;
#1686 = VECTOR ( 'NONE', #523, 1000.000000000000227 ) ;
#1687 = CARTESIAN_POINT ( 'NONE',  ( 78.32138824462889204, 101.7866973876950141, 4.464101791381830608 ) ) ;
#1688 = ADVANCED_FACE ( 'NONE', ( #1330 ), #1899, .T. ) ;
#1689 = PLANE ( 'NONE',  #1158 ) ;
#1690 = AXIS2_PLACEMENT_3D ( 'NONE', #2515, #3365, #2733 ) ;
#1691 = EDGE_LOOP ( 'NONE', ( #2251, #3335, #1442, #683 ) ) ;
#1692 = DIRECTION ( 'NONE',  ( 1.000000000000000000, 0.000000000000000000, 0.000000000000000000 ) ) ;
#1693 = ADVANCED_FACE ( 'NONE', ( #532 ), #3076, .T. ) ;
#1694 = ORIENTED_EDGE ( 'NONE', *, *, #203, .F. ) ;
#1695 = VECTOR ( 'NONE', #1780, 1000.000000000000000 ) ;
#1696 = CARTESIAN_POINT ( 'NONE',  ( 114.2304144287110006, 101.7866973876950141, 3.981739997863760205 ) ) ;
#1697 = LINE ( 'NONE', #2310, #3097 ) ;
#1698 = DIRECTION ( 'NONE',  ( -1.000000000000000000, 0.000000000000000000, 0.000000000000000000 ) ) ;
#1699 = CARTESIAN_POINT ( 'NONE',  ( 81.78548431396480112, 101.7866973876950141, 2.464101791381839934 ) ) ;
#1700 = PLANE ( 'NONE',  #1831 ) ;
#1701 = LINE ( 'NONE', #3386, #1271 ) ;
#1702 = VERTEX_POINT ( 'NONE', #3591 ) ;
#1703 = CARTESIAN_POINT ( 'NONE',  ( 114.2985601806640119, 112.7866973876949999, 6.928203582763670987 ) ) ;
#1704 = CARTESIAN_POINT ( 'NONE',  ( 107.7985601806639977, 101.7866973876950141, 5.088318201762800359E-16 ) ) ;
#1705 = EDGE_LOOP ( 'NONE', ( #825, #2856, #536, #1009 ) ) ;
#1706 = PLANE ( 'NONE',  #2853 ) ;
#1707 = VERTEX_POINT ( 'NONE', #1980 ) ;
#1708 = PLANE ( 'NONE',  #900 ) ;
#1709 = LINE ( 'NONE', #3102, #1624 ) ;
#1710 = VERTEX_POINT ( 'NONE', #229 ) ;
#1711 = DIRECTION ( 'NONE',  ( 0.000000000000000000, -0.7933529235767839971, -0.6087619720811819901 ) ) ;
#1712 = EDGE_CURVE ( 'NONE', #3039, #1564, #1943, .T. ) ;
#1713 = ORIENTED_EDGE ( 'NONE', *, *, #2985, .T. ) ;
#1714 = CARTESIAN_POINT ( 'NONE',  ( 81.46765136718750000, 101.7866973876950141, 2.049888610839839753 ) ) ;
#1715 = CARTESIAN_POINT ( 'NONE',  ( 113.2985601806639977, 101.7866973876950141, 5.196151733398449934 ) ) ;
#1716 = CARTESIAN_POINT ( 'NONE',  ( 84.55343627929690342, 101.7866973876950141, 22.99834838098309930 ) ) ;
#1717 = EDGE_CURVE ( 'NONE', #2684, #2956, #2238, .T. ) ;
#1718 = PLANE ( 'NONE',  #2665 ) ;
#1719 = VERTEX_POINT ( 'NONE', #274 ) ;
#1720 = LINE ( 'NONE', #3426, #1913 ) ;
#1721 = VERTEX_POINT ( 'NONE', #3098 ) ;
#1722 = PLANE ( 'NONE',  #2911 ) ;
#1723 = ORIENTED_EDGE ( 'NONE', *, *, #3455, .F. ) ;
#1724 = DIRECTION ( 'NONE',  ( -0.3826851378009850091, 0.000000000000000000, -0.9238788260947650155 ) ) ;
#1725 = DIRECTION ( 'NONE',  ( 0.000000000000000000, 1.000000000000000000, 5.506064073066059802E-12 ) ) ;
#1726 = VERTEX_POINT ( 'NONE', #3371 ) ;
#1727 = AXIS2_PLACEMENT_3D ( 'NONE', #1676, #2789, #2811 ) ;
#1728 = DIRECTION ( 'NONE',  ( 0.7933539883817068983, 0.000000000000000000, 0.6087605843998430410 ) ) ;
#1729 = ORIENTED_EDGE ( 'NONE', *, *, #2073, .F. ) ;
#1730 = VECTOR ( 'NONE', #2347, 1000.000000000000227 ) ;
#1731 = EDGE_CURVE ( 'NONE', #2316, #1307, #829, .T. ) ;
#1732 = CARTESIAN_POINT ( 'NONE',  ( 114.2985601806640119, 109.7866973876949999, 6.928203582763670987 ) ) ;
#1733 = VECTOR ( 'NONE', #400, 1000.000000000000000 ) ;
#1734 = ADVANCED_FACE ( 'NONE', ( #1406 ), #1364, .T. ) ;
#1735 = EDGE_CURVE ( 'NONE', #2577, #115, #1045, .T. ) ;
#1736 = ADVANCED_FACE ( 'NONE', ( #769 ), #1706, .T. ) ;
#1737 = ORIENTED_EDGE ( 'NONE', *, *, #1554, .F. ) ;
#1738 = LINE ( 'NONE', #63, #2692 ) ;
#1739 = ORIENTED_EDGE ( 'NONE', *, *, #1610, .F. ) ;
#1740 = CARTESIAN_POINT ( 'NONE',  ( 75.55343627929690342, 108.1757812500000000, 8.920721054077150214 ) ) ;
#1741 = ORIENTED_EDGE ( 'NONE', *, *, #3306, .T. ) ;
#1742 = DIRECTION ( 'NONE',  ( 0.000000000000000000, 1.000000000000000000, 0.000000000000000000 ) ) ;
#1743 = CARTESIAN_POINT ( 'NONE',  ( 78.63922119140620737, 109.7866973876949999, 2.049888610839839753 ) ) ;
#1744 = VECTOR ( 'NONE', #2962, 1000.000000000000114 ) ;
#1745 = EDGE_LOOP ( 'NONE', ( #696, #2314, #2601, #1836 ) ) ;
#1746 = CARTESIAN_POINT ( 'NONE',  ( 81.98529052734369316, 109.7866973876949999, 3.981739997863770419 ) ) ;
#1747 = ORIENTED_EDGE ( 'NONE', *, *, #2551, .F. ) ;
#1748 = VECTOR ( 'NONE', #38, 1000.000000000000114 ) ;
#1749 = EDGE_CURVE ( 'NONE', #1475, #1171, #2197, .T. ) ;
#1750 = PLANE ( 'NONE',  #3504 ) ;
#1751 = VERTEX_POINT ( 'NONE', #3185 ) ;
#1752 = AXIS2_PLACEMENT_3D ( 'NONE', #535, #1066, #213 ) ;
#1753 = FACE_OUTER_BOUND ( 'NONE', #3508, .T. ) ;
#1754 = VECTOR ( 'NONE', #1327, 1000.000000000000000 ) ;
#1755 = DIRECTION ( 'NONE',  ( -0.9238788260947650155, 0.000000000000000000, -0.3826851378009850091 ) ) ;
#1756 = ADVANCED_FACE ( 'NONE', ( #293 ), #368, .F. ) ;
#1757 = ORIENTED_EDGE ( 'NONE', *, *, #231, .T. ) ;
#1758 = CARTESIAN_POINT ( 'NONE',  ( 91.28228351354863435, 103.4866973876950027, 10.96409320826386491 ) ) ;
#1759 = EDGE_CURVE ( 'NONE', #1051, #2475, #3133, .T. ) ;
#1760 = EDGE_LOOP ( 'NONE', ( #694, #2062, #1150, #2449 ) ) ;
#1761 = DIRECTION ( 'NONE',  ( -1.000000000000000000, 0.000000000000000000, 0.000000000000000000 ) ) ;
#1762 = ORIENTED_EDGE ( 'NONE', *, *, #2658, .T. ) ;
#1763 = DIRECTION ( 'NONE',  ( 1.000000000000000000, 0.000000000000000000, -0.000000000000000000 ) ) ;
#1764 = FACE_OUTER_BOUND ( 'NONE', #1827, .T. ) ;
#1765 = ADVANCED_FACE ( 'NONE', ( #2070 ), #1722, .F. ) ;
#1766 = ORIENTED_EDGE ( 'NONE', *, *, #715, .F. ) ;
#1767 = FACE_OUTER_BOUND ( 'NONE', #319, .T. ) ;
#1768 = VERTEX_POINT ( 'NONE', #662 ) ;
#1769 = FACE_OUTER_BOUND ( 'NONE', #2980, .T. ) ;
#1770 = DIRECTION ( 'NONE',  ( 0.000000000000000000, -0.7933565189577292953, 0.6087572864675002693 ) ) ;
#1771 = EDGE_CURVE ( 'NONE', #1768, #2095, #1165, .T. ) ;
#1772 = ORIENTED_EDGE ( 'NONE', *, *, #1115, .F. ) ;
#1773 = DIRECTION ( 'NONE',  ( 0.000000000000000000, 1.000000000000000000, 0.000000000000000000 ) ) ;
#1774 = EDGE_CURVE ( 'NONE', #2034, #1855, #84, .T. ) ;
#1775 = ORIENTED_EDGE ( 'NONE', *, *, #2740, .T. ) ;
#1776 = CARTESIAN_POINT ( 'NONE',  ( 109.9877825700690011, 109.7866973876949999, 6.389920943971089784 ) ) ;
#1777 = ORIENTED_EDGE ( 'NONE', *, *, #25, .T. ) ;
#1778 = DIRECTION ( 'NONE',  ( 0.9914450668446498360, 0.000000000000000000, 0.1305246315045849592 ) ) ;
#1779 = VECTOR ( 'NONE', #2175, 1000.000000000000227 ) ;
#1780 = DIRECTION ( 'NONE',  ( 0.000000000000000000, 1.000000000000000000, 8.881784197001250351E-16 ) ) ;
#1781 = VERTEX_POINT ( 'NONE', #593 ) ;
#1782 = CARTESIAN_POINT ( 'NONE',  ( 107.7985601806639977, 107.7866973876949999, 13.46409320831300072 ) ) ;
#1783 = VERTEX_POINT ( 'NONE', #933 ) ;
#1784 = EDGE_CURVE ( 'NONE', #2689, #1663, #2056, .T. ) ;
#1785 = CIRCLE ( 'NONE', #771, 3.000000000000002665 ) ;
#1786 = DIRECTION ( 'NONE',  ( 0.000000000000000000, -1.000000000000000000, 0.000000000000000000 ) ) ;
#1787 = VECTOR ( 'NONE', #1646, 1000.000000000000000 ) ;
#1788 = LINE ( 'NONE', #2819, #1010 ) ;
#1789 = VECTOR ( 'NONE', #145, 1000.000000000000227 ) ;
#1790 = VERTEX_POINT ( 'NONE', #11 ) ;
#1791 = VECTOR ( 'NONE', #1413, 1000.000000000000000 ) ;
#1792 = CARTESIAN_POINT ( 'NONE',  ( 110.2985601806639977, 109.7866973876949999, 6.928203582763670987 ) ) ;
#1793 = VERTEX_POINT ( 'NONE', #2562 ) ;
#1794 = CARTESIAN_POINT ( 'NONE',  ( 110.5665121459960005, 109.7866973876949999, 2.464101791381839934 ) ) ;
#1795 = VERTEX_POINT ( 'NONE', #869 ) ;
#1796 = DIRECTION ( 'NONE',  ( -1.000000000000000000, 0.000000000000000000, 1.249000902703299875E-16 ) ) ;
#1797 = CARTESIAN_POINT ( 'NONE',  ( 74.51279113769530227, 102.7031497955689900, 22.43131923669040262 ) ) ;
#1798 = EDGE_LOOP ( 'NONE', ( #3330, #2656 ) ) ;
#1799 = CARTESIAN_POINT ( 'NONE',  ( 109.9877825700690011, 109.7866973876949999, 6.389920943971089784 ) ) ;
#1800 = ORIENTED_EDGE ( 'NONE', *, *, #2018, .F. ) ;
#1801 = ADVANCED_FACE ( 'NONE', ( #1500 ), #32, .T. ) ;
#1802 = EDGE_CURVE ( 'NONE', #1663, #311, #905, .T. ) ;
#1803 = CARTESIAN_POINT ( 'NONE',  ( 78.32138824462889204, 101.7866973876950141, 4.464101791381830608 ) ) ;
#1804 = ORIENTED_EDGE ( 'NONE', *, *, #3361, .F. ) ;
#1805 = VECTOR ( 'NONE', #1661, 1000.000000000000227 ) ;
#1806 = DIRECTION ( 'NONE',  ( 0.4999999809210190493, 0.000000000000000000, 0.8660254147996930829 ) ) ;
#1807 = DIRECTION ( 'NONE',  ( 0.9238758645718683216, 0.000000000000000000, 0.3826922874341511238 ) ) ;
#1808 = VECTOR ( 'NONE', #620, 1000.000000000000000 ) ;
#1809 = ORIENTED_EDGE ( 'NONE', *, *, #1059, .F. ) ;
#1810 = VECTOR ( 'NONE', #3680, 1000.000000000000000 ) ;
#1811 = FACE_OUTER_BOUND ( 'NONE', #3375, .T. ) ;
#1812 = ORIENTED_EDGE ( 'NONE', *, *, #876, .T. ) ;
#1813 = DIRECTION ( 'NONE',  ( -1.000000000000000000, 0.000000000000000000, 0.000000000000000000 ) ) ;
#1814 = DIRECTION ( 'NONE',  ( -1.000000000000000000, 0.000000000000000000, 0.000000000000000000 ) ) ;
#1815 = LINE ( 'NONE', #2391, #2404 ) ;
#1816 = ORIENTED_EDGE ( 'NONE', *, *, #1039, .F. ) ;
#1817 = CARTESIAN_POINT ( 'NONE',  ( 107.7985601806639977, 111.1757812500000142, 8.920721054077150214 ) ) ;
#1818 = VERTEX_POINT ( 'NONE', #315 ) ;
#1819 = EDGE_CURVE ( 'NONE', #2160, #2525, #1178, .T. ) ;
#1820 = CARTESIAN_POINT ( 'NONE',  ( 111.7809210205080035, 109.7866973876949999, 1.532249450683589975 ) ) ;
#1821 = ORIENTED_EDGE ( 'NONE', *, *, #2348, .T. ) ;
#1822 = CARTESIAN_POINT ( 'NONE',  ( 81.05343627929690342, 101.7866973876950141, 5.196151733398430395 ) ) ;
#1823 = LINE ( 'NONE', #165, #953 ) ;
#1824 = EDGE_CURVE ( 'NONE', #3214, #1057, #2298, .T. ) ;
#1825 = ORIENTED_EDGE ( 'NONE', *, *, #2598, .F. ) ;
#1826 = DIRECTION ( 'NONE',  ( 0.000000000000000000, -1.000000000000000000, 0.000000000000000000 ) ) ;
#1827 = EDGE_LOOP ( 'NONE', ( #2428, #273, #2905, #3311 ) ) ;
#1828 = CARTESIAN_POINT ( 'NONE',  ( 110.8843527221680034, 101.7866973876950141, 4.878314971923820131 ) ) ;
#1829 = CARTESIAN_POINT ( 'NONE',  ( 81.46765136718750000, 109.7866973876949999, 4.878314971923830790 ) ) ;
#1830 = CARTESIAN_POINT ( 'NONE',  ( 117.7227911376949976, 106.2732944488989943, 21.39736461635580156 ) ) ;
#1831 = AXIS2_PLACEMENT_3D ( 'NONE', #1159, #2813, #2033 ) ;
#1832 = ORIENTED_EDGE ( 'NONE', *, *, #1465, .T. ) ;
#1833 = LINE ( 'NONE', #1260, #2783 ) ;
#1834 = EDGE_LOOP ( 'NONE', ( #790, #396, #1816, #514 ) ) ;
#1835 = DIRECTION ( 'NONE',  ( 0.000000000000000000, -0.9238830312443551129, -0.3826749855670500966 ) ) ;
#1836 = ORIENTED_EDGE ( 'NONE', *, *, #2348, .F. ) ;
#1837 = DIRECTION ( 'NONE',  ( 0.000000000000000000, -1.000000000000000000, 0.000000000000000000 ) ) ;
#1838 = VECTOR ( 'NONE', #1583, 1000.000000000000000 ) ;
#1839 = LINE ( 'NONE', #2976, #668 ) ;
#1840 = VECTOR ( 'NONE', #3481, 1000.000000000000114 ) ;
#1841 = FACE_BOUND ( 'NONE', #2483, .T. ) ;
#1842 = EDGE_CURVE ( 'NONE', #3178, #2280, #2037, .T. ) ;
#1843 = ORIENTED_EDGE ( 'NONE', *, *, #359, .F. ) ;
#1844 = LINE ( 'NONE', #3254, #2340 ) ;
#1845 = VECTOR ( 'NONE', #1042, 1000.000000000000114 ) ;
#1846 = EDGE_CURVE ( 'NONE', #121, #356, #2840, .T. ) ;
#1847 = FACE_OUTER_BOUND ( 'NONE', #2839, .T. ) ;
#1848 = VECTOR ( 'NONE', #2147, 1000.000000000000114 ) ;
#1849 = DIRECTION ( 'NONE',  ( 0.000000000000000000, 1.000000000000000000, 7.771561172376100713E-16 ) ) ;
#1850 = LINE ( 'NONE', #2124, #1278 ) ;
#1851 = ORIENTED_EDGE ( 'NONE', *, *, #879, .T. ) ;
#1852 = CARTESIAN_POINT ( 'NONE',  ( 81.98529052734369316, 101.7866973876950141, 2.946463584899909893 ) ) ;
#1853 = ORIENTED_EDGE ( 'NONE', *, *, #2330, .F. ) ;
#1854 = LINE ( 'NONE', #724, #1551 ) ;
#1855 = VERTEX_POINT ( 'NONE', #644 ) ;
#1856 = LINE ( 'NONE', #982, #1601 ) ;
#1857 = ADVANCED_FACE ( 'NONE', ( #615 ), #336, .F. ) ;
#1858 = PLANE ( 'NONE',  #483 ) ;
#1859 = VECTOR ( 'NONE', #3667, 1000.000000000000000 ) ;
#1860 = DIRECTION ( 'NONE',  ( 0.000000000000000000, -1.000000000000000000, 0.000000000000000000 ) ) ;
#1861 = AXIS2_PLACEMENT_3D ( 'NONE', #748, #507, #525 ) ;
#1862 = DIRECTION ( 'NONE',  ( 0.000000000000000000, -0.2183562848856789307, 0.9758691166600796940 ) ) ;
#1863 = EDGE_CURVE ( 'NONE', #3207, #1751, #2892, .T. ) ;
#1864 = DIRECTION ( 'NONE',  ( 0.6087676418570938663, 0.000000000000000000, 0.7933485729663557473 ) ) ;
#1865 = VECTOR ( 'NONE', #503, 1000.000000000000000 ) ;
#1866 = CARTESIAN_POINT ( 'NONE',  ( 114.0306158447269951, 109.7866973876949999, 2.464101791381839934 ) ) ;
#1867 = CARTESIAN_POINT ( 'NONE',  ( 75.55343627929690342, 101.7866973876950141, 14.96409320828179190 ) ) ;
#1868 = EDGE_LOOP ( 'NONE', ( #344, #3134 ) ) ;
#1869 = LINE ( 'NONE', #2952, #654 ) ;
#1870 = ORIENTED_EDGE ( 'NONE', *, *, #1483, .F. ) ;
#1871 = EDGE_CURVE ( 'NONE', #3425, #2633, #1785, .T. ) ;
#1872 = CARTESIAN_POINT ( 'NONE',  ( 114.2985601806640119, 112.7866973876949999, 1.707933981658220080E-31 ) ) ;
#1873 = ORIENTED_EDGE ( 'NONE', *, *, #2726, .T. ) ;
#1874 = DIRECTION ( 'NONE',  ( 0.6087657977601961257, 0.000000000000000000, -0.7933499880112131475 ) ) ;
#1875 = CARTESIAN_POINT ( 'NONE',  ( 82.05343627929690342, 109.7866973876949999, 3.464101791381839934 ) ) ;
#1876 = CARTESIAN_POINT ( 'NONE',  ( 75.55343627929690342, 105.1757812500000000, 8.920721054077150214 ) ) ;
#1877 = CARTESIAN_POINT ( 'NONE',  ( 114.2304144287110006, 101.7866973876950141, 2.946463584899900123 ) ) ;
#1878 = CARTESIAN_POINT ( 'NONE',  ( 117.7227911376949976, 104.7243518829830009, 22.75322246546129890 ) ) ;
#1879 = CARTESIAN_POINT ( 'NONE',  ( 110.3667135620120092, 109.7866973876949999, 2.946463584899900123 ) ) ;
#1880 = EDGE_CURVE ( 'NONE', #73, #2316, #422, .T. ) ;
#1881 = DIRECTION ( 'NONE',  ( -0.7742633737221441548, 0.000000000000000000, 0.6328635146004257805 ) ) ;
#1882 = EDGE_LOOP ( 'NONE', ( #2681, #2306, #1236, #3150 ) ) ;
#1883 = LINE ( 'NONE', #2690, #759 ) ;
#1884 = ORIENTED_EDGE ( 'NONE', *, *, #1208, .T. ) ;
#1885 = ORIENTED_EDGE ( 'NONE', *, *, #1083, .T. ) ;
#1886 = ADVANCED_FACE ( 'NONE', ( #2998 ), #2928, .T. ) ;
#1887 = VERTEX_POINT ( 'NONE', #2650 ) ;
#1888 = VECTOR ( 'NONE', #3057, 1000.000000000000000 ) ;
#1889 = ORIENTED_EDGE ( 'NONE', *, *, #2331, .F. ) ;
#1890 = LINE ( 'NONE', #781, #1430 ) ;
#1891 = DIRECTION ( 'NONE',  ( -0.000000000000000000, 0.000000000000000000, -1.000000000000000000 ) ) ;
#1892 = DIRECTION ( 'NONE',  ( 0.000000000000000000, -0.3934564079629199740, -0.9193432737736848548 ) ) ;
#1893 = AXIS2_PLACEMENT_3D ( 'NONE', #2119, #3252, #2135 ) ;
#1894 = CARTESIAN_POINT ( 'NONE',  ( 108.2985601806639977, 109.7866973876949999, 3.464101791381839934 ) ) ;
#1895 = CARTESIAN_POINT ( 'NONE',  ( 110.3667135620120092, 109.7866973876949999, 3.981739997863770419 ) ) ;
#1896 = VECTOR ( 'NONE', #441, 1000.000000000000000 ) ;
#1897 = ORIENTED_EDGE ( 'NONE', *, *, #2587, .F. ) ;
#1898 = VECTOR ( 'NONE', #249, 1000.000000000000114 ) ;
#1899 = PLANE ( 'NONE',  #3677 ) ;
#1900 = ORIENTED_EDGE ( 'NONE', *, *, #945, .T. ) ;
#1901 = CARTESIAN_POINT ( 'NONE',  ( 77.82898742891940458, 110.0216071502809001, 6.539446750430579769 ) ) ;
#1902 = VERTEX_POINT ( 'NONE', #2369 ) ;
#1903 = DIRECTION ( 'NONE',  ( 0.000000000000000000, -0.7499561242442090991, -0.6614875748709151404 ) ) ;
#1904 = ADVANCED_FACE ( 'NONE', ( #456 ), #2716, .T. ) ;
#1905 = ORIENTED_EDGE ( 'NONE', *, *, #2374, .F. ) ;
#1906 = EDGE_LOOP ( 'NONE', ( #2004, #105, #1166, #369, #3192 ) ) ;
#1907 = ADVANCED_FACE ( 'NONE', ( #387 ), #101, .T. ) ;
#1908 = DIRECTION ( 'NONE',  ( 1.776356839400250070E-15, 1.000000000000000000, -1.110223024625160090E-15 ) ) ;
#1909 = CARTESIAN_POINT ( 'NONE',  ( 107.7985601806639977, 110.5573308152730050, 10.79575620568119909 ) ) ;
#1910 = ADVANCED_FACE ( 'NONE', ( #714 ), #2948, .T. ) ;
#1911 = FACE_OUTER_BOUND ( 'NONE', #270, .T. ) ;
#1912 = CARTESIAN_POINT ( 'NONE',  ( 81.78548431396480112, 109.7866973876949999, 2.464101791381839934 ) ) ;
#1913 = VECTOR ( 'NONE', #932, 1000.000000000000000 ) ;
#1914 = DIRECTION ( 'NONE',  ( 1.000000000000000000, 0.000000000000000000, 0.000000000000000000 ) ) ;
#1915 = EDGE_LOOP ( 'NONE', ( #3260, #614 ) ) ;
#1916 = VECTOR ( 'NONE', #3175, 1000.000000000000000 ) ;
#1917 = DIRECTION ( 'NONE',  ( 0.000000000000000000, -1.000000000000000000, 0.000000000000000000 ) ) ;
#1918 = SURFACE_STYLE_FILL_AREA ( #1641 ) ;
#1919 = VECTOR ( 'NONE', #3106, 1000.000000000000114 ) ;
#1920 = ORIENTED_EDGE ( 'NONE', *, *, #1163, .F. ) ;
#1921 = LINE ( 'NONE', #253, #1592 ) ;
#1922 = EDGE_LOOP ( 'NONE', ( #3258, #107, #1843, #3372 ) ) ;
#1923 = CARTESIAN_POINT ( 'NONE',  ( 75.55343627929690342, 112.7866973876949999, 13.46409320831300072 ) ) ;
#1924 = LINE ( 'NONE', #3060, #1031 ) ;
#1925 = VECTOR ( 'NONE', #2688, 1000.000000000000000 ) ;
#1926 =( BOUNDED_CURVE ( )  B_SPLINE_CURVE ( 3, ( #1511, #3392, #2276, #2645 ),
 .UNSPECIFIED., .F., .F. ) 
 B_SPLINE_CURVE_WITH_KNOTS ( ( 4, 4 ),
 ( -1.000000000000000000, 0.000000000000000000 ),
 .UNSPECIFIED. ) 
 CURVE ( )  GEOMETRIC_REPRESENTATION_ITEM ( )  RATIONAL_B_SPLINE_CURVE ( ( 1.000000000000000000, 0.9935900438396230161, 0.9935900438396230161, 1.000000000000000000 ) ) 
 REPRESENTATION_ITEM ( '' )  );
#1927 = EDGE_LOOP ( 'NONE', ( #408, #2487, #380, #3037 ) ) ;
#1928 = DIRECTION ( 'NONE',  ( 0.000000000000000000, 1.000000000000000000, 7.401486830834378990E-17 ) ) ;
#1929 = EDGE_LOOP ( 'NONE', ( #1492, #2055, #1012, #594 ) ) ;
#1930 = ORIENTED_EDGE ( 'NONE', *, *, #95, .F. ) ;
#1931 = EDGE_CURVE ( 'NONE', #1388, #2335, #2441, .T. ) ;
#1932 = DIRECTION ( 'NONE',  ( 1.000000000000000000, 0.000000000000000000, 0.000000000000000000 ) ) ;
#1933 = FACE_OUTER_BOUND ( 'NONE', #817, .T. ) ;
#1934 = FACE_BOUND ( 'NONE', #539, .T. ) ;
#1935 = CARTESIAN_POINT ( 'NONE',  ( 110.2985601806639977, 112.7866973876949999, 6.928203582763670987 ) ) ;
#1936 = DIRECTION ( 'NONE',  ( -0.000000000000000000, 1.000000000000000000, 0.000000000000000000 ) ) ;
#1937 = ADVANCED_FACE ( 'NONE', ( #1550 ), #2685, .T. ) ;
#1938 = ORIENTED_EDGE ( 'NONE', *, *, #3121, .T. ) ;
#1939 = CARTESIAN_POINT ( 'NONE',  ( 110.2985601806639977, 112.7866973876949999, 1.110223024625159992E-16 ) ) ;
#1940 = CARTESIAN_POINT ( 'NONE',  ( 112.8161993408200061, 109.7866973876949999, 5.395953178405759942 ) ) ;
#1941 = DIRECTION ( 'NONE',  ( 0.000000000000000000, -0.5421206122233328539, 0.8403006853517368535 ) ) ;
#1942 = ORIENTED_EDGE ( 'NONE', *, *, #2364, .T. ) ;
#1943 = LINE ( 'NONE', #3652, #169 ) ;
#1944 = ORIENTED_EDGE ( 'NONE', *, *, #2936, .F. ) ;
#1945 = PLANE ( 'NONE',  #3557 ) ;
#1946 = CARTESIAN_POINT ( 'NONE',  ( 112.2985601806639977, 109.7866973876949999, 5.464101791381830608 ) ) ;
#1947 = ORIENTED_EDGE ( 'NONE', *, *, #2436, .T. ) ;
#1948 = LINE ( 'NONE', #3124, #139 ) ;
#1949 = ORIENTED_EDGE ( 'NONE', *, *, #3162, .T. ) ;
#1950 = CARTESIAN_POINT ( 'NONE',  ( 74.51279113769530227, 103.3315372467470041, 22.89210414880160371 ) ) ;
#1951 = DIRECTION ( 'NONE',  ( 0.000000000000000000, 1.000000000000000000, 0.000000000000000000 ) ) ;
#1952 = DIRECTION ( 'NONE',  ( 0.000000000000000000, -0.8105607409980494227, 0.5856545783588592569 ) ) ;
#1953 = LINE ( 'NONE', #547, #3046 ) ;
#1954 = EDGE_CURVE ( 'NONE', #643, #527, #3549, .T. ) ;
#1955 = EDGE_LOOP ( 'NONE', ( #2599, #3041, #3158, #2793, #2841, #1068, #1723, #3357 ) ) ;
#1956 = PLANE ( 'NONE',  #3513 ) ;
#1957 = VECTOR ( 'NONE', #2511, 1000.000000000000000 ) ;
#1958 = EDGE_CURVE ( 'NONE', #2465, #447, #3241, .T. ) ;
#1959 = ORIENTED_EDGE ( 'NONE', *, *, #772, .F. ) ;
#1960 = CARTESIAN_POINT ( 'NONE',  ( 107.7985601806639977, 103.4866973876950027, 10.96409320826384359 ) ) ;
#1961 = ORIENTED_EDGE ( 'NONE', *, *, #3554, .F. ) ;
#1962 = VECTOR ( 'NONE', #226, 1000.000000000000114 ) ;
#1963 = DIRECTION ( 'NONE',  ( -0.9238788260947650155, 0.000000000000000000, 0.3826851378009850091 ) ) ;
#1964 = FACE_OUTER_BOUND ( 'NONE', #194, .T. ) ;
#1965 = AXIS2_PLACEMENT_3D ( 'NONE', #1282, #411, #3213 ) ;
#1966 = ORIENTED_EDGE ( 'NONE', *, *, #2308, .F. ) ;
#1967 = FACE_OUTER_BOUND ( 'NONE', #1915, .T. ) ;
#1968 = ORIENTED_EDGE ( 'NONE', *, *, #2663, .F. ) ;
#1969 = VECTOR ( 'NONE', #2769, 1000.000000000000114 ) ;
#1970 = CARTESIAN_POINT ( 'NONE',  ( 113.2985601806639977, 101.7866973876950141, 5.196151733398430395 ) ) ;
#1971 = EDGE_CURVE ( 'NONE', #55, #480, #2982, .T. ) ;
#1972 = CARTESIAN_POINT ( 'NONE',  ( 74.51279113769530227, 104.7243518829830009, 22.75322246546129890 ) ) ;
#1973 = PLANE ( 'NONE',  #3575 ) ;
#1974 = LINE ( 'NONE', #2556, #224 ) ;
#1975 = CARTESIAN_POINT ( 'NONE',  ( 78.05343627929690342, 109.7866973876949999, 3.464101791381839934 ) ) ;
#1976 = ORIENTED_EDGE ( 'NONE', *, *, #2127, .T. ) ;
#1977 = DIRECTION ( 'NONE',  ( 0.000000000000000000, 1.000000000000000000, 5.506064073066059802E-12 ) ) ;
#1978 = EDGE_CURVE ( 'NONE', #2316, #1183, #2407, .T. ) ;
#1979 = ORIENTED_EDGE ( 'NONE', *, *, #3189, .T. ) ;
#1980 = CARTESIAN_POINT ( 'NONE',  ( 111.2985601806639977, 109.7866973876949999, 1.732050895690919967 ) ) ;
#1981 = ORIENTED_EDGE ( 'NONE', *, *, #1554, .T. ) ;
#1982 = VECTOR ( 'NONE', #3546, 1000.000000000000114 ) ;
#1983 = CARTESIAN_POINT ( 'NONE',  ( 84.55343627929690342, 112.7866973876949999, 13.46409320831300072 ) ) ;
#1984 = DIRECTION ( 'NONE',  ( -0.1305212769253860094, 0.000000000000000000, 0.9914455084722340050 ) ) ;
#1985 = VECTOR ( 'NONE', #1323, 1000.000000000000227 ) ;
#1986 = ORIENTED_EDGE ( 'NONE', *, *, #2607, .T. ) ;
#1987 = DIRECTION ( 'NONE',  ( 0.6542513732184971342, 0.5347687073097148192, 0.5347687073156086601 ) ) ;
#1988 = VERTEX_POINT ( 'NONE', #1566 ) ;
#1989 = ADVANCED_FACE ( 'NONE', ( #1272 ), #3532, .T. ) ;
#1990 = VECTOR ( 'NONE', #1181, 1000.000000000000000 ) ;
#1991 = FACE_OUTER_BOUND ( 'NONE', #3182, .T. ) ;
#1992 = DIRECTION ( 'NONE',  ( -0.9238788260947650155, 0.000000000000000000, 0.3826851378009850091 ) ) ;
#1993 = CARTESIAN_POINT ( 'NONE',  ( 110.5665121459960005, 109.7866973876949999, 4.464101791381840378 ) ) ;
#1994 = DIRECTION ( 'NONE',  ( 0.7742633737221441548, 0.000000000000000000, -0.6328635146004256695 ) ) ;
#1995 = DIRECTION ( 'NONE',  ( 0.000000000000000000, 1.000000000000000000, -7.771561172376100713E-16 ) ) ;
#1996 = VERTEX_POINT ( 'NONE', #988 ) ;
#1997 = CARTESIAN_POINT ( 'NONE',  ( 110.2985601806639977, 109.7866973876949999, 3.464101791381839934 ) ) ;
#1998 = ORIENTED_EDGE ( 'NONE', *, *, #2683, .T. ) ;
#1999 = DIRECTION ( 'NONE',  ( 1.000000000000000000, 0.000000000000000000, 0.000000000000000000 ) ) ;
#2000 = VERTEX_POINT ( 'NONE', #952 ) ;
#2001 = EDGE_CURVE ( 'NONE', #314, #1751, #2389, .T. ) ;
#2002 = DIRECTION ( 'NONE',  ( 0.000000000000000000, 1.000000000000000000, 2.220446049250309876E-16 ) ) ;
#2003 = DIRECTION ( 'NONE',  ( 0.000000000000000000, 1.000000000000000000, 0.000000000000000000 ) ) ;
#2004 = ORIENTED_EDGE ( 'NONE', *, *, #992, .F. ) ;
#2005 = LINE ( 'NONE', #1521, #1454 ) ;
#2006 = ORIENTED_EDGE ( 'NONE', *, *, #1978, .F. ) ;
#2007 = EDGE_CURVE ( 'NONE', #740, #445, #116, .T. ) ;
#2008 =( BOUNDED_CURVE ( )  B_SPLINE_CURVE ( 3, ( #2069, #2649, #2164, #2532 ),
 .UNSPECIFIED., .F., .F. ) 
 B_SPLINE_CURVE_WITH_KNOTS ( ( 4, 4 ),
 ( 0.000000000000000000, 1.000000000000000000 ),
 .UNSPECIFIED. ) 
 CURVE ( )  GEOMETRIC_REPRESENTATION_ITEM ( )  RATIONAL_B_SPLINE_CURVE ( ( 1.000000000000000000, 0.9935900438396230161, 0.9935900438396230161, 1.000000000000000000 ) ) 
 REPRESENTATION_ITEM ( '' )  );
#2009 = ADVANCED_FACE ( 'NONE', ( #1847 ), #972, .T. ) ;
#2010 = CARTESIAN_POINT ( 'NONE',  ( 78.32138824462889204, 101.7866973876950141, 2.464101791381839934 ) ) ;
#2011 = CARTESIAN_POINT ( 'NONE',  ( 116.7985601806640119, 108.1757812500000000, 8.920721054077150214 ) ) ;
#2012 = FACE_OUTER_BOUND ( 'NONE', #1456, .T. ) ;
#2013 = ORIENTED_EDGE ( 'NONE', *, *, #1637, .T. ) ;
#2014 = CARTESIAN_POINT ( 'NONE',  ( 116.7985601806640119, 111.7866973876949999, 13.46409320831300072 ) ) ;
#2015 = EDGE_LOOP ( 'NONE', ( #768, #179, #1685, #3253 ) ) ;
#2016 = DIRECTION ( 'NONE',  ( 0.000000000000000000, 0.000000000000000000, 1.000000000000000000 ) ) ;
#2017 = ORIENTED_EDGE ( 'NONE', *, *, #3025, .F. ) ;
#2018 = EDGE_CURVE ( 'NONE', #2884, #140, #1545, .T. ) ;
#2019 = DIRECTION ( 'NONE',  ( 0.000000000000000000, -0.7933529235767839971, -0.6087619720811819901 ) ) ;
#2020 = CARTESIAN_POINT ( 'NONE',  ( 0.000000000000000000, 103.4866973876950027, 10.96409320826384359 ) ) ;
#2021 = APPLICATION_CONTEXT ( 'automotive_design' ) ;
#2022 = ORIENTED_EDGE ( 'NONE', *, *, #1880, .T. ) ;
#2023 = VECTOR ( 'NONE', #1220, 1000.000000000000000 ) ;
#2024 = CARTESIAN_POINT ( 'NONE',  ( 108.2985601806639977, 109.7866973876949999, 3.464101791381839934 ) ) ;
#2025 = VERTEX_POINT ( 'NONE', #1268 ) ;
#2026 = AXIS2_PLACEMENT_3D ( 'NONE', #1427, #49, #3414 ) ;
#2027 = EDGE_CURVE ( 'NONE', #3207, #943, #3581, .T. ) ;
#2028 = DIRECTION ( 'NONE',  ( 0.000000000000000000, -0.9238830312443551129, -0.3826749855670500966 ) ) ;
#2029 = VECTOR ( 'NONE', #2063, 1000.000000000000000 ) ;
#2030 = ADVANCED_FACE ( 'NONE', ( #416 ), #3598, .T. ) ;
#2031 = CARTESIAN_POINT ( 'NONE',  ( 84.54118347167970171, 101.7866973876950141, 22.99834838098309930 ) ) ;
#2032 = CARTESIAN_POINT ( 'NONE',  ( 82.05343627929690342, 112.7866973876949999, 6.928203582763679869 ) ) ;
#2033 = DIRECTION ( 'NONE',  ( -1.000000000000000000, 0.000000000000000000, 0.000000000000000000 ) ) ;
#2034 = VERTEX_POINT ( 'NONE', #3028 ) ;
#2035 = DIRECTION ( 'NONE',  ( 0.000000000000000000, -1.000000000000000000, 0.000000000000000000 ) ) ;
#2036 = ORIENTED_EDGE ( 'NONE', *, *, #256, .T. ) ;
#2037 = LINE ( 'NONE', #3465, #1840 ) ;
#2038 = ORIENTED_EDGE ( 'NONE', *, *, #3659, .F. ) ;
#2039 = CARTESIAN_POINT ( 'NONE',  ( 81.05343627929690342, 109.7866973876949999, 5.196151733398440165 ) ) ;
#2040 = CARTESIAN_POINT ( 'NONE',  ( 75.59343627929690967, 108.1757812500000000, 8.920721054077150214 ) ) ;
#2041 = VECTOR ( 'NONE', #3301, 1000.000000000000114 ) ;
#2042 = EDGE_LOOP ( 'NONE', ( #3520, #1429 ) ) ;
#2043 = DIRECTION ( 'NONE',  ( -1.000000000000000000, 0.000000000000000000, 1.391854955922169840E-16 ) ) ;
#2044 = ORIENTED_EDGE ( 'NONE', *, *, #1525, .F. ) ;
#2045 = VECTOR ( 'NONE', #1380, 1000.000000000000000 ) ;
#2046 = LINE ( 'NONE', #603, #2261 ) ;
#2047 = VECTOR ( 'NONE', #521, 1000.000000000000000 ) ;
#2048 = EDGE_CURVE ( 'NONE', #785, #1375, #435, .T. ) ;
#2049 = CARTESIAN_POINT ( 'NONE',  ( 74.51279113769530227, 103.4956226349320048, 22.95279979699569850 ) ) ;
#2050 = DIRECTION ( 'NONE',  ( 1.000000000000000000, 0.000000000000000000, 0.000000000000000000 ) ) ;
#2051 = ORIENTED_EDGE ( 'NONE', *, *, #2641, .T. ) ;
#2052 = DIRECTION ( 'NONE',  ( 0.8660254147996931939, 0.000000000000000000, 0.4999999809210191049 ) ) ;
#2053 = EDGE_CURVE ( 'NONE', #1795, #132, #166, .T. ) ;
#2054 = EDGE_CURVE ( 'NONE', #1887, #15, #3564, .T. ) ;
#2055 = ORIENTED_EDGE ( 'NONE', *, *, #2053, .T. ) ;
#2056 = LINE ( 'NONE', #921, #605 ) ;
#2057 = VERTEX_POINT ( 'NONE', #2995 ) ;
#2058 = LINE ( 'NONE', #646, #2675 ) ;
#2059 = PLANE ( 'NONE',  #628 ) ;
#2060 = ORIENTED_EDGE ( 'NONE', *, *, #2960, .F. ) ;
#2061 = CARTESIAN_POINT ( 'NONE',  ( 108.2985601806639977, 109.7866973876949999, 3.464101791381839934 ) ) ;
#2062 = ORIENTED_EDGE ( 'NONE', *, *, #2301, .T. ) ;
#2063 = DIRECTION ( 'NONE',  ( 1.000000000000000000, 0.000000000000000000, 0.000000000000000000 ) ) ;
#2064 = PLANE ( 'NONE',  #2258 ) ;
#2065 = LINE ( 'NONE', #2049, #3563 ) ;
#2066 = EDGE_LOOP ( 'NONE', ( #2128, #3226, #2596, #1747 ) ) ;
#2067 = CARTESIAN_POINT ( 'NONE',  ( 78.12158203125000000, 109.7866973876949999, 3.981739997863770419 ) ) ;
#2068 = EDGE_CURVE ( 'NONE', #2160, #2485, #745, .T. ) ;
#2069 = CARTESIAN_POINT ( 'NONE',  ( 82.36421388989239745, 109.7866973876949999, 6.389920943971089784 ) ) ;
#2070 = FACE_OUTER_BOUND ( 'NONE', #3220, .T. ) ;
#2071 = VERTEX_POINT ( 'NONE', #1613 ) ;
#2072 = LINE ( 'NONE', #1203, #64 ) ;
#2073 = EDGE_CURVE ( 'NONE', #2280, #847, #2185, .T. ) ;
#2074 = AXIS2_PLACEMENT_3D ( 'NONE', #3669, #1125, #2256 ) ;
#2075 = DIRECTION ( 'NONE',  ( 0.000000000000000000, 1.000000000000000000, 0.000000000000000000 ) ) ;
#2076 = ORIENTED_EDGE ( 'NONE', *, *, #2231, .F. ) ;
#2077 = DIRECTION ( 'NONE',  ( -1.000000000000000000, 0.000000000000000000, 0.000000000000000000 ) ) ;
#2078 = ORIENTED_EDGE ( 'NONE', *, *, #2557, .F. ) ;
#2079 = AXIS2_PLACEMENT_3D ( 'NONE', #1532, #170, #1813 ) ;
#2080 = DIRECTION ( 'NONE',  ( -0.9914448304674222667, 0.000000000000000000, 0.1305264269771610197 ) ) ;
#2081 = ORIENTED_EDGE ( 'NONE', *, *, #3387, .F. ) ;
#2082 = VECTOR ( 'NONE', #2222, 1000.000000000000000 ) ;
#2083 = DIRECTION ( 'NONE',  ( 0.000000000000000000, -0.000000000000000000, 1.000000000000000000 ) ) ;
#2084 = LINE ( 'NONE', #2659, #2865 ) ;
#2085 = VECTOR ( 'NONE', #3459, 1000.000000000000227 ) ;
#2086 = EDGE_CURVE ( 'NONE', #3593, #1721, #1890, .T. ) ;
#2087 = ORIENTED_EDGE ( 'NONE', *, *, #2851, .T. ) ;
#2088 = LINE ( 'NONE', #968, #1744 ) ;
#2089 = EDGE_CURVE ( 'NONE', #1795, #2798, #3529, .T. ) ;
#2090 = ORIENTED_EDGE ( 'NONE', *, *, #285, .F. ) ;
#2091 = CARTESIAN_POINT ( 'NONE',  ( 78.63922119140620737, 109.7866973876949999, 2.049888610839839753 ) ) ;
#2092 = DIRECTION ( 'NONE',  ( 0.000000000000000000, -0.5742044792245268869, 0.8187119249397128984 ) ) ;
#2093 = EDGE_CURVE ( 'NONE', #2956, #2684, #1320, .T. ) ;
#2094 = FACE_OUTER_BOUND ( 'NONE', #2480, .T. ) ;
#2095 = VERTEX_POINT ( 'NONE', #2451 ) ;
#2096 = LINE ( 'NONE', #2394, #998 ) ;
#2097 = VERTEX_POINT ( 'NONE', #131 ) ;
#2098 = FACE_OUTER_BOUND ( 'NONE', #2868, .T. ) ;
#2099 = ADVANCED_FACE ( 'NONE', ( #1841, #1036 ), #1579, .T. ) ;
#2100 = VECTOR ( 'NONE', #3492, 1000.000000000000000 ) ;
#2101 = CARTESIAN_POINT ( 'NONE',  ( 79.05343627929688921, 109.7866973876949999, 5.196151733398440165 ) ) ;
#2102 = LINE ( 'NONE', #3237, #3030 ) ;
#2103 = VECTOR ( 'NONE', #2509, 1000.000000000000227 ) ;
#2104 = CARTESIAN_POINT ( 'NONE',  ( 81.78548431396480112, 101.7866973876950141, 4.464101791381850148 ) ) ;
#2105 = ORIENTED_EDGE ( 'NONE', *, *, #2068, .T. ) ;
#2106 = DIRECTION ( 'NONE',  ( -0.9914455084722341160, 0.000000000000000000, -0.1305212769253860372 ) ) ;
#2107 = LINE ( 'NONE', #3242, #3262 ) ;
#2108 = CARTESIAN_POINT ( 'NONE',  ( 113.7127752685550064, 109.7866973876949999, 2.049888610839839753 ) ) ;
#2109 = ORIENTED_EDGE ( 'NONE', *, *, #3436, .F. ) ;
#2110 = FACE_OUTER_BOUND ( 'NONE', #1834, .T. ) ;
#2111 = EDGE_CURVE ( 'NONE', #1394, #1783, #2699, .T. ) ;
#2112 = ORIENTED_EDGE ( 'NONE', *, *, #1462, .F. ) ;
#2113 = DIRECTION ( 'NONE',  ( 0.000000000000000000, -0.9758691166600795830, -0.2183562848856789029 ) ) ;
#2114 = ADVANCED_FACE ( 'NONE', ( #199 ), #150, .T. ) ;
#2115 = ORIENTED_EDGE ( 'NONE', *, *, #937, .T. ) ;
#2116 = DIRECTION ( 'NONE',  ( 1.000000000000000000, 4.456311862731526850E-13, 2.453673864576415080E-24 ) ) ;
#2117 = ADVANCED_FACE ( 'NONE', ( #985 ), #1052, .T. ) ;
#2118 = CARTESIAN_POINT ( 'NONE',  ( 82.36421388989239745, 109.7866973876949999, 6.389920943971089784 ) ) ;
#2119 = CARTESIAN_POINT ( 'NONE',  ( 116.2985601806640119, 109.7866973876949999, 3.464101791381839934 ) ) ;
#2120 = ORIENTED_EDGE ( 'NONE', *, *, #2904, .F. ) ;
#2121 = CARTESIAN_POINT ( 'NONE',  ( 110.8843527221680034, 101.7866973876950141, 4.878314971923830790 ) ) ;
#2122 = DIRECTION ( 'NONE',  ( 0.000000000000000000, 1.000000000000000000, 5.551115123125780730E-16 ) ) ;
#2123 = CARTESIAN_POINT ( 'NONE',  ( 75.55343627929690342, 111.1757812500000142, 8.920721054077150214 ) ) ;
#2124 = CARTESIAN_POINT ( 'NONE',  ( 112.8161993408200061, 109.7866973876949999, 1.532249450683589975 ) ) ;
#2125 = ORIENTED_EDGE ( 'NONE', *, *, #1819, .T. ) ;
#2126 = CARTESIAN_POINT ( 'NONE',  ( 81.98529052734369316, 101.7866973876950141, 3.981739997863770419 ) ) ;
#2127 = EDGE_CURVE ( 'NONE', #3444, #3218, #710, .T. ) ;
#2128 = ORIENTED_EDGE ( 'NONE', *, *, #2534, .F. ) ;
#2129 = DIRECTION ( 'NONE',  ( 0.000000000000000000, -0.7933565189577292953, 0.6087572864675002693 ) ) ;
#2130 = DIRECTION ( 'NONE',  ( 0.000000000000000000, -0.3082000389509638727, -0.9513215733865306722 ) ) ;
#2131 = VECTOR ( 'NONE', #2749, 1000.000000000000000 ) ;
#2132 = ADVANCED_FACE ( 'NONE', ( #841 ), #1137, .T. ) ;
#2133 = FACE_OUTER_BOUND ( 'NONE', #1175, .T. ) ;
#2134 = VECTOR ( 'NONE', #3671, 1000.000000000000000 ) ;
#2135 = DIRECTION ( 'NONE',  ( -0.4999999809210191049, 0.000000000000000000, 0.8660254147996931939 ) ) ;
#2136 = CARTESIAN_POINT ( 'NONE',  ( 79.53579711914061079, 101.7866973876950141, 1.532249450683600189 ) ) ;
#2137 = LINE ( 'NONE', #2662, #324 ) ;
#2138 = CARTESIAN_POINT ( 'NONE',  ( 84.05343627929690342, 112.7866973876949999, 3.464101791381839934 ) ) ;
#2139 = CARTESIAN_POINT ( 'NONE',  ( 110.2985601806639977, 109.7866973876949999, 1.221245327087670025E-15 ) ) ;
#2140 = EDGE_CURVE ( 'NONE', #2057, #2227, #1117, .T. ) ;
#2141 = VECTOR ( 'NONE', #1077, 1000.000000000000000 ) ;
#2142 = CARTESIAN_POINT ( 'NONE',  ( 112.2985601806639977, 101.7866973876950141, 1.464101791381839934 ) ) ;
#2143 = PLANE ( 'NONE',  #334 ) ;
#2144 = ORIENTED_EDGE ( 'NONE', *, *, #1846, .F. ) ;
#2145 = PLANE ( 'NONE',  #3548 ) ;
#2146 = ORIENTED_EDGE ( 'NONE', *, *, #3101, .F. ) ;
#2147 = DIRECTION ( 'NONE',  ( 0.000000000000000000, -0.6239859987278860709, 0.7814355209430671190 ) ) ;
#2148 = CARTESIAN_POINT ( 'NONE',  ( 75.55343627929690342, 110.5573577880859943, 10.79572105407710048 ) ) ;
#2149 = VECTOR ( 'NONE', #3571, 1000.000000000000114 ) ;
#2150 = ADVANCED_FACE ( 'NONE', ( #1355 ), #881, .T. ) ;
#2151 = CARTESIAN_POINT ( 'NONE',  ( 84.55343627929690342, 112.7866973876949999, 0.000000000000000000 ) ) ;
#2152 = CARTESIAN_POINT ( 'NONE',  ( 81.98529052734369316, 109.7866973876949999, 3.981739997863770419 ) ) ;
#2153 = VECTOR ( 'NONE', #3358, 1000.000000000000227 ) ;
#2154 = DIRECTION ( 'NONE',  ( -1.000000000000000000, 0.000000000000000000, 0.000000000000000000 ) ) ;
#2155 = CARTESIAN_POINT ( 'NONE',  ( 116.7985601806640119, 112.7866973876949999, 2.220446049250309876E-16 ) ) ;
#2156 = AXIS2_PLACEMENT_3D ( 'NONE', #2267, #1116, #3045 ) ;
#2157 = CARTESIAN_POINT ( 'NONE',  ( 114.2985601806640119, 109.7866973876949999, 3.464101791381839934 ) ) ;
#2158 = DIRECTION ( 'NONE',  ( 0.000000000000000000, -1.000000000000000000, -5.506064073066059802E-12 ) ) ;
#2159 = EDGE_CURVE ( 'NONE', #498, #2160, #3662, .T. ) ;
#2160 = VERTEX_POINT ( 'NONE', #804 ) ;
#2161 = CARTESIAN_POINT ( 'NONE',  ( 81.46765136718750000, 101.7866973876950141, 2.049888610839859737 ) ) ;
#2162 = ORIENTED_EDGE ( 'NONE', *, *, #1433, .T. ) ;
#2163 = ORIENTED_EDGE ( 'NONE', *, *, #3315, .F. ) ;
#2164 = CARTESIAN_POINT ( 'NONE',  ( 82.17362428536789309, 110.2335731595149895, 6.720031839196979995 ) ) ;
#2165 = ADVANCED_FACE ( 'NONE', ( #1933 ), #3423, .F. ) ;
#2166 = CARTESIAN_POINT ( 'NONE',  ( 110.8843527221680034, 109.7866973876949999, 2.049888610839839753 ) ) ;
#2167 = CARTESIAN_POINT ( 'NONE',  ( 84.55343627929690342, 103.4866973876950027, 10.96409320826384359 ) ) ;
#2168 = CARTESIAN_POINT ( 'NONE',  ( 116.7985601806640119, 112.7866973876949999, 13.46409320831300072 ) ) ;
#2169 = DIRECTION ( 'NONE',  ( 0.000000000000000000, -1.000000000000000000, 0.000000000000000000 ) ) ;
#2170 = FACE_OUTER_BOUND ( 'NONE', #1224, .T. ) ;
#2171 = LINE ( 'NONE', #1360, #1495 ) ;
#2172 = CARTESIAN_POINT ( 'NONE',  ( 111.7809210205080035, 101.7866973876950141, 1.532249450683600189 ) ) ;
#2173 = ADVANCED_FACE ( 'NONE', ( #3363 ), #3382, .T. ) ;
#2174 = ORIENTED_EDGE ( 'NONE', *, *, #420, .T. ) ;
#2175 = DIRECTION ( 'NONE',  ( 0.3826922874341510683, 0.000000000000000000, -0.9238758645718682105 ) ) ;
#2176 = ORIENTED_EDGE ( 'NONE', *, *, #3015, .T. ) ;
#2177 = EDGE_CURVE ( 'NONE', #1557, #569, #1399, .T. ) ;
#2178 = CARTESIAN_POINT ( 'NONE',  ( 77.93324827322584269, 110.2335731595149895, 6.720031839196979995 ) ) ;
#2179 = ORIENTED_EDGE ( 'NONE', *, *, #1440, .F. ) ;
#2180 = VERTEX_POINT ( 'NONE', #819 ) ;
#2181 = EDGE_CURVE ( 'NONE', #2633, #3425, #713, .T. ) ;
#2182 = AXIS2_PLACEMENT_3D ( 'NONE', #1322, #1862, #2491 ) ;
#2183 = VERTEX_POINT ( 'NONE', #522 ) ;
#2184 = VERTEX_POINT ( 'NONE', #3643 ) ;
#2185 = LINE ( 'NONE', #2419, #3681 ) ;
#2186 = DIRECTION ( 'NONE',  ( 1.000000000000000000, 0.000000000000000000, 0.000000000000000000 ) ) ;
#2187 = PLANE ( 'NONE',  #3308 ) ;
#2188 = VECTOR ( 'NONE', #1761, 1000.000000000000000 ) ;
#2189 = CARTESIAN_POINT ( 'NONE',  ( 110.2985601806639977, 101.7866973876950141, 3.464101791381839934 ) ) ;
#2190 = ORIENTED_EDGE ( 'NONE', *, *, #2283, .T. ) ;
#2191 = ADVANCED_FACE ( 'NONE', ( #2209 ), #1418, .T. ) ;
#2192 = FACE_BOUND ( 'NONE', #2015, .T. ) ;
#2193 = VECTOR ( 'NONE', #2092, 1000.000000000000000 ) ;
#2194 = LINE ( 'NONE', #848, #1325 ) ;
#2195 = ORIENTED_EDGE ( 'NONE', *, *, #1607, .F. ) ;
#2196 = AXIS2_PLACEMENT_3D ( 'NONE', #1542, #1807, #415 ) ;
#2197 = LINE ( 'NONE', #1776, #1301 ) ;
#2198 = ORIENTED_EDGE ( 'NONE', *, *, #3605, .F. ) ;
#2199 = EDGE_CURVE ( 'NONE', #2360, #376, #2489, .T. ) ;
#2200 = LINE ( 'NONE', #232, #2082 ) ;
#2201 = DIRECTION ( 'NONE',  ( 0.000000000000000000, -1.000000000000000000, 0.000000000000000000 ) ) ;
#2202 = ORIENTED_EDGE ( 'NONE', *, *, #200, .T. ) ;
#2203 = FACE_OUTER_BOUND ( 'NONE', #599, .T. ) ;
#2204 = ORIENTED_EDGE ( 'NONE', *, *, #3542, .T. ) ;
#2205 = CARTESIAN_POINT ( 'NONE',  ( 112.2985601806639977, 101.7866973876950141, 5.464101791381840378 ) ) ;
#2206 = ORIENTED_EDGE ( 'NONE', *, *, #1101, .T. ) ;
#2207 = EDGE_CURVE ( 'NONE', #527, #1719, #2833, .T. ) ;
#2208 = CARTESIAN_POINT ( 'NONE',  ( 74.51279113769530227, 101.5590763092249915, 20.63125324242870207 ) ) ;
#2209 = FACE_OUTER_BOUND ( 'NONE', #210, .T. ) ;
#2210 = CARTESIAN_POINT ( 'NONE',  ( 79.53579711914061079, 101.7866973876950141, 1.532249450683589975 ) ) ;
#2211 = DIRECTION ( 'NONE',  ( 0.9914455084722341160, 0.000000000000000000, -0.1305212769253860372 ) ) ;
#2212 = AXIS2_PLACEMENT_3D ( 'NONE', #1618, #290, #1422 ) ;
#2213 = LINE ( 'NONE', #2753, #3642 ) ;
#2214 = ORIENTED_EDGE ( 'NONE', *, *, #2425, .F. ) ;
#2215 = VECTOR ( 'NONE', #1138, 1000.000000000000000 ) ;
#2216 = CYLINDRICAL_SURFACE ( 'NONE', #3093, 3.000000000000002665 ) ;
#2217 = CARTESIAN_POINT ( 'NONE',  ( 117.7227911376949976, 103.0119571686189914, 22.70369815819989867 ) ) ;
#2218 = VECTOR ( 'NONE', #2260, 1000.000000000000000 ) ;
#2219 = ORIENTED_EDGE ( 'NONE', *, *, #2580, .F. ) ;
#2220 = DIRECTION ( 'NONE',  ( 0.000000000000000000, -0.4749407403702889385, -0.8800177800115869253 ) ) ;
#2221 = ORIENTED_EDGE ( 'NONE', *, *, #1382, .T. ) ;
#2222 = DIRECTION ( 'NONE',  ( 0.000000000000000000, 1.000000000000000000, -9.992007221626410836E-16 ) ) ;
#2223 = FACE_OUTER_BOUND ( 'NONE', #67, .T. ) ;
#2224 = VECTOR ( 'NONE', #2409, 1000.000000000000000 ) ;
#2225 = ORIENTED_EDGE ( 'NONE', *, *, #164, .T. ) ;
#2226 = LINE ( 'NONE', #279, #2817 ) ;
#2227 = VERTEX_POINT ( 'NONE', #3344 ) ;
#2228 = ORIENTED_EDGE ( 'NONE', *, *, #2506, .T. ) ;
#2229 = ADVANCED_FACE ( 'NONE', ( #1633 ), #3048, .T. ) ;
#2230 = FACE_OUTER_BOUND ( 'NONE', #261, .T. ) ;
#2231 = EDGE_CURVE ( 'NONE', #2689, #311, #2270, .T. ) ;
#2232 = CARTESIAN_POINT ( 'NONE',  ( 80.57107543945309658, 109.7866973876949999, 1.532249450683589975 ) ) ;
#2233 = DIRECTION ( 'NONE',  ( 0.4999999809210190493, 3.552713543236190488E-15, 0.8660254147996930829 ) ) ;
#2234 = LINE ( 'NONE', #1078, #3230 ) ;
#2235 = ORIENTED_EDGE ( 'NONE', *, *, #3022, .F. ) ;
#2236 = LINE ( 'NONE', #2496, #1805 ) ;
#2237 = ORIENTED_EDGE ( 'NONE', *, *, #526, .F. ) ;
#2238 = LINE ( 'NONE', #2542, #2372 ) ;
#2239 = VERTEX_POINT ( 'NONE', #3129 ) ;
#2240 = CARTESIAN_POINT ( 'NONE',  ( 84.55343627929690342, 101.7866973876950141, 0.000000000000000000 ) ) ;
#2241 = CARTESIAN_POINT ( 'NONE',  ( 78.63922119140620737, 109.7866973876949999, 4.878314971923830790 ) ) ;
#2242 = ORIENTED_EDGE ( 'NONE', *, *, #3135, .T. ) ;
#2243 = DIRECTION ( 'NONE',  ( -0.9914448304674222667, 0.000000000000000000, 0.1305264269771610197 ) ) ;
#2244 = ORIENTED_EDGE ( 'NONE', *, *, #183, .T. ) ;
#2245 = CARTESIAN_POINT ( 'NONE',  ( 84.55343627929690342, 101.7866973876950141, 5.464101791381834161 ) ) ;
#2246 = DIRECTION ( 'NONE',  ( 1.000000000000000000, -6.661338147750943282E-13, 0.000000000000000000 ) ) ;
#2247 = EDGE_CURVE ( 'NONE', #142, #2485, #588, .T. ) ;
#2248 = DIRECTION ( 'NONE',  ( 0.000000000000000000, -2.110926372141859940E-15, -1.000000000000000000 ) ) ;
#2249 = LINE ( 'NONE', #899, #886 ) ;
#2250 = FACE_BOUND ( 'NONE', #162, .T. ) ;
#2251 = ORIENTED_EDGE ( 'NONE', *, *, #3387, .T. ) ;
#2252 = DIRECTION ( 'NONE',  ( -0.9914455084722341160, 0.000000000000000000, 0.1305212769253860372 ) ) ;
#2253 = AXIS2_PLACEMENT_3D ( 'NONE', #2701, #152, #3273 ) ;
#2254 = ADVANCED_FACE ( 'NONE', ( #504 ), #3621, .F. ) ;
#2255 = ORIENTED_EDGE ( 'NONE', *, *, #2247, .T. ) ;
#2256 = DIRECTION ( 'NONE',  ( 1.000000000000000000, 0.000000000000000000, 0.000000000000000000 ) ) ;
#2257 = ORIENTED_EDGE ( 'NONE', *, *, #3659, .T. ) ;
#2258 = AXIS2_PLACEMENT_3D ( 'NONE', #2031, #3161, #2083 ) ;
#2259 = CARTESIAN_POINT ( 'NONE',  ( 81.05343627929690342, 101.7866973876950141, 1.732050895690919967 ) ) ;
#2260 = DIRECTION ( 'NONE',  ( -1.000000000000000000, 0.000000000000000000, 0.000000000000000000 ) ) ;
#2261 = VECTOR ( 'NONE', #2307, 1000.000000000000000 ) ;
#2262 = ORIENTED_EDGE ( 'NONE', *, *, #2520, .F. ) ;
#2263 = CARTESIAN_POINT ( 'NONE',  ( 107.7985601806639977, 108.1757812500000000, 9.420721054077150214 ) ) ;
#2264 = ORIENTED_EDGE ( 'NONE', *, *, #1731, .F. ) ;
#2265 = AXIS2_PLACEMENT_3D ( 'NONE', #2011, #3142, #606 ) ;
#2266 = DIRECTION ( 'NONE',  ( -0.000000000000000000, -0.000000000000000000, -1.000000000000000000 ) ) ;
#2267 = CARTESIAN_POINT ( 'NONE',  ( 110.2985601806639977, 112.7866973876949999, 0.000000000000000000 ) ) ;
#2268 = ADVANCED_FACE ( 'NONE', ( #1459, #3216 ), #2064, .F. ) ;
#2269 = DIRECTION ( 'NONE',  ( 1.000000000000000000, 0.000000000000000000, 0.000000000000000000 ) ) ;
#2270 = LINE ( 'NONE', #863, #1543 ) ;
#2271 = FACE_OUTER_BOUND ( 'NONE', #1651, .T. ) ;
#2272 = CARTESIAN_POINT ( 'NONE',  ( 79.53579711914061079, 109.7866973876949999, 5.395953178405759942 ) ) ;
#2273 = ADVANCED_FACE ( 'NONE', ( #2942 ), #3194, .F. ) ;
#2274 = ORIENTED_EDGE ( 'NONE', *, *, #3101, .T. ) ;
#2275 = PRESENTATION_STYLE_ASSIGNMENT (( #2519 ) ) ;
#2276 = CARTESIAN_POINT ( 'NONE',  ( 110.0741113302869820, 110.0216071502809001, 6.539446750430579769 ) ) ;
#2277 = ADVANCED_FACE ( 'NONE', ( #1753 ), #2610, .T. ) ;
#2278 = ORIENTED_EDGE ( 'NONE', *, *, #2350, .F. ) ;
#2279 = DIRECTION ( 'NONE',  ( 0.7742633737221440438, 0.000000000000000000, 0.6328635146004257805 ) ) ;
#2280 = VERTEX_POINT ( 'NONE', #78 ) ;
#2281 = AXIS2_PLACEMENT_3D ( 'NONE', #3628, #250, #1384 ) ;
#2282 = DIRECTION ( 'NONE',  ( 0.000000000000000000, 0.6087619720811818791, -0.7933529235767838861 ) ) ;
#2283 = EDGE_CURVE ( 'NONE', #62, #1504, #381, .T. ) ;
#2284 = DIRECTION ( 'NONE',  ( 0.7933570454419661688, 0.000000000000000000, -0.6087566003318519714 ) ) ;
#2285 = VECTOR ( 'NONE', #123, 1000.000000000000000 ) ;
#2286 = ORIENTED_EDGE ( 'NONE', *, *, #1544, .T. ) ;
#2287 = FACE_OUTER_BOUND ( 'NONE', #2784, .T. ) ;
#2288 = ORIENTED_EDGE ( 'NONE', *, *, #2775, .T. ) ;
#2289 = VECTOR ( 'NONE', #838, 1000.000000000000000 ) ;
#2290 = DIRECTION ( 'NONE',  ( 0.000000000000000000, 1.000000000000000000, 1.125141438679100056E-15 ) ) ;
#2291 = DIRECTION ( 'NONE',  ( 1.000000000000000000, 0.000000000000000000, 0.000000000000000000 ) ) ;
#2292 = CARTESIAN_POINT ( 'NONE',  ( 81.46765136718750000, 109.7866973876949999, 2.049888610839839753 ) ) ;
#2293 = CARTESIAN_POINT ( 'NONE',  ( 113.2985601806639977, 109.7866973876949999, 5.196151733398440165 ) ) ;
#2294 = EDGE_CURVE ( 'NONE', #447, #1145, #1509, .T. ) ;
#2295 = ORIENTED_EDGE ( 'NONE', *, *, #2830, .F. ) ;
#2296 = CARTESIAN_POINT ( 'NONE',  ( 116.7863073730469949, 101.7866973876950141, 22.99834838098309930 ) ) ;
#2297 = ORIENTED_EDGE ( 'NONE', *, *, #736, .F. ) ;
#2298 = LINE ( 'NONE', #2354, #1064 ) ;
#2299 = ORIENTED_EDGE ( 'NONE', *, *, #2660, .T. ) ;
#2300 = CYLINDRICAL_SURFACE ( 'NONE', #3027, 2.750000000000002665 ) ;
#2301 = EDGE_CURVE ( 'NONE', #3444, #1051, #451, .T. ) ;
#2302 = CARTESIAN_POINT ( 'NONE',  ( 84.05343627929690342, 109.7866973876949999, 3.464101791381839934 ) ) ;
#2303 = VERTEX_POINT ( 'NONE', #413 ) ;
#2304 = CARTESIAN_POINT ( 'NONE',  ( 112.8161993408200061, 101.7866973876950141, 5.395953178405759942 ) ) ;
#2305 = EDGE_CURVE ( 'NONE', #2000, #1161, #3249, .T. ) ;
#2306 = ORIENTED_EDGE ( 'NONE', *, *, #1140, .T. ) ;
#2307 = DIRECTION ( 'NONE',  ( 1.776356839400250070E-15, 1.000000000000000000, -1.415534356397070053E-15 ) ) ;
#2308 = EDGE_CURVE ( 'NONE', #616, #2710, #148, .T. ) ;
#2309 = EDGE_LOOP ( 'NONE', ( #3666, #3176, #1648, #3609 ) ) ;
#2310 = CARTESIAN_POINT ( 'NONE',  ( 110.3667135620120092, 101.7866973876950141, 3.981739997863780189 ) ) ;
#2311 = DIRECTION ( 'NONE',  ( 0.3826851378009850091, 0.000000000000000000, -0.9238788260947650155 ) ) ;
#2312 = VERTEX_POINT ( 'NONE', #726 ) ;
#2313 = PLANE ( 'NONE',  #262 ) ;
#2314 = ORIENTED_EDGE ( 'NONE', *, *, #158, .T. ) ;
#2315 = CARTESIAN_POINT ( 'NONE',  ( 110.2985601806639977, 110.4185193369179956, 6.928203582763670987 ) ) ;
#2316 = VERTEX_POINT ( 'NONE', #255 ) ;
#2317 = EDGE_CURVE ( 'NONE', #1535, #3593, #2501, .T. ) ;
#2318 = CARTESIAN_POINT ( 'NONE',  ( 78.32138824462889204, 109.7866973876949999, 2.464101791381839934 ) ) ;
#2319 = AXIS2_PLACEMENT_3D ( 'NONE', #2166, #758, #1563 ) ;
#2320 = LINE ( 'NONE', #648, #2643 ) ;
#2321 = VERTEX_POINT ( 'NONE', #534 ) ;
#2322 = AXIS2_PLACEMENT_3D ( 'NONE', #555, #1763, #2894 ) ;
#2323 = LINE ( 'NONE', #910, #3408 ) ;
#2324 = EDGE_CURVE ( 'NONE', #3316, #2312, #1265, .T. ) ;
#2325 = ORIENTED_EDGE ( 'NONE', *, *, #1626, .F. ) ;
#2326 = VECTOR ( 'NONE', #354, 1000.000000000000000 ) ;
#2327 = PLANE ( 'NONE',  #245 ) ;
#2328 = ORIENTED_EDGE ( 'NONE', *, *, #3015, .F. ) ;
#2329 = VECTOR ( 'NONE', #343, 1000.000000000000227 ) ;
#2330 = EDGE_CURVE ( 'NONE', #2639, #1702, #1577, .T. ) ;
#2331 = EDGE_CURVE ( 'NONE', #3457, #621, #3078, .T. ) ;
#2332 = CARTESIAN_POINT ( 'NONE',  ( 107.7985601806639977, 110.1203308105469887, 11.36526489257810013 ) ) ;
#2333 = ORIENTED_EDGE ( 'NONE', *, *, #625, .F. ) ;
#2334 = PLANE ( 'NONE',  #1450 ) ;
#2335 = VERTEX_POINT ( 'NONE', #3355 ) ;
#2336 = DIRECTION ( 'NONE',  ( 0.000000000000000000, 1.000000000000000000, 0.000000000000000000 ) ) ;
#2337 = ORIENTED_EDGE ( 'NONE', *, *, #1039, .T. ) ;
#2338 = CARTESIAN_POINT ( 'NONE',  ( 80.05343627929690342, 101.7866973876950141, 5.464101791381840378 ) ) ;
#2339 = DIRECTION ( 'NONE',  ( 0.1305246315045859584, 0.000000000000000000, 0.9914450668446498360 ) ) ;
#2340 = VECTOR ( 'NONE', #1596, 1000.000000000000227 ) ;
#2341 = ORIENTED_EDGE ( 'NONE', *, *, #1233, .F. ) ;
#2342 = CARTESIAN_POINT ( 'NONE',  ( 78.63922119140620737, 101.7866973876950141, 2.049888610839839753 ) ) ;
#2343 = EDGE_LOOP ( 'NONE', ( #3594, #934, #46, #1528, #1190 ) ) ;
#2344 = VECTOR ( 'NONE', #1372, 1000.000000000000000 ) ;
#2345 = FACE_OUTER_BOUND ( 'NONE', #2367, .T. ) ;
#2346 = VECTOR ( 'NONE', #71, 1000.000000000000000 ) ;
#2347 = DIRECTION ( 'NONE',  ( 0.1305212769253860094, 0.000000000000000000, 0.9914455084722340050 ) ) ;
#2348 = EDGE_CURVE ( 'NONE', #1721, #3489, #2676, .T. ) ;
#2349 = LINE ( 'NONE', #2521, #2731 ) ;
#2350 = EDGE_CURVE ( 'NONE', #2478, #3559, #2200, .T. ) ;
#2351 = ORIENTED_EDGE ( 'NONE', *, *, #2978, .T. ) ;
#2352 = DIRECTION ( 'NONE',  ( 0.000000000000000000, -1.000000000000000000, 0.000000000000000000 ) ) ;
#2353 = ORIENTED_EDGE ( 'NONE', *, *, #772, .T. ) ;
#2354 = CARTESIAN_POINT ( 'NONE',  ( 75.55343627929690342, 110.1203509371860036, 11.36523866306830222 ) ) ;
#2355 = ORIENTED_EDGE ( 'NONE', *, *, #3515, .F. ) ;
#2356 = DIRECTION ( 'NONE',  ( 0.7933539883817068983, 0.000000000000000000, -0.6087605843998430410 ) ) ;
#2357 = CARTESIAN_POINT ( 'NONE',  ( 114.2985601806640119, 109.7866973876949999, 0.000000000000000000 ) ) ;
#2358 = ORIENTED_EDGE ( 'NONE', *, *, #3001, .F. ) ;
#2359 = DIRECTION ( 'NONE',  ( 0.000000000000000000, 1.000000000000000000, 0.000000000000000000 ) ) ;
#2360 = VERTEX_POINT ( 'NONE', #3059 ) ;
#2361 = ADVANCED_FACE ( 'NONE', ( #964 ), #1391, .T. ) ;
#2362 = LINE ( 'NONE', #1263, #1604 ) ;
#2363 = DIRECTION ( 'NONE',  ( 1.000000000000000000, 0.000000000000000000, 0.000000000000000000 ) ) ;
#2364 = EDGE_CURVE ( 'NONE', #738, #2798, #2526, .T. ) ;
#2365 = EDGE_LOOP ( 'NONE', ( #1501, #1884 ) ) ;
#2366 = CARTESIAN_POINT ( 'NONE',  ( 113.7127752685550064, 109.7866973876949999, 4.878314971923830790 ) ) ;
#2367 = EDGE_LOOP ( 'NONE', ( #2112, #512, #1986, #2611 ) ) ;
#2368 = VECTOR ( 'NONE', #1656, 1000.000000000000114 ) ;
#2369 = CARTESIAN_POINT ( 'NONE',  ( 84.55343627929690342, 103.4866973876950027, 5.464101791381834161 ) ) ;
#2370 = ORIENTED_EDGE ( 'NONE', *, *, #1344, .T. ) ;
#2371 = LINE ( 'NONE', #117, #773 ) ;
#2372 = VECTOR ( 'NONE', #3036, 1000.000000000000000 ) ;
#2373 = DIRECTION ( 'NONE',  ( 1.000000000000000000, 0.000000000000000000, 0.000000000000000000 ) ) ;
#2374 = EDGE_CURVE ( 'NONE', #140, #62, #813, .T. ) ;
#2375 = ORIENTED_EDGE ( 'NONE', *, *, #394, .F. ) ;
#2376 = LINE ( 'NONE', #476, #1242 ) ;
#2377 = ORIENTED_EDGE ( 'NONE', *, *, #2824, .F. ) ;
#2378 = AXIS2_PLACEMENT_3D ( 'NONE', #1972, #3066, #22 ) ;
#2379 = PLANE ( 'NONE',  #7 ) ;
#2380 = ORIENTED_EDGE ( 'NONE', *, *, #2890, .F. ) ;
#2381 = VECTOR ( 'NONE', #1290, 1000.000000000000000 ) ;
#2382 = CARTESIAN_POINT ( 'NONE',  ( 74.51279113769530227, 107.0923862457719906, 20.37159252163889889 ) ) ;
#2383 = VECTOR ( 'NONE', #980, 1000.000000000000000 ) ;
#2384 = ORIENTED_EDGE ( 'NONE', *, *, #2413, .T. ) ;
#2385 =( BOUNDED_CURVE ( )  B_SPLINE_CURVE ( 3, ( #782, #3322, #3663, #1635 ),
 .UNSPECIFIED., .F., .F. ) 
 B_SPLINE_CURVE_WITH_KNOTS ( ( 4, 4 ),
 ( 0.000000000000000000, 1.000000000000000000 ),
 .UNSPECIFIED. ) 
 CURVE ( )  GEOMETRIC_REPRESENTATION_ITEM ( )  RATIONAL_B_SPLINE_CURVE ( ( 1.000000000000000000, 0.9935900438396230161, 0.9935900438396230161, 1.000000000000000000 ) ) 
 REPRESENTATION_ITEM ( '' )  );
#2386 = CARTESIAN_POINT ( 'NONE',  ( 110.3667135620120092, 101.7866973876950141, 3.981739997863780189 ) ) ;
#2387 = EDGE_CURVE ( 'NONE', #1221, #2184, #792, .T. ) ;
#2388 = ORIENTED_EDGE ( 'NONE', *, *, #530, .T. ) ;
#2389 = LINE ( 'NONE', #2091, #1598 ) ;
#2390 = CARTESIAN_POINT ( 'NONE',  ( 112.8161993408200061, 101.7866973876950141, 1.532249450683589975 ) ) ;
#2391 = CARTESIAN_POINT ( 'NONE',  ( 81.46765136718750000, 101.7866973876950141, 4.878314971923840559 ) ) ;
#2392 = EDGE_CURVE ( 'NONE', #311, #3378, #3527, .T. ) ;
#2393 = ORIENTED_EDGE ( 'NONE', *, *, #2140, .T. ) ;
#2394 = CARTESIAN_POINT ( 'NONE',  ( 75.55343627929690342, 107.7866973877009968, 22.99834838098309930 ) ) ;
#2395 = EDGE_CURVE ( 'NONE', #3246, #1292, #1856, .T. ) ;
#2396 = ORIENTED_EDGE ( 'NONE', *, *, #916, .T. ) ;
#2397 = ADVANCED_FACE ( 'NONE', ( #2975 ), #1945, .T. ) ;
#2398 = LINE ( 'NONE', #2708, #664 ) ;
#2399 = CIRCLE ( 'NONE', #2517, 3.000000000000002665 ) ;
#2400 = CARTESIAN_POINT ( 'NONE',  ( 113.2985601806639977, 101.7866973876950141, 1.732050895690909975 ) ) ;
#2401 = CARTESIAN_POINT ( 'NONE',  ( 84.55343627929690342, 101.7866973876950141, 22.99834838098309930 ) ) ;
#2402 = VECTOR ( 'NONE', #3421, 1000.000000000000114 ) ;
#2403 = CARTESIAN_POINT ( 'NONE',  ( 79.05343627929688921, 101.7866973876950141, 1.732050895690919967 ) ) ;
#2404 = VECTOR ( 'NONE', #2950, 1000.000000000000114 ) ;
#2405 = DIRECTION ( 'NONE',  ( -0.9914448304674222667, 0.000000000000000000, 0.1305264269771610197 ) ) ;
#2406 = EDGE_CURVE ( 'NONE', #531, #1793, #2696, .T. ) ;
#2407 = LINE ( 'NONE', #2421, #1838 ) ;
#2408 = CARTESIAN_POINT ( 'NONE',  ( 84.55343627929690342, 111.1757812500000142, 8.920721054077150214 ) ) ;
#2409 = DIRECTION ( 'NONE',  ( 1.000000000000000000, 0.000000000000000000, 0.000000000000000000 ) ) ;
#2410 = ORIENTED_EDGE ( 'NONE', *, *, #3163, .F. ) ;
#2411 = CARTESIAN_POINT ( 'NONE',  ( 117.7227911376949976, 103.4956226349320048, 22.95279979699569850 ) ) ;
#2412 = ORIENTED_EDGE ( 'NONE', *, *, #3580, .T. ) ;
#2413 = EDGE_CURVE ( 'NONE', #1124, #2639, #1016, .T. ) ;
#2414 = EDGE_CURVE ( 'NONE', #3360, #248, #276, .T. ) ;
#2415 = LINE ( 'NONE', #1558, #3451 ) ;
#2416 = CARTESIAN_POINT ( 'NONE',  ( 74.51279113769530227, 100.5210742950440022, 18.00437259668209933 ) ) ;
#2417 = EDGE_CURVE ( 'NONE', #376, #531, #1482, .T. ) ;
#2418 = DIRECTION ( 'NONE',  ( 0.000000000000000000, -0.9135365973175292309, 0.4067565431084181338 ) ) ;
#2419 = CARTESIAN_POINT ( 'NONE',  ( 79.53579711914061079, 101.7866973876950141, 5.395953178405759942 ) ) ;
#2420 = LINE ( 'NONE', #2946, #2873 ) ;
#2421 = CARTESIAN_POINT ( 'NONE',  ( 74.51279113769530227, 104.7243518829830009, 22.75322246546129890 ) ) ;
#2422 = DIRECTION ( 'NONE',  ( -0.9914448304674222667, 0.000000000000000000, 0.1305264269771610197 ) ) ;
#2423 = DIRECTION ( 'NONE',  ( 0.000000000000000000, -1.000000000000000000, 4.037174635000569966E-17 ) ) ;
#2424 = ORIENTED_EDGE ( 'NONE', *, *, #3329, .F. ) ;
#2425 = EDGE_CURVE ( 'NONE', #1818, #314, #1148, .T. ) ;
#2426 = DIRECTION ( 'NONE',  ( -1.000000000000000000, 0.000000000000000000, 0.000000000000000000 ) ) ;
#2427 = PRODUCT_DEFINITION_SHAPE ( 'NONE', 'NONE',  #3510 ) ;
#2428 = ORIENTED_EDGE ( 'NONE', *, *, #3135, .F. ) ;
#2429 = ADVANCED_FACE ( 'NONE', ( #2565 ), #3654, .T. ) ;
#2430 = CARTESIAN_POINT ( 'NONE',  ( 78.63922119140620737, 101.7866973876950141, 4.878314971923830790 ) ) ;
#2431 = VERTEX_POINT ( 'NONE', #1167 ) ;
#2432 = CARTESIAN_POINT ( 'NONE',  ( 117.7227911376949976, 99.53611373896720238, 14.96409320826940181 ) ) ;
#2433 = VECTOR ( 'NONE', #1446, 1000.000000000000000 ) ;
#2434 = DIRECTION ( 'NONE',  ( -0.6087566003318519714, 0.000000000000000000, 0.7933570454419661688 ) ) ;
#2435 = VECTOR ( 'NONE', #2686, 1000.000000000000000 ) ;
#2436 = EDGE_CURVE ( 'NONE', #3401, #1902, #577, .T. ) ;
#2437 = CARTESIAN_POINT ( 'NONE',  ( 110.8843527221680034, 101.7866973876950141, 2.049888610839859737 ) ) ;
#2438 = DIRECTION ( 'NONE',  ( 0.000000000000000000, -0.3436828289811919013, -0.9390857857850286594 ) ) ;
#2439 = VECTOR ( 'NONE', #3650, 1000.000000000000114 ) ;
#2440 = CARTESIAN_POINT ( 'NONE',  ( 75.55343627929690342, 101.7866973876950141, 0.000000000000000000 ) ) ;
#2441 = LINE ( 'NONE', #1828, #363 ) ;
#2442 = VECTOR ( 'NONE', #2154, 1000.000000000000000 ) ;
#2443 = DIRECTION ( 'NONE',  ( 0.000000000000000000, 1.000000000000000000, 0.000000000000000000 ) ) ;
#2444 = DIRECTION ( 'NONE',  ( 0.4999999809210217694, 0.000000000000000000, -0.8660254147996916396 ) ) ;
#2445 = ORIENTED_EDGE ( 'NONE', *, *, #685, .T. ) ;
#2446 = CARTESIAN_POINT ( 'NONE',  ( 74.51279113769530227, 102.7031497955689900, 22.43131923669040262 ) ) ;
#2447 = EDGE_LOOP ( 'NONE', ( #3326, #994 ) ) ;
#2448 = ORIENTED_EDGE ( 'NONE', *, *, #3125, .F. ) ;
#2449 = ORIENTED_EDGE ( 'NONE', *, *, #937, .F. ) ;
#2450 = AXIS2_PLACEMENT_3D ( 'NONE', #3644, #3049, #1037 ) ;
#2451 = CARTESIAN_POINT ( 'NONE',  ( 110.5665121459960005, 101.7866973876950141, 2.464101791381839934 ) ) ;
#2452 = ADVANCED_FACE ( 'NONE', ( #3152 ), #831, .T. ) ;
#2453 = CARTESIAN_POINT ( 'NONE',  ( 80.05343627929690342, 109.7866973876949999, 5.464101791381830608 ) ) ;
#2454 = PLANE ( 'NONE',  #3279 ) ;
#2455 = VECTOR ( 'NONE', #53, 1000.000000000000114 ) ;
#2456 = FACE_OUTER_BOUND ( 'NONE', #1922, .T. ) ;
#2457 = EDGE_CURVE ( 'NONE', #2743, #2647, #1448, .T. ) ;
#2458 = DIRECTION ( 'NONE',  ( 0.000000000000000000, -1.000000000000000000, 0.000000000000000000 ) ) ;
#2459 = CLOSED_SHELL ( 'NONE', ( #1693, #1230, #3012 ) ) ;
#2460 = CARTESIAN_POINT ( 'NONE',  ( 117.7227911376949976, 102.1145420074760040, 21.66047573083089972 ) ) ;
#2461 = CARTESIAN_POINT ( 'NONE',  ( 74.51279113769530227, 103.4956226349320048, 22.95279979699569850 ) ) ;
#2462 = VERTEX_POINT ( 'NONE', #1469 ) ;
#2463 = DIRECTION ( 'NONE',  ( -0.000000000000000000, 0.5856545783588591458, 0.8105607409980493117 ) ) ;
#2464 = ORIENTED_EDGE ( 'NONE', *, *, #1252, .T. ) ;
#2465 = VERTEX_POINT ( 'NONE', #2879 ) ;
#2466 = ORIENTED_EDGE ( 'NONE', *, *, #377, .F. ) ;
#2467 = ORIENTED_EDGE ( 'NONE', *, *, #2089, .T. ) ;
#2468 = ORIENTED_EDGE ( 'NONE', *, *, #3140, .T. ) ;
#2469 = ADVANCED_FACE ( 'NONE', ( #871 ), #2300, .T. ) ;
#2470 = DIRECTION ( 'NONE',  ( 0.8660254147996931939, 0.000000000000000000, -0.4999999809210191049 ) ) ;
#2471 = LINE ( 'NONE', #1356, #1156 ) ;
#2472 = DIRECTION ( 'NONE',  ( -0.4999999809210190493, 0.000000000000000000, -0.8660254147996930829 ) ) ;
#2473 = ADVANCED_FACE ( 'NONE', ( #13 ), #2842, .T. ) ;
#2474 = LINE ( 'NONE', #1658, #2045 ) ;
#2475 = VERTEX_POINT ( 'NONE', #2259 ) ;
#2476 = LINE ( 'NONE', #207, #1251 ) ;
#2477 = CARTESIAN_POINT ( 'NONE',  ( 74.51279113769530227, 104.0056629181370056, 22.99634838098310041 ) ) ;
#2478 = VERTEX_POINT ( 'NONE', #3171 ) ;
#2479 = LINE ( 'NONE', #3331, #1779 ) ;
#2480 = EDGE_LOOP ( 'NONE', ( #127, #3186, #645, #2198, #778 ) ) ;
#2481 = ADVANCED_FACE ( 'NONE', ( #2863, #634 ), #852, .F. ) ;
#2482 = LINE ( 'NONE', #597, #3173 ) ;
#2483 = EDGE_LOOP ( 'NONE', ( #2162, #743, #2288, #1762, #2174, #3413, #76, #351, #2745, #2719, #2202, #1757, #1630, #554, #3399, #426, #2257, #3096, #2934, #2988, #1979, #2914, #2228, #2741 ) ) ;
#2484 = CARTESIAN_POINT ( 'NONE',  ( 111.7809210205080035, 109.7866973876949999, 5.395953178405759942 ) ) ;
#2485 = VERTEX_POINT ( 'NONE', #2240 ) ;
#2486 = AXIS2_PLACEMENT_3D ( 'NONE', #268, #707, #3236 ) ;
#2487 = ORIENTED_EDGE ( 'NONE', *, *, #3585, .T. ) ;
#2488 = PLANE ( 'NONE',  #3346 ) ;
#2489 = LINE ( 'NONE', #564, #1187 ) ;
#2490 = PLANE ( 'NONE',  #2450 ) ;
#2491 = DIRECTION ( 'NONE',  ( -1.000000000000000000, 0.000000000000000000, 0.000000000000000000 ) ) ;
#2492 = AXIS2_PLACEMENT_3D ( 'NONE', #1306, #2106, #697 ) ;
#2493 = ORIENTED_EDGE ( 'NONE', *, *, #280, .T. ) ;
#2494 = DIRECTION ( 'NONE',  ( 0.9914450668446497250, 0.000000000000000000, -0.1305246315045859307 ) ) ;
#2495 = VECTOR ( 'NONE', #1849, 1000.000000000000000 ) ;
#2496 = CARTESIAN_POINT ( 'NONE',  ( 114.2304144287110006, 101.7866973876950141, 2.946463584899900123 ) ) ;
#2497 = ORIENTED_EDGE ( 'NONE', *, *, #2413, .F. ) ;
#2498 = VECTOR ( 'NONE', #2955, 1000.000000000000227 ) ;
#2499 = LINE ( 'NONE', #2777, #1423 ) ;
#2500 = ORIENTED_EDGE ( 'NONE', *, *, #1531, .T. ) ;
#2501 = LINE ( 'NONE', #2416, #1666 ) ;
#2502 = EDGE_CURVE ( 'NONE', #3411, #2462, #3397, .T. ) ;
#2503 = LINE ( 'NONE', #3398, #502 ) ;
#2504 = ORIENTED_EDGE ( 'NONE', *, *, #2001, .T. ) ;
#2505 = DIRECTION ( 'NONE',  ( 0.000000000000000000, 0.6087619720811818791, -0.7933529235767838861 ) ) ;
#2506 = EDGE_CURVE ( 'NONE', #10, #1092, #1111, .T. ) ;
#2507 = EDGE_LOOP ( 'NONE', ( #3317, #1264, #658, #947, #2801, #1537, #1772, #3350, #3552 ) ) ;
#2508 = ORIENTED_EDGE ( 'NONE', *, *, #1202, .F. ) ;
#2509 = DIRECTION ( 'NONE',  ( 0.3826922874341510683, 0.000000000000000000, 0.9238758645718682105 ) ) ;
#2510 = CARTESIAN_POINT ( 'NONE',  ( 81.05343627929690342, 109.7866973876949999, 5.196151733398440165 ) ) ;
#2511 = DIRECTION ( 'NONE',  ( -0.9238788260947650155, 0.000000000000000000, 0.3826851378009850091 ) ) ;
#2512 = DIRECTION ( 'NONE',  ( 1.000000000000000000, 0.000000000000000000, -0.000000000000000000 ) ) ;
#2513 = CARTESIAN_POINT ( 'NONE',  ( 79.05343627929688921, 101.7866973876950141, 5.196151733398440165 ) ) ;
#2514 = VECTOR ( 'NONE', #3307, 1000.000000000000000 ) ;
#2515 = CARTESIAN_POINT ( 'NONE',  ( 78.32138824462889204, 109.7866973876949999, 2.464101791381839934 ) ) ;
#2516 = EDGE_LOOP ( 'NONE', ( #909, #2242, #1947, #719, #2255, #1317, #2125, #922, #3525 ) ) ;
#2517 = AXIS2_PLACEMENT_3D ( 'NONE', #3104, #1692, #558 ) ;
#2518 = DIRECTION ( 'NONE',  ( -0.1305212769253860094, 0.000000000000000000, 0.9914455084722340050 ) ) ;
#2519 = SURFACE_STYLE_USAGE ( .BOTH. , #208 ) ;
#2520 = EDGE_CURVE ( 'NONE', #2760, #2462, #2825, .T. ) ;
#2521 = CARTESIAN_POINT ( 'NONE',  ( 75.55343627929690342, 105.1757812500000000, 8.920721054077150214 ) ) ;
#2522 = CLOSED_SHELL ( 'NONE', ( #333, #2766, #3419, #2481, #602, #68, #1904, #3661, #1470, #1989, #1506, #2397, #1510, #1335, #3522, #983, #3235, #2173, #1688, #322, #2912, #3524, #2132, #1734, #2268, #3290, #2165, #956, #755, #560, #2953, #2114, #709, #2807, #350, #1857, #138, #1801, #3562, #583, #1910, #582, #3247, #2191, #2452, #2958, #2030, #3615, #2361, #143, #178, #3460, #1198, #3272, #1047, #1070, #2473, #872, #1065, #979, #302, #442, #702, #1444, #2254, #2895, #751, #59, #647, #1094, #2576, #2117, #1034, #2746, #2150, #820, #610, #3090, #2009, #3197, #2277, #2530, #1314, #2855, #3589, #2229, #3038, #827, #2787, #706, #2754, #1937, #1886, #378, #3539, #2099, #1736, #1589, #1907, #543, #673, #1765, #2273, #1756, #397 ) ) ;
#2523 = ORIENTED_EDGE ( 'NONE', *, *, #1759, .F. ) ;
#2524 = CARTESIAN_POINT ( 'NONE',  ( 74.51279113769530227, 105.4820880890380010, 22.20573520655729993 ) ) ;
#2525 = VERTEX_POINT ( 'NONE', #1983 ) ;
#2526 = LINE ( 'NONE', #690, #949 ) ;
#2527 = CARTESIAN_POINT ( 'NONE',  ( 79.53579711914061079, 109.7866973876949999, 1.532249450683589975 ) ) ;
#2528 = VERTEX_POINT ( 'NONE', #1127 ) ;
#2529 = DIRECTION ( 'NONE',  ( 0.000000000000000000, 1.000000000000000000, 0.000000000000000000 ) ) ;
#2530 = ADVANCED_FACE ( 'NONE', ( #3120 ), #1708, .T. ) ;
#2531 = EDGE_LOOP ( 'NONE', ( #2816, #1207 ) ) ;
#2532 = CARTESIAN_POINT ( 'NONE',  ( 82.05343627929690342, 110.4185193369179956, 6.928203582763670987 ) ) ;
#2533 = CARTESIAN_POINT ( 'NONE',  ( 74.51279113769530227, 108.7919330597279952, 17.84175968169499882 ) ) ;
#2534 = EDGE_CURVE ( 'NONE', #927, #3276, #177, .T. ) ;
#2535 = DIRECTION ( 'NONE',  ( 0.000000000000000000, 1.000000000000000000, -2.775557561562890365E-16 ) ) ;
#2536 = CARTESIAN_POINT ( 'NONE',  ( 78.05343627929690342, 112.7866973876949999, 6.928203582763670987 ) ) ;
#2537 = DIRECTION ( 'NONE',  ( 0.000000000000000000, -0.6068899333763589921, -0.7947858886306667925 ) ) ;
#2538 = ORIENTED_EDGE ( 'NONE', *, *, #3498, .F. ) ;
#2539 = CARTESIAN_POINT ( 'NONE',  ( 81.98529052734369316, 109.7866973876949999, 3.981739997863770419 ) ) ;
#2540 = CARTESIAN_POINT ( 'NONE',  ( 117.7227911376949976, 100.5210742950440022, 18.00437259668209933 ) ) ;
#2541 = ORIENTED_EDGE ( 'NONE', *, *, #2387, .F. ) ;
#2542 = CARTESIAN_POINT ( 'NONE',  ( 107.7985601806639977, 110.5573747427390146, 10.79568012086579998 ) ) ;
#2543 = VERTEX_POINT ( 'NONE', #989 ) ;
#2544 = DIRECTION ( 'NONE',  ( -0.6087566003318519714, 0.000000000000000000, -0.7933570454419661688 ) ) ;
#2545 = CARTESIAN_POINT ( 'NONE',  ( 114.2985601806640119, 101.7866973876950141, 3.464101791381830164 ) ) ;
#2546 = ORIENTED_CLOSED_SHELL ( 'NONE', *, #89, .F. );
#2547 = ORIENTED_EDGE ( 'NONE', *, *, #3143, .T. ) ;
#2548 = CYLINDRICAL_SURFACE ( 'NONE', #444, 2.750000000000002665 ) ;
#2549 = EDGE_LOOP ( 'NONE', ( #2448, #1513, #3119, #2606 ) ) ;
#2550 = LINE ( 'NONE', #2453, #72 ) ;
#2551 = EDGE_CURVE ( 'NONE', #3276, #2633, #70, .T. ) ;
#2552 = LINE ( 'NONE', #1353, #2103 ) ;
#2553 = CARTESIAN_POINT ( 'NONE',  ( 111.2985601806639977, 109.7866973876949999, 5.196151733398440165 ) ) ;
#2554 = VECTOR ( 'NONE', #1644, 1000.000000000000227 ) ;
#2555 = CARTESIAN_POINT ( 'NONE',  ( 117.7227911376949976, 102.7031497955689900, 22.43131923669040262 ) ) ;
#2556 = CARTESIAN_POINT ( 'NONE',  ( 78.12158203125000000, 101.7866973876950141, 2.946463584899909893 ) ) ;
#2557 = EDGE_CURVE ( 'NONE', #3316, #643, #423, .T. ) ;
#2558 = ORIENTED_EDGE ( 'NONE', *, *, #1483, .T. ) ;
#2559 = VECTOR ( 'NONE', #729, 1000.000000000000000 ) ;
#2560 = LINE ( 'NONE', #551, #2439 ) ;
#2561 = ORIENTED_EDGE ( 'NONE', *, *, #1417, .T. ) ;
#2562 = CARTESIAN_POINT ( 'NONE',  ( 75.55343627929690342, 107.7866973877009968, 14.96409320829831202 ) ) ;
#2563 = EDGE_LOOP ( 'NONE', ( #557, #2353, #3132, #2235 ) ) ;
#2564 = AXIS2_PLACEMENT_3D ( 'NONE', #1246, #1476, #2902 ) ;
#2565 = FACE_OUTER_BOUND ( 'NONE', #3574, .T. ) ;
#2566 = LINE ( 'NONE', #3655, #3233 ) ;
#2567 = AXIS2_PLACEMENT_3D ( 'NONE', #2148, #1266, #2712 ) ;
#2568 = EDGE_LOOP ( 'NONE', ( #3141, #3103, #2558, #3244 ) ) ;
#2569 = PLANE ( 'NONE',  #1214 ) ;
#2570 = ORIENTED_EDGE ( 'NONE', *, *, #876, .F. ) ;
#2571 = DIRECTION ( 'NONE',  ( 0.1305264269771610475, 0.000000000000000000, -0.9914448304674223778 ) ) ;
#2572 = CARTESIAN_POINT ( 'NONE',  ( 79.05343627929688921, 109.7866973876949999, 5.196151733398440165 ) ) ;
#2573 = LINE ( 'NONE', #2292, #2627 ) ;
#2574 = DIRECTION ( 'NONE',  ( -0.000000000000000000, -0.000000000000000000, -1.000000000000000000 ) ) ;
#2575 = DIRECTION ( 'NONE',  ( 0.3826851378009850091, 0.000000000000000000, -0.9238788260947650155 ) ) ;
#2576 = ADVANCED_FACE ( 'NONE', ( #3533 ), #716, .T. ) ;
#2577 = VERTEX_POINT ( 'NONE', #1829 ) ;
#2578 = CARTESIAN_POINT ( 'NONE',  ( 81.46765136718750000, 109.7866973876949999, 2.049888610839839753 ) ) ;
#2579 = VECTOR ( 'NONE', #1291, 1000.000000000000114 ) ;
#2580 = EDGE_CURVE ( 'NONE', #3572, #83, #2949, .T. ) ;
#2581 = ORIENTED_EDGE ( 'NONE', *, *, #2457, .T. ) ;
#2582 = CARTESIAN_POINT ( 'NONE',  ( 110.3667135620120092, 101.7866973876950141, 2.946463584899909893 ) ) ;
#2583 = EDGE_LOOP ( 'NONE', ( #2738, #2299, #410, #2006 ) ) ;
#2584 = VECTOR ( 'NONE', #3472, 1000.000000000000114 ) ;
#2585 = CARTESIAN_POINT ( 'NONE',  ( 112.2985601806639977, 101.7866973876950141, 1.464101791381830164 ) ) ;
#2586 = DIRECTION ( 'NONE',  ( 0.000000000000000000, -1.000000000000000000, 0.000000000000000000 ) ) ;
#2587 = EDGE_CURVE ( 'NONE', #498, #1540, #2371, .T. ) ;
#2588 = AXIS2_PLACEMENT_3D ( 'NONE', #600, #1225, #2359 ) ;
#2589 = ORIENTED_EDGE ( 'NONE', *, *, #2742, .F. ) ;
#2590 = DIRECTION ( 'NONE',  ( 0.000000000000000000, 1.000000000000000000, 2.775557561562890365E-16 ) ) ;
#2591 = VERTEX_POINT ( 'NONE', #665 ) ;
#2592 = VECTOR ( 'NONE', #3334, 1000.000000000000114 ) ;
#2593 = FACE_OUTER_BOUND ( 'NONE', #252, .T. ) ;
#2594 = ORIENTED_EDGE ( 'NONE', *, *, #120, .F. ) ;
#2595 = CARTESIAN_POINT ( 'NONE',  ( 111.2985601806639977, 101.7866973876950141, 5.196151733398430395 ) ) ;
#2596 = ORIENTED_EDGE ( 'NONE', *, *, #2181, .F. ) ;
#2597 = DIRECTION ( 'NONE',  ( 0.000000000000000000, -1.000000000000000000, 0.000000000000000000 ) ) ;
#2598 = EDGE_CURVE ( 'NONE', #830, #3207, #2072, .T. ) ;
#2599 = ORIENTED_EDGE ( 'NONE', *, *, #2677, .F. ) ;
#2600 = DIRECTION ( 'NONE',  ( 1.000000000000000000, 0.000000000000000000, 0.000000000000000000 ) ) ;
#2601 = ORIENTED_EDGE ( 'NONE', *, *, #2936, .T. ) ;
#2602 = DIRECTION ( 'NONE',  ( -0.3826851378009850091, 0.000000000000000000, -0.9238788260947650155 ) ) ;
#2603 = CARTESIAN_POINT ( 'NONE',  ( 74.51279113769530227, 106.2732944488989943, 21.39736461635580156 ) ) ;
#2604 = VERTEX_POINT ( 'NONE', #923 ) ;
#2605 = CARTESIAN_POINT ( 'NONE',  ( 75.55343627929690342, 101.7866973876950141, 22.99834838098309930 ) ) ;
#2606 = ORIENTED_EDGE ( 'NONE', *, *, #1871, .F. ) ;
#2607 = EDGE_CURVE ( 'NONE', #3178, #1781, #136, .T. ) ;
#2608 = CARTESIAN_POINT ( 'NONE',  ( 112.2985601806639977, 109.7866973876949999, 5.464101791381840378 ) ) ;
#2609 = ORIENTED_EDGE ( 'NONE', *, *, #3074, .T. ) ;
#2610 = PLANE ( 'NONE',  #2974 ) ;
#2611 = ORIENTED_EDGE ( 'NONE', *, *, #3047, .F. ) ;
#2612 = DIRECTION ( 'NONE',  ( 0.1305212769253860094, 0.000000000000000000, -0.9914455084722340050 ) ) ;
#2613 = ORIENTED_EDGE ( 'NONE', *, *, #2111, .T. ) ;
#2614 = CARTESIAN_POINT ( 'NONE',  ( 80.57107543945309658, 101.7866973876950141, 1.532249450683589975 ) ) ;
#2615 = ORIENTED_EDGE ( 'NONE', *, *, #3229, .F. ) ;
#2616 = CARTESIAN_POINT ( 'NONE',  ( 117.7227911376949976, 108.7919330597279952, 17.84175968169499882 ) ) ;
#2617 = VECTOR ( 'NONE', #3291, 1000.000000000000000 ) ;
#2618 = LINE ( 'NONE', #1797, #30 ) ;
#2619 = ORIENTED_EDGE ( 'NONE', *, *, #2943, .F. ) ;
#2620 = VECTOR ( 'NONE', #1368, 1000.000000000000000 ) ;
#2621 = CARTESIAN_POINT ( 'NONE',  ( 80.57107543945309658, 101.7866973876950141, 5.395953178405759942 ) ) ;
#2622 = ORIENTED_EDGE ( 'NONE', *, *, #233, .F. ) ;
#2623 = EDGE_CURVE ( 'NONE', #3359, #3670, #1275, .T. ) ;
#2624 = AXIS2_PLACEMENT_3D ( 'NONE', #929, #463, #2080 ) ;
#2625 = EDGE_CURVE ( 'NONE', #1520, #2071, #3256, .T. ) ;
#2626 = CARTESIAN_POINT ( 'NONE',  ( 110.5665121459960005, 101.7866973876950141, 4.464101791381830608 ) ) ;
#2627 = VECTOR ( 'NONE', #42, 999.9999999999998863 ) ;
#2628 = LINE ( 'NONE', #1144, #2085 ) ;
#2629 = ORIENTED_EDGE ( 'NONE', *, *, #1626, .T. ) ;
#2630 = DIRECTION ( 'NONE',  ( 0.000000000000000000, -1.000000000000000000, 0.000000000000000000 ) ) ;
#2631 = ORIENTED_EDGE ( 'NONE', *, *, #1634, .F. ) ;
#2632 = DIRECTION ( 'NONE',  ( 0.000000000000000000, 1.000000000000000000, 0.000000000000000000 ) ) ;
#2633 = VERTEX_POINT ( 'NONE', #2408 ) ;
#2634 = CARTESIAN_POINT ( 'NONE',  ( 78.05343627929690342, 110.4185193369179956, 6.928203582763670987 ) ) ;
#2635 = DIRECTION ( 'NONE',  ( -0.000000000000000000, 0.7146532346307221673, 0.6994789162168120189 ) ) ;
#2636 = VECTOR ( 'NONE', #3183, 1000.000000000000000 ) ;
#2637 = ORIENTED_EDGE ( 'NONE', *, *, #666, .T. ) ;
#2638 = DIRECTION ( 'NONE',  ( -0.000000000000000000, -0.000000000000000000, -1.000000000000000000 ) ) ;
#2639 = VERTEX_POINT ( 'NONE', #2966 ) ;
#2640 = CIRCLE ( 'NONE', #86, 3.000000000000002665 ) ;
#2641 = EDGE_CURVE ( 'NONE', #788, #3441, #2983, .T. ) ;
#2642 = FACE_OUTER_BOUND ( 'NONE', #2563, .T. ) ;
#2643 = VECTOR ( 'NONE', #908, 1000.000000000000000 ) ;
#2644 = FACE_OUTER_BOUND ( 'NONE', #2531, .T. ) ;
#2645 = CARTESIAN_POINT ( 'NONE',  ( 109.9877825700690011, 109.7866973876949999, 6.389920943971089784 ) ) ;
#2646 = EDGE_CURVE ( 'NONE', #2888, #3082, #1256, .T. ) ;
#2647 = VERTEX_POINT ( 'NONE', #2390 ) ;
#2648 = FACE_OUTER_BOUND ( 'NONE', #1210, .T. ) ;
#2649 = CARTESIAN_POINT ( 'NONE',  ( 82.27788512967434542, 110.0216071502809001, 6.539446750430579769 ) ) ;
#2650 = CARTESIAN_POINT ( 'NONE',  ( 110.8843527221680034, 101.7866973876950141, 2.049888610839839753 ) ) ;
#2651 = VERTEX_POINT ( 'NONE', #2616 ) ;
#2652 = CARTESIAN_POINT ( 'NONE',  ( 78.12158203125000000, 101.7866973876950141, 3.981739997863780189 ) ) ;
#2653 = LINE ( 'NONE', #890, #2346 ) ;
#2654 = ORIENTED_EDGE ( 'NONE', *, *, #2625, .T. ) ;
#2655 = DIRECTION ( 'NONE',  ( 0.7933485729663557473, 0.000000000000000000, -0.6087676418570938663 ) ) ;
#2656 = ORIENTED_EDGE ( 'NONE', *, *, #1871, .T. ) ;
#2657 = CARTESIAN_POINT ( 'NONE',  ( 116.2985601806640119, 109.7866973876949999, 3.464101791381839934 ) ) ;
#2658 = EDGE_CURVE ( 'NONE', #2025, #2543, #2058, .T. ) ;
#2659 = CARTESIAN_POINT ( 'NONE',  ( 77.74265866870140940, 109.7866973876949999, 6.389920943971089784 ) ) ;
#2660 = EDGE_CURVE ( 'NONE', #1307, #3019, #406, .T. ) ;
#2661 = VERTEX_POINT ( 'NONE', #2634 ) ;
#2662 = CARTESIAN_POINT ( 'NONE',  ( 112.8161993408200061, 101.7866973876950141, 5.395953178405759942 ) ) ;
#2663 = EDGE_CURVE ( 'NONE', #943, #3444, #2667, .T. ) ;
#2664 = ORIENTED_EDGE ( 'NONE', *, *, #2847, .T. ) ;
#2665 = AXIS2_PLACEMENT_3D ( 'NONE', #2272, #2575, #327 ) ;
#2666 = DIRECTION ( 'NONE',  ( 0.000000000000000000, 1.000000000000000000, 0.000000000000000000 ) ) ;
#2667 = LINE ( 'NONE', #3514, #3151 ) ;
#2668 = CARTESIAN_POINT ( 'NONE',  ( 107.7985601806639977, 108.1757812500000000, 8.920721054077150214 ) ) ;
#2669 = ORIENTED_EDGE ( 'NONE', *, *, #3337, .T. ) ;
#2670 = LINE ( 'NONE', #1587, #941 ) ;
#2671 = ORIENTED_EDGE ( 'NONE', *, *, #2502, .F. ) ;
#2672 = VECTOR ( 'NONE', #3495, 1000.000000000000000 ) ;
#2673 = DIRECTION ( 'NONE',  ( 0.000000000000000000, -1.000000000000000000, -2.220446049250309876E-16 ) ) ;
#2674 = ORIENTED_EDGE ( 'NONE', *, *, #3181, .T. ) ;
#2675 = VECTOR ( 'NONE', #1778, 1000.000000000000000 ) ;
#2676 = LINE ( 'NONE', #2432, #5 ) ;
#2677 = EDGE_CURVE ( 'NONE', #904, #740, #3204, .T. ) ;
#2678 = LINE ( 'NONE', #2118, #2679 ) ;
#2679 = VECTOR ( 'NONE', #130, 1000.000000000000114 ) ;
#2680 = DIRECTION ( 'NONE',  ( 0.1305264269771610475, 0.000000000000000000, -0.9914448304674223778 ) ) ;
#2681 = ORIENTED_EDGE ( 'NONE', *, *, #1318, .T. ) ;
#2682 = FACE_OUTER_BOUND ( 'NONE', #2758, .T. ) ;
#2683 = EDGE_CURVE ( 'NONE', #428, #1795, #1518, .T. ) ;
#2684 = VERTEX_POINT ( 'NONE', #1237 ) ;
#2685 = PLANE ( 'NONE',  #176 ) ;
#2686 = DIRECTION ( 'NONE',  ( 1.000000000000000000, 0.000000000000000000, 0.000000000000000000 ) ) ;
#2687 = EDGE_CURVE ( 'NONE', #1707, #2961, #2107, .T. ) ;
#2688 = DIRECTION ( 'NONE',  ( 0.000000000000000000, -0.9378915011230751775, -0.3469287133131310763 ) ) ;
#2689 = VERTEX_POINT ( 'NONE', #809 ) ;
#2690 = CARTESIAN_POINT ( 'NONE',  ( 78.63922119140620737, 101.7866973876950141, 4.878314971923820131 ) ) ;
#2691 = ORIENTED_EDGE ( 'NONE', *, *, #2557, .T. ) ;
#2692 = VECTOR ( 'NONE', #919, 1000.000000000000000 ) ;
#2693 = DIRECTION ( 'NONE',  ( 0.000000000000000000, -0.5183305712307079149, 0.8551803429263606926 ) ) ;
#2694 = ORIENTED_EDGE ( 'NONE', *, *, #2930, .F. ) ;
#2695 = VECTOR ( 'NONE', #2248, 1000.000000000000000 ) ;
#2696 = LINE ( 'NONE', #1285, #720 ) ;
#2697 = PLANE ( 'NONE',  #1255 ) ;
#2698 = VECTOR ( 'NONE', #104, 1000.000000000000000 ) ;
#2699 = LINE ( 'NONE', #2713, #2131 ) ;
#2700 = LINE ( 'NONE', #2121, #1982 ) ;
#2701 = CARTESIAN_POINT ( 'NONE',  ( 74.51279113769530227, 102.1145420074760040, 21.66047573083089972 ) ) ;
#2702 = PLANE ( 'NONE',  #542 ) ;
#2703 = EDGE_CURVE ( 'NONE', #1726, #198, #1058, .T. ) ;
#2704 = LINE ( 'NONE', #2172, #2579 ) ;
#2705 = VERTEX_POINT ( 'NONE', #154 ) ;
#2706 = CARTESIAN_POINT ( 'NONE',  ( 114.2985601806640119, 101.7866973876950141, 3.464101791381839934 ) ) ;
#2707 = ORIENTED_EDGE ( 'NONE', *, *, #607, .F. ) ;
#2708 = CARTESIAN_POINT ( 'NONE',  ( 117.7227911376949976, 110.5361061096449902, 14.96409320833000045 ) ) ;
#2709 = EDGE_CURVE ( 'NONE', #3352, #703, #3327, .T. ) ;
#2710 = VERTEX_POINT ( 'NONE', #1939 ) ;
#2711 = DIRECTION ( 'NONE',  ( -0.4999999809210190493, 0.000000000000000000, 0.8660254147996930829 ) ) ;
#2712 = DIRECTION ( 'NONE',  ( 0.000000000000000000, 0.6087619720811818791, -0.7933529235767838861 ) ) ;
#2713 = CARTESIAN_POINT ( 'NONE',  ( 111.2985601806639977, 101.7866973876950141, 5.196151733398440165 ) ) ;
#2714 = CARTESIAN_POINT ( 'NONE',  ( 114.0306158447269951, 109.7866973876949999, 2.464101791381839934 ) ) ;
#2715 = LINE ( 'NONE', #2997, #1969 ) ;
#2716 = PLANE ( 'NONE',  #2079 ) ;
#2717 = CARTESIAN_POINT ( 'NONE',  ( 82.05343627929690342, 109.7866973876949999, 0.000000000000000000 ) ) ;
#2718 = LINE ( 'NONE', #443, #1460 ) ;
#2719 = ORIENTED_EDGE ( 'NONE', *, *, #2824, .T. ) ;
#2720 = CARTESIAN_POINT ( 'NONE',  ( 113.2985601806639977, 109.7866973876949999, 5.196151733398440165 ) ) ;
#2721 = ORIENTED_EDGE ( 'NONE', *, *, #347, .T. ) ;
#2722 = VECTOR ( 'NONE', #191, 1000.000000000000114 ) ;
#2723 = EDGE_CURVE ( 'NONE', #569, #460, #1006, .T. ) ;
#2724 = ORIENTED_EDGE ( 'NONE', *, *, #2920, .T. ) ;
#2725 = AXIS2_PLACEMENT_3D ( 'NONE', #3512, #1516, #2666 ) ;
#2726 = EDGE_CURVE ( 'NONE', #2525, #1124, #3016, .T. ) ;
#2727 = VECTOR ( 'NONE', #128, 1000.000000000000114 ) ;
#2728 = LINE ( 'NONE', #2510, #1497 ) ;
#2729 = DIRECTION ( 'NONE',  ( 0.000000000000000000, -1.000000000000000000, 4.037174635000569966E-17 ) ) ;
#2730 = LINE ( 'NONE', #185, #1024 ) ;
#2731 = VECTOR ( 'NONE', #2050, 1000.000000000000000 ) ;
#2732 = CARTESIAN_POINT ( 'NONE',  ( 81.05343627929690342, 101.7866973876950141, 1.732050895690909975 ) ) ;
#2733 = DIRECTION ( 'NONE',  ( 0.000000000000000000, -1.000000000000000000, 0.000000000000000000 ) ) ;
#2734 = VECTOR ( 'NONE', #3155, 1000.000000000000000 ) ;
#2735 = ORIENTED_EDGE ( 'NONE', *, *, #2027, .T. ) ;
#2736 = CARTESIAN_POINT ( 'NONE',  ( 75.55343627929690342, 108.1757812500000000, 8.920721054077150214 ) ) ;
#2737 = CARTESIAN_POINT ( 'NONE',  ( 76.05343627929690342, 109.7866973876949999, 3.464101791381839934 ) ) ;
#2738 = ORIENTED_EDGE ( 'NONE', *, *, #1731, .T. ) ;
#2739 = DIRECTION ( 'NONE',  ( -1.000000000000000000, 0.000000000000000000, 0.000000000000000000 ) ) ;
#2740 = EDGE_CURVE ( 'NONE', #2097, #3278, #766, .T. ) ;
#2741 = ORIENTED_EDGE ( 'NONE', *, *, #3458, .T. ) ;
#2742 = EDGE_CURVE ( 'NONE', #2525, #3210, #2476, .T. ) ;
#2743 = VERTEX_POINT ( 'NONE', #2142 ) ;
#2744 = ORIENTED_EDGE ( 'NONE', *, *, #1749, .T. ) ;
#2745 = ORIENTED_EDGE ( 'NONE', *, *, #1634, .T. ) ;
#2746 = ADVANCED_FACE ( 'NONE', ( #171 ), #490, .T. ) ;
#2747 = ORIENTED_EDGE ( 'NONE', *, *, #595, .F. ) ;
#2748 = VECTOR ( 'NONE', #1977, 1000.000000000000000 ) ;
#2749 = DIRECTION ( 'NONE',  ( -1.776356839400250070E-15, 1.000000000000000000, -6.661338147750940229E-16 ) ) ;
#2750 = DIRECTION ( 'NONE',  ( 0.000000000000000000, 1.000000000000000000, 0.000000000000000000 ) ) ;
#2751 = VECTOR ( 'NONE', #762, 1000.000000000000114 ) ;
#2752 = FACE_OUTER_BOUND ( 'NONE', #2568, .T. ) ;
#2753 = CARTESIAN_POINT ( 'NONE',  ( 79.05343627929688921, 109.7866973876949999, 1.732050895690919967 ) ) ;
#2754 = ADVANCED_FACE ( 'NONE', ( #3351 ), #3627, .T. ) ;
#2755 = VECTOR ( 'NONE', #1376, 1000.000000000000000 ) ;
#2756 = CARTESIAN_POINT ( 'NONE',  ( 74.51279113769530227, 110.5361061096449902, 14.96409320833000045 ) ) ;
#2757 = DIRECTION ( 'NONE',  ( -0.3826922874341511238, 0.000000000000000000, 0.9238758645718683216 ) ) ;
#2758 = EDGE_LOOP ( 'NONE', ( #2466, #3473, #146, #2829 ) ) ;
#2759 = DIRECTION ( 'NONE',  ( 0.9238788260947650155, 0.000000000000000000, 0.3826851378009850091 ) ) ;
#2760 = VERTEX_POINT ( 'NONE', #3274 ) ;
#2761 = ORIENTED_EDGE ( 'NONE', *, *, #1824, .T. ) ;
#2762 = LINE ( 'NONE', #1628, #737 ) ;
#2763 = VERTEX_POINT ( 'NONE', #786 ) ;
#2764 = ORIENTED_EDGE ( 'NONE', *, *, #2740, .F. ) ;
#2765 = CARTESIAN_POINT ( 'NONE',  ( 81.98529052734369316, 101.7866973876950141, 2.946463584899900123 ) ) ;
#2766 = ADVANCED_FACE ( 'NONE', ( #2192, #1081 ), #2216, .F. ) ;
#2767 = DIRECTION ( 'NONE',  ( 0.6087664921822442121, 0.000000000000000000, -0.7933494551558761820 ) ) ;
#2768 = CARTESIAN_POINT ( 'NONE',  ( 45.85249920771785526, 101.7866973876950141, 56.09726253941909135 ) ) ;
#2769 = DIRECTION ( 'NONE',  ( -0.4999999809210190493, 0.000000000000000000, -0.8660254147996930829 ) ) ;
#2770 = PLANE ( 'NONE',  #3170 ) ;
#2771 = EDGE_CURVE ( 'NONE', #2465, #1702, #1569, .T. ) ;
#2772 = EDGE_LOOP ( 'NONE', ( #1410, #631, #911, #98 ) ) ;
#2773 = CARTESIAN_POINT ( 'NONE',  ( 84.55343627929690342, 112.7866973876949999, 13.46409320831300072 ) ) ;
#2774 = CARTESIAN_POINT ( 'NONE',  ( 117.7227911376949976, 0.000000000000000000, 0.000000000000000000 ) ) ;
#2775 = EDGE_CURVE ( 'NONE', #2961, #2025, #2171, .T. ) ;
#2776 = VERTEX_POINT ( 'NONE', #3305 ) ;
#2777 = CARTESIAN_POINT ( 'NONE',  ( 114.2304144287110006, 109.7866973876949999, 2.946463584899900123 ) ) ;
#2778 = ORIENTED_EDGE ( 'NONE', *, *, #390, .F. ) ;
#2779 = CARTESIAN_POINT ( 'NONE',  ( 80.05343627929690342, 101.7866973876950141, 1.464101791381830164 ) ) ;
#2780 = DIRECTION ( 'NONE',  ( -0.3826922874341510683, 0.000000000000000000, -0.9238758645718682105 ) ) ;
#2781 = ORIENTED_EDGE ( 'NONE', *, *, #203, .T. ) ;
#2782 = PLANE ( 'NONE',  #1328 ) ;
#2783 = VECTOR ( 'NONE', #3573, 999.9999999999998863 ) ;
#2784 = EDGE_LOOP ( 'NONE', ( #1371, #3658 ) ) ;
#2785 = ORIENTED_EDGE ( 'NONE', *, *, #1612, .F. ) ;
#2786 = DIRECTION ( 'NONE',  ( 0.000000000000000000, 1.000000000000000000, 0.000000000000000000 ) ) ;
#2787 = ADVANCED_FACE ( 'NONE', ( #1342 ), #2702, .T. ) ;
#2788 = VECTOR ( 'NONE', #2860, 1000.000000000000000 ) ;
#2789 = DIRECTION ( 'NONE',  ( -1.000000000000000000, 0.000000000000000000, 0.000000000000000000 ) ) ;
#2790 = DIRECTION ( 'NONE',  ( 1.776356839400250070E-15, 1.000000000000000000, 7.216449660063520471E-16 ) ) ;
#2791 = AXIS2_PLACEMENT_3D ( 'NONE', #3468, #681, #1533 ) ;
#2792 = CARTESIAN_POINT ( 'NONE',  ( 75.55343627929690342, 110.1203287768050103, 11.36526285778540135 ) ) ;
#2793 = ORIENTED_EDGE ( 'NONE', *, *, #501, .T. ) ;
#2794 = LINE ( 'NONE', #1660, #1898 ) ;
#2795 = AXIS2_PLACEMENT_3D ( 'NONE', #965, #3217, #2434 ) ;
#2796 = FILL_AREA_STYLE_COLOUR ( '', #966 ) ;
#2797 = EDGE_CURVE ( 'NONE', #1719, #228, #3055, .T. ) ;
#2798 = VERTEX_POINT ( 'NONE', #2999 ) ;
#2799 = VECTOR ( 'NONE', #1245, 1000.000000000000000 ) ;
#2800 = DIRECTION ( 'NONE',  ( 0.1305212769253860094, 0.000000000000000000, 0.9914455084722340050 ) ) ;
#2801 = ORIENTED_EDGE ( 'NONE', *, *, #50, .T. ) ;
#2802 = CARTESIAN_POINT ( 'NONE',  ( 75.55343627929690342, 112.7866973876949999, 2.220446049250309876E-16 ) ) ;
#2803 = LINE ( 'NONE', #832, #449 ) ;
#2804 = ORIENTED_EDGE ( 'NONE', *, *, #29, .F. ) ;
#2805 = DIRECTION ( 'NONE',  ( -1.776356839400250070E-15, 1.000000000000000000, 6.661338147750940229E-16 ) ) ;
#2806 = ORIENTED_EDGE ( 'NONE', *, *, #1215, .F. ) ;
#2807 = ADVANCED_FACE ( 'NONE', ( #457 ), #1584, .T. ) ;
#2808 = CARTESIAN_POINT ( 'NONE',  ( 78.32138824462889204, 101.7866973876950141, 4.464101791381840378 ) ) ;
#2809 = CARTESIAN_POINT ( 'NONE',  ( 117.7227911376949976, 104.0056629181370056, 22.99634838098310041 ) ) ;
#2810 = CARTESIAN_POINT ( 'NONE',  ( 107.7985601806639977, 101.7866973876950141, 5.464101791381827056 ) ) ;
#2811 = DIRECTION ( 'NONE',  ( 0.000000000000000000, 1.000000000000000000, 0.000000000000000000 ) ) ;
#2812 = CARTESIAN_POINT ( 'NONE',  ( 110.2985601806639977, 110.4185193369179956, 6.928203582763670987 ) ) ;
#2813 = DIRECTION ( 'NONE',  ( 0.000000000000000000, -0.9390857857850285484, 0.3436828289811923454 ) ) ;
#2814 = VECTOR ( 'NONE', #2535, 1000.000000000000000 ) ;
#2815 = CARTESIAN_POINT ( 'NONE',  ( 114.6093377912599891, 109.7866973876949999, 6.389920943971089784 ) ) ;
#2816 = ORIENTED_EDGE ( 'NONE', *, *, #3302, .F. ) ;
#2817 = VECTOR ( 'NONE', #2529, 1000.000000000000000 ) ;
#2818 = LINE ( 'NONE', #271, #1859 ) ;
#2819 = CARTESIAN_POINT ( 'NONE',  ( 117.7227911376949976, 108.7919330597279952, 17.84175968169499882 ) ) ;
#2820 = VECTOR ( 'NONE', #1725, 1000.000000000000000 ) ;
#2821 = ORIENTED_EDGE ( 'NONE', *, *, #2417, .F. ) ;
#2822 = DIRECTION ( 'NONE',  ( 1.000000000000000000, 0.000000000000000000, 0.000000000000000000 ) ) ;
#2823 = ORIENTED_EDGE ( 'NONE', *, *, #1863, .F. ) ;
#2824 = EDGE_CURVE ( 'NONE', #2071, #3503, #3570, .T. ) ;
#2825 = LINE ( 'NONE', #1408, #717 ) ;
#2826 = DIRECTION ( 'NONE',  ( -0.3826798146995759042, 0.000000000000000000, 0.9238810309891086758 ) ) ;
#2827 = ORIENTED_EDGE ( 'NONE', *, *, #2709, .F. ) ;
#2828 = CARTESIAN_POINT ( 'NONE',  ( 110.5665121459960005, 101.7866973876950141, 2.464101791381839934 ) ) ;
#2829 = ORIENTED_EDGE ( 'NONE', *, *, #2797, .F. ) ;
#2830 = EDGE_CURVE ( 'NONE', #15, #633, #2794, .T. ) ;
#2831 = DIRECTION ( 'NONE',  ( 0.000000000000000000, 1.000000000000000000, 0.000000000000000000 ) ) ;
#2832 = CARTESIAN_POINT ( 'NONE',  ( 113.2985601806639977, 101.7866973876950141, 1.732050895690919967 ) ) ;
#2833 = LINE ( 'NONE', #284, #1662 ) ;
#2834 = LINE ( 'NONE', #821, #3467 ) ;
#2835 = CARTESIAN_POINT ( 'NONE',  ( 84.55343627929690342, 101.7866973876950141, -2.220446049250309876E-16 ) ) ;
#2836 = ORIENTED_EDGE ( 'NONE', *, *, #414, .T. ) ;
#2837 = DIRECTION ( 'NONE',  ( 0.000000000000000000, -0.9998385936029986487, -0.01796626677909329492 ) ) ;
#2838 = CARTESIAN_POINT ( 'NONE',  ( 80.05343627929690342, 101.7866973876950141, 5.464101791381840378 ) ) ;
#2839 = EDGE_LOOP ( 'NONE', ( #2804, #217, #1671, #849 ) ) ;
#2840 = LINE ( 'NONE', #3149, #2188 ) ;
#2841 = ORIENTED_EDGE ( 'NONE', *, *, #1414, .T. ) ;
#2842 = PLANE ( 'NONE',  #2026 ) ;
#2843 = CARTESIAN_POINT ( 'NONE',  ( 114.0306158447269951, 101.7866973876950141, 4.464101791381840378 ) ) ;
#2844 = ORIENTED_EDGE ( 'NONE', *, *, #2598, .T. ) ;
#2845 = LINE ( 'NONE', #299, #2344 ) ;
#2846 = EDGE_LOOP ( 'NONE', ( #711, #2664, #2328, #1944 ) ) ;
#2847 = EDGE_CURVE ( 'NONE', #703, #2651, #1383, .T. ) ;
#2848 = VECTOR ( 'NONE', #1029, 1000.000000000000000 ) ;
#2849 = LINE ( 'NONE', #360, #1194 ) ;
#2850 = CARTESIAN_POINT ( 'NONE',  ( 114.2304144287110006, 101.7866973876950141, 2.946463584899889909 ) ) ;
#2851 = EDGE_CURVE ( 'NONE', #951, #342, #878, .T. ) ;
#2852 = DIRECTION ( 'NONE',  ( -0.000000000000000000, 0.8403006853517374086, 0.5421206122233321878 ) ) ;
#2853 = AXIS2_PLACEMENT_3D ( 'NONE', #1621, #1346, #3608 ) ;
#2854 = DIRECTION ( 'NONE',  ( -1.000000000000000000, 0.000000000000000000, 1.391854955922169840E-16 ) ) ;
#2855 = ADVANCED_FACE ( 'NONE', ( #1991 ), #1750, .T. ) ;
#2856 = ORIENTED_EDGE ( 'NONE', *, *, #1771, .T. ) ;
#2857 = CARTESIAN_POINT ( 'NONE',  ( 117.7227911376949976, 103.3315372467470041, 22.89210414880160371 ) ) ;
#2858 = AXIS2_PLACEMENT_3D ( 'NONE', #265, #3404, #3107 ) ;
#2859 = ORIENTED_EDGE ( 'NONE', *, *, #3605, .T. ) ;
#2860 = DIRECTION ( 'NONE',  ( 0.000000000000000000, 0.000000000000000000, -1.000000000000000000 ) ) ;
#2861 = EDGE_LOOP ( 'NONE', ( #874, #931, #2954, #3396 ) ) ;
#2862 = VECTOR ( 'NONE', #3292, 1000.000000000000000 ) ;
#2863 = FACE_BOUND ( 'NONE', #2447, .T. ) ;
#2864 = CARTESIAN_POINT ( 'NONE',  ( 107.7985601806639977, 103.4866973876950027, 5.464101791381848372 ) ) ;
#2865 = VECTOR ( 'NONE', #3007, 1000.000000000000000 ) ;
#2866 = ORIENTED_EDGE ( 'NONE', *, *, #3455, .T. ) ;
#2867 = DIRECTION ( 'NONE',  ( 1.000000000000000000, 0.000000000000000000, 0.000000000000000000 ) ) ;
#2868 = EDGE_LOOP ( 'NONE', ( #638, #2493, #808, #2377 ) ) ;
#2869 = DIRECTION ( 'NONE',  ( 0.000000000000000000, 0.3826749855670500966, -0.9238830312443551129 ) ) ;
#2870 = EDGE_CURVE ( 'NONE', #2000, #1468, #3127, .T. ) ;
#2871 = ORIENTED_EDGE ( 'NONE', *, *, #3251, .T. ) ;
#2872 = CARTESIAN_POINT ( 'NONE',  ( 78.05343627929690342, 112.7866973876949999, 6.928203582763670987 ) ) ;
#2873 = VECTOR ( 'NONE', #167, 999.9999999999998863 ) ;
#2874 = EDGE_CURVE ( 'NONE', #1620, #3388, #3159, .T. ) ;
#2875 = ORIENTED_EDGE ( 'NONE', *, *, #898, .T. ) ;
#2876 = DIRECTION ( 'NONE',  ( 1.000000000000000000, 0.000000000000000000, 0.000000000000000000 ) ) ;
#2877 = ORIENTED_EDGE ( 'NONE', *, *, #2199, .F. ) ;
#2878 = VECTOR ( 'NONE', #1914, 1000.000000000000000 ) ;
#2879 = CARTESIAN_POINT ( 'NONE',  ( 78.05343627929690342, 109.7866973876949999, 0.000000000000000000 ) ) ;
#2880 = CARTESIAN_POINT ( 'NONE',  ( 117.7227911376949976, 107.9337940216470031, 19.17189693449130061 ) ) ;
#2881 = VECTOR ( 'NONE', #854, 1000.000000000000114 ) ;
#2882 = ORIENTED_EDGE ( 'NONE', *, *, #1735, .T. ) ;
#2883 = LINE ( 'NONE', #2605, #794 ) ;
#2884 = VERTEX_POINT ( 'NONE', #1714 ) ;
#2885 = VECTOR ( 'NONE', #2158, 1000.000000000000000 ) ;
#2886 = CARTESIAN_POINT ( 'NONE',  ( 74.51279113769530227, 110.5361061096449902, 14.96409320833000045 ) ) ;
#2887 = DIRECTION ( 'NONE',  ( -0.7933494551558754049, 0.000000000000000000, -0.6087664921822453223 ) ) ;
#2888 = VERTEX_POINT ( 'NONE', #1154 ) ;
#2889 = DIRECTION ( 'NONE',  ( 0.000000000000000000, -0.000000000000000000, -1.000000000000000000 ) ) ;
#2890 = EDGE_CURVE ( 'NONE', #1902, #142, #3456, .T. ) ;
#2891 = ORIENTED_EDGE ( 'NONE', *, *, #2920, .F. ) ;
#2892 = LINE ( 'NONE', #352, #424 ) ;
#2893 = EDGE_LOOP ( 'NONE', ( #2973, #669 ) ) ;
#2894 = DIRECTION ( 'NONE',  ( -0.000000000000000000, 0.000000000000000000, -1.000000000000000000 ) ) ;
#2895 = ADVANCED_FACE ( 'NONE', ( #2593 ), #2327, .T. ) ;
#2896 = CARTESIAN_POINT ( 'NONE',  ( 116.7985601806640119, 111.1757812500000142, 8.920721054077150214 ) ) ;
#2897 = ORIENTED_EDGE ( 'NONE', *, *, #630, .T. ) ;
#2898 = FACE_BOUND ( 'NONE', #2893, .T. ) ;
#2899 = ORIENTED_EDGE ( 'NONE', *, *, #3067, .F. ) ;
#2900 = CARTESIAN_POINT ( 'NONE',  ( 74.51279113769530227, 107.0923862457719906, 20.37159252163889889 ) ) ;
#2901 = ORIENTED_EDGE ( 'NONE', *, *, #1344, .F. ) ;
#2902 = DIRECTION ( 'NONE',  ( 0.000000000000000000, -0.000000000000000000, -1.000000000000000000 ) ) ;
#2903 = VECTOR ( 'NONE', #2790, 1000.000000000000000 ) ;
#2904 = EDGE_CURVE ( 'NONE', #2528, #3359, #3438, .T. ) ;
#2905 = ORIENTED_EDGE ( 'NONE', *, *, #1252, .F. ) ;
#2906 = FACE_OUTER_BOUND ( 'NONE', #2772, .T. ) ;
#2907 = DIRECTION ( 'NONE',  ( 0.000000000000000000, 1.000000000000000000, 9.992007221626410836E-16 ) ) ;
#2908 = DIRECTION ( 'NONE',  ( -0.7933570454419661688, 0.000000000000000000, 0.6087566003318519714 ) ) ;
#2909 = ORIENTED_EDGE ( 'NONE', *, *, #853, .T. ) ;
#2910 = CARTESIAN_POINT ( 'NONE',  ( 74.51279113769530227, 104.3597812653059975, 22.91554927820239840 ) ) ;
#2911 = AXIS2_PLACEMENT_3D ( 'NONE', #632, #887, #2279 ) ;
#2912 = ADVANCED_FACE ( 'NONE', ( #323 ), #3679, .T. ) ;
#2913 = DIRECTION ( 'NONE',  ( 1.776356839400250070E-15, 1.000000000000000000, -1.110223024625160090E-15 ) ) ;
#2914 = ORIENTED_EDGE ( 'NONE', *, *, #1215, .T. ) ;
#2915 = VECTOR ( 'NONE', #3541, 1000.000000000000000 ) ;
#2916 = PLANE ( 'NONE',  #196 ) ;
#2917 = ORIENTED_EDGE ( 'NONE', *, *, #3211, .T. ) ;
#2918 = AXIS2_PLACEMENT_3D ( 'NONE', #2900, #1435, #18 ) ;
#2919 = CARTESIAN_POINT ( 'NONE',  ( 107.7985601806639977, 107.7866973876909924, 22.99834838098309930 ) ) ;
#2920 = EDGE_CURVE ( 'NONE', #661, #1902, #2849, .T. ) ;
#2921 = ORIENTED_EDGE ( 'NONE', *, *, #95, .T. ) ;
#2922 = VECTOR ( 'NONE', #1632, 1000.000000000000114 ) ;
#2923 = DIRECTION ( 'NONE',  ( 0.000000000000000000, -0.9378915011230751775, -0.3469287133131310763 ) ) ;
#2924 = CARTESIAN_POINT ( 'NONE',  ( 84.55343627929690342, 107.7866973876949999, 22.99834838098309930 ) ) ;
#2925 = ORIENTED_EDGE ( 'NONE', *, *, #1593, .F. ) ;
#2926 = DIRECTION ( 'NONE',  ( 0.000000000000000000, 0.000000000000000000, -1.000000000000000000 ) ) ;
#2927 = EDGE_LOOP ( 'NONE', ( #774, #3026 ) ) ;
#2928 = PLANE ( 'NONE',  #897 ) ;
#2929 = VERTEX_POINT ( 'NONE', #2010 ) ;
#2930 = EDGE_CURVE ( 'NONE', #15, #1707, #2046, .T. ) ;
#2931 = DIRECTION ( 'NONE',  ( 0.000000000000000000, 1.000000000000000000, 0.000000000000000000 ) ) ;
#2932 = CYLINDRICAL_SURFACE ( 'NONE', #2994, 3.000000000000002665 ) ;
#2933 =( GEOMETRIC_REPRESENTATION_CONTEXT ( 3 ) GLOBAL_UNCERTAINTY_ASSIGNED_CONTEXT ( ( #470 ) ) GLOBAL_UNIT_ASSIGNED_CONTEXT ( ( #826, #767, #1142 ) ) REPRESENTATION_CONTEXT ( 'NONE', 'WORKASPACE' ) );
#2934 = ORIENTED_EDGE ( 'NONE', *, *, #3022, .T. ) ;
#2935 = LINE ( 'NONE', #2342, #3577 ) ;
#2936 = EDGE_CURVE ( 'NONE', #3352, #3489, #303, .T. ) ;
#2937 = EDGE_LOOP ( 'NONE', ( #1359, #2581, #1294, #3332 ) ) ;
#2938 = VECTOR ( 'NONE', #2537, 1000.000000000000000 ) ;
#2939 = LINE ( 'NONE', #942, #312 ) ;
#2940 = ADVANCED_FACE ( 'NONE', ( #3402 ), #3193, .T. ) ;
#2941 = AXIS2_PLACEMENT_3D ( 'NONE', #3374, #3415, #3672 ) ;
#2942 = FACE_OUTER_BOUND ( 'NONE', #1249, .T. ) ;
#2943 = EDGE_CURVE ( 'NONE', #1504, #1546, #859, .T. ) ;
#2944 = CARTESIAN_POINT ( 'NONE',  ( 84.55343627929690342, 107.7866973876949999, 13.46409320831300072 ) ) ;
#2945 = ORIENTED_EDGE ( 'NONE', *, *, #2960, .T. ) ;
#2946 = CARTESIAN_POINT ( 'NONE',  ( 78.32138824462889204, 101.7866973876950141, 2.464101791381830164 ) ) ;
#2947 = ORIENTED_EDGE ( 'NONE', *, *, #1612, .T. ) ;
#2948 = PLANE ( 'NONE',  #2492 ) ;
#2949 = LINE ( 'NONE', #954, #2193 ) ;
#2950 = DIRECTION ( 'NONE',  ( -0.7933548705567949888, 0.000000000000000000, 0.6087594347226259472 ) ) ;
#2951 = ORIENTED_EDGE ( 'NONE', *, *, #1668, .F. ) ;
#2952 = CARTESIAN_POINT ( 'NONE',  ( 113.7127752685550064, 109.7866973876949999, 4.878314971923830790 ) ) ;
#2953 = ADVANCED_FACE ( 'NONE', ( #1769 ), #3177, .F. ) ;
#2954 = ORIENTED_EDGE ( 'NONE', *, *, #1324, .T. ) ;
#2955 = DIRECTION ( 'NONE',  ( -0.3826922874341510683, 0.000000000000000000, -0.9238758645718682105 ) ) ;
#2956 = VERTEX_POINT ( 'NONE', #1209 ) ;
#2957 = DIRECTION ( 'NONE',  ( 0.6087594347226259472, 0.000000000000000000, -0.7933548705567949888 ) ) ;
#2958 = ADVANCED_FACE ( 'NONE', ( #2345 ), #3474, .T. ) ;
#2959 = LINE ( 'NONE', #2382, #1733 ) ;
#2960 = EDGE_CURVE ( 'NONE', #651, #785, #3248, .T. ) ;
#2961 = VERTEX_POINT ( 'NONE', #1820 ) ;
#2962 = DIRECTION ( 'NONE',  ( -0.9914448304674222667, 0.000000000000000000, -0.1305264269771610197 ) ) ;
#2963 = ORIENTED_EDGE ( 'NONE', *, *, #260, .T. ) ;
#2964 = EDGE_CURVE ( 'NONE', #480, #904, #161, .T. ) ;
#2965 = DIRECTION ( 'NONE',  ( 0.000000000000000000, -1.000000000000000000, 0.000000000000000000 ) ) ;
#2966 = CARTESIAN_POINT ( 'NONE',  ( 75.55343627929690342, 112.7866973876949999, 2.442490654175339656E-15 ) ) ;
#2967 = DIRECTION ( 'NONE',  ( 1.000000000000000000, 0.000000000000000000, 0.000000000000000000 ) ) ;
#2968 = ORIENTED_EDGE ( 'NONE', *, *, #3475, .T. ) ;
#2969 = CARTESIAN_POINT ( 'NONE',  ( 74.51279113769530227, 103.3315372467470041, 22.89210414880160371 ) ) ;
#2970 = ORIENTED_EDGE ( 'NONE', *, *, #1575, .F. ) ;
#2971 = AXIS2_PLACEMENT_3D ( 'NONE', #2533, #2852, #306 ) ;
#2972 = DIRECTION ( 'NONE',  ( -0.3826922874341510683, 0.000000000000000000, 0.9238758645718682105 ) ) ;
#2973 = ORIENTED_EDGE ( 'NONE', *, *, #160, .T. ) ;
#2974 = AXIS2_PLACEMENT_3D ( 'NONE', #1192, #361, #60 ) ;
#2975 = FACE_OUTER_BOUND ( 'NONE', #1453, .T. ) ;
#2976 = CARTESIAN_POINT ( 'NONE',  ( 116.7985601806640119, 101.7866973876950141, 22.99834838098309930 ) ) ;
#2977 = VECTOR ( 'NONE', #291, 1000.000000000000114 ) ;
#2978 = EDGE_CURVE ( 'NONE', #1546, #2478, #1854, .T. ) ;
#2979 = CARTESIAN_POINT ( 'NONE',  ( 80.05343627929690342, 109.7866973876949999, 5.464101791381840378 ) ) ;
#2980 = EDGE_LOOP ( 'NONE', ( #636, #1479, #1694, #2109, #1853, #2497, #1352, #1087, #436, #1737 ) ) ;
#2981 = DIRECTION ( 'NONE',  ( 0.3826851378009850091, 0.000000000000000000, 0.9238788260947650155 ) ) ;
#2982 = LINE ( 'NONE', #2155, #2672 ) ;
#2983 = LINE ( 'NONE', #3187, #1370 ) ;
#2984 = CARTESIAN_POINT ( 'NONE',  ( 84.55343627929690342, 101.7866973877392525, 14.96409320828179190 ) ) ;
#2985 = EDGE_CURVE ( 'NONE', #3099, #1790, #687, .T. ) ;
#2986 = ORIENTED_EDGE ( 'NONE', *, *, #728, .T. ) ;
#2987 = LINE ( 'NONE', #1852, #2285 ) ;
#2988 = ORIENTED_EDGE ( 'NONE', *, *, #2623, .T. ) ;
#2989 = AXIS2_PLACEMENT_3D ( 'NONE', #2714, #114, #3509 ) ;
#2990 = DIRECTION ( 'NONE',  ( 0.000000000000000000, 0.3826749855670500966, -0.9238830312443551129 ) ) ;
#2991 = ORIENTED_EDGE ( 'NONE', *, *, #2930, .T. ) ;
#2992 = VECTOR ( 'NONE', #1728, 1000.000000000000114 ) ;
#2993 = DIRECTION ( 'NONE',  ( -1.000000000000000000, 0.000000000000000000, 0.000000000000000000 ) ) ;
#2994 = AXIS2_PLACEMENT_3D ( 'NONE', #2040, #3172, #2075 ) ;
#2995 = CARTESIAN_POINT ( 'NONE',  ( 80.57107543945309658, 109.7866973876949999, 1.532249450683589975 ) ) ;
#2996 = DIRECTION ( 'NONE',  ( 1.000000000000000000, 0.000000000000000000, 0.000000000000000000 ) ) ;
#2997 = CARTESIAN_POINT ( 'NONE',  ( 84.05343627929690342, 109.7866973876949999, 3.464101791381839934 ) ) ;
#2998 = FACE_OUTER_BOUND ( 'NONE', #3138, .T. ) ;
#2999 = CARTESIAN_POINT ( 'NONE',  ( 78.05343627929690342, 109.7866973876949999, 3.464101791381839934 ) ) ;
#3000 = CARTESIAN_POINT ( 'NONE',  ( 108.2985601806639977, 109.7866973876949999, 3.464101791381839934 ) ) ;
#3001 = EDGE_CURVE ( 'NONE', #3411, #428, #3280, .T. ) ;
#3002 = ORIENTED_EDGE ( 'NONE', *, *, #3001, .T. ) ;
#3003 = LINE ( 'NONE', #2161, #2848 ) ;
#3004 = ORIENTED_EDGE ( 'NONE', *, *, #310, .F. ) ;
#3005 = EDGE_CURVE ( 'NONE', #3530, #1887, #704, .T. ) ;
#3006 = CARTESIAN_POINT ( 'NONE',  ( 74.51279113769530227, 103.6627063751670050, 22.99018573754839778 ) ) ;
#3007 = DIRECTION ( 'NONE',  ( 1.000000000000000000, 0.000000000000000000, 1.921817174503529751E-16 ) ) ;
#3008 = DIRECTION ( 'NONE',  ( -0.9238788260947650155, 0.000000000000000000, 0.3826851378009850091 ) ) ;
#3009 = DIRECTION ( 'NONE',  ( 1.000000000000000000, 0.000000000000000000, 0.000000000000000000 ) ) ;
#3010 = CARTESIAN_POINT ( 'NONE',  ( 79.05343627929688921, 109.7866973876949999, 1.732050895690919967 ) ) ;
#3011 = LINE ( 'NONE', #1003, #2442 ) ;
#3012 = ADVANCED_FACE ( 'NONE', ( #1576 ), #2379, .T. ) ;
#3013 = LINE ( 'NONE', #471, #1619 ) ;
#3014 = ORIENTED_EDGE ( 'NONE', *, *, #960, .F. ) ;
#3015 = EDGE_CURVE ( 'NONE', #3489, #2651, #2398, .T. ) ;
#3016 = LINE ( 'NONE', #2773, #2862 ) ;
#3017 = LINE ( 'NONE', #1602, #2514 ) ;
#3018 = VECTOR ( 'NONE', #2472, 1000.000000000000114 ) ;
#3019 = VERTEX_POINT ( 'NONE', #430 ) ;
#3020 = FACE_OUTER_BOUND ( 'NONE', #1105, .T. ) ;
#3021 = ORIENTED_EDGE ( 'NONE', *, *, #260, .F. ) ;
#3022 = EDGE_CURVE ( 'NONE', #2335, #3359, #2415, .T. ) ;
#3023 = EDGE_LOOP ( 'NONE', ( #1333, #1110, #1966, #431 ) ) ;
#3024 = VECTOR ( 'NONE', #134, 1000.000000000000114 ) ;
#3025 = EDGE_CURVE ( 'NONE', #1407, #1710, #2362, .T. ) ;
#3026 = ORIENTED_EDGE ( 'NONE', *, *, #691, .T. ) ;
#3027 = AXIS2_PLACEMENT_3D ( 'NONE', #3431, #3100, #1742 ) ;
#3028 = CARTESIAN_POINT ( 'NONE',  ( 114.2985601806640119, 110.4185193369179956, 6.928203582763670987 ) ) ;
#3029 = CARTESIAN_POINT ( 'NONE',  ( 116.7985601806640119, 101.7866973876950141, 0.000000000000000000 ) ) ;
#3030 = VECTOR ( 'NONE', #1874, 1000.000000000000114 ) ;
#3031 = LINE ( 'NONE', #488, #2368 ) ;
#3032 = DIRECTION ( 'NONE',  ( 0.000000000000000000, 1.000000000000000000, 1.614869854000229959E-16 ) ) ;
#3033 = DIRECTION ( 'NONE',  ( 0.000000000000000000, -1.000000000000000000, 0.000000000000000000 ) ) ;
#3034 = PLANE ( 'NONE',  #1211 ) ;
#3035 = VERTEX_POINT ( 'NONE', #450 ) ;
#3036 = DIRECTION ( 'NONE',  ( -1.000000000000000000, 0.000000000000000000, 0.000000000000000000 ) ) ;
#3037 = ORIENTED_EDGE ( 'NONE', *, *, #3366, .F. ) ;
#3038 = ADVANCED_FACE ( 'NONE', ( #2642 ), #3488, .T. ) ;
#3039 = VERTEX_POINT ( 'NONE', #3232 ) ;
#3040 = CARTESIAN_POINT ( 'NONE',  ( 81.05343627929690342, 101.7866973876950141, 5.196151733398440165 ) ) ;
#3041 = ORIENTED_EDGE ( 'NONE', *, *, #2964, .F. ) ;
#3042 = EDGE_LOOP ( 'NONE', ( #1729, #92, #1466, #2594 ) ) ;
#3043 = STYLED_ITEM ( 'NONE', ( #2275 ), #585 ) ;
#3044 = ADVANCED_FACE ( 'NONE', ( #3538 ), #93, .T. ) ;
#3045 = DIRECTION ( 'NONE',  ( 0.000000000000000000, -2.110926372141859940E-15, -1.000000000000000000 ) ) ;
#3046 = VECTOR ( 'NONE', #1680, 1000.000000000000000 ) ;
#3047 = EDGE_CURVE ( 'NONE', #940, #1781, #398, .T. ) ;
#3048 = PLANE ( 'NONE',  #3261 ) ;
#3049 = DIRECTION ( 'NONE',  ( 0.000000000000000000, -0.01796626677909329492, 0.9998385936029987597 ) ) ;
#3050 = CLOSED_SHELL ( 'NONE', ( #3044, #2469, #1300 ) ) ;
#3051 = DIRECTION ( 'NONE',  ( -0.9238758645718683216, 0.000000000000000000, 0.3826922874341511238 ) ) ;
#3052 = CARTESIAN_POINT ( 'NONE',  ( 110.5665121459960005, 109.7866973876949999, 2.464101791381839934 ) ) ;
#3053 = VECTOR ( 'NONE', #36, 1000.000000000000114 ) ;
#3054 = VERTEX_POINT ( 'NONE', #2657 ) ;
#3055 = LINE ( 'NONE', #1866, #1196 ) ;
#3056 = ORIENTED_EDGE ( 'NONE', *, *, #3430, .T. ) ;
#3057 = DIRECTION ( 'NONE',  ( 0.000000000000000000, -1.000000000000000000, 0.000000000000000000 ) ) ;
#3058 = ORIENTED_EDGE ( 'NONE', *, *, #800, .F. ) ;
#3059 = CARTESIAN_POINT ( 'NONE',  ( 116.7985601806640119, 101.7866973876950141, 14.96409320829825873 ) ) ;
#3060 = CARTESIAN_POINT ( 'NONE',  ( 74.51279113769530227, 108.7919330597279952, 17.84175968169499882 ) ) ;
#3061 = ORIENTED_EDGE ( 'NONE', *, *, #1186, .T. ) ;
#3062 = LINE ( 'NONE', #2828, #328 ) ;
#3063 = ORIENTED_EDGE ( 'NONE', *, *, #75, .F. ) ;
#3064 = VERTEX_POINT ( 'NONE', #2430 ) ;
#3065 = CARTESIAN_POINT ( 'NONE',  ( 110.2985601806639977, 112.7866973876949999, 6.928203582763670987 ) ) ;
#3066 = DIRECTION ( 'NONE',  ( -0.000000000000000000, 0.4067565431084181893, 0.9135365973175292309 ) ) ;
#3067 = EDGE_CURVE ( 'NONE', #1540, #2465, #962, .T. ) ;
#3068 = CARTESIAN_POINT ( 'NONE',  ( 78.12158203125000000, 101.7866973876950141, 2.946463584899889909 ) ) ;
#3069 = CARTESIAN_POINT ( 'NONE',  ( 110.8843527221680034, 109.7866973876949999, 2.049888610839839753 ) ) ;
#3070 = EDGE_CURVE ( 'NONE', #1639, #3169, #1014, .T. ) ;
#3071 = CARTESIAN_POINT ( 'NONE',  ( 107.7985601806639977, 107.7866973876949999, 13.46409320831300072 ) ) ;
#3072 = EDGE_LOOP ( 'NONE', ( #3058, #2669, #1643, #1351 ) ) ;
#3073 = CARTESIAN_POINT ( 'NONE',  ( 112.8161993408200061, 109.7866973876949999, 5.395953178405759942 ) ) ;
#3074 = EDGE_CURVE ( 'NONE', #3572, #500, #2939, .T. ) ;
#3075 = ORIENTED_EDGE ( 'NONE', *, *, #1354, .T. ) ;
#3076 = PLANE ( 'NONE',  #300 ) ;
#3077 = ORIENTED_EDGE ( 'NONE', *, *, #2943, .T. ) ;
#3078 = LINE ( 'NONE', #1667, #660 ) ;
#3079 = LINE ( 'NONE', #3356, #2218 ) ;
#3080 = ORIENTED_EDGE ( 'NONE', *, *, #3337, .F. ) ;
#3081 = LINE ( 'NONE', #835, #1027 ) ;
#3082 = VERTEX_POINT ( 'NONE', #3505 ) ;
#3083 = LINE ( 'NONE', #3379, #1791 ) ;
#3084 = FACE_OUTER_BOUND ( 'NONE', #1030, .T. ) ;
#3085 = VECTOR ( 'NONE', #243, 1000.000000000000000 ) ;
#3086 = DIRECTION ( 'NONE',  ( -0.7933494551558762931, 0.000000000000000000, -0.6087664921822442121 ) ) ;
#3087 = DIRECTION ( 'NONE',  ( 1.000000000000000000, 0.000000000000000000, 1.110223033097929912E-16 ) ) ;
#3088 = DIRECTION ( 'NONE',  ( 1.000000000000000000, 0.000000000000000000, 0.000000000000000000 ) ) ;
#3089 = VECTOR ( 'NONE', #338, 1000.000000000000000 ) ;
#3090 = ADVANCED_FACE ( 'NONE', ( #2098 ), #251, .T. ) ;
#3091 = PLANE ( 'NONE',  #264 ) ;
#3092 = ORIENTED_EDGE ( 'NONE', *, *, #2048, .F. ) ;
#3093 = AXIS2_PLACEMENT_3D ( 'NONE', #2736, #188, #510 ) ;
#3094 = DIRECTION ( 'NONE',  ( 0.000000000000000000, -0.3934564079629199740, -0.9193432737736848548 ) ) ;
#3095 = CARTESIAN_POINT ( 'NONE',  ( 114.2985601806640119, 109.7866973876949999, 3.464101791381839934 ) ) ;
#3096 = ORIENTED_EDGE ( 'NONE', *, *, #3366, .T. ) ;
#3097 = VECTOR ( 'NONE', #3422, 1000.000000000000227 ) ;
#3098 = CARTESIAN_POINT ( 'NONE',  ( 117.7227911376949976, 99.53611373896720238, 14.96409320826940181 ) ) ;
#3099 = VERTEX_POINT ( 'NONE', #3196 ) ;
#3100 = DIRECTION ( 'NONE',  ( 1.000000000000000000, 0.000000000000000000, 0.000000000000000000 ) ) ;
#3101 = EDGE_CURVE ( 'NONE', #2651, #500, #1788, .T. ) ;
#3102 = CARTESIAN_POINT ( 'NONE',  ( 78.32138824462889204, 109.7866973876949999, 4.464101791381840378 ) ) ;
#3103 = ORIENTED_EDGE ( 'NONE', *, *, #2374, .T. ) ;
#3104 = CARTESIAN_POINT ( 'NONE',  ( 107.7985601806639977, 108.1757812500000000, 8.920721054077150214 ) ) ;
#3105 = ORIENTED_EDGE ( 'NONE', *, *, #2520, .T. ) ;
#3106 = DIRECTION ( 'NONE',  ( 0.000000000000000000, -0.9998385936029986487, -0.01796626677909329492 ) ) ;
#3107 = DIRECTION ( 'NONE',  ( -0.7933548705567949888, 0.000000000000000000, 0.6087594347226259472 ) ) ;
#3108 = LINE ( 'NONE', #842, #3110 ) ;
#3109 = CARTESIAN_POINT ( 'NONE',  ( 74.51279113769530227, 99.53611373896720238, 14.96409320826940181 ) ) ;
#3110 = VECTOR ( 'NONE', #3622, 1000.000000000000000 ) ;
#3111 = FACE_OUTER_BOUND ( 'NONE', #1929, .T. ) ;
#3112 = ORIENTED_EDGE ( 'NONE', *, *, #1021, .F. ) ;
#3113 = VECTOR ( 'NONE', #1928, 1000.000000000000000 ) ;
#3114 = DIRECTION ( 'NONE',  ( 0.000000000000000000, 1.000000000000000000, 0.000000000000000000 ) ) ;
#3115 = LINE ( 'NONE', #1107, #3623 ) ;
#3116 = VECTOR ( 'NONE', #2831, 1000.000000000000000 ) ;
#3117 = ORIENTED_EDGE ( 'NONE', *, *, #1880, .F. ) ;
#3118 = CARTESIAN_POINT ( 'NONE',  ( 81.46765136718750000, 109.7866973876949999, 4.878314971923830790 ) ) ;
#3119 = ORIENTED_EDGE ( 'NONE', *, *, #2551, .T. ) ;
#3120 = FACE_OUTER_BOUND ( 'NONE', #2861, .T. ) ;
#3121 = EDGE_CURVE ( 'NONE', #1057, #3214, #1213, .T. ) ;
#3122 = LINE ( 'NONE', #2545, #3578 ) ;
#3123 = ORIENTED_EDGE ( 'NONE', *, *, #1000, .T. ) ;
#3124 = CARTESIAN_POINT ( 'NONE',  ( 48.37332935554776014, 68.41399156484814625, -24.10861261496955166 ) ) ;
#3125 = EDGE_CURVE ( 'NONE', #927, #3425, #2349, .T. ) ;
#3126 = ORIENTED_EDGE ( 'NONE', *, *, #1978, .T. ) ;
#3127 = LINE ( 'NONE', #2919, #3154 ) ;
#3128 = CARTESIAN_POINT ( 'NONE',  ( 74.51279113769530227, 105.4820880890380010, 22.20573520655729993 ) ) ;
#3129 = CARTESIAN_POINT ( 'NONE',  ( 75.55343627929690342, 107.7866973876949999, 13.46409320831300072 ) ) ;
#3130 = ORIENTED_EDGE ( 'NONE', *, *, #1527, .F. ) ;
#3131 = FACE_OUTER_BOUND ( 'NONE', #1219, .T. ) ;
#3132 = ORIENTED_EDGE ( 'NONE', *, *, #2904, .T. ) ;
#3133 = LINE ( 'NONE', #2614, #2433 ) ;
#3134 = ORIENTED_EDGE ( 'NONE', *, *, #1296, .F. ) ;
#3135 = EDGE_CURVE ( 'NONE', #1292, #3401, #2560, .T. ) ;
#3136 = CARTESIAN_POINT ( 'NONE',  ( 110.3667135620120092, 109.7866973876949999, 2.946463584899900123 ) ) ;
#3137 = DIRECTION ( 'NONE',  ( 0.000000000000000000, 1.000000000000000000, 4.037174635000570090E-16 ) ) ;
#3138 = EDGE_LOOP ( 'NONE', ( #298, #579, #2991, #3298 ) ) ;
#3139 = CARTESIAN_POINT ( 'NONE',  ( 81.05343627929690342, 109.7866973876949999, 1.732050895690919967 ) ) ;
#3140 = EDGE_CURVE ( 'NONE', #1023, #3210, #656, .T. ) ;
#3141 = ORIENTED_EDGE ( 'NONE', *, *, #945, .F. ) ;
#3142 = DIRECTION ( 'NONE',  ( -1.000000000000000000, 0.000000000000000000, 0.000000000000000000 ) ) ;
#3143 = EDGE_CURVE ( 'NONE', #2763, #1721, #272, .T. ) ;
#3144 =( NAMED_UNIT ( * ) PLANE_ANGLE_UNIT ( ) SI_UNIT ( $, .RADIAN. ) );
#3145 = EDGE_LOOP ( 'NONE', ( #3626, #100, #2090, #1961 ) ) ;
#3146 = CARTESIAN_POINT ( 'NONE',  ( 84.55343627929690342, 110.1203308105469887, 11.36526489257810013 ) ) ;
#3147 = VECTOR ( 'NONE', #2729, 1000.000000000000000 ) ;
#3148 = ORIENTED_EDGE ( 'NONE', *, *, #112, .T. ) ;
#3149 = CARTESIAN_POINT ( 'NONE',  ( 107.7985601806639977, 110.1203509371860036, 11.36523866306830222 ) ) ;
#3150 = ORIENTED_EDGE ( 'NONE', *, *, #3269, .F. ) ;
#3151 = VECTOR ( 'NONE', #391, 1000.000000000000114 ) ;
#3152 = FACE_OUTER_BOUND ( 'NONE', #725, .T. ) ;
#3153 = DIRECTION ( 'NONE',  ( 0.000000000000000000, -1.000000000000000000, 0.000000000000000000 ) ) ;
#3154 = VECTOR ( 'NONE', #2266, 1000.000000000000000 ) ;
#3155 = DIRECTION ( 'NONE',  ( 0.000000000000000000, 1.000000000000000000, 0.000000000000000000 ) ) ;
#3156 = ORIENTED_EDGE ( 'NONE', *, *, #1340, .T. ) ;
#3157 = CYLINDRICAL_SURFACE ( 'NONE', #2588, 2.750000000000002665 ) ;
#3158 = ORIENTED_EDGE ( 'NONE', *, *, #1971, .F. ) ;
#3159 = LINE ( 'NONE', #1134, #723 ) ;
#3160 = APPLICATION_CONTEXT ( 'automotive_design' ) ;
#3161 = DIRECTION ( 'NONE',  ( 0.000000000000000000, 1.000000000000000000, 0.000000000000000000 ) ) ;
#3162 = EDGE_CURVE ( 'NONE', #1855, #1475, #1926, .T. ) ;
#3163 = EDGE_CURVE ( 'NONE', #951, #810, #3115, .T. ) ;
#3164 = VERTEX_POINT ( 'NONE', #1704 ) ;
#3165 = PLANE ( 'NONE',  #561 ) ;
#3166 = AXIS2_PLACEMENT_3D ( 'NONE', #2774, #227, #3114 ) ;
#3167 = ORIENTED_EDGE ( 'NONE', *, *, #3436, .T. ) ;
#3168 = DIRECTION ( 'NONE',  ( 1.000000000000000000, 0.000000000000000000, 0.000000000000000000 ) ) ;
#3169 = VERTEX_POINT ( 'NONE', #8 ) ;
#3170 = AXIS2_PLACEMENT_3D ( 'NONE', #1894, #223, #2458 ) ;
#3171 = CARTESIAN_POINT ( 'NONE',  ( 81.78548431396480112, 101.7866973876950141, 4.464101791381840378 ) ) ;
#3172 = DIRECTION ( 'NONE',  ( 1.000000000000000000, 0.000000000000000000, 0.000000000000000000 ) ) ;
#3173 = VECTOR ( 'NONE', #556, 1000.000000000000114 ) ;
#3174 = EDGE_LOOP ( 'NONE', ( #1126, #205, #559, #340 ) ) ;
#3175 = DIRECTION ( 'NONE',  ( -0.9238788260947650155, 0.000000000000000000, -0.3826851378009850091 ) ) ;
#3176 = ORIENTED_EDGE ( 'NONE', *, *, #2703, .T. ) ;
#3177 = PLANE ( 'NONE',  #429 ) ;
#3178 = VERTEX_POINT ( 'NONE', #2838 ) ;
#3179 = DIRECTION ( 'NONE',  ( 0.000000000000000000, -0.6087572864675002693, -0.7933565189577292953 ) ) ;
#3180 = FACE_OUTER_BOUND ( 'NONE', #3668, .T. ) ;
#3181 = EDGE_CURVE ( 'NONE', #2431, #3482, #3369, .T. ) ;
#3182 = EDGE_LOOP ( 'NONE', ( #1381, #2909, #1447, #3454 ) ) ;
#3183 = DIRECTION ( 'NONE',  ( 0.000000000000000000, -0.8614417473514212054, -0.5078563930090180811 ) ) ;
#3184 = ORIENTED_EDGE ( 'NONE', *, *, #35, .F. ) ;
#3185 = CARTESIAN_POINT ( 'NONE',  ( 79.05343627929688921, 109.7866973876949999, 1.732050895690919967 ) ) ;
#3186 = ORIENTED_EDGE ( 'NONE', *, *, #2874, .T. ) ;
#3187 = CARTESIAN_POINT ( 'NONE',  ( 75.55343627929690342, 110.5573747427390146, 10.79568012086579998 ) ) ;
#3188 = CARTESIAN_POINT ( 'NONE',  ( 114.0306158447269951, 101.7866973876950141, 2.464101791381839934 ) ) ;
#3189 = EDGE_CURVE ( 'NONE', #3670, #1710, #2628, .T. ) ;
#3190 = ORIENTED_EDGE ( 'NONE', *, *, #2703, .F. ) ;
#3191 = CARTESIAN_POINT ( 'NONE',  ( 116.7985601806640119, 101.7866973876950141, 22.99834838098309930 ) ) ;
#3192 = ORIENTED_EDGE ( 'NONE', *, *, #2392, .T. ) ;
#3193 = PLANE ( 'NONE',  #1670 ) ;
#3194 = PLANE ( 'NONE',  #2564 ) ;
#3195 =( GEOMETRIC_REPRESENTATION_CONTEXT ( 3 ) GLOBAL_UNCERTAINTY_ASSIGNED_CONTEXT ( ( #3289 ) ) GLOBAL_UNIT_ASSIGNED_CONTEXT ( ( #882, #3144, #822 ) ) REPRESENTATION_CONTEXT ( 'NONE', 'WORKASPACE' ) );
#3196 = CARTESIAN_POINT ( 'NONE',  ( 74.51279113769530227, 103.6627063751670050, 22.99018573754839778 ) ) ;
#3197 = ADVANCED_FACE ( 'NONE', ( #3180 ), #1858, .T. ) ;
#3198 = ORIENTED_EDGE ( 'NONE', *, *, #2677, .T. ) ;
#3199 = PLANE ( 'NONE',  #3340 ) ;
#3200 = ADVANCED_FACE ( 'NONE', ( #1526 ), #1561, .T. ) ;
#3201 = ORIENTED_EDGE ( 'NONE', *, *, #329, .T. ) ;
#3202 = DIRECTION ( 'NONE',  ( 0.000000000000000000, -0.7071067811904441225, 0.7071067811826510230 ) ) ;
#3203 = ORIENTED_EDGE ( 'NONE', *, *, #1958, .T. ) ;
#3204 = LINE ( 'NONE', #973, #1493 ) ;
#3205 = VECTOR ( 'NONE', #1595, 1000.000000000000227 ) ;
#3206 = DIRECTION ( 'NONE',  ( -0.8660254147996931939, 0.000000000000000000, -0.4999999809210191049 ) ) ;
#3207 = VERTEX_POINT ( 'NONE', #1578 ) ;
#3208 = VECTOR ( 'NONE', #2116, 1000.000000000000000 ) ;
#3209 = FACE_OUTER_BOUND ( 'NONE', #1269, .T. ) ;
#3210 = VERTEX_POINT ( 'NONE', #2944 ) ;
#3211 = EDGE_CURVE ( 'NONE', #1586, #412, #1823, .T. ) ;
#3212 = VECTOR ( 'NONE', #1494, 1000.000000000000114 ) ;
#3213 = DIRECTION ( 'NONE',  ( 0.000000000000000000, -1.000000000000000000, 0.000000000000000000 ) ) ;
#3214 = VERTEX_POINT ( 'NONE', #3490 ) ;
#3215 = VECTOR ( 'NONE', #3288, 1000.000000000000000 ) ;
#3216 = FACE_BOUND ( 'NONE', #173, .T. ) ;
#3217 = DIRECTION ( 'NONE',  ( -0.7933570454419661688, 0.000000000000000000, -0.6087566003318519714 ) ) ;
#3218 = VERTEX_POINT ( 'NONE', #674 ) ;
#3219 = PLANE ( 'NONE',  #2989 ) ;
#3220 = EDGE_LOOP ( 'NONE', ( #1345, #2380, #2891, #2464, #258 ) ) ;
#3221 = DIRECTION ( 'NONE',  ( 0.7933499880112131475, 0.000000000000000000, 0.6087657977601962367 ) ) ;
#3222 = CARTESIAN_POINT ( 'NONE',  ( 74.51279113769530227, 99.53611373896720238, 14.96409320826940181 ) ) ;
#3223 = CARTESIAN_POINT ( 'NONE',  ( 114.2985601806640119, 101.7866973876950141, 3.464101791381830164 ) ) ;
#3224 = CARTESIAN_POINT ( 'NONE',  ( 114.0306158447269951, 101.7866973876950141, 4.464101791381830608 ) ) ;
#3225 = VECTOR ( 'NONE', #2612, 1000.000000000000227 ) ;
#3226 = ORIENTED_EDGE ( 'NONE', *, *, #3125, .T. ) ;
#3227 = DIRECTION ( 'NONE',  ( -0.4999999809210190493, 0.000000000000000000, -0.8660254147996930829 ) ) ;
#3228 = ORIENTED_EDGE ( 'NONE', *, *, #2964, .T. ) ;
#3229 = EDGE_CURVE ( 'NONE', #2095, #1887, #2102, .T. ) ;
#3230 = VECTOR ( 'NONE', #3032, 1000.000000000000000 ) ;
#3231 = EDGE_CURVE ( 'NONE', #1145, #2591, #2084, .T. ) ;
#3232 = CARTESIAN_POINT ( 'NONE',  ( 107.7985601806639977, 112.7866973876949999, 2.220446049250309876E-16 ) ) ;
#3233 = VECTOR ( 'NONE', #296, 1000.000000000000000 ) ;
#3234 = DIRECTION ( 'NONE',  ( 0.9914450668446497250, 0.000000000000000000, 0.1305246315045859307 ) ) ;
#3235 = ADVANCED_FACE ( 'NONE', ( #3283 ), #2697, .T. ) ;
#3236 = DIRECTION ( 'NONE',  ( 1.000000000000000000, 0.000000000000000000, 0.000000000000000000 ) ) ;
#3237 = CARTESIAN_POINT ( 'NONE',  ( 110.5665121459960005, 101.7866973876950141, 2.464101791381830164 ) ) ;
#3238 = ORIENTED_EDGE ( 'NONE', *, *, #3121, .F. ) ;
#3239 = CARTESIAN_POINT ( 'NONE',  ( 84.55343627929690342, 110.5573544486990016, 10.79571912687470103 ) ) ;
#3240 = ORIENTED_EDGE ( 'NONE', *, *, #685, .F. ) ;
#3241 = LINE ( 'NONE', #1235, #3024 ) ;
#3242 = CARTESIAN_POINT ( 'NONE',  ( 111.2985601806639977, 109.7866973876949999, 1.732050895690919967 ) ) ;
#3243 = DIRECTION ( 'NONE',  ( 0.9238788260947650155, 0.000000000000000000, 0.3826851378009850091 ) ) ;
#3244 = ORIENTED_EDGE ( 'NONE', *, *, #112, .F. ) ;
#3245 = DIRECTION ( 'NONE',  ( 0.000000000000000000, -0.5078563930090180811, 0.8614417473514212054 ) ) ;
#3246 = VERTEX_POINT ( 'NONE', #3528 ) ;
#3247 = ADVANCED_FACE ( 'NONE', ( #149 ), #434, .T. ) ;
#3248 = LINE ( 'NONE', #1539, #1789 ) ;
#3249 = LINE ( 'NONE', #1089, #3208 ) ;
#3250 = CARTESIAN_POINT ( 'NONE',  ( 75.55343627929690342, 111.1757812500000142, 8.920721054077150214 ) ) ;
#3251 = EDGE_CURVE ( 'NONE', #1183, #3019, #944, .T. ) ;
#3252 = DIRECTION ( 'NONE',  ( -0.8660254147996931939, 0.000000000000000000, -0.4999999809210191049 ) ) ;
#3253 = ORIENTED_EDGE ( 'NONE', *, *, #9, .F. ) ;
#3254 = CARTESIAN_POINT ( 'NONE',  ( 82.05343627929690342, 112.7866973876949999, 6.928203582763679869 ) ) ;
#3255 = DIRECTION ( 'NONE',  ( -1.776356839400250070E-15, 1.000000000000000000, -1.554312234475220143E-15 ) ) ;
#3256 = LINE ( 'NONE', #3223, #2495 ) ;
#3257 = DIRECTION ( 'NONE',  ( 0.000000000000000000, -0.6994789162168121299, 0.7146532346307221673 ) ) ;
#3258 = ORIENTED_EDGE ( 'NONE', *, *, #2580, .T. ) ;
#3259 = PLANE ( 'NONE',  #652 ) ;
#3260 = ORIENTED_EDGE ( 'NONE', *, *, #1717, .T. ) ;
#3261 = AXIS2_PLACEMENT_3D ( 'NONE', #2553, #2767, #2 ) ;
#3262 = VECTOR ( 'NONE', #1617, 1000.000000000000000 ) ;
#3263 = DIRECTION ( 'NONE',  ( -0.9914448304674222667, 0.000000000000000000, 0.1305264269771610197 ) ) ;
#3264 = AXIS2_PLACEMENT_3D ( 'NONE', #1879, #1600, #1025 ) ;
#3265 = DIRECTION ( 'NONE',  ( 0.000000000000000000, 1.000000000000000000, 5.506064073066059802E-12 ) ) ;
#3266 = DIRECTION ( 'NONE',  ( 0.000000000000000000, 0.000000000000000000, 1.000000000000000000 ) ) ;
#3267 = VECTOR ( 'NONE', #3086, 1000.000000000000000 ) ;
#3268 = DIRECTION ( 'NONE',  ( 0.9238788260947646824, 0.000000000000000000, -0.3826851378009858418 ) ) ;
#3269 = EDGE_CURVE ( 'NONE', #83, #1639, #2959, .T. ) ;
#3270 = LINE ( 'NONE', #1565, #385 ) ;
#3271 = LINE ( 'NONE', #1357, #110 ) ;
#3272 = ADVANCED_FACE ( 'NONE', ( #2133 ), #3543, .T. ) ;
#3273 = DIRECTION ( 'NONE',  ( -1.000000000000000000, 0.000000000000000000, 0.000000000000000000 ) ) ;
#3274 = CARTESIAN_POINT ( 'NONE',  ( 78.63922119140620737, 109.7866973876949999, 4.878314971923830790 ) ) ;
#3275 = CARTESIAN_POINT ( 'NONE',  ( 79.53579711914061079, 109.7866973876949999, 1.532249450683589975 ) ) ;
#3276 = VERTEX_POINT ( 'NONE', #3250 ) ;
#3277 = LINE ( 'NONE', #958, #3377 ) ;
#3278 = VERTEX_POINT ( 'NONE', #1247 ) ;
#3279 = AXIS2_PLACEMENT_3D ( 'NONE', #505, #2512, #1891 ) ;
#3280 = LINE ( 'NONE', #1803, #2498 ) ;
#3281 = ORIENTED_EDGE ( 'NONE', *, *, #75, .T. ) ;
#3282 = VECTOR ( 'NONE', #3314, 1000.000000000000114 ) ;
#3283 = FACE_OUTER_BOUND ( 'NONE', #2309, .T. ) ;
#3284 = CIRCLE ( 'NONE', #1752, 3.000000000000002665 ) ;
#3285 = DIRECTION ( 'NONE',  ( -0.000000000000000000, -0.000000000000000000, -1.000000000000000000 ) ) ;
#3286 = DIRECTION ( 'NONE',  ( 0.000000000000000000, 1.000000000000000000, 0.000000000000000000 ) ) ;
#3287 = DIRECTION ( 'NONE',  ( -0.3826922874341510683, 0.000000000000000000, 0.9238758645718682105 ) ) ;
#3288 = DIRECTION ( 'NONE',  ( -0.9238788260947650155, 0.000000000000000000, -0.3826851378009850091 ) ) ;
#3289 = UNCERTAINTY_MEASURE_WITH_UNIT (LENGTH_MEASURE( 1.000000000000000082E-05 ), #882, 'distance_accuracy_value', 'NONE');
#3290 = ADVANCED_FACE ( 'NONE', ( #693, #708 ), #3507, .F. ) ;
#3291 = DIRECTION ( 'NONE',  ( 0.000000000000000000, -0.8105607409980494227, 0.5856545783588592569 ) ) ;
#3292 = DIRECTION ( 'NONE',  ( -1.000000000000000000, 0.000000000000000000, 0.000000000000000000 ) ) ;
#3293 = LINE ( 'NONE', #2461, #2224 ) ;
#3294 = VERTEX_POINT ( 'NONE', #744 ) ;
#3295 = CARTESIAN_POINT ( 'NONE',  ( 82.05343627929690342, 101.7866973876950141, 3.464101791381839934 ) ) ;
#3296 = EDGE_LOOP ( 'NONE', ( #1046, #757, #1889, #3491, #3339 ) ) ;
#3297 = EDGE_CURVE ( 'NONE', #2591, #901, #2678, .T. ) ;
#3298 = ORIENTED_EDGE ( 'NONE', *, *, #1433, .F. ) ;
#3299 = CARTESIAN_POINT ( 'NONE',  ( 78.05343627929690342, 101.7866973876950141, 3.464101791381839934 ) ) ;
#3300 = DIRECTION ( 'NONE',  ( -0.9914448304674222667, 0.000000000000000000, -0.1305264269771610197 ) ) ;
#3301 = DIRECTION ( 'NONE',  ( 0.9914450668446497250, 0.000000000000000000, 0.1305246315045859307 ) ) ;
#3302 = EDGE_CURVE ( 'NONE', #356, #121, #984, .T. ) ;
#3303 = LINE ( 'NONE', #763, #3545 ) ;
#3304 = PLANE ( 'NONE',  #1861 ) ;
#3305 = CARTESIAN_POINT ( 'NONE',  ( 81.78548431396480112, 109.7866973876949999, 2.464101791381839934 ) ) ;
#3306 = EDGE_CURVE ( 'NONE', #2360, #963, #1839, .T. ) ;
#3307 = DIRECTION ( 'NONE',  ( 1.000000000000000000, 0.000000000000000000, 0.000000000000000000 ) ) ;
#3308 = AXIS2_PLACEMENT_3D ( 'NONE', #1912, #3051, #506 ) ;
#3309 = EDGE_LOOP ( 'NONE', ( #894, #799, #2968, #1177, #3203, #1015 ) ) ;
#3310 = DIRECTION ( 'NONE',  ( 1.000000000000000000, 0.000000000000000000, 0.000000000000000000 ) ) ;
#3311 = ORIENTED_EDGE ( 'NONE', *, *, #914, .F. ) ;
#3312 = EDGE_CURVE ( 'NONE', #115, #940, #2728, .T. ) ;
#3313 = ORIENTED_EDGE ( 'NONE', *, *, #183, .F. ) ;
#3314 = DIRECTION ( 'NONE',  ( 0.000000000000000000, -0.6239859987278860709, 0.7814355209430671190 ) ) ;
#3315 = EDGE_CURVE ( 'NONE', #428, #738, #21, .T. ) ;
#3316 = VERTEX_POINT ( 'NONE', #2832 ) ;
#3317 = ORIENTED_EDGE ( 'NONE', *, *, #1802, .F. ) ;
#3318 = VECTOR ( 'NONE', #3255, 1000.000000000000000 ) ;
#3319 = ORIENTED_EDGE ( 'NONE', *, *, #54, .T. ) ;
#3320 = AXIS2_PLACEMENT_3D ( 'NONE', #473, #3550, #749 ) ;
#3321 = DIRECTION ( 'NONE',  ( -0.1305212769253860094, 0.000000000000000000, 0.9914455084722340050 ) ) ;
#3322 = CARTESIAN_POINT ( 'NONE',  ( 114.5230090310420081, 110.0216071502809001, 6.539446750430579769 ) ) ;
#3323 = VECTOR ( 'NONE', #2418, 1000.000000000000227 ) ;
#3324 = LINE ( 'NONE', #1338, #3215 ) ;
#3325 = DIRECTION ( 'NONE',  ( 0.000000000000000000, 1.000000000000000000, 0.000000000000000000 ) ) ;
#3326 = ORIENTED_EDGE ( 'NONE', *, *, #464, .T. ) ;
#3327 = LINE ( 'NONE', #2756, #1845 ) ;
#3328 = FACE_OUTER_BOUND ( 'NONE', #214, .T. ) ;
#3329 = EDGE_CURVE ( 'NONE', #756, #2776, #2573, .T. ) ;
#3330 = ORIENTED_EDGE ( 'NONE', *, *, #2181, .T. ) ;
#3331 = CARTESIAN_POINT ( 'NONE',  ( 78.12158203125000000, 109.7866973876949999, 2.946463584899900123 ) ) ;
#3332 = ORIENTED_EDGE ( 'NONE', *, *, #2658, .F. ) ;
#3333 = DIRECTION ( 'NONE',  ( -0.9238788260947650155, 0.000000000000000000, 0.3826851378009850091 ) ) ;
#3334 = DIRECTION ( 'NONE',  ( -0.6087657977601961257, 0.000000000000000000, 0.7933499880112131475 ) ) ;
#3335 = ORIENTED_EDGE ( 'NONE', *, *, #2414, .T. ) ;
#3336 = LINE ( 'NONE', #237, #2153 ) ;
#3337 = EDGE_CURVE ( 'NONE', #1549, #1407, #1697, .T. ) ;
#3338 = ORIENTED_EDGE ( 'NONE', *, *, #3410, .T. ) ;
#3339 = ORIENTED_EDGE ( 'NONE', *, *, #508, .F. ) ;
#3340 = AXIS2_PLACEMENT_3D ( 'NONE', #2014, #1443, #384 ) ;
#3341 = ADVANCED_FACE ( 'NONE', ( #283 ), #1416, .T. ) ;
#3342 = DIRECTION ( 'NONE',  ( 0.000000000000000000, 1.000000000000000000, 0.000000000000000000 ) ) ;
#3343 = VECTOR ( 'NONE', #1616, 1000.000000000000000 ) ;
#3344 = CARTESIAN_POINT ( 'NONE',  ( 81.05343627929690342, 109.7866973876949999, 1.732050895690919967 ) ) ;
#3345 = CARTESIAN_POINT ( 'NONE',  ( 80.05343627929690342, 109.7866973876949999, 1.464101791381839934 ) ) ;
#3346 = AXIS2_PLACEMENT_3D ( 'NONE', #3362, #2291, #2786 ) ;
#3347 = CARTESIAN_POINT ( 'NONE',  ( 117.7227911376949976, 102.7031497955689900, 22.43131923669040262 ) ) ;
#3348 = DIRECTION ( 'NONE',  ( 1.000000000000000000, 0.000000000000000000, 0.000000000000000000 ) ) ;
#3349 = AXIS2_PLACEMENT_3D ( 'NONE', #2668, #407, #1043 ) ;
#3350 = ORIENTED_EDGE ( 'NONE', *, *, #642, .F. ) ;
#3351 = FACE_OUTER_BOUND ( 'NONE', #1705, .T. ) ;
#3352 = VERTEX_POINT ( 'NONE', #880 ) ;
#3353 = DIRECTION ( 'NONE',  ( -0.6087566003318519714, 0.000000000000000000, 0.7933570454419661688 ) ) ;
#3354 = VERTEX_POINT ( 'NONE', #862 ) ;
#3355 = CARTESIAN_POINT ( 'NONE',  ( 110.8843527221680034, 109.7866973876949999, 4.878314971923830790 ) ) ;
#3356 = CARTESIAN_POINT ( 'NONE',  ( 74.51279113769530227, 107.4866973877002465, 14.96409320831317658 ) ) ;
#3357 = ORIENTED_EDGE ( 'NONE', *, *, #1257, .F. ) ;
#3358 = DIRECTION ( 'NONE',  ( 0.1305356407156920417, 0.000000000000000000, -0.9914436174099582333 ) ) ;
#3359 = VERTEX_POINT ( 'NONE', #1993 ) ;
#3360 = VERTEX_POINT ( 'NONE', #587 ) ;
#3361 = EDGE_CURVE ( 'NONE', #1079, #412, #1674, .T. ) ;
#3362 = CARTESIAN_POINT ( 'NONE',  ( 74.51279113769530227, 0.000000000000000000, 0.000000000000000000 ) ) ;
#3363 = FACE_OUTER_BOUND ( 'NONE', #2583, .T. ) ;
#3364 = DIRECTION ( 'NONE',  ( 0.7742633737221441548, 0.000000000000000000, -0.6328635146004256695 ) ) ;
#3365 = DIRECTION ( 'NONE',  ( 0.7933570454419661688, 0.000000000000000000, 0.6087566003318519714 ) ) ;
#3366 = EDGE_CURVE ( 'NONE', #1783, #2335, #325, .T. ) ;
#3367 = ORIENTED_EDGE ( 'NONE', *, *, #50, .F. ) ;
#3368 = CARTESIAN_POINT ( 'NONE',  ( 74.51279113769530227, 101.5590763092249915, 20.63125324242870207 ) ) ;
#3369 = LINE ( 'NONE', #2217, #2977 ) ;
#3370 = ORIENTED_EDGE ( 'NONE', *, *, #1101, .F. ) ;
#3371 = CARTESIAN_POINT ( 'NONE',  ( 74.51279113769530227, 104.0056629181370056, 22.99634838098310041 ) ) ;
#3372 = ORIENTED_EDGE ( 'NONE', *, *, #3074, .F. ) ;
#3373 = CARTESIAN_POINT ( 'NONE',  ( 107.7985601806639977, 110.5573577880859943, 10.79572105407710048 ) ) ;
#3374 = CARTESIAN_POINT ( 'NONE',  ( 78.32138824462889204, 109.7866973876949999, 4.464101791381840378 ) ) ;
#3375 = EDGE_LOOP ( 'NONE', ( #2823, #2735, #44, #3370 ) ) ;
#3376 = LINE ( 'NONE', #1069, #3282 ) ;
#3377 = VECTOR ( 'NONE', #739, 1000.000000000000114 ) ;
#3378 = VERTEX_POINT ( 'NONE', #2810 ) ;
#3379 = CARTESIAN_POINT ( 'NONE',  ( 96.17599822998046477, 103.4866973876950027, 14.96409320826940004 ) ) ;
#3380 = CARTESIAN_POINT ( 'NONE',  ( 114.0306158447269951, 101.7866973876950141, 2.464101791381839934 ) ) ;
#3381 = AXIS2_PLACEMENT_3D ( 'NONE', #1740, #2600, #47 ) ;
#3382 = PLANE ( 'NONE',  #2378 ) ;
#3383 = LINE ( 'NONE', #1337, #2751 ) ;
#3384 = DIRECTION ( 'NONE',  ( 0.000000000000000000, -1.000000000000000000, -1.665334536937729880E-16 ) ) ;
#3385 = VECTOR ( 'NONE', #1541, 1000.000000000000000 ) ;
#3386 = CARTESIAN_POINT ( 'NONE',  ( 116.7985601806640119, 110.1203308105469887, 11.36526489257810013 ) ) ;
#3387 = EDGE_CURVE ( 'NONE', #1790, #3360, #2065, .T. ) ;
#3388 = VERTEX_POINT ( 'NONE', #2032 ) ;
#3389 = VECTOR ( 'NONE', #912, 1000.000000000000000 ) ;
#3390 = DIRECTION ( 'NONE',  ( -0.9238758645718683216, 0.000000000000000000, -0.3826922874341511238 ) ) ;
#3391 = ADVANCED_FACE ( 'NONE', ( #2644 ), #345, .T. ) ;
#3392 = CARTESIAN_POINT ( 'NONE',  ( 110.1783721745930222, 110.2335731595149895, 6.720031839196979995 ) ) ;
#3393 = ORIENTED_EDGE ( 'NONE', *, *, #2027, .F. ) ;
#3394 = VECTOR ( 'NONE', #1438, 1000.000000000000000 ) ;
#3395 = LINE ( 'NONE', #789, #2722 ) ;
#3396 = ORIENTED_EDGE ( 'NONE', *, *, #2177, .F. ) ;
#3397 = LINE ( 'NONE', #1687, #122 ) ;
#3398 = CARTESIAN_POINT ( 'NONE',  ( 78.63922119140620737, 101.7866973876950141, 4.878314971923830790 ) ) ;
#3399 = ORIENTED_EDGE ( 'NONE', *, *, #2723, .T. ) ;
#3400 = LINE ( 'NONE', #796, #27 ) ;
#3401 = VERTEX_POINT ( 'NONE', #2167 ) ;
#3402 = FACE_OUTER_BOUND ( 'NONE', #2042, .T. ) ;
#3403 = CARTESIAN_POINT ( 'NONE',  ( 74.51279113769530227, 107.0923862457719906, 20.37159252163889889 ) ) ;
#3404 = DIRECTION ( 'NONE',  ( -0.6087594347226259472, 0.000000000000000000, -0.7933548705567949888 ) ) ;
#3405 = VECTOR ( 'NONE', #2837, 1000.000000000000114 ) ;
#3406 = EDGE_CURVE ( 'NONE', #3246, #376, #3083, .T. ) ;
#3407 = ORIENTED_EDGE ( 'NONE', *, *, #2324, .F. ) ;
#3408 = VECTOR ( 'NONE', #2867, 1000.000000000000000 ) ;
#3409 = CARTESIAN_POINT ( 'NONE',  ( 81.98529052734369316, 109.7866973876949999, 2.946463584899900123 ) ) ;
#3410 = EDGE_CURVE ( 'NONE', #1781, #847, #2550, .T. ) ;
#3411 = VERTEX_POINT ( 'NONE', #2808 ) ;
#3412 = DIRECTION ( 'NONE',  ( 0.3826798146995750161, 0.000000000000000000, -0.9238810309891090089 ) ) ;
#3413 = ORIENTED_EDGE ( 'NONE', *, *, #1397, .T. ) ;
#3414 = DIRECTION ( 'NONE',  ( 0.000000000000000000, -1.000000000000000000, 0.000000000000000000 ) ) ;
#3415 = DIRECTION ( 'NONE',  ( 0.9238758645718683216, 0.000000000000000000, -0.3826922874341511238 ) ) ;
#3416 = ORIENTED_EDGE ( 'NONE', *, *, #930, .T. ) ;
#3417 = DIRECTION ( 'NONE',  ( -1.000000000000000000, 0.000000000000000000, 0.000000000000000000 ) ) ;
#3418 = ORIENTED_EDGE ( 'NONE', *, *, #2417, .T. ) ;
#3419 = ADVANCED_FACE ( 'NONE', ( #760, #1568 ), #153, .T. ) ;
#3420 = CARTESIAN_POINT ( 'NONE',  ( 82.05343627929690342, 101.7866973876950141, 3.464101791381830164 ) ) ;
#3421 = DIRECTION ( 'NONE',  ( -0.4999999809210190493, 0.000000000000000000, -0.8660254147996930829 ) ) ;
#3422 = DIRECTION ( 'NONE',  ( -0.1305356407156920417, 0.000000000000000000, -0.9914436174099582333 ) ) ;
#3423 = PLANE ( 'NONE',  #1366 ) ;
#3424 = CARTESIAN_POINT ( 'NONE',  ( 111.7809210205080035, 109.7866973876949999, 5.395953178405759942 ) ) ;
#3425 = VERTEX_POINT ( 'NONE', #3586 ) ;
#3426 = CARTESIAN_POINT ( 'NONE',  ( 110.3667135620120092, 101.7866973876950141, 2.946463584899909893 ) ) ;
#3427 = ORIENTED_EDGE ( 'NONE', *, *, #550, .F. ) ;
#3428 = DIRECTION ( 'NONE',  ( -1.000000000000000000, 0.000000000000000000, 0.000000000000000000 ) ) ;
#3429 = ORIENTED_EDGE ( 'NONE', *, *, #359, .T. ) ;
#3430 = EDGE_CURVE ( 'NONE', #2661, #1145, #1041, .T. ) ;
#3431 = CARTESIAN_POINT ( 'NONE',  ( 75.55343627929690342, 108.1757812500000000, 9.420721054077150214 ) ) ;
#3432 = LINE ( 'NONE', #3224, #1695 ) ;
#3433 = ORIENTED_EDGE ( 'NONE', *, *, #1749, .F. ) ;
#3434 = LINE ( 'NONE', #3139, #499 ) ;
#3435 = ORIENTED_EDGE ( 'NONE', *, *, #3580, .F. ) ;
#3436 = EDGE_CURVE ( 'NONE', #1702, #2705, #3620, .T. ) ;
#3437 = EDGE_CURVE ( 'NONE', #418, #460, #3595, .T. ) ;
#3438 = LINE ( 'NONE', #2626, #3389 ) ;
#3439 = ORIENTED_EDGE ( 'NONE', *, *, #458, .T. ) ;
#3440 = LINE ( 'NONE', #2513, #1591 ) ;
#3441 = VERTEX_POINT ( 'NONE', #1182 ) ;
#3442 = LINE ( 'NONE', #629, #1389 ) ;
#3443 = VECTOR ( 'NONE', #2574, 1000.000000000000000 ) ;
#3444 = VERTEX_POINT ( 'NONE', #1080 ) ;
#3445 = CARTESIAN_POINT ( 'NONE',  ( 107.7985601806639977, 103.4866973876950027, 0.000000000000000000 ) ) ;
#3446 = ORIENTED_EDGE ( 'NONE', *, *, #3143, .F. ) ;
#3447 = VECTOR ( 'NONE', #103, 1000.000000000000227 ) ;
#3448 = EDGE_CURVE ( 'NONE', #943, #2180, #961, .T. ) ;
#3449 = DIRECTION ( 'NONE',  ( 0.6087566003318519714, 0.000000000000000000, -0.7933570454419661688 ) ) ;
#3450 = DIRECTION ( 'NONE',  ( 1.000000000000000000, 0.000000000000000000, 0.000000000000000000 ) ) ;
#3451 = VECTOR ( 'NONE', #126, 1000.000000000000114 ) ;
#3452 = EDGE_LOOP ( 'NONE', ( #1114, #3077, #388, #3092 ) ) ;
#3453 = CARTESIAN_POINT ( 'NONE',  ( 116.7985601806640119, 101.7866973876950141, -2.220446049250309876E-16 ) ) ;
#3454 = ORIENTED_EDGE ( 'NONE', *, *, #297, .F. ) ;
#3455 = EDGE_CURVE ( 'NONE', #2710, #3039, #3011, .T. ) ;
#3456 = LINE ( 'NONE', #58, #370 ) ;
#3457 = VERTEX_POINT ( 'NONE', #455 ) ;
#3458 = EDGE_CURVE ( 'NONE', #1092, #3530, #1020, .T. ) ;
#3459 = DIRECTION ( 'NONE',  ( -0.1305356407156920417, 0.000000000000000000, -0.9914436174099582333 ) ) ;
#3460 = ADVANCED_FACE ( 'NONE', ( #806 ), #1636, .T. ) ;
#3461 = ORIENTED_EDGE ( 'NONE', *, *, #2350, .T. ) ;
#3462 = CARTESIAN_POINT ( 'NONE',  ( 76.05343627929690342, 109.7866973876949999, 3.464101791381839934 ) ) ;
#3463 = VECTOR ( 'NONE', #1002, 1000.000000000000114 ) ;
#3464 = VERTEX_POINT ( 'NONE', #2138 ) ;
#3465 = CARTESIAN_POINT ( 'NONE',  ( 80.05343627929690342, 101.7866973876950141, 5.464101791381840378 ) ) ;
#3466 = ORIENTED_EDGE ( 'NONE', *, *, #1593, .T. ) ;
#3467 = VECTOR ( 'NONE', #1952, 1000.000000000000000 ) ;
#3468 = CARTESIAN_POINT ( 'NONE',  ( 114.2985601806640119, 109.7866973876949999, 0.000000000000000000 ) ) ;
#3469 = PLANE ( 'NONE',  #741 ) ;
#3470 = VECTOR ( 'NONE', #339, 1000.000000000000000 ) ;
#3471 = ORIENTED_EDGE ( 'NONE', *, *, #2207, .F. ) ;
#3472 = DIRECTION ( 'NONE',  ( -0.3826798146995762928, 0.000000000000000000, 0.9238810309891084538 ) ) ;
#3473 = ORIENTED_EDGE ( 'NONE', *, *, #950, .T. ) ;
#3474 = PLANE ( 'NONE',  #2624 ) ;
#3475 = EDGE_CURVE ( 'NONE', #901, #1540, #2715, .T. ) ;
#3476 = DIRECTION ( 'NONE',  ( -0.000000000000000000, -0.000000000000000000, -1.000000000000000000 ) ) ;
#3477 = EDGE_LOOP ( 'NONE', ( #1261, #12, #3446, #2901 ) ) ;
#3478 = FACE_OUTER_BOUND ( 'NONE', #548, .T. ) ;
#3479 = EDGE_CURVE ( 'NONE', #2280, #925, #3324, .T. ) ;
#3480 = VERTEX_POINT ( 'NONE', #1935 ) ;
#3481 = DIRECTION ( 'NONE',  ( -0.9914448304674222667, 0.000000000000000000, -0.1305264269771610197 ) ) ;
#3482 = VERTEX_POINT ( 'NONE', #3347 ) ;
#3483 = DIRECTION ( 'NONE',  ( 1.000000000000000000, 0.000000000000000000, 0.000000000000000000 ) ) ;
#3484 = DIRECTION ( 'NONE',  ( 0.000000000000000000, 0.000000000000000000, -1.000000000000000000 ) ) ;
#3485 = VERTEX_POINT ( 'NONE', #1877 ) ;
#3486 = LINE ( 'NONE', #2024, #1808 ) ;
#3487 = VERTEX_POINT ( 'NONE', #3547 ) ;
#3488 = PLANE ( 'NONE',  #1965 ) ;
#3489 = VERTEX_POINT ( 'NONE', #469 ) ;
#3490 = CARTESIAN_POINT ( 'NONE',  ( 84.55343627929690342, 110.1203287768050103, 11.36526285778540135 ) ) ;
#3491 = ORIENTED_EDGE ( 'NONE', *, *, #1276, .F. ) ;
#3492 = DIRECTION ( 'NONE',  ( 0.000000000000000000, 1.000000000000000000, -9.436895709313830594E-16 ) ) ;
#3493 = EDGE_CURVE ( 'NONE', #689, #2661, #3271, .T. ) ;
#3494 = ORIENTED_EDGE ( 'NONE', *, *, #501, .F. ) ;
#3495 = DIRECTION ( 'NONE',  ( -1.000000000000000000, 0.000000000000000000, -8.881784197001249119E-17 ) ) ;
#3496 = CARTESIAN_POINT ( 'NONE',  ( 110.5665121459960005, 109.7866973876949999, 4.464101791381840378 ) ) ;
#3497 = AXIS2_PLACEMENT_3D ( 'NONE', #1467, #3202, #2876 ) ;
#3498 = EDGE_CURVE ( 'NONE', #2475, #2227, #731, .T. ) ;
#3499 = FACE_OUTER_BOUND ( 'NONE', #967, .T. ) ;
#3500 = ORIENTED_EDGE ( 'NONE', *, *, #3070, .T. ) ;
#3501 = VECTOR ( 'NONE', #1222, 1000.000000000000114 ) ;
#3502 = DIRECTION ( 'NONE',  ( 0.000000000000000000, -1.000000000000000000, 0.000000000000000000 ) ) ;
#3503 = VERTEX_POINT ( 'NONE', #186 ) ;
#3504 = AXIS2_PLACEMENT_3D ( 'NONE', #2608, #2571, #655 ) ;
#3505 = CARTESIAN_POINT ( 'NONE',  ( 117.7227911376949976, 101.0301303863630125, 19.39532756799249924 ) ) ;
#3506 = ORIENTED_EDGE ( 'NONE', *, *, #550, .T. ) ;
#3507 = PLANE ( 'NONE',  #612 ) ;
#3508 = EDGE_LOOP ( 'NONE', ( #2410, #2087, #3319, #2195 ) ) ;
#3509 = DIRECTION ( 'NONE',  ( 0.000000000000000000, 1.000000000000000000, 0.000000000000000000 ) ) ;
#3510 = PRODUCT_DEFINITION ( 'UNKNOWN', '', #3673, #288 ) ;
#3511 = ORIENTED_EDGE ( 'NONE', *, *, #79, .F. ) ;
#3512 = CARTESIAN_POINT ( 'NONE',  ( 112.2985601806639977, 109.7866973876949999, 1.464101791381839934 ) ) ;
#3513 = AXIS2_PLACEMENT_3D ( 'NONE', #1060, #2252, #1361 ) ;
#3514 = CARTESIAN_POINT ( 'NONE',  ( 79.53579711914061079, 101.7866973876950141, 1.532249450683600189 ) ) ;
#3515 = EDGE_CURVE ( 'NONE', #3054, #904, #783, .T. ) ;
#3516 = CARTESIAN_POINT ( 'NONE',  ( 114.6093377912599891, 109.7866973876949999, 6.389920943971089784 ) ) ;
#3517 = AXIS2_PLACEMENT_3D ( 'NONE', #1975, #775, #1151 ) ;
#3518 = ORIENTED_EDGE ( 'NONE', *, *, #307, .T. ) ;
#3519 = CARTESIAN_POINT ( 'NONE',  ( 117.7227911376949976, 103.6627063751670050, 22.99018573754839778 ) ) ;
#3520 = ORIENTED_EDGE ( 'NONE', *, *, #2641, .F. ) ;
#3521 = CLOSED_SHELL ( 'NONE', ( #3391, #1367, #2429 ) ) ;
#3522 = ADVANCED_FACE ( 'NONE', ( #3600 ), #202, .T. ) ;
#3523 = DIRECTION ( 'NONE',  ( 0.000000000000000000, 1.000000000000000000, -8.881784197001250351E-16 ) ) ;
#3524 = ADVANCED_FACE ( 'NONE', ( #2456 ), #3583, .T. ) ;
#3525 = ORIENTED_EDGE ( 'NONE', *, *, #3140, .F. ) ;
#3526 = VECTOR ( 'NONE', #2967, 1000.000000000000000 ) ;
#3527 = LINE ( 'NONE', #163, #2620 ) ;
#3528 = CARTESIAN_POINT ( 'NONE',  ( 96.17599822998045056, 107.4866973877002465, 14.96409320831317658 ) ) ;
#3529 = LINE ( 'NONE', #3299, #478 ) ;
#3530 = VERTEX_POINT ( 'NONE', #3069 ) ;
#3531 = LINE ( 'NONE', #2104, #135 ) ;
#3532 = PLANE ( 'NONE',  #2253 ) ;
#3533 = FACE_OUTER_BOUND ( 'NONE', #891, .T. ) ;
#3534 = CARTESIAN_POINT ( 'NONE',  ( 117.7227911376949976, 107.9337940216470031, 19.17189693449130061 ) ) ;
#3535 = VERTEX_POINT ( 'NONE', #2440 ) ;
#3536 = CARTESIAN_POINT ( 'NONE',  ( 74.51279113769530227, 100.5210742950440022, 18.00437259668209933 ) ) ;
#3537 = ORIENTED_EDGE ( 'NONE', *, *, #280, .F. ) ;
#3538 = FACE_OUTER_BOUND ( 'NONE', #3576, .T. ) ;
#3539 = ADVANCED_FACE ( 'NONE', ( #1038 ), #246, .T. ) ;
#3540 = ORIENTED_EDGE ( 'NONE', *, *, #928, .F. ) ;
#3541 = DIRECTION ( 'NONE',  ( 1.000000000000000000, 0.000000000000000000, 1.332267629550190018E-16 ) ) ;
#3542 = EDGE_CURVE ( 'NONE', #3278, #3082, #3303, .T. ) ;
#3543 = PLANE ( 'NONE',  #2196 ) ;
#3544 = DIRECTION ( 'NONE',  ( 0.000000000000000000, -1.000000000000000000, 0.000000000000000000 ) ) ;
#3545 = VECTOR ( 'NONE', #1892, 999.9999999999998863 ) ;
#3546 = DIRECTION ( 'NONE',  ( -0.6087657977601961257, 0.000000000000000000, -0.7933499880112131475 ) ) ;
#3547 = CARTESIAN_POINT ( 'NONE',  ( 74.51279113769530227, 102.1145420074760040, 21.66047573083089972 ) ) ;
#3548 = AXIS2_PLACEMENT_3D ( 'NONE', #684, #174, #3502 ) ;
#3549 = LINE ( 'NONE', #1289, #3318 ) ;
#3550 = DIRECTION ( 'NONE',  ( -0.6087605843998431521, 0.000000000000000000, 0.7933539883817070093 ) ) ;
#3551 = LINE ( 'NONE', #990, #1925 ) ;
#3552 = ORIENTED_EDGE ( 'NONE', *, *, #2392, .F. ) ;
#3553 = DIRECTION ( 'NONE',  ( 0.000000000000000000, -0.9749434981451672311, 0.2224526363621350533 ) ) ;
#3554 = EDGE_CURVE ( 'NONE', #1663, #301, #3031, .T. ) ;
#3555 = ORIENTED_EDGE ( 'NONE', *, *, #3498, .T. ) ;
#3556 = VECTOR ( 'NONE', #1001, 1000.000000000000000 ) ;
#3557 = AXIS2_PLACEMENT_3D ( 'NONE', #432, #1560, #2993 ) ;
#3558 = CARTESIAN_POINT ( 'NONE',  ( 82.05343627929690342, 109.7866973876949999, -1.110223024625159992E-16 ) ) ;
#3559 = VERTEX_POINT ( 'NONE', #1615 ) ;
#3560 = VECTOR ( 'NONE', #379, 1000.000000000000114 ) ;
#3561 = DIRECTION ( 'NONE',  ( -1.000000000000000000, 0.000000000000000000, 0.000000000000000000 ) ) ;
#3562 = ADVANCED_FACE ( 'NONE', ( #2752 ), #2187, .T. ) ;
#3563 = VECTOR ( 'NONE', #2923, 1000.000000000000000 ) ;
#3564 = LINE ( 'NONE', #2437, #1489 ) ;
#3565 = CARTESIAN_POINT ( 'NONE',  ( 84.05343627929690342, 109.7866973876949999, 3.464101791381839934 ) ) ;
#3566 = CARTESIAN_POINT ( 'NONE',  ( 111.2985601806639977, 109.7866973876949999, 1.732050895690919967 ) ) ;
#3567 = DIRECTION ( 'NONE',  ( -0.3826798146995750161, 0.000000000000000000, 0.9238810309891090089 ) ) ;
#3568 = EDGE_CURVE ( 'NONE', #689, #3388, #346, .T. ) ;
#3569 = CARTESIAN_POINT ( 'NONE',  ( 78.05343627929690342, 110.4185193369179956, 6.928203582763670987 ) ) ;
#3570 = LINE ( 'NONE', #2157, #1136 ) ;
#3571 = DIRECTION ( 'NONE',  ( 0.9914450668446497250, 0.000000000000000000, -0.1305246315045859307 ) ) ;
#3572 = VERTEX_POINT ( 'NONE', #1461 ) ;
#3573 = DIRECTION ( 'NONE',  ( -0.3826798146995759042, 0.000000000000000000, -0.9238810309891086758 ) ) ;
#3574 = EDGE_LOOP ( 'NONE', ( #2144, #1673 ) ) ;
#3575 = AXIS2_PLACEMENT_3D ( 'NONE', #201, #1054, #1118 ) ;
#3576 = EDGE_LOOP ( 'NONE', ( #3238, #1331 ) ) ;
#3577 = VECTOR ( 'NONE', #2590, 1000.000000000000000 ) ;
#3578 = VECTOR ( 'NONE', #1984, 1000.000000000000227 ) ;
#3579 = LINE ( 'NONE', #780, #1457 ) ;
#3580 = EDGE_CURVE ( 'NONE', #2485, #3535, #1103, .T. ) ;
#3581 = LINE ( 'NONE', #2403, #61 ) ;
#3582 = LINE ( 'NONE', #3068, #1686 ) ;
#3583 = PLANE ( 'NONE',  #56 ) ;
#3584 = CARTESIAN_POINT ( 'NONE',  ( 75.55343627929690342, 108.1757812500000000, 8.920721054077150214 ) ) ;
#3585 = EDGE_CURVE ( 'NONE', #1394, #1388, #1174, .T. ) ;
#3586 = CARTESIAN_POINT ( 'NONE',  ( 84.55343627929690342, 105.1757812500000000, 8.920721054077150214 ) ) ;
#3587 = CARTESIAN_POINT ( 'NONE',  ( 74.51279113769530227, 104.0056629181370056, 22.99634838098310041 ) ) ;
#3588 = FACE_OUTER_BOUND ( 'NONE', #1906, .T. ) ;
#3589 = ADVANCED_FACE ( 'NONE', ( #3664 ), #43, .T. ) ;
#3590 = ORIENTED_EDGE ( 'NONE', *, *, #2870, .F. ) ;
#3591 = CARTESIAN_POINT ( 'NONE',  ( 78.05343627929690342, 112.7866973876949999, 1.776356839400249676E-15 ) ) ;
#3592 = ORIENTED_EDGE ( 'NONE', *, *, #845, .T. ) ;
#3593 = VERTEX_POINT ( 'NONE', #3109 ) ;
#3594 = ORIENTED_EDGE ( 'NONE', *, *, #3306, .F. ) ;
#3595 = LINE ( 'NONE', #2205, #2734 ) ;
#3596 = ORIENTED_EDGE ( 'NONE', *, *, #2587, .T. ) ;
#3597 = ORIENTED_EDGE ( 'NONE', *, *, #1642, .F. ) ;
#3598 = PLANE ( 'NONE',  #657 ) ;
#3599 = CYLINDRICAL_SURFACE ( 'NONE', #1091, 3.000000000000002665 ) ;
#3600 = FACE_OUTER_BOUND ( 'NONE', #1623, .T. ) ;
#3601 = CARTESIAN_POINT ( 'NONE',  ( 74.51279113769530227, 106.2732944488989943, 21.39736461635580156 ) ) ;
#3602 = ORIENTED_EDGE ( 'NONE', *, *, #3163, .T. ) ;
#3603 = DIRECTION ( 'NONE',  ( 0.9914436174099583443, 0.000000000000000000, -0.1305356407156920695 ) ) ;
#3604 = FACE_OUTER_BOUND ( 'NONE', #239, .T. ) ;
#3605 = EDGE_CURVE ( 'NONE', #901, #3464, #2249, .T. ) ;
#3606 = VECTOR ( 'NONE', #1401, 1000.000000000000000 ) ;
#3607 = EDGE_LOOP ( 'NONE', ( #815, #3466, #604, #3004 ) ) ;
#3608 = DIRECTION ( 'NONE',  ( 0.000000000000000000, 1.000000000000000000, 0.000000000000000000 ) ) ;
#3609 = ORIENTED_EDGE ( 'NONE', *, *, #2660, .F. ) ;
#3610 = EDGE_CURVE ( 'NONE', #925, #17, #3440, .T. ) ;
#3611 = PLANE ( 'NONE',  #2941 ) ;
#3612 = VERTEX_POINT ( 'NONE', #308 ) ;
#3613 = DIRECTION ( 'NONE',  ( -0.1305264269771610475, 0.000000000000000000, -0.9914448304674223778 ) ) ;
#3614 = ORIENTED_EDGE ( 'NONE', *, *, #120, .T. ) ;
#3615 = ADVANCED_FACE ( 'NONE', ( #1678 ), #1718, .T. ) ;
#3616 = ORIENTED_EDGE ( 'NONE', *, *, #2436, .F. ) ;
#3617 = VECTOR ( 'NONE', #3412, 1000.000000000000000 ) ;
#3618 = CARTESIAN_POINT ( 'NONE',  ( 79.53579711914061079, 109.7866973876949999, 5.395953178405759942 ) ) ;
#3619 = VECTOR ( 'NONE', #317, 1000.000000000000000 ) ;
#3620 = LINE ( 'NONE', #1035, #2922 ) ;
#3621 = PLANE ( 'NONE',  #537 ) ;
#3622 = DIRECTION ( 'NONE',  ( 0.3826798146995750161, 0.000000000000000000, 0.9238810309891090089 ) ) ;
#3623 = VECTOR ( 'NONE', #1084, 1000.000000000000000 ) ;
#3624 = DIRECTION ( 'NONE',  ( 1.000000000000000000, 0.000000000000000000, 0.000000000000000000 ) ) ;
#3625 = LINE ( 'NONE', #3601, #3343 ) ;
#3626 = ORIENTED_EDGE ( 'NONE', *, *, #1784, .F. ) ;
#3627 = PLANE ( 'NONE',  #3264 ) ;
#3628 = CARTESIAN_POINT ( 'NONE',  ( 84.55343627929690342, 111.7866973876949999, 13.46409320831300072 ) ) ;
#3629 = ORIENTED_EDGE ( 'NONE', *, *, #595, .T. ) ;
#3630 = DIRECTION ( 'NONE',  ( 0.000000000000000000, 0.6087619720811818791, -0.7933529235767838861 ) ) ;
#3631 = ORIENTED_EDGE ( 'NONE', *, *, #3, .T. ) ;
#3632 = EDGE_CURVE ( 'NONE', #2057, #1051, #23, .T. ) ;
#3633 = DIRECTION ( 'NONE',  ( 0.000000000000000000, 1.000000000000000000, 5.506064073066059802E-12 ) ) ;
#3634 = DIRECTION ( 'NONE',  ( -0.6087566003318519714, 0.000000000000000000, -0.7933570454419661688 ) ) ;
#3635 = EDGE_LOOP ( 'NONE', ( #1334, #364, #3418, #3156, #3435 ) ) ;
#3636 = CARTESIAN_POINT ( 'NONE',  ( 74.51279113769530227, 104.3597812653059975, 22.91554927820239840 ) ) ;
#3637 = EDGE_LOOP ( 'NONE', ( #1481, #828, #402, #3540, #3678, #2821, #2877, #3063, #975, #3675 ) ) ;
#3638 = ORIENTED_EDGE ( 'NONE', *, *, #1657, .T. ) ;
#3639 = VECTOR ( 'NONE', #2438, 1000.000000000000114 ) ;
#3640 = EDGE_CURVE ( 'NONE', #1564, #3612, #844, .T. ) ;
#3641 = PLANE ( 'NONE',  #1096 ) ;
#3642 = VECTOR ( 'NONE', #784, 1000.000000000000000 ) ;
#3643 = CARTESIAN_POINT ( 'NONE',  ( 80.57107543945309658, 101.7866973876950141, 5.395953178405759942 ) ) ;
#3644 = CARTESIAN_POINT ( 'NONE',  ( 74.51279113769530227, 104.0056629181370056, 22.99634838098310041 ) ) ;
#3645 = VECTOR ( 'NONE', #1908, 1000.000000000000000 ) ;
#3646 = LINE ( 'NONE', #567, #1298 ) ;
#3647 = LINE ( 'NONE', #2189, #1985 ) ;
#3648 = ORIENTED_EDGE ( 'NONE', *, *, #2646, .F. ) ;
#3649 = FACE_OUTER_BOUND ( 'NONE', #1216, .T. ) ;
#3650 = DIRECTION ( 'NONE',  ( 0.000000000000000000, -0.7071067811826509120, -0.7071067811904441225 ) ) ;
#3651 = ORIENTED_EDGE ( 'NONE', *, *, #222, .F. ) ;
#3652 = CARTESIAN_POINT ( 'NONE',  ( 107.7985601806639977, 112.7866973876949999, 1.110223024625159893E-15 ) ) ;
#3653 = ORIENTED_EDGE ( 'NONE', *, *, #1735, .F. ) ;
#3654 = PLANE ( 'NONE',  #366 ) ;
#3655 = CARTESIAN_POINT ( 'NONE',  ( 81.46765136718750000, 101.7866973876950141, 4.878314971923830790 ) ) ;
#3656 = ORIENTED_EDGE ( 'NONE', *, *, #2623, .F. ) ;
#3657 = DIRECTION ( 'NONE',  ( -1.000000000000000000, 0.000000000000000000, -7.894919286223340877E-16 ) ) ;
#3658 = ORIENTED_EDGE ( 'NONE', *, *, #3302, .T. ) ;
#3659 = EDGE_CURVE ( 'NONE', #1241, #1783, #3646, .T. ) ;
#3660 = CARTESIAN_POINT ( 'NONE',  ( 81.78548431396480112, 101.7866973876950141, 2.464101791381839934 ) ) ;
#3661 = ADVANCED_FACE ( 'NONE', ( #2012 ), #1700, .T. ) ;
#3662 = LINE ( 'NONE', #1157, #305 ) ;
#3663 = CARTESIAN_POINT ( 'NONE',  ( 114.4187481867349589, 110.2335731595149895, 6.720031839196979995 ) ) ;
#3664 = FACE_OUTER_BOUND ( 'NONE', #1559, .T. ) ;
#3665 = CARTESIAN_POINT ( 'NONE',  ( 80.57107543945309658, 101.7866973876950141, 1.532249450683589975 ) ) ;
#3666 = ORIENTED_EDGE ( 'NONE', *, *, #1582, .T. ) ;
#3667 = DIRECTION ( 'NONE',  ( -0.000000000000000000, -0.000000000000000000, -1.000000000000000000 ) ) ;
#3668 = EDGE_LOOP ( 'NONE', ( #2778, #1332, #3602, #1164 ) ) ;
#3669 = CARTESIAN_POINT ( 'NONE',  ( 74.51279113769530227, 110.5361061096449902, 14.96409320833000045 ) ) ;
#3670 = VERTEX_POINT ( 'NONE', #589 ) ;
#3671 = DIRECTION ( 'NONE',  ( -1.000000000000000000, 0.000000000000000000, 0.000000000000000000 ) ) ;
#3672 = DIRECTION ( 'NONE',  ( 0.000000000000000000, -1.000000000000000000, 0.000000000000000000 ) ) ;
#3673 = PRODUCT_DEFINITION_FORMATION_WITH_SPECIFIED_SOURCE ( 'ANY', '', #1622, .NOT_KNOWN. ) ;
#3674 = EDGE_CURVE ( 'NONE', #132, #1988, #1974, .T. ) ;
#3675 = ORIENTED_EDGE ( 'NONE', *, *, #576, .F. ) ;
#3676 = CARTESIAN_POINT ( 'NONE',  ( 84.55343627929690342, 107.4866973877002465, 14.96409320831317658 ) ) ;
#3677 = AXIS2_PLACEMENT_3D ( 'NONE', #2524, #2463, #2822 ) ;
#3678 = ORIENTED_EDGE ( 'NONE', *, *, #2406, .F. ) ;
#3679 = PLANE ( 'NONE',  #2918 ) ;
#3680 = DIRECTION ( 'NONE',  ( -0.9238788260947650155, 0.000000000000000000, -0.3826851378009850091 ) ) ;
#3681 = VECTOR ( 'NONE', #3286, 1000.000000000000000 ) ;
ENDSEC;
END-ISO-10303-21;
