ISO-10303-21;
HEADER;
FILE_DESCRIPTION (( 'STEP AP214' ),
    '1' );
FILE_NAME ('arcenypen.STEP',
    '2026-08-26T13:22:34',
    ( '' ),
    ( '' ),
    'SwSTEP 2.0',
    'SolidWorks 2026',
    '' );
FILE_SCHEMA (( 'AUTOMOTIVE_DESIGN' ));
ENDSEC;

DATA;
#1 = EDGE_CURVE ( 'NONE', #106, #1782, #425, .T. ) ;
#2 = CARTESIAN_POINT ( 'NONE',  ( 10.82024333427558105, 9.107179157358913812, 100.0000000000000000 ) ) ;
#3 = FACE_OUTER_BOUND ( 'NONE', #1395, .T. ) ;
#4 = CARTESIAN_POINT ( 'NONE',  ( 80.46678306989734608, 9.542029531859004265, -0.000000000000000000 ) ) ;
#5 = CARTESIAN_POINT ( 'NONE',  ( 61.53589838486222874, 7.999999999999992895, 100.0000000000000000 ) ) ;
#6 = DIRECTION ( 'NONE',  ( -1.000000000000000000, 0.000000000000000000, 0.000000000000000000 ) ) ;
#7 = CARTESIAN_POINT ( 'NONE',  ( 21.53589838486223229, 8.000000000000001776, 100.0000000000000000 ) ) ;
#8 = CARTESIAN_POINT ( 'NONE',  ( 39.61880215351698808, 10.00000000000000533, -5.000000000000002665 ) ) ;
#9 = CARTESIAN_POINT ( 'NONE',  ( 29.52103011339154293, 9.528566755886313189, -0.000000000000000000 ) ) ;
#10 = CARTESIAN_POINT ( 'NONE',  ( 106.0000000000000142, 0.000000000000000000, -1.392491991735042752E-14 ) ) ;
#11 = CARTESIAN_POINT ( 'NONE',  ( 41.53589838486223584, 8.000000000000000000, 100.0000000000000000 ) ) ;
#12 = ORIENTED_EDGE ( 'NONE', *, *, #322, .F. ) ;
#13 = ORIENTED_EDGE ( 'NONE', *, *, #2078, .F. ) ;
#14 = CARTESIAN_POINT ( 'NONE',  ( 69.57729493378049312, 9.590245778650178465, 100.0000000000000000 ) ) ;
#15 = CARTESIAN_POINT ( 'NONE',  ( 19.99999999859919342, 9.941275563605897148, 3.775240714636049710E-16 ) ) ;
#16 = CARTESIAN_POINT ( 'NONE',  ( 89.57729493378859331, 9.590245778657081388, 100.0000000000000000 ) ) ;
#17 = EDGE_CURVE ( 'NONE', #106, #415, #1605, .T. ) ;
#18 = CIRCLE ( 'NONE', #501, 4.000000000000003553 ) ;
#19 = CARTESIAN_POINT ( 'NONE',  ( 68.46410161513776416, 8.000000000000014211, 100.0000000000000000 ) ) ;
#20 = AXIS2_PLACEMENT_3D ( 'NONE', #1103, #522, #1869 ) ;
#21 = CARTESIAN_POINT ( 'NONE',  ( 30.84510905279057980, 9.073403649121331682, -0.000000000000000000 ) ) ;
#22 = CARTESIAN_POINT ( 'NONE',  ( 40.46120100616084869, 9.548155205898984477, -0.000000000000000000 ) ) ;
#23 = CARTESIAN_POINT ( 'NONE',  ( 60.00008457952374386, 9.941434512410019408, 100.0000000000000000 ) ) ;
#24 = CARTESIAN_POINT ( 'NONE',  ( 30.37178694261680789, 9.642602921779538150, 99.99999999999998579 ) ) ;
#25 = CARTESIAN_POINT ( 'NONE',  ( 1.224646799147352586E-14, 10.00000000000000000, 100.0000000000000000 ) ) ;
#26 = EDGE_LOOP ( 'NONE', ( #456, #2046, #1069, #1632 ) ) ;
#27 = VERTEX_POINT ( 'NONE', #1274 ) ;
#28 = CARTESIAN_POINT ( 'NONE',  ( 69.34571254071767044, 9.324934914848668654, 99.99999999999998579 ) ) ;
#29 = CARTESIAN_POINT ( 'NONE',  ( 78.46410161513773573, 8.000000000000000000, 33.33333333333335702 ) ) ;
#30 = B_SPLINE_CURVE_WITH_KNOTS ( 'NONE', 3,
 ( #1223, #621, #426, #1112, #612, #1472, #108, #1633, #770, #281, #1813, #981, #1800, #447, #1781, #117, #645, #273 ),
 .UNSPECIFIED., .F., .F.,
 ( 4, 1, 2, 2, 1, 1, 1, 2, 2, 1, 1, 4 ),
 ( 0.000000000000000000, 0.4491442620721451950, 0.4772157784516483092, 0.5052872948311514234, 0.5614303275901576518, 0.6737163931081686652, 0.7298594258671796675, 0.7438951840569381080, 0.7509130631518227128, 0.7579309422467073176, 0.7860024586262384094, 0.8982885241443645530 ),
 .UNSPECIFIED. ) ;
#31 = CARTESIAN_POINT ( 'NONE',  ( 19.99999999999823075, 9.941275564351705896, 66.66666666666664298 ) ) ;
#32 = CARTESIAN_POINT ( 'NONE',  ( 80.84510905279053361, 9.073403649121317471, -0.000000000000000000 ) ) ;
#33 = CARTESIAN_POINT ( 'NONE',  ( 31.53589838486223940, 8.000000000000000000, 68.33333333333332860 ) ) ;
#34 = CARTESIAN_POINT ( 'NONE',  ( 19.62908545221356604, 9.643504670471321205, 99.99999999999998579 ) ) ;
#35 = LINE ( 'NONE', #1365, #1420 ) ;
#36 = EDGE_CURVE ( 'NONE', #1645, #771, #1525, .T. ) ;
#37 = CARTESIAN_POINT ( 'NONE',  ( 88.46410161513774995, 7.999999999999998224, 31.66666666666667496 ) ) ;
#38 = CARTESIAN_POINT ( 'NONE',  ( 59.80384757729335377, 10.00000000000000000, 31.66666666666667496 ) ) ;
#39 = VERTEX_POINT ( 'NONE', #619 ) ;
#40 = CARTESIAN_POINT ( 'NONE',  ( 89.61537401907814626, 9.629507715572993121, 100.0000000000000426 ) ) ;
#41 = CARTESIAN_POINT ( 'NONE',  ( 20.46678306989732121, 9.542029531859039793, -0.000000000000000000 ) ) ;
#42 = CARTESIAN_POINT ( 'NONE',  ( 48.57982698177745817, 8.200442214744544600, 0.000000000000000000 ) ) ;
#43 = CARTESIAN_POINT ( 'NONE',  ( 30.83234367031054646, 9.090800783495124548, -0.000000000000000000 ) ) ;
#44 = CARTESIAN_POINT ( 'NONE',  ( 61.53589838486222874, 7.999999999999998224, 33.33333333333335702 ) ) ;
#45 = CARTESIAN_POINT ( 'NONE',  ( 100.0000000000000000, 14.00000000000000000, -6.000000000000000000 ) ) ;
#46 = EDGE_CURVE ( 'NONE', #222, #1901, #1469, .T. ) ;
#47 = EDGE_LOOP ( 'NONE', ( #1224, #1238, #204, #1483 ) ) ;
#48 = CARTESIAN_POINT ( 'NONE',  ( 10.53390854985195269, 9.467921750184416396, 0.000000000000000000 ) ) ;
#49 = ORIENTED_EDGE ( 'NONE', *, *, #1650, .T. ) ;
#50 = CARTESIAN_POINT ( 'NONE',  ( 20.85363273938777340, 9.061754640196570065, -0.000000000000000000 ) ) ;
#51 = CARTESIAN_POINT ( 'NONE',  ( 9.243249005955734177, 9.191887610084542359, 100.0000000000000142 ) ) ;
#52 = AXIS2_PLACEMENT_3D ( 'NONE', #807, #1311, #989 ) ;
#53 = CARTESIAN_POINT ( 'NONE',  ( 19.19125353305305381, 9.122686809001470110, 100.0000000000000426 ) ) ;
#54 = CIRCLE ( 'NONE', #375, 4.000000000000000888 ) ;
#55 = ORIENTED_EDGE ( 'NONE', *, *, #2091, .F. ) ;
#56 = EDGE_CURVE ( 'NONE', #1894, #601, #571, .T. ) ;
#57 = EDGE_LOOP ( 'NONE', ( #1356, #1549, #1111, #936 ) ) ;
#58 = CARTESIAN_POINT ( 'NONE',  ( 10.06780597534616106, 9.905129077450089525, 0.000000000000000000 ) ) ;
#59 = CARTESIAN_POINT ( 'NONE',  ( 30.19615242270663558, 10.00000000000000000, 31.66666666666667496 ) ) ;
#60 = DIRECTION ( 'NONE',  ( 0.000000000000000000, 0.000000000000000000, 1.000000000000000000 ) ) ;
#61 = CARTESIAN_POINT ( 'NONE',  ( 90.82024333427638396, 9.107179157357279564, 99.99999999999998579 ) ) ;
#62 = CARTESIAN_POINT ( 'NONE',  ( 9.629085452213233864, 9.643504670470983697, 100.0000000000000000 ) ) ;
#63 = CARTESIAN_POINT ( 'NONE',  ( -6.000000000000000888, 0.000000000000000000, -5.999999999999999112 ) ) ;
#64 = DIRECTION ( 'NONE',  ( 1.000000000000000000, 0.000000000000000000, 0.000000000000000000 ) ) ;
#65 = ORIENTED_EDGE ( 'NONE', *, *, #2013, .F. ) ;
#66 = ORIENTED_EDGE ( 'NONE', *, *, #1016, .F. ) ;
#67 = CARTESIAN_POINT ( 'NONE',  ( 10.43345604419732986, 9.578307932948160186, -0.000000000000000000 ) ) ;
#68 = EDGE_LOOP ( 'NONE', ( #78, #1607, #1760, #1251 ) ) ;
#69 = ADVANCED_FACE ( 'NONE', ( #188 ), #1325, .F. ) ;
#70 = CARTESIAN_POINT ( 'NONE',  ( 88.46410161513773573, 8.000000000000000000, 0.000000000000000000 ) ) ;
#71 = CARTESIAN_POINT ( 'NONE',  ( 91.07345529929526151, 8.761013636505014190, 100.0000000000000142 ) ) ;
#72 = DIRECTION ( 'NONE',  ( 1.000000000000000000, 0.000000000000000000, 0.000000000000000000 ) ) ;
#73 = CARTESIAN_POINT ( 'NONE',  ( 59.47622094289580019, 9.480914131595516992, 100.0000000000000000 ) ) ;
#74 = CARTESIAN_POINT ( 'NONE',  ( 49.24324900595676979, 9.191887610085865745, 100.0000000000000000 ) ) ;
#75 = EDGE_LOOP ( 'NONE', ( #736, #918, #1080, #1286 ) ) ;
#76 = CARTESIAN_POINT ( 'NONE',  ( 19.80384757729335377, 10.00000000000000000, 68.33333333333332860 ) ) ;
#77 = CARTESIAN_POINT ( 'NONE',  ( 28.46410161513775705, 8.000000000000000000, 105.0000000000000000 ) ) ;
#78 = ORIENTED_EDGE ( 'NONE', *, *, #1049, .F. ) ;
#79 = CARTESIAN_POINT ( 'NONE',  ( 89.86467886965763796, 9.869137622017195355, -0.000000000000000000 ) ) ;
#80 = LINE ( 'NONE', #558, #1072 ) ;
#81 = EDGE_CURVE ( 'NONE', #1935, #164, #370, .T. ) ;
#82 = CARTESIAN_POINT ( 'NONE',  ( 49.47442819776208012, 9.476161161921124787, -0.000000000000000000 ) ) ;
#83 = CARTESIAN_POINT ( 'NONE',  ( 74.99999999999998579, 10.00000000000000178, 100.0000000000000000 ) ) ;
#84 = CARTESIAN_POINT ( 'NONE',  ( 21.30804228494519137, 8.394658341870824714, 100.0000000000000426 ) ) ;
#85 = CARTESIAN_POINT ( 'NONE',  ( 34.99999999999999289, 10.00000000000000178, 0.000000000000000000 ) ) ;
#86 = VERTEX_POINT ( 'NONE', #859 ) ;
#87 = CARTESIAN_POINT ( 'NONE',  ( 10.62877854000624289, 9.356241119997852351, -0.000000000000000000 ) ) ;
#88 = EDGE_LOOP ( 'NONE', ( #65, #744, #120, #1430 ) ) ;
#89 = CARTESIAN_POINT ( 'NONE',  ( 89.41935621334987161, 9.412357444604948498, -0.000000000000000000 ) ) ;
#90 = CARTESIAN_POINT ( 'NONE',  ( 90.38323571943593038, 9.630925872318286451, 100.0000000000000142 ) ) ;
#91 = CARTESIAN_POINT ( 'NONE',  ( 49.52103011339152516, 9.528566755886334505, -0.000000000000000000 ) ) ;
#92 = CARTESIAN_POINT ( 'NONE',  ( 49.80384757729335377, 10.00000000000000000, -5.000000000000000888 ) ) ;
#93 = CARTESIAN_POINT ( 'NONE',  ( 20.65409545729911756, 9.325205900105629553, 100.0000000000000000 ) ) ;
#94 = ADVANCED_FACE ( 'NONE', ( #312 ), #1903, .T. ) ;
#95 = CARTESIAN_POINT ( 'NONE',  ( 41.07345529928028327, 8.761013636531089332, 99.99999999999998579 ) ) ;
#96 = CARTESIAN_POINT ( 'NONE',  ( 1.533333333334389259, 8.004449393718727990, 100.0000000000000000 ) ) ;
#97 = LINE ( 'NONE', #1317, #2118 ) ;
#98 = ORIENTED_EDGE ( 'NONE', *, *, #143, .T. ) ;
#99 = CARTESIAN_POINT ( 'NONE',  ( 0.4760507813573446323, 9.606271516809215427, -0.000000000000000000 ) ) ;
#100 = B_SPLINE_CURVE_WITH_KNOTS ( 'NONE', 3,
 ( #1028, #44, #1383, #2050 ),
 .UNSPECIFIED., .F., .F.,
 ( 4, 4 ),
 ( 0.000000000000000000, 1.000000000000000000 ),
 .UNSPECIFIED. ) ;
#101 = CARTESIAN_POINT ( 'NONE',  ( 61.53589838486222874, 7.999999999999996447, 0.000000000000000000 ) ) ;
#102 = CARTESIAN_POINT ( 'NONE',  ( 81.53589838486222163, 8.000000000000000000, 0.000000000000000000 ) ) ;
#103 = CARTESIAN_POINT ( 'NONE',  ( 59.15313040831318858, 9.071074753939242896, 99.99999999999998579 ) ) ;
#104 = FILL_AREA_STYLE_COLOUR ( '', #1173 ) ;
#105 = DIRECTION ( 'NONE',  ( -0.000000000000000000, -0.000000000000000000, 1.000000000000000000 ) ) ;
#106 = VERTEX_POINT ( 'NONE', #325 ) ;
#107 = ADVANCED_FACE ( 'NONE', ( #1665 ), #1131, .T. ) ;
#108 = CARTESIAN_POINT ( 'NONE',  ( 80.75670315645237451, 9.191966144861195787, 99.99999999999998579 ) ) ;
#109 = ORIENTED_EDGE ( 'NONE', *, *, #305, .T. ) ;
#110 = DIRECTION ( 'NONE',  ( 0.000000000000000000, 0.000000000000000000, 1.000000000000000000 ) ) ;
#111 = CARTESIAN_POINT ( 'NONE',  ( 9.133858219125995603, 9.044580737700327333, 0.000000000000000000 ) ) ;
#112 = CARTESIAN_POINT ( 'NONE',  ( 69.80384757729333955, 10.00000000000000000, 68.33333333333332860 ) ) ;
#113 = CARTESIAN_POINT ( 'NONE',  ( 88.46410161513773573, 7.999999999999998224, 33.33333333333335702 ) ) ;
#114 = CARTESIAN_POINT ( 'NONE',  ( 40.35663267359471718, 9.657914580167313190, 100.0000000000000000 ) ) ;
#115 = CARTESIAN_POINT ( 'NONE',  ( 0.2668062276169045344, 9.859291492779675536, 99.99999999999998579 ) ) ;
#116 = AXIS2_PLACEMENT_3D ( 'NONE', #234, #60, #1091 ) ;
#117 = CARTESIAN_POINT ( 'NONE',  ( 80.19240026717940850, 9.816087656024226504, 100.0000000000000426 ) ) ;
#118 = ORIENTED_EDGE ( 'NONE', *, *, #753, .F. ) ;
#119 = CARTESIAN_POINT ( 'NONE',  ( 0.8586566779810899108, 9.091214339896518837, 0.000000000000000000 ) ) ;
#120 = ORIENTED_EDGE ( 'NONE', *, *, #46, .F. ) ;
#121 = CARTESIAN_POINT ( 'NONE',  ( 10.19615242270663380, 10.00000000000000000, 105.0000000000000000 ) ) ;
#122 = CARTESIAN_POINT ( 'NONE',  ( 69.61880215351700940, 10.00000000000000178, -5.000000000000001776 ) ) ;
#123 = CARTESIAN_POINT ( 'NONE',  ( 30.00008457952332108, 9.941434512409204061, 99.99999999999994316 ) ) ;
#124 = CARTESIAN_POINT ( 'NONE',  ( 40.52316118354523411, 9.481619782004216290, 100.0000000000000284 ) ) ;
#125 = B_SPLINE_CURVE_WITH_KNOTS ( 'NONE', 3,
 ( #1190, #1849, #343, #1213, #1862, #876, #1883, #2022, #14, #1550, #28, #1709, #381, #1997, #707, #824, #1177, #1495 ),
 .UNSPECIFIED., .F., .F.,
 ( 4, 1, 1, 2, 2, 1, 1, 1, 2, 2, 1, 4 ),
 ( 0.1014845771162156407, 0.2137990049768118406, 0.2418776119419616399, 0.2488972636832483820, 0.2559169154245350963, 0.2699562189070944251, 0.3261134328373193614, 0.4384278606977708437, 0.4945850746279965016, 0.5226636815931047231, 0.5507422885582127225, 1.000000000000000000 ),
 .UNSPECIFIED. ) ;
#126 = EDGE_LOOP ( 'NONE', ( #526, #1255, #2107, #564, #1055, #419, #1121, #1054 ) ) ;
#127 = CYLINDRICAL_SURFACE ( 'NONE', #541, 4.000000000000007105 ) ;
#128 = ORIENTED_EDGE ( 'NONE', *, *, #1775, .F. ) ;
#129 = DIRECTION ( 'NONE',  ( -1.224646799147352714E-16, -0.000000000000000000, -1.000000000000000000 ) ) ;
#130 = CARTESIAN_POINT ( 'NONE',  ( 79.62908545220857093, 9.643504670466370499, 99.99999999999997158 ) ) ;
#131 = ADVANCED_FACE ( 'NONE', ( #903 ), #378, .F. ) ;
#132 = CARTESIAN_POINT ( 'NONE',  ( 91.53589838486220742, 7.999999999999998224, 68.33333333333332860 ) ) ;
#133 = CARTESIAN_POINT ( 'NONE',  ( 68.46410161513774995, 8.000000000000000000, 0.000000000000000000 ) ) ;
#134 = CARTESIAN_POINT ( 'NONE',  ( 38.46410161513774284, 8.000000000000000000, 105.0000000000000000 ) ) ;
#135 = CARTESIAN_POINT ( 'NONE',  ( 28.57982698177748304, 8.200442214744537495, 0.000000000000000000 ) ) ;
#136 = CARTESIAN_POINT ( 'NONE',  ( 60.00008457952374386, 9.941434512410019408, 100.0000000000000000 ) ) ;
#137 = CARTESIAN_POINT ( 'NONE',  ( 0.3999999999999658828, 9.973273875806318856, 105.0000000000000000 ) ) ;
#138 = ORIENTED_EDGE ( 'NONE', *, *, #368, .T. ) ;
#139 = CARTESIAN_POINT ( 'NONE',  ( 50.45284391281926162, 9.557297686976600204, -0.000000000000000000 ) ) ;
#140 = LINE ( 'NONE', #357, #504 ) ;
#141 = CARTESIAN_POINT ( 'NONE',  ( 79.80701961195813965, 9.815566611895713223, 100.0000000000000000 ) ) ;
#142 = CARTESIAN_POINT ( 'NONE',  ( -1.757034528938809433E-13, 9.999999999997337241, 33.33333333333336412 ) ) ;
#143 = EDGE_CURVE ( 'NONE', #1086, #1825, #872, .T. ) ;
#144 = CARTESIAN_POINT ( 'NONE',  ( 99.25655339688886158, 9.256872673631056259, 100.0000000000000000 ) ) ;
#145 = CARTESIAN_POINT ( 'NONE',  ( 79.11428598038693849, 9.017545163095629590, -0.000000000000000000 ) ) ;
#146 = DIRECTION ( 'NONE',  ( -0.000000000000000000, -0.000000000000000000, 1.000000000000000000 ) ) ;
#147 = CARTESIAN_POINT ( 'NONE',  ( 1.224646799147352586E-14, 10.00000000000000000, 100.0000000000000000 ) ) ;
#148 = CARTESIAN_POINT ( 'NONE',  ( 49.99999999999823785, 9.941275564351711225, 33.33333333333334281 ) ) ;
#149 = VERTEX_POINT ( 'NONE', #1920 ) ;
#150 = VECTOR ( 'NONE', #1510, 1000.000000000000000 ) ;
#151 = CARTESIAN_POINT ( 'NONE',  ( 99.12560665989742859, 9.068109509883127473, -0.000000000000000000 ) ) ;
#152 = CARTESIAN_POINT ( 'NONE',  ( 10.35663267359375084, 9.657914580168359464, 100.0000000000000142 ) ) ;
#153 = AXIS2_PLACEMENT_3D ( 'NONE', #1031, #303, #1482 ) ;
#154 = CARTESIAN_POINT ( 'NONE',  ( 79.67454730422078057, 9.689094678222231138, 100.0000000000000142 ) ) ;
#155 = AXIS2_PLACEMENT_3D ( 'NONE', #1846, #162, #203 ) ;
#156 = CARTESIAN_POINT ( 'NONE',  ( 70.19615242270663202, 10.00000000000000000, -5.000000000000000888 ) ) ;
#157 = CARTESIAN_POINT ( 'NONE',  ( 79.99999999859919342, 9.941275563605900700, 1.570816940705208036E-15 ) ) ;
#158 = CARTESIAN_POINT ( 'NONE',  ( 40.85877323421878060, 9.054706392435477369, 0.000000000000000000 ) ) ;
#159 = DIRECTION ( 'NONE',  ( -0.000000000000000000, -0.000000000000000000, 1.000000000000000000 ) ) ;
#160 = CARTESIAN_POINT ( 'NONE',  ( 48.46410161513773573, 8.000000000000000000, 0.000000000000000000 ) ) ;
#161 = ADVANCED_FACE ( 'NONE', ( #1717 ), #884, .F. ) ;
#162 = DIRECTION ( 'NONE',  ( 0.000000000000000000, 0.000000000000000000, 1.000000000000000000 ) ) ;
#163 = CARTESIAN_POINT ( 'NONE',  ( 88.46410161513773573, 8.000000000000001776, 100.0000000000000000 ) ) ;
#164 = VERTEX_POINT ( 'NONE', #765 ) ;
#165 = CARTESIAN_POINT ( 'NONE',  ( 89.99999999999819522, 9.941275564351691685, 66.66666666666662877 ) ) ;
#166 = CARTESIAN_POINT ( 'NONE',  ( 19.47442819776209433, 9.476161161921112353, -0.000000000000000000 ) ) ;
#167 = CARTESIAN_POINT ( 'NONE',  ( 74.99999999999998579, 10.00000000000000178, 0.000000000000000000 ) ) ;
#168 = CARTESIAN_POINT ( 'NONE',  ( 80.85877323421874507, 9.054706392435445395, 0.000000000000000000 ) ) ;
#169 = CARTESIAN_POINT ( 'NONE',  ( 99.14673919404197022, 9.099108407051753389, 99.99999999999998579 ) ) ;
#170 = CARTESIAN_POINT ( 'NONE',  ( 19.17970908421301246, 9.107121952732697423, 100.0000000000000142 ) ) ;
#171 = CARTESIAN_POINT ( 'NONE',  ( 51.53589838486222874, 8.000000000000000000, 66.66666666666672825 ) ) ;
#172 = CARTESIAN_POINT ( 'NONE',  ( 78.57982698177748659, 8.200442214744551706, 0.000000000000000000 ) ) ;
#173 = CARTESIAN_POINT ( 'NONE',  ( 29.04243708022503156, 8.916694572736407309, -0.000000000000000000 ) ) ;
#174 = CARTESIAN_POINT ( 'NONE',  ( 59.80384757729335377, 10.00000000000000000, 68.33333333333332860 ) ) ;
#175 = CARTESIAN_POINT ( 'NONE',  ( 100.0070553368296942, 10.00047140451812488, -5.000000000000000888 ) ) ;
#176 = ORIENTED_EDGE ( 'NONE', *, *, #1410, .T. ) ;
#177 = ADVANCED_FACE ( 'NONE', ( #957 ), #1272, .F. ) ;
#178 = ORIENTED_EDGE ( 'NONE', *, *, #1735, .T. ) ;
#179 = CARTESIAN_POINT ( 'NONE',  ( 99.46723075479064846, 9.536750649602138807, -0.000000000000000000 ) ) ;
#180 = CARTESIAN_POINT ( 'NONE',  ( 19.30694347299345637, 9.276154032216116008, -0.000000000000000000 ) ) ;
#181 = CARTESIAN_POINT ( 'NONE',  ( 106.0000000000000284, 0.000000000000000000, 100.0000000000000000 ) ) ;
#182 = B_SPLINE_CURVE_WITH_KNOTS ( 'NONE', 3,
 ( #1520, #1824, #315, #11 ),
 .UNSPECIFIED., .F., .F.,
 ( 4, 4 ),
 ( 0.000000000000000000, 1.000000000000000000 ),
 .UNSPECIFIED. ) ;
#183 = CARTESIAN_POINT ( 'NONE',  ( 20.47045840421077045, 9.537980830263427023, 0.000000000000000000 ) ) ;
#184 = CARTESIAN_POINT ( 'NONE',  ( 79.99999999859919342, 9.941275563605900700, 1.570816940705208036E-15 ) ) ;
#185 = CARTESIAN_POINT ( 'NONE',  ( 0.000000000000000000, 0.000000000000000000, -6.000000000000000000 ) ) ;
#186 = CARTESIAN_POINT ( 'NONE',  ( 40.74397321632424962, 9.208838152457785142, -0.000000000000000000 ) ) ;
#187 = CARTESIAN_POINT ( 'NONE',  ( 60.46678306989731055, 9.542029531859046898, -0.000000000000000000 ) ) ;
#188 = FACE_OUTER_BOUND ( 'NONE', #823, .T. ) ;
#189 = CARTESIAN_POINT ( 'NONE',  ( 30.65409545729708185, 9.325205900108784363, 100.0000000000000000 ) ) ;
#190 = CARTESIAN_POINT ( 'NONE',  ( 98.46666666666561696, 8.004449393718701344, 68.33333333333332860 ) ) ;
#191 = EDGE_LOOP ( 'NONE', ( #554, #586, #2175, #1791 ) ) ;
#192 = VERTEX_POINT ( 'NONE', #1603 ) ;
#193 = CARTESIAN_POINT ( 'NONE',  ( 100.0000000000000000, 10.00000000000000000, 0.000000000000000000 ) ) ;
#194 = CARTESIAN_POINT ( 'NONE',  ( 9.864678869657693028, 9.869137622017222000, -0.000000000000000000 ) ) ;
#195 = CARTESIAN_POINT ( 'NONE',  ( 89.17970908421658294, 9.107121952738419068, 100.0000000000000284 ) ) ;
#196 = CARTESIAN_POINT ( 'NONE',  ( 100.0000000000000142, 10.00000000000000000, 100.0000000000000000 ) ) ;
#197 = AXIS2_PLACEMENT_3D ( 'NONE', #1373, #1897, #1401 ) ;
#198 = CARTESIAN_POINT ( 'NONE',  ( 34.99999999999999289, 10.00000000000000178, 0.000000000000000000 ) ) ;
#199 = AXIS2_PLACEMENT_3D ( 'NONE', #1653, #1492, #1175 ) ;
#200 = CARTESIAN_POINT ( 'NONE',  ( 30.47045840421077401, 9.537980830263421694, 0.000000000000000000 ) ) ;
#201 = CARTESIAN_POINT ( 'NONE',  ( 29.91908191889020685, 9.898905839768554316, 100.0000000000000142 ) ) ;
#202 = CARTESIAN_POINT ( 'NONE',  ( 10.38119784648299415, 10.00000000000000178, -5.000000000000000888 ) ) ;
#203 = DIRECTION ( 'NONE',  ( 1.000000000000000000, 0.000000000000000000, 0.000000000000000000 ) ) ;
#204 = ORIENTED_EDGE ( 'NONE', *, *, #1262, .F. ) ;
#205 = ORIENTED_EDGE ( 'NONE', *, *, #414, .T. ) ;
#206 = CARTESIAN_POINT ( 'NONE',  ( 51.53589838486222874, 8.000000000000000000, 0.000000000000000000 ) ) ;
#207 = CARTESIAN_POINT ( 'NONE',  ( 30.19615242270663558, 10.00000000000000000, 68.33333333333332860 ) ) ;
#208 = B_SPLINE_CURVE_WITH_KNOTS ( 'NONE', 3,
 ( #1840, #1713, #359, #1011 ),
 .UNSPECIFIED., .F., .F.,
 ( 4, 4 ),
 ( 0.000000000000000000, 1.000000000000000000 ),
 .UNSPECIFIED. ) ;
#209 = CARTESIAN_POINT ( 'NONE',  ( 20.17770810132388704, 9.827341993886092197, -0.000000000000000000 ) ) ;
#210 = CARTESIAN_POINT ( 'NONE',  ( 49.12451539820443003, 9.031692308823142668, -0.000000000000000000 ) ) ;
#211 = CARTESIAN_POINT ( 'NONE',  ( 30.39512837032003745, 9.619039585386612856, -0.000000000000000000 ) ) ;
#212 = CARTESIAN_POINT ( 'NONE',  ( 29.24324900595632570, 9.191887610085140992, 100.0000000000000000 ) ) ;
#213 = ORIENTED_EDGE ( 'NONE', *, *, #2055, .F. ) ;
#214 = CARTESIAN_POINT ( 'NONE',  ( 11.07999028105090744, 8.750692280930264744, -0.000000000000000000 ) ) ;
#215 = CARTESIAN_POINT ( 'NONE',  ( 20.83234367031052869, 9.090800783495122772, -0.000000000000000000 ) ) ;
#216 = CARTESIAN_POINT ( 'NONE',  ( 9.919081918890212179, 9.898905839768548987, 100.0000000000000284 ) ) ;
#217 = CARTESIAN_POINT ( 'NONE',  ( 38.46410161513774284, 8.000000000000000000, 0.000000000000000000 ) ) ;
#218 = EDGE_CURVE ( 'NONE', #2033, #1304, #338, .T. ) ;
#219 = ORIENTED_EDGE ( 'NONE', *, *, #1712, .F. ) ;
#220 = CARTESIAN_POINT ( 'NONE',  ( 41.53589838486223584, 8.000000000000000000, 105.0000000000000000 ) ) ;
#221 = CARTESIAN_POINT ( 'NONE',  ( 78.46410161513774995, 7.999999999999998224, 105.0000000000000000 ) ) ;
#222 = VERTEX_POINT ( 'NONE', #270 ) ;
#223 = CARTESIAN_POINT ( 'NONE',  ( 69.86467886965769480, 9.869137622017216671, 0.000000000000000000 ) ) ;
#224 = CARTESIAN_POINT ( 'NONE',  ( 59.99999999859917210, 9.941275563605902477, -2.904031318950802065E-17 ) ) ;
#225 = CARTESIAN_POINT ( 'NONE',  ( 9.642124916343719931, 9.656662923518215536, 100.0000000000000142 ) ) ;
#226 = AXIS2_PLACEMENT_3D ( 'NONE', #779, #1622, #2130 ) ;
#227 = CARTESIAN_POINT ( 'NONE',  ( 59.67454730422334563, 9.689094678225721680, 100.0000000000000000 ) ) ;
#228 = AXIS2_PLACEMENT_3D ( 'NONE', #1664, #159, #632 ) ;
#229 = CARTESIAN_POINT ( 'NONE',  ( 88.46410161513774995, 7.999999999999998224, -5.000000000000000888 ) ) ;
#230 = ORIENTED_EDGE ( 'NONE', *, *, #17, .F. ) ;
#231 = B_SPLINE_CURVE_WITH_KNOTS ( 'NONE', 3,
 ( #1877, #42, #1714, #2076, #552, #1226, #570, #210, #431, #1422, #943, #1280, #245, #82, #1948, #1776, #91, #2088, #1083, #1125, #2124, #286 ),
 .UNSPECIFIED., .F., .F.,
 ( 4, 1, 1, 1, 1, 1, 2, 2, 1, 1, 1, 1, 1, 2, 2, 4 ),
 ( 0.000000000000000000, 0.2499999999999827915, 0.3749999999999741873, 0.4374999999999683586, 0.4687499999999663047, 0.4843749999999679701, 0.4921874999999688582, 0.4999999999999696909, 0.6250000000000355271, 0.6875000000000703881, 0.7187500000000877076, 0.7343750000000964784, 0.7421875000000999201, 0.7460937500000993650, 0.7500000000000989209, 1.000000000000000000 ),
 .UNSPECIFIED. ) ;
#232 = VERTEX_POINT ( 'NONE', #596 ) ;
#233 = VERTEX_POINT ( 'NONE', #1796 ) ;
#234 = CARTESIAN_POINT ( 'NONE',  ( 14.99999999999999645, 10.00000000000000178, 0.000000000000000000 ) ) ;
#235 = CARTESIAN_POINT ( 'NONE',  ( 90.84684781664358866, 9.071089163014622869, 99.99999999999998579 ) ) ;
#236 = CARTESIAN_POINT ( 'NONE',  ( 10.00008457952364793, 9.941434512409804469, 100.0000000000000000 ) ) ;
#237 = CARTESIAN_POINT ( 'NONE',  ( 39.67454730422266351, 9.689094678224780210, 100.0000000000000000 ) ) ;
#238 = CARTESIAN_POINT ( 'NONE',  ( 90.19615242270661781, 10.00000000000000000, 31.66666666666667496 ) ) ;
#239 = EDGE_LOOP ( 'NONE', ( #118, #802, #1623, #895 ) ) ;
#240 = ORIENTED_EDGE ( 'NONE', *, *, #1934, .T. ) ;
#241 = CARTESIAN_POINT ( 'NONE',  ( 50.19240026717914560, 9.816087656021915464, 100.0000000000000142 ) ) ;
#242 = EDGE_CURVE ( 'NONE', #706, #1911, #1425, .T. ) ;
#243 = CARTESIAN_POINT ( 'NONE',  ( 89.20670037291893095, 9.144672288300517593, 0.000000000000000000 ) ) ;
#244 = CARTESIAN_POINT ( 'NONE',  ( 60.39512837031999481, 9.619039585386623514, -0.000000000000000000 ) ) ;
#245 = CARTESIAN_POINT ( 'NONE',  ( 49.41935621334982898, 9.412357444604927181, -0.000000000000000000 ) ) ;
#246 = DIRECTION ( 'NONE',  ( 0.000000000000000000, 1.000000000000000000, 0.000000000000000000 ) ) ;
#247 = CARTESIAN_POINT ( 'NONE',  ( 91.53589838486222163, 7.999999999999998224, 33.33333333333335702 ) ) ;
#248 = CARTESIAN_POINT ( 'NONE',  ( 49.17970908421221310, 9.107121952731624503, 99.99999999999998579 ) ) ;
#249 = ORIENTED_EDGE ( 'NONE', *, *, #806, .F. ) ;
#250 = CARTESIAN_POINT ( 'NONE',  ( 19.80384757729335377, 10.00000000000000000, 31.66666666666667496 ) ) ;
#251 = ORIENTED_EDGE ( 'NONE', *, *, #1331, .T. ) ;
#252 = CARTESIAN_POINT ( 'NONE',  ( 89.47442819776210854, 9.476161161921128340, -0.000000000000000000 ) ) ;
#253 = CARTESIAN_POINT ( 'NONE',  ( 60.74397321632419988, 9.208838152457831328, -0.000000000000000000 ) ) ;
#254 = CARTESIAN_POINT ( 'NONE',  ( -5.999999999999987566, 14.00000000000000000, 100.0000000000000000 ) ) ;
#255 = EDGE_CURVE ( 'NONE', #232, #590, #291, .T. ) ;
#256 = CARTESIAN_POINT ( 'NONE',  ( 39.24324900595443211, 9.191887610083496085, 100.0000000000000142 ) ) ;
#257 = B_SPLINE_CURVE_WITH_KNOTS ( 'NONE', 3,
 ( #398, #746, #1892, #2084 ),
 .UNSPECIFIED., .F., .F.,
 ( 4, 4 ),
 ( 0.000000000000000000, 1.000000000000000000 ),
 .UNSPECIFIED. ) ;
#258 = AXIS2_PLACEMENT_3D ( 'NONE', #45, #713, #1384 ) ;
#259 = VECTOR ( 'NONE', #2005, 1000.000000000000000 ) ;
#260 = MANIFOLD_SOLID_BREP ( 'Boss-Extrude4', #929 ) ;
#261 = CARTESIAN_POINT ( 'NONE',  ( 54.99999999999997868, 10.00000000000000178, 100.0000000000000000 ) ) ;
#262 = ORIENTED_EDGE ( 'NONE', *, *, #819, .T. ) ;
#263 = CARTESIAN_POINT ( 'NONE',  ( 48.46410161513773573, 8.000000000000000000, 68.33333333333332860 ) ) ;
#264 = VERTEX_POINT ( 'NONE', #123 ) ;
#265 = CARTESIAN_POINT ( 'NONE',  ( 0.05312106713202628672, 9.996450699404000773, 0.000000000000000000 ) ) ;
#266 = CARTESIAN_POINT ( 'NONE',  ( 61.30456421820472457, 8.400682530177395080, -0.000000000000000000 ) ) ;
#267 = CARTESIAN_POINT ( 'NONE',  ( 70.38119784648296218, 10.00000000000000178, 31.66666666666667851 ) ) ;
#268 = CARTESIAN_POINT ( 'NONE',  ( 39.61537401907283851, 9.629507715568298210, 100.0000000000000142 ) ) ;
#269 = EDGE_CURVE ( 'NONE', #1063, #1128, #624, .T. ) ;
#270 = CARTESIAN_POINT ( 'NONE',  ( 28.46410161513775705, 8.000000000000000000, 0.000000000000000000 ) ) ;
#271 = CARTESIAN_POINT ( 'NONE',  ( 0.000000000000000000, 0.000000000000000000, 0.000000000000000000 ) ) ;
#272 = VERTEX_POINT ( 'NONE', #334 ) ;
#273 = CARTESIAN_POINT ( 'NONE',  ( 80.00008457952395702, 9.941434512410440405, 100.0000000000000000 ) ) ;
#274 = ORIENTED_EDGE ( 'NONE', *, *, #1126, .F. ) ;
#275 = DIRECTION ( 'NONE',  ( 0.000000000000000000, 0.000000000000000000, 1.000000000000000000 ) ) ;
#276 = CARTESIAN_POINT ( 'NONE',  ( 59.20670037291888832, 9.144672288300458973, 0.000000000000000000 ) ) ;
#277 = DIRECTION ( 'NONE',  ( 1.000000000000000000, 0.000000000000000000, 0.000000000000000000 ) ) ;
#278 = CARTESIAN_POINT ( 'NONE',  ( 20.80874150501010078, 9.122691376594287860, 100.0000000000000000 ) ) ;
#279 = LINE ( 'NONE', #1961, #2121 ) ;
#280 = DIRECTION ( 'NONE',  ( -1.000000000000000000, -0.000000000000000000, 1.387778780781445429E-16 ) ) ;
#281 = CARTESIAN_POINT ( 'NONE',  ( 80.42155132944402851, 9.591449271907594110, 100.0000000000000000 ) ) ;
#282 = B_SPLINE_CURVE_WITH_KNOTS ( 'NONE', 3,
 ( #838, #1827, #1166, #1508, #2, #814, #344, #670, #331, #684, #1358, #1344, #2008, #152, #1485, #1838, #1009, #528 ),
 .UNSPECIFIED., .F., .F.,
 ( 4, 1, 2, 2, 1, 1, 1, 2, 2, 1, 1, 4 ),
 ( 0.000000000000000000, 0.4491442620720957346, 0.4772157784516026235, 0.5052872948311094570, 0.5614303275901222356, 0.6737163931081490142, 0.7298594258671607937, 0.7438951840569137941, 0.7509130631517911825, 0.7579309422466684598, 0.7860024586261755708, 0.8982885241442010171 ),
 .UNSPECIFIED. ) ;
#283 = EDGE_LOOP ( 'NONE', ( #834, #1368, #1143, #623 ) ) ;
#284 = CARTESIAN_POINT ( 'NONE',  ( 0.8318391754605456434, 9.130325122753667699, -0.000000000000000000 ) ) ;
#285 = CARTESIAN_POINT ( 'NONE',  ( 9.206700372918948716, 9.144672288300503382, 0.000000000000000000 ) ) ;
#286 = CARTESIAN_POINT ( 'NONE',  ( 49.99999999859918631, 9.941275563605898924, 8.764894526287894013E-16 ) ) ;
#287 = CARTESIAN_POINT ( 'NONE',  ( 89.80384757729332534, 10.00000000000000000, 105.0000000000000000 ) ) ;
#288 = CARTESIAN_POINT ( 'NONE',  ( 14.99999999999999645, 10.00000000000000178, 0.000000000000000000 ) ) ;
#289 = FACE_OUTER_BOUND ( 'NONE', #1153, .T. ) ;
#290 = VERTEX_POINT ( 'NONE', #470 ) ;
#291 = CIRCLE ( 'NONE', #1626, 3.999999999999996447 ) ;
#292 = CARTESIAN_POINT ( 'NONE',  ( 48.46410161513773573, 8.000000000000000000, -5.000000000000000888 ) ) ;
#293 = ORIENTED_EDGE ( 'NONE', *, *, #1144, .T. ) ;
#294 = EDGE_CURVE ( 'NONE', #383, #192, #1455, .T. ) ;
#295 = CARTESIAN_POINT ( 'NONE',  ( 71.53589838486222163, 8.000000000000003553, 66.66666666666672825 ) ) ;
#296 = LINE ( 'NONE', #181, #1909 ) ;
#297 = CARTESIAN_POINT ( 'NONE',  ( 71.30456421820471746, 8.400682530177373764, -0.000000000000000000 ) ) ;
#298 = CARTESIAN_POINT ( 'NONE',  ( 60.84684781663985831, 9.071089163021293089, 99.99999999999998579 ) ) ;
#299 = CARTESIAN_POINT ( 'NONE',  ( 39.61880215351698808, 10.00000000000000533, 105.0000000000000142 ) ) ;
#300 =( BOUNDED_CURVE ( )  B_SPLINE_CURVE ( 3, ( #1170, #1194, #1639, #157 ),
 .UNSPECIFIED., .F., .F. ) 
 B_SPLINE_CURVE_WITH_KNOTS ( ( 4, 4 ),
 ( 0.000000000000000000, 1.000000000000000000 ),
 .UNSPECIFIED. ) 
 CURVE ( )  GEOMETRIC_REPRESENTATION_ITEM ( )  RATIONAL_B_SPLINE_CURVE ( ( 0.9625270596227635256, 0.9625270596227635256, 0.9625270596227635256, 0.9625270596227635256 ) ) 
 REPRESENTATION_ITEM ( '' )  );
#301 = CARTESIAN_POINT ( 'NONE',  ( 1.046664297788945097, 8.808501923000457978, 100.0000000000000142 ) ) ;
#302 = CARTESIAN_POINT ( 'NONE',  ( 61.53589838486222874, 8.000000000000000000, 68.33333333333332860 ) ) ;
#303 = DIRECTION ( 'NONE',  ( 0.000000000000000000, 0.000000000000000000, 1.000000000000000000 ) ) ;
#304 = VERTEX_POINT ( 'NONE', #2001 ) ;
#305 = EDGE_CURVE ( 'NONE', #546, #1451, #1912, .T. ) ;
#306 = CARTESIAN_POINT ( 'NONE',  ( 50.46678306989729634, 9.542029531859045122, -0.000000000000000000 ) ) ;
#307 = CARTESIAN_POINT ( 'NONE',  ( 90.85363273938774853, 9.061754640196568289, -0.000000000000000000 ) ) ;
#308 = CARTESIAN_POINT ( 'NONE',  ( 70.85363273938776274, 9.061754640196570065, -0.000000000000000000 ) ) ;
#309 = ADVANCED_BREP_SHAPE_REPRESENTATION ( 'arcenypen', ( #260, #865 ), #1245 ) ;
#310 = CARTESIAN_POINT ( 'NONE',  ( 70.00008457952314700, 9.941434512408854118, 99.99999999999997158 ) ) ;
#311 = CARTESIAN_POINT ( 'NONE',  ( 79.04243708022502801, 8.916694572736421520, -0.000000000000000000 ) ) ;
#312 = FACE_OUTER_BOUND ( 'NONE', #1134, .T. ) ;
#313 = CARTESIAN_POINT ( 'NONE',  ( 49.91908191889088897, 9.898905839767289550, 100.0000000000000142 ) ) ;
#314 =( BOUNDED_SURFACE ( )  B_SPLINE_SURFACE ( 2, 3, ( 
 ( #1078, #565, #737, #1056 ),
 ( #1902, #1924, #556, #1593 ),
 ( #1240, #250, #76, #2054 ) ),
 .UNSPECIFIED., .F., .F., .F. ) 
 B_SPLINE_SURFACE_WITH_KNOTS ( ( 3, 3 ),
 ( 4, 4 ),
 ( 0.000000000000000000, 1.000000000000000000 ),
 ( -0.005000000000000000971, 0.1050000000000000100 ),
 .UNSPECIFIED. ) 
 GEOMETRIC_REPRESENTATION_ITEM ( )  RATIONAL_B_SPLINE_SURFACE ( (
 ( 1.000000000000000000, 1.000000000000000000, 1.000000000000000000, 1.000000000000000000),
 ( 0.8660254037844385966, 0.8660254037844385966, 0.8660254037844385966, 0.8660254037844385966),
 ( 1.000000000000000000, 1.000000000000000000, 1.000000000000000000, 1.000000000000000000) ) ) 
 REPRESENTATION_ITEM ( '' )  SURFACE ( )  );
#315 = CARTESIAN_POINT ( 'NONE',  ( 41.53589838486223584, 8.000000000000000000, 66.66666666666672825 ) ) ;
#316 = VERTEX_POINT ( 'NONE', #184 ) ;
#317 = CARTESIAN_POINT ( 'NONE',  ( 50.74397321632416435, 9.208838152457849091, -0.000000000000000000 ) ) ;
#318 = CARTESIAN_POINT ( 'NONE',  ( 80.19615242270663202, 10.00000000000000000, 31.66666666666667496 ) ) ;
#319 = EDGE_CURVE ( 'NONE', #1848, #233, #1305, .T. ) ;
#320 = CARTESIAN_POINT ( 'NONE',  ( 91.07999028105085415, 8.750692280930243427, -0.000000000000000000 ) ) ;
#321 = CARTESIAN_POINT ( 'NONE',  ( 70.39512837031999481, 9.619039585386609303, -0.000000000000000000 ) ) ;
#322 = EDGE_CURVE ( 'NONE', #1020, #316, #300, .T. ) ;
#323 = CARTESIAN_POINT ( 'NONE',  ( 60.82024333427494156, 9.107179157359947652, 100.0000000000000142 ) ) ;
#324 = CARTESIAN_POINT ( 'NONE',  ( 81.53589838486220742, 7.999999999999998224, -5.000000000000000888 ) ) ;
#325 = CARTESIAN_POINT ( 'NONE',  ( 106.0000000000000284, 14.00000000000000000, 100.0000000000000000 ) ) ;
#326 = CARTESIAN_POINT ( 'NONE',  ( 49.67454730422263509, 9.689094678224762447, 99.99999999999994316 ) ) ;
#327 = CARTESIAN_POINT ( 'NONE',  ( 1.533333333334352622, 8.004449393718704897, 31.66666666666667496 ) ) ;
#328 = VERTEX_POINT ( 'NONE', #1323 ) ;
#329 = AXIS2_PLACEMENT_3D ( 'NONE', #83, #1907, #752 ) ;
#330 = CARTESIAN_POINT ( 'NONE',  ( 99.51176739797621451, 9.591544254886764875, -0.000000000000000000 ) ) ;
#331 = CARTESIAN_POINT ( 'NONE',  ( 10.52316118354684882, 9.481619782001832419, 100.0000000000000000 ) ) ;
#332 = CARTESIAN_POINT ( 'NONE',  ( 91.53589838486222163, 7.999999999999996447, 0.000000000000000000 ) ) ;
#333 = CARTESIAN_POINT ( 'NONE',  ( 20.74397321632419988, 9.208838152457831328, -0.000000000000000000 ) ) ;
#334 = CARTESIAN_POINT ( 'NONE',  ( 98.46666666666558854, 8.004449393718726213, 0.000000000000000000 ) ) ;
#335 = ADVANCED_FACE ( 'NONE', ( #519 ), #2144, .F. ) ;
#336 = CARTESIAN_POINT ( 'NONE',  ( 28.92673005738602399, 8.761342293949443416, 100.0000000000000284 ) ) ;
#337 = CARTESIAN_POINT ( 'NONE',  ( 78.46410161513774995, 8.000000000000014211, 100.0000000000000000 ) ) ;
#338 = B_SPLINE_CURVE_WITH_KNOTS ( 'NONE', 3,
 ( #2136, #84, #755, #967, #2125, #278, #2102, #93, #1437, #584, #946, #1630, #785, #1589, #1951, #924, #1940, #1283 ),
 .UNSPECIFIED., .F., .F.,
 ( 4, 1, 2, 2, 1, 1, 1, 2, 2, 1, 1, 4 ),
 ( 0.000000000000000000, 0.4491442620719049428, 0.4772157784514007850, 0.5052872948308964052, 0.5614303275898885337, 0.6737163931078713475, 0.7298594258668628099, 0.7438951840566102591, 0.7509130631514863152, 0.7579309422463624824, 0.7860024586258697044, 0.8982885241438974822 ),
 .UNSPECIFIED. ) ;
#339 = CARTESIAN_POINT ( 'NONE',  ( 59.80384757729335377, 10.00000000000000000, 105.0000000000000000 ) ) ;
#340 = CARTESIAN_POINT ( 'NONE',  ( 89.15313040832187141, 9.071074753953709546, 99.99999999999997158 ) ) ;
#341 = ORIENTED_EDGE ( 'NONE', *, *, #883, .F. ) ;
#342 = VERTEX_POINT ( 'NONE', #818 ) ;
#343 = CARTESIAN_POINT ( 'NONE',  ( 69.80701961195774174, 9.815566611899468441, 100.0000000000000000 ) ) ;
#344 = CARTESIAN_POINT ( 'NONE',  ( 10.75670315645748687, 9.191966144856134946, 99.99999999999997158 ) ) ;
#345 = CARTESIAN_POINT ( 'NONE',  ( 8.464101615137757051, 8.000000000000000000, 68.33333333333332860 ) ) ;
#346 = CARTESIAN_POINT ( 'NONE',  ( 58.46410161513772863, 8.000000000000000000, 31.66666666666667496 ) ) ;
#347 = CARTESIAN_POINT ( 'NONE',  ( 60.35663267359343109, 9.657914580168723617, 100.0000000000000284 ) ) ;
#348 = CARTESIAN_POINT ( 'NONE',  ( 19.61537401907440170, 9.629507715569626924, 100.0000000000000000 ) ) ;
#349 = CARTESIAN_POINT ( 'NONE',  ( 51.53589838486222874, 7.999999999999994671, 100.0000000000000000 ) ) ;
#350 = CARTESIAN_POINT ( 'NONE',  ( 81.53589838486220742, 7.999999999999998224, 105.0000000000000000 ) ) ;
#351 = EDGE_CURVE ( 'NONE', #379, #2033, #2040, .T. ) ;
#352 = DIRECTION ( 'NONE',  ( 0.000000000000000000, 1.000000000000000000, 0.000000000000000000 ) ) ;
#353 = CARTESIAN_POINT ( 'NONE',  ( -1.785680978083625803E-13, 9.999999999997337241, 31.66666666666667496 ) ) ;
#354 = ORIENTED_EDGE ( 'NONE', *, *, #1817, .T. ) ;
#355 = ORIENTED_EDGE ( 'NONE', *, *, #867, .T. ) ;
#356 = CARTESIAN_POINT ( 'NONE',  ( 20.00008457952352714, 9.941434512409593083, 99.99999999999997158 ) ) ;
#357 = CARTESIAN_POINT ( 'NONE',  ( -6.000000000000000888, 0.000000000000000000, -5.999999999999999112 ) ) ;
#358 = CARTESIAN_POINT ( 'NONE',  ( 89.67454730422670650, 9.689094678230338431, 100.0000000000000000 ) ) ;
#359 = CARTESIAN_POINT ( 'NONE',  ( 28.46410161513775705, 7.999999999999998224, 33.33333333333335702 ) ) ;
#360 = LINE ( 'NONE', #1732, #1736 ) ;
#361 = CARTESIAN_POINT ( 'NONE',  ( 30.32026527603226995, 9.695347532244776190, -0.000000000000000000 ) ) ;
#362 = CARTESIAN_POINT ( 'NONE',  ( 51.53589838486222874, 8.000000000000000000, 0.000000000000000000 ) ) ;
#363 = CARTESIAN_POINT ( 'NONE',  ( 79.52594940020338754, 9.534016541882037288, 0.000000000000000000 ) ) ;
#364 = CARTESIAN_POINT ( 'NONE',  ( 29.86467886965766994, 9.869137622017206013, -0.000000000000000000 ) ) ;
#365 = CARTESIAN_POINT ( 'NONE',  ( 98.46666666666558854, 8.004449393718729766, 100.0000000000000000 ) ) ;
#366 = VERTEX_POINT ( 'NONE', #2157 ) ;
#367 = CARTESIAN_POINT ( 'NONE',  ( 51.07345529929328620, 8.761013636508639735, 100.0000000000000142 ) ) ;
#368 = EDGE_CURVE ( 'NONE', #1086, #272, #720, .T. ) ;
#369 = CARTESIAN_POINT ( 'NONE',  ( 78.46410161513773573, 8.000000000000000000, 0.000000000000000000 ) ) ;
#370 = CIRCLE ( 'NONE', #2151, 4.000000000000003553 ) ;
#371 = CARTESIAN_POINT ( 'NONE',  ( 89.91908191888872182, 9.898905839771042992, 100.0000000000000142 ) ) ;
#372 = CARTESIAN_POINT ( 'NONE',  ( 19.99999999859919342, 9.941275563605897148, 3.775240714636049710E-16 ) ) ;
#373 = AXIS2_PLACEMENT_3D ( 'NONE', #1956, #1297, #974 ) ;
#374 = FACE_OUTER_BOUND ( 'NONE', #1772, .T. ) ;
#375 = AXIS2_PLACEMENT_3D ( 'NONE', #1759, #618, #575 ) ;
#376 = CARTESIAN_POINT ( 'NONE',  ( 18.46410161513774639, 8.000000000000005329, 100.0000000000000000 ) ) ;
#377 = LINE ( 'NONE', #1515, #1457 ) ;
#378 = CYLINDRICAL_SURFACE ( 'NONE', #1975, 3.999999999999996447 ) ;
#379 = VERTEX_POINT ( 'NONE', #1886 ) ;
#380 = ORIENTED_EDGE ( 'NONE', *, *, #1016, .T. ) ;
#381 = CARTESIAN_POINT ( 'NONE',  ( 69.19125353305298631, 9.122686809001342212, 100.0000000000000000 ) ) ;
#382 = CARTESIAN_POINT ( 'NONE',  ( 79.61880215351699519, 10.00000000000000178, 105.0000000000000000 ) ) ;
#383 = VERTEX_POINT ( 'NONE', #880 ) ;
#384 = EDGE_CURVE ( 'NONE', #1741, #938, #1861, .T. ) ;
#385 = CARTESIAN_POINT ( 'NONE',  ( 20.80269880976767283, 9.130859443940577691, -0.000000000000000000 ) ) ;
#386 = CARTESIAN_POINT ( 'NONE',  ( 8.464101615137758827, 8.000000000000003553, 100.0000000000000000 ) ) ;
#387 = CARTESIAN_POINT ( 'NONE',  ( 19.34571254071933666, 9.324934914850162571, 100.0000000000000284 ) ) ;
#388 = CARTESIAN_POINT ( 'NONE',  ( 8.579826981777472383, 8.200442214744525060, 0.000000000000000000 ) ) ;
#389 = ORIENTED_EDGE ( 'NONE', *, *, #587, .T. ) ;
#390 = ORIENTED_EDGE ( 'NONE', *, *, #81, .F. ) ;
#391 = CARTESIAN_POINT ( 'NONE',  ( 39.80384757729335377, 10.00000000000000000, 105.0000000000000000 ) ) ;
#392 = VERTEX_POINT ( 'NONE', #1302 ) ;
#393 = CARTESIAN_POINT ( 'NONE',  ( 88.46410161513773573, 8.000000000000000000, 0.000000000000000000 ) ) ;
#394 = CARTESIAN_POINT ( 'NONE',  ( 11.53589838486224473, 8.000000000000001776, 100.0000000000000000 ) ) ;
#395 = CARTESIAN_POINT ( 'NONE',  ( 61.53589838486222874, 7.999999999999996447, 0.000000000000000000 ) ) ;
#396 = EDGE_CURVE ( 'NONE', #290, #1296, #1553, .T. ) ;
#397 = ORIENTED_EDGE ( 'NONE', *, *, #714, .T. ) ;
#398 = CARTESIAN_POINT ( 'NONE',  ( 1.533333333334389703, 8.004449393718727990, 0.000000000000000000 ) ) ;
#399 = ORIENTED_EDGE ( 'NONE', *, *, #550, .F. ) ;
#400 = CARTESIAN_POINT ( 'NONE',  ( 68.46410161513774995, 8.000000000000000000, 0.000000000000000000 ) ) ;
#401 = CARTESIAN_POINT ( 'NONE',  ( 90.75670315646148367, 9.191966144851873466, 99.99999999999998579 ) ) ;
#402 = CARTESIAN_POINT ( 'NONE',  ( 8.692142407876113808, 8.394978239221115857, 100.0000000000000000 ) ) ;
#403 = CARTESIAN_POINT ( 'NONE',  ( 40.00008457952362306, 9.941434512409786706, 100.0000000000000000 ) ) ;
#404 =( BOUNDED_CURVE ( )  B_SPLINE_CURVE ( 3, ( #861, #1355, #148, #1538 ),
 .UNSPECIFIED., .F., .T. ) 
 B_SPLINE_CURVE_WITH_KNOTS ( ( 4, 4 ),
 ( 0.000000000000000000, 1.000000000000000000 ),
 .UNSPECIFIED. ) 
 CURVE ( )  GEOMETRIC_REPRESENTATION_ITEM ( )  RATIONAL_B_SPLINE_CURVE ( ( 0.9625270596227664122, 0.9625270596227664122, 0.9625270596227664122, 0.9625270596227664122 ) ) 
 REPRESENTATION_ITEM ( '' )  );
#405 = EDGE_CURVE ( 'NONE', #1539, #1971, #942, .T. ) ;
#406 = EDGE_LOOP ( 'NONE', ( #1683, #1925, #681, #1201 ) ) ;
#407 = ORIENTED_EDGE ( 'NONE', *, *, #405, .T. ) ;
#408 = CARTESIAN_POINT ( 'NONE',  ( 10.45284391281932201, 9.557297686976585993, -0.000000000000000000 ) ) ;
#409 = CARTESIAN_POINT ( 'NONE',  ( 69.13385821912604001, 9.044580737700339768, 0.000000000000000000 ) ) ;
#410 = CARTESIAN_POINT ( 'NONE',  ( 69.80384757729333955, 10.00000000000000000, 31.66666666666667496 ) ) ;
#411 = CARTESIAN_POINT ( 'NONE',  ( 39.62908545221126388, 9.643504670469038587, 99.99999999999998579 ) ) ;
#412 = DIRECTION ( 'NONE',  ( 1.000000000000000000, 0.000000000000000000, 0.000000000000000000 ) ) ;
#413 = EDGE_LOOP ( 'NONE', ( #904, #1099, #627, #952 ) ) ;
#414 = EDGE_CURVE ( 'NONE', #2073, #938, #1070, .T. ) ;
#415 = VERTEX_POINT ( 'NONE', #1061 ) ;
#416 = CARTESIAN_POINT ( 'NONE',  ( 10.46678306989733365, 9.542029531859034464, -0.000000000000000000 ) ) ;
#417 = B_SPLINE_CURVE_WITH_KNOTS ( 'NONE', 3,
 ( #2023, #825, #516, #503, #697, #1178, #864, #1036, #1191, #1332, #852, #180, #1863, #166, #1987, #1850, #1370, #1685, #1526, #1204, #2035, #15 ),
 .UNSPECIFIED., .F., .F.,
 ( 4, 1, 1, 1, 1, 1, 2, 2, 1, 1, 1, 1, 1, 2, 2, 4 ),
 ( 0.000000000000000000, 0.2499999999999764633, 0.3749999999999658051, 0.4374999999999616973, 0.4687499999999600320, 0.4843749999999614753, 0.4921874999999621969, 0.4999999999999629186, 0.6249999999999733546, 0.6874999999999781286, 0.7187499999999812372, 0.7343749999999829026, 0.7421874999999831246, 0.7460937499999822364, 0.7499999999999814593, 1.000000000000000000 ),
 .UNSPECIFIED. ) ;
#418 = CARTESIAN_POINT ( 'NONE',  ( 28.46410161513775705, 8.000000000000000000, -5.000000000000000888 ) ) ;
#419 = ORIENTED_EDGE ( 'NONE', *, *, #1214, .F. ) ;
#420 = CARTESIAN_POINT ( 'NONE',  ( 89.09038262803572650, 8.984275074931417748, -0.000000000000000000 ) ) ;
#421 = CARTESIAN_POINT ( 'NONE',  ( 60.62877854000623756, 9.356241119997841693, -0.000000000000000000 ) ) ;
#422 = CARTESIAN_POINT ( 'NONE',  ( 70.38119784648296218, 10.00000000000000178, -5.000000000000001776 ) ) ;
#423 = CARTESIAN_POINT ( 'NONE',  ( 50.38119784648296218, 10.00000000000000178, 68.33333333333332860 ) ) ;
#424 = CARTESIAN_POINT ( 'NONE',  ( 40.82024333427595764, 9.107179157358359589, 100.0000000000000000 ) ) ;
#425 = LINE ( 'NONE', #454, #1878 ) ;
#426 = CARTESIAN_POINT ( 'NONE',  ( 81.07345529925588323, 8.761013636573236951, 99.99999999999998579 ) ) ;
#427 = ORIENTED_EDGE ( 'NONE', *, *, #1199, .F. ) ;
#428 = ADVANCED_FACE ( 'NONE', ( #374 ), #622, .T. ) ;
#429 = CARTESIAN_POINT ( 'NONE',  ( 89.13385821912599738, 9.044580737700309570, 0.000000000000000000 ) ) ;
#430 = CARTESIAN_POINT ( 'NONE',  ( 91.53589838486222163, 7.999999999999996447, 100.0000000000000000 ) ) ;
#431 = CARTESIAN_POINT ( 'NONE',  ( 49.13133170429443908, 9.041098969644652428, -0.000000000000000000 ) ) ;
#432 = CARTESIAN_POINT ( 'NONE',  ( 50.38119784648296218, 10.00000000000000178, 104.9999999999999858 ) ) ;
#433 = SURFACE_SIDE_STYLE ('',( #1768 ) ) ;
#434 = AXIS2_PLACEMENT_3D ( 'NONE', #438, #2132, #1484 ) ;
#435 = CARTESIAN_POINT ( 'NONE',  ( 40.19240026717931613, 9.816087656023055885, 100.0000000000000142 ) ) ;
#436 = CARTESIAN_POINT ( 'NONE',  ( 0.7923634707465698757, 9.188385368570468614, 99.99999999999997158 ) ) ;
#437 = ORIENTED_EDGE ( 'NONE', *, *, #1712, .T. ) ;
#438 = CARTESIAN_POINT ( 'NONE',  ( -6.000000000000000000, 0.000000000000000000, 7.347880794884116778E-16 ) ) ;
#439 = CARTESIAN_POINT ( 'NONE',  ( 9.999999998599211182, 9.941275563605900700, 3.933642422942452770E-16 ) ) ;
#440 = EDGE_CURVE ( 'NONE', #1592, #1123, #644, .T. ) ;
#441 = CARTESIAN_POINT ( 'NONE',  ( 69.80384757729333955, 10.00000000000000000, -5.000000000000000888 ) ) ;
#442 = CARTESIAN_POINT ( 'NONE',  ( 71.53589838486222163, 8.000000000000000000, 0.000000000000000000 ) ) ;
#443 = B_SPLINE_CURVE_WITH_KNOTS ( 'NONE', 3,
 ( #1823, #313, #1993, #326, #1666, #583, #2113, #2042, #1436, #1117, #912, #74, #757, #248, #1414, #935, #1427, #1788 ),
 .UNSPECIFIED., .F., .F.,
 ( 4, 1, 1, 2, 2, 1, 1, 1, 2, 2, 1, 4 ),
 ( 0.1014845771170482386, 0.2137990049774060319, 0.2418776119424978499, 0.2488972636837708530, 0.2559169154250438005, 0.2699562189075913055, 0.3261134328377721103, 0.4384278606981391047, 0.4945850746283248500, 0.5226636815934156965, 0.5507422885585065986, 1.000000000000000000 ),
 .UNSPECIFIED. ) ;
#444 = DIRECTION ( 'NONE',  ( 1.000000000000000000, 0.000000000000000000, 0.000000000000000000 ) ) ;
#445 = DIRECTION ( 'NONE',  ( 0.000000000000000000, 1.000000000000000000, 0.000000000000000000 ) ) ;
#446 = VERTEX_POINT ( 'NONE', #2038 ) ;
#447 = CARTESIAN_POINT ( 'NONE',  ( 80.35663267359336714, 9.657914580168723617, 100.0000000000000000 ) ) ;
#448 = ORIENTED_EDGE ( 'NONE', *, *, #2108, .T. ) ;
#449 = CARTESIAN_POINT ( 'NONE',  ( 50.06780597534611132, 9.905129077450101960, 0.000000000000000000 ) ) ;
#450 = CARTESIAN_POINT ( 'NONE',  ( 59.47442819776205170, 9.476161161921094589, -0.000000000000000000 ) ) ;
#451 = CARTESIAN_POINT ( 'NONE',  ( 70.46120100616083448, 9.548155205898975595, -0.000000000000000000 ) ) ;
#452 = EDGE_CURVE ( 'NONE', #328, #601, #1881, .T. ) ;
#453 = DIRECTION ( 'NONE',  ( 1.000000000000000000, 0.000000000000000000, 0.000000000000000000 ) ) ;
#454 = CARTESIAN_POINT ( 'NONE',  ( 106.0000000000000284, 14.00000000000000000, 100.0000000000000000 ) ) ;
#455 = DIRECTION ( 'NONE',  ( 1.000000000000000000, 0.000000000000000000, -1.224646799147352714E-16 ) ) ;
#456 = ORIENTED_EDGE ( 'NONE', *, *, #1697, .F. ) ;
#457 = FACE_OUTER_BOUND ( 'NONE', #413, .T. ) ;
#458 = CARTESIAN_POINT ( 'NONE',  ( 61.53589838486222874, 7.999999999999992895, 100.0000000000000000 ) ) ;
#459 = CARTESIAN_POINT ( 'NONE',  ( 70.80269880976766217, 9.130859443940572362, -0.000000000000000000 ) ) ;
#460 = CARTESIAN_POINT ( 'NONE',  ( 99.54062951632640477, 9.626251654934600666, 99.99999999999998579 ) ) ;
#461 = CARTESIAN_POINT ( 'NONE',  ( 39.61880215351698808, 10.00000000000000533, 68.33333333333334281 ) ) ;
#462 = CARTESIAN_POINT ( 'NONE',  ( 0.8744002087475862828, 9.068097577686156541, 100.0000000000000142 ) ) ;
#463 = EDGE_CURVE ( 'NONE', #1506, #342, #360, .T. ) ;
#464 = VECTOR ( 'NONE', #1541, 1000.000000000000000 ) ;
#465 = CARTESIAN_POINT ( 'NONE',  ( 100.0070553368296942, 10.00047140451812488, 31.66666666666667496 ) ) ;
#466 = ORIENTED_EDGE ( 'NONE', *, *, #687, .F. ) ;
#467 = CARTESIAN_POINT ( 'NONE',  ( 0.5400748983907773804, 9.528847125897605963, 0.000000000000000000 ) ) ;
#468 = CARTESIAN_POINT ( 'NONE',  ( 90.62877854000612388, 9.356241119997914524, -0.000000000000000000 ) ) ;
#469 = CARTESIAN_POINT ( 'NONE',  ( 70.84510905279051940, 9.073403649121324577, -0.000000000000000000 ) ) ;
#470 = CARTESIAN_POINT ( 'NONE',  ( 11.53589838486224473, 8.000000000000001776, 0.000000000000000000 ) ) ;
#471 = CARTESIAN_POINT ( 'NONE',  ( 78.94599061217030567, 8.777372264879653940, -0.000000000000000000 ) ) ;
#472 = CARTESIAN_POINT ( 'NONE',  ( 9.803847577293369753, 10.00000000000000000, -5.000000000000000888 ) ) ;
#473 = CARTESIAN_POINT ( 'NONE',  ( 30.08071695928920519, 9.899085952945515743, 100.0000000000000000 ) ) ;
#474 = EDGE_CURVE ( 'NONE', #601, #655, #231, .T. ) ;
#475 = CARTESIAN_POINT ( 'NONE',  ( 98.46666666666561696, 8.004449393718703121, -5.000000000000000888 ) ) ;
#476 = ORIENTED_EDGE ( 'NONE', *, *, #1679, .F. ) ;
#477 = PLANE ( 'NONE',  #373 ) ;
#478 = ADVANCED_FACE ( 'NONE', ( #2111 ), #1512, .T. ) ;
#479 = CARTESIAN_POINT ( 'NONE',  ( 80.19615242270663202, 10.00000000000000000, -5.000000000000000888 ) ) ;
#480 = CARTESIAN_POINT ( 'NONE',  ( 8.464101615137757051, 8.000000000000000000, -5.000000000000000888 ) ) ;
#481 = CARTESIAN_POINT ( 'NONE',  ( 68.46410161513776416, 7.999999999999998224, 31.66666666666667496 ) ) ;
#482 = CARTESIAN_POINT ( 'NONE',  ( 21.53589838486223229, 8.000000000000001776, 33.33333333333335702 ) ) ;
#483 = CARTESIAN_POINT ( 'NONE',  ( 19.61880215351700585, 10.00000000000000178, -5.000000000000000888 ) ) ;
#484 = CARTESIAN_POINT ( 'NONE',  ( 10.00008457952364793, 9.941434512409804469, 100.0000000000000000 ) ) ;
#485 = CARTESIAN_POINT ( 'NONE',  ( 29.99999999859918987, 9.941275563605888266, 1.320014235886732637E-17 ) ) ;
#486 = EDGE_LOOP ( 'NONE', ( #926, #230, #1113, #2174, #1276, #729, #525, #1616, #390, #2070, #576, #341, #835, #1890, #1387, #109, #875, #962, #1669, #2150, #1871, #758, #355, #1812, #1955, #973, #1910, #1263, #1566, #1801, #747, #407, #219, #1985, #49, #1995, #1522 ) ) ;
#487 = B_SPLINE_CURVE_WITH_KNOTS ( 'NONE', 3,
 ( #102, #1247, #1600, #1610 ),
 .UNSPECIFIED., .F., .F.,
 ( 4, 4 ),
 ( 0.000000000000000000, 1.000000000000000000 ),
 .UNSPECIFIED. ) ;
#488 = B_SPLINE_CURVE_WITH_KNOTS ( 'NONE', 3,
 ( #675, #201, #1703, #1375, #1184, #495, #2028, #712, #1196, #509, #544, #212, #521, #2169, #533, #336, #1014, #844 ),
 .UNSPECIFIED., .F., .F.,
 ( 4, 1, 1, 2, 2, 1, 1, 1, 2, 2, 1, 4 ),
 ( 0.1014845771162180554, 0.2137990049767325706, 0.2418776119418607207, 0.2488972636831405794, 0.2559169154244204658, 0.2699562189069787399, 0.3261134328372086721, 0.4384278606976701465, 0.4945850746279012999, 0.5226636815930175706, 0.5507422885581337857, 1.000000000000000000 ),
 .UNSPECIFIED. ) ;
#489 = CARTESIAN_POINT ( 'NONE',  ( 98.76102661562748608, 8.505243785524756461, -0.000000000000000000 ) ) ;
#490 = CARTESIAN_POINT ( 'NONE',  ( 9.524889551305367519, 9.532842748327611915, -0.000000000000000000 ) ) ;
#491 = CARTESIAN_POINT ( 'NONE',  ( 90.83234367031043632, 9.090800783495135207, -0.000000000000000000 ) ) ;
#492 = EDGE_CURVE ( 'NONE', #1592, #1935, #487, .T. ) ;
#493 = CARTESIAN_POINT ( 'NONE',  ( 80.62877854000619493, 9.356241119997918076, -0.000000000000000000 ) ) ;
#494 = DIRECTION ( 'NONE',  ( 1.000000000000000000, 0.000000000000000000, 0.000000000000000000 ) ) ;
#495 = CARTESIAN_POINT ( 'NONE',  ( 29.62908545221324985, 9.643504670470989026, 100.0000000000000142 ) ) ;
#496 = CARTESIAN_POINT ( 'NONE',  ( 78.75087618632782949, 8.482082435299327372, -0.000000000000000000 ) ) ;
#497 = CARTESIAN_POINT ( 'NONE',  ( 48.46410161513773573, 7.999999999999996447, 33.33333333333335702 ) ) ;
#498 = CARTESIAN_POINT ( 'NONE',  ( 98.46666666666558854, 8.004449393718724437, 33.33333333333335702 ) ) ;
#499 = CARTESIAN_POINT ( 'NONE',  ( 99.60000000000002274, 9.973273875806318856, 31.66666666666667496 ) ) ;
#500 = ORIENTED_EDGE ( 'NONE', *, *, #2078, .T. ) ;
#501 = AXIS2_PLACEMENT_3D ( 'NONE', #1658, #1959, #277 ) ;
#502 = CARTESIAN_POINT ( 'NONE',  ( 51.07999028105091810, 8.750692280930207900, -0.000000000000000000 ) ) ;
#503 = CARTESIAN_POINT ( 'NONE',  ( 18.94599061217029856, 8.777372264879616637, -0.000000000000000000 ) ) ;
#504 = VECTOR ( 'NONE', #1698, 1000.000000000000000 ) ;
#505 = CARTESIAN_POINT ( 'NONE',  ( 80.00008457952395702, 9.941434512410440405, 100.0000000000000000 ) ) ;
#506 = CARTESIAN_POINT ( 'NONE',  ( 91.53589838486222163, 7.999999999999996447, 0.000000000000000000 ) ) ;
#507 = CARTESIAN_POINT ( 'NONE',  ( 60.19240026717945113, 9.816087656024224728, 100.0000000000000000 ) ) ;
#508 = CARTESIAN_POINT ( 'NONE',  ( 39.41935621334985740, 9.412357444604911194, -0.000000000000000000 ) ) ;
#509 = CARTESIAN_POINT ( 'NONE',  ( 29.47622094290024819, 9.480914131599302408, 99.99999999999998579 ) ) ;
#510 = CARTESIAN_POINT ( 'NONE',  ( 91.53589838486222163, 7.999999999999996447, 100.0000000000000000 ) ) ;
#511 = CARTESIAN_POINT ( 'NONE',  ( 64.99999999999998579, 10.00000000000000178, 0.000000000000000000 ) ) ;
#512 = CARTESIAN_POINT ( 'NONE',  ( 30.82024333427651186, 9.107179157357581545, 100.0000000000000142 ) ) ;
#513 = CARTESIAN_POINT ( 'NONE',  ( 30.00008457952332108, 9.941434512409202284, 99.99999999999994316 ) ) ;
#514 = EDGE_LOOP ( 'NONE', ( #249, #2053, #1064, #1747 ) ) ;
#515 = CARTESIAN_POINT ( 'NONE',  ( 99.41512146147670137, 9.470845717359157589, -0.000000000000000000 ) ) ;
#516 = CARTESIAN_POINT ( 'NONE',  ( 18.75087618632777620, 8.482082435299275858, -0.000000000000000000 ) ) ;
#517 = CARTESIAN_POINT ( 'NONE',  ( 49.99999999859918631, 9.941275563605898924, 8.764894526287894013E-16 ) ) ;
#518 = CARTESIAN_POINT ( 'NONE',  ( 68.46410161513776416, 7.999999999999998224, 105.0000000000000000 ) ) ;
#519 = FACE_OUTER_BOUND ( 'NONE', #1230, .T. ) ;
#520 = CARTESIAN_POINT ( 'NONE',  ( 31.30456421820472457, 8.400682530177439489, -0.000000000000000000 ) ) ;
#521 = CARTESIAN_POINT ( 'NONE',  ( 29.19125353305284776, 9.122686809001191222, 100.0000000000000142 ) ) ;
#522 = DIRECTION ( 'NONE',  ( 0.000000000000000000, 0.000000000000000000, 1.000000000000000000 ) ) ;
#523 = EDGE_CURVE ( 'NONE', #590, #1222, #1518, .T. ) ;
#524 = LINE ( 'NONE', #993, #259 ) ;
#525 = ORIENTED_EDGE ( 'NONE', *, *, #1884, .T. ) ;
#526 = ORIENTED_EDGE ( 'NONE', *, *, #1346, .T. ) ;
#527 = CARTESIAN_POINT ( 'NONE',  ( 90.00008457952351648, 9.941434512409658808, 99.99999999999997158 ) ) ;
#528 = CARTESIAN_POINT ( 'NONE',  ( 10.00008457952364793, 9.941434512409804469, 100.0000000000000000 ) ) ;
#529 = CARTESIAN_POINT ( 'NONE',  ( -4.898587196589409870E-16, 14.00000000000000000, 0.000000000000000000 ) ) ;
#530 = CARTESIAN_POINT ( 'NONE',  ( 60.19615242270661071, 10.00000000000000000, 31.66666666666667496 ) ) ;
#531 = CARTESIAN_POINT ( 'NONE',  ( 30.38119784648299060, 10.00000000000000533, 31.66666666666668206 ) ) ;
#532 = CARTESIAN_POINT ( 'NONE',  ( 39.52488955130534976, 9.532842748327603033, -0.000000000000000000 ) ) ;
#533 = CARTESIAN_POINT ( 'NONE',  ( 29.15313040831522784, 9.071074753942633961, 99.99999999999997158 ) ) ;
#534 = VERTEX_POINT ( 'NONE', #254 ) ;
#535 = ADVANCED_FACE ( 'NONE', ( #1258 ), #1893, .T. ) ;
#536 = ORIENTED_EDGE ( 'NONE', *, *, #1144, .F. ) ;
#537 = CARTESIAN_POINT ( 'NONE',  ( 51.30456421820473878, 8.400682530177382645, 0.000000000000000000 ) ) ;
#538 = CARTESIAN_POINT ( 'NONE',  ( 78.46410161513774995, 7.999999999999998224, 68.33333333333332860 ) ) ;
#539 = ORIENTED_EDGE ( 'NONE', *, *, #1237, .F. ) ;
#540 = CARTESIAN_POINT ( 'NONE',  ( 80.06780597534617527, 9.905129077450064656, 0.000000000000000000 ) ) ;
#541 = AXIS2_PLACEMENT_3D ( 'NONE', #1954, #801, #634 ) ;
#542 = DIRECTION ( 'NONE',  ( 1.000000000000000000, 0.000000000000000000, 0.000000000000000000 ) ) ;
#543 = CARTESIAN_POINT ( 'NONE',  ( 19.64212491634402369, 9.656662923518544162, 100.0000000000000000 ) ) ;
#544 = CARTESIAN_POINT ( 'NONE',  ( 29.34571254072027102, 9.324934914851311873, 100.0000000000000142 ) ) ;
#545 = UNCERTAINTY_MEASURE_WITH_UNIT (LENGTH_MEASURE( 1.000000000000000082E-05 ), #1447, 'distance_accuracy_value', 'NONE');
#546 = VERTEX_POINT ( 'NONE', #458 ) ;
#547 = CARTESIAN_POINT ( 'NONE',  ( 11.53589838486224473, 8.000000000000001776, 0.000000000000000000 ) ) ;
#548 = B_SPLINE_CURVE_WITH_KNOTS ( 'NONE', 3,
 ( #70, #1742, #1391, #1936, #1081, #420, #1569, #1764, #1754, #429, #243, #761, #89, #252, #1071, #1419, #928, #1431, #1585, #730, #79, #1101 ),
 .UNSPECIFIED., .F., .F.,
 ( 4, 1, 1, 1, 1, 1, 2, 2, 1, 1, 1, 1, 1, 2, 2, 4 ),
 ( 0.000000000000000000, 0.2500000000002479683, 0.3750000000003710365, 0.4375000000004285461, 0.4687500000004625744, 0.4843750000004741763, 0.4921875000004735656, 0.5000000000004729550, 0.6250000000004500844, 0.6875000000004446443, 0.7187500000004362066, 0.7343750000004328760, 0.7421875000004303224, 0.7460937500004291012, 0.7500000000004277689, 1.000000000000000000 ),
 .UNSPECIFIED. ) ;
#549 = ORIENTED_EDGE ( 'NONE', *, *, #440, .T. ) ;
#550 = EDGE_CURVE ( 'NONE', #1020, #1805, #1780, .T. ) ;
#551 = CARTESIAN_POINT ( 'NONE',  ( 0.4363556250337776166, 9.653474940846558994, -0.000000000000000000 ) ) ;
#552 = CARTESIAN_POINT ( 'NONE',  ( 49.04243708022501380, 8.916694572736417967, -0.000000000000000000 ) ) ;
#553 = CARTESIAN_POINT ( 'NONE',  ( 39.51523589229864086, 9.522133579774058276, -0.000000000000000000 ) ) ;
#554 = ORIENTED_EDGE ( 'NONE', *, *, #656, .F. ) ;
#555 = ORIENTED_EDGE ( 'NONE', *, *, #668, .F. ) ;
#556 = CARTESIAN_POINT ( 'NONE',  ( 20.38119784648298349, 10.00000000000000533, 68.33333333333334281 ) ) ;
#557 = CARTESIAN_POINT ( 'NONE',  ( 69.13133170429449592, 9.041098969644668415, -0.000000000000000000 ) ) ;
#558 = CARTESIAN_POINT ( 'NONE',  ( 106.0000000000000284, 14.00000000000000000, 100.0000000000000000 ) ) ;
#559 = EDGE_CURVE ( 'NONE', #1242, #590, #1025, .T. ) ;
#560 = CARTESIAN_POINT ( 'NONE',  ( 9.674547304224043742, 9.689094678226638280, 100.0000000000000142 ) ) ;
#561 = LINE ( 'NONE', #1572, #1045 ) ;
#562 = CARTESIAN_POINT ( 'NONE',  ( 89.61880215351699519, 10.00000000000000178, -5.000000000000001776 ) ) ;
#563 = ORIENTED_EDGE ( 'NONE', *, *, #1126, .T. ) ;
#564 = ORIENTED_EDGE ( 'NONE', *, *, #1896, .F. ) ;
#565 = CARTESIAN_POINT ( 'NONE',  ( 21.53589838486223229, 8.000000000000000000, 31.66666666666667496 ) ) ;
#566 = CARTESIAN_POINT ( 'NONE',  ( 30.19615242270663558, 10.00000000000000000, 105.0000000000000000 ) ) ;
#567 = ORIENTED_EDGE ( 'NONE', *, *, #1960, .T. ) ;
#568 = CARTESIAN_POINT ( 'NONE',  ( 39.99999999999822364, 9.941275564351704119, 66.66666666666667140 ) ) ;
#569 = CARTESIAN_POINT ( 'NONE',  ( 79.13385821912599738, 9.044580737700320228, 0.000000000000000000 ) ) ;
#570 = CARTESIAN_POINT ( 'NONE',  ( 49.11428598038691717, 9.017545163095640248, -0.000000000000000000 ) ) ;
#571 = B_SPLINE_CURVE_WITH_KNOTS ( 'NONE', 3,
 ( #1353, #2018, #497, #160 ),
 .UNSPECIFIED., .F., .F.,
 ( 4, 4 ),
 ( 0.000000000000000000, 1.000000000000000000 ),
 .UNSPECIFIED. ) ;
#572 = AXIS2_PLACEMENT_3D ( 'NONE', #198, #2048, #542 ) ;
#573 = CARTESIAN_POINT ( 'NONE',  ( 39.80701961195793359, 9.815566611897882154, 100.0000000000000142 ) ) ;
#574 = EDGE_CURVE ( 'NONE', #1922, #1086, #1253, .T. ) ;
#575 = DIRECTION ( 'NONE',  ( 1.000000000000000000, 0.000000000000000000, 0.000000000000000000 ) ) ;
#576 = ORIENTED_EDGE ( 'NONE', *, *, #550, .T. ) ;
#577 = CARTESIAN_POINT ( 'NONE',  ( 40.38119784648299060, 10.00000000000000533, -5.000000000000002665 ) ) ;
#578 = CARTESIAN_POINT ( 'NONE',  ( 29.61880215351700585, 10.00000000000000533, 68.33333333333334281 ) ) ;
#579 = CARTESIAN_POINT ( 'NONE',  ( 69.11428598038696691, 9.017545163095654459, -0.000000000000000000 ) ) ;
#580 = CARTESIAN_POINT ( 'NONE',  ( 60.53390854985192249, 9.467921750184411067, 0.000000000000000000 ) ) ;
#581 = CARTESIAN_POINT ( 'NONE',  ( 71.53589838486220742, 7.999999999999998224, 105.0000000000000000 ) ) ;
#582 = CARTESIAN_POINT ( 'NONE',  ( 39.19125353305214787, 9.122686809000137842, 100.0000000000000000 ) ) ;
#583 = CARTESIAN_POINT ( 'NONE',  ( 49.62908545221124257, 9.643504670469024376, 100.0000000000000284 ) ) ;
#584 = CARTESIAN_POINT ( 'NONE',  ( 20.42155132945054419, 9.591449271901398177, 100.0000000000000284 ) ) ;
#585 = CARTESIAN_POINT ( 'NONE',  ( 70.36961805671731440, 9.644817842082245463, 100.0000000000000000 ) ) ;
#586 = ORIENTED_EDGE ( 'NONE', *, *, #218, .F. ) ;
#587 = EDGE_CURVE ( 'NONE', #415, #706, #296, .T. ) ;
#588 = APPLICATION_CONTEXT ( 'automotive_design' ) ;
#589 = CARTESIAN_POINT ( 'NONE',  ( 40.38119784648299060, 10.00000000000000533, 31.66666666666668206 ) ) ;
#590 = VERTEX_POINT ( 'NONE', #1967 ) ;
#591 = CARTESIAN_POINT ( 'NONE',  ( 69.52594940020337333, 9.534016541882028406, 0.000000000000000000 ) ) ;
#592 = CARTESIAN_POINT ( 'NONE',  ( 60.84510905279055493, 9.073403649121338788, -0.000000000000000000 ) ) ;
#593 = CARTESIAN_POINT ( 'NONE',  ( 70.38119784648296218, 10.00000000000000178, 105.0000000000000000 ) ) ;
#594 = CARTESIAN_POINT ( 'NONE',  ( 59.80701961195782701, 9.815566611898677962, 100.0000000000000000 ) ) ;
#595 = B_SPLINE_CURVE_WITH_KNOTS ( 'NONE', 3,
 ( #1205, #371, #1371, #358, #1048, #877, #1552, #40, #16, #1359, #2024, #1037, #1699, #195, #340, #1493, #1644, #163 ),
 .UNSPECIFIED., .F., .F.,
 ( 4, 1, 1, 2, 2, 1, 1, 1, 2, 2, 1, 4 ),
 ( 0.1014845771145813924, 0.2137990049753519806, 0.2418776119405486591, 0.2488972636818501949, 0.2559169154231517584, 0.2699562189057422845, 0.3261134328360644763, 0.4384278606967199066, 0.4945850746270431531, 0.5226636815922055535, 0.5507422885573678428, 1.000000000000000000 ),
 .UNSPECIFIED. ) ;
#596 = CARTESIAN_POINT ( 'NONE',  ( 51.53589838486222874, 8.000000000000000000, 0.000000000000000000 ) ) ;
#597 = CARTESIAN_POINT ( 'NONE',  ( 40.36961805671443670, 9.644817842085108950, 100.0000000000000000 ) ) ;
#598 = CARTESIAN_POINT ( 'NONE',  ( 0.5850156192039668301, 9.470658090167075827, 100.0000000000000284 ) ) ;
#599 = DIRECTION ( 'NONE',  ( -0.000000000000000000, -0.000000000000000000, 1.000000000000000000 ) ) ;
#600 = ADVANCED_FACE ( 'NONE', ( #1672 ), #628, .F. ) ;
#601 = VERTEX_POINT ( 'NONE', #853 ) ;
#602 = CARTESIAN_POINT ( 'NONE',  ( 50.85877323421875218, 9.054706392435482698, 0.000000000000000000 ) ) ;
#603 = CARTESIAN_POINT ( 'NONE',  ( 60.85877323421875218, 9.054706392435482698, 0.000000000000000000 ) ) ;
#604 = CARTESIAN_POINT ( 'NONE',  ( 70.38119784648296218, 10.00000000000000178, 68.33333333333332860 ) ) ;
#605 = CARTESIAN_POINT ( 'NONE',  ( 38.92673005737395187, 8.761342293928660041, 99.99999999999997158 ) ) ;
#606 = DIRECTION ( 'NONE',  ( 1.000000000000000000, 0.000000000000000000, 0.000000000000000000 ) ) ;
#607 = CIRCLE ( 'NONE', #153, 4.000000000000007105 ) ;
#608 = AXIS2_PLACEMENT_3D ( 'NONE', #85, #105, #412 ) ;
#609 = CARTESIAN_POINT ( 'NONE',  ( 40.37178694261613998, 9.642602921780168757, 100.0000000000000142 ) ) ;
#610 =( BOUNDED_SURFACE ( )  B_SPLINE_SURFACE ( 2, 3, ( 
 ( #175, #465, #1341, #2006 ),
 ( #833, #1667, #1984, #2149 ),
 ( #1694, #2173, #2020, #679 ),
 ( #994, #499, #1847, #1018 ),
 ( #475, #1681, #190, #847 ) ),
 .UNSPECIFIED., .F., .F., .F. ) 
 B_SPLINE_SURFACE_WITH_KNOTS ( ( 3, 2, 3 ),
 ( 4, 4 ),
 ( -0.01000000000000000021, 0.000000000000000000, 1.000000000000000000 ),
 ( -0.005000000000000000971, 0.1050000000000000100 ),
 .UNSPECIFIED. ) 
 GEOMETRIC_REPRESENTATION_ITEM ( )  RATIONAL_B_SPLINE_SURFACE ( (
 ( 1.000000000000000000, 1.000000000000000000, 1.000000000000000000, 1.000000000000000000),
 ( 1.000000000000000000, 1.000000000000000000, 1.000000000000000000, 1.000000000000000000),
 ( 1.000000000000000000, 1.000000000000000000, 1.000000000000000000, 1.000000000000000000),
 ( 0.8819171036881832126, 0.8819171036881832126, 0.8819171036881821024, 0.8819171036881821024),
 ( 1.000000000000000000, 1.000000000000000000, 1.000000000000000000, 1.000000000000000000) ) ) 
 REPRESENTATION_ITEM ( '' )  SURFACE ( )  );
#611 = CARTESIAN_POINT ( 'NONE',  ( 0.5328492089397692810, 9.536641200406753782, 100.0000000000000000 ) ) ;
#612 = CARTESIAN_POINT ( 'NONE',  ( 80.82024333427352758, 9.107179157362295996, 100.0000000000000000 ) ) ;
#613 = ORIENTED_EDGE ( 'NONE', *, *, #883, .T. ) ;
#614 = CARTESIAN_POINT ( 'NONE',  ( 71.53589838486222163, 8.000000000000003553, 33.33333333333335702 ) ) ;
#615 = CARTESIAN_POINT ( 'NONE',  ( 58.46410161513773573, 8.000000000000007105, 0.000000000000000000 ) ) ;
#616 = ADVANCED_FACE ( 'NONE', ( #3 ), #671, .F. ) ;
#617 = CARTESIAN_POINT ( 'NONE',  ( -1.645421169303975679E-13, 9.999999999997337241, 66.66666666666672825 ) ) ;
#618 = DIRECTION ( 'NONE',  ( 0.000000000000000000, 0.000000000000000000, 1.000000000000000000 ) ) ;
#619 = CARTESIAN_POINT ( 'NONE',  ( 41.53589838486223584, 8.000000000000000000, 100.0000000000000000 ) ) ;
#620 = B_SPLINE_CURVE_WITH_KNOTS ( 'NONE', 3,
 ( #653, #1693, #2019, #1707, #512, #2031, #692, #189, #1005, #860, #1537, #24, #1367, #1326, #1870, #873, #473, #1152 ),
 .UNSPECIFIED., .F., .F.,
 ( 4, 1, 2, 2, 1, 1, 1, 2, 2, 1, 1, 4 ),
 ( 0.000000000000000000, 0.4491442620715674350, 0.4772157784510416279, 0.5052872948305157097, 0.5614303275894619860, 0.6737163931073558709, 0.7298594258663028134, 0.7438951840560402706, 0.7509130631509089993, 0.7579309422457777279, 0.7860024586252516432, 0.8982885241431488588 ),
 .UNSPECIFIED. ) ;
#621 = CARTESIAN_POINT ( 'NONE',  ( 81.30804228492388575, 8.394658341907698329, 100.0000000000000000 ) ) ;
#622 =( BOUNDED_SURFACE ( )  B_SPLINE_SURFACE ( 2, 3, ( 
 ( #1723, #891, #33, #1580 ),
 ( #1744, #531, #1701, #1207 ),
 ( #722, #1411, #1563, #700 ) ),
 .UNSPECIFIED., .F., .F., .F. ) 
 B_SPLINE_SURFACE_WITH_KNOTS ( ( 3, 3 ),
 ( 4, 4 ),
 ( 0.000000000000000000, 1.000000000000000000 ),
 ( -0.005000000000000000971, 0.1050000000000000100 ),
 .UNSPECIFIED. ) 
 GEOMETRIC_REPRESENTATION_ITEM ( )  RATIONAL_B_SPLINE_SURFACE ( (
 ( 1.000000000000000000, 1.000000000000000000, 1.000000000000000000, 1.000000000000000000),
 ( 0.8660254037844385966, 0.8660254037844385966, 0.8660254037844385966, 0.8660254037844385966),
 ( 1.000000000000000000, 1.000000000000000000, 1.000000000000000000, 1.000000000000000000) ) ) 
 REPRESENTATION_ITEM ( '' )  SURFACE ( )  );
#623 = ORIENTED_EDGE ( 'NONE', *, *, #559, .F. ) ;
#624 = B_SPLINE_CURVE_WITH_KNOTS ( 'NONE', 3,
 ( #798, #1459, #1470, #631, #1300, #1969, #460, #1137, #1810, #855, #1674, #1842, #1026, #144, #1159, #639, #1478, #169, #1831, #1488, #1012, #1820 ),
 .UNSPECIFIED., .F., .F.,
 ( 4, 1, 1, 1, 1, 1, 1, 2, 2, 1, 1, 1, 1, 2, 2, 4 ),
 ( 0.000000000000000000, 0.1250000000002449430, 0.1875000000003738121, 0.2187500000004388157, 0.2343750000004707623, 0.2421875000004872491, 0.2460937500004988787, 0.2480468750005018763, 0.2500000000005048739, 0.3750000000003181344, 0.4375000000002256528, 0.4687500000001837974, 0.4843750000001620926, 0.4921875000001553202, 0.5000000000001485478, 1.000000000000000000 ),
 .UNSPECIFIED. ) ;
#625 = B_SPLINE_CURVE_WITH_KNOTS ( 'NONE', 3,
 ( #400, #1926, #1065, #1244, #2096, #1267, #579, #1408, #557, #409, #939, #1233, #1916, #2074, #1904, #1597, #1578, #1895, #591, #1730, #223, #748 ),
 .UNSPECIFIED., .F., .F.,
 ( 4, 1, 1, 1, 1, 1, 2, 2, 1, 1, 1, 1, 1, 2, 2, 4 ),
 ( 0.000000000000000000, 0.2499999999999357736, 0.3749999999999036326, 0.4374999999998884781, 0.4687499999998766542, 0.4843749999998697708, 0.4921874999998708256, 0.4999999999998718803, 0.6250000000000278666, 0.6875000000001005862, 0.7187500000001361133, 0.7343750000001478817, 0.7421875000001537659, 0.7460937500001566525, 0.7500000000001594280, 1.000000000000000000 ),
 .UNSPECIFIED. ) ;
#626 = CARTESIAN_POINT ( 'NONE',  ( 8.464101615137758827, 8.000000000000003553, 100.0000000000000000 ) ) ;
#627 = ORIENTED_EDGE ( 'NONE', *, *, #879, .T. ) ;
#628 = CYLINDRICAL_SURFACE ( 'NONE', #1418, 4.000000000000003553 ) ;
#629 = CARTESIAN_POINT ( 'NONE',  ( 90.38119784648294797, 10.00000000000000178, -5.000000000000001776 ) ) ;
#630 = EDGE_CURVE ( 'NONE', #546, #1848, #1243, .T. ) ;
#631 = CARTESIAN_POINT ( 'NONE',  ( 99.69396069418917250, 9.798610185513107140, 100.0000000000000000 ) ) ;
#632 = DIRECTION ( 'NONE',  ( 1.000000000000000000, 0.000000000000000000, 0.000000000000000000 ) ) ;
#633 = CARTESIAN_POINT ( 'NONE',  ( 0.8841694423741656150, 9.053706353033485144, 100.0000000000000142 ) ) ;
#634 = DIRECTION ( 'NONE',  ( 1.000000000000000000, 0.000000000000000000, 0.000000000000000000 ) ) ;
#635 = ORIENTED_EDGE ( 'NONE', *, *, #1949, .F. ) ;
#636 = CARTESIAN_POINT ( 'NONE',  ( 24.99999999999999289, 10.00000000000000178, 0.000000000000000000 ) ) ;
#637 = CARTESIAN_POINT ( 'NONE',  ( 90.43345604419734229, 9.578307932948158410, -0.000000000000000000 ) ) ;
#638 = CARTESIAN_POINT ( 'NONE',  ( 89.80384757729332534, 10.00000000000000000, 31.66666666666667496 ) ) ;
#639 = CARTESIAN_POINT ( 'NONE',  ( 99.16820740526617328, 9.130388873400928418, 99.99999999999998579 ) ) ;
#640 = CARTESIAN_POINT ( 'NONE',  ( 8.464101615137755275, 8.000000000000000000, 0.000000000000000000 ) ) ;
#641 = VECTOR ( 'NONE', #959, 1000.000000000000000 ) ;
#642 = CARTESIAN_POINT ( 'NONE',  ( 29.51523589229863376, 9.522133579774051171, -0.000000000000000000 ) ) ;
#643 = EDGE_CURVE ( 'NONE', #1962, #342, #685, .T. ) ;
#644 = CIRCLE ( 'NONE', #197, 4.000000000000003553 ) ;
#645 = CARTESIAN_POINT ( 'NONE',  ( 80.08071695929017153, 9.899085952947356049, 100.0000000000000000 ) ) ;
#646 = DIRECTION ( 'NONE',  ( 0.000000000000000000, -1.000000000000000000, 0.000000000000000000 ) ) ;
#647 = VERTEX_POINT ( 'NONE', #1864 ) ;
#648 = FACE_OUTER_BOUND ( 'NONE', #1007, .T. ) ;
#649 = CARTESIAN_POINT ( 'NONE',  ( 90.80269880976759111, 9.130859443940590126, -0.000000000000000000 ) ) ;
#650 = FACE_OUTER_BOUND ( 'NONE', #1428, .T. ) ;
#651 = CARTESIAN_POINT ( 'NONE',  ( 21.53589838486223229, 8.000000000000000000, 0.000000000000000000 ) ) ;
#652 = FACE_OUTER_BOUND ( 'NONE', #1891, .T. ) ;
#653 = CARTESIAN_POINT ( 'NONE',  ( 31.53589838486223940, 7.999999999999996447, 100.0000000000000000 ) ) ;
#654 = FACE_OUTER_BOUND ( 'NONE', #1216, .T. ) ;
#655 = VERTEX_POINT ( 'NONE', #517 ) ;
#656 = EDGE_CURVE ( 'NONE', #1304, #647, #1076, .T. ) ;
#657 = CARTESIAN_POINT ( 'NONE',  ( 99.13210811432966807, 9.077670151906758633, -0.000000000000000000 ) ) ;
#658 = CARTESIAN_POINT ( 'NONE',  ( 80.19615242270663202, 10.00000000000000000, 105.0000000000000000 ) ) ;
#659 = CARTESIAN_POINT ( 'NONE',  ( 90.39512837032000903, 9.619039585386616409, -0.000000000000000000 ) ) ;
#660 = CARTESIAN_POINT ( 'NONE',  ( 70.19615242270663202, 10.00000000000000000, 31.66666666666667496 ) ) ;
#661 = CARTESIAN_POINT ( 'NONE',  ( 94.99999999999997158, 10.00000000000000178, 0.000000000000000000 ) ) ;
#662 = CARTESIAN_POINT ( 'NONE',  ( 40.06780597534613264, 9.905129077450105513, 0.000000000000000000 ) ) ;
#663 = CARTESIAN_POINT ( 'NONE',  ( 20.19615242270662137, 10.00000000000000000, 31.66666666666667496 ) ) ;
#664 = CARTESIAN_POINT ( 'NONE',  ( 11.53589838486224650, 8.000000000000001776, 68.33333333333332860 ) ) ;
#665 = CARTESIAN_POINT ( 'NONE',  ( 60.38119784648299060, 10.00000000000000533, 68.33333333333334281 ) ) ;
#666 = CARTESIAN_POINT ( 'NONE',  ( 1.533333333334352844, 8.004449393718704897, 68.33333333333332860 ) ) ;
#667 = ORIENTED_EDGE ( 'NONE', *, *, #1576, .F. ) ;
#668 = EDGE_CURVE ( 'NONE', #366, #164, #595, .T. ) ;
#669 = CARTESIAN_POINT ( 'NONE',  ( 50.75670315645952968, 9.191966144854349707, 99.99999999999998579 ) ) ;
#670 = CARTESIAN_POINT ( 'NONE',  ( 10.65409545730036456, 9.325205900103949119, 99.99999999999998579 ) ) ;
#671 = CYLINDRICAL_SURFACE ( 'NONE', #1279, 3.999999999999996447 ) ;
#672 = CARTESIAN_POINT ( 'NONE',  ( 18.46410161513774639, 8.000000000000005329, 100.0000000000000000 ) ) ;
#673 = CARTESIAN_POINT ( 'NONE',  ( 60.80874150500969932, 9.122691376594881163, 99.99999999999998579 ) ) ;
#674 = CARTESIAN_POINT ( 'NONE',  ( 31.53589838486223940, 8.000000000000000000, 0.000000000000000000 ) ) ;
#675 = CARTESIAN_POINT ( 'NONE',  ( 30.00008457952332108, 9.941434512409204061, 99.99999999999994316 ) ) ;
#676 = CARTESIAN_POINT ( 'NONE',  ( 18.46410161513774639, 8.000000000000001776, 68.33333333333332860 ) ) ;
#677 = CARTESIAN_POINT ( 'NONE',  ( 29.70759351179028229, 9.734412285254752106, -0.000000000000000000 ) ) ;
#678 = DIRECTION ( 'NONE',  ( -1.000000000000000000, 0.000000000000000000, 1.309225264888156130E-16 ) ) ;
#679 = CARTESIAN_POINT ( 'NONE',  ( 100.0000000000001990, 9.999999999997337241, 105.0000000000000000 ) ) ;
#680 = ORIENTED_EDGE ( 'NONE', *, *, #368, .F. ) ;
#681 = ORIENTED_EDGE ( 'NONE', *, *, #81, .T. ) ;
#682 = VECTOR ( 'NONE', #923, 1000.000000000000000 ) ;
#683 = CARTESIAN_POINT ( 'NONE',  ( 99.51625648257893886, 9.596984937600860022, -0.000000000000000000 ) ) ;
#684 = CARTESIAN_POINT ( 'NONE',  ( 10.42155132945093143, 9.591449271900790663, 99.99999999999997158 ) ) ;
#685 = LINE ( 'NONE', #529, #464 ) ;
#686 = CARTESIAN_POINT ( 'NONE',  ( 20.06780597534613264, 9.905129077450089525, 0.000000000000000000 ) ) ;
#687 = EDGE_CURVE ( 'NONE', #1594, #304, #1835, .T. ) ;
#688 = CARTESIAN_POINT ( 'NONE',  ( 68.46410161513774995, 8.000000000000000000, 66.66666666666672825 ) ) ;
#689 = CARTESIAN_POINT ( 'NONE',  ( 39.11428598038693139, 9.017545163095640248, -0.000000000000000000 ) ) ;
#690 = CARTESIAN_POINT ( 'NONE',  ( 41.30456421820468194, 8.400682530177467910, -0.000000000000000000 ) ) ;
#691 = CARTESIAN_POINT ( 'NONE',  ( 59.99999999859917210, 9.941275563605902477, -2.904031318950802065E-17 ) ) ;
#692 = CARTESIAN_POINT ( 'NONE',  ( 30.75670315645698949, 9.191966144856944965, 100.0000000000000142 ) ) ;
#693 = PLANE ( 'NONE',  #1705 ) ;
#694 = ORIENTED_EDGE ( 'NONE', *, *, #1060, .F. ) ;
#695 = ORIENTED_EDGE ( 'NONE', *, *, #972, .F. ) ;
#696 = CARTESIAN_POINT ( 'NONE',  ( 99.51636784505431876, 9.597120640963304083, 0.000000000000000000 ) ) ;
#697 = CARTESIAN_POINT ( 'NONE',  ( 19.04243708022503156, 8.916694572736403757, -0.000000000000000000 ) ) ;
#698 = CARTESIAN_POINT ( 'NONE',  ( 19.99999999999823075, 9.941275564351705896, 33.33333333333334281 ) ) ;
#699 = CARTESIAN_POINT ( 'NONE',  ( 59.61880215351697387, 10.00000000000000000, -5.000000000000000888 ) ) ;
#700 = CARTESIAN_POINT ( 'NONE',  ( 29.80384757729336087, 10.00000000000000000, 105.0000000000000000 ) ) ;
#701 = CARTESIAN_POINT ( 'NONE',  ( 20.00008457952352714, 9.941434512409593083, 99.99999999999997158 ) ) ;
#702 = ADVANCED_FACE ( 'NONE', ( #1163 ), #1146, .T. ) ;
#703 = CARTESIAN_POINT ( 'NONE',  ( 40.45284391281926872, 9.557297686976584217, -0.000000000000000000 ) ) ;
#704 = CARTESIAN_POINT ( 'NONE',  ( 91.53589838486222163, 8.000000000000001776, 66.66666666666672825 ) ) ;
#705 = CARTESIAN_POINT ( 'NONE',  ( 34.99999999999999289, 10.00000000000000178, 100.0000000000000000 ) ) ;
#706 = VERTEX_POINT ( 'NONE', #982 ) ;
#707 = CARTESIAN_POINT ( 'NONE',  ( 69.15313040831445335, 9.071074753941308799, 100.0000000000000000 ) ) ;
#708 = CARTESIAN_POINT ( 'NONE',  ( 78.46410161513774995, 7.999999999999998224, 31.66666666666667496 ) ) ;
#709 = CARTESIAN_POINT ( 'NONE',  ( 60.19615242270661071, 10.00000000000000000, -5.000000000000000888 ) ) ;
#710 = CARTESIAN_POINT ( 'NONE',  ( 9.153130408314762434, 9.071074753941799074, 100.0000000000000284 ) ) ;
#711 = CARTESIAN_POINT ( 'NONE',  ( 31.07999028105091099, 8.750692280930259415, -0.000000000000000000 ) ) ;
#712 = CARTESIAN_POINT ( 'NONE',  ( 29.61537401907438749, 9.629507715569650017, 100.0000000000000000 ) ) ;
#713 = DIRECTION ( 'NONE',  ( 0.000000000000000000, -1.000000000000000000, -0.000000000000000000 ) ) ;
#714 = EDGE_CURVE ( 'NONE', #2033, #446, #607, .T. ) ;
#715 = ORIENTED_EDGE ( 'NONE', *, *, #1346, .F. ) ;
#716 = ADVANCED_FACE ( 'NONE', ( #1973 ), #610, .T. ) ;
#717 = CARTESIAN_POINT ( 'NONE',  ( 50.32434393236665926, 9.690195184180151244, 100.0000000000000142 ) ) ;
#718 =( NAMED_UNIT ( * ) PLANE_ANGLE_UNIT ( ) SI_UNIT ( $, .RADIAN. ) );
#719 = ORIENTED_EDGE ( 'NONE', *, *, #1169, .T. ) ;
#720 = CIRCLE ( 'NONE', #2012, 4.000000000000003553 ) ;
#721 = CARTESIAN_POINT ( 'NONE',  ( 0.3060784141938953096, 9.798607572474340444, -0.000000000000000000 ) ) ;
#722 = CARTESIAN_POINT ( 'NONE',  ( 29.80384757729336087, 10.00000000000000000, -5.000000000000000888 ) ) ;
#723 = CARTESIAN_POINT ( 'NONE',  ( 39.13133170429444618, 9.041098969644659533, -0.000000000000000000 ) ) ;
#724 = ORIENTED_EDGE ( 'NONE', *, *, #1118, .F. ) ;
#725 = ORIENTED_EDGE ( 'NONE', *, *, #1237, .T. ) ;
#726 = CARTESIAN_POINT ( 'NONE',  ( 10.39512837032004633, 9.619039585386612856, -0.000000000000000000 ) ) ;
#727 = EDGE_CURVE ( 'NONE', #328, #39, #182, .T. ) ;
#728 = B_SPLINE_CURVE_WITH_KNOTS ( 'NONE', 3,
 ( #1116, #2135, #1785, #1649 ),
 .UNSPECIFIED., .F., .F.,
 ( 4, 4 ),
 ( 0.000000000000000000, 1.000000000000000000 ),
 .UNSPECIFIED. ) ;
#729 = ORIENTED_EDGE ( 'NONE', *, *, #1602, .F. ) ;
#730 = CARTESIAN_POINT ( 'NONE',  ( 89.70759351179023611, 9.734412285254737895, -0.000000000000000000 ) ) ;
#731 = CARTESIAN_POINT ( 'NONE',  ( 90.42155132945646301, 9.591449271894720852, 100.0000000000000000 ) ) ;
#732 = CARTESIAN_POINT ( 'NONE',  ( 38.46410161513774284, 7.999999999999998224, 66.66666666666672825 ) ) ;
#733 = CARTESIAN_POINT ( 'NONE',  ( 38.46410161513774284, 8.000000000000000000, 100.0000000000000000 ) ) ;
#734 = B_SPLINE_CURVE_WITH_KNOTS ( 'NONE', 3,
 ( #1609, #662, #1336, #1546, #1843, #1663, #703, #22, #1880, #1210, #2002, #871, #186, #1171, #2016, #857, #1532, #158, #1868, #690, #1855 ),
 .UNSPECIFIED., .F., .F.,
 ( 4, 1, 1, 1, 1, 1, 2, 2, 1, 1, 1, 1, 2, 2, 4 ),
 ( 0.000000000000000000, 0.1249999999999399369, 0.1874999999999124034, 0.2187499999998986366, 0.2343749999998893663, 0.2421874999998847311, 0.2460937499998830380, 0.2499999999998813172, 0.3749999999999235056, 0.4374999999999445999, 0.4687499999999550915, 0.4843749999999603650, 0.4921874999999622524, 0.4999999999999641398, 1.000000000000000000 ),
 .UNSPECIFIED. ) ;
#735 = ORIENTED_EDGE ( 'NONE', *, *, #630, .T. ) ;
#736 = ORIENTED_EDGE ( 'NONE', *, *, #1331, .F. ) ;
#737 = CARTESIAN_POINT ( 'NONE',  ( 21.53589838486223229, 8.000000000000000000, 68.33333333333332860 ) ) ;
#738 = APPLICATION_PROTOCOL_DEFINITION ( 'draft international standard', 'automotive_design', 1998, #588 ) ;
#739 = ORIENTED_EDGE ( 'NONE', *, *, #819, .F. ) ;
#740 = CARTESIAN_POINT ( 'NONE',  ( 21.07999028105090389, 8.750692280930257638, -0.000000000000000000 ) ) ;
#741 = CARTESIAN_POINT ( 'NONE',  ( 90.36961805671191428, 9.644817842087553217, 100.0000000000000000 ) ) ;
#742 = CARTESIAN_POINT ( 'NONE',  ( 8.926730057383352346, 8.761342293944831994, 100.0000000000000000 ) ) ;
#743 = CARTESIAN_POINT ( 'NONE',  ( 60.00008457952374386, 9.941434512410019408, 100.0000000000000000 ) ) ;
#744 = ORIENTED_EDGE ( 'NONE', *, *, #766, .T. ) ;
#745 = ORIENTED_EDGE ( 'NONE', *, *, #2043, .F. ) ;
#746 = CARTESIAN_POINT ( 'NONE',  ( 1.533333333334389259, 8.004449393718727990, 33.33333333333335702 ) ) ;
#747 = ORIENTED_EDGE ( 'NONE', *, *, #2091, .T. ) ;
#748 = CARTESIAN_POINT ( 'NONE',  ( 69.99999999859919342, 9.941275563605895371, -2.761469781475041233E-15 ) ) ;
#749 = CARTESIAN_POINT ( 'NONE',  ( 60.45284391281926872, 9.557297686976596651, -0.000000000000000000 ) ) ;
#750 = CARTESIAN_POINT ( 'NONE',  ( 59.86467886965768770, 9.869137622017222000, -0.000000000000000000 ) ) ;
#751 = PRESENTATION_LAYER_ASSIGNMENT (  '', '', ( #1138 ) ) ;
#752 = DIRECTION ( 'NONE',  ( 1.000000000000000000, 0.000000000000000000, 0.000000000000000000 ) ) ;
#753 = EDGE_CURVE ( 'NONE', #27, #655, #404, .T. ) ;
#754 = B_SPLINE_CURVE_WITH_KNOTS ( 'NONE', 3,
 ( #403, #2068, #573, #237, #1423, #411, #2089, #268, #1236, #1084, #1588, #256, #582, #1757, #1282, #605, #933, #733 ),
 .UNSPECIFIED., .F., .F.,
 ( 4, 1, 1, 2, 2, 1, 1, 1, 2, 2, 1, 4 ),
 ( 0.1014845771170399952, 0.2137990049773678125, 0.2418776119424491666, 0.2488972636837195052, 0.2559169154249898992, 0.2699562189075368490, 0.3261134328377308100, 0.4384278606981134030, 0.4945850746283031452, 0.5226636815933979330, 0.5507422885584928318, 1.000000000000000000 ),
 .UNSPECIFIED. ) ;
#755 = CARTESIAN_POINT ( 'NONE',  ( 21.07345529927960825, 8.761013636532249294, 99.99999999999998579 ) ) ;
#756 =( BOUNDED_CURVE ( )  B_SPLINE_CURVE ( 3, ( #513, #1187, #1994, #485 ),
 .UNSPECIFIED., .F., .F. ) 
 B_SPLINE_CURVE_WITH_KNOTS ( ( 4, 4 ),
 ( 0.000000000000000000, 1.000000000000000000 ),
 .UNSPECIFIED. ) 
 CURVE ( )  GEOMETRIC_REPRESENTATION_ITEM ( )  RATIONAL_B_SPLINE_CURVE ( ( 0.9625270596227655240, 0.9625270596227654130, 0.9625270596227653019, 0.9625270596227651909 ) ) 
 REPRESENTATION_ITEM ( '' )  );
#757 = CARTESIAN_POINT ( 'NONE',  ( 49.19125353305177129, 9.122686808999757702, 99.99999999999998579 ) ) ;
#758 = ORIENTED_EDGE ( 'NONE', *, *, #1748, .T. ) ;
#759 = CARTESIAN_POINT ( 'NONE',  ( 10.80269880976768349, 9.130859443940574138, -0.000000000000000000 ) ) ;
#760 = ORIENTED_EDGE ( 'NONE', *, *, #1934, .F. ) ;
#761 = CARTESIAN_POINT ( 'NONE',  ( 89.30694347299350966, 9.276154032216176404, -0.000000000000000000 ) ) ;
#762 = CARTESIAN_POINT ( 'NONE',  ( 60.46120100616087001, 9.548155205898989806, -0.000000000000000000 ) ) ;
#763 = CARTESIAN_POINT ( 'NONE',  ( 59.13385821912596185, 9.044580737700325557, 0.000000000000000000 ) ) ;
#764 = CARTESIAN_POINT ( 'NONE',  ( 51.53589838486222874, 8.000000000000000000, 31.66666666666667496 ) ) ;
#765 = CARTESIAN_POINT ( 'NONE',  ( 88.46410161513773573, 8.000000000000001776, 100.0000000000000000 ) ) ;
#766 = EDGE_CURVE ( 'NONE', #264, #1901, #756, .T. ) ;
#767 = CARTESIAN_POINT ( 'NONE',  ( 40.42155132945051577, 9.591449271901538509, 100.0000000000000000 ) ) ;
#768 =( BOUNDED_SURFACE ( )  B_SPLINE_SURFACE ( 2, 3, ( 
 ( #709, #530, #1687, #2047 ),
 ( #699, #1372, #1360, #1206 ),
 ( #1876, #346, #1050, #2037 ) ),
 .UNSPECIFIED., .F., .F., .F. ) 
 B_SPLINE_SURFACE_WITH_KNOTS ( ( 3, 3 ),
 ( 4, 4 ),
 ( 0.000000000000000000, 1.000000000000000000 ),
 ( -0.005000000000000000971, 0.1050000000000000100 ),
 .UNSPECIFIED. ) 
 GEOMETRIC_REPRESENTATION_ITEM ( )  RATIONAL_B_SPLINE_SURFACE ( (
 ( 1.000000000000000000, 1.000000000000000000, 1.000000000000000000, 1.000000000000000000),
 ( 0.8660254037844387076, 0.8660254037844387076, 0.8660254037844387076, 0.8660254037844387076),
 ( 1.000000000000000000, 1.000000000000000000, 1.000000000000000000, 1.000000000000000000) ) ) 
 REPRESENTATION_ITEM ( '' )  SURFACE ( )  );
#769 = ORIENTED_EDGE ( 'NONE', *, *, #1199, .T. ) ;
#770 = CARTESIAN_POINT ( 'NONE',  ( 80.52316118353205354, 9.481619782016499798, 100.0000000000000142 ) ) ;
#771 = VERTEX_POINT ( 'NONE', #25 ) ;
#772 = DIRECTION ( 'NONE',  ( 1.000000000000000000, 0.000000000000000000, 0.000000000000000000 ) ) ;
#773 = CARTESIAN_POINT ( 'NONE',  ( 61.07999028105091099, 8.750692280930215006, -0.000000000000000000 ) ) ;
#774 = CARTESIAN_POINT ( 'NONE',  ( 58.75087618632778685, 8.482082435299307832, -0.000000000000000000 ) ) ;
#775 = CARTESIAN_POINT ( 'NONE',  ( 58.92673005737631797, 8.761342293932733227, 100.0000000000000000 ) ) ;
#776 = DIRECTION ( 'NONE',  ( 0.000000000000000000, 0.000000000000000000, 1.000000000000000000 ) ) ;
#777 = CYLINDRICAL_SURFACE ( 'NONE', #608, 3.999999999999996447 ) ;
#778 = CARTESIAN_POINT ( 'NONE',  ( 0.4837467684974901538, 9.596980487737202026, 100.0000000000000000 ) ) ;
#779 = CARTESIAN_POINT ( 'NONE',  ( 100.0000000000000000, 0.000000000000000000, -1.309225264888156170E-14 ) ) ;
#780 = ORIENTED_EDGE ( 'NONE', *, *, #255, .T. ) ;
#781 = ADVANCED_FACE ( 'NONE', ( #654 ), #693, .T. ) ;
#782 = CARTESIAN_POINT ( 'NONE',  ( 8.464101615137755275, 8.000000000000000000, 66.66666666666672825 ) ) ;
#783 = CARTESIAN_POINT ( 'NONE',  ( 59.13133170429443908, 9.041098969644650651, -0.000000000000000000 ) ) ;
#784 = CARTESIAN_POINT ( 'NONE',  ( 70.06780597534610422, 9.905129077450093078, 0.000000000000000000 ) ) ;
#785 = CARTESIAN_POINT ( 'NONE',  ( 20.36961805671408143, 9.644817842085450010, 100.0000000000000000 ) ) ;
#786 =( GEOMETRIC_REPRESENTATION_CONTEXT ( 3 ) GLOBAL_UNCERTAINTY_ASSIGNED_CONTEXT ( ( #545 ) ) GLOBAL_UNIT_ASSIGNED_CONTEXT ( ( #1447, #1786, #1292 ) ) REPRESENTATION_CONTEXT ( 'NONE', 'WORKASPACE' ) );
#787 = AXIS2_PLACEMENT_3D ( 'NONE', #1156, #1047, #1496 ) ;
#788 = PLANE ( 'NONE',  #1807 ) ;
#789 = CARTESIAN_POINT ( 'NONE',  ( 1.224646799147352586E-14, 10.00000000000000000, 100.0000000000000000 ) ) ;
#790 = FACE_OUTER_BOUND ( 'NONE', #68, .T. ) ;
#791 = ORIENTED_EDGE ( 'NONE', *, *, #1986, .F. ) ;
#792 = EDGE_CURVE ( 'NONE', #1901, #2073, #1362, .T. ) ;
#793 = CARTESIAN_POINT ( 'NONE',  ( 5.000000000000000000, 10.00000000000000178, 0.000000000000000000 ) ) ;
#794 = CARTESIAN_POINT ( 'NONE',  ( 9.419356213349885820, 9.412357444604928958, -0.000000000000000000 ) ) ;
#795 = ORIENTED_EDGE ( 'NONE', *, *, #396, .T. ) ;
#796 = CARTESIAN_POINT ( 'NONE',  ( 9.618802153517009401, 10.00000000000000000, -5.000000000000000888 ) ) ;
#797 = CARTESIAN_POINT ( 'NONE',  ( 80.00008457952395702, 9.941434512410440405, 100.0000000000000000 ) ) ;
#798 = CARTESIAN_POINT ( 'NONE',  ( 100.0000000000000142, 10.00000000000000000, 100.0000000000000000 ) ) ;
#799 = CARTESIAN_POINT ( 'NONE',  ( 68.46410161513776416, 8.000000000000014211, 100.0000000000000000 ) ) ;
#800 = CARTESIAN_POINT ( 'NONE',  ( 1.413178753259552112, 8.213181698618122084, 100.0000000000000284 ) ) ;
#801 = DIRECTION ( 'NONE',  ( -0.000000000000000000, -0.000000000000000000, 1.000000000000000000 ) ) ;
#802 = ORIENTED_EDGE ( 'NONE', *, *, #1361, .F. ) ;
#803 = CARTESIAN_POINT ( 'NONE',  ( 50.32026527603223087, 9.695347532244788624, -0.000000000000000000 ) ) ;
#804 = CARTESIAN_POINT ( 'NONE',  ( 90.47045840421074558, 9.537980830263418142, 0.000000000000000000 ) ) ;
#805 = CARTESIAN_POINT ( 'NONE',  ( 89.80384757729332534, 10.00000000000000000, -5.000000000000000888 ) ) ;
#806 = EDGE_CURVE ( 'NONE', #1304, #1087, #1640, .T. ) ;
#807 = CARTESIAN_POINT ( 'NONE',  ( 94.99999999999997158, 10.00000000000000178, 0.000000000000000000 ) ) ;
#808 = CARTESIAN_POINT ( 'NONE',  ( 38.46410161513774284, 8.000000000000000000, 31.66666666666667496 ) ) ;
#809 = CARTESIAN_POINT ( 'NONE',  ( 28.75087618632780462, 8.482082435299306056, -0.000000000000000000 ) ) ;
#810 = PLANE ( 'NONE',  #1595 ) ;
#811 = CARTESIAN_POINT ( 'NONE',  ( 0.3999999999999658828, 9.973273875806318856, 68.33333333333332860 ) ) ;
#812 = ORIENTED_EDGE ( 'NONE', *, *, #2104, .T. ) ;
#813 = CARTESIAN_POINT ( 'NONE',  ( 58.46410161513773573, 8.000000000000007105, 100.0000000000000000 ) ) ;
#814 = CARTESIAN_POINT ( 'NONE',  ( 10.80874150500971176, 9.122691376594838530, 99.99999999999998579 ) ) ;
#815 = CARTESIAN_POINT ( 'NONE',  ( 78.46410161513774995, 8.000000000000014211, 100.0000000000000000 ) ) ;
#816 = CARTESIAN_POINT ( 'NONE',  ( 91.53589838486220742, 7.999999999999998224, 31.66666666666667496 ) ) ;
#817 = PRODUCT_RELATED_PRODUCT_CATEGORY ( 'part', '', ( #1269 ) ) ;
#818 = CARTESIAN_POINT ( 'NONE',  ( 0.000000000000000000, 14.00000000000000000, 0.000000000000000000 ) ) ;
#819 = EDGE_CURVE ( 'NONE', #938, #914, #1590, .T. ) ;
#820 = CARTESIAN_POINT ( 'NONE',  ( 80.38119784648294797, 10.00000000000000178, -5.000000000000001776 ) ) ;
#821 = CIRCLE ( 'NONE', #1598, 3.999999999999996447 ) ;
#822 = CARTESIAN_POINT ( 'NONE',  ( 100.0000000000000000, 14.00000000000000000, 0.000000000000000000 ) ) ;
#823 = EDGE_LOOP ( 'NONE', ( #1390, #1789, #735, #1090 ) ) ;
#824 = CARTESIAN_POINT ( 'NONE',  ( 68.92673005738181757, 8.761342293942155024, 100.0000000000000000 ) ) ;
#825 = CARTESIAN_POINT ( 'NONE',  ( 18.57982698177746173, 8.200442214744525060, 0.000000000000000000 ) ) ;
#826 = CARTESIAN_POINT ( 'NONE',  ( 79.17970908421087017, 9.107121952729588799, 100.0000000000000000 ) ) ;
#827 = CARTESIAN_POINT ( 'NONE',  ( 69.61880215351700940, 10.00000000000000178, 31.66666666666667851 ) ) ;
#828 = CARTESIAN_POINT ( 'NONE',  ( 60.36961805671300851, 9.644817842086528259, 100.0000000000000000 ) ) ;
#829 = CARTESIAN_POINT ( 'NONE',  ( 51.53589838486222874, 8.000000000000000000, 33.33333333333335702 ) ) ;
#830 = CARTESIAN_POINT ( 'NONE',  ( 19.61880215351700585, 10.00000000000000178, 31.66666666666668206 ) ) ;
#831 = CARTESIAN_POINT ( 'NONE',  ( 29.41935621334985385, 9.412357444604902312, -0.000000000000000000 ) ) ;
#832 = CARTESIAN_POINT ( 'NONE',  ( 40.00008457952362306, 9.941434512409786706, 100.0000000000000000 ) ) ;
#833 = CARTESIAN_POINT ( 'NONE',  ( 100.0035276684149466, 10.00023570225773106, -5.000000000000000888 ) ) ;
#834 = ORIENTED_EDGE ( 'NONE', *, *, #919, .F. ) ;
#835 = ORIENTED_EDGE ( 'NONE', *, *, #1725, .T. ) ;
#836 = B_SPLINE_CURVE_WITH_KNOTS ( 'NONE', 3,
 ( #1740, #58, #1406, #1933, #726, #67, #408, #1396, #416, #1750, #48, #87, #1252, #759, #1088, #1429, #2094, #1719, #214, #1561, #547 ),
 .UNSPECIFIED., .F., .F.,
 ( 4, 1, 1, 1, 1, 1, 2, 2, 1, 1, 1, 1, 2, 2, 4 ),
 ( 0.000000000000000000, 0.1250000000000382749, 0.1875000000000572875, 0.2187500000000668077, 0.2343750000000716094, 0.2421875000000734413, 0.2460937500000737466, 0.2500000000000740519, 0.3750000000000529576, 0.4375000000000430767, 0.4687500000000381917, 0.4843750000000356937, 0.4921875000000331402, 0.5000000000000305311, 1.000000000000000000 ),
 .UNSPECIFIED. ) ;
#837 = CARTESIAN_POINT ( 'NONE',  ( 100.0000000000000000, 14.00000000000000000, 0.000000000000000000 ) ) ;
#838 = CARTESIAN_POINT ( 'NONE',  ( 11.53589838486224473, 8.000000000000001776, 100.0000000000000000 ) ) ;
#839 =( BOUNDED_CURVE ( )  B_SPLINE_CURVE ( 3, ( #1947, #1444, #2110, #439 ),
 .UNSPECIFIED., .F., .F. ) 
 B_SPLINE_CURVE_WITH_KNOTS ( ( 4, 4 ),
 ( 0.000000000000000000, 1.000000000000000000 ),
 .UNSPECIFIED. ) 
 CURVE ( )  GEOMETRIC_REPRESENTATION_ITEM ( )  RATIONAL_B_SPLINE_CURVE ( ( 0.9625270596227654130, 0.9625270596227654130, 0.9625270596227654130, 0.9625270596227654130 ) ) 
 REPRESENTATION_ITEM ( '' )  );
#840 = B_SPLINE_CURVE_WITH_KNOTS ( 'NONE', 3,
 ( #430, #1570, #71, #235, #61, #1092, #401, #1366, #1599, #731, #90, #1082, #741, #1409, #1533, #1257, #1586, #1927 ),
 .UNSPECIFIED., .F., .F.,
 ( 4, 1, 2, 2, 1, 1, 1, 2, 2, 1, 1, 4 ),
 ( 0.000000000000000000, 0.4491442620724069301, 0.4772157784519315826, 0.5052872948314561796, 0.5614303275905067059, 0.6737163931086079804, 0.7298594258676631696, 0.7438951840574304919, 0.7509130631523140975, 0.7579309422471978142, 0.7860024586267171376, 0.8982885241447958746 ),
 .UNSPECIFIED. ) ;
#841 = DIRECTION ( 'NONE',  ( -0.000000000000000000, -0.000000000000000000, 1.000000000000000000 ) ) ;
#842 = CARTESIAN_POINT ( 'NONE',  ( 81.53589838486222163, 8.000000000000000000, 0.000000000000000000 ) ) ;
#843 = CARTESIAN_POINT ( 'NONE',  ( 19.57729493378142749, 9.590245778650995589, 100.0000000000000000 ) ) ;
#844 = CARTESIAN_POINT ( 'NONE',  ( 28.46410161513775705, 8.000000000000003553, 100.0000000000000000 ) ) ;
#845 = CARTESIAN_POINT ( 'NONE',  ( 39.61880215351698808, 10.00000000000000533, 31.66666666666668206 ) ) ;
#846 = DIRECTION ( 'NONE',  ( 0.000000000000000000, 0.000000000000000000, -1.000000000000000000 ) ) ;
#847 = CARTESIAN_POINT ( 'NONE',  ( 98.46666666666561696, 8.004449393718701344, 105.0000000000000000 ) ) ;
#848 = ORIENTED_EDGE ( 'NONE', *, *, #587, .F. ) ;
#849 = ORIENTED_EDGE ( 'NONE', *, *, #384, .F. ) ;
#850 = CARTESIAN_POINT ( 'NONE',  ( 99.51446171321819634, 9.594811009993119200, -0.000000000000000000 ) ) ;
#851 = EDGE_CURVE ( 'NONE', #889, #1860, #1402, .T. ) ;
#852 = CARTESIAN_POINT ( 'NONE',  ( 19.20670037291892385, 9.144672288300489171, 0.000000000000000000 ) ) ;
#853 = CARTESIAN_POINT ( 'NONE',  ( 48.46410161513773573, 8.000000000000000000, 0.000000000000000000 ) ) ;
#854 = CARTESIAN_POINT ( 'NONE',  ( 80.74397321632415014, 9.208838152457872184, -0.000000000000000000 ) ) ;
#855 = CARTESIAN_POINT ( 'NONE',  ( 99.52059465692367723, 9.602227633998975165, 99.99999999999998579 ) ) ;
#856 = CARTESIAN_POINT ( 'NONE',  ( 30.06780597534614685, 9.905129077450093078, 0.000000000000000000 ) ) ;
#857 = CARTESIAN_POINT ( 'NONE',  ( 40.84510905279059756, 9.073403649121322800, -0.000000000000000000 ) ) ;
#858 = CARTESIAN_POINT ( 'NONE',  ( 79.52103011339153227, 9.528566755886323847, -0.000000000000000000 ) ) ;
#859 = CARTESIAN_POINT ( 'NONE',  ( 71.53589838486222163, 8.000000000000001776, 100.0000000000000000 ) ) ;
#860 = CARTESIAN_POINT ( 'NONE',  ( 30.42155132945012852, 9.591449271902414253, 100.0000000000000284 ) ) ;
#861 = CARTESIAN_POINT ( 'NONE',  ( 50.00008457952343122, 9.941434512409449198, 100.0000000000000000 ) ) ;
#862 = VERTEX_POINT ( 'NONE', #395 ) ;
#863 = CARTESIAN_POINT ( 'NONE',  ( 89.99999999859916500, 9.941275563605893595, 1.848019930241423843E-16 ) ) ;
#864 = CARTESIAN_POINT ( 'NONE',  ( 19.11428598038693849, 9.017545163095633143, -0.000000000000000000 ) ) ;
#865 = AXIS2_PLACEMENT_3D ( 'NONE', #1551, #2085, #1254 ) ;
#866 = DIRECTION ( 'NONE',  ( 1.000000000000000000, 0.000000000000000000, 0.000000000000000000 ) ) ;
#867 = EDGE_CURVE ( 'NONE', #1567, #1741, #754, .T. ) ;
#868 = CARTESIAN_POINT ( 'NONE',  ( 81.30456421820483115, 8.400682530177251195, 0.000000000000000000 ) ) ;
#869 = CARTESIAN_POINT ( 'NONE',  ( 9.615374019074129919, 9.629507715569381787, 100.0000000000000000 ) ) ;
#870 = CARTESIAN_POINT ( 'NONE',  ( 38.57982698177747238, 8.200442214744530389, 0.000000000000000000 ) ) ;
#871 = CARTESIAN_POINT ( 'NONE',  ( 40.62877854000628020, 9.356241119997781297, -0.000000000000000000 ) ) ;
#872 = B_SPLINE_CURVE_WITH_KNOTS ( 'NONE', 3,
 ( #1758, #247, #704, #1376 ),
 .UNSPECIFIED., .F., .F.,
 ( 4, 4 ),
 ( 0.000000000000000000, 1.000000000000000000 ),
 .UNSPECIFIED. ) ;
#873 = CARTESIAN_POINT ( 'NONE',  ( 30.19240026717919534, 9.816087656021904806, 100.0000000000000142 ) ) ;
#874 = ORIENTED_EDGE ( 'NONE', *, *, #1440, .T. ) ;
#875 = ORIENTED_EDGE ( 'NONE', *, *, #919, .T. ) ;
#876 = CARTESIAN_POINT ( 'NONE',  ( 69.62908545221327472, 9.643504670470997908, 100.0000000000000142 ) ) ;
#877 = CARTESIAN_POINT ( 'NONE',  ( 89.62908545221715428, 9.643504670474850826, 100.0000000000000000 ) ) ;
#878 = CARTESIAN_POINT ( 'NONE',  ( 20.32026527603226640, 9.695347532244769084, -0.000000000000000000 ) ) ;
#879 = EDGE_CURVE ( 'NONE', #149, #534, #561, .T. ) ;
#880 = CARTESIAN_POINT ( 'NONE',  ( 70.00008457952314700, 9.941434512408854118, 99.99999999999997158 ) ) ;
#881 = CARTESIAN_POINT ( 'NONE',  ( 30.85363273938779827, 9.061754640196577171, -0.000000000000000000 ) ) ;
#882 = CARTESIAN_POINT ( 'NONE',  ( 31.53589838486223940, 8.000000000000000000, 66.66666666666672825 ) ) ;
#883 = EDGE_CURVE ( 'NONE', #86, #1805, #1312, .T. ) ;
#884 = PLANE ( 'NONE',  #258 ) ;
#885 = ORIENTED_EDGE ( 'NONE', *, *, #851, .F. ) ;
#886 = ORIENTED_EDGE ( 'NONE', *, *, #1327, .T. ) ;
#887 = CARTESIAN_POINT ( 'NONE',  ( 39.80384757729335377, 10.00000000000000000, 68.33333333333332860 ) ) ;
#888 =( NAMED_UNIT ( * ) SI_UNIT ( $, .STERADIAN. ) SOLID_ANGLE_UNIT ( ) );
#889 = VERTEX_POINT ( 'NONE', #1066 ) ;
#890 = CARTESIAN_POINT ( 'NONE',  ( 20.84510905279057269, 9.073403649121335235, -0.000000000000000000 ) ) ;
#891 = CARTESIAN_POINT ( 'NONE',  ( 31.53589838486223940, 8.000000000000000000, 31.66666666666667496 ) ) ;
#892 = CARTESIAN_POINT ( 'NONE',  ( 19.47622094289925698, 9.480914131598073169, 99.99999999999995737 ) ) ;
#893 = ADVANCED_FACE ( 'NONE', ( #1601 ), #998, .T. ) ;
#894 = ORIENTED_EDGE ( 'NONE', *, *, #474, .T. ) ;
#895 = ORIENTED_EDGE ( 'NONE', *, *, #1277, .F. ) ;
#896 = CARTESIAN_POINT ( 'NONE',  ( 50.08071695928917677, 9.899085952945524625, 99.99999999999998579 ) ) ;
#897 = ORIENTED_EDGE ( 'NONE', *, *, #1635, .T. ) ;
#898 = VECTOR ( 'NONE', #1357, 1000.000000000000000 ) ;
#899 = CARTESIAN_POINT ( 'NONE',  ( 21.30456421820471746, 8.400682530177435936, 0.000000000000000000 ) ) ;
#900 = CARTESIAN_POINT ( 'NONE',  ( 79.86467886965768059, 9.869137622017214895, -0.000000000000000000 ) ) ;
#901 = CARTESIAN_POINT ( 'NONE',  ( 38.46410161513774284, 8.000000000000000000, 0.000000000000000000 ) ) ;
#902 = CARTESIAN_POINT ( 'NONE',  ( 88.46410161513773573, 8.000000000000001776, 100.0000000000000000 ) ) ;
#903 = FACE_OUTER_BOUND ( 'NONE', #1654, .T. ) ;
#904 = ORIENTED_EDGE ( 'NONE', *, *, #851, .T. ) ;
#905 = CARTESIAN_POINT ( 'NONE',  ( 41.53589838486223584, 8.000000000000000000, 68.33333333333332860 ) ) ;
#906 = CARTESIAN_POINT ( 'NONE',  ( 28.46410161513775705, 8.000000000000000000, 31.66666666666667496 ) ) ;
#907 = EDGE_LOOP ( 'NONE', ( #1577, #695, #2057, #1329 ) ) ;
#908 = CARTESIAN_POINT ( 'NONE',  ( 39.99999999999822364, 9.941275564351705896, 33.33333333333334991 ) ) ;
#909 = CARTESIAN_POINT ( 'NONE',  ( 79.51523589229866218, 9.522133579774060053, -0.000000000000000000 ) ) ;
#910 = CARTESIAN_POINT ( 'NONE',  ( 9.191253533052949010, 9.122686809001288921, 100.0000000000000000 ) ) ;
#911 = CARTESIAN_POINT ( 'NONE',  ( 59.62675001306632083, 9.641118974850584777, 100.0000000000000426 ) ) ;
#912 = CARTESIAN_POINT ( 'NONE',  ( 49.34571254072305635, 9.324934914855351309, 100.0000000000000142 ) ) ;
#913 = CARTESIAN_POINT ( 'NONE',  ( 89.61880215351699519, 10.00000000000000178, 68.33333333333332860 ) ) ;
#914 = VERTEX_POINT ( 'NONE', #1745 ) ;
#915 = EDGE_LOOP ( 'NONE', ( #1176, #1682, #2140, #1882 ) ) ;
#916 = CARTESIAN_POINT ( 'NONE',  ( 50.35663267359598194, 9.657914580165918750, 100.0000000000000142 ) ) ;
#917 = APPLICATION_PROTOCOL_DEFINITION ( 'draft international standard', 'automotive_design', 1998, #1900 ) ;
#918 = ORIENTED_EDGE ( 'NONE', *, *, #1884, .F. ) ;
#919 = EDGE_CURVE ( 'NONE', #1451, #1242, #1932, .T. ) ;
#920 = CARTESIAN_POINT ( 'NONE',  ( 40.00008457952362306, 9.941434512409786706, 100.0000000000000000 ) ) ;
#921 = B_SPLINE_CURVE_WITH_KNOTS ( 'NONE', 3,
 ( #1203, #1873, #367, #1046, #2176, #2044, #669, #1343, #2063, #927, #1727, #2071, #1761, #916, #717, #241, #896, #1388 ),
 .UNSPECIFIED., .F., .F.,
 ( 4, 1, 2, 2, 1, 1, 1, 2, 2, 1, 1, 4 ),
 ( 0.000000000000000000, 0.4491442620715403455, 0.4772157784510128176, 0.5052872948304852896, 0.5614303275894302336, 0.6737163931073247847, 0.7298594258662747247, 0.7438951840560122930, 0.7509130631508817988, 0.7579309422457511936, 0.7860024586252312151, 0.8982885241431600720 ),
 .UNSPECIFIED. ) ;
#922 = CARTESIAN_POINT ( 'NONE',  ( 60.43345604419729256, 9.578307932948167291, -0.000000000000000000 ) ) ;
#923 = DIRECTION ( 'NONE',  ( -0.000000000000000000, -1.000000000000000000, -0.000000000000000000 ) ) ;
#924 = CARTESIAN_POINT ( 'NONE',  ( 20.19240026717934811, 9.816087656023336550, 100.0000000000000000 ) ) ;
#925 = CARTESIAN_POINT ( 'NONE',  ( 70.84684781663879960, 9.071089163023605906, 100.0000000000000000 ) ) ;
#926 = ORIENTED_EDGE ( 'NONE', *, *, #1775, .T. ) ;
#927 = CARTESIAN_POINT ( 'NONE',  ( 50.42155132945356399, 9.591449271898897067, 99.99999999999998579 ) ) ;
#928 = CARTESIAN_POINT ( 'NONE',  ( 89.52103011339150385, 9.528566755886313189, -0.000000000000000000 ) ) ;
#929 = CLOSED_SHELL ( 'NONE', ( #1624, #1763, #161, #781, #1266, #335, #1857, #600, #69, #616, #131, #1722, #1505, #177, #1491, #716, #702, #94, #535, #1377, #1799, #428, #2160, #1398, #1787, #893, #1426, #1523, #1089, #478, #1033, #1829, #2145, #987, #107, #1183, #1477, #1662, #1467 ) ) ;
#930 = CARTESIAN_POINT ( 'NONE',  ( 79.50168059352665750, 9.506988523359664711, -0.000000000000000000 ) ) ;
#931 = EDGE_CURVE ( 'NONE', #164, #1123, #1514, .T. ) ;
#932 = CARTESIAN_POINT ( 'NONE',  ( 69.80384757729333955, 10.00000000000000000, 105.0000000000000000 ) ) ;
#933 = CARTESIAN_POINT ( 'NONE',  ( 38.69214240786779158, 8.394978239206739801, 100.0000000000000142 ) ) ;
#934 = DIRECTION ( 'NONE',  ( -0.000000000000000000, -0.000000000000000000, 1.000000000000000000 ) ) ;
#935 = CARTESIAN_POINT ( 'NONE',  ( 48.92673005738453895, 8.761342293946984938, 100.0000000000000142 ) ) ;
#936 = ORIENTED_EDGE ( 'NONE', *, *, #1386, .F. ) ;
#937 = CARTESIAN_POINT ( 'NONE',  ( 61.53589838486222874, 8.000000000000000000, 105.0000000000000000 ) ) ;
#938 = VERTEX_POINT ( 'NONE', #2112 ) ;
#939 = CARTESIAN_POINT ( 'NONE',  ( 69.20670037291895937, 9.144672288300521146, 0.000000000000000000 ) ) ;
#940 = B_SPLINE_CURVE_WITH_KNOTS ( 'NONE', 3,
 ( #988, #784, #1808, #1158, #321, #1148, #1968, #451, #1638, #2167, #1458, #956, #1819, #459, #966, #469, #308, #1309, #1487, #297, #442 ),
 .UNSPECIFIED., .F., .F.,
 ( 4, 1, 1, 1, 1, 1, 2, 2, 1, 1, 1, 1, 2, 2, 4 ),
 ( 0.000000000000000000, 0.1250000000002160216, 0.1875000000003303746, 0.2187500000003921030, 0.2343750000004277412, 0.2421875000004455603, 0.2460937500004493905, 0.2500000000004532485, 0.3750000000003861911, 0.4375000000003534950, 0.4687500000003363421, 0.4843750000003270162, 0.4921875000003178569, 0.5000000000003086420, 1.000000000000000000 ),
 .UNSPECIFIED. ) ;
#941 = CARTESIAN_POINT ( 'NONE',  ( 81.53589838486222163, 7.999999999999996447, 100.0000000000000000 ) ) ;
#942 = B_SPLINE_CURVE_WITH_KNOTS ( 'NONE', 3,
 ( #236, #216, #1906, #560, #225, #62, #1571, #869, #1039, #1381, #1544, #51, #910, #1392, #710, #742, #402, #386 ),
 .UNSPECIFIED., .F., .F.,
 ( 4, 1, 1, 2, 2, 1, 1, 1, 2, 2, 1, 4 ),
 ( 0.1014845771162178473, 0.2137990049766808620, 0.2418776119417965775, 0.2488972636830761864, 0.2559169154243558508, 0.2699562189069151796, 0.3261134328371507185, 0.4384278606976246828, 0.4945850746278623311, 0.5226636815929800450, 0.5507422885580977034, 1.000000000000000000 ),
 .UNSPECIFIED. ) ;
#943 = CARTESIAN_POINT ( 'NONE',  ( 49.20670037291890964, 9.144672288300503382, 0.000000000000000000 ) ) ;
#944 = CARTESIAN_POINT ( 'NONE',  ( 50.38119784648296218, 10.00000000000000178, 31.66666666666667496 ) ) ;
#945 = B_SPLINE_CURVE_WITH_KNOTS ( 'NONE', 3,
 ( #1261, #1285, #95, #1930, #424, #1096, #1110, #1613, #124, #767, #2103, #609, #597, #114, #1273, #435, #1952, #1778 ),
 .UNSPECIFIED., .F., .F.,
 ( 4, 1, 2, 2, 1, 1, 1, 2, 2, 1, 1, 4 ),
 ( 0.000000000000000000, 0.4491442620718815726, 0.4772157784513710865, 0.5052872948308605450, 0.5614303275898449019, 0.6737163931078165025, 0.7298594258668059664, 0.7438951840565564133, 0.7509130631514314702, 0.7579309422463066381, 0.7860024586257959855, 0.8982885241437498225 ),
 .UNSPECIFIED. ) ;
#946 = CARTESIAN_POINT ( 'NONE',  ( 20.38323571943482193, 9.630925872319689773, 99.99999999999998579 ) ) ;
#947 = EDGE_CURVE ( 'NONE', #192, #1718, #940, .T. ) ;
#948 = CARTESIAN_POINT ( 'NONE',  ( 71.53589838486222163, 8.000000000000001776, 100.0000000000000000 ) ) ;
#949 = B_SPLINE_CURVE_WITH_KNOTS ( 'NONE', 3,
 ( #953, #614, #295, #1636 ),
 .UNSPECIFIED., .F., .F.,
 ( 4, 4 ),
 ( 0.000000000000000000, 1.000000000000000000 ),
 .UNSPECIFIED. ) ;
#950 = CARTESIAN_POINT ( 'NONE',  ( 0.6931527714895250325, 9.328277942289927793, 100.0000000000000284 ) ) ;
#951 = CARTESIAN_POINT ( 'NONE',  ( 50.19615242270661071, 10.00000000000000000, 105.0000000000000000 ) ) ;
#952 = ORIENTED_EDGE ( 'NONE', *, *, #1214, .T. ) ;
#953 = CARTESIAN_POINT ( 'NONE',  ( 71.53589838486222163, 8.000000000000000000, 0.000000000000000000 ) ) ;
#954 = CARTESIAN_POINT ( 'NONE',  ( 9.090382628035754919, 8.984275074931446170, -0.000000000000000000 ) ) ;
#955 = CARTESIAN_POINT ( 'NONE',  ( 59.41935621334980056, 9.412357444604873891, -0.000000000000000000 ) ) ;
#956 = CARTESIAN_POINT ( 'NONE',  ( 70.62877854000619493, 9.356241119997854128, -0.000000000000000000 ) ) ;
#957 = FACE_OUTER_BOUND ( 'NONE', #1668, .T. ) ;
#958 = CARTESIAN_POINT ( 'NONE',  ( 70.75670315645176345, 9.191966144862373511, 100.0000000000000000 ) ) ;
#959 = DIRECTION ( 'NONE',  ( -0.000000000000000000, -1.000000000000000000, -0.000000000000000000 ) ) ;
#960 = EDGE_CURVE ( 'NONE', #1087, #1798, #728, .T. ) ;
#961 = CARTESIAN_POINT ( 'NONE',  ( 50.19615242270661071, 10.00000000000000000, 68.33333333333332860 ) ) ;
#962 = ORIENTED_EDGE ( 'NONE', *, *, #1735, .F. ) ;
#963 = CARTESIAN_POINT ( 'NONE',  ( 50.80269880976763375, 9.130859443940581244, -0.000000000000000000 ) ) ;
#964 = ORIENTED_EDGE ( 'NONE', *, *, #1262, .T. ) ;
#965 = CARTESIAN_POINT ( 'NONE',  ( 59.99999999859917210, 9.941275563605902477, -2.904031318950802065E-17 ) ) ;
#966 = CARTESIAN_POINT ( 'NONE',  ( 70.83234367031052159, 9.090800783495124548, -0.000000000000000000 ) ) ;
#967 = CARTESIAN_POINT ( 'NONE',  ( 20.84684781664135755, 9.071089163018827506, 100.0000000000000284 ) ) ;
#968 = CIRCLE ( 'NONE', #1841, 4.000000000000000888 ) ;
#969 = CARTESIAN_POINT ( 'NONE',  ( 71.30804228492789321, 8.394658341900758103, 100.0000000000000568 ) ) ;
#970 = ORIENTED_EDGE ( 'NONE', *, *, #792, .F. ) ;
#971 = FACE_OUTER_BOUND ( 'NONE', #2081, .T. ) ;
#972 = EDGE_CURVE ( 'NONE', #1962, #771, #1202, .T. ) ;
#973 = ORIENTED_EDGE ( 'NONE', *, *, #2013, .T. ) ;
#974 = DIRECTION ( 'NONE',  ( -1.000000000000000000, 0.000000000000000000, 0.000000000000000000 ) ) ;
#975 = CARTESIAN_POINT ( 'NONE',  ( 9.501680593526725005, 9.506988523359682475, -0.000000000000000000 ) ) ;
#976 = CARTESIAN_POINT ( 'NONE',  ( 79.91908191889183399, 9.898905839765584247, 100.0000000000000142 ) ) ;
#977 = CARTESIAN_POINT ( 'NONE',  ( 1.224646799147352586E-14, 10.00000000000000000, 100.0000000000000000 ) ) ;
#978 = CARTESIAN_POINT ( 'NONE',  ( 69.99999999859919342, 9.941275563605895371, -2.761469781475041233E-15 ) ) ;
#979 = CARTESIAN_POINT ( 'NONE',  ( 19.61880215351700585, 10.00000000000000178, 104.9999999999999858 ) ) ;
#980 = CARTESIAN_POINT ( 'NONE',  ( 0.4945565988135013358, 9.583850486468246999, 100.0000000000000000 ) ) ;
#981 = CARTESIAN_POINT ( 'NONE',  ( 80.37178694261459100, 9.642602921781611158, 100.0000000000000284 ) ) ;
#982 = CARTESIAN_POINT ( 'NONE',  ( 106.0000000000000142, 0.000000000000000000, -6.000000000000000888 ) ) ;
#983 = EDGE_LOOP ( 'NONE', ( #1762, #1974, #13, #2138 ) ) ;
#984 =( BOUNDED_SURFACE ( )  B_SPLINE_SURFACE ( 2, 3, ( 
 ( #1291, #816, #132, #1476 ),
 ( #629, #1498, #2143, #1000 ),
 ( #805, #638, #1989, #287 ) ),
 .UNSPECIFIED., .F., .F., .F. ) 
 B_SPLINE_SURFACE_WITH_KNOTS ( ( 3, 3 ),
 ( 4, 4 ),
 ( 0.000000000000000000, 1.000000000000000000 ),
 ( -0.005000000000000000971, 0.1050000000000000100 ),
 .UNSPECIFIED. ) 
 GEOMETRIC_REPRESENTATION_ITEM ( )  RATIONAL_B_SPLINE_SURFACE ( (
 ( 1.000000000000000000, 1.000000000000000000, 1.000000000000000000, 1.000000000000000000),
 ( 0.8660254037844388186, 0.8660254037844388186, 0.8660254037844388186, 0.8660254037844388186),
 ( 1.000000000000000000, 1.000000000000000000, 1.000000000000000000, 1.000000000000000000) ) ) 
 REPRESENTATION_ITEM ( '' )  SURFACE ( )  );
#985 = CARTESIAN_POINT ( 'NONE',  ( 50.46120100616087001, 9.548155205898993358, -0.000000000000000000 ) ) ;
#986 = CARTESIAN_POINT ( 'NONE',  ( 89.99999999859916500, 9.941275563605893595, 1.848019930241424090E-16 ) ) ;
#987 = ADVANCED_FACE ( 'NONE', ( #1619 ), #984, .T. ) ;
#988 = CARTESIAN_POINT ( 'NONE',  ( 69.99999999859919342, 9.941275563605895371, -2.761469781475041233E-15 ) ) ;
#989 = DIRECTION ( 'NONE',  ( 1.000000000000000000, 0.000000000000000000, 0.000000000000000000 ) ) ;
#990 = CARTESIAN_POINT ( 'NONE',  ( 79.09038262803574071, 8.984275074931451499, -0.000000000000000000 ) ) ;
#991 = CARTESIAN_POINT ( 'NONE',  ( 11.53589838486224650, 8.000000000000001776, 31.66666666666667496 ) ) ;
#992 = B_SPLINE_CURVE_WITH_KNOTS ( 'NONE', 3,
 ( #372, #686, #209, #878, #2025, #1554, #1347, #2000, #41, #183, #1721, #1024, #333, #385, #215, #890, #50, #1334, #740, #899, #1399 ),
 .UNSPECIFIED., .F., .F.,
 ( 4, 1, 1, 1, 1, 1, 2, 2, 1, 1, 1, 1, 2, 2, 4 ),
 ( 0.000000000000000000, 0.1249999999999913403, 0.1874999999999892863, 0.2187499999999895639, 0.2343749999999903133, 0.2421874999999912847, 0.2460937499999935330, 0.2499999999999957256, 0.3749999999999883427, 0.4374999999999867883, 0.4687499999999847899, 0.4843749999999826250, 0.4921874999999808487, 0.4999999999999790168, 1.000000000000000000 ),
 .UNSPECIFIED. ) ;
#993 = CARTESIAN_POINT ( 'NONE',  ( -5.999999999999987566, 14.00000000000000000, 100.0000000000000000 ) ) ;
#994 = CARTESIAN_POINT ( 'NONE',  ( 99.60000000000002274, 9.973273875806318856, -5.000000000000000888 ) ) ;
#995 = ORIENTED_EDGE ( 'NONE', *, *, #867, .F. ) ;
#996 = CARTESIAN_POINT ( 'NONE',  ( 0.6304429329979669427, 9.412900112958256571, -0.000000000000000000 ) ) ;
#997 = CARTESIAN_POINT ( 'NONE',  ( 9.525949400203366224, 9.534016541882033735, 0.000000000000000000 ) ) ;
#998 =( BOUNDED_SURFACE ( )  B_SPLINE_SURFACE ( 2, 3, ( 
 ( #1767, #764, #1259, #1075 ),
 ( #1928, #944, #423, #432 ),
 ( #92, #1581, #1435, #2101 ) ),
 .UNSPECIFIED., .F., .F., .F. ) 
 B_SPLINE_SURFACE_WITH_KNOTS ( ( 3, 3 ),
 ( 4, 4 ),
 ( 0.000000000000000000, 1.000000000000000000 ),
 ( -0.005000000000000000971, 0.1050000000000000100 ),
 .UNSPECIFIED. ) 
 GEOMETRIC_REPRESENTATION_ITEM ( )  RATIONAL_B_SPLINE_SURFACE ( (
 ( 1.000000000000000000, 1.000000000000000000, 1.000000000000000000, 1.000000000000000000),
 ( 0.8660254037844383745, 0.8660254037844383745, 0.8660254037844383745, 0.8660254037844383745),
 ( 1.000000000000000000, 1.000000000000000000, 1.000000000000000000, 1.000000000000000000) ) ) 
 REPRESENTATION_ITEM ( '' )  SURFACE ( )  );
#999 = CARTESIAN_POINT ( 'NONE',  ( 9.618802153517009401, 10.00000000000000000, 105.0000000000000000 ) ) ;
#1000 = CARTESIAN_POINT ( 'NONE',  ( 90.38119784648294797, 10.00000000000000178, 105.0000000000000000 ) ) ;
#1001 = CARTESIAN_POINT ( 'NONE',  ( 60.65409545729705343, 9.325205900107048862, 99.99999999999998579 ) ) ;
#1002 = CARTESIAN_POINT ( 'NONE',  ( 79.80384757729333955, 10.00000000000000000, 31.66666666666667496 ) ) ;
#1003 = MECHANICAL_DESIGN_GEOMETRIC_PRESENTATION_REPRESENTATION (  '', ( #1138 ), #786 ) ;
#1004 = CARTESIAN_POINT ( 'NONE',  ( 29.13133170429445329, 9.041098969644648875, -0.000000000000000000 ) ) ;
#1005 = CARTESIAN_POINT ( 'NONE',  ( 30.52316118354334407, 9.481619782007115305, 99.99999999999998579 ) ) ;
#1006 = CARTESIAN_POINT ( 'NONE',  ( -1.785680978083625803E-13, 9.999999999997337241, -5.000000000000000888 ) ) ;
#1007 = EDGE_LOOP ( 'NONE', ( #399, #1342, #1034, #1463 ) ) ;
#1008 = CARTESIAN_POINT ( 'NONE',  ( 98.58687729050562609, 8.213279057738995803, 0.000000000000000000 ) ) ;
#1009 = CARTESIAN_POINT ( 'NONE',  ( 10.08071695929010581, 9.899085952947112688, 100.0000000000000000 ) ) ;
#1010 = CARTESIAN_POINT ( 'NONE',  ( 90.06780597534610422, 9.905129077450091302, 0.000000000000000000 ) ) ;
#1011 = CARTESIAN_POINT ( 'NONE',  ( 28.46410161513775705, 8.000000000000000000, 0.000000000000000000 ) ) ;
#1012 = CARTESIAN_POINT ( 'NONE',  ( 98.70701333877508432, 8.421979169221856409, 100.0000000000000000 ) ) ;
#1013 = CARTESIAN_POINT ( 'NONE',  ( 30.17770810132387993, 9.827341993886097526, -0.000000000000000000 ) ) ;
#1014 = CARTESIAN_POINT ( 'NONE',  ( 28.69214240787851367, 8.394978239225274308, 100.0000000000000000 ) ) ;
#1015 = FACE_OUTER_BOUND ( 'NONE', #406, .T. ) ;
#1016 = EDGE_CURVE ( 'NONE', #1718, #2095, #18, .T. ) ;
#1017 = LINE ( 'NONE', #1680, #1108 ) ;
#1018 = CARTESIAN_POINT ( 'NONE',  ( 99.60000000000000853, 9.973273875806320632, 104.9999999999999716 ) ) ;
#1019 = ORIENTED_EDGE ( 'NONE', *, *, #1277, .T. ) ;
#1020 = VERTEX_POINT ( 'NONE', #797 ) ;
#1021 = CARTESIAN_POINT ( 'NONE',  ( 99.04690268951135579, 8.951012768900504568, -0.000000000000000000 ) ) ;
#1022 = CARTESIAN_POINT ( 'NONE',  ( 78.46410161513773573, 8.000000000000000000, 66.66666666666672825 ) ) ;
#1023 = CARTESIAN_POINT ( 'NONE',  ( 79.62675001306476474, 9.641118974849137047, 99.99999999999998579 ) ) ;
#1024 = CARTESIAN_POINT ( 'NONE',  ( 20.62877854000624112, 9.356241119997847022, -0.000000000000000000 ) ) ;
#1025 = B_SPLINE_CURVE_WITH_KNOTS ( 'NONE', 3,
 ( #1839, #2166, #1818, #1978 ),
 .UNSPECIFIED., .F., .F.,
 ( 4, 4 ),
 ( 0.000000000000000000, 1.000000000000000000 ),
 .UNSPECIFIED. ) ;
#1026 = CARTESIAN_POINT ( 'NONE',  ( 99.36975581143626357, 9.413172115719882882, 99.99999999999997158 ) ) ;
#1027 = CARTESIAN_POINT ( 'NONE',  ( 19.24324900595606991, 9.191887610084853222, 100.0000000000000000 ) ) ;
#1028 = CARTESIAN_POINT ( 'NONE',  ( 61.53589838486222874, 7.999999999999996447, 0.000000000000000000 ) ) ;
#1029 = CARTESIAN_POINT ( 'NONE',  ( 80.38119784648294797, 10.00000000000000178, 105.0000000000000000 ) ) ;
#1030 = FACE_OUTER_BOUND ( 'NONE', #1953, .T. ) ;
#1031 = CARTESIAN_POINT ( 'NONE',  ( 24.99999999999999289, 10.00000000000000178, 100.0000000000000000 ) ) ;
#1032 = ORIENTED_EDGE ( 'NONE', *, *, #492, .F. ) ;
#1033 = ADVANCED_FACE ( 'NONE', ( #650 ), #2098, .T. ) ;
#1034 = ORIENTED_EDGE ( 'NONE', *, *, #1872, .F. ) ;
#1035 = CARTESIAN_POINT ( 'NONE',  ( 99.49280129243540216, 9.568389648099399736, -0.000000000000000000 ) ) ;
#1036 = CARTESIAN_POINT ( 'NONE',  ( 19.12451539820440516, 9.031692308823135562, -0.000000000000000000 ) ) ;
#1037 = CARTESIAN_POINT ( 'NONE',  ( 89.24324900596154464, 9.191887610089908733, 100.0000000000000284 ) ) ;
#1038 = FACE_OUTER_BOUND ( 'NONE', #283, .T. ) ;
#1039 = CARTESIAN_POINT ( 'NONE',  ( 9.577294933780979846, 9.590245778650642094, 100.0000000000000000 ) ) ;
#1040 = CARTESIAN_POINT ( 'NONE',  ( 39.13385821912597606, 9.044580737700330886, 0.000000000000000000 ) ) ;
#1041 = CARTESIAN_POINT ( 'NONE',  ( 8.464101615137758827, 8.000000000000003553, 100.0000000000000000 ) ) ;
#1042 = CARTESIAN_POINT ( 'NONE',  ( 79.70759351179029295, 9.734412285254764541, -0.000000000000000000 ) ) ;
#1043 = DIRECTION ( 'NONE',  ( -1.000000000000000000, 0.000000000000000000, -0.000000000000000000 ) ) ;
#1044 = ORIENTED_EDGE ( 'NONE', *, *, #1602, .T. ) ;
#1045 = VECTOR ( 'NONE', #246, 1000.000000000000000 ) ;
#1046 = CARTESIAN_POINT ( 'NONE',  ( 50.84684781664433473, 9.071089163013859036, 100.0000000000000000 ) ) ;
#1047 = DIRECTION ( 'NONE',  ( 0.000000000000000000, 0.000000000000000000, 1.000000000000000000 ) ) ;
#1048 = CARTESIAN_POINT ( 'NONE',  ( 89.64212491634731350, 9.656662923522034703, 100.0000000000000000 ) ) ;
#1049 = EDGE_CURVE ( 'NONE', #1594, #1782, #1180, .T. ) ;
#1050 = CARTESIAN_POINT ( 'NONE',  ( 58.46410161513772863, 8.000000000000000000, 68.33333333333332860 ) ) ;
#1051 = CARTESIAN_POINT ( 'NONE',  ( 11.53589838486224473, 8.000000000000001776, 0.000000000000000000 ) ) ;
#1052 = CARTESIAN_POINT ( 'NONE',  ( 30.85877323421877350, 9.054706392435473816, 0.000000000000000000 ) ) ;
#1053 = CARTESIAN_POINT ( 'NONE',  ( 31.53589838486223940, 8.000000000000000000, 0.000000000000000000 ) ) ;
#1054 = ORIENTED_EDGE ( 'NONE', *, *, #463, .T. ) ;
#1055 = ORIENTED_EDGE ( 'NONE', *, *, #1440, .F. ) ;
#1056 = CARTESIAN_POINT ( 'NONE',  ( 21.53589838486223229, 8.000000000000000000, 105.0000000000000000 ) ) ;
#1057 = ORIENTED_EDGE ( 'NONE', *, *, #56, .T. ) ;
#1058 = B_SPLINE_CURVE_WITH_KNOTS ( 'NONE', 3,
 ( #362, #829, #171, #349 ),
 .UNSPECIFIED., .F., .F.,
 ( 4, 4 ),
 ( 0.000000000000000000, 1.000000000000000000 ),
 .UNSPECIFIED. ) ;
#1059 = CARTESIAN_POINT ( 'NONE',  ( 80.46120100616093396, 9.548155205898947173, -0.000000000000000000 ) ) ;
#1060 = EDGE_CURVE ( 'NONE', #316, #1592, #1093, .T. ) ;
#1061 = CARTESIAN_POINT ( 'NONE',  ( 106.0000000000000284, 0.000000000000000000, 100.0000000000000000 ) ) ;
#1062 = CARTESIAN_POINT ( 'NONE',  ( 30.74397321632421409, 9.208838152457829551, -0.000000000000000000 ) ) ;
#1063 = VERTEX_POINT ( 'NONE', #196 ) ;
#1064 = ORIENTED_EDGE ( 'NONE', *, *, #2108, .F. ) ;
#1065 = CARTESIAN_POINT ( 'NONE',  ( 68.75087618632785791, 8.482082435299355794, -0.000000000000000000 ) ) ;
#1066 = CARTESIAN_POINT ( 'NONE',  ( -6.000000000000000888, 14.00000000000000000, -5.999999999999999112 ) ) ;
#1067 = ORIENTED_EDGE ( 'NONE', *, *, #1105, .T. ) ;
#1068 = CARTESIAN_POINT ( 'NONE',  ( 39.80384757729335377, 10.00000000000000000, 31.66666666666667496 ) ) ;
#1069 = ORIENTED_EDGE ( 'NONE', *, *, #474, .F. ) ;
#1070 = CIRCLE ( 'NONE', #572, 3.999999999999996447 ) ;
#1071 = CARTESIAN_POINT ( 'NONE',  ( 89.50168059352671435, 9.506988523359671817, -0.000000000000000000 ) ) ;
#1072 = VECTOR ( 'NONE', #1765, 1000.000000000000000 ) ;
#1073 = CARTESIAN_POINT ( 'NONE',  ( 29.99999999859918987, 9.941275563605888266, 1.320014235886732637E-17 ) ) ;
#1074 = CARTESIAN_POINT ( 'NONE',  ( 44.99999999999998579, 10.00000000000000178, 0.000000000000000000 ) ) ;
#1075 = CARTESIAN_POINT ( 'NONE',  ( 51.53589838486222874, 8.000000000000000000, 105.0000000000000000 ) ) ;
#1076 =( BOUNDED_CURVE ( )  B_SPLINE_CURVE ( 3, ( #1192, #31, #698, #1875 ),
 .UNSPECIFIED., .F., .F. ) 
 B_SPLINE_CURVE_WITH_KNOTS ( ( 4, 4 ),
 ( 0.000000000000000000, 1.000000000000000000 ),
 .UNSPECIFIED. ) 
 CURVE ( )  GEOMETRIC_REPRESENTATION_ITEM ( )  RATIONAL_B_SPLINE_CURVE ( ( 0.9625270596227655240, 0.9625270596227655240, 0.9625270596227655240, 0.9625270596227655240 ) ) 
 REPRESENTATION_ITEM ( '' )  );
#1077 = EDGE_LOOP ( 'NONE', ( #555, #251, #2093, #1471 ) ) ;
#1078 = CARTESIAN_POINT ( 'NONE',  ( 21.53589838486223229, 8.000000000000000000, -5.000000000000000888 ) ) ;
#1079 = SHAPE_DEFINITION_REPRESENTATION ( #2127, #309 ) ;
#1080 = ORIENTED_EDGE ( 'NONE', *, *, #143, .F. ) ;
#1081 = CARTESIAN_POINT ( 'NONE',  ( 89.04243708022504222, 8.916694572736377111, -0.000000000000000000 ) ) ;
#1082 = CARTESIAN_POINT ( 'NONE',  ( 90.37178694261558576, 9.642602921780605740, 100.0000000000000284 ) ) ;
#1083 = CARTESIAN_POINT ( 'NONE',  ( 49.52594940020333070, 9.534016541882033735, 0.000000000000000000 ) ) ;
#1084 = CARTESIAN_POINT ( 'NONE',  ( 39.47622094289626915, 9.480914131596675176, 99.99999999999998579 ) ) ;
#1085 = CARTESIAN_POINT ( 'NONE',  ( 70.00008457952314700, 9.941434512408854118, 99.99999999999997158 ) ) ;
#1086 = VERTEX_POINT ( 'NONE', #506 ) ;
#1087 = VERTEX_POINT ( 'NONE', #672 ) ;
#1088 = CARTESIAN_POINT ( 'NONE',  ( 10.83234367031053935, 9.090800783495128101, -0.000000000000000000 ) ) ;
#1089 = ADVANCED_FACE ( 'NONE', ( #1038 ), #768, .T. ) ;
#1090 = ORIENTED_EDGE ( 'NONE', *, *, #319, .T. ) ;
#1091 = DIRECTION ( 'NONE',  ( 1.000000000000000000, 0.000000000000000000, 0.000000000000000000 ) ) ;
#1092 = CARTESIAN_POINT ( 'NONE',  ( 90.80874150500829955, 9.122691376596471002, 100.0000000000000142 ) ) ;
#1093 = B_SPLINE_CURVE_WITH_KNOTS ( 'NONE', 3,
 ( #1542, #540, #1562, #1700, #1865, #1380, #1852, #1059, #4, #1673, #1217, #493, #854, #1168, #1193, #32, #1885, #168, #1529, #868, #842 ),
 .UNSPECIFIED., .F., .F.,
 ( 4, 1, 1, 1, 1, 1, 2, 2, 1, 1, 1, 1, 2, 2, 4 ),
 ( 0.000000000000000000, 0.1249999999997202238, 0.1874999999995733135, 0.2187499999995044242, 0.2343749999994699795, 0.2421874999994527711, 0.2460937499994492184, 0.2499999999994456656, 0.3749999999995028976, 0.4374999999995262678, 0.4687499999995419775, 0.4843749999995452526, 0.4921874999995468625, 0.4999999999995484723, 1.000000000000000000 ),
 .UNSPECIFIED. ) ;
#1094 = CARTESIAN_POINT ( 'NONE',  ( 58.57982698177746528, 8.200442214744541047, 0.000000000000000000 ) ) ;
#1095 = DIRECTION ( 'NONE',  ( 0.000000000000000000, 1.000000000000000000, 0.000000000000000000 ) ) ;
#1096 = CARTESIAN_POINT ( 'NONE',  ( 40.80874150501028907, 9.122691376594044499, 100.0000000000000142 ) ) ;
#1097 = CARTESIAN_POINT ( 'NONE',  ( 106.0000000000000284, 0.000000000000000000, 100.0000000000000000 ) ) ;
#1098 = CYLINDRICAL_SURFACE ( 'NONE', #2154, 4.000000000000000888 ) ;
#1099 = ORIENTED_EDGE ( 'NONE', *, *, #2122, .T. ) ;
#1100 = EDGE_CURVE ( 'NONE', #446, #222, #208, .T. ) ;
#1101 = CARTESIAN_POINT ( 'NONE',  ( 89.99999999859916500, 9.941275563605893595, 1.848019930241424090E-16 ) ) ;
#1102 = CIRCLE ( 'NONE', #116, 3.999999999999996447 ) ;
#1103 = CARTESIAN_POINT ( 'NONE',  ( 64.99999999999998579, 10.00000000000000178, 0.000000000000000000 ) ) ;
#1104 = CARTESIAN_POINT ( 'NONE',  ( 71.53589838486220742, 7.999999999999998224, 68.33333333333332860 ) ) ;
#1105 = EDGE_CURVE ( 'NONE', #647, #379, #992, .T. ) ;
#1106 = CIRCLE ( 'NONE', #1489, 4.000000000000007105 ) ;
#1107 = CARTESIAN_POINT ( 'NONE',  ( 59.61537401907320799, 9.629507715568610848, 99.99999999999998579 ) ) ;
#1108 = VECTOR ( 'NONE', #352, 1000.000000000000000 ) ;
#1109 = CARTESIAN_POINT ( 'NONE',  ( 106.0000000000000142, 0.000000000000000000, -6.000000000000000888 ) ) ;
#1110 = CARTESIAN_POINT ( 'NONE',  ( 40.75670315645722752, 9.191966144856516863, 99.99999999999998579 ) ) ;
#1111 = ORIENTED_EDGE ( 'NONE', *, *, #36, .F. ) ;
#1112 = CARTESIAN_POINT ( 'NONE',  ( 80.84684781663671060, 9.071089163026684332, 100.0000000000000142 ) ) ;
#1113 = ORIENTED_EDGE ( 'NONE', *, *, #1, .T. ) ;
#1114 = CARTESIAN_POINT ( 'NONE',  ( 0.4710275600415467223, 9.612314207432826052, -0.000000000000000000 ) ) ;
#1115 = CARTESIAN_POINT ( 'NONE',  ( 58.94599061217030567, 8.777372264879639729, -0.000000000000000000 ) ) ;
#1116 = CARTESIAN_POINT ( 'NONE',  ( 18.46410161513774639, 8.000000000000005329, 100.0000000000000000 ) ) ;
#1117 = CARTESIAN_POINT ( 'NONE',  ( 49.47622094290321115, 9.480914131603691786, 99.99999999999997158 ) ) ;
#1118 = EDGE_CURVE ( 'NONE', #290, #1798, #1102, .T. ) ;
#1119 = SURFACE_STYLE_USAGE ( .BOTH. , #433 ) ;
#1120 = DIRECTION ( 'NONE',  ( 0.000000000000000000, -0.000000000000000000, 1.000000000000000000 ) ) ;
#1121 = ORIENTED_EDGE ( 'NONE', *, *, #1543, .T. ) ;
#1122 = FACE_OUTER_BOUND ( 'NONE', #26, .T. ) ;
#1123 = VERTEX_POINT ( 'NONE', #393 ) ;
#1124 = CARTESIAN_POINT ( 'NONE',  ( 50.47045840421073848, 9.537980830263432352, 0.000000000000000000 ) ) ;
#1125 = CARTESIAN_POINT ( 'NONE',  ( 49.70759351179027163, 9.734412285254764541, -0.000000000000000000 ) ) ;
#1126 = EDGE_CURVE ( 'NONE', #1567, #914, #2032, .T. ) ;
#1127 = DIRECTION ( 'NONE',  ( 1.000000000000000000, 0.000000000000000000, 0.000000000000000000 ) ) ;
#1128 = VERTEX_POINT ( 'NONE', #2065 ) ;
#1129 = CARTESIAN_POINT ( 'NONE',  ( 5.000000000000000000, 10.00000000000000178, 0.000000000000000000 ) ) ;
#1130 = ORIENTED_EDGE ( 'NONE', *, *, #559, .T. ) ;
#1131 =( BOUNDED_SURFACE ( )  B_SPLINE_SURFACE ( 2, 3, ( 
 ( #1746, #238, #1394, #1899 ),
 ( #562, #1734, #913, #1565 ),
 ( #229, #37, #1547, #1403 ) ),
 .UNSPECIFIED., .F., .F., .T. ) 
 B_SPLINE_SURFACE_WITH_KNOTS ( ( 3, 3 ),
 ( 4, 4 ),
 ( 0.000000000000000000, 1.000000000000000000 ),
 ( -0.005000000000000000971, 0.1050000000000000100 ),
 .UNSPECIFIED. ) 
 GEOMETRIC_REPRESENTATION_ITEM ( )  RATIONAL_B_SPLINE_SURFACE ( (
 ( 1.000000000000000000, 1.000000000000000000, 1.000000000000000000, 1.000000000000000000),
 ( 0.8660254037844388186, 0.8660254037844388186, 0.8660254037844388186, 0.8660254037844388186),
 ( 1.000000000000000000, 1.000000000000000000, 1.000000000000000000, 1.000000000000000000) ) ) 
 REPRESENTATION_ITEM ( '' )  SURFACE ( )  );
#1132 = CARTESIAN_POINT ( 'NONE',  ( 0.8532747801760565132, 9.099089281857569489, -0.000000000000000000 ) ) ;
#1133 = CARTESIAN_POINT ( 'NONE',  ( 9.124515398204440686, 9.031692308823144444, -0.000000000000000000 ) ) ;
#1134 = EDGE_LOOP ( 'NONE', ( #635, #55, #1964, #1574 ) ) ;
#1135 = CARTESIAN_POINT ( 'NONE',  ( 79.34571254072372426, 9.324934914857632151, 99.99999999999997158 ) ) ;
#1136 = CARTESIAN_POINT ( 'NONE',  ( 69.61880215351700940, 10.00000000000000178, 105.0000000000000000 ) ) ;
#1137 = CARTESIAN_POINT ( 'NONE',  ( 99.52897564806802677, 9.612314421783681340, 100.0000000000000284 ) ) ;
#1138 = STYLED_ITEM ( 'NONE', ( #1929 ), #260 ) ;
#1139 = CARTESIAN_POINT ( 'NONE',  ( 19.61880215351700585, 10.00000000000000178, 68.33333333333332860 ) ) ;
#1140 = CARTESIAN_POINT ( 'NONE',  ( 0.5072415452773155753, 9.568331014601868745, 100.0000000000000142 ) ) ;
#1141 = CARTESIAN_POINT ( 'NONE',  ( 61.53589838486222874, 8.000000000000000000, -5.000000000000000888 ) ) ;
#1142 = CARTESIAN_POINT ( 'NONE',  ( 1.533333333334352622, 8.004449393718704897, -5.000000000000000888 ) ) ;
#1143 = ORIENTED_EDGE ( 'NONE', *, *, #523, .F. ) ;
#1144 = EDGE_CURVE ( 'NONE', #233, #192, #625, .T. ) ;
#1145 = CARTESIAN_POINT ( 'NONE',  ( 49.99999999859918631, 9.941275563605898924, 8.764894526287894013E-16 ) ) ;
#1146 =( BOUNDED_SURFACE ( )  B_SPLINE_SURFACE ( 2, 3, ( 
 ( #1142, #327, #666, #1859 ),
 ( #2162, #1503, #811, #137 ),
 ( #1006, #353, #1318, #1814 ) ),
 .UNSPECIFIED., .F., .F., .F. ) 
 B_SPLINE_SURFACE_WITH_KNOTS ( ( 3, 3 ),
 ( 4, 4 ),
 ( 0.000000000000000000, 1.000000000000000000 ),
 ( -0.005000000000000000971, 0.1050000000000000100 ),
 .UNSPECIFIED. ) 
 GEOMETRIC_REPRESENTATION_ITEM ( )  RATIONAL_B_SPLINE_SURFACE ( (
 ( 1.000000000000000000, 1.000000000000000000, 1.000000000000000000, 1.000000000000000000),
 ( 0.8819171036881858772, 0.8819171036881858772, 0.8819171036881867654, 0.8819171036881867654),
 ( 1.000000000000000000, 1.000000000000000000, 1.000000000000000000, 1.000000000000000000) ) ) 
 REPRESENTATION_ITEM ( '' )  SURFACE ( )  );
#1147 = CARTESIAN_POINT ( 'NONE',  ( 8.464101615137757051, 8.000000000000000000, 105.0000000000000000 ) ) ;
#1148 = CARTESIAN_POINT ( 'NONE',  ( 70.43345604419729966, 9.578307932948154857, -0.000000000000000000 ) ) ;
#1149 = CARTESIAN_POINT ( 'NONE',  ( 60.52316118354332275, 9.481619782005143549, 100.0000000000000000 ) ) ;
#1150 = CARTESIAN_POINT ( 'NONE',  ( 40.19615242270661781, 10.00000000000000000, 105.0000000000000000 ) ) ;
#1151 = CARTESIAN_POINT ( 'NONE',  ( 29.11428598038695625, 9.017545163095633143, -0.000000000000000000 ) ) ;
#1152 = CARTESIAN_POINT ( 'NONE',  ( 30.00008457952332108, 9.941434512409204061, 99.99999999999994316 ) ) ;
#1153 = EDGE_LOOP ( 'NONE', ( #128, #1582, #791, #848 ) ) ;
#1154 = EDGE_CURVE ( 'NONE', #1123, #1922, #548, .T. ) ;
#1155 = CARTESIAN_POINT ( 'NONE',  ( 50.39512837032000903, 9.619039585386621738, -0.000000000000000000 ) ) ;
#1156 = CARTESIAN_POINT ( 'NONE',  ( 14.99999999999999645, 10.00000000000000178, 100.0000000000000000 ) ) ;
#1157 = CARTESIAN_POINT ( 'NONE',  ( 79.61537401907268929, 9.629507715568419002, 100.0000000000000000 ) ) ;
#1158 = CARTESIAN_POINT ( 'NONE',  ( 70.32026527603224508, 9.695347532244769084, -0.000000000000000000 ) ) ;
#1159 = CARTESIAN_POINT ( 'NONE',  ( 99.19798408635107023, 9.173431970493213683, 99.99999999999998579 ) ) ;
#1160 = CARTESIAN_POINT ( 'NONE',  ( 80.38119784648294797, 10.00000000000000178, 68.33333333333332860 ) ) ;
#1161 = CARTESIAN_POINT ( 'NONE',  ( 9.803847577293369753, 10.00000000000000000, 68.33333333333332860 ) ) ;
#1162 = DIRECTION ( 'NONE',  ( 1.000000000000000000, 0.000000000000000000, 0.000000000000000000 ) ) ;
#1163 = FACE_OUTER_BOUND ( 'NONE', #57, .T. ) ;
#1164 = ORIENTED_EDGE ( 'NONE', *, *, #1872, .T. ) ;
#1165 = CARTESIAN_POINT ( 'NONE',  ( 99.13427605915813956, 9.080855538711869457, 0.000000000000000000 ) ) ;
#1166 = CARTESIAN_POINT ( 'NONE',  ( 11.07345529927947325, 8.761013636532483773, 99.99999999999998579 ) ) ;
#1167 = CARTESIAN_POINT ( 'NONE',  ( 91.30456421820466062, 8.400682530177421725, -0.000000000000000000 ) ) ;
#1168 = CARTESIAN_POINT ( 'NONE',  ( 80.80269880976761954, 9.130859443940591902, -0.000000000000000000 ) ) ;
#1169 = EDGE_CURVE ( 'NONE', #1962, #2120, #1228, .T. ) ;
#1170 = CARTESIAN_POINT ( 'NONE',  ( 80.00008457952395702, 9.941434512410440405, 100.0000000000000000 ) ) ;
#1171 = CARTESIAN_POINT ( 'NONE',  ( 40.80269880976769770, 9.130859443940542164, -0.000000000000000000 ) ) ;
#1172 = CARTESIAN_POINT ( 'NONE',  ( 40.19615242270661781, 10.00000000000000000, 68.33333333333332860 ) ) ;
#1173 = COLOUR_RGB ( '',0.7921568627450980005, 0.8196078431372548767, 0.9333333333333333481 ) ;
#1174 = CARTESIAN_POINT ( 'NONE',  ( 11.53589838486224650, 8.000000000000001776, 105.0000000000000000 ) ) ;
#1175 = DIRECTION ( 'NONE',  ( 1.000000000000000000, 0.000000000000000000, 0.000000000000000000 ) ) ;
#1176 = ORIENTED_EDGE ( 'NONE', *, *, #414, .F. ) ;
#1177 = CARTESIAN_POINT ( 'NONE',  ( 68.69214240787471226, 8.394978239218701788, 99.99999999999998579 ) ) ;
#1178 = CARTESIAN_POINT ( 'NONE',  ( 19.09038262803573360, 8.984275074931444394, -0.000000000000000000 ) ) ;
#1179 = CARTESIAN_POINT ( 'NONE',  ( 79.57729493378199948, 9.590245778653160968, 100.0000000000000142 ) ) ;
#1180 = LINE ( 'NONE', #2010, #150 ) ;
#1181 = CARTESIAN_POINT ( 'NONE',  ( 60.32434393236469816, 9.690195184182856636, 99.99999999999998579 ) ) ;
#1182 = CARTESIAN_POINT ( 'NONE',  ( 39.04243708022501380, 8.916694572736410862, -0.000000000000000000 ) ) ;
#1183 = ADVANCED_FACE ( 'NONE', ( #457 ), #1306, .F. ) ;
#1184 = CARTESIAN_POINT ( 'NONE',  ( 29.64212491634371816, 9.656662923518213759, 100.0000000000000000 ) ) ;
#1185 = CARTESIAN_POINT ( 'NONE',  ( 29.13385821912598672, 9.044580737700325557, 0.000000000000000000 ) ) ;
#1186 = DIRECTION ( 'NONE',  ( 0.000000000000000000, 0.000000000000000000, 1.000000000000000000 ) ) ;
#1187 = CARTESIAN_POINT ( 'NONE',  ( 29.99999999999825562, 9.941275564351711225, 66.66666666666672825 ) ) ;
#1188 = ORIENTED_EDGE ( 'NONE', *, *, #1118, .T. ) ;
#1189 = ORIENTED_EDGE ( 'NONE', *, *, #319, .F. ) ;
#1190 = CARTESIAN_POINT ( 'NONE',  ( 70.00008457952314700, 9.941434512408854118, 99.99999999999997158 ) ) ;
#1191 = CARTESIAN_POINT ( 'NONE',  ( 19.13133170429444618, 9.041098969644655980, -0.000000000000000000 ) ) ;
#1192 = CARTESIAN_POINT ( 'NONE',  ( 20.00008457952352714, 9.941434512409593083, 99.99999999999997158 ) ) ;
#1193 = CARTESIAN_POINT ( 'NONE',  ( 80.83234367031049317, 9.090800783495117443, -0.000000000000000000 ) ) ;
#1194 = CARTESIAN_POINT ( 'NONE',  ( 79.99999999999820943, 9.941275564351702343, 66.66666666666664298 ) ) ;
#1195 = CARTESIAN_POINT ( 'NONE',  ( 39.50168059352670014, 9.506988523359670040, -0.000000000000000000 ) ) ;
#1196 = CARTESIAN_POINT ( 'NONE',  ( 29.57729493378176855, 9.590245778651455666, 100.0000000000000142 ) ) ;
#1197 = CARTESIAN_POINT ( 'NONE',  ( 48.46410161513774284, 8.000000000000007105, 100.0000000000000000 ) ) ;
#1198 = CARTESIAN_POINT ( 'NONE',  ( 29.12451539820441937, 9.031692308823137338, -0.000000000000000000 ) ) ;
#1199 = EDGE_CURVE ( 'NONE', #2120, #1793, #968, .T. ) ;
#1200 = CARTESIAN_POINT ( 'NONE',  ( 59.80384757729335377, 10.00000000000000000, -5.000000000000000888 ) ) ;
#1201 = ORIENTED_EDGE ( 'NONE', *, *, #931, .T. ) ;
#1202 = B_SPLINE_CURVE_WITH_KNOTS ( 'NONE', 3,
 ( #1629, #142, #617, #977 ),
 .UNSPECIFIED., .F., .F.,
 ( 4, 4 ),
 ( 0.000000000000000000, 1.000000000000000000 ),
 .UNSPECIFIED. ) ;
#1203 = CARTESIAN_POINT ( 'NONE',  ( 51.53589838486222874, 7.999999999999994671, 100.0000000000000000 ) ) ;
#1204 = CARTESIAN_POINT ( 'NONE',  ( 19.70759351179026453, 9.734412285254752106, -0.000000000000000000 ) ) ;
#1205 = CARTESIAN_POINT ( 'NONE',  ( 90.00008457952351648, 9.941434512409658808, 99.99999999999997158 ) ) ;
#1206 = CARTESIAN_POINT ( 'NONE',  ( 59.61880215351697387, 10.00000000000000000, 105.0000000000000000 ) ) ;
#1207 = CARTESIAN_POINT ( 'NONE',  ( 30.38119784648299060, 10.00000000000000533, 105.0000000000000142 ) ) ;
#1208 =( BOUNDED_SURFACE ( )  B_SPLINE_SURFACE ( 2, 3, ( 
 ( #1970, #1811, #1172, #1150 ),
 ( #8, #845, #461, #299 ),
 ( #1479, #808, #1691, #134 ) ),
 .UNSPECIFIED., .F., .F., .F. ) 
 B_SPLINE_SURFACE_WITH_KNOTS ( ( 3, 3 ),
 ( 4, 4 ),
 ( 0.000000000000000000, 1.000000000000000000 ),
 ( -0.005000000000000000971, 0.1050000000000000100 ),
 .UNSPECIFIED. ) 
 GEOMETRIC_REPRESENTATION_ITEM ( )  RATIONAL_B_SPLINE_SURFACE ( (
 ( 1.000000000000000000, 1.000000000000000000, 1.000000000000000000, 1.000000000000000000),
 ( 0.8660254037844385966, 0.8660254037844385966, 0.8660254037844385966, 0.8660254037844385966),
 ( 1.000000000000000000, 1.000000000000000000, 1.000000000000000000, 1.000000000000000000) ) ) 
 REPRESENTATION_ITEM ( '' )  SURFACE ( )  );
#1209 = CARTESIAN_POINT ( 'NONE',  ( 39.86467886965767349, 9.869137622017218447, -0.000000000000000000 ) ) ;
#1210 = CARTESIAN_POINT ( 'NONE',  ( 40.47045840421075269, 9.537980830263423471, 0.000000000000000000 ) ) ;
#1211 = PRODUCT_DEFINITION_CONTEXT ( 'detailed design', #588, 'design' ) ;
#1212 = ORIENTED_EDGE ( 'NONE', *, *, #574, .T. ) ;
#1213 = CARTESIAN_POINT ( 'NONE',  ( 69.67454730422406328, 9.689094678226654267, 100.0000000000000142 ) ) ;
#1214 = EDGE_CURVE ( 'NONE', #534, #889, #1320, .T. ) ;
#1215 = CARTESIAN_POINT ( 'NONE',  ( 28.46410161513775705, 8.000000000000000000, 68.33333333333332860 ) ) ;
#1216 = EDGE_LOOP ( 'NONE', ( #874, #1726, #1752, #885 ) ) ;
#1217 = CARTESIAN_POINT ( 'NONE',  ( 80.53390854985191538, 9.467921750184437713, 0.000000000000000000 ) ) ;
#1218 = CARTESIAN_POINT ( 'NONE',  ( 11.53589838486224473, 8.000000000000003553, 66.66666666666672825 ) ) ;
#1219 = CARTESIAN_POINT ( 'NONE',  ( 18.69214240787803760, 8.394978239224471395, 100.0000000000000000 ) ) ;
#1220 = CARTESIAN_POINT ( 'NONE',  ( 31.53589838486223940, 7.999999999999996447, 100.0000000000000000 ) ) ;
#1221 =( BOUNDED_SURFACE ( )  B_SPLINE_SURFACE ( 2, 3, ( 
 ( #1728, #59, #207, #566 ),
 ( #1241, #1720, #578, #2064 ),
 ( #418, #906, #1215, #77 ) ),
 .UNSPECIFIED., .F., .F., .T. ) 
 B_SPLINE_SURFACE_WITH_KNOTS ( ( 3, 3 ),
 ( 4, 4 ),
 ( 0.000000000000000000, 1.000000000000000000 ),
 ( -0.005000000000000000971, 0.1050000000000000100 ),
 .UNSPECIFIED. ) 
 GEOMETRIC_REPRESENTATION_ITEM ( )  RATIONAL_B_SPLINE_SURFACE ( (
 ( 1.000000000000000000, 1.000000000000000000, 1.000000000000000000, 1.000000000000000000),
 ( 0.8660254037844385966, 0.8660254037844385966, 0.8660254037844385966, 0.8660254037844385966),
 ( 1.000000000000000000, 1.000000000000000000, 1.000000000000000000, 1.000000000000000000) ) ) 
 REPRESENTATION_ITEM ( '' )  SURFACE ( )  );
#1222 = VERTEX_POINT ( 'NONE', #1945 ) ;
#1223 = CARTESIAN_POINT ( 'NONE',  ( 81.53589838486222163, 7.999999999999996447, 100.0000000000000000 ) ) ;
#1224 = ORIENTED_EDGE ( 'NONE', *, *, #294, .F. ) ;
#1225 = CARTESIAN_POINT ( 'NONE',  ( 0.4593767980479442348, 9.626251233037702804, -0.000000000000000000 ) ) ;
#1226 = CARTESIAN_POINT ( 'NONE',  ( 49.09038262803574781, 8.984275074931456828, -0.000000000000000000 ) ) ;
#1227 = CARTESIAN_POINT ( 'NONE',  ( 39.52594940020334491, 9.534016541882028406, 0.000000000000000000 ) ) ;
#1228 = B_SPLINE_CURVE_WITH_KNOTS ( 'NONE', 3,
 ( #1773, #265, #1608, #721, #2058, #551, #1225, #1114, #99, #1792, #1617, #467, #996, #1278, #1783, #284, #2123, #1132, #119, #1802, #2152, #1289 ),
 .UNSPECIFIED., .F., .F.,
 ( 4, 1, 1, 1, 1, 1, 1, 2, 2, 1, 1, 1, 1, 2, 2, 4 ),
 ( 0.000000000000000000, 0.1250000000000096312, 0.1875000000000137668, 0.2187500000000164313, 0.2343750000000177636, 0.2421875000000179023, 0.2460937500000184852, 0.2480468750000192901, 0.2500000000000200950, 0.3750000000000164868, 0.4375000000000146549, 0.4687500000000137113, 0.4843750000000132117, 0.4921875000000122680, 0.5000000000000113243, 1.000000000000000000 ),
 .UNSPECIFIED. ) ;
#1229 = ORIENTED_EDGE ( 'NONE', *, *, #1100, .T. ) ;
#1230 = EDGE_LOOP ( 'NONE', ( #1044, #1417, #680, #98 ) ) ;
#1231 = CARTESIAN_POINT ( 'NONE',  ( 41.53589838486223584, 8.000000000000000000, -5.000000000000000888 ) ) ;
#1232 = FACE_OUTER_BOUND ( 'NONE', #88, .T. ) ;
#1233 = CARTESIAN_POINT ( 'NONE',  ( 69.30694347299350966, 9.276154032216158640, -0.000000000000000000 ) ) ;
#1234 = CARTESIAN_POINT ( 'NONE',  ( 79.41935621334981477, 9.412357444604857903, -0.000000000000000000 ) ) ;
#1235 = CARTESIAN_POINT ( 'NONE',  ( 38.46410161513774284, 8.000000000000000000, 100.0000000000000000 ) ) ;
#1236 = CARTESIAN_POINT ( 'NONE',  ( 39.57729493377932783, 9.590245778649636677, 99.99999999999998579 ) ) ;
#1237 = EDGE_CURVE ( 'NONE', #379, #222, #1106, .T. ) ;
#1238 = ORIENTED_EDGE ( 'NONE', *, *, #1725, .F. ) ;
#1239 = ORIENTED_EDGE ( 'NONE', *, *, #242, .T. ) ;
#1240 = CARTESIAN_POINT ( 'NONE',  ( 19.80384757729335377, 10.00000000000000000, -5.000000000000000888 ) ) ;
#1241 = CARTESIAN_POINT ( 'NONE',  ( 29.61880215351700585, 10.00000000000000533, -5.000000000000002665 ) ) ;
#1242 = VERTEX_POINT ( 'NONE', #813 ) ;
#1243 = CIRCLE ( 'NONE', #1385, 4.000000000000003553 ) ;
#1244 = CARTESIAN_POINT ( 'NONE',  ( 68.94599061217034830, 8.777372264879673480, -0.000000000000000000 ) ) ;
#1245 =( GEOMETRIC_REPRESENTATION_CONTEXT ( 3 ) GLOBAL_UNCERTAINTY_ASSIGNED_CONTEXT ( ( #1339 ) ) GLOBAL_UNIT_ASSIGNED_CONTEXT ( ( #1379, #718, #888 ) ) REPRESENTATION_CONTEXT ( 'NONE', 'WORKASPACE' ) );
#1246 = CARTESIAN_POINT ( 'NONE',  ( 79.99999999859919342, 9.941275563605900700, 1.570816940705208036E-15 ) ) ;
#1247 = CARTESIAN_POINT ( 'NONE',  ( 81.53589838486222163, 8.000000000000003553, 33.33333333333335702 ) ) ;
#1248 = CARTESIAN_POINT ( 'NONE',  ( 59.24324900595452448, 9.191887610083485427, 99.99999999999998579 ) ) ;
#1249 = EDGE_CURVE ( 'NONE', #1971, #1793, #2011, .T. ) ;
#1250 = CARTESIAN_POINT ( 'NONE',  ( 70.37178694261669420, 9.642602921779706904, 100.0000000000000142 ) ) ;
#1251 = ORIENTED_EDGE ( 'NONE', *, *, #2027, .F. ) ;
#1252 = CARTESIAN_POINT ( 'NONE',  ( 10.74397321632420876, 9.208838152457841986, -0.000000000000000000 ) ) ;
#1253 = B_SPLINE_CURVE_WITH_KNOTS ( 'NONE', 3,
 ( #986, #1010, #1299, #1497, #659, #637, #1333, #1988, #1308, #804, #1486, #468, #1999, #649, #491, #1851, #307, #1321, #320, #1167, #332 ),
 .UNSPECIFIED., .F., .F.,
 ( 4, 1, 1, 1, 1, 1, 2, 2, 1, 1, 1, 1, 2, 2, 4 ),
 ( 0.000000000000000000, 0.1249999999996977418, 0.1874999999995522748, 0.2187499999994840794, 0.2343749999994499955, 0.2421874999994329813, 0.2460937499994282907, 0.2499999999994236277, 0.3749999999994877986, 0.4374999999995138333, 0.4687499999995316524, 0.4843749999995359823, 0.4921874999995380917, 0.4999999999995402566, 1.000000000000000000 ),
 .UNSPECIFIED. ) ;
#1254 = DIRECTION ( 'NONE',  ( 1.000000000000000000, 0.000000000000000000, 0.000000000000000000 ) ) ;
#1255 = ORIENTED_EDGE ( 'NONE', *, *, #1049, .T. ) ;
#1256 = CARTESIAN_POINT ( 'NONE',  ( 39.99999999859920052, 9.941275563605906029, 5.781662353183864041E-16 ) ) ;
#1257 = CARTESIAN_POINT ( 'NONE',  ( 90.19240026717950798, 9.816087656025054287, 100.0000000000000142 ) ) ;
#1258 = FACE_OUTER_BOUND ( 'NONE', #983, .T. ) ;
#1259 = CARTESIAN_POINT ( 'NONE',  ( 51.53589838486222874, 8.000000000000000000, 68.33333333333332860 ) ) ;
#1260 = FILL_AREA_STYLE ('',( #104 ) ) ;
#1261 = CARTESIAN_POINT ( 'NONE',  ( 41.53589838486223584, 8.000000000000000000, 100.0000000000000000 ) ) ;
#1262 = EDGE_CURVE ( 'NONE', #1718, #86, #949, .T. ) ;
#1263 = ORIENTED_EDGE ( 'NONE', *, *, #218, .T. ) ;
#1264 = FACE_OUTER_BOUND ( 'NONE', #1288, .T. ) ;
#1265 = ORIENTED_EDGE ( 'NONE', *, *, #1908, .T. ) ;
#1266 = ADVANCED_FACE ( 'NONE', ( #1965 ), #477, .F. ) ;
#1267 = CARTESIAN_POINT ( 'NONE',  ( 69.09038262803578334, 8.984275074931469263, -0.000000000000000000 ) ) ;
#1268 = CARTESIAN_POINT ( 'NONE',  ( 79.47442819776206591, 9.476161161921091036, -0.000000000000000000 ) ) ;
#1269 = PRODUCT ( 'arcenypen', 'arcenypen', '', ( #1710 ) ) ;
#1270 = CARTESIAN_POINT ( 'NONE',  ( 59.04243708022502801, 8.916694572736410862, -0.000000000000000000 ) ) ;
#1271 = CARTESIAN_POINT ( 'NONE',  ( 59.64212491634279445, 9.656662923517263408, 99.99999999999998579 ) ) ;
#1272 = CYLINDRICAL_SURFACE ( 'NONE', #1534, 3.999999999999996447 ) ;
#1273 = CARTESIAN_POINT ( 'NONE',  ( 40.32434393236568582, 9.690195184181494170, 100.0000000000000000 ) ) ;
#1274 = CARTESIAN_POINT ( 'NONE',  ( 50.00008457952343122, 9.941434512409449198, 100.0000000000000000 ) ) ;
#1275 = DIRECTION ( 'NONE',  ( 1.000000000000000000, 0.000000000000000000, 0.000000000000000000 ) ) ;
#1276 = ORIENTED_EDGE ( 'NONE', *, *, #269, .T. ) ;
#1277 = EDGE_CURVE ( 'NONE', #655, #232, #2117, .T. ) ;
#1278 = CARTESIAN_POINT ( 'NONE',  ( 0.7435956614368236517, 9.256668671559838302, -0.000000000000000000 ) ) ;
#1279 = AXIS2_PLACEMENT_3D ( 'NONE', #1345, #1528, #2009 ) ;
#1280 = CARTESIAN_POINT ( 'NONE',  ( 49.30694347299345992, 9.276154032216133771, -0.000000000000000000 ) ) ;
#1281 = AXIS2_PLACEMENT_3D ( 'NONE', #261, #1921, #453 ) ;
#1282 = CARTESIAN_POINT ( 'NONE',  ( 39.15313040831252067, 9.071074753938148660, 100.0000000000000142 ) ) ;
#1283 = CARTESIAN_POINT ( 'NONE',  ( 20.00008457952352714, 9.941434512409593083, 99.99999999999997158 ) ) ;
#1284 = B_SPLINE_CURVE_WITH_KNOTS ( 'NONE', 3,
 ( #1690, #388, #1889, #1946, #1307, #954, #1432, #1133, #1966, #111, #285, #1453, #794, #1803, #975, #1977, #2097, #490, #997, #1540, #194, #1656 ),
 .UNSPECIFIED., .F., .F.,
 ( 4, 1, 1, 1, 1, 1, 2, 2, 1, 1, 1, 1, 1, 2, 2, 4 ),
 ( 0.000000000000000000, 0.2499999999999930056, 0.3749999999999898415, 0.4374999999999885092, 0.4687499999999888423, 0.4843749999999892308, 0.4921874999999894529, 0.4999999999999896749, 0.6249999999999812372, 0.6874999999999767963, 0.7187499999999745759, 0.7343749999999742428, 0.7421874999999732436, 0.7460937499999735767, 0.7499999999999739098, 1.000000000000000000 ),
 .UNSPECIFIED. ) ;
#1285 = CARTESIAN_POINT ( 'NONE',  ( 41.30804228494577757, 8.394658341869822848, 100.0000000000000284 ) ) ;
#1286 = ORIENTED_EDGE ( 'NONE', *, *, #574, .F. ) ;
#1287 = FACE_OUTER_BOUND ( 'NONE', #907, .T. ) ;
#1288 = EDGE_LOOP ( 'NONE', ( #274, #1473, #1439, #1504 ) ) ;
#1289 = CARTESIAN_POINT ( 'NONE',  ( 1.533333333334389703, 8.004449393718727990, 0.000000000000000000 ) ) ;
#1290 = CARTESIAN_POINT ( 'NONE',  ( 10.19615242270663380, 10.00000000000000000, -5.000000000000000888 ) ) ;
#1291 = CARTESIAN_POINT ( 'NONE',  ( 91.53589838486220742, 7.999999999999998224, -5.000000000000000888 ) ) ;
#1292 =( NAMED_UNIT ( * ) SI_UNIT ( $, .STERADIAN. ) SOLID_ANGLE_UNIT ( ) );
#1293 = CARTESIAN_POINT ( 'NONE',  ( 70.19240026717902481, 9.816087656020734187, 100.0000000000000142 ) ) ;
#1294 = ORIENTED_EDGE ( 'NONE', *, *, #1249, .T. ) ;
#1295 = CARTESIAN_POINT ( 'NONE',  ( 0.000000000000000000, 0.000000000000000000, 0.000000000000000000 ) ) ;
#1296 = VERTEX_POINT ( 'NONE', #1524 ) ;
#1297 = DIRECTION ( 'NONE',  ( -0.000000000000000000, 0.000000000000000000, -1.000000000000000000 ) ) ;
#1298 =( BOUNDED_CURVE ( )  B_SPLINE_CURVE ( 3, ( #527, #165, #1837, #863 ),
 .UNSPECIFIED., .F., .F. ) 
 B_SPLINE_CURVE_WITH_KNOTS ( ( 4, 4 ),
 ( 0.000000000000000000, 1.000000000000000000 ),
 .UNSPECIFIED. ) 
 CURVE ( )  GEOMETRIC_REPRESENTATION_ITEM ( )  RATIONAL_B_SPLINE_CURVE ( ( 0.9625270596227621933, 0.9625270596227621933, 0.9625270596227621933, 0.9625270596227621933 ) ) 
 REPRESENTATION_ITEM ( '' )  );
#1299 = CARTESIAN_POINT ( 'NONE',  ( 90.17770810132385861, 9.827341993886097526, -0.000000000000000000 ) ) ;
#1300 = CARTESIAN_POINT ( 'NONE',  ( 99.60858813032587022, 9.705322507133278265, 100.0000000000000284 ) ) ;
#1301 = CARTESIAN_POINT ( 'NONE',  ( 78.46410161513773573, 8.000000000000000000, 0.000000000000000000 ) ) ;
#1302 = CARTESIAN_POINT ( 'NONE',  ( 51.53589838486222874, 7.999999999999994671, 100.0000000000000000 ) ) ;
#1303 = CARTESIAN_POINT ( 'NONE',  ( 1.224646799147352744E-14, 14.00000000000000000, 100.0000000000000000 ) ) ;
#1304 = VERTEX_POINT ( 'NONE', #356 ) ;
#1305 = B_SPLINE_CURVE_WITH_KNOTS ( 'NONE', 3,
 ( #19, #688, #1363, #133 ),
 .UNSPECIFIED., .F., .F.,
 ( 4, 4 ),
 ( 0.000000000000000000, 1.000000000000000000 ),
 .UNSPECIFIED. ) ;
#1306 = PLANE ( 'NONE',  #434 ) ;
#1307 = CARTESIAN_POINT ( 'NONE',  ( 9.042437080225036894, 8.916694572736401980, -0.000000000000000000 ) ) ;
#1308 = CARTESIAN_POINT ( 'NONE',  ( 90.46678306989731766, 9.542029531859034464, -0.000000000000000000 ) ) ;
#1309 = CARTESIAN_POINT ( 'NONE',  ( 70.85877323421874507, 9.054706392435464934, 0.000000000000000000 ) ) ;
#1310 = AXIS2_PLACEMENT_3D ( 'NONE', #511, #146, #1315 ) ;
#1311 = DIRECTION ( 'NONE',  ( -0.000000000000000000, -0.000000000000000000, 1.000000000000000000 ) ) ;
#1312 = CIRCLE ( 'NONE', #329, 4.000000000000003553 ) ;
#1313 = CIRCLE ( 'NONE', #20, 4.000000000000003553 ) ;
#1314 = CARTESIAN_POINT ( 'NONE',  ( 20.19615242270662137, 10.00000000000000000, 68.33333333333332860 ) ) ;
#1315 = DIRECTION ( 'NONE',  ( 1.000000000000000000, 0.000000000000000000, 0.000000000000000000 ) ) ;
#1316 = EDGE_CURVE ( 'NONE', #383, #1848, #125, .T. ) ;
#1317 = CARTESIAN_POINT ( 'NONE',  ( 100.0000000000000000, 14.00000000000000000, -6.000000000000000000 ) ) ;
#1318 = CARTESIAN_POINT ( 'NONE',  ( -1.651239908695423253E-13, 9.999999999997337241, 68.33333333333332860 ) ) ;
#1319 = ORIENTED_EDGE ( 'NONE', *, *, #255, .F. ) ;
#1320 = LINE ( 'NONE', #2141, #1352 ) ;
#1321 = CARTESIAN_POINT ( 'NONE',  ( 90.85877323421874507, 9.054706392435461382, 0.000000000000000000 ) ) ;
#1322 = CARTESIAN_POINT ( 'NONE',  ( 68.46410161513776416, 7.999999999999998224, -5.000000000000000888 ) ) ;
#1323 = CARTESIAN_POINT ( 'NONE',  ( 41.53589838486223584, 8.000000000000000000, 0.000000000000000000 ) ) ;
#1324 = CARTESIAN_POINT ( 'NONE',  ( 18.46410161513774639, 8.000000000000001776, 0.000000000000000000 ) ) ;
#1325 = CYLINDRICAL_SURFACE ( 'NONE', #1310, 4.000000000000003553 ) ;
#1326 = CARTESIAN_POINT ( 'NONE',  ( 30.35663267359602813, 9.657914580165911644, 100.0000000000000142 ) ) ;
#1327 = EDGE_CURVE ( 'NONE', #272, #304, #1527, .T. ) ;
#1328 = CARTESIAN_POINT ( 'NONE',  ( 100.0000000000000000, 14.00000000000000000, 0.000000000000000000 ) ) ;
#1329 = ORIENTED_EDGE ( 'NONE', *, *, #463, .F. ) ;
#1330 = CARTESIAN_POINT ( 'NONE',  ( 99.89389884144060261, 9.992910818146153673, 0.000000000000000000 ) ) ;
#1331 = EDGE_CURVE ( 'NONE', #366, #1922, #1298, .T. ) ;
#1332 = CARTESIAN_POINT ( 'NONE',  ( 19.13385821912597962, 9.044580737700330886, 0.000000000000000000 ) ) ;
#1333 = CARTESIAN_POINT ( 'NONE',  ( 90.45284391281927583, 9.557297686976580664, -0.000000000000000000 ) ) ;
#1334 = CARTESIAN_POINT ( 'NONE',  ( 20.85877323421877350, 9.054706392435473816, 0.000000000000000000 ) ) ;
#1335 = DIRECTION ( 'NONE',  ( 0.000000000000000000, 0.000000000000000000, 1.000000000000000000 ) ) ;
#1336 = CARTESIAN_POINT ( 'NONE',  ( 40.17770810132387282, 9.827341993886115290, -0.000000000000000000 ) ) ;
#1337 = FACE_OUTER_BOUND ( 'NONE', #2021, .T. ) ;
#1338 = CARTESIAN_POINT ( 'NONE',  ( 29.99999999859918987, 9.941275563605888266, 1.320014235886732637E-17 ) ) ;
#1339 = UNCERTAINTY_MEASURE_WITH_UNIT (LENGTH_MEASURE( 1.000000000000000082E-05 ), #1379, 'distance_accuracy_value', 'NONE');
#1340 = CARTESIAN_POINT ( 'NONE',  ( 81.53589838486222163, 8.000000000000000000, 0.000000000000000000 ) ) ;
#1341 = CARTESIAN_POINT ( 'NONE',  ( 100.0070553368297084, 10.00047140451812488, 68.33333333333332860 ) ) ;
#1342 = ORIENTED_EDGE ( 'NONE', *, *, #322, .T. ) ;
#1343 = CARTESIAN_POINT ( 'NONE',  ( 50.65409545730417307, 9.325205900101593670, 100.0000000000000142 ) ) ;
#1344 = CARTESIAN_POINT ( 'NONE',  ( 10.37178694261565859, 9.642602921780621728, 100.0000000000000426 ) ) ;
#1345 = CARTESIAN_POINT ( 'NONE',  ( 54.99999999999997868, 10.00000000000000178, 0.000000000000000000 ) ) ;
#1346 = EDGE_CURVE ( 'NONE', #342, #1594, #1369, .T. ) ;
#1347 = CARTESIAN_POINT ( 'NONE',  ( 20.45284391281931136, 9.557297686976584217, -0.000000000000000000 ) ) ;
#1348 = CARTESIAN_POINT ( 'NONE',  ( 60.75670315645619013, 9.191966144857397936, 100.0000000000000000 ) ) ;
#1349 = CARTESIAN_POINT ( 'NONE',  ( 19.80701961195772043, 9.815566611899738447, 100.0000000000000284 ) ) ;
#1350 = CARTESIAN_POINT ( 'NONE',  ( 31.53589838486223940, 8.000000000000000000, 33.33333333333335702 ) ) ;
#1351 = CARTESIAN_POINT ( 'NONE',  ( 18.46410161513774639, 8.000000000000001776, 105.0000000000000000 ) ) ;
#1352 = VECTOR ( 'NONE', #129, 1000.000000000000000 ) ;
#1353 = CARTESIAN_POINT ( 'NONE',  ( 48.46410161513774284, 8.000000000000007105, 100.0000000000000000 ) ) ;
#1354 = DIRECTION ( 'NONE',  ( 1.309225264888156130E-16, 0.000000000000000000, 1.000000000000000000 ) ) ;
#1355 = CARTESIAN_POINT ( 'NONE',  ( 49.99999999999823785, 9.941275564351711225, 66.66666666666667140 ) ) ;
#1356 = ORIENTED_EDGE ( 'NONE', *, *, #1169, .F. ) ;
#1357 = DIRECTION ( 'NONE',  ( 1.000000000000000000, -0.000000000000000000, -0.000000000000000000 ) ) ;
#1358 = CARTESIAN_POINT ( 'NONE',  ( 10.38323571943468160, 9.630925872319766157, 100.0000000000000426 ) ) ;
#1359 = CARTESIAN_POINT ( 'NONE',  ( 89.47622094291256190, 9.480914131608992435, 99.99999999999998579 ) ) ;
#1360 = CARTESIAN_POINT ( 'NONE',  ( 59.61880215351697387, 10.00000000000000000, 68.33333333333332860 ) ) ;
#1361 = EDGE_CURVE ( 'NONE', #392, #27, #921, .T. ) ;
#1362 = B_SPLINE_CURVE_WITH_KNOTS ( 'NONE', 3,
 ( #1715, #856, #1013, #361, #211, #1382, #1702, #1854, #1557, #200, #1564, #1545, #1062, #1887, #43, #21, #881, #1052, #711, #520, #674 ),
 .UNSPECIFIED., .F., .F.,
 ( 4, 1, 1, 1, 1, 1, 2, 2, 1, 1, 1, 1, 2, 2, 4 ),
 ( 0.000000000000000000, 0.1249999999999993339, 0.1875000000000012768, 0.2187500000000028866, 0.2343750000000043299, 0.2421875000000050238, 0.2460937500000071332, 0.2500000000000092149, 0.3750000000000107692, 0.4375000000000110467, 0.4687500000000099920, 0.4843750000000090483, 0.4921875000000067724, 0.5000000000000044409, 1.000000000000000000 ),
 .UNSPECIFIED. ) ;
#1363 = CARTESIAN_POINT ( 'NONE',  ( 68.46410161513774995, 8.000000000000000000, 33.33333333333335702 ) ) ;
#1364 = CARTESIAN_POINT ( 'NONE',  ( 39.12451539820443713, 9.031692308823147997, -0.000000000000000000 ) ) ;
#1365 = CARTESIAN_POINT ( 'NONE',  ( 100.0000000000000000, 0.000000000000000000, -6.000000000000000000 ) ) ;
#1366 = CARTESIAN_POINT ( 'NONE',  ( 90.65409545731263563, 9.325205900090649536, 99.99999999999997158 ) ) ;
#1367 = CARTESIAN_POINT ( 'NONE',  ( 30.36961805671586134, 9.644817842083687864, 99.99999999999998579 ) ) ;
#1368 = ORIENTED_EDGE ( 'NONE', *, *, #1923, .T. ) ;
#1369 = LINE ( 'NONE', #837, #898 ) ;
#1370 = CARTESIAN_POINT ( 'NONE',  ( 19.52103011339153582, 9.528566755886325623, -0.000000000000000000 ) ) ;
#1371 = CARTESIAN_POINT ( 'NONE',  ( 89.80701961195730121, 9.815566611902614369, 100.0000000000000284 ) ) ;
#1372 = CARTESIAN_POINT ( 'NONE',  ( 59.61880215351697387, 10.00000000000000000, 31.66666666666667496 ) ) ;
#1373 = CARTESIAN_POINT ( 'NONE',  ( 84.99999999999997158, 10.00000000000000178, 0.000000000000000000 ) ) ;
#1374 = CARTESIAN_POINT ( 'NONE',  ( 38.94599061217029856, 8.777372264879629071, -0.000000000000000000 ) ) ;
#1375 = CARTESIAN_POINT ( 'NONE',  ( 29.67454730422404197, 9.689094678226641832, 100.0000000000000000 ) ) ;
#1376 = CARTESIAN_POINT ( 'NONE',  ( 91.53589838486222163, 7.999999999999996447, 100.0000000000000000 ) ) ;
#1377 = ADVANCED_FACE ( 'NONE', ( #1583 ), #314, .T. ) ;
#1378 = CARTESIAN_POINT ( 'NONE',  ( 99.50546553400474181, 9.583880780441980107, -0.000000000000000000 ) ) ;
#1379 =( LENGTH_UNIT ( ) NAMED_UNIT ( * ) SI_UNIT ( .MILLI., .METRE. ) );
#1380 = CARTESIAN_POINT ( 'NONE',  ( 80.43345604419732808, 9.578307932948124659, -0.000000000000000000 ) ) ;
#1381 = CARTESIAN_POINT ( 'NONE',  ( 9.476220942898505584, 9.480914131597533157, 99.99999999999997158 ) ) ;
#1382 = CARTESIAN_POINT ( 'NONE',  ( 30.43345604419732098, 9.578307932948158410, -0.000000000000000000 ) ) ;
#1383 = CARTESIAN_POINT ( 'NONE',  ( 61.53589838486222874, 7.999999999999998224, 66.66666666666672825 ) ) ;
#1384 = DIRECTION ( 'NONE',  ( 0.000000000000000000, 0.000000000000000000, -1.000000000000000000 ) ) ;
#1385 = AXIS2_PLACEMENT_3D ( 'NONE', #2036, #1711, #866 ) ;
#1386 = EDGE_CURVE ( 'NONE', #2120, #1645, #257, .T. ) ;
#1387 = ORIENTED_EDGE ( 'NONE', *, *, #630, .F. ) ;
#1388 = CARTESIAN_POINT ( 'NONE',  ( 50.00008457952343122, 9.941434512409449198, 100.0000000000000000 ) ) ;
#1389 = AXIS2_PLACEMENT_3D ( 'NONE', #10, #678, #1354 ) ;
#1390 = ORIENTED_EDGE ( 'NONE', *, *, #1908, .F. ) ;
#1391 = CARTESIAN_POINT ( 'NONE',  ( 88.75087618632774422, 8.482082435299250989, -0.000000000000000000 ) ) ;
#1392 = CARTESIAN_POINT ( 'NONE',  ( 9.179709084212742454, 9.107121952732258663, 100.0000000000000284 ) ) ;
#1393 = CARTESIAN_POINT ( 'NONE',  ( 39.30694347299345281, 9.276154032216123113, -0.000000000000000000 ) ) ;
#1394 = CARTESIAN_POINT ( 'NONE',  ( 90.19615242270661781, 10.00000000000000000, 68.33333333333332860 ) ) ;
#1395 = EDGE_LOOP ( 'NONE', ( #1319, #1942, #178, #1130 ) ) ;
#1396 = CARTESIAN_POINT ( 'NONE',  ( 10.46120100616089310, 9.548155205898980924, -0.000000000000000000 ) ) ;
#1397 = ORIENTED_EDGE ( 'NONE', *, *, #523, .T. ) ;
#1398 = ADVANCED_FACE ( 'NONE', ( #1264 ), #1596, .T. ) ;
#1399 = CARTESIAN_POINT ( 'NONE',  ( 21.53589838486223229, 8.000000000000000000, 0.000000000000000000 ) ) ;
#1400 = CARTESIAN_POINT ( 'NONE',  ( 106.0000000000000142, 14.00000000000000000, -6.000000000000000888 ) ) ;
#1401 = DIRECTION ( 'NONE',  ( 1.000000000000000000, 0.000000000000000000, 0.000000000000000000 ) ) ;
#1402 = LINE ( 'NONE', #63, #682 ) ;
#1403 = CARTESIAN_POINT ( 'NONE',  ( 88.46410161513774995, 7.999999999999998224, 105.0000000000000000 ) ) ;
#1404 = ORIENTED_EDGE ( 'NONE', *, *, #1424, .F. ) ;
#1405 = ORIENTED_EDGE ( 'NONE', *, *, #294, .T. ) ;
#1406 = CARTESIAN_POINT ( 'NONE',  ( 10.17770810132389947, 9.827341993886097526, -0.000000000000000000 ) ) ;
#1407 = ORIENTED_EDGE ( 'NONE', *, *, #1316, .F. ) ;
#1408 = CARTESIAN_POINT ( 'NONE',  ( 69.12451539820446555, 9.031692308823155102, -0.000000000000000000 ) ) ;
#1409 = CARTESIAN_POINT ( 'NONE',  ( 90.35663267359244344, 9.657914580169730812, 100.0000000000000000 ) ) ;
#1410 = EDGE_CURVE ( 'NONE', #1494, #290, #836, .T. ) ;
#1411 = CARTESIAN_POINT ( 'NONE',  ( 29.80384757729336087, 10.00000000000000000, 31.66666666666667496 ) ) ;
#1412 = CARTESIAN_POINT ( 'NONE',  ( 59.34571254071610014, 9.324934914847720080, 100.0000000000000000 ) ) ;
#1413 = B_SPLINE_CURVE_WITH_KNOTS ( 'NONE', 3,
 ( #365, #1858, #498, #1834 ),
 .UNSPECIFIED., .F., .F.,
 ( 4, 4 ),
 ( 0.000000000000000000, 1.000000000000000000 ),
 .UNSPECIFIED. ) ;
#1414 = CARTESIAN_POINT ( 'NONE',  ( 49.15313040831441782, 9.071074753941477553, 99.99999999999998579 ) ) ;
#1415 = ORIENTED_EDGE ( 'NONE', *, *, #1386, .T. ) ;
#1416 = CARTESIAN_POINT ( 'NONE',  ( 39.80384757729335377, 10.00000000000000000, -5.000000000000000888 ) ) ;
#1417 = ORIENTED_EDGE ( 'NONE', *, *, #1576, .T. ) ;
#1418 = AXIS2_PLACEMENT_3D ( 'NONE', #167, #841, #1509 ) ;
#1419 = CARTESIAN_POINT ( 'NONE',  ( 89.51523589229863376, 9.522133579774052947, -0.000000000000000000 ) ) ;
#1420 = VECTOR ( 'NONE', #1500, 1000.000000000000000 ) ;
#1421 = CARTESIAN_POINT ( 'NONE',  ( 60.32026527603225219, 9.695347532244797506, -0.000000000000000000 ) ) ;
#1422 = CARTESIAN_POINT ( 'NONE',  ( 49.13385821912597606, 9.044580737700327333, 0.000000000000000000 ) ) ;
#1423 = CARTESIAN_POINT ( 'NONE',  ( 39.64212491634191338, 9.656662923516291741, 100.0000000000000142 ) ) ;
#1424 = EDGE_CURVE ( 'NONE', #1935, #1020, #30, .T. ) ;
#1425 = LINE ( 'NONE', #1109, #2051 ) ;
#1426 = ADVANCED_FACE ( 'NONE', ( #1122 ), #1536, .T. ) ;
#1427 = CARTESIAN_POINT ( 'NONE',  ( 48.69214240787736259, 8.394978239223284788, 100.0000000000000000 ) ) ;
#1428 = EDGE_LOOP ( 'NONE', ( #1407, #1405, #536, #1189 ) ) ;
#1429 = CARTESIAN_POINT ( 'NONE',  ( 10.84510905279057802, 9.073403649121337011, -0.000000000000000000 ) ) ;
#1430 = ORIENTED_EDGE ( 'NONE', *, *, #1100, .F. ) ;
#1431 = CARTESIAN_POINT ( 'NONE',  ( 89.52488955130530712, 9.532842748327583493, -0.000000000000000000 ) ) ;
#1432 = CARTESIAN_POINT ( 'NONE',  ( 9.114285980386958030, 9.017545163095636696, -0.000000000000000000 ) ) ;
#1433 = CARTESIAN_POINT ( 'NONE',  ( 79.20670037291888832, 9.144672288300442986, 0.000000000000000000 ) ) ;
#1434 = CARTESIAN_POINT ( 'NONE',  ( 10.19615242270663380, 10.00000000000000000, 68.33333333333332860 ) ) ;
#1435 = CARTESIAN_POINT ( 'NONE',  ( 49.80384757729335377, 10.00000000000000000, 68.33333333333332860 ) ) ;
#1436 = CARTESIAN_POINT ( 'NONE',  ( 49.57729493378249686, 9.590245778652834119, 100.0000000000000142 ) ) ;
#1437 = CARTESIAN_POINT ( 'NONE',  ( 20.52316118354551477, 9.481619782003667396, 99.99999999999997158 ) ) ;
#1438 = CARTESIAN_POINT ( 'NONE',  ( 70.80874150501260544, 9.122691376591120616, 100.0000000000000142 ) ) ;
#1439 = ORIENTED_EDGE ( 'NONE', *, *, #727, .F. ) ;
#1440 = EDGE_CURVE ( 'NONE', #889, #1911, #97, .T. ) ;
#1441 = CARTESIAN_POINT ( 'NONE',  ( 9.999999998599211182, 9.941275563605900700, 3.933642422942452770E-16 ) ) ;
#1442 = ORIENTED_EDGE ( 'NONE', *, *, #2133, .T. ) ;
#1443 = CARTESIAN_POINT ( 'NONE',  ( 50.84510905279053361, 9.073403649121342340, -0.000000000000000000 ) ) ;
#1444 = CARTESIAN_POINT ( 'NONE',  ( 9.999999999998244959, 9.941275564351707672, 66.66666666666664298 ) ) ;
#1445 = CARTESIAN_POINT ( 'NONE',  ( 59.09038262803572650, 8.984275074931451499, -0.000000000000000000 ) ) ;
#1446 = CARTESIAN_POINT ( 'NONE',  ( 58.69214240786986636, 8.394978239210304949, 100.0000000000000284 ) ) ;
#1447 =( LENGTH_UNIT ( ) NAMED_UNIT ( * ) SI_UNIT ( .MILLI., .METRE. ) );
#1448 = CARTESIAN_POINT ( 'NONE',  ( 70.42155132944297691, 9.591449271910100549, 100.0000000000000142 ) ) ;
#1449 = CARTESIAN_POINT ( 'NONE',  ( 0.4836317270866399287, 9.597120669550831096, 100.0000000000000142 ) ) ;
#1450 = CARTESIAN_POINT ( 'NONE',  ( 50.19615242270661071, 10.00000000000000000, -5.000000000000000888 ) ) ;
#1451 = VERTEX_POINT ( 'NONE', #136 ) ;
#1452 = CARTESIAN_POINT ( 'NONE',  ( 8.464101615137755275, 8.000000000000000000, 0.000000000000000000 ) ) ;
#1453 = CARTESIAN_POINT ( 'NONE',  ( 9.306943472993488342, 9.276154032216135548, -0.000000000000000000 ) ) ;
#1454 = VECTOR ( 'NONE', #646, 1000.000000000000000 ) ;
#1455 =( BOUNDED_CURVE ( )  B_SPLINE_CURVE ( 3, ( #310, #1980, #1990, #978 ),
 .UNSPECIFIED., .F., .F. ) 
 B_SPLINE_CURVE_WITH_KNOTS ( ( 4, 4 ),
 ( 0.000000000000000000, 1.000000000000000000 ),
 .UNSPECIFIED. ) 
 CURVE ( )  GEOMETRIC_REPRESENTATION_ITEM ( )  RATIONAL_B_SPLINE_CURVE ( ( 0.9625270596227633035, 0.9625270596227633035, 0.9625270596227633035, 0.9625270596227633035 ) ) 
 REPRESENTATION_ITEM ( '' )  );
#1456 = CARTESIAN_POINT ( 'NONE',  ( 59.52103011339155358, 9.528566755886323847, -0.000000000000000000 ) ) ;
#1457 = VECTOR ( 'NONE', #1676, 1000.000000000000000 ) ;
#1458 = CARTESIAN_POINT ( 'NONE',  ( 70.53390854985191538, 9.467921750184414620, 0.000000000000000000 ) ) ;
#1459 = CARTESIAN_POINT ( 'NONE',  ( 99.94690872973127682, 9.996452690290675847, 100.0000000000000142 ) ) ;
#1460 = CARTESIAN_POINT ( 'NONE',  ( 70.08071695928869360, 9.899085952944592037, 100.0000000000000284 ) ) ;
#1461 = CARTESIAN_POINT ( 'NONE',  ( 0.1061559245164759024, 9.992907158941729762, 99.99999999999997158 ) ) ;
#1462 = CARTESIAN_POINT ( 'NONE',  ( 50.19615242270661071, 10.00000000000000000, 31.66666666666667496 ) ) ;
#1463 = ORIENTED_EDGE ( 'NONE', *, *, #2104, .F. ) ;
#1464 = CARTESIAN_POINT ( 'NONE',  ( 8.464101615137755275, 8.000000000000000000, 33.33333333333335702 ) ) ;
#1465 = EDGE_LOOP ( 'NONE', ( #1708, #354, #1738, #667 ) ) ;
#1466 = CARTESIAN_POINT ( 'NONE',  ( 9.618802153517009401, 10.00000000000000000, 31.66666666666667496 ) ) ;
#1467 = ADVANCED_FACE ( 'NONE', ( #790 ), #2106, .T. ) ;
#1468 = CARTESIAN_POINT ( 'NONE',  ( 88.46410161513773573, 8.000000000000000000, 0.000000000000000000 ) ) ;
#1469 = B_SPLINE_CURVE_WITH_KNOTS ( 'NONE', 3,
 ( #1642, #135, #809, #1480, #173, #2030, #1151, #1198, #1004, #1185, #1678, #1692, #831, #1822, #1517, #642, #9, #2171, #2004, #677, #364, #1338 ),
 .UNSPECIFIED., .F., .F.,
 ( 4, 1, 1, 1, 1, 1, 2, 2, 1, 1, 1, 1, 1, 2, 2, 4 ),
 ( 0.000000000000000000, 0.2499999999999786282, 0.3749999999999690248, 0.4374999999999642508, 0.4687499999999609201, 0.4843749999999592548, 0.4921874999999584221, 0.4999999999999575895, 0.6249999999999745759, 0.6874999999999817923, 0.7187499999999862332, 0.7343749999999884537, 0.7421874999999888978, 0.7460937499999900080, 0.7499999999999910072, 1.000000000000000000 ),
 .UNSPECIFIED. ) ;
#1470 = CARTESIAN_POINT ( 'NONE',  ( 99.84674380544976202, 9.943562258095470341, 100.0000000000000284 ) ) ;
#1471 = ORIENTED_EDGE ( 'NONE', *, *, #931, .F. ) ;
#1472 = CARTESIAN_POINT ( 'NONE',  ( 80.80874150501033171, 9.122691376594236345, 100.0000000000000000 ) ) ;
#1473 = ORIENTED_EDGE ( 'NONE', *, *, #1748, .F. ) ;
#1474 = CARTESIAN_POINT ( 'NONE',  ( 50.43345604419728545, 9.578307932948167291, -0.000000000000000000 ) ) ;
#1475 = CARTESIAN_POINT ( 'NONE',  ( 79.47622094290392170, 9.480914131606255069, 99.99999999999998579 ) ) ;
#1476 = CARTESIAN_POINT ( 'NONE',  ( 91.53589838486220742, 7.999999999999998224, 105.0000000000000000 ) ) ;
#1477 = ADVANCED_FACE ( 'NONE', ( #1287 ), #810, .T. ) ;
#1478 = CARTESIAN_POINT ( 'NONE',  ( 99.15534053641211187, 9.111658386320666381, 100.0000000000000000 ) ) ;
#1479 = CARTESIAN_POINT ( 'NONE',  ( 38.46410161513774284, 8.000000000000000000, -5.000000000000000888 ) ) ;
#1480 = CARTESIAN_POINT ( 'NONE',  ( 28.94599061217032343, 8.777372264879630848, -0.000000000000000000 ) ) ;
#1481 = CARTESIAN_POINT ( 'NONE',  ( 61.53589838486222874, 8.000000000000000000, 31.66666666666667496 ) ) ;
#1482 = DIRECTION ( 'NONE',  ( 1.000000000000000000, 0.000000000000000000, 0.000000000000000000 ) ) ;
#1483 = ORIENTED_EDGE ( 'NONE', *, *, #947, .F. ) ;
#1484 = DIRECTION ( 'NONE',  ( -1.224646799147352714E-16, 0.000000000000000000, -1.000000000000000000 ) ) ;
#1485 = CARTESIAN_POINT ( 'NONE',  ( 10.32434393236495396, 9.690195184182510246, 100.0000000000000142 ) ) ;
#1486 = CARTESIAN_POINT ( 'NONE',  ( 90.53390854985190117, 9.467921750184455476, 0.000000000000000000 ) ) ;
#1487 = CARTESIAN_POINT ( 'NONE',  ( 71.07999028105089678, 8.750692280930199018, -0.000000000000000000 ) ) ;
#1488 = CARTESIAN_POINT ( 'NONE',  ( 98.93082535221006424, 8.782650686635536275, 99.99999999999998579 ) ) ;
#1489 = AXIS2_PLACEMENT_3D ( 'NONE', #636, #275, #1976 ) ;
#1490 = CARTESIAN_POINT ( 'NONE',  ( 10.38119784648299415, 10.00000000000000178, 68.33333333333332860 ) ) ;
#1491 = ADVANCED_FACE ( 'NONE', ( #971 ), #1098, .F. ) ;
#1492 = DIRECTION ( 'NONE',  ( 0.000000000000000000, 0.000000000000000000, 1.000000000000000000 ) ) ;
#1493 = CARTESIAN_POINT ( 'NONE',  ( 88.92673005741679049, 8.761342294002645303, 99.99999999999997158 ) ) ;
#1494 = VERTEX_POINT ( 'NONE', #1441 ) ;
#1495 = CARTESIAN_POINT ( 'NONE',  ( 68.46410161513776416, 8.000000000000014211, 100.0000000000000000 ) ) ;
#1496 = DIRECTION ( 'NONE',  ( 1.000000000000000000, 0.000000000000000000, 0.000000000000000000 ) ) ;
#1497 = CARTESIAN_POINT ( 'NONE',  ( 90.32026527603220245, 9.695347532244774413, -0.000000000000000000 ) ) ;
#1498 = CARTESIAN_POINT ( 'NONE',  ( 90.38119784648294797, 10.00000000000000178, 31.66666666666667851 ) ) ;
#1499 = CARTESIAN_POINT ( 'NONE',  ( 21.53589838486222874, 8.000000000000003553, 66.66666666666672825 ) ) ;
#1500 = DIRECTION ( 'NONE',  ( -1.000000000000000000, 0.000000000000000000, 0.000000000000000000 ) ) ;
#1501 = CYLINDRICAL_SURFACE ( 'NONE', #228, 4.000000000000003553 ) ;
#1502 = PLANE ( 'NONE',  #1913 ) ;
#1503 = CARTESIAN_POINT ( 'NONE',  ( 0.3999999999999631628, 9.973273875806320632, 31.66666666666668206 ) ) ;
#1504 = ORIENTED_EDGE ( 'NONE', *, *, #1960, .F. ) ;
#1505 = ADVANCED_FACE ( 'NONE', ( #1771 ), #127, .F. ) ;
#1506 = VERTEX_POINT ( 'NONE', #1303 ) ;
#1507 = CARTESIAN_POINT ( 'NONE',  ( 99.30703000275134684, 9.328528111879373697, -0.000000000000000000 ) ) ;
#1508 = CARTESIAN_POINT ( 'NONE',  ( 10.84684781664114261, 9.071089163019131263, 100.0000000000000000 ) ) ;
#1509 = DIRECTION ( 'NONE',  ( 1.000000000000000000, 0.000000000000000000, 0.000000000000000000 ) ) ;
#1510 = DIRECTION ( 'NONE',  ( 1.309225264888156130E-16, -0.000000000000000000, 1.000000000000000000 ) ) ;
#1511 = CARTESIAN_POINT ( 'NONE',  ( 61.30804228493934716, 8.394658341880939290, 100.0000000000000142 ) ) ;
#1512 =( BOUNDED_SURFACE ( )  B_SPLINE_SURFACE ( 2, 3, ( 
 ( #1938, #1918, #1104, #581 ),
 ( #422, #267, #604, #593 ),
 ( #441, #410, #112, #932 ) ),
 .UNSPECIFIED., .F., .F., .F. ) 
 B_SPLINE_SURFACE_WITH_KNOTS ( ( 3, 3 ),
 ( 4, 4 ),
 ( 0.000000000000000000, 1.000000000000000000 ),
 ( -0.005000000000000000971, 0.1050000000000000100 ),
 .UNSPECIFIED. ) 
 GEOMETRIC_REPRESENTATION_ITEM ( )  RATIONAL_B_SPLINE_SURFACE ( (
 ( 1.000000000000000000, 1.000000000000000000, 1.000000000000000000, 1.000000000000000000),
 ( 0.8660254037844388186, 0.8660254037844388186, 0.8660254037844388186, 0.8660254037844388186),
 ( 1.000000000000000000, 1.000000000000000000, 1.000000000000000000, 1.000000000000000000) ) ) 
 REPRESENTATION_ITEM ( '' )  SURFACE ( )  );
#1513 = CARTESIAN_POINT ( 'NONE',  ( 19.15313040831523139, 9.071074753942603763, 99.99999999999998579 ) ) ;
#1514 = B_SPLINE_CURVE_WITH_KNOTS ( 'NONE', 3,
 ( #902, #1830, #113, #1468 ),
 .UNSPECIFIED., .F., .F.,
 ( 4, 4 ),
 ( 0.000000000000000000, 1.000000000000000000 ),
 .UNSPECIFIED. ) ;
#1515 = CARTESIAN_POINT ( 'NONE',  ( 100.0000000000000142, 0.000000000000000000, 100.0000000000000000 ) ) ;
#1516 = FACE_OUTER_BOUND ( 'NONE', #514, .T. ) ;
#1517 = CARTESIAN_POINT ( 'NONE',  ( 29.50168059352670014, 9.506988523359661158, -0.000000000000000000 ) ) ;
#1518 = B_SPLINE_CURVE_WITH_KNOTS ( 'NONE', 3,
 ( #615, #1094, #774, #1115, #1270, #1445, #1784, #1756, #783, #763, #276, #1587, #955, #450, #1794, #1618, #1456, #1958, #1766, #2100, #750, #965 ),
 .UNSPECIFIED., .F., .F.,
 ( 4, 1, 1, 1, 1, 1, 2, 2, 1, 1, 1, 1, 1, 2, 2, 4 ),
 ( 0.000000000000000000, 0.2500000000000092704, 0.3750000000000116018, 0.4375000000000137113, 0.4687500000000138223, 0.4843750000000165978, 0.4921875000000179301, 0.5000000000000193179, 0.6250000000000029976, 0.6874999999999965583, 0.7187499999999895639, 0.7343749999999891198, 0.7421874999999850120, 0.7460937499999860112, 0.7499999999999870104, 1.000000000000000000 ),
 .UNSPECIFIED. ) ;
#1519 = PLANE ( 'NONE',  #1389 ) ;
#1520 = CARTESIAN_POINT ( 'NONE',  ( 41.53589838486223584, 8.000000000000000000, 0.000000000000000000 ) ) ;
#1521 = ORIENTED_EDGE ( 'NONE', *, *, #727, .T. ) ;
#1522 = ORIENTED_EDGE ( 'NONE', *, *, #879, .F. ) ;
#1523 = ADVANCED_FACE ( 'NONE', ( #1972 ), #1661, .T. ) ;
#1524 = CARTESIAN_POINT ( 'NONE',  ( 11.53589838486224473, 8.000000000000001776, 100.0000000000000000 ) ) ;
#1525 = B_SPLINE_CURVE_WITH_KNOTS ( 'NONE', 3,
 ( #96, #800, #2116, #301, #1931, #2105, #633, #462, #2129, #1779, #436, #950, #598, #611, #1140, #980, #1614, #1621, #778, #1449, #115, #1461, #789 ),
 .UNSPECIFIED., .F., .F.,
 ( 4, 1, 1, 1, 1, 1, 2, 2, 1, 1, 1, 1, 1, 1, 2, 2, 4 ),
 ( 0.000000000000000000, 0.2499999999999690248, 0.3749999999999527045, 0.4374999999999445444, 0.4687499999999404365, 0.4843749999999393263, 0.4921874999999387712, 0.4999999999999382716, 0.6249999999999130695, 0.6874999999999011902, 0.7187499999998953060, 0.7343749999998923084, 0.7421874999998918643, 0.7460937499998905320, 0.7480468749998908651, 0.7499999999998911981, 1.000000000000000000 ),
 .UNSPECIFIED. ) ;
#1526 = CARTESIAN_POINT ( 'NONE',  ( 19.52594940020335557, 9.534016541882023077, 0.000000000000000000 ) ) ;
#1527 = B_SPLINE_CURVE_WITH_KNOTS ( 'NONE', 3,
 ( #2164, #1008, #489, #1655, #1021, #1670, #2034, #151, #657, #1165, #1684, #1507, #515, #179, #1035, #1378, #330, #850, #683, #696, #1696, #1330, #193 ),
 .UNSPECIFIED., .F., .F.,
 ( 4, 1, 1, 1, 1, 1, 2, 2, 1, 1, 1, 1, 1, 1, 2, 2, 4 ),
 ( 0.000000000000000000, 0.2499999999999354405, 0.3749999999999031886, 0.4374999999998879785, 0.4687499999998812616, 0.4843749999998718248, 0.4921874999998627764, 0.4999999999998537836, 0.6249999999997386535, 0.6874999999996770361, 0.7187499999996461719, 0.7343749999996317390, 0.7421874999996176392, 0.7460937499996045386, 0.7480468749996039834, 0.7499999999996035394, 1.000000000000000000 ),
 .UNSPECIFIED. ) ;
#1528 = DIRECTION ( 'NONE',  ( -0.000000000000000000, -0.000000000000000000, 1.000000000000000000 ) ) ;
#1529 = CARTESIAN_POINT ( 'NONE',  ( 81.07999028105101047, 8.750692280930064015, -0.000000000000000000 ) ) ;
#1530 = CARTESIAN_POINT ( 'NONE',  ( 60.37178694261527312, 9.642602921780998315, 100.0000000000000142 ) ) ;
#1531 = CARTESIAN_POINT ( 'NONE',  ( 39.09038262803575492, 8.984275074931446170, -0.000000000000000000 ) ) ;
#1532 = CARTESIAN_POINT ( 'NONE',  ( 40.85363273938780537, 9.061754640196571842, -0.000000000000000000 ) ) ;
#1533 = CARTESIAN_POINT ( 'NONE',  ( 90.32434393236395920, 9.690195184183830079, 100.0000000000000142 ) ) ;
#1534 = AXIS2_PLACEMENT_3D ( 'NONE', #288, #934, #606 ) ;
#1535 = DIRECTION ( 'NONE',  ( 0.000000000000000000, 0.000000000000000000, 1.000000000000000000 ) ) ;
#1536 =( BOUNDED_SURFACE ( )  B_SPLINE_SURFACE ( 2, 3, ( 
 ( #1450, #1462, #961, #951 ),
 ( #2139, #2148, #1615, #1790 ),
 ( #292, #2119, #263, #1943 ) ),
 .UNSPECIFIED., .F., .F., .F. ) 
 B_SPLINE_SURFACE_WITH_KNOTS ( ( 3, 3 ),
 ( 4, 4 ),
 ( 0.000000000000000000, 1.000000000000000000 ),
 ( -0.005000000000000000971, 0.1050000000000000100 ),
 .UNSPECIFIED. ) 
 GEOMETRIC_REPRESENTATION_ITEM ( )  RATIONAL_B_SPLINE_SURFACE ( (
 ( 1.000000000000000000, 1.000000000000000000, 1.000000000000000000, 1.000000000000000000),
 ( 0.8660254037844385966, 0.8660254037844385966, 0.8660254037844385966, 0.8660254037844385966),
 ( 1.000000000000000000, 1.000000000000000000, 1.000000000000000000, 1.000000000000000000) ) ) 
 REPRESENTATION_ITEM ( '' )  SURFACE ( )  );
#1537 = CARTESIAN_POINT ( 'NONE',  ( 30.38323571943535484, 9.630925872319336278, 100.0000000000000000 ) ) ;
#1538 = CARTESIAN_POINT ( 'NONE',  ( 49.99999999859918631, 9.941275563605898924, 8.764894526287894013E-16 ) ) ;
#1539 = VERTEX_POINT ( 'NONE', #484 ) ;
#1540 = CARTESIAN_POINT ( 'NONE',  ( 9.707593511790291174, 9.734412285254768094, -0.000000000000000000 ) ) ;
#1541 = DIRECTION ( 'NONE',  ( -3.498990854706721512E-17, 1.000000000000000000, -0.000000000000000000 ) ) ;
#1542 = CARTESIAN_POINT ( 'NONE',  ( 79.99999999859919342, 9.941275563605900700, 1.570816940705208036E-15 ) ) ;
#1543 = EDGE_CURVE ( 'NONE', #534, #1506, #524, .T. ) ;
#1544 = CARTESIAN_POINT ( 'NONE',  ( 9.345712540718634997, 9.324934914849650980, 100.0000000000000142 ) ) ;
#1545 = CARTESIAN_POINT ( 'NONE',  ( 30.62877854000624822, 9.356241119997838140, -0.000000000000000000 ) ) ;
#1546 = CARTESIAN_POINT ( 'NONE',  ( 40.32026527603223087, 9.695347532244786848, -0.000000000000000000 ) ) ;
#1547 = CARTESIAN_POINT ( 'NONE',  ( 88.46410161513774995, 7.999999999999998224, 68.33333333333332860 ) ) ;
#1548 = CARTESIAN_POINT ( 'NONE',  ( 60.38119784648299060, 10.00000000000000533, 105.0000000000000142 ) ) ;
#1549 = ORIENTED_EDGE ( 'NONE', *, *, #972, .T. ) ;
#1550 = CARTESIAN_POINT ( 'NONE',  ( 69.47622094289746997, 9.480914131596490435, 100.0000000000000142 ) ) ;
#1551 = CARTESIAN_POINT ( 'NONE',  ( 0.000000000000000000, 0.000000000000000000, 0.000000000000000000 ) ) ;
#1552 = CARTESIAN_POINT ( 'NONE',  ( 89.62675001306980960, 9.641118974853918999, 100.0000000000000000 ) ) ;
#1553 = B_SPLINE_CURVE_WITH_KNOTS ( 'NONE', 3,
 ( #1051, #1866, #1218, #394 ),
 .UNSPECIFIED., .F., .F.,
 ( 4, 4 ),
 ( 0.000000000000000000, 1.000000000000000000 ),
 .UNSPECIFIED. ) ;
#1554 = CARTESIAN_POINT ( 'NONE',  ( 20.43345604419731742, 9.578307932948154857, -0.000000000000000000 ) ) ;
#1555 = CARTESIAN_POINT ( 'NONE',  ( 38.46410161513774284, 7.999999999999998224, 33.33333333333335702 ) ) ;
#1556 = B_SPLINE_CURVE_WITH_KNOTS ( 'NONE', 3,
 ( #691, #1743, #1755, #1421, #244, #922, #749, #762, #187, #2087, #580, #421, #253, #2099, #1937, #592, #1774, #603, #773, #266, #101 ),
 .UNSPECIFIED., .F., .F.,
 ( 4, 1, 1, 1, 1, 1, 2, 2, 1, 1, 1, 1, 2, 2, 4 ),
 ( 0.000000000000000000, 0.1249999999999461264, 0.1874999999999160394, 0.2187499999999016065, 0.2343749999998967770, 0.2421874999998943345, 0.2460937499998937517, 0.2499999999998931410, 0.3749999999999074074, 0.4374999999999180100, 0.4687499999999241163, 0.4843749999999263367, 0.4921874999999305000, 0.4999999999999346079, 1.000000000000000000 ),
 .UNSPECIFIED. ) ;
#1557 = CARTESIAN_POINT ( 'NONE',  ( 30.46678306989733187, 9.542029531859041569, -0.000000000000000000 ) ) ;
#1558 = EDGE_CURVE ( 'NONE', #2069, #1741, #821, .T. ) ;
#1559 = CARTESIAN_POINT ( 'NONE',  ( 31.53589838486223940, 7.999999999999996447, 100.0000000000000000 ) ) ;
#1560 = EDGE_LOOP ( 'NONE', ( #66, #964, #613, #812 ) ) ;
#1561 = CARTESIAN_POINT ( 'NONE',  ( 11.30456421820471746, 8.400682530177443041, -0.000000000000000000 ) ) ;
#1562 = CARTESIAN_POINT ( 'NONE',  ( 80.17770810132390125, 9.827341993886070881, -0.000000000000000000 ) ) ;
#1563 = CARTESIAN_POINT ( 'NONE',  ( 29.80384757729336087, 10.00000000000000000, 68.33333333333332860 ) ) ;
#1564 = CARTESIAN_POINT ( 'NONE',  ( 30.53390854985195091, 9.467921750184407514, 0.000000000000000000 ) ) ;
#1565 = CARTESIAN_POINT ( 'NONE',  ( 89.61880215351699519, 10.00000000000000178, 105.0000000000000000 ) ) ;
#1566 = ORIENTED_EDGE ( 'NONE', *, *, #806, .T. ) ;
#1567 = VERTEX_POINT ( 'NONE', #832 ) ;
#1568 = CARTESIAN_POINT ( 'NONE',  ( 40.38119784648299060, 10.00000000000000533, 68.33333333333334281 ) ) ;
#1569 = CARTESIAN_POINT ( 'NONE',  ( 89.11428598038693849, 9.017545163095610050, -0.000000000000000000 ) ) ;
#1570 = CARTESIAN_POINT ( 'NONE',  ( 91.30804228495949815, 8.394658341846005456, 100.0000000000000000 ) ) ;
#1571 = CARTESIAN_POINT ( 'NONE',  ( 9.626750013066994072, 9.641118974851208279, 100.0000000000000142 ) ) ;
#1572 = CARTESIAN_POINT ( 'NONE',  ( -5.999999999999987566, 0.000000000000000000, 100.0000000000000000 ) ) ;
#1573 = DIRECTION ( 'NONE',  ( -0.000000000000000000, -0.000000000000000000, 1.000000000000000000 ) ) ;
#1574 = ORIENTED_EDGE ( 'NONE', *, *, #1410, .F. ) ;
#1575 = CARTESIAN_POINT ( 'NONE',  ( 40.38119784648299060, 10.00000000000000533, 105.0000000000000142 ) ) ;
#1576 = EDGE_CURVE ( 'NONE', #1128, #272, #1413, .T. ) ;
#1577 = ORIENTED_EDGE ( 'NONE', *, *, #1650, .F. ) ;
#1578 = CARTESIAN_POINT ( 'NONE',  ( 69.52103011339153227, 9.528566755886334505, -0.000000000000000000 ) ) ;
#1579 = CARTESIAN_POINT ( 'NONE',  ( 79.52488955130534976, 9.532842748327611915, -0.000000000000000000 ) ) ;
#1580 = CARTESIAN_POINT ( 'NONE',  ( 31.53589838486223940, 8.000000000000000000, 105.0000000000000000 ) ) ;
#1581 = CARTESIAN_POINT ( 'NONE',  ( 49.80384757729335377, 10.00000000000000000, 31.66666666666667496 ) ) ;
#1582 = ORIENTED_EDGE ( 'NONE', *, *, #2122, .F. ) ;
#1583 = FACE_OUTER_BOUND ( 'NONE', #191, .T. ) ;
#1584 = EDGE_LOOP ( 'NONE', ( #2007, #1212, #138, #886, #466, #715, #1729, #719, #769, #500, #176, #1188, #448, #1067, #725, #1695, #2163, #205, #262, #567, #1634, #894, #1019, #780, #1397, #240, #1265, #293, #1944, #380, #1164, #1749, #549 ) ) ;
#1585 = CARTESIAN_POINT ( 'NONE',  ( 89.52594940020330228, 9.534016541882005313, 0.000000000000000000 ) ) ;
#1586 = CARTESIAN_POINT ( 'NONE',  ( 90.08071695929059786, 9.899085952948007971, 100.0000000000000142 ) ) ;
#1587 = CARTESIAN_POINT ( 'NONE',  ( 59.30694347299338887, 9.276154032216062717, -0.000000000000000000 ) ) ;
#1588 = CARTESIAN_POINT ( 'NONE',  ( 39.34571254071656199, 9.324934914848762801, 100.0000000000000142 ) ) ;
#1589 = CARTESIAN_POINT ( 'NONE',  ( 20.35663267359438677, 9.657914580167652474, 99.99999999999998579 ) ) ;
#1590 = B_SPLINE_CURVE_WITH_KNOTS ( 'NONE', 3,
 ( #217, #870, #1675, #1374, #1182, #1531, #689, #1364, #723, #1040, #2039, #1393, #508, #2060, #1195, #553, #1867, #532, #1227, #1898, #1209, #1879 ),
 .UNSPECIFIED., .F., .F.,
 ( 4, 1, 1, 1, 1, 1, 2, 2, 1, 1, 1, 1, 1, 2, 2, 4 ),
 ( 0.000000000000000000, 0.2500000000001064704, 0.3750000000001605938, 0.4375000000001910694, 0.4687500000002071676, 0.4843750000002134959, 0.4921875000002166600, 0.5000000000002198242, 0.6250000000002466916, 0.6875000000002636780, 0.7187500000002730038, 0.7343750000002776668, 0.7421875000002791101, 0.7460937500002758904, 0.7500000000002726708, 1.000000000000000000 ),
 .UNSPECIFIED. ) ;
#1591 = CARTESIAN_POINT ( 'NONE',  ( 70.35663267359731776, 9.657914580164485230, 99.99999999999998579 ) ) ;
#1592 = VERTEX_POINT ( 'NONE', #1340 ) ;
#1593 = CARTESIAN_POINT ( 'NONE',  ( 20.38119784648298349, 10.00000000000000533, 105.0000000000000142 ) ) ;
#1594 = VERTEX_POINT ( 'NONE', #822 ) ;
#1595 = AXIS2_PLACEMENT_3D ( 'NONE', #1295, #455, #1963 ) ;
#1596 =( BOUNDED_SURFACE ( )  B_SPLINE_SURFACE ( 2, 3, ( 
 ( #1231, #1914, #905, #220 ),
 ( #577, #589, #1568, #1575 ),
 ( #1416, #1068, #887, #391 ) ),
 .UNSPECIFIED., .F., .F., .T. ) 
 B_SPLINE_SURFACE_WITH_KNOTS ( ( 3, 3 ),
 ( 4, 4 ),
 ( 0.000000000000000000, 1.000000000000000000 ),
 ( -0.005000000000000000971, 0.1050000000000000100 ),
 .UNSPECIFIED. ) 
 GEOMETRIC_REPRESENTATION_ITEM ( )  RATIONAL_B_SPLINE_SURFACE ( (
 ( 1.000000000000000000, 1.000000000000000000, 1.000000000000000000, 1.000000000000000000),
 ( 0.8660254037844385966, 0.8660254037844385966, 0.8660254037844385966, 0.8660254037844385966),
 ( 1.000000000000000000, 1.000000000000000000, 1.000000000000000000, 1.000000000000000000) ) ) 
 REPRESENTATION_ITEM ( '' )  SURFACE ( )  );
#1597 = CARTESIAN_POINT ( 'NONE',  ( 69.51523589229866218, 9.522133579774065382, -0.000000000000000000 ) ) ;
#1598 = AXIS2_PLACEMENT_3D ( 'NONE', #705, #1186, #1162 ) ;
#1599 = CARTESIAN_POINT ( 'NONE',  ( 90.52316118355997787, 9.481619781987571827, 100.0000000000000142 ) ) ;
#1600 = CARTESIAN_POINT ( 'NONE',  ( 81.53589838486222163, 8.000000000000003553, 66.66666666666672825 ) ) ;
#1601 = FACE_OUTER_BOUND ( 'NONE', #239, .T. ) ;
#1602 = EDGE_CURVE ( 'NONE', #1825, #1128, #2052, .T. ) ;
#1603 = CARTESIAN_POINT ( 'NONE',  ( 69.99999999859919342, 9.941275563605895371, -2.761469781475041233E-15 ) ) ;
#1604 = CARTESIAN_POINT ( 'NONE',  ( 71.07345529926077177, 8.761013636565001761, 100.0000000000000142 ) ) ;
#1605 = LINE ( 'NONE', #1097, #641 ) ;
#1606 = CARTESIAN_POINT ( 'NONE',  ( 60.38119784648299060, 10.00000000000000533, -5.000000000000002665 ) ) ;
#1607 = ORIENTED_EDGE ( 'NONE', *, *, #687, .T. ) ;
#1608 = CARTESIAN_POINT ( 'NONE',  ( 0.1533083390610087970, 9.943558774043792070, -0.000000000000000000 ) ) ;
#1609 = CARTESIAN_POINT ( 'NONE',  ( 39.99999999859919342, 9.941275563605906029, 5.781662353183864041E-16 ) ) ;
#1610 = CARTESIAN_POINT ( 'NONE',  ( 81.53589838486222163, 7.999999999999996447, 100.0000000000000000 ) ) ;
#1611 = CARTESIAN_POINT ( 'NONE',  ( 59.17970908421186493, 9.107121952730905079, 100.0000000000000000 ) ) ;
#1612 = CARTESIAN_POINT ( 'NONE',  ( 54.99999999999997868, 10.00000000000000178, 0.000000000000000000 ) ) ;
#1613 = CARTESIAN_POINT ( 'NONE',  ( 40.65409545729882979, 9.325205900106116275, 99.99999999999995737 ) ) ;
#1614 = CARTESIAN_POINT ( 'NONE',  ( 0.4882438469234457457, 9.591528863593644871, 100.0000000000000000 ) ) ;
#1615 = CARTESIAN_POINT ( 'NONE',  ( 49.61880215351699519, 10.00000000000000533, 68.33333333333334281 ) ) ;
#1616 = ORIENTED_EDGE ( 'NONE', *, *, #668, .T. ) ;
#1617 = CARTESIAN_POINT ( 'NONE',  ( 0.4818764110152566893, 9.599243420613012390, 0.000000000000000000 ) ) ;
#1618 = CARTESIAN_POINT ( 'NONE',  ( 59.51523589229861955, 9.522133579774052947, -0.000000000000000000 ) ) ;
#1619 = FACE_OUTER_BOUND ( 'NONE', #75, .T. ) ;
#1620 = FACE_OUTER_BOUND ( 'NONE', #915, .T. ) ;
#1621 = CARTESIAN_POINT ( 'NONE',  ( 0.4855447506866766849, 9.594802162617142471, 100.0000000000000142 ) ) ;
#1622 = DIRECTION ( 'NONE',  ( -1.000000000000000000, 0.000000000000000000, 1.309225264888156130E-16 ) ) ;
#1623 = ORIENTED_EDGE ( 'NONE', *, *, #1996, .F. ) ;
#1624 = ADVANCED_FACE ( 'NONE', ( #2161 ), #1502, .F. ) ;
#1625 = CARTESIAN_POINT ( 'NONE',  ( 50.83234367031050027, 9.090800783495138759, -0.000000000000000000 ) ) ;
#1626 = AXIS2_PLACEMENT_3D ( 'NONE', #1612, #776, #444 ) ;
#1627 = CARTESIAN_POINT ( 'NONE',  ( 10.19615242270663380, 10.00000000000000000, 31.66666666666667496 ) ) ;
#1628 = CIRCLE ( 'NONE', #1281, 3.999999999999996447 ) ;
#1629 = CARTESIAN_POINT ( 'NONE',  ( 0.000000000000000000, 10.00000000000000000, 0.000000000000000000 ) ) ;
#1630 = CARTESIAN_POINT ( 'NONE',  ( 20.37178694261595524, 9.642602921780323300, 100.0000000000000000 ) ) ;
#1631 = CARTESIAN_POINT ( 'NONE',  ( 70.65409545728141438, 9.325205900125421721, 99.99999999999995737 ) ) ;
#1632 = ORIENTED_EDGE ( 'NONE', *, *, #56, .F. ) ;
#1633 = CARTESIAN_POINT ( 'NONE',  ( 80.65409545728651608, 9.325205900117666147, 99.99999999999997158 ) ) ;
#1634 = ORIENTED_EDGE ( 'NONE', *, *, #452, .T. ) ;
#1635 = EDGE_CURVE ( 'NONE', #39, #1894, #1660, .T. ) ;
#1636 = CARTESIAN_POINT ( 'NONE',  ( 71.53589838486222163, 8.000000000000001776, 100.0000000000000000 ) ) ;
#1637 = CARTESIAN_POINT ( 'NONE',  ( 79.64212491633946911, 9.656662923513660957, 100.0000000000000142 ) ) ;
#1638 = CARTESIAN_POINT ( 'NONE',  ( 70.46678306989733187, 9.542029531859034464, -0.000000000000000000 ) ) ;
#1639 = CARTESIAN_POINT ( 'NONE',  ( 79.99999999999820943, 9.941275564351702343, 33.33333333333334281 ) ) ;
#1640 = B_SPLINE_CURVE_WITH_KNOTS ( 'NONE', 3,
 ( #701, #2049, #1349, #2015, #543, #34, #2026, #348, #843, #892, #387, #1027, #53, #170, #1513, #1724, #1219, #376 ),
 .UNSPECIFIED., .F., .F.,
 ( 4, 1, 1, 2, 2, 1, 1, 1, 2, 2, 1, 4 ),
 ( 0.1014845771160751697, 0.2137990049765333689, 0.2418776119416489734, 0.2488972636829273888, 0.2559169154242058042, 0.2699562189067674645, 0.3261134328370168811, 0.4384278606975142711, 0.4945850746277647980, 0.5226636815928890067, 0.5507422885580133265, 1.000000000000000000 ),
 .UNSPECIFIED. ) ;
#1641 = CARTESIAN_POINT ( 'NONE',  ( 18.46410161513774639, 8.000000000000001776, 31.66666666666667496 ) ) ;
#1642 = CARTESIAN_POINT ( 'NONE',  ( 28.46410161513775705, 8.000000000000000000, 0.000000000000000000 ) ) ;
#1643 = DIRECTION ( 'NONE',  ( 1.000000000000000000, -0.000000000000000000, -0.000000000000000000 ) ) ;
#1644 = CARTESIAN_POINT ( 'NONE',  ( 88.69214240790594772, 8.394978239272857579, 99.99999999999997158 ) ) ;
#1645 = VERTEX_POINT ( 'NONE', #1983 ) ;
#1646 = B_SPLINE_CURVE_WITH_KNOTS ( 'NONE', 3,
 ( #2137, #2017, #1652, #2003 ),
 .UNSPECIFIED., .F., .F.,
 ( 4, 4 ),
 ( 0.000000000000000000, 1.000000000000000000 ),
 .UNSPECIFIED. ) ;
#1647 = CARTESIAN_POINT ( 'NONE',  ( 50.53390854985189407, 9.467921750184430607, 0.000000000000000000 ) ) ;
#1648 = CARTESIAN_POINT ( 'NONE',  ( 78.92673005737765379, 8.761342293935152625, 100.0000000000000142 ) ) ;
#1649 = CARTESIAN_POINT ( 'NONE',  ( 18.46410161513774639, 8.000000000000001776, 0.000000000000000000 ) ) ;
#1650 = EDGE_CURVE ( 'NONE', #771, #1506, #1017, .T. ) ;
#1651 = CARTESIAN_POINT ( 'NONE',  ( 61.07345529927304995, 8.761013636543591332, 99.99999999999997158 ) ) ;
#1652 = CARTESIAN_POINT ( 'NONE',  ( 100.0000000000001705, 9.999999999997333688, 33.33333333333332860 ) ) ;
#1653 = CARTESIAN_POINT ( 'NONE',  ( 94.99999999999997158, 10.00000000000000178, 100.0000000000000000 ) ) ;
#1654 = EDGE_LOOP ( 'NONE', ( #1915, #1521, #897, #1057 ) ) ;
#1655 = CARTESIAN_POINT ( 'NONE',  ( 98.95340925965284384, 8.808629706846621943, -0.000000000000000000 ) ) ;
#1656 = CARTESIAN_POINT ( 'NONE',  ( 9.999999998599211182, 9.941275563605900700, 3.933642422942452770E-16 ) ) ;
#1657 = CARTESIAN_POINT ( 'NONE',  ( 8.464101615137757051, 8.000000000000000000, 31.66666666666667496 ) ) ;
#1658 = CARTESIAN_POINT ( 'NONE',  ( 74.99999999999998579, 10.00000000000000178, 0.000000000000000000 ) ) ;
#1659 = CARTESIAN_POINT ( 'NONE',  ( 60.38323571943396928, 9.630925872320442949, 100.0000000000000426 ) ) ;
#1660 = CIRCLE ( 'NONE', #155, 3.999999999999996447 ) ;
#1661 =( BOUNDED_SURFACE ( )  B_SPLINE_SURFACE ( 2, 3, ( 
 ( #1141, #1481, #302, #937 ),
 ( #1606, #2172, #665, #1548 ),
 ( #1200, #38, #174, #339 ) ),
 .UNSPECIFIED., .F., .F., .F. ) 
 B_SPLINE_SURFACE_WITH_KNOTS ( ( 3, 3 ),
 ( 4, 4 ),
 ( 0.000000000000000000, 1.000000000000000000 ),
 ( -0.005000000000000000971, 0.1050000000000000100 ),
 .UNSPECIFIED. ) 
 GEOMETRIC_REPRESENTATION_ITEM ( )  RATIONAL_B_SPLINE_SURFACE ( (
 ( 1.000000000000000000, 1.000000000000000000, 1.000000000000000000, 1.000000000000000000),
 ( 0.8660254037844385966, 0.8660254037844385966, 0.8660254037844385966, 0.8660254037844385966),
 ( 1.000000000000000000, 1.000000000000000000, 1.000000000000000000, 1.000000000000000000) ) ) 
 REPRESENTATION_ITEM ( '' )  SURFACE ( )  );
#1662 = ADVANCED_FACE ( 'NONE', ( #1030 ), #1519, .F. ) ;
#1663 = CARTESIAN_POINT ( 'NONE',  ( 40.43345604419731387, 9.578307932948163739, -0.000000000000000000 ) ) ;
#1664 = CARTESIAN_POINT ( 'NONE',  ( 84.99999999999997158, 10.00000000000000178, 0.000000000000000000 ) ) ;
#1665 = FACE_OUTER_BOUND ( 'NONE', #1077, .T. ) ;
#1666 = CARTESIAN_POINT ( 'NONE',  ( 49.64212491634188495, 9.656662923516273977, 100.0000000000000000 ) ) ;
#1667 = CARTESIAN_POINT ( 'NONE',  ( 100.0035276684149466, 10.00023570225773106, 31.66666666666667496 ) ) ;
#1668 = EDGE_LOOP ( 'NONE', ( #724, #795, #1442, #2082 ) ) ;
#1669 = ORIENTED_EDGE ( 'NONE', *, *, #1361, .T. ) ;
#1670 = CARTESIAN_POINT ( 'NONE',  ( 99.09297493140209667, 9.019876825275686016, -0.000000000000000000 ) ) ;
#1671 = CARTESIAN_POINT ( 'NONE',  ( 78.46410161513773573, 8.000000000000000000, 0.000000000000000000 ) ) ;
#1672 = FACE_OUTER_BOUND ( 'NONE', #1560, .T. ) ;
#1673 = CARTESIAN_POINT ( 'NONE',  ( 80.47045840421080243, 9.537980830263384391, 0.000000000000000000 ) ) ;
#1674 = CARTESIAN_POINT ( 'NONE',  ( 99.51812181448090655, 9.599240992016939700, 100.0000000000000142 ) ) ;
#1675 = CARTESIAN_POINT ( 'NONE',  ( 38.75087618632777264, 8.482082435299286516, -0.000000000000000000 ) ) ;
#1676 = DIRECTION ( 'NONE',  ( -0.000000000000000000, -1.000000000000000000, -0.000000000000000000 ) ) ;
#1677 = CARTESIAN_POINT ( 'NONE',  ( 79.80384757729333955, 10.00000000000000000, 105.0000000000000000 ) ) ;
#1678 = CARTESIAN_POINT ( 'NONE',  ( 29.20670037291892385, 9.144672288300483842, 0.000000000000000000 ) ) ;
#1679 = EDGE_CURVE ( 'NONE', #2069, #264, #620, .T. ) ;
#1680 = CARTESIAN_POINT ( 'NONE',  ( 1.224646799147352744E-14, 0.000000000000000000, 100.0000000000000000 ) ) ;
#1681 = CARTESIAN_POINT ( 'NONE',  ( 98.46666666666561696, 8.004449393718703121, 31.66666666666667496 ) ) ;
#1682 = ORIENTED_EDGE ( 'NONE', *, *, #2043, .T. ) ;
#1683 = ORIENTED_EDGE ( 'NONE', *, *, #440, .F. ) ;
#1684 = CARTESIAN_POINT ( 'NONE',  ( 99.20774097167681305, 9.188528322621600353, 0.000000000000000000 ) ) ;
#1685 = CARTESIAN_POINT ( 'NONE',  ( 19.52488955130534976, 9.532842748327599480, -0.000000000000000000 ) ) ;
#1686 = CARTESIAN_POINT ( 'NONE',  ( 79.15313040831244962, 9.071074753938342283, 100.0000000000000000 ) ) ;
#1687 = CARTESIAN_POINT ( 'NONE',  ( 60.19615242270661071, 10.00000000000000000, 68.33333333333332860 ) ) ;
#1688 = CARTESIAN_POINT ( 'NONE',  ( 60.00008457952374386, 9.941434512410019408, 100.0000000000000000 ) ) ;
#1689 = DIRECTION ( 'NONE',  ( -0.000000000000000000, 0.000000000000000000, -1.000000000000000000 ) ) ;
#1690 = CARTESIAN_POINT ( 'NONE',  ( 8.464101615137755275, 8.000000000000000000, 0.000000000000000000 ) ) ;
#1691 = CARTESIAN_POINT ( 'NONE',  ( 38.46410161513774284, 8.000000000000000000, 68.33333333333332860 ) ) ;
#1692 = CARTESIAN_POINT ( 'NONE',  ( 29.30694347299346347, 9.276154032216105350, -0.000000000000000000 ) ) ;
#1693 = CARTESIAN_POINT ( 'NONE',  ( 31.30804228494695707, 8.394658341867796025, 100.0000000000000142 ) ) ;
#1694 = CARTESIAN_POINT ( 'NONE',  ( 100.0000000000001847, 9.999999999997337241, -5.000000000000000888 ) ) ;
#1695 = ORIENTED_EDGE ( 'NONE', *, *, #46, .T. ) ;
#1696 = CARTESIAN_POINT ( 'NONE',  ( 99.73324853834012060, 9.859295151984101224, -0.000000000000000000 ) ) ;
#1697 = EDGE_CURVE ( 'NONE', #27, #1894, #443, .T. ) ;
#1698 = DIRECTION ( 'NONE',  ( 1.224646799147352714E-16, 0.000000000000000000, 1.000000000000000000 ) ) ;
#1699 = CARTESIAN_POINT ( 'NONE',  ( 89.19125353305400949, 9.122686809003045738, 100.0000000000000426 ) ) ;
#1700 = CARTESIAN_POINT ( 'NONE',  ( 80.32026527603223087, 9.695347532244733557, -0.000000000000000000 ) ) ;
#1701 = CARTESIAN_POINT ( 'NONE',  ( 30.38119784648299060, 10.00000000000000533, 68.33333333333334281 ) ) ;
#1702 = CARTESIAN_POINT ( 'NONE',  ( 30.45284391281931491, 9.557297686976580664, -0.000000000000000000 ) ) ;
#1703 = CARTESIAN_POINT ( 'NONE',  ( 29.80701961195774174, 9.815566611899468441, 100.0000000000000142 ) ) ;
#1704 = CARTESIAN_POINT ( 'NONE',  ( 59.99999999999821654, 9.941275564351705896, 33.33333333333333570 ) ) ;
#1705 = AXIS2_PLACEMENT_3D ( 'NONE', #185, #1689, #6 ) ;
#1706 = CARTESIAN_POINT ( 'NONE',  ( 11.53589838486224650, 8.000000000000001776, -5.000000000000000888 ) ) ;
#1707 = CARTESIAN_POINT ( 'NONE',  ( 30.84684781664223507, 9.071089163017525436, 100.0000000000000284 ) ) ;
#1708 = ORIENTED_EDGE ( 'NONE', *, *, #269, .F. ) ;
#1709 = CARTESIAN_POINT ( 'NONE',  ( 69.24324900595537713, 9.191887610084187088, 100.0000000000000284 ) ) ;
#1710 = PRODUCT_CONTEXT ( 'NONE', #1900, 'mechanical' ) ;
#1711 = DIRECTION ( 'NONE',  ( 0.000000000000000000, 0.000000000000000000, 1.000000000000000000 ) ) ;
#1712 = EDGE_CURVE ( 'NONE', #1645, #1971, #54, .T. ) ;
#1713 = CARTESIAN_POINT ( 'NONE',  ( 28.46410161513775350, 7.999999999999998224, 66.66666666666672825 ) ) ;
#1714 = CARTESIAN_POINT ( 'NONE',  ( 48.75087618632779396, 8.482082435299316714, -0.000000000000000000 ) ) ;
#1715 = CARTESIAN_POINT ( 'NONE',  ( 29.99999999859918987, 9.941275563605888266, 1.320014235886732637E-17 ) ) ;
#1716 = CARTESIAN_POINT ( 'NONE',  ( 31.53589838486223940, 8.000000000000000000, 0.000000000000000000 ) ) ;
#1717 = FACE_OUTER_BOUND ( 'NONE', #126, .T. ) ;
#1718 = VERTEX_POINT ( 'NONE', #1941 ) ;
#1719 = CARTESIAN_POINT ( 'NONE',  ( 10.85877323421878238, 9.054706392435477369, 0.000000000000000000 ) ) ;
#1720 = CARTESIAN_POINT ( 'NONE',  ( 29.61880215351700585, 10.00000000000000533, 31.66666666666668206 ) ) ;
#1721 = CARTESIAN_POINT ( 'NONE',  ( 20.53390854985193670, 9.467921750184416396, 0.000000000000000000 ) ) ;
#1722 = ADVANCED_FACE ( 'NONE', ( #1620 ), #777, .F. ) ;
#1723 = CARTESIAN_POINT ( 'NONE',  ( 31.53589838486223940, 8.000000000000000000, -5.000000000000000888 ) ) ;
#1724 = CARTESIAN_POINT ( 'NONE',  ( 18.92673005738552661, 8.761342293948596094, 100.0000000000000000 ) ) ;
#1725 = EDGE_CURVE ( 'NONE', #86, #383, #1731, .T. ) ;
#1726 = ORIENTED_EDGE ( 'NONE', *, *, #242, .F. ) ;
#1727 = CARTESIAN_POINT ( 'NONE',  ( 50.38323571943650592, 9.630925872318170988, 100.0000000000000142 ) ) ;
#1728 = CARTESIAN_POINT ( 'NONE',  ( 30.19615242270663558, 10.00000000000000000, -5.000000000000000888 ) ) ;
#1729 = ORIENTED_EDGE ( 'NONE', *, *, #643, .F. ) ;
#1730 = CARTESIAN_POINT ( 'NONE',  ( 69.70759351179029295, 9.734412285254762764, -0.000000000000000000 ) ) ;
#1731 = B_SPLINE_CURVE_WITH_KNOTS ( 'NONE', 3,
 ( #948, #969, #1604, #925, #2115, #1438, #958, #1631, #2092, #1448, #1769, #1250, #585, #1591, #2080, #1293, #1460, #1085 ),
 .UNSPECIFIED., .F., .F.,
 ( 4, 1, 2, 2, 1, 1, 1, 2, 2, 1, 1, 4 ),
 ( 0.000000000000000000, 0.4491442620711673661, 0.4772157784506111944, 0.5052872948300549671, 0.5614303275889425127, 0.6737163931067176037, 0.7298594258656105893, 0.7438951840553311712, 0.7509130631501977904, 0.7579309422450644096, 0.7860024586245564215, 0.8982885241425437872 ),
 .UNSPECIFIED. ) ;
#1732 = CARTESIAN_POINT ( 'NONE',  ( -7.347880794884116778E-16, 14.00000000000000000, -6.000000000000000000 ) ) ;
#1733 = CARTESIAN_POINT ( 'NONE',  ( 59.91908191889054791, 9.898905839767932591, 100.0000000000000142 ) ) ;
#1734 = CARTESIAN_POINT ( 'NONE',  ( 89.61880215351699519, 10.00000000000000178, 31.66666666666667851 ) ) ;
#1735 = EDGE_CURVE ( 'NONE', #392, #1242, #1628, .T. ) ;
#1736 = VECTOR ( 'NONE', #2059, 1000.000000000000000 ) ;
#1737 = ORIENTED_EDGE ( 'NONE', *, *, #305, .F. ) ;
#1738 = ORIENTED_EDGE ( 'NONE', *, *, #1327, .F. ) ;
#1739 = CIRCLE ( 'NONE', #787, 3.999999999999996447 ) ;
#1740 = CARTESIAN_POINT ( 'NONE',  ( 9.999999998599211182, 9.941275563605900700, 3.933642422942452770E-16 ) ) ;
#1741 = VERTEX_POINT ( 'NONE', #2128 ) ;
#1742 = CARTESIAN_POINT ( 'NONE',  ( 88.57982698177747238, 8.200442214744505520, 0.000000000000000000 ) ) ;
#1743 = CARTESIAN_POINT ( 'NONE',  ( 60.06780597534613264, 9.905129077450114394, 0.000000000000000000 ) ) ;
#1744 = CARTESIAN_POINT ( 'NONE',  ( 30.38119784648299060, 10.00000000000000533, -5.000000000000002665 ) ) ;
#1745 = CARTESIAN_POINT ( 'NONE',  ( 39.99999999859919342, 9.941275563605906029, 5.781662353183864041E-16 ) ) ;
#1746 = CARTESIAN_POINT ( 'NONE',  ( 90.19615242270661781, 10.00000000000000000, -5.000000000000000888 ) ) ;
#1747 = ORIENTED_EDGE ( 'NONE', *, *, #960, .F. ) ;
#1748 = EDGE_CURVE ( 'NONE', #39, #1567, #945, .T. ) ;
#1749 = ORIENTED_EDGE ( 'NONE', *, *, #1060, .T. ) ;
#1750 = CARTESIAN_POINT ( 'NONE',  ( 10.47045840421078111, 9.537980830263421694, 0.000000000000000000 ) ) ;
#1751 = CARTESIAN_POINT ( 'NONE',  ( 78.46410161513774995, 7.999999999999998224, -5.000000000000000888 ) ) ;
#1752 = ORIENTED_EDGE ( 'NONE', *, *, #1986, .T. ) ;
#1753 =( BOUNDED_SURFACE ( )  B_SPLINE_SURFACE ( 2, 3, ( 
 ( #324, #1991, #1856, #350 ),
 ( #820, #2146, #1160, #1029 ),
 ( #1832, #1002, #1981, #1677 ) ),
 .UNSPECIFIED., .F., .F., .T. ) 
 B_SPLINE_SURFACE_WITH_KNOTS ( ( 3, 3 ),
 ( 4, 4 ),
 ( 0.000000000000000000, 1.000000000000000000 ),
 ( -0.005000000000000000971, 0.1050000000000000100 ),
 .UNSPECIFIED. ) 
 GEOMETRIC_REPRESENTATION_ITEM ( )  RATIONAL_B_SPLINE_SURFACE ( (
 ( 1.000000000000000000, 1.000000000000000000, 1.000000000000000000, 1.000000000000000000),
 ( 0.8660254037844388186, 0.8660254037844388186, 0.8660254037844388186, 0.8660254037844388186),
 ( 1.000000000000000000, 1.000000000000000000, 1.000000000000000000, 1.000000000000000000) ) ) 
 REPRESENTATION_ITEM ( '' )  SURFACE ( )  );
#1754 = CARTESIAN_POINT ( 'NONE',  ( 89.13133170429446750, 9.041098969644632888, -0.000000000000000000 ) ) ;
#1755 = CARTESIAN_POINT ( 'NONE',  ( 60.17770810132385151, 9.827341993886127725, -0.000000000000000000 ) ) ;
#1756 = CARTESIAN_POINT ( 'NONE',  ( 59.12451539820440871, 9.031692308823139115, -0.000000000000000000 ) ) ;
#1757 = CARTESIAN_POINT ( 'NONE',  ( 39.17970908421138176, 9.107121952730180325, 99.99999999999998579 ) ) ;
#1758 = CARTESIAN_POINT ( 'NONE',  ( 91.53589838486222163, 7.999999999999996447, 0.000000000000000000 ) ) ;
#1759 = CARTESIAN_POINT ( 'NONE',  ( 5.000000000000000000, 10.00000000000000178, 100.0000000000000000 ) ) ;
#1760 = ORIENTED_EDGE ( 'NONE', *, *, #1817, .F. ) ;
#1761 = CARTESIAN_POINT ( 'NONE',  ( 50.36961805671585779, 9.644817842083694970, 100.0000000000000426 ) ) ;
#1762 = ORIENTED_EDGE ( 'NONE', *, *, #405, .F. ) ;
#1763 = ADVANCED_FACE ( 'NONE', ( #289 ), #788, .F. ) ;
#1764 = CARTESIAN_POINT ( 'NONE',  ( 89.12451539820443713, 9.031692308823123128, -0.000000000000000000 ) ) ;
#1765 = DIRECTION ( 'NONE',  ( 1.309225264888156130E-16, -0.000000000000000000, 1.000000000000000000 ) ) ;
#1766 = CARTESIAN_POINT ( 'NONE',  ( 59.52594940020335201, 9.534016541882024853, 0.000000000000000000 ) ) ;
#1767 = CARTESIAN_POINT ( 'NONE',  ( 51.53589838486222874, 8.000000000000000000, -5.000000000000000888 ) ) ;
#1768 = SURFACE_STYLE_FILL_AREA ( #1260 ) ;
#1769 = CARTESIAN_POINT ( 'NONE',  ( 70.38323571943351453, 9.630925872321322245, 100.0000000000000000 ) ) ;
#1770 = ORIENTED_EDGE ( 'NONE', *, *, #17, .T. ) ;
#1771 = FACE_OUTER_BOUND ( 'NONE', #2061, .T. ) ;
#1772 = EDGE_LOOP ( 'NONE', ( #1815, #476, #745, #970 ) ) ;
#1773 = CARTESIAN_POINT ( 'NONE',  ( 0.000000000000000000, 10.00000000000000000, 0.000000000000000000 ) ) ;
#1774 = CARTESIAN_POINT ( 'NONE',  ( 60.85363273938774853, 9.061754640196577171, -0.000000000000000000 ) ) ;
#1775 = EDGE_CURVE ( 'NONE', #149, #415, #279, .T. ) ;
#1776 = CARTESIAN_POINT ( 'NONE',  ( 49.51523589229863376, 9.522133579774068934, -0.000000000000000000 ) ) ;
#1777 = CARTESIAN_POINT ( 'NONE',  ( 59.57729493377944152, 9.590245778649428843, 100.0000000000000426 ) ) ;
#1778 = CARTESIAN_POINT ( 'NONE',  ( 40.00008457952362306, 9.941434512409786706, 100.0000000000000000 ) ) ;
#1779 = CARTESIAN_POINT ( 'NONE',  ( 0.8657174131903950798, 9.080864473340032106, 100.0000000000000000 ) ) ;
#1780 = B_SPLINE_CURVE_WITH_KNOTS ( 'NONE', 3,
 ( #505, #976, #141, #154, #1637, #130, #1023, #1157, #1179, #1475, #1135, #2142, #1828, #826, #1686, #1648, #1806, #815 ),
 .UNSPECIFIED., .F., .F.,
 ( 4, 1, 1, 2, 2, 1, 1, 1, 2, 2, 1, 4 ),
 ( 0.1014845771181672462, 0.2137990049783000668, 0.2418776119433297123, 0.2488972636845873665, 0.2559169154258450485, 0.2699562189083729025, 0.3261134328384998060, 0.4384278606987536131, 0.4945850746288850130, 0.5226636815939507130, 0.5507422885590164130, 1.000000000000000000 ),
 .UNSPECIFIED. ) ;
#1781 = CARTESIAN_POINT ( 'NONE',  ( 80.32434393236462711, 9.690195184182858412, 100.0000000000000142 ) ) ;
#1782 = VERTEX_POINT ( 'NONE', #1797 ) ;
#1783 = CARTESIAN_POINT ( 'NONE',  ( 0.8021028643388692370, 9.173312969284992846, -0.000000000000000000 ) ) ;
#1784 = CARTESIAN_POINT ( 'NONE',  ( 59.11428598038690296, 9.017545163095629590, -0.000000000000000000 ) ) ;
#1785 = CARTESIAN_POINT ( 'NONE',  ( 18.46410161513774639, 8.000000000000001776, 33.33333333333335702 ) ) ;
#1786 =( NAMED_UNIT ( * ) PLANE_ANGLE_UNIT ( ) SI_UNIT ( $, .RADIAN. ) );
#1787 = ADVANCED_FACE ( 'NONE', ( #1337 ), #1208, .T. ) ;
#1788 = CARTESIAN_POINT ( 'NONE',  ( 48.46410161513774284, 8.000000000000007105, 100.0000000000000000 ) ) ;
#1789 = ORIENTED_EDGE ( 'NONE', *, *, #2055, .T. ) ;
#1790 = CARTESIAN_POINT ( 'NONE',  ( 49.61880215351699519, 10.00000000000000533, 105.0000000000000142 ) ) ;
#1791 = ORIENTED_EDGE ( 'NONE', *, *, #1105, .F. ) ;
#1792 = CARTESIAN_POINT ( 'NONE',  ( 0.4794062705910442923, 9.602227572026777125, -0.000000000000000000 ) ) ;
#1793 = VERTEX_POINT ( 'NONE', #640 ) ;
#1794 = CARTESIAN_POINT ( 'NONE',  ( 59.50168059352665040, 9.506988523359654053, -0.000000000000000000 ) ) ;
#1795 = CARTESIAN_POINT ( 'NONE',  ( 69.61880215351700940, 10.00000000000000178, 68.33333333333332860 ) ) ;
#1796 = CARTESIAN_POINT ( 'NONE',  ( 68.46410161513774995, 8.000000000000000000, 0.000000000000000000 ) ) ;
#1797 = CARTESIAN_POINT ( 'NONE',  ( 100.0000000000000142, 14.00000000000000000, 100.0000000000000000 ) ) ;
#1798 = VERTEX_POINT ( 'NONE', #1324 ) ;
#1799 = ADVANCED_FACE ( 'NONE', ( #1516 ), #2126, .T. ) ;
#1800 = CARTESIAN_POINT ( 'NONE',  ( 80.36961805671295167, 9.644817842086531812, 100.0000000000000142 ) ) ;
#1801 = ORIENTED_EDGE ( 'NONE', *, *, #2133, .F. ) ;
#1802 = CARTESIAN_POINT ( 'NONE',  ( 1.069296656116435651, 8.782438734005868497, -0.000000000000000000 ) ) ;
#1803 = CARTESIAN_POINT ( 'NONE',  ( 9.474428197762104986, 9.476161161921131892, -0.000000000000000000 ) ) ;
#1804 = AXIS2_PLACEMENT_3D ( 'NONE', #1074, #2067, #72 ) ;
#1805 = VERTEX_POINT ( 'NONE', #337 ) ;
#1806 = CARTESIAN_POINT ( 'NONE',  ( 78.69214240787140113, 8.394978239212905535, 100.0000000000000142 ) ) ;
#1807 = AXIS2_PLACEMENT_3D ( 'NONE', #271, #445, #1120 ) ;
#1808 = CARTESIAN_POINT ( 'NONE',  ( 70.17770810132381598, 9.827341993886099303, -0.000000000000000000 ) ) ;
#1809 = B_SPLINE_CURVE_WITH_KNOTS ( 'NONE', 3,
 ( #1301, #172, #496, #471, #311, #990, #145, #1905, #2029, #569, #1433, #1917, #1234, #1268, #930, #909, #858, #1579, #363, #1042, #900, #1246 ),
 .UNSPECIFIED., .F., .F.,
 ( 4, 1, 1, 1, 1, 1, 2, 2, 1, 1, 1, 1, 1, 2, 2, 4 ),
 ( 0.000000000000000000, 0.2499999999996850852, 0.3749999999995231592, 0.4374999999994430566, 0.4687499999994073074, 0.4843749999993904320, 0.4921874999993864352, 0.4999999999993824940, 0.6249999999994345634, 0.6874999999994614308, 0.7187499999994805266, 0.7343749999994909627, 0.7421874999995022870, 0.7460937499995151656, 0.7499999999995279332, 1.000000000000000000 ),
 .UNSPECIFIED. ) ;
#1810 = CARTESIAN_POINT ( 'NONE',  ( 99.52395106276010495, 9.606271640024502290, 100.0000000000000142 ) ) ;
#1811 = CARTESIAN_POINT ( 'NONE',  ( 40.19615242270661781, 10.00000000000000000, 31.66666666666667496 ) ) ;
#1812 = ORIENTED_EDGE ( 'NONE', *, *, #1558, .F. ) ;
#1813 = CARTESIAN_POINT ( 'NONE',  ( 80.38323571943222134, 9.630925872322162462, 100.0000000000000142 ) ) ;
#1814 = CARTESIAN_POINT ( 'NONE',  ( -1.651239908695423253E-13, 9.999999999997337241, 105.0000000000000000 ) ) ;
#1815 = ORIENTED_EDGE ( 'NONE', *, *, #766, .F. ) ;
#1816 = CARTESIAN_POINT ( 'NONE',  ( 50.17770810132383730, 9.827341993886117066, -0.000000000000000000 ) ) ;
#1817 = EDGE_CURVE ( 'NONE', #1063, #304, #1646, .T. ) ;
#1818 = CARTESIAN_POINT ( 'NONE',  ( 58.46410161513773573, 8.000000000000001776, 33.33333333333335702 ) ) ;
#1819 = CARTESIAN_POINT ( 'NONE',  ( 70.74397321632415014, 9.208838152457838433, -0.000000000000000000 ) ) ;
#1820 = CARTESIAN_POINT ( 'NONE',  ( 98.46666666666558854, 8.004449393718729766, 100.0000000000000000 ) ) ;
#1821 = CARTESIAN_POINT ( 'NONE',  ( 18.46410161513774639, 8.000000000000001776, -5.000000000000000888 ) ) ;
#1822 = CARTESIAN_POINT ( 'NONE',  ( 29.47442819776208367, 9.476161161921107023, -0.000000000000000000 ) ) ;
#1823 = CARTESIAN_POINT ( 'NONE',  ( 50.00008457952343122, 9.941434512409449198, 100.0000000000000000 ) ) ;
#1824 = CARTESIAN_POINT ( 'NONE',  ( 41.53589838486223584, 8.000000000000000000, 33.33333333333335702 ) ) ;
#1825 = VERTEX_POINT ( 'NONE', #510 ) ;
#1826 = CARTESIAN_POINT ( 'NONE',  ( 50.62877854000620914, 9.356241119997870115, -0.000000000000000000 ) ) ;
#1827 = CARTESIAN_POINT ( 'NONE',  ( 11.30804228494512031, 8.394658341870956164, 100.0000000000000000 ) ) ;
#1828 = CARTESIAN_POINT ( 'NONE',  ( 79.19125353305051362, 9.122686808997979568, 99.99999999999998579 ) ) ;
#1829 = ADVANCED_FACE ( 'NONE', ( #652 ), #1753, .T. ) ;
#1830 = CARTESIAN_POINT ( 'NONE',  ( 88.46410161513773573, 7.999999999999994671, 66.66666666666672825 ) ) ;
#1831 = CARTESIAN_POINT ( 'NONE',  ( 99.14134141563876312, 9.091211028136690686, 100.0000000000000000 ) ) ;
#1832 = CARTESIAN_POINT ( 'NONE',  ( 79.80384757729333955, 10.00000000000000000, -5.000000000000000888 ) ) ;
#1833 = CARTESIAN_POINT ( 'NONE',  ( 9.803847577293369753, 10.00000000000000000, 105.0000000000000000 ) ) ;
#1834 = CARTESIAN_POINT ( 'NONE',  ( 98.46666666666558854, 8.004449393718726213, 0.000000000000000000 ) ) ;
#1835 = LINE ( 'NONE', #1328, #1454 ) ;
#1836 = ORIENTED_EDGE ( 'NONE', *, *, #1923, .F. ) ;
#1837 = CARTESIAN_POINT ( 'NONE',  ( 89.99999999999819522, 9.941275564351691685, 33.33333333333332860 ) ) ;
#1838 = CARTESIAN_POINT ( 'NONE',  ( 10.19240026717943870, 9.816087656023926300, 100.0000000000000426 ) ) ;
#1839 = CARTESIAN_POINT ( 'NONE',  ( 58.46410161513773573, 8.000000000000007105, 100.0000000000000000 ) ) ;
#1840 = CARTESIAN_POINT ( 'NONE',  ( 28.46410161513775705, 8.000000000000003553, 100.0000000000000000 ) ) ;
#1841 = AXIS2_PLACEMENT_3D ( 'NONE', #793, #110, #772 ) ;
#1842 = CARTESIAN_POINT ( 'NONE',  ( 99.46003866985736863, 9.529002556047116101, 99.99999999999998579 ) ) ;
#1843 = CARTESIAN_POINT ( 'NONE',  ( 40.39512837032000192, 9.619039585386623514, -0.000000000000000000 ) ) ;
#1844 = CARTESIAN_POINT ( 'NONE',  ( 20.19615242270662137, 10.00000000000000000, -5.000000000000000888 ) ) ;
#1845 = CARTESIAN_POINT ( 'NONE',  ( 84.99999999999997158, 10.00000000000000178, 100.0000000000000000 ) ) ;
#1846 = CARTESIAN_POINT ( 'NONE',  ( 44.99999999999998579, 10.00000000000000178, 100.0000000000000000 ) ) ;
#1847 = CARTESIAN_POINT ( 'NONE',  ( 99.60000000000000853, 9.973273875806320632, 68.33333333333331439 ) ) ;
#1848 = VERTEX_POINT ( 'NONE', #799 ) ;
#1849 = CARTESIAN_POINT ( 'NONE',  ( 69.91908191889018553, 9.898905839768554316, 100.0000000000000000 ) ) ;
#1850 = CARTESIAN_POINT ( 'NONE',  ( 19.51523589229864086, 9.522133579774058276, -0.000000000000000000 ) ) ;
#1851 = CARTESIAN_POINT ( 'NONE',  ( 90.84510905279053361, 9.073403649121328129, -0.000000000000000000 ) ) ;
#1852 = CARTESIAN_POINT ( 'NONE',  ( 80.45284391281930425, 9.557297686976545137, -0.000000000000000000 ) ) ;
#1853 = CARTESIAN_POINT ( 'NONE',  ( 60.08071695929022837, 9.899085952947347167, 100.0000000000000000 ) ) ;
#1854 = CARTESIAN_POINT ( 'NONE',  ( 30.46120100616088777, 9.548155205898984477, -0.000000000000000000 ) ) ;
#1855 = CARTESIAN_POINT ( 'NONE',  ( 41.53589838486223584, 8.000000000000000000, 0.000000000000000000 ) ) ;
#1856 = CARTESIAN_POINT ( 'NONE',  ( 81.53589838486220742, 7.999999999999998224, 68.33333333333332860 ) ) ;
#1857 = ADVANCED_FACE ( 'NONE', ( #1015 ), #1501, .F. ) ;
#1858 = CARTESIAN_POINT ( 'NONE',  ( 98.46666666666558854, 8.004449393718724437, 66.66666666666672825 ) ) ;
#1859 = CARTESIAN_POINT ( 'NONE',  ( 1.533333333334352844, 8.004449393718704897, 105.0000000000000000 ) ) ;
#1860 = VERTEX_POINT ( 'NONE', #2170 ) ;
#1861 = B_SPLINE_CURVE_WITH_KNOTS ( 'NONE', 3,
 ( #1235, #732, #1555, #901 ),
 .UNSPECIFIED., .F., .F.,
 ( 4, 4 ),
 ( 0.000000000000000000, 1.000000000000000000 ),
 .UNSPECIFIED. ) ;
#1862 = CARTESIAN_POINT ( 'NONE',  ( 69.64212491634373237, 9.656662923518222641, 100.0000000000000426 ) ) ;
#1863 = CARTESIAN_POINT ( 'NONE',  ( 19.41935621334985740, 9.412357444604911194, -0.000000000000000000 ) ) ;
#1864 = CARTESIAN_POINT ( 'NONE',  ( 19.99999999859919342, 9.941275563605897148, 3.775240714636049710E-16 ) ) ;
#1865 = CARTESIAN_POINT ( 'NONE',  ( 80.39512837032003745, 9.619039585386579105, -0.000000000000000000 ) ) ;
#1866 = CARTESIAN_POINT ( 'NONE',  ( 11.53589838486224473, 8.000000000000003553, 33.33333333333335702 ) ) ;
#1867 = CARTESIAN_POINT ( 'NONE',  ( 39.52103011339154648, 9.528566755886329176, -0.000000000000000000 ) ) ;
#1868 = CARTESIAN_POINT ( 'NONE',  ( 41.07999028105089678, 8.750692280930293165, -0.000000000000000000 ) ) ;
#1869 = DIRECTION ( 'NONE',  ( 1.000000000000000000, 0.000000000000000000, 0.000000000000000000 ) ) ;
#1870 = CARTESIAN_POINT ( 'NONE',  ( 30.32434393236668058, 9.690195184180137034, 100.0000000000000000 ) ) ;
#1871 = ORIENTED_EDGE ( 'NONE', *, *, #1635, .F. ) ;
#1872 = EDGE_CURVE ( 'NONE', #2095, #316, #1809, .T. ) ;
#1873 = CARTESIAN_POINT ( 'NONE',  ( 51.30804228495738073, 8.394658341849723371, 100.0000000000000142 ) ) ;
#1874 = CARTESIAN_POINT ( 'NONE',  ( 78.46410161513774995, 8.000000000000014211, 100.0000000000000000 ) ) ;
#1875 = CARTESIAN_POINT ( 'NONE',  ( 19.99999999859919342, 9.941275563605897148, 3.775240714636049710E-16 ) ) ;
#1876 = CARTESIAN_POINT ( 'NONE',  ( 58.46410161513772863, 8.000000000000000000, -5.000000000000000888 ) ) ;
#1877 = CARTESIAN_POINT ( 'NONE',  ( 48.46410161513773573, 8.000000000000000000, 0.000000000000000000 ) ) ;
#1878 = VECTOR ( 'NONE', #280, 1000.000000000000000 ) ;
#1879 = CARTESIAN_POINT ( 'NONE',  ( 39.99999999859919342, 9.941275563605906029, 5.781662353183864041E-16 ) ) ;
#1880 = CARTESIAN_POINT ( 'NONE',  ( 40.46678306989732476, 9.542029531859041569, -0.000000000000000000 ) ) ;
#1881 = CIRCLE ( 'NONE', #1804, 3.999999999999996447 ) ;
#1882 = ORIENTED_EDGE ( 'NONE', *, *, #384, .T. ) ;
#1883 = CARTESIAN_POINT ( 'NONE',  ( 69.62675001306698164, 9.641118974851167422, 100.0000000000000142 ) ) ;
#1884 = EDGE_CURVE ( 'NONE', #1825, #366, #840, .T. ) ;
#1885 = CARTESIAN_POINT ( 'NONE',  ( 80.85363273938776274, 9.061754640196552302, -0.000000000000000000 ) ) ;
#1886 = CARTESIAN_POINT ( 'NONE',  ( 21.53589838486223229, 8.000000000000000000, 0.000000000000000000 ) ) ;
#1887 = CARTESIAN_POINT ( 'NONE',  ( 30.80269880976768349, 9.130859443940568809, -0.000000000000000000 ) ) ;
#1888 = B_SPLINE_CURVE_WITH_KNOTS ( 'NONE', 3,
 ( #1716, #1350, #882, #1559 ),
 .UNSPECIFIED., .F., .F.,
 ( 4, 4 ),
 ( 0.000000000000000000, 1.000000000000000000 ),
 .UNSPECIFIED. ) ;
#1889 = CARTESIAN_POINT ( 'NONE',  ( 8.750876186327801065, 8.482082435299288292, -0.000000000000000000 ) ) ;
#1890 = ORIENTED_EDGE ( 'NONE', *, *, #1316, .T. ) ;
#1891 = EDGE_LOOP ( 'NONE', ( #12, #1404, #1032, #694 ) ) ;
#1892 = CARTESIAN_POINT ( 'NONE',  ( 1.533333333334389259, 8.004449393718727990, 66.66666666666672825 ) ) ;
#1893 =( BOUNDED_SURFACE ( )  B_SPLINE_SURFACE ( 2, 3, ( 
 ( #1290, #1627, #1434, #121 ),
 ( #796, #1466, #2134, #999 ),
 ( #480, #1657, #345, #1147 ) ),
 .UNSPECIFIED., .F., .F., .F. ) 
 B_SPLINE_SURFACE_WITH_KNOTS ( ( 3, 3 ),
 ( 4, 4 ),
 ( 0.000000000000000000, 1.000000000000000000 ),
 ( -0.005000000000000000971, 0.1050000000000000100 ),
 .UNSPECIFIED. ) 
 GEOMETRIC_REPRESENTATION_ITEM ( )  RATIONAL_B_SPLINE_SURFACE ( (
 ( 1.000000000000000000, 1.000000000000000000, 1.000000000000000000, 1.000000000000000000),
 ( 0.8660254037844387076, 0.8660254037844387076, 0.8660254037844387076, 0.8660254037844387076),
 ( 1.000000000000000000, 1.000000000000000000, 1.000000000000000000, 1.000000000000000000) ) ) 
 REPRESENTATION_ITEM ( '' )  SURFACE ( )  );
#1894 = VERTEX_POINT ( 'NONE', #1197 ) ;
#1895 = CARTESIAN_POINT ( 'NONE',  ( 69.52488955130536397, 9.532842748327603033, -0.000000000000000000 ) ) ;
#1896 = EDGE_CURVE ( 'NONE', #1911, #106, #80, .T. ) ;
#1897 = DIRECTION ( 'NONE',  ( 0.000000000000000000, 0.000000000000000000, 1.000000000000000000 ) ) ;
#1898 = CARTESIAN_POINT ( 'NONE',  ( 39.70759351179026453, 9.734412285254759212, -0.000000000000000000 ) ) ;
#1899 = CARTESIAN_POINT ( 'NONE',  ( 90.19615242270661781, 10.00000000000000000, 105.0000000000000000 ) ) ;
#1900 = APPLICATION_CONTEXT ( 'automotive_design' ) ;
#1901 = VERTEX_POINT ( 'NONE', #1073 ) ;
#1902 = CARTESIAN_POINT ( 'NONE',  ( 20.38119784648298349, 10.00000000000000533, -5.000000000000002665 ) ) ;
#1903 =( BOUNDED_SURFACE ( )  B_SPLINE_SURFACE ( 2, 3, ( 
 ( #1706, #991, #664, #1174 ),
 ( #202, #2147, #1490, #1982 ),
 ( #472, #1992, #1161, #1833 ) ),
 .UNSPECIFIED., .F., .F., .F. ) 
 B_SPLINE_SURFACE_WITH_KNOTS ( ( 3, 3 ),
 ( 4, 4 ),
 ( 0.000000000000000000, 1.000000000000000000 ),
 ( -0.005000000000000000971, 0.1050000000000000100 ),
 .UNSPECIFIED. ) 
 GEOMETRIC_REPRESENTATION_ITEM ( )  RATIONAL_B_SPLINE_SURFACE ( (
 ( 1.000000000000000000, 1.000000000000000000, 1.000000000000000000, 1.000000000000000000),
 ( 0.8660254037844389297, 0.8660254037844389297, 0.8660254037844389297, 0.8660254037844389297),
 ( 1.000000000000000000, 1.000000000000000000, 1.000000000000000000, 1.000000000000000000) ) ) 
 REPRESENTATION_ITEM ( '' )  SURFACE ( )  );
#1904 = CARTESIAN_POINT ( 'NONE',  ( 69.50168059352671435, 9.506988523359684251, -0.000000000000000000 ) ) ;
#1905 = CARTESIAN_POINT ( 'NONE',  ( 79.12451539820439450, 9.031692308823132009, -0.000000000000000000 ) ) ;
#1906 = CARTESIAN_POINT ( 'NONE',  ( 9.807019611957741745, 9.815566611899463112, 99.99999999999997158 ) ) ;
#1907 = DIRECTION ( 'NONE',  ( 0.000000000000000000, 0.000000000000000000, 1.000000000000000000 ) ) ;
#1908 = EDGE_CURVE ( 'NONE', #862, #233, #1313, .T. ) ;
#1909 = VECTOR ( 'NONE', #2155, 1000.000000000000000 ) ;
#1910 = ORIENTED_EDGE ( 'NONE', *, *, #714, .F. ) ;
#1911 = VERTEX_POINT ( 'NONE', #1400 ) ;
#1912 = B_SPLINE_CURVE_WITH_KNOTS ( 'NONE', 3,
 ( #5, #1511, #1651, #298, #323, #673, #1348, #1001, #1149, #2014, #1659, #1530, #828, #347, #1181, #507, #1853, #1688 ),
 .UNSPECIFIED., .F., .F.,
 ( 4, 1, 2, 2, 1, 1, 1, 2, 2, 1, 1, 4 ),
 ( 0.000000000000000000, 0.4491442620721616263, 0.4772157784516709023, 0.5052872948311801782, 0.5614303275902016166, 0.6737163931082429391, 0.7298594258672629342, 0.7438951840570172669, 0.7509130631518943222, 0.7579309422467714885, 0.7860024586262865931, 0.8982885241443613333 ),
 .UNSPECIFIED. ) ;
#1913 = AXIS2_PLACEMENT_3D ( 'NONE', #147, #846, #1043 ) ;
#1914 = CARTESIAN_POINT ( 'NONE',  ( 41.53589838486223584, 8.000000000000000000, 31.66666666666667496 ) ) ;
#1915 = ORIENTED_EDGE ( 'NONE', *, *, #452, .F. ) ;
#1916 = CARTESIAN_POINT ( 'NONE',  ( 69.41935621334988582, 9.412357444604943169, -0.000000000000000000 ) ) ;
#1917 = CARTESIAN_POINT ( 'NONE',  ( 79.30694347299338176, 9.276154032216037848, -0.000000000000000000 ) ) ;
#1918 = CARTESIAN_POINT ( 'NONE',  ( 71.53589838486220742, 7.999999999999998224, 31.66666666666667496 ) ) ;
#1919 = CARTESIAN_POINT ( 'NONE',  ( 58.46410161513773573, 8.000000000000007105, 100.0000000000000000 ) ) ;
#1920 = CARTESIAN_POINT ( 'NONE',  ( -5.999999999999987566, 0.000000000000000000, 100.0000000000000000 ) ) ;
#1921 = DIRECTION ( 'NONE',  ( 0.000000000000000000, 0.000000000000000000, 1.000000000000000000 ) ) ;
#1922 = VERTEX_POINT ( 'NONE', #2066 ) ;
#1923 = EDGE_CURVE ( 'NONE', #1451, #1222, #2114, .T. ) ;
#1924 = CARTESIAN_POINT ( 'NONE',  ( 20.38119784648298349, 10.00000000000000533, 31.66666666666668206 ) ) ;
#1925 = ORIENTED_EDGE ( 'NONE', *, *, #492, .T. ) ;
#1926 = CARTESIAN_POINT ( 'NONE',  ( 68.57982698177752923, 8.200442214744560587, 0.000000000000000000 ) ) ;
#1927 = CARTESIAN_POINT ( 'NONE',  ( 90.00008457952351648, 9.941434512409658808, 99.99999999999997158 ) ) ;
#1928 = CARTESIAN_POINT ( 'NONE',  ( 50.38119784648296218, 10.00000000000000178, -5.000000000000000888 ) ) ;
#1929 = PRESENTATION_STYLE_ASSIGNMENT (( #1119 ) ) ;
#1930 = CARTESIAN_POINT ( 'NONE',  ( 40.84684781664157782, 9.071089163018482893, 100.0000000000000000 ) ) ;
#1931 = CARTESIAN_POINT ( 'NONE',  ( 0.9531402189963517069, 8.950938228323563450, 100.0000000000000284 ) ) ;
#1932 = B_SPLINE_CURVE_WITH_KNOTS ( 'NONE', 3,
 ( #743, #1733, #594, #227, #1271, #1939, #911, #1107, #1777, #73, #1412, #1248, #2077, #1611, #103, #775, #1446, #1919 ),
 .UNSPECIFIED., .F., .F.,
 ( 4, 1, 1, 2, 2, 1, 1, 1, 2, 2, 1, 4 ),
 ( 0.1014845771166256183, 0.2137990049771031353, 0.2418776119422243465, 0.2488972636835043994, 0.2559169154247844524, 0.2699562189073382856, 0.3261134328375397962, 0.4384278606979427617, 0.4945850746281443278, 0.5226636815932478308, 0.5507422885583512784, 1.000000000000000000 ),
 .UNSPECIFIED. ) ;
#1933 = CARTESIAN_POINT ( 'NONE',  ( 10.32026527603227528, 9.695347532244774413, -0.000000000000000000 ) ) ;
#1934 = EDGE_CURVE ( 'NONE', #1222, #862, #1556, .T. ) ;
#1935 = VERTEX_POINT ( 'NONE', #941 ) ;
#1936 = CARTESIAN_POINT ( 'NONE',  ( 88.94599061217030567, 8.777372264879588215, -0.000000000000000000 ) ) ;
#1937 = CARTESIAN_POINT ( 'NONE',  ( 60.83234367031050738, 9.090800783495124548, -0.000000000000000000 ) ) ;
#1938 = CARTESIAN_POINT ( 'NONE',  ( 71.53589838486220742, 7.999999999999998224, -5.000000000000000888 ) ) ;
#1939 = CARTESIAN_POINT ( 'NONE',  ( 59.62908545221225154, 9.643504670470020912, 100.0000000000000142 ) ) ;
#1940 = CARTESIAN_POINT ( 'NONE',  ( 20.08071695928984468, 9.899085952946652611, 100.0000000000000142 ) ) ;
#1941 = CARTESIAN_POINT ( 'NONE',  ( 71.53589838486222163, 8.000000000000000000, 0.000000000000000000 ) ) ;
#1942 = ORIENTED_EDGE ( 'NONE', *, *, #1996, .T. ) ;
#1943 = CARTESIAN_POINT ( 'NONE',  ( 48.46410161513773573, 8.000000000000000000, 105.0000000000000000 ) ) ;
#1944 = ORIENTED_EDGE ( 'NONE', *, *, #947, .T. ) ;
#1945 = CARTESIAN_POINT ( 'NONE',  ( 59.99999999859917210, 9.941275563605902477, -2.904031318950802065E-17 ) ) ;
#1946 = CARTESIAN_POINT ( 'NONE',  ( 8.945990612170321654, 8.777372264879623742, -0.000000000000000000 ) ) ;
#1947 = CARTESIAN_POINT ( 'NONE',  ( 10.00008457952364793, 9.941434512409804469, 100.0000000000000000 ) ) ;
#1948 = CARTESIAN_POINT ( 'NONE',  ( 49.50168059352668593, 9.506988523359684251, -0.000000000000000000 ) ) ;
#1949 = EDGE_CURVE ( 'NONE', #1539, #1494, #839, .T. ) ;
#1950 = CARTESIAN_POINT ( 'NONE',  ( 68.46410161513776416, 7.999999999999998224, 68.33333333333332860 ) ) ;
#1951 = CARTESIAN_POINT ( 'NONE',  ( 20.32434393236544423, 9.690195184181826349, 100.0000000000000284 ) ) ;
#1952 = CARTESIAN_POINT ( 'NONE',  ( 40.08071695928968126, 9.899085952946425238, 100.0000000000000000 ) ) ;
#1953 = EDGE_LOOP ( 'NONE', ( #1770, #389, #1239, #2131 ) ) ;
#1954 = CARTESIAN_POINT ( 'NONE',  ( 24.99999999999999289, 10.00000000000000178, 0.000000000000000000 ) ) ;
#1955 = ORIENTED_EDGE ( 'NONE', *, *, #1679, .T. ) ;
#1956 = CARTESIAN_POINT ( 'NONE',  ( 0.000000000000000000, 0.000000000000000000, 0.000000000000000000 ) ) ;
#1957 = PRODUCT_DEFINITION ( 'UNKNOWN', '', #2083, #1211 ) ;
#1958 = CARTESIAN_POINT ( 'NONE',  ( 59.52488955130532844, 9.532842748327595928, -0.000000000000000000 ) ) ;
#1959 = DIRECTION ( 'NONE',  ( 0.000000000000000000, 0.000000000000000000, 1.000000000000000000 ) ) ;
#1960 = EDGE_CURVE ( 'NONE', #914, #328, #734, .T. ) ;
#1961 = CARTESIAN_POINT ( 'NONE',  ( 1.224646799147352586E-14, 0.000000000000000000, 100.0000000000000000 ) ) ;
#1962 = VERTEX_POINT ( 'NONE', #2041 ) ;
#1963 = DIRECTION ( 'NONE',  ( -1.224646799147352714E-16, 0.000000000000000000, -1.000000000000000000 ) ) ;
#1964 = ORIENTED_EDGE ( 'NONE', *, *, #396, .F. ) ;
#1965 = FACE_OUTER_BOUND ( 'NONE', #1584, .T. ) ;
#1966 = CARTESIAN_POINT ( 'NONE',  ( 9.131331704294467499, 9.041098969644657757, -0.000000000000000000 ) ) ;
#1967 = CARTESIAN_POINT ( 'NONE',  ( 58.46410161513773573, 8.000000000000007105, 0.000000000000000000 ) ) ;
#1968 = CARTESIAN_POINT ( 'NONE',  ( 70.45284391281924741, 9.557297686976582440, -0.000000000000000000 ) ) ;
#1969 = CARTESIAN_POINT ( 'NONE',  ( 99.56365659633596010, 9.653475757421185577, 100.0000000000000284 ) ) ;
#1970 = CARTESIAN_POINT ( 'NONE',  ( 40.19615242270661781, 10.00000000000000000, -5.000000000000000888 ) ) ;
#1971 = VERTEX_POINT ( 'NONE', #1041 ) ;
#1972 = FACE_OUTER_BOUND ( 'NONE', #2086, .T. ) ;
#1973 = FACE_OUTER_BOUND ( 'NONE', #1465, .T. ) ;
#1974 = ORIENTED_EDGE ( 'NONE', *, *, #1949, .T. ) ;
#1975 = AXIS2_PLACEMENT_3D ( 'NONE', #2079, #1573, #64 ) ;
#1976 = DIRECTION ( 'NONE',  ( 1.000000000000000000, 0.000000000000000000, 0.000000000000000000 ) ) ;
#1977 = CARTESIAN_POINT ( 'NONE',  ( 9.515235892298660403, 9.522133579774072487, -0.000000000000000000 ) ) ;
#1978 = CARTESIAN_POINT ( 'NONE',  ( 58.46410161513773573, 8.000000000000007105, 0.000000000000000000 ) ) ;
#1979 = CARTESIAN_POINT ( 'NONE',  ( 70.19615242270663202, 10.00000000000000000, 68.33333333333332860 ) ) ;
#1980 = CARTESIAN_POINT ( 'NONE',  ( 69.99999999999822364, 9.941275564351698790, 66.66666666666664298 ) ) ;
#1981 = CARTESIAN_POINT ( 'NONE',  ( 79.80384757729333955, 10.00000000000000000, 68.33333333333332860 ) ) ;
#1982 = CARTESIAN_POINT ( 'NONE',  ( 10.38119784648299415, 10.00000000000000178, 104.9999999999999858 ) ) ;
#1983 = CARTESIAN_POINT ( 'NONE',  ( 1.533333333334389259, 8.004449393718727990, 100.0000000000000000 ) ) ;
#1984 = CARTESIAN_POINT ( 'NONE',  ( 100.0035276684149608, 10.00023570225773106, 68.33333333333332860 ) ) ;
#1985 = ORIENTED_EDGE ( 'NONE', *, *, #36, .T. ) ;
#1986 = EDGE_CURVE ( 'NONE', #706, #1860, #35, .T. ) ;
#1987 = CARTESIAN_POINT ( 'NONE',  ( 19.50168059352671079, 9.506988523359677146, -0.000000000000000000 ) ) ;
#1988 = CARTESIAN_POINT ( 'NONE',  ( 90.46120100616086290, 9.548155205898982700, -0.000000000000000000 ) ) ;
#1989 = CARTESIAN_POINT ( 'NONE',  ( 89.80384757729332534, 10.00000000000000000, 68.33333333333332860 ) ) ;
#1990 = CARTESIAN_POINT ( 'NONE',  ( 69.99999999999822364, 9.941275564351698790, 33.33333333333333570 ) ) ;
#1991 = CARTESIAN_POINT ( 'NONE',  ( 81.53589838486220742, 7.999999999999998224, 31.66666666666667496 ) ) ;
#1992 = CARTESIAN_POINT ( 'NONE',  ( 9.803847577293369753, 10.00000000000000000, 31.66666666666667496 ) ) ;
#1993 = CARTESIAN_POINT ( 'NONE',  ( 49.80701961195791938, 9.815566611897866167, 100.0000000000000142 ) ) ;
#1994 = CARTESIAN_POINT ( 'NONE',  ( 29.99999999999825562, 9.941275564351711225, 33.33333333333336412 ) ) ;
#1995 = ORIENTED_EDGE ( 'NONE', *, *, #1543, .F. ) ;
#1996 = EDGE_CURVE ( 'NONE', #232, #392, #1058, .T. ) ;
#1997 = CARTESIAN_POINT ( 'NONE',  ( 69.17970908421263232, 9.107121952732045500, 100.0000000000000000 ) ) ;
#1998 = CARTESIAN_POINT ( 'NONE',  ( 79.61880215351699519, 10.00000000000000178, -5.000000000000001776 ) ) ;
#1999 = CARTESIAN_POINT ( 'NONE',  ( 90.74397321632413593, 9.208838152457875736, -0.000000000000000000 ) ) ;
#2000 = CARTESIAN_POINT ( 'NONE',  ( 20.46120100616087711, 9.548155205898979148, -0.000000000000000000 ) ) ;
#2001 = CARTESIAN_POINT ( 'NONE',  ( 100.0000000000000000, 10.00000000000000000, 0.000000000000000000 ) ) ;
#2002 = CARTESIAN_POINT ( 'NONE',  ( 40.53390854985195801, 9.467921750184379093, 0.000000000000000000 ) ) ;
#2003 = CARTESIAN_POINT ( 'NONE',  ( 100.0000000000000000, 10.00000000000000000, 0.000000000000000000 ) ) ;
#2004 = CARTESIAN_POINT ( 'NONE',  ( 29.52594940020334491, 9.534016541882012419, 0.000000000000000000 ) ) ;
#2005 = DIRECTION ( 'NONE',  ( 1.000000000000000000, -0.000000000000000000, -1.224646799147352714E-16 ) ) ;
#2006 = CARTESIAN_POINT ( 'NONE',  ( 100.0070553368297084, 10.00047140451812488, 105.0000000000000000 ) ) ;
#2007 = ORIENTED_EDGE ( 'NONE', *, *, #1154, .T. ) ;
#2008 = CARTESIAN_POINT ( 'NONE',  ( 10.36961805671337800, 9.644817842086169435, 100.0000000000000426 ) ) ;
#2009 = DIRECTION ( 'NONE',  ( 1.000000000000000000, 0.000000000000000000, 0.000000000000000000 ) ) ;
#2010 = CARTESIAN_POINT ( 'NONE',  ( 100.0000000000000142, 14.00000000000000000, 100.0000000000000000 ) ) ;
#2011 = B_SPLINE_CURVE_WITH_KNOTS ( 'NONE', 3,
 ( #626, #782, #1464, #1452 ),
 .UNSPECIFIED., .F., .F.,
 ( 4, 4 ),
 ( 0.000000000000000000, 1.000000000000000000 ),
 .UNSPECIFIED. ) ;
#2012 = AXIS2_PLACEMENT_3D ( 'NONE', #661, #1335, #494 ) ;
#2013 = EDGE_CURVE ( 'NONE', #264, #446, #488, .T. ) ;
#2014 = CARTESIAN_POINT ( 'NONE',  ( 60.42155132944920126, 9.591449271902410700, 100.0000000000000142 ) ) ;
#2015 = CARTESIAN_POINT ( 'NONE',  ( 19.67454730422426934, 9.689094678226961577, 100.0000000000000284 ) ) ;
#2016 = CARTESIAN_POINT ( 'NONE',  ( 40.83234367031055001, 9.090800783495115667, -0.000000000000000000 ) ) ;
#2017 = CARTESIAN_POINT ( 'NONE',  ( 100.0000000000001990, 9.999999999997337241, 66.66666666666665719 ) ) ;
#2018 = CARTESIAN_POINT ( 'NONE',  ( 48.46410161513773573, 7.999999999999996447, 66.66666666666672825 ) ) ;
#2019 = CARTESIAN_POINT ( 'NONE',  ( 31.07345529928174344, 8.761013636528664605, 100.0000000000000426 ) ) ;
#2020 = CARTESIAN_POINT ( 'NONE',  ( 100.0000000000001990, 9.999999999997337241, 68.33333333333332860 ) ) ;
#2021 = EDGE_LOOP ( 'NONE', ( #995, #563, #739, #849 ) ) ;
#2022 = CARTESIAN_POINT ( 'NONE',  ( 69.61537401907399669, 9.629507715569234350, 100.0000000000000142 ) ) ;
#2023 = CARTESIAN_POINT ( 'NONE',  ( 18.46410161513774639, 8.000000000000001776, 0.000000000000000000 ) ) ;
#2024 = CARTESIAN_POINT ( 'NONE',  ( 89.34571254073176760, 9.324934914860538271, 99.99999999999998579 ) ) ;
#2025 = CARTESIAN_POINT ( 'NONE',  ( 20.39512837032004100, 9.619039585386612856, -0.000000000000000000 ) ) ;
#2026 = CARTESIAN_POINT ( 'NONE',  ( 19.62675001306720191, 9.641118974851423218, 99.99999999999998579 ) ) ;
#2027 = EDGE_CURVE ( 'NONE', #1782, #1063, #377, .T. ) ;
#2028 = CARTESIAN_POINT ( 'NONE',  ( 29.62675001306708467, 9.641118974851304202, 100.0000000000000142 ) ) ;
#2029 = CARTESIAN_POINT ( 'NONE',  ( 79.13133170429442487, 9.041098969644641770, -0.000000000000000000 ) ) ;
#2030 = CARTESIAN_POINT ( 'NONE',  ( 29.09038262803576202, 8.984275074931451499, -0.000000000000000000 ) ) ;
#2031 = CARTESIAN_POINT ( 'NONE',  ( 30.80874150501106001, 9.122691376593010659, 100.0000000000000284 ) ) ;
#2032 =( BOUNDED_CURVE ( )  B_SPLINE_CURVE ( 3, ( #920, #568, #908, #1256 ),
 .UNSPECIFIED., .F., .F. ) 
 B_SPLINE_CURVE_WITH_KNOTS ( ( 4, 4 ),
 ( 0.000000000000000000, 1.000000000000000000 ),
 .UNSPECIFIED. ) 
 CURVE ( )  GEOMETRIC_REPRESENTATION_ITEM ( )  RATIONAL_B_SPLINE_CURVE ( ( 0.9625270596227641917, 0.9625270596227643027, 0.9625270596227644138, 0.9625270596227645248 ) ) 
 REPRESENTATION_ITEM ( '' )  );
#2033 = VERTEX_POINT ( 'NONE', #7 ) ;
#2034 = CARTESIAN_POINT ( 'NONE',  ( 99.11584243408779571, 9.053726984800341882, -0.000000000000000000 ) ) ;
#2035 = CARTESIAN_POINT ( 'NONE',  ( 19.86467886965766638, 9.869137622017207789, 0.000000000000000000 ) ) ;
#2036 = CARTESIAN_POINT ( 'NONE',  ( 64.99999999999998579, 10.00000000000000178, 100.0000000000000000 ) ) ;
#2037 = CARTESIAN_POINT ( 'NONE',  ( 58.46410161513772863, 8.000000000000000000, 105.0000000000000000 ) ) ;
#2038 = CARTESIAN_POINT ( 'NONE',  ( 28.46410161513775705, 8.000000000000003553, 100.0000000000000000 ) ) ;
#2039 = CARTESIAN_POINT ( 'NONE',  ( 39.20670037291893806, 9.144672288300499829, 0.000000000000000000 ) ) ;
#2040 = B_SPLINE_CURVE_WITH_KNOTS ( 'NONE', 3,
 ( #651, #482, #1499, #2168 ),
 .UNSPECIFIED., .F., .F.,
 ( 4, 4 ),
 ( 0.000000000000000000, 1.000000000000000000 ),
 .UNSPECIFIED. ) ;
#2041 = CARTESIAN_POINT ( 'NONE',  ( 0.000000000000000000, 10.00000000000000000, 0.000000000000000000 ) ) ;
#2042 = CARTESIAN_POINT ( 'NONE',  ( 49.61537401907385458, 9.629507715569340931, 100.0000000000000142 ) ) ;
#2043 = EDGE_CURVE ( 'NONE', #2073, #2069, #1888, .T. ) ;
#2044 = CARTESIAN_POINT ( 'NONE',  ( 50.80874150501063724, 9.122691376593428103, 100.0000000000000284 ) ) ;
#2045 =( BOUNDED_SURFACE ( )  B_SPLINE_SURFACE ( 2, 3, ( 
 ( #479, #318, #2165, #658 ),
 ( #1998, #2072, #2056, #382 ),
 ( #1751, #708, #538, #221 ) ),
 .UNSPECIFIED., .F., .F., .F. ) 
 B_SPLINE_SURFACE_WITH_KNOTS ( ( 3, 3 ),
 ( 4, 4 ),
 ( 0.000000000000000000, 1.000000000000000000 ),
 ( -0.005000000000000000971, 0.1050000000000000100 ),
 .UNSPECIFIED. ) 
 GEOMETRIC_REPRESENTATION_ITEM ( )  RATIONAL_B_SPLINE_SURFACE ( (
 ( 1.000000000000000000, 1.000000000000000000, 1.000000000000000000, 1.000000000000000000),
 ( 0.8660254037844388186, 0.8660254037844388186, 0.8660254037844388186, 0.8660254037844388186),
 ( 1.000000000000000000, 1.000000000000000000, 1.000000000000000000, 1.000000000000000000) ) ) 
 REPRESENTATION_ITEM ( '' )  SURFACE ( )  );
#2046 = ORIENTED_EDGE ( 'NONE', *, *, #753, .T. ) ;
#2047 = CARTESIAN_POINT ( 'NONE',  ( 60.19615242270661071, 10.00000000000000000, 105.0000000000000000 ) ) ;
#2048 = DIRECTION ( 'NONE',  ( 0.000000000000000000, 0.000000000000000000, 1.000000000000000000 ) ) ;
#2049 = CARTESIAN_POINT ( 'NONE',  ( 19.91908191889008961, 9.898905839768771031, 100.0000000000000426 ) ) ;
#2050 = CARTESIAN_POINT ( 'NONE',  ( 61.53589838486222874, 7.999999999999992895, 100.0000000000000000 ) ) ;
#2051 = VECTOR ( 'NONE', #1095, 1000.000000000000000 ) ;
#2052 = CIRCLE ( 'NONE', #199, 4.000000000000003553 ) ;
#2053 = ORIENTED_EDGE ( 'NONE', *, *, #656, .T. ) ;
#2054 = CARTESIAN_POINT ( 'NONE',  ( 19.80384757729335377, 10.00000000000000000, 105.0000000000000000 ) ) ;
#2055 = EDGE_CURVE ( 'NONE', #862, #546, #100, .T. ) ;
#2056 = CARTESIAN_POINT ( 'NONE',  ( 79.61880215351699519, 10.00000000000000178, 68.33333333333332860 ) ) ;
#2057 = ORIENTED_EDGE ( 'NONE', *, *, #643, .T. ) ;
#2058 = CARTESIAN_POINT ( 'NONE',  ( 0.3914346828976058568, 9.705320982860650147, -0.000000000000000000 ) ) ;
#2059 = DIRECTION ( 'NONE',  ( -1.224646799147352714E-16, -0.000000000000000000, -1.000000000000000000 ) ) ;
#2060 = CARTESIAN_POINT ( 'NONE',  ( 39.47442819776207301, 9.476161161921123011, -0.000000000000000000 ) ) ;
#2061 = EDGE_LOOP ( 'NONE', ( #539, #2062, #397, #1229 ) ) ;
#2062 = ORIENTED_EDGE ( 'NONE', *, *, #351, .T. ) ;
#2063 = CARTESIAN_POINT ( 'NONE',  ( 50.52316118355091845, 9.481619781999423680, 100.0000000000000000 ) ) ;
#2064 = CARTESIAN_POINT ( 'NONE',  ( 29.61880215351700585, 10.00000000000000533, 105.0000000000000142 ) ) ;
#2065 = CARTESIAN_POINT ( 'NONE',  ( 98.46666666666558854, 8.004449393718729766, 100.0000000000000000 ) ) ;
#2066 = CARTESIAN_POINT ( 'NONE',  ( 89.99999999859916500, 9.941275563605893595, 1.848019930241424090E-16 ) ) ;
#2067 = DIRECTION ( 'NONE',  ( 0.000000000000000000, 0.000000000000000000, 1.000000000000000000 ) ) ;
#2068 = CARTESIAN_POINT ( 'NONE',  ( 39.91908191889090318, 9.898905839767296655, 99.99999999999998579 ) ) ;
#2069 = VERTEX_POINT ( 'NONE', #1220 ) ;
#2070 = ORIENTED_EDGE ( 'NONE', *, *, #1424, .T. ) ;
#2071 = CARTESIAN_POINT ( 'NONE',  ( 50.37178694261720580, 9.642602921779122482, 100.0000000000000142 ) ) ;
#2072 = CARTESIAN_POINT ( 'NONE',  ( 79.61880215351699519, 10.00000000000000178, 31.66666666666667851 ) ) ;
#2073 = VERTEX_POINT ( 'NONE', #1053 ) ;
#2074 = CARTESIAN_POINT ( 'NONE',  ( 69.47442819776212275, 9.476161161921137221, -0.000000000000000000 ) ) ;
#2075 = CARTESIAN_POINT ( 'NONE',  ( 59.99999999999821654, 9.941275564351705896, 66.66666666666664298 ) ) ;
#2076 = CARTESIAN_POINT ( 'NONE',  ( 48.94599061217029856, 8.777372264879646835, -0.000000000000000000 ) ) ;
#2077 = CARTESIAN_POINT ( 'NONE',  ( 59.19125353305260262, 9.122686809000802199, 100.0000000000000000 ) ) ;
#2078 = EDGE_CURVE ( 'NONE', #1793, #1494, #1284, .T. ) ;
#2079 = CARTESIAN_POINT ( 'NONE',  ( 44.99999999999998579, 10.00000000000000178, 0.000000000000000000 ) ) ;
#2080 = CARTESIAN_POINT ( 'NONE',  ( 70.32434393236766823, 9.690195184178762133, 100.0000000000000000 ) ) ;
#2081 = EDGE_LOOP ( 'NONE', ( #427, #1415, #437, #1294 ) ) ;
#2082 = ORIENTED_EDGE ( 'NONE', *, *, #960, .T. ) ;
#2083 = PRODUCT_DEFINITION_FORMATION_WITH_SPECIFIED_SOURCE ( 'ANY', '', #1269, .NOT_KNOWN. ) ;
#2084 = CARTESIAN_POINT ( 'NONE',  ( 1.533333333334389259, 8.004449393718727990, 100.0000000000000000 ) ) ;
#2085 = DIRECTION ( 'NONE',  ( 0.000000000000000000, 0.000000000000000000, 1.000000000000000000 ) ) ;
#2086 = EDGE_LOOP ( 'NONE', ( #1836, #1737, #213, #760 ) ) ;
#2087 = CARTESIAN_POINT ( 'NONE',  ( 60.47045840421073848, 9.537980830263427023, 0.000000000000000000 ) ) ;
#2088 = CARTESIAN_POINT ( 'NONE',  ( 49.52488955130532133, 9.532842748327608362, -0.000000000000000000 ) ) ;
#2089 = CARTESIAN_POINT ( 'NONE',  ( 39.62675001306579503, 9.641118974850099832, 99.99999999999998579 ) ) ;
#2090 = B_SPLINE_CURVE_WITH_KNOTS ( 'NONE', 3,
 ( #1874, #1022, #29, #369 ),
 .UNSPECIFIED., .F., .F.,
 ( 4, 4 ),
 ( 0.000000000000000000, 1.000000000000000000 ),
 .UNSPECIFIED. ) ;
#2091 = EDGE_CURVE ( 'NONE', #1296, #1539, #282, .T. ) ;
#2092 = CARTESIAN_POINT ( 'NONE',  ( 70.52316118352665342, 9.481619782024976573, 100.0000000000000000 ) ) ;
#2093 = ORIENTED_EDGE ( 'NONE', *, *, #1154, .F. ) ;
#2094 = CARTESIAN_POINT ( 'NONE',  ( 10.85363273938780004, 9.061754640196577171, -0.000000000000000000 ) ) ;
#2095 = VERTEX_POINT ( 'NONE', #1671 ) ;
#2096 = CARTESIAN_POINT ( 'NONE',  ( 69.04243708022507064, 8.916694572736435731, -0.000000000000000000 ) ) ;
#2097 = CARTESIAN_POINT ( 'NONE',  ( 9.521030113391551808, 9.528566755886332729, -0.000000000000000000 ) ) ;
#2098 =( BOUNDED_SURFACE ( )  B_SPLINE_SURFACE ( 2, 3, ( 
 ( #156, #660, #1979, #2156 ),
 ( #122, #827, #1795, #1136 ),
 ( #1322, #481, #1950, #518 ) ),
 .UNSPECIFIED., .F., .F., .F. ) 
 B_SPLINE_SURFACE_WITH_KNOTS ( ( 3, 3 ),
 ( 4, 4 ),
 ( 0.000000000000000000, 1.000000000000000000 ),
 ( -0.005000000000000000971, 0.1050000000000000100 ),
 .UNSPECIFIED. ) 
 GEOMETRIC_REPRESENTATION_ITEM ( )  RATIONAL_B_SPLINE_SURFACE ( (
 ( 1.000000000000000000, 1.000000000000000000, 1.000000000000000000, 1.000000000000000000),
 ( 0.8660254037844388186, 0.8660254037844388186, 0.8660254037844388186, 0.8660254037844388186),
 ( 1.000000000000000000, 1.000000000000000000, 1.000000000000000000, 1.000000000000000000) ) ) 
 REPRESENTATION_ITEM ( '' )  SURFACE ( )  );
#2099 = CARTESIAN_POINT ( 'NONE',  ( 60.80269880976766927, 9.130859443940575915, -0.000000000000000000 ) ) ;
#2100 = CARTESIAN_POINT ( 'NONE',  ( 59.70759351179028585, 9.734412285254769870, -0.000000000000000000 ) ) ;
#2101 = CARTESIAN_POINT ( 'NONE',  ( 49.80384757729335377, 10.00000000000000000, 105.0000000000000000 ) ) ;
#2102 = CARTESIAN_POINT ( 'NONE',  ( 20.75670315645723107, 9.191966144856474230, 99.99999999999998579 ) ) ;
#2103 = CARTESIAN_POINT ( 'NONE',  ( 40.38323571943494983, 9.630925872319604508, 100.0000000000000142 ) ) ;
#2104 = EDGE_CURVE ( 'NONE', #1805, #2095, #2090, .T. ) ;
#2105 = CARTESIAN_POINT ( 'NONE',  ( 0.9070480552984879763, 9.019836892823736463, 99.99999999999997158 ) ) ;
#2106 = PLANE ( 'NONE',  #226 ) ;
#2107 = ORIENTED_EDGE ( 'NONE', *, *, #1, .F. ) ;
#2108 = EDGE_CURVE ( 'NONE', #1798, #647, #417, .T. ) ;
#2109 = CARTESIAN_POINT ( 'NONE',  ( 50.85363273938775563, 9.061754640196578947, -0.000000000000000000 ) ) ;
#2110 = CARTESIAN_POINT ( 'NONE',  ( 9.999999999998244959, 9.941275564351707672, 33.33333333333333570 ) ) ;
#2111 = FACE_OUTER_BOUND ( 'NONE', #47, .T. ) ;
#2112 = CARTESIAN_POINT ( 'NONE',  ( 38.46410161513774284, 8.000000000000000000, 0.000000000000000000 ) ) ;
#2113 = CARTESIAN_POINT ( 'NONE',  ( 49.62675001306614320, 9.641118974850456880, 100.0000000000000142 ) ) ;
#2114 =( BOUNDED_CURVE ( )  B_SPLINE_CURVE ( 3, ( #23, #2075, #1704, #224 ),
 .UNSPECIFIED., .F., .F. ) 
 B_SPLINE_CURVE_WITH_KNOTS ( ( 4, 4 ),
 ( 0.000000000000000000, 1.000000000000000000 ),
 .UNSPECIFIED. ) 
 CURVE ( )  GEOMETRIC_REPRESENTATION_ITEM ( )  RATIONAL_B_SPLINE_CURVE ( ( 0.9625270596227653019, 0.9625270596227653019, 0.9625270596227653019, 0.9625270596227653019 ) ) 
 REPRESENTATION_ITEM ( '' )  );
#2115 = CARTESIAN_POINT ( 'NONE',  ( 70.82024333427526130, 9.107179157359871269, 100.0000000000000000 ) ) ;
#2116 = CARTESIAN_POINT ( 'NONE',  ( 1.239071460961605808, 8.505073407063221680, 100.0000000000000000 ) ) ;
#2117 = B_SPLINE_CURVE_WITH_KNOTS ( 'NONE', 3,
 ( #1145, #449, #1816, #803, #1155, #1474, #139, #985, #306, #1124, #1647, #1826, #317, #963, #1625, #1443, #2109, #602, #502, #537, #206 ),
 .UNSPECIFIED., .F., .F.,
 ( 4, 1, 1, 1, 1, 1, 2, 2, 1, 1, 1, 1, 2, 2, 4 ),
 ( 0.000000000000000000, 0.1250000000000741907, 0.1875000000001087741, 0.2187500000001267320, 0.2343750000001380840, 0.2421875000001437461, 0.2460937500001437461, 0.2500000000001437739, 0.3750000000001570410, 0.4375000000001645351, 0.4687500000001698641, 0.4843750000001710299, 0.4921875000001693090, 0.5000000000001676437, 1.000000000000000000 ),
 .UNSPECIFIED. ) ;
#2118 = VECTOR ( 'NONE', #1643, 1000.000000000000000 ) ;
#2119 = CARTESIAN_POINT ( 'NONE',  ( 48.46410161513773573, 8.000000000000000000, 31.66666666666667496 ) ) ;
#2120 = VERTEX_POINT ( 'NONE', #2153 ) ;
#2121 = VECTOR ( 'NONE', #1127, 1000.000000000000000 ) ;
#2122 = EDGE_CURVE ( 'NONE', #1860, #149, #140, .T. ) ;
#2123 = CARTESIAN_POINT ( 'NONE',  ( 0.8446867465849765555, 9.111621046655837830, -0.000000000000000000 ) ) ;
#2124 = CARTESIAN_POINT ( 'NONE',  ( 49.86467886965767349, 9.869137622017214895, -0.000000000000000000 ) ) ;
#2125 = CARTESIAN_POINT ( 'NONE',  ( 20.82024333427579776, 9.107179157358594068, 99.99999999999998579 ) ) ;
#2126 =( BOUNDED_SURFACE ( )  B_SPLINE_SURFACE ( 2, 3, ( 
 ( #1844, #663, #1314, #2158 ),
 ( #483, #830, #1139, #979 ),
 ( #1821, #1641, #676, #1351 ) ),
 .UNSPECIFIED., .F., .F., .F. ) 
 B_SPLINE_SURFACE_WITH_KNOTS ( ( 3, 3 ),
 ( 4, 4 ),
 ( 0.000000000000000000, 1.000000000000000000 ),
 ( -0.005000000000000000971, 0.1050000000000000100 ),
 .UNSPECIFIED. ) 
 GEOMETRIC_REPRESENTATION_ITEM ( )  RATIONAL_B_SPLINE_SURFACE ( (
 ( 1.000000000000000000, 1.000000000000000000, 1.000000000000000000, 1.000000000000000000),
 ( 0.8660254037844389297, 0.8660254037844389297, 0.8660254037844389297, 0.8660254037844389297),
 ( 1.000000000000000000, 1.000000000000000000, 1.000000000000000000, 1.000000000000000000) ) ) 
 REPRESENTATION_ITEM ( '' )  SURFACE ( )  );
#2127 = PRODUCT_DEFINITION_SHAPE ( 'NONE', 'NONE',  #1957 ) ;
#2128 = CARTESIAN_POINT ( 'NONE',  ( 38.46410161513774284, 8.000000000000000000, 100.0000000000000000 ) ) ;
#2129 = CARTESIAN_POINT ( 'NONE',  ( 0.8678953610405624186, 9.077664114500304748, 99.99999999999998579 ) ) ;
#2130 = DIRECTION ( 'NONE',  ( 1.309225264888156130E-16, 0.000000000000000000, 1.000000000000000000 ) ) ;
#2131 = ORIENTED_EDGE ( 'NONE', *, *, #1896, .T. ) ;
#2132 = DIRECTION ( 'NONE',  ( 1.000000000000000000, 0.000000000000000000, -1.224646799147352714E-16 ) ) ;
#2133 = EDGE_CURVE ( 'NONE', #1296, #1087, #1739, .T. ) ;
#2134 = CARTESIAN_POINT ( 'NONE',  ( 9.618802153517009401, 10.00000000000000000, 68.33333333333332860 ) ) ;
#2135 = CARTESIAN_POINT ( 'NONE',  ( 18.46410161513774639, 8.000000000000001776, 66.66666666666672825 ) ) ;
#2136 = CARTESIAN_POINT ( 'NONE',  ( 21.53589838486223229, 8.000000000000001776, 100.0000000000000000 ) ) ;
#2137 = CARTESIAN_POINT ( 'NONE',  ( 100.0000000000000142, 10.00000000000000000, 100.0000000000000000 ) ) ;
#2138 = ORIENTED_EDGE ( 'NONE', *, *, #1249, .F. ) ;
#2139 = CARTESIAN_POINT ( 'NONE',  ( 49.61880215351699519, 10.00000000000000533, -5.000000000000002665 ) ) ;
#2140 = ORIENTED_EDGE ( 'NONE', *, *, #1558, .T. ) ;
#2141 = CARTESIAN_POINT ( 'NONE',  ( -6.000000000000000888, 14.00000000000000000, -5.999999999999999112 ) ) ;
#2142 = CARTESIAN_POINT ( 'NONE',  ( 79.24324900595630083, 9.191887610085696991, 100.0000000000000142 ) ) ;
#2143 = CARTESIAN_POINT ( 'NONE',  ( 90.38119784648294797, 10.00000000000000178, 68.33333333333332860 ) ) ;
#2144 = CYLINDRICAL_SURFACE ( 'NONE', #52, 4.000000000000003553 ) ;
#2145 = ADVANCED_FACE ( 'NONE', ( #648 ), #2045, .T. ) ;
#2146 = CARTESIAN_POINT ( 'NONE',  ( 80.38119784648294797, 10.00000000000000178, 31.66666666666667851 ) ) ;
#2147 = CARTESIAN_POINT ( 'NONE',  ( 10.38119784648299415, 10.00000000000000178, 31.66666666666668206 ) ) ;
#2148 = CARTESIAN_POINT ( 'NONE',  ( 49.61880215351699519, 10.00000000000000533, 31.66666666666668206 ) ) ;
#2149 = CARTESIAN_POINT ( 'NONE',  ( 100.0035276684149608, 10.00023570225773106, 105.0000000000000000 ) ) ;
#2150 = ORIENTED_EDGE ( 'NONE', *, *, #1697, .T. ) ;
#2151 = AXIS2_PLACEMENT_3D ( 'NONE', #1845, #1535, #2159 ) ;
#2152 = CARTESIAN_POINT ( 'NONE',  ( 1.293108669551443546, 8.421767216592192185, 0.000000000000000000 ) ) ;
#2153 = CARTESIAN_POINT ( 'NONE',  ( 1.533333333334389703, 8.004449393718727990, 0.000000000000000000 ) ) ;
#2154 = AXIS2_PLACEMENT_3D ( 'NONE', #1129, #599, #1275 ) ;
#2155 = DIRECTION ( 'NONE',  ( -1.309225264888156130E-16, 0.000000000000000000, -1.000000000000000000 ) ) ;
#2156 = CARTESIAN_POINT ( 'NONE',  ( 70.19615242270663202, 10.00000000000000000, 105.0000000000000000 ) ) ;
#2157 = CARTESIAN_POINT ( 'NONE',  ( 90.00008457952351648, 9.941434512409658808, 99.99999999999997158 ) ) ;
#2158 = CARTESIAN_POINT ( 'NONE',  ( 20.19615242270662137, 10.00000000000000000, 105.0000000000000000 ) ) ;
#2159 = DIRECTION ( 'NONE',  ( 1.000000000000000000, 0.000000000000000000, 0.000000000000000000 ) ) ;
#2160 = ADVANCED_FACE ( 'NONE', ( #1232 ), #1221, .T. ) ;
#2161 = FACE_OUTER_BOUND ( 'NONE', #486, .T. ) ;
#2162 = CARTESIAN_POINT ( 'NONE',  ( 0.3999999999999631628, 9.973273875806320632, -5.000000000000002665 ) ) ;
#2163 = ORIENTED_EDGE ( 'NONE', *, *, #792, .T. ) ;
#2164 = CARTESIAN_POINT ( 'NONE',  ( 98.46666666666558854, 8.004449393718726213, 0.000000000000000000 ) ) ;
#2165 = CARTESIAN_POINT ( 'NONE',  ( 80.19615242270663202, 10.00000000000000000, 68.33333333333332860 ) ) ;
#2166 = CARTESIAN_POINT ( 'NONE',  ( 58.46410161513772863, 7.999999999999998224, 66.66666666666672825 ) ) ;
#2167 = CARTESIAN_POINT ( 'NONE',  ( 70.47045840421074558, 9.537980830263416365, 0.000000000000000000 ) ) ;
#2168 = CARTESIAN_POINT ( 'NONE',  ( 21.53589838486223229, 8.000000000000001776, 100.0000000000000000 ) ) ;
#2169 = CARTESIAN_POINT ( 'NONE',  ( 29.17970908421295206, 9.107121952732626369, 100.0000000000000000 ) ) ;
#2170 = CARTESIAN_POINT ( 'NONE',  ( -6.000000000000000888, 0.000000000000000000, -5.999999999999999112 ) ) ;
#2171 = CARTESIAN_POINT ( 'NONE',  ( 29.52488955130534620, 9.532842748327592375, -0.000000000000000000 ) ) ;
#2172 = CARTESIAN_POINT ( 'NONE',  ( 60.38119784648299060, 10.00000000000000533, 31.66666666666668206 ) ) ;
#2173 = CARTESIAN_POINT ( 'NONE',  ( 100.0000000000001847, 9.999999999997337241, 31.66666666666667496 ) ) ;
#2174 = ORIENTED_EDGE ( 'NONE', *, *, #2027, .T. ) ;
#2175 = ORIENTED_EDGE ( 'NONE', *, *, #351, .F. ) ;
#2176 = CARTESIAN_POINT ( 'NONE',  ( 50.82024333427744267, 9.107179157355973942, 100.0000000000000142 ) ) ;
ENDSEC;
END-ISO-10303-21;
