ISO-10303-21;
HEADER;
FILE_DESCRIPTION (( 'STEP AP214' ),
    '1' );
FILE_NAME ('Central truss structure modif.STEP',
    '2026-08-04T19:51:11',
    ( '' ),
    ( '' ),
    'SwSTEP 2.0',
    'SolidWorks 2026',
    '' );
FILE_SCHEMA (( 'AUTOMOTIVE_DESIGN' ));
ENDSEC;

DATA;
#1 = CARTESIAN_POINT ( 'NONE',  ( 117.5999999999999943, -6.754998149518620210, 11.70000000000000107 ) ) ;
#2 = CYLINDRICAL_SURFACE ( 'NONE', #2544, 8.699999999999999289 ) ;
#3 = ORIENTED_EDGE ( 'NONE', *, *, #3113, .T. ) ;
#4 = EDGE_CURVE ( 'NONE', #7794, #296, #6633, .T. ) ;
#5 = DIRECTION ( 'NONE',  ( 0.000000000000000000, -1.000000000000000000, -1.156482317317869950E-15 ) ) ;
#6 = DIRECTION ( 'NONE',  ( 1.000000000000000000, 0.000000000000000000, 0.000000000000000000 ) ) ;
#7 = VERTEX_POINT ( 'NONE', #8945 ) ;
#8 = ADVANCED_FACE ( 'NONE', ( #8307 ), #67, .F. ) ;
#9 = AXIS2_PLACEMENT_3D ( 'NONE', #3007, #8342, #1600 ) ;
#10 = CARTESIAN_POINT ( 'NONE',  ( 201.0000000000000000, 7.200000000000000178, -6.364617092752020255 ) ) ;
#11 = LINE ( 'NONE', #2872, #1882 ) ;
#12 = DIRECTION ( 'NONE',  ( -0.7071067811865470176, 0.000000000000000000, 0.7071067811865480168 ) ) ;
#13 = VERTEX_POINT ( 'NONE', #1484 ) ;
#14 = DIRECTION ( 'NONE',  ( -1.000000000000000000, 0.000000000000000000, 0.000000000000000000 ) ) ;
#15 = ADVANCED_FACE ( 'NONE', ( #3482 ), #4114, .F. ) ;
#16 = VECTOR ( 'NONE', #8350, 1000.000000000000000 ) ;
#17 = LINE ( 'NONE', #1333, #5286 ) ;
#18 = VERTEX_POINT ( 'NONE', #7666 ) ;
#19 = ORIENTED_EDGE ( 'NONE', *, *, #3401, .F. ) ;
#20 = ADVANCED_FACE ( 'NONE', ( #6953 ), #2755, .F. ) ;
#21 = DIRECTION ( 'NONE',  ( 1.000000000000000000, -8.226411930404939455E-32, 7.709882115452469538E-17 ) ) ;
#22 = CARTESIAN_POINT ( 'NONE',  ( -204.0000000000000000, 8.699999999999999289, 0.000000000000000000 ) ) ;
#23 = VERTEX_POINT ( 'NONE', #6857 ) ;
#24 = ORIENTED_EDGE ( 'NONE', *, *, #8533, .F. ) ;
#25 = CARTESIAN_POINT ( 'NONE',  ( -131.8799999999999955, -7.200000000000000178, 8.227666964079659806 ) ) ;
#26 = CARTESIAN_POINT ( 'NONE',  ( -23.09999999999999787, 7.200000000000000178, -3.391328741992544860 ) ) ;
#27 = DIRECTION ( 'NONE',  ( -0.000000000000000000, 1.000000000000000000, 0.000000000000000000 ) ) ;
#28 = VERTEX_POINT ( 'NONE', #4245 ) ;
#29 = CARTESIAN_POINT ( 'NONE',  ( 0.000000000000000000, 10.80000000000000071, -9.364617092752020255 ) ) ;
#30 = VERTEX_POINT ( 'NONE', #7533 ) ;
#31 = CARTESIAN_POINT ( 'NONE',  ( -86.40000000000000568, -7.200000000000000178, 6.364617092752020255 ) ) ;
#32 = AXIS2_PLACEMENT_3D ( 'NONE', #8842, #3924, #4592 ) ;
#33 = DIRECTION ( 'NONE',  ( 0.000000000000000000, 0.8660254037844383745, 0.5000000000000003331 ) ) ;
#34 = DIRECTION ( 'NONE',  ( 1.000000000000000000, 0.000000000000000000, 3.854941057726239700E-17 ) ) ;
#35 = DIRECTION ( 'NONE',  ( 1.000000000000000000, 0.000000000000000000, 2.018443830920939658E-16 ) ) ;
#36 = EDGE_LOOP ( 'NONE', ( #1456, #6132, #816, #2840 ) ) ;
#37 = CARTESIAN_POINT ( 'NONE',  ( -15.92062982469679966, -10.80000000000000071, -27.60157479136859848 ) ) ;
#38 = EDGE_CURVE ( 'NONE', #5338, #2863, #6316, .T. ) ;
#39 = LINE ( 'NONE', #2812, #8149 ) ;
#40 = CARTESIAN_POINT ( 'NONE',  ( -28.14531752974910006, 10.80000000000000071, -6.364617092752020255 ) ) ;
#41 = VERTEX_POINT ( 'NONE', #2845 ) ;
#42 = LINE ( 'NONE', #2817, #4325 ) ;
#43 = DIRECTION ( 'NONE',  ( -0.7071067811865480168, 0.000000000000000000, 0.7071067811865470176 ) ) ;
#44 = ORIENTED_EDGE ( 'NONE', *, *, #5446, .F. ) ;
#45 = ADVANCED_FACE ( 'NONE', ( #5638 ), #1343, .T. ) ;
#46 = CARTESIAN_POINT ( 'NONE',  ( 43.00039454803339112, 20.07465238565220034, -4.009894041255530617 ) ) ;
#47 = CARTESIAN_POINT ( 'NONE',  ( 73.46147367097499625, -7.200000000000000178, 6.364617092752020255 ) ) ;
#48 = ORIENTED_EDGE ( 'NONE', *, *, #1757, .T. ) ;
#49 = ADVANCED_FACE ( 'NONE', ( #7576 ), #3385, .F. ) ;
#50 = PLANE ( 'NONE',  #4279 ) ;
#51 = CARTESIAN_POINT ( 'NONE',  ( 0.000000000000000000, 1.351735180736268092E-14, -15.59999999999999964 ) ) ;
#52 = LINE ( 'NONE', #1375, #5858 ) ;
#53 = ORIENTED_EDGE ( 'NONE', *, *, #2075, .T. ) ;
#54 = LINE ( 'NONE', #7024, #4134 ) ;
#55 = VECTOR ( 'NONE', #2315, 1000.000000000000000 ) ;
#56 = FACE_OUTER_BOUND ( 'NONE', #8810, .T. ) ;
#57 = ORIENTED_EDGE ( 'NONE', *, *, #6416, .F. ) ;
#58 = EDGE_CURVE ( 'NONE', #4152, #8877, #6269, .T. ) ;
#59 = VECTOR ( 'NONE', #7316, 1000.000000000000114 ) ;
#60 = CARTESIAN_POINT ( 'NONE',  ( 117.1461077763288046, -23.92893915735599819, 29.41537946392164926 ) ) ;
#61 = CARTESIAN_POINT ( 'NONE',  ( -176.4375234668430039, 10.80000000000000071, -6.364617092752020255 ) ) ;
#62 = ORIENTED_EDGE ( 'NONE', *, *, #1702, .F. ) ;
#63 = ORIENTED_EDGE ( 'NONE', *, *, #2447, .T. ) ;
#64 = VECTOR ( 'NONE', #6995, 1000.000000000000000 ) ;
#65 = VECTOR ( 'NONE', #6979, 1000.000000000000000 ) ;
#66 = LINE ( 'NONE', #7575, #874 ) ;
#67 = PLANE ( 'NONE',  #1163 ) ;
#68 = DIRECTION ( 'NONE',  ( 0.000000000000000000, 1.000000000000000000, 0.000000000000000000 ) ) ;
#69 = AXIS2_PLACEMENT_3D ( 'NONE', #3599, #5036, #8422 ) ;
#70 = ORIENTED_EDGE ( 'NONE', *, *, #4290, .F. ) ;
#71 = CARTESIAN_POINT ( 'NONE',  ( 73.46147367097499625, -10.80000000000000071, 6.203554591181880795 ) ) ;
#72 = ORIENTED_EDGE ( 'NONE', *, *, #1000, .F. ) ;
#73 = EDGE_CURVE ( 'NONE', #8396, #8001, #1396, .T. ) ;
#74 = CARTESIAN_POINT ( 'NONE',  ( -151.8750469336854962, 10.80000000000000071, -4.682308546375930192 ) ) ;
#75 = VECTOR ( 'NONE', #7910, 1000.000000000000000 ) ;
#76 = VECTOR ( 'NONE', #4534, 1000.000000000000000 ) ;
#77 = DIRECTION ( 'NONE',  ( -3.854941057726239700E-17, 1.156482317317869950E-15, -1.000000000000000000 ) ) ;
#78 = CARTESIAN_POINT ( 'NONE',  ( 21.05468247025099870, 10.80000000000000071, -6.364617092752020255 ) ) ;
#79 = PRODUCT ( 'Central truss structure modif', 'Central truss structure modif', '', ( #4931 ) ) ;
#80 = LINE ( 'NONE', #1050, #1653 ) ;
#81 = VERTEX_POINT ( 'NONE', #8902 ) ;
#82 = CARTESIAN_POINT ( 'NONE',  ( 150.6599999999999966, -7.200000000000000178, -6.364617092752020255 ) ) ;
#83 = VECTOR ( 'NONE', #6599, 1000.000000000000000 ) ;
#84 = VECTOR ( 'NONE', #7643, 1000.000000000000000 ) ;
#85 = LINE ( 'NONE', #6156, #5826 ) ;
#86 = LINE ( 'NONE', #2184, #2542 ) ;
#87 = EDGE_LOOP ( 'NONE', ( #2034, #6528, #4761, #1236 ) ) ;
#88 = EDGE_CURVE ( 'NONE', #4356, #8196, #8394, .T. ) ;
#89 = DIRECTION ( 'NONE',  ( 1.000000000000000000, 0.000000000000000000, -7.709882115452469538E-17 ) ) ;
#90 = CARTESIAN_POINT ( 'NONE',  ( 117.5999999999999943, 1.657405997545260083E-15, -15.59999999999999964 ) ) ;
#91 = ORIENTED_EDGE ( 'NONE', *, *, #8189, .T. ) ;
#92 = LINE ( 'NONE', #8534, #5368 ) ;
#93 = VECTOR ( 'NONE', #6814, 1000.000000000000000 ) ;
#94 = DIRECTION ( 'NONE',  ( 0.000000000000000000, -1.000000000000000000, 0.000000000000000000 ) ) ;
#95 = VERTEX_POINT ( 'NONE', #26 ) ;
#96 = VECTOR ( 'NONE', #2336, 1000.000000000000114 ) ;
#97 = EDGE_CURVE ( 'NONE', #4365, #5496, #4959, .T. ) ;
#98 = FACE_OUTER_BOUND ( 'NONE', #3154, .T. ) ;
#99 = DIRECTION ( 'NONE',  ( 0.4999999999999998890, 0.000000000000000000, 0.8660254037844387076 ) ) ;
#100 = DIRECTION ( 'NONE',  ( 0.000000000000000000, 1.000000000000000000, 0.000000000000000000 ) ) ;
#101 = ORIENTED_EDGE ( 'NONE', *, *, #3171, .F. ) ;
#102 = PLANE ( 'NONE',  #2689 ) ;
#103 = FACE_OUTER_BOUND ( 'NONE', #8784, .T. ) ;
#104 = ORIENTED_EDGE ( 'NONE', *, *, #4944, .F. ) ;
#105 = DIRECTION ( 'NONE',  ( 0.000000000000000000, -1.000000000000000000, 0.000000000000000000 ) ) ;
#106 = PLANE ( 'NONE',  #938 ) ;
#107 = ORIENTED_EDGE ( 'NONE', *, *, #329, .F. ) ;
#108 = VERTEX_POINT ( 'NONE', #1525 ) ;
#109 = EDGE_CURVE ( 'NONE', #3344, #4526, #709, .T. ) ;
#110 = CARTESIAN_POINT ( 'NONE',  ( -30.14589468389949900, -7.200000000000000178, -6.364617092752020255 ) ) ;
#111 = CARTESIAN_POINT ( 'NONE',  ( 62.79117005096220083, -10.80000000000000071, -6.364617092752020255 ) ) ;
#112 = CARTESIAN_POINT ( 'NONE',  ( 0.000000000000000000, -10.80000000000000071, -36.00000000000000000 ) ) ;
#113 = ORIENTED_EDGE ( 'NONE', *, *, #7531, .T. ) ;
#114 = VECTOR ( 'NONE', #7256, 1000.000000000000227 ) ;
#115 = CARTESIAN_POINT ( 'NONE',  ( 15.10753628761955092, 10.80000000000000071, -9.869367856369679615 ) ) ;
#116 = VERTEX_POINT ( 'NONE', #4826 ) ;
#117 = ADVANCED_FACE ( 'NONE', ( #8217 ), #3523, .F. ) ;
#118 = LINE ( 'NONE', #5554, #7777 ) ;
#119 = DIRECTION ( 'NONE',  ( 0.5077119284509887809, 9.963406245925827476E-16, -0.8615268990046557329 ) ) ;
#120 = CARTESIAN_POINT ( 'NONE',  ( 26.10000000000000142, 10.80000000000000071, -3.391328741992555074 ) ) ;
#121 = FACE_OUTER_BOUND ( 'NONE', #2030, .T. ) ;
#122 = EDGE_CURVE ( 'NONE', #5916, #4018, #6908, .T. ) ;
#123 = ORIENTED_EDGE ( 'NONE', *, *, #3806, .T. ) ;
#124 = CARTESIAN_POINT ( 'NONE',  ( 3.000000000000000000, 10.80000000000000071, 4.275303338208124693 ) ) ;
#125 = VECTOR ( 'NONE', #1086, 1000.000000000000114 ) ;
#126 = EDGE_CURVE ( 'NONE', #8065, #4731, #2799, .T. ) ;
#127 = DIRECTION ( 'NONE',  ( 1.962413267760679851E-16, 1.066995812285799955E-15, -1.000000000000000000 ) ) ;
#128 = ORIENTED_EDGE ( 'NONE', *, *, #8868, .F. ) ;
#129 = LINE ( 'NONE', #4304, #2268 ) ;
#130 = ORIENTED_EDGE ( 'NONE', *, *, #987, .T. ) ;
#131 = VECTOR ( 'NONE', #370, 1000.000000000000000 ) ;
#132 = FACE_OUTER_BOUND ( 'NONE', #5597, .T. ) ;
#133 = LINE ( 'NONE', #3764, #2672 ) ;
#134 = ORIENTED_EDGE ( 'NONE', *, *, #1697, .T. ) ;
#135 = EDGE_CURVE ( 'NONE', #5952, #2620, #5804, .T. ) ;
#136 = AXIS2_PLACEMENT_3D ( 'NONE', #7937, #8572, #1059 ) ;
#137 = CARTESIAN_POINT ( 'NONE',  ( -59.02294734194980208, -10.80000000000000071, 6.364617092752020255 ) ) ;
#138 = CARTESIAN_POINT ( 'NONE',  ( -176.4375234668430039, 10.80000000000000071, 3.823383353545739993 ) ) ;
#139 = CARTESIAN_POINT ( 'NONE',  ( -151.6890996541804952, -10.80000000000000071, -6.364617092752020255 ) ) ;
#140 = DIRECTION ( 'NONE',  ( 0.000000000000000000, -0.8660254037844387076, 0.4999999999999998890 ) ) ;
#141 = ORIENTED_EDGE ( 'NONE', *, *, #7400, .T. ) ;
#142 = CARTESIAN_POINT ( 'NONE',  ( 147.6600000000000250, -7.200000000000000178, 6.364617092752020255 ) ) ;
#143 = CARTESIAN_POINT ( 'NONE',  ( 0.000000000000000000, -10.80000000000000071, -36.00000000000000000 ) ) ;
#144 = AXIS2_PLACEMENT_3D ( 'NONE', #5054, #7803, #5809 ) ;
#145 = EDGE_CURVE ( 'NONE', #4587, #252, #1698, .T. ) ;
#146 = CARTESIAN_POINT ( 'NONE',  ( -86.40000000000000568, -10.80000000000000071, 15.59999999999974918 ) ) ;
#147 = EDGE_LOOP ( 'NONE', ( #1545, #2192, #8044, #1747 ) ) ;
#148 = LINE ( 'NONE', #3053, #1146 ) ;
#149 = VECTOR ( 'NONE', #5088, 1000.000000000000000 ) ;
#150 = DIRECTION ( 'NONE',  ( -1.000000000000000000, 0.000000000000000000, 3.854941057726239700E-17 ) ) ;
#151 = ORIENTED_EDGE ( 'NONE', *, *, #2775, .F. ) ;
#152 = ORIENTED_EDGE ( 'NONE', *, *, #1748, .T. ) ;
#153 = EDGE_CURVE ( 'NONE', #2004, #4943, #7035, .T. ) ;
#154 = CARTESIAN_POINT ( 'NONE',  ( 0.000000000000000000, 0.000000000000000000, -36.00000000000000000 ) ) ;
#155 = CARTESIAN_POINT ( 'NONE',  ( -130.3799999999999955, -10.80000000000000071, -6.364617092752079763 ) ) ;
#156 = ORIENTED_EDGE ( 'NONE', *, *, #5355, .F. ) ;
#157 = DIRECTION ( 'NONE',  ( 5.551115123125790591E-16, 0.000000000000000000, 1.000000000000000000 ) ) ;
#158 = VERTEX_POINT ( 'NONE', #3018 ) ;
#159 = VECTOR ( 'NONE', #5573, 1000.000000000000114 ) ;
#160 = DIRECTION ( 'NONE',  ( -2.269496243435210405E-31, 1.000000000000000000, 0.000000000000000000 ) ) ;
#161 = EDGE_CURVE ( 'NONE', #4840, #330, #4458, .T. ) ;
#162 = CARTESIAN_POINT ( 'NONE',  ( -77.10030432623400998, -10.80000000000000071, 6.364617092752020255 ) ) ;
#163 = DIRECTION ( 'NONE',  ( -0.8615268990046552888, -5.417265015047510606E-16, 0.5077119284509891139 ) ) ;
#164 = CARTESIAN_POINT ( 'NONE',  ( -174.8333860441489946, 10.80000000000000071, 6.364617092752020255 ) ) ;
#165 = ORIENTED_EDGE ( 'NONE', *, *, #2925, .T. ) ;
#166 = DIRECTION ( 'NONE',  ( 0.000000000000000000, 0.000000000000000000, -1.000000000000000000 ) ) ;
#167 = DIRECTION ( 'NONE',  ( 0.000000000000000000, -1.000000000000000000, 0.000000000000000000 ) ) ;
#168 = EDGE_CURVE ( 'NONE', #6410, #8682, #6531, .T. ) ;
#169 = ADVANCED_FACE ( 'NONE', ( #7076 ), #5135, .F. ) ;
#170 = PLANE ( 'NONE',  #1246 ) ;
#171 = EDGE_LOOP ( 'NONE', ( #2467, #6450, #177 ) ) ;
#172 = DIRECTION ( 'NONE',  ( 0.000000000000000000, 0.000000000000000000, 1.000000000000000000 ) ) ;
#173 = VERTEX_POINT ( 'NONE', #7887 ) ;
#174 = EDGE_CURVE ( 'NONE', #375, #5806, #6488, .T. ) ;
#175 = CARTESIAN_POINT ( 'NONE',  ( -204.0000000000000000, -8.699999999999999289, -1.065442715258197248E-15 ) ) ;
#176 = LINE ( 'NONE', #5661, #1360 ) ;
#177 = ORIENTED_EDGE ( 'NONE', *, *, #8472, .T. ) ;
#178 = ADVANCED_FACE ( 'NONE', ( #7753 ), #3060, .F. ) ;
#179 = CARTESIAN_POINT ( 'NONE',  ( -117.5999999999999943, -7.200000000000000178, 9.364617092752020255 ) ) ;
#180 = DIRECTION ( 'NONE',  ( 0.000000000000000000, 1.000000000000000000, 0.000000000000000000 ) ) ;
#181 = FACE_OUTER_BOUND ( 'NONE', #853, .T. ) ;
#182 = DIRECTION ( 'NONE',  ( 1.321694076934709909E-16, 0.000000000000000000, 1.000000000000000000 ) ) ;
#183 = VERTEX_POINT ( 'NONE', #326 ) ;
#184 = CARTESIAN_POINT ( 'NONE',  ( -204.0000000000000000, -13.50999629903723864, -7.799999999999999822 ) ) ;
#185 = CARTESIAN_POINT ( 'NONE',  ( -52.27504693368549482, 10.80000000000000071, 0.000000000000000000 ) ) ;
#186 = ORIENTED_EDGE ( 'NONE', *, *, #6828, .T. ) ;
#187 = DIRECTION ( 'NONE',  ( 0.8754956338961326079, 5.156001492484647477E-16, -0.4832260289231208317 ) ) ;
#188 = LINE ( 'NONE', #3784, #2836 ) ;
#189 = AXIS2_PLACEMENT_3D ( 'NONE', #5333, #1995, #391 ) ;
#190 = EDGE_LOOP ( 'NONE', ( #7717, #3688 ) ) ;
#191 = EDGE_CURVE ( 'NONE', #1181, #2292, #6448, .T. ) ;
#192 = CARTESIAN_POINT ( 'NONE',  ( 163.9109003458194707, -10.80000000000000071, 6.364617092752020255 ) ) ;
#193 = LINE ( 'NONE', #8566, #7891 ) ;
#194 = ORIENTED_EDGE ( 'NONE', *, *, #2498, .T. ) ;
#195 = DIRECTION ( 'NONE',  ( 0.000000000000000000, 1.000000000000000000, 0.000000000000000000 ) ) ;
#196 = ORIENTED_EDGE ( 'NONE', *, *, #8147, .F. ) ;
#197 = VECTOR ( 'NONE', #6823, 1000.000000000000000 ) ;
#198 = ADVANCED_FACE ( 'NONE', ( #7929 ), #6357, .T. ) ;
#199 = LINE ( 'NONE', #4462, #6203 ) ;
#200 = FACE_OUTER_BOUND ( 'NONE', #6297, .T. ) ;
#201 = LINE ( 'NONE', #5647, #3039 ) ;
#202 = VECTOR ( 'NONE', #7757, 1000.000000000000000 ) ;
#203 = AXIS2_PLACEMENT_3D ( 'NONE', #3066, #1751, #7120 ) ;
#204 = AXIS2_PLACEMENT_3D ( 'NONE', #867, #232, #3090 ) ;
#205 = ORIENTED_EDGE ( 'NONE', *, *, #2398, .T. ) ;
#206 = DIRECTION ( 'NONE',  ( 0.000000000000000000, 1.000000000000000000, 0.000000000000000000 ) ) ;
#207 = ORIENTED_EDGE ( 'NONE', *, *, #937, .F. ) ;
#208 = EDGE_CURVE ( 'NONE', #2848, #3977, #8525, .T. ) ;
#209 = CARTESIAN_POINT ( 'NONE',  ( 0.000000000000000000, 0.000000000000000000, 0.000000000000000000 ) ) ;
#210 = VECTOR ( 'NONE', #5703, 1000.000000000000000 ) ;
#211 = VECTOR ( 'NONE', #8120, 1000.000000000000000 ) ;
#212 = VECTOR ( 'NONE', #7427, 1000.000000000000000 ) ;
#213 = DIRECTION ( 'NONE',  ( 0.000000000000000000, -1.000000000000000000, -1.156482317317869950E-15 ) ) ;
#214 = DIRECTION ( 'NONE',  ( 5.551115123125790591E-16, 0.000000000000000000, 1.000000000000000000 ) ) ;
#215 = EDGE_LOOP ( 'NONE', ( #4806, #7406, #386, #5782 ) ) ;
#216 = CARTESIAN_POINT ( 'NONE',  ( 114.0603934906146009, -27.01465344307020189, -31.19691743742109935 ) ) ;
#217 = ORIENTED_EDGE ( 'NONE', *, *, #2802, .F. ) ;
#218 = VECTOR ( 'NONE', #8583, 1000.000000000000000 ) ;
#219 = VECTOR ( 'NONE', #2234, 1000.000000000000000 ) ;
#220 = EDGE_CURVE ( 'NONE', #543, #6473, #7163, .T. ) ;
#221 = AXIS2_PLACEMENT_3D ( 'NONE', #5669, #7152, #2920 ) ;
#222 = CARTESIAN_POINT ( 'NONE',  ( 157.9791843563795055, 10.80000000000000071, -6.364617092752020255 ) ) ;
#223 = ORIENTED_EDGE ( 'NONE', *, *, #8533, .T. ) ;
#224 = EDGE_CURVE ( 'NONE', #7815, #6332, #879, .T. ) ;
#225 = CARTESIAN_POINT ( 'NONE',  ( -112.4786796564402067, -10.80000000000000071, -12.59999999999999964 ) ) ;
#226 = CARTESIAN_POINT ( 'NONE',  ( 149.1599999999999966, -7.200000000000000178, -4.501567221424429555 ) ) ;
#227 = ORIENTED_EDGE ( 'NONE', *, *, #6852, .F. ) ;
#228 = EDGE_CURVE ( 'NONE', #1700, #8462, #2251, .T. ) ;
#229 = CARTESIAN_POINT ( 'NONE',  ( 133.3799999999999955, -10.80000000000000071, 1.499999999999988010 ) ) ;
#230 = CARTESIAN_POINT ( 'NONE',  ( 86.40000000000000568, -10.80000000000000071, 15.59999999999974918 ) ) ;
#231 = VERTEX_POINT ( 'NONE', #7113 ) ;
#232 = DIRECTION ( 'NONE',  ( 0.000000000000000000, -1.000000000000000000, 0.000000000000000000 ) ) ;
#233 = DIRECTION ( 'NONE',  ( 0.000000000000000000, 1.000000000000000000, 0.000000000000000000 ) ) ;
#234 = ADVANCED_FACE ( 'NONE', ( #1571 ), #920, .T. ) ;
#235 = DIRECTION ( 'NONE',  ( 0.000000000000000000, -1.000000000000000000, 0.000000000000000000 ) ) ;
#236 = VERTEX_POINT ( 'NONE', #5047 ) ;
#237 = LINE ( 'NONE', #7156, #4889 ) ;
#238 = ADVANCED_FACE ( 'NONE', ( #2335 ), #7795, .F. ) ;
#239 = CARTESIAN_POINT ( 'NONE',  ( 62.79117005096220083, -10.80000000000000071, -6.364617092752020255 ) ) ;
#240 = LINE ( 'NONE', #2371, #8736 ) ;
#241 = EDGE_LOOP ( 'NONE', ( #72, #1376, #4723, #8843 ) ) ;
#242 = ORIENTED_EDGE ( 'NONE', *, *, #246, .F. ) ;
#243 = DIRECTION ( 'NONE',  ( 0.4832260289231208317, -1.012495219489879800E-15, 0.8754956338961327189 ) ) ;
#244 = ORIENTED_EDGE ( 'NONE', *, *, #2710, .T. ) ;
#245 = ORIENTED_EDGE ( 'NONE', *, *, #4995, .F. ) ;
#246 = EDGE_CURVE ( 'NONE', #6318, #8117, #7773, .T. ) ;
#247 = FACE_OUTER_BOUND ( 'NONE', #2378, .T. ) ;
#248 = DIRECTION ( 'NONE',  ( 0.8615268990046549558, 5.417265015047519480E-16, -0.5077119284509898911 ) ) ;
#249 = CARTESIAN_POINT ( 'NONE',  ( -38.48104649390585053, -7.200000000000000178, 1.661062501570164995 ) ) ;
#250 = AXIS2_PLACEMENT_3D ( 'NONE', #2346, #934, #3161 ) ;
#251 = CARTESIAN_POINT ( 'NONE',  ( -150.6599999999999966, -10.80000000000000071, 6.364617092752020255 ) ) ;
#252 = VERTEX_POINT ( 'NONE', #1475 ) ;
#253 = DIRECTION ( 'NONE',  ( 0.000000000000000000, -1.000000000000000000, -1.156482317317869950E-15 ) ) ;
#254 = ADVANCED_FACE ( 'NONE', ( #3555 ), #8423, .F. ) ;
#255 = ORIENTED_EDGE ( 'NONE', *, *, #689, .T. ) ;
#256 = PLANE ( 'NONE',  #4854 ) ;
#257 = DIRECTION ( 'NONE',  ( 0.000000000000000000, 0.000000000000000000, 1.000000000000000000 ) ) ;
#258 = ORIENTED_EDGE ( 'NONE', *, *, #3830, .T. ) ;
#259 = DIRECTION ( 'NONE',  ( 0.000000000000000000, 1.000000000000000000, 0.000000000000000000 ) ) ;
#260 = ORIENTED_EDGE ( 'NONE', *, *, #8675, .T. ) ;
#261 = PLANE ( 'NONE',  #1646 ) ;
#262 = ORIENTED_EDGE ( 'NONE', *, *, #4802, .F. ) ;
#263 = AXIS2_PLACEMENT_3D ( 'NONE', #4484, #4621, #451 ) ;
#264 = CARTESIAN_POINT ( 'NONE',  ( -118.4890870736712003, -10.80000000000000071, -6.364617092752079763 ) ) ;
#265 = CARTESIAN_POINT ( 'NONE',  ( 133.3799999999999955, -7.200000000000000178, 3.396598976154959537 ) ) ;
#266 = VERTEX_POINT ( 'NONE', #7655 ) ;
#267 = EDGE_CURVE ( 'NONE', #6328, #5332, #6437, .T. ) ;
#268 = CARTESIAN_POINT ( 'NONE',  ( -67.35809915195579833, -7.200000000000000178, 1.661062501570160110 ) ) ;
#269 = PLANE ( 'NONE',  #5717 ) ;
#270 = ORIENTED_EDGE ( 'NONE', *, *, #1270, .T. ) ;
#271 = LINE ( 'NONE', #8470, #931 ) ;
#272 = DIRECTION ( 'NONE',  ( -1.000000000000000000, 0.000000000000000000, 0.000000000000000000 ) ) ;
#273 = EDGE_CURVE ( 'NONE', #1251, #3229, #6948, .T. ) ;
#274 = DIRECTION ( 'NONE',  ( -0.7071067811865500152, 0.7071067811865450192, 0.000000000000000000 ) ) ;
#275 = ORIENTED_EDGE ( 'NONE', *, *, #3444, .T. ) ;
#276 = VECTOR ( 'NONE', #7068, 1000.000000000000114 ) ;
#277 = CARTESIAN_POINT ( 'NONE',  ( -102.0000000000000000, 3.000000000000000000, 1.665334536937735008E-15 ) ) ;
#278 = PLANE ( 'NONE',  #4333 ) ;
#279 = EDGE_CURVE ( 'NONE', #2564, #1932, #868, .T. ) ;
#280 = CARTESIAN_POINT ( 'NONE',  ( 18.70736835487440075, -10.80000000000000071, -6.364617092752020255 ) ) ;
#281 = ORIENTED_EDGE ( 'NONE', *, *, #7607, .T. ) ;
#282 = VECTOR ( 'NONE', #5015, 1000.000000000000000 ) ;
#283 = ORIENTED_EDGE ( 'NONE', *, *, #2205, .F. ) ;
#284 = CARTESIAN_POINT ( 'NONE',  ( -117.5999999999999943, -10.80000000000000071, -3.227411761410004853 ) ) ;
#285 = DIRECTION ( 'NONE',  ( -1.000000000000000000, -0.000000000000000000, -0.000000000000000000 ) ) ;
#286 = CARTESIAN_POINT ( 'NONE',  ( 18.00000000000000000, -10.80000000000000071, -36.00000000000000000 ) ) ;
#287 = ORIENTED_EDGE ( 'NONE', *, *, #3457, .T. ) ;
#288 = EDGE_CURVE ( 'NONE', #8396, #7010, #2918, .T. ) ;
#289 = ORIENTED_EDGE ( 'NONE', *, *, #3652, .F. ) ;
#290 = VECTOR ( 'NONE', #8351, 1000.000000000000000 ) ;
#291 = CARTESIAN_POINT ( 'NONE',  ( 28.39230484541330313, 0.000000000000000000, -6.000000000000000000 ) ) ;
#292 = FACE_OUTER_BOUND ( 'NONE', #3244, .T. ) ;
#293 = LINE ( 'NONE', #5811, #5354 ) ;
#294 = ORIENTED_EDGE ( 'NONE', *, *, #5519, .F. ) ;
#295 = CARTESIAN_POINT ( 'NONE',  ( -117.5999999999999943, -10.80000000000000071, 6.364617092752020255 ) ) ;
#296 = VERTEX_POINT ( 'NONE', #1559 ) ;
#297 = VECTOR ( 'NONE', #5483, 1000.000000000000000 ) ;
#298 = DIRECTION ( 'NONE',  ( 1.000000000000000000, 0.000000000000000000, 0.000000000000000000 ) ) ;
#299 = VERTEX_POINT ( 'NONE', #7064 ) ;
#300 = CARTESIAN_POINT ( 'NONE',  ( 46.19999999999999574, 10.80000000000000071, 4.275303338208110482 ) ) ;
#301 = CARTESIAN_POINT ( 'NONE',  ( -129.4909129263288037, -10.80000000000000071, 6.364617092752020255 ) ) ;
#302 = ORIENTED_EDGE ( 'NONE', *, *, #8253, .T. ) ;
#303 = DIRECTION ( 'NONE',  ( 0.000000000000000000, 0.000000000000000000, -1.000000000000000000 ) ) ;
#304 = ORIENTED_EDGE ( 'NONE', *, *, #2303, .F. ) ;
#305 = EDGE_CURVE ( 'NONE', #6003, #5549, #7785, .T. ) ;
#306 = CARTESIAN_POINT ( 'NONE',  ( 102.0000000000000000, -7.000000000000000000, 9.900000000000002132 ) ) ;
#307 = EDGE_LOOP ( 'NONE', ( #7819, #7071, #3826, #5910 ) ) ;
#309 = EDGE_CURVE ( 'NONE', #6509, #3168, #4358, .T. ) ;
#308 = DIRECTION ( 'NONE',  ( -0.8615268990046556219, 0.000000000000000000, 0.5077119284509886699 ) ) ;
#310 = PLANE ( 'NONE',  #5414 ) ;
#311 = VERTEX_POINT ( 'NONE', #1730 ) ;
#312 = AXIS2_PLACEMENT_3D ( 'NONE', #4155, #7614, #4774 ) ;
#313 = PLANE ( 'NONE',  #6077 ) ;
#314 = CARTESIAN_POINT ( 'NONE',  ( 195.0000000000000000, -3.400480947161665046, -17.56326859021799791 ) ) ;
#315 = ORIENTED_EDGE ( 'NONE', *, *, #5064, .T. ) ;
#316 = LINE ( 'NONE', #2325, #7862 ) ;
#317 = DIRECTION ( 'NONE',  ( -1.000000000000000000, 0.000000000000000000, 0.000000000000000000 ) ) ;
#318 = DIRECTION ( 'NONE',  ( 0.8051314262087321261, 0.000000000000000000, -0.5930964394861030220 ) ) ;
#319 = VERTEX_POINT ( 'NONE', #3910 ) ;
#320 = LINE ( 'NONE', #2417, #6723 ) ;
#321 = DIRECTION ( 'NONE',  ( -8.540177112501238897E-16, -0.8660254037844387076, 0.4999999999999998890 ) ) ;
#322 = DIRECTION ( 'NONE',  ( -1.000000000000000000, 0.000000000000000000, 0.000000000000000000 ) ) ;
#323 = ORIENTED_EDGE ( 'NONE', *, *, #7800, .T. ) ;
#324 = CARTESIAN_POINT ( 'NONE',  ( -102.0000000000000000, -10.80000000000000071, -2.121320343559629951 ) ) ;
#325 = VERTEX_POINT ( 'NONE', #6658 ) ;
#326 = CARTESIAN_POINT ( 'NONE',  ( -112.4786796564402067, -10.80000000000000071, -12.59999999999999964 ) ) ;
#327 = DIRECTION ( 'NONE',  ( -0.2773500981126139076, 0.8320502943378447203, -0.4803844614152598669 ) ) ;
#328 = EDGE_LOOP ( 'NONE', ( #4021, #6356, #5941 ) ) ;
#329 = EDGE_CURVE ( 'NONE', #2122, #5222, #1090, .T. ) ;
#330 = VERTEX_POINT ( 'NONE', #3867 ) ;
#331 = LINE ( 'NONE', #5729, #4195 ) ;
#332 = CARTESIAN_POINT ( 'NONE',  ( -15.70736835487440075, -1.800000000000000044, -4.500000000000000000 ) ) ;
#333 = CARTESIAN_POINT ( 'NONE',  ( 109.3606601717795996, -7.200000000000000178, 4.996003610813199699E-15 ) ) ;
#334 = EDGE_CURVE ( 'NONE', #2654, #4813, #2550, .T. ) ;
#335 = PLANE ( 'NONE',  #2917 ) ;
#336 = ORIENTED_EDGE ( 'NONE', *, *, #4065, .T. ) ;
#337 = PLANE ( 'NONE',  #2274 ) ;
#338 = VECTOR ( 'NONE', #8278, 1000.000000000000000 ) ;
#339 = EDGE_LOOP ( 'NONE', ( #6201, #4974, #4850, #2143 ) ) ;
#340 = CARTESIAN_POINT ( 'NONE',  ( 12.58967690125044037, -1.139713323716759894E-14, -1.382308546376021852 ) ) ;
#341 = EDGE_CURVE ( 'NONE', #4733, #4526, #2365, .T. ) ;
#342 = CARTESIAN_POINT ( 'NONE',  ( 102.0000000000000000, -7.200000000000000178, 7.360660171779840333 ) ) ;
#343 = AXIS2_PLACEMENT_3D ( 'NONE', #5664, #903, #7822 ) ;
#344 = AXIS2_PLACEMENT_3D ( 'NONE', #6279, #2896, #761 ) ;
#345 = LINE ( 'NONE', #1807, #83 ) ;
#346 = EDGE_LOOP ( 'NONE', ( #3951, #2000, #3954 ) ) ;
#347 = DIRECTION ( 'NONE',  ( 0.000000000000000000, 0.000000000000000000, 1.000000000000000000 ) ) ;
#348 = ORIENTED_EDGE ( 'NONE', *, *, #4212, .F. ) ;
#349 = VECTOR ( 'NONE', #7545, 1000.000000000000227 ) ;
#350 = VECTOR ( 'NONE', #5371, 1000.000000000000114 ) ;
#351 = CARTESIAN_POINT ( 'NONE',  ( -96.75381916417079253, -10.80000000000000071, 34.10320989820220206 ) ) ;
#352 = VECTOR ( 'NONE', #3183, 1000.000000000000000 ) ;
#353 = EDGE_CURVE ( 'NONE', #2108, #3614, #1688, .T. ) ;
#354 = CARTESIAN_POINT ( 'NONE',  ( -111.5006577437166015, -10.80000000000000071, -32.24315210870904735 ) ) ;
#355 = CARTESIAN_POINT ( 'NONE',  ( 151.6890996541804952, -10.80000000000000071, -6.364617092752020255 ) ) ;
#357 = ORIENTED_EDGE ( 'NONE', *, *, #7806, .T. ) ;
#356 = VECTOR ( 'NONE', #2491, 1000.000000000000000 ) ;
#358 = VECTOR ( 'NONE', #7302, 1000.000000000000000 ) ;
#359 = CARTESIAN_POINT ( 'NONE',  ( 154.8750469336854962, 7.200000000000000178, -6.364617092752020255 ) ) ;
#360 = DIRECTION ( 'NONE',  ( -1.000000000000000000, -0.000000000000000000, -0.000000000000000000 ) ) ;
#361 = VERTEX_POINT ( 'NONE', #4528 ) ;
#362 = LINE ( 'NONE', #5248, #6867 ) ;
#363 = DIRECTION ( 'NONE',  ( 0.000000000000000000, 0.000000000000000000, -1.000000000000000000 ) ) ;
#364 = LINE ( 'NONE', #6075, #8453 ) ;
#365 = ORIENTED_EDGE ( 'NONE', *, *, #1725, .F. ) ;
#366 = EDGE_CURVE ( 'NONE', #8041, #1133, #5207, .T. ) ;
#367 = AXIS2_PLACEMENT_3D ( 'NONE', #2309, #7048, #4890 ) ;
#368 = AXIS2_PLACEMENT_3D ( 'NONE', #8882, #1285, #2153 ) ;
#369 = CARTESIAN_POINT ( 'NONE',  ( -52.27504693368549482, 10.80000000000000071, -9.364617092752020255 ) ) ;
#370 = DIRECTION ( 'NONE',  ( 1.000000000000000000, 0.000000000000000000, 0.000000000000000000 ) ) ;
#371 = LINE ( 'NONE', #1878, #6430 ) ;
#372 = VERTEX_POINT ( 'NONE', #1776 ) ;
#373 = DIRECTION ( 'NONE',  ( -1.000000000000000000, 0.000000000000000000, 1.708035422500250146E-15 ) ) ;
#374 = VERTEX_POINT ( 'NONE', #5932 ) ;
#375 = VERTEX_POINT ( 'NONE', #5795 ) ;
#376 = CARTESIAN_POINT ( 'NONE',  ( -33.14589468389949900, -10.80000000000000071, -3.042492089611705364 ) ) ;
#377 = ORIENTED_EDGE ( 'NONE', *, *, #6705, .F. ) ;
#378 = VECTOR ( 'NONE', #6136, 1000.000000000000000 ) ;
#379 = VERTEX_POINT ( 'NONE', #4490 ) ;
#380 = COLOUR_RGB ( '',0.7921568627450980005, 0.8196078431372548767, 0.9333333333333333481 ) ;
#381 = CARTESIAN_POINT ( 'NONE',  ( 114.5999999999999943, -7.200000000000000178, -10.47867965644037902 ) ) ;
#382 = CARTESIAN_POINT ( 'NONE',  ( 62.02294734195000103, -10.80000000000000071, 6.364617092752020255 ) ) ;
#383 = DIRECTION ( 'NONE',  ( 0.000000000000000000, 1.000000000000000000, 0.000000000000000000 ) ) ;
#384 = EDGE_CURVE ( 'NONE', #2513, #3473, #3226, .T. ) ;
#385 = DIRECTION ( 'NONE',  ( -1.000000000000000000, 0.000000000000000000, -7.709882115452469538E-17 ) ) ;
#386 = ORIENTED_EDGE ( 'NONE', *, *, #4721, .F. ) ;
#387 = CARTESIAN_POINT ( 'NONE',  ( 72.69325096196220670, -10.80000000000000071, 6.364617092752020255 ) ) ;
#388 = LINE ( 'NONE', #7687, #3549 ) ;
#389 = EDGE_CURVE ( 'NONE', #6038, #8891, #8731, .T. ) ;
#390 = PLANE ( 'NONE',  #2875 ) ;
#391 = DIRECTION ( 'NONE',  ( 0.000000000000000000, 0.000000000000000000, 1.000000000000000000 ) ) ;
#392 = LINE ( 'NONE', #5778, #7018 ) ;
#393 = ORIENTED_EDGE ( 'NONE', *, *, #535, .T. ) ;
#394 = EDGE_CURVE ( 'NONE', #6082, #4693, #5302, .T. ) ;
#395 = DIRECTION ( 'NONE',  ( -7.113305415238639742E-16, 0.000000000000000000, -1.000000000000000000 ) ) ;
#396 = ORIENTED_EDGE ( 'NONE', *, *, #5064, .F. ) ;
#397 = CARTESIAN_POINT ( 'NONE',  ( 131.8799999999999955, -7.200000000000000178, 8.227666964079659806 ) ) ;
#398 = EDGE_CURVE ( 'NONE', #2122, #8795, #735, .T. ) ;
#399 = AXIS2_PLACEMENT_3D ( 'NONE', #2139, #3533, #810 ) ;
#400 = DIRECTION ( 'NONE',  ( 0.000000000000000000, 1.000000000000000000, 0.000000000000000000 ) ) ;
#401 = FACE_OUTER_BOUND ( 'NONE', #2909, .T. ) ;
#402 = ORIENTED_EDGE ( 'NONE', *, *, #737, .T. ) ;
#403 = LINE ( 'NONE', #359, #851 ) ;
#404 = CARTESIAN_POINT ( 'NONE',  ( 7.556298973624020476, 10.80000000000000071, 5.768829150331540312 ) ) ;
#405 = VERTEX_POINT ( 'NONE', #5835 ) ;
#406 = DIRECTION ( 'NONE',  ( 1.000000000000000000, 6.051989982493890326E-31, -5.233102047361820167E-16 ) ) ;
#407 = CARTESIAN_POINT ( 'NONE',  ( -204.0000000000000000, -10.80000000000000071, 9.364617092752020255 ) ) ;
#408 = EDGE_CURVE ( 'NONE', #5222, #8201, #3195, .T. ) ;
#409 = CARTESIAN_POINT ( 'NONE',  ( 18.70736835487440075, -10.80000000000000071, 1.499999999999988010 ) ) ;
#410 = EDGE_LOOP ( 'NONE', ( #7648, #8390, #5428, #3062 ) ) ;
#411 = AXIS2_PLACEMENT_3D ( 'NONE', #728, #2730, #4758 ) ;
#412 = DIRECTION ( 'NONE',  ( 0.000000000000000000, 0.000000000000000000, -1.000000000000000000 ) ) ;
#413 = FACE_BOUND ( 'NONE', #3936, .T. ) ;
#414 = LINE ( 'NONE', #5358, #8171 ) ;
#415 = ORIENTED_EDGE ( 'NONE', *, *, #1335, .T. ) ;
#416 = CARTESIAN_POINT ( 'NONE',  ( 31.64589468389949900, -7.200000000000000178, -6.364617092752020255 ) ) ;
#417 = VERTEX_POINT ( 'NONE', #7192 ) ;
#418 = VECTOR ( 'NONE', #3280, 1000.000000000000000 ) ;
#419 = ORIENTED_EDGE ( 'NONE', *, *, #5576, .T. ) ;
#420 = EDGE_CURVE ( 'NONE', #7238, #3376, #1183, .T. ) ;
#421 = DIRECTION ( 'NONE',  ( -1.494530994687720012E-15, 0.000000000000000000, 1.000000000000000000 ) ) ;
#422 = ORIENTED_EDGE ( 'NONE', *, *, #3974, .F. ) ;
#423 = VERTEX_POINT ( 'NONE', #5118 ) ;
#424 = AXIS2_PLACEMENT_3D ( 'NONE', #333, #3109, #2429 ) ;
#425 = DIRECTION ( 'NONE',  ( 0.000000000000000000, 1.000000000000000000, 0.000000000000000000 ) ) ;
#426 = DIRECTION ( 'NONE',  ( -1.850371707708589879E-16, 0.000000000000000000, -1.000000000000000000 ) ) ;
#427 = PLANE ( 'NONE',  #2461 ) ;
#428 = ADVANCED_FACE ( 'NONE', ( #1001 ), #3775, .F. ) ;
#429 = ORIENTED_EDGE ( 'NONE', *, *, #5316, .T. ) ;
#430 = FACE_OUTER_BOUND ( 'NONE', #3224, .T. ) ;
#431 = ORIENTED_EDGE ( 'NONE', *, *, #4366, .F. ) ;
#432 = DIRECTION ( 'NONE',  ( 0.000000000000000000, -1.000000000000000000, 0.000000000000000000 ) ) ;
#433 = ORIENTED_EDGE ( 'NONE', *, *, #743, .T. ) ;
#434 = DIRECTION ( 'NONE',  ( 0.000000000000000000, -1.000000000000000000, 0.000000000000000000 ) ) ;
#435 = AXIS2_PLACEMENT_3D ( 'NONE', #665, #6992, #617 ) ;
#436 = ADVANCED_FACE ( 'NONE', ( #7236 ), #1042, .T. ) ;
#437 = CARTESIAN_POINT ( 'NONE',  ( 15.70736835487440075, -10.80000000000000071, -4.500000000000000000 ) ) ;
#438 = LINE ( 'NONE', #1071, #5283 ) ;
#439 = ORIENTED_EDGE ( 'NONE', *, *, #4270, .T. ) ;
#440 = LINE ( 'NONE', #4566, #2379 ) ;
#441 = VECTOR ( 'NONE', #688, 1000.000000000000000 ) ;
#442 = ORIENTED_EDGE ( 'NONE', *, *, #3846, .T. ) ;
#443 = VERTEX_POINT ( 'NONE', #3139 ) ;
#444 = LINE ( 'NONE', #1078, #3972 ) ;
#445 = EDGE_CURVE ( 'NONE', #7776, #2866, #5886, .T. ) ;
#446 = EDGE_CURVE ( 'NONE', #5276, #2863, #8005, .T. ) ;
#447 = UNCERTAINTY_MEASURE_WITH_UNIT (LENGTH_MEASURE( 1.000000000000000082E-05 ), #7838, 'distance_accuracy_value', 'NONE');
#448 = DIRECTION ( 'NONE',  ( 0.000000000000000000, -1.000000000000000000, 0.000000000000000000 ) ) ;
#449 = DIRECTION ( 'NONE',  ( 1.000000000000000000, 0.000000000000000000, 2.018443830920939658E-16 ) ) ;
#450 = ORIENTED_EDGE ( 'NONE', *, *, #309, .T. ) ;
#451 = DIRECTION ( 'NONE',  ( 0.000000000000000000, 0.000000000000000000, 1.000000000000000000 ) ) ;
#452 = DIRECTION ( 'NONE',  ( -0.4999999999999998890, 0.000000000000000000, 0.8660254037844387076 ) ) ;
#453 = VERTEX_POINT ( 'NONE', #5351 ) ;
#454 = EDGE_CURVE ( 'NONE', #3898, #3805, #6888, .T. ) ;
#455 = CARTESIAN_POINT ( 'NONE',  ( -114.5999999999999943, -7.200000000000000178, -10.47867965644037902 ) ) ;
#456 = AXIS2_PLACEMENT_3D ( 'NONE', #7075, #3742, #2971 ) ;
#457 = CARTESIAN_POINT ( 'NONE',  ( 23.09999999999999787, 10.80000000000000071, 6.364617092752020255 ) ) ;
#458 = DIRECTION ( 'NONE',  ( 0.000000000000000000, -1.000000000000000000, -1.156482317317869950E-15 ) ) ;
#459 = ORIENTED_EDGE ( 'NONE', *, *, #8569, .T. ) ;
#460 = ADVANCED_FACE ( 'NONE', ( #1964 ), #1418, .T. ) ;
#461 = DIRECTION ( 'NONE',  ( -1.000000000000000000, 0.000000000000000000, 9.472892701579828520E-18 ) ) ;
#462 = DIRECTION ( 'NONE',  ( 0.7071067811865480168, 0.000000000000000000, 0.7071067811865470176 ) ) ;
#463 = CARTESIAN_POINT ( 'NONE',  ( 167.9399999999999977, -10.80000000000000071, 3.396598976154964866 ) ) ;
#464 = CARTESIAN_POINT ( 'NONE',  ( -9.737795531943419292, -10.80000000000000071, 6.364617092752020255 ) ) ;
#465 = VERTEX_POINT ( 'NONE', #6792 ) ;
#466 = ORIENTED_EDGE ( 'NONE', *, *, #7629, .T. ) ;
#467 = CARTESIAN_POINT ( 'NONE',  ( -150.6599999999999966, -7.200000000000000178, -3.396598976154979965 ) ) ;
#468 = ORIENTED_EDGE ( 'NONE', *, *, #7830, .T. ) ;
#469 = VERTEX_POINT ( 'NONE', #8102 ) ;
#470 = DIRECTION ( 'NONE',  ( 0.000000000000000000, 1.000000000000000000, 0.000000000000000000 ) ) ;
#471 = DIRECTION ( 'NONE',  ( -0.8051314262087321261, 0.000000000000000000, 0.5930964394861030220 ) ) ;
#472 = EDGE_CURVE ( 'NONE', #6730, #116, #6027, .T. ) ;
#473 = LINE ( 'NONE', #8073, #350 ) ;
#474 = LINE ( 'NONE', #5323, #5195 ) ;
#475 = ORIENTED_EDGE ( 'NONE', *, *, #5196, .T. ) ;
#476 = DIRECTION ( 'NONE',  ( 0.000000000000000000, 0.000000000000000000, 1.000000000000000000 ) ) ;
#477 = DIRECTION ( 'NONE',  ( -0.000000000000000000, -0.000000000000000000, 1.000000000000000000 ) ) ;
#478 = LINE ( 'NONE', #7396, #5732 ) ;
#479 = ORIENTED_EDGE ( 'NONE', *, *, #6870, .T. ) ;
#480 = CARTESIAN_POINT ( 'NONE',  ( 23.09999999999999787, 10.80000000000000071, 6.364617092752020255 ) ) ;
#481 = EDGE_LOOP ( 'NONE', ( #1207, #6803, #4398 ) ) ;
#482 = ADVANCED_FACE ( 'NONE', ( #1919 ), #3366, .T. ) ;
#483 = DIRECTION ( 'NONE',  ( 1.000000000000000000, 0.000000000000000000, 0.000000000000000000 ) ) ;
#484 = DIRECTION ( 'NONE',  ( 1.000000000000000000, 0.000000000000000000, 2.018443830920939658E-16 ) ) ;
#485 = ORIENTED_EDGE ( 'NONE', *, *, #4601, .F. ) ;
#486 = DIRECTION ( 'NONE',  ( -1.850371707708589879E-16, 0.000000000000000000, -1.000000000000000000 ) ) ;
#487 = ORIENTED_EDGE ( 'NONE', *, *, #5196, .F. ) ;
#488 = VECTOR ( 'NONE', #3305, 1000.000000000000000 ) ;
#489 = EDGE_LOOP ( 'NONE', ( #1401, #3792, #7611, #5004 ) ) ;
#490 = CARTESIAN_POINT ( 'NONE',  ( -30.14589468389949900, -10.80000000000000071, 7.864617092752020255 ) ) ;
#491 = LINE ( 'NONE', #1815, #6409 ) ;
#492 = CIRCLE ( 'NONE', #5119, 8.699999999999999289 ) ;
#493 = LINE ( 'NONE', #3267, #7440 ) ;
#494 = ORIENTED_EDGE ( 'NONE', *, *, #1165, .T. ) ;
#495 = LINE ( 'NONE', #5347, #5180 ) ;
#496 = DIRECTION ( 'NONE',  ( 0.000000000000000000, 1.000000000000000000, 0.000000000000000000 ) ) ;
#497 = ORIENTED_EDGE ( 'NONE', *, *, #4401, .F. ) ;
#498 = VECTOR ( 'NONE', #1589, 1000.000000000000000 ) ;
#500 = EDGE_CURVE ( 'NONE', #2088, #6763, #4719, .T. ) ;
#499 = DIRECTION ( 'NONE',  ( -5.233102047361820167E-16, 0.000000000000000000, -1.000000000000000000 ) ) ;
#501 = VECTOR ( 'NONE', #2341, 1000.000000000000000 ) ;
#502 = DIRECTION ( 'NONE',  ( 0.000000000000000000, 0.000000000000000000, 1.000000000000000000 ) ) ;
#503 = VECTOR ( 'NONE', #1144, 1000.000000000000000 ) ;
#504 = DIRECTION ( 'NONE',  ( 0.000000000000000000, -1.000000000000000000, -1.066995812285799955E-15 ) ) ;
#505 = VERTEX_POINT ( 'NONE', #8927 ) ;
#506 = EDGE_CURVE ( 'NONE', #3205, #1724, #552, .T. ) ;
#507 = VECTOR ( 'NONE', #6426, 1000.000000000000000 ) ;
#508 = EDGE_CURVE ( 'NONE', #4526, #1798, #8242, .T. ) ;
#509 = AXIS2_PLACEMENT_3D ( 'NONE', #6180, #659, #1480 ) ;
#510 = LINE ( 'NONE', #3819, #1382 ) ;
#511 = PLANE ( 'NONE',  #4053 ) ;
#512 = DIRECTION ( 'NONE',  ( 1.000000000000000000, 0.000000000000000000, 2.018443830920939658E-16 ) ) ;
#513 = ORIENTED_EDGE ( 'NONE', *, *, #8223, .F. ) ;
#514 = DIRECTION ( 'NONE',  ( -1.000000000000000000, 0.000000000000000000, -7.709882115452469538E-17 ) ) ;
#515 = EDGE_CURVE ( 'NONE', #1608, #2801, #4762, .T. ) ;
#516 = EDGE_LOOP ( 'NONE', ( #609, #1926, #4015, #6955 ) ) ;
#517 = AXIS2_PLACEMENT_3D ( 'NONE', #7987, #983, #7356 ) ;
#518 = AXIS2_PLACEMENT_3D ( 'NONE', #7271, #4004, #4622 ) ;
#519 = EDGE_LOOP ( 'NONE', ( #6029, #8541, #6622, #5365 ) ) ;
#520 = DIRECTION ( 'NONE',  ( -1.000000000000000000, 0.000000000000000000, 0.000000000000000000 ) ) ;
#521 = VERTEX_POINT ( 'NONE', #7553 ) ;
#522 = ORIENTED_EDGE ( 'NONE', *, *, #7549, .F. ) ;
#523 = VECTOR ( 'NONE', #4909, 1000.000000000000000 ) ;
#524 = EDGE_CURVE ( 'NONE', #8161, #2888, #7417, .T. ) ;
#525 = LINE ( 'NONE', #7934, #7202 ) ;
#526 = FACE_OUTER_BOUND ( 'NONE', #4667, .T. ) ;
#527 = DIRECTION ( 'NONE',  ( -2.018443830920939658E-16, 0.000000000000000000, -1.000000000000000000 ) ) ;
#528 = ORIENTED_EDGE ( 'NONE', *, *, #508, .T. ) ;
#529 = VECTOR ( 'NONE', #1259, 1000.000000000000000 ) ;
#530 = ORIENTED_EDGE ( 'NONE', *, *, #4386, .F. ) ;
#531 = CARTESIAN_POINT ( 'NONE',  ( 86.40000000000000568, -10.80000000000000071, -15.59999999999999964 ) ) ;
#532 = ORIENTED_EDGE ( 'NONE', *, *, #5930, .T. ) ;
#533 = LINE ( 'NONE', #7398, #7572 ) ;
#534 = VECTOR ( 'NONE', #5853, 1000.000000000000000 ) ;
#535 = EDGE_CURVE ( 'NONE', #4847, #7811, #4049, .T. ) ;
#536 = EDGE_LOOP ( 'NONE', ( #5537, #3765, #5131 ) ) ;
#537 = CARTESIAN_POINT ( 'NONE',  ( 114.5999999999999943, -7.200000000000000178, 10.47867965644037902 ) ) ;
#538 = LINE ( 'NONE', #6868, #3268 ) ;
#539 = ORIENTED_EDGE ( 'NONE', *, *, #97, .F. ) ;
#540 = CARTESIAN_POINT ( 'NONE',  ( 102.0000000000000000, 3.000000000000000000, 1.665334536937735008E-15 ) ) ;
#541 = ORIENTED_EDGE ( 'NONE', *, *, #7301, .F. ) ;
#542 = ADVANCED_FACE ( 'NONE', ( #4186 ), #1366, .T. ) ;
#543 = VERTEX_POINT ( 'NONE', #3276 ) ;
#544 = DIRECTION ( 'NONE',  ( 0.000000000000000000, 0.000000000000000000, 1.000000000000000000 ) ) ;
#545 = DIRECTION ( 'NONE',  ( 0.000000000000000000, 1.000000000000000000, 0.000000000000000000 ) ) ;
#546 = CARTESIAN_POINT ( 'NONE',  ( 158.3145498270900191, -7.200000000000000178, -1.484009058298542127 ) ) ;
#547 = ORIENTED_EDGE ( 'NONE', *, *, #4867, .F. ) ;
#548 = LINE ( 'NONE', #6291, #4759 ) ;
#549 = DIRECTION ( 'NONE',  ( 0.000000000000000000, 1.000000000000000000, 0.000000000000000000 ) ) ;
#550 = ORIENTED_EDGE ( 'NONE', *, *, #943, .F. ) ;
#551 = EDGE_CURVE ( 'NONE', #5872, #6575, #6116, .T. ) ;
#552 = LINE ( 'NONE', #2098, #297 ) ;
#553 = VECTOR ( 'NONE', #6595, 1000.000000000000000 ) ;
#554 = CARTESIAN_POINT ( 'NONE',  ( 30.65392859914954826, -7.200000000000000178, -7.489785207615719642 ) ) ;
#555 = ORIENTED_EDGE ( 'NONE', *, *, #1479, .T. ) ;
#556 = EDGE_CURVE ( 'NONE', #5872, #4365, #2688, .T. ) ;
#557 = DIRECTION ( 'NONE',  ( 0.000000000000000000, -1.000000000000000000, 0.000000000000000000 ) ) ;
#558 = FACE_OUTER_BOUND ( 'NONE', #6458, .T. ) ;
#559 = CARTESIAN_POINT ( 'NONE',  ( 0.000000000000000000, -10.80000000000000071, -9.364617092752020255 ) ) ;
#560 = EDGE_LOOP ( 'NONE', ( #7836, #5359, #3897, #8708 ) ) ;
#561 = CARTESIAN_POINT ( 'NONE',  ( -88.33933982822040321, -7.200000000000000178, 11.53933982822021953 ) ) ;
#562 = ORIENTED_EDGE ( 'NONE', *, *, #8861, .T. ) ;
#563 = PLANE ( 'NONE',  #2431 ) ;
#564 = VERTEX_POINT ( 'NONE', #8197 ) ;
#565 = VECTOR ( 'NONE', #7628, 1000.000000000000000 ) ;
#566 = FACE_OUTER_BOUND ( 'NONE', #3235, .T. ) ;
#567 = ORIENTED_EDGE ( 'NONE', *, *, #6119, .T. ) ;
#568 = ORIENTED_EDGE ( 'NONE', *, *, #535, .F. ) ;
#569 = EDGE_CURVE ( 'NONE', #1530, #3714, #1324, .T. ) ;
#570 = EDGE_CURVE ( 'NONE', #2654, #1572, #3462, .T. ) ;
#571 = AXIS2_PLACEMENT_3D ( 'NONE', #2099, #4229, #8243 ) ;
#572 = LINE ( 'NONE', #3241, #6486 ) ;
#573 = DIRECTION ( 'NONE',  ( 0.000000000000000000, 0.000000000000000000, -1.000000000000000000 ) ) ;
#574 = DIRECTION ( 'NONE',  ( 0.000000000000000000, 1.000000000000000000, 0.000000000000000000 ) ) ;
#575 = ORIENTED_EDGE ( 'NONE', *, *, #3568, .T. ) ;
#576 = EDGE_CURVE ( 'NONE', #8629, #5171, #638, .T. ) ;
#577 = LINE ( 'NONE', #3299, #6659 ) ;
#578 = ORIENTED_EDGE ( 'NONE', *, *, #3201, .T. ) ;
#579 = LINE ( 'NONE', #3345, #3865 ) ;
#580 = CARTESIAN_POINT ( 'NONE',  ( 102.0000000000000000, -10.80000000000000071, -2.121320343559629951 ) ) ;
#581 = ORIENTED_EDGE ( 'NONE', *, *, #2047, .T. ) ;
#582 = VECTOR ( 'NONE', #6121, 1000.000000000000000 ) ;
#583 = CARTESIAN_POINT ( 'NONE',  ( -99.87867965644021240, -10.80000000000000071, 6.661338147750959753E-15 ) ) ;
#584 = CARTESIAN_POINT ( 'NONE',  ( 86.40000000000000568, -7.705048770837839765E-16, -15.59999999999999964 ) ) ;
#585 = PLANE ( 'NONE',  #5558 ) ;
#586 = EDGE_LOOP ( 'NONE', ( #6895, #8155, #1429, #8097 ) ) ;
#587 = VECTOR ( 'NONE', #6471, 1000.000000000000000 ) ;
#588 = VERTEX_POINT ( 'NONE', #2779 ) ;
#589 = CARTESIAN_POINT ( 'NONE',  ( 44.58442101292464343, -10.80000000000000071, 6.203554591181880795 ) ) ;
#590 = CARTESIAN_POINT ( 'NONE',  ( 0.000000000000000000, -4.178898784497604806E-15, 15.59999999999999964 ) ) ;
#591 = LINE ( 'NONE', #7504, #2979 ) ;
#592 = ORIENTED_EDGE ( 'NONE', *, *, #4944, .T. ) ;
#593 = ADVANCED_FACE ( 'NONE', ( #5527 ), #8285, .F. ) ;
#594 = LINE ( 'NONE', #3317, #6362 ) ;
#595 = CARTESIAN_POINT ( 'NONE',  ( 37.17265876487454790, 7.200000000000000178, -1.044656877271967987 ) ) ;
#596 = ORIENTED_EDGE ( 'NONE', *, *, #7992, .T. ) ;
#597 = CARTESIAN_POINT ( 'NONE',  ( 167.9399999999999977, -7.200000000000000178, 6.364617092752020255 ) ) ;
#598 = VECTOR ( 'NONE', #7254, 1000.000000000000227 ) ;
#599 = LINE ( 'NONE', #6117, #2267 ) ;
#600 = ORIENTED_EDGE ( 'NONE', *, *, #334, .T. ) ;
#601 = EDGE_CURVE ( 'NONE', #4922, #2292, #3069, .T. ) ;
#602 = DIRECTION ( 'NONE',  ( 0.000000000000000000, 0.000000000000000000, 1.000000000000000000 ) ) ;
#603 = FACE_OUTER_BOUND ( 'NONE', #6482, .T. ) ;
#604 = PLANE ( 'NONE',  #3849 ) ;
#605 = VERTEX_POINT ( 'NONE', #2189 ) ;
#606 = CARTESIAN_POINT ( 'NONE',  ( -133.3799999999999955, -10.80000000000000071, -6.364617092752079763 ) ) ;
#607 = PRODUCT_RELATED_PRODUCT_CATEGORY ( 'part', '', ( #79 ) ) ;
#608 = CARTESIAN_POINT ( 'NONE',  ( 3.000000000000000000, 10.80000000000000071, -6.364617092752020255 ) ) ;
#609 = ORIENTED_EDGE ( 'NONE', *, *, #4915, .F. ) ;
#610 = ORIENTED_EDGE ( 'NONE', *, *, #5839, .T. ) ;
#611 = DIRECTION ( 'NONE',  ( 0.000000000000000000, 1.000000000000000000, 0.000000000000000000 ) ) ;
#612 = CARTESIAN_POINT ( 'NONE',  ( -117.5999999999999943, 1.657405997545260083E-15, 15.59999999999999964 ) ) ;
#613 = DIRECTION ( 'NONE',  ( -1.000000000000000000, 0.000000000000000000, 2.018443830920939658E-16 ) ) ;
#614 = ORIENTED_EDGE ( 'NONE', *, *, #1968, .F. ) ;
#615 = EDGE_CURVE ( 'NONE', #6996, #5806, #92, .T. ) ;
#616 = DIRECTION ( 'NONE',  ( 0.8615268990046552888, -5.417265015047510606E-16, 0.5077119284509891139 ) ) ;
#617 = DIRECTION ( 'NONE',  ( 0.000000000000000000, -1.000000000000000000, 0.000000000000000000 ) ) ;
#618 = CARTESIAN_POINT ( 'NONE',  ( 186.0000000000000000, 5.196152422706649787, -12.59999999999999964 ) ) ;
#619 = ORIENTED_EDGE ( 'NONE', *, *, #126, .F. ) ;
#620 = CARTESIAN_POINT ( 'NONE',  ( -134.4090996541806078, -10.80000000000000071, 6.364617092752020255 ) ) ;
#621 = ORIENTED_EDGE ( 'NONE', *, *, #5291, .F. ) ;
#622 = EDGE_CURVE ( 'NONE', #7037, #6361, #5862, .T. ) ;
#623 = LINE ( 'NONE', #5512, #8224 ) ;
#624 = ADVANCED_FACE ( 'NONE', ( #6931 ), #335, .T. ) ;
#625 = DIRECTION ( 'NONE',  ( -0.8051314262087321261, 0.000000000000000000, -0.5930964394861030220 ) ) ;
#626 = CARTESIAN_POINT ( 'NONE',  ( -186.0000000000000000, -10.80000000000000071, 12.59999999999999964 ) ) ;
#627 = CARTESIAN_POINT ( 'NONE',  ( 154.8750469336854962, 10.80000000000000071, 6.364617092752020255 ) ) ;
#628 = ORIENTED_EDGE ( 'NONE', *, *, #8131, .T. ) ;
#629 = EDGE_CURVE ( 'NONE', #6401, #8035, #3543, .T. ) ;
#630 = VERTEX_POINT ( 'NONE', #771 ) ;
#631 = CARTESIAN_POINT ( 'NONE',  ( 99.87867965644021240, -10.80000000000000071, 9.992007221626378887E-15 ) ) ;
#632 = DIRECTION ( 'NONE',  ( -3.700743415417190112E-16, 0.000000000000000000, -1.000000000000000000 ) ) ;
#633 = CARTESIAN_POINT ( 'NONE',  ( 112.4786796564402067, -10.80000000000000071, -12.59999999999999964 ) ) ;
#634 = ORIENTED_EDGE ( 'NONE', *, *, #2565, .F. ) ;
#635 = CARTESIAN_POINT ( 'NONE',  ( -86.40000000000000568, -10.80000000000000071, 15.59999999999974918 ) ) ;
#636 = DIRECTION ( 'NONE',  ( 0.000000000000000000, -0.8660254037844387076, 0.4999999999999998890 ) ) ;
#637 = ORIENTED_EDGE ( 'NONE', *, *, #2182, .T. ) ;
#638 = LINE ( 'NONE', #6206, #8830 ) ;
#639 = CARTESIAN_POINT ( 'NONE',  ( -117.5999999999999943, -10.80000000000000071, 6.364617092752020255 ) ) ;
#640 = VECTOR ( 'NONE', #8858, 1000.000000000000000 ) ;
#641 = ORIENTED_EDGE ( 'NONE', *, *, #1032, .T. ) ;
#642 = ADVANCED_FACE ( 'NONE', ( #7938 ), #7845, .F. ) ;
#643 = CARTESIAN_POINT ( 'NONE',  ( -15.92062982469679966, 0.000000000000000000, -27.60157479136859848 ) ) ;
#644 = DIRECTION ( 'NONE',  ( -1.000000000000000000, 0.000000000000000000, -7.081174480508299398E-16 ) ) ;
#645 = AXIS2_PLACEMENT_3D ( 'NONE', #7799, #195, #2975 ) ;
#646 = VECTOR ( 'NONE', #2231, 1000.000000000000000 ) ;
#647 = FACE_OUTER_BOUND ( 'NONE', #2816, .T. ) ;
#648 = ORIENTED_EDGE ( 'NONE', *, *, #7107, .F. ) ;
#649 = AXIS2_PLACEMENT_3D ( 'NONE', #8455, #5025, #7093 ) ;
#650 = PLANE ( 'NONE',  #3415 ) ;
#651 = ADVANCED_FACE ( 'NONE', ( #6249 ), #6295, .F. ) ;
#652 = FACE_OUTER_BOUND ( 'NONE', #3790, .T. ) ;
#653 = VERTEX_POINT ( 'NONE', #6495 ) ;
#654 = AXIS2_PLACEMENT_3D ( 'NONE', #8202, #1971, #557 ) ;
#655 = VECTOR ( 'NONE', #1296, 1000.000000000000000 ) ;
#656 = ORIENTED_EDGE ( 'NONE', *, *, #4954, .T. ) ;
#657 = AXIS2_PLACEMENT_3D ( 'NONE', #185, #274, #1602 ) ;
#658 = CARTESIAN_POINT ( 'NONE',  ( 186.0000000000000000, 8.699999999999999289, 0.000000000000000000 ) ) ;
#659 = DIRECTION ( 'NONE',  ( -9.472892701579828520E-18, 0.000000000000000000, 1.000000000000000000 ) ) ;
#660 = DIRECTION ( 'NONE',  ( 0.4999999999999998890, 0.000000000000000000, -0.8660254037844387076 ) ) ;
#661 = AXIS2_PLACEMENT_3D ( 'NONE', #6288, #1625, #6968 ) ;
#662 = VECTOR ( 'NONE', #5709, 1000.000000000000000 ) ;
#663 = ORIENTED_EDGE ( 'NONE', *, *, #6301, .T. ) ;
#664 = CARTESIAN_POINT ( 'NONE',  ( -59.02294734194980208, -7.200000000000000178, -6.364617092752020255 ) ) ;
#665 = CARTESIAN_POINT ( 'NONE',  ( 181.1909003458195002, -10.80000000000000071, -6.364617092752020255 ) ) ;
#666 = FACE_OUTER_BOUND ( 'NONE', #8855, .T. ) ;
#667 = ORIENTED_EDGE ( 'NONE', *, *, #1411, .T. ) ;
#668 = DIRECTION ( 'NONE',  ( 0.000000000000000000, 0.000000000000000000, -1.000000000000000000 ) ) ;
#669 = ORIENTED_EDGE ( 'NONE', *, *, #842, .T. ) ;
#670 = AXIS2_PLACEMENT_3D ( 'NONE', #6835, #733, #6209 ) ;
#671 = CARTESIAN_POINT ( 'NONE',  ( 167.9399999999999977, -10.80000000000000071, 3.396598976154964866 ) ) ;
#672 = EDGE_CURVE ( 'NONE', #3125, #2986, #7122, .T. ) ;
#673 = LINE ( 'NONE', #5603, #6855 ) ;
#674 = CARTESIAN_POINT ( 'NONE',  ( -186.0000000000000000, -10.80000000000000071, -15.59999999999999964 ) ) ;
#675 = CARTESIAN_POINT ( 'NONE',  ( 76.46147367097499625, -10.80000000000000071, 2.784647752018624800 ) ) ;
#676 = EDGE_LOOP ( 'NONE', ( #8066, #1672, #5329 ) ) ;
#677 = EDGE_CURVE ( 'NONE', #859, #4976, #8575, .T. ) ;
#678 = ORIENTED_EDGE ( 'NONE', *, *, #2525, .F. ) ;
#679 = CARTESIAN_POINT ( 'NONE',  ( 149.1599999999999966, -7.200000000000000178, -8.227666964079659806 ) ) ;
#680 = CARTESIAN_POINT ( 'NONE',  ( -112.4786796564402067, -7.200000000000000178, 12.59999999999999964 ) ) ;
#681 = VECTOR ( 'NONE', #1756, 1000.000000000000000 ) ;
#682 = EDGE_CURVE ( 'NONE', #2848, #2097, #5813, .T. ) ;
#683 = LINE ( 'NONE', #6200, #7733 ) ;
#684 = ORIENTED_EDGE ( 'NONE', *, *, #4487, .F. ) ;
#685 = PLANE ( 'NONE',  #411 ) ;
#686 = PLANE ( 'NONE',  #7734 ) ;
#687 = ORIENTED_EDGE ( 'NONE', *, *, #1095, .T. ) ;
#688 = DIRECTION ( 'NONE',  ( -1.000000000000000000, 0.000000000000000000, -7.709882115452469538E-17 ) ) ;
#689 = EDGE_CURVE ( 'NONE', #3162, #8485, #8332, .T. ) ;
#690 = LINE ( 'NONE', #47, #3426 ) ;
#691 = ORIENTED_EDGE ( 'NONE', *, *, #2559, .T. ) ;
#692 = FACE_OUTER_BOUND ( 'NONE', #6418, .T. ) ;
#693 = DIRECTION ( 'NONE',  ( 1.000000000000000000, 0.000000000000000000, 0.000000000000000000 ) ) ;
#694 = CARTESIAN_POINT ( 'NONE',  ( 204.0000000000000000, 8.699999999999999289, 0.000000000000000000 ) ) ;
#695 = ORIENTED_EDGE ( 'NONE', *, *, #8926, .F. ) ;
#696 = AXIS2_PLACEMENT_3D ( 'NONE', #5909, #7898, #7847 ) ;
#697 = CARTESIAN_POINT ( 'NONE',  ( -86.40000000000000568, -10.80000000000000071, 6.364617092752020255 ) ) ;
#698 = EDGE_CURVE ( 'NONE', #2386, #1928, #6455, .T. ) ;
#699 = FACE_OUTER_BOUND ( 'NONE', #6248, .T. ) ;
#700 = ORIENTED_EDGE ( 'NONE', *, *, #8113, .T. ) ;
#701 = ORIENTED_EDGE ( 'NONE', *, *, #2925, .F. ) ;
#702 = FACE_OUTER_BOUND ( 'NONE', #5710, .T. ) ;
#703 = DIRECTION ( 'NONE',  ( -0.8615268990046549558, 5.417265015047519480E-16, -0.5077119284509898911 ) ) ;
#704 = ORIENTED_EDGE ( 'NONE', *, *, #891, .T. ) ;
#705 = LINE ( 'NONE', #7824, #4480 ) ;
#706 = ORIENTED_EDGE ( 'NONE', *, *, #6070, .F. ) ;
#707 = EDGE_CURVE ( 'NONE', #3719, #5398, #1462, .T. ) ;
#708 = CARTESIAN_POINT ( 'NONE',  ( 87.41669302207439785, 10.80000000000000071, 6.364617092752020255 ) ) ;
#709 = LINE ( 'NONE', #6185, #2472 ) ;
#710 = DIRECTION ( 'NONE',  ( -1.000000000000000000, 4.113205965202469727E-32, -3.854941057726239700E-17 ) ) ;
#711 = VERTEX_POINT ( 'NONE', #251 ) ;
#712 = FACE_OUTER_BOUND ( 'NONE', #713, .T. ) ;
#713 = EDGE_LOOP ( 'NONE', ( #7039, #773, #3027, #5678 ) ) ;
#714 = AXIS2_PLACEMENT_3D ( 'NONE', #1321, #1363, #1458 ) ;
#715 = ADVANCED_FACE ( 'NONE', ( #4227 ), #2388, .T. ) ;
#716 = DIRECTION ( 'NONE',  ( 0.000000000000000000, 1.000000000000000000, 0.000000000000000000 ) ) ;
#717 = DIRECTION ( 'NONE',  ( 0.000000000000000000, 1.000000000000000000, 0.000000000000000000 ) ) ;
#718 = CARTESIAN_POINT ( 'NONE',  ( 0.000000000000000000, 10.80000000000000071, -9.364617092752020255 ) ) ;
#719 = LINE ( 'NONE', #627, #3545 ) ;
#720 = VERTEX_POINT ( 'NONE', #7171 ) ;
#721 = DIRECTION ( 'NONE',  ( -3.854941057726239700E-17, 0.000000000000000000, 1.000000000000000000 ) ) ;
#722 = VECTOR ( 'NONE', #8289, 1000.000000000000000 ) ;
#723 = PRODUCT_DEFINITION ( 'UNKNOWN', '', #2238, #822 ) ;
#724 = CARTESIAN_POINT ( 'NONE',  ( -28.14531752974910006, 10.80000000000000071, -6.364617092752020255 ) ) ;
#725 = VECTOR ( 'NONE', #6677, 1000.000000000000000 ) ;
#726 = DIRECTION ( 'NONE',  ( 1.000000000000000000, 0.000000000000000000, 0.000000000000000000 ) ) ;
#727 = EDGE_LOOP ( 'NONE', ( #3601, #8023, #5136 ) ) ;
#728 = CARTESIAN_POINT ( 'NONE',  ( 52.27504693368549482, 10.80000000000000071, 0.000000000000000000 ) ) ;
#729 = LINE ( 'NONE', #8330, #84 ) ;
#730 = EDGE_LOOP ( 'NONE', ( #2767, #8425, #4103, #8174 ) ) ;
#731 = DIRECTION ( 'NONE',  ( -0.4832260289231208317, 1.012495219489879800E-15, -0.8754956338961327189 ) ) ;
#732 = EDGE_CURVE ( 'NONE', #2984, #8287, #977, .T. ) ;
#733 = DIRECTION ( 'NONE',  ( 1.000000000000000000, 0.000000000000000000, 0.000000000000000000 ) ) ;
#734 = ORIENTED_EDGE ( 'NONE', *, *, #1512, .T. ) ;
#735 = CIRCLE ( 'NONE', #4790, 9.900000000000000355 ) ;
#737 = EDGE_CURVE ( 'NONE', #2620, #4895, #3796, .T. ) ;
#736 = LINE ( 'NONE', #3421, #7584 ) ;
#738 = DIRECTION ( 'NONE',  ( -1.000000000000000000, 0.000000000000000000, 0.000000000000000000 ) ) ;
#739 = CARTESIAN_POINT ( 'NONE',  ( -33.91411739291199723, -10.80000000000000071, -6.364617092752020255 ) ) ;
#740 = ORIENTED_EDGE ( 'NONE', *, *, #3166, .F. ) ;
#741 = FACE_OUTER_BOUND ( 'NONE', #2298, .T. ) ;
#742 = VECTOR ( 'NONE', #3481, 1000.000000000000000 ) ;
#743 = EDGE_CURVE ( 'NONE', #2241, #1908, #3841, .T. ) ;
#744 = DIRECTION ( 'NONE',  ( -0.4999999999999998890, 0.000000000000000000, -0.8660254037844387076 ) ) ;
#745 = ORIENTED_EDGE ( 'NONE', *, *, #4376, .F. ) ;
#746 = LINE ( 'NONE', #8939, #5188 ) ;
#747 = LINE ( 'NONE', #3519, #3265 ) ;
#748 = ORIENTED_EDGE ( 'NONE', *, *, #7820, .F. ) ;
#749 = ORIENTED_EDGE ( 'NONE', *, *, #8711, .F. ) ;
#750 = DIRECTION ( 'NONE',  ( 5.233102047361820167E-16, -1.066995812285799955E-15, 1.000000000000000000 ) ) ;
#751 = DIRECTION ( 'NONE',  ( 0.000000000000000000, -1.000000000000000000, -1.156482317317869950E-15 ) ) ;
#752 = PLANE ( 'NONE',  #1106 ) ;
#753 = VERTEX_POINT ( 'NONE', #2659 ) ;
#754 = FACE_BOUND ( 'NONE', #1690, .T. ) ;
#755 = ORIENTED_EDGE ( 'NONE', *, *, #7193, .F. ) ;
#756 = ADVANCED_FACE ( 'NONE', ( #1894 ), #7394, .T. ) ;
#757 = LINE ( 'NONE', #5468, #3899 ) ;
#758 = AXIS2_PLACEMENT_3D ( 'NONE', #7975, #421, #6670 ) ;
#759 = CARTESIAN_POINT ( 'NONE',  ( 86.40000000000000568, -10.80000000000000071, 6.364617092752020255 ) ) ;
#760 = DIRECTION ( 'NONE',  ( -6.051989982493890326E-31, 1.000000000000000000, 0.000000000000000000 ) ) ;
#761 = DIRECTION ( 'NONE',  ( 0.000000000000000000, 1.156482317317869950E-15, -1.000000000000000000 ) ) ;
#762 = ORIENTED_EDGE ( 'NONE', *, *, #6416, .T. ) ;
#763 = CARTESIAN_POINT ( 'NONE',  ( 6.000000000000000000, 0.000000000000000000, -15.59999999999999964 ) ) ;
#764 = ADVANCED_FACE ( 'NONE', ( #430 ), #5326, .T. ) ;
#765 = LINE ( 'NONE', #3400, #7419 ) ;
#766 = PLANE ( 'NONE',  #367 ) ;
#767 = ORIENTED_EDGE ( 'NONE', *, *, #6930, .T. ) ;
#768 = LINE ( 'NONE', #5614, #1312 ) ;
#769 = DIRECTION ( 'NONE',  ( -0.8051314262087321261, 0.000000000000000000, 0.5930964394861030220 ) ) ;
#770 = EDGE_LOOP ( 'NONE', ( #4111, #3702, #3431, #1960 ) ) ;
#771 = CARTESIAN_POINT ( 'NONE',  ( -52.27504693368549482, 10.80000000000000071, 9.364617092752020255 ) ) ;
#772 = DIRECTION ( 'NONE',  ( 0.000000000000000000, 1.000000000000000000, 0.000000000000000000 ) ) ;
#773 = ORIENTED_EDGE ( 'NONE', *, *, #7409, .F. ) ;
#774 = CARTESIAN_POINT ( 'NONE',  ( -87.90000000000000568, -7.200000000000000178, 6.364617092752020255 ) ) ;
#775 = DIRECTION ( 'NONE',  ( -1.000000000000000000, 0.000000000000000000, 0.000000000000000000 ) ) ;
#776 = EDGE_CURVE ( 'NONE', #8080, #2602, #3978, .T. ) ;
#777 = DIRECTION ( 'NONE',  ( 0.000000000000000000, 1.000000000000000000, 0.000000000000000000 ) ) ;
#778 = ORIENTED_EDGE ( 'NONE', *, *, #1720, .T. ) ;
#779 = PLANE ( 'NONE',  #2253 ) ;
#780 = DIRECTION ( 'NONE',  ( -1.000000000000000000, 0.000000000000000000, 3.854941057726239700E-17 ) ) ;
#781 = VECTOR ( 'NONE', #2002, 1000.000000000000227 ) ;
#782 = ADVANCED_FACE ( 'NONE', ( #1206 ), #5953, .T. ) ;
#783 = DIRECTION ( 'NONE',  ( 0.000000000000000000, 1.000000000000000000, 0.000000000000000000 ) ) ;
#784 = ORIENTED_EDGE ( 'NONE', *, *, #5213, .F. ) ;
#785 = ADVANCED_FACE ( 'NONE', ( #1939 ), #5907, .F. ) ;
#786 = VECTOR ( 'NONE', #2865, 1000.000000000000114 ) ;
#787 = DIRECTION ( 'NONE',  ( 0.000000000000000000, 1.000000000000000000, 0.000000000000000000 ) ) ;
#788 = EDGE_CURVE ( 'NONE', #7, #3058, #4028, .T. ) ;
#789 = PLANE ( 'NONE',  #1668 ) ;
#790 = ORIENTED_EDGE ( 'NONE', *, *, #8504, .F. ) ;
#791 = VERTEX_POINT ( 'NONE', #6770 ) ;
#792 = VECTOR ( 'NONE', #8355, 1000.000000000000000 ) ;
#793 = VECTOR ( 'NONE', #180, 1000.000000000000000 ) ;
#794 = LINE ( 'NONE', #2885, #2049 ) ;
#795 = DIRECTION ( 'NONE',  ( -3.854941057726239700E-17, -1.156482317317869950E-15, 1.000000000000000000 ) ) ;
#796 = CARTESIAN_POINT ( 'NONE',  ( 19.14115427318799689, -10.80000000000000071, -32.45884572681200098 ) ) ;
#797 = VECTOR ( 'NONE', #6559, 1000.000000000000000 ) ;
#798 = ORIENTED_EDGE ( 'NONE', *, *, #6692, .T. ) ;
#799 = EDGE_CURVE ( 'NONE', #2454, #8603, #577, .T. ) ;
#800 = CARTESIAN_POINT ( 'NONE',  ( -195.0000000000000000, -10.80000000000000071, 12.59999999999999964 ) ) ;
#801 = ORIENTED_EDGE ( 'NONE', *, *, #6986, .F. ) ;
#802 = CARTESIAN_POINT ( 'NONE',  ( -91.00124731453560400, -10.80000000000000071, -24.68379655073734824 ) ) ;
#803 = VECTOR ( 'NONE', #6386, 1000.000000000000000 ) ;
#804 = VECTOR ( 'NONE', #7482, 1000.000000000000000 ) ;
#805 = PLANE ( 'NONE',  #3111 ) ;
#806 = DIRECTION ( 'NONE',  ( 0.000000000000000000, -1.000000000000000000, -1.156482317317869950E-15 ) ) ;
#807 = LINE ( 'NONE', #8361, #7002 ) ;
#808 = EDGE_CURVE ( 'NONE', #1530, #8865, #8124, .T. ) ;
#809 = EDGE_LOOP ( 'NONE', ( #8776, #6178, #3316, #8145 ) ) ;
#810 = DIRECTION ( 'NONE',  ( -5.233102047361820167E-16, 0.000000000000000000, 1.000000000000000000 ) ) ;
#811 = AXIS2_PLACEMENT_3D ( 'NONE', #1404, #4253, #4336 ) ;
#812 = AXIS2_PLACEMENT_3D ( 'NONE', #2638, #7551, #3364 ) ;
#813 =( NAMED_UNIT ( * ) PLANE_ANGLE_UNIT ( ) SI_UNIT ( $, .RADIAN. ) );
#815 = EDGE_CURVE ( 'NONE', #4027, #2890, #6632, .T. ) ;
#814 = CARTESIAN_POINT ( 'NONE',  ( 3.000000000000000000, 10.80000000000000071, -2.544656877271950002 ) ) ;
#816 = ORIENTED_EDGE ( 'NONE', *, *, #2665, .F. ) ;
#817 = CARTESIAN_POINT ( 'NONE',  ( 21.05468247025099870, 10.80000000000000071, -6.364617092752020255 ) ) ;
#818 = ORIENTED_EDGE ( 'NONE', *, *, #4154, .T. ) ;
#819 = CARTESIAN_POINT ( 'NONE',  ( 30.14589468389949900, -10.80000000000000071, 6.364617092752020255 ) ) ;
#820 = VERTEX_POINT ( 'NONE', #8662 ) ;
#821 = VECTOR ( 'NONE', #7888, 1000.000000000000000 ) ;
#822 = PRODUCT_DEFINITION_CONTEXT ( 'detailed design', #8834, 'design' ) ;
#824 = ADVANCED_FACE ( 'NONE', ( #3343 ), #1850, .T. ) ;
#823 = LINE ( 'NONE', #8548, #1813 ) ;
#825 = FACE_OUTER_BOUND ( 'NONE', #1713, .T. ) ;
#826 = CARTESIAN_POINT ( 'NONE',  ( -12.58967690125044037, -1.165734175856412001E-14, 2.250000000000000000 ) ) ;
#827 = ORIENTED_EDGE ( 'NONE', *, *, #4351, .F. ) ;
#828 = CARTESIAN_POINT ( 'NONE',  ( 111.5006577437166015, -10.80000000000000071, -32.24315210870904735 ) ) ;
#829 = CARTESIAN_POINT ( 'NONE',  ( -73.46147367097499625, -10.80000000000000071, 3.042492089611700035 ) ) ;
#830 = EDGE_LOOP ( 'NONE', ( #7330, #3994, #748, #8291 ) ) ;
#831 = EDGE_CURVE ( 'NONE', #3356, #8584, #3245, .T. ) ;
#832 = FACE_BOUND ( 'NONE', #835, .T. ) ;
#833 = CARTESIAN_POINT ( 'NONE',  ( -23.09999999999999787, 7.200000000000000178, 6.364617092752020255 ) ) ;
#834 = CARTESIAN_POINT ( 'NONE',  ( -147.6600000000000250, -10.80000000000000071, 6.364617092752020255 ) ) ;
#835 = EDGE_LOOP ( 'NONE', ( #6606, #7823, #8674 ) ) ;
#836 = VERTEX_POINT ( 'NONE', #8034 ) ;
#837 = DIRECTION ( 'NONE',  ( -1.000000000000000000, 0.000000000000000000, 0.000000000000000000 ) ) ;
#838 = CARTESIAN_POINT ( 'NONE',  ( 164.9399999999999977, -7.200000000000000178, -6.364617092752020255 ) ) ;
#839 = ORIENTED_EDGE ( 'NONE', *, *, #1073, .F. ) ;
#840 = EDGE_CURVE ( 'NONE', #7771, #7571, #8759, .T. ) ;
#841 = LINE ( 'NONE', #71, #202 ) ;
#842 = EDGE_CURVE ( 'NONE', #7939, #5720, #1158, .T. ) ;
#843 = ORIENTED_EDGE ( 'NONE', *, *, #3985, .F. ) ;
#844 = LINE ( 'NONE', #3706, #988 ) ;
#845 = LINE ( 'NONE', #4294, #8004 ) ;
#846 = CARTESIAN_POINT ( 'NONE',  ( 86.44211672205119612, -10.80000000000000071, -32.21590926903075314 ) ) ;
#847 = EDGE_CURVE ( 'NONE', #8957, #7544, #2165, .T. ) ;
#848 = CARTESIAN_POINT ( 'NONE',  ( -15.10500000000000043, -0.8000000000000003775, -3.899999999999999911 ) ) ;
#849 = ORIENTED_EDGE ( 'NONE', *, *, #4340, .F. ) ;
#850 = PLANE ( 'NONE',  #5169 ) ;
#851 = VECTOR ( 'NONE', #5831, 1000.000000000000000 ) ;
#852 = LINE ( 'NONE', #814, #1976 ) ;
#853 = EDGE_LOOP ( 'NONE', ( #942, #8269, #5586 ) ) ;
#854 = DIRECTION ( 'NONE',  ( 0.000000000000000000, -1.000000000000000000, 0.000000000000000000 ) ) ;
#855 = EDGE_LOOP ( 'NONE', ( #2797, #3417, #2704, #4388 ) ) ;
#856 = VECTOR ( 'NONE', #6946, 1000.000000000000000 ) ;
#857 = CARTESIAN_POINT ( 'NONE',  ( -91.52132034355979329, -10.80000000000000071, 12.59999999999999964 ) ) ;
#858 = CARTESIAN_POINT ( 'NONE',  ( -73.46147367097499625, -10.80000000000000071, -6.364617092752079763 ) ) ;
#859 = VERTEX_POINT ( 'NONE', #3522 ) ;
#860 = AXIS2_PLACEMENT_3D ( 'NONE', #8318, #4295, #3530 ) ;
#861 = EDGE_CURVE ( 'NONE', #1441, #8016, #6228, .T. ) ;
#862 = CARTESIAN_POINT ( 'NONE',  ( 117.5999999999999943, -10.80000000000000071, -9.364617092752078875 ) ) ;
#863 = CARTESIAN_POINT ( 'NONE',  ( 31.64589468389949900, -7.200000000000000178, -6.364617092752020255 ) ) ;
#864 = DIRECTION ( 'NONE',  ( 0.000000000000000000, 0.000000000000000000, -1.000000000000000000 ) ) ;
#865 = FACE_OUTER_BOUND ( 'NONE', #1354, .T. ) ;
#866 = ORIENTED_EDGE ( 'NONE', *, *, #4120, .T. ) ;
#867 = CARTESIAN_POINT ( 'NONE',  ( -102.0000000000000000, -6.000000000000000000, 1.665334536937735008E-15 ) ) ;
#868 = LINE ( 'NONE', #5037, #6224 ) ;
#869 = AXIS2_PLACEMENT_3D ( 'NONE', #1014, #837, #3610 ) ;
#870 = CARTESIAN_POINT ( 'NONE',  ( -77.10030432623400998, -10.80000000000000071, 6.364617092752020255 ) ) ;
#871 = ORIENTED_EDGE ( 'NONE', *, *, #6967, .T. ) ;
#872 = EDGE_CURVE ( 'NONE', #5640, #7925, #4244, .T. ) ;
#873 = DIRECTION ( 'NONE',  ( 0.000000000000000000, 0.000000000000000000, -1.000000000000000000 ) ) ;
#874 = VECTOR ( 'NONE', #6134, 1000.000000000000114 ) ;
#875 = CARTESIAN_POINT ( 'NONE',  ( 85.76116934474099196, -10.80000000000000071, -6.364617092752079763 ) ) ;
#876 = EDGE_LOOP ( 'NONE', ( #2660, #6845, #3582, #6805 ) ) ;
#877 = EDGE_CURVE ( 'NONE', #4145, #8500, #2798, .T. ) ;
#878 = ORIENTED_EDGE ( 'NONE', *, *, #6321, .F. ) ;
#879 = LINE ( 'NONE', #5676, #6505 ) ;
#880 = SURFACE_SIDE_STYLE ('',( #1650 ) ) ;
#881 = ORIENTED_EDGE ( 'NONE', *, *, #5087, .F. ) ;
#882 = CARTESIAN_POINT ( 'NONE',  ( 44.58442101292464343, -7.200000000000000178, 6.364617092752020255 ) ) ;
#883 = ORIENTED_EDGE ( 'NONE', *, *, #8794, .F. ) ;
#884 = AXIS2_PLACEMENT_3D ( 'NONE', #2477, #1797, #7306 ) ;
#885 = DIRECTION ( 'NONE',  ( -1.000000000000000000, 0.000000000000000000, 0.000000000000000000 ) ) ;
#886 = LINE ( 'NONE', #8531, #4406 ) ;
#887 = CARTESIAN_POINT ( 'NONE',  ( -48.35264372193709903, -10.80000000000000071, 6.364617092752020255 ) ) ;
#888 = EDGE_CURVE ( 'NONE', #7571, #564, #2712, .T. ) ;
#889 = EDGE_LOOP ( 'NONE', ( #5881, #1509, #528 ) ) ;
#890 = DIRECTION ( 'NONE',  ( -2.075007502312799731E-16, 0.000000000000000000, 1.000000000000000000 ) ) ;
#891 = EDGE_CURVE ( 'NONE', #7477, #6996, #8264, .T. ) ;
#892 = EDGE_CURVE ( 'NONE', #4434, #1981, #1342, .T. ) ;
#893 = CARTESIAN_POINT ( 'NONE',  ( 86.40000000000000568, -7.705048770837778628E-16, 15.59999999999974918 ) ) ;
#894 = FACE_OUTER_BOUND ( 'NONE', #1651, .T. ) ;
#895 = ORIENTED_EDGE ( 'NONE', *, *, #877, .T. ) ;
#896 = ADVANCED_FACE ( 'NONE', ( #1483 ), #4825, .F. ) ;
#897 = LINE ( 'NONE', #8499, #1806 ) ;
#898 = ORIENTED_EDGE ( 'NONE', *, *, #3006, .T. ) ;
#899 = CARTESIAN_POINT ( 'NONE',  ( 74.68917581270218875, -10.80000000000000071, 29.43214453085769833 ) ) ;
#900 = FACE_OUTER_BOUND ( 'NONE', #5779, .T. ) ;
#901 = ORIENTED_EDGE ( 'NONE', *, *, #3660, .F. ) ;
#902 = LINE ( 'NONE', #137, #8735 ) ;
#903 = DIRECTION ( 'NONE',  ( -2.368081386566879965E-16, 0.000000000000000000, 1.000000000000000000 ) ) ;
#904 = VERTEX_POINT ( 'NONE', #2754 ) ;
#905 = CARTESIAN_POINT ( 'NONE',  ( -154.8750469336854962, 10.80000000000000071, -4.651301866581550648 ) ) ;
#906 = DIRECTION ( 'NONE',  ( -0.7501120765757856024, 0.000000000000000000, 0.6613107231666237595 ) ) ;
#907 = ORIENTED_EDGE ( 'NONE', *, *, #3911, .T. ) ;
#908 = CARTESIAN_POINT ( 'NONE',  ( 0.000000000000000000, 0.000000000000000000, -36.00000000000000000 ) ) ;
#909 = DIRECTION ( 'NONE',  ( 0.000000000000000000, 1.000000000000000000, 0.000000000000000000 ) ) ;
#910 = EDGE_CURVE ( 'NONE', #2888, #5252, #66, .T. ) ;
#911 = CARTESIAN_POINT ( 'NONE',  ( -182.2199999999999989, -7.200000000000000178, 6.364617092752020255 ) ) ;
#912 = VERTEX_POINT ( 'NONE', #2124 ) ;
#913 = FACE_BOUND ( 'NONE', #1620, .T. ) ;
#914 = DIRECTION ( 'NONE',  ( -1.000000000000000000, 0.000000000000000000, 0.000000000000000000 ) ) ;
#915 = EDGE_LOOP ( 'NONE', ( #3133, #1626, #8845, #377 ) ) ;
#916 = AXIS2_PLACEMENT_3D ( 'NONE', #3675, #6508, #3081 ) ;
#917 = EDGE_CURVE ( 'NONE', #1904, #4813, #6812, .T. ) ;
#918 = VERTEX_POINT ( 'NONE', #8901 ) ;
#919 = CARTESIAN_POINT ( 'NONE',  ( 26.10000000000000142, 10.80000000000000071, -3.391328741992555074 ) ) ;
#920 = PLANE ( 'NONE',  #3921 ) ;
#921 = PRESENTATION_STYLE_ASSIGNMENT (( #7796 ) ) ;
#922 = EDGE_LOOP ( 'NONE', ( #8915, #4118, #555, #5992 ) ) ;
#923 = CARTESIAN_POINT ( 'NONE',  ( 87.90000000000000568, -7.200000000000000178, 6.364617092752020255 ) ) ;
#924 = ORIENTED_EDGE ( 'NONE', *, *, #3289, .F. ) ;
#925 = VECTOR ( 'NONE', #2422, 1000.000000000000000 ) ;
#926 = DIRECTION ( 'NONE',  ( 0.000000000000000000, 0.000000000000000000, 1.000000000000000000 ) ) ;
#927 = DIRECTION ( 'NONE',  ( -1.000000000000000000, 0.000000000000000000, 3.854941057726239700E-17 ) ) ;
#928 = LINE ( 'NONE', #3023, #4060 ) ;
#929 = AXIS2_PLACEMENT_3D ( 'NONE', #7363, #3945, #544 ) ;
#930 = VECTOR ( 'NONE', #7322, 1000.000000000000000 ) ;
#931 = VECTOR ( 'NONE', #999, 1000.000000000000000 ) ;
#932 = CARTESIAN_POINT ( 'NONE',  ( -6.545317529749079988, 10.80000000000000071, 6.364617092752020255 ) ) ;
#933 = ORIENTED_EDGE ( 'NONE', *, *, #1184, .F. ) ;
#934 = DIRECTION ( 'NONE',  ( 1.000000000000000000, 0.000000000000000000, 0.000000000000000000 ) ) ;
#935 = ORIENTED_EDGE ( 'NONE', *, *, #2855, .F. ) ;
#936 = VECTOR ( 'NONE', #8645, 1000.000000000000000 ) ;
#937 = EDGE_CURVE ( 'NONE', #5376, #3941, #794, .T. ) ;
#938 = AXIS2_PLACEMENT_3D ( 'NONE', #8301, #2118, #4870 ) ;
#939 = AXIS2_PLACEMENT_3D ( 'NONE', #3939, #1945, #483 ) ;
#940 = FACE_OUTER_BOUND ( 'NONE', #5642, .T. ) ;
#941 = DIRECTION ( 'NONE',  ( 0.000000000000000000, 1.000000000000000000, 0.000000000000000000 ) ) ;
#942 = ORIENTED_EDGE ( 'NONE', *, *, #6639, .T. ) ;
#943 = EDGE_CURVE ( 'NONE', #4504, #1696, #3438, .T. ) ;
#944 = CARTESIAN_POINT ( 'NONE',  ( -89.39999999999999147, -7.200000000000000178, -12.59999999999999964 ) ) ;
#945 = ORIENTED_EDGE ( 'NONE', *, *, #1147, .T. ) ;
#946 = VECTOR ( 'NONE', #8813, 1000.000000000000000 ) ;
#947 = VECTOR ( 'NONE', #906, 1000.000000000000114 ) ;
#948 = VECTOR ( 'NONE', #783, 1000.000000000000000 ) ;
#949 = CARTESIAN_POINT ( 'NONE',  ( 182.2199999999999989, -7.200000000000000178, 6.364617092752020255 ) ) ;
#950 = ORIENTED_EDGE ( 'NONE', *, *, #840, .F. ) ;
#951 = ADVANCED_FACE ( 'NONE', ( #4874 ), #5461, .F. ) ;
#952 = CARTESIAN_POINT ( 'NONE',  ( -104.1213203435598018, -7.200000000000000178, 9.992007221626378887E-15 ) ) ;
#953 = LINE ( 'NONE', #3594, #8163 ) ;
#954 = ORIENTED_EDGE ( 'NONE', *, *, #3201, .F. ) ;
#955 = CARTESIAN_POINT ( 'NONE',  ( 46.08442101292460080, -7.200000000000000178, 8.364318266538479207 ) ) ;
#956 = DIRECTION ( 'NONE',  ( 1.000000000000000000, 0.000000000000000000, 9.472892701579828520E-18 ) ) ;
#957 = EDGE_LOOP ( 'NONE', ( #656, #3368, #7670, #6900 ) ) ;
#958 = EDGE_CURVE ( 'NONE', #3681, #521, #4113, .T. ) ;
#959 = DIRECTION ( 'NONE',  ( -1.000000000000000000, 0.000000000000000000, 0.000000000000000000 ) ) ;
#960 = CARTESIAN_POINT ( 'NONE',  ( -102.0000000000000000, -6.000000000000000000, -9.899999999999998579 ) ) ;
#961 = ORIENTED_EDGE ( 'NONE', *, *, #4720, .T. ) ;
#962 = FACE_OUTER_BOUND ( 'NONE', #809, .T. ) ;
#963 = CARTESIAN_POINT ( 'NONE',  ( -174.5654501729100048, -7.200000000000000178, -1.484009058298542127 ) ) ;
#964 = PLANE ( 'NONE',  #5275 ) ;
#965 = ORIENTED_EDGE ( 'NONE', *, *, #6070, .T. ) ;
#966 = ORIENTED_EDGE ( 'NONE', *, *, #3194, .T. ) ;
#967 = FACE_OUTER_BOUND ( 'NONE', #4234, .T. ) ;
#968 = CARTESIAN_POINT ( 'NONE',  ( 0.000000000000000000, 1.351735180736268092E-14, -15.59999999999999964 ) ) ;
#969 = CARTESIAN_POINT ( 'NONE',  ( -201.0000000000000000, -7.200000000000000178, 6.364617092752020255 ) ) ;
#970 = EDGE_LOOP ( 'NONE', ( #151, #3876, #2510, #8851 ) ) ;
#971 = ORIENTED_EDGE ( 'NONE', *, *, #8580, .F. ) ;
#972 = CARTESIAN_POINT ( 'NONE',  ( -46.19999999999999574, 7.200000000000000178, -6.364617092752020255 ) ) ;
#973 = EDGE_CURVE ( 'NONE', #5159, #7939, #8944, .T. ) ;
#974 = CARTESIAN_POINT ( 'NONE',  ( 65.18999999999999773, -10.80000000000000071, -6.364617092752079763 ) ) ;
#975 = FACE_OUTER_BOUND ( 'NONE', #4535, .T. ) ;
#976 = VECTOR ( 'NONE', #8796, 1000.000000000000114 ) ;
#977 = LINE ( 'NONE', #3751, #2479 ) ;
#978 = EDGE_LOOP ( 'NONE', ( #7201, #2627, #6740 ) ) ;
#979 = LINE ( 'NONE', #3117, #5869 ) ;
#980 = ORIENTED_EDGE ( 'NONE', *, *, #7231, .F. ) ;
#981 = ADVANCED_FACE ( 'NONE', ( #6315 ), #6268, .T. ) ;
#982 = DIRECTION ( 'NONE',  ( 0.000000000000000000, 0.000000000000000000, -1.000000000000000000 ) ) ;
#983 = DIRECTION ( 'NONE',  ( -0.5930964394861026889, 0.000000000000000000, 0.8051314262087325702 ) ) ;
#984 = EDGE_LOOP ( 'NONE', ( #6221, #7195, #6758, #4961 ) ) ;
#985 = DIRECTION ( 'NONE',  ( -1.000000000000000000, 0.000000000000000000, -7.709882115452469538E-17 ) ) ;
#986 = ORIENTED_EDGE ( 'NONE', *, *, #3870, .T. ) ;
#987 = EDGE_CURVE ( 'NONE', #4714, #6641, #4205, .T. ) ;
#988 = VECTOR ( 'NONE', #4373, 1000.000000000000000 ) ;
#989 = DIRECTION ( 'NONE',  ( -1.000000000000000000, 0.000000000000000000, 3.854941057726239700E-17 ) ) ;
#990 = VERTEX_POINT ( 'NONE', #7485 ) ;
#991 = AXIS2_PLACEMENT_3D ( 'NONE', #7963, #4529, #4626 ) ;
#992 = VECTOR ( 'NONE', #1889, 1000.000000000000114 ) ;
#993 = DIRECTION ( 'NONE',  ( 1.000000000000000000, 0.000000000000000000, 0.000000000000000000 ) ) ;
#994 = LINE ( 'NONE', #4082, #6560 ) ;
#995 = ORIENTED_EDGE ( 'NONE', *, *, #1731, .T. ) ;
#996 = FACE_OUTER_BOUND ( 'NONE', #1603, .T. ) ;
#997 = CARTESIAN_POINT ( 'NONE',  ( -89.39999999999999147, -10.80000000000000071, 10.47867965644037902 ) ) ;
#998 = ORIENTED_EDGE ( 'NONE', *, *, #6166, .T. ) ;
#1000 = EDGE_CURVE ( 'NONE', #2636, #2221, #2076, .T. ) ;
#999 = DIRECTION ( 'NONE',  ( -4.186481637889450612E-15, 1.066995812285799955E-15, -1.000000000000000000 ) ) ;
#1001 = FACE_OUTER_BOUND ( 'NONE', #8032, .T. ) ;
#1002 = CARTESIAN_POINT ( 'NONE',  ( 102.0000000000000000, -7.200000000000000178, -2.121320343559629951 ) ) ;
#1003 = EDGE_LOOP ( 'NONE', ( #6582, #433, #1728 ) ) ;
#1004 = VECTOR ( 'NONE', #775, 1000.000000000000000 ) ;
#1005 = CARTESIAN_POINT ( 'NONE',  ( 154.8750469336854962, 7.200000000000000178, 6.364617092752020255 ) ) ;
#1006 = EDGE_CURVE ( 'NONE', #4686, #1320, #1610, .T. ) ;
#1007 = FACE_OUTER_BOUND ( 'NONE', #7003, .T. ) ;
#1008 = DIRECTION ( 'NONE',  ( 0.000000000000000000, -0.8660254037844383745, -0.5000000000000003331 ) ) ;
#1009 = ORIENTED_EDGE ( 'NONE', *, *, #3488, .T. ) ;
#1010 = AXIS2_PLACEMENT_3D ( 'NONE', #6181, #8214, #3340 ) ;
#1011 = CARTESIAN_POINT ( 'NONE',  ( 15.10500000000000043, -0.8000000000000003775, -3.899999999999999911 ) ) ;
#1012 = EDGE_CURVE ( 'NONE', #1696, #4223, #3609, .T. ) ;
#1013 = VERTEX_POINT ( 'NONE', #7162 ) ;
#1014 = CARTESIAN_POINT ( 'NONE',  ( -204.0000000000000000, 0.000000000000000000, 0.000000000000000000 ) ) ;
#1015 = CARTESIAN_POINT ( 'NONE',  ( -15.70736835487440075, -10.80000000000000071, -4.500000000000000000 ) ) ;
#1016 = ORIENTED_EDGE ( 'NONE', *, *, #2761, .T. ) ;
#1017 = VERTEX_POINT ( 'NONE', #919 ) ;
#1018 = CARTESIAN_POINT ( 'NONE',  ( -195.0000000000000000, -10.09951905283836027, -9.769039956158039217 ) ) ;
#1019 = CARTESIAN_POINT ( 'NONE',  ( -174.8333860441489946, 7.200000000000000178, 6.364617092752020255 ) ) ;
#1020 = PLANE ( 'NONE',  #136 ) ;
#1021 = DIRECTION ( 'NONE',  ( 0.8615268990046556219, -5.417265015047506661E-16, 0.5077119284509886699 ) ) ;
#1022 = EDGE_LOOP ( 'NONE', ( #6485, #1052, #5472, #6251 ) ) ;
#1023 = AXIS2_PLACEMENT_3D ( 'NONE', #7532, #5504, #6856 ) ;
#1024 = CARTESIAN_POINT ( 'NONE',  ( 182.2199999999999989, -7.200000000000000178, -3.396598976154979965 ) ) ;
#1025 = ORIENTED_EDGE ( 'NONE', *, *, #5199, .F. ) ;
#1026 = ADVANCED_FACE ( 'NONE', ( #967 ), #8393, .F. ) ;
#1027 = DIRECTION ( 'NONE',  ( -3.854941057726239700E-17, 0.000000000000000000, 1.000000000000000000 ) ) ;
#1028 = DIRECTION ( 'NONE',  ( 1.000000000000000000, 0.000000000000000000, -7.709882115452469538E-17 ) ) ;
#1029 = ORIENTED_EDGE ( 'NONE', *, *, #1697, .F. ) ;
#1030 = CARTESIAN_POINT ( 'NONE',  ( 33.14589468389949900, -10.80000000000000071, -3.042492089611705364 ) ) ;
#1031 = EDGE_LOOP ( 'NONE', ( #1167, #6076, #5152 ) ) ;
#1032 = EDGE_CURVE ( 'NONE', #5529, #8117, #6487, .T. ) ;
#1033 = DIRECTION ( 'NONE',  ( 0.000000000000000000, 0.8660254037844387076, -0.4999999999999998890 ) ) ;
#1034 = ORIENTED_EDGE ( 'NONE', *, *, #1892, .F. ) ;
#1035 = DIRECTION ( 'NONE',  ( 0.5930964394861031330, 0.000000000000000000, -0.8051314262087322371 ) ) ;
#1036 = LINE ( 'NONE', #8635, #2678 ) ;
#1037 = EDGE_LOOP ( 'NONE', ( #6899, #4167, #550, #4230 ) ) ;
#1038 = CARTESIAN_POINT ( 'NONE',  ( 86.40000000000000568, -10.80000000000000071, -2.784647752018639899 ) ) ;
#1039 = DIRECTION ( 'NONE',  ( -2.093240818944730039E-15, -1.066995812285799955E-15, 1.000000000000000000 ) ) ;
#1040 = ORIENTED_EDGE ( 'NONE', *, *, #3353, .T. ) ;
#1041 = CARTESIAN_POINT ( 'NONE',  ( 104.1213203435598018, -10.80000000000000071, 9.992007221626378887E-15 ) ) ;
#1042 = PLANE ( 'NONE',  #4636 ) ;
#1043 = FACE_OUTER_BOUND ( 'NONE', #2389, .T. ) ;
#1044 = ORIENTED_EDGE ( 'NONE', *, *, #4754, .F. ) ;
#1045 = EDGE_CURVE ( 'NONE', #2651, #1441, #7703, .T. ) ;
#1046 = DIRECTION ( 'NONE',  ( 0.000000000000000000, 1.000000000000000000, 0.000000000000000000 ) ) ;
#1047 = CARTESIAN_POINT ( 'NONE',  ( -86.40000000000000568, -12.15499814951855839, -8.582308546376099301 ) ) ;
#1048 = CARTESIAN_POINT ( 'NONE',  ( 44.58442101292464343, -7.200000000000000178, 3.042492089611689821 ) ) ;
#1049 = VERTEX_POINT ( 'NONE', #8748 ) ;
#1050 = CARTESIAN_POINT ( 'NONE',  ( -45.76066017177979717, -10.80000000000000071, 12.59999999999999964 ) ) ;
#1051 = ADVANCED_FACE ( 'NONE', ( #5312 ), #563, .F. ) ;
#1052 = ORIENTED_EDGE ( 'NONE', *, *, #2503, .T. ) ;
#1053 = VERTEX_POINT ( 'NONE', #5123 ) ;
#1054 = VERTEX_POINT ( 'NONE', #1005 ) ;
#1055 = VERTEX_POINT ( 'NONE', #6479 ) ;
#1056 = EDGE_CURVE ( 'NONE', #2685, #1521, #5756, .T. ) ;
#1057 = CARTESIAN_POINT ( 'NONE',  ( -167.9399999999999977, -10.80000000000000071, 3.396598976154964866 ) ) ;
#1058 = DIRECTION ( 'NONE',  ( -3.854941057726239700E-17, 0.000000000000000000, -1.000000000000000000 ) ) ;
#1059 = DIRECTION ( 'NONE',  ( 1.000000000000000000, 0.000000000000000000, 0.000000000000000000 ) ) ;
#1060 = EDGE_CURVE ( 'NONE', #4470, #8648, #8516, .T. ) ;
#1061 = DIRECTION ( 'NONE',  ( 0.000000000000000000, 0.000000000000000000, -1.000000000000000000 ) ) ;
#1062 = ORIENTED_EDGE ( 'NONE', *, *, #5148, .T. ) ;
#1063 = FACE_OUTER_BOUND ( 'NONE', #5559, .T. ) ;
#1064 = AXIS2_PLACEMENT_3D ( 'NONE', #1952, #4711, #7952 ) ;
#1065 = LINE ( 'NONE', #3845, #7713 ) ;
#1066 = CARTESIAN_POINT ( 'NONE',  ( 3.000000000000000000, 7.200000000000000178, 6.364617092752020255 ) ) ;
#1067 = DIRECTION ( 'NONE',  ( -0.000000000000000000, 0.000000000000000000, 1.000000000000000000 ) ) ;
#1068 = AXIS2_PLACEMENT_3D ( 'NONE', #1529, #8311, #7669 ) ;
#1069 = VECTOR ( 'NONE', #248, 999.9999999999998863 ) ;
#1070 = VECTOR ( 'NONE', #7676, 1000.000000000000000 ) ;
#1071 = CARTESIAN_POINT ( 'NONE',  ( 73.62851564092200363, -10.80000000000000071, 26.25016401551824785 ) ) ;
#1072 = ORIENTED_EDGE ( 'NONE', *, *, #366, .T. ) ;
#1073 = EDGE_CURVE ( 'NONE', #266, #6985, #2329, .T. ) ;
#1074 = FACE_OUTER_BOUND ( 'NONE', #4998, .T. ) ;
#1075 = ORIENTED_EDGE ( 'NONE', *, *, #7050, .F. ) ;
#1076 = VECTOR ( 'NONE', #1923, 1000.000000000000227 ) ;
#1077 = AXIS2_PLACEMENT_3D ( 'NONE', #463, #2647, #3233 ) ;
#1078 = CARTESIAN_POINT ( 'NONE',  ( -31.94413776380699943, -7.200000000000000178, -8.101382429332140589 ) ) ;
#1079 = VECTOR ( 'NONE', #213, 1000.000000000000000 ) ;
#1080 = LINE ( 'NONE', #4571, #1667 ) ;
#1081 = FACE_BOUND ( 'NONE', #2737, .T. ) ;
#1083 = ORIENTED_EDGE ( 'NONE', *, *, #408, .F. ) ;
#1082 = AXIS2_PLACEMENT_3D ( 'NONE', #546, #1956, #8192 ) ;
#1084 = VECTOR ( 'NONE', #5204, 999.9999999999998863 ) ;
#1085 = EDGE_CURVE ( 'NONE', #8201, #5222, #1425, .T. ) ;
#1086 = DIRECTION ( 'NONE',  ( -0.7501120765757850473, 0.000000000000000000, -0.6613107231666242036 ) ) ;
#1087 = CARTESIAN_POINT ( 'NONE',  ( -15.70736835487440075, -0.8000000000000003775, 4.500000000000000000 ) ) ;
#1088 = ORIENTED_EDGE ( 'NONE', *, *, #109, .T. ) ;
#1089 = DIRECTION ( 'NONE',  ( 0.000000000000000000, -1.000000000000000000, -1.156482317317869950E-15 ) ) ;
#1090 = LINE ( 'NONE', #7328, #1317 ) ;
#1091 = CARTESIAN_POINT ( 'NONE',  ( 195.0000000000000000, -10.80000000000000071, 15.59999999999999964 ) ) ;
#1092 = ORIENTED_EDGE ( 'NONE', *, *, #6119, .F. ) ;
#1093 = VECTOR ( 'NONE', #94, 1000.000000000000000 ) ;
#1094 = VECTOR ( 'NONE', #5657, 1000.000000000000114 ) ;
#1095 = EDGE_CURVE ( 'NONE', #6399, #7606, #4404, .T. ) ;
#1096 = CARTESIAN_POINT ( 'NONE',  ( 26.07141775883129853, 10.80000000000000071, -7.586800234477740545 ) ) ;
#1097 = FACE_BOUND ( 'NONE', #7094, .T. ) ;
#1098 = CARTESIAN_POINT ( 'NONE',  ( -74.13214453085758748, -10.80000000000000071, -29.98917581270189814 ) ) ;
#1099 = EDGE_LOOP ( 'NONE', ( #8481, #3365, #3251 ) ) ;
#1100 = CARTESIAN_POINT ( 'NONE',  ( -62.79117005096220083, -10.80000000000000071, -6.364617092752020255 ) ) ;
#1101 = EDGE_LOOP ( 'NONE', ( #7079, #567, #706, #4479 ) ) ;
#1102 = EDGE_CURVE ( 'NONE', #8001, #4005, #237, .T. ) ;
#1103 = ORIENTED_EDGE ( 'NONE', *, *, #8140, .T. ) ;
#1104 = DIRECTION ( 'NONE',  ( 0.000000000000000000, 0.000000000000000000, 1.000000000000000000 ) ) ;
#1105 = EDGE_LOOP ( 'NONE', ( #5833, #6711, #5897, #7106 ) ) ;
#1106 = AXIS2_PLACEMENT_3D ( 'NONE', #2847, #2208, #5596 ) ;
#1107 = ORIENTED_EDGE ( 'NONE', *, *, #4797, .T. ) ;
#1108 = CARTESIAN_POINT ( 'NONE',  ( -114.5999999999999943, -7.200000000000000178, 12.59999999999999964 ) ) ;
#1109 = LINE ( 'NONE', #1984, #804 ) ;
#1110 = CARTESIAN_POINT ( 'NONE',  ( -167.9399999999999977, -10.80000000000000071, -6.364617092752020255 ) ) ;
#1111 = VERTEX_POINT ( 'NONE', #1642 ) ;
#1112 = ADVANCED_FACE ( 'NONE', ( #962 ), #3293, .F. ) ;
#1113 = EDGE_CURVE ( 'NONE', #912, #4840, #6673, .T. ) ;
#1114 = CARTESIAN_POINT ( 'NONE',  ( 28.27422054761770198, -10.80000000000000071, -11.33683974829530072 ) ) ;
#1115 = ORIENTED_EDGE ( 'NONE', *, *, #5296, .T. ) ;
#1116 = LINE ( 'NONE', #4786, #3137 ) ;
#1117 = ORIENTED_EDGE ( 'NONE', *, *, #2068, .F. ) ;
#1118 = DIRECTION ( 'NONE',  ( 0.000000000000000000, -1.000000000000000000, 0.000000000000000000 ) ) ;
#1119 = ADVANCED_FACE ( 'NONE', ( #2610 ), #5319, .T. ) ;
#1120 = PLANE ( 'NONE',  #7150 ) ;
#1121 = PLANE ( 'NONE',  #517 ) ;
#1122 = EDGE_LOOP ( 'NONE', ( #6600, #4079, #8178, #5686 ) ) ;
#1123 = DIRECTION ( 'NONE',  ( 0.000000000000000000, 1.000000000000000000, 0.000000000000000000 ) ) ;
#1124 = ORIENTED_EDGE ( 'NONE', *, *, #3382, .T. ) ;
#1125 = EDGE_CURVE ( 'NONE', #2007, #173, #1887, .T. ) ;
#1126 = ORIENTED_EDGE ( 'NONE', *, *, #1060, .T. ) ;
#1127 = PLANE ( 'NONE',  #3677 ) ;
#1128 = FACE_OUTER_BOUND ( 'NONE', #6334, .T. ) ;
#1129 = DIRECTION ( 'NONE',  ( 1.000000000000000000, 0.000000000000000000, 0.000000000000000000 ) ) ;
#1130 = ORIENTED_EDGE ( 'NONE', *, *, #8300, .T. ) ;
#1131 = DIRECTION ( 'NONE',  ( 0.000000000000000000, 1.000000000000000000, 0.000000000000000000 ) ) ;
#1132 = CARTESIAN_POINT ( 'NONE',  ( -144.0750469336853996, 3.000000000000000000, 0.000000000000000000 ) ) ;
#1133 = VERTEX_POINT ( 'NONE', #5369 ) ;
#1134 = DIRECTION ( 'NONE',  ( -1.000000000000000000, 0.000000000000000000, 9.472892701579828520E-18 ) ) ;
#1135 = DIRECTION ( 'NONE',  ( 0.000000000000000000, 0.000000000000000000, -1.000000000000000000 ) ) ;
#1136 = FACE_OUTER_BOUND ( 'NONE', #8420, .T. ) ;
#1137 = EDGE_LOOP ( 'NONE', ( #6470, #7490, #7454 ) ) ;
#1138 = EDGE_CURVE ( 'NONE', #3885, #6082, #1200, .T. ) ;
#1139 = VECTOR ( 'NONE', #2380, 1000.000000000000000 ) ;
#1140 = PLANE ( 'NONE',  #1969 ) ;
#1141 = LINE ( 'NONE', #7285, #3616 ) ;
#1142 = LINE ( 'NONE', #7969, #4280 ) ;
#1143 = ORIENTED_EDGE ( 'NONE', *, *, #1912, .T. ) ;
#1144 = DIRECTION ( 'NONE',  ( -1.000000000000000000, 0.000000000000000000, 2.018443830920939658E-16 ) ) ;
#1145 = ORIENTED_EDGE ( 'NONE', *, *, #394, .F. ) ;
#1146 = VECTOR ( 'NONE', #105, 1000.000000000000000 ) ;
#1147 = EDGE_CURVE ( 'NONE', #4813, #417, #4513, .T. ) ;
#1148 = ORIENTED_EDGE ( 'NONE', *, *, #3948, .T. ) ;
#1149 = CARTESIAN_POINT ( 'NONE',  ( -23.09999999999999787, 10.80000000000000071, -3.391328741992544860 ) ) ;
#1150 = ORIENTED_EDGE ( 'NONE', *, *, #2357, .T. ) ;
#1151 = VERTEX_POINT ( 'NONE', #2437 ) ;
#1152 = CARTESIAN_POINT ( 'NONE',  ( -73.46147367097499625, -10.80000000000000071, 3.042492089611700035 ) ) ;
#1153 = VECTOR ( 'NONE', #3728, 1000.000000000000000 ) ;
#1154 = DIRECTION ( 'NONE',  ( 1.000000000000000000, 0.000000000000000000, 3.854941057726239700E-17 ) ) ;
#1155 = DIRECTION ( 'NONE',  ( 0.000000000000000000, -1.000000000000000000, 0.000000000000000000 ) ) ;
#1156 = LINE ( 'NONE', #7391, #1454 ) ;
#1157 = ORIENTED_EDGE ( 'NONE', *, *, #8113, .F. ) ;
#1158 = LINE ( 'NONE', #3933, #4221 ) ;
#1159 = EDGE_LOOP ( 'NONE', ( #5238, #3249, #3480, #3521 ) ) ;
#1160 = DIRECTION ( 'NONE',  ( 0.000000000000000000, -1.000000000000000000, 0.000000000000000000 ) ) ;
#1161 = ORIENTED_EDGE ( 'NONE', *, *, #7028, .F. ) ;
#1162 = LINE ( 'NONE', #8948, #3690 ) ;
#1163 = AXIS2_PLACEMENT_3D ( 'NONE', #2207, #4206, #1437 ) ;
#1164 = FACE_OUTER_BOUND ( 'NONE', #7496, .T. ) ;
#1165 = EDGE_CURVE ( 'NONE', #4516, #2170, #5868, .T. ) ;
#1166 = CARTESIAN_POINT ( 'NONE',  ( -151.6890996541804952, -10.80000000000000071, -6.364617092752020255 ) ) ;
#1167 = ORIENTED_EDGE ( 'NONE', *, *, #8010, .F. ) ;
#1168 = LINE ( 'NONE', #5917, #2522 ) ;
#1169 = AXIS2_PLACEMENT_3D ( 'NONE', #1436, #6991, #2031 ) ;
#1170 = EDGE_LOOP ( 'NONE', ( #7399, #7182, #5727, #7279 ) ) ;
#1171 = ADVANCED_FACE ( 'NONE', ( #7945 ), #390, .T. ) ;
#1172 = VERTEX_POINT ( 'NONE', #7699 ) ;
#1173 = CARTESIAN_POINT ( 'NONE',  ( 117.5999999999999943, -7.200000000000000178, 6.364617092752020255 ) ) ;
#1174 = EDGE_CURVE ( 'NONE', #6473, #791, #7747, .T. ) ;
#1175 = DIRECTION ( 'NONE',  ( 1.000000000000000000, -2.420795992997559984E-30, 2.093240818944730039E-15 ) ) ;
#1176 = EDGE_CURVE ( 'NONE', #1053, #8041, #8427, .T. ) ;
#1177 = DIRECTION ( 'NONE',  ( -3.854941057726239700E-17, 0.000000000000000000, -1.000000000000000000 ) ) ;
#1178 = ORIENTED_EDGE ( 'NONE', *, *, #551, .F. ) ;
#1179 = PLANE ( 'NONE',  #7921 ) ;
#1180 = DIRECTION ( 'NONE',  ( 0.000000000000000000, 1.000000000000000000, 0.000000000000000000 ) ) ;
#1181 = VERTEX_POINT ( 'NONE', #833 ) ;
#1182 = CARTESIAN_POINT ( 'NONE',  ( -130.3799999999999955, -10.80000000000000071, 6.296014427081039422 ) ) ;
#1183 = LINE ( 'NONE', #8601, #3048 ) ;
#1184 = EDGE_CURVE ( 'NONE', #3376, #6763, #3603, .T. ) ;
#1185 = CARTESIAN_POINT ( 'NONE',  ( 157.9791843563795055, 10.80000000000000071, -6.364617092752020255 ) ) ;
#1186 = EDGE_LOOP ( 'NONE', ( #5570, #1245, #3080, #6090 ) ) ;
#1187 = AXIS2_PLACEMENT_3D ( 'NONE', #5221, #8160, #6039 ) ;
#1188 = CARTESIAN_POINT ( 'NONE',  ( -15.70736835487440075, -1.800000000000000044, 4.500000000000000000 ) ) ;
#1189 = FACE_BOUND ( 'NONE', #3179, .T. ) ;
#1190 = DIRECTION ( 'NONE',  ( -1.000000000000000000, 0.000000000000000000, 0.000000000000000000 ) ) ;
#1191 = VERTEX_POINT ( 'NONE', #6241 ) ;
#1192 = LINE ( 'NONE', #2466, #5425 ) ;
#1193 = ORIENTED_EDGE ( 'NONE', *, *, #5122, .F. ) ;
#1194 = EDGE_CURVE ( 'NONE', #23, #7443, #8322, .T. ) ;
#1195 = VECTOR ( 'NONE', #1464, 1000.000000000000000 ) ;
#1196 = ORIENTED_EDGE ( 'NONE', *, *, #1466, .F. ) ;
#1197 = DIRECTION ( 'NONE',  ( 1.000000000000000000, -6.051989982493890326E-31, 5.233102047361820167E-16 ) ) ;
#1198 = EDGE_LOOP ( 'NONE', ( #5812, #1640, #7569 ) ) ;
#1199 = ORIENTED_EDGE ( 'NONE', *, *, #5681, .T. ) ;
#1200 = LINE ( 'NONE', #6044, #976 ) ;
#1201 = EDGE_CURVE ( 'NONE', #2067, #465, #6919, .T. ) ;
#1202 = DIRECTION ( 'NONE',  ( 0.000000000000000000, -1.000000000000000000, -1.156482317317869950E-15 ) ) ;
#1203 = LINE ( 'NONE', #2517, #7586 ) ;
#1204 = LINE ( 'NONE', #8801, #6942 ) ;
#1205 = EDGE_LOOP ( 'NONE', ( #4518, #1062, #7475, #7429 ) ) ;
#1206 = FACE_OUTER_BOUND ( 'NONE', #5464, .T. ) ;
#1207 = ORIENTED_EDGE ( 'NONE', *, *, #5839, .F. ) ;
#1208 = CARTESIAN_POINT ( 'NONE',  ( 0.000000000000000000, -10.80000000000000071, -36.00000000000000000 ) ) ;
#1209 = EDGE_LOOP ( 'NONE', ( #6127, #695, #217 ) ) ;
#1210 = CARTESIAN_POINT ( 'NONE',  ( -86.40000000000000568, -10.80000000000000071, 6.364617092752020255 ) ) ;
#1211 = ORIENTED_EDGE ( 'NONE', *, *, #3166, .T. ) ;
#1212 = DIRECTION ( 'NONE',  ( 1.000000000000000000, 2.420795992997559984E-30, -2.093240818944730039E-15 ) ) ;
#1213 = DIRECTION ( 'NONE',  ( -1.962413267760685077E-15, -1.000000000000000000, 0.000000000000000000 ) ) ;
#1214 = EDGE_LOOP ( 'NONE', ( #4098, #5517, #1630, #7206 ) ) ;
#1215 = FACE_OUTER_BOUND ( 'NONE', #4309, .T. ) ;
#1216 = VERTEX_POINT ( 'NONE', #2860 ) ;
#1217 = VECTOR ( 'NONE', #6110, 1000.000000000000000 ) ;
#1218 = ORIENTED_EDGE ( 'NONE', *, *, #7509, .T. ) ;
#1219 = CARTESIAN_POINT ( 'NONE',  ( -1.500000000000000000, 10.80000000000000071, -6.364617092752020255 ) ) ;
#1220 = EDGE_CURVE ( 'NONE', #2869, #3269, #4886, .T. ) ;
#1221 = CARTESIAN_POINT ( 'NONE',  ( -46.19999999999999574, 7.200000000000000178, 4.275303338208099824 ) ) ;
#1222 = VECTOR ( 'NONE', #1627, 1000.000000000000000 ) ;
#1223 = ADVANCED_FACE ( 'NONE', ( #1496 ), #7593, .F. ) ;
#1224 = CARTESIAN_POINT ( 'NONE',  ( -117.5999999999999943, -10.80000000000000071, 15.59999999999999964 ) ) ;
#1225 = ORIENTED_EDGE ( 'NONE', *, *, #2265, .T. ) ;
#1226 = DIRECTION ( 'NONE',  ( 0.000000000000000000, 1.000000000000000000, 0.000000000000000000 ) ) ;
#1227 = FACE_OUTER_BOUND ( 'NONE', #2662, .T. ) ;
#1228 = ORIENTED_EDGE ( 'NONE', *, *, #5688, .F. ) ;
#1229 = AXIS2_PLACEMENT_3D ( 'NONE', #5011, #6956, #1487 ) ;
#1230 = CARTESIAN_POINT ( 'NONE',  ( -87.90000000000000568, -7.200000000000000178, 6.364617092752020255 ) ) ;
#1231 = VECTOR ( 'NONE', #717, 1000.000000000000000 ) ;
#1232 = DIRECTION ( 'NONE',  ( 1.000000000000000000, 0.000000000000000000, 2.018443830920939658E-16 ) ) ;
#1233 = VECTOR ( 'NONE', #5885, 1000.000000000000000 ) ;
#1234 = ADVANCED_FACE ( 'NONE', ( #4970 ), #5518, .T. ) ;
#1235 = LINE ( 'NONE', #1185, #8017 ) ;
#1236 = ORIENTED_EDGE ( 'NONE', *, *, #7875, .F. ) ;
#1237 = VECTOR ( 'NONE', #5879, 1000.000000000000000 ) ;
#1238 = CIRCLE ( 'NONE', #5423, 8.699999999999999289 ) ;
#1240 = ADVANCED_FACE ( 'NONE', ( #7718 ), #2089, .T. ) ;
#1239 = DIRECTION ( 'NONE',  ( 0.6278548892297277639, 0.000000000000000000, -0.7783304170275798795 ) ) ;
#1241 = DIRECTION ( 'NONE',  ( 1.000000000000000000, 1.348330351782639975E-31, -1.263669769138219873E-16 ) ) ;
#1242 = CARTESIAN_POINT ( 'NONE',  ( 117.5999999999999943, -10.80000000000000071, -3.227411761410004853 ) ) ;
#1243 = EDGE_LOOP ( 'NONE', ( #7906, #3441, #8609, #5855 ) ) ;
#1244 = CARTESIAN_POINT ( 'NONE',  ( 133.3799999999999955, -7.200000000000000178, -6.364617092752079763 ) ) ;
#1245 = ORIENTED_EDGE ( 'NONE', *, *, #3985, .T. ) ;
#1246 = AXIS2_PLACEMENT_3D ( 'NONE', #7768, #6545, #2530 ) ;
#1247 = VECTOR ( 'NONE', #43, 1000.000000000000000 ) ;
#1248 = ORIENTED_EDGE ( 'NONE', *, *, #7346, .F. ) ;
#1249 = CARTESIAN_POINT ( 'NONE',  ( -117.5999999999999943, -10.80000000000000071, -9.364617092752078875 ) ) ;
#1250 = VERTEX_POINT ( 'NONE', #124 ) ;
#1251 = VERTEX_POINT ( 'NONE', #37 ) ;
#1252 = LINE ( 'NONE', #3155, #1444 ) ;
#1253 = CARTESIAN_POINT ( 'NONE',  ( -18.70736835487440075, -10.80000000000000071, -6.364617092752020255 ) ) ;
#1254 = PLANE ( 'NONE',  #2317 ) ;
#1255 = EDGE_LOOP ( 'NONE', ( #2352, #5408, #5607, #3982 ) ) ;
#1256 = VECTOR ( 'NONE', #206, 1000.000000000000000 ) ;
#1257 = CARTESIAN_POINT ( 'NONE',  ( -129.4909129263288037, -10.80000000000000071, 6.364617092752020255 ) ) ;
#1258 = ORIENTED_EDGE ( 'NONE', *, *, #672, .T. ) ;
#1259 = DIRECTION ( 'NONE',  ( -1.000000000000000000, 0.000000000000000000, 3.854941057726239700E-17 ) ) ;
#1260 = ORIENTED_EDGE ( 'NONE', *, *, #5545, .F. ) ;
#1261 = DIRECTION ( 'NONE',  ( 0.000000000000000000, 1.000000000000000000, 0.000000000000000000 ) ) ;
#1262 = EDGE_LOOP ( 'NONE', ( #6748, #8520, #5848, #5649 ) ) ;
#1263 = ADVANCED_FACE ( 'NONE', ( #1409 ), #850, .T. ) ;
#1264 = CARTESIAN_POINT ( 'NONE',  ( 47.58442101292460080, -7.200000000000000178, -6.364617092752020255 ) ) ;
#1265 = DIRECTION ( 'NONE',  ( -2.018443830920939658E-16, 0.000000000000000000, 1.000000000000000000 ) ) ;
#1266 = FACE_OUTER_BOUND ( 'NONE', #6883, .T. ) ;
#1267 = EDGE_LOOP ( 'NONE', ( #5900, #2931, #3335, #5313 ) ) ;
#1268 = EDGE_LOOP ( 'NONE', ( #1633, #1829, #2535 ) ) ;
#1269 = DIRECTION ( 'NONE',  ( -1.000000000000000000, 4.113205965202469727E-32, -3.854941057726239700E-17 ) ) ;
#1270 = EDGE_CURVE ( 'NONE', #4390, #4483, #7635, .T. ) ;
#1271 = CARTESIAN_POINT ( 'NONE',  ( -45.28611852878830035, 7.200000000000000178, 7.915365510960418405 ) ) ;
#1272 = CARTESIAN_POINT ( 'NONE',  ( 163.9109003458194707, -7.200000000000000178, 6.364617092752020255 ) ) ;
#1273 = ORIENTED_EDGE ( 'NONE', *, *, #8702, .F. ) ;
#1274 = EDGE_CURVE ( 'NONE', #2717, #5692, #5018, .T. ) ;
#1275 = CARTESIAN_POINT ( 'NONE',  ( -18.70736835487440075, -10.80000000000000071, 1.499999999999988010 ) ) ;
#1276 = DIRECTION ( 'NONE',  ( 0.000000000000000000, 1.000000000000000000, 0.000000000000000000 ) ) ;
#1277 = ORIENTED_EDGE ( 'NONE', *, *, #2939, .F. ) ;
#1278 = DIRECTION ( 'NONE',  ( -7.081174480508299398E-16, 0.000000000000000000, 1.000000000000000000 ) ) ;
#1279 = VECTOR ( 'NONE', #7388, 1000.000000000000000 ) ;
#1280 = CARTESIAN_POINT ( 'NONE',  ( -31.01147367097489749, -10.80000000000000071, 6.364617092752020255 ) ) ;
#1281 = ORIENTED_EDGE ( 'NONE', *, *, #1648, .T. ) ;
#1282 = CARTESIAN_POINT ( 'NONE',  ( 31.64589468389949900, -7.200000000000000178, -6.364617092752020255 ) ) ;
#1283 = CARTESIAN_POINT ( 'NONE',  ( 15.70736835487440075, -1.800000000000000044, -4.500000000000000000 ) ) ;
#1284 = EDGE_CURVE ( 'NONE', #6182, #3058, #1539, .T. ) ;
#1285 = DIRECTION ( 'NONE',  ( -0.000000000000000000, 1.000000000000000000, 0.000000000000000000 ) ) ;
#1286 = ORIENTED_EDGE ( 'NONE', *, *, #5156, .F. ) ;
#1287 = CARTESIAN_POINT ( 'NONE',  ( 77.10030432623400998, -10.80000000000000071, 6.364617092752020255 ) ) ;
#1288 = ORIENTED_EDGE ( 'NONE', *, *, #2994, .T. ) ;
#1289 = VECTOR ( 'NONE', #6885, 1000.000000000000000 ) ;
#1290 = FACE_OUTER_BOUND ( 'NONE', #3118, .T. ) ;
#1291 = ORIENTED_EDGE ( 'NONE', *, *, #1503, .T. ) ;
#1292 = EDGE_CURVE ( 'NONE', #8815, #41, #2898, .T. ) ;
#1293 = ORIENTED_EDGE ( 'NONE', *, *, #2943, .F. ) ;
#1294 = CARTESIAN_POINT ( 'NONE',  ( 90.46066017177960816, -7.200000000000000178, 13.66066017177984016 ) ) ;
#1295 = EDGE_CURVE ( 'NONE', #8485, #6620, #3623, .T. ) ;
#1296 = DIRECTION ( 'NONE',  ( -1.000000000000000000, 0.000000000000000000, -7.709882115452469538E-17 ) ) ;
#1297 = PLANE ( 'NONE',  #8382 ) ;
#1298 = VECTOR ( 'NONE', #4726, 1000.000000000000000 ) ;
#1299 = ORIENTED_EDGE ( 'NONE', *, *, #2430, .F. ) ;
#1300 = DIRECTION ( 'NONE',  ( 0.000000000000000000, 1.000000000000000000, 0.000000000000000000 ) ) ;
#1301 = ORIENTED_EDGE ( 'NONE', *, *, #8223, .T. ) ;
#1302 = CARTESIAN_POINT ( 'NONE',  ( -112.4786796564402067, -10.80000000000000071, 12.59999999999999964 ) ) ;
#1303 = ORIENTED_EDGE ( 'NONE', *, *, #3338, .T. ) ;
#1304 = CARTESIAN_POINT ( 'NONE',  ( -15.10500000000000043, -0.8000000000000003775, 3.900000000000000355 ) ) ;
#1305 = ORIENTED_EDGE ( 'NONE', *, *, #6254, .F. ) ;
#1306 = VECTOR ( 'NONE', #7060, 1000.000000000000000 ) ;
#1307 = LINE ( 'NONE', #8225, #5198 ) ;
#1308 = LINE ( 'NONE', #4572, #930 ) ;
#1309 = DIRECTION ( 'NONE',  ( 1.000000000000000000, 0.000000000000000000, 2.018443830920939658E-16 ) ) ;
#1310 = DIRECTION ( 'NONE',  ( 1.000000000000000000, 0.000000000000000000, 2.018443830920939658E-16 ) ) ;
#1311 = VERTEX_POINT ( 'NONE', #763 ) ;
#1312 = VECTOR ( 'NONE', #3539, 1000.000000000000227 ) ;
#1313 = ADVANCED_FACE ( 'NONE', ( #6283 ), #6371, .T. ) ;
#1314 = ORIENTED_EDGE ( 'NONE', *, *, #7437, .F. ) ;
#1315 = CARTESIAN_POINT ( 'NONE',  ( 154.8750469336854962, 10.80000000000000071, -1.499999999999670042 ) ) ;
#1316 = DIRECTION ( 'NONE',  ( 0.000000000000000000, 0.000000000000000000, -1.000000000000000000 ) ) ;
#1317 = VECTOR ( 'NONE', #4625, 1000.000000000000000 ) ;
#1319 = EDGE_CURVE ( 'NONE', #1439, #8474, #2264, .T. ) ;
#1318 = PLANE ( 'NONE',  #8457 ) ;
#1320 = VERTEX_POINT ( 'NONE', #2179 ) ;
#1321 = CARTESIAN_POINT ( 'NONE',  ( 18.00000000000000000, 0.000000000000000000, -36.00000000000000000 ) ) ;
#1322 = DIRECTION ( 'NONE',  ( -1.000000000000000000, 0.000000000000000000, 0.000000000000000000 ) ) ;
#1323 = EDGE_LOOP ( 'NONE', ( #8760, #2486, #7624, #348 ) ) ;
#1324 = LINE ( 'NONE', #4096, #1605 ) ;
#1325 = VECTOR ( 'NONE', #5617, 1000.000000000000114 ) ;
#1326 = DIRECTION ( 'NONE',  ( 0.000000000000000000, 1.000000000000000000, 0.000000000000000000 ) ) ;
#1327 = ORIENTED_EDGE ( 'NONE', *, *, #6639, .F. ) ;
#1328 = FACE_OUTER_BOUND ( 'NONE', #876, .T. ) ;
#1329 = CARTESIAN_POINT ( 'NONE',  ( -78.98959217818980960, 10.80000000000000071, -6.364617092752020255 ) ) ;
#1330 = DIRECTION ( 'NONE',  ( 1.000000000000000000, 0.000000000000000000, 9.472892701579828520E-18 ) ) ;
#1331 = ORIENTED_EDGE ( 'NONE', *, *, #3377, .T. ) ;
#1332 = DIRECTION ( 'NONE',  ( 0.000000000000000000, -1.000000000000000000, 0.000000000000000000 ) ) ;
#1333 = CARTESIAN_POINT ( 'NONE',  ( 204.0000000000000000, 1.351735180736268092E-14, -15.59999999999999964 ) ) ;
#1334 = ORIENTED_EDGE ( 'NONE', *, *, #1731, .F. ) ;
#1335 = EDGE_CURVE ( 'NONE', #443, #8244, #4930, .T. ) ;
#1336 = VERTEX_POINT ( 'NONE', #2218 ) ;
#1337 = DIRECTION ( 'NONE',  ( 0.000000000000000000, 1.000000000000000000, 0.000000000000000000 ) ) ;
#1338 = EDGE_CURVE ( 'NONE', #8514, #453, #4339, .T. ) ;
#1339 = CARTESIAN_POINT ( 'NONE',  ( -73.31545017290999056, -10.80000000000000071, -6.364617092752079763 ) ) ;
#1340 = DIRECTION ( 'NONE',  ( 0.000000000000000000, -1.000000000000000000, -1.156482317317869950E-15 ) ) ;
#1341 = EDGE_LOOP ( 'NONE', ( #4913, #3658, #3606, #1853 ) ) ;
#1342 = LINE ( 'NONE', #664, #2198 ) ;
#1343 = PLANE ( 'NONE',  #1749 ) ;
#1344 = FACE_OUTER_BOUND ( 'NONE', #4019, .T. ) ;
#1345 = ORIENTED_EDGE ( 'NONE', *, *, #5878, .F. ) ;
#1346 = LINE ( 'NONE', #4031, #2826 ) ;
#1347 = EDGE_CURVE ( 'NONE', #8210, #5332, #2434, .T. ) ;
#1348 = ORIENTED_EDGE ( 'NONE', *, *, #2735, .F. ) ;
#1349 = CARTESIAN_POINT ( 'NONE',  ( -23.09999999999999787, 10.80000000000000071, -3.391328741992544860 ) ) ;
#1350 = DIRECTION ( 'NONE',  ( 0.000000000000000000, -1.000000000000000000, 0.000000000000000000 ) ) ;
#1351 = FACE_OUTER_BOUND ( 'NONE', #5740, .T. ) ;
#1352 = EDGE_CURVE ( 'NONE', #8718, #5491, #7810, .T. ) ;
#1353 = DIRECTION ( 'NONE',  ( 0.000000000000000000, -1.000000000000000000, 0.000000000000000000 ) ) ;
#1354 = EDGE_LOOP ( 'NONE', ( #4871, #1488, #6216, #7205 ) ) ;
#1355 = ORIENTED_EDGE ( 'NONE', *, *, #1717, .T. ) ;
#1356 = CARTESIAN_POINT ( 'NONE',  ( -195.0000000000000000, -5.196152422706630247, 12.59999999999999964 ) ) ;
#1357 = ADVANCED_BREP_SHAPE_REPRESENTATION ( 'Central truss structure modif', ( #1767, #1741, #2950 ), #6848 ) ;
#1358 = LINE ( 'NONE', #5433, #2372 ) ;
#1359 = ADVANCED_FACE ( 'NONE', ( #5058 ), #4557, .F. ) ;
#1360 = VECTOR ( 'NONE', #5029, 1000.000000000000000 ) ;
#1361 = DIRECTION ( 'NONE',  ( 0.000000000000000000, -1.000000000000000000, 0.000000000000000000 ) ) ;
#1362 = ORIENTED_EDGE ( 'NONE', *, *, #8275, .T. ) ;
#1363 = DIRECTION ( 'NONE',  ( 0.8660254037844387076, 0.000000000000000000, -0.4999999999999998890 ) ) ;
#1364 = DIRECTION ( 'NONE',  ( 0.000000000000000000, 1.000000000000000000, 0.000000000000000000 ) ) ;
#1365 = EDGE_LOOP ( 'NONE', ( #5901, #2058 ) ) ;
#1366 = PLANE ( 'NONE',  #1474 ) ;
#1367 = DIRECTION ( 'NONE',  ( -1.000000000000000000, 0.000000000000000000, 9.472892701579828520E-18 ) ) ;
#1368 = AXIS2_PLACEMENT_3D ( 'NONE', #6060, #8816, #6778 ) ;
#1369 = ORIENTED_EDGE ( 'NONE', *, *, #8147, .T. ) ;
#1370 = ADVANCED_FACE ( 'NONE', ( #1063 ), #1621, .F. ) ;
#1371 = CARTESIAN_POINT ( 'NONE',  ( -146.6309003458194127, -7.200000000000000178, -6.364617092752020255 ) ) ;
#1372 = CARTESIAN_POINT ( 'NONE',  ( 150.6599999999999966, -10.80000000000000071, -3.396598976154979965 ) ) ;
#1373 = VECTOR ( 'NONE', #1269, 1000.000000000000000 ) ;
#1374 = VECTOR ( 'NONE', #4232, 1000.000000000000000 ) ;
#1375 = CARTESIAN_POINT ( 'NONE',  ( 29.37767197488699722, -10.80000000000000071, -6.364617092752020255 ) ) ;
#1376 = ORIENTED_EDGE ( 'NONE', *, *, #7573, .T. ) ;
#1377 = VECTOR ( 'NONE', #6436, 1000.000000000000000 ) ;
#1378 = PLANE ( 'NONE',  #8012 ) ;
#1379 = DIRECTION ( 'NONE',  ( -2.018443830920939658E-16, 0.000000000000000000, -1.000000000000000000 ) ) ;
#1380 = EDGE_LOOP ( 'NONE', ( #7725, #4683, #2493, #5386 ) ) ;
#1381 = ADVANCED_FACE ( 'NONE', ( #6457, #6542 ), #7124, .T. ) ;
#1382 = VECTOR ( 'NONE', #3961, 1000.000000000000000 ) ;
#1383 = VECTOR ( 'NONE', #3821, 1000.000000000000000 ) ;
#1384 = EDGE_LOOP ( 'NONE', ( #8193, #5290, #1647 ) ) ;
#1385 = VECTOR ( 'NONE', #4746, 1000.000000000000000 ) ;
#1386 = AXIS2_PLACEMENT_3D ( 'NONE', #4318, #235, #8602 ) ;
#1387 = CARTESIAN_POINT ( 'NONE',  ( 0.000000000000000000, -10.80000000000000071, -9.364617092752020255 ) ) ;
#1388 = DIRECTION ( 'NONE',  ( -1.000000000000000000, 0.000000000000000000, 0.000000000000000000 ) ) ;
#1389 = ORIENTED_EDGE ( 'NONE', *, *, #2631, .T. ) ;
#1390 = DIRECTION ( 'NONE',  ( -9.472892701579828520E-18, 0.000000000000000000, -1.000000000000000000 ) ) ;
#1391 = VECTOR ( 'NONE', #1028, 1000.000000000000000 ) ;
#1392 = ADVANCED_FACE ( 'NONE', ( #5734 ), #8622, .F. ) ;
#1393 = AXIS2_PLACEMENT_3D ( 'NONE', #4894, #8283, #8240 ) ;
#1394 = EDGE_LOOP ( 'NONE', ( #7442, #3629, #442, #207 ) ) ;
#1395 = DIRECTION ( 'NONE',  ( 1.000000000000000000, 0.000000000000000000, 1.590337572131494737E-16 ) ) ;
#1396 = LINE ( 'NONE', #2886, #1601 ) ;
#1397 = AXIS2_PLACEMENT_3D ( 'NONE', #5585, #7025, #5495 ) ;
#1398 = DIRECTION ( 'NONE',  ( 1.000000000000000000, 0.000000000000000000, 0.000000000000000000 ) ) ;
#1399 = ORIENTED_EDGE ( 'NONE', *, *, #4802, .T. ) ;
#1400 = FACE_BOUND ( 'NONE', #6382, .T. ) ;
#1401 = ORIENTED_EDGE ( 'NONE', *, *, #788, .F. ) ;
#1402 = CARTESIAN_POINT ( 'NONE',  ( 47.58442101292460080, -10.80000000000000071, 3.042492089611689821 ) ) ;
#1403 = CARTESIAN_POINT ( 'NONE',  ( 80.43214453085758464, -10.80000000000000071, -23.68917581270189743 ) ) ;
#1404 = CARTESIAN_POINT ( 'NONE',  ( 204.0000000000000000, 0.000000000000000000, 0.000000000000000000 ) ) ;
#1405 = ADVANCED_FACE ( 'NONE', ( #3713 ), #6408, .F. ) ;
#1406 = EDGE_CURVE ( 'NONE', #4879, #7508, #2985, .T. ) ;
#1407 = CARTESIAN_POINT ( 'NONE',  ( 3.000000000000000000, 10.80000000000000071, 4.275303338208124693 ) ) ;
#1408 = ORIENTED_EDGE ( 'NONE', *, *, #847, .F. ) ;
#1409 = FACE_OUTER_BOUND ( 'NONE', #3362, .T. ) ;
#1410 = CARTESIAN_POINT ( 'NONE',  ( -21.05468247025099870, 10.80000000000000071, -6.364617092752020255 ) ) ;
#1411 = EDGE_CURVE ( 'NONE', #1250, #588, #979, .T. ) ;
#1412 = DIRECTION ( 'NONE',  ( 0.000000000000000000, 1.000000000000000000, 0.000000000000000000 ) ) ;
#1413 = VERTEX_POINT ( 'NONE', #3026 ) ;
#1414 = EDGE_CURVE ( 'NONE', #4223, #4504, #1799, .T. ) ;
#1415 = LINE ( 'NONE', #1, #8644 ) ;
#1416 = CARTESIAN_POINT ( 'NONE',  ( 204.0000000000000000, 1.351735180736268092E-14, -15.59999999999999964 ) ) ;
#1417 = EDGE_LOOP ( 'NONE', ( #866, #5987, #2138, #8368, #4410, #3684, #2087, #8615 ) ) ;
#1418 = PLANE ( 'NONE',  #4218 ) ;
#1419 = DIRECTION ( 'NONE',  ( 0.000000000000000000, 0.000000000000000000, -1.000000000000000000 ) ) ;
#1420 = ORIENTED_EDGE ( 'NONE', *, *, #4565, .F. ) ;
#1421 = CARTESIAN_POINT ( 'NONE',  ( 83.55016401551819172, -10.80000000000000071, -16.32851564092204910 ) ) ;
#1422 = FACE_OUTER_BOUND ( 'NONE', #4403, .T. ) ;
#1423 = CARTESIAN_POINT ( 'NONE',  ( 19.47559106388689898, -10.80000000000000071, 6.364617092752020255 ) ) ;
#1424 = ORIENTED_EDGE ( 'NONE', *, *, #8140, .F. ) ;
#1425 = CIRCLE ( 'NONE', #3738, 9.900000000000000355 ) ;
#1426 = CARTESIAN_POINT ( 'NONE',  ( -52.98624900409139826, -10.80000000000000071, -11.00938890338933973 ) ) ;
#1427 = EDGE_CURVE ( 'NONE', #7982, #1569, #2390, .T. ) ;
#1428 = LINE ( 'NONE', #6943, #523 ) ;
#1429 = ORIENTED_EDGE ( 'NONE', *, *, #8844, .F. ) ;
#1430 = ORIENTED_EDGE ( 'NONE', *, *, #6925, .T. ) ;
#1431 = DIRECTION ( 'NONE',  ( 1.000000000000000000, 0.000000000000000000, 0.000000000000000000 ) ) ;
#1432 = CARTESIAN_POINT ( 'NONE',  ( -117.5999999999999943, -10.80000000000000071, -3.227411761410004853 ) ) ;
#1433 = ORIENTED_EDGE ( 'NONE', *, *, #4146, .F. ) ;
#1434 = EDGE_CURVE ( 'NONE', #2921, #2066, #1709, .T. ) ;
#1435 = VERTEX_POINT ( 'NONE', #8537 ) ;
#1436 = CARTESIAN_POINT ( 'NONE',  ( 147.6600000000000250, -10.80000000000000071, -3.396598976154979965 ) ) ;
#1437 = DIRECTION ( 'NONE',  ( 0.000000000000000000, 1.000000000000000000, 0.000000000000000000 ) ) ;
#1438 = DIRECTION ( 'NONE',  ( 0.000000000000000000, -1.000000000000000000, 0.000000000000000000 ) ) ;
#1439 = VERTEX_POINT ( 'NONE', #4510 ) ;
#1440 = CARTESIAN_POINT ( 'NONE',  ( 6.000000000000000000, 0.000000000000000000, -6.000000000000000000 ) ) ;
#1441 = VERTEX_POINT ( 'NONE', #8664 ) ;
#1442 = VECTOR ( 'NONE', #5210, 1000.000000000000000 ) ;
#1443 = VECTOR ( 'NONE', #4763, 1000.000000000000000 ) ;
#1444 = VECTOR ( 'NONE', #6045, 1000.000000000000227 ) ;
#1445 = LINE ( 'NONE', #802, #2021 ) ;
#1446 = CARTESIAN_POINT ( 'NONE',  ( -164.8542164889175297, 7.200000000000000178, 0.8566576130852399107 ) ) ;
#1447 = DIRECTION ( 'NONE',  ( -3.854941057726239700E-17, 0.000000000000000000, 1.000000000000000000 ) ) ;
#1448 = DIRECTION ( 'NONE',  ( -1.000000000000000000, 0.000000000000000000, -7.709882115452469538E-17 ) ) ;
#1449 = VERTEX_POINT ( 'NONE', #1024 ) ;
#1450 = DIRECTION ( 'NONE',  ( 0.000000000000000000, 1.000000000000000000, 0.000000000000000000 ) ) ;
#1451 = VECTOR ( 'NONE', #4911, 1000.000000000000114 ) ;
#1452 = DIRECTION ( 'NONE',  ( -1.263669769138219873E-16, 1.156482317317869950E-15, -1.000000000000000000 ) ) ;
#1453 = EDGE_CURVE ( 'NONE', #3938, #6546, #1664, .T. ) ;
#1454 = VECTOR ( 'NONE', #3930, 1000.000000000000000 ) ;
#1455 = DIRECTION ( 'NONE',  ( -0.7071067811865480168, 0.000000000000000000, -0.7071067811865470176 ) ) ;
#1456 = ORIENTED_EDGE ( 'NONE', *, *, #6107, .F. ) ;
#1457 = ADVANCED_FACE ( 'NONE', ( #3753 ), #3798, .T. ) ;
#1458 = DIRECTION ( 'NONE',  ( 0.000000000000000000, -1.000000000000000000, 0.000000000000000000 ) ) ;
#1459 = DIRECTION ( 'NONE',  ( -5.233102047361820167E-16, 1.066995812285799955E-15, -1.000000000000000000 ) ) ;
#1460 = ORIENTED_EDGE ( 'NONE', *, *, #1006, .F. ) ;
#1461 = ADVANCED_FACE ( 'NONE', ( #8577 ), #337, .T. ) ;
#1462 = LINE ( 'NONE', #2344, #6377 ) ;
#1463 = PRODUCT_DEFINITION_SHAPE ( 'NONE', 'NONE',  #723 ) ;
#1464 = DIRECTION ( 'NONE',  ( 1.066995812285789897E-15, 1.066995812285799955E-15, -1.000000000000000000 ) ) ;
#1465 = EDGE_LOOP ( 'NONE', ( #7287, #1584, #468 ) ) ;
#1466 = EDGE_CURVE ( 'NONE', #6533, #3719, #6098, .T. ) ;
#1467 = VECTOR ( 'NONE', #2424, 1000.000000000000000 ) ;
#1468 = PLANE ( 'NONE',  #2969 ) ;
#1469 = LINE ( 'NONE', #138, #3691 ) ;
#1470 = DIRECTION ( 'NONE',  ( 0.000000000000000000, 1.000000000000000000, 0.000000000000000000 ) ) ;
#1471 = VERTEX_POINT ( 'NONE', #531 ) ;
#1472 = EDGE_CURVE ( 'NONE', #231, #1893, #1989, .T. ) ;
#1473 = PLANE ( 'NONE',  #6146 ) ;
#1474 = AXIS2_PLACEMENT_3D ( 'NONE', #4142, #6749, #502 ) ;
#1475 = CARTESIAN_POINT ( 'NONE',  ( -3.000000000000000000, 10.80000000000000071, -6.364617092752020255 ) ) ;
#1476 = CARTESIAN_POINT ( 'NONE',  ( -174.8333860441489946, 10.80000000000000071, 6.364617092752020255 ) ) ;
#1477 = EDGE_LOOP ( 'NONE', ( #2149, #8045, #8250, #4047 ) ) ;
#1478 = DIRECTION ( 'NONE',  ( 1.000000000000000000, 0.000000000000000000, 0.000000000000000000 ) ) ;
#1479 = EDGE_CURVE ( 'NONE', #6763, #7238, #3247, .T. ) ;
#1480 = DIRECTION ( 'NONE',  ( 1.000000000000000000, 0.000000000000000000, 9.472892701579828520E-18 ) ) ;
#1481 = ORIENTED_EDGE ( 'NONE', *, *, #6852, .T. ) ;
#1482 = ORIENTED_EDGE ( 'NONE', *, *, #7098, .T. ) ;
#1483 = FACE_OUTER_BOUND ( 'NONE', #7140, .T. ) ;
#1484 = CARTESIAN_POINT ( 'NONE',  ( -76.46147367097499625, -7.200000000000000178, 2.784647752018624800 ) ) ;
#1485 = LINE ( 'NONE', #112, #2995 ) ;
#1486 = ORIENTED_EDGE ( 'NONE', *, *, #4048, .T. ) ;
#1487 = DIRECTION ( 'NONE',  ( 0.000000000000000000, 1.000000000000000000, 0.000000000000000000 ) ) ;
#1488 = ORIENTED_EDGE ( 'NONE', *, *, #4583, .T. ) ;
#1489 = EDGE_CURVE ( 'NONE', #7993, #3205, #478, .T. ) ;
#1490 = DIRECTION ( 'NONE',  ( 0.000000000000000000, 1.000000000000000000, 0.000000000000000000 ) ) ;
#1491 = VECTOR ( 'NONE', #7385, 1000.000000000000000 ) ;
#1492 = CARTESIAN_POINT ( 'NONE',  ( 18.00000000000000000, 0.000000000000000000, -36.00000000000000000 ) ) ;
#1493 = DIRECTION ( 'NONE',  ( -0.5077119284509900021, -9.963406245925837337E-16, 0.8615268990046549558 ) ) ;
#1494 = DIRECTION ( 'NONE',  ( 0.000000000000000000, 1.000000000000000000, 0.000000000000000000 ) ) ;
#1495 = VERTEX_POINT ( 'NONE', #618 ) ;
#1496 = FACE_OUTER_BOUND ( 'NONE', #3151, .T. ) ;
#1497 = DIRECTION ( 'NONE',  ( 0.000000000000000000, -1.000000000000000000, 0.000000000000000000 ) ) ;
#1498 = EDGE_CURVE ( 'NONE', #8116, #4734, #8854, .T. ) ;
#1499 = FACE_OUTER_BOUND ( 'NONE', #1861, .T. ) ;
#1500 = VERTEX_POINT ( 'NONE', #6004 ) ;
#1501 = DIRECTION ( 'NONE',  ( 0.000000000000000000, 1.000000000000000000, 0.000000000000000000 ) ) ;
#1502 = EDGE_LOOP ( 'NONE', ( #3984, #3918, #1663 ) ) ;
#1503 = EDGE_CURVE ( 'NONE', #5407, #5441, #1116, .T. ) ;
#1504 = DIRECTION ( 'NONE',  ( 0.000000000000000000, 0.000000000000000000, 1.000000000000000000 ) ) ;
#1505 = ORIENTED_EDGE ( 'NONE', *, *, #4299, .F. ) ;
#1506 = DIRECTION ( 'NONE',  ( 0.000000000000000000, 1.000000000000000000, 0.000000000000000000 ) ) ;
#1507 = DIRECTION ( 'NONE',  ( 1.000000000000000000, 0.000000000000000000, 0.000000000000000000 ) ) ;
#1508 = CARTESIAN_POINT ( 'NONE',  ( 186.0000000000000000, -5.196152422706630247, 12.59999999999999964 ) ) ;
#1509 = ORIENTED_EDGE ( 'NONE', *, *, #341, .T. ) ;
#1511 = ADVANCED_FACE ( 'NONE', ( #3935 ), #4741, .T. ) ;
#1510 = DIRECTION ( 'NONE',  ( 0.000000000000000000, 1.000000000000000000, 0.000000000000000000 ) ) ;
#1512 = EDGE_CURVE ( 'NONE', #8599, #7537, #5328, .T. ) ;
#1513 = PLANE ( 'NONE',  #8326 ) ;
#1514 = ORIENTED_EDGE ( 'NONE', *, *, #3542, .T. ) ;
#1515 = ADVANCED_FACE ( 'NONE', ( #3208 ), #8175, .F. ) ;
#1516 = VECTOR ( 'NONE', #2040, 1000.000000000000000 ) ;
#1517 = VECTOR ( 'NONE', #1763, 1000.000000000000000 ) ;
#1518 = LINE ( 'NONE', #4953, #3330 ) ;
#1519 = DIRECTION ( 'NONE',  ( 0.000000000000000000, -1.000000000000000000, 0.000000000000000000 ) ) ;
#1520 = CARTESIAN_POINT ( 'NONE',  ( 23.09999999999999787, 10.80000000000000071, 6.364617092752020255 ) ) ;
#1521 = VERTEX_POINT ( 'NONE', #5280 ) ;
#1522 = ORIENTED_EDGE ( 'NONE', *, *, #4250, .F. ) ;
#1523 = VECTOR ( 'NONE', #6689, 1000.000000000000000 ) ;
#1524 = AXIS2_PLACEMENT_3D ( 'NONE', #1432, #8941, #6949 ) ;
#1525 = CARTESIAN_POINT ( 'NONE',  ( 151.6890996541804952, -10.80000000000000071, -6.364617092752020255 ) ) ;
#1526 = FACE_OUTER_BOUND ( 'NONE', #8176, .T. ) ;
#1527 = VECTOR ( 'NONE', #4579, 1000.000000000000227 ) ;
#1528 = ORIENTED_EDGE ( 'NONE', *, *, #2232, .T. ) ;
#1529 = CARTESIAN_POINT ( 'NONE',  ( 123.5454564631644132, -7.200000000000000178, 1.568602665671015028 ) ) ;
#1530 = VERTEX_POINT ( 'NONE', #1302 ) ;
#1531 = VECTOR ( 'NONE', #5303, 1000.000000000000114 ) ;
#1532 = LINE ( 'NONE', #972, #1139 ) ;
#1533 = AXIS2_PLACEMENT_3D ( 'NONE', #5391, #2681, #1361 ) ;
#1534 = VECTOR ( 'NONE', #2323, 1000.000000000000000 ) ;
#1535 = CARTESIAN_POINT ( 'NONE',  ( 102.0000000000000000, 3.000000000000000000, -9.899999999999998579 ) ) ;
#1536 = LINE ( 'NONE', #718, #8907 ) ;
#1537 = FACE_OUTER_BOUND ( 'NONE', #1022, .T. ) ;
#1538 = ORIENTED_EDGE ( 'NONE', *, *, #1575, .T. ) ;
#1539 = LINE ( 'NONE', #4177, #8211 ) ;
#1540 = VECTOR ( 'NONE', #8227, 1000.000000000000114 ) ;
#1541 = AXIS2_PLACEMENT_3D ( 'NONE', #1423, #7517, #1330 ) ;
#1542 = EDGE_CURVE ( 'NONE', #8943, #1733, #4076, .T. ) ;
#1543 = CARTESIAN_POINT ( 'NONE',  ( 9.000000000000000000, -10.80000000000000071, -36.00000000000000000 ) ) ;
#1544 = PLANE ( 'NONE',  #8604 ) ;
#1545 = ORIENTED_EDGE ( 'NONE', *, *, #3122, .F. ) ;
#1546 = LINE ( 'NONE', #6333, #8909 ) ;
#1547 = ORIENTED_EDGE ( 'NONE', *, *, #2815, .F. ) ;
#1548 = EDGE_CURVE ( 'NONE', #423, #5030, #5377, .T. ) ;
#1549 = VECTOR ( 'NONE', #5463, 1000.000000000000000 ) ;
#1550 = LINE ( 'NONE', #5956, #2987 ) ;
#1551 = LINE ( 'NONE', #2947, #8436 ) ;
#1552 = EDGE_LOOP ( 'NONE', ( #7230, #1682, #1701 ) ) ;
#1553 = CARTESIAN_POINT ( 'NONE',  ( 99.87867965644021240, -7.200000000000000178, 9.992007221626378887E-15 ) ) ;
#1554 = LINE ( 'NONE', #6302, #3550 ) ;
#1555 = LINE ( 'NONE', #2073, #2183 ) ;
#1556 = LINE ( 'NONE', #314, #4858 ) ;
#1557 = VERTEX_POINT ( 'NONE', #2619 ) ;
#1558 = DIRECTION ( 'NONE',  ( 0.000000000000000000, 0.000000000000000000, -1.000000000000000000 ) ) ;
#1559 = CARTESIAN_POINT ( 'NONE',  ( 15.10500000000000043, -0.8000000000000003775, 3.900000000000000355 ) ) ;
#1560 = CARTESIAN_POINT ( 'NONE',  ( 176.4375234668430039, 7.200000000000000178, 6.364617092752020255 ) ) ;
#1561 = VERTEX_POINT ( 'NONE', #1852 ) ;
#1562 = EDGE_CURVE ( 'NONE', #4217, #1181, #8218, .T. ) ;
#1563 = EDGE_CURVE ( 'NONE', #1821, #3769, #6634, .T. ) ;
#1564 = DIRECTION ( 'NONE',  ( 1.000000000000000000, 0.000000000000000000, 0.000000000000000000 ) ) ;
#1565 = DIRECTION ( 'NONE',  ( 0.000000000000000000, 0.000000000000000000, -1.000000000000000000 ) ) ;
#1566 = CARTESIAN_POINT ( 'NONE',  ( -112.4786796564402067, -7.200000000000000178, -12.59999999999999964 ) ) ;
#1567 = EDGE_LOOP ( 'NONE', ( #1199, #3089, #5281, #205 ) ) ;
#1568 = ADVANCED_FACE ( 'NONE', ( #4604 ), #1896, .T. ) ;
#1569 = VERTEX_POINT ( 'NONE', #6052 ) ;
#1570 = EDGE_CURVE ( 'NONE', #1928, #6318, #8806, .T. ) ;
#1571 = FACE_OUTER_BOUND ( 'NONE', #1323, .T. ) ;
#1572 = VERTEX_POINT ( 'NONE', #4030 ) ;
#1573 = DIRECTION ( 'NONE',  ( 0.000000000000000000, 1.066995812285799955E-15, -1.000000000000000000 ) ) ;
#1574 = ORIENTED_EDGE ( 'NONE', *, *, #5867, .T. ) ;
#1575 = EDGE_CURVE ( 'NONE', #4838, #2154, #579, .T. ) ;
#1576 = PLANE ( 'NONE',  #8072 ) ;
#1577 = CARTESIAN_POINT ( 'NONE',  ( 97.50000000000000000, -5.196152422706719953, 12.59999999999999964 ) ) ;
#1578 = DIRECTION ( 'NONE',  ( -1.962413267760679950E-15, 1.000000000000000000, 0.000000000000000000 ) ) ;
#1579 = ORIENTED_EDGE ( 'NONE', *, *, #168, .T. ) ;
#1580 = CARTESIAN_POINT ( 'NONE',  ( -133.3799999999999955, -10.80000000000000071, 3.396598976154959537 ) ) ;
#1581 = VECTOR ( 'NONE', #4081, 1000.000000000000000 ) ;
#1582 = FACE_OUTER_BOUND ( 'NONE', #6446, .T. ) ;
#1583 = FACE_OUTER_BOUND ( 'NONE', #5969, .T. ) ;
#1584 = ORIENTED_EDGE ( 'NONE', *, *, #7686, .T. ) ;
#1585 = ADVANCED_FACE ( 'NONE', ( #6909 ), #4919, .F. ) ;
#1586 = DIRECTION ( 'NONE',  ( -0.000000000000000000, 1.000000000000000000, 0.000000000000000000 ) ) ;
#1587 = ORIENTED_EDGE ( 'NONE', *, *, #398, .T. ) ;
#1588 = VECTOR ( 'NONE', #2288, 1000.000000000000000 ) ;
#1589 = DIRECTION ( 'NONE',  ( -1.000000000000000000, 0.000000000000000000, 3.854941057726239700E-17 ) ) ;
#1590 = DIRECTION ( 'NONE',  ( 0.000000000000000000, 1.000000000000000000, 0.000000000000000000 ) ) ;
#1591 = ORIENTED_EDGE ( 'NONE', *, *, #2835, .F. ) ;
#1592 = AXIS2_PLACEMENT_3D ( 'NONE', #8121, #1936, #3381 ) ;
#1593 = EDGE_CURVE ( 'NONE', #7640, #379, #6317, .T. ) ;
#1594 = FACE_OUTER_BOUND ( 'NONE', #7272, .T. ) ;
#1595 = LINE ( 'NONE', #7021, #1004 ) ;
#1596 = CARTESIAN_POINT ( 'NONE',  ( -106.2794020571262052, -10.80000000000000071, -39.81546634077420066 ) ) ;
#1597 = PLANE ( 'NONE',  #5000 ) ;
#1598 = ORIENTED_EDGE ( 'NONE', *, *, #6213, .F. ) ;
#1599 = CARTESIAN_POINT ( 'NONE',  ( 11.78052626615579968, -1.165734175856412001E-14, 1.382308546376021852 ) ) ;
#1600 = DIRECTION ( 'NONE',  ( 0.000000000000000000, 0.000000000000000000, -1.000000000000000000 ) ) ;
#1601 = VECTOR ( 'NONE', #2077, 1000.000000000000000 ) ;
#1602 = DIRECTION ( 'NONE',  ( 0.000000000000000000, 0.000000000000000000, 1.000000000000000000 ) ) ;
#1603 = EDGE_LOOP ( 'NONE', ( #7522, #8110, #2400, #7395 ) ) ;
#1604 = LINE ( 'NONE', #2922, #6211 ) ;
#1605 = VECTOR ( 'NONE', #8781, 1000.000000000000000 ) ;
#1606 = DIRECTION ( 'NONE',  ( 0.000000000000000000, 1.000000000000000000, 0.000000000000000000 ) ) ;
#1607 = ORIENTED_EDGE ( 'NONE', *, *, #2229, .F. ) ;
#1608 = VERTEX_POINT ( 'NONE', #838 ) ;
#1609 = ADVANCED_FACE ( 'NONE', ( #6230 ), #752, .T. ) ;
#1610 = LINE ( 'NONE', #7752, #8399 ) ;
#1611 = CARTESIAN_POINT ( 'NONE',  ( -62.02294734195000103, -10.80000000000000071, 6.364617092752020255 ) ) ;
#1612 = FACE_OUTER_BOUND ( 'NONE', #2291, .T. ) ;
#1613 = EDGE_LOOP ( 'NONE', ( #8573, #3100, #5701 ) ) ;
#1614 = ADVANCED_FACE ( 'NONE', ( #2887 ), #5506, .T. ) ;
#1615 = FACE_OUTER_BOUND ( 'NONE', #770, .T. ) ;
#1616 = DIRECTION ( 'NONE',  ( 0.000000000000000000, 0.000000000000000000, 1.000000000000000000 ) ) ;
#1617 = CARTESIAN_POINT ( 'NONE',  ( 6.545317529749079988, 10.80000000000000071, 6.364617092752020255 ) ) ;
#1618 = EDGE_CURVE ( 'NONE', #3105, #6005, #7036, .T. ) ;
#1619 = DIRECTION ( 'NONE',  ( 0.000000000000000000, 1.000000000000000000, 0.000000000000000000 ) ) ;
#1620 = EDGE_LOOP ( 'NONE', ( #2570, #4670, #5551 ) ) ;
#1621 = PLANE ( 'NONE',  #4454 ) ;
#1622 = ORIENTED_EDGE ( 'NONE', *, *, #4698, .F. ) ;
#1623 = ADVANCED_FACE ( 'NONE', ( #1526 ), #5677, .F. ) ;
#1624 = CARTESIAN_POINT ( 'NONE',  ( 15.70736835487440075, -10.80000000000000071, -4.500000000000000000 ) ) ;
#1625 = DIRECTION ( 'NONE',  ( 0.000000000000000000, -1.000000000000000000, 0.000000000000000000 ) ) ;
#1626 = ORIENTED_EDGE ( 'NONE', *, *, #7135, .T. ) ;
#1627 = DIRECTION ( 'NONE',  ( 0.000000000000000000, 1.000000000000000000, 0.000000000000000000 ) ) ;
#1628 = ORIENTED_EDGE ( 'NONE', *, *, #2503, .F. ) ;
#1629 = DIRECTION ( 'NONE',  ( 0.000000000000000000, 1.000000000000000000, 0.000000000000000000 ) ) ;
#1630 = ORIENTED_EDGE ( 'NONE', *, *, #2838, .F. ) ;
#1631 = CARTESIAN_POINT ( 'NONE',  ( 42.65468247025099657, 10.80000000000000071, 6.364617092752020255 ) ) ;
#1632 = CARTESIAN_POINT ( 'NONE',  ( 89.39999999999999147, -10.80000000000000071, 10.47867965644037902 ) ) ;
#1633 = ORIENTED_EDGE ( 'NONE', *, *, #3858, .T. ) ;
#1634 = CARTESIAN_POINT ( 'NONE',  ( 19.47559106388689898, -7.200000000000000178, 6.364617092752020255 ) ) ;
#1635 = LINE ( 'NONE', #5750, #947 ) ;
#1636 = ORIENTED_EDGE ( 'NONE', *, *, #601, .T. ) ;
#1637 = CARTESIAN_POINT ( 'NONE',  ( 117.5999999999999943, -10.80000000000000071, 6.364617092752020255 ) ) ;
#1638 = CARTESIAN_POINT ( 'NONE',  ( 62.02294734195000103, -10.80000000000000071, 6.364617092752020255 ) ) ;
#1639 = LINE ( 'NONE', #1560, #6880 ) ;
#1640 = ORIENTED_EDGE ( 'NONE', *, *, #2650, .T. ) ;
#1641 = ADVANCED_FACE ( 'NONE', ( #1344 ), #3571, .F. ) ;
#1642 = CARTESIAN_POINT ( 'NONE',  ( 26.10000000000000142, 10.80000000000000071, 6.364617092752020255 ) ) ;
#1643 = FACE_BOUND ( 'NONE', #6084, .T. ) ;
#1644 = LINE ( 'NONE', #8429, #6724 ) ;
#1645 = ORIENTED_EDGE ( 'NONE', *, *, #2625, .F. ) ;
#1646 = AXIS2_PLACEMENT_3D ( 'NONE', #8413, #7818, #7181 ) ;
#1647 = ORIENTED_EDGE ( 'NONE', *, *, #7468, .T. ) ;
#1648 = EDGE_CURVE ( 'NONE', #4733, #8485, #2078, .T. ) ;
#1649 = DIRECTION ( 'NONE',  ( 0.000000000000000000, 1.000000000000000000, 0.000000000000000000 ) ) ;
#1650 = SURFACE_STYLE_FILL_AREA ( #7754 ) ;
#1651 = EDGE_LOOP ( 'NONE', ( #6112, #7382, #5262, #1943 ) ) ;
#1652 = ORIENTED_EDGE ( 'NONE', *, *, #7141, .T. ) ;
#1653 = VECTOR ( 'NONE', #1695, 1000.000000000000000 ) ;
#1654 = CARTESIAN_POINT ( 'NONE',  ( 73.46147367097499625, -10.80000000000000071, -6.364617092752079763 ) ) ;
#1655 = ADVANCED_FACE ( 'NONE', ( #2167 ), #7577, .F. ) ;
#1656 = DIRECTION ( 'NONE',  ( 1.000000000000000000, 0.000000000000000000, -7.709882115452469538E-17 ) ) ;
#1657 = FACE_OUTER_BOUND ( 'NONE', #4594, .T. ) ;
#1658 = VECTOR ( 'NONE', #1118, 1000.000000000000000 ) ;
#1659 = VECTOR ( 'NONE', #7936, 1000.000000000000000 ) ;
#1660 = ORIENTED_EDGE ( 'NONE', *, *, #4682, .T. ) ;
#1661 = VECTOR ( 'NONE', #7694, 1000.000000000000000 ) ;
#1662 = DIRECTION ( 'NONE',  ( 1.000000000000000000, 0.000000000000000000, 0.000000000000000000 ) ) ;
#1663 = ORIENTED_EDGE ( 'NONE', *, *, #5576, .F. ) ;
#1664 = LINE ( 'NONE', #2305, #3437 ) ;
#1665 = ORIENTED_EDGE ( 'NONE', *, *, #1748, .F. ) ;
#1666 = APPLICATION_PROTOCOL_DEFINITION ( 'draft international standard', 'automotive_design', 1998, #4617 ) ;
#1667 = VECTOR ( 'NONE', #5828, 1000.000000000000000 ) ;
#1668 = AXIS2_PLACEMENT_3D ( 'NONE', #2881, #3563, #6312 ) ;
#1669 = FACE_OUTER_BOUND ( 'NONE', #3072, .T. ) ;
#1670 = EDGE_CURVE ( 'NONE', #4289, #791, #1485, .T. ) ;
#1671 = DIRECTION ( 'NONE',  ( -1.000000000000000000, 0.000000000000000000, 2.368081386566879965E-16 ) ) ;
#1672 = ORIENTED_EDGE ( 'NONE', *, *, #8238, .T. ) ;
#1673 = DIRECTION ( 'NONE',  ( 0.7501120765757850473, 0.000000000000000000, -0.6613107231666242036 ) ) ;
#1674 = ORIENTED_EDGE ( 'NONE', *, *, #208, .F. ) ;
#1675 = VECTOR ( 'NONE', #3940, 1000.000000000000000 ) ;
#1676 = AXIS2_PLACEMENT_3D ( 'NONE', #5582, #4151, #6172 ) ;
#1677 = DIRECTION ( 'NONE',  ( -3.854941057726239700E-17, 0.000000000000000000, -1.000000000000000000 ) ) ;
#1678 = ORIENTED_EDGE ( 'NONE', *, *, #174, .F. ) ;
#1679 = ADVANCED_FACE ( 'NONE', ( #666 ), #2252, .F. ) ;
#1680 = DIRECTION ( 'NONE',  ( 1.000000000000000000, 0.000000000000000000, 0.000000000000000000 ) ) ;
#1681 = DIRECTION ( 'NONE',  ( -1.066995812285789897E-15, 1.066995812285799955E-15, -1.000000000000000000 ) ) ;
#1682 = ORIENTED_EDGE ( 'NONE', *, *, #7850, .F. ) ;
#1683 = CARTESIAN_POINT ( 'NONE',  ( -59.02294734194980208, -7.200000000000000178, 6.364617092752020255 ) ) ;
#1684 = DIRECTION ( 'NONE',  ( 0.5930964394861031330, 0.000000000000000000, 0.8051314262087322371 ) ) ;
#1685 = EDGE_LOOP ( 'NONE', ( #7883, #7977, #5630, #2204 ) ) ;
#1686 = AXIS2_PLACEMENT_3D ( 'NONE', #7623, #6358, #4246 ) ;
#1687 = PLANE ( 'NONE',  #69 ) ;
#1688 = LINE ( 'NONE', #8556, #7366 ) ;
#1689 = DIRECTION ( 'NONE',  ( 0.000000000000000000, 0.000000000000000000, -1.000000000000000000 ) ) ;
#1690 = EDGE_LOOP ( 'NONE', ( #4300, #4658, #7732 ) ) ;
#1691 = DIRECTION ( 'NONE',  ( 0.000000000000000000, 0.000000000000000000, 1.000000000000000000 ) ) ;
#1692 = FACE_BOUND ( 'NONE', #4460, .T. ) ;
#1693 = LINE ( 'NONE', #2290, #4414 ) ;
#1694 = ORIENTED_EDGE ( 'NONE', *, *, #2212, .T. ) ;
#1695 = DIRECTION ( 'NONE',  ( -1.000000000000000000, 0.000000000000000000, -1.321694076934709909E-16 ) ) ;
#1696 = VERTEX_POINT ( 'NONE', #4115 ) ;
#1697 = EDGE_CURVE ( 'NONE', #8065, #8779, #6993, .T. ) ;
#1698 = LINE ( 'NONE', #3654, #8095 ) ;
#1699 = PLANE ( 'NONE',  #8849 ) ;
#1700 = VERTEX_POINT ( 'NONE', #8308 ) ;
#1701 = ORIENTED_EDGE ( 'NONE', *, *, #8897, .F. ) ;
#1702 = EDGE_CURVE ( 'NONE', #8877, #1336, #6186, .T. ) ;
#1703 = LINE ( 'NONE', #5856, #5621 ) ;
#1704 = DIRECTION ( 'NONE',  ( 0.8051314262087330142, 0.000000000000000000, -0.5930964394861020228 ) ) ;
#1705 = DIRECTION ( 'NONE',  ( -7.220970109361239161E-17, -1.156482317317869950E-15, 1.000000000000000000 ) ) ;
#1706 = VECTOR ( 'NONE', #3689, 1000.000000000000000 ) ;
#1707 = DIRECTION ( 'NONE',  ( 0.000000000000000000, 1.000000000000000000, 0.000000000000000000 ) ) ;
#1708 = VERTEX_POINT ( 'NONE', #3483 ) ;
#1709 = LINE ( 'NONE', #5185, #1256 ) ;
#1710 = ORIENTED_EDGE ( 'NONE', *, *, #4228, .T. ) ;
#1711 = DIRECTION ( 'NONE',  ( 0.000000000000000000, -1.000000000000000000, 0.000000000000000000 ) ) ;
#1712 = CARTESIAN_POINT ( 'NONE',  ( 93.00000000000000000, 5.196152422706729723, -12.59999999999999964 ) ) ;
#1713 = EDGE_LOOP ( 'NONE', ( #924, #2766, #5854, #7877 ) ) ;
#1714 = LINE ( 'NONE', #3169, #7426 ) ;
#1715 = ORIENTED_EDGE ( 'NONE', *, *, #3534, .T. ) ;
#1716 = VECTOR ( 'NONE', #2683, 999.9999999999998863 ) ;
#1717 = EDGE_CURVE ( 'NONE', #7052, #8807, #5548, .T. ) ;
#1718 = CARTESIAN_POINT ( 'NONE',  ( -109.3606601717795996, -7.200000000000000178, 4.996003610813199699E-15 ) ) ;
#1719 = ORIENTED_EDGE ( 'NONE', *, *, #1147, .F. ) ;
#1720 = EDGE_CURVE ( 'NONE', #5662, #7052, #4876, .T. ) ;
#1721 = VECTOR ( 'NONE', #2837, 999.9999999999998863 ) ;
#1722 = FACE_OUTER_BOUND ( 'NONE', #6000, .T. ) ;
#1723 = DIRECTION ( 'NONE',  ( 0.000000000000000000, -1.000000000000000000, 0.000000000000000000 ) ) ;
#1724 = VERTEX_POINT ( 'NONE', #1015 ) ;
#1725 = EDGE_CURVE ( 'NONE', #1908, #6730, #3061, .T. ) ;
#1726 = CARTESIAN_POINT ( 'NONE',  ( 59.02294734194980208, -7.200000000000000178, 6.364617092752020255 ) ) ;
#1727 = LINE ( 'NONE', #1773, #8899 ) ;
#1728 = ORIENTED_EDGE ( 'NONE', *, *, #8447, .T. ) ;
#1729 = PLANE ( 'NONE',  #8309 ) ;
#1730 = CARTESIAN_POINT ( 'NONE',  ( 86.40000000000000568, -10.80000000000000071, 15.59999999999974918 ) ) ;
#1731 = EDGE_CURVE ( 'NONE', #4728, #2067, #193, .T. ) ;
#1732 = CARTESIAN_POINT ( 'NONE',  ( -85.76116934474099196, -10.80000000000000071, -6.364617092752079763 ) ) ;
#1733 = VERTEX_POINT ( 'NONE', #286 ) ;
#1734 = VECTOR ( 'NONE', #1202, 1000.000000000000000 ) ;
#1736 = EDGE_CURVE ( 'NONE', #2564, #8500, #6532, .T. ) ;
#1735 = CARTESIAN_POINT ( 'NONE',  ( -102.0000000000000000, -6.000000000000000000, 1.665334536937735008E-15 ) ) ;
#1737 = CARTESIAN_POINT ( 'NONE',  ( -28.14531752974910006, 7.200000000000000178, -6.364617092752020255 ) ) ;
#1738 = DIRECTION ( 'NONE',  ( 0.000000000000000000, 0.8660254037844387076, -0.4999999999999998890 ) ) ;
#1739 = ORIENTED_EDGE ( 'NONE', *, *, #2815, .T. ) ;
#1740 = AXIS2_PLACEMENT_3D ( 'NONE', #8777, #3180, #7999 ) ;
#1741 = MANIFOLD_SOLID_BREP ( 'Boss-Extrude2', #5650 ) ;
#1742 = CARTESIAN_POINT ( 'NONE',  ( 52.27504693368549482, 10.80000000000000071, 9.364617092752020255 ) ) ;
#1743 = ORIENTED_EDGE ( 'NONE', *, *, #3809, .F. ) ;
#1744 = EDGE_LOOP ( 'NONE', ( #7560, #6653, #8663 ) ) ;
#1745 = DIRECTION ( 'NONE',  ( -1.000000000000000000, 0.000000000000000000, 3.854941057726239700E-17 ) ) ;
#1746 = EDGE_LOOP ( 'NONE', ( #4476, #8554, #6464, #7386 ) ) ;
#1747 = ORIENTED_EDGE ( 'NONE', *, *, #5316, .F. ) ;
#1748 = EDGE_CURVE ( 'NONE', #2993, #4427, #3827, .T. ) ;
#1749 = AXIS2_PLACEMENT_3D ( 'NONE', #7704, #795, #751 ) ;
#1750 = CARTESIAN_POINT ( 'NONE',  ( 147.6600000000000250, -10.80000000000000071, 7.864617092752020255 ) ) ;
#1751 = DIRECTION ( 'NONE',  ( -0.000000000000000000, 0.000000000000000000, 1.000000000000000000 ) ) ;
#1752 = CARTESIAN_POINT ( 'NONE',  ( -102.0000000000000000, -7.200000000000000178, 2.121320343559645050 ) ) ;
#1753 = DIRECTION ( 'NONE',  ( -0.000000000000000000, 1.000000000000000000, 0.000000000000000000 ) ) ;
#1754 = ORIENTED_EDGE ( 'NONE', *, *, #4590, .T. ) ;
#1755 = VECTOR ( 'NONE', #1278, 1000.000000000000000 ) ;
#1756 = DIRECTION ( 'NONE',  ( 0.000000000000000000, -1.000000000000000000, 0.000000000000000000 ) ) ;
#1757 = EDGE_CURVE ( 'NONE', #2926, #3127, #5764, .T. ) ;
#1758 = CARTESIAN_POINT ( 'NONE',  ( -15.70736835487440075, -0.8000000000000003775, -4.500000000000000000 ) ) ;
#1759 = CARTESIAN_POINT ( 'NONE',  ( 87.90000000000000568, -7.200000000000000178, 6.364617092752020255 ) ) ;
#1760 = DIRECTION ( 'NONE',  ( 0.000000000000000000, -0.000000000000000000, -1.000000000000000000 ) ) ;
#1761 = CARTESIAN_POINT ( 'NONE',  ( 18.70736835487440075, -7.200000000000000178, -6.364617092752020255 ) ) ;
#1762 = ORIENTED_EDGE ( 'NONE', *, *, #6166, .F. ) ;
#1763 = DIRECTION ( 'NONE',  ( 0.000000000000000000, -1.000000000000000000, -1.156482317317869950E-15 ) ) ;
#1764 = ORIENTED_EDGE ( 'NONE', *, *, #7249, .T. ) ;
#1765 = EDGE_CURVE ( 'NONE', #3070, #3977, #3655, .T. ) ;
#1766 = LINE ( 'NONE', #3998, #2091 ) ;
#1767 = MANIFOLD_SOLID_BREP ( 'Body1[1]', #5781 ) ;
#1768 = CARTESIAN_POINT ( 'NONE',  ( 15.70736835487440075, -0.8000000000000003775, 4.500000000000000000 ) ) ;
#1769 = CARTESIAN_POINT ( 'NONE',  ( 147.6600000000000250, -10.80000000000000071, -3.396598976154979965 ) ) ;
#1770 = EDGE_LOOP ( 'NONE', ( #2158, #323, #6055, #513 ) ) ;
#1771 = EDGE_CURVE ( 'NONE', #7565, #2890, #7247, .T. ) ;
#1772 = FACE_OUTER_BOUND ( 'NONE', #4542, .T. ) ;
#1773 = CARTESIAN_POINT ( 'NONE',  ( 114.5999999999999943, -7.200000000000000178, -12.59999999999999964 ) ) ;
#1774 = EDGE_LOOP ( 'NONE', ( #2168, #8398, #4868, #4139, #6123, #3300, #3464, #6685, #6016, #5497, #5035, #4539, #2228, #4803, #4764, #3612, #8503, #898, #2203, #6349, #8840, #5613, #2829, #4226, #8653, #2178, #678, #4424, #1481, #7026 ) ) ;
#1775 = DIRECTION ( 'NONE',  ( 1.000000000000000000, 0.000000000000000000, 3.854941057726239700E-17 ) ) ;
#1776 = CARTESIAN_POINT ( 'NONE',  ( 6.000000000000000000, -10.80000000000000071, -19.02943725152285026 ) ) ;
#1777 = CARTESIAN_POINT ( 'NONE',  ( 181.1909003458195002, -10.80000000000000071, -6.364617092752079763 ) ) ;
#1778 = ORIENTED_EDGE ( 'NONE', *, *, #4547, .T. ) ;
#1779 = DIRECTION ( 'NONE',  ( 1.000000000000000000, 0.000000000000000000, 3.854941057726239700E-17 ) ) ;
#1780 = FACE_BOUND ( 'NONE', #4593, .T. ) ;
#1781 = EDGE_CURVE ( 'NONE', #3818, #2067, #7930, .T. ) ;
#1782 = ADVANCED_FACE ( 'NONE', ( #3744 ), #1699, .T. ) ;
#1783 = DIRECTION ( 'NONE',  ( 1.000000000000000000, 0.000000000000000000, 0.000000000000000000 ) ) ;
#1784 = EDGE_LOOP ( 'NONE', ( #8431, #1579, #1293, #7931 ) ) ;
#1785 = DIRECTION ( 'NONE',  ( 0.000000000000000000, -1.000000000000000000, -1.156482317317869950E-15 ) ) ;
#1786 = ORIENTED_EDGE ( 'NONE', *, *, #7479, .T. ) ;
#1787 = EDGE_LOOP ( 'NONE', ( #5485, #3486, #3991 ) ) ;
#1788 = CARTESIAN_POINT ( 'NONE',  ( 75.32999999999999829, -10.80000000000000071, 6.364617092752020255 ) ) ;
#1789 = ORIENTED_EDGE ( 'NONE', *, *, #4565, .T. ) ;
#1790 = ADVANCED_FACE ( 'NONE', ( #4541 ), #6713, .T. ) ;
#1791 = ORIENTED_EDGE ( 'NONE', *, *, #2357, .F. ) ;
#1792 = VECTOR ( 'NONE', #3496, 1000.000000000000000 ) ;
#1793 = CARTESIAN_POINT ( 'NONE',  ( -114.5999999999999943, -10.80000000000000071, -10.47867965644037902 ) ) ;
#1794 = EDGE_CURVE ( 'NONE', #1812, #3191, #2607, .T. ) ;
#1795 = CARTESIAN_POINT ( 'NONE',  ( 182.2199999999999989, -10.80000000000000071, 6.364617092752020255 ) ) ;
#1796 = CARTESIAN_POINT ( 'NONE',  ( -146.6309003458194127, -10.80000000000000071, -6.364617092752020255 ) ) ;
#1797 = DIRECTION ( 'NONE',  ( 0.000000000000000000, -1.000000000000000000, 0.000000000000000000 ) ) ;
#1798 = VERTEX_POINT ( 'NONE', #1249 ) ;
#1799 = LINE ( 'NONE', #2480, #7027 ) ;
#1800 = VECTOR ( 'NONE', #8676, 1000.000000000000000 ) ;
#1801 = ORIENTED_EDGE ( 'NONE', *, *, #8076, .T. ) ;
#1802 = DIRECTION ( 'NONE',  ( 1.000000000000000000, 7.704744867329349861E-32, -7.220970109361239161E-17 ) ) ;
#1803 = FACE_OUTER_BOUND ( 'NONE', #5090, .T. ) ;
#1804 = VECTOR ( 'NONE', #668, 1000.000000000000000 ) ;
#1805 = VECTOR ( 'NONE', #33, 1000.000000000000114 ) ;
#1806 = VECTOR ( 'NONE', #259, 1000.000000000000000 ) ;
#1807 = CARTESIAN_POINT ( 'NONE',  ( 0.000000000000000000, 1.351735180736268092E-14, -15.59999999999999964 ) ) ;
#1808 = ORIENTED_EDGE ( 'NONE', *, *, #8711, .T. ) ;
#1809 = LINE ( 'NONE', #6015, #59 ) ;
#1810 = EDGE_LOOP ( 'NONE', ( #740, #871, #5760, #5566 ) ) ;
#1811 = ADVANCED_FACE ( 'NONE', ( #1931 ), #2512, .T. ) ;
#1812 = VERTEX_POINT ( 'NONE', #6088 ) ;
#1813 = VECTOR ( 'NONE', #2358, 1000.000000000000000 ) ;
#1814 = VECTOR ( 'NONE', #5322, 1000.000000000000000 ) ;
#1815 = CARTESIAN_POINT ( 'NONE',  ( -164.9399999999999977, -7.200000000000000178, 6.364617092752020255 ) ) ;
#1816 = AXIS2_PLACEMENT_3D ( 'NONE', #7127, #1067, #3715 ) ;
#1818 = ADVANCED_FACE ( 'NONE', ( #8067 ), #7476, .F. ) ;
#1817 = PLANE ( 'NONE',  #6576 ) ;
#1819 = DIRECTION ( 'NONE',  ( 0.7071067811865480168, 0.000000000000000000, -0.7071067811865470176 ) ) ;
#1821 = VERTEX_POINT ( 'NONE', #6760 ) ;
#1820 = VECTOR ( 'NONE', #1412, 1000.000000000000000 ) ;
#1822 = VECTOR ( 'NONE', #5666, 1000.000000000000000 ) ;
#1823 = CARTESIAN_POINT ( 'NONE',  ( 176.4375234668430039, 10.80000000000000071, 3.823383353545739993 ) ) ;
#1824 = LINE ( 'NONE', #6556, #8324 ) ;
#1825 = EDGE_LOOP ( 'NONE', ( #4439, #5658, #2496, #6403 ) ) ;
#1826 = LINE ( 'NONE', #8729, #1527 ) ;
#1827 = CARTESIAN_POINT ( 'NONE',  ( 31.64589468389949900, -7.200000000000000178, -6.364617092752020255 ) ) ;
#1828 = CARTESIAN_POINT ( 'NONE',  ( -44.58442101292464343, -7.200000000000000178, 3.042492089611689821 ) ) ;
#1829 = ORIENTED_EDGE ( 'NONE', *, *, #8770, .T. ) ;
#1830 = AXIS2_PLACEMENT_3D ( 'NONE', #2148, #772, #6 ) ;
#1831 = CARTESIAN_POINT ( 'NONE',  ( 201.0000000000000000, -7.200000000000000178, 6.364617092752020255 ) ) ;
#1832 = FACE_BOUND ( 'NONE', #8123, .T. ) ;
#1833 = CARTESIAN_POINT ( 'NONE',  ( 146.6309003458194127, -10.80000000000000071, -6.364617092752020255 ) ) ;
#1834 = ORIENTED_EDGE ( 'NONE', *, *, #2502, .T. ) ;
#1835 = CARTESIAN_POINT ( 'NONE',  ( -87.90000000000000568, -7.200000000000000178, 6.364617092752020255 ) ) ;
#1836 = EDGE_LOOP ( 'NONE', ( #3238, #3864, #4523 ) ) ;
#1837 = ORIENTED_EDGE ( 'NONE', *, *, #8755, .F. ) ;
#1838 = LINE ( 'NONE', #608, #8122 ) ;
#1839 = ORIENTED_EDGE ( 'NONE', *, *, #2802, .T. ) ;
#1840 = AXIS2_PLACEMENT_3D ( 'NONE', #3888, #2033, #2521 ) ;
#1841 = ADVANCED_FACE ( 'NONE', ( #5263 ), #2652, .F. ) ;
#1842 = ORIENTED_EDGE ( 'NONE', *, *, #4, .F. ) ;
#1843 = CARTESIAN_POINT ( 'NONE',  ( 30.14589468389949900, -10.80000000000000071, 6.364617092752020255 ) ) ;
#1844 = LINE ( 'NONE', #3834, #3756 ) ;
#1845 = ADVANCED_FACE ( 'NONE', ( #8024 ), #3878, .F. ) ;
#1846 = LINE ( 'NONE', #4644, #1970 ) ;
#1847 = PLANE ( 'NONE',  #8961 ) ;
#1848 = ADVANCED_FACE ( 'NONE', ( #1884 ), #5945, .F. ) ;
#1849 = ORIENTED_EDGE ( 'NONE', *, *, #6705, .T. ) ;
#1850 = PLANE ( 'NONE',  #884 ) ;
#1851 = ORIENTED_EDGE ( 'NONE', *, *, #672, .F. ) ;
#1852 = CARTESIAN_POINT ( 'NONE',  ( 112.4786796564402067, -10.80000000000000071, -12.59999999999999964 ) ) ;
#1853 = ORIENTED_EDGE ( 'NONE', *, *, #7028, .T. ) ;
#1854 = DIRECTION ( 'NONE',  ( 0.7501120765757850473, 0.000000000000000000, 0.6613107231666242036 ) ) ;
#1855 = EDGE_CURVE ( 'NONE', #3905, #3209, #2469, .T. ) ;
#1856 = DIRECTION ( 'NONE',  ( 0.000000000000000000, 0.8660254037844387076, -0.4999999999999998890 ) ) ;
#1857 = FACE_OUTER_BOUND ( 'NONE', #8568, .T. ) ;
#1858 = ORIENTED_EDGE ( 'NONE', *, *, #7691, .F. ) ;
#1859 = DIRECTION ( 'NONE',  ( -0.6546536707079771977, 0.3779644730092271421, -0.6546536707079771977 ) ) ;
#1860 = ORIENTED_EDGE ( 'NONE', *, *, #808, .T. ) ;
#1861 = EDGE_LOOP ( 'NONE', ( #5162, #1883, #7317 ) ) ;
#1862 = FACE_OUTER_BOUND ( 'NONE', #2337, .T. ) ;
#1863 = CARTESIAN_POINT ( 'NONE',  ( 58.25472463293730385, -7.200000000000000178, -6.364617092752020255 ) ) ;
#1864 = EDGE_CURVE ( 'NONE', #3814, #1821, #1838, .T. ) ;
#1865 = FACE_OUTER_BOUND ( 'NONE', #3541, .T. ) ;
#1866 = ORIENTED_EDGE ( 'NONE', *, *, #97, .T. ) ;
#1867 = DIRECTION ( 'NONE',  ( 0.000000000000000000, 0.000000000000000000, -1.000000000000000000 ) ) ;
#1868 = FACE_OUTER_BOUND ( 'NONE', #8372, .T. ) ;
#1869 = ORIENTED_EDGE ( 'NONE', *, *, #7474, .F. ) ;
#1870 = DIRECTION ( 'NONE',  ( -0.7071067811865470176, 0.000000000000000000, 0.7071067811865480168 ) ) ;
#1871 = CARTESIAN_POINT ( 'NONE',  ( -102.0000000000000000, -6.000000000000000000, 1.665334536937735008E-15 ) ) ;
#1872 = DIRECTION ( 'NONE',  ( 1.000000000000000000, 4.113205965202469727E-32, -3.854941057726239700E-17 ) ) ;
#1873 = ORIENTED_EDGE ( 'NONE', *, *, #8897, .T. ) ;
#1874 = ADVANCED_FACE ( 'NONE', ( #1290 ), #5988, .T. ) ;
#1875 = VECTOR ( 'NONE', #2083, 1000.000000000000000 ) ;
#1876 = PLANE ( 'NONE',  #5998 ) ;
#1877 = FACE_BOUND ( 'NONE', #2471, .T. ) ;
#1878 = CARTESIAN_POINT ( 'NONE',  ( 59.02294734194980208, -10.80000000000000071, 7.864617092752020255 ) ) ;
#1879 = ORIENTED_EDGE ( 'NONE', *, *, #5936, .T. ) ;
#1880 = DIRECTION ( 'NONE',  ( 0.000000000000000000, 1.000000000000000000, 0.000000000000000000 ) ) ;
#1881 = EDGE_LOOP ( 'NONE', ( #6149, #2211, #8092, #6656 ) ) ;
#1882 = VECTOR ( 'NONE', #7780, 1000.000000000000000 ) ;
#1883 = ORIENTED_EDGE ( 'NONE', *, *, #246, .T. ) ;
#1884 = FACE_OUTER_BOUND ( 'NONE', #1810, .T. ) ;
#1885 = EDGE_LOOP ( 'NONE', ( #3484, #7829, #547 ) ) ;
#1886 = EDGE_LOOP ( 'NONE', ( #3695, #3993, #1025 ) ) ;
#1887 = LINE ( 'NONE', #1152, #1279 ) ;
#1888 = VECTOR ( 'NONE', #8031, 1000.000000000000114 ) ;
#1889 = DIRECTION ( 'NONE',  ( 0.7501120765757850473, 0.000000000000000000, -0.6613107231666242036 ) ) ;
#1890 = DIRECTION ( 'NONE',  ( 0.000000000000000000, 1.000000000000000000, 0.000000000000000000 ) ) ;
#1891 = LINE ( 'NONE', #1985, #725 ) ;
#1892 = EDGE_CURVE ( 'NONE', #5889, #443, #1979, .T. ) ;
#1893 = VERTEX_POINT ( 'NONE', #467 ) ;
#1894 = FACE_OUTER_BOUND ( 'NONE', #5217, .T. ) ;
#1895 = ORIENTED_EDGE ( 'NONE', *, *, #329, .T. ) ;
#1896 = PLANE ( 'NONE',  #7745 ) ;
#1897 = EDGE_LOOP ( 'NONE', ( #1990, #5057, #6964 ) ) ;
#1898 = DIRECTION ( 'NONE',  ( 0.000000000000000000, 0.000000000000000000, -1.000000000000000000 ) ) ;
#1899 = EDGE_CURVE ( 'NONE', #4895, #374, #2562, .T. ) ;
#1900 = ORIENTED_EDGE ( 'NONE', *, *, #7447, .T. ) ;
#1901 = VECTOR ( 'NONE', #2458, 1000.000000000000000 ) ;
#1902 = CARTESIAN_POINT ( 'NONE',  ( -91.52132034355979329, -7.200000000000000178, -12.59999999999999964 ) ) ;
#1903 = DIRECTION ( 'NONE',  ( -0.7501120765757851583, 0.000000000000000000, 0.6613107231666243147 ) ) ;
#1904 = VERTEX_POINT ( 'NONE', #4062 ) ;
#1905 = ADVANCED_FACE ( 'NONE', ( #566 ), #3332, .F. ) ;
#1906 = CARTESIAN_POINT ( 'NONE',  ( 6.000000000000000000, -4.657505054874140349, -12.91098820281635895 ) ) ;
#1907 = AXIS2_PLACEMENT_3D ( 'NONE', #2147, #4426, #1619 ) ;
#1908 = VERTEX_POINT ( 'NONE', #6126 ) ;
#1909 = ORIENTED_EDGE ( 'NONE', *, *, #6934, .F. ) ;
#1910 = DIRECTION ( 'NONE',  ( 1.000000000000000000, 0.000000000000000000, 2.018443830920939658E-16 ) ) ;
#1911 = DIRECTION ( 'NONE',  ( 0.000000000000000000, -1.000000000000000000, -1.156482317317869950E-15 ) ) ;
#1912 = EDGE_CURVE ( 'NONE', #2097, #1569, #3600, .T. ) ;
#1913 = DIRECTION ( 'NONE',  ( -9.472892701579828520E-18, 0.000000000000000000, 1.000000000000000000 ) ) ;
#1914 = ORIENTED_EDGE ( 'NONE', *, *, #677, .T. ) ;
#1915 = CARTESIAN_POINT ( 'NONE',  ( -19.47559106388689898, -10.80000000000000071, 6.364617092752020255 ) ) ;
#1916 = CARTESIAN_POINT ( 'NONE',  ( 7.853684177437200375, -1.155325835000556049E-14, 0.000000000000000000 ) ) ;
#1917 = ORIENTED_EDGE ( 'NONE', *, *, #2502, .F. ) ;
#1918 = LINE ( 'NONE', #1230, #7578 ) ;
#1919 = FACE_OUTER_BOUND ( 'NONE', #2277, .T. ) ;
#1920 = DIRECTION ( 'NONE',  ( -1.000000000000000000, 0.000000000000000000, 0.000000000000000000 ) ) ;
#1921 = EDGE_LOOP ( 'NONE', ( #5220, #8636, #8068 ) ) ;
#1922 = AXIS2_PLACEMENT_3D ( 'NONE', #5406, #6802, #3375 ) ;
#1923 = DIRECTION ( 'NONE',  ( -0.8615268990046556219, 5.417265015047506661E-16, -0.5077119284509886699 ) ) ;
#1924 = CARTESIAN_POINT ( 'NONE',  ( 78.98959217818980960, 10.80000000000000071, -6.364617092752020255 ) ) ;
#1925 = DIRECTION ( 'NONE',  ( -1.708035422500250146E-15, 0.000000000000000000, 1.000000000000000000 ) ) ;
#1926 = ORIENTED_EDGE ( 'NONE', *, *, #2391, .T. ) ;
#1927 = CARTESIAN_POINT ( 'NONE',  ( 146.6309003458194127, -10.80000000000000071, -6.364617092752020255 ) ) ;
#1928 = VERTEX_POINT ( 'NONE', #3472 ) ;
#1929 = ORIENTED_EDGE ( 'NONE', *, *, #2784, .F. ) ;
#1930 = ADVANCED_FACE ( 'NONE', ( #103 ), #6306, .F. ) ;
#1931 = FACE_OUTER_BOUND ( 'NONE', #560, .T. ) ;
#1932 = VERTEX_POINT ( 'NONE', #5629 ) ;
#1933 = ORIENTED_EDGE ( 'NONE', *, *, #1562, .F. ) ;
#1934 = LINE ( 'NONE', #8754, #2891 ) ;
#1935 = DIRECTION ( 'NONE',  ( 0.000000000000000000, 1.000000000000000000, 0.000000000000000000 ) ) ;
#1936 = DIRECTION ( 'NONE',  ( -0.6613107231666237595, 0.000000000000000000, 0.7501120765757856024 ) ) ;
#1937 = EDGE_CURVE ( 'NONE', #2936, #2403, #4239, .T. ) ;
#1938 = EDGE_LOOP ( 'NONE', ( #2248, #4822, #8788, #2520 ) ) ;
#1939 = FACE_OUTER_BOUND ( 'NONE', #889, .T. ) ;
#1940 = ORIENTED_EDGE ( 'NONE', *, *, #1414, .T. ) ;
#1941 = CARTESIAN_POINT ( 'NONE',  ( -201.0000000000000000, -7.200000000000000178, 6.364617092752020255 ) ) ;
#1942 = CARTESIAN_POINT ( 'NONE',  ( -113.5393398282203918, -7.200000000000000178, 13.66066017177984016 ) ) ;
#1943 = ORIENTED_EDGE ( 'NONE', *, *, #3408, .T. ) ;
#1944 = ADVANCED_FACE ( 'NONE', ( #3429 ), #3514, .F. ) ;
#1945 = DIRECTION ( 'NONE',  ( -0.000000000000000000, 0.4999999999999998890, 0.8660254037844387076 ) ) ;
#1946 = PLANE ( 'NONE',  #4284 ) ;
#1947 = DIRECTION ( 'NONE',  ( 0.000000000000000000, 1.000000000000000000, 0.000000000000000000 ) ) ;
#1948 = ORIENTED_EDGE ( 'NONE', *, *, #1498, .T. ) ;
#1949 = VECTOR ( 'NONE', #5520, 1000.000000000000114 ) ;
#1950 = ORIENTED_EDGE ( 'NONE', *, *, #4072, .F. ) ;
#1951 = CARTESIAN_POINT ( 'NONE',  ( -186.0000000000000000, -5.196152422706630247, 12.59999999999999964 ) ) ;
#1952 = CARTESIAN_POINT ( 'NONE',  ( 58.25472463293730385, -10.80000000000000071, -6.364617092752020255 ) ) ;
#1953 = ADVANCED_FACE ( 'NONE', ( #652 ), #2199, .T. ) ;
#1954 = ADVANCED_FACE ( 'NONE', ( #56 ), #1513, .T. ) ;
#1955 = VECTOR ( 'NONE', #6871, 1000.000000000000000 ) ;
#1956 = DIRECTION ( 'NONE',  ( -0.000000000000000000, 1.000000000000000000, 0.000000000000000000 ) ) ;
#1957 = ORIENTED_EDGE ( 'NONE', *, *, #7296, .F. ) ;
#1958 = LINE ( 'NONE', #8329, #6339 ) ;
#1959 = CARTESIAN_POINT ( 'NONE',  ( -204.0000000000000000, 0.000000000000000000, 0.000000000000000000 ) ) ;
#1960 = ORIENTED_EDGE ( 'NONE', *, *, #38, .F. ) ;
#1961 = AXIS2_PLACEMENT_3D ( 'NONE', #3399, #4130, #7499 ) ;
#1962 = EDGE_CURVE ( 'NONE', #8682, #2306, #6176, .T. ) ;
#1963 = VECTOR ( 'NONE', #625, 1000.000000000000114 ) ;
#1964 = FACE_OUTER_BOUND ( 'NONE', #7293, .T. ) ;
#1965 = VECTOR ( 'NONE', #3425, 1000.000000000000000 ) ;
#1966 = CARTESIAN_POINT ( 'NONE',  ( 15.70736835487440075, -10.80000000000000071, 4.500000000000000000 ) ) ;
#1967 = VERTEX_POINT ( 'NONE', #7521 ) ;
#1968 = EDGE_CURVE ( 'NONE', #7166, #7010, #17, .T. ) ;
#1969 = AXIS2_PLACEMENT_3D ( 'NONE', #6662, #8107, #7284 ) ;
#1970 = VECTOR ( 'NONE', #7390, 1000.000000000000000 ) ;
#1971 = DIRECTION ( 'NONE',  ( 0.7071067811865480168, 0.000000000000000000, -0.7071067811865470176 ) ) ;
#1972 = LINE ( 'NONE', #3422, #582 ) ;
#1973 = CARTESIAN_POINT ( 'NONE',  ( 91.52132034355979329, -7.200000000000000178, 12.59999999999999964 ) ) ;
#1974 = ORIENTED_EDGE ( 'NONE', *, *, #7296, .T. ) ;
#1975 = LINE ( 'NONE', #606, #4143 ) ;
#1976 = VECTOR ( 'NONE', #127, 1000.000000000000000 ) ;
#1977 = VECTOR ( 'NONE', #8726, 1000.000000000000000 ) ;
#1978 = ORIENTED_EDGE ( 'NONE', *, *, #3891, .T. ) ;
#1979 = LINE ( 'NONE', #7430, #5803 ) ;
#1980 = ORIENTED_EDGE ( 'NONE', *, *, #2700, .T. ) ;
#1981 = VERTEX_POINT ( 'NONE', #7696 ) ;
#1982 = CARTESIAN_POINT ( 'NONE',  ( 85.76116934474099196, -7.200000000000000178, -6.364617092752079763 ) ) ;
#1983 = ADVANCED_FACE ( 'NONE', ( #699 ), #4277, .F. ) ;
#1984 = CARTESIAN_POINT ( 'NONE',  ( -201.0000000000000000, -7.200000000000000178, 6.364617092752020255 ) ) ;
#1985 = CARTESIAN_POINT ( 'NONE',  ( -9.000000000000000000, -10.80000000000000071, -45.00000000000000000 ) ) ;
#1986 = ORIENTED_EDGE ( 'NONE', *, *, #4688, .T. ) ;
#1987 = DIRECTION ( 'NONE',  ( 0.8051314262087321261, 0.000000000000000000, -0.5930964394861030220 ) ) ;
#1988 = ORIENTED_EDGE ( 'NONE', *, *, #4538, .T. ) ;
#1989 = LINE ( 'NONE', #6680, #1549 ) ;
#1990 = ORIENTED_EDGE ( 'NONE', *, *, #2239, .F. ) ;
#1991 = CARTESIAN_POINT ( 'NONE',  ( 86.40000000000000568, -10.80000000000000071, -15.59999999999999964 ) ) ;
#1992 = STYLED_ITEM ( 'NONE', ( #5724 ), #1741 ) ;
#1993 = EDGE_LOOP ( 'NONE', ( #5155, #3147, #5981, #2606 ) ) ;
#1994 = EDGE_CURVE ( 'NONE', #2154, #3759, #5536, .T. ) ;
#1995 = DIRECTION ( 'NONE',  ( -1.000000000000000000, 0.000000000000000000, 0.000000000000000000 ) ) ;
#1996 = CARTESIAN_POINT ( 'NONE',  ( -29.12736231646865193, -10.80000000000000071, -6.364617092752020255 ) ) ;
#1997 = PLANE ( 'NONE',  #8179 ) ;
#1998 = LINE ( 'NONE', #2765, #2822 ) ;
#1999 = ORIENTED_EDGE ( 'NONE', *, *, #6102, .F. ) ;
#2000 = ORIENTED_EDGE ( 'NONE', *, *, #4949, .F. ) ;
#2001 = LINE ( 'NONE', #1315, #5990 ) ;
#2002 = DIRECTION ( 'NONE',  ( 0.7128487565933357972, 0.000000000000000000, -0.7013177954560507743 ) ) ;
#2003 = DIRECTION ( 'NONE',  ( 0.000000000000000000, -1.000000000000000000, 0.000000000000000000 ) ) ;
#2004 = VERTEX_POINT ( 'NONE', #8254 ) ;
#2005 = DIRECTION ( 'NONE',  ( -1.000000000000000000, 0.000000000000000000, 0.000000000000000000 ) ) ;
#2006 = CARTESIAN_POINT ( 'NONE',  ( 186.0000000000000000, -10.80000000000000071, 12.59999999999999964 ) ) ;
#2007 = VERTEX_POINT ( 'NONE', #829 ) ;
#2008 = EDGE_CURVE ( 'NONE', #4446, #7477, #8343, .T. ) ;
#2009 = DIRECTION ( 'NONE',  ( 1.569930614208549994E-15, -1.066995812285799955E-15, 1.000000000000000000 ) ) ;
#2010 = VECTOR ( 'NONE', #5687, 1000.000000000000000 ) ;
#2011 = DIRECTION ( 'NONE',  ( 1.000000000000000000, 0.000000000000000000, 9.472892701579828520E-18 ) ) ;
#2012 = ORIENTED_EDGE ( 'NONE', *, *, #4017, .F. ) ;
#2013 = EDGE_CURVE ( 'NONE', #3714, #4176, #2746, .T. ) ;
#2014 = LINE ( 'NONE', #2824, #5849 ) ;
#2015 = FACE_OUTER_BOUND ( 'NONE', #6625, .T. ) ;
#2016 = DIRECTION ( 'NONE',  ( -1.000000000000000000, 0.000000000000000000, 0.000000000000000000 ) ) ;
#2017 = ORIENTED_EDGE ( 'NONE', *, *, #7756, .F. ) ;
#2018 = FACE_OUTER_BOUND ( 'NONE', #190, .T. ) ;
#2019 = ADVANCED_FACE ( 'NONE', ( #8936 ), #2065, .T. ) ;
#2020 = DIRECTION ( 'NONE',  ( 1.000000000000000000, 0.000000000000000000, 0.000000000000000000 ) ) ;
#2021 = VECTOR ( 'NONE', #4965, 1000.000000000000114 ) ;
#2022 = DIRECTION ( 'NONE',  ( -1.000000000000000000, 0.000000000000000000, 2.018443830920939658E-16 ) ) ;
#2023 = EDGE_LOOP ( 'NONE', ( #1929, #6635, #7530, #5166 ) ) ;
#2024 = ORIENTED_EDGE ( 'NONE', *, *, #4971, .T. ) ;
#2025 = EDGE_CURVE ( 'NONE', #4156, #6985, #1428, .T. ) ;
#2026 = CARTESIAN_POINT ( 'NONE',  ( -30.14589468389949900, -10.80000000000000071, -3.042492089611705364 ) ) ;
#2027 = CARTESIAN_POINT ( 'NONE',  ( -94.63933982822040036, -7.200000000000000178, 6.661338147750959753E-15 ) ) ;
#2028 = PLANE ( 'NONE',  #3336 ) ;
#2029 = VECTOR ( 'NONE', #2159, 1000.000000000000000 ) ;
#2030 = EDGE_LOOP ( 'NONE', ( #3407, #5380, #5367 ) ) ;
#2031 = DIRECTION ( 'NONE',  ( -0.8051314262087322371, 0.000000000000000000, 0.5930964394861031330 ) ) ;
#2032 = DIRECTION ( 'NONE',  ( 1.569930614208549994E-15, -1.066995812285799955E-15, 1.000000000000000000 ) ) ;
#2033 = DIRECTION ( 'NONE',  ( -0.000000000000000000, 1.000000000000000000, 0.000000000000000000 ) ) ;
#2034 = ORIENTED_EDGE ( 'NONE', *, *, #8926, .T. ) ;
#2035 = DIRECTION ( 'NONE',  ( -1.000000000000000000, 0.000000000000000000, 3.854941057726239700E-17 ) ) ;
#2036 = EDGE_CURVE ( 'NONE', #7750, #6100, #7657, .T. ) ;
#2037 = ORIENTED_EDGE ( 'NONE', *, *, #446, .F. ) ;
#2038 = VECTOR ( 'NONE', #2361, 1000.000000000000000 ) ;
#2039 = LINE ( 'NONE', #6141, #1581 ) ;
#2040 = DIRECTION ( 'NONE',  ( 1.000000000000000000, 4.113205965202469727E-32, -3.854941057726239700E-17 ) ) ;
#2041 = DIRECTION ( 'NONE',  ( 0.000000000000000000, 0.000000000000000000, -1.000000000000000000 ) ) ;
#2042 = DIRECTION ( 'NONE',  ( 0.000000000000000000, -1.000000000000000000, -1.156482317317869950E-15 ) ) ;
#2043 = VERTEX_POINT ( 'NONE', #3556 ) ;
#2044 = EDGE_LOOP ( 'NONE', ( #4378, #304, #6591, #8685 ) ) ;
#2045 = VECTOR ( 'NONE', #7962, 1000.000000000000000 ) ;
#2046 = CARTESIAN_POINT ( 'NONE',  ( -6.000000000000000000, -4.657505054874140349, -12.91098820281635895 ) ) ;
#2047 = EDGE_CURVE ( 'NONE', #116, #2443, #3733, .T. ) ;
#2048 = LINE ( 'NONE', #8960, #1949 ) ;
#2049 = VECTOR ( 'NONE', #3569, 1000.000000000000000 ) ;
#2050 = DIRECTION ( 'NONE',  ( 0.000000000000000000, 1.000000000000000000, 0.000000000000000000 ) ) ;
#2051 = ORIENTED_EDGE ( 'NONE', *, *, #3667, .F. ) ;
#2052 = DIRECTION ( 'NONE',  ( 0.000000000000000000, 1.000000000000000000, 0.000000000000000000 ) ) ;
#2053 = LINE ( 'NONE', #4046, #4002 ) ;
#2054 = ORIENTED_EDGE ( 'NONE', *, *, #689, .F. ) ;
#2055 = ADVANCED_FACE ( 'NONE', ( #8557 ), #6476, .T. ) ;
#2056 = CARTESIAN_POINT ( 'NONE',  ( -73.46147367097499625, -10.80000000000000071, -6.364617092752079763 ) ) ;
#2057 = CARTESIAN_POINT ( 'NONE',  ( 102.0000000000000000, -7.200000000000000178, 2.121320343559645050 ) ) ;
#2058 = ORIENTED_EDGE ( 'NONE', *, *, #6614, .T. ) ;
#2059 = EDGE_CURVE ( 'NONE', #8957, #3125, #5079, .T. ) ;
#2060 = LINE ( 'NONE', #7515, #2249 ) ;
#2061 = LINE ( 'NONE', #4811, #4618 ) ;
#2062 = CARTESIAN_POINT ( 'NONE',  ( -43.81619830391214521, -10.80000000000000071, 6.364617092752020255 ) ) ;
#2063 = ORIENTED_EDGE ( 'NONE', *, *, #698, .F. ) ;
#2064 = DIRECTION ( 'NONE',  ( 0.000000000000000000, 1.000000000000000000, 0.000000000000000000 ) ) ;
#2065 = PLANE ( 'NONE',  #6012 ) ;
#2066 = VERTEX_POINT ( 'NONE', #7786 ) ;
#2067 = VERTEX_POINT ( 'NONE', #911 ) ;
#2068 = EDGE_CURVE ( 'NONE', #2101, #5144, #2286, .T. ) ;
#2069 = ADVANCED_FACE ( 'NONE', ( #8424 ), #2240, .T. ) ;
#2070 = DIRECTION ( 'NONE',  ( -1.000000000000000000, 0.000000000000000000, 0.000000000000000000 ) ) ;
#2071 = DIRECTION ( 'NONE',  ( 0.000000000000000000, -1.000000000000000000, -1.156482317317869950E-15 ) ) ;
#2072 = ORIENTED_EDGE ( 'NONE', *, *, #3171, .T. ) ;
#2073 = CARTESIAN_POINT ( 'NONE',  ( 60.52294734194999393, -7.200000000000000178, -8.364318266538539604 ) ) ;
#2074 = EDGE_LOOP ( 'NONE', ( #3000, #4185, #1424 ) ) ;
#2075 = EDGE_CURVE ( 'NONE', #918, #4033, #1639, .T. ) ;
#2076 = LINE ( 'NONE', #708, #7087 ) ;
#2077 = DIRECTION ( 'NONE',  ( -1.066995812285820071E-15, -1.066995812285799955E-15, 1.000000000000000000 ) ) ;
#2078 = LINE ( 'NONE', #4827, #8476 ) ;
#2079 = ORIENTED_EDGE ( 'NONE', *, *, #2559, .F. ) ;
#2080 = CARTESIAN_POINT ( 'NONE',  ( -15.10500000000000043, -0.8000000000000003775, 3.900000000000000355 ) ) ;
#2081 = ORIENTED_EDGE ( 'NONE', *, *, #3402, .T. ) ;
#2082 = ADVANCED_FACE ( 'NONE', ( #2366 ), #6394, .T. ) ;
#2083 = DIRECTION ( 'NONE',  ( 0.000000000000000000, 0.000000000000000000, 1.000000000000000000 ) ) ;
#2084 = CARTESIAN_POINT ( 'NONE',  ( -39.24926920291829902, -7.200000000000000178, -1.661062501570174987 ) ) ;
#2085 = CARTESIAN_POINT ( 'NONE',  ( 104.1213203435598018, -7.200000000000000178, 9.992007221626378887E-15 ) ) ;
#2086 = CARTESIAN_POINT ( 'NONE',  ( -23.09999999999999787, 10.80000000000000071, -6.377972917372319195 ) ) ;
#2087 = ORIENTED_EDGE ( 'NONE', *, *, #8480, .T. ) ;
#2088 = VERTEX_POINT ( 'NONE', #3687 ) ;
#2089 = PLANE ( 'NONE',  #399 ) ;
#2090 = LINE ( 'NONE', #4842, #1792 ) ;
#2091 = VECTOR ( 'NONE', #545, 1000.000000000000000 ) ;
#2092 = DIRECTION ( 'NONE',  ( 0.000000000000000000, 1.000000000000000000, 0.000000000000000000 ) ) ;
#2093 = EDGE_LOOP ( 'NONE', ( #950, #2161, #2410, #2470 ) ) ;
#2094 = ADVANCED_FACE ( 'NONE', ( #5038 ), #5165, .T. ) ;
#2095 = FACE_OUTER_BOUND ( 'NONE', #7904, .T. ) ;
#2096 = LINE ( 'NONE', #6204, #4715 ) ;
#2097 = VERTEX_POINT ( 'NONE', #7065 ) ;
#2098 = CARTESIAN_POINT ( 'NONE',  ( -15.70736835487440075, -10.80000000000000071, 4.500000000000000000 ) ) ;
#2099 = CARTESIAN_POINT ( 'NONE',  ( -181.1909003458195002, -10.80000000000000071, -6.364617092752020255 ) ) ;
#2100 = VECTOR ( 'NONE', #1494, 1000.000000000000000 ) ;
#2101 = VERTEX_POINT ( 'NONE', #5714 ) ;
#2102 = EDGE_CURVE ( 'NONE', #521, #3229, #7194, .T. ) ;
#2103 = CARTESIAN_POINT ( 'NONE',  ( -15.10500000000000043, -0.8000000000000003775, 3.900000000000000355 ) ) ;
#2104 = DIRECTION ( 'NONE',  ( 0.4999999999999998890, 0.8660254037844387076, -1.037503751156399619E-16 ) ) ;
#2105 = VECTOR ( 'NONE', #1898, 1000.000000000000000 ) ;
#2106 = VECTOR ( 'NONE', #4507, 1000.000000000000000 ) ;
#2107 = DIRECTION ( 'NONE',  ( 0.000000000000000000, 1.000000000000000000, 0.000000000000000000 ) ) ;
#2108 = VERTEX_POINT ( 'NONE', #1002 ) ;
#2109 = VECTOR ( 'NONE', #6026, 1000.000000000000000 ) ;
#2110 = CARTESIAN_POINT ( 'NONE',  ( 102.0000000000000000, -10.80000000000000071, -2.121320343559629951 ) ) ;
#2111 = DIRECTION ( 'NONE',  ( 0.000000000000000000, 1.000000000000000000, 1.156482317317869950E-15 ) ) ;
#2112 = ORIENTED_EDGE ( 'NONE', *, *, #2710, .F. ) ;
#2113 = VECTOR ( 'NONE', #7058, 1000.000000000000000 ) ;
#2114 = AXIS2_PLACEMENT_3D ( 'NONE', #3156, #7344, #6676 ) ;
#2115 = ORIENTED_EDGE ( 'NONE', *, *, #1968, .T. ) ;
#2116 = AXIS2_PLACEMENT_3D ( 'NONE', #7900, #1711, #982 ) ;
#2117 = CARTESIAN_POINT ( 'NONE',  ( 0.000000000000000000, -10.80000000000000071, -9.364617092752020255 ) ) ;
#2118 = DIRECTION ( 'NONE',  ( 0.000000000000000000, 1.000000000000000000, 1.156482317317869950E-15 ) ) ;
#2119 = ORIENTED_EDGE ( 'NONE', *, *, #6742, .T. ) ;
#2120 = VECTOR ( 'NONE', #2041, 1000.000000000000000 ) ;
#2121 = AXIS2_PLACEMENT_3D ( 'NONE', #2828, #8339, #2785 ) ;
#2122 = VERTEX_POINT ( 'NONE', #960 ) ;
#2123 = ADVANCED_FACE ( 'NONE', ( #7919 ), #8473, .T. ) ;
#2124 = CARTESIAN_POINT ( 'NONE',  ( 15.10500000000000043, -10.80000000000000071, -3.899999999999999911 ) ) ;
#2125 = CARTESIAN_POINT ( 'NONE',  ( 46.19999999999999574, 10.80000000000000071, 4.275303338208110482 ) ) ;
#2126 = VECTOR ( 'NONE', #3092, 1000.000000000000000 ) ;
#2127 = DIRECTION ( 'NONE',  ( -0.7071067811865470176, 0.000000000000000000, -0.7071067811865480168 ) ) ;
#2128 = ORIENTED_EDGE ( 'NONE', *, *, #6884, .F. ) ;
#2129 = LINE ( 'NONE', #1440, #64 ) ;
#2130 = ORIENTED_EDGE ( 'NONE', *, *, #7779, .T. ) ;
#2131 = ADVANCED_FACE ( 'NONE', ( #1043 ), #7105, .T. ) ;
#2132 = CARTESIAN_POINT ( 'NONE',  ( 112.0826458241988064, -10.80000000000000071, 44.54366739550789589 ) ) ;
#2133 = ADVANCED_FACE ( 'NONE', ( #3777 ), #2959, .T. ) ;
#2134 = LINE ( 'NONE', #3577, #7574 ) ;
#2135 = CARTESIAN_POINT ( 'NONE',  ( 29.37767197488699722, -7.200000000000000178, -6.364617092752020255 ) ) ;
#2136 = DIRECTION ( 'NONE',  ( -1.000000000000000000, 0.000000000000000000, 0.000000000000000000 ) ) ;
#2137 = EDGE_CURVE ( 'NONE', #3511, #4591, #8513, .T. ) ;
#2138 = ORIENTED_EDGE ( 'NONE', *, *, #5046, .T. ) ;
#2139 = CARTESIAN_POINT ( 'NONE',  ( -26.10000000000000142, 10.80000000000000071, 6.364617092752020255 ) ) ;
#2140 = CARTESIAN_POINT ( 'NONE',  ( 168.9690996541804964, -10.80000000000000071, 6.364617092752020255 ) ) ;
#2141 = EDGE_CURVE ( 'NONE', #8287, #3920, #5796, .T. ) ;
#2142 = CARTESIAN_POINT ( 'NONE',  ( -123.5454564631644132, -7.200000000000000178, 1.568602665671015028 ) ) ;
#2143 = ORIENTED_EDGE ( 'NONE', *, *, #7789, .F. ) ;
#2144 = DIRECTION ( 'NONE',  ( 0.000000000000000000, 0.000000000000000000, 1.000000000000000000 ) ) ;
#2145 = DIRECTION ( 'NONE',  ( 0.8615268990046552888, -5.417265015047510606E-16, 0.5077119284509891139 ) ) ;
#2146 = EDGE_LOOP ( 'NONE', ( #6293, #2608, #5084 ) ) ;
#2147 = CARTESIAN_POINT ( 'NONE',  ( 130.3799999999999955, -10.80000000000000071, 3.227411761409994639 ) ) ;
#2148 = CARTESIAN_POINT ( 'NONE',  ( 0.000000000000000000, 0.000000000000000000, -36.00000000000000000 ) ) ;
#2149 = ORIENTED_EDGE ( 'NONE', *, *, #5156, .T. ) ;
#2150 = ADVANCED_FACE ( 'NONE', ( #4402 ), #7375, .F. ) ;
#2151 = PLANE ( 'NONE',  #8448 ) ;
#2152 = CARTESIAN_POINT ( 'NONE',  ( 0.000000000000000000, -10.80000000000000071, -9.364617092752020255 ) ) ;
#2153 = DIRECTION ( 'NONE',  ( 1.000000000000000000, 0.000000000000000000, 0.000000000000000000 ) ) ;
#2154 = VERTEX_POINT ( 'NONE', #1828 ) ;
#2155 = FACE_OUTER_BOUND ( 'NONE', #1836, .T. ) ;
#2156 = EDGE_CURVE ( 'NONE', #4582, #5872, #364, .T. ) ;
#2157 = DIRECTION ( 'NONE',  ( -1.000000000000000000, 0.000000000000000000, 9.472892701579828520E-18 ) ) ;
#2158 = ORIENTED_EDGE ( 'NONE', *, *, #4023, .T. ) ;
#2159 = DIRECTION ( 'NONE',  ( 0.000000000000000000, 1.000000000000000000, 0.000000000000000000 ) ) ;
#2160 = CARTESIAN_POINT ( 'NONE',  ( -86.40000000000000568, -7.705048770837778628E-16, 15.59999999999974918 ) ) ;
#2161 = ORIENTED_EDGE ( 'NONE', *, *, #3059, .T. ) ;
#2162 = ORIENTED_EDGE ( 'NONE', *, *, #7895, .T. ) ;
#2163 = VECTOR ( 'NONE', #6023, 1000.000000000000000 ) ;
#2164 = EDGE_CURVE ( 'NONE', #6533, #5821, #4674, .T. ) ;
#2165 = LINE ( 'NONE', #5546, #7809 ) ;
#2166 = DIRECTION ( 'NONE',  ( 0.000000000000000000, -1.000000000000000000, 0.000000000000000000 ) ) ;
#2167 = FACE_OUTER_BOUND ( 'NONE', #4540, .T. ) ;
#2168 = ORIENTED_EDGE ( 'NONE', *, *, #5493, .F. ) ;
#2169 = PLANE ( 'NONE',  #1068 ) ;
#2170 = VERTEX_POINT ( 'NONE', #5888 ) ;
#2171 = VECTOR ( 'NONE', #2011, 1000.000000000000000 ) ;
#2172 = VECTOR ( 'NONE', #5225, 1000.000000000000000 ) ;
#2173 = LINE ( 'NONE', #4924, #1875 ) ;
#2174 = ADVANCED_FACE ( 'NONE', ( #2500 ), #5250, .T. ) ;
#2175 = DIRECTION ( 'NONE',  ( 0.000000000000000000, -1.000000000000000000, 0.000000000000000000 ) ) ;
#2176 = LINE ( 'NONE', #4466, #8818 ) ;
#2177 = LINE ( 'NONE', #4297, #4839 ) ;
#2178 = ORIENTED_EDGE ( 'NONE', *, *, #309, .F. ) ;
#2179 = CARTESIAN_POINT ( 'NONE',  ( -26.10000000000000142, 10.80000000000000071, -3.391328741992555074 ) ) ;
#2180 = AXIS2_PLACEMENT_3D ( 'NONE', #3432, #2070, #787 ) ;
#2181 = CARTESIAN_POINT ( 'NONE',  ( -77.10030432623400998, -7.200000000000000178, 6.364617092752020255 ) ) ;
#2182 = EDGE_CURVE ( 'NONE', #8648, #6429, #1235, .T. ) ;
#2183 = VECTOR ( 'NONE', #7781, 1000.000000000000114 ) ;
#2184 = CARTESIAN_POINT ( 'NONE',  ( 186.0000000000000000, 1.999519052838325317, 14.44557713659398068 ) ) ;
#2185 = EDGE_LOOP ( 'NONE', ( #5279, #450, #6687, #2115, #8229, #1430 ) ) ;
#2186 = CARTESIAN_POINT ( 'NONE',  ( 47.58442101292460080, -10.80000000000000071, -6.364617092752020255 ) ) ;
#2187 = CARTESIAN_POINT ( 'NONE',  ( 91.52132034355979329, -10.80000000000000071, 12.59999999999999964 ) ) ;
#2188 = VERTEX_POINT ( 'NONE', #1966 ) ;
#2189 = CARTESIAN_POINT ( 'NONE',  ( 204.0000000000000000, 8.699999999999999289, 0.000000000000000000 ) ) ;
#2190 = EDGE_CURVE ( 'NONE', #4734, #6643, #4722, .T. ) ;
#2191 = CARTESIAN_POINT ( 'NONE',  ( -52.27504693368549482, 10.80000000000000071, -4.682308546376040326 ) ) ;
#2192 = ORIENTED_EDGE ( 'NONE', *, *, #6521, .T. ) ;
#2193 = DIRECTION ( 'NONE',  ( 7.709882115452469538E-17, -1.156482317317869950E-15, 1.000000000000000000 ) ) ;
#2194 = CARTESIAN_POINT ( 'NONE',  ( 174.8333860441489946, 7.200000000000000178, 6.364617092752020255 ) ) ;
#2195 = DIRECTION ( 'NONE',  ( 0.000000000000000000, -1.000000000000000000, 0.000000000000000000 ) ) ;
#2196 = ORIENTED_EDGE ( 'NONE', *, *, #8862, .F. ) ;
#2197 = DIRECTION ( 'NONE',  ( 0.000000000000000000, -1.000000000000000000, 0.000000000000000000 ) ) ;
#2198 = VECTOR ( 'NONE', #8306, 1000.000000000000000 ) ;
#2199 = PLANE ( 'NONE',  #312 ) ;
#2200 = ORIENTED_EDGE ( 'NONE', *, *, #4010, .F. ) ;
#2201 = DIRECTION ( 'NONE',  ( 0.000000000000000000, -1.000000000000000000, 0.000000000000000000 ) ) ;
#2202 = DIRECTION ( 'NONE',  ( 0.000000000000000000, 0.000000000000000000, -1.000000000000000000 ) ) ;
#2203 = ORIENTED_EDGE ( 'NONE', *, *, #1542, .T. ) ;
#2204 = ORIENTED_EDGE ( 'NONE', *, *, #6879, .F. ) ;
#2205 = EDGE_CURVE ( 'NONE', #8295, #1521, #3228, .T. ) ;
#2206 = DIRECTION ( 'NONE',  ( -1.000000000000000000, 7.704744867329349861E-32, -7.220970109361239161E-17 ) ) ;
#2207 = CARTESIAN_POINT ( 'NONE',  ( 104.1213203435598018, -10.80000000000000071, 9.992007221626378887E-15 ) ) ;
#2208 = DIRECTION ( 'NONE',  ( 7.709882115452469538E-17, 0.000000000000000000, 1.000000000000000000 ) ) ;
#2209 = ORIENTED_EDGE ( 'NONE', *, *, #8504, .T. ) ;
#2210 = CARTESIAN_POINT ( 'NONE',  ( -15.70736835487440075, -10.80000000000000071, 4.500000000000000000 ) ) ;
#2211 = ORIENTED_EDGE ( 'NONE', *, *, #8360, .T. ) ;
#2212 = EDGE_CURVE ( 'NONE', #1569, #372, #8893, .T. ) ;
#2213 = LINE ( 'NONE', #74, #3172 ) ;
#2214 = DIRECTION ( 'NONE',  ( 0.000000000000000000, 0.000000000000000000, -1.000000000000000000 ) ) ;
#2215 = DIRECTION ( 'NONE',  ( -9.472892701579828520E-18, 0.000000000000000000, -1.000000000000000000 ) ) ;
#2216 = FACE_OUTER_BOUND ( 'NONE', #6447, .T. ) ;
#2217 = ORIENTED_EDGE ( 'NONE', *, *, #570, .T. ) ;
#2218 = CARTESIAN_POINT ( 'NONE',  ( -46.19999999999999574, 10.80000000000000071, -6.364617092752020255 ) ) ;
#2219 = ADVANCED_FACE ( 'NONE', ( #8057 ), #7278, .T. ) ;
#2220 = DIRECTION ( 'NONE',  ( -0.4999999999999998890, 0.000000000000000000, 0.8660254037844387076 ) ) ;
#2221 = VERTEX_POINT ( 'NONE', #7466 ) ;
#2222 = LINE ( 'NONE', #4975, #5259 ) ;
#2223 = ORIENTED_EDGE ( 'NONE', *, *, #3289, .T. ) ;
#2224 = ADVANCED_FACE ( 'NONE', ( #8783, #6701, #5934 ), #6028, .F. ) ;
#2225 = EDGE_CURVE ( 'NONE', #2423, #5583, #8642, .T. ) ;
#2226 = CARTESIAN_POINT ( 'NONE',  ( 39.34046404268760000, -10.80000000000000071, 14.30989786759091942 ) ) ;
#2227 = CARTESIAN_POINT ( 'NONE',  ( -86.40000000000000568, -10.80000000000000071, -2.784647752018639899 ) ) ;
#2228 = ORIENTED_EDGE ( 'NONE', *, *, #1670, .F. ) ;
#2229 = EDGE_CURVE ( 'NONE', #4427, #2004, #2459, .T. ) ;
#2230 = CARTESIAN_POINT ( 'NONE',  ( 67.32851564092200647, -10.80000000000000071, 32.55016401551829830 ) ) ;
#2231 = DIRECTION ( 'NONE',  ( 0.000000000000000000, 1.000000000000000000, 0.000000000000000000 ) ) ;
#2232 = EDGE_CURVE ( 'NONE', #5252, #8161, #4581, .T. ) ;
#2233 = CARTESIAN_POINT ( 'NONE',  ( -130.3799999999999955, -10.80000000000000071, 3.227411761409994639 ) ) ;
#2234 = DIRECTION ( 'NONE',  ( 0.000000000000000000, 1.000000000000000000, 0.000000000000000000 ) ) ;
#2235 = EDGE_LOOP ( 'NONE', ( #1999, #2742, #485 ) ) ;
#2236 = LINE ( 'NONE', #1599, #4407 ) ;
#2237 = CARTESIAN_POINT ( 'NONE',  ( 0.000000000000000000, 10.80000000000000071, -9.364617092752020255 ) ) ;
#2238 = PRODUCT_DEFINITION_FORMATION_WITH_SPECIFIED_SOURCE ( 'ANY', '', #79, .NOT_KNOWN. ) ;
#2239 = EDGE_CURVE ( 'NONE', #5398, #4001, #8831, .T. ) ;
#2240 = PLANE ( 'NONE',  #2549 ) ;
#2241 = VERTEX_POINT ( 'NONE', #1777 ) ;
#2242 = VECTOR ( 'NONE', #6109, 1000.000000000000000 ) ;
#2243 = AXIS2_PLACEMENT_3D ( 'NONE', #5925, #6652, #2720 ) ;
#2244 = VECTOR ( 'NONE', #2649, 1000.000000000000000 ) ;
#2245 = FACE_BOUND ( 'NONE', #3966, .T. ) ;
#2246 = LINE ( 'NONE', #3739, #6567 ) ;
#2247 = VERTEX_POINT ( 'NONE', #7329 ) ;
#2248 = ORIENTED_EDGE ( 'NONE', *, *, #4949, .T. ) ;
#2249 = VECTOR ( 'NONE', #4100, 1000.000000000000000 ) ;
#2250 = AXIS2_PLACEMENT_3D ( 'NONE', #7424, #1190, #3917 ) ;
#2251 = LINE ( 'NONE', #5008, #149 ) ;
#2252 = PLANE ( 'NONE',  #1686 ) ;
#2253 = AXIS2_PLACEMENT_3D ( 'NONE', #697, #4194, #4950 ) ;
#2254 = VERTEX_POINT ( 'NONE', #3868 ) ;
#2255 = DIRECTION ( 'NONE',  ( -0.7128487565933357972, 0.000000000000000000, 0.7013177954560507743 ) ) ;
#2256 = ORIENTED_EDGE ( 'NONE', *, *, #4361, .T. ) ;
#2257 = ADVANCED_FACE ( 'NONE', ( #1136 ), #6660, .F. ) ;
#2258 = CARTESIAN_POINT ( 'NONE',  ( 60.07504693368539961, 3.000000000000000000, -13.86794919243113888 ) ) ;
#2259 = VECTOR ( 'NONE', #7176, 1000.000000000000000 ) ;
#2260 = VECTOR ( 'NONE', #2684, 1000.000000000000000 ) ;
#2261 = CARTESIAN_POINT ( 'NONE',  ( -149.1599999999999966, -7.200000000000000178, -4.501567221424429555 ) ) ;
#2262 = CARTESIAN_POINT ( 'NONE',  ( 117.5999999999999943, -10.80000000000000071, 15.59999999999999964 ) ) ;
#2263 = ORIENTED_EDGE ( 'NONE', *, *, #2455, .T. ) ;
#2264 = LINE ( 'NONE', #5651, #7047 ) ;
#2265 = EDGE_CURVE ( 'NONE', #5332, #8241, #2551, .T. ) ;
#2266 = ORIENTED_EDGE ( 'NONE', *, *, #4964, .T. ) ;
#2267 = VECTOR ( 'NONE', #8875, 1000.000000000000114 ) ;
#2268 = VECTOR ( 'NONE', #769, 1000.000000000000114 ) ;
#2269 = PLANE ( 'NONE',  #4553 ) ;
#2270 = FACE_BOUND ( 'NONE', #4243, .T. ) ;
#2271 = ORIENTED_EDGE ( 'NONE', *, *, #7856, .T. ) ;
#2272 = CARTESIAN_POINT ( 'NONE',  ( 201.0000000000000000, -7.200000000000000178, 6.364617092752020255 ) ) ;
#2273 = ORIENTED_EDGE ( 'NONE', *, *, #153, .T. ) ;
#2274 = AXIS2_PLACEMENT_3D ( 'NONE', #5864, #2661, #432 ) ;
#2275 = CARTESIAN_POINT ( 'NONE',  ( -118.4890870736712003, -7.200000000000000178, -6.364617092752079763 ) ) ;
#2276 = PLANE ( 'NONE',  #3823 ) ;
#2277 = EDGE_LOOP ( 'NONE', ( #6990, #4679, #1327, #5908 ) ) ;
#2278 = DIRECTION ( 'NONE',  ( 0.000000000000000000, 1.000000000000000000, 0.000000000000000000 ) ) ;
#2279 = CARTESIAN_POINT ( 'NONE',  ( 133.3799999999999955, -10.80000000000000071, 3.396598976154959537 ) ) ;
#2280 = EDGE_CURVE ( 'NONE', #5692, #1054, #3505, .T. ) ;
#2281 = DIRECTION ( 'NONE',  ( 0.000000000000000000, -1.000000000000000000, 0.000000000000000000 ) ) ;
#2282 = LINE ( 'NONE', #7102, #1822 ) ;
#2283 = EDGE_LOOP ( 'NONE', ( #8716, #7371, #2302, #8938 ) ) ;
#2284 = CARTESIAN_POINT ( 'NONE',  ( -18.70736835487440075, -7.200000000000000178, -6.364617092752020255 ) ) ;
#2285 = ADVANCED_FACE ( 'NONE', ( #2736 ), #3544, .T. ) ;
#2286 = LINE ( 'NONE', #1732, #2126 ) ;
#2287 = ORIENTED_EDGE ( 'NONE', *, *, #5827, .T. ) ;
#2288 = DIRECTION ( 'NONE',  ( 1.000000000000000000, 0.000000000000000000, 3.854941057726239700E-17 ) ) ;
#2289 = EDGE_CURVE ( 'NONE', #6410, #904, #6889, .T. ) ;
#2290 = CARTESIAN_POINT ( 'NONE',  ( 186.0000000000000000, -4.049999999999999822, -17.93826859021800146 ) ) ;
#2291 = EDGE_LOOP ( 'NONE', ( #4189, #1895, #5454, #7581 ) ) ;
#2292 = VERTEX_POINT ( 'NONE', #2780 ) ;
#2293 = DIRECTION ( 'NONE',  ( 1.000000000000000000, 0.000000000000000000, -7.709882115452469538E-17 ) ) ;
#2294 = FILL_AREA_STYLE ('',( #8484 ) ) ;
#2295 = ORIENTED_EDGE ( 'NONE', *, *, #7525, .F. ) ;
#2296 = EDGE_CURVE ( 'NONE', #3832, #2874, #3367, .T. ) ;
#2297 = DIRECTION ( 'NONE',  ( 1.000000000000000000, 0.000000000000000000, 9.472892701579828520E-18 ) ) ;
#2298 = EDGE_LOOP ( 'NONE', ( #6164, #2747, #4863, #6830 ) ) ;
#2299 = PLANE ( 'NONE',  #144 ) ;
#2300 = CARTESIAN_POINT ( 'NONE',  ( -154.8750469336854962, 10.80000000000000071, -4.651301866581550648 ) ) ;
#2301 = FACE_OUTER_BOUND ( 'NONE', #2347, .T. ) ;
#2302 = ORIENTED_EDGE ( 'NONE', *, *, #6934, .T. ) ;
#2303 = EDGE_CURVE ( 'NONE', #4976, #8891, #5618, .T. ) ;
#2304 = ORIENTED_EDGE ( 'NONE', *, *, #454, .T. ) ;
#2305 = CARTESIAN_POINT ( 'NONE',  ( -120.1122904834278131, -10.80000000000000071, 42.35476555866600279 ) ) ;
#2306 = VERTEX_POINT ( 'NONE', #4097 ) ;
#2307 = VECTOR ( 'NONE', #5568, 1000.000000000000000 ) ;
#2308 = CARTESIAN_POINT ( 'NONE',  ( 151.8750469336854962, 10.80000000000000071, -9.364617092752020255 ) ) ;
#2309 = CARTESIAN_POINT ( 'NONE',  ( -167.2083539116109989, 7.200000000000000178, -1.270616869603157895 ) ) ;
#2310 = ORIENTED_EDGE ( 'NONE', *, *, #1113, .F. ) ;
#2311 = CARTESIAN_POINT ( 'NONE',  ( 44.58442101292464343, -7.200000000000000178, -6.364617092752020255 ) ) ;
#2312 = VERTEX_POINT ( 'NONE', #2057 ) ;
#2313 = AXIS2_PLACEMENT_3D ( 'NONE', #1372, #738, #4901 ) ;
#2314 = ADVANCED_FACE ( 'NONE', ( #6250 ), #8374, .T. ) ;
#2315 = DIRECTION ( 'NONE',  ( -1.000000000000000000, 0.000000000000000000, 3.854941057726239700E-17 ) ) ;
#2316 = ORIENTED_EDGE ( 'NONE', *, *, #3517, .T. ) ;
#2317 = AXIS2_PLACEMENT_3D ( 'NONE', #4782, #4737, #5459 ) ;
#2319 = EDGE_CURVE ( 'NONE', #7571, #4556, #6167, .T. ) ;
#2318 = FACE_OUTER_BOUND ( 'NONE', #2753, .T. ) ;
#2320 = LINE ( 'NONE', #3680, #4263 ) ;
#2321 = EDGE_LOOP ( 'NONE', ( #3182, #3785, #2501 ) ) ;
#2322 = CARTESIAN_POINT ( 'NONE',  ( -19.47559106388689898, -10.80000000000000071, 6.364617092752020255 ) ) ;
#2323 = DIRECTION ( 'NONE',  ( 0.000000000000000000, 1.000000000000000000, 0.000000000000000000 ) ) ;
#2324 = EDGE_LOOP ( 'NONE', ( #3103, #5473, #101 ) ) ;
#2325 = CARTESIAN_POINT ( 'NONE',  ( 204.0000000000000000, -8.699999999999999289, -1.065442715258197248E-15 ) ) ;
#2326 = VECTOR ( 'NONE', #285, 1000.000000000000000 ) ;
#2327 = DIRECTION ( 'NONE',  ( 1.000000000000000000, -7.781765623811068613E-17, -1.494530994687720012E-15 ) ) ;
#2328 = ORIENTED_EDGE ( 'NONE', *, *, #389, .T. ) ;
#2329 = LINE ( 'NONE', #7880, #6764 ) ;
#2330 = FACE_BOUND ( 'NONE', #4262, .T. ) ;
#2331 = AXIS2_PLACEMENT_3D ( 'NONE', #5143, #1753, #1662 ) ;
#2332 = CARTESIAN_POINT ( 'NONE',  ( 204.0000000000000000, -10.80000000000000071, 9.364617092752020255 ) ) ;
#2333 = EDGE_LOOP ( 'NONE', ( #4891, #2217, #6918 ) ) ;
#2334 = ORIENTED_EDGE ( 'NONE', *, *, #6649, .F. ) ;
#2335 = FACE_OUTER_BOUND ( 'NONE', #6449, .T. ) ;
#2336 = DIRECTION ( 'NONE',  ( -0.6546536707079740891, -0.6546536707079790851, -0.3779644730092290850 ) ) ;
#2337 = EDGE_LOOP ( 'NONE', ( #7702, #8643, #1764, #568 ) ) ;
#2338 = EDGE_CURVE ( 'NONE', #630, #2993, #4144, .T. ) ;
#2339 = ORIENTED_EDGE ( 'NONE', *, *, #4180, .F. ) ;
#2340 = DIRECTION ( 'NONE',  ( 0.000000000000000000, 1.000000000000000000, 0.000000000000000000 ) ) ;
#2341 = DIRECTION ( 'NONE',  ( 0.4999999999999998890, 0.000000000000000000, 0.8660254037844387076 ) ) ;
#2342 = DIRECTION ( 'NONE',  ( 0.000000000000000000, -1.000000000000000000, 0.000000000000000000 ) ) ;
#2343 = EDGE_CURVE ( 'NONE', #5012, #5276, #690, .T. ) ;
#2344 = CARTESIAN_POINT ( 'NONE',  ( 18.70736835487440075, -7.200000000000000178, 3.042492089611689821 ) ) ;
#2345 = ORIENTED_EDGE ( 'NONE', *, *, #6837, .F. ) ;
#2346 = CARTESIAN_POINT ( 'NONE',  ( 204.0000000000000000, 9.992007221626438841E-15, 0.000000000000000000 ) ) ;
#2347 = EDGE_LOOP ( 'NONE', ( #3913, #1288, #7431, #954 ) ) ;
#2348 = ADVANCED_FACE ( 'NONE', ( #6793 ), #2821, .F. ) ;
#2349 = DIRECTION ( 'NONE',  ( -0.7501120765757850473, 0.000000000000000000, 0.6613107231666242036 ) ) ;
#2350 = DIRECTION ( 'NONE',  ( -0.2773500981126139076, -0.8320502943378447203, 0.4803844614152598669 ) ) ;
#2351 = DIRECTION ( 'NONE',  ( 1.000000000000000000, 0.000000000000000000, 0.000000000000000000 ) ) ;
#2352 = ORIENTED_EDGE ( 'NONE', *, *, #8833, .F. ) ;
#2353 = PLANE ( 'NONE',  #8582 ) ;
#2354 = VERTEX_POINT ( 'NONE', #3416 ) ;
#2355 = CARTESIAN_POINT ( 'NONE',  ( 53.68779553194340082, -7.200000000000000178, 1.661062501570164995 ) ) ;
#2356 = ORIENTED_EDGE ( 'NONE', *, *, #4662, .F. ) ;
#2357 = EDGE_CURVE ( 'NONE', #5338, #4247, #599, .T. ) ;
#2358 = DIRECTION ( 'NONE',  ( 0.000000000000000000, -0.8660254037844387076, 0.4999999999999998890 ) ) ;
#2359 = LINE ( 'NONE', #7736, #793 ) ;
#2360 = EDGE_LOOP ( 'NONE', ( #7073, #5534, #5107 ) ) ;
#2361 = DIRECTION ( 'NONE',  ( 0.000000000000000000, 1.000000000000000000, 0.000000000000000000 ) ) ;
#2362 = DIRECTION ( 'NONE',  ( 1.000000000000000000, 0.000000000000000000, 0.000000000000000000 ) ) ;
#2363 = ORIENTED_EDGE ( 'NONE', *, *, #2850, .T. ) ;
#2364 = CARTESIAN_POINT ( 'NONE',  ( -12.02734123512546205, 7.200000000000000178, -1.044656877271955997 ) ) ;
#2365 = LINE ( 'NONE', #6611, #3494 ) ;
#2366 = FACE_OUTER_BOUND ( 'NONE', #1198, .T. ) ;
#2367 = ORIENTED_EDGE ( 'NONE', *, *, #220, .T. ) ;
#2368 = EDGE_CURVE ( 'NONE', #4427, #8462, #4188, .T. ) ;
#2369 = DIRECTION ( 'NONE',  ( 0.000000000000000000, 1.000000000000000000, 0.000000000000000000 ) ) ;
#2370 = CARTESIAN_POINT ( 'NONE',  ( -195.0000000000000000, 5.196152422706630247, -12.59999999999999964 ) ) ;
#2371 = CARTESIAN_POINT ( 'NONE',  ( -97.50000000000000000, 5.196152422706729723, 12.59999999999999964 ) ) ;
#2372 = VECTOR ( 'NONE', #7596, 1000.000000000000000 ) ;
#2373 = DIRECTION ( 'NONE',  ( 0.000000000000000000, -1.000000000000000000, 0.000000000000000000 ) ) ;
#2374 = ORIENTED_EDGE ( 'NONE', *, *, #2391, .F. ) ;
#2375 = DIRECTION ( 'NONE',  ( 0.5930964394861020228, 0.000000000000000000, -0.8051314262087330142 ) ) ;
#2376 = DIRECTION ( 'NONE',  ( 0.000000000000000000, 1.000000000000000000, 0.000000000000000000 ) ) ;
#2377 = ORIENTED_EDGE ( 'NONE', *, *, #7267, .T. ) ;
#2378 = EDGE_LOOP ( 'NONE', ( #6903, #8150, #8335, #5543 ) ) ;
#2379 = VECTOR ( 'NONE', #8672, 1000.000000000000000 ) ;
#2380 = DIRECTION ( 'NONE',  ( -1.000000000000000000, 4.113205965202469727E-32, -3.854941057726239700E-17 ) ) ;
#2381 = LINE ( 'NONE', #2300, #1659 ) ;
#2382 = CARTESIAN_POINT ( 'NONE',  ( -154.8750469336854962, 10.80000000000000071, 6.364617092752020255 ) ) ;
#2383 = VECTOR ( 'NONE', #6861, 1000.000000000000000 ) ;
#2384 = ADVANCED_FACE ( 'NONE', ( #6976 ), #3463, .T. ) ;
#2385 = VECTOR ( 'NONE', #3618, 1000.000000000000000 ) ;
#2386 = VERTEX_POINT ( 'NONE', #639 ) ;
#2387 = VECTOR ( 'NONE', #5218, 1000.000000000000000 ) ;
#2388 = PLANE ( 'NONE',  #8252 ) ;
#2389 = EDGE_LOOP ( 'NONE', ( #2577, #402, #4238, #128 ) ) ;
#2390 = LINE ( 'NONE', #8493, #681 ) ;
#2391 = EDGE_CURVE ( 'NONE', #8303, #7340, #5574, .T. ) ;
#2392 = VECTOR ( 'NONE', #5399, 1000.000000000000114 ) ;
#2393 = EDGE_CURVE ( 'NONE', #7412, #7982, #5721, .T. ) ;
#2394 = AXIS2_PLACEMENT_3D ( 'NONE', #5996, #1155, #7979 ) ;
#2395 = PLANE ( 'NONE',  #939 ) ;
#2396 = DIRECTION ( 'NONE',  ( -1.000000000000000000, 0.000000000000000000, 2.018443830920939658E-16 ) ) ;
#2397 = VERTEX_POINT ( 'NONE', #6296 ) ;
#2398 = EDGE_CURVE ( 'NONE', #5544, #2618, #4897, .T. ) ;
#2399 = CARTESIAN_POINT ( 'NONE',  ( -150.6599999999999966, -7.200000000000000178, 6.364617092752020255 ) ) ;
#2400 = ORIENTED_EDGE ( 'NONE', *, *, #4146, .T. ) ;
#2401 = VECTOR ( 'NONE', #6608, 1000.000000000000000 ) ;
#2402 = FACE_OUTER_BOUND ( 'NONE', #978, .T. ) ;
#2403 = VERTEX_POINT ( 'NONE', #175 ) ;
#2404 = EDGE_CURVE ( 'NONE', #3805, #1471, #1550, .T. ) ;
#2405 = DIRECTION ( 'NONE',  ( -0.4999999999999998890, 0.000000000000000000, 0.8660254037844387076 ) ) ;
#2406 = LINE ( 'NONE', #7268, #2528 ) ;
#2407 = ORIENTED_EDGE ( 'NONE', *, *, #4606, .F. ) ;
#2408 = LINE ( 'NONE', #2545, #125 ) ;
#2409 = CARTESIAN_POINT ( 'NONE',  ( 9.000000000000000000, -10.80000000000000071, -42.60000000000000142 ) ) ;
#2410 = ORIENTED_EDGE ( 'NONE', *, *, #5482, .T. ) ;
#2411 = CYLINDRICAL_SURFACE ( 'NONE', #3256, 18.00000000000000000 ) ;
#2412 = DIRECTION ( 'NONE',  ( 0.000000000000000000, 1.000000000000000000, -0.000000000000000000 ) ) ;
#2413 =( GEOMETRIC_REPRESENTATION_CONTEXT ( 3 ) GLOBAL_UNCERTAINTY_ASSIGNED_CONTEXT ( ( #8677 ) ) GLOBAL_UNIT_ASSIGNED_CONTEXT ( ( #4327, #8614, #3701 ) ) REPRESENTATION_CONTEXT ( 'NONE', 'WORKASPACE' ) );
#2414 = ADVANCED_FACE ( 'NONE', ( #132 ), #3210, .F. ) ;
#2415 = DIRECTION ( 'NONE',  ( 0.000000000000000000, -1.000000000000000000, 0.000000000000000000 ) ) ;
#2416 = VERTEX_POINT ( 'NONE', #340 ) ;
#2417 = CARTESIAN_POINT ( 'NONE',  ( 76.46147367097499625, -10.80000000000000071, -6.364617092752079763 ) ) ;
#2418 = DIRECTION ( 'NONE',  ( 0.000000000000000000, 0.000000000000000000, -1.000000000000000000 ) ) ;
#2419 = DIRECTION ( 'NONE',  ( 5.551115123125790591E-16, 0.000000000000000000, -1.000000000000000000 ) ) ;
#2420 = ORIENTED_EDGE ( 'NONE', *, *, #8256, .T. ) ;
#2421 = ADVANCED_FACE ( 'NONE', ( #6421 ), #7310, .T. ) ;
#2422 = DIRECTION ( 'NONE',  ( 2.075007502312799731E-16, 0.000000000000000000, 1.000000000000000000 ) ) ;
#2423 = VERTEX_POINT ( 'NONE', #8710 ) ;
#2424 = DIRECTION ( 'NONE',  ( -1.000000000000000000, 0.000000000000000000, 2.018443830920939658E-16 ) ) ;
#2425 = EDGE_LOOP ( 'NONE', ( #4509, #5109, #1044, #7846 ) ) ;
#2426 = ORIENTED_EDGE ( 'NONE', *, *, #3791, .F. ) ;
#2427 = LINE ( 'NONE', #7892, #4899 ) ;
#2428 = FACE_OUTER_BOUND ( 'NONE', #6256, .T. ) ;
#2429 = DIRECTION ( 'NONE',  ( 1.000000000000000000, 0.000000000000000000, 0.000000000000000000 ) ) ;
#2430 = EDGE_CURVE ( 'NONE', #820, #5662, #3632, .T. ) ;
#2431 = AXIS2_PLACEMENT_3D ( 'NONE', #5851, #2020, #2369 ) ;
#2432 = DIRECTION ( 'NONE',  ( 1.000000000000000000, 0.000000000000000000, 2.368081386566879965E-16 ) ) ;
#2433 = ORIENTED_EDGE ( 'NONE', *, *, #3310, .T. ) ;
#2434 = LINE ( 'NONE', #5230, #8782 ) ;
#2435 = EDGE_LOOP ( 'NONE', ( #8819, #1486, #3136, #7478 ) ) ;
#2436 = LINE ( 'NONE', #7943, #7859 ) ;
#2437 = CARTESIAN_POINT ( 'NONE',  ( 76.46147367097499625, -7.200000000000000178, -6.364617092752079763 ) ) ;
#2438 = ADVANCED_FACE ( 'NONE', ( #4511 ), #4347, .T. ) ;
#2439 = DIRECTION ( 'NONE',  ( 1.000000000000000000, 0.000000000000000000, 3.854941057726239700E-17 ) ) ;
#2440 = CARTESIAN_POINT ( 'NONE',  ( 42.88058467237054572, -10.80000000000000071, -6.364617092752020255 ) ) ;
#2441 = VERTEX_POINT ( 'NONE', #5187 ) ;
#2442 = LINE ( 'NONE', #8043, #6280 ) ;
#2443 = VERTEX_POINT ( 'NONE', #3119 ) ;
#2444 = VECTOR ( 'NONE', #6555, 1000.000000000000000 ) ;
#2445 = CARTESIAN_POINT ( 'NONE',  ( 26.10000000000000142, 7.200000000000000178, -6.364617092752020255 ) ) ;
#2446 = EDGE_CURVE ( 'NONE', #5529, #2386, #388, .T. ) ;
#2447 = EDGE_CURVE ( 'NONE', #8584, #6631, #3589, .T. ) ;
#2448 = VECTOR ( 'NONE', #8212, 1000.000000000000000 ) ;
#2449 = CARTESIAN_POINT ( 'NONE',  ( -91.52132034355979329, -10.80000000000000071, -12.59999999999999964 ) ) ;
#2450 = FACE_OUTER_BOUND ( 'NONE', #3493, .T. ) ;
#2451 = EDGE_LOOP ( 'NONE', ( #2377, #8414, #6240 ) ) ;
#2452 = LINE ( 'NONE', #1915, #5045 ) ;
#2453 = DIRECTION ( 'NONE',  ( -0.8660254037844387076, 0.000000000000000000, -0.4999999999999998890 ) ) ;
#2454 = VERTEX_POINT ( 'NONE', #819 ) ;
#2455 = EDGE_CURVE ( 'NONE', #28, #3515, #5866, .T. ) ;
#2456 = EDGE_CURVE ( 'NONE', #23, #423, #2946, .T. ) ;
#2457 = LINE ( 'NONE', #7327, #2529 ) ;
#2458 = DIRECTION ( 'NONE',  ( 0.000000000000000000, 0.000000000000000000, 1.000000000000000000 ) ) ;
#2459 = LINE ( 'NONE', #8007, #6347 ) ;
#2460 = ORIENTED_EDGE ( 'NONE', *, *, #5174, .F. ) ;
#2461 = AXIS2_PLACEMENT_3D ( 'NONE', #249, #2342, #7211 ) ;
#2462 = CARTESIAN_POINT ( 'NONE',  ( -62.02294734195000103, -7.200000000000000178, -6.364617092752020255 ) ) ;
#2463 = CARTESIAN_POINT ( 'NONE',  ( -147.6600000000000250, -10.80000000000000071, -3.396598976154979965 ) ) ;
#2464 = PLANE ( 'NONE',  #4710 ) ;
#2465 = VECTOR ( 'NONE', #7539, 1000.000000000000114 ) ;
#2466 = CARTESIAN_POINT ( 'NONE',  ( -33.14589468389949900, -7.200000000000000178, -6.364617092752020255 ) ) ;
#2467 = ORIENTED_EDGE ( 'NONE', *, *, #8199, .T. ) ;
#2468 = EDGE_LOOP ( 'NONE', ( #3383, #7337, #935 ) ) ;
#2469 = LINE ( 'NONE', #4639, #8551 ) ;
#2470 = ORIENTED_EDGE ( 'NONE', *, *, #888, .F. ) ;
#2471 = EDGE_LOOP ( 'NONE', ( #2823, #4609, #7463 ) ) ;
#2472 = VECTOR ( 'NONE', #5462, 1000.000000000000000 ) ;
#2473 = LINE ( 'NONE', #4548, #2597 ) ;
#2474 = EDGE_CURVE ( 'NONE', #469, #8561, #4980, .T. ) ;
#2475 = DIRECTION ( 'NONE',  ( -0.8615268990046556219, -5.417265015047506661E-16, 0.5077119284509886699 ) ) ;
#2476 = CARTESIAN_POINT ( 'NONE',  ( 129.4909129263288037, -7.200000000000000178, 6.364617092752020255 ) ) ;
#2477 = CARTESIAN_POINT ( 'NONE',  ( -124.4345435368356050, -7.200000000000000178, -1.568602665671030127 ) ) ;
#2478 = ORIENTED_EDGE ( 'NONE', *, *, #1201, .F. ) ;
#2479 = VECTOR ( 'NONE', #1021, 1000.000000000000227 ) ;
#2480 = CARTESIAN_POINT ( 'NONE',  ( -46.19999999999999574, 7.200000000000000178, -6.364617092752020255 ) ) ;
#2481 = EDGE_LOOP ( 'NONE', ( #4370, #1869, #7126, #8900 ) ) ;
#2482 = LINE ( 'NONE', #6636, #498 ) ;
#2483 = EDGE_CURVE ( 'NONE', #2241, #2443, #7730, .T. ) ;
#2484 = CARTESIAN_POINT ( 'NONE',  ( -167.9399999999999977, -10.80000000000000071, 1.500000000000000000 ) ) ;
#2485 = CARTESIAN_POINT ( 'NONE',  ( -102.0000000000000000, -10.80000000000000071, 2.121320343559645050 ) ) ;
#2486 = ORIENTED_EDGE ( 'NONE', *, *, #7844, .T. ) ;
#2487 = DIRECTION ( 'NONE',  ( 0.7128487565933357972, 0.000000000000000000, 0.7013177954560507743 ) ) ;
#2488 = VERTEX_POINT ( 'NONE', #2275 ) ;
#2489 = EDGE_CURVE ( 'NONE', #2386, #3430, #2482, .T. ) ;
#2490 = LINE ( 'NONE', #2445, #1800 ) ;
#2491 = DIRECTION ( 'NONE',  ( 0.000000000000000000, 1.000000000000000000, 0.000000000000000000 ) ) ;
#2492 = CARTESIAN_POINT ( 'NONE',  ( -77.25016401551819456, -10.80000000000000071, -22.62851564092204981 ) ) ;
#2493 = ORIENTED_EDGE ( 'NONE', *, *, #6235, .F. ) ;
#2494 = FACE_OUTER_BOUND ( 'NONE', #5619, .T. ) ;
#2495 = CARTESIAN_POINT ( 'NONE',  ( 56.23933982822020283, -10.80000000000000071, -12.59999999999999964 ) ) ;
#2496 = ORIENTED_EDGE ( 'NONE', *, *, #1670, .T. ) ;
#2498 = EDGE_CURVE ( 'NONE', #6774, #8771, #7095, .T. ) ;
#2497 = CARTESIAN_POINT ( 'NONE',  ( 72.69325096196220670, -7.200000000000000178, 6.364617092752020255 ) ) ;
#2499 = CARTESIAN_POINT ( 'NONE',  ( 117.5999999999999943, -10.80000000000000071, -3.227411761410004853 ) ) ;
#2500 = FACE_OUTER_BOUND ( 'NONE', #1101, .T. ) ;
#2501 = ORIENTED_EDGE ( 'NONE', *, *, #7464, .T. ) ;
#2502 = EDGE_CURVE ( 'NONE', #2543, #2108, #2436, .T. ) ;
#2503 = EDGE_CURVE ( 'NONE', #5460, #2717, #1065, .T. ) ;
#2504 = FACE_BOUND ( 'NONE', #1243, .T. ) ;
#2505 = FACE_BOUND ( 'NONE', #1031, .T. ) ;
#2506 = DIRECTION ( 'NONE',  ( -1.000000000000000000, 0.000000000000000000, 0.000000000000000000 ) ) ;
#2507 = VERTEX_POINT ( 'NONE', #3163 ) ;
#2508 = LINE ( 'NONE', #6035, #8450 ) ;
#2509 = EDGE_CURVE ( 'NONE', #6100, #5261, #5911, .T. ) ;
#2510 = ORIENTED_EDGE ( 'NONE', *, *, #732, .T. ) ;
#2511 = EDGE_LOOP ( 'NONE', ( #6672, #1879, #4286, #3077 ) ) ;
#2512 = PLANE ( 'NONE',  #3800 ) ;
#2513 = VERTEX_POINT ( 'NONE', #4559 ) ;
#2514 = ORIENTED_EDGE ( 'NONE', *, *, #6143, .F. ) ;
#2515 = AXIS2_PLACEMENT_3D ( 'NONE', #2634, #1175, #6743 ) ;
#2516 = CARTESIAN_POINT ( 'NONE',  ( 176.4375234668430039, 10.80000000000000071, 3.823383353545739993 ) ) ;
#2517 = CARTESIAN_POINT ( 'NONE',  ( -33.91411739291199723, -10.80000000000000071, -6.364617092752020255 ) ) ;
#2518 = CARTESIAN_POINT ( 'NONE',  ( 186.0000000000000000, 5.196152422706649787, 12.59999999999999964 ) ) ;
#2519 = ORIENTED_EDGE ( 'NONE', *, *, #4859, .F. ) ;
#2520 = ORIENTED_EDGE ( 'NONE', *, *, #5052, .F. ) ;
#2521 = DIRECTION ( 'NONE',  ( 1.000000000000000000, 0.000000000000000000, 0.000000000000000000 ) ) ;
#2522 = VECTOR ( 'NONE', #5337, 1000.000000000000227 ) ;
#2523 = ORIENTED_EDGE ( 'NONE', *, *, #2319, .F. ) ;
#2524 = CARTESIAN_POINT ( 'NONE',  ( -186.0000000000000000, -10.80000000000000071, -12.59999999999999964 ) ) ;
#2525 = EDGE_CURVE ( 'NONE', #720, #6509, #3890, .T. ) ;
#2526 = DIRECTION ( 'NONE',  ( 0.5930964394861031330, 0.000000000000000000, -0.8051314262087322371 ) ) ;
#2527 = VECTOR ( 'NONE', #2297, 1000.000000000000000 ) ;
#2528 = VECTOR ( 'NONE', #1681, 1000.000000000000000 ) ;
#2529 = VECTOR ( 'NONE', #1870, 1000.000000000000000 ) ;
#2530 = DIRECTION ( 'NONE',  ( 0.000000000000000000, 1.000000000000000000, 0.000000000000000000 ) ) ;
#2531 = ORIENTED_EDGE ( 'NONE', *, *, #4629, .T. ) ;
#2532 = CARTESIAN_POINT ( 'NONE',  ( 147.6600000000000250, -10.80000000000000071, -3.396598976154979965 ) ) ;
#2533 = VERTEX_POINT ( 'NONE', #7536 ) ;
#2534 = EDGE_CURVE ( 'NONE', #2729, #5544, #8856, .T. ) ;
#2535 = ORIENTED_EDGE ( 'NONE', *, *, #1994, .T. ) ;
#2536 = LINE ( 'NONE', #8231, #5422 ) ;
#2537 = VECTOR ( 'NONE', #8606, 1000.000000000000000 ) ;
#2538 = VECTOR ( 'NONE', #1388, 1000.000000000000000 ) ;
#2539 = DIRECTION ( 'NONE',  ( -0.7071067811865480168, 0.000000000000000000, -0.7071067811865470176 ) ) ;
#2540 = VECTOR ( 'NONE', #2350, 1000.000000000000000 ) ;
#2541 = DIRECTION ( 'NONE',  ( 1.708035422500250146E-15, -1.329153133506409989E-31, -1.000000000000000000 ) ) ;
#2543 = VERTEX_POINT ( 'NONE', #3388 ) ;
#2542 = VECTOR ( 'NONE', #4934, 1000.000000000000000 ) ;
#2544 = AXIS2_PLACEMENT_3D ( 'NONE', #3410, #6928, #549 ) ;
#2545 = CARTESIAN_POINT ( 'NONE',  ( 60.52294734194999393, -7.200000000000000178, -4.364915918965585284 ) ) ;
#2546 = CARTESIAN_POINT ( 'NONE',  ( 204.0000000000000000, 0.000000000000000000, 0.000000000000000000 ) ) ;
#2547 = ORIENTED_EDGE ( 'NONE', *, *, #5921, .F. ) ;
#2548 = DIRECTION ( 'NONE',  ( 1.000000000000000000, 0.000000000000000000, 0.000000000000000000 ) ) ;
#2549 = AXIS2_PLACEMENT_3D ( 'NONE', #4997, #3645, #4450 ) ;
#2550 = LINE ( 'NONE', #457, #3636 ) ;
#2551 = LINE ( 'NONE', #7605, #2171 ) ;
#2552 = ORIENTED_EDGE ( 'NONE', *, *, #2673, .F. ) ;
#2553 = EDGE_CURVE ( 'NONE', #5549, #4338, #4605, .T. ) ;
#2554 = LINE ( 'NONE', #5937, #3412 ) ;
#2555 = LINE ( 'NONE', #3467, #7649 ) ;
#2556 = DIRECTION ( 'NONE',  ( 0.6546536707079846362, -0.6546536707079717576, 0.3779644730092239224 ) ) ;
#2557 = EDGE_LOOP ( 'NONE', ( #6115, #48, #878, #3443 ) ) ;
#2558 = LINE ( 'NONE', #5895, #7008 ) ;
#2559 = EDGE_CURVE ( 'NONE', #2986, #3625, #5282, .T. ) ;
#2560 = ORIENTED_EDGE ( 'NONE', *, *, #8692, .T. ) ;
#2561 = EDGE_LOOP ( 'NONE', ( #1277, #3944, #4623, #1628 ) ) ;
#2562 = LINE ( 'NONE', #5314, #1491 ) ;
#2563 = ORIENTED_EDGE ( 'NONE', *, *, #5291, .T. ) ;
#2564 = VERTEX_POINT ( 'NONE', #620 ) ;
#2565 = EDGE_CURVE ( 'NONE', #7446, #5317, #8128, .T. ) ;
#2566 = CARTESIAN_POINT ( 'NONE',  ( 15.10500000000000043, -10.80000000000000071, 3.900000000000000355 ) ) ;
#2567 = DIRECTION ( 'NONE',  ( 0.000000000000000000, 1.000000000000000000, 0.000000000000000000 ) ) ;
#2568 = LINE ( 'NONE', #6767, #5572 ) ;
#2569 = PLANE ( 'NONE',  #1010 ) ;
#2570 = ORIENTED_EDGE ( 'NONE', *, *, #872, .T. ) ;
#2571 = EDGE_CURVE ( 'NONE', #4530, #7443, #6729, .T. ) ;
#2572 = DIRECTION ( 'NONE',  ( 0.000000000000000000, 1.000000000000000000, 0.000000000000000000 ) ) ;
#2573 = VERTEX_POINT ( 'NONE', #8763 ) ;
#2574 = CARTESIAN_POINT ( 'NONE',  ( 18.70736835487440075, -10.80000000000000071, -6.364617092752020255 ) ) ;
#2575 = EDGE_LOOP ( 'NONE', ( #6727, #749, #1950 ) ) ;
#2576 = DIRECTION ( 'NONE',  ( 0.2773500981126139076, 0.8320502943378447203, -0.4803844614152598669 ) ) ;
#2577 = ORIENTED_EDGE ( 'NONE', *, *, #135, .T. ) ;
#2578 = CARTESIAN_POINT ( 'NONE',  ( 30.14589468389949900, -7.200000000000000178, -3.042492089611705364 ) ) ;
#2579 = PLANE ( 'NONE',  #5005 ) ;
#2580 = EDGE_LOOP ( 'NONE', ( #8749, #1040, #3752, #8690 ) ) ;
#2581 = VECTOR ( 'NONE', #7088, 1000.000000000000114 ) ;
#2582 = CARTESIAN_POINT ( 'NONE',  ( 86.40000000000000568, -10.80000000000000071, 7.864617092752020255 ) ) ;
#2583 = VERTEX_POINT ( 'NONE', #2663 ) ;
#2584 = ORIENTED_EDGE ( 'NONE', *, *, #6614, .F. ) ;
#2585 = DIRECTION ( 'NONE',  ( 0.000000000000000000, 0.000000000000000000, -1.000000000000000000 ) ) ;
#2586 = CARTESIAN_POINT ( 'NONE',  ( -204.0000000000000000, 10.80000000000000071, 9.364617092752020255 ) ) ;
#2587 = CARTESIAN_POINT ( 'NONE',  ( 157.8788577308760068, 7.200000000000000178, -6.419991939821880322 ) ) ;
#2588 = ORIENTED_EDGE ( 'NONE', *, *, #7756, .T. ) ;
#2589 = EDGE_CURVE ( 'NONE', #5229, #2416, #1346, .T. ) ;
#2590 = CARTESIAN_POINT ( 'NONE',  ( 154.8750469336854962, 10.80000000000000071, 6.364617092752020255 ) ) ;
#2591 = CARTESIAN_POINT ( 'NONE',  ( 89.39999999999999147, -7.200000000000000178, 10.47867965644037902 ) ) ;
#2592 = ORIENTED_EDGE ( 'NONE', *, *, #5096, .F. ) ;
#2593 = LINE ( 'NONE', #5350, #6287 ) ;
#2594 = CARTESIAN_POINT ( 'NONE',  ( 11.54999999999999893, 10.80000000000000071, 6.364617092752020255 ) ) ;
#2595 = DIRECTION ( 'NONE',  ( -1.000000000000000000, 0.000000000000000000, 0.000000000000000000 ) ) ;
#2596 = EDGE_LOOP ( 'NONE', ( #6825, #6261, #3557, #1273 ) ) ;
#2597 = VECTOR ( 'NONE', #8703, 1000.000000000000000 ) ;
#2598 = EDGE_CURVE ( 'NONE', #5243, #3284, #8905, .T. ) ;
#2599 = DIRECTION ( 'NONE',  ( 1.850371707708589879E-16, 0.000000000000000000, 1.000000000000000000 ) ) ;
#2600 = CARTESIAN_POINT ( 'NONE',  ( 154.8750469336854962, 10.80000000000000071, -4.651301866581550648 ) ) ;
#2601 = FACE_OUTER_BOUND ( 'NONE', #2235, .T. ) ;
#2602 = VERTEX_POINT ( 'NONE', #2716 ) ;
#2603 = CARTESIAN_POINT ( 'NONE',  ( 106.2794020571262052, -10.80000000000000071, -39.81546634077420066 ) ) ;
#2604 = ORIENTED_EDGE ( 'NONE', *, *, #2456, .T. ) ;
#2605 = AXIS2_PLACEMENT_3D ( 'NONE', #6170, #8932, #8152 ) ;
#2606 = ORIENTED_EDGE ( 'NONE', *, *, #168, .F. ) ;
#2607 = LINE ( 'NONE', #1788, #2644 ) ;
#2608 = ORIENTED_EDGE ( 'NONE', *, *, #776, .F. ) ;
#2609 = VERTEX_POINT ( 'NONE', #3983 ) ;
#2610 = FACE_OUTER_BOUND ( 'NONE', #3761, .T. ) ;
#2611 = VECTOR ( 'NONE', #6431, 1000.000000000000000 ) ;
#2612 = CARTESIAN_POINT ( 'NONE',  ( -130.3799999999999955, -7.200000000000000178, 3.227411761409994639 ) ) ;
#2613 = LINE ( 'NONE', #4690, #1814 ) ;
#2614 = LINE ( 'NONE', #5372, #6498 ) ;
#2615 = ORIENTED_EDGE ( 'NONE', *, *, #1138, .F. ) ;
#2616 = EDGE_CURVE ( 'NONE', #5137, #7403, #533, .T. ) ;
#2617 = DIRECTION ( 'NONE',  ( 0.6278548892297277639, 0.000000000000000000, 0.7783304170275798795 ) ) ;
#2618 = VERTEX_POINT ( 'NONE', #3250 ) ;
#2619 = CARTESIAN_POINT ( 'NONE',  ( 130.3799999999999955, -7.200000000000000178, 3.227411761409994639 ) ) ;
#2620 = VERTEX_POINT ( 'NONE', #1210 ) ;
#2621 = CARTESIAN_POINT ( 'NONE',  ( -164.9399999999999977, -10.80000000000000071, 3.396598976154964866 ) ) ;
#2622 = ORIENTED_EDGE ( 'NONE', *, *, #2700, .F. ) ;
#2623 = VECTOR ( 'NONE', #4580, 1000.000000000000000 ) ;
#2624 = CARTESIAN_POINT ( 'NONE',  ( 167.9399999999999977, -10.80000000000000071, 1.500000000000000000 ) ) ;
#2625 = EDGE_CURVE ( 'NONE', #311, #5445, #4651, .T. ) ;
#2626 = FACE_OUTER_BOUND ( 'NONE', #7988, .T. ) ;
#2627 = ORIENTED_EDGE ( 'NONE', *, *, #1352, .T. ) ;
#2628 = CARTESIAN_POINT ( 'NONE',  ( -113.5393398282203918, -7.200000000000000178, 13.66066017177984016 ) ) ;
#2629 = VECTOR ( 'NONE', #3384, 1000.000000000000114 ) ;
#2630 = ORIENTED_EDGE ( 'NONE', *, *, #8651, .F. ) ;
#2631 = EDGE_CURVE ( 'NONE', #6546, #4728, #1162, .T. ) ;
#2632 = ORIENTED_EDGE ( 'NONE', *, *, #2791, .T. ) ;
#2633 = PLANE ( 'NONE',  #929 ) ;
#2634 = CARTESIAN_POINT ( 'NONE',  ( 176.4375234668430039, 10.80000000000000071, -6.364617092752020255 ) ) ;
#2635 = CARTESIAN_POINT ( 'NONE',  ( -33.91411739291199723, -7.200000000000000178, -6.364617092752020255 ) ) ;
#2636 = VERTEX_POINT ( 'NONE', #4696 ) ;
#2637 = LINE ( 'NONE', #1275, #2884 ) ;
#2638 = CARTESIAN_POINT ( 'NONE',  ( 168.9690996541804964, -10.80000000000000071, 6.364617092752020255 ) ) ;
#2639 = ORIENTED_EDGE ( 'NONE', *, *, #5091, .F. ) ;
#2640 = CARTESIAN_POINT ( 'NONE',  ( 86.40000000000000568, -12.15499814951855839, -8.582308546376099301 ) ) ;
#2641 = DIRECTION ( 'NONE',  ( -1.000000000000000000, 0.000000000000000000, 0.000000000000000000 ) ) ;
#2642 = EDGE_LOOP ( 'NONE', ( #2622, #1075, #5946, #8544 ) ) ;
#2643 = EDGE_CURVE ( 'NONE', #3153, #311, #4078, .T. ) ;
#2644 = VECTOR ( 'NONE', #8792, 1000.000000000000000 ) ;
#2645 = PLANE ( 'NONE',  #6142 ) ;
#2646 = DIRECTION ( 'NONE',  ( 0.000000000000000000, 1.000000000000000000, 0.000000000000000000 ) ) ;
#2647 = DIRECTION ( 'NONE',  ( 0.5930964394861031330, 0.000000000000000000, 0.8051314262087322371 ) ) ;
#2648 = ORIENTED_EDGE ( 'NONE', *, *, #6157, .T. ) ;
#2649 = DIRECTION ( 'NONE',  ( 0.000000000000000000, 0.000000000000000000, 1.000000000000000000 ) ) ;
#2650 = EDGE_CURVE ( 'NONE', #3396, #8295, #7488, .T. ) ;
#2651 = VERTEX_POINT ( 'NONE', #5330 ) ;
#2652 = PLANE ( 'NONE',  #3516 ) ;
#2653 = VERTEX_POINT ( 'NONE', #6188 ) ;
#2654 = VERTEX_POINT ( 'NONE', #480 ) ;
#2655 = LINE ( 'NONE', #5409, #7208 ) ;
#2656 = DIRECTION ( 'NONE',  ( 7.709882115452469538E-17, 1.156482317317869950E-15, -1.000000000000000000 ) ) ;
#2657 = FACE_OUTER_BOUND ( 'NONE', #2557, .T. ) ;
#2658 = ORIENTED_EDGE ( 'NONE', *, *, #7935, .F. ) ;
#2659 = CARTESIAN_POINT ( 'NONE',  ( -204.0000000000000000, -4.178898784497604806E-15, 15.59999999999999964 ) ) ;
#2660 = ORIENTED_EDGE ( 'NONE', *, *, #2190, .F. ) ;
#2661 = DIRECTION ( 'NONE',  ( 0.5930964394861020228, 0.000000000000000000, 0.8051314262087330142 ) ) ;
#2662 = EDGE_LOOP ( 'NONE', ( #2948, #5186, #8385, #3469 ) ) ;
#2663 = CARTESIAN_POINT ( 'NONE',  ( 117.5999999999999943, -10.80000000000000071, -15.59999999999999964 ) ) ;
#2664 = ORIENTED_EDGE ( 'NONE', *, *, #5122, .T. ) ;
#2665 = EDGE_CURVE ( 'NONE', #4126, #6095, #8081, .T. ) ;
#2666 = DIRECTION ( 'NONE',  ( 1.000000000000000000, 0.000000000000000000, 0.000000000000000000 ) ) ;
#2667 = ADVANCED_FACE ( 'NONE', ( #8177 ), #6054, .T. ) ;
#2668 = CARTESIAN_POINT ( 'NONE',  ( 175.5945498270899918, -7.200000000000000178, 1.484009058298530137 ) ) ;
#2669 = LINE ( 'NONE', #6013, #1540 ) ;
#2670 = LINE ( 'NONE', #3492, #5700 ) ;
#2671 = ORIENTED_EDGE ( 'NONE', *, *, #3465, .F. ) ;
#2672 = VECTOR ( 'NONE', #8589, 1000.000000000000000 ) ;
#2673 = EDGE_CURVE ( 'NONE', #6887, #2108, #6773, .T. ) ;
#2674 = ORIENTED_EDGE ( 'NONE', *, *, #7161, .T. ) ;
#2675 = CARTESIAN_POINT ( 'NONE',  ( -85.76116934474099196, -10.80000000000000071, -6.364617092752079763 ) ) ;
#2676 = LINE ( 'NONE', #590, #7265 ) ;
#2677 = VECTOR ( 'NONE', #1802, 1000.000000000000000 ) ;
#2678 = VECTOR ( 'NONE', #3132, 1000.000000000000000 ) ;
#2679 = CIRCLE ( 'NONE', #6859, 8.699999999999999289 ) ;
#2680 = ADVANCED_FACE ( 'NONE', ( #6099 ), #6816, .F. ) ;
#2681 = DIRECTION ( 'NONE',  ( 0.6613107231666243147, 0.000000000000000000, -0.7501120765757851583 ) ) ;
#2682 = ORIENTED_EDGE ( 'NONE', *, *, #2008, .T. ) ;
#2683 = DIRECTION ( 'NONE',  ( -0.8615268990046549558, 5.417265015047519480E-16, -0.5077119284509898911 ) ) ;
#2684 = DIRECTION ( 'NONE',  ( 0.000000000000000000, 0.000000000000000000, -1.000000000000000000 ) ) ;
#2685 = VERTEX_POINT ( 'NONE', #4330 ) ;
#2686 = VECTOR ( 'NONE', #2585, 1000.000000000000000 ) ;
#2687 = VECTOR ( 'NONE', #512, 1000.000000000000000 ) ;
#2688 = LINE ( 'NONE', #5443, #7953 ) ;
#2689 = AXIS2_PLACEMENT_3D ( 'NONE', #3512, #5535, #7561 ) ;
#2690 = ADVANCED_FACE ( 'NONE', ( #3613 ), #2758, .F. ) ;
#2691 = CARTESIAN_POINT ( 'NONE',  ( -60.07504693368539961, 3.000000000000000000, 0.000000000000000000 ) ) ;
#2692 = ORIENTED_EDGE ( 'NONE', *, *, #1548, .F. ) ;
#2693 = VECTOR ( 'NONE', #1046, 1000.000000000000000 ) ;
#2694 = AXIS2_PLACEMENT_3D ( 'NONE', #3002, #8419, #956 ) ;
#2695 = DIRECTION ( 'NONE',  ( 0.000000000000000000, -0.8660254037844383745, -0.5000000000000003331 ) ) ;
#2696 = PLANE ( 'NONE',  #2313 ) ;
#2697 = CARTESIAN_POINT ( 'NONE',  ( 0.000000000000000000, -4.178898784497604806E-15, 15.59999999999999964 ) ) ;
#2698 = ORIENTED_EDGE ( 'NONE', *, *, #1864, .F. ) ;
#2699 = DIRECTION ( 'NONE',  ( 1.000000000000000000, 0.000000000000000000, 0.000000000000000000 ) ) ;
#2700 = EDGE_CURVE ( 'NONE', #7993, #28, #7580, .T. ) ;
#2701 = VECTOR ( 'NONE', #5334, 1000.000000000000000 ) ;
#2702 = VECTOR ( 'NONE', #2145, 1000.000000000000114 ) ;
#2703 = CARTESIAN_POINT ( 'NONE',  ( -164.9399999999999977, -10.80000000000000071, -6.364617092752020255 ) ) ;
#2704 = ORIENTED_EDGE ( 'NONE', *, *, #5255, .F. ) ;
#2705 = ORIENTED_EDGE ( 'NONE', *, *, #8814, .F. ) ;
#2706 = LINE ( 'NONE', #6901, #1451 ) ;
#2707 = DIRECTION ( 'NONE',  ( 0.000000000000000000, -1.000000000000000000, 0.000000000000000000 ) ) ;
#2708 = DIRECTION ( 'NONE',  ( -3.854941057726239700E-17, 0.000000000000000000, -1.000000000000000000 ) ) ;
#2709 = EDGE_LOOP ( 'NONE', ( #6118, #1940, #4660 ) ) ;
#2710 = EDGE_CURVE ( 'NONE', #1311, #7412, #2129, .T. ) ;
#2711 = VECTOR ( 'NONE', #8079, 1000.000000000000000 ) ;
#2712 = LINE ( 'NONE', #5594, #5070 ) ;
#2713 = DIRECTION ( 'NONE',  ( 1.000000000000000000, 0.000000000000000000, 9.472892701579828520E-18 ) ) ;
#2714 = CARTESIAN_POINT ( 'NONE',  ( -73.46147367097499625, -10.80000000000000071, -6.364617092752079763 ) ) ;
#2715 = ORIENTED_EDGE ( 'NONE', *, *, #2981, .F. ) ;
#2716 = CARTESIAN_POINT ( 'NONE',  ( 147.6600000000000250, -7.200000000000000178, -3.396598976154979965 ) ) ;
#2717 = VERTEX_POINT ( 'NONE', #5508 ) ;
#2718 = ADVANCED_FACE ( 'NONE', ( #6273 ), #4168, .T. ) ;
#2719 = CARTESIAN_POINT ( 'NONE',  ( 9.000000000000000000, 0.000000000000000000, -36.00000000000000000 ) ) ;
#2720 = DIRECTION ( 'NONE',  ( -0.8051314262087322371, 0.000000000000000000, 0.5930964394861031330 ) ) ;
#2721 = CARTESIAN_POINT ( 'NONE',  ( 0.000000000000000000, 0.000000000000000000, -36.00000000000000000 ) ) ;
#2722 = PLANE ( 'NONE',  #8722 ) ;
#2723 = VERTEX_POINT ( 'NONE', #8268 ) ;
#2724 = ORIENTED_EDGE ( 'NONE', *, *, #4830, .F. ) ;
#2725 = DIRECTION ( 'NONE',  ( 1.000000000000000000, 0.000000000000000000, 1.590337572131499668E-16 ) ) ;
#2726 = EDGE_CURVE ( 'NONE', #6631, #7340, #4291, .T. ) ;
#2727 = LINE ( 'NONE', #2140, #5110 ) ;
#2728 = LINE ( 'NONE', #633, #4999 ) ;
#2729 = VERTEX_POINT ( 'NONE', #2080 ) ;
#2730 = DIRECTION ( 'NONE',  ( -0.7071067811865500152, -0.7071067811865450192, 0.000000000000000000 ) ) ;
#2731 = CARTESIAN_POINT ( 'NONE',  ( 118.4890870736712003, -10.80000000000000071, -6.364617092752079763 ) ) ;
#2732 = ORIENTED_EDGE ( 'NONE', *, *, #1503, .F. ) ;
#2733 = CARTESIAN_POINT ( 'NONE',  ( 47.58442101292460080, -10.80000000000000071, 3.042492089611689821 ) ) ;
#2734 = EDGE_CURVE ( 'NONE', #6669, #2454, #2930, .T. ) ;
#2735 = EDGE_CURVE ( 'NONE', #4247, #1049, #841, .T. ) ;
#2736 = FACE_OUTER_BOUND ( 'NONE', #855, .T. ) ;
#2737 = EDGE_LOOP ( 'NONE', ( #1260, #5793 ) ) ;
#2739 = ADVANCED_FACE ( 'NONE', ( #3485 ), #3657, .T. ) ;
#2738 = PLANE ( 'NONE',  #3698 ) ;
#2740 = CARTESIAN_POINT ( 'NONE',  ( -104.1213203435598018, -10.80000000000000071, 9.992007221626378887E-15 ) ) ;
#2741 = CARTESIAN_POINT ( 'NONE',  ( 91.52132034355979329, -10.80000000000000071, -12.59999999999999964 ) ) ;
#2742 = ORIENTED_EDGE ( 'NONE', *, *, #2726, .F. ) ;
#2743 = CARTESIAN_POINT ( 'NONE',  ( -102.0000000000000000, -10.80000000000000071, -2.121320343559629951 ) ) ;
#2744 = ADVANCED_FACE ( 'NONE', ( #4829, #754, #5679, #8434, #1400, #4921, #6232, #2849, #712 ), #5598, .T. ) ;
#2745 = VECTOR ( 'NONE', #1490, 1000.000000000000000 ) ;
#2746 = LINE ( 'NONE', #8887, #948 ) ;
#2747 = ORIENTED_EDGE ( 'NONE', *, *, #7410, .T. ) ;
#2748 = ORIENTED_EDGE ( 'NONE', *, *, #576, .T. ) ;
#2749 = CARTESIAN_POINT ( 'NONE',  ( -102.0000000000000000, 3.000000000000000000, -9.899999999999998579 ) ) ;
#2750 = DIRECTION ( 'NONE',  ( -1.000000000000000000, 0.000000000000000000, -1.708035422500250146E-15 ) ) ;
#2751 = LINE ( 'NONE', #4313, #587 ) ;
#2752 = AXIS2_PLACEMENT_3D ( 'NONE', #2783, #644, #6214 ) ;
#2753 = EDGE_LOOP ( 'NONE', ( #3879, #4193, #3042, #245 ) ) ;
#2754 = CARTESIAN_POINT ( 'NONE',  ( -72.69325096196220670, -10.80000000000000071, 6.364617092752020255 ) ) ;
#2755 = PLANE ( 'NONE',  #3776 ) ;
#2756 = CARTESIAN_POINT ( 'NONE',  ( -9.000000000000000000, 0.000000000000000000, -45.00000000000000000 ) ) ;
#2757 = EDGE_LOOP ( 'NONE', ( #8745, #5656, #6087, #684 ) ) ;
#2758 = PLANE ( 'NONE',  #3403 ) ;
#2759 = ORIENTED_EDGE ( 'NONE', *, *, #958, .F. ) ;
#2760 = AXIS2_PLACEMENT_3D ( 'NONE', #7324, #3222, #1131 ) ;
#2761 = EDGE_CURVE ( 'NONE', #13, #5144, #4248, .T. ) ;
#2762 = PLANE ( 'NONE',  #8951 ) ;
#2763 = LINE ( 'NONE', #6237, #1805 ) ;
#2764 = CARTESIAN_POINT ( 'NONE',  ( -62.79117005096220083, -10.80000000000000071, -6.364617092752020255 ) ) ;
#2765 = CARTESIAN_POINT ( 'NONE',  ( -117.5999999999999943, -6.754998149518620210, 11.70000000000000107 ) ) ;
#2766 = ORIENTED_EDGE ( 'NONE', *, *, #2025, .T. ) ;
#2767 = ORIENTED_EDGE ( 'NONE', *, *, #6272, .T. ) ;
#2768 = VECTOR ( 'NONE', #1649, 1000.000000000000000 ) ;
#2769 = CARTESIAN_POINT ( 'NONE',  ( 99.87867965644021240, -10.80000000000000071, 9.992007221626378887E-15 ) ) ;
#2770 = ADVANCED_FACE ( 'NONE', ( #2803 ), #2169, .F. ) ;
#2771 = PLANE ( 'NONE',  #3240 ) ;
#2772 = VECTOR ( 'NONE', #3206, 1000.000000000000227 ) ;
#2773 = CARTESIAN_POINT ( 'NONE',  ( -46.19999999999999574, 7.200000000000000178, -6.364617092752020255 ) ) ;
#2774 = ORIENTED_EDGE ( 'NONE', *, *, #6846, .T. ) ;
#2775 = EDGE_CURVE ( 'NONE', #1017, #2609, #3573, .T. ) ;
#2776 = LINE ( 'NONE', #8194, #2307 ) ;
#2777 = CARTESIAN_POINT ( 'NONE',  ( -73.62851564092200363, -10.80000000000000071, 26.25016401551824785 ) ) ;
#2778 = ORIENTED_EDGE ( 'NONE', *, *, #5071, .F. ) ;
#2779 = CARTESIAN_POINT ( 'NONE',  ( 3.000000000000000000, 7.200000000000000178, 4.275303338208124693 ) ) ;
#2780 = CARTESIAN_POINT ( 'NONE',  ( -6.545317529749079988, 7.200000000000000178, 6.364617092752020255 ) ) ;
#2781 = ORIENTED_EDGE ( 'NONE', *, *, #842, .F. ) ;
#2782 = DIRECTION ( 'NONE',  ( -1.000000000000000000, 0.000000000000000000, -0.000000000000000000 ) ) ;
#2783 = CARTESIAN_POINT ( 'NONE',  ( -18.70736835487440075, -10.80000000000000071, -6.364617092752020255 ) ) ;
#2784 = EDGE_CURVE ( 'NONE', #2188, #3205, #5641, .T. ) ;
#2785 = DIRECTION ( 'NONE',  ( 0.000000000000000000, 1.000000000000000000, 0.000000000000000000 ) ) ;
#2786 = ORIENTED_EDGE ( 'NONE', *, *, #4932, .F. ) ;
#2787 = FACE_OUTER_BOUND ( 'NONE', #6872, .T. ) ;
#2788 = EDGE_CURVE ( 'NONE', #2869, #81, #4371, .T. ) ;
#2789 = DIRECTION ( 'NONE',  ( 0.000000000000000000, 1.000000000000000000, 0.000000000000000000 ) ) ;
#2790 = ORIENTED_EDGE ( 'NONE', *, *, #6674, .T. ) ;
#2791 = EDGE_CURVE ( 'NONE', #3015, #4530, #3703, .T. ) ;
#2792 = ORIENTED_EDGE ( 'NONE', *, *, #4487, .T. ) ;
#2793 = CARTESIAN_POINT ( 'NONE',  ( -3.000000000000000000, 7.200000000000000178, 6.364617092752020255 ) ) ;
#2794 = ADVANCED_FACE ( 'NONE', ( #1612 ), #5050, .F. ) ;
#2795 = FACE_OUTER_BOUND ( 'NONE', #7017, .T. ) ;
#2796 = ORIENTED_EDGE ( 'NONE', *, *, #8919, .T. ) ;
#2797 = ORIENTED_EDGE ( 'NONE', *, *, #1453, .T. ) ;
#2798 = LINE ( 'NONE', #25, #2629 ) ;
#2799 = LINE ( 'NONE', #5547, #1467 ) ;
#2800 = CARTESIAN_POINT ( 'NONE',  ( -186.0000000000000000, 0.000000000000000000, 0.000000000000000000 ) ) ;
#2801 = VERTEX_POINT ( 'NONE', #5726 ) ;
#2802 = EDGE_CURVE ( 'NONE', #2651, #5288, #8719, .T. ) ;
#2803 = FACE_OUTER_BOUND ( 'NONE', #1885, .T. ) ;
#2804 = VERTEX_POINT ( 'NONE', #1356 ) ;
#2805 = CARTESIAN_POINT ( 'NONE',  ( 102.0000000000000000, -6.000000000000000000, 1.665334536937735008E-15 ) ) ;
#2806 = CARTESIAN_POINT ( 'NONE',  ( -59.02294734194980208, -10.80000000000000071, 6.364617092752020255 ) ) ;
#2807 = LINE ( 'NONE', #2983, #6644 ) ;
#2808 = DIRECTION ( 'NONE',  ( 0.000000000000000000, -0.8660254037844383745, -0.5000000000000003331 ) ) ;
#2809 = EDGE_CURVE ( 'NONE', #252, #8841, #8093, .T. ) ;
#2810 = ORIENTED_EDGE ( 'NONE', *, *, #7034, .T. ) ;
#2811 = CARTESIAN_POINT ( 'NONE',  ( -15.70736835487440075, -0.8000000000000003775, -4.500000000000000000 ) ) ;
#2812 = CARTESIAN_POINT ( 'NONE',  ( -60.52294734194999393, -7.200000000000000178, -8.364318266538539604 ) ) ;
#2813 = VECTOR ( 'NONE', #8773, 1000.000000000000114 ) ;
#2815 = EDGE_CURVE ( 'NONE', #7868, #18, #8304, .T. ) ;
#2814 = CARTESIAN_POINT ( 'NONE',  ( 114.5999999999999943, -10.80000000000000071, -10.47867965644037902 ) ) ;
#2816 = EDGE_LOOP ( 'NONE', ( #7920, #1009, #1834, #2552 ) ) ;
#2817 = CARTESIAN_POINT ( 'NONE',  ( 204.0000000000000000, -4.178898784497604806E-15, 15.59999999999999964 ) ) ;
#2818 = CARTESIAN_POINT ( 'NONE',  ( 26.10000000000000142, 10.80000000000000071, -1.500000000000000000 ) ) ;
#2819 = EDGE_LOOP ( 'NONE', ( #6579, #7889, #2271, #365 ) ) ;
#2820 = DIRECTION ( 'NONE',  ( -1.494530994687720012E-15, 0.000000000000000000, -1.000000000000000000 ) ) ;
#2821 = PLANE ( 'NONE',  #7299 ) ;
#2822 = VECTOR ( 'NONE', #2808, 1000.000000000000114 ) ;
#2823 = ORIENTED_EDGE ( 'NONE', *, *, #7280, .F. ) ;
#2824 = CARTESIAN_POINT ( 'NONE',  ( -76.46147367097499625, -10.80000000000000071, -6.364617092752079763 ) ) ;
#2825 = DIRECTION ( 'NONE',  ( -0.7071067811865480168, 0.000000000000000000, 0.7071067811865470176 ) ) ;
#2826 = VECTOR ( 'NONE', #4117, 1000.000000000000227 ) ;
#2827 = AXIS2_PLACEMENT_3D ( 'NONE', #5141, #1058, #927 ) ;
#2828 = CARTESIAN_POINT ( 'NONE',  ( -195.0000000000000000, -10.80000000000000071, -12.59999999999999964 ) ) ;
#2829 = ORIENTED_EDGE ( 'NONE', *, *, #2956, .T. ) ;
#2830 = AXIS2_PLACEMENT_3D ( 'NONE', #7827, #4317, #7917 ) ;
#2831 = CARTESIAN_POINT ( 'NONE',  ( -15.70736835487440075, -0.8000000000000003775, 4.500000000000000000 ) ) ;
#2832 = CARTESIAN_POINT ( 'NONE',  ( -87.90000000000000568, -7.200000000000000178, 6.364617092752020255 ) ) ;
#2833 = VERTEX_POINT ( 'NONE', #3451 ) ;
#2834 = AXIS2_PLACEMENT_3D ( 'NONE', #5157, #6604, #400 ) ;
#2835 = EDGE_CURVE ( 'NONE', #3625, #7544, #4753, .T. ) ;
#2836 = VECTOR ( 'NONE', #7031, 1000.000000000000000 ) ;
#2837 = DIRECTION ( 'NONE',  ( -0.6546536707079846362, -0.6546536707079717576, 0.3779644730092239224 ) ) ;
#2838 = EDGE_CURVE ( 'NONE', #3058, #3357, #6875, .T. ) ;
#2839 = CARTESIAN_POINT ( 'NONE',  ( 157.9791843563795055, 7.200000000000000178, -6.364617092752020255 ) ) ;
#2840 = ORIENTED_EDGE ( 'NONE', *, *, #7180, .F. ) ;
#2841 = AXIS2_PLACEMENT_3D ( 'NONE', #674, #3306, #6058 ) ;
#2842 = VECTOR ( 'NONE', #1180, 1000.000000000000000 ) ;
#2843 = VERTEX_POINT ( 'NONE', #4615 ) ;
#2844 = CARTESIAN_POINT ( 'NONE',  ( 88.72417450494180002, -10.80000000000000071, 36.29211173504404542 ) ) ;
#2845 = CARTESIAN_POINT ( 'NONE',  ( -133.3799999999999955, -7.200000000000000178, 3.396598976154959537 ) ) ;
#2846 = VECTOR ( 'NONE', #318, 1000.000000000000114 ) ;
#2847 = CARTESIAN_POINT ( 'NONE',  ( -164.9399999999999977, -10.80000000000000071, -6.364617092752020255 ) ) ;
#2848 = VERTEX_POINT ( 'NONE', #3312 ) ;
#2849 = FACE_BOUND ( 'NONE', #4564, .T. ) ;
#2850 = EDGE_CURVE ( 'NONE', #3284, #836, #3262, .T. ) ;
#2851 = ORIENTED_EDGE ( 'NONE', *, *, #973, .T. ) ;
#2852 = CARTESIAN_POINT ( 'NONE',  ( 23.09999999999999787, 7.200000000000000178, 6.364617092752020255 ) ) ;
#2853 = CARTESIAN_POINT ( 'NONE',  ( -26.10000000000000142, 10.80000000000000071, -3.391328741992555074 ) ) ;
#2854 = DIRECTION ( 'NONE',  ( -0.7128487565933357972, 0.000000000000000000, -0.7013177954560507743 ) ) ;
#2855 = EDGE_CURVE ( 'NONE', #2801, #2653, #3358, .T. ) ;
#2856 = VECTOR ( 'NONE', #8126, 1000.000000000000000 ) ;
#2857 = CARTESIAN_POINT ( 'NONE',  ( -76.46147367097499625, -10.80000000000000071, -6.364617092752079763 ) ) ;
#2858 = VECTOR ( 'NONE', #1745, 1000.000000000000000 ) ;
#2859 = ORIENTED_EDGE ( 'NONE', *, *, #7864, .F. ) ;
#2860 = CARTESIAN_POINT ( 'NONE',  ( 204.0000000000000000, -8.699999999999999289, -1.065442715258197248E-15 ) ) ;
#2861 = DIRECTION ( 'NONE',  ( 0.000000000000000000, 1.000000000000000000, 0.000000000000000000 ) ) ;
#2862 = DIRECTION ( 'NONE',  ( 0.000000000000000000, -1.000000000000000000, 0.000000000000000000 ) ) ;
#2863 = VERTEX_POINT ( 'NONE', #6019 ) ;
#2864 = CARTESIAN_POINT ( 'NONE',  ( -23.09999999999999787, 7.200000000000000178, -6.364617092752020255 ) ) ;
#2865 = DIRECTION ( 'NONE',  ( 0.6546536707079841921, 0.6546536707079712025, 0.3779644730092251437 ) ) ;
#2866 = VERTEX_POINT ( 'NONE', #8772 ) ;
#2867 = CARTESIAN_POINT ( 'NONE',  ( 24.48514641795010149, -4.906212470271779758, -12.76739690958707918 ) ) ;
#2868 = DIRECTION ( 'NONE',  ( 0.000000000000000000, 0.000000000000000000, 1.000000000000000000 ) ) ;
#2869 = VERTEX_POINT ( 'NONE', #631 ) ;
#2870 = ADVANCED_FACE ( 'NONE', ( #6153 ), #5474, .F. ) ;
#2871 = DIRECTION ( 'NONE',  ( 0.000000000000000000, 0.000000000000000000, 1.000000000000000000 ) ) ;
#2872 = CARTESIAN_POINT ( 'NONE',  ( -114.5999999999999943, -10.80000000000000071, 9.921648374596198749 ) ) ;
#2873 = FACE_OUTER_BOUND ( 'NONE', #7248, .T. ) ;
#2874 = VERTEX_POINT ( 'NONE', #1173 ) ;
#2875 = AXIS2_PLACEMENT_3D ( 'NONE', #5189, #3164, #8387 ) ;
#2876 = FACE_OUTER_BOUND ( 'NONE', #7976, .T. ) ;
#2877 = CARTESIAN_POINT ( 'NONE',  ( -204.0000000000000000, 0.000000000000000000, 0.000000000000000000 ) ) ;
#2878 = EDGE_LOOP ( 'NONE', ( #7858, #798, #2604 ) ) ;
#2879 = ADVANCED_FACE ( 'NONE', ( #4088 ), #5430, .T. ) ;
#2880 = FACE_BOUND ( 'NONE', #171, .T. ) ;
#2881 = CARTESIAN_POINT ( 'NONE',  ( -15.70736835487440075, -10.80000000000000071, 4.500000000000000000 ) ) ;
#2882 = ORIENTED_EDGE ( 'NONE', *, *, #1593, .T. ) ;
#2883 = ORIENTED_EDGE ( 'NONE', *, *, #8019, .T. ) ;
#2884 = VECTOR ( 'NONE', #6831, 1000.000000000000000 ) ;
#2885 = CARTESIAN_POINT ( 'NONE',  ( 130.3799999999999955, -10.80000000000000071, -6.364617092752079763 ) ) ;
#2886 = CARTESIAN_POINT ( 'NONE',  ( 151.8750469336854962, 10.80000000000000071, -4.682308546375930192 ) ) ;
#2887 = FACE_OUTER_BOUND ( 'NONE', #5765, .T. ) ;
#2888 = VERTEX_POINT ( 'NONE', #7407 ) ;
#2889 = DIRECTION ( 'NONE',  ( 0.8615268990046556219, -5.417265015047506661E-16, 0.5077119284509886699 ) ) ;
#2890 = VERTEX_POINT ( 'NONE', #8820 ) ;
#2891 = VECTOR ( 'NONE', #8071, 1000.000000000000000 ) ;
#2892 = DIRECTION ( 'NONE',  ( 0.7783304170275797684, 0.000000000000000000, 0.6278548892297277639 ) ) ;
#2893 = CARTESIAN_POINT ( 'NONE',  ( 144.0750469336853996, 3.000000000000000000, 13.86794919243113888 ) ) ;
#2894 = LINE ( 'NONE', #846, #8090 ) ;
#2895 = EDGE_CURVE ( 'NONE', #5261, #7783, #2536, .T. ) ;
#2896 = DIRECTION ( 'NONE',  ( 0.000000000000000000, -1.000000000000000000, -1.156482317317869950E-15 ) ) ;
#2897 = ORIENTED_EDGE ( 'NONE', *, *, #6645, .F. ) ;
#2898 = LINE ( 'NONE', #1580, #4036 ) ;
#2899 = AXIS2_PLACEMENT_3D ( 'NONE', #4215, #6962, #760 ) ;
#2900 = EDGE_CURVE ( 'NONE', #1500, #3681, #6741, .T. ) ;
#2901 = VECTOR ( 'NONE', #163, 1000.000000000000114 ) ;
#2902 = LINE ( 'NONE', #8407, #4420 ) ;
#2903 = EDGE_LOOP ( 'NONE', ( #3311, #5599, #5450, #8142, #1674, #5896, #5349, #1399, #6708, #2363, #8129, #1281, #2054, #1858, #6862, #4910, #5722, #843, #5751, #1607, #1665, #4349, #1914, #5361, #4058, #6751, #614, #5325, #767, #123 ) ) ;
#2904 = ADVANCED_FACE ( 'NONE', ( #1862 ), #2633, .F. ) ;
#2905 = CARTESIAN_POINT ( 'NONE',  ( 15.70736835487440075, -10.80000000000000071, 4.500000000000000000 ) ) ;
#2906 = ORIENTED_EDGE ( 'NONE', *, *, #3846, .F. ) ;
#2907 = DIRECTION ( 'NONE',  ( -0.7501120765757850473, 0.000000000000000000, 0.6613107231666242036 ) ) ;
#2908 = CARTESIAN_POINT ( 'NONE',  ( -182.2199999999999989, -10.80000000000000071, -3.396598976154979965 ) ) ;
#2909 = EDGE_LOOP ( 'NONE', ( #2460, #8209, #1957 ) ) ;
#2910 = VECTOR ( 'NONE', #4368, 1000.000000000000000 ) ;
#2911 = DIRECTION ( 'NONE',  ( 0.000000000000000000, 1.000000000000000000, 0.000000000000000000 ) ) ;
#2912 = LINE ( 'NONE', #3725, #646 ) ;
#2913 = CARTESIAN_POINT ( 'NONE',  ( -60.07504693368539961, 3.000000000000000000, -13.86794919243113888 ) ) ;
#2914 = DIRECTION ( 'NONE',  ( 0.000000000000000000, 1.000000000000000000, 0.000000000000000000 ) ) ;
#2915 = EDGE_LOOP ( 'NONE', ( #6847, #621, #4856 ) ) ;
#2916 = DIRECTION ( 'NONE',  ( -0.7501120765757850473, 0.000000000000000000, -0.6613107231666242036 ) ) ;
#2917 = AXIS2_PLACEMENT_3D ( 'NONE', #5772, #731, #7896 ) ;
#2918 = LINE ( 'NONE', #2237, #8668 ) ;
#2919 = EDGE_CURVE ( 'NONE', #8474, #5229, #5388, .T. ) ;
#2920 = DIRECTION ( 'NONE',  ( 1.000000000000000000, 0.000000000000000000, 2.018443830920939658E-16 ) ) ;
#2921 = VERTEX_POINT ( 'NONE', #1951 ) ;
#2922 = CARTESIAN_POINT ( 'NONE',  ( 30.14589468389949900, -10.80000000000000071, -3.042492089611705364 ) ) ;
#2923 = CARTESIAN_POINT ( 'NONE',  ( -62.02294734195000103, -7.200000000000000178, -3.042492089611715134 ) ) ;
#2924 = ORIENTED_EDGE ( 'NONE', *, *, #4032, .T. ) ;
#2925 = EDGE_CURVE ( 'NONE', #8584, #8303, #4707, .T. ) ;
#2926 = VERTEX_POINT ( 'NONE', #8866 ) ;
#2927 = DIRECTION ( 'NONE',  ( -1.000000000000000000, 0.000000000000000000, -3.700743415417190112E-16 ) ) ;
#2928 = DIRECTION ( 'NONE',  ( 0.000000000000000000, 1.000000000000000000, 0.000000000000000000 ) ) ;
#2929 = ORIENTED_EDGE ( 'NONE', *, *, #8862, .T. ) ;
#2930 = LINE ( 'NONE', #4209, #792 ) ;
#2931 = ORIENTED_EDGE ( 'NONE', *, *, #8547, .F. ) ;
#2932 = DIRECTION ( 'NONE',  ( 0.000000000000000000, 0.8660254037844387076, -0.4999999999999998890 ) ) ;
#2933 = CARTESIAN_POINT ( 'NONE',  ( 195.0000000000000000, 5.196152422706630247, 12.59999999999999964 ) ) ;
#2934 = CARTESIAN_POINT ( 'NONE',  ( 176.4375234668430039, 7.200000000000000178, 3.823383353545734664 ) ) ;
#2935 = CARTESIAN_POINT ( 'NONE',  ( -89.39999999999999147, -10.80000000000000071, -10.47867965644037902 ) ) ;
#2936 = VERTEX_POINT ( 'NONE', #8188 ) ;
#2937 = DIRECTION ( 'NONE',  ( 0.000000000000000000, 1.000000000000000000, 0.000000000000000000 ) ) ;
#2938 = ORIENTED_EDGE ( 'NONE', *, *, #8833, .T. ) ;
#2939 = EDGE_CURVE ( 'NONE', #2221, #5460, #2001, .T. ) ;
#2940 = DIRECTION ( 'NONE',  ( 0.000000000000000000, 1.000000000000000000, 0.000000000000000000 ) ) ;
#2941 = CARTESIAN_POINT ( 'NONE',  ( 186.0000000000000000, -10.80000000000000071, -12.59999999999999964 ) ) ;
#2942 = ORIENTED_EDGE ( 'NONE', *, *, #8259, .F. ) ;
#2943 = EDGE_CURVE ( 'NONE', #6525, #8682, #4495, .T. ) ;
#2944 = LINE ( 'NONE', #2272, #6161 ) ;
#2945 = ORIENTED_EDGE ( 'NONE', *, *, #5827, .F. ) ;
#2946 = LINE ( 'NONE', #2226, #5562 ) ;
#2947 = CARTESIAN_POINT ( 'NONE',  ( -86.40000000000000568, -10.80000000000000071, -15.59999999999999964 ) ) ;
#2948 = ORIENTED_EDGE ( 'NONE', *, *, #6621, .T. ) ;
#2949 = EDGE_CURVE ( 'NONE', #8841, #4504, #510, .T. ) ;
#2950 = AXIS2_PLACEMENT_3D ( 'NONE', #209, #5101, #3073 ) ;
#2951 = PLANE ( 'NONE',  #7720 ) ;
#2952 = DIRECTION ( 'NONE',  ( 5.233102047361820167E-16, -1.066995812285799955E-15, 1.000000000000000000 ) ) ;
#2953 = FACE_OUTER_BOUND ( 'NONE', #5808, .T. ) ;
#2954 = DIRECTION ( 'NONE',  ( 0.000000000000000000, -1.000000000000000000, 0.000000000000000000 ) ) ;
#2955 = ORIENTED_EDGE ( 'NONE', *, *, #910, .T. ) ;
#2956 = EDGE_CURVE ( 'NONE', #1471, #2583, #3095, .T. ) ;
#2957 = FACE_OUTER_BOUND ( 'NONE', #2709, .T. ) ;
#2958 = VECTOR ( 'NONE', #395, 1000.000000000000000 ) ;
#2959 = PLANE ( 'NONE',  #7288 ) ;
#2960 = ORIENTED_EDGE ( 'NONE', *, *, #5994, .T. ) ;
#2961 = VECTOR ( 'NONE', #6006, 1000.000000000000000 ) ;
#2962 = AXIS2_PLACEMENT_3D ( 'NONE', #4522, #6553, #5242 ) ;
#2963 = AXIS2_PLACEMENT_3D ( 'NONE', #5172, #2373, #8610 ) ;
#2964 = LINE ( 'NONE', #4281, #3176 ) ;
#2965 = EDGE_CURVE ( 'NONE', #8795, #2122, #5274, .T. ) ;
#2966 = PLANE ( 'NONE',  #7869 ) ;
#2967 = ORIENTED_EDGE ( 'NONE', *, *, #7107, .T. ) ;
#2968 = ORIENTED_EDGE ( 'NONE', *, *, #6733, .T. ) ;
#2969 = AXIS2_PLACEMENT_3D ( 'NONE', #6340, #4945, #3637 ) ;
#2970 = AXIS2_PLACEMENT_3D ( 'NONE', #7882, #914, #7158 ) ;
#2971 = DIRECTION ( 'NONE',  ( 0.000000000000000000, -1.000000000000000000, 0.000000000000000000 ) ) ;
#2972 = CARTESIAN_POINT ( 'NONE',  ( -164.9399999999999977, -10.80000000000000071, 3.396598976154964866 ) ) ;
#2973 = AXIS2_PLACEMENT_3D ( 'NONE', #5970, #2548, #3815 ) ;
#2974 = EDGE_LOOP ( 'NONE', ( #7049, #7315, #7245, #2012 ) ) ;
#2975 = DIRECTION ( 'NONE',  ( 0.000000000000000000, 0.000000000000000000, 1.000000000000000000 ) ) ;
#2976 = ORIENTED_EDGE ( 'NONE', *, *, #6125, .T. ) ;
#2977 = VECTOR ( 'NONE', #8148, 1000.000000000000000 ) ;
#2978 = DIRECTION ( 'NONE',  ( 0.000000000000000000, 1.000000000000000000, 0.000000000000000000 ) ) ;
#2979 = VECTOR ( 'NONE', #2050, 1000.000000000000000 ) ;
#2980 = AXIS2_PLACEMENT_3D ( 'NONE', #8553, #7825, #8468 ) ;
#2981 = EDGE_CURVE ( 'NONE', #8586, #6410, #4584, .T. ) ;
#2982 = LINE ( 'NONE', #2261, #3831 ) ;
#2983 = CARTESIAN_POINT ( 'NONE',  ( -55.38962307163079402, -10.80000000000000071, 23.51564247119970119 ) ) ;
#2984 = VERTEX_POINT ( 'NONE', #7967 ) ;
#2985 = LINE ( 'NONE', #3843, #7457 ) ;
#2986 = VERTEX_POINT ( 'NONE', #8738 ) ;
#2987 = VECTOR ( 'NONE', #5660, 1000.000000000000000 ) ;
#2988 = ADVANCED_FACE ( 'NONE', ( #7422 ), #7239, .T. ) ;
#2989 = CARTESIAN_POINT ( 'NONE',  ( 117.5999999999999943, -10.80000000000000071, 6.364617092752020255 ) ) ;
#2990 = DIRECTION ( 'NONE',  ( -3.854941057726239700E-17, -1.156482317317869950E-15, 1.000000000000000000 ) ) ;
#2991 = ORIENTED_EDGE ( 'NONE', *, *, #8755, .T. ) ;
#2992 = LINE ( 'NONE', #7816, #1222 ) ;
#2993 = VERTEX_POINT ( 'NONE', #369 ) ;
#2994 = EDGE_CURVE ( 'NONE', #3506, #7238, #3915, .T. ) ;
#2995 = VECTOR ( 'NONE', #8433, 1000.000000000000000 ) ;
#2996 = CARTESIAN_POINT ( 'NONE',  ( -42.65468247025099657, 10.80000000000000071, 6.364617092752020255 ) ) ;
#2997 = EDGE_LOOP ( 'NONE', ( #5989, #1801, #7902 ) ) ;
#2998 = DIRECTION ( 'NONE',  ( 0.000000000000000000, 1.000000000000000000, 0.000000000000000000 ) ) ;
#2999 = CARTESIAN_POINT ( 'NONE',  ( 204.0000000000000000, 10.80000000000000071, 9.364617092752020255 ) ) ;
#3000 = ORIENTED_EDGE ( 'NONE', *, *, #4682, .F. ) ;
#3001 = LINE ( 'NONE', #229, #1153 ) ;
#3002 = CARTESIAN_POINT ( 'NONE',  ( 48.35264372193709903, -10.80000000000000071, 6.364617092752020255 ) ) ;
#3003 = ORIENTED_EDGE ( 'NONE', *, *, #8296, .T. ) ;
#3005 = EDGE_CURVE ( 'NONE', #2874, #4208, #3144, .T. ) ;
#3004 = FACE_OUTER_BOUND ( 'NONE', #984, .T. ) ;
#3006 = EDGE_CURVE ( 'NONE', #7052, #8943, #8785, .T. ) ;
#3007 = CARTESIAN_POINT ( 'NONE',  ( 144.0750469336853996, 3.000000000000000000, 0.000000000000000000 ) ) ;
#3008 = DIRECTION ( 'NONE',  ( -1.000000000000000000, 0.000000000000000000, 9.472892701579828520E-18 ) ) ;
#3009 = EDGE_LOOP ( 'NONE', ( #4474, #4573, #8026, #1145 ) ) ;
#3010 = ADVANCED_FACE ( 'NONE', ( #2504, #5306 ), #1876, .F. ) ;
#3011 = DIRECTION ( 'NONE',  ( 1.000000000000000000, 0.000000000000000000, 0.000000000000000000 ) ) ;
#3012 = DIRECTION ( 'NONE',  ( 0.000000000000000000, 1.000000000000000000, 0.000000000000000000 ) ) ;
#3013 = VECTOR ( 'NONE', #7308, 1000.000000000000000 ) ;
#3014 = FACE_OUTER_BOUND ( 'NONE', #6034, .T. ) ;
#3015 = VERTEX_POINT ( 'NONE', #5356 ) ;
#3016 = EDGE_CURVE ( 'NONE', #3898, #7338, #8691, .T. ) ;
#3017 = ORIENTED_EDGE ( 'NONE', *, *, #5628, .F. ) ;
#3018 = CARTESIAN_POINT ( 'NONE',  ( 204.0000000000000000, -4.178898784497604806E-15, 15.59999999999999964 ) ) ;
#3019 = CARTESIAN_POINT ( 'NONE',  ( -163.9109003458194707, -10.80000000000000071, 6.364617092752020255 ) ) ;
#3020 = ORIENTED_EDGE ( 'NONE', *, *, #5906, .F. ) ;
#3021 = DIRECTION ( 'NONE',  ( -0.8754956338961326079, -5.156001492484647477E-16, 0.4832260289231208317 ) ) ;
#3022 = LINE ( 'NONE', #7893, #7860 ) ;
#3023 = CARTESIAN_POINT ( 'NONE',  ( -56.23933982822020283, -10.80000000000000071, -12.59999999999999964 ) ) ;
#3024 = DIRECTION ( 'NONE',  ( -1.000000000000000000, 0.000000000000000000, 0.000000000000000000 ) ) ;
#3025 = ORIENTED_EDGE ( 'NONE', *, *, #5713, .F. ) ;
#3026 = CARTESIAN_POINT ( 'NONE',  ( -167.9399999999999977, -7.200000000000000178, 3.396598976154964866 ) ) ;
#3027 = ORIENTED_EDGE ( 'NONE', *, *, #2338, .F. ) ;
#3028 = ADVANCED_FACE ( 'NONE', ( #4532 ), #1140, .T. ) ;
#3029 = AXIS2_PLACEMENT_3D ( 'NONE', #4293, #8617, #160 ) ;
#3030 = CARTESIAN_POINT ( 'NONE',  ( -18.70736835487440075, -10.80000000000000071, 3.042492089611689821 ) ) ;
#3031 = LINE ( 'NONE', #8540, #4147 ) ;
#3032 = EDGE_LOOP ( 'NONE', ( #3969, #998, #4499, #8535 ) ) ;
#3033 = CARTESIAN_POINT ( 'NONE',  ( 38.48104649390585053, -7.200000000000000178, 1.661062501570164995 ) ) ;
#3034 = ORIENTED_EDGE ( 'NONE', *, *, #7549, .T. ) ;
#3035 = VECTOR ( 'NONE', #4268, 1000.000000000000000 ) ;
#3036 = EDGE_CURVE ( 'NONE', #6575, #4582, #6522, .T. ) ;
#3037 = DIRECTION ( 'NONE',  ( 0.000000000000000000, -1.000000000000000000, -1.156482317317869950E-15 ) ) ;
#3038 = ORIENTED_EDGE ( 'NONE', *, *, #2643, .F. ) ;
#3039 = VECTOR ( 'NONE', #3662, 1000.000000000000000 ) ;
#3040 = LINE ( 'NONE', #2230, #2113 ) ;
#3041 = DIRECTION ( 'NONE',  ( -1.000000000000000000, -0.000000000000000000, -0.000000000000000000 ) ) ;
#3042 = ORIENTED_EDGE ( 'NONE', *, *, #4859, .T. ) ;
#3043 = CARTESIAN_POINT ( 'NONE',  ( 150.6599999999999966, -7.200000000000000178, -3.396598976154979965 ) ) ;
#3044 = CARTESIAN_POINT ( 'NONE',  ( 204.0000000000000000, 13.50999629903723864, 7.799999999999999822 ) ) ;
#3045 = ORIENTED_EDGE ( 'NONE', *, *, #3891, .F. ) ;
#3046 = CARTESIAN_POINT ( 'NONE',  ( 58.25472463293730385, -10.80000000000000071, -6.364617092752020255 ) ) ;
#3047 = DIRECTION ( 'NONE',  ( -0.7501120765757860465, 0.000000000000000000, -0.6613107231666230934 ) ) ;
#3048 = VECTOR ( 'NONE', #3047, 1000.000000000000227 ) ;
#3049 = DIRECTION ( 'NONE',  ( -9.472892701579828520E-18, 0.000000000000000000, -1.000000000000000000 ) ) ;
#3050 = VERTEX_POINT ( 'NONE', #3871 ) ;
#3051 = DIRECTION ( 'NONE',  ( 0.000000000000000000, 1.000000000000000000, -0.000000000000000000 ) ) ;
#3052 = ADVANCED_FACE ( 'NONE', ( #4676 ), #5843, .T. ) ;
#3053 = CARTESIAN_POINT ( 'NONE',  ( 15.70736835487440075, -0.8000000000000003775, -4.500000000000000000 ) ) ;
#3054 = VECTOR ( 'NONE', #4007, 1000.000000000000000 ) ;
#3055 = DIRECTION ( 'NONE',  ( -9.472892701579828520E-18, 0.000000000000000000, -1.000000000000000000 ) ) ;
#3056 = ORIENTED_EDGE ( 'NONE', *, *, #7582, .T. ) ;
#3057 = EDGE_CURVE ( 'NONE', #7606, #2043, #2554, .T. ) ;
#3058 = VERTEX_POINT ( 'NONE', #1188 ) ;
#3059 = EDGE_CURVE ( 'NONE', #7771, #1151, #320, .T. ) ;
#3060 = CYLINDRICAL_SURFACE ( 'NONE', #869, 8.699999999999999289 ) ;
#3061 = LINE ( 'NONE', #5805, #5587 ) ;
#3062 = ORIENTED_EDGE ( 'NONE', *, *, #7479, .F. ) ;
#3063 = EDGE_LOOP ( 'NONE', ( #619, #134, #5773, #7309 ) ) ;
#3064 = EDGE_CURVE ( 'NONE', #8779, #8456, #5978, .T. ) ;
#3065 = LINE ( 'NONE', #8570, #6927 ) ;
#3066 = CARTESIAN_POINT ( 'NONE',  ( -15.70736835487440075, -0.8000000000000003775, 4.500000000000000000 ) ) ;
#3067 = CARTESIAN_POINT ( 'NONE',  ( 0.000000000000000000, -4.178898784497604806E-15, 15.59999999999999964 ) ) ;
#3068 = ADVANCED_FACE ( 'NONE', ( #692 ), #8337, .T. ) ;
#3069 = LINE ( 'NONE', #932, #7227 ) ;
#3070 = VERTEX_POINT ( 'NONE', #3508 ) ;
#3071 = DIRECTION ( 'NONE',  ( 0.000000000000000000, 1.000000000000000000, 0.000000000000000000 ) ) ;
#3072 = EDGE_LOOP ( 'NONE', ( #5074, #3803, #7145 ) ) ;
#3073 = DIRECTION ( 'NONE',  ( 1.000000000000000000, 0.000000000000000000, 0.000000000000000000 ) ) ;
#3074 = AXIS2_PLACEMENT_3D ( 'NONE', #6260, #4196, #8208 ) ;
#3075 = CARTESIAN_POINT ( 'NONE',  ( -102.0000000000000000, -7.000000000000000000, 1.665334536937735008E-15 ) ) ;
#3076 = DIRECTION ( 'NONE',  ( 0.000000000000000000, 1.000000000000000000, 0.000000000000000000 ) ) ;
#3077 = ORIENTED_EDGE ( 'NONE', *, *, #267, .F. ) ;
#3078 = EDGE_CURVE ( 'NONE', #8603, #6669, #736, .T. ) ;
#3079 = CARTESIAN_POINT ( 'NONE',  ( -26.10000000000000142, 7.200000000000000178, -3.391328741992559959 ) ) ;
#3080 = ORIENTED_EDGE ( 'NONE', *, *, #8802, .T. ) ;
#3081 = DIRECTION ( 'NONE',  ( 1.000000000000000000, 0.000000000000000000, 0.000000000000000000 ) ) ;
#3082 = VERTEX_POINT ( 'NONE', #4766 ) ;
#3083 = EDGE_CURVE ( 'NONE', #7769, #2723, #4190, .T. ) ;
#3084 = DIRECTION ( 'NONE',  ( -0.000000000000000000, 1.000000000000000000, 0.000000000000000000 ) ) ;
#3085 = LINE ( 'NONE', #7185, #5125 ) ;
#3086 = EDGE_LOOP ( 'NONE', ( #7383, #7663, #6516, #5825 ) ) ;
#3087 = FACE_OUTER_BOUND ( 'NONE', #2561, .T. ) ;
#3088 = PLANE ( 'NONE',  #8022 ) ;
#3089 = ORIENTED_EDGE ( 'NONE', *, *, #6319, .F. ) ;
#3090 = DIRECTION ( 'NONE',  ( 0.000000000000000000, 0.000000000000000000, -1.000000000000000000 ) ) ;
#3091 = DIRECTION ( 'NONE',  ( 0.000000000000000000, 0.000000000000000000, 1.000000000000000000 ) ) ;
#3092 = DIRECTION ( 'NONE',  ( 0.000000000000000000, 1.000000000000000000, 0.000000000000000000 ) ) ;
#3093 = ORIENTED_EDGE ( 'NONE', *, *, #5412, .F. ) ;
#3094 = ADVANCED_FACE ( 'NONE', ( #5447 ), #2645, .T. ) ;
#3095 = LINE ( 'NONE', #7332, #2537 ) ;
#3096 = FACE_BOUND ( 'NONE', #7912, .T. ) ;
#3097 = CARTESIAN_POINT ( 'NONE',  ( 0.000000000000000000, 1.351735180736268092E-14, -15.59999999999999964 ) ) ;
#3098 = VECTOR ( 'NONE', #4755, 1000.000000000000000 ) ;
#3099 = DIRECTION ( 'NONE',  ( 1.000000000000000000, 0.000000000000000000, 0.000000000000000000 ) ) ;
#3100 = ORIENTED_EDGE ( 'NONE', *, *, #8741, .F. ) ;
#3101 = ADVANCED_FACE ( 'NONE', ( #8878 ), #50, .F. ) ;
#3102 = DIRECTION ( 'NONE',  ( -0.6546536707079841921, 0.6546536707079712025, 0.3779644730092251437 ) ) ;
#3103 = ORIENTED_EDGE ( 'NONE', *, *, #3444, .F. ) ;
#3104 = AXIS2_PLACEMENT_3D ( 'NONE', #6277, #119, #7540 ) ;
#3105 = VERTEX_POINT ( 'NONE', #1371 ) ;
#3106 = VECTOR ( 'NONE', #1501, 1000.000000000000000 ) ;
#3107 = DIRECTION ( 'NONE',  ( 1.000000000000000000, -8.226411930404939455E-32, 7.709882115452469538E-17 ) ) ;
#3108 = DIRECTION ( 'NONE',  ( -1.000000000000000000, 0.000000000000000000, 2.018443830920939658E-16 ) ) ;
#3109 = DIRECTION ( 'NONE',  ( -0.000000000000000000, 1.000000000000000000, 0.000000000000000000 ) ) ;
#3110 = VECTOR ( 'NONE', #8667, 1000.000000000000000 ) ;
#3111 = AXIS2_PLACEMENT_3D ( 'NONE', #3446, #2175, #5646 ) ;
#3112 = AXIS2_PLACEMENT_3D ( 'NONE', #5752, #7784, #6345 ) ;
#3113 = EDGE_CURVE ( 'NONE', #7776, #7179, #2014, .T. ) ;
#3114 = ADVANCED_FACE ( 'NONE', ( #1328 ), #2151, .F. ) ;
#3115 = DIRECTION ( 'NONE',  ( 0.000000000000000000, 1.000000000000000000, 0.000000000000000000 ) ) ;
#3116 = ORIENTED_EDGE ( 'NONE', *, *, #7249, .F. ) ;
#3117 = CARTESIAN_POINT ( 'NONE',  ( 3.000000000000000000, 10.80000000000000071, 4.275303338208124693 ) ) ;
#3118 = EDGE_LOOP ( 'NONE', ( #5026, #6593, #227, #5635 ) ) ;
#3119 = CARTESIAN_POINT ( 'NONE',  ( 181.1909003458195002, -7.200000000000000178, -6.364617092752079763 ) ) ;
#3120 = AXIS2_PLACEMENT_3D ( 'NONE', #4055, #6838, #8151 ) ;
#3121 = AXIS2_PLACEMENT_3D ( 'NONE', #2027, #2707, #2202 ) ;
#3122 = EDGE_CURVE ( 'NONE', #2609, #1111, #2060, .T. ) ;
#3123 = DIRECTION ( 'NONE',  ( 0.000000000000000000, -1.000000000000000000, 0.000000000000000000 ) ) ;
#3124 = LINE ( 'NONE', #2440, #6298 ) ;
#3125 = VERTEX_POINT ( 'NONE', #4810 ) ;
#3126 = DIRECTION ( 'NONE',  ( 1.000000000000000000, 0.000000000000000000, 0.000000000000000000 ) ) ;
#3127 = VERTEX_POINT ( 'NONE', #5488 ) ;
#3128 = VECTOR ( 'NONE', #3076, 1000.000000000000000 ) ;
#3129 = VECTOR ( 'NONE', #4805, 1000.000000000000000 ) ;
#3130 = DIRECTION ( 'NONE',  ( -0.7501120765757860465, 0.000000000000000000, 0.6613107231666230934 ) ) ;
#3131 = CARTESIAN_POINT ( 'NONE',  ( -86.40000000000000568, -10.80000000000000071, -15.59999999999999964 ) ) ;
#3132 = DIRECTION ( 'NONE',  ( 2.075007502312799731E-16, 0.000000000000000000, -1.000000000000000000 ) ) ;
#3133 = ORIENTED_EDGE ( 'NONE', *, *, #6043, .F. ) ;
#3134 = LINE ( 'NONE', #5882, #4614 ) ;
#3135 = CARTESIAN_POINT ( 'NONE',  ( 176.4375234668430039, 10.80000000000000071, -7.864617092751839955 ) ) ;
#3136 = ORIENTED_EDGE ( 'NONE', *, *, #917, .T. ) ;
#3137 = VECTOR ( 'NONE', #5416, 1000.000000000000000 ) ;
#3138 = CARTESIAN_POINT ( 'NONE',  ( 44.58442101292464343, -10.80000000000000071, -6.364617092752020255 ) ) ;
#3139 = CARTESIAN_POINT ( 'NONE',  ( -114.5999999999999943, -7.200000000000000178, 10.47867965644037902 ) ) ;
#3140 = VECTOR ( 'NONE', #5899, 1000.000000000000000 ) ;
#3141 = CARTESIAN_POINT ( 'NONE',  ( 0.000000000000000000, 10.80000000000000071, -9.364617092752020255 ) ) ;
#3142 = ORIENTED_EDGE ( 'NONE', *, *, #7331, .F. ) ;
#3143 = ADVANCED_FACE ( 'NONE', ( #6752 ), #6169, .T. ) ;
#3144 = LINE ( 'NONE', #1831, #4987 ) ;
#3145 = FACE_BOUND ( 'NONE', #5184, .T. ) ;
#3146 = DIRECTION ( 'NONE',  ( 0.000000000000000000, 0.000000000000000000, -1.000000000000000000 ) ) ;
#3147 = ORIENTED_EDGE ( 'NONE', *, *, #4606, .T. ) ;
#3148 = DIRECTION ( 'NONE',  ( 0.000000000000000000, 1.000000000000000000, 0.000000000000000000 ) ) ;
#3149 = VERTEX_POINT ( 'NONE', #643 ) ;
#3150 = ADVANCED_FACE ( 'NONE', ( #8931 ), #2738, .F. ) ;
#3151 = EDGE_LOOP ( 'NONE', ( #7434, #3034, #2664, #5884 ) ) ;
#3152 = CARTESIAN_POINT ( 'NONE',  ( -43.00039454803339112, 20.07465238565220034, -4.009894041255530617 ) ) ;
#3153 = VERTEX_POINT ( 'NONE', #6936 ) ;
#3154 = EDGE_LOOP ( 'NONE', ( #2883, #3261, #8857, #2407 ) ) ;
#3155 = CARTESIAN_POINT ( 'NONE',  ( 39.91468026231914479, 23.16036667136654970, 2.228356067756125380 ) ) ;
#3156 = CARTESIAN_POINT ( 'NONE',  ( -7.799999999999999822, 0.000000000000000000, -43.79999999999999716 ) ) ;
#3157 = LINE ( 'NONE', #5905, #8521 ) ;
#3158 = VECTOR ( 'NONE', #8118, 1000.000000000000000 ) ;
#3159 = DIRECTION ( 'NONE',  ( 0.000000000000000000, 0.000000000000000000, -1.000000000000000000 ) ) ;
#3160 = ORIENTED_EDGE ( 'NONE', *, *, #3175, .F. ) ;
#3161 = DIRECTION ( 'NONE',  ( 0.000000000000000000, 1.000000000000000000, 0.000000000000000000 ) ) ;
#3162 = VERTEX_POINT ( 'NONE', #6796 ) ;
#3163 = CARTESIAN_POINT ( 'NONE',  ( -12.58967690125044037, -1.155325835000556049E-14, -1.382308546376021852 ) ) ;
#3164 = DIRECTION ( 'NONE',  ( 0.5077119284509887809, -9.963406245925839309E-16, 0.8615268990046557329 ) ) ;
#3165 = FACE_OUTER_BOUND ( 'NONE', #4885, .T. ) ;
#3166 = EDGE_CURVE ( 'NONE', #81, #4156, #6891, .T. ) ;
#3167 = CARTESIAN_POINT ( 'NONE',  ( -44.58442101292464343, -7.200000000000000178, -6.364617092752020255 ) ) ;
#3168 = VERTEX_POINT ( 'NONE', #7557 ) ;
#3169 = CARTESIAN_POINT ( 'NONE',  ( 114.5999999999999943, -7.200000000000000178, -6.364617092752079763 ) ) ;
#3170 = ORIENTED_EDGE ( 'NONE', *, *, #7895, .F. ) ;
#3171 = EDGE_CURVE ( 'NONE', #6429, #918, #3466, .T. ) ;
#3172 = VECTOR ( 'NONE', #3390, 1000.000000000000000 ) ;
#3173 = EDGE_CURVE ( 'NONE', #8815, #6496, #8288, .T. ) ;
#3174 = DIRECTION ( 'NONE',  ( -0.7783304170275797684, 0.000000000000000000, 0.6278548892297277639 ) ) ;
#3175 = EDGE_CURVE ( 'NONE', #6697, #6774, #7608, .T. ) ;
#3176 = VECTOR ( 'NONE', #6444, 1000.000000000000000 ) ;
#3177 = CARTESIAN_POINT ( 'NONE',  ( -47.58442101292460080, -7.200000000000000178, -6.364617092752020255 ) ) ;
#3178 = PLANE ( 'NONE',  #7007 ) ;
#3179 = EDGE_LOOP ( 'NONE', ( #3842, #8058, #1837 ) ) ;
#3180 = DIRECTION ( 'NONE',  ( 0.000000000000000000, 0.000000000000000000, -1.000000000000000000 ) ) ;
#3181 = CARTESIAN_POINT ( 'NONE',  ( -89.39999999999999147, -10.80000000000000071, -10.47867965644037902 ) ) ;
#3182 = ORIENTED_EDGE ( 'NONE', *, *, #3282, .T. ) ;
#3183 = DIRECTION ( 'NONE',  ( 1.000000000000000000, 0.000000000000000000, 0.000000000000000000 ) ) ;
#3184 = CARTESIAN_POINT ( 'NONE',  ( 30.03752346684269980, 3.000000000000000000, 13.86794919243113888 ) ) ;
#3185 = DIRECTION ( 'NONE',  ( 0.000000000000000000, 0.000000000000000000, 1.000000000000000000 ) ) ;
#3186 = ORIENTED_EDGE ( 'NONE', *, *, #7197, .F. ) ;
#3187 = AXIS2_PLACEMENT_3D ( 'NONE', #3595, #4989, #7738 ) ;
#3188 = DIRECTION ( 'NONE',  ( -9.472892701579828520E-18, 0.000000000000000000, -1.000000000000000000 ) ) ;
#3189 = FACE_BOUND ( 'NONE', #8498, .T. ) ;
#3190 = CARTESIAN_POINT ( 'NONE',  ( -186.0000000000000000, -5.196152422706639129, -12.59999999999999964 ) ) ;
#3191 = VERTEX_POINT ( 'NONE', #5787 ) ;
#3192 = LINE ( 'NONE', #464, #212 ) ;
#3193 = ORIENTED_EDGE ( 'NONE', *, *, #7193, .T. ) ;
#3194 = EDGE_CURVE ( 'NONE', #405, #8100, #823, .T. ) ;
#3195 = CIRCLE ( 'NONE', #8245, 9.900000000000000355 ) ;
#3196 = ORIENTED_EDGE ( 'NONE', *, *, #5788, .T. ) ;
#3197 = CARTESIAN_POINT ( 'NONE',  ( 89.39999999999999147, -10.80000000000000071, -10.47867965644037902 ) ) ;
#3198 = VERTEX_POINT ( 'NONE', #862 ) ;
#3199 = ORIENTED_EDGE ( 'NONE', *, *, #2393, .F. ) ;
#3200 = VECTOR ( 'NONE', #4853, 1000.000000000000000 ) ;
#3201 = EDGE_CURVE ( 'NONE', #7668, #3376, #8377, .T. ) ;
#3202 = LINE ( 'NONE', #6092, #7642 ) ;
#3203 = LINE ( 'NONE', #8800, #8890 ) ;
#3204 = DIRECTION ( 'NONE',  ( 1.000000000000000000, 4.113205965202469727E-32, -3.854941057726239700E-17 ) ) ;
#3205 = VERTEX_POINT ( 'NONE', #4352 ) ;
#3206 = DIRECTION ( 'NONE',  ( 0.7501120765757860465, 0.000000000000000000, 0.6613107231666230934 ) ) ;
#3207 = CARTESIAN_POINT ( 'NONE',  ( 15.10500000000000043, -0.8000000000000003775, 3.900000000000000355 ) ) ;
#3208 = FACE_OUTER_BOUND ( 'NONE', #1552, .T. ) ;
#3209 = VERTEX_POINT ( 'NONE', #952 ) ;
#3210 = PLANE ( 'NONE',  #4568 ) ;
#3211 = CARTESIAN_POINT ( 'NONE',  ( 174.5654501729100048, -7.200000000000000178, -1.484009058298542127 ) ) ;
#3212 = DIRECTION ( 'NONE',  ( -1.000000000000000000, 0.000000000000000000, 0.000000000000000000 ) ) ;
#3213 = VERTEX_POINT ( 'NONE', #264 ) ;
#3214 = CARTESIAN_POINT ( 'NONE',  ( 11.78052626615579968, -1.800000000000000044, -4.500000000000000000 ) ) ;
#3215 = ORIENTED_EDGE ( 'NONE', *, *, #2182, .F. ) ;
#3216 = ORIENTED_EDGE ( 'NONE', *, *, #3360, .F. ) ;
#3217 = EDGE_CURVE ( 'NONE', #8117, #1928, #7650, .T. ) ;
#3218 = FACE_OUTER_BOUND ( 'NONE', #3063, .T. ) ;
#3219 = EDGE_CURVE ( 'NONE', #183, #6456, #3724, .T. ) ;
#3220 = FACE_OUTER_BOUND ( 'NONE', #6322, .T. ) ;
#3221 = ORIENTED_EDGE ( 'NONE', *, *, #8886, .T. ) ;
#3222 = DIRECTION ( 'NONE',  ( -1.000000000000000000, 0.000000000000000000, 0.000000000000000000 ) ) ;
#3223 = DIRECTION ( 'NONE',  ( -1.000000000000000000, 0.000000000000000000, 0.000000000000000000 ) ) ;
#3224 = EDGE_LOOP ( 'NONE', ( #6222, #641, #242, #5383 ) ) ;
#3225 = PLANE ( 'NONE',  #7139 ) ;
#3226 = LINE ( 'NONE', #407, #8673 ) ;
#3227 = ADVANCED_FACE ( 'NONE', ( #2318 ), #1468, .F. ) ;
#3228 = LINE ( 'NONE', #6563, #3844 ) ;
#3229 = VERTEX_POINT ( 'NONE', #4231 ) ;
#3231 = ADVANCED_FACE ( 'NONE', ( #98 ), #2951, .T. ) ;
#3230 = CARTESIAN_POINT ( 'NONE',  ( 0.000000000000000000, 1.351735180736268092E-14, -15.59999999999999964 ) ) ;
#3232 = CARTESIAN_POINT ( 'NONE',  ( 46.19999999999999574, 7.200000000000000178, 4.275303338208099824 ) ) ;
#3233 = DIRECTION ( 'NONE',  ( 0.000000000000000000, -1.000000000000000000, 0.000000000000000000 ) ) ;
#3234 = LINE ( 'NONE', #6666, #7722 ) ;
#3235 = EDGE_LOOP ( 'NONE', ( #3323, #4751, #5429, #7697 ) ) ;
#3236 = ORIENTED_EDGE ( 'NONE', *, *, #3668, .T. ) ;
#3237 = CARTESIAN_POINT ( 'NONE',  ( -112.4786796564402067, -10.80000000000000071, 12.59999999999999964 ) ) ;
#3238 = ORIENTED_EDGE ( 'NONE', *, *, #4547, .F. ) ;
#3239 = ORIENTED_EDGE ( 'NONE', *, *, #288, .F. ) ;
#3240 = AXIS2_PLACEMENT_3D ( 'NONE', #6878, #7546, #1316 ) ;
#3241 = CARTESIAN_POINT ( 'NONE',  ( -204.0000000000000000, 13.50999629903723864, 7.799999999999999822 ) ) ;
#3242 = CARTESIAN_POINT ( 'NONE',  ( 73.31545017290999056, -10.80000000000000071, -6.364617092752079763 ) ) ;
#3243 = CARTESIAN_POINT ( 'NONE',  ( -23.09999999999999787, 10.80000000000000071, 6.364617092752020255 ) ) ;
#3244 = EDGE_LOOP ( 'NONE', ( #4319, #7592, #2563, #8454 ) ) ;
#3245 = LINE ( 'NONE', #1114, #2772 ) ;
#3246 = ORIENTED_EDGE ( 'NONE', *, *, #1194, .F. ) ;
#3247 = LINE ( 'NONE', #7444, #2856 ) ;
#3248 = VECTOR ( 'NONE', #4456, 1000.000000000000000 ) ;
#3249 = ORIENTED_EDGE ( 'NONE', *, *, #5706, .T. ) ;
#3250 = CARTESIAN_POINT ( 'NONE',  ( -15.10500000000000043, -10.80000000000000071, -3.899999999999999911 ) ) ;
#3251 = ORIENTED_EDGE ( 'NONE', *, *, #2509, .T. ) ;
#3252 = ADVANCED_FACE ( 'NONE', ( #7821 ), #7099, .F. ) ;
#3253 = FACE_OUTER_BOUND ( 'NONE', #8825, .T. ) ;
#3254 = AXIS2_PLACEMENT_3D ( 'NONE', #2621, #5379, #1261 ) ;
#3255 = VECTOR ( 'NONE', #4312, 1000.000000000000114 ) ;
#3256 = AXIS2_PLACEMENT_3D ( 'NONE', #908, #4399, #3685 ) ;
#3257 = DIRECTION ( 'NONE',  ( 0.000000000000000000, 0.000000000000000000, 1.000000000000000000 ) ) ;
#3258 = ORIENTED_EDGE ( 'NONE', *, *, #2296, .T. ) ;
#3259 = CARTESIAN_POINT ( 'NONE',  ( 14.82265876487453937, 7.200000000000000178, 1.486644175379748134 ) ) ;
#3260 = ORIENTED_EDGE ( 'NONE', *, *, #3341, .F. ) ;
#3261 = ORIENTED_EDGE ( 'NONE', *, *, #6365, .T. ) ;
#3262 = LINE ( 'NONE', #7455, #8162 ) ;
#3263 = EDGE_CURVE ( 'NONE', #4446, #3696, #5745, .T. ) ;
#3264 = VECTOR ( 'NONE', #8465, 1000.000000000000000 ) ;
#3265 = VECTOR ( 'NONE', #6225, 1000.000000000000000 ) ;
#3266 = DIRECTION ( 'NONE',  ( 0.000000000000000000, 1.000000000000000000, 0.000000000000000000 ) ) ;
#3267 = CARTESIAN_POINT ( 'NONE',  ( 131.8799999999999955, -7.200000000000000178, 4.501567221424410015 ) ) ;
#3269 = VERTEX_POINT ( 'NONE', #1553 ) ;
#3268 = VECTOR ( 'NONE', #1309, 1000.000000000000000 ) ;
#3270 = EDGE_CURVE ( 'NONE', #720, #4018, #8506, .T. ) ;
#3271 = VECTOR ( 'NONE', #8379, 1000.000000000000000 ) ;
#3272 = DIRECTION ( 'NONE',  ( 1.000000000000000000, 0.000000000000000000, 9.472892701579828520E-18 ) ) ;
#3273 = LINE ( 'NONE', #2495, #4148 ) ;
#3274 = ORIENTED_EDGE ( 'NONE', *, *, #1056, .T. ) ;
#3275 = CARTESIAN_POINT ( 'NONE',  ( 23.09999999999999787, 10.80000000000000071, -3.391328741992544860 ) ) ;
#3276 = CARTESIAN_POINT ( 'NONE',  ( -9.000000000000000000, 0.000000000000000000, -36.00000000000000000 ) ) ;
#3277 = DIRECTION ( 'NONE',  ( 0.000000000000000000, 1.066995812285799955E-15, -1.000000000000000000 ) ) ;
#3278 = ORIENTED_EDGE ( 'NONE', *, *, #2788, .F. ) ;
#3279 = DIRECTION ( 'NONE',  ( 0.000000000000000000, -1.000000000000000000, 0.000000000000000000 ) ) ;
#3280 = DIRECTION ( 'NONE',  ( 1.000000000000000000, 0.000000000000000000, 0.000000000000000000 ) ) ;
#3281 = VECTOR ( 'NONE', #710, 1000.000000000000000 ) ;
#3282 = EDGE_CURVE ( 'NONE', #8925, #4895, #6468, .T. ) ;
#3283 = LINE ( 'NONE', #8837, #7721 ) ;
#3284 = VERTEX_POINT ( 'NONE', #3593 ) ;
#3285 = CARTESIAN_POINT ( 'NONE',  ( -117.5999999999999943, -10.80000000000000071, 15.59999999999999964 ) ) ;
#3286 = ORIENTED_EDGE ( 'NONE', *, *, #5922, .F. ) ;
#3287 = ORIENTED_EDGE ( 'NONE', *, *, #5208, .T. ) ;
#3288 = DIRECTION ( 'NONE',  ( 0.000000000000000000, 1.000000000000000000, 0.000000000000000000 ) ) ;
#3289 = EDGE_CURVE ( 'NONE', #4156, #2869, #3040, .T. ) ;
#3290 = ORIENTED_EDGE ( 'NONE', *, *, #1479, .F. ) ;
#3291 = EDGE_CURVE ( 'NONE', #6003, #4434, #902, .T. ) ;
#3292 = ORIENTED_EDGE ( 'NONE', *, *, #3782, .T. ) ;
#3293 = PLANE ( 'NONE',  #5892 ) ;
#3294 = DIRECTION ( 'NONE',  ( 0.000000000000000000, 0.000000000000000000, 1.000000000000000000 ) ) ;
#3295 = EDGE_CURVE ( 'NONE', #4633, #1449, #4267, .T. ) ;
#3296 = FACE_OUTER_BOUND ( 'NONE', #4360, .T. ) ;
#3297 = FACE_OUTER_BOUND ( 'NONE', #87, .T. ) ;
#3298 = ORIENTED_EDGE ( 'NONE', *, *, #5681, .F. ) ;
#3299 = CARTESIAN_POINT ( 'NONE',  ( 30.14589468389949900, -10.80000000000000071, 7.864617092752020255 ) ) ;
#3300 = ORIENTED_EDGE ( 'NONE', *, *, #384, .T. ) ;
#3301 = DIRECTION ( 'NONE',  ( 1.000000000000000000, 0.000000000000000000, 0.000000000000000000 ) ) ;
#3302 = ORIENTED_EDGE ( 'NONE', *, *, #8199, .F. ) ;
#3303 = DIRECTION ( 'NONE',  ( 1.000000000000000000, -9.614813431917840283E-16, 5.551115123125790591E-16 ) ) ;
#3304 = ORIENTED_EDGE ( 'NONE', *, *, #3652, .T. ) ;
#3305 = DIRECTION ( 'NONE',  ( 0.000000000000000000, -1.000000000000000000, 0.000000000000000000 ) ) ;
#3306 = DIRECTION ( 'NONE',  ( -1.000000000000000000, 0.000000000000000000, 0.000000000000000000 ) ) ;
#3307 = ORIENTED_EDGE ( 'NONE', *, *, #917, .F. ) ;
#3308 = PLANE ( 'NONE',  #1368 ) ;
#3309 = ORIENTED_EDGE ( 'NONE', *, *, #5321, .F. ) ;
#3310 = EDGE_CURVE ( 'NONE', #2620, #3656, #3547, .T. ) ;
#3311 = ORIENTED_EDGE ( 'NONE', *, *, #6527, .T. ) ;
#3312 = CARTESIAN_POINT ( 'NONE',  ( 22.84974226119290108, 0.000000000000000000, -15.59999999999999964 ) ) ;
#3313 = CARTESIAN_POINT ( 'NONE',  ( 164.9399999999999977, -10.80000000000000071, 6.380608034453520538 ) ) ;
#3315 = ADVANCED_FACE ( 'NONE', ( #7778 ), #8416, .F. ) ;
#3314 = FACE_OUTER_BOUND ( 'NONE', #6534, .T. ) ;
#3316 = ORIENTED_EDGE ( 'NONE', *, *, #5878, .T. ) ;
#3317 = CARTESIAN_POINT ( 'NONE',  ( 31.94413776380699943, -7.200000000000000178, -8.101382429332140589 ) ) ;
#3318 = VECTOR ( 'NONE', #2052, 1000.000000000000000 ) ;
#3319 = LINE ( 'NONE', #2006, #3129 ) ;
#3320 = EDGE_LOOP ( 'NONE', ( #258, #6602, #8114, #8105 ) ) ;
#3321 = DIRECTION ( 'NONE',  ( 0.000000000000000000, 0.000000000000000000, 1.000000000000000000 ) ) ;
#3322 = DIRECTION ( 'NONE',  ( 0.000000000000000000, 1.156482317317869950E-15, -1.000000000000000000 ) ) ;
#3323 = ORIENTED_EDGE ( 'NONE', *, *, #2456, .F. ) ;
#3324 = DIRECTION ( 'NONE',  ( -1.000000000000000000, 0.000000000000000000, 2.018443830920939658E-16 ) ) ;
#3325 = PLANE ( 'NONE',  #5912 ) ;
#3326 = CARTESIAN_POINT ( 'NONE',  ( 118.4890870736712003, -7.200000000000000178, -6.364617092752079763 ) ) ;
#3327 = ORIENTED_EDGE ( 'NONE', *, *, #1352, .F. ) ;
#3328 = DIRECTION ( 'NONE',  ( 1.000000000000000000, 0.000000000000000000, 3.700743415417190112E-16 ) ) ;
#3329 = ORIENTED_EDGE ( 'NONE', *, *, #5132, .F. ) ;
#3330 = VECTOR ( 'NONE', #187, 1000.000000000000114 ) ;
#3331 = EDGE_LOOP ( 'NONE', ( #1660, #2967, #7428, #8230 ) ) ;
#3332 = PLANE ( 'NONE',  #1922 ) ;
#3333 = ORIENTED_EDGE ( 'NONE', *, *, #2338, .T. ) ;
#3334 = ADVANCED_FACE ( 'NONE', ( #1594 ), #3679, .T. ) ;
#3335 = ORIENTED_EDGE ( 'NONE', *, *, #3727, .F. ) ;
#3336 = AXIS2_PLACEMENT_3D ( 'NONE', #8848, #527, #613 ) ;
#3337 = CARTESIAN_POINT ( 'NONE',  ( 59.02294734194980208, -10.80000000000000071, 6.364617092752020255 ) ) ;
#3338 = EDGE_CURVE ( 'NONE', #791, #5243, #4441, .T. ) ;
#3339 = CARTESIAN_POINT ( 'NONE',  ( -176.4375234668430039, 10.80000000000000071, -6.364617092752020255 ) ) ;
#3340 = DIRECTION ( 'NONE',  ( 0.000000000000000000, 1.000000000000000000, 0.000000000000000000 ) ) ;
#3341 = EDGE_CURVE ( 'NONE', #4247, #5012, #1080, .T. ) ;
#3342 = ORIENTED_EDGE ( 'NONE', *, *, #8658, .T. ) ;
#3343 = FACE_OUTER_BOUND ( 'NONE', #7763, .T. ) ;
#3344 = VERTEX_POINT ( 'NONE', #7228 ) ;
#3345 = CARTESIAN_POINT ( 'NONE',  ( -44.58442101292464343, -10.80000000000000071, 3.042492089611689821 ) ) ;
#3346 = DIRECTION ( 'NONE',  ( 0.000000000000000000, 1.000000000000000000, 0.000000000000000000 ) ) ;
#3347 = ADVANCED_FACE ( 'NONE', ( #1128 ), #6552, .F. ) ;
#3348 = EDGE_LOOP ( 'NONE', ( #5019, #7368, #3525, #8934 ) ) ;
#3349 = VECTOR ( 'NONE', #8613, 1000.000000000000000 ) ;
#3350 = LINE ( 'NONE', #5958, #640 ) ;
#3351 = CARTESIAN_POINT ( 'NONE',  ( -114.5999999999999943, -10.80000000000000071, 10.47867965644037902 ) ) ;
#3352 = LINE ( 'NONE', #3990, #1675 ) ;
#3353 = EDGE_CURVE ( 'NONE', #1724, #2533, #7184, .T. ) ;
#3354 = LINE ( 'NONE', #2086, #7130 ) ;
#3355 = AXIS2_PLACEMENT_3D ( 'NONE', #4941, #2820, #4896 ) ;
#3356 = VERTEX_POINT ( 'NONE', #6693 ) ;
#3357 = VERTEX_POINT ( 'NONE', #6021 ) ;
#3358 = LINE ( 'NONE', #679, #349 ) ;
#3359 = CARTESIAN_POINT ( 'NONE',  ( 60.07504693368539961, 3.000000000000000000, 13.86794919243113888 ) ) ;
#3360 = EDGE_CURVE ( 'NONE', #2926, #231, #3767, .T. ) ;
#3361 = FACE_OUTER_BOUND ( 'NONE', #4503, .T. ) ;
#3362 = EDGE_LOOP ( 'NONE', ( #3591, #5738, #2263, #5674 ) ) ;
#3363 = LINE ( 'NONE', #6926, #1716 ) ;
#3364 = DIRECTION ( 'NONE',  ( 1.000000000000000000, 0.000000000000000000, 3.854941057726239700E-17 ) ) ;
#3365 = ORIENTED_EDGE ( 'NONE', *, *, #5001, .T. ) ;
#3366 = PLANE ( 'NONE',  #5511 ) ;
#3367 = LINE ( 'NONE', #4942, #5627 ) ;
#3368 = ORIENTED_EDGE ( 'NONE', *, *, #6281, .T. ) ;
#3369 = ADVANCED_FACE ( 'NONE', ( #1722 ), #7954, .T. ) ;
#3370 = DIRECTION ( 'NONE',  ( -0.7501120765757856024, 0.000000000000000000, 0.6613107231666237595 ) ) ;
#3371 = LINE ( 'NONE', #4013, #3479 ) ;
#3372 = CARTESIAN_POINT ( 'NONE',  ( 30.14589468389949900, -10.80000000000000071, 6.364617092752020255 ) ) ;
#3373 = ORIENTED_EDGE ( 'NONE', *, *, #3341, .T. ) ;
#3374 = CARTESIAN_POINT ( 'NONE',  ( 151.8750469336854962, 10.80000000000000071, 9.364617092752020255 ) ) ;
#3375 = DIRECTION ( 'NONE',  ( -0.7501120765757851583, 0.000000000000000000, 0.6613107231666243147 ) ) ;
#3376 = VERTEX_POINT ( 'NONE', #5241 ) ;
#3377 = EDGE_CURVE ( 'NONE', #423, #3015, #8723, .T. ) ;
#3378 = VERTEX_POINT ( 'NONE', #5924 ) ;
#3379 = LINE ( 'NONE', #3518, #2029 ) ;
#3380 = CARTESIAN_POINT ( 'NONE',  ( -42.65468247025099657, 7.200000000000000178, 6.364617092752020255 ) ) ;
#3381 = DIRECTION ( 'NONE',  ( 0.000000000000000000, 1.000000000000000000, 0.000000000000000000 ) ) ;
#3382 = EDGE_CURVE ( 'NONE', #4591, #5137, #7321, .T. ) ;
#3383 = ORIENTED_EDGE ( 'NONE', *, *, #515, .F. ) ;
#3384 = DIRECTION ( 'NONE',  ( 0.8051314262087321261, 0.000000000000000000, 0.5930964394861030220 ) ) ;
#3385 = PLANE ( 'NONE',  #435 ) ;
#3386 = CARTESIAN_POINT ( 'NONE',  ( -144.0750469336853996, 3.000000000000000000, 0.000000000000000000 ) ) ;
#3387 = EDGE_LOOP ( 'NONE', ( #6274, #5966, #3398 ) ) ;
#3388 = CARTESIAN_POINT ( 'NONE',  ( 91.52132034355979329, -7.200000000000000178, -12.59999999999999964 ) ) ;
#3389 = ORIENTED_EDGE ( 'NONE', *, *, #6157, .F. ) ;
#3390 = DIRECTION ( 'NONE',  ( 1.066995812285820071E-15, -1.066995812285799955E-15, 1.000000000000000000 ) ) ;
#3391 = LINE ( 'NONE', #1996, #5267 ) ;
#3392 = DIRECTION ( 'NONE',  ( -1.000000000000000000, 0.000000000000000000, 0.000000000000000000 ) ) ;
#3393 = ADVANCED_FACE ( 'NONE', ( #4619 ), #3903, .T. ) ;
#3394 = ADVANCED_FACE ( 'NONE', ( #7996 ), #1817, .T. ) ;
#3395 = PLANE ( 'NONE',  #3833 ) ;
#3396 = VERTEX_POINT ( 'NONE', #3177 ) ;
#3397 = VECTOR ( 'NONE', #6603, 1000.000000000000114 ) ;
#3398 = ORIENTED_EDGE ( 'NONE', *, *, #8844, .T. ) ;
#3399 = CARTESIAN_POINT ( 'NONE',  ( 102.0000000000000000, -6.000000000000000000, 1.665334536937735008E-15 ) ) ;
#3400 = CARTESIAN_POINT ( 'NONE',  ( -94.52274490961460174, 10.80000000000000071, -37.96249396662199871 ) ) ;
#3401 = EDGE_CURVE ( 'NONE', #5720, #5159, #493, .T. ) ;
#3402 = EDGE_CURVE ( 'NONE', #8666, #8514, #3859, .T. ) ;
#3403 = AXIS2_PLACEMENT_3D ( 'NONE', #6360, #5550, #2255 ) ;
#3404 = VECTOR ( 'NONE', #5746, 1000.000000000000000 ) ;
#3405 = VECTOR ( 'NONE', #5310, 1000.000000000000227 ) ;
#3406 = DIRECTION ( 'NONE',  ( -0.000000000000000000, 1.000000000000000000, 0.000000000000000000 ) ) ;
#3407 = ORIENTED_EDGE ( 'NONE', *, *, #4512, .F. ) ;
#3408 = EDGE_CURVE ( 'NONE', #2441, #2188, #5200, .T. ) ;
#3409 = CARTESIAN_POINT ( 'NONE',  ( -90.46066017177960816, -7.200000000000000178, 13.66066017177984016 ) ) ;
#3410 = CARTESIAN_POINT ( 'NONE',  ( 204.0000000000000000, 0.000000000000000000, 0.000000000000000000 ) ) ;
#3411 = ORIENTED_EDGE ( 'NONE', *, *, #4964, .F. ) ;
#3412 = VECTOR ( 'NONE', #4630, 1000.000000000000000 ) ;
#3413 = AXIS2_PLACEMENT_3D ( 'NONE', #2160, #2750, #7661 ) ;
#3414 = DIRECTION ( 'NONE',  ( 0.000000000000000000, 1.000000000000000000, 0.000000000000000000 ) ) ;
#3415 = AXIS2_PLACEMENT_3D ( 'NONE', #2110, #4814, #5492 ) ;
#3416 = CARTESIAN_POINT ( 'NONE',  ( 147.6600000000000250, -10.80000000000000071, 6.364617092752020255 ) ) ;
#3417 = ORIENTED_EDGE ( 'NONE', *, *, #8930, .T. ) ;
#3418 = VECTOR ( 'NONE', #2327, 1000.000000000000000 ) ;
#3419 = CIRCLE ( 'NONE', #7594, 18.00000000000000000 ) ;
#3420 = AXIS2_PLACEMENT_3D ( 'NONE', #8290, #7610, #6840 ) ;
#3421 = CARTESIAN_POINT ( 'NONE',  ( 18.58750995696410158, -10.80000000000000071, 7.147563504881099483 ) ) ;
#3422 = CARTESIAN_POINT ( 'NONE',  ( 62.02294734195000103, -10.80000000000000071, 3.161062501570159444 ) ) ;
#3423 = LINE ( 'NONE', #2062, #3566 ) ;
#3424 = ORIENTED_EDGE ( 'NONE', *, *, #58, .T. ) ;
#3425 = DIRECTION ( 'NONE',  ( 1.000000000000000000, -9.614813431917810700E-16, -5.551115123125790591E-16 ) ) ;
#3426 = VECTOR ( 'NONE', #1419, 1000.000000000000000 ) ;
#3427 = AXIS2_PLACEMENT_3D ( 'NONE', #3718, #6417, #854 ) ;
#3428 = ADVANCED_FACE ( 'NONE', ( #3220 ), #8048, .T. ) ;
#3429 = FACE_OUTER_BOUND ( 'NONE', #516, .T. ) ;
#3430 = VERTEX_POINT ( 'NONE', #7266 ) ;
#3431 = ORIENTED_EDGE ( 'NONE', *, *, #446, .T. ) ;
#3432 = CARTESIAN_POINT ( 'NONE',  ( -186.0000000000000000, 0.000000000000000000, 0.000000000000000000 ) ) ;
#3433 = FACE_OUTER_BOUND ( 'NONE', #3746, .T. ) ;
#3434 = DIRECTION ( 'NONE',  ( 0.7071067811865480168, 0.000000000000000000, 0.7071067811865470176 ) ) ;
#3435 = ADVANCED_FACE ( 'NONE', ( #1865 ), #7865, .F. ) ;
#3436 = EDGE_LOOP ( 'NONE', ( #5918, #4249, #3572 ) ) ;
#3437 = VECTOR ( 'NONE', #4428, 1000.000000000000114 ) ;
#3438 = LINE ( 'NONE', #6907, #3783 ) ;
#3439 = DIRECTION ( 'NONE',  ( -1.962413267760685077E-15, 1.000000000000000000, 0.000000000000000000 ) ) ;
#3440 = DIRECTION ( 'NONE',  ( 0.000000000000000000, 1.000000000000000000, 0.000000000000000000 ) ) ;
#3441 = ORIENTED_EDGE ( 'NONE', *, *, #2534, .T. ) ;
#3442 = DIRECTION ( 'NONE',  ( 1.000000000000000000, 0.000000000000000000, 0.000000000000000000 ) ) ;
#3443 = ORIENTED_EDGE ( 'NONE', *, *, #5239, .F. ) ;
#3444 = EDGE_CURVE ( 'NONE', #4033, #6429, #4135, .T. ) ;
#3445 = DIRECTION ( 'NONE',  ( 0.8051314262087321261, 0.000000000000000000, -0.5930964394861030220 ) ) ;
#3446 = CARTESIAN_POINT ( 'NONE',  ( -158.3145498270900191, -7.200000000000000178, -1.484009058298542127 ) ) ;
#3447 = PLANE ( 'NONE',  #2841 ) ;
#3448 = CARTESIAN_POINT ( 'NONE',  ( 150.6599999999999966, -10.80000000000000071, 6.364617092752020255 ) ) ;
#3449 = VERTEX_POINT ( 'NONE', #2635 ) ;
#3450 = EDGE_LOOP ( 'NONE', ( #7855, #3934, #7620, #2112 ) ) ;
#3451 = CARTESIAN_POINT ( 'NONE',  ( -19.47559106388689898, -7.200000000000000178, 6.364617092752020255 ) ) ;
#3452 = LINE ( 'NONE', #5609, #3098 ) ;
#3453 = ADVANCED_FACE ( 'NONE', ( #3361 ), #5345, .T. ) ;
#3454 = AXIS2_PLACEMENT_3D ( 'NONE', #6197, #8445, #7764 ) ;
#3455 = PLANE ( 'NONE',  #3707 ) ;
#3456 = ORIENTED_EDGE ( 'NONE', *, *, #1912, .F. ) ;
#3457 = EDGE_CURVE ( 'NONE', #8100, #2804, #5476, .T. ) ;
#3458 = DIRECTION ( 'NONE',  ( 0.000000000000000000, 0.000000000000000000, 1.000000000000000000 ) ) ;
#3459 = LINE ( 'NONE', #2777, #8180 ) ;
#3460 = ORIENTED_EDGE ( 'NONE', *, *, #7421, .F. ) ;
#3461 = EDGE_CURVE ( 'NONE', #8215, #1413, #6881, .T. ) ;
#3462 = LINE ( 'NONE', #2594, #3643 ) ;
#3463 = PLANE ( 'NONE',  #670 ) ;
#3464 = ORIENTED_EDGE ( 'NONE', *, *, #6674, .F. ) ;
#3465 = EDGE_CURVE ( 'NONE', #2804, #405, #4043, .T. ) ;
#3466 = LINE ( 'NONE', #10, #7281 ) ;
#3467 = CARTESIAN_POINT ( 'NONE',  ( -8.975639059928219865, 2.086565720548850145, -2.231729294946170228 ) ) ;
#3468 = CARTESIAN_POINT ( 'NONE',  ( 167.9399999999999977, -7.200000000000000178, -6.364617092752020255 ) ) ;
#3469 = ORIENTED_EDGE ( 'NONE', *, *, #3402, .F. ) ;
#3470 = CARTESIAN_POINT ( 'NONE',  ( 67.35809915195579833, -7.200000000000000178, 1.661062501570160110 ) ) ;
#3471 = VECTOR ( 'NONE', #3445, 1000.000000000000114 ) ;
#3472 = CARTESIAN_POINT ( 'NONE',  ( -117.5999999999999943, -7.200000000000000178, 6.364617092752020255 ) ) ;
#3473 = VERTEX_POINT ( 'NONE', #6158 ) ;
#3474 = ORIENTED_EDGE ( 'NONE', *, *, #7280, .T. ) ;
#3475 = DIRECTION ( 'NONE',  ( 0.000000000000000000, -0.4999999999999998890, -0.8660254037844387076 ) ) ;
#3476 = ADVANCED_FACE ( 'NONE', ( #8096 ), #1318, .F. ) ;
#3477 = LINE ( 'NONE', #612, #3559 ) ;
#3478 = VERTEX_POINT ( 'NONE', #3999 ) ;
#3479 = VECTOR ( 'NONE', #8204, 1000.000000000000000 ) ;
#3480 = ORIENTED_EDGE ( 'NONE', *, *, #7916, .F. ) ;
#3481 = DIRECTION ( 'NONE',  ( 0.000000000000000000, 0.000000000000000000, -1.000000000000000000 ) ) ;
#3482 = FACE_OUTER_BOUND ( 'NONE', #8348, .T. ) ;
#3483 = CARTESIAN_POINT ( 'NONE',  ( 168.9690996541804964, -7.200000000000000178, 6.364617092752020255 ) ) ;
#3484 = ORIENTED_EDGE ( 'NONE', *, *, #3005, .F. ) ;
#3485 = FACE_OUTER_BOUND ( 'NONE', #5522, .T. ) ;
#3486 = ORIENTED_EDGE ( 'NONE', *, *, #8248, .T. ) ;
#3487 = VECTOR ( 'NONE', #383, 1000.000000000000000 ) ;
#3488 = EDGE_CURVE ( 'NONE', #299, #2543, #683, .T. ) ;
#3489 = DIRECTION ( 'NONE',  ( 0.000000000000000000, -1.000000000000000000, -1.156482317317869950E-15 ) ) ;
#3490 = CARTESIAN_POINT ( 'NONE',  ( 114.5999999999999943, -10.80000000000000071, 10.47867965644037902 ) ) ;
#3491 = LINE ( 'NONE', #120, #3914 ) ;
#3492 = CARTESIAN_POINT ( 'NONE',  ( -31.64589468389949900, -7.200000000000000178, -6.364617092752020255 ) ) ;
#3493 = EDGE_LOOP ( 'NONE', ( #541, #6815, #6933, #2705 ) ) ;
#3494 = VECTOR ( 'NONE', #7874, 1000.000000000000000 ) ;
#3495 = DIRECTION ( 'NONE',  ( -1.000000000000000000, 0.000000000000000000, -0.000000000000000000 ) ) ;
#3496 = DIRECTION ( 'NONE',  ( 0.000000000000000000, 1.000000000000000000, 0.000000000000000000 ) ) ;
#3497 = VECTOR ( 'NONE', #3115, 1000.000000000000000 ) ;
#3498 = DIRECTION ( 'NONE',  ( -0.8754956338961326079, 5.156001492484647477E-16, -0.4832260289231208317 ) ) ;
#3499 = ORIENTED_EDGE ( 'NONE', *, *, #6272, .F. ) ;
#3500 = CARTESIAN_POINT ( 'NONE',  ( 0.000000000000000000, 1.351735180736268092E-14, -15.59999999999999964 ) ) ;
#3501 = CARTESIAN_POINT ( 'NONE',  ( -80.43214453085758464, -10.80000000000000071, -23.68917581270189743 ) ) ;
#3502 = VERTEX_POINT ( 'NONE', #1272 ) ;
#3503 = ADVANCED_FACE ( 'NONE', ( #3314 ), #3455, .T. ) ;
#3504 = DIRECTION ( 'NONE',  ( 2.093240818944730039E-15, -1.066995812285799955E-15, 1.000000000000000000 ) ) ;
#3505 = LINE ( 'NONE', #8928, #1443 ) ;
#3506 = VERTEX_POINT ( 'NONE', #4090 ) ;
#3507 = EDGE_CURVE ( 'NONE', #2088, #3506, #8962, .T. ) ;
#3508 = CARTESIAN_POINT ( 'NONE',  ( 33.37794549146840239, -10.80000000000000071, -9.364617092752020255 ) ) ;
#3509 = CARTESIAN_POINT ( 'NONE',  ( -117.5999999999999943, -10.80000000000000071, -3.227411761410004853 ) ) ;
#3510 = DIRECTION ( 'NONE',  ( -0.7501120765757856024, 0.000000000000000000, 0.6613107231666237595 ) ) ;
#3511 = VERTEX_POINT ( 'NONE', #1224 ) ;
#3512 = CARTESIAN_POINT ( 'NONE',  ( 47.58442101292460080, -10.80000000000000071, 3.042492089611689821 ) ) ;
#3513 = ADVANCED_FACE ( 'NONE', ( #8141 ), #6744, .F. ) ;
#3514 = PLANE ( 'NONE',  #5086 ) ;
#3515 = VERTEX_POINT ( 'NONE', #4712 ) ;
#3516 = AXIS2_PLACEMENT_3D ( 'NONE', #4684, #520, #1104 ) ;
#3517 = EDGE_CURVE ( 'NONE', #2354, #8080, #591, .T. ) ;
#3518 = CARTESIAN_POINT ( 'NONE',  ( 102.0000000000000000, -10.80000000000000071, 2.121320343559645050 ) ) ;
#3519 = CARTESIAN_POINT ( 'NONE',  ( -62.02294734195000103, -10.80000000000000071, -3.042492089611715134 ) ) ;
#3520 = VERTEX_POINT ( 'NONE', #2773 ) ;
#3521 = ORIENTED_EDGE ( 'NONE', *, *, #1771, .F. ) ;
#3522 = CARTESIAN_POINT ( 'NONE',  ( 52.27504693368549482, 10.80000000000000071, -9.364617092752020255 ) ) ;
#3523 = PLANE ( 'NONE',  #6650 ) ;
#3524 = CARTESIAN_POINT ( 'NONE',  ( 94.63933982822040036, -7.200000000000000178, 6.661338147750959753E-15 ) ) ;
#3525 = ORIENTED_EDGE ( 'NONE', *, *, #2650, .F. ) ;
#3526 = DIRECTION ( 'NONE',  ( 0.000000000000000000, 0.000000000000000000, -1.000000000000000000 ) ) ;
#3527 = ORIENTED_EDGE ( 'NONE', *, *, #2489, .T. ) ;
#3528 = CARTESIAN_POINT ( 'NONE',  ( 93.00000000000000000, -5.196152422706729723, -12.59999999999999964 ) ) ;
#3529 = PLANE ( 'NONE',  #3104 ) ;
#3530 = DIRECTION ( 'NONE',  ( 0.000000000000000000, -1.000000000000000000, 0.000000000000000000 ) ) ;
#3531 = CARTESIAN_POINT ( 'NONE',  ( 195.0000000000000000, -4.996003610813199699E-15, 15.59999999999999964 ) ) ;
#3532 = ORIENTED_EDGE ( 'NONE', *, *, #6947, .T. ) ;
#3533 = DIRECTION ( 'NONE',  ( -1.000000000000000000, 6.051989982493890326E-31, -5.233102047361820167E-16 ) ) ;
#3534 = EDGE_CURVE ( 'NONE', #836, #3344, #5521, .T. ) ;
#3535 = DIRECTION ( 'NONE',  ( -0.8754956338961326079, -5.156001492484647477E-16, 0.4832260289231208317 ) ) ;
#3536 = VECTOR ( 'NONE', #5234, 1000.000000000000000 ) ;
#3537 = LINE ( 'NONE', #7009, #6876 ) ;
#3538 = ORIENTED_EDGE ( 'NONE', *, *, #6143, .T. ) ;
#3539 = DIRECTION ( 'NONE',  ( 0.7128487565933357972, 0.000000000000000000, 0.7013177954560507743 ) ) ;
#3540 = FACE_OUTER_BOUND ( 'NONE', #6415, .T. ) ;
#3541 = EDGE_LOOP ( 'NONE', ( #2037, #8767, #849 ) ) ;
#3542 = EDGE_CURVE ( 'NONE', #1561, #3614, #2728, .T. ) ;
#3543 = LINE ( 'NONE', #5183, #4085 ) ;
#3544 = PLANE ( 'NONE',  #7638 ) ;
#3545 = VECTOR ( 'NONE', #2042, 1000.000000000000000 ) ;
#3546 = EDGE_LOOP ( 'NONE', ( #7872, #1849, #4315, #1196 ) ) ;
#3547 = LINE ( 'NONE', #7735, #3264 ) ;
#3548 = CARTESIAN_POINT ( 'NONE',  ( -15.10500000000000043, -0.8000000000000003775, 3.900000000000000355 ) ) ;
#3549 = VECTOR ( 'NONE', #1504, 1000.000000000000000 ) ;
#3550 = VECTOR ( 'NONE', #99, 1000.000000000000000 ) ;
#3551 = PLANE ( 'NONE',  #7595 ) ;
#3552 = EDGE_LOOP ( 'NONE', ( #6390, #6048, #8758, #5176 ) ) ;
#3553 = VECTOR ( 'NONE', #7235, 1000.000000000000000 ) ;
#3554 = PLANE ( 'NONE',  #4992 ) ;
#3555 = FACE_OUTER_BOUND ( 'NONE', #6359, .T. ) ;
#3556 = CARTESIAN_POINT ( 'NONE',  ( -176.4375234668430039, 7.200000000000000178, -6.364617092752020255 ) ) ;
#3557 = ORIENTED_EDGE ( 'NONE', *, *, #1414, .F. ) ;
#3558 = VECTOR ( 'NONE', #448, 1000.000000000000000 ) ;
#3559 = VECTOR ( 'NONE', #4109, 1000.000000000000000 ) ;
#3560 = EDGE_CURVE ( 'NONE', #2573, #1608, #4801, .T. ) ;
#3561 = DIRECTION ( 'NONE',  ( 0.000000000000000000, -1.000000000000000000, -1.156482317317869950E-15 ) ) ;
#3562 = CARTESIAN_POINT ( 'NONE',  ( 33.14589468389949900, -7.200000000000000178, -6.364617092752020255 ) ) ;
#3563 = DIRECTION ( 'NONE',  ( 1.000000000000000000, 0.000000000000000000, 2.075007502312799731E-16 ) ) ;
#3564 = ORIENTED_EDGE ( 'NONE', *, *, #7267, .F. ) ;
#3565 = CIRCLE ( 'NONE', #811, 8.699999999999999289 ) ;
#3566 = VECTOR ( 'NONE', #1470, 1000.000000000000000 ) ;
#3567 = ORIENTED_EDGE ( 'NONE', *, *, #5645, .T. ) ;
#3568 = EDGE_CURVE ( 'NONE', #2254, #2653, #4846, .T. ) ;
#3569 = DIRECTION ( 'NONE',  ( 0.000000000000000000, 1.000000000000000000, 0.000000000000000000 ) ) ;
#3570 = DIRECTION ( 'NONE',  ( 0.8615268990046556219, 5.417265015047506661E-16, -0.5077119284509886699 ) ) ;
#3571 = PLANE ( 'NONE',  #7312 ) ;
#3572 = ORIENTED_EDGE ( 'NONE', *, *, #4721, .T. ) ;
#3573 = LINE ( 'NONE', #115, #5840 ) ;
#3574 = ORIENTED_EDGE ( 'NONE', *, *, #5735, .T. ) ;
#3575 = EDGE_CURVE ( 'NONE', #8650, #3396, #4384, .T. ) ;
#3576 = DIRECTION ( 'NONE',  ( 0.4999999999999998890, 0.000000000000000000, 0.8660254037844387076 ) ) ;
#3577 = CARTESIAN_POINT ( 'NONE',  ( 62.02294734195000103, -10.80000000000000071, -3.042492089611715134 ) ) ;
#3578 = PLANE ( 'NONE',  #4211 ) ;
#3579 = AXIS2_PLACEMENT_3D ( 'NONE', #7486, #3301, #4694 ) ;
#3580 = LINE ( 'NONE', #5847, #4265 ) ;
#3581 = PRESENTATION_LAYER_ASSIGNMENT (  '', '', ( #4298 ) ) ;
#3582 = ORIENTED_EDGE ( 'NONE', *, *, #4867, .T. ) ;
#3583 = CARTESIAN_POINT ( 'NONE',  ( 59.02294734194980208, -10.80000000000000071, -3.042492089611709805 ) ) ;
#3584 = PLANE ( 'NONE',  #4000 ) ;
#3585 = EDGE_LOOP ( 'NONE', ( #701, #63, #4920, #2374 ) ) ;
#3586 = ADVANCED_FACE ( 'NONE', ( #894 ), #3584, .T. ) ;
#3587 = LINE ( 'NONE', #2905, #8156 ) ;
#3588 = ORIENTED_EDGE ( 'NONE', *, *, #4971, .F. ) ;
#3589 = LINE ( 'NONE', #6383, #7432 ) ;
#3590 = DIRECTION ( 'NONE',  ( 1.000000000000000000, 0.000000000000000000, 0.000000000000000000 ) ) ;
#3591 = ORIENTED_EDGE ( 'NONE', *, *, #3353, .F. ) ;
#3592 = ADVANCED_FACE ( 'NONE', ( #1499 ), #8327, .T. ) ;
#3593 = CARTESIAN_POINT ( 'NONE',  ( -29.77794549146839742, 0.000000000000000000, -15.59999999999999964 ) ) ;
#3594 = CARTESIAN_POINT ( 'NONE',  ( -15.10500000000000043, -10.80000000000000071, -3.899999999999999911 ) ) ;
#3595 = CARTESIAN_POINT ( 'NONE',  ( 0.000000000000000000, -4.178898784497604806E-15, 15.59999999999999964 ) ) ;
#3596 = FACE_OUTER_BOUND ( 'NONE', #5211, .T. ) ;
#3597 = EDGE_LOOP ( 'NONE', ( #704, #6781, #260 ) ) ;
#3598 = AXIS2_PLACEMENT_3D ( 'NONE', #8070, #3971, #6719 ) ;
#3599 = CARTESIAN_POINT ( 'NONE',  ( 15.70736835487440075, -10.80000000000000071, 4.500000000000000000 ) ) ;
#3600 = LINE ( 'NONE', #4815, #6973 ) ;
#3601 = ORIENTED_EDGE ( 'NONE', *, *, #7224, .F. ) ;
#3602 = CARTESIAN_POINT ( 'NONE',  ( 130.3799999999999955, -10.80000000000000071, -6.364617092752079763 ) ) ;
#3603 = LINE ( 'NONE', #3562, #8491 ) ;
#3604 = CARTESIAN_POINT ( 'NONE',  ( 182.2199999999999989, -10.80000000000000071, 6.364617092752020255 ) ) ;
#3605 = ORIENTED_EDGE ( 'NONE', *, *, #3175, .T. ) ;
#3606 = ORIENTED_EDGE ( 'NONE', *, *, #2229, .T. ) ;
#3607 = AXIS2_PLACEMENT_3D ( 'NONE', #7601, #3458, #4716 ) ;
#3608 = ADVANCED_FACE ( 'NONE', ( #4259 ), #5737, .F. ) ;
#3609 = LINE ( 'NONE', #8482, #4362 ) ;
#3610 = DIRECTION ( 'NONE',  ( 0.000000000000000000, 1.000000000000000000, 0.000000000000000000 ) ) ;
#3611 = DIRECTION ( 'NONE',  ( 0.000000000000000000, 1.000000000000000000, 0.000000000000000000 ) ) ;
#3612 = ORIENTED_EDGE ( 'NONE', *, *, #4282, .F. ) ;
#3613 = FACE_OUTER_BOUND ( 'NONE', #7117, .T. ) ;
#3614 = VERTEX_POINT ( 'NONE', #5655 ) ;
#3615 = ADVANCED_FACE ( 'NONE', ( #8452 ), #4302, .T. ) ;
#3616 = VECTOR ( 'NONE', #462, 1000.000000000000000 ) ;
#3617 = LINE ( 'NONE', #1018, #7513 ) ;
#3618 = DIRECTION ( 'NONE',  ( 0.000000000000000000, -1.000000000000000000, -1.156482317317869950E-15 ) ) ;
#3619 = DIRECTION ( 'NONE',  ( 0.000000000000000000, -1.000000000000000000, -1.156482317317869950E-15 ) ) ;
#3620 = CARTESIAN_POINT ( 'NONE',  ( -182.2199999999999989, -10.80000000000000071, 7.864617092752020255 ) ) ;
#3621 = ADVANCED_FACE ( 'NONE', ( #5062 ), #1544, .T. ) ;
#3622 = ORIENTED_EDGE ( 'NONE', *, *, #7830, .F. ) ;
#3623 = LINE ( 'NONE', #4219, #8354 ) ;
#3624 = AXIS2_PLACEMENT_3D ( 'NONE', #2590, #7957, #3906 ) ;
#3625 = VERTEX_POINT ( 'NONE', #7131 ) ;
#3626 = ADVANCED_FACE ( 'NONE', ( #1583 ), #7091, .F. ) ;
#3627 = AXIS2_PLACEMENT_3D ( 'NONE', #7082, #885, #926 ) ;
#3628 = FACE_OUTER_BOUND ( 'NONE', #6618, .T. ) ;
#3629 = ORIENTED_EDGE ( 'NONE', *, *, #4995, .T. ) ;
#3630 = FACE_OUTER_BOUND ( 'NONE', #7740, .T. ) ;
#3631 = VERTEX_POINT ( 'NONE', #8497 ) ;
#3632 = LINE ( 'NONE', #8412, #3110 ) ;
#3633 = CARTESIAN_POINT ( 'NONE',  ( -62.02294734195000103, -10.80000000000000071, -3.042492089611715134 ) ) ;
#3634 = EDGE_LOOP ( 'NONE', ( #7092, #3967, #3741, #8656 ) ) ;
#3635 = ADVANCED_FACE ( 'NONE', ( #7680 ), #766, .T. ) ;
#3636 = VECTOR ( 'NONE', #4449, 1000.000000000000000 ) ;
#3637 = DIRECTION ( 'NONE',  ( 0.000000000000000000, 1.000000000000000000, 0.000000000000000000 ) ) ;
#3638 = DIRECTION ( 'NONE',  ( 0.7071067811865480168, 0.000000000000000000, 0.7071067811865470176 ) ) ;
#3639 = CARTESIAN_POINT ( 'NONE',  ( -42.65468247025099657, 10.80000000000000071, 6.364617092752020255 ) ) ;
#3640 = PLANE ( 'NONE',  #5140 ) ;
#3641 = ORIENTED_EDGE ( 'NONE', *, *, #6535, .F. ) ;
#3642 = CARTESIAN_POINT ( 'NONE',  ( -117.5999999999999943, -7.200000000000000178, -3.227411761410004853 ) ) ;
#3643 = VECTOR ( 'NONE', #6834, 1000.000000000000000 ) ;
#3644 = CARTESIAN_POINT ( 'NONE',  ( -59.02294734194980208, -10.80000000000000071, 7.864617092752020255 ) ) ;
#3645 = DIRECTION ( 'NONE',  ( 0.000000000000000000, -0.4999999999999998890, -0.8660254037844387076 ) ) ;
#3646 = VERTEX_POINT ( 'NONE', #7639 ) ;
#3647 = ADVANCED_FACE ( 'NONE', ( #7814 ), #4222, .T. ) ;
#3648 = CARTESIAN_POINT ( 'NONE',  ( 62.02294734195000103, -7.200000000000000178, 6.364617092752020255 ) ) ;
#3649 = DIRECTION ( 'NONE',  ( 1.000000000000000000, 0.000000000000000000, 0.000000000000000000 ) ) ;
#3650 = EDGE_LOOP ( 'NONE', ( #4502, #5060, #4948 ) ) ;
#3651 = ORIENTED_EDGE ( 'NONE', *, *, #6577, .T. ) ;
#3652 = EDGE_CURVE ( 'NONE', #7826, #4516, #3537, .T. ) ;
#3653 = CARTESIAN_POINT ( 'NONE',  ( -30.14589468389949900, -10.80000000000000071, 6.364617092752020255 ) ) ;
#3654 = CARTESIAN_POINT ( 'NONE',  ( -3.000000000000000000, 10.80000000000000071, -2.544656877271950002 ) ) ;
#3655 = LINE ( 'NONE', #8654, #7458 ) ;
#3656 = VERTEX_POINT ( 'NONE', #3716 ) ;
#3657 = PLANE ( 'NONE',  #1229 ) ;
#3658 = ORIENTED_EDGE ( 'NONE', *, *, #2368, .F. ) ;
#3659 = LINE ( 'NONE', #5092, #8665 ) ;
#3660 = EDGE_CURVE ( 'NONE', #8053, #4126, #86, .T. ) ;
#3661 = LINE ( 'NONE', #6586, #501 ) ;
#3662 = DIRECTION ( 'NONE',  ( -1.569930614208549994E-15, -1.066995812285799955E-15, 1.000000000000000000 ) ) ;
#3663 = EDGE_LOOP ( 'NONE', ( #961, #5049, #7326 ) ) ;
#3664 = CARTESIAN_POINT ( 'NONE',  ( 0.000000000000000000, -10.80000000000000071, -9.364617092752020255 ) ) ;
#3665 = APPLICATION_PROTOCOL_DEFINITION ( 'draft international standard', 'automotive_design', 1998, #8834 ) ;
#3666 = CARTESIAN_POINT ( 'NONE',  ( -102.0000000000000000, -7.000000000000000000, 9.900000000000002132 ) ) ;
#3667 = EDGE_CURVE ( 'NONE', #1250, #3814, #852, .T. ) ;
#3668 = EDGE_CURVE ( 'NONE', #3149, #505, #2902, .T. ) ;
#3669 = DIRECTION ( 'NONE',  ( 0.000000000000000000, 0.000000000000000000, -1.000000000000000000 ) ) ;
#3670 = ORIENTED_EDGE ( 'NONE', *, *, #4779, .T. ) ;
#3671 = DIRECTION ( 'NONE',  ( -1.000000000000000000, 0.000000000000000000, 0.000000000000000000 ) ) ;
#3672 = ORIENTED_EDGE ( 'NONE', *, *, #1085, .T. ) ;
#3673 = ADVANCED_FACE ( 'NONE', ( #2270, #3628 ), #170, .F. ) ;
#3674 = DIRECTION ( 'NONE',  ( -0.7071067811865470176, 0.000000000000000000, 0.7071067811865480168 ) ) ;
#3675 = CARTESIAN_POINT ( 'NONE',  ( 81.75015216311699362, -7.200000000000000178, 1.789984670366695063 ) ) ;
#3676 = ORIENTED_EDGE ( 'NONE', *, *, #987, .F. ) ;
#3677 = AXIS2_PLACEMENT_3D ( 'NONE', #5877, #8047, #5920 ) ;
#3678 = EDGE_CURVE ( 'NONE', #1311, #2848, #345, .T. ) ;
#3679 = PLANE ( 'NONE',  #4413 ) ;
#3680 = CARTESIAN_POINT ( 'NONE',  ( -39.91468026231914479, 23.16036667136654970, 2.228356067756125380 ) ) ;
#3681 = VERTEX_POINT ( 'NONE', #4608 ) ;
#3682 = CARTESIAN_POINT ( 'NONE',  ( -87.90000000000000568, -7.200000000000000178, 6.364617092752020255 ) ) ;
#3683 = FACE_OUTER_BOUND ( 'NONE', #6395, .T. ) ;
#3684 = ORIENTED_EDGE ( 'NONE', *, *, #6539, .F. ) ;
#3685 = DIRECTION ( 'NONE',  ( -1.000000000000000000, 0.000000000000000000, 0.000000000000000000 ) ) ;
#3686 = VECTOR ( 'NONE', #6194, 1000.000000000000000 ) ;
#3687 = CARTESIAN_POINT ( 'NONE',  ( 33.14589468389949900, -10.80000000000000071, 6.364617092752020255 ) ) ;
#3688 = ORIENTED_EDGE ( 'NONE', *, *, #398, .F. ) ;
#3689 = DIRECTION ( 'NONE',  ( 0.000000000000000000, 1.000000000000000000, 0.000000000000000000 ) ) ;
#3690 = VECTOR ( 'NONE', #2035, 1000.000000000000000 ) ;
#3691 = VECTOR ( 'NONE', #5623, 1000.000000000000000 ) ;
#3692 = VECTOR ( 'NONE', #4537, 1000.000000000000000 ) ;
#3693 = FACE_BOUND ( 'NONE', #4646, .T. ) ;
#3694 = DIRECTION ( 'NONE',  ( 0.000000000000000000, 1.000000000000000000, 0.000000000000000000 ) ) ;
#3695 = ORIENTED_EDGE ( 'NONE', *, *, #629, .F. ) ;
#3696 = VERTEX_POINT ( 'NONE', #1166 ) ;
#3697 = EDGE_CURVE ( 'NONE', #3681, #1311, #392, .T. ) ;
#3698 = AXIS2_PLACEMENT_3D ( 'NONE', #6079, #4149, #8246 ) ;
#3699 = AXIS2_PLACEMENT_3D ( 'NONE', #3604, #3649, #7070 ) ;
#3700 = CARTESIAN_POINT ( 'NONE',  ( 176.4375234668430039, 10.80000000000000071, 3.823383353545739993 ) ) ;
#3701 =( NAMED_UNIT ( * ) SI_UNIT ( $, .STERADIAN. ) SOLID_ANGLE_UNIT ( ) );
#3702 = ORIENTED_EDGE ( 'NONE', *, *, #4236, .T. ) ;
#3703 = LINE ( 'NONE', #923, #2527 ) ;
#3704 = ORIENTED_EDGE ( 'NONE', *, *, #6507, .F. ) ;
#3705 = EDGE_CURVE ( 'NONE', #4734, #4208, #7314, .T. ) ;
#3706 = CARTESIAN_POINT ( 'NONE',  ( -87.41669302207439785, 10.80000000000000071, 6.364617092752020255 ) ) ;
#3707 = AXIS2_PLACEMENT_3D ( 'NONE', #6786, #8279, #8236 ) ;
#3708 = VECTOR ( 'NONE', #1459, 1000.000000000000000 ) ;
#3709 = DIRECTION ( 'NONE',  ( -0.7071067811865470176, 0.000000000000000000, 0.7071067811865480168 ) ) ;
#3710 = CARTESIAN_POINT ( 'NONE',  ( 33.91411739291199723, -7.200000000000000178, -6.364617092752020255 ) ) ;
#3711 = CARTESIAN_POINT ( 'NONE',  ( -99.87867965644021240, -10.80000000000000071, 9.992007221626378887E-15 ) ) ;
#3712 = ORIENTED_EDGE ( 'NONE', *, *, #7909, .T. ) ;
#3713 = FACE_OUTER_BOUND ( 'NONE', #915, .T. ) ;
#3714 = VERTEX_POINT ( 'NONE', #2485 ) ;
#3715 = DIRECTION ( 'NONE',  ( 1.000000000000000000, 0.000000000000000000, 0.000000000000000000 ) ) ;
#3716 = CARTESIAN_POINT ( 'NONE',  ( -86.40000000000000568, -10.80000000000000071, -2.784647752018639899 ) ) ;
#3717 = ORIENTED_EDGE ( 'NONE', *, *, #2047, .F. ) ;
#3718 = CARTESIAN_POINT ( 'NONE',  ( 86.40000000000000568, -7.705048770837839765E-16, -15.59999999999999964 ) ) ;
#3719 = VERTEX_POINT ( 'NONE', #1761 ) ;
#3720 = ADVANCED_FACE ( 'NONE', ( #1857 ), #1121, .F. ) ;
#3721 = FACE_OUTER_BOUND ( 'NONE', #5943, .T. ) ;
#3722 = EDGE_LOOP ( 'NONE', ( #4169, #7323, #8753 ) ) ;
#3723 = EDGE_CURVE ( 'NONE', #7668, #2088, #8713, .T. ) ;
#3724 = LINE ( 'NONE', #225, #6864 ) ;
#3725 = CARTESIAN_POINT ( 'NONE',  ( 167.9399999999999977, -10.80000000000000071, 3.396598976154964866 ) ) ;
#3726 = ORIENTED_EDGE ( 'NONE', *, *, #6319, .T. ) ;
#3727 = EDGE_CURVE ( 'NONE', #4976, #6477, #3031, .T. ) ;
#3728 = DIRECTION ( 'NONE',  ( 0.000000000000000000, 0.000000000000000000, 1.000000000000000000 ) ) ;
#3729 = FACE_OUTER_BOUND ( 'NONE', #6245, .T. ) ;
#3730 = ORIENTED_EDGE ( 'NONE', *, *, #8076, .F. ) ;
#3731 = CARTESIAN_POINT ( 'NONE',  ( -26.10000000000000142, 7.200000000000000178, 6.364617092752020255 ) ) ;
#3732 = EDGE_CURVE ( 'NONE', #6082, #4075, #5235, .T. ) ;
#3733 = LINE ( 'NONE', #6519, #2846 ) ;
#3734 = ORIENTED_EDGE ( 'NONE', *, *, #3083, .F. ) ;
#3735 = CARTESIAN_POINT ( 'NONE',  ( -157.9791843563795055, 10.80000000000000071, -6.364617092752020255 ) ) ;
#3736 = EDGE_CURVE ( 'NONE', #1055, #6533, #7854, .T. ) ;
#3737 = LINE ( 'NONE', #8477, #1588 ) ;
#3738 = AXIS2_PLACEMENT_3D ( 'NONE', #277, #3051, #4452 ) ;
#3739 = CARTESIAN_POINT ( 'NONE',  ( -201.0000000000000000, -7.200000000000000178, 6.364617092752020255 ) ) ;
#3740 = EDGE_LOOP ( 'NONE', ( #4635, #262, #7086, #4650 ) ) ;
#3741 = ORIENTED_EDGE ( 'NONE', *, *, #2102, .T. ) ;
#3742 = DIRECTION ( 'NONE',  ( 0.7013177954560507743, 0.000000000000000000, 0.7128487565933357972 ) ) ;
#3743 = CARTESIAN_POINT ( 'NONE',  ( -146.6309003458194127, -10.80000000000000071, -6.364617092752020255 ) ) ;
#3744 = FACE_OUTER_BOUND ( 'NONE', #215, .T. ) ;
#3745 = EDGE_LOOP ( 'NONE', ( #1143, #1694, #3567, #5863 ) ) ;
#3746 = EDGE_LOOP ( 'NONE', ( #8492, #3304, #494, #6564 ) ) ;
#3747 = ADVANCED_FACE ( 'NONE', ( #5149 ), #6461, .F. ) ;
#3748 = DIRECTION ( 'NONE',  ( -1.000000000000000000, 0.000000000000000000, 2.018443830920939658E-16 ) ) ;
#3749 = PLANE ( 'NONE',  #3988 ) ;
#3750 = DIRECTION ( 'NONE',  ( 0.000000000000000000, -0.8660254037844387076, 0.4999999999999998890 ) ) ;
#3751 = CARTESIAN_POINT ( 'NONE',  ( 45.28611852878830035, 7.200000000000000178, 7.915365510960418405 ) ) ;
#3752 = ORIENTED_EDGE ( 'NONE', *, *, #7392, .T. ) ;
#3753 = FACE_OUTER_BOUND ( 'NONE', #6737, .T. ) ;
#3754 = EDGE_CURVE ( 'NONE', #6643, #3832, #3758, .T. ) ;
#3755 = EDGE_LOOP ( 'NONE', ( #7927, #578, #6694, #4160 ) ) ;
#3756 = VECTOR ( 'NONE', #2567, 1000.000000000000000 ) ;
#3757 = CARTESIAN_POINT ( 'NONE',  ( -150.6599999999999966, -7.200000000000000178, -6.364617092752020255 ) ) ;
#3758 = LINE ( 'NONE', #5959, #5857 ) ;
#3759 = VERTEX_POINT ( 'NONE', #3167 ) ;
#3760 = DIRECTION ( 'NONE',  ( 0.000000000000000000, 1.000000000000000000, 0.000000000000000000 ) ) ;
#3761 = EDGE_LOOP ( 'NONE', ( #1808, #2748, #7405, #2897 ) ) ;
#3762 = VECTOR ( 'NONE', #8258, 1000.000000000000000 ) ;
#3763 = EDGE_CURVE ( 'NONE', #231, #711, #4433, .T. ) ;
#3764 = CARTESIAN_POINT ( 'NONE',  ( 150.6599999999999966, -10.80000000000000071, -3.396598976154979965 ) ) ;
#3765 = ORIENTED_EDGE ( 'NONE', *, *, #7812, .F. ) ;
#3766 = AXIS2_PLACEMENT_3D ( 'NONE', #2233, #3771, #7570 ) ;
#3767 = LINE ( 'NONE', #354, #75 ) ;
#3768 = DIRECTION ( 'NONE',  ( 0.000000000000000000, 0.000000000000000000, -1.000000000000000000 ) ) ;
#3769 = VERTEX_POINT ( 'NONE', #4515 ) ;
#3770 = EDGE_CURVE ( 'NONE', #3430, #6318, #6640, .T. ) ;
#3771 = DIRECTION ( 'NONE',  ( 1.000000000000000000, 0.000000000000000000, 0.000000000000000000 ) ) ;
#3772 = DIRECTION ( 'NONE',  ( 1.962413267760679851E-16, 1.066995812285799955E-15, -1.000000000000000000 ) ) ;
#3773 = ORIENTED_EDGE ( 'NONE', *, *, #8675, .F. ) ;
#3774 = PLANE ( 'NONE',  #3112 ) ;
#3775 = PLANE ( 'NONE',  #8529 ) ;
#3776 = AXIS2_PLACEMENT_3D ( 'NONE', #2125, #7622, #3439 ) ;
#3777 = FACE_OUTER_BOUND ( 'NONE', #586, .T. ) ;
#3778 = EDGE_LOOP ( 'NONE', ( #8579, #6646, #6824, #4831 ) ) ;
#3779 = DIRECTION ( 'NONE',  ( 0.000000000000000000, -1.000000000000000000, -1.156482317317869950E-15 ) ) ;
#3780 = CARTESIAN_POINT ( 'NONE',  ( 0.000000000000000000, -0.8000000000000003775, 0.000000000000000000 ) ) ;
#3781 = FACE_BOUND ( 'NONE', #2878, .T. ) ;
#3782 = EDGE_CURVE ( 'NONE', #6887, #1561, #438, .T. ) ;
#3783 = VECTOR ( 'NONE', #616, 1000.000000000000114 ) ;
#3784 = CARTESIAN_POINT ( 'NONE',  ( 0.000000000000000000, -10.80000000000000071, -9.364617092752020255 ) ) ;
#3785 = ORIENTED_EDGE ( 'NONE', *, *, #1899, .T. ) ;
#3786 = PLANE ( 'NONE',  #8884 ) ;
#3787 = ORIENTED_EDGE ( 'NONE', *, *, #3884, .T. ) ;
#3788 = CARTESIAN_POINT ( 'NONE',  ( -15.10500000000000043, -10.80000000000000071, 3.900000000000000355 ) ) ;
#3789 =( NAMED_UNIT ( * ) SI_UNIT ( $, .STERADIAN. ) SOLID_ANGLE_UNIT ( ) );
#3790 = EDGE_LOOP ( 'NONE', ( #1839, #8321, #7681, #6128 ) ) ;
#3791 = EDGE_CURVE ( 'NONE', #521, #3149, #3419, .T. ) ;
#3792 = ORIENTED_EDGE ( 'NONE', *, *, #5921, .T. ) ;
#3793 = FACE_OUTER_BOUND ( 'NONE', #1477, .T. ) ;
#3794 = CARTESIAN_POINT ( 'NONE',  ( 31.64589468389949900, -7.200000000000000178, -6.364617092752020255 ) ) ;
#3795 = PLANE ( 'NONE',  #7215 ) ;
#3796 = LINE ( 'NONE', #6540, #3497 ) ;
#3797 = ORIENTED_EDGE ( 'NONE', *, *, #6262, .T. ) ;
#3798 = PLANE ( 'NONE',  #4296 ) ;
#3799 = ORIENTED_EDGE ( 'NONE', *, *, #4228, .F. ) ;
#3800 = AXIS2_PLACEMENT_3D ( 'NONE', #3237, #5364, #8115 ) ;
#3801 = DIRECTION ( 'NONE',  ( 1.000000000000000000, 0.000000000000000000, 0.000000000000000000 ) ) ;
#3802 = CARTESIAN_POINT ( 'NONE',  ( -168.9690996541804964, -7.200000000000000178, 6.364617092752020255 ) ) ;
#3803 = ORIENTED_EDGE ( 'NONE', *, *, #6905, .T. ) ;
#3804 = CARTESIAN_POINT ( 'NONE',  ( -164.9399999999999977, -7.200000000000000178, -6.364617092752020255 ) ) ;
#3805 = VERTEX_POINT ( 'NONE', #8040 ) ;
#3806 = EDGE_CURVE ( 'NONE', #6641, #1495, #8626, .T. ) ;
#3807 = LINE ( 'NONE', #7994, #7848 ) ;
#3809 = EDGE_CURVE ( 'NONE', #4556, #7771, #3124, .T. ) ;
#3808 = CARTESIAN_POINT ( 'NONE',  ( -18.00000000000000000, -10.80000000000000071, -36.00000000000000000 ) ) ;
#3810 = LINE ( 'NONE', #3490, #8881 ) ;
#3811 = ORIENTED_EDGE ( 'NONE', *, *, #2673, .T. ) ;
#3812 = LINE ( 'NONE', #7270, #2163 ) ;
#3813 = CARTESIAN_POINT ( 'NONE',  ( -151.6890996541804952, -7.200000000000000178, -6.364617092752020255 ) ) ;
#3814 = VERTEX_POINT ( 'NONE', #7219 ) ;
#3815 = DIRECTION ( 'NONE',  ( 0.000000000000000000, 1.000000000000000000, 0.000000000000000000 ) ) ;
#3816 = CARTESIAN_POINT ( 'NONE',  ( -21.05468247025099870, 10.80000000000000071, -6.364617092752020255 ) ) ;
#3817 = CARTESIAN_POINT ( 'NONE',  ( -76.46147367097499625, -10.80000000000000071, -6.364617092752079763 ) ) ;
#3818 = VERTEX_POINT ( 'NONE', #3802 ) ;
#3819 = CARTESIAN_POINT ( 'NONE',  ( -21.05468247025099870, 10.80000000000000071, -6.364617092752020255 ) ) ;
#3820 = CARTESIAN_POINT ( 'NONE',  ( -36.73073683548744839, -10.80000000000000071, -6.364617092752020255 ) ) ;
#3821 = DIRECTION ( 'NONE',  ( -1.000000000000000000, 0.000000000000000000, 0.000000000000000000 ) ) ;
#3822 = ORIENTED_EDGE ( 'NONE', *, *, #8569, .F. ) ;
#3823 = AXIS2_PLACEMENT_3D ( 'NONE', #2227, #4348, #7096 ) ;
#3824 = DIRECTION ( 'NONE',  ( -1.000000000000000000, 0.000000000000000000, 0.000000000000000000 ) ) ;
#3825 = EDGE_LOOP ( 'NONE', ( #3045, #7023, #2310, #3298 ) ) ;
#3826 = ORIENTED_EDGE ( 'NONE', *, *, #7497, .T. ) ;
#3827 = LINE ( 'NONE', #3152, #96 ) ;
#3828 = EDGE_LOOP ( 'NONE', ( #7220, #6624, #827, #6466 ) ) ;
#3829 = VECTOR ( 'NONE', #1854, 1000.000000000000114 ) ;
#3830 = EDGE_CURVE ( 'NONE', #7701, #7217, #5871, .T. ) ;
#3831 = VECTOR ( 'NONE', #1704, 1000.000000000000000 ) ;
#3832 = VERTEX_POINT ( 'NONE', #6193 ) ;
#3833 = AXIS2_PLACEMENT_3D ( 'NONE', #6738, #8913, #4704 ) ;
#3834 = CARTESIAN_POINT ( 'NONE',  ( -147.6600000000000250, -10.80000000000000071, -3.396598976154979965 ) ) ;
#3835 = CARTESIAN_POINT ( 'NONE',  ( -147.6600000000000250, -7.200000000000000178, 6.364617092752020255 ) ) ;
#3836 = DIRECTION ( 'NONE',  ( -1.000000000000000000, -4.841591985995110159E-30, 4.186481637889450612E-15 ) ) ;
#3837 = AXIS2_PLACEMENT_3D ( 'NONE', #1631, #2193, #6978 ) ;
#3838 = ADVANCED_FACE ( 'NONE', ( #2626 ), #7451, .F. ) ;
#3839 = CIRCLE ( 'NONE', #2250, 8.699999999999999289 ) ;
#3840 = VECTOR ( 'NONE', #4448, 1000.000000000000000 ) ;
#3841 = LINE ( 'NONE', #8077, #4642 ) ;
#3842 = ORIENTED_EDGE ( 'NONE', *, *, #7806, .F. ) ;
#3843 = CARTESIAN_POINT ( 'NONE',  ( -16.57294734194974950, -10.80000000000000071, 6.364617092752020255 ) ) ;
#3844 = VECTOR ( 'NONE', #3912, 1000.000000000000114 ) ;
#3845 = CARTESIAN_POINT ( 'NONE',  ( 154.8750469336854962, 10.80000000000000071, -4.651301866581550648 ) ) ;
#3846 = EDGE_CURVE ( 'NONE', #1557, #3941, #7541, .T. ) ;
#3847 = AXIS2_PLACEMENT_3D ( 'NONE', #6615, #3188, #461 ) ;
#3848 = DIRECTION ( 'NONE',  ( -1.000000000000000000, -8.226411930404939455E-32, 7.709882115452469538E-17 ) ) ;
#3849 = AXIS2_PLACEMENT_3D ( 'NONE', #2741, #12, #777 ) ;
#3850 = PLANE ( 'NONE',  #5251 ) ;
#3851 = DIRECTION ( 'NONE',  ( 1.000000000000000000, 0.000000000000000000, 0.000000000000000000 ) ) ;
#3852 = EDGE_LOOP ( 'NONE', ( #1228, #1193, #8313 ) ) ;
#3853 = CARTESIAN_POINT ( 'NONE',  ( 33.91411739291199723, -10.80000000000000071, -6.364617092752020255 ) ) ;
#3854 = VERTEX_POINT ( 'NONE', #2085 ) ;
#3855 = AXIS2_PLACEMENT_3D ( 'NONE', #6331, #6414, #6378 ) ;
#3856 = VECTOR ( 'NONE', #6886, 1000.000000000000000 ) ;
#3857 = CARTESIAN_POINT ( 'NONE',  ( -62.02294734195000103, -7.200000000000000178, 6.364617092752020255 ) ) ;
#3858 = EDGE_CURVE ( 'NONE', #3759, #3449, #4703, .T. ) ;
#3859 = LINE ( 'NONE', #2449, #356 ) ;
#3860 = DIRECTION ( 'NONE',  ( -1.000000000000000000, 0.000000000000000000, 0.000000000000000000 ) ) ;
#3861 = ORIENTED_EDGE ( 'NONE', *, *, #5178, .T. ) ;
#3862 = DIRECTION ( 'NONE',  ( 0.000000000000000000, 0.000000000000000000, -1.000000000000000000 ) ) ;
#3863 = DIRECTION ( 'NONE',  ( 0.000000000000000000, 0.000000000000000000, 1.000000000000000000 ) ) ;
#3864 = ORIENTED_EDGE ( 'NONE', *, *, #2265, .F. ) ;
#3865 = VECTOR ( 'NONE', #68, 1000.000000000000000 ) ;
#3866 = CARTESIAN_POINT ( 'NONE',  ( -48.35264372193709903, -7.200000000000000178, 6.364617092752020255 ) ) ;
#3867 = CARTESIAN_POINT ( 'NONE',  ( -15.10500000000000043, -10.80000000000000071, 3.900000000000000355 ) ) ;
#3868 = CARTESIAN_POINT ( 'NONE',  ( 164.9399999999999977, -10.80000000000000071, 3.396598976154964866 ) ) ;
#3869 = ORIENTED_EDGE ( 'NONE', *, *, #4936, .F. ) ;
#3870 = EDGE_CURVE ( 'NONE', #6679, #3905, #4035, .T. ) ;
#3871 = CARTESIAN_POINT ( 'NONE',  ( -102.0000000000000000, -10.80000000000000071, -2.121320343559629951 ) ) ;
#3872 = CARTESIAN_POINT ( 'NONE',  ( -131.8799999999999955, -7.200000000000000178, 4.501567221424410015 ) ) ;
#3873 = LINE ( 'NONE', #8015, #2687 ) ;
#3874 = ORIENTED_EDGE ( 'NONE', *, *, #2534, .F. ) ;
#3875 = LINE ( 'NONE', #3965, #6718 ) ;
#3876 = ORIENTED_EDGE ( 'NONE', *, *, #4010, .T. ) ;
#3877 = ORIENTED_EDGE ( 'NONE', *, *, #892, .T. ) ;
#3878 = PLANE ( 'NONE',  #3946 ) ;
#3879 = ORIENTED_EDGE ( 'NONE', *, *, #4011, .F. ) ;
#3880 = ORIENTED_EDGE ( 'NONE', *, *, #7135, .F. ) ;
#3881 = CARTESIAN_POINT ( 'NONE',  ( -62.79117005096220083, -10.80000000000000071, -6.364617092752020255 ) ) ;
#3882 = DIRECTION ( 'NONE',  ( 1.000000000000000000, 0.000000000000000000, -1.850371707708589879E-16 ) ) ;
#3883 = CARTESIAN_POINT ( 'NONE',  ( -46.19999999999999574, 10.80000000000000071, 4.275303338208110482 ) ) ;
#3884 = EDGE_CURVE ( 'NONE', #753, #2513, #2669, .T. ) ;
#3885 = VERTEX_POINT ( 'NONE', #7589 ) ;
#3886 = DIRECTION ( 'NONE',  ( 0.000000000000000000, 1.000000000000000000, 0.000000000000000000 ) ) ;
#3887 = ORIENTED_EDGE ( 'NONE', *, *, #831, .T. ) ;
#3888 = CARTESIAN_POINT ( 'NONE',  ( 81.11132150785800832, -7.200000000000000178, -1.789984670366719932 ) ) ;
#3889 = ORIENTED_EDGE ( 'NONE', *, *, #3542, .F. ) ;
#3890 = LINE ( 'NONE', #4788, #4269 ) ;
#3891 = EDGE_CURVE ( 'NONE', #330, #2618, #6777, .T. ) ;
#3892 = FACE_OUTER_BOUND ( 'NONE', #6227, .T. ) ;
#3893 = DIRECTION ( 'NONE',  ( 0.000000000000000000, 0.000000000000000000, 1.000000000000000000 ) ) ;
#3894 = ORIENTED_EDGE ( 'NONE', *, *, #3770, .T. ) ;
#3895 = ADVANCED_FACE ( 'NONE', ( #8954 ), #1997, .T. ) ;
#3896 = LINE ( 'NONE', #5193, #7995 ) ;
#3897 = ORIENTED_EDGE ( 'NONE', *, *, #7637, .F. ) ;
#3898 = VERTEX_POINT ( 'NONE', #584 ) ;
#3899 = VECTOR ( 'NONE', #8400, 1000.000000000000000 ) ;
#3900 = DIRECTION ( 'NONE',  ( 0.000000000000000000, 0.000000000000000000, -1.000000000000000000 ) ) ;
#3901 = ADVANCED_FACE ( 'NONE', ( #1351 ), #2579, .T. ) ;
#3902 = VECTOR ( 'NONE', #5580, 1000.000000000000000 ) ;
#3903 = PLANE ( 'NONE',  #7014 ) ;
#3904 = LINE ( 'NONE', #1769, #8153 ) ;
#3905 = VERTEX_POINT ( 'NONE', #8272 ) ;
#3906 = DIRECTION ( 'NONE',  ( -4.186481637889450612E-15, 0.000000000000000000, 1.000000000000000000 ) ) ;
#3907 = DIRECTION ( 'NONE',  ( 0.000000000000000000, -1.000000000000000000, 0.000000000000000000 ) ) ;
#3908 = ORIENTED_EDGE ( 'NONE', *, *, #6621, .F. ) ;
#3909 = LINE ( 'NONE', #4624, #8165 ) ;
#3910 = CARTESIAN_POINT ( 'NONE',  ( -154.8750469336854962, 10.80000000000000071, 6.364617092752020255 ) ) ;
#3911 = EDGE_CURVE ( 'NONE', #4338, #8237, #3352, .T. ) ;
#3912 = DIRECTION ( 'NONE',  ( -0.7501120765757850473, 0.000000000000000000, -0.6613107231666242036 ) ) ;
#3913 = ORIENTED_EDGE ( 'NONE', *, *, #8248, .F. ) ;
#3914 = VECTOR ( 'NONE', #806, 1000.000000000000000 ) ;
#3915 = LINE ( 'NONE', #6031, #2693 ) ;
#3916 = LINE ( 'NONE', #8108, #131 ) ;
#3917 = DIRECTION ( 'NONE',  ( 0.000000000000000000, 1.000000000000000000, 0.000000000000000000 ) ) ;
#3918 = ORIENTED_EDGE ( 'NONE', *, *, #7509, .F. ) ;
#3919 = LINE ( 'NONE', #561, #2387 ) ;
#3920 = VERTEX_POINT ( 'NONE', #8860 ) ;
#3921 = AXIS2_PLACEMENT_3D ( 'NONE', #3743, #4326, #2293 ) ;
#3922 = ORIENTED_EDGE ( 'NONE', *, *, #1899, .F. ) ;
#3923 = EDGE_CURVE ( 'NONE', #7826, #990, #8132, .T. ) ;
#3924 = DIRECTION ( 'NONE',  ( 1.000000000000000000, 0.000000000000000000, 0.000000000000000000 ) ) ;
#3925 = ORIENTED_EDGE ( 'NONE', *, *, #7384, .T. ) ;
#3926 = ORIENTED_EDGE ( 'NONE', *, *, #3870, .F. ) ;
#3927 = AXIS2_PLACEMENT_3D ( 'NONE', #1257, #2617, #7981 ) ;
#3928 = LINE ( 'NONE', #5320, #6067 ) ;
#3929 = CARTESIAN_POINT ( 'NONE',  ( 9.000000000000000000, 0.000000000000000000, -45.00000000000000000 ) ) ;
#3930 = DIRECTION ( 'NONE',  ( 0.000000000000000000, 1.000000000000000000, 0.000000000000000000 ) ) ;
#3931 = ADVANCED_FACE ( 'NONE', ( #6821 ), #1946, .F. ) ;
#3932 = ORIENTED_EDGE ( 'NONE', *, *, #2761, .F. ) ;
#3933 = CARTESIAN_POINT ( 'NONE',  ( 133.3799999999999955, -7.200000000000000178, 6.364617092752020255 ) ) ;
#3934 = ORIENTED_EDGE ( 'NONE', *, *, #5645, .F. ) ;
#3935 = FACE_OUTER_BOUND ( 'NONE', #5374, .T. ) ;
#3936 = EDGE_LOOP ( 'NONE', ( #2209, #2792, #6950, #2547 ) ) ;
#3937 = CARTESIAN_POINT ( 'NONE',  ( 86.40000000000000568, -7.705048770837778628E-16, 15.59999999999974918 ) ) ;
#3938 = VERTEX_POINT ( 'NONE', #6736 ) ;
#3939 = CARTESIAN_POINT ( 'NONE',  ( 0.000000000000000000, -10.80000000000000071, -9.364617092752020255 ) ) ;
#3940 = DIRECTION ( 'NONE',  ( 0.000000000000000000, 1.000000000000000000, 0.000000000000000000 ) ) ;
#3941 = VERTEX_POINT ( 'NONE', #4124 ) ;
#3942 = DIRECTION ( 'NONE',  ( -1.000000000000000000, 0.000000000000000000, 0.000000000000000000 ) ) ;
#3943 = ORIENTED_EDGE ( 'NONE', *, *, #3173, .F. ) ;
#3944 = ORIENTED_EDGE ( 'NONE', *, *, #7598, .T. ) ;
#3945 = DIRECTION ( 'NONE',  ( -1.000000000000000000, 0.000000000000000000, 0.000000000000000000 ) ) ;
#3946 = AXIS2_PLACEMENT_3D ( 'NONE', #7339, #8750, #3288 ) ;
#3947 = CARTESIAN_POINT ( 'NONE',  ( 117.5999999999999943, 1.657405997545260083E-15, -15.59999999999999964 ) ) ;
#3948 = EDGE_CURVE ( 'NONE', #2101, #7776, #538, .T. ) ;
#3949 = ADVANCED_FACE ( 'NONE', ( #5426 ), #4083, .T. ) ;
#3950 = CARTESIAN_POINT ( 'NONE',  ( 48.35264372193709903, -10.80000000000000071, 6.364617092752020255 ) ) ;
#3951 = ORIENTED_EDGE ( 'NONE', *, *, #4554, .F. ) ;
#3952 = CARTESIAN_POINT ( 'NONE',  ( -73.46147367097499625, -10.80000000000000071, 6.203554591181880795 ) ) ;
#3953 = LINE ( 'NONE', #1087, #7729 ) ;
#3954 = ORIENTED_EDGE ( 'NONE', *, *, #5467, .F. ) ;
#3955 = ADVANCED_FACE ( 'NONE', ( #8912 ), #3447, .T. ) ;
#3956 = LINE ( 'NONE', #8640, #797 ) ;
#3957 = DIRECTION ( 'NONE',  ( 0.000000000000000000, 0.000000000000000000, -1.000000000000000000 ) ) ;
#3958 = DIRECTION ( 'NONE',  ( 1.000000000000000000, 0.000000000000000000, 0.000000000000000000 ) ) ;
#3959 = ORIENTED_EDGE ( 'NONE', *, *, #5530, .F. ) ;
#3960 = ADVANCED_FACE ( 'NONE', ( #7043 ), #7000, .T. ) ;
#3961 = DIRECTION ( 'NONE',  ( 0.000000000000000000, -1.000000000000000000, -1.156482317317869950E-15 ) ) ;
#3962 = FACE_BOUND ( 'NONE', #481, .T. ) ;
#3963 = DIRECTION ( 'NONE',  ( -7.220970109361239161E-17, 1.156482317317869950E-15, -1.000000000000000000 ) ) ;
#3964 = EDGE_LOOP ( 'NONE', ( #4266, #6196, #5315, #3532 ) ) ;
#3965 = CARTESIAN_POINT ( 'NONE',  ( -59.02294734194980208, -10.80000000000000071, -3.042492089611709805 ) ) ;
#3966 = EDGE_LOOP ( 'NONE', ( #4675, #1211, #2223 ) ) ;
#3967 = ORIENTED_EDGE ( 'NONE', *, *, #958, .T. ) ;
#3968 = DIRECTION ( 'NONE',  ( 0.000000000000000000, 0.000000000000000000, 1.000000000000000000 ) ) ;
#3969 = ORIENTED_EDGE ( 'NONE', *, *, #3791, .T. ) ;
#3970 = ORIENTED_EDGE ( 'NONE', *, *, #8524, .F. ) ;
#3971 = DIRECTION ( 'NONE',  ( -0.6278548892297277639, 0.000000000000000000, -0.7783304170275798795 ) ) ;
#3972 = VECTOR ( 'NONE', #3130, 1000.000000000000227 ) ;
#3973 = DIRECTION ( 'NONE',  ( -1.000000000000000000, 0.000000000000000000, -1.321694076934709909E-16 ) ) ;
#3974 = EDGE_CURVE ( 'NONE', #605, #1216, #3565, .T. ) ;
#3975 = FACE_OUTER_BOUND ( 'NONE', #6037, .T. ) ;
#3976 = FACE_OUTER_BOUND ( 'NONE', #5673, .T. ) ;
#3977 = VERTEX_POINT ( 'NONE', #6325 ) ;
#3978 = LINE ( 'NONE', #8707, #4350 ) ;
#3979 = ORIENTED_EDGE ( 'NONE', *, *, #8658, .F. ) ;
#3980 = CARTESIAN_POINT ( 'NONE',  ( 58.79999999999999716, -10.80000000000000071, 6.364617092752020255 ) ) ;
#3981 = AXIS2_PLACEMENT_3D ( 'NONE', #3259, #8715, #7359 ) ;
#3982 = ORIENTED_EDGE ( 'NONE', *, *, #5652, .F. ) ;
#3983 = CARTESIAN_POINT ( 'NONE',  ( 42.65468247025099657, 10.80000000000000071, 6.364617092752020255 ) ) ;
#3984 = ORIENTED_EDGE ( 'NONE', *, *, #1165, .F. ) ;
#3985 = EDGE_CURVE ( 'NONE', #4943, #4009, #1536, .T. ) ;
#3986 = LINE ( 'NONE', #2484, #3536 ) ;
#3987 = VECTOR ( 'NONE', #2576, 1000.000000000000000 ) ;
#3988 = AXIS2_PLACEMENT_3D ( 'NONE', #3929, #3882, #426 ) ;
#3989 = VECTOR ( 'NONE', #2916, 1000.000000000000114 ) ;
#3990 = CARTESIAN_POINT ( 'NONE',  ( -48.35264372193709903, -10.80000000000000071, 6.364617092752020255 ) ) ;
#3991 = ORIENTED_EDGE ( 'NONE', *, *, #3723, .T. ) ;
#3992 = DIRECTION ( 'NONE',  ( 0.000000000000000000, -1.000000000000000000, -1.156482317317869950E-15 ) ) ;
#3993 = ORIENTED_EDGE ( 'NONE', *, *, #5606, .F. ) ;
#3994 = ORIENTED_EDGE ( 'NONE', *, *, #1045, .T. ) ;
#3995 = DIRECTION ( 'NONE',  ( -1.569930614208549994E-15, 0.000000000000000000, -1.000000000000000000 ) ) ;
#3996 = VECTOR ( 'NONE', #993, 1000.000000000000000 ) ;
#3997 = VECTOR ( 'NONE', #1606, 1000.000000000000000 ) ;
#3998 = CARTESIAN_POINT ( 'NONE',  ( -29.37767197488699722, -10.80000000000000071, -6.364617092752020255 ) ) ;
#3999 = CARTESIAN_POINT ( 'NONE',  ( -117.5999999999999943, -10.80000000000000071, 9.364617092752020255 ) ) ;
#4001 = VERTEX_POINT ( 'NONE', #2135 ) ;
#4000 = AXIS2_PLACEMENT_3D ( 'NONE', #5023, #4973, #5691 ) ;
#4002 = VECTOR ( 'NONE', #6163, 1000.000000000000000 ) ;
#4003 = CARTESIAN_POINT ( 'NONE',  ( 15.70736835487440075, -10.80000000000000071, 6.932308546376040326 ) ) ;
#4004 = DIRECTION ( 'NONE',  ( -0.7071067811865470176, 0.000000000000000000, -0.7071067811865480168 ) ) ;
#4005 = VERTEX_POINT ( 'NONE', #4882 ) ;
#4006 = ADVANCED_FACE ( 'NONE', ( #2301 ), #4173, .F. ) ;
#4007 = DIRECTION ( 'NONE',  ( 0.000000000000000000, 1.000000000000000000, 0.000000000000000000 ) ) ;
#4008 = DIRECTION ( 'NONE',  ( 0.000000000000000000, -1.000000000000000000, 0.000000000000000000 ) ) ;
#4009 = VERTEX_POINT ( 'NONE', #6916 ) ;
#4010 = EDGE_CURVE ( 'NONE', #1017, #2984, #3491, .T. ) ;
#4011 = EDGE_CURVE ( 'NONE', #5085, #4757, #2894, .T. ) ;
#4012 = DIRECTION ( 'NONE',  ( 0.000000000000000000, -1.000000000000000000, 0.000000000000000000 ) ) ;
#4013 = CARTESIAN_POINT ( 'NONE',  ( 86.40000000000000568, -7.200000000000000178, 9.364617092752020255 ) ) ;
#4014 = CARTESIAN_POINT ( 'NONE',  ( 112.4786796564402067, -10.80000000000000071, 12.59999999999999964 ) ) ;
#4015 = ORIENTED_EDGE ( 'NONE', *, *, #6102, .T. ) ;
#4016 = LINE ( 'NONE', #8341, #1965 ) ;
#4017 = EDGE_CURVE ( 'NONE', #7362, #3769, #6406, .T. ) ;
#4018 = VERTEX_POINT ( 'NONE', #2262 ) ;
#4019 = EDGE_LOOP ( 'NONE', ( #1900, #8700 ) ) ;
#4020 = DIRECTION ( 'NONE',  ( 0.000000000000000000, 1.000000000000000000, 0.000000000000000000 ) ) ;
#4021 = ORIENTED_EDGE ( 'NONE', *, *, #4688, .F. ) ;
#4022 = ORIENTED_EDGE ( 'NONE', *, *, #174, .T. ) ;
#4023 = EDGE_CURVE ( 'NONE', #1336, #4152, #201, .T. ) ;
#4024 = LINE ( 'NONE', #6765, #5344 ) ;
#4025 = LINE ( 'NONE', #8704, #211 ) ;
#4026 = CARTESIAN_POINT ( 'NONE',  ( -3.000000000000000000, 7.200000000000000178, -6.364617092752020255 ) ) ;
#4027 = VERTEX_POINT ( 'NONE', #6238 ) ;
#4028 = LINE ( 'NONE', #6002, #5786 ) ;
#4029 = ORIENTED_EDGE ( 'NONE', *, *, #8019, .F. ) ;
#4030 = CARTESIAN_POINT ( 'NONE',  ( 6.545317529749079988, 10.80000000000000071, 6.364617092752020255 ) ) ;
#4031 = CARTESIAN_POINT ( 'NONE',  ( 8.975639059928219865, 2.086565720548855030, 2.231729294946170228 ) ) ;
#4032 = EDGE_CURVE ( 'NONE', #3769, #588, #7631, .T. ) ;
#4033 = VERTEX_POINT ( 'NONE', #2934 ) ;
#4034 = LINE ( 'NONE', #4653, #7708 ) ;
#4035 = LINE ( 'NONE', #5514, #946 ) ;
#4036 = VECTOR ( 'NONE', #1450, 1000.000000000000000 ) ;
#4037 = LINE ( 'NONE', #5427, #4695 ) ;
#4038 = ORIENTED_EDGE ( 'NONE', *, *, #5271, .F. ) ;
#4039 = ADVANCED_FACE ( 'NONE', ( #8402 ), #3578, .T. ) ;
#4040 = ORIENTED_EDGE ( 'NONE', *, *, #5153, .F. ) ;
#4041 = DIRECTION ( 'NONE',  ( -1.000000000000000000, 0.000000000000000000, 0.000000000000000000 ) ) ;
#4042 = CARTESIAN_POINT ( 'NONE',  ( -90.46066017177960816, -7.200000000000000178, 13.66066017177984016 ) ) ;
#4043 = LINE ( 'NONE', #4181, #6584 ) ;
#4044 = ORIENTED_EDGE ( 'NONE', *, *, #8630, .T. ) ;
#4045 = PLANE ( 'NONE',  #714 ) ;
#4046 = CARTESIAN_POINT ( 'NONE',  ( -164.9399999999999977, -10.80000000000000071, 6.380608034453520538 ) ) ;
#4047 = ORIENTED_EDGE ( 'NONE', *, *, #7844, .F. ) ;
#4048 = EDGE_CURVE ( 'NONE', #5231, #1904, #5684, .T. ) ;
#4049 = LINE ( 'NONE', #2733, #3054 ) ;
#4050 = DIRECTION ( 'NONE',  ( -0.5930964394861031330, 0.000000000000000000, 0.8051314262087322371 ) ) ;
#4051 = VECTOR ( 'NONE', #2641, 1000.000000000000000 ) ;
#4052 = VERTEX_POINT ( 'NONE', #7761 ) ;
#4053 = AXIS2_PLACEMENT_3D ( 'NONE', #4533, #7240, #2418 ) ;
#4054 = ADVANCED_FACE ( 'NONE', ( #7084 ), #8490, .F. ) ;
#4055 = CARTESIAN_POINT ( 'NONE',  ( -43.81619830391214521, -10.80000000000000071, 6.364617092752020255 ) ) ;
#4056 = DIRECTION ( 'NONE',  ( 0.000000000000000000, 0.000000000000000000, 1.000000000000000000 ) ) ;
#4057 = DIRECTION ( 'NONE',  ( -0.6613107231666237595, 0.000000000000000000, -0.7501120765757856024 ) ) ;
#4058 = ORIENTED_EDGE ( 'NONE', *, *, #7346, .T. ) ;
#4059 = CARTESIAN_POINT ( 'NONE',  ( 114.5999999999999943, -7.200000000000000178, -6.364617092752079763 ) ) ;
#4060 = VECTOR ( 'NONE', #7843, 1000.000000000000000 ) ;
#4061 = ORIENTED_EDGE ( 'NONE', *, *, #2571, .T. ) ;
#4062 = CARTESIAN_POINT ( 'NONE',  ( 23.09999999999999787, 7.200000000000000178, -3.391328741992544860 ) ) ;
#4063 = ORIENTED_EDGE ( 'NONE', *, *, #5208, .F. ) ;
#4064 = ORIENTED_EDGE ( 'NONE', *, *, #1032, .F. ) ;
#4065 = EDGE_CURVE ( 'NONE', #2866, #2101, #2807, .T. ) ;
#4066 = ADVANCED_FACE ( 'NONE', ( #5731 ), #5556, .F. ) ;
#4067 = AXIS2_PLACEMENT_3D ( 'NONE', #5478, #4093, #7641 ) ;
#4068 = DIRECTION ( 'NONE',  ( -0.7071067811865470176, 0.000000000000000000, -0.7071067811865480168 ) ) ;
#4069 = CARTESIAN_POINT ( 'NONE',  ( 88.33933982822040321, -7.200000000000000178, 11.53933982822021953 ) ) ;
#4070 = DIRECTION ( 'NONE',  ( -1.263669769138219873E-16, -1.156482317317869950E-15, 1.000000000000000000 ) ) ;
#4071 = ORIENTED_EDGE ( 'NONE', *, *, #1892, .T. ) ;
#4072 = EDGE_CURVE ( 'NONE', #7640, #3213, #7675, .T. ) ;
#4073 = EDGE_CURVE ( 'NONE', #3153, #7403, #2176, .T. ) ;
#4074 = DIRECTION ( 'NONE',  ( 1.000000000000000000, 0.000000000000000000, -7.709882115452469538E-17 ) ) ;
#4075 = VERTEX_POINT ( 'NONE', #4508 ) ;
#4076 = LINE ( 'NONE', #1208, #378 ) ;
#4077 = ORIENTED_EDGE ( 'NONE', *, *, #1295, .F. ) ;
#4078 = LINE ( 'NONE', #3937, #8002 ) ;
#4079 = ORIENTED_EDGE ( 'NONE', *, *, #6808, .T. ) ;
#4080 = AXIS2_PLACEMENT_3D ( 'NONE', #8483, #243, #5763 ) ;
#4081 = DIRECTION ( 'NONE',  ( -1.000000000000000000, 0.000000000000000000, 0.000000000000000000 ) ) ;
#4082 = CARTESIAN_POINT ( 'NONE',  ( 30.14589468389949900, -7.200000000000000178, -6.364617092752020255 ) ) ;
#4083 = PLANE ( 'NONE',  #8323 ) ;
#4084 = DIRECTION ( 'NONE',  ( 0.000000000000000000, 0.000000000000000000, 1.000000000000000000 ) ) ;
#4085 = VECTOR ( 'NONE', #3504, 1000.000000000000000 ) ;
#4086 = ORIENTED_EDGE ( 'NONE', *, *, #4629, .F. ) ;
#4087 = VERTEX_POINT ( 'NONE', #3710 ) ;
#4088 = FACE_OUTER_BOUND ( 'NONE', #6929, .T. ) ;
#4089 = LINE ( 'NONE', #4042, #7125 ) ;
#4090 = CARTESIAN_POINT ( 'NONE',  ( 43.81619830391214521, -10.80000000000000071, 6.364617092752020255 ) ) ;
#4091 = ORIENTED_EDGE ( 'NONE', *, *, #3763, .F. ) ;
#4092 = ADVANCED_FACE ( 'NONE', ( #975 ), #7170, .F. ) ;
#4093 = DIRECTION ( 'NONE',  ( 0.8660254037844387076, 0.000000000000000000, 0.4999999999999998890 ) ) ;
#4094 = CARTESIAN_POINT ( 'NONE',  ( 195.0000000000000000, 1.350000000000000089, 14.82057713659398068 ) ) ;
#4095 = ORIENTED_EDGE ( 'NONE', *, *, #5994, .F. ) ;
#4096 = CARTESIAN_POINT ( 'NONE',  ( -83.55016401551819172, -10.80000000000000071, -16.32851564092204910 ) ) ;
#4097 = CARTESIAN_POINT ( 'NONE',  ( -72.69325096196220670, -7.200000000000000178, 6.364617092752020255 ) ) ;
#4098 = ORIENTED_EDGE ( 'NONE', *, *, #8181, .F. ) ;
#4099 = ADVANCED_FACE ( 'NONE', ( #7121 ), #6538, .F. ) ;
#4100 = DIRECTION ( 'NONE',  ( -1.000000000000000000, -8.226411930404939455E-32, 7.709882115452469538E-17 ) ) ;
#4101 = CARTESIAN_POINT ( 'NONE',  ( 99.87867965644021240, -10.80000000000000071, 6.661338147750959753E-15 ) ) ;
#4102 = CARTESIAN_POINT ( 'NONE',  ( 6.000000000000000000, -10.80000000000000071, -9.364617092752020255 ) ) ;
#4103 = ORIENTED_EDGE ( 'NONE', *, *, #8861, .F. ) ;
#4104 = CARTESIAN_POINT ( 'NONE',  ( 164.9399999999999977, -10.80000000000000071, 3.396598976154964866 ) ) ;
#4105 = CARTESIAN_POINT ( 'NONE',  ( -44.58442101292464343, -7.200000000000000178, 6.364617092752020255 ) ) ;
#4106 = ORIENTED_EDGE ( 'NONE', *, *, #5758, .F. ) ;
#4107 = ORIENTED_EDGE ( 'NONE', *, *, #1570, .F. ) ;
#4108 = CARTESIAN_POINT ( 'NONE',  ( -15.70736835487440075, -10.80000000000000071, -4.500000000000000000 ) ) ;
#4109 = DIRECTION ( 'NONE',  ( 0.000000000000000000, -1.000000000000000000, 0.000000000000000000 ) ) ;
#4110 = LINE ( 'NONE', #6851, #7361 ) ;
#4111 = ORIENTED_EDGE ( 'NONE', *, *, #4872, .F. ) ;
#4112 = ADVANCED_FACE ( 'NONE', ( #4423 ), #7894, .F. ) ;
#4113 = LINE ( 'NONE', #6184, #742 ) ;
#4114 = PLANE ( 'NONE',  #7950 ) ;
#4115 = CARTESIAN_POINT ( 'NONE',  ( -3.000000000000000000, 7.200000000000000178, 4.275303338208124693 ) ) ;
#4116 = ORIENTED_EDGE ( 'NONE', *, *, #3263, .F. ) ;
#4117 = DIRECTION ( 'NONE',  ( -0.6546536707079771977, 0.3779644730092271421, 0.6546536707079771977 ) ) ;
#4118 = ORIENTED_EDGE ( 'NONE', *, *, #500, .T. ) ;
#4119 = AXIS2_PLACEMENT_3D ( 'NONE', #8669, #1212, #8712 ) ;
#4120 = EDGE_CURVE ( 'NONE', #8853, #4969, #7805, .T. ) ;
#4121 = LINE ( 'NONE', #4251, #7057 ) ;
#4122 = EDGE_CURVE ( 'NONE', #4075, #8215, #7303, .T. ) ;
#4123 = DIRECTION ( 'NONE',  ( 0.000000000000000000, 1.000000000000000000, 0.000000000000000000 ) ) ;
#4124 = CARTESIAN_POINT ( 'NONE',  ( 130.3799999999999955, -7.200000000000000178, -6.364617092752079763 ) ) ;
#4125 = LINE ( 'NONE', #848, #6413 ) ;
#4126 = VERTEX_POINT ( 'NONE', #2518 ) ;
#4127 = AXIS2_PLACEMENT_3D ( 'NONE', #1030, #6548, #347 ) ;
#4128 = EDGE_CURVE ( 'NONE', #1572, #417, #6454, .T. ) ;
#4129 = ORIENTED_EDGE ( 'NONE', *, *, #3194, .F. ) ;
#4130 = DIRECTION ( 'NONE',  ( 0.000000000000000000, 1.000000000000000000, 0.000000000000000000 ) ) ;
#4131 = LINE ( 'NONE', #4887, #781 ) ;
#4132 = VECTOR ( 'NONE', #3303, 1000.000000000000000 ) ;
#4133 = VECTOR ( 'NONE', #5683, 1000.000000000000000 ) ;
#4134 = VECTOR ( 'NONE', #1332, 1000.000000000000000 ) ;
#4135 = LINE ( 'NONE', #2587, #8170 ) ;
#4136 = ORIENTED_EDGE ( 'NONE', *, *, #341, .F. ) ;
#4137 = CARTESIAN_POINT ( 'NONE',  ( -26.10000000000000142, 10.80000000000000071, 6.364617092752020255 ) ) ;
#4138 = CARTESIAN_POINT ( 'NONE',  ( 43.81619830391214521, -7.200000000000000178, 6.364617092752020255 ) ) ;
#4139 = ORIENTED_EDGE ( 'NONE', *, *, #7909, .F. ) ;
#4140 = VECTOR ( 'NONE', #2871, 1000.000000000000000 ) ;
#4141 = VECTOR ( 'NONE', #4781, 1000.000000000000114 ) ;
#4142 = CARTESIAN_POINT ( 'NONE',  ( -47.58442101292460080, -10.80000000000000071, -6.364617092752020255 ) ) ;
#4143 = VECTOR ( 'NONE', #4634, 1000.000000000000000 ) ;
#4144 = LINE ( 'NONE', #2191, #1195 ) ;
#4145 = VERTEX_POINT ( 'NONE', #6494 ) ;
#4146 = EDGE_CURVE ( 'NONE', #7262, #4365, #293, .T. ) ;
#4147 = VECTOR ( 'NONE', #2351, 1000.000000000000000 ) ;
#4148 = VECTOR ( 'NONE', #3223, 1000.000000000000000 ) ;
#4149 = DIRECTION ( 'NONE',  ( -1.000000000000000000, 0.000000000000000000, 0.000000000000000000 ) ) ;
#4150 = LINE ( 'NONE', #6892, #722 ) ;
#4151 = DIRECTION ( 'NONE',  ( -1.000000000000000000, 0.000000000000000000, 0.000000000000000000 ) ) ;
#4152 = VERTEX_POINT ( 'NONE', #3883 ) ;
#4153 = CARTESIAN_POINT ( 'NONE',  ( -176.4375234668430039, 10.80000000000000071, 3.823383353545739993 ) ) ;
#4154 = EDGE_CURVE ( 'NONE', #5916, #8053, #6630, .T. ) ;
#4155 = CARTESIAN_POINT ( 'NONE',  ( -30.14589468389949900, -10.80000000000000071, 6.364617092752020255 ) ) ;
#4156 = VERTEX_POINT ( 'NONE', #4375 ) ;
#4157 = ORIENTED_EDGE ( 'NONE', *, *, #3668, .F. ) ;
#4158 = LINE ( 'NONE', #5456, #3762 ) ;
#4159 = LINE ( 'NONE', #6902, #7015 ) ;
#4160 = ORIENTED_EDGE ( 'NONE', *, *, #500, .F. ) ;
#4161 = CARTESIAN_POINT ( 'NONE',  ( -164.9399999999999977, -10.80000000000000071, -6.364617092752020255 ) ) ;
#4162 = EDGE_LOOP ( 'NONE', ( #2615, #6337, #5309 ) ) ;
#4163 = VECTOR ( 'NONE', #3440, 1000.000000000000000 ) ;
#4164 = CARTESIAN_POINT ( 'NONE',  ( 23.09999999999999787, 7.200000000000000178, -6.364617092752020255 ) ) ;
#4165 = DIRECTION ( 'NONE',  ( -0.000000000000000000, 1.000000000000000000, 0.000000000000000000 ) ) ;
#4166 = CARTESIAN_POINT ( 'NONE',  ( -14.07265876487454115, 10.80000000000000071, -6.364617092752020255 ) ) ;
#4167 = ORIENTED_EDGE ( 'NONE', *, *, #7501, .T. ) ;
#4168 = PLANE ( 'NONE',  #8880 ) ;
#4169 = ORIENTED_EDGE ( 'NONE', *, *, #5255, .T. ) ;
#4170 = DIRECTION ( 'NONE',  ( 1.000000000000000000, 0.000000000000000000, 0.000000000000000000 ) ) ;
#4171 = ADVANCED_FACE ( 'NONE', ( #5951 ), #427, .T. ) ;
#4172 = DIRECTION ( 'NONE',  ( 0.000000000000000000, 1.000000000000000000, 0.000000000000000000 ) ) ;
#4173 = PLANE ( 'NONE',  #860 ) ;
#4174 = FACE_OUTER_BOUND ( 'NONE', #8408, .T. ) ;
#4175 = ADVANCED_FACE ( 'NONE', ( #5094 ), #1020, .F. ) ;
#4176 = VERTEX_POINT ( 'NONE', #1752 ) ;
#4177 = CARTESIAN_POINT ( 'NONE',  ( -15.70736835487440075, -1.800000000000000044, 2.250000000000000000 ) ) ;
#4178 = DIRECTION ( 'NONE',  ( -1.000000000000000000, 0.000000000000000000, 3.700743415417190112E-16 ) ) ;
#4179 = VECTOR ( 'NONE', #2937, 1000.000000000000000 ) ;
#4180 = EDGE_CURVE ( 'NONE', #183, #8666, #928, .T. ) ;
#4181 = CARTESIAN_POINT ( 'NONE',  ( -195.0000000000000000, -10.80000000000000071, 12.59999999999999964 ) ) ;
#4182 = ORIENTED_EDGE ( 'NONE', *, *, #5600, .F. ) ;
#4183 = LINE ( 'NONE', #8871, #3318 ) ;
#4184 = LINE ( 'NONE', #2731, #6155 ) ;
#4185 = ORIENTED_EDGE ( 'NONE', *, *, #622, .F. ) ;
#4186 = FACE_OUTER_BOUND ( 'NONE', #3348, .T. ) ;
#4187 = ADVANCED_FACE ( 'NONE', ( #1657 ), #3795, .T. ) ;
#4188 = LINE ( 'NONE', #2691, #6882 ) ;
#4189 = ORIENTED_EDGE ( 'NONE', *, *, #2965, .T. ) ;
#4190 = LINE ( 'NONE', #6252, #4708 ) ;
#4191 = PLANE ( 'NONE',  #8811 ) ;
#4192 = CARTESIAN_POINT ( 'NONE',  ( 13.89709997266319874, 10.80000000000000071, -2.146536360628884754 ) ) ;
#4193 = ORIENTED_EDGE ( 'NONE', *, *, #7183, .T. ) ;
#4194 = DIRECTION ( 'NONE',  ( 1.000000000000000000, 0.000000000000000000, 7.113305415238639742E-16 ) ) ;
#4195 = VECTOR ( 'NONE', #3021, 1000.000000000000114 ) ;
#4196 = DIRECTION ( 'NONE',  ( -0.000000000000000000, 1.000000000000000000, 0.000000000000000000 ) ) ;
#4197 = ORIENTED_EDGE ( 'NONE', *, *, #7231, .T. ) ;
#4198 = EDGE_LOOP ( 'NONE', ( #4292, #1860, #2592, #8187 ) ) ;
#4199 = LINE ( 'NONE', #1294, #856 ) ;
#4200 = CARTESIAN_POINT ( 'NONE',  ( -157.9791843563795055, 10.80000000000000071, -6.364617092752020255 ) ) ;
#4201 = ORIENTED_EDGE ( 'NONE', *, *, #910, .F. ) ;
#4202 = VECTOR ( 'NONE', #3561, 1000.000000000000000 ) ;
#4203 = ORIENTED_EDGE ( 'NONE', *, *, #2164, .T. ) ;
#4204 = EDGE_CURVE ( 'NONE', #2423, #5441, #3157, .T. ) ;
#4205 = LINE ( 'NONE', #6952, #6091 ) ;
#4206 = DIRECTION ( 'NONE',  ( -0.7071067811865470176, 0.000000000000000000, 0.7071067811865480168 ) ) ;
#4207 = DIRECTION ( 'NONE',  ( -1.000000000000000000, 0.000000000000000000, 0.000000000000000000 ) ) ;
#4208 = VERTEX_POINT ( 'NONE', #2476 ) ;
#4209 = CARTESIAN_POINT ( 'NONE',  ( 9.737795531943419292, -10.80000000000000071, 6.364617092752020255 ) ) ;
#4210 = ORIENTED_EDGE ( 'NONE', *, *, #5766, .F. ) ;
#4211 = AXIS2_PLACEMENT_3D ( 'NONE', #887, #2215, #6366 ) ;
#4212 = EDGE_CURVE ( 'NONE', #6496, #3105, #7980, .T. ) ;
#4213 = LINE ( 'NONE', #7673, #2745 ) ;
#4214 = FACE_OUTER_BOUND ( 'NONE', #1268, .T. ) ;
#4215 = CARTESIAN_POINT ( 'NONE',  ( 26.10000000000000142, 10.80000000000000071, 6.364617092752020255 ) ) ;
#4216 = CARTESIAN_POINT ( 'NONE',  ( 154.8750469336854962, 10.80000000000000071, -4.651301866581550648 ) ) ;
#4217 = VERTEX_POINT ( 'NONE', #3243 ) ;
#4218 = AXIS2_PLACEMENT_3D ( 'NONE', #8829, #4807, #6165 ) ;
#4219 = CARTESIAN_POINT ( 'NONE',  ( -186.0000000000000000, -9.449999999999999289, -10.14403995615803922 ) ) ;
#4220 = PLANE ( 'NONE',  #8293 ) ;
#4221 = VECTOR ( 'NONE', #476, 1000.000000000000000 ) ;
#4222 = PLANE ( 'NONE',  #661 ) ;
#4223 = VERTEX_POINT ( 'NONE', #4026 ) ;
#4224 = CARTESIAN_POINT ( 'NONE',  ( -182.2199999999999989, -10.80000000000000071, 6.364617092752020255 ) ) ;
#4225 = DIRECTION ( 'NONE',  ( -0.8615268990046556219, 5.417265015047506661E-16, -0.5077119284509886699 ) ) ;
#4226 = ORIENTED_EDGE ( 'NONE', *, *, #5620, .T. ) ;
#4227 = FACE_OUTER_BOUND ( 'NONE', #1205, .T. ) ;
#4228 = EDGE_CURVE ( 'NONE', #6182, #2507, #5997, .T. ) ;
#4229 = DIRECTION ( 'NONE',  ( 7.709882115452469538E-17, 0.000000000000000000, 1.000000000000000000 ) ) ;
#4230 = ORIENTED_EDGE ( 'NONE', *, *, #2949, .F. ) ;
#4231 = CARTESIAN_POINT ( 'NONE',  ( -6.000000000000000000, -10.80000000000000071, -19.02943725152285026 ) ) ;
#4232 = DIRECTION ( 'NONE',  ( -1.000000000000000000, 0.000000000000000000, 2.368081386566879965E-16 ) ) ;
#4233 = FACE_OUTER_BOUND ( 'NONE', #1897, .T. ) ;
#4234 = EDGE_LOOP ( 'NONE', ( #2523, #6682, #1873, #6671 ) ) ;
#4235 = CARTESIAN_POINT ( 'NONE',  ( -89.39999999999999147, -10.80000000000000071, -10.47867965644037902 ) ) ;
#4236 = EDGE_CURVE ( 'NONE', #1049, #5276, #1204, .T. ) ;
#4237 = DIRECTION ( 'NONE',  ( 0.000000000000000000, 0.8660254037844383745, 0.5000000000000003331 ) ) ;
#4238 = ORIENTED_EDGE ( 'NONE', *, *, #3282, .F. ) ;
#4239 = CIRCLE ( 'NONE', #7685, 8.699999999999999289 ) ;
#4240 = LINE ( 'NONE', #6987, #4202 ) ;
#4241 = FACE_OUTER_BOUND ( 'NONE', #489, .T. ) ;
#4242 = ORIENTED_EDGE ( 'NONE', *, *, #6308, .F. ) ;
#4243 = EDGE_LOOP ( 'NONE', ( #7615, #7160 ) ) ;
#4244 = LINE ( 'NONE', #2844, #5654 ) ;
#4245 = CARTESIAN_POINT ( 'NONE',  ( -15.70736835487440075, -0.8000000000000003775, -4.500000000000000000 ) ) ;
#4246 = DIRECTION ( 'NONE',  ( 1.000000000000000000, 0.000000000000000000, 0.000000000000000000 ) ) ;
#4247 = VERTEX_POINT ( 'NONE', #8757 ) ;
#4248 = LINE ( 'NONE', #7038, #8441 ) ;
#4249 = ORIENTED_EDGE ( 'NONE', *, *, #4637, .T. ) ;
#4250 = EDGE_CURVE ( 'NONE', #4956, #1812, #6768, .T. ) ;
#4251 = CARTESIAN_POINT ( 'NONE',  ( -6.599999999999999645, 0.000000000000000000, -45.00000000000000000 ) ) ;
#4252 = DIRECTION ( 'NONE',  ( 1.000000000000000000, 0.000000000000000000, -7.113305415238639742E-16 ) ) ;
#4253 = DIRECTION ( 'NONE',  ( -1.000000000000000000, 0.000000000000000000, 0.000000000000000000 ) ) ;
#4254 = CARTESIAN_POINT ( 'NONE',  ( 76.46147367097499625, -10.80000000000000071, -6.364617092752079763 ) ) ;
#4255 = ORIENTED_EDGE ( 'NONE', *, *, #4154, .F. ) ;
#4256 = DIRECTION ( 'NONE',  ( 0.000000000000000000, 1.000000000000000000, 0.000000000000000000 ) ) ;
#4257 = ADVANCED_FACE ( 'NONE', ( #6722 ), #1847, .T. ) ;
#4258 = AXIS2_PLACEMENT_3D ( 'NONE', #7766, #7679, #1497 ) ;
#4259 = FACE_OUTER_BOUND ( 'NONE', #5633, .T. ) ;
#4260 = ORIENTED_EDGE ( 'NONE', *, *, #7098, .F. ) ;
#4261 = LINE ( 'NONE', #944, #8464 ) ;
#4262 = EDGE_LOOP ( 'NONE', ( #6981, #223, #5694 ) ) ;
#4263 = VECTOR ( 'NONE', #4394, 1000.000000000000227 ) ;
#4264 = DIRECTION ( 'NONE',  ( 1.000000000000000000, 0.000000000000000000, 1.590337572131499668E-16 ) ) ;
#4265 = VECTOR ( 'NONE', #7632, 1000.000000000000000 ) ;
#4266 = ORIENTED_EDGE ( 'NONE', *, *, #7864, .T. ) ;
#4267 = LINE ( 'NONE', #5663, #7144 ) ;
#4268 = DIRECTION ( 'NONE',  ( 0.000000000000000000, 0.000000000000000000, 1.000000000000000000 ) ) ;
#4269 = VECTOR ( 'NONE', #3442, 1000.000000000000000 ) ;
#4270 = EDGE_CURVE ( 'NONE', #5030, #4530, #1156, .T. ) ;
#4271 = AXIS2_PLACEMENT_3D ( 'NONE', #6988, #7528, #8895 ) ;
#4272 = LINE ( 'NONE', #826, #3271 ) ;
#4273 = EDGE_LOOP ( 'NONE', ( #5194, #4443, #1072 ) ) ;
#4274 = VECTOR ( 'NONE', #514, 1000.000000000000000 ) ;
#4275 = CARTESIAN_POINT ( 'NONE',  ( 186.0000000000000000, 0.000000000000000000, 15.59999999999999964 ) ) ;
#4276 = ADVANCED_FACE ( 'NONE', ( #8942 ), #2569, .F. ) ;
#4277 = PLANE ( 'NONE',  #1397 ) ;
#4278 = ORIENTED_EDGE ( 'NONE', *, *, #8259, .T. ) ;
#4279 = AXIS2_PLACEMENT_3D ( 'NONE', #2103, #2782, #4724 ) ;
#4280 = VECTOR ( 'NONE', #1738, 1000.000000000000000 ) ;
#4281 = CARTESIAN_POINT ( 'NONE',  ( -16.02307621135329896, 0.000000000000000000, -35.57692378864670246 ) ) ;
#4282 = EDGE_CURVE ( 'NONE', #8807, #3082, #1891, .T. ) ;
#4283 = CARTESIAN_POINT ( 'NONE',  ( -26.44974226119290250, -10.80000000000000071, -9.364617092752020255 ) ) ;
#4284 = AXIS2_PLACEMENT_3D ( 'NONE', #4655, #7402, #1213 ) ;
#4285 = AXIS2_PLACEMENT_3D ( 'NONE', #1959, #1322, #1364 ) ;
#4286 = ORIENTED_EDGE ( 'NONE', *, *, #1347, .T. ) ;
#4287 = CARTESIAN_POINT ( 'NONE',  ( -38.55015216311689841, -10.80000000000000071, 6.364617092752020255 ) ) ;
#4288 = DIRECTION ( 'NONE',  ( 0.000000000000000000, 1.000000000000000000, 0.000000000000000000 ) ) ;
#4289 = VERTEX_POINT ( 'NONE', #6094 ) ;
#4290 = EDGE_CURVE ( 'NONE', #173, #7537, #474, .T. ) ;
#4291 = LINE ( 'NONE', #882, #6285 ) ;
#4292 = ORIENTED_EDGE ( 'NONE', *, *, #7748, .T. ) ;
#4293 = CARTESIAN_POINT ( 'NONE',  ( -3.000000000000000000, 10.80000000000000071, 4.275303338208124693 ) ) ;
#4294 = CARTESIAN_POINT ( 'NONE',  ( -28.27422054761770198, -10.80000000000000071, -11.33683974829530072 ) ) ;
#4295 = DIRECTION ( 'NONE',  ( 0.6613107231666237595, 0.000000000000000000, -0.7501120765757856024 ) ) ;
#4296 = AXIS2_PLACEMENT_3D ( 'NONE', #6497, #298, #3071 ) ;
#4297 = CARTESIAN_POINT ( 'NONE',  ( -93.00000000000000000, 5.196152422706729723, -12.59999999999999964 ) ) ;
#4298 = STYLED_ITEM ( 'NONE', ( #921 ), #1767 ) ;
#4299 = EDGE_CURVE ( 'NONE', #3854, #8523, #2614, .T. ) ;
#4300 = ORIENTED_EDGE ( 'NONE', *, *, #2156, .T. ) ;
#4301 = DIRECTION ( 'NONE',  ( -0.000000000000000000, 0.000000000000000000, 1.000000000000000000 ) ) ;
#4302 = PLANE ( 'NONE',  #3855 ) ;
#4303 = EDGE_LOOP ( 'NONE', ( #6994, #8164, #4486, #6549 ) ) ;
#4304 = CARTESIAN_POINT ( 'NONE',  ( 120.1122904834278131, -10.80000000000000071, 42.35476555866600279 ) ) ;
#4305 = ORIENTED_EDGE ( 'NONE', *, *, #4489, .T. ) ;
#4306 = ADVANCED_FACE ( 'NONE', ( #3976 ), #2028, .F. ) ;
#4307 = CARTESIAN_POINT ( 'NONE',  ( 181.1909003458195002, -10.80000000000000071, -6.364617092752079763 ) ) ;
#4308 = DIRECTION ( 'NONE',  ( 1.708035422500250146E-15, -1.329153133506409989E-31, -1.000000000000000000 ) ) ;
#4309 = EDGE_LOOP ( 'NONE', ( #3160, #6794, #5387, #784 ) ) ;
#4311 = ADVANCED_FACE ( 'NONE', ( #3297 ), #6047, .T. ) ;
#4310 = CARTESIAN_POINT ( 'NONE',  ( 117.5999999999999943, -10.80000000000000071, 15.59999999999999964 ) ) ;
#4312 = DIRECTION ( 'NONE',  ( 0.000000000000000000, 0.8660254037844383745, 0.5000000000000003331 ) ) ;
#4313 = CARTESIAN_POINT ( 'NONE',  ( 15.70736835487440075, -0.8000000000000003775, 4.500000000000000000 ) ) ;
#4314 = CARTESIAN_POINT ( 'NONE',  ( 102.0000000000000000, -10.80000000000000071, -2.121320343559629951 ) ) ;
#4315 = ORIENTED_EDGE ( 'NONE', *, *, #5653, .T. ) ;
#4316 = VECTOR ( 'NONE', #8405, 1000.000000000000000 ) ;
#4317 = DIRECTION ( 'NONE',  ( -1.000000000000000000, 0.000000000000000000, 0.000000000000000000 ) ) ;
#4318 = CARTESIAN_POINT ( 'NONE',  ( -53.68779553194340082, -7.200000000000000178, 1.661062501570164995 ) ) ;
#4319 = ORIENTED_EDGE ( 'NONE', *, *, #2498, .F. ) ;
#4320 = ADVANCED_FACE ( 'NONE', ( #2657 ), #5411, .T. ) ;
#4321 = FACE_OUTER_BOUND ( 'NONE', #3663, .T. ) ;
#4322 = FACE_OUTER_BOUND ( 'NONE', #1784, .T. ) ;
#4323 = EDGE_LOOP ( 'NONE', ( #3877, #7801, #5268 ) ) ;
#4324 = EDGE_LOOP ( 'NONE', ( #7460, #5067, #6944, #57 ) ) ;
#4325 = VECTOR ( 'NONE', #7461, 1000.000000000000114 ) ;
#4326 = DIRECTION ( 'NONE',  ( 7.709882115452469538E-17, 0.000000000000000000, 1.000000000000000000 ) ) ;
#4327 =( LENGTH_UNIT ( ) NAMED_UNIT ( * ) SI_UNIT ( .MILLI., .METRE. ) );
#4328 = ORIENTED_EDGE ( 'NONE', *, *, #2589, .T. ) ;
#4329 = ADVANCED_FACE ( 'NONE', ( #7439 ), #1254, .T. ) ;
#4330 = CARTESIAN_POINT ( 'NONE',  ( -58.25472463293730385, -10.80000000000000071, -6.364617092752020255 ) ) ;
#4331 = ADVANCED_FACE ( 'NONE', ( #7483 ), #1297, .T. ) ;
#4332 = EDGE_LOOP ( 'NONE', ( #8611, #6233, #1974, #8302 ) ) ;
#4333 = AXIS2_PLACEMENT_3D ( 'NONE', #8559, #4363, #5757 ) ;
#4334 = PLANE ( 'NONE',  #3627 ) ;
#4335 = LINE ( 'NONE', #5859, #6716 ) ;
#4336 = DIRECTION ( 'NONE',  ( 0.000000000000000000, 1.000000000000000000, 0.000000000000000000 ) ) ;
#4337 = EDGE_CURVE ( 'NONE', #6499, #1251, #4110, .T. ) ;
#4338 = VERTEX_POINT ( 'NONE', #5273 ) ;
#4339 = LINE ( 'NONE', #8958, #3013 ) ;
#4340 = EDGE_CURVE ( 'NONE', #2863, #5012, #1555, .T. ) ;
#4341 = DIRECTION ( 'NONE',  ( 0.000000000000000000, 1.000000000000000000, 0.000000000000000000 ) ) ;
#4342 = DIRECTION ( 'NONE',  ( -0.7071067811865470176, 0.000000000000000000, 0.7071067811865480168 ) ) ;
#4343 = ORIENTED_EDGE ( 'NONE', *, *, #2943, .T. ) ;
#4344 = FACE_OUTER_BOUND ( 'NONE', #3585, .T. ) ;
#4345 = VECTOR ( 'NONE', #477, 1000.000000000000000 ) ;
#4346 = ORIENTED_EDGE ( 'NONE', *, *, #576, .F. ) ;
#4347 = PLANE ( 'NONE',  #6558 ) ;
#4348 = DIRECTION ( 'NONE',  ( -0.7013177954560507743, 0.000000000000000000, 0.7128487565933357972 ) ) ;
#4349 = ORIENTED_EDGE ( 'NONE', *, *, #7409, .T. ) ;
#4350 = VECTOR ( 'NONE', #1061, 1000.000000000000000 ) ;
#4351 = EDGE_CURVE ( 'NONE', #8237, #4434, #5114, .T. ) ;
#4352 = CARTESIAN_POINT ( 'NONE',  ( -15.70736835487440075, -10.80000000000000071, 4.500000000000000000 ) ) ;
#4353 = FACE_OUTER_BOUND ( 'NONE', #3778, .T. ) ;
#4354 = PLANE ( 'NONE',  #6355 ) ;
#4355 = DIRECTION ( 'NONE',  ( 0.000000000000000000, -1.000000000000000000, 0.000000000000000000 ) ) ;
#4356 = VERTEX_POINT ( 'NONE', #1634 ) ;
#4357 = CARTESIAN_POINT ( 'NONE',  ( 164.9399999999999977, -7.200000000000000178, 6.364617092752020255 ) ) ;
#4358 = LINE ( 'NONE', #7918, #5923 ) ;
#4359 = DIRECTION ( 'NONE',  ( -0.7071067811865480168, 0.000000000000000000, 0.7071067811865470176 ) ) ;
#4360 = EDGE_LOOP ( 'NONE', ( #3199, #6073, #6853, #6572 ) ) ;
#4361 = EDGE_CURVE ( 'NONE', #6643, #8116, #5665, .T. ) ;
#4362 = VECTOR ( 'NONE', #4415, 1000.000000000000000 ) ;
#4363 = DIRECTION ( 'NONE',  ( -0.000000000000000000, 1.000000000000000000, 0.000000000000000000 ) ) ;
#4364 = CARTESIAN_POINT ( 'NONE',  ( 46.19999999999999574, 10.80000000000000071, 4.275303338208110482 ) ) ;
#4365 = VERTEX_POINT ( 'NONE', #6342 ) ;
#4366 = EDGE_CURVE ( 'NONE', #3696, #6996, #5791, .T. ) ;
#4367 = ORIENTED_EDGE ( 'NONE', *, *, #3806, .F. ) ;
#4368 = DIRECTION ( 'NONE',  ( 0.000000000000000000, 1.000000000000000000, 0.000000000000000000 ) ) ;
#4369 = DIRECTION ( 'NONE',  ( 0.000000000000000000, 1.000000000000000000, 0.000000000000000000 ) ) ;
#4370 = ORIENTED_EDGE ( 'NONE', *, *, #1720, .F. ) ;
#4371 = LINE ( 'NONE', #8486, #4543 ) ;
#4372 = VERTEX_POINT ( 'NONE', #905 ) ;
#4373 = DIRECTION ( 'NONE',  ( 1.000000000000000000, 7.704744867329349861E-32, -7.220970109361239161E-17 ) ) ;
#4374 = LINE ( 'NONE', #7842, #7433 ) ;
#4375 = CARTESIAN_POINT ( 'NONE',  ( 89.39999999999999147, -10.80000000000000071, 10.47867965644037902 ) ) ;
#4376 = EDGE_CURVE ( 'NONE', #3696, #375, #6514, .T. ) ;
#4377 = DIRECTION ( 'NONE',  ( 0.2773500981126139076, -0.8320502943378447203, 0.4803844614152598669 ) ) ;
#4378 = ORIENTED_EDGE ( 'NONE', *, *, #5043, .F. ) ;
#4379 = DIRECTION ( 'NONE',  ( 1.000000000000000000, 0.000000000000000000, 0.000000000000000000 ) ) ;
#4380 = ADVANCED_FACE ( 'NONE', ( #996 ), #4354, .F. ) ;
#4381 = SHAPE_DEFINITION_REPRESENTATION ( #1463, #1357 ) ;
#4382 = ADVANCED_FACE ( 'NONE', ( #8467 ), #5749, .T. ) ;
#4383 = DIRECTION ( 'NONE',  ( 0.000000000000000000, 0.000000000000000000, -1.000000000000000000 ) ) ;
#4384 = LINE ( 'NONE', #5565, #8746 ) ;
#4385 = ORIENTED_EDGE ( 'NONE', *, *, #5486, .T. ) ;
#4386 = EDGE_CURVE ( 'NONE', #653, #5640, #3001, .T. ) ;
#4387 = PLANE ( 'NONE',  #7300 ) ;
#4388 = ORIENTED_EDGE ( 'NONE', *, *, #8630, .F. ) ;
#4389 = LINE ( 'NONE', #2996, #5552 ) ;
#4390 = VERTEX_POINT ( 'NONE', #3043 ) ;
#4391 = ADVANCED_FACE ( 'NONE', ( #8509 ), #5033, .T. ) ;
#4392 = AXIS2_PLACEMENT_3D ( 'NONE', #583, #8085, #6734 ) ;
#4393 = CARTESIAN_POINT ( 'NONE',  ( -82.46999999999999886, -10.80000000000000071, -6.364617092752079763 ) ) ;
#4394 = DIRECTION ( 'NONE',  ( 0.6546536707079743111, 0.6546536707079793072, -0.3779644730092281968 ) ) ;
#4395 = ORIENTED_EDGE ( 'NONE', *, *, #877, .F. ) ;
#4396 = DIRECTION ( 'NONE',  ( -3.854941057726239700E-17, 1.156482317317869950E-15, -1.000000000000000000 ) ) ;
#4397 = DIRECTION ( 'NONE',  ( 0.7071067811865480168, 0.000000000000000000, -0.7071067811865470176 ) ) ;
#4398 = ORIENTED_EDGE ( 'NONE', *, *, #7005, .F. ) ;
#4399 = DIRECTION ( 'NONE',  ( 0.000000000000000000, 1.000000000000000000, 0.000000000000000000 ) ) ;
#4400 = VECTOR ( 'NONE', #7473, 1000.000000000000000 ) ;
#4401 = EDGE_CURVE ( 'NONE', #8771, #6697, #705, .T. ) ;
#4402 = FACE_OUTER_BOUND ( 'NONE', #2324, .T. ) ;
#4403 = EDGE_LOOP ( 'NONE', ( #4197, #2024, #5865, #5667, #1115, #2328, #8929, #44, #4656, #8697, #8567, #7792, #8511, #2196, #4129, #3704, #7787, #7755, #6205, #6913, #2774, #818, #5146, #4738 ) ) ;
#4404 = LINE ( 'NONE', #3735, #8632 ) ;
#4405 = AXIS2_PLACEMENT_3D ( 'NONE', #2675, #5341, #1910 ) ;
#4406 = VECTOR ( 'NONE', #8489, 1000.000000000000000 ) ;
#4407 = VECTOR ( 'NONE', #4993, 1000.000000000000000 ) ;
#4408 = FACE_BOUND ( 'NONE', #4273, .T. ) ;
#4409 = DIRECTION ( 'NONE',  ( 0.000000000000000000, 1.000000000000000000, 0.000000000000000000 ) ) ;
#4410 = ORIENTED_EDGE ( 'NONE', *, *, #6627, .F. ) ;
#4411 = EDGE_CURVE ( 'NONE', #7443, #3015, #5502, .T. ) ;
#4412 = ORIENTED_EDGE ( 'NONE', *, *, #38, .T. ) ;
#4413 = AXIS2_PLACEMENT_3D ( 'NONE', #5295, #3084, #1680 ) ;
#4414 = VECTOR ( 'NONE', #1008, 1000.000000000000114 ) ;
#4415 = DIRECTION ( 'NONE',  ( -1.962413267760679851E-16, 1.066995812285799955E-15, -1.000000000000000000 ) ) ;
#4416 = DIRECTION ( 'NONE',  ( -0.4832260289231208317, -1.012495219489879800E-15, 0.8754956338961327189 ) ) ;
#4417 = ORIENTED_EDGE ( 'NONE', *, *, #6967, .F. ) ;
#4418 = ORIENTED_EDGE ( 'NONE', *, *, #7686, .F. ) ;
#4419 = DIRECTION ( 'NONE',  ( -2.018443830920939658E-16, 0.000000000000000000, -1.000000000000000000 ) ) ;
#4420 = VECTOR ( 'NONE', #2220, 1000.000000000000000 ) ;
#4421 = VECTOR ( 'NONE', #3772, 1000.000000000000000 ) ;
#4422 = CARTESIAN_POINT ( 'NONE',  ( 12.02734123512546205, 7.200000000000000178, -1.044656877271955997 ) ) ;
#4423 = FACE_OUTER_BOUND ( 'NONE', #241, .T. ) ;
#4424 = ORIENTED_EDGE ( 'NONE', *, *, #3270, .T. ) ;
#4425 = VECTOR ( 'NONE', #2789, 1000.000000000000000 ) ;
#4426 = DIRECTION ( 'NONE',  ( 1.000000000000000000, 0.000000000000000000, 0.000000000000000000 ) ) ;
#4427 = VERTEX_POINT ( 'NONE', #2913 ) ;
#4428 = DIRECTION ( 'NONE',  ( 0.8051314262087321261, 0.000000000000000000, 0.5930964394861030220 ) ) ;
#4429 = ORIENTED_EDGE ( 'NONE', *, *, #7437, .T. ) ;
#4430 = EDGE_CURVE ( 'NONE', #3515, #2441, #2751, .T. ) ;
#4431 = VECTOR ( 'NONE', #1438, 1000.000000000000000 ) ;
#4432 = DIRECTION ( 'NONE',  ( 0.000000000000000000, -1.000000000000000000, 0.000000000000000000 ) ) ;
#4433 = LINE ( 'NONE', #6502, #5577 ) ;
#4434 = VERTEX_POINT ( 'NONE', #1683 ) ;
#4435 = EDGE_CURVE ( 'NONE', #8561, #4289, #8418, .T. ) ;
#4436 = CARTESIAN_POINT ( 'NONE',  ( -141.0345498270899895, -7.200000000000000178, 1.484009058298530137 ) ) ;
#4437 = ORIENTED_EDGE ( 'NONE', *, *, #6326, .F. ) ;
#4438 = LINE ( 'NONE', #306, #6702 ) ;
#4439 = ORIENTED_EDGE ( 'NONE', *, *, #220, .F. ) ;
#4440 = ADVANCED_FACE ( 'NONE', ( #4444 ), #4823, .T. ) ;
#4441 = LINE ( 'NONE', #3808, #5571 ) ;
#4442 = CARTESIAN_POINT ( 'NONE',  ( 46.19999999999999574, 10.80000000000000071, -6.364617092752020255 ) ) ;
#4443 = ORIENTED_EDGE ( 'NONE', *, *, #1176, .T. ) ;
#4444 = FACE_OUTER_BOUND ( 'NONE', #7684, .T. ) ;
#4445 = LINE ( 'NONE', #5115, #1534 ) ;
#4446 = VERTEX_POINT ( 'NONE', #4161 ) ;
#4447 = ADVANCED_FACE ( 'NONE', ( #2953 ), #6904, .T. ) ;
#4448 = DIRECTION ( 'NONE',  ( -0.8051314262087330142, 0.000000000000000000, -0.5930964394861020228 ) ) ;
#4449 = DIRECTION ( 'NONE',  ( 0.000000000000000000, -1.000000000000000000, -1.156482317317869950E-15 ) ) ;
#4450 = DIRECTION ( 'NONE',  ( 0.000000000000000000, -0.8660254037844387076, 0.4999999999999998890 ) ) ;
#4451 = VERTEX_POINT ( 'NONE', #3639 ) ;
#4452 = DIRECTION ( 'NONE',  ( 0.000000000000000000, 0.000000000000000000, -1.000000000000000000 ) ) ;
#4453 = FACE_BOUND ( 'NONE', #4991, .T. ) ;
#4454 = AXIS2_PLACEMENT_3D ( 'NONE', #7940, #7214, #4379 ) ;
#4455 = FACE_OUTER_BOUND ( 'NONE', #5814, .T. ) ;
#4456 = DIRECTION ( 'NONE',  ( 0.000000000000000000, 0.000000000000000000, -1.000000000000000000 ) ) ;
#4457 = ORIENTED_EDGE ( 'NONE', *, *, #5498, .F. ) ;
#4458 = LINE ( 'NONE', #3788, #2326 ) ;
#4459 = SURFACE_STYLE_FILL_AREA ( #2294 ) ;
#4460 = EDGE_LOOP ( 'NONE', ( #3287, #7897, #4569 ) ) ;
#4461 = EDGE_LOOP ( 'NONE', ( #4939, #7543, #2924, #6945 ) ) ;
#4462 = CARTESIAN_POINT ( 'NONE',  ( -21.32734123512544855, 10.80000000000000071, 6.364617092752020255 ) ) ;
#4463 = ADVANCED_FACE ( 'NONE', ( #181 ), #313, .T. ) ;
#4464 = AXIS2_PLACEMENT_3D ( 'NONE', #2805, #6819, #6914 ) ;
#4465 = FACE_OUTER_BOUND ( 'NONE', #2481, .T. ) ;
#4466 = CARTESIAN_POINT ( 'NONE',  ( 0.000000000000000000, -4.178898784497604806E-15, 15.59999999999999964 ) ) ;
#4467 = CARTESIAN_POINT ( 'NONE',  ( -186.0000000000000000, -4.049999999999999822, -17.93826859021800146 ) ) ;
#4468 = ORIENTED_EDGE ( 'NONE', *, *, #5335, .F. ) ;
#4469 = DIRECTION ( 'NONE',  ( 1.000000000000000000, 0.000000000000000000, 0.000000000000000000 ) ) ;
#4470 = VERTEX_POINT ( 'NONE', #1823 ) ;
#4471 = ADVANCED_FACE ( 'NONE', ( #1772 ), #5245, .F. ) ;
#4472 = FACE_OUTER_BOUND ( 'NONE', #2580, .T. ) ;
#4473 = CARTESIAN_POINT ( 'NONE',  ( 0.000000000000000000, 0.000000000000000000, -36.00000000000000000 ) ) ;
#4474 = ORIENTED_EDGE ( 'NONE', *, *, #3732, .T. ) ;
#4475 = FACE_OUTER_BOUND ( 'NONE', #3755, .T. ) ;
#4476 = ORIENTED_EDGE ( 'NONE', *, *, #4725, .T. ) ;
#4477 = VECTOR ( 'NONE', #321, 1000.000000000000000 ) ;
#4478 = CARTESIAN_POINT ( 'NONE',  ( -75.32999999999999829, -10.80000000000000071, 6.364617092752020255 ) ) ;
#4479 = ORIENTED_EDGE ( 'NONE', *, *, #3113, .F. ) ;
#4480 = VECTOR ( 'NONE', #7147, 1000.000000000000000 ) ;
#4481 = CARTESIAN_POINT ( 'NONE',  ( -134.4090996541806078, -10.80000000000000071, 6.364617092752020255 ) ) ;
#4482 = LINE ( 'NONE', #6145, #6286 ) ;
#4483 = VERTEX_POINT ( 'NONE', #4668 ) ;
#4484 = CARTESIAN_POINT ( 'NONE',  ( 102.0000000000000000, -7.000000000000000000, 1.665334536937735008E-15 ) ) ;
#4485 = FACE_OUTER_BOUND ( 'NONE', #8949, .T. ) ;
#4486 = ORIENTED_EDGE ( 'NONE', *, *, #891, .F. ) ;
#4487 = EDGE_CURVE ( 'NONE', #1435, #8474, #4524, .T. ) ;
#4489 = EDGE_CURVE ( 'NONE', #2247, #6195, #8098, .T. ) ;
#4488 = FACE_OUTER_BOUND ( 'NONE', #2757, .T. ) ;
#4490 = CARTESIAN_POINT ( 'NONE',  ( -130.3799999999999955, -7.200000000000000178, -6.364617092752079763 ) ) ;
#4491 = VECTOR ( 'NONE', #4672, 1000.000000000000000 ) ;
#4492 = DIRECTION ( 'NONE',  ( -0.7071067811865470176, 0.000000000000000000, -0.7071067811865480168 ) ) ;
#4493 = ORIENTED_EDGE ( 'NONE', *, *, #815, .F. ) ;
#4494 = ADVANCED_FACE ( 'NONE', ( #4575 ), #5927, .F. ) ;
#4495 = LINE ( 'NONE', #2462, #7273 ) ;
#4496 = FACE_BOUND ( 'NONE', #1209, .T. ) ;
#4497 = VECTOR ( 'NONE', #3321, 1000.000000000000000 ) ;
#4498 = LINE ( 'NONE', #4586, #8596 ) ;
#4499 = ORIENTED_EDGE ( 'NONE', *, *, #273, .T. ) ;
#4500 = LINE ( 'NONE', #6574, #7566 ) ;
#4501 = ADVANCED_FACE ( 'NONE', ( #3087 ), #8683, .F. ) ;
#4502 = ORIENTED_EDGE ( 'NONE', *, *, #5355, .T. ) ;
#4503 = EDGE_LOOP ( 'NONE', ( #3474, #3274, #283, #4952 ) ) ;
#4504 = VERTEX_POINT ( 'NONE', #6695 ) ;
#4505 = ORIENTED_EDGE ( 'NONE', *, *, #2430, .T. ) ;
#4506 = DIRECTION ( 'NONE',  ( 0.000000000000000000, 0.8660254037844387076, -0.4999999999999998890 ) ) ;
#4507 = DIRECTION ( 'NONE',  ( -1.000000000000000000, -9.614813431917810700E-16, -5.551115123125790591E-16 ) ) ;
#4508 = CARTESIAN_POINT ( 'NONE',  ( -167.9399999999999977, -10.80000000000000071, -6.364617092752020255 ) ) ;
#4509 = ORIENTED_EDGE ( 'NONE', *, *, #4337, .F. ) ;
#4510 = CARTESIAN_POINT ( 'NONE',  ( -15.70736835487440075, -10.80000000000000071, -4.500000000000000000 ) ) ;
#4511 = FACE_OUTER_BOUND ( 'NONE', #8563, .T. ) ;
#4512 = EDGE_CURVE ( 'NONE', #1054, #2717, #403, .T. ) ;
#4513 = LINE ( 'NONE', #1066, #7907 ) ;
#4514 = FACE_OUTER_BOUND ( 'NONE', #8639, .T. ) ;
#4515 = CARTESIAN_POINT ( 'NONE',  ( 21.05468247025099870, 7.200000000000000178, -6.364617092752020255 ) ) ;
#4516 = VERTEX_POINT ( 'NONE', #5967 ) ;
#4517 = CARTESIAN_POINT ( 'NONE',  ( -44.58442101292464343, -10.80000000000000071, -6.364617092752020255 ) ) ;
#4518 = ORIENTED_EDGE ( 'NONE', *, *, #8522, .T. ) ;
#4519 = ADVANCED_FACE ( 'NONE', ( #2494 ), #1179, .F. ) ;
#4520 = CARTESIAN_POINT ( 'NONE',  ( -186.0000000000000000, 0.000000000000000000, 15.59999999999999964 ) ) ;
#4521 = DIRECTION ( 'NONE',  ( -0.5077119284509887809, 9.963406245925837337E-16, -0.8615268990046557329 ) ) ;
#4522 = CARTESIAN_POINT ( 'NONE',  ( 60.07504693368539961, 3.000000000000000000, 0.000000000000000000 ) ) ;
#4523 = ORIENTED_EDGE ( 'NONE', *, *, #1347, .F. ) ;
#4524 = LINE ( 'NONE', #4003, #5643 ) ;
#4525 = CARTESIAN_POINT ( 'NONE',  ( -18.70736835487440075, -10.80000000000000071, 3.042492089611689821 ) ) ;
#4526 = VERTEX_POINT ( 'NONE', #5160 ) ;
#4527 = PLANE ( 'NONE',  #2973 ) ;
#4528 = CARTESIAN_POINT ( 'NONE',  ( -186.0000000000000000, -8.699999999999999289, -1.065442715258197248E-15 ) ) ;
#4529 = DIRECTION ( 'NONE',  ( 1.000000000000000000, 0.000000000000000000, 0.000000000000000000 ) ) ;
#4530 = VERTEX_POINT ( 'NONE', #1726 ) ;
#4531 = ADVANCED_FACE ( 'NONE', ( #6654 ), #8597, .F. ) ;
#4532 = FACE_OUTER_BOUND ( 'NONE', #1170, .T. ) ;
#4533 = CARTESIAN_POINT ( 'NONE',  ( 0.000000000000000000, -10.80000000000000071, 9.364617092752020255 ) ) ;
#4534 = DIRECTION ( 'NONE',  ( 0.000000000000000000, 1.000000000000000000, 0.000000000000000000 ) ) ;
#4535 = EDGE_LOOP ( 'NONE', ( #7600, #1505, #8621 ) ) ;
#4536 = AXIS2_PLACEMENT_3D ( 'NONE', #2355, #5108, #3590 ) ;
#4537 = DIRECTION ( 'NONE',  ( 0.000000000000000000, 1.000000000000000000, 0.000000000000000000 ) ) ;
#4538 = EDGE_CURVE ( 'NONE', #4217, #4922, #3812, .T. ) ;
#4539 = ORIENTED_EDGE ( 'NONE', *, *, #3338, .F. ) ;
#4540 = EDGE_LOOP ( 'NONE', ( #1348, #3373, #7863, #7335 ) ) ;
#4541 = FACE_OUTER_BOUND ( 'NONE', #7603, .T. ) ;
#4542 = EDGE_LOOP ( 'NONE', ( #7376, #8159, #762, #5926 ) ) ;
#4543 = VECTOR ( 'NONE', #7116, 1000.000000000000000 ) ;
#4544 = AXIS2_PLACEMENT_3D ( 'NONE', #759, #4252, #5469 ) ;
#4545 = EDGE_LOOP ( 'NONE', ( #3527, #3894, #4107, #2063 ) ) ;
#4546 = CIRCLE ( 'NONE', #5836, 9.900000000000000355 ) ;
#4547 = EDGE_CURVE ( 'NONE', #8241, #8210, #2408, .T. ) ;
#4548 = CARTESIAN_POINT ( 'NONE',  ( 0.000000000000000000, -4.178898784497604806E-15, 15.59999999999999964 ) ) ;
#4549 = LINE ( 'NONE', #6850, #4141 ) ;
#4550 = DIRECTION ( 'NONE',  ( 0.000000000000000000, 1.000000000000000000, 0.000000000000000000 ) ) ;
#4551 = VECTOR ( 'NONE', #2599, 1000.000000000000000 ) ;
#4552 = AXIS2_PLACEMENT_3D ( 'NONE', #8787, #8109, #1925 ) ;
#4553 = AXIS2_PLACEMENT_3D ( 'NONE', #2989, #1027, #2439 ) ;
#4554 = EDGE_CURVE ( 'NONE', #2007, #8599, #6607, .T. ) ;
#4555 = CARTESIAN_POINT ( 'NONE',  ( -112.4786796564402067, -10.80000000000000071, 12.59999999999999964 ) ) ;
#4556 = VERTEX_POINT ( 'NONE', #5298 ) ;
#4557 = PLANE ( 'NONE',  #6042 ) ;
#4558 = ORIENTED_EDGE ( 'NONE', *, *, #6478, .F. ) ;
#4559 = CARTESIAN_POINT ( 'NONE',  ( -204.0000000000000000, -10.80000000000000071, 9.364617092752020255 ) ) ;
#4560 = VECTOR ( 'NONE', #2092, 1000.000000000000000 ) ;
#4561 = VECTOR ( 'NONE', #2016, 1000.000000000000000 ) ;
#4562 = DIRECTION ( 'NONE',  ( 0.000000000000000000, -1.000000000000000000, 0.000000000000000000 ) ) ;
#4563 = CARTESIAN_POINT ( 'NONE',  ( 0.000000000000000000, -4.178898784497604806E-15, 15.59999999999999964 ) ) ;
#4564 = EDGE_LOOP ( 'NONE', ( #5311, #7839, #8956 ) ) ;
#4565 = EDGE_CURVE ( 'NONE', #4838, #7446, #3134, .T. ) ;
#4566 = CARTESIAN_POINT ( 'NONE',  ( 0.000000000000000000, 10.80000000000000071, -9.364617092752020255 ) ) ;
#4567 = ORIENTED_EDGE ( 'NONE', *, *, #5256, .F. ) ;
#4568 = AXIS2_PLACEMENT_3D ( 'NONE', #7016, #8623, #4264 ) ;
#4569 = ORIENTED_EDGE ( 'NONE', *, *, #224, .T. ) ;
#4570 = CARTESIAN_POINT ( 'NONE',  ( -186.0000000000000000, 1.999519052838325317, 14.44557713659398068 ) ) ;
#4571 = CARTESIAN_POINT ( 'NONE',  ( 73.46147367097499625, -10.80000000000000071, 3.042492089611700035 ) ) ;
#4572 = CARTESIAN_POINT ( 'NONE',  ( 182.2199999999999989, -10.80000000000000071, 6.364617092752020255 ) ) ;
#4573 = ORIENTED_EDGE ( 'NONE', *, *, #4122, .T. ) ;
#4574 = EDGE_CURVE ( 'NONE', #6520, #2833, #2452, .T. ) ;
#4575 = FACE_OUTER_BOUND ( 'NONE', #7956, .T. ) ;
#4576 = LINE ( 'NONE', #5832, #6578 ) ;
#4577 = ORIENTED_EDGE ( 'NONE', *, *, #737, .F. ) ;
#4578 = AXIS2_PLACEMENT_3D ( 'NONE', #8395, #4960, #3611 ) ;
#4579 = DIRECTION ( 'NONE',  ( -0.7501120765757860465, 0.000000000000000000, -0.6613107231666230934 ) ) ;
#4580 = DIRECTION ( 'NONE',  ( -1.000000000000000000, 0.000000000000000000, 2.018443830920939658E-16 ) ) ;
#4581 = LINE ( 'NONE', #7418, #1442 ) ;
#4582 = VERTEX_POINT ( 'NONE', #5203 ) ;
#4583 = EDGE_CURVE ( 'NONE', #5640, #5720, #495, .T. ) ;
#4584 = LINE ( 'NONE', #6569, #8009 ) ;
#4585 = LINE ( 'NONE', #6663, #418 ) ;
#4586 = CARTESIAN_POINT ( 'NONE',  ( -117.1461077763288046, -23.92893915735599819, 29.41537946392164926 ) ) ;
#4587 = VERTEX_POINT ( 'NONE', #6789 ) ;
#4588 = CARTESIAN_POINT ( 'NONE',  ( -147.6600000000000250, -10.80000000000000071, 7.864617092752020255 ) ) ;
#4589 = ORIENTED_EDGE ( 'NONE', *, *, #7944, .T. ) ;
#4590 = EDGE_CURVE ( 'NONE', #8244, #3209, #5523, .T. ) ;
#4591 = VERTEX_POINT ( 'NONE', #635 ) ;
#4592 = DIRECTION ( 'NONE',  ( 0.000000000000000000, 0.000000000000000000, -1.000000000000000000 ) ) ;
#4593 = EDGE_LOOP ( 'NONE', ( #4777, #4898, #7564 ) ) ;
#4594 = EDGE_LOOP ( 'NONE', ( #700, #2648, #6138, #5150 ) ) ;
#4595 = DIRECTION ( 'NONE',  ( 1.000000000000000000, 0.000000000000000000, 0.000000000000000000 ) ) ;
#4596 = LINE ( 'NONE', #7342, #4908 ) ;
#4597 = PLANE ( 'NONE',  #2114 ) ;
#4598 = CARTESIAN_POINT ( 'NONE',  ( -13.77879692630297903, -0.6865387665628739366, -2.571428571428575172 ) ) ;
#4599 = ORIENTED_EDGE ( 'NONE', *, *, #4659, .T. ) ;
#4600 = EDGE_CURVE ( 'NONE', #28, #1724, #2776, .T. ) ;
#4601 = EDGE_CURVE ( 'NONE', #4087, #6631, #594, .T. ) ;
#4602 = CARTESIAN_POINT ( 'NONE',  ( 76.46147367097499625, -10.80000000000000071, 1.499999999999988010 ) ) ;
#4603 = ORIENTED_EDGE ( 'NONE', *, *, #2734, .F. ) ;
#4604 = FACE_OUTER_BOUND ( 'NONE', #6761, .T. ) ;
#4605 = LINE ( 'NONE', #8037, #3829 ) ;
#4606 = EDGE_CURVE ( 'NONE', #904, #2306, #4183, .T. ) ;
#4607 = CARTESIAN_POINT ( 'NONE',  ( -60.07504693368539961, 3.000000000000000000, 13.86794919243113888 ) ) ;
#4608 = CARTESIAN_POINT ( 'NONE',  ( -6.000000000000000000, 0.000000000000000000, -15.59999999999999964 ) ) ;
#4609 = ORIENTED_EDGE ( 'NONE', *, *, #7013, .F. ) ;
#4610 = PLANE ( 'NONE',  #3981 ) ;
#4611 = ORIENTED_EDGE ( 'NONE', *, *, #7779, .F. ) ;
#4612 = ADVANCED_FACE ( 'NONE', ( #2095 ), #6162, .F. ) ;
#4613 = EDGE_LOOP ( 'NONE', ( #3017, #8870, #4787 ) ) ;
#4614 = VECTOR ( 'NONE', #1867, 1000.000000000000000 ) ;
#4615 = CARTESIAN_POINT ( 'NONE',  ( -117.5999999999999943, 1.657405997545260083E-15, 15.59999999999999964 ) ) ;
#4616 = CARTESIAN_POINT ( 'NONE',  ( -102.0000000000000000, -6.000000000000000000, 9.900000000000002132 ) ) ;
#4617 = APPLICATION_CONTEXT ( 'automotive_design' ) ;
#4618 = VECTOR ( 'NONE', #7558, 1000.000000000000000 ) ;
#4619 = FACE_OUTER_BOUND ( 'NONE', #3086, .T. ) ;
#4620 = ORIENTED_EDGE ( 'NONE', *, *, #4204, .T. ) ;
#4621 = DIRECTION ( 'NONE',  ( 0.000000000000000000, 1.000000000000000000, 0.000000000000000000 ) ) ;
#4622 = DIRECTION ( 'NONE',  ( -0.7071067811865480168, 0.000000000000000000, 0.7071067811865470176 ) ) ;
#4623 = ORIENTED_EDGE ( 'NONE', *, *, #4512, .T. ) ;
#4624 = CARTESIAN_POINT ( 'NONE',  ( 201.0000000000000000, -7.200000000000000178, 6.364617092752020255 ) ) ;
#4625 = DIRECTION ( 'NONE',  ( 0.000000000000000000, 1.000000000000000000, 0.000000000000000000 ) ) ;
#4626 = DIRECTION ( 'NONE',  ( 0.000000000000000000, 1.000000000000000000, 0.000000000000000000 ) ) ;
#4627 = EDGE_LOOP ( 'NONE', ( #4468, #2976, #1362, #5525 ) ) ;
#4628 = VECTOR ( 'NONE', #4550, 1000.000000000000000 ) ;
#4629 = EDGE_CURVE ( 'NONE', #8877, #5491, #6113, .T. ) ;
#4630 = DIRECTION ( 'NONE',  ( -1.000000000000000000, 1.348330351782639975E-31, -1.263669769138219873E-16 ) ) ;
#4631 = FACE_BOUND ( 'NONE', #536, .T. ) ;
#4632 = CARTESIAN_POINT ( 'NONE',  ( 112.4786796564402067, -10.80000000000000071, 12.59999999999999964 ) ) ;
#4633 = VERTEX_POINT ( 'NONE', #8143 ) ;
#4634 = DIRECTION ( 'NONE',  ( 0.000000000000000000, 1.000000000000000000, 0.000000000000000000 ) ) ;
#4635 = ORIENTED_EDGE ( 'NONE', *, *, #8415, .F. ) ;
#4636 = AXIS2_PLACEMENT_3D ( 'NONE', #3816, #6561, #5249 ) ;
#4637 = EDGE_CURVE ( 'NONE', #2292, #95, #3363, .T. ) ;
#4638 = ORIENTED_EDGE ( 'NONE', *, *, #420, .F. ) ;
#4639 = CARTESIAN_POINT ( 'NONE',  ( -104.1213203435598018, -10.80000000000000071, 9.992007221626378887E-15 ) ) ;
#4640 = EDGE_LOOP ( 'NONE', ( #7234, #1083 ) ) ;
#4641 = ORIENTED_EDGE ( 'NONE', *, *, #1174, .T. ) ;
#4642 = VECTOR ( 'NONE', #385, 1000.000000000000000 ) ;
#4643 = CARTESIAN_POINT ( 'NONE',  ( -91.52132034355979329, -10.80000000000000071, 12.59999999999999964 ) ) ;
#4644 = CARTESIAN_POINT ( 'NONE',  ( -9.000000000000000000, 0.000000000000000000, -36.00000000000000000 ) ) ;
#4645 = DIRECTION ( 'NONE',  ( 0.000000000000000000, 0.000000000000000000, -1.000000000000000000 ) ) ;
#4646 = EDGE_LOOP ( 'NONE', ( #165, #6799, #3887 ) ) ;
#4647 = DIRECTION ( 'NONE',  ( 1.000000000000000000, 0.000000000000000000, 0.000000000000000000 ) ) ;
#4648 = ORIENTED_EDGE ( 'NONE', *, *, #570, .F. ) ;
#4649 = DIRECTION ( 'NONE',  ( 0.000000000000000000, 0.000000000000000000, -1.000000000000000000 ) ) ;
#4650 = ORIENTED_EDGE ( 'NONE', *, *, #7772, .T. ) ;
#4651 = LINE ( 'NONE', #1991, #7136 ) ;
#4652 = ORIENTED_EDGE ( 'NONE', *, *, #3078, .T. ) ;
#4653 = CARTESIAN_POINT ( 'NONE',  ( 117.5999999999999943, -5.400000000000000355, -12.48230854637604104 ) ) ;
#4654 = ADVANCED_FACE ( 'NONE', ( #8923 ), #685, .F. ) ;
#4655 = CARTESIAN_POINT ( 'NONE',  ( 21.05468247025099870, 10.80000000000000071, -6.364617092752020255 ) ) ;
#4656 = ORIENTED_EDGE ( 'NONE', *, *, #5675, .F. ) ;
#4657 = DIRECTION ( 'NONE',  ( 0.000000000000000000, -1.000000000000000000, -1.156482317317869950E-15 ) ) ;
#4658 = ORIENTED_EDGE ( 'NONE', *, *, #551, .T. ) ;
#4659 = EDGE_CURVE ( 'NONE', #2488, #5171, #7506, .T. ) ;
#4660 = ORIENTED_EDGE ( 'NONE', *, *, #943, .T. ) ;
#4661 = CARTESIAN_POINT ( 'NONE',  ( -89.39999999999999147, -7.200000000000000178, 12.59999999999999964 ) ) ;
#4662 = EDGE_CURVE ( 'NONE', #505, #3284, #8239, .T. ) ;
#4663 = AXIS2_PLACEMENT_3D ( 'NONE', #3197, #4732, #3968 ) ;
#4664 = LINE ( 'NONE', #397, #2813 ) ;
#4665 = ADVANCED_FACE ( 'NONE', ( #4804 ), #7550, .T. ) ;
#4666 = DIRECTION ( 'NONE',  ( 1.000000000000000000, 0.000000000000000000, 9.472892701579828520E-18 ) ) ;
#4667 = EDGE_LOOP ( 'NONE', ( #2786, #6972, #6059, #8380 ) ) ;
#4668 = CARTESIAN_POINT ( 'NONE',  ( 150.6599999999999966, -7.200000000000000178, 6.364617092752020255 ) ) ;
#4669 = CARTESIAN_POINT ( 'NONE',  ( -89.39999999999999147, -10.80000000000000071, -0.5570312818441680580 ) ) ;
#4670 = ORIENTED_EDGE ( 'NONE', *, *, #6326, .T. ) ;
#4671 = CARTESIAN_POINT ( 'NONE',  ( 0.000000000000000000, 1.351735180736268092E-14, -15.59999999999999964 ) ) ;
#4672 = DIRECTION ( 'NONE',  ( 8.540177112501238897E-16, -0.8660254037844387076, 0.4999999999999998890 ) ) ;
#4673 = ADVANCED_FACE ( 'NONE', ( #8826 ), #4045, .T. ) ;
#4674 = LINE ( 'NONE', #409, #2977 ) ;
#4675 = ORIENTED_EDGE ( 'NONE', *, *, #2788, .T. ) ;
#4676 = FACE_OUTER_BOUND ( 'NONE', #1993, .T. ) ;
#4677 = FACE_BOUND ( 'NONE', #1003, .T. ) ;
#4678 = DIRECTION ( 'NONE',  ( -1.000000000000000000, 0.000000000000000000, 0.000000000000000000 ) ) ;
#4679 = ORIENTED_EDGE ( 'NONE', *, *, #5052, .T. ) ;
#4680 = CARTESIAN_POINT ( 'NONE',  ( 47.58442101292460080, -7.200000000000000178, 3.042492089611689821 ) ) ;
#4681 = EDGE_LOOP ( 'NONE', ( #2968, #6061, #8134 ) ) ;
#4682 = EDGE_CURVE ( 'NONE', #6361, #1013, #2637, .T. ) ;
#4683 = ORIENTED_EDGE ( 'NONE', *, *, #4435, .T. ) ;
#4684 = CARTESIAN_POINT ( 'NONE',  ( 76.46147367097499625, -10.80000000000000071, -6.364617092752079763 ) ) ;
#4685 = VERTEX_POINT ( 'NONE', #4848 ) ;
#4686 = VERTEX_POINT ( 'NONE', #4137 ) ;
#4687 = VECTOR ( 'NONE', #1629, 1000.000000000000000 ) ;
#4688 = EDGE_CURVE ( 'NONE', #5916, #720, #1415, .T. ) ;
#4689 = CARTESIAN_POINT ( 'NONE',  ( 146.6309003458194127, -7.200000000000000178, -6.364617092752020255 ) ) ;
#4690 = CARTESIAN_POINT ( 'NONE',  ( -154.8750469336854962, 10.80000000000000071, 6.364617092752020255 ) ) ;
#4691 = CARTESIAN_POINT ( 'NONE',  ( -150.6599999999999966, -10.80000000000000071, 6.364617092752020255 ) ) ;
#4692 = ORIENTED_EDGE ( 'NONE', *, *, #2855, .T. ) ;
#4693 = VERTEX_POINT ( 'NONE', #6246 ) ;
#4694 = DIRECTION ( 'NONE',  ( 0.000000000000000000, 1.000000000000000000, 0.000000000000000000 ) ) ;
#4695 = VECTOR ( 'NONE', #4657, 1000.000000000000000 ) ;
#4696 = CARTESIAN_POINT ( 'NONE',  ( 174.8333860441489946, 10.80000000000000071, 6.364617092752020255 ) ) ;
#4697 = ORIENTED_EDGE ( 'NONE', *, *, #2368, .T. ) ;
#4698 = EDGE_CURVE ( 'NONE', #158, #6509, #42, .T. ) ;
#4699 = CARTESIAN_POINT ( 'NONE',  ( 47.58442101292460080, -10.80000000000000071, 1.500000000000000000 ) ) ;
#4700 = VECTOR ( 'NONE', #3526, 1000.000000000000000 ) ;
#4701 = AXIS2_PLACEMENT_3D ( 'NONE', #4946, #1507, #8549 ) ;
#4702 = AXIS2_PLACEMENT_3D ( 'NONE', #4235, #14, #5584 ) ;
#4703 = LINE ( 'NONE', #8086, #4857 ) ;
#4704 = DIRECTION ( 'NONE',  ( 0.000000000000000000, -1.000000000000000000, 0.000000000000000000 ) ) ;
#4705 = ORIENTED_EDGE ( 'NONE', *, *, #3705, .F. ) ;
#4706 = ORIENTED_EDGE ( 'NONE', *, *, #6425, .T. ) ;
#4707 = LINE ( 'NONE', #589, #2242 ) ;
#4708 = VECTOR ( 'NONE', #2695, 1000.000000000000114 ) ;
#4709 = EDGE_CURVE ( 'NONE', #6005, #41, #1958, .T. ) ;
#4710 = AXIS2_PLACEMENT_3D ( 'NONE', #5257, #5216, #1783 ) ;
#4711 = DIRECTION ( 'NONE',  ( -2.018443830920939658E-16, 0.000000000000000000, -1.000000000000000000 ) ) ;
#4712 = CARTESIAN_POINT ( 'NONE',  ( 15.70736835487440075, -0.8000000000000003775, -4.500000000000000000 ) ) ;
#4714 = VERTEX_POINT ( 'NONE', #6746 ) ;
#4713 = VECTOR ( 'NONE', #4793, 1000.000000000000000 ) ;
#4715 = VECTOR ( 'NONE', #4225, 1000.000000000000227 ) ;
#4716 = DIRECTION ( 'NONE',  ( 1.000000000000000000, 0.000000000000000000, 0.000000000000000000 ) ) ;
#4717 = CARTESIAN_POINT ( 'NONE',  ( 130.3799999999999955, -10.80000000000000071, 6.296014427081039422 ) ) ;
#4718 = ORIENTED_EDGE ( 'NONE', *, *, #973, .F. ) ;
#4719 = LINE ( 'NONE', #7510, #3200 ) ;
#4720 = EDGE_CURVE ( 'NONE', #4693, #8215, #548, .T. ) ;
#4721 = EDGE_CURVE ( 'NONE', #95, #1181, #7682, .T. ) ;
#4722 = LINE ( 'NONE', #6612, #1531 ) ;
#4723 = ORIENTED_EDGE ( 'NONE', *, *, #2280, .T. ) ;
#4725 = EDGE_CURVE ( 'NONE', #3656, #5952, #768, .T. ) ;
#4724 = DIRECTION ( 'NONE',  ( -0.000000000000000000, 0.000000000000000000, 1.000000000000000000 ) ) ;
#4726 = DIRECTION ( 'NONE',  ( 1.000000000000000000, 0.000000000000000000, 0.000000000000000000 ) ) ;
#4727 = FACE_OUTER_BOUND ( 'NONE', #4983, .T. ) ;
#4728 = VERTEX_POINT ( 'NONE', #4224 ) ;
#4729 = LINE ( 'NONE', #8744, #8298 ) ;
#4730 =( GEOMETRIC_REPRESENTATION_CONTEXT ( 3 ) GLOBAL_UNCERTAINTY_ASSIGNED_CONTEXT ( ( #447 ) ) GLOBAL_UNIT_ASSIGNED_CONTEXT ( ( #7838, #7204, #3789 ) ) REPRESENTATION_CONTEXT ( 'NONE', 'WORKASPACE' ) );
#4731 = VERTEX_POINT ( 'NONE', #2186 ) ;
#4732 = DIRECTION ( 'NONE',  ( -1.000000000000000000, 0.000000000000000000, 0.000000000000000000 ) ) ;
#4733 = VERTEX_POINT ( 'NONE', #6970 ) ;
#4734 = VERTEX_POINT ( 'NONE', #8370 ) ;
#4735 = FACE_OUTER_BOUND ( 'NONE', #3450, .T. ) ;
#4736 = CARTESIAN_POINT ( 'NONE',  ( -129.4909129263288037, -7.200000000000000178, 6.364617092752020255 ) ) ;
#4737 = DIRECTION ( 'NONE',  ( 1.000000000000000000, -1.815596994748170076E-30, 1.569930614208549994E-15 ) ) ;
#4738 = ORIENTED_EDGE ( 'NONE', *, *, #2665, .T. ) ;
#4739 = DIRECTION ( 'NONE',  ( 0.000000000000000000, 1.000000000000000000, 0.000000000000000000 ) ) ;
#4740 = ORIENTED_EDGE ( 'NONE', *, *, #2446, .T. ) ;
#4741 = PLANE ( 'NONE',  #3579 ) ;
#4742 = VERTEX_POINT ( 'NONE', #671 ) ;
#4743 = DIRECTION ( 'NONE',  ( 1.000000000000000000, 0.000000000000000000, 2.018443830920939658E-16 ) ) ;
#4744 = ORIENTED_EDGE ( 'NONE', *, *, #1125, .F. ) ;
#4745 = EDGE_CURVE ( 'NONE', #3631, #95, #4791, .T. ) ;
#4746 = DIRECTION ( 'NONE',  ( 0.000000000000000000, 0.000000000000000000, 1.000000000000000000 ) ) ;
#4747 = DIRECTION ( 'NONE',  ( -0.000000000000000000, 1.000000000000000000, 0.000000000000000000 ) ) ;
#4748 = DIRECTION ( 'NONE',  ( -0.6613107231666243147, 0.000000000000000000, -0.7501120765757851583 ) ) ;
#4749 = VECTOR ( 'NONE', #1519, 1000.000000000000000 ) ;
#4750 = CARTESIAN_POINT ( 'NONE',  ( -73.46147367097499625, -7.200000000000000178, -6.364617092752079763 ) ) ;
#4751 = ORIENTED_EDGE ( 'NONE', *, *, #1194, .T. ) ;
#4752 = ORIENTED_EDGE ( 'NONE', *, *, #5390, .T. ) ;
#4753 = LINE ( 'NONE', #4661, #7006 ) ;
#4754 = EDGE_CURVE ( 'NONE', #3229, #1500, #2173, .T. ) ;
#4755 = DIRECTION ( 'NONE',  ( -1.000000000000000000, 0.000000000000000000, 0.000000000000000000 ) ) ;
#4756 = CARTESIAN_POINT ( 'NONE',  ( -167.9399999999999977, -7.200000000000000178, 6.364617092752020255 ) ) ;
#4757 = VERTEX_POINT ( 'NONE', #6998 ) ;
#4758 = DIRECTION ( 'NONE',  ( -0.7071067811865450192, 0.7071067811865500152, 0.000000000000000000 ) ) ;
#4759 = VECTOR ( 'NONE', #89, 1000.000000000000000 ) ;
#4760 = LINE ( 'NONE', #4717, #2260 ) ;
#4761 = ORIENTED_EDGE ( 'NONE', *, *, #6301, .F. ) ;
#4762 = LINE ( 'NONE', #7604, #441 ) ;
#4763 = DIRECTION ( 'NONE',  ( -1.000000000000000000, 7.704744867329349861E-32, -7.220970109361239161E-17 ) ) ;
#4764 = ORIENTED_EDGE ( 'NONE', *, *, #4932, .T. ) ;
#4765 = VECTOR ( 'NONE', #5588, 1000.000000000000000 ) ;
#4766 = CARTESIAN_POINT ( 'NONE',  ( -6.599999999999999645, -10.80000000000000071, -45.00000000000000000 ) ) ;
#4767 = CARTESIAN_POINT ( 'NONE',  ( 15.70736835487440075, -1.800000000000000044, 2.250000000000000000 ) ) ;
#4768 = EDGE_CURVE ( 'NONE', #3430, #5529, #1445, .T. ) ;
#4769 = DIRECTION ( 'NONE',  ( 1.000000000000000000, 0.000000000000000000, 0.000000000000000000 ) ) ;
#4770 = EDGE_LOOP ( 'NONE', ( #8671, #4106, #8344, #6152 ) ) ;
#4771 = FACE_OUTER_BOUND ( 'NONE', #6440, .T. ) ;
#4772 = AXIS2_PLACEMENT_3D ( 'NONE', #8359, #1447, #34 ) ;
#4773 = EDGE_CURVE ( 'NONE', #3082, #3646, #4121, .T. ) ;
#4774 = DIRECTION ( 'NONE',  ( 0.000000000000000000, 1.000000000000000000, 0.000000000000000000 ) ) ;
#4775 = ORIENTED_EDGE ( 'NONE', *, *, #7531, .F. ) ;
#4776 = EDGE_CURVE ( 'NONE', #7217, #3977, #623, .T. ) ;
#4777 = ORIENTED_EDGE ( 'NONE', *, *, #4725, .F. ) ;
#4778 = LINE ( 'NONE', #60, #1721 ) ;
#4779 = EDGE_CURVE ( 'NONE', #4943, #1172, #2213, .T. ) ;
#4780 = VECTOR ( 'NONE', #2713, 1000.000000000000000 ) ;
#4781 = DIRECTION ( 'NONE',  ( 0.000000000000000000, 0.8660254037844383745, 0.5000000000000003331 ) ) ;
#4782 = CARTESIAN_POINT ( 'NONE',  ( -46.19999999999999574, 10.80000000000000071, -6.364617092752020255 ) ) ;
#4783 = EDGE_LOOP ( 'NONE', ( #6177, #6385, #4963 ) ) ;
#4784 = DIRECTION ( 'NONE',  ( -1.000000000000000000, 0.000000000000000000, -7.709882115452469538E-17 ) ) ;
#4785 = CARTESIAN_POINT ( 'NONE',  ( 141.0345498270899895, -7.200000000000000178, 1.484009058298530137 ) ) ;
#4786 = CARTESIAN_POINT ( 'NONE',  ( -195.0000000000000000, -10.80000000000000071, -12.59999999999999964 ) ) ;
#4787 = ORIENTED_EDGE ( 'NONE', *, *, #305, .F. ) ;
#4788 = CARTESIAN_POINT ( 'NONE',  ( 0.000000000000000000, -10.80000000000000071, 9.364617092752020255 ) ) ;
#4789 = ORIENTED_EDGE ( 'NONE', *, *, #7005, .T. ) ;
#4790 = AXIS2_PLACEMENT_3D ( 'NONE', #1871, #8687, #7373 ) ;
#4791 = LINE ( 'NONE', #1349, #5903 ) ;
#4792 = DIRECTION ( 'NONE',  ( 0.000000000000000000, 1.156482317317869950E-15, -1.000000000000000000 ) ) ;
#4793 = DIRECTION ( 'NONE',  ( 1.000000000000000000, 0.000000000000000000, -3.700743415417190112E-16 ) ) ;
#4794 = CARTESIAN_POINT ( 'NONE',  ( 62.02294734195000103, -10.80000000000000071, -3.042492089611715134 ) ) ;
#4795 = VECTOR ( 'NONE', #2572, 1000.000000000000000 ) ;
#4796 = ORIENTED_EDGE ( 'NONE', *, *, #8919, .F. ) ;
#4797 = EDGE_CURVE ( 'NONE', #7508, #7565, #1307, .T. ) ;
#4798 = ORIENTED_EDGE ( 'NONE', *, *, #353, .F. ) ;
#4799 = CARTESIAN_POINT ( 'NONE',  ( 46.19999999999999574, 10.80000000000000071, -6.364617092752020255 ) ) ;
#4800 = LINE ( 'NONE', #8234, #338 ) ;
#4802 = EDGE_CURVE ( 'NONE', #3681, #505, #2039, .T. ) ;
#4801 = LINE ( 'NONE', #7547, #4560 ) ;
#4803 = ORIENTED_EDGE ( 'NONE', *, *, #4435, .F. ) ;
#4804 = FACE_OUTER_BOUND ( 'NONE', #7693, .T. ) ;
#4805 = DIRECTION ( 'NONE',  ( 0.000000000000000000, 1.000000000000000000, 0.000000000000000000 ) ) ;
#4806 = ORIENTED_EDGE ( 'NONE', *, *, #7538, .T. ) ;
#4807 = DIRECTION ( 'NONE',  ( -0.5930964394861031330, 0.000000000000000000, 0.8051314262087322371 ) ) ;
#4808 = CARTESIAN_POINT ( 'NONE',  ( 55.38962307163079402, -10.80000000000000071, 23.51564247119970119 ) ) ;
#4809 = ORIENTED_EDGE ( 'NONE', *, *, #3754, .T. ) ;
#4810 = CARTESIAN_POINT ( 'NONE',  ( -99.87867965644021240, -10.80000000000000071, 9.992007221626378887E-15 ) ) ;
#4811 = CARTESIAN_POINT ( 'NONE',  ( 117.5999999999999943, -10.80000000000000071, 15.59999999999999964 ) ) ;
#4812 = LINE ( 'NONE', #694, #4561 ) ;
#4813 = VERTEX_POINT ( 'NONE', #2852 ) ;
#4814 = DIRECTION ( 'NONE',  ( 0.7071067811865480168, 0.000000000000000000, 0.7071067811865470176 ) ) ;
#4815 = CARTESIAN_POINT ( 'NONE',  ( 14.53589838486228203, -10.80000000000000071, -30.00000000000000000 ) ) ;
#4816 = ORIENTED_EDGE ( 'NONE', *, *, #4836, .T. ) ;
#4817 = EDGE_CURVE ( 'NONE', #4742, #2241, #8314, .T. ) ;
#4818 = EDGE_LOOP ( 'NONE', ( #7307, #294, #6266, #1710 ) ) ;
#4819 = DIRECTION ( 'NONE',  ( 0.8754956338961326079, 5.156001492484647477E-16, -0.4832260289231208317 ) ) ;
#4820 = EDGE_CURVE ( 'NONE', #7701, #8943, #7583, .T. ) ;
#4821 = FACE_OUTER_BOUND ( 'NONE', #8078, .T. ) ;
#4822 = ORIENTED_EDGE ( 'NONE', *, *, #1125, .T. ) ;
#4823 = PLANE ( 'NONE',  #3766 ) ;
#4824 = ORIENTED_EDGE ( 'NONE', *, *, #1466, .T. ) ;
#4825 = PLANE ( 'NONE',  #1169 ) ;
#4826 = CARTESIAN_POINT ( 'NONE',  ( 167.9399999999999977, -7.200000000000000178, 3.396598976154964866 ) ) ;
#4827 = CARTESIAN_POINT ( 'NONE',  ( 0.000000000000000000, 1.351735180736268092E-14, -15.59999999999999964 ) ) ;
#4828 = ORIENTED_EDGE ( 'NONE', *, *, #6986, .T. ) ;
#4829 = FACE_BOUND ( 'NONE', #2333, .T. ) ;
#4830 = EDGE_CURVE ( 'NONE', #18, #7868, #6628, .T. ) ;
#4831 = ORIENTED_EDGE ( 'NONE', *, *, #8720, .F. ) ;
#4832 = AXIS2_PLACEMENT_3D ( 'NONE', #8190, #632, #4178 ) ;
#4833 = CARTESIAN_POINT ( 'NONE',  ( -114.5999999999999943, -10.80000000000000071, 10.47867965644037902 ) ) ;
#4834 = DIRECTION ( 'NONE',  ( -0.7501120765757860465, 0.000000000000000000, 0.6613107231666230934 ) ) ;
#4835 = CARTESIAN_POINT ( 'NONE',  ( 102.0000000000000000, -7.000000000000000000, 1.665334536937735008E-15 ) ) ;
#4836 = EDGE_CURVE ( 'NONE', #990, #2170, #4213, .T. ) ;
#4837 = DIRECTION ( 'NONE',  ( -0.7071067811865480168, 0.000000000000000000, -0.7071067811865470176 ) ) ;
#4838 = VERTEX_POINT ( 'NONE', #6191 ) ;
#4839 = VECTOR ( 'NONE', #7885, 1000.000000000000000 ) ;
#4840 = VERTEX_POINT ( 'NONE', #5601 ) ;
#4841 = DIRECTION ( 'NONE',  ( -1.000000000000000000, 0.000000000000000000, -0.000000000000000000 ) ) ;
#4842 = CARTESIAN_POINT ( 'NONE',  ( -168.9690996541804964, -10.80000000000000071, 6.364617092752020255 ) ) ;
#4843 = AXIS2_PLACEMENT_3D ( 'NONE', #4799, #8916, #3995 ) ;
#4844 = AXIS2_PLACEMENT_3D ( 'NONE', #4422, #5730, #8571 ) ;
#4845 = AXIS2_PLACEMENT_3D ( 'NONE', #7813, #3123, #1760 ) ;
#4846 = LINE ( 'NONE', #7599, #1820 ) ;
#4847 = VERTEX_POINT ( 'NONE', #1402 ) ;
#4848 = CARTESIAN_POINT ( 'NONE',  ( -12.58967690125044037, -1.160530005428483788E-14, 1.382308546376021852 ) ) ;
#4849 = DIRECTION ( 'NONE',  ( 0.000000000000000000, 1.000000000000000000, 0.000000000000000000 ) ) ;
#4850 = ORIENTED_EDGE ( 'NONE', *, *, #7899, .F. ) ;
#4851 = VECTOR ( 'NONE', #3324, 1000.000000000000000 ) ;
#4852 = VECTOR ( 'NONE', #6481, 1000.000000000000000 ) ;
#4853 = DIRECTION ( 'NONE',  ( 0.000000000000000000, 1.000000000000000000, 0.000000000000000000 ) ) ;
#4854 = AXIS2_PLACEMENT_3D ( 'NONE', #3030, #5777, #4432 ) ;
#4855 = DIRECTION ( 'NONE',  ( 0.000000000000000000, 0.000000000000000000, 1.000000000000000000 ) ) ;
#4856 = ORIENTED_EDGE ( 'NONE', *, *, #7585, .F. ) ;
#4857 = VECTOR ( 'NONE', #484, 1000.000000000000000 ) ;
#4858 = VECTOR ( 'NONE', #7061, 1000.000000000000114 ) ;
#4859 = EDGE_CURVE ( 'NONE', #6678, #1557, #118, .T. ) ;
#4860 = CARTESIAN_POINT ( 'NONE',  ( -88.72417450494180002, -10.80000000000000071, 36.29211173504404542 ) ) ;
#4861 = FACE_OUTER_BOUND ( 'NONE', #8025, .T. ) ;
#4862 = FACE_OUTER_BOUND ( 'NONE', #3546, .T. ) ;
#4863 = ORIENTED_EDGE ( 'NONE', *, *, #4601, .T. ) ;
#4864 = CARTESIAN_POINT ( 'NONE',  ( 114.5999999999999943, -10.80000000000000071, -10.47867965644037902 ) ) ;
#4865 = DIRECTION ( 'NONE',  ( 0.000000000000000000, 1.156482317317869950E-15, -1.000000000000000000 ) ) ;
#4866 = ORIENTED_EDGE ( 'NONE', *, *, #1095, .F. ) ;
#4867 = EDGE_CURVE ( 'NONE', #4208, #3832, #5644, .T. ) ;
#4868 = ORIENTED_EDGE ( 'NONE', *, *, #2137, .F. ) ;
#4869 = CARTESIAN_POINT ( 'NONE',  ( -154.8750469336854962, 7.200000000000000178, 6.364617092752020255 ) ) ;
#4870 = DIRECTION ( 'NONE',  ( 0.000000000000000000, 1.156482317317869950E-15, -1.000000000000000000 ) ) ;
#4871 = ORIENTED_EDGE ( 'NONE', *, *, #872, .F. ) ;
#4872 = EDGE_CURVE ( 'NONE', #1049, #5338, #4880, .T. ) ;
#4873 = ORIENTED_EDGE ( 'NONE', *, *, #5001, .F. ) ;
#4874 = FACE_OUTER_BOUND ( 'NONE', #1214, .T. ) ;
#4875 = DIRECTION ( 'NONE',  ( 0.000000000000000000, 0.000000000000000000, 1.000000000000000000 ) ) ;
#4876 = LINE ( 'NONE', #6270, #4431 ) ;
#4877 = ORIENTED_EDGE ( 'NONE', *, *, #6754, .F. ) ;
#4878 = CARTESIAN_POINT ( 'NONE',  ( -15.70736835487440075, -1.800000000000000044, -4.500000000000000000 ) ) ;
#4879 = VERTEX_POINT ( 'NONE', #6236 ) ;
#4880 = LINE ( 'NONE', #8910, #7196 ) ;
#4881 = DIRECTION ( 'NONE',  ( -1.000000000000000000, 0.000000000000000000, 3.854941057726239700E-17 ) ) ;
#4882 = CARTESIAN_POINT ( 'NONE',  ( 204.0000000000000000, 10.80000000000000071, 9.364617092752020255 ) ) ;
#4883 = EDGE_CURVE ( 'NONE', #6328, #7164, #757, .T. ) ;
#4884 = CARTESIAN_POINT ( 'NONE',  ( 12.58967690125044037, -1.165734175856412001E-14, -2.250000000000000000 ) ) ;
#4885 = EDGE_LOOP ( 'NONE', ( #7552, #3574, #6769, #4242 ) ) ;
#4886 = LINE ( 'NONE', #2769, #4179 ) ;
#4887 = CARTESIAN_POINT ( 'NONE',  ( 73.90949697779099381, -7.200000000000000178, 5.295343957862029605 ) ) ;
#4888 = EDGE_CURVE ( 'NONE', #4969, #4714, #8952, .T. ) ;
#4889 = VECTOR ( 'NONE', #3011, 1000.000000000000000 ) ;
#4890 = DIRECTION ( 'NONE',  ( 0.000000000000000000, 1.156482317317869950E-15, -1.000000000000000000 ) ) ;
#4891 = ORIENTED_EDGE ( 'NONE', *, *, #5728, .T. ) ;
#4892 = ADVANCED_FACE ( 'NONE', ( #8357 ), #2762, .T. ) ;
#4893 = CARTESIAN_POINT ( 'NONE',  ( -132.8217823338443964, -7.200000000000000178, 5.197121467210659596 ) ) ;
#4894 = CARTESIAN_POINT ( 'NONE',  ( 52.91957282293100207, -7.200000000000000178, -1.661062501570174987 ) ) ;
#4895 = VERTEX_POINT ( 'NONE', #31 ) ;
#4896 = DIRECTION ( 'NONE',  ( -1.000000000000000000, 0.000000000000000000, 1.494530994687720012E-15 ) ) ;
#4897 = LINE ( 'NONE', #7647, #1093 ) ;
#4898 = ORIENTED_EDGE ( 'NONE', *, *, #3310, .F. ) ;
#4899 = VECTOR ( 'NONE', #2340, 1000.000000000000000 ) ;
#4900 = DIRECTION ( 'NONE',  ( 0.000000000000000000, -0.8660254037844387076, 0.4999999999999998890 ) ) ;
#4901 = DIRECTION ( 'NONE',  ( 0.000000000000000000, 0.000000000000000000, 1.000000000000000000 ) ) ;
#4902 = LINE ( 'NONE', #6255, #8459 ) ;
#4903 = ORIENTED_EDGE ( 'NONE', *, *, #3488, .F. ) ;
#4904 = DIRECTION ( 'NONE',  ( -0.000000000000000000, 1.000000000000000000, 0.000000000000000000 ) ) ;
#4905 = AXIS2_PLACEMENT_3D ( 'NONE', #8104, #4008, #3958 ) ;
#4906 = VECTOR ( 'NONE', #4855, 1000.000000000000000 ) ;
#4907 = EDGE_CURVE ( 'NONE', #3191, #3502, #2427, .T. ) ;
#4908 = VECTOR ( 'NONE', #6583, 1000.000000000000000 ) ;
#4909 = DIRECTION ( 'NONE',  ( 0.000000000000000000, 1.000000000000000000, 0.000000000000000000 ) ) ;
#4910 = ORIENTED_EDGE ( 'NONE', *, *, #2225, .T. ) ;
#4911 = DIRECTION ( 'NONE',  ( 0.8051314262087321261, 0.000000000000000000, 0.5930964394861030220 ) ) ;
#4912 = FACE_OUTER_BOUND ( 'NONE', #5089, .T. ) ;
#4913 = ORIENTED_EDGE ( 'NONE', *, *, #228, .T. ) ;
#4914 = AXIS2_PLACEMENT_3D ( 'NONE', #963, #2201, #873 ) ;
#4915 = EDGE_CURVE ( 'NONE', #8303, #3356, #3065, .T. ) ;
#4916 = ORIENTED_EDGE ( 'NONE', *, *, #5906, .T. ) ;
#4917 = DIRECTION ( 'NONE',  ( 0.000000000000000000, 1.000000000000000000, 0.000000000000000000 ) ) ;
#4918 = CARTESIAN_POINT ( 'NONE',  ( 186.0000000000000000, -10.80000000000000071, -15.59999999999999964 ) ) ;
#4919 = PLANE ( 'NONE',  #8918 ) ;
#4920 = ORIENTED_EDGE ( 'NONE', *, *, #2726, .T. ) ;
#4921 = FACE_BOUND ( 'NONE', #727, .T. ) ;
#4922 = VERTEX_POINT ( 'NONE', #5013 ) ;
#4923 = VECTOR ( 'NONE', #3750, 1000.000000000000000 ) ;
#4924 = CARTESIAN_POINT ( 'NONE',  ( -6.000000000000000000, -10.80000000000000071, -6.000000000000000000 ) ) ;
#4925 = PLANE ( 'NONE',  #5841 ) ;
#4926 = CARTESIAN_POINT ( 'NONE',  ( 2.086118528788225124, 7.200000000000000178, 4.813868674543670068 ) ) ;
#4927 = DIRECTION ( 'NONE',  ( 0.000000000000000000, -1.000000000000000000, -1.156482317317874092E-15 ) ) ;
#4928 = ORIENTED_EDGE ( 'NONE', *, *, #3568, .F. ) ;
#4929 = VECTOR ( 'NONE', #7837, 1000.000000000000000 ) ;
#4930 = LINE ( 'NONE', #7678, #4316 ) ;
#4931 = PRODUCT_CONTEXT ( 'NONE', #4617, 'mechanical' ) ;
#4932 = EDGE_CURVE ( 'NONE', #8561, #3082, #1703, .T. ) ;
#4933 = VECTOR ( 'NONE', #4784, 1000.000000000000000 ) ;
#4934 = DIRECTION ( 'NONE',  ( 0.000000000000000000, 0.8660254037844387076, -0.4999999999999998890 ) ) ;
#4935 = ORIENTED_EDGE ( 'NONE', *, *, #4888, .F. ) ;
#4936 = EDGE_CURVE ( 'NONE', #5491, #3520, #1532, .T. ) ;
#4937 = DIRECTION ( 'NONE',  ( -5.233102047361820167E-16, -1.066995812285799955E-15, 1.000000000000000000 ) ) ;
#4938 = CARTESIAN_POINT ( 'NONE',  ( -60.52294734194999393, -7.200000000000000178, -4.364915918965585284 ) ) ;
#4939 = ORIENTED_EDGE ( 'NONE', *, *, #6733, .F. ) ;
#4940 = ADVANCED_FACE ( 'NONE', ( #247 ), #6492, .T. ) ;
#4941 = CARTESIAN_POINT ( 'NONE',  ( -117.5999999999999943, 1.657405997545260083E-15, 15.59999999999999964 ) ) ;
#4942 = CARTESIAN_POINT ( 'NONE',  ( 117.5999999999999943, -7.200000000000000178, 9.364617092752020255 ) ) ;
#4943 = VERTEX_POINT ( 'NONE', #7041 ) ;
#4944 = EDGE_CURVE ( 'NONE', #4451, #4686, #199, .T. ) ;
#4945 = DIRECTION ( 'NONE',  ( -0.6278548892297277639, 0.000000000000000000, 0.7783304170275798795 ) ) ;
#4946 = CARTESIAN_POINT ( 'NONE',  ( -117.5999999999999943, 1.657405997545260083E-15, -15.59999999999999964 ) ) ;
#4947 = LINE ( 'NONE', #230, #662 ) ;
#4948 = ORIENTED_EDGE ( 'NONE', *, *, #5244, .T. ) ;
#4949 = EDGE_CURVE ( 'NONE', #7890, #2007, #6363, .T. ) ;
#4950 = DIRECTION ( 'NONE',  ( -7.113305415238639742E-16, 0.000000000000000000, 1.000000000000000000 ) ) ;
#4951 = DIRECTION ( 'NONE',  ( 0.000000000000000000, 1.000000000000000000, 0.000000000000000000 ) ) ;
#4952 = ORIENTED_EDGE ( 'NONE', *, *, #5984, .F. ) ;
#4953 = CARTESIAN_POINT ( 'NONE',  ( -157.8788577308760068, 7.200000000000000178, -6.419991939821880322 ) ) ;
#4954 = EDGE_CURVE ( 'NONE', #7750, #319, #844, .T. ) ;
#4955 = DIRECTION ( 'NONE',  ( 1.000000000000000000, 0.000000000000000000, -7.709882115452469538E-17 ) ) ;
#4956 = VERTEX_POINT ( 'NONE', #7759 ) ;
#4957 = ORIENTED_EDGE ( 'NONE', *, *, #8580, .T. ) ;
#4958 = DIRECTION ( 'NONE',  ( 0.000000000000000000, 1.000000000000000000, 0.000000000000000000 ) ) ;
#4959 = LINE ( 'NONE', #8265, #5362 ) ;
#4960 = DIRECTION ( 'NONE',  ( 1.000000000000000000, 0.000000000000000000, 0.000000000000000000 ) ) ;
#4961 = ORIENTED_EDGE ( 'NONE', *, *, #1472, .F. ) ;
#4962 = DIRECTION ( 'NONE',  ( -1.000000000000000000, -0.000000000000000000, -0.000000000000000000 ) ) ;
#4963 = ORIENTED_EDGE ( 'NONE', *, *, #6321, .T. ) ;
#4964 = EDGE_CURVE ( 'NONE', #5407, #2423, #3617, .T. ) ;
#4965 = DIRECTION ( 'NONE',  ( 0.7783304170275797684, 0.000000000000000000, -0.6278548892297277639 ) ) ;
#4966 = CARTESIAN_POINT ( 'NONE',  ( -47.58442101292460080, -10.80000000000000071, 3.042492089611689821 ) ) ;
#4967 = DIRECTION ( 'NONE',  ( 0.7783304170275797684, 0.000000000000000000, 0.6278548892297277639 ) ) ;
#4968 = LINE ( 'NONE', #5605, #3248 ) ;
#4969 = VERTEX_POINT ( 'NONE', #5138 ) ;
#4970 = FACE_OUTER_BOUND ( 'NONE', #5098, .T. ) ;
#4971 = EDGE_CURVE ( 'NONE', #7769, #158, #6536, .T. ) ;
#4972 = AXIS2_PLACEMENT_3D ( 'NONE', #1718, #4981, #7731 ) ;
#4973 = DIRECTION ( 'NONE',  ( 1.000000000000000000, 0.000000000000000000, 0.000000000000000000 ) ) ;
#4974 = ORIENTED_EDGE ( 'NONE', *, *, #3219, .T. ) ;
#4975 = CARTESIAN_POINT ( 'NONE',  ( 13.77879692630297903, -0.6865387665628739366, 2.571428571428569843 ) ) ;
#4976 = VERTEX_POINT ( 'NONE', #2258 ) ;
#4977 = ADVANCED_FACE ( 'NONE', ( #7209 ), #1576, .T. ) ;
#4978 = AXIS2_PLACEMENT_3D ( 'NONE', #4878, #7706, #6402 ) ;
#4979 = AXIS2_PLACEMENT_3D ( 'NONE', #6537, #5093, #3709 ) ;
#4980 = LINE ( 'NONE', #5698, #1658 ) ;
#4981 = DIRECTION ( 'NONE',  ( 0.000000000000000000, -1.000000000000000000, 0.000000000000000000 ) ) ;
#4982 = VECTOR ( 'NONE', #3992, 1000.000000000000000 ) ;
#4983 = EDGE_LOOP ( 'NONE', ( #7484, #7246, #901 ) ) ;
#4984 = UNCERTAINTY_MEASURE_WITH_UNIT (LENGTH_MEASURE( 1.000000000000000082E-05 ), #6374, 'distance_accuracy_value', 'NONE');
#4985 = CARTESIAN_POINT ( 'NONE',  ( -72.69325096196220670, -10.80000000000000071, 6.364617092752020255 ) ) ;
#4986 = PLANE ( 'NONE',  #4701 ) ;
#4987 = VECTOR ( 'NONE', #1779, 1000.000000000000000 ) ;
#4988 = VECTOR ( 'NONE', #5940, 1000.000000000000000 ) ;
#4989 = DIRECTION ( 'NONE',  ( 0.000000000000000000, -0.5000000000000003331, 0.8660254037844384856 ) ) ;
#4990 = CARTESIAN_POINT ( 'NONE',  ( 91.52132034355979329, -10.80000000000000071, 12.59999999999999964 ) ) ;
#4991 = EDGE_LOOP ( 'NONE', ( #7190, #6714, #1150 ) ) ;
#4992 = AXIS2_PLACEMENT_3D ( 'NONE', #8207, #8381, #1510 ) ;
#4994 = ADVANCED_FACE ( 'NONE', ( #3793 ), #4334, .T. ) ;
#4993 = DIRECTION ( 'NONE',  ( -1.000000000000000000, 0.000000000000000000, -1.590337572131489807E-16 ) ) ;
#4995 = EDGE_CURVE ( 'NONE', #4757, #1557, #3659, .T. ) ;
#4996 = DIRECTION ( 'NONE',  ( 1.000000000000000000, 0.000000000000000000, 0.000000000000000000 ) ) ;
#4997 = CARTESIAN_POINT ( 'NONE',  ( 0.000000000000000000, -10.80000000000000071, -9.364617092752020255 ) ) ;
#4998 = EDGE_LOOP ( 'NONE', ( #1719, #3307, #6661 ) ) ;
#4999 = VECTOR ( 'NONE', #8920, 1000.000000000000000 ) ;
#5000 = AXIS2_PLACEMENT_3D ( 'NONE', #1916, #6655, #5883 ) ;
#5001 = EDGE_CURVE ( 'NONE', #7783, #6100, #331, .T. ) ;
#5002 = FACE_BOUND ( 'NONE', #4640, .T. ) ;
#5003 = LINE ( 'NONE', #875, #5134 ) ;
#5004 = ORIENTED_EDGE ( 'NONE', *, *, #1284, .T. ) ;
#5005 = AXIS2_PLACEMENT_3D ( 'NONE', #5382, #1265, #8184 ) ;
#5006 = VECTOR ( 'NONE', #1673, 1000.000000000000114 ) ;
#5007 = ORIENTED_EDGE ( 'NONE', *, *, #5606, .T. ) ;
#5008 = CARTESIAN_POINT ( 'NONE',  ( -30.03752346684269980, 3.000000000000000000, 13.86794919243113888 ) ) ;
#5009 = CARTESIAN_POINT ( 'NONE',  ( -134.4090996541806078, -10.80000000000000071, 6.364617092752020255 ) ) ;
#5010 = ORIENTED_EDGE ( 'NONE', *, *, #5913, .F. ) ;
#5011 = CARTESIAN_POINT ( 'NONE',  ( -59.02294734194980208, -10.80000000000000071, -3.042492089611709805 ) ) ;
#5012 = VERTEX_POINT ( 'NONE', #8488 ) ;
#5013 = CARTESIAN_POINT ( 'NONE',  ( -6.545317529749079988, 10.80000000000000071, 6.364617092752020255 ) ) ;
#5014 = PLANE ( 'NONE',  #4844 ) ;
#5015 = DIRECTION ( 'NONE',  ( 0.000000000000000000, -1.000000000000000000, -1.156482317317869950E-15 ) ) ;
#5016 = VECTOR ( 'NONE', #2928, 1000.000000000000000 ) ;
#5017 = ORIENTED_EDGE ( 'NONE', *, *, #4048, .F. ) ;
#5018 = LINE ( 'NONE', #5560, #2581 ) ;
#5019 = ORIENTED_EDGE ( 'NONE', *, *, #7013, .T. ) ;
#5020 = ADVANCED_FACE ( 'NONE', ( #5769 ), #2299, .T. ) ;
#5021 = FACE_OUTER_BOUND ( 'NONE', #307, .T. ) ;
#5022 = CYLINDRICAL_SURFACE ( 'NONE', #7588, 9.900000000000000355 ) ;
#5023 = CARTESIAN_POINT ( 'NONE',  ( 15.70736835487440075, -0.8000000000000003775, 4.500000000000000000 ) ) ;
#5024 = ORIENTED_EDGE ( 'NONE', *, *, #353, .T. ) ;
#5025 = DIRECTION ( 'NONE',  ( -0.000000000000000000, 1.000000000000000000, 0.000000000000000000 ) ) ;
#5026 = ORIENTED_EDGE ( 'NONE', *, *, #6846, .F. ) ;
#5027 = ADVANCED_FACE ( 'NONE', ( #1615 ), #7841, .F. ) ;
#5028 = DIRECTION ( 'NONE',  ( 1.321694076934709909E-16, 0.000000000000000000, -1.000000000000000000 ) ) ;
#5029 = DIRECTION ( 'NONE',  ( 0.000000000000000000, 0.000000000000000000, 1.000000000000000000 ) ) ;
#5030 = VERTEX_POINT ( 'NONE', #3337 ) ;
#5031 = DIRECTION ( 'NONE',  ( 0.000000000000000000, -1.000000000000000000, 0.000000000000000000 ) ) ;
#5032 = LINE ( 'NONE', #5789, #3035 ) ;
#5033 = PLANE ( 'NONE',  #6218 ) ;
#5034 = LINE ( 'NONE', #7871, #219 ) ;
#5035 = ORIENTED_EDGE ( 'NONE', *, *, #7762, .F. ) ;
#5036 = DIRECTION ( 'NONE',  ( 1.000000000000000000, 0.000000000000000000, -2.075007502312799731E-16 ) ) ;
#5037 = CARTESIAN_POINT ( 'NONE',  ( -67.20454982708999125, -10.80000000000000071, 6.364617092752020255 ) ) ;
#5038 = FACE_OUTER_BOUND ( 'NONE', #4323, .T. ) ;
#5039 = VERTEX_POINT ( 'NONE', #381 ) ;
#5040 = EDGE_CURVE ( 'NONE', #7403, #2843, #2473, .T. ) ;
#5041 = DIRECTION ( 'NONE',  ( -1.000000000000000000, 0.000000000000000000, 0.000000000000000000 ) ) ;
#5042 = CARTESIAN_POINT ( 'NONE',  ( -168.9690996541804964, -10.80000000000000071, 6.364617092752020255 ) ) ;
#5043 = EDGE_CURVE ( 'NONE', #8891, #7707, #1252, .T. ) ;
#5044 = ORIENTED_EDGE ( 'NONE', *, *, #5498, .T. ) ;
#5045 = VECTOR ( 'NONE', #7369, 1000.000000000000000 ) ;
#5046 = EDGE_CURVE ( 'NONE', #4714, #7472, #3202, .T. ) ;
#5047 = CARTESIAN_POINT ( 'NONE',  ( -62.79117005096220083, -7.200000000000000178, -6.364617092752020255 ) ) ;
#5048 = SURFACE_SIDE_STYLE ('',( #4459 ) ) ;
#5049 = ORIENTED_EDGE ( 'NONE', *, *, #3461, .T. ) ;
#5050 = CYLINDRICAL_SURFACE ( 'NONE', #645, 9.900000000000000355 ) ;
#5051 = ORIENTED_EDGE ( 'NONE', *, *, #5091, .T. ) ;
#5052 = EDGE_CURVE ( 'NONE', #7890, #236, #5948, .T. ) ;
#5053 = AXIS2_PLACEMENT_3D ( 'NONE', #7157, #5041, #7746 ) ;
#5054 = CARTESIAN_POINT ( 'NONE',  ( -114.5999999999999943, -10.80000000000000071, -10.47867965644037902 ) ) ;
#5055 = LINE ( 'NONE', #7252, #1069 ) ;
#5056 = CARTESIAN_POINT ( 'NONE',  ( -6.545317529749079988, 10.80000000000000071, 6.364617092752020255 ) ) ;
#5057 = ORIENTED_EDGE ( 'NONE', *, *, #707, .F. ) ;
#5058 = FACE_OUTER_BOUND ( 'NONE', #6513, .T. ) ;
#5059 = VECTOR ( 'NONE', #5708, 1000.000000000000227 ) ;
#5060 = ORIENTED_EDGE ( 'NONE', *, *, #3057, .T. ) ;
#5061 = FACE_OUTER_BOUND ( 'NONE', #8706, .T. ) ;
#5062 = FACE_OUTER_BOUND ( 'NONE', #7213, .T. ) ;
#5063 = ORIENTED_EDGE ( 'NONE', *, *, #267, .T. ) ;
#5064 = EDGE_CURVE ( 'NONE', #7811, #8779, #6720, .T. ) ;
#5065 = PLANE ( 'NONE',  #649 ) ;
#5066 = VECTOR ( 'NONE', #909, 1000.000000000000000 ) ;
#5067 = ORIENTED_EDGE ( 'NONE', *, *, #6596, .T. ) ;
#5068 = CARTESIAN_POINT ( 'NONE',  ( -186.0000000000000000, -10.80000000000000071, -12.59999999999999964 ) ) ;
#5069 = ORIENTED_EDGE ( 'NONE', *, *, #5296, .F. ) ;
#5070 = VECTOR ( 'NONE', #4917, 1000.000000000000000 ) ;
#5071 = EDGE_CURVE ( 'NONE', #5503, #4145, #1844, .T. ) ;
#5072 = DIRECTION ( 'NONE',  ( 0.6613107231666243147, 0.000000000000000000, 0.7501120765757851583 ) ) ;
#5073 = PLANE ( 'NONE',  #5697 ) ;
#5074 = ORIENTED_EDGE ( 'NONE', *, *, #454, .F. ) ;
#5075 = DIRECTION ( 'NONE',  ( -1.000000000000000000, 0.000000000000000000, 3.854941057726239700E-17 ) ) ;
#5076 = FACE_OUTER_BOUND ( 'NONE', #8274, .T. ) ;
#5077 = ORIENTED_EDGE ( 'NONE', *, *, #7241, .F. ) ;
#5078 = LINE ( 'NONE', #5163, #1377 ) ;
#5079 = LINE ( 'NONE', #7743, #6443 ) ;
#5080 = ORIENTED_EDGE ( 'NONE', *, *, #7672, .F. ) ;
#5081 = DIRECTION ( 'NONE',  ( -0.8754956338961326079, 5.156001492484647477E-16, -0.4832260289231208317 ) ) ;
#5082 = FACE_BOUND ( 'NONE', #2997, .T. ) ;
#5083 = FACE_OUTER_BOUND ( 'NONE', #1122, .T. ) ;
#5084 = ORIENTED_EDGE ( 'NONE', *, *, #8275, .F. ) ;
#5085 = VERTEX_POINT ( 'NONE', #7978 ) ;
#5086 = AXIS2_PLACEMENT_3D ( 'NONE', #5453, #1379, #2022 ) ;
#5087 = EDGE_CURVE ( 'NONE', #6557, #753, #572, .T. ) ;
#5088 = DIRECTION ( 'NONE',  ( 1.000000000000000000, 0.000000000000000000, 0.000000000000000000 ) ) ;
#5089 = EDGE_LOOP ( 'NONE', ( #8714, #8089, #691 ) ) ;
#5090 = EDGE_LOOP ( 'NONE', ( #5733, #3717, #6407 ) ) ;
#5091 = EDGE_CURVE ( 'NONE', #4470, #4033, #5179, .T. ) ;
#5092 = CARTESIAN_POINT ( 'NONE',  ( 130.3799999999999955, -10.80000000000000071, 3.227411761409994639 ) ) ;
#5093 = DIRECTION ( 'NONE',  ( -0.7071067811865480168, 0.000000000000000000, -0.7071067811865470176 ) ) ;
#5094 = FACE_OUTER_BOUND ( 'NONE', #519, .T. ) ;
#5095 = EDGE_LOOP ( 'NONE', ( #8411, #422, #6314, #8743 ) ) ;
#5096 = EDGE_CURVE ( 'NONE', #8479, #8865, #8797, .T. ) ;
#5097 = DIRECTION ( 'NONE',  ( -0.8051314262087325702, 0.000000000000000000, 0.5930964394861026889 ) ) ;
#5098 = EDGE_LOOP ( 'NONE', ( #7226, #6462, #1980, #8627 ) ) ;
#5099 = DIRECTION ( 'NONE',  ( 0.000000000000000000, -1.000000000000000000, 0.000000000000000000 ) ) ;
#5100 = ORIENTED_EDGE ( 'NONE', *, *, #3560, .T. ) ;
#5101 = DIRECTION ( 'NONE',  ( 0.000000000000000000, 0.000000000000000000, 1.000000000000000000 ) ) ;
#5102 = EDGE_CURVE ( 'NONE', #1172, #6557, #4596, .T. ) ;
#5103 = FACE_OUTER_BOUND ( 'NONE', #2451, .T. ) ;
#5104 = CARTESIAN_POINT ( 'NONE',  ( -90.59545017291000590, -10.80000000000000071, -6.364617092752079763 ) ) ;
#5105 = EDGE_LOOP ( 'NONE', ( #255, #8546, #3342 ) ) ;
#5106 = LINE ( 'NONE', #4938, #5006 ) ;
#5107 = ORIENTED_EDGE ( 'NONE', *, *, #1453, .F. ) ;
#5108 = DIRECTION ( 'NONE',  ( -0.000000000000000000, 1.000000000000000000, 0.000000000000000000 ) ) ;
#5109 = ORIENTED_EDGE ( 'NONE', *, *, #7772, .F. ) ;
#5110 = VECTOR ( 'NONE', #6784, 1000.000000000000000 ) ;
#5111 = DIRECTION ( 'NONE',  ( 0.000000000000000000, 0.000000000000000000, -1.000000000000000000 ) ) ;
#5112 = LINE ( 'NONE', #2999, #3404 ) ;
#5113 = ORIENTED_EDGE ( 'NONE', *, *, #1765, .T. ) ;
#5114 = LINE ( 'NONE', #3682, #2611 ) ;
#5115 = CARTESIAN_POINT ( 'NONE',  ( -44.58442101292464343, -10.80000000000000071, -6.364617092752020255 ) ) ;
#5116 = EDGE_LOOP ( 'NONE', ( #1988, #1636, #6160, #1933 ) ) ;
#5117 = DIRECTION ( 'NONE',  ( 0.000000000000000000, 1.000000000000000000, 1.156482317317869950E-15 ) ) ;
#5118 = CARTESIAN_POINT ( 'NONE',  ( 48.35264372193709903, -10.80000000000000071, 6.364617092752020255 ) ) ;
#5119 = AXIS2_PLACEMENT_3D ( 'NONE', #5151, #3942, #8628 ) ;
#5120 = DIRECTION ( 'NONE',  ( 0.000000000000000000, -1.000000000000000000, 0.000000000000000000 ) ) ;
#5121 = EDGE_LOOP ( 'NONE', ( #5129, #7033, #4652 ) ) ;
#5122 = EDGE_CURVE ( 'NONE', #4483, #3502, #525, .T. ) ;
#5123 = CARTESIAN_POINT ( 'NONE',  ( 114.5999999999999943, -10.80000000000000071, 10.47867965644037902 ) ) ;
#5124 = VECTOR ( 'NONE', #8046, 1000.000000000000000 ) ;
#5125 = VECTOR ( 'NONE', #3860, 1000.000000000000000 ) ;
#5126 = VECTOR ( 'NONE', #8686, 1000.000000000000114 ) ;
#5127 = FACE_OUTER_BOUND ( 'NONE', #1341, .T. ) ;
#5128 = PLANE ( 'NONE',  #2970 ) ;
#5129 = ORIENTED_EDGE ( 'NONE', *, *, #2734, .T. ) ;
#5130 = LINE ( 'NONE', #4884, #925 ) ;
#5131 = ORIENTED_EDGE ( 'NONE', *, *, #4797, .F. ) ;
#5132 = EDGE_CURVE ( 'NONE', #2354, #7498, #5270, .T. ) ;
#5133 = AXIS2_PLACEMENT_3D ( 'NONE', #4481, #1177, #6511 ) ;
#5134 = VECTOR ( 'NONE', #3694, 1000.000000000000000 ) ;
#5135 = PLANE ( 'NONE',  #7222 ) ;
#5136 = ORIENTED_EDGE ( 'NONE', *, *, #145, .F. ) ;
#5137 = VERTEX_POINT ( 'NONE', #6626 ) ;
#5138 = CARTESIAN_POINT ( 'NONE',  ( 186.0000000000000000, -5.196152422706639129, -12.59999999999999964 ) ) ;
#5139 = AXIS2_PLACEMENT_3D ( 'NONE', #4563, #7901, #3212 ) ;
#5140 = AXIS2_PLACEMENT_3D ( 'NONE', #6389, #1684, #2954 ) ;
#5141 = CARTESIAN_POINT ( 'NONE',  ( -168.9690996541804964, -10.80000000000000071, 6.364617092752020255 ) ) ;
#5142 = CARTESIAN_POINT ( 'NONE',  ( 30.14589468389949900, -10.80000000000000071, -3.042492089611705364 ) ) ;
#5143 = CARTESIAN_POINT ( 'NONE',  ( 157.2854501729100036, -7.200000000000000178, 1.484009058298530137 ) ) ;
#5144 = VERTEX_POINT ( 'NONE', #5995 ) ;
#5145 = DIRECTION ( 'NONE',  ( 0.6613107231666243147, 0.000000000000000000, -0.7501120765757851583 ) ) ;
#5146 = ORIENTED_EDGE ( 'NONE', *, *, #3660, .T. ) ;
#5147 = CARTESIAN_POINT ( 'NONE',  ( -24.48514641795010149, -4.906212470271779758, -12.76739690958707918 ) ) ;
#5148 = EDGE_CURVE ( 'NONE', #3885, #1413, #8029, .T. ) ;
#5149 = FACE_OUTER_BOUND ( 'NONE', #8888, .T. ) ;
#5150 = ORIENTED_EDGE ( 'NONE', *, *, #6281, .F. ) ;
#5151 = CARTESIAN_POINT ( 'NONE',  ( -186.0000000000000000, 0.000000000000000000, 0.000000000000000000 ) ) ;
#5152 = ORIENTED_EDGE ( 'NONE', *, *, #7748, .F. ) ;
#5153 = EDGE_CURVE ( 'NONE', #6679, #8244, #8659, .T. ) ;
#5154 = DIRECTION ( 'NONE',  ( 0.000000000000000000, 1.000000000000000000, 0.000000000000000000 ) ) ;
#5155 = ORIENTED_EDGE ( 'NONE', *, *, #2289, .T. ) ;
#5156 = EDGE_CURVE ( 'NONE', #7453, #8815, #3928, .T. ) ;
#5157 = CARTESIAN_POINT ( 'NONE',  ( 195.0000000000000000, -10.80000000000000071, -12.59999999999999964 ) ) ;
#5158 = DIRECTION ( 'NONE',  ( 1.850371707708589879E-16, 0.000000000000000000, -1.000000000000000000 ) ) ;
#5159 = VERTEX_POINT ( 'NONE', #4689 ) ;
#5160 = CARTESIAN_POINT ( 'NONE',  ( -117.5999999999999943, -10.80000000000000071, -15.59999999999999964 ) ) ;
#5161 = LINE ( 'NONE', #4669, #2401 ) ;
#5162 = ORIENTED_EDGE ( 'NONE', *, *, #1570, .T. ) ;
#5163 = CARTESIAN_POINT ( 'NONE',  ( 133.3799999999999955, -10.80000000000000071, -6.364617092752079763 ) ) ;
#5164 = CARTESIAN_POINT ( 'NONE',  ( 80.98917581270220012, -10.80000000000000071, 23.13214453085769762 ) ) ;
#5165 = PLANE ( 'NONE',  #1386 ) ;
#5166 = ORIENTED_EDGE ( 'NONE', *, *, #1489, .T. ) ;
#5167 = CARTESIAN_POINT ( 'NONE',  ( 0.000000000000000000, 0.000000000000000000, -45.00000000000000000 ) ) ;
#5168 = LINE ( 'NONE', #3820, #5487 ) ;
#5169 = AXIS2_PLACEMENT_3D ( 'NONE', #2811, #6329, #4841 ) ;
#5170 = PLANE ( 'NONE',  #7282 ) ;
#5171 = VERTEX_POINT ( 'NONE', #2612 ) ;
#5172 = CARTESIAN_POINT ( 'NONE',  ( -81.11132150785800832, -7.200000000000000178, -1.789984670366719932 ) ) ;
#5173 = ORIENTED_EDGE ( 'NONE', *, *, #8360, .F. ) ;
#5174 = EDGE_CURVE ( 'NONE', #1449, #1708, #6675, .T. ) ;
#5175 = DIRECTION ( 'NONE',  ( -1.000000000000000000, 0.000000000000000000, 9.472892701579828520E-18 ) ) ;
#5176 = ORIENTED_EDGE ( 'NONE', *, *, #6905, .F. ) ;
#5177 = EDGE_LOOP ( 'NONE', ( #8049, #4044, #2478, #1334 ) ) ;
#5178 = EDGE_CURVE ( 'NONE', #2729, #330, #1934, .T. ) ;
#5179 = LINE ( 'NONE', #2516, #6064 ) ;
#5180 = VECTOR ( 'NONE', #7413, 1000.000000000000000 ) ;
#5181 = DIRECTION ( 'NONE',  ( 0.000000000000000000, -1.000000000000000000, 0.000000000000000000 ) ) ;
#5182 = DIRECTION ( 'NONE',  ( 1.000000000000000000, 0.000000000000000000, 0.000000000000000000 ) ) ;
#5183 = CARTESIAN_POINT ( 'NONE',  ( -176.4375234668430039, 10.80000000000000071, -7.864617092751839955 ) ) ;
#5184 = EDGE_LOOP ( 'NONE', ( #3186, #3908, #2339 ) ) ;
#5185 = CARTESIAN_POINT ( 'NONE',  ( -186.0000000000000000, -10.80000000000000071, 12.59999999999999964 ) ) ;
#5186 = ORIENTED_EDGE ( 'NONE', *, *, #7789, .T. ) ;
#5187 = CARTESIAN_POINT ( 'NONE',  ( 15.70736835487440075, -0.8000000000000003775, 4.500000000000000000 ) ) ;
#5188 = VECTOR ( 'NONE', #1337, 1000.000000000000000 ) ;
#5189 = CARTESIAN_POINT ( 'NONE',  ( -26.10000000000000142, 10.80000000000000071, -3.391328741992555074 ) ) ;
#5190 = PLANE ( 'NONE',  #5711 ) ;
#5191 = CARTESIAN_POINT ( 'NONE',  ( 129.4909129263288037, -10.80000000000000071, 6.364617092752020255 ) ) ;
#5192 = VERTEX_POINT ( 'NONE', #4643 ) ;
#5193 = CARTESIAN_POINT ( 'NONE',  ( -76.01345036415898448, -7.200000000000000178, 7.433890227642059756 ) ) ;
#5194 = ORIENTED_EDGE ( 'NONE', *, *, #5977, .T. ) ;
#5195 = VECTOR ( 'NONE', #4645, 1000.000000000000000 ) ;
#5196 = EDGE_CURVE ( 'NONE', #4686, #8127, #7436, .T. ) ;
#5197 = CARTESIAN_POINT ( 'NONE',  ( -3.000000000000000000, 10.80000000000000071, -6.364617092752020255 ) ) ;
#5198 = VECTOR ( 'NONE', #6323, 1000.000000000000227 ) ;
#5199 = EDGE_CURVE ( 'NONE', #8035, #6399, #4024, .T. ) ;
#5200 = LINE ( 'NONE', #1768, #3558 ) ;
#5201 = CARTESIAN_POINT ( 'NONE',  ( -23.09999999999999787, 10.80000000000000071, 6.364617092752020255 ) ) ;
#5202 = ORIENTED_EDGE ( 'NONE', *, *, #892, .F. ) ;
#5203 = CARTESIAN_POINT ( 'NONE',  ( 28.14531752974910006, 10.80000000000000071, -6.364617092752020255 ) ) ;
#5204 = DIRECTION ( 'NONE',  ( 0.8615268990046549558, 5.417265015047519480E-16, -0.5077119284509898911 ) ) ;
#5205 = ORIENTED_EDGE ( 'NONE', *, *, #5153, .T. ) ;
#5206 = CARTESIAN_POINT ( 'NONE',  ( -167.9399999999999977, -7.200000000000000178, -6.364617092752020255 ) ) ;
#5207 = LINE ( 'NONE', #5164, #2045 ) ;
#5208 = EDGE_CURVE ( 'NONE', #6332, #4633, #4158, .T. ) ;
#5209 = VECTOR ( 'NONE', #6346, 1000.000000000000114 ) ;
#5210 = DIRECTION ( 'NONE',  ( 1.000000000000000000, 0.000000000000000000, 2.368081386566879965E-16 ) ) ;
#5211 = EDGE_LOOP ( 'NONE', ( #497, #8914, #2119, #2334 ) ) ;
#5213 = EDGE_CURVE ( 'NONE', #6774, #2312, #3379, .T. ) ;
#5212 = DIRECTION ( 'NONE',  ( 0.000000000000000000, 0.000000000000000000, 1.000000000000000000 ) ) ;
#5214 = FACE_BOUND ( 'NONE', #3745, .T. ) ;
#5215 = VECTOR ( 'NONE', #4377, 1000.000000000000000 ) ;
#5216 = DIRECTION ( 'NONE',  ( -0.000000000000000000, 1.000000000000000000, 0.000000000000000000 ) ) ;
#5217 = EDGE_LOOP ( 'NONE', ( #357, #7351, #5353, #5975 ) ) ;
#5218 = DIRECTION ( 'NONE',  ( -0.7071067811865470176, 0.000000000000000000, -0.7071067811865480168 ) ) ;
#5219 = EDGE_LOOP ( 'NONE', ( #1178, #8267, #1866, #5173 ) ) ;
#5220 = ORIENTED_EDGE ( 'NONE', *, *, #5457, .T. ) ;
#5221 = CARTESIAN_POINT ( 'NONE',  ( -24.81074287389320077, -7.200000000000000178, 1.661062501570164995 ) ) ;
#5222 = VERTEX_POINT ( 'NONE', #2749 ) ;
#5223 = ORIENTED_EDGE ( 'NONE', *, *, #6808, .F. ) ;
#5224 = EDGE_CURVE ( 'NONE', #361, #1967, #8652, .T. ) ;
#5225 = DIRECTION ( 'NONE',  ( 0.000000000000000000, 1.000000000000000000, 0.000000000000000000 ) ) ;
#5226 = DIRECTION ( 'NONE',  ( 0.000000000000000000, -1.000000000000000000, -1.156482317317869950E-15 ) ) ;
#5227 = DIRECTION ( 'NONE',  ( 0.000000000000000000, -1.000000000000000000, -1.156482317317869950E-15 ) ) ;
#5228 = DIRECTION ( 'NONE',  ( 0.000000000000000000, 1.000000000000000000, 0.000000000000000000 ) ) ;
#5229 = VERTEX_POINT ( 'NONE', #6179 ) ;
#5230 = CARTESIAN_POINT ( 'NONE',  ( 62.02294734195000103, -7.200000000000000178, -6.364617092752020255 ) ) ;
#5231 = VERTEX_POINT ( 'NONE', #6129 ) ;
#5232 = CARTESIAN_POINT ( 'NONE',  ( -154.8750469336854962, 7.200000000000000178, 6.364617092752020255 ) ) ;
#5233 = EDGE_CURVE ( 'NONE', #1439, #6182, #5541, .T. ) ;
#5234 = DIRECTION ( 'NONE',  ( 0.000000000000000000, 0.000000000000000000, 1.000000000000000000 ) ) ;
#5235 = LINE ( 'NONE', #5104, #1391 ) ;
#5236 = ORIENTED_EDGE ( 'NONE', *, *, #4023, .F. ) ;
#5237 = LINE ( 'NONE', #3853, #6709 ) ;
#5238 = ORIENTED_EDGE ( 'NONE', *, *, #7812, .T. ) ;
#5239 = EDGE_CURVE ( 'NONE', #711, #7523, #746, .T. ) ;
#5240 = DIRECTION ( 'NONE',  ( 0.000000000000000000, 0.000000000000000000, -1.000000000000000000 ) ) ;
#5241 = CARTESIAN_POINT ( 'NONE',  ( 33.14589468389949900, -7.200000000000000178, -3.042492089611705364 ) ) ;
#5242 = DIRECTION ( 'NONE',  ( 0.000000000000000000, 0.000000000000000000, -1.000000000000000000 ) ) ;
#5243 = VERTEX_POINT ( 'NONE', #7567 ) ;
#5244 = EDGE_CURVE ( 'NONE', #2043, #3378, #8299, .T. ) ;
#5245 = CYLINDRICAL_SURFACE ( 'NONE', #2760, 8.699999999999999289 ) ;
#5246 = PLANE ( 'NONE',  #518 ) ;
#5247 = ORIENTED_EDGE ( 'NONE', *, *, #3291, .F. ) ;
#5248 = CARTESIAN_POINT ( 'NONE',  ( -46.19999999999999574, 10.80000000000000071, -6.364617092752020255 ) ) ;
#5249 = DIRECTION ( 'NONE',  ( 0.000000000000000000, -1.000000000000000000, -1.156482317317872119E-15 ) ) ;
#5250 = PLANE ( 'NONE',  #7724 ) ;
#5251 = AXIS2_PLACEMENT_3D ( 'NONE', #8039, #6598, #8130 ) ;
#5252 = VERTEX_POINT ( 'NONE', #5499 ) ;
#5253 = DIRECTION ( 'NONE',  ( 0.000000000000000000, 1.000000000000000000, 0.000000000000000000 ) ) ;
#5254 = FACE_OUTER_BOUND ( 'NONE', #1774, .T. ) ;
#5255 = EDGE_CURVE ( 'NONE', #465, #3818, #2706, .T. ) ;
#5256 = EDGE_CURVE ( 'NONE', #6811, #2097, #8894, .T. ) ;
#5257 = CARTESIAN_POINT ( 'NONE',  ( 39.24926920291829902, -7.200000000000000178, -1.661062501570174987 ) ) ;
#5258 = ORIENTED_EDGE ( 'NONE', *, *, #1736, .T. ) ;
#5259 = VECTOR ( 'NONE', #1859, 1000.000000000000227 ) ;
#5260 = DIRECTION ( 'NONE',  ( 0.000000000000000000, 1.000000000000000000, 0.000000000000000000 ) ) ;
#5261 = VERTEX_POINT ( 'NONE', #4869 ) ;
#5262 = ORIENTED_EDGE ( 'NONE', *, *, #4430, .T. ) ;
#5263 = FACE_OUTER_BOUND ( 'NONE', #2093, .T. ) ;
#5264 = VERTEX_POINT ( 'NONE', #1982 ) ;
#5265 = ADVANCED_FACE ( 'NONE', ( #702 ), #7659, .T. ) ;
#5266 = AXIS2_PLACEMENT_3D ( 'NONE', #29, #6320, #1573 ) ;
#5267 = VECTOR ( 'NONE', #449, 1000.000000000000000 ) ;
#5268 = ORIENTED_EDGE ( 'NONE', *, *, #4351, .T. ) ;
#5269 = AXIS2_PLACEMENT_3D ( 'NONE', #3470, #4904, #7654 ) ;
#5270 = LINE ( 'NONE', #1750, #5340 ) ;
#5271 = EDGE_CURVE ( 'NONE', #6354, #8127, #6223, .T. ) ;
#5272 = CARTESIAN_POINT ( 'NONE',  ( -147.6600000000000250, -7.200000000000000178, -6.364617092752020255 ) ) ;
#5273 = CARTESIAN_POINT ( 'NONE',  ( -48.35264372193709903, -10.80000000000000071, 6.364617092752020255 ) ) ;
#5274 = CIRCLE ( 'NONE', #8889, 9.900000000000000355 ) ;
#5275 = AXIS2_PLACEMENT_3D ( 'NONE', #5672, #7834, #7199 ) ;
#5276 = VERTEX_POINT ( 'NONE', #7617 ) ;
#5277 = AXIS2_PLACEMENT_3D ( 'NONE', #3211, #7355, #2666 ) ;
#5278 = DIRECTION ( 'NONE',  ( 1.000000000000000000, 0.000000000000000000, -7.709882115452469538E-17 ) ) ;
#5279 = ORIENTED_EDGE ( 'NONE', *, *, #4698, .T. ) ;
#5280 = CARTESIAN_POINT ( 'NONE',  ( -58.25472463293730385, -7.200000000000000178, -6.364617092752020255 ) ) ;
#5281 = ORIENTED_EDGE ( 'NONE', *, *, #7664, .F. ) ;
#5282 = LINE ( 'NONE', #1942, #2961 ) ;
#5283 = VECTOR ( 'NONE', #5820, 1000.000000000000000 ) ;
#5284 = VECTOR ( 'NONE', #1039, 1000.000000000000000 ) ;
#5285 = FACE_BOUND ( 'NONE', #6210, .T. ) ;
#5286 = VECTOR ( 'NONE', #4237, 1000.000000000000114 ) ;
#5287 = DIRECTION ( 'NONE',  ( -1.000000000000000000, 0.000000000000000000, 0.000000000000000000 ) ) ;
#5288 = VERTEX_POINT ( 'NONE', #2026 ) ;
#5289 = CARTESIAN_POINT ( 'NONE',  ( -43.81619830391214521, -10.80000000000000071, 6.364617092752020255 ) ) ;
#5290 = ORIENTED_EDGE ( 'NONE', *, *, #2939, .T. ) ;
#5291 = EDGE_CURVE ( 'NONE', #2312, #6836, #4199, .T. ) ;
#5292 = ORIENTED_EDGE ( 'NONE', *, *, #6175, .T. ) ;
#5293 = DIRECTION ( 'NONE',  ( -4.186481637889450612E-15, 1.066995812285799955E-15, -1.000000000000000000 ) ) ;
#5294 = FACE_OUTER_BOUND ( 'NONE', #1567, .T. ) ;
#5296 = EDGE_CURVE ( 'NONE', #8001, #6038, #4778, .T. ) ;
#5295 = CARTESIAN_POINT ( 'NONE',  ( 102.0000000000000000, -6.000000000000000000, 1.665334536937735008E-15 ) ) ;
#5297 = ORIENTED_EDGE ( 'NONE', *, *, #8091, .F. ) ;
#5298 = CARTESIAN_POINT ( 'NONE',  ( 85.76116934474099196, -10.80000000000000071, -6.364617092752079763 ) ) ;
#5299 = DIRECTION ( 'NONE',  ( 7.709882115452469538E-17, 0.000000000000000000, -1.000000000000000000 ) ) ;
#5300 = EDGE_LOOP ( 'NONE', ( #5113, #4752, #2304, #3959 ) ) ;
#5301 = LINE ( 'NONE', #1041, #2109 ) ;
#5302 = LINE ( 'NONE', #8055, #6085 ) ;
#5303 = DIRECTION ( 'NONE',  ( -0.7783304170275797684, 0.000000000000000000, -0.6278548892297277639 ) ) ;
#5304 = EDGE_LOOP ( 'NONE', ( #1299, #8276, #8328, #5010, #2367, #8558, #2356, #4157, #2426, #2759, #5395, #244, #8087, #3538, #7886, #8186, #7045, #6939 ) ) ;
#5305 = ADVANCED_FACE ( 'NONE', ( #4735 ), #8346, .T. ) ;
#5306 = FACE_OUTER_BOUND ( 'NONE', #2642, .T. ) ;
#5307 = FACE_BOUND ( 'NONE', #2074, .T. ) ;
#5308 = FACE_OUTER_BOUND ( 'NONE', #957, .T. ) ;
#5309 = ORIENTED_EDGE ( 'NONE', *, *, #3732, .F. ) ;
#5310 = DIRECTION ( 'NONE',  ( 0.8051314262087325702, 0.000000000000000000, 0.5930964394861026889 ) ) ;
#5311 = ORIENTED_EDGE ( 'NONE', *, *, #7538, .F. ) ;
#5312 = FACE_OUTER_BOUND ( 'NONE', #410, .T. ) ;
#5313 = ORIENTED_EDGE ( 'NONE', *, *, #2303, .T. ) ;
#5314 = CARTESIAN_POINT ( 'NONE',  ( -86.40000000000000568, -7.200000000000000178, 9.364617092752020255 ) ) ;
#5315 = ORIENTED_EDGE ( 'NONE', *, *, #8181, .T. ) ;
#5316 = EDGE_CURVE ( 'NONE', #1111, #3920, #4240, .T. ) ;
#5317 = VERTEX_POINT ( 'NONE', #6310 ) ;
#5318 = VECTOR ( 'NONE', #166, 1000.000000000000000 ) ;
#5319 = PLANE ( 'NONE',  #3598 ) ;
#5320 = CARTESIAN_POINT ( 'NONE',  ( -133.3799999999999955, -10.80000000000000071, 1.499999999999988010 ) ) ;
#5321 = EDGE_CURVE ( 'NONE', #7544, #2986, #2655, .T. ) ;
#5322 = DIRECTION ( 'NONE',  ( 0.000000000000000000, -1.000000000000000000, -1.156482317317869950E-15 ) ) ;
#5323 = CARTESIAN_POINT ( 'NONE',  ( -73.46147367097499625, -7.200000000000000178, 6.364617092752020255 ) ) ;
#5324 = EDGE_CURVE ( 'NONE', #5445, #3153, #6807, .T. ) ;
#5325 = ORIENTED_EDGE ( 'NONE', *, *, #5540, .F. ) ;
#5326 = PLANE ( 'NONE',  #3927 ) ;
#5327 = VERTEX_POINT ( 'NONE', #658 ) ;
#5328 = LINE ( 'NONE', #2714, #8191 ) ;
#5329 = ORIENTED_EDGE ( 'NONE', *, *, #5335, .T. ) ;
#5330 = CARTESIAN_POINT ( 'NONE',  ( -30.14589468389949900, -10.80000000000000071, 6.364617092752020255 ) ) ;
#5331 = ADVANCED_FACE ( 'NONE', ( #4321 ), #5718, .T. ) ;
#5332 = VERTEX_POINT ( 'NONE', #3648 ) ;
#5333 = CARTESIAN_POINT ( 'NONE',  ( -33.14589468389949900, -10.80000000000000071, -3.042492089611705364 ) ) ;
#5334 = DIRECTION ( 'NONE',  ( 1.000000000000000000, 0.000000000000000000, 9.472892701579828520E-18 ) ) ;
#5335 = EDGE_CURVE ( 'NONE', #1191, #2354, #3737, .T. ) ;
#5336 = ORIENTED_EDGE ( 'NONE', *, *, #5971, .T. ) ;
#5337 = DIRECTION ( 'NONE',  ( -0.7128487565933357972, 0.000000000000000000, 0.7013177954560507743 ) ) ;
#5338 = VERTEX_POINT ( 'NONE', #239 ) ;
#5339 = ORIENTED_EDGE ( 'NONE', *, *, #1781, .F. ) ;
#5340 = VECTOR ( 'NONE', #7251, 1000.000000000000000 ) ;
#5341 = DIRECTION ( 'NONE',  ( -2.018443830920939658E-16, 0.000000000000000000, 1.000000000000000000 ) ) ;
#5342 = DIRECTION ( 'NONE',  ( 0.000000000000000000, -1.066995812285799955E-15, 1.000000000000000000 ) ) ;
#5343 = EDGE_CURVE ( 'NONE', #1798, #4733, #6352, .T. ) ;
#5344 = VECTOR ( 'NONE', #4819, 1000.000000000000114 ) ;
#5345 = PLANE ( 'NONE',  #1533 ) ;
#5346 = EDGE_LOOP ( 'NONE', ( #107, #1587, #7103, #3672 ) ) ;
#5347 = CARTESIAN_POINT ( 'NONE',  ( 133.3799999999999955, -10.80000000000000071, 3.396598976154959537 ) ) ;
#5348 = FACE_OUTER_BOUND ( 'NONE', #5404, .T. ) ;
#5349 = ORIENTED_EDGE ( 'NONE', *, *, #3697, .F. ) ;
#5350 = CARTESIAN_POINT ( 'NONE',  ( 96.75381916417079253, -10.80000000000000071, 34.10320989820220206 ) ) ;
#5351 = CARTESIAN_POINT ( 'NONE',  ( -102.0000000000000000, -7.200000000000000178, -2.121320343559629951 ) ) ;
#5352 = CARTESIAN_POINT ( 'NONE',  ( 0.000000000000000000, 1.351735180736268092E-14, -15.59999999999999964 ) ) ;
#5353 = ORIENTED_EDGE ( 'NONE', *, *, #6262, .F. ) ;
#5354 = VECTOR ( 'NONE', #3204, 1000.000000000000000 ) ;
#5355 = EDGE_CURVE ( 'NONE', #3378, #7606, #1518, .T. ) ;
#5356 = CARTESIAN_POINT ( 'NONE',  ( 48.35264372193709903, -7.200000000000000178, 6.364617092752020255 ) ) ;
#5357 = LINE ( 'NONE', #8739, #8515 ) ;
#5358 = CARTESIAN_POINT ( 'NONE',  ( -204.0000000000000000, -8.699999999999999289, -1.065442715258197248E-15 ) ) ;
#5359 = ORIENTED_EDGE ( 'NONE', *, *, #2013, .T. ) ;
#5360 = CARTESIAN_POINT ( 'NONE',  ( -9.000000000000000000, 0.000000000000000000, -36.00000000000000000 ) ) ;
#5361 = ORIENTED_EDGE ( 'NONE', *, *, #3727, .T. ) ;
#5362 = VECTOR ( 'NONE', #2032, 1000.000000000000000 ) ;
#5363 = ORIENTED_EDGE ( 'NONE', *, *, #4817, .F. ) ;
#5364 = DIRECTION ( 'NONE',  ( 0.7071067811865470176, 0.000000000000000000, 0.7071067811865480168 ) ) ;
#5365 = ORIENTED_EDGE ( 'NONE', *, *, #2850, .F. ) ;
#5366 = EDGE_CURVE ( 'NONE', #3646, #469, #2964, .T. ) ;
#5367 = ORIENTED_EDGE ( 'NONE', *, *, #1274, .F. ) ;
#5368 = VECTOR ( 'NONE', #5097, 1000.000000000000227 ) ;
#5369 = CARTESIAN_POINT ( 'NONE',  ( 104.1213203435598018, -10.80000000000000071, 9.992007221626378887E-15 ) ) ;
#5370 = CARTESIAN_POINT ( 'NONE',  ( 166.4399999999999977, -7.200000000000000178, 8.227666964079659806 ) ) ;
#5371 = DIRECTION ( 'NONE',  ( 0.7501120765757856024, 0.000000000000000000, 0.6613107231666237595 ) ) ;
#5372 = CARTESIAN_POINT ( 'NONE',  ( 115.6606601717795968, -7.200000000000000178, 11.53933982822021953 ) ) ;
#5373 = ADVANCED_FACE ( 'NONE', ( #1007 ), #6480, .F. ) ;
#5374 = EDGE_LOOP ( 'NONE', ( #7260, #6008, #5077 ) ) ;
#5375 = CARTESIAN_POINT ( 'NONE',  ( -147.6600000000000250, -10.80000000000000071, 6.364617092752020255 ) ) ;
#5376 = VERTEX_POINT ( 'NONE', #3602 ) ;
#5377 = LINE ( 'NONE', #8036, #93 ) ;
#5378 = ORIENTED_EDGE ( 'NONE', *, *, #4376, .T. ) ;
#5379 = DIRECTION ( 'NONE',  ( 1.000000000000000000, 0.000000000000000000, 0.000000000000000000 ) ) ;
#5380 = ORIENTED_EDGE ( 'NONE', *, *, #2280, .F. ) ;
#5381 = PLANE ( 'NONE',  #5277 ) ;
#5382 = CARTESIAN_POINT ( 'NONE',  ( -58.25472463293730385, -10.80000000000000071, -6.364617092752020255 ) ) ;
#5383 = ORIENTED_EDGE ( 'NONE', *, *, #3770, .F. ) ;
#5384 = EDGE_CURVE ( 'NONE', #3515, #2533, #148, .T. ) ;
#5385 = LINE ( 'NONE', #5471, #6137 ) ;
#5386 = ORIENTED_EDGE ( 'NONE', *, *, #5913, .T. ) ;
#5387 = ORIENTED_EDGE ( 'NONE', *, *, #7585, .T. ) ;
#5388 = LINE ( 'NONE', #8137, #1523 ) ;
#5389 = LINE ( 'NONE', #3313, #6997 ) ;
#5390 = EDGE_CURVE ( 'NONE', #3977, #3898, #7790, .T. ) ;
#5391 = CARTESIAN_POINT ( 'NONE',  ( -47.58442101292460080, -10.80000000000000071, 3.042492089611689821 ) ) ;
#5392 = ORIENTED_EDGE ( 'NONE', *, *, #1593, .F. ) ;
#5393 = DIRECTION ( 'NONE',  ( 0.000000000000000000, -0.8660254037844383745, -0.5000000000000003331 ) ) ;
#5394 = LINE ( 'NONE', #3501, #1247 ) ;
#5395 = ORIENTED_EDGE ( 'NONE', *, *, #3697, .T. ) ;
#5396 = DIRECTION ( 'NONE',  ( -2.018443830920939658E-16, 0.000000000000000000, 1.000000000000000000 ) ) ;
#5397 = DIRECTION ( 'NONE',  ( 0.7501120765757850473, 0.000000000000000000, -0.6613107231666242036 ) ) ;
#5398 = VERTEX_POINT ( 'NONE', #7198 ) ;
#5399 = DIRECTION ( 'NONE',  ( -0.8051314262087321261, 0.000000000000000000, -0.5930964394861030220 ) ) ;
#5400 = FACE_OUTER_BOUND ( 'NONE', #3331, .T. ) ;
#5401 = CARTESIAN_POINT ( 'NONE',  ( -114.5999999999999943, -10.80000000000000071, -10.47867965644037902 ) ) ;
#5402 = ORIENTED_EDGE ( 'NONE', *, *, #7128, .F. ) ;
#5403 = LINE ( 'NONE', #1835, #7277 ) ;
#5404 = EDGE_LOOP ( 'NONE', ( #7223, #396, #3116 ) ) ;
#5405 = EDGE_CURVE ( 'NONE', #8603, #8469, #1604, .T. ) ;
#5406 = CARTESIAN_POINT ( 'NONE',  ( 59.02294734194980208, -10.80000000000000071, -3.042492089611709805 ) ) ;
#5407 = VERTEX_POINT ( 'NONE', #5631 ) ;
#5408 = ORIENTED_EDGE ( 'NONE', *, *, #4282, .T. ) ;
#5409 = CARTESIAN_POINT ( 'NONE',  ( -88.33933982822040321, -7.200000000000000178, 11.53933982822021953 ) ) ;
#5410 = DIRECTION ( 'NONE',  ( 0.000000000000000000, -1.000000000000000000, 0.000000000000000000 ) ) ;
#5411 = PLANE ( 'NONE',  #6795 ) ;
#5412 = EDGE_CURVE ( 'NONE', #1981, #8237, #5671, .T. ) ;
#5413 = EDGE_LOOP ( 'NONE', ( #8340, #429, #8404, #2200 ) ) ;
#5414 = AXIS2_PLACEMENT_3D ( 'NONE', #8593, #1723, #7955 ) ;
#5415 = ORIENTED_EDGE ( 'NONE', *, *, #6500, .T. ) ;
#5416 = DIRECTION ( 'NONE',  ( 0.000000000000000000, 1.000000000000000000, 0.000000000000000000 ) ) ;
#5417 = VECTOR ( 'NONE', #2136, 1000.000000000000000 ) ;
#5418 = EDGE_LOOP ( 'NONE', ( #3730, #7487, #7397, #3822 ) ) ;
#5419 = DIRECTION ( 'NONE',  ( -8.540177112501275382E-16, 0.8660254037844383745, 0.5000000000000003331 ) ) ;
#5420 = EDGE_LOOP ( 'NONE', ( #3943, #1286, #6014 ) ) ;
#5421 = FACE_BOUND ( 'NONE', #1384, .T. ) ;
#5422 = VECTOR ( 'NONE', #5293, 1000.000000000000000 ) ;
#5423 = AXIS2_PLACEMENT_3D ( 'NONE', #8647, #4678, #7334 ) ;
#5424 = DIRECTION ( 'NONE',  ( 7.709882115452469538E-17, 1.156482317317869950E-15, -1.000000000000000000 ) ) ;
#5425 = VECTOR ( 'NONE', #7971, 1000.000000000000000 ) ;
#5426 = FACE_OUTER_BOUND ( 'NONE', #6951, .T. ) ;
#5427 = CARTESIAN_POINT ( 'NONE',  ( 176.4375234668430039, 10.80000000000000071, -6.364617092752020255 ) ) ;
#5428 = ORIENTED_EDGE ( 'NONE', *, *, #7080, .T. ) ;
#5429 = ORIENTED_EDGE ( 'NONE', *, *, #4411, .T. ) ;
#5430 = PLANE ( 'NONE',  #4405 ) ;
#5431 = AXIS2_PLACEMENT_3D ( 'NONE', #5965, #4521, #308 ) ;
#5432 = VECTOR ( 'NONE', #4769, 1000.000000000000000 ) ;
#5433 = CARTESIAN_POINT ( 'NONE',  ( -77.10030432623400998, -10.80000000000000071, 6.364617092752020255 ) ) ;
#5434 = ADVANCED_FACE ( 'NONE', ( #5127, #5002 ), #278, .T. ) ;
#5435 = DIRECTION ( 'NONE',  ( 0.000000000000000000, 1.000000000000000000, 0.000000000000000000 ) ) ;
#5437 = ORIENTED_EDGE ( 'NONE', *, *, #1771, .T. ) ;
#5436 = VECTOR ( 'NONE', #6244, 1000.000000000000114 ) ;
#5438 = CIRCLE ( 'NONE', #4285, 8.699999999999999289 ) ;
#5439 = CARTESIAN_POINT ( 'NONE',  ( -28.14531752974910006, 10.80000000000000071, -6.364617092752020255 ) ) ;
#5440 = CARTESIAN_POINT ( 'NONE',  ( 18.70736835487440075, -10.80000000000000071, 3.042492089611689821 ) ) ;
#5441 = VERTEX_POINT ( 'NONE', #2370 ) ;
#5442 = ADVANCED_FACE ( 'NONE', ( #7108, #913, #1643, #3693, #7029, #8518, #2330, #2880, #5082, #8386, #2245, #4408, #7881, #1692, #4453, #7698, #3781, #832, #6032, #4677, #1832, #1097, #5214, #8693, #3145, #5307, #6616, #1189, #5938, #8607, #4496, #7423, #7968, #8061, #3189, #3962, #7378, #6523, #1877, #3096, #1780, #4631, #5844, #6570, #6706, #2505, #413, #5254 ), #511, .T. ) ;
#5443 = CARTESIAN_POINT ( 'NONE',  ( 46.19999999999999574, 10.80000000000000071, -6.364617092752020255 ) ) ;
#5444 = DIRECTION ( 'NONE',  ( 0.000000000000000000, 1.000000000000000000, 0.000000000000000000 ) ) ;
#5445 = VERTEX_POINT ( 'NONE', #8786 ) ;
#5446 = EDGE_CURVE ( 'NONE', #630, #7707, #4585, .T. ) ;
#5447 = FACE_OUTER_BOUND ( 'NONE', #1417, .T. ) ;
#5448 = PLANE ( 'NONE',  #7500 ) ;
#5449 = DIRECTION ( 'NONE',  ( 0.000000000000000000, 1.000000000000000000, 0.000000000000000000 ) ) ;
#5450 = ORIENTED_EDGE ( 'NONE', *, *, #3016, .F. ) ;
#5451 = PLANE ( 'NONE',  #4702 ) ;
#5452 = MECHANICAL_DESIGN_GEOMETRIC_PRESENTATION_REPRESENTATION (  '', ( #4298 ), #4730 ) ;
#5453 = CARTESIAN_POINT ( 'NONE',  ( 44.58442101292464343, -10.80000000000000071, -6.364617092752020255 ) ) ;
#5454 = ORIENTED_EDGE ( 'NONE', *, *, #408, .T. ) ;
#5455 = ORIENTED_EDGE ( 'NONE', *, *, #5199, .T. ) ;
#5456 = CARTESIAN_POINT ( 'NONE',  ( 182.2199999999999989, -10.80000000000000071, 7.864617092752020255 ) ) ;
#5457 = EDGE_CURVE ( 'NONE', #836, #4052, #8014, .T. ) ;
#5458 = LINE ( 'NONE', #1339, #8316 ) ;
#5459 = DIRECTION ( 'NONE',  ( -1.569930614208549994E-15, 0.000000000000000000, 1.000000000000000000 ) ) ;
#5460 = VERTEX_POINT ( 'NONE', #2600 ) ;
#5461 = PLANE ( 'NONE',  #8536 ) ;
#5462 = DIRECTION ( 'NONE',  ( -1.000000000000000000, 7.781765623811068613E-17, 0.000000000000000000 ) ) ;
#5463 = DIRECTION ( 'NONE',  ( 0.000000000000000000, 1.000000000000000000, 0.000000000000000000 ) ) ;
#5464 = EDGE_LOOP ( 'NONE', ( #8873, #7077, #7174, #5392 ) ) ;
#5465 = CARTESIAN_POINT ( 'NONE',  ( 59.02294734194980208, -7.200000000000000178, -6.364617092752020255 ) ) ;
#5466 = ORIENTED_EDGE ( 'NONE', *, *, #8922, .F. ) ;
#5467 = EDGE_CURVE ( 'NONE', #8599, #7890, #5168, .T. ) ;
#5468 = CARTESIAN_POINT ( 'NONE',  ( 31.01147367097489749, -10.80000000000000071, 6.364617092752020255 ) ) ;
#5469 = DIRECTION ( 'NONE',  ( -7.113305415238639742E-16, 0.000000000000000000, -1.000000000000000000 ) ) ;
#5470 = CARTESIAN_POINT ( 'NONE',  ( 130.3799999999999955, -7.200000000000000178, 6.364617092752020255 ) ) ;
#5471 = CARTESIAN_POINT ( 'NONE',  ( -31.64589468389949900, -7.200000000000000178, -6.364617092752020255 ) ) ;
#5472 = ORIENTED_EDGE ( 'NONE', *, *, #1274, .T. ) ;
#5473 = ORIENTED_EDGE ( 'NONE', *, *, #2075, .F. ) ;
#5474 = PLANE ( 'NONE',  #4843 ) ;
#5475 = FACE_OUTER_BOUND ( 'NONE', #7159, .T. ) ;
#5476 = LINE ( 'NONE', #6923, #5436 ) ;
#5477 = EDGE_LOOP ( 'NONE', ( #532, #1538, #7149, #7727 ) ) ;
#5478 = CARTESIAN_POINT ( 'NONE',  ( -18.00000000000000000, 0.000000000000000000, -36.00000000000000000 ) ) ;
#5479 = VECTOR ( 'NONE', #2005, 1000.000000000000000 ) ;
#5480 = PLANE ( 'NONE',  #812 ) ;
#5481 = ORIENTED_EDGE ( 'NONE', *, *, #8091, .T. ) ;
#5482 = EDGE_CURVE ( 'NONE', #1151, #564, #5357, .T. ) ;
#5483 = DIRECTION ( 'NONE',  ( 0.000000000000000000, 0.000000000000000000, -1.000000000000000000 ) ) ;
#5484 = CARTESIAN_POINT ( 'NONE',  ( -182.2199999999999989, -10.80000000000000071, -3.396598976154979965 ) ) ;
#5485 = ORIENTED_EDGE ( 'NONE', *, *, #3507, .T. ) ;
#5486 = EDGE_CURVE ( 'NONE', #299, #6887, #1141, .T. ) ;
#5487 = VECTOR ( 'NONE', #7333, 1000.000000000000000 ) ;
#5488 = CARTESIAN_POINT ( 'NONE',  ( -163.9109003458194707, -7.200000000000000178, 6.364617092752020255 ) ) ;
#5489 = DIRECTION ( 'NONE',  ( -1.000000000000000000, 1.348330351782639975E-31, -1.263669769138219873E-16 ) ) ;
#5490 = FACE_OUTER_BOUND ( 'NONE', #5477, .T. ) ;
#5491 = VERTEX_POINT ( 'NONE', #1737 ) ;
#5492 = DIRECTION ( 'NONE',  ( 0.000000000000000000, -1.000000000000000000, 0.000000000000000000 ) ) ;
#5493 = EDGE_CURVE ( 'NONE', #5137, #5445, #3916, .T. ) ;
#5494 = AXIS2_PLACEMENT_3D ( 'NONE', #5142, #8705, #5771 ) ;
#5495 = DIRECTION ( 'NONE',  ( -0.8615268990046548447, 0.000000000000000000, 0.5077119284509898911 ) ) ;
#5496 = VERTEX_POINT ( 'NONE', #3232 ) ;
#5497 = ORIENTED_EDGE ( 'NONE', *, *, #8564, .F. ) ;
#5498 = EDGE_CURVE ( 'NONE', #41, #3105, #8646, .T. ) ;
#5499 = CARTESIAN_POINT ( 'NONE',  ( -29.37767197488699722, -7.200000000000000178, -6.364617092752020255 ) ) ;
#5500 = VECTOR ( 'NONE', #3570, 1000.000000000000227 ) ;
#5501 = PLANE ( 'NONE',  #3121 ) ;
#5502 = LINE ( 'NONE', #955, #7503 ) ;
#5503 = VERTEX_POINT ( 'NONE', #2463 ) ;
#5504 = DIRECTION ( 'NONE',  ( -0.000000000000000000, 1.000000000000000000, 0.000000000000000000 ) ) ;
#5505 = CARTESIAN_POINT ( 'NONE',  ( -26.07141775883129853, 10.80000000000000071, -7.586800234477740545 ) ) ;
#5506 = PLANE ( 'NONE',  #4578 ) ;
#5507 = ORIENTED_EDGE ( 'NONE', *, *, #4270, .F. ) ;
#5508 = CARTESIAN_POINT ( 'NONE',  ( 154.8750469336854962, 7.200000000000000178, -4.651301866581560418 ) ) ;
#5509 = EDGE_CURVE ( 'NONE', #8648, #2397, #5979, .T. ) ;
#5510 = ORIENTED_EDGE ( 'NONE', *, *, #5930, .F. ) ;
#5511 = AXIS2_PLACEMENT_3D ( 'NONE', #2056, #5396, #1232 ) ;
#5512 = CARTESIAN_POINT ( 'NONE',  ( 18.00000000000000000, 0.000000000000000000, -36.00000000000000000 ) ) ;
#5513 = DIRECTION ( 'NONE',  ( 0.000000000000000000, 1.000000000000000000, 1.156482317317869950E-15 ) ) ;
#5514 = CARTESIAN_POINT ( 'NONE',  ( -80.98917581270220012, -10.80000000000000071, 23.13214453085769762 ) ) ;
#5515 = LINE ( 'NONE', #8273, #8443 ) ;
#5516 = ORIENTED_EDGE ( 'NONE', *, *, #2838, .T. ) ;
#5517 = ORIENTED_EDGE ( 'NONE', *, *, #7400, .F. ) ;
#5518 = PLANE ( 'NONE',  #7625 ) ;
#5519 = EDGE_CURVE ( 'NONE', #3058, #4685, #2555, .T. ) ;
#5520 = DIRECTION ( 'NONE',  ( 0.7501120765757856024, 0.000000000000000000, 0.6613107231666237595 ) ) ;
#5521 = LINE ( 'NONE', #7459, #7878 ) ;
#5522 = EDGE_LOOP ( 'NONE', ( #8487, #907, #3093, #2658 ) ) ;
#5523 = LINE ( 'NONE', #3409, #7491 ) ;
#5524 = CARTESIAN_POINT ( 'NONE',  ( 18.00000000000000000, 0.000000000000000000, -36.00000000000000000 ) ) ;
#5525 = ORIENTED_EDGE ( 'NONE', *, *, #3517, .F. ) ;
#5526 = ADVANCED_FACE ( 'NONE', ( #5400 ), #8338, .T. ) ;
#5527 = FACE_OUTER_BOUND ( 'NONE', #1394, .T. ) ;
#5528 = DIRECTION ( 'NONE',  ( 0.7128487565933357972, 0.000000000000000000, -0.7013177954560507743 ) ) ;
#5529 = VERTEX_POINT ( 'NONE', #3509 ) ;
#5530 = EDGE_CURVE ( 'NONE', #3070, #3805, #5532, .T. ) ;
#5531 = CARTESIAN_POINT ( 'NONE',  ( 129.4909129263288037, -10.80000000000000071, 6.364617092752020255 ) ) ;
#5532 = LINE ( 'NONE', #2152, #6491 ) ;
#5533 = PLANE ( 'NONE',  #3420 ) ;
#5534 = ORIENTED_EDGE ( 'NONE', *, *, #2631, .F. ) ;
#5535 = DIRECTION ( 'NONE',  ( 0.6613107231666243147, 0.000000000000000000, 0.7501120765757851583 ) ) ;
#5536 = LINE ( 'NONE', #4105, #7597 ) ;
#5537 = ORIENTED_EDGE ( 'NONE', *, *, #1406, .F. ) ;
#5538 = ORIENTED_EDGE ( 'NONE', *, *, #6884, .T. ) ;
#5539 = ADVANCED_FACE ( 'NONE', ( #4861 ), #2696, .F. ) ;
#5540 = EDGE_CURVE ( 'NONE', #7472, #7166, #7651, .T. ) ;
#5541 = LINE ( 'NONE', #4108, #2448 ) ;
#5542 = CARTESIAN_POINT ( 'NONE',  ( 186.0000000000000000, -8.699999999999999289, -1.065442715258197248E-15 ) ) ;
#5543 = ORIENTED_EDGE ( 'NONE', *, *, #7501, .F. ) ;
#5544 = VERTEX_POINT ( 'NONE', #7609 ) ;
#5545 = EDGE_CURVE ( 'NONE', #7318, #6053, #7788, .T. ) ;
#5546 = CARTESIAN_POINT ( 'NONE',  ( -89.39999999999999147, -10.80000000000000071, 10.47867965644037902 ) ) ;
#5547 = CARTESIAN_POINT ( 'NONE',  ( 29.12736231646865193, -10.80000000000000071, -6.364617092752020255 ) ) ;
#5548 = LINE ( 'NONE', #796, #8333 ) ;
#5549 = VERTEX_POINT ( 'NONE', #8879 ) ;
#5550 = DIRECTION ( 'NONE',  ( -0.7013177954560507743, 0.000000000000000000, -0.7128487565933357972 ) ) ;
#5551 = ORIENTED_EDGE ( 'NONE', *, *, #4386, .T. ) ;
#5552 = VECTOR ( 'NONE', #3037, 1000.000000000000000 ) ;
#5553 = EDGE_CURVE ( 'NONE', #7616, #6328, #1972, .T. ) ;
#5554 = CARTESIAN_POINT ( 'NONE',  ( 132.8217823338443964, -7.200000000000000178, 5.197121467210659596 ) ) ;
#5555 = CARTESIAN_POINT ( 'NONE',  ( 3.000000000000000000, 10.80000000000000071, -6.364617092752020255 ) ) ;
#5556 = PLANE ( 'NONE',  #2899 ) ;
#5557 = CARTESIAN_POINT ( 'NONE',  ( -89.39999999999999147, -7.200000000000000178, 10.47867965644037902 ) ) ;
#5558 = AXIS2_PLACEMENT_3D ( 'NONE', #8185, #7542, #1353 ) ;
#5559 = EDGE_LOOP ( 'NONE', ( #4718, #19, #2781 ) ) ;
#5560 = CARTESIAN_POINT ( 'NONE',  ( 152.8702480154659895, 7.200000000000000178, -5.757841959453969594 ) ) ;
#5561 = CARTESIAN_POINT ( 'NONE',  ( -133.3799999999999955, -10.80000000000000071, 3.396598976154959537 ) ) ;
#5562 = VECTOR ( 'NONE', #2907, 1000.000000000000114 ) ;
#5563 = VECTOR ( 'NONE', #1616, 1000.000000000000000 ) ;
#5564 = VECTOR ( 'NONE', #6124, 1000.000000000000114 ) ;
#5565 = CARTESIAN_POINT ( 'NONE',  ( -47.58442101292460080, -10.80000000000000071, -6.364617092752020255 ) ) ;
#5566 = ORIENTED_EDGE ( 'NONE', *, *, #2025, .F. ) ;
#5567 = ADVANCED_FACE ( 'NONE', ( #558 ), #5448, .T. ) ;
#5568 = DIRECTION ( 'NONE',  ( 0.000000000000000000, -1.000000000000000000, 0.000000000000000000 ) ) ;
#5569 = CARTESIAN_POINT ( 'NONE',  ( -13.89709997266319874, 10.80000000000000071, -2.146536360628884754 ) ) ;
#5570 = ORIENTED_EDGE ( 'NONE', *, *, #4779, .F. ) ;
#5571 = VECTOR ( 'NONE', #2405, 1000.000000000000000 ) ;
#5572 = VECTOR ( 'NONE', #2475, 1000.000000000000227 ) ;
#5573 = DIRECTION ( 'NONE',  ( 0.6546536707079740891, -0.6546536707079790851, -0.3779644730092290850 ) ) ;
#5574 = LINE ( 'NONE', #8334, #8463 ) ;
#5575 = ORIENTED_EDGE ( 'NONE', *, *, #5271, .T. ) ;
#5576 = EDGE_CURVE ( 'NONE', #2170, #6195, #3371, .T. ) ;
#5577 = VECTOR ( 'NONE', #3893, 1000.000000000000000 ) ;
#5578 = AXIS2_PLACEMENT_3D ( 'NONE', #2546, #5928, #496 ) ;
#5579 = CARTESIAN_POINT ( 'NONE',  ( 89.39999999999999147, -10.80000000000000071, -0.5570312818441680580 ) ) ;
#5580 = DIRECTION ( 'NONE',  ( -2.075007502312799731E-16, 0.000000000000000000, -1.000000000000000000 ) ) ;
#5581 = VECTOR ( 'NONE', #6984, 1000.000000000000000 ) ;
#5582 = CARTESIAN_POINT ( 'NONE',  ( 186.0000000000000000, -10.80000000000000071, 12.59999999999999964 ) ) ;
#5583 = VERTEX_POINT ( 'NONE', #6937 ) ;
#5584 = DIRECTION ( 'NONE',  ( 0.000000000000000000, 0.000000000000000000, 1.000000000000000000 ) ) ;
#5585 = CARTESIAN_POINT ( 'NONE',  ( 6.545317529749079988, 10.80000000000000071, 6.364617092752020255 ) ) ;
#5586 = ORIENTED_EDGE ( 'NONE', *, *, #4290, .T. ) ;
#5587 = VECTOR ( 'NONE', #4369, 1000.000000000000000 ) ;
#5588 = DIRECTION ( 'NONE',  ( 2.093240818944730039E-15, -1.066995812285799955E-15, 1.000000000000000000 ) ) ;
#5589 = MECHANICAL_DESIGN_GEOMETRIC_PRESENTATION_REPRESENTATION (  '', ( #1992 ), #2413 ) ;
#5590 = PLANE ( 'NONE',  #3413 ) ;
#5591 = EDGE_LOOP ( 'NONE', ( #562, #5575, #628 ) ) ;
#5592 = EDGE_LOOP ( 'NONE', ( #1107, #5437, #4493, #5223 ) ) ;
#5593 = ADVANCED_FACE ( 'NONE', ( #2015 ), #3325, .F. ) ;
#5594 = CARTESIAN_POINT ( 'NONE',  ( 76.46147367097499625, -10.80000000000000071, 2.784647752018624800 ) ) ;
#5595 = DIRECTION ( 'NONE',  ( 1.000000000000000000, 0.000000000000000000, 0.000000000000000000 ) ) ;
#5596 = DIRECTION ( 'NONE',  ( 1.000000000000000000, 0.000000000000000000, -7.709882115452469538E-17 ) ) ;
#5597 = EDGE_LOOP ( 'NONE', ( #7347, #5516, #6957, #790 ) ) ;
#5598 = PLANE ( 'NONE',  #5266 ) ;
#5599 = ORIENTED_EDGE ( 'NONE', *, *, #8198, .F. ) ;
#5600 = EDGE_CURVE ( 'NONE', #3357, #5229, #7470, .T. ) ;
#5601 = CARTESIAN_POINT ( 'NONE',  ( 15.10500000000000043, -10.80000000000000071, 3.900000000000000355 ) ) ;
#5602 = ADVANCED_FACE ( 'NONE', ( #1422 ), #7516, .T. ) ;
#5603 = CARTESIAN_POINT ( 'NONE',  ( 11.87628070770162125, -10.80000000000000071, 9.064887479629138767 ) ) ;
#5604 = DIRECTION ( 'NONE',  ( 1.000000000000000000, 0.000000000000000000, -7.709882115452469538E-17 ) ) ;
#5605 = CARTESIAN_POINT ( 'NONE',  ( -130.3799999999999955, -7.200000000000000178, 6.364617092752020255 ) ) ;
#5606 = EDGE_CURVE ( 'NONE', #6399, #6401, #6797, .T. ) ;
#5607 = ORIENTED_EDGE ( 'NONE', *, *, #4773, .T. ) ;
#5608 = DIRECTION ( 'NONE',  ( 1.000000000000000000, 0.000000000000000000, 3.854941057726239700E-17 ) ) ;
#5609 = CARTESIAN_POINT ( 'NONE',  ( 0.000000000000000000, -10.80000000000000071, 9.364617092752020255 ) ) ;
#5610 = ADVANCED_FACE ( 'NONE', ( #603 ), #4191, .F. ) ;
#5611 = VECTOR ( 'NONE', #1565, 1000.000000000000000 ) ;
#5612 = DIRECTION ( 'NONE',  ( 1.000000000000000000, 0.000000000000000000, -5.551115123125790591E-16 ) ) ;
#5613 = ORIENTED_EDGE ( 'NONE', *, *, #2404, .T. ) ;
#5614 = CARTESIAN_POINT ( 'NONE',  ( -61.41086292932760671, -10.80000000000000071, 21.80026785407104839 ) ) ;
#5615 = CARTESIAN_POINT ( 'NONE',  ( 44.58442101292464343, -10.80000000000000071, 3.042492089611689821 ) ) ;
#5616 = ORIENTED_EDGE ( 'NONE', *, *, #1113, .T. ) ;
#5617 = DIRECTION ( 'NONE',  ( 0.000000000000000000, -0.8660254037844383745, -0.5000000000000003331 ) ) ;
#5618 = LINE ( 'NONE', #8200, #4906 ) ;
#5619 = EDGE_LOOP ( 'NONE', ( #6503, #5063, #1225, #1305 ) ) ;
#5620 = EDGE_CURVE ( 'NONE', #2583, #3198, #2061, .T. ) ;
#5621 = VECTOR ( 'NONE', #7710, 1000.000000000000000 ) ;
#5622 = DIRECTION ( 'NONE',  ( -0.7071067811865480168, 0.000000000000000000, -0.7071067811865470176 ) ) ;
#5623 = DIRECTION ( 'NONE',  ( 0.000000000000000000, -1.000000000000000000, -1.156482317317869950E-15 ) ) ;
#5624 = PLANE ( 'NONE',  #2694 ) ;
#5625 = ORIENTED_EDGE ( 'NONE', *, *, #1220, .T. ) ;
#5626 = CARTESIAN_POINT ( 'NONE',  ( -74.68917581270218875, -10.80000000000000071, 29.43214453085769833 ) ) ;
#5627 = VECTOR ( 'NONE', #7554, 1000.000000000000000 ) ;
#5628 = EDGE_CURVE ( 'NONE', #4338, #6003, #4150, .T. ) ;
#5629 = CARTESIAN_POINT ( 'NONE',  ( -147.6600000000000250, -10.80000000000000071, 6.364617092752020255 ) ) ;
#5630 = ORIENTED_EDGE ( 'NONE', *, *, #2137, .T. ) ;
#5631 = CARTESIAN_POINT ( 'NONE',  ( -195.0000000000000000, -5.196152422706630247, -12.59999999999999964 ) ) ;
#5632 = PLANE ( 'NONE',  #1524 ) ;
#5633 = EDGE_LOOP ( 'NONE', ( #4367, #3676, #4935, #186 ) ) ;
#5634 = AXIS2_PLACEMENT_3D ( 'NONE', #7481, #1478, #611 ) ;
#5635 = ORIENTED_EDGE ( 'NONE', *, *, #122, .F. ) ;
#5636 = EDGE_CURVE ( 'NONE', #5889, #6679, #11, .T. ) ;
#5637 = CARTESIAN_POINT ( 'NONE',  ( 114.5999999999999943, -7.200000000000000178, -6.364617092752079763 ) ) ;
#5638 = FACE_OUTER_BOUND ( 'NONE', #2596, .T. ) ;
#5639 = DIRECTION ( 'NONE',  ( 1.000000000000000000, 0.000000000000000000, 0.000000000000000000 ) ) ;
#5640 = VERTEX_POINT ( 'NONE', #2279 ) ;
#5641 = LINE ( 'NONE', #2210, #6419 ) ;
#5642 = EDGE_LOOP ( 'NONE', ( #5725, #8526, #5767, #3460 ) ) ;
#5643 = VECTOR ( 'NONE', #7913, 1000.000000000000000 ) ;
#5644 = LINE ( 'NONE', #8270, #2465 ) ;
#5645 = EDGE_CURVE ( 'NONE', #372, #6811, #5032, .T. ) ;
#5646 = DIRECTION ( 'NONE',  ( 0.000000000000000000, 0.000000000000000000, -1.000000000000000000 ) ) ;
#5647 = CARTESIAN_POINT ( 'NONE',  ( -46.19999999999999574, 10.80000000000000071, -7.864617092752079763 ) ) ;
#5648 = CARTESIAN_POINT ( 'NONE',  ( -154.8750469336854962, 7.200000000000000178, -4.651301866581560418 ) ) ;
#5649 = ORIENTED_EDGE ( 'NONE', *, *, #1757, .F. ) ;
#5650 = CLOSED_SHELL ( 'NONE', ( #1234, #6183, #3586, #1263, #3010, #8336, #3101, #8383, #1818, #8740 ) ) ;
#5651 = CARTESIAN_POINT ( 'NONE',  ( -7.853684177437200375, -10.80000000000000071, -4.500000000000000000 ) ) ;
#5652 = EDGE_CURVE ( 'NONE', #820, #3646, #1595, .T. ) ;
#5653 = EDGE_CURVE ( 'NONE', #4001, #3719, #7059, .T. ) ;
#5654 = VECTOR ( 'NONE', #1987, 1000.000000000000114 ) ;
#5655 = CARTESIAN_POINT ( 'NONE',  ( 112.4786796564402067, -7.200000000000000178, -12.59999999999999964 ) ) ;
#5656 = ORIENTED_EDGE ( 'NONE', *, *, #5600, .T. ) ;
#5657 = DIRECTION ( 'NONE',  ( -0.7501120765757850473, 0.000000000000000000, -0.6613107231666242036 ) ) ;
#5658 = ORIENTED_EDGE ( 'NONE', *, *, #6235, .T. ) ;
#5659 = ADVANCED_FACE ( 'NONE', ( #4353 ), #7100, .T. ) ;
#5660 = DIRECTION ( 'NONE',  ( -1.708035422500250146E-15, -1.329153133506409989E-31, -1.000000000000000000 ) ) ;
#5661 = CARTESIAN_POINT ( 'NONE',  ( 144.0750469336853996, 3.000000000000000000, 0.000000000000000000 ) ) ;
#5662 = VERTEX_POINT ( 'NONE', #8378 ) ;
#5663 = CARTESIAN_POINT ( 'NONE',  ( 182.2199999999999989, -10.80000000000000071, -3.396598976154979965 ) ) ;
#5664 = CARTESIAN_POINT ( 'NONE',  ( -29.37767197488699722, -10.80000000000000071, -6.364617092752020255 ) ) ;
#5665 = LINE ( 'NONE', #7101, #1306 ) ;
#5666 = DIRECTION ( 'NONE',  ( 0.000000000000000000, -1.000000000000000000, 0.000000000000000000 ) ) ;
#5667 = ORIENTED_EDGE ( 'NONE', *, *, #1102, .F. ) ;
#5668 = LINE ( 'NONE', #828, #3840 ) ;
#5669 = CARTESIAN_POINT ( 'NONE',  ( -44.58442101292464343, -10.80000000000000071, -6.364617092752020255 ) ) ;
#5670 = ORIENTED_EDGE ( 'NONE', *, *, #7935, .T. ) ;
#5671 = LINE ( 'NONE', #5799, #276 ) ;
#5672 = CARTESIAN_POINT ( 'NONE',  ( -140.0054501729100309, -7.200000000000000178, -1.484009058298548123 ) ) ;
#5673 = EDGE_LOOP ( 'NONE', ( #1743, #5415, #6189, #5929 ) ) ;
#5674 = ORIENTED_EDGE ( 'NONE', *, *, #5384, .T. ) ;
#5675 = EDGE_CURVE ( 'NONE', #8462, #630, #2320, .T. ) ;
#5676 = CARTESIAN_POINT ( 'NONE',  ( 84.48454982709000660, -10.80000000000000071, 6.364617092752020255 ) ) ;
#5677 = PLANE ( 'NONE',  #6171 ) ;
#5678 = ORIENTED_EDGE ( 'NONE', *, *, #5446, .T. ) ;
#5679 = FACE_BOUND ( 'NONE', #4681, .T. ) ;
#5680 = ORIENTED_EDGE ( 'NONE', *, *, #6043, .T. ) ;
#5681 = EDGE_CURVE ( 'NONE', #2618, #912, #953, .T. ) ;
#5682 = DIRECTION ( 'NONE',  ( 1.000000000000000000, 0.000000000000000000, 0.000000000000000000 ) ) ;
#5683 = DIRECTION ( 'NONE',  ( -1.000000000000000000, 0.000000000000000000, -7.709882115452469538E-17 ) ) ;
#5684 = LINE ( 'NONE', #8440, #282 ) ;
#5685 = CARTESIAN_POINT ( 'NONE',  ( 0.000000000000000000, -10.80000000000000071, -9.364617092752020255 ) ) ;
#5686 = ORIENTED_EDGE ( 'NONE', *, *, #5706, .F. ) ;
#5687 = DIRECTION ( 'NONE',  ( 0.000000000000000000, 0.000000000000000000, 1.000000000000000000 ) ) ;
#5688 = EDGE_CURVE ( 'NONE', #3502, #4390, #6427, .T. ) ;
#5689 = LINE ( 'NONE', #300, #1079 ) ;
#5690 = AXIS2_PLACEMENT_3D ( 'NONE', #5699, #1677, #989 ) ;
#5691 = DIRECTION ( 'NONE',  ( 0.000000000000000000, 0.000000000000000000, -1.000000000000000000 ) ) ;
#5692 = VERTEX_POINT ( 'NONE', #2194 ) ;
#5693 = DIRECTION ( 'NONE',  ( 0.000000000000000000, 1.000000000000000000, 0.000000000000000000 ) ) ;
#5694 = ORIENTED_EDGE ( 'NONE', *, *, #5553, .T. ) ;
#5695 = VECTOR ( 'NONE', #6335, 1000.000000000000000 ) ;
#5696 = EDGE_CURVE ( 'NONE', #7010, #4005, #5112, .T. ) ;
#5697 = AXIS2_PLACEMENT_3D ( 'NONE', #1632, #3638, #7143 ) ;
#5698 = CARTESIAN_POINT ( 'NONE',  ( -9.000000000000000000, 0.000000000000000000, -42.60000000000000142 ) ) ;
#5699 = CARTESIAN_POINT ( 'NONE',  ( -117.5999999999999943, -10.80000000000000071, 6.364617092752020255 ) ) ;
#5700 = VECTOR ( 'NONE', #1310, 1000.000000000000000 ) ;
#5701 = ORIENTED_EDGE ( 'NONE', *, *, #2141, .F. ) ;
#5702 = ADVANCED_FACE ( 'NONE', ( #8417 ), #4986, .F. ) ;
#5703 = DIRECTION ( 'NONE',  ( -1.000000000000000000, 0.000000000000000000, 9.472892701579828520E-18 ) ) ;
#5704 = FACE_OUTER_BOUND ( 'NONE', #1267, .T. ) ;
#5705 = VECTOR ( 'NONE', #5622, 1000.000000000000000 ) ;
#5706 = EDGE_CURVE ( 'NONE', #4879, #8764, #2359, .T. ) ;
#5707 = AXIS2_PLACEMENT_3D ( 'NONE', #1520, #8347, #2071 ) ;
#5708 = DIRECTION ( 'NONE',  ( -0.8051314262087325702, 0.000000000000000000, 0.5930964394861026889 ) ) ;
#5709 = DIRECTION ( 'NONE',  ( -1.000000000000000000, -7.781765623811068613E-17, -1.494530994687720012E-15 ) ) ;
#5710 = EDGE_LOOP ( 'NONE', ( #8063, #4567, #3056, #6541 ) ) ;
#5711 = AXIS2_PLACEMENT_3D ( 'NONE', #342, #6460, #3801 ) ;
#5712 = DIRECTION ( 'NONE',  ( 0.000000000000000000, 1.156482317317869950E-15, -1.000000000000000000 ) ) ;
#5713 = EDGE_CURVE ( 'NONE', #296, #2729, #8466, .T. ) ;
#5714 = CARTESIAN_POINT ( 'NONE',  ( -85.76116934474099196, -10.80000000000000071, -6.364617092752079763 ) ) ;
#5715 = EDGE_LOOP ( 'NONE', ( #986, #6860, #6025, #4040 ) ) ;
#5716 = VECTOR ( 'NONE', #7494, 1000.000000000000000 ) ;
#5717 = AXIS2_PLACEMENT_3D ( 'NONE', #997, #4397, #4355 ) ;
#5718 = PLANE ( 'NONE',  #4914 ) ;
#5719 = CARTESIAN_POINT ( 'NONE',  ( 195.0000000000000000, -10.80000000000000071, 12.59999999999999964 ) ) ;
#5720 = VERTEX_POINT ( 'NONE', #265 ) ;
#5721 = CIRCLE ( 'NONE', #1830, 18.00000000000000000 ) ;
#5722 = ORIENTED_EDGE ( 'NONE', *, *, #5766, .T. ) ;
#5723 = CARTESIAN_POINT ( 'NONE',  ( -114.0603934906146009, -27.01465344307020189, -31.19691743742109935 ) ) ;
#5724 = PRESENTATION_STYLE_ASSIGNMENT (( #7114 ) ) ;
#5725 = ORIENTED_EDGE ( 'NONE', *, *, #5233, .F. ) ;
#5726 = CARTESIAN_POINT ( 'NONE',  ( 151.6890996541804952, -7.200000000000000178, -6.364617092752020255 ) ) ;
#5727 = ORIENTED_EDGE ( 'NONE', *, *, #2616, .F. ) ;
#5728 = EDGE_CURVE ( 'NONE', #5231, #2654, #8507, .T. ) ;
#5729 = CARTESIAN_POINT ( 'NONE',  ( -152.8702480154659895, 7.200000000000000178, -5.757841959453969594 ) ) ;
#5730 = DIRECTION ( 'NONE',  ( 0.000000000000000000, -1.000000000000000000, -1.156482317317869950E-15 ) ) ;
#5731 = FACE_OUTER_BOUND ( 'NONE', #5413, .T. ) ;
#5732 = VECTOR ( 'NONE', #1160, 1000.000000000000000 ) ;
#5733 = ORIENTED_EDGE ( 'NONE', *, *, #7856, .F. ) ;
#5734 = FACE_OUTER_BOUND ( 'NONE', #6771, .T. ) ;
#5735 = EDGE_CURVE ( 'NONE', #8035, #3378, #1469, .T. ) ;
#5736 = FACE_OUTER_BOUND ( 'NONE', #2915, .T. ) ;
#5737 = PLANE ( 'NONE',  #8021 ) ;
#5738 = ORIENTED_EDGE ( 'NONE', *, *, #4600, .F. ) ;
#5739 = CARTESIAN_POINT ( 'NONE',  ( -32.62923479342510547, -10.80000000000000071, 16.22722184233894893 ) ) ;
#5740 = EDGE_LOOP ( 'NONE', ( #1574, #8963, #2295, #6304 ) ) ;
#5741 = CARTESIAN_POINT ( 'NONE',  ( -130.9382176661555945, -7.200000000000000178, 7.532112718293419995 ) ) ;
#5742 = CARTESIAN_POINT ( 'NONE',  ( -47.58442101292460080, -10.80000000000000071, -6.364617092752020255 ) ) ;
#5743 = EDGE_LOOP ( 'NONE', ( #62, #8616, #5236 ) ) ;
#5744 = VECTOR ( 'NONE', #4958, 1000.000000000000000 ) ;
#5745 = LINE ( 'NONE', #4393, #7867 ) ;
#5746 = DIRECTION ( 'NONE',  ( 0.000000000000000000, -1.066995812285799955E-15, 1.000000000000000000 ) ) ;
#5747 = ORIENTED_EDGE ( 'NONE', *, *, #8547, .T. ) ;
#5748 = ADVANCED_FACE ( 'NONE', ( #825 ), #5073, .F. ) ;
#5749 = PLANE ( 'NONE',  #7656 ) ;
#5750 = CARTESIAN_POINT ( 'NONE',  ( 32.63786076864950303, -7.200000000000000178, -5.239448977888360837 ) ) ;
#5751 = ORIENTED_EDGE ( 'NONE', *, *, #153, .F. ) ;
#5752 = CARTESIAN_POINT ( 'NONE',  ( -15.70736835487440075, -1.800000000000000044, 4.500000000000000000 ) ) ;
#5753 = EDGE_CURVE ( 'NONE', #4742, #116, #2912, .T. ) ;
#5754 = DIRECTION ( 'NONE',  ( 0.000000000000000000, 1.000000000000000000, 0.000000000000000000 ) ) ;
#5755 = ORIENTED_EDGE ( 'NONE', *, *, #1427, .T. ) ;
#5756 = LINE ( 'NONE', #6442, #1706 ) ;
#5757 = DIRECTION ( 'NONE',  ( 1.000000000000000000, 0.000000000000000000, 0.000000000000000000 ) ) ;
#5758 = EDGE_CURVE ( 'NONE', #1733, #3070, #1554, .T. ) ;
#5759 = DIRECTION ( 'NONE',  ( -1.000000000000000000, -9.614813431917840283E-16, 5.551115123125790591E-16 ) ) ;
#5760 = ORIENTED_EDGE ( 'NONE', *, *, #1073, .T. ) ;
#5761 = ORIENTED_EDGE ( 'NONE', *, *, #7556, .F. ) ;
#5762 = VECTOR ( 'NONE', #6276, 1000.000000000000000 ) ;
#5763 = DIRECTION ( 'NONE',  ( -2.095282867411439592E-15, -1.000000000000000000, 0.000000000000000000 ) ) ;
#5764 = LINE ( 'NONE', #3019, #821 ) ;
#5765 = EDGE_LOOP ( 'NONE', ( #6712, #3142 ) ) ;
#5766 = EDGE_CURVE ( 'NONE', #5583, #4009, #6387, .T. ) ;
#5767 = ORIENTED_EDGE ( 'NONE', *, *, #2919, .T. ) ;
#5768 = VECTOR ( 'NONE', #5489, 1000.000000000000000 ) ;
#5769 = FACE_OUTER_BOUND ( 'NONE', #5715, .T. ) ;
#5770 = LINE ( 'NONE', #974, #4133 ) ;
#5771 = DIRECTION ( 'NONE',  ( -0.7501120765757856024, 0.000000000000000000, 0.6613107231666237595 ) ) ;
#5772 = CARTESIAN_POINT ( 'NONE',  ( -176.4375234668430039, 10.80000000000000071, 3.823383353545739993 ) ) ;
#5773 = ORIENTED_EDGE ( 'NONE', *, *, #3064, .T. ) ;
#5774 = DIRECTION ( 'NONE',  ( -1.000000000000000000, 4.113205965202469727E-32, -3.854941057726239700E-17 ) ) ;
#5775 = AXIS2_PLACEMENT_3D ( 'NONE', #5860, #1705, #5227 ) ;
#5776 = EDGE_LOOP ( 'NONE', ( #2051, #667, #5538, #2698 ) ) ;
#5777 = DIRECTION ( 'NONE',  ( 0.6613107231666243147, 0.000000000000000000, -0.7501120765757851583 ) ) ;
#5778 = CARTESIAN_POINT ( 'NONE',  ( 0.000000000000000000, 1.351735180736268092E-14, -15.59999999999999964 ) ) ;
#5779 = EDGE_LOOP ( 'NONE', ( #415, #1754, #6018 ) ) ;
#5780 = DIRECTION ( 'NONE',  ( 0.000000000000000000, 1.000000000000000000, 0.000000000000000000 ) ) ;
#5781 = CLOSED_SHELL ( 'NONE', ( #4531, #2794, #178, #7074, #1381, #8475, #1313, #2744, #5602, #254, #4654, #5783, #1614, #7129, #3028, #8798, #1874, #7311, #7798, #8391, #1511, #5265, #2069, #8809, #2988, #4977, #6242, #5305, #4673, #7489, #6375, #1983, #8203, #7742, #4501, #7719, #4112, #7242, #2870, #20, #4380, #6096, #7591, #5957, #3931, #2150, #238, #8850, #8688, #6921, #6017, #3252, #4066, #7633, #4494, #6766, #8033, #6822, #1405, #6787, #1845, #8471, #49, #3150, #6668, #117, #896, #4054, #6959, #1515, #1841, #1026, #4306, #8605, #4276, #1905, #6940, #7365, #1112, #4099, #6804, #3435, #5027, #6367, #1655, #5887, #5807, #7187, #6484, #3513, #7056, #3720, #7972, #4092, #1051, #3626, #8, #1623, #1848, #5748, #5610, #1930, #8950, #3227, #593, #651, #169, #5539, #1223, #7119, #8775, #2904, #7961, #7965, #1359, #2348, #4519, #8625, #6351, #5976, #2690, #7304, #4006, #7524, #3476, #6589, #1944, #8050, #7353, #2770, #8366, #3114, #428, #1370, #7646, #5373, #6974, #8369, #6897, #7613, #6151, #3094, #4447, #3608, #3347, #15, #2257, #6547, #6762, #5442, #981, #6207, #3068, #3673, #2224, #1568, #2123, #5434, #1641, #4471, #5702, #642, #1679, #6700, #6411, #785, #8438, #4175, #7884, #7085, #8084, #3315, #4612, #6435, #5798, #3960, #1782, #6007, #4187, #198, #6690, #8542, #4329, #3428, #3621, #8158, #4940, #45, #436, #3635, #624, #4331, #8517, #2019, #1171, #6259, #1240, #8421, #4665, #7040, #7985, #3647, #8409, #5659, #5526, #5331, #2314, #715, #3393, #7514, #460, #3369, #756, #7737, #2174, #4257, #2879, #2094, #2219, #2739, #4039, #1790, #1953, #4311, #4391, #4463, #482, #3895, #2384, #5898, #2285, #6190, #8280, #6036, #1609, #3503, #2667, #8633, #4892, #5020, #5567, #6373, #8028, #6869, #8501, #824, #782, #1119, #4440, #8822, #1461, #8106, #4320, #2082, #3901, #542, #3453, #4382, #3231, #6475, #3052, #3615, #2131, #8042, #8612, #4171, #3143, #8494, #6459, #6049, #2055, #6817, #1954, #3592, #8528, #764, #6380, #6529, #234, #4994, #8458, #3394, #2421, #1811, #2133, #1392, #3747, #2438, #6780, #3955, #1457, #2718, #3949, #1585, #6289, #8319, #6452, #8166, #2414, #6983, #8135, #951, #5593, #2680, #8406, #8059, #3838, #3334 ) ) ;
#5782 = ORIENTED_EDGE ( 'NONE', *, *, #4745, .F. ) ;
#5783 = ADVANCED_FACE ( 'NONE', ( #5704, #1081 ), #6103, .F. ) ;
#5784 = CARTESIAN_POINT ( 'NONE',  ( -130.3799999999999955, -10.80000000000000071, 3.227411761409994639 ) ) ;
#5785 = ORIENTED_EDGE ( 'NONE', *, *, #515, .T. ) ;
#5786 = VECTOR ( 'NONE', #6726, 1000.000000000000000 ) ;
#5788 = EDGE_CURVE ( 'NONE', #3614, #2543, #3085, .T. ) ;
#5787 = CARTESIAN_POINT ( 'NONE',  ( 163.9109003458194707, -10.80000000000000071, 6.364617092752020255 ) ) ;
#5789 = CARTESIAN_POINT ( 'NONE',  ( 6.000000000000000000, -10.80000000000000071, -6.000000000000000000 ) ) ;
#5790 = EDGE_LOOP ( 'NONE', ( #113, #3712, #7297 ) ) ;
#5791 = LINE ( 'NONE', #139, #2038 ) ;
#5792 = CARTESIAN_POINT ( 'NONE',  ( 147.6600000000000250, -10.80000000000000071, 6.364617092752020255 ) ) ;
#5793 = ORIENTED_EDGE ( 'NONE', *, *, #7629, .F. ) ;
#5794 = PLANE ( 'NONE',  #2830 ) ;
#5795 = CARTESIAN_POINT ( 'NONE',  ( -164.9399999999999977, -10.80000000000000071, 3.396598976154964866 ) ) ;
#5796 = LINE ( 'NONE', #7828, #6573 ) ;
#5797 = ORIENTED_EDGE ( 'NONE', *, *, #7167, .F. ) ;
#5798 = ADVANCED_FACE ( 'NONE', ( #8681 ), #3178, .T. ) ;
#5799 = CARTESIAN_POINT ( 'NONE',  ( -46.08442101292460080, -7.200000000000000178, 8.364318266538479207 ) ) ;
#5800 = PLANE ( 'NONE',  #3699 ) ;
#5801 = ORIENTED_EDGE ( 'NONE', *, *, #5936, .F. ) ;
#5802 = ORIENTED_EDGE ( 'NONE', *, *, #5636, .F. ) ;
#5803 = VECTOR ( 'NONE', #4020, 1000.000000000000000 ) ;
#5804 = LINE ( 'NONE', #4287, #6801 ) ;
#5805 = CARTESIAN_POINT ( 'NONE',  ( 167.9399999999999977, -10.80000000000000071, -6.364617092752020255 ) ) ;
#5806 = VERTEX_POINT ( 'NONE', #6820 ) ;
#5807 = ADVANCED_FACE ( 'NONE', ( #2450 ), #8911, .F. ) ;
#5808 = EDGE_LOOP ( 'NONE', ( #8864, #7115, #8538, #4255, #1986, #6703, #1622, #3588 ) ) ;
#5809 = DIRECTION ( 'NONE',  ( 0.000000000000000000, 1.000000000000000000, 0.000000000000000000 ) ) ;
#5810 = PLANE ( 'NONE',  #2827 ) ;
#5811 = CARTESIAN_POINT ( 'NONE',  ( 46.19999999999999574, 7.200000000000000178, -6.364617092752020255 ) ) ;
#5812 = ORIENTED_EDGE ( 'NONE', *, *, #7525, .T. ) ;
#5813 = LINE ( 'NONE', #2867, #5215 ) ;
#5814 = EDGE_LOOP ( 'NONE', ( #4063, #6788, #6187, #7653 ) ) ;
#5815 = DIRECTION ( 'NONE',  ( -1.000000000000000000, 0.000000000000000000, 9.472892701579828520E-18 ) ) ;
#5816 = ORIENTED_EDGE ( 'NONE', *, *, #366, .F. ) ;
#5817 = EDGE_CURVE ( 'NONE', #1413, #4693, #8183, .T. ) ;
#5818 = CARTESIAN_POINT ( 'NONE',  ( -89.39999999999999147, -10.80000000000000071, 10.47867965644037902 ) ) ;
#5819 = DIRECTION ( 'NONE',  ( 0.000000000000000000, 0.000000000000000000, 1.000000000000000000 ) ) ;
#5820 = DIRECTION ( 'NONE',  ( 0.7071067811865470176, 0.000000000000000000, -0.7071067811865480168 ) ) ;
#5821 = VERTEX_POINT ( 'NONE', #8859 ) ;
#5822 = CARTESIAN_POINT ( 'NONE',  ( 6.000000000000000000, 0.000000000000000000, -19.02943725152285026 ) ) ;
#5823 = EDGE_LOOP ( 'NONE', ( #4589, #8172, #6977, #2671 ) ) ;
#5824 = LINE ( 'NONE', #7775, #8578 ) ;
#5825 = ORIENTED_EDGE ( 'NONE', *, *, #5148, .F. ) ;
#5826 = VECTOR ( 'NONE', #2861, 1000.000000000000000 ) ;
#5827 = EDGE_CURVE ( 'NONE', #108, #2801, #6512, .T. ) ;
#5828 = DIRECTION ( 'NONE',  ( 0.000000000000000000, 1.000000000000000000, 0.000000000000000000 ) ) ;
#5829 = CARTESIAN_POINT ( 'NONE',  ( -166.4399999999999977, -7.200000000000000178, 4.501567221424418896 ) ) ;
#5830 = EDGE_LOOP ( 'NONE', ( #801, #6756, #53, #2639 ) ) ;
#5831 = DIRECTION ( 'NONE',  ( 4.186481637889450612E-15, 1.066995812285799955E-15, -1.000000000000000000 ) ) ;
#5832 = CARTESIAN_POINT ( 'NONE',  ( -47.58442101292460080, -10.80000000000000071, 1.500000000000000000 ) ) ;
#5833 = ORIENTED_EDGE ( 'NONE', *, *, #8447, .F. ) ;
#5834 = CARTESIAN_POINT ( 'NONE',  ( -11.87628070770162125, -10.80000000000000071, 9.064887479629138767 ) ) ;
#5835 = CARTESIAN_POINT ( 'NONE',  ( -195.0000000000000000, 5.196152422706630247, 12.59999999999999964 ) ) ;
#5836 = AXIS2_PLACEMENT_3D ( 'NONE', #540, #1947, #4084 ) ;
#5837 = DIRECTION ( 'NONE',  ( -2.093240818944730039E-15, -1.066995812285799955E-15, 1.000000000000000000 ) ) ;
#5838 = ORIENTED_EDGE ( 'NONE', *, *, #1575, .F. ) ;
#5839 = EDGE_CURVE ( 'NONE', #3125, #7097, #7866, .T. ) ;
#5840 = VECTOR ( 'NONE', #2889, 1000.000000000000227 ) ;
#5841 = AXIS2_PLACEMENT_3D ( 'NONE', #2084, #8401, #2214 ) ;
#5842 = VECTOR ( 'NONE', #7381, 1000.000000000000000 ) ;
#5843 = PLANE ( 'NONE',  #3847 ) ;
#5844 = FACE_BOUND ( 'NONE', #7255, .T. ) ;
#5845 = CARTESIAN_POINT ( 'NONE',  ( -204.0000000000000000, 10.80000000000000071, 9.364617092752020255 ) ) ;
#5846 = ORIENTED_EDGE ( 'NONE', *, *, #1736, .F. ) ;
#5847 = CARTESIAN_POINT ( 'NONE',  ( 28.14531752974910006, 10.80000000000000071, -6.364617092752020255 ) ) ;
#5848 = ORIENTED_EDGE ( 'NONE', *, *, #6078, .F. ) ;
#5849 = VECTOR ( 'NONE', #7469, 1000.000000000000000 ) ;
#5850 = VECTOR ( 'NONE', #5893, 1000.000000000000000 ) ;
#5851 = CARTESIAN_POINT ( 'NONE',  ( 114.5999999999999943, -10.80000000000000071, 10.47867965644037902 ) ) ;
#5852 = CARTESIAN_POINT ( 'NONE',  ( -3.000000000000000000, 7.200000000000000178, 6.364617092752020255 ) ) ;
#5853 = DIRECTION ( 'NONE',  ( 0.000000000000000000, 1.000000000000000000, 0.000000000000000000 ) ) ;
#5854 = ORIENTED_EDGE ( 'NONE', *, *, #6213, .T. ) ;
#5855 = ORIENTED_EDGE ( 'NONE', *, *, #4, .T. ) ;
#5856 = CARTESIAN_POINT ( 'NONE',  ( -19.14115427318799689, -10.80000000000000071, -32.45884572681200098 ) ) ;
#5857 = VECTOR ( 'NONE', #7947, 1000.000000000000000 ) ;
#5858 = VECTOR ( 'NONE', #2107, 1000.000000000000000 ) ;
#5859 = CARTESIAN_POINT ( 'NONE',  ( -76.46147367097499625, -10.80000000000000071, 2.784647752018624800 ) ) ;
#5860 = CARTESIAN_POINT ( 'NONE',  ( 174.8333860441489946, 10.80000000000000071, 6.364617092752020255 ) ) ;
#5861 = EDGE_CURVE ( 'NONE', #7707, #859, #2406, .T. ) ;
#5862 = LINE ( 'NONE', #8373, #6510 ) ;
#5863 = ORIENTED_EDGE ( 'NONE', *, *, #5256, .T. ) ;
#5864 = CARTESIAN_POINT ( 'NONE',  ( -163.9109003458194707, -10.80000000000000071, 6.364617092752020255 ) ) ;
#5865 = ORIENTED_EDGE ( 'NONE', *, *, #6925, .F. ) ;
#5866 = LINE ( 'NONE', #1758, #5695 ) ;
#5867 = EDGE_CURVE ( 'NONE', #2685, #8650, #3391, .T. ) ;
#5868 = LINE ( 'NONE', #1759, #553 ) ;
#5869 = VECTOR ( 'NONE', #253, 1000.000000000000000 ) ;
#5870 = PLANE ( 'NONE',  #4845 ) ;
#5871 = LINE ( 'NONE', #2721, #4713 ) ;
#5872 = VERTEX_POINT ( 'NONE', #4442 ) ;
#5873 = COLOUR_RGB ( '',0.7921568627450980005, 0.8196078431372548767, 0.9333333333333333481 ) ;
#5874 = EDGE_CURVE ( 'NONE', #6332, #8591, #1308, .T. ) ;
#5875 = CARTESIAN_POINT ( 'NONE',  ( -47.58442101292460080, -10.80000000000000071, 3.042492089611689821 ) ) ;
#5876 = ORIENTED_EDGE ( 'NONE', *, *, #4709, .T. ) ;
#5877 = CARTESIAN_POINT ( 'NONE',  ( -15.10500000000000043, -0.8000000000000003775, -3.899999999999999911 ) ) ;
#5878 = EDGE_CURVE ( 'NONE', #8196, #8469, #994, .T. ) ;
#5879 = DIRECTION ( 'NONE',  ( 0.000000000000000000, 1.000000000000000000, 0.000000000000000000 ) ) ;
#5880 = DIRECTION ( 'NONE',  ( 0.000000000000000000, 1.000000000000000000, 0.000000000000000000 ) ) ;
#5881 = ORIENTED_EDGE ( 'NONE', *, *, #5343, .T. ) ;
#5882 = CARTESIAN_POINT ( 'NONE',  ( -44.58442101292464343, -10.80000000000000071, 6.203554591181880795 ) ) ;
#5883 = DIRECTION ( 'NONE',  ( 1.000000000000000000, 0.000000000000000000, 0.000000000000000000 ) ) ;
#5884 = ORIENTED_EDGE ( 'NONE', *, *, #4907, .F. ) ;
#5885 = DIRECTION ( 'NONE',  ( -0.4999999999999998890, 0.000000000000000000, 0.8660254037844387076 ) ) ;
#5886 = LINE ( 'NONE', #8641, #1901 ) ;
#5887 = ADVANCED_FACE ( 'NONE', ( #401 ), #7493, .F. ) ;
#5888 = CARTESIAN_POINT ( 'NONE',  ( 86.40000000000000568, -7.200000000000000178, 6.364617092752020255 ) ) ;
#5889 = VERTEX_POINT ( 'NONE', #3351 ) ;
#5890 = CARTESIAN_POINT ( 'NONE',  ( 9.000000000000000000, -10.80000000000000071, -36.00000000000000000 ) ) ;
#5891 = DIRECTION ( 'NONE',  ( -0.8051314262087321261, 0.000000000000000000, -0.5930964394861030220 ) ) ;
#5892 = AXIS2_PLACEMENT_3D ( 'NONE', #1843, #4595, #470 ) ;
#5893 = DIRECTION ( 'NONE',  ( -0.7071067811865480168, 0.000000000000000000, 0.7071067811865470176 ) ) ;
#5894 = EDGE_LOOP ( 'NONE', ( #6665, #4824, #7817, #3880 ) ) ;
#5895 = CARTESIAN_POINT ( 'NONE',  ( -3.926842088718600188, -1.165734175856412001E-14, -1.382308546376021852 ) ) ;
#5896 = ORIENTED_EDGE ( 'NONE', *, *, #3678, .F. ) ;
#5897 = ORIENTED_EDGE ( 'NONE', *, *, #472, .T. ) ;
#5898 = ADVANCED_FACE ( 'NONE', ( #7911 ), #310, .T. ) ;
#5899 = DIRECTION ( 'NONE',  ( 0.000000000000000000, 1.000000000000000000, 0.000000000000000000 ) ) ;
#5900 = ORIENTED_EDGE ( 'NONE', *, *, #389, .F. ) ;
#5901 = ORIENTED_EDGE ( 'NONE', *, *, #3974, .T. ) ;
#5902 = DIRECTION ( 'NONE',  ( 0.000000000000000000, 1.000000000000000000, 0.000000000000000000 ) ) ;
#5903 = VECTOR ( 'NONE', #3489, 1000.000000000000000 ) ;
#5904 = CYLINDRICAL_SURFACE ( 'NONE', #2394, 18.00000000000000000 ) ;
#5905 = CARTESIAN_POINT ( 'NONE',  ( -195.0000000000000000, -3.400480947161665046, -17.56326859021799791 ) ) ;
#5906 = EDGE_CURVE ( 'NONE', #7498, #2602, #3904, .T. ) ;
#5907 = PLANE ( 'NONE',  #6958 ) ;
#5908 = ORIENTED_EDGE ( 'NONE', *, *, #1512, .F. ) ;
#5909 = CARTESIAN_POINT ( 'NONE',  ( 18.70736835487440075, -10.80000000000000071, 3.042492089611689821 ) ) ;
#5910 = ORIENTED_EDGE ( 'NONE', *, *, #7183, .F. ) ;
#5911 = LINE ( 'NONE', #5232, #2677 ) ;
#5912 = AXIS2_PLACEMENT_3D ( 'NONE', #1283, #2104, #6080 ) ;
#5913 = EDGE_CURVE ( 'NONE', #543, #469, #4482, .T. ) ;
#5914 = PLANE ( 'NONE',  #189 ) ;
#5915 = DIRECTION ( 'NONE',  ( 0.000000000000000000, -1.000000000000000000, 0.000000000000000000 ) ) ;
#5916 = VERTEX_POINT ( 'NONE', #7229 ) ;
#5917 = CARTESIAN_POINT ( 'NONE',  ( 76.01345036415898448, -7.200000000000000178, 7.433890227642059756 ) ) ;
#5918 = ORIENTED_EDGE ( 'NONE', *, *, #191, .T. ) ;
#5919 = VECTOR ( 'NONE', #8532, 1000.000000000000000 ) ;
#5920 = DIRECTION ( 'NONE',  ( -1.000000000000000000, 0.000000000000000000, -0.000000000000000000 ) ) ;
#5921 = EDGE_CURVE ( 'NONE', #7, #1439, #1036, .T. ) ;
#5922 = EDGE_CURVE ( 'NONE', #1053, #8523, #3810, .T. ) ;
#5923 = VECTOR ( 'NONE', #3957, 1000.000000000000000 ) ;
#5924 = CARTESIAN_POINT ( 'NONE',  ( -176.4375234668430039, 7.200000000000000178, 3.823383353545734664 ) ) ;
#5925 = CARTESIAN_POINT ( 'NONE',  ( 182.2199999999999989, -10.80000000000000071, -3.396598976154979965 ) ) ;
#5926 = ORIENTED_EDGE ( 'NONE', *, *, #1937, .T. ) ;
#5927 = PLANE ( 'NONE',  #1740 ) ;
#5928 = DIRECTION ( 'NONE',  ( -1.000000000000000000, 0.000000000000000000, 0.000000000000000000 ) ) ;
#5929 = ORIENTED_EDGE ( 'NONE', *, *, #3059, .F. ) ;
#5930 = EDGE_CURVE ( 'NONE', #5317, #4838, #845, .T. ) ;
#5931 = CARTESIAN_POINT ( 'NONE',  ( -18.00000000000000000, 0.000000000000000000, -36.00000000000000000 ) ) ;
#5932 = CARTESIAN_POINT ( 'NONE',  ( -86.40000000000000568, -7.200000000000000178, -2.784647752018639899 ) ) ;
#5933 = VECTOR ( 'NONE', #750, 1000.000000000000000 ) ;
#5934 = FACE_OUTER_BOUND ( 'NONE', #1186, .T. ) ;
#5935 = ORIENTED_EDGE ( 'NONE', *, *, #2616, .T. ) ;
#5936 = EDGE_CURVE ( 'NONE', #7616, #8210, #2134, .T. ) ;
#5937 = CARTESIAN_POINT ( 'NONE',  ( -201.0000000000000000, 7.200000000000000178, -6.364617092752020255 ) ) ;
#5938 = FACE_BOUND ( 'NONE', #1137, .T. ) ;
#5939 = VECTOR ( 'NONE', #4074, 1000.000000000000000 ) ;
#5940 = DIRECTION ( 'NONE',  ( 0.000000000000000000, 1.000000000000000000, 0.000000000000000000 ) ) ;
#5941 = ORIENTED_EDGE ( 'NONE', *, *, #3270, .F. ) ;
#5942 = LINE ( 'NONE', #4059, #4274 ) ;
#5943 = EDGE_LOOP ( 'NONE', ( #6890, #7990, #8206 ) ) ;
#5944 = ORIENTED_EDGE ( 'NONE', *, *, #8794, .T. ) ;
#5945 = PLANE ( 'NONE',  #4663 ) ;
#5946 = ORIENTED_EDGE ( 'NONE', *, *, #4430, .F. ) ;
#5947 = ORIENTED_EDGE ( 'NONE', *, *, #5343, .F. ) ;
#5948 = LINE ( 'NONE', #3881, #2172 ) ;
#5949 = EDGE_CURVE ( 'NONE', #3814, #7362, #6961, .T. ) ;
#5950 = PLANE ( 'NONE',  #5999 ) ;
#5951 = FACE_OUTER_BOUND ( 'NONE', #8353, .T. ) ;
#5952 = VERTEX_POINT ( 'NONE', #162 ) ;
#5953 = PLANE ( 'NONE',  #8678 ) ;
#5954 = ORIENTED_EDGE ( 'NONE', *, *, #4128, .T. ) ;
#5955 = DIRECTION ( 'NONE',  ( 0.000000000000000000, 1.000000000000000000, 0.000000000000000000 ) ) ;
#5956 = CARTESIAN_POINT ( 'NONE',  ( 86.40000000000000568, -10.80000000000000071, -15.59999999999999964 ) ) ;
#5957 = ADVANCED_FACE ( 'NONE', ( #8317 ), #7042, .F. ) ;
#5958 = CARTESIAN_POINT ( 'NONE',  ( 3.868191668318319974E-16, -10.80000000000000071, 4.500000000000000000 ) ) ;
#5959 = CARTESIAN_POINT ( 'NONE',  ( 117.5999999999999943, -10.80000000000000071, -3.227411761410004853 ) ) ;
#5960 = ORIENTED_EDGE ( 'NONE', *, *, #8138, .T. ) ;
#5961 = LINE ( 'NONE', #2582, #2958 ) ;
#5962 = ORIENTED_EDGE ( 'NONE', *, *, #8802, .F. ) ;
#5963 = ORIENTED_EDGE ( 'NONE', *, *, #5696, .F. ) ;
#5964 = PLANE ( 'NONE',  #1064 ) ;
#5965 = CARTESIAN_POINT ( 'NONE',  ( -46.19999999999999574, 10.80000000000000071, 4.275303338208110482 ) ) ;
#5966 = ORIENTED_EDGE ( 'NONE', *, *, #7637, .T. ) ;
#5967 = CARTESIAN_POINT ( 'NONE',  ( 77.10030432623400998, -7.200000000000000178, 6.364617092752020255 ) ) ;
#5968 = DIRECTION ( 'NONE',  ( 0.000000000000000000, 0.000000000000000000, -1.000000000000000000 ) ) ;
#5969 = EDGE_LOOP ( 'NONE', ( #5816, #1786, #302, #2942 ) ) ;
#5971 = EDGE_CURVE ( 'NONE', #1320, #7518, #8953, .T. ) ;
#5970 = CARTESIAN_POINT ( 'NONE',  ( -182.2199999999999989, -10.80000000000000071, 6.364617092752020255 ) ) ;
#5972 = DIRECTION ( 'NONE',  ( 0.7071067811865470176, 0.000000000000000000, -0.7071067811865480168 ) ) ;
#5973 = DIRECTION ( 'NONE',  ( 1.000000000000000000, 0.000000000000000000, 0.000000000000000000 ) ) ;
#5974 = VECTOR ( 'NONE', #2539, 1000.000000000000000 ) ;
#5975 = ORIENTED_EDGE ( 'NONE', *, *, #6565, .F. ) ;
#5976 = ADVANCED_FACE ( 'NONE', ( #7587 ), #6364, .F. ) ;
#5977 = EDGE_CURVE ( 'NONE', #1133, #1053, #6915, .T. ) ;
#5978 = LINE ( 'NONE', #1282, #4851 ) ;
#5979 = LINE ( 'NONE', #1924, #6637 ) ;
#5980 = CARTESIAN_POINT ( 'NONE',  ( 19.47559106388689898, -10.80000000000000071, 6.364617092752020255 ) ) ;
#5981 = ORIENTED_EDGE ( 'NONE', *, *, #1962, .F. ) ;
#5982 = AXIS2_PLACEMENT_3D ( 'NONE', #4216, #6963, #4927 ) ;
#5983 = CARTESIAN_POINT ( 'NONE',  ( 102.0000000000000000, -6.000000000000000000, -9.899999999999998579 ) ) ;
#5984 = EDGE_CURVE ( 'NONE', #7425, #8295, #7674, .T. ) ;
#5985 = ORIENTED_EDGE ( 'NONE', *, *, #4120, .F. ) ;
#5986 = DIRECTION ( 'NONE',  ( 0.000000000000000000, 1.000000000000000000, 0.000000000000000000 ) ) ;
#5987 = ORIENTED_EDGE ( 'NONE', *, *, #4888, .T. ) ;
#5988 = PLANE ( 'NONE',  #758 ) ;
#5989 = ORIENTED_EDGE ( 'NONE', *, *, #1794, .T. ) ;
#5990 = VECTOR ( 'NONE', #6826, 1000.000000000000000 ) ;
#5991 = VECTOR ( 'NONE', #1350, 1000.000000000000000 ) ;
#5992 = ORIENTED_EDGE ( 'NONE', *, *, #2994, .F. ) ;
#5993 = VECTOR ( 'NONE', #8624, 1000.000000000000000 ) ;
#5994 = EDGE_CURVE ( 'NONE', #2921, #8701, #2763, .T. ) ;
#5995 = CARTESIAN_POINT ( 'NONE',  ( -85.76116934474099196, -7.200000000000000178, -6.364617092752079763 ) ) ;
#5996 = CARTESIAN_POINT ( 'NONE',  ( 0.000000000000000000, 0.000000000000000000, -36.00000000000000000 ) ) ;
#5997 = LINE ( 'NONE', #4598, #1888 ) ;
#5998 = AXIS2_PLACEMENT_3D ( 'NONE', #3780, #7922, #8060 ) ;
#5999 = AXIS2_PLACEMENT_3D ( 'NONE', #8756, #2656, #8030 ) ;
#6000 = EDGE_LOOP ( 'NONE', ( #8906, #7951, #4558, #5846 ) ) ;
#6001 = VECTOR ( 'NONE', #8182, 1000.000000000000000 ) ;
#6002 = CARTESIAN_POINT ( 'NONE',  ( -15.70736835487440075, -10.80000000000000071, 4.500000000000000000 ) ) ;
#6003 = VERTEX_POINT ( 'NONE', #2806 ) ;
#6004 = CARTESIAN_POINT ( 'NONE',  ( -6.000000000000000000, -10.80000000000000071, -9.364617092752020255 ) ) ;
#6005 = VERTEX_POINT ( 'NONE', #6192 ) ;
#6006 = DIRECTION ( 'NONE',  ( 0.7071067811865480168, 0.000000000000000000, -0.7071067811865470176 ) ) ;
#6007 = ADVANCED_FACE ( 'NONE', ( #7630 ), #6324, .T. ) ;
#6008 = ORIENTED_EDGE ( 'NONE', *, *, #5620, .F. ) ;
#6009 = AXIS2_PLACEMENT_3D ( 'NONE', #2142, #2862, #3669 ) ;
#6010 = VECTOR ( 'NONE', #3863, 1000.000000000000000 ) ;
#6011 = LINE ( 'NONE', #4699, #1385 ) ;
#6012 = AXIS2_PLACEMENT_3D ( 'NONE', #8294, #2111, #4865 ) ;
#6013 = CARTESIAN_POINT ( 'NONE',  ( -204.0000000000000000, -4.178898784497604806E-15, 15.59999999999999964 ) ) ;
#6014 = ORIENTED_EDGE ( 'NONE', *, *, #6393, .F. ) ;
#6015 = CARTESIAN_POINT ( 'NONE',  ( 94.52274490961460174, 10.80000000000000071, -37.96249396662199871 ) ) ;
#6016 = ORIENTED_EDGE ( 'NONE', *, *, #109, .F. ) ;
#6017 = ADVANCED_FACE ( 'NONE', ( #8271 ), #3529, .F. ) ;
#6018 = ORIENTED_EDGE ( 'NONE', *, *, #7167, .T. ) ;
#6019 = CARTESIAN_POINT ( 'NONE',  ( 62.79117005096220083, -7.200000000000000178, -6.364617092752020255 ) ) ;
#6020 = LINE ( 'NONE', #2586, #7991 ) ;
#6021 = CARTESIAN_POINT ( 'NONE',  ( 15.70736835487440075, -1.800000000000000044, 4.500000000000000000 ) ) ;
#6022 = ORIENTED_EDGE ( 'NONE', *, *, #3005, .T. ) ;
#6023 = DIRECTION ( 'NONE',  ( 1.000000000000000000, -8.226411930404939455E-32, 7.709882115452469538E-17 ) ) ;
#6024 = CYLINDRICAL_SURFACE ( 'NONE', #5578, 8.699999999999999289 ) ;
#6025 = ORIENTED_EDGE ( 'NONE', *, *, #4590, .F. ) ;
#6026 = DIRECTION ( 'NONE',  ( 0.000000000000000000, 1.000000000000000000, 0.000000000000000000 ) ) ;
#6027 = LINE ( 'NONE', #597, #4497 ) ;
#6028 = PLANE ( 'NONE',  #6922 ) ;
#6029 = ORIENTED_EDGE ( 'NONE', *, *, #2598, .F. ) ;
#6030 = EDGE_CURVE ( 'NONE', #7217, #1733, #7711, .T. ) ;
#6031 = CARTESIAN_POINT ( 'NONE',  ( 43.81619830391214521, -10.80000000000000071, 6.364617092752020255 ) ) ;
#6032 = FACE_BOUND ( 'NONE', #676, .T. ) ;
#6033 = PLANE ( 'NONE',  #4552 ) ;
#6034 = EDGE_LOOP ( 'NONE', ( #8125, #5876, #5044 ) ) ;
#6035 = CARTESIAN_POINT ( 'NONE',  ( 102.0000000000000000, -7.000000000000000000, -9.899999999999998579 ) ) ;
#6036 = ADVANCED_FACE ( 'NONE', ( #6866 ), #805, .T. ) ;
#6037 = EDGE_LOOP ( 'NONE', ( #592, #475, #4038, #6168 ) ) ;
#6038 = VERTEX_POINT ( 'NONE', #2893 ) ;
#6039 = DIRECTION ( 'NONE',  ( 0.000000000000000000, 0.000000000000000000, -1.000000000000000000 ) ) ;
#6040 = ORIENTED_EDGE ( 'NONE', *, *, #7607, .F. ) ;
#6041 = ORIENTED_EDGE ( 'NONE', *, *, #6870, .F. ) ;
#6042 = AXIS2_PLACEMENT_3D ( 'NONE', #387, #5145, #5099 ) ;
#6043 = EDGE_CURVE ( 'NONE', #5821, #1055, #673, .T. ) ;
#6044 = CARTESIAN_POINT ( 'NONE',  ( -112.0826458241988064, -10.80000000000000071, 44.54366739550789589 ) ) ;
#6045 = DIRECTION ( 'NONE',  ( -0.6546536707079743111, 0.6546536707079793072, -0.3779644730092281968 ) ) ;
#6046 = LINE ( 'NONE', #4069, #358 ) ;
#6047 = PLANE ( 'NONE',  #1592 ) ;
#6048 = ORIENTED_EDGE ( 'NONE', *, *, #7241, .T. ) ;
#6049 = ADVANCED_FACE ( 'NONE', ( #4214 ), #4925, .T. ) ;
#6050 = CARTESIAN_POINT ( 'NONE',  ( -130.3799999999999955, -10.80000000000000071, -6.364617092752079763 ) ) ;
#6051 = ORIENTED_EDGE ( 'NONE', *, *, #8720, .T. ) ;
#6052 = CARTESIAN_POINT ( 'NONE',  ( 15.92062982469679966, -10.80000000000000071, -27.60157479136859848 ) ) ;
#6053 = VERTEX_POINT ( 'NONE', #1535 ) ;
#6054 = PLANE ( 'NONE',  #3254 ) ;
#6055 = ORIENTED_EDGE ( 'NONE', *, *, #6208, .F. ) ;
#6056 = AXIS2_PLACEMENT_3D ( 'NONE', #1654, #4419, #3748 ) ;
#6057 = FACE_OUTER_BOUND ( 'NONE', #4545, .T. ) ;
#6058 = DIRECTION ( 'NONE',  ( 0.000000000000000000, 0.000000000000000000, 1.000000000000000000 ) ) ;
#6059 = ORIENTED_EDGE ( 'NONE', *, *, #5366, .F. ) ;
#6060 = CARTESIAN_POINT ( 'NONE',  ( 102.0000000000000000, -7.200000000000000178, -7.360660171779840333 ) ) ;
#6061 = ORIENTED_EDGE ( 'NONE', *, *, #3667, .T. ) ;
#6062 = VECTOR ( 'NONE', #1367, 1000.000000000000000 ) ;
#6063 = ORIENTED_EDGE ( 'NONE', *, *, #1498, .F. ) ;
#6064 = VECTOR ( 'NONE', #7298, 1000.000000000000000 ) ;
#6065 = DIRECTION ( 'NONE',  ( 0.000000000000000000, 0.000000000000000000, 1.000000000000000000 ) ) ;
#6066 = LINE ( 'NONE', #5197, #7562 ) ;
#6067 = VECTOR ( 'NONE', #3294, 1000.000000000000000 ) ;
#6068 = DIRECTION ( 'NONE',  ( 0.000000000000000000, 0.000000000000000000, 1.000000000000000000 ) ) ;
#6069 = ORIENTED_EDGE ( 'NONE', *, *, #7691, .T. ) ;
#6070 = EDGE_CURVE ( 'NONE', #7179, #13, #6493, .T. ) ;
#6071 = DIRECTION ( 'NONE',  ( -0.7783304170275797684, 0.000000000000000000, 0.6278548892297277639 ) ) ;
#6072 = FACE_OUTER_BOUND ( 'NONE', #4332, .T. ) ;
#6073 = ORIENTED_EDGE ( 'NONE', *, *, #7966, .T. ) ;
#6074 = CARTESIAN_POINT ( 'NONE',  ( -117.5999999999999943, -10.80000000000000071, 15.59999999999999964 ) ) ;
#6075 = CARTESIAN_POINT ( 'NONE',  ( 14.07265876487454115, 10.80000000000000071, -6.364617092752020255 ) ) ;
#6076 = ORIENTED_EDGE ( 'NONE', *, *, #569, .F. ) ;
#6077 = AXIS2_PLACEMENT_3D ( 'NONE', #8051, #8637, #3862 ) ;
#6078 = EDGE_CURVE ( 'NONE', #3127, #1893, #2982, .T. ) ;
#6079 = CARTESIAN_POINT ( 'NONE',  ( 167.9399999999999977, -10.80000000000000071, -6.364617092752020255 ) ) ;
#6080 = DIRECTION ( 'NONE',  ( -2.075007502312799731E-16, 0.000000000000000000, -1.000000000000000000 ) ) ;
#6081 = CARTESIAN_POINT ( 'NONE',  ( 195.0000000000000000, 5.196152422706630247, -12.59999999999999964 ) ) ;
#6082 = VERTEX_POINT ( 'NONE', #7169 ) ;
#6083 = LINE ( 'NONE', #4588, #4400 ) ;
#6084 = EDGE_LOOP ( 'NONE', ( #2256, #1948, #7415 ) ) ;
#6085 = VECTOR ( 'NONE', #7276, 1000.000000000000000 ) ;
#6086 = EDGE_CURVE ( 'NONE', #5376, #5085, #5770, .T. ) ;
#6087 = ORIENTED_EDGE ( 'NONE', *, *, #2919, .F. ) ;
#6088 = CARTESIAN_POINT ( 'NONE',  ( 150.6599999999999966, -10.80000000000000071, 6.364617092752020255 ) ) ;
#6089 = ORIENTED_EDGE ( 'NONE', *, *, #161, .T. ) ;
#6090 = ORIENTED_EDGE ( 'NONE', *, *, #5102, .F. ) ;
#6091 = VECTOR ( 'NONE', #4739, 1000.000000000000000 ) ;
#6092 = CARTESIAN_POINT ( 'NONE',  ( 195.0000000000000000, -10.09951905283836027, -9.769039956158039217 ) ) ;
#6093 = LINE ( 'NONE', #5272, #6865 ) ;
#6094 = CARTESIAN_POINT ( 'NONE',  ( -9.000000000000000000, -10.80000000000000071, -36.00000000000000000 ) ) ;
#6095 = VERTEX_POINT ( 'NONE', #2933 ) ;
#6096 = ADVANCED_FACE ( 'NONE', ( #2428 ), #5014, .F. ) ;
#6097 = EDGE_LOOP ( 'NONE', ( #4620, #2732, #2266 ) ) ;
#6098 = LINE ( 'NONE', #2574, #7165 ) ;
#6099 = FACE_OUTER_BOUND ( 'NONE', #6818, .T. ) ;
#6100 = VERTEX_POINT ( 'NONE', #1019 ) ;
#6101 = CARTESIAN_POINT ( 'NONE',  ( -91.52132034355979329, -7.200000000000000178, 12.59999999999999964 ) ) ;
#6102 = EDGE_CURVE ( 'NONE', #7340, #4087, #7210, .T. ) ;
#6103 = PLANE ( 'NONE',  #2962 ) ;
#6104 = DIRECTION ( 'NONE',  ( 0.000000000000000000, 1.000000000000000000, 0.000000000000000000 ) ) ;
#6105 = LINE ( 'NONE', #3448, #3686 ) ;
#6106 = VERTEX_POINT ( 'NONE', #3835 ) ;
#6107 = EDGE_CURVE ( 'NONE', #2723, #6924, #7760, .T. ) ;
#6108 = ORIENTED_EDGE ( 'NONE', *, *, #4011, .T. ) ;
#6109 = DIRECTION ( 'NONE',  ( 0.000000000000000000, 0.000000000000000000, -1.000000000000000000 ) ) ;
#6110 = DIRECTION ( 'NONE',  ( 0.000000000000000000, 1.000000000000000000, 0.000000000000000000 ) ) ;
#6111 = CARTESIAN_POINT ( 'NONE',  ( 68.12632186096860210, -7.200000000000000178, -1.661062501570174987 ) ) ;
#6112 = ORIENTED_EDGE ( 'NONE', *, *, #7392, .F. ) ;
#6113 = LINE ( 'NONE', #5439, #1289 ) ;
#6114 = DIRECTION ( 'NONE',  ( 0.000000000000000000, -1.000000000000000000, -1.156482317317869950E-15 ) ) ;
#6115 = ORIENTED_EDGE ( 'NONE', *, *, #8651, .T. ) ;
#6116 = LINE ( 'NONE', #8874, #6234 ) ;
#6117 = CARTESIAN_POINT ( 'NONE',  ( 49.02717463334119685, -10.80000000000000071, -18.49917411100505049 ) ) ;
#6118 = ORIENTED_EDGE ( 'NONE', *, *, #1012, .T. ) ;
#6119 = EDGE_CURVE ( 'NONE', #2866, #13, #4335, .T. ) ;
#6120 = CARTESIAN_POINT ( 'NONE',  ( 0.000000000000000000, -10.80000000000000071, -9.364617092752020255 ) ) ;
#6121 = DIRECTION ( 'NONE',  ( 0.000000000000000000, 0.000000000000000000, 1.000000000000000000 ) ) ;
#6122 = LINE ( 'NONE', #2697, #5432 ) ;
#6123 = ORIENTED_EDGE ( 'NONE', *, *, #8922, .T. ) ;
#6124 = DIRECTION ( 'NONE',  ( 0.7501120765757850473, 0.000000000000000000, -0.6613107231666242036 ) ) ;
#6125 = EDGE_CURVE ( 'NONE', #1191, #325, #886, .T. ) ;
#6126 = CARTESIAN_POINT ( 'NONE',  ( 167.9399999999999977, -10.80000000000000071, -6.364617092752020255 ) ) ;
#6127 = ORIENTED_EDGE ( 'NONE', *, *, #7851, .F. ) ;
#6128 = ORIENTED_EDGE ( 'NONE', *, *, #1045, .F. ) ;
#6129 = CARTESIAN_POINT ( 'NONE',  ( 23.09999999999999787, 10.80000000000000071, -3.391328741992544860 ) ) ;
#6130 = PLANE ( 'NONE',  #509 ) ;
#6131 = DIRECTION ( 'NONE',  ( 0.000000000000000000, 0.000000000000000000, 1.000000000000000000 ) ) ;
#6132 = ORIENTED_EDGE ( 'NONE', *, *, #6535, .T. ) ;
#6133 = VECTOR ( 'NONE', #3041, 1000.000000000000000 ) ;
#6134 = DIRECTION ( 'NONE',  ( -0.7501120765757850473, 0.000000000000000000, -0.6613107231666242036 ) ) ;
#6135 = CARTESIAN_POINT ( 'NONE',  ( 87.90000000000000568, -7.200000000000000178, 6.364617092752020255 ) ) ;
#6136 = DIRECTION ( 'NONE',  ( 1.000000000000000000, 0.000000000000000000, -3.700743415417190112E-16 ) ) ;
#6137 = VECTOR ( 'NONE', #35, 1000.000000000000000 ) ;
#6138 = ORIENTED_EDGE ( 'NONE', *, *, #2895, .F. ) ;
#6139 = CARTESIAN_POINT ( 'NONE',  ( -22.29221050646230040, -10.80000000000000071, -6.364617092752020255 ) ) ;
#6140 = EDGE_LOOP ( 'NONE', ( #8310, #4343, #7132 ) ) ;
#6141 = CARTESIAN_POINT ( 'NONE',  ( 0.000000000000000000, 1.351735180736268092E-14, -15.59999999999999964 ) ) ;
#6142 = AXIS2_PLACEMENT_3D ( 'NONE', #6120, #6212, #4900 ) ;
#6143 = EDGE_CURVE ( 'NONE', #7982, #2848, #3661, .T. ) ;
#6144 = VECTOR ( 'NONE', #5410, 1000.000000000000000 ) ;
#6145 = CARTESIAN_POINT ( 'NONE',  ( -9.000000000000000000, 0.000000000000000000, -36.00000000000000000 ) ) ;
#6146 = AXIS2_PLACEMENT_3D ( 'NONE', #2743, #6896, #2197 ) ;
#6147 = DIRECTION ( 'NONE',  ( 0.000000000000000000, 0.000000000000000000, 1.000000000000000000 ) ) ;
#6148 = CARTESIAN_POINT ( 'NONE',  ( -157.9791843563795055, 7.200000000000000178, -6.364617092752020255 ) ) ;
#6149 = ORIENTED_EDGE ( 'NONE', *, *, #3036, .F. ) ;
#6150 = AXIS2_PLACEMENT_3D ( 'NONE', #870, #3049, #3008 ) ;
#6151 = ADVANCED_FACE ( 'NONE', ( #292 ), #6453, .F. ) ;
#6152 = ORIENTED_EDGE ( 'NONE', *, *, #4776, .T. ) ;
#6153 = FACE_OUTER_BOUND ( 'NONE', #5219, .T. ) ;
#6154 = VECTOR ( 'NONE', #6068, 1000.000000000000000 ) ;
#6155 = VECTOR ( 'NONE', #1276, 1000.000000000000000 ) ;
#6156 = CARTESIAN_POINT ( 'NONE',  ( 15.70736835487440075, -10.80000000000000071, 4.500000000000000000 ) ) ;
#6157 = EDGE_CURVE ( 'NONE', #4372, #7783, #2381, .T. ) ;
#6158 = CARTESIAN_POINT ( 'NONE',  ( -204.0000000000000000, -10.80000000000000071, -9.364617092752020255 ) ) ;
#6160 = ORIENTED_EDGE ( 'NONE', *, *, #191, .F. ) ;
#6159 = AXIS2_PLACEMENT_3D ( 'NONE', #857, #5028, #434 ) ;
#6161 = VECTOR ( 'NONE', #7857, 1000.000000000000000 ) ;
#6162 = PLANE ( 'NONE',  #4067 ) ;
#6163 = DIRECTION ( 'NONE',  ( 0.000000000000000000, 0.000000000000000000, -1.000000000000000000 ) ) ;
#6164 = ORIENTED_EDGE ( 'NONE', *, *, #831, .F. ) ;
#6165 = DIRECTION ( 'NONE',  ( 0.000000000000000000, 1.000000000000000000, 0.000000000000000000 ) ) ;
#6166 = EDGE_CURVE ( 'NONE', #3149, #1251, #4374, .T. ) ;
#6167 = LINE ( 'NONE', #4808, #7831 ) ;
#6168 = ORIENTED_EDGE ( 'NONE', *, *, #8574, .F. ) ;
#6169 = PLANE ( 'NONE',  #3120 ) ;
#6170 = CARTESIAN_POINT ( 'NONE',  ( 0.000000000000000000, 10.80000000000000071, 9.364617092752020255 ) ) ;
#6171 = AXIS2_PLACEMENT_3D ( 'NONE', #3524, #27, #7534 ) ;
#6172 = DIRECTION ( 'NONE',  ( 0.000000000000000000, 0.000000000000000000, 1.000000000000000000 ) ) ;
#6173 = ORIENTED_EDGE ( 'NONE', *, *, #384, .F. ) ;
#6174 = PLANE ( 'NONE',  #5269 ) ;
#6175 = EDGE_CURVE ( 'NONE', #417, #1904, #5055, .T. ) ;
#6176 = LINE ( 'NONE', #2832, #6735 ) ;
#6177 = ORIENTED_EDGE ( 'NONE', *, *, #6078, .T. ) ;
#6178 = ORIENTED_EDGE ( 'NONE', *, *, #6837, .T. ) ;
#6179 = CARTESIAN_POINT ( 'NONE',  ( 15.70736835487440075, -1.800000000000000044, -4.500000000000000000 ) ) ;
#6180 = CARTESIAN_POINT ( 'NONE',  ( 77.10030432623400998, -10.80000000000000071, 6.364617092752020255 ) ) ;
#6181 = CARTESIAN_POINT ( 'NONE',  ( 59.02294734194980208, -10.80000000000000071, 6.364617092752020255 ) ) ;
#6182 = VERTEX_POINT ( 'NONE', #332 ) ;
#6183 = ADVANCED_FACE ( 'NONE', ( #8618 ), #6405, .T. ) ;
#6184 = CARTESIAN_POINT ( 'NONE',  ( -6.000000000000000000, 0.000000000000000000, -6.000000000000000000 ) ) ;
#6185 = CARTESIAN_POINT ( 'NONE',  ( -117.5999999999999943, -10.80000000000000071, -15.59999999999999964 ) ) ;
#6186 = LINE ( 'NONE', #4166, #3281 ) ;
#6187 = ORIENTED_EDGE ( 'NONE', *, *, #8312, .T. ) ;
#6188 = CARTESIAN_POINT ( 'NONE',  ( 164.9399999999999977, -7.200000000000000178, 3.396598976154964866 ) ) ;
#6189 = ORIENTED_EDGE ( 'NONE', *, *, #7850, .T. ) ;
#6190 = ADVANCED_FACE ( 'NONE', ( #200 ), #5810, .T. ) ;
#6191 = CARTESIAN_POINT ( 'NONE',  ( -44.58442101292464343, -10.80000000000000071, 3.042492089611689821 ) ) ;
#6192 = CARTESIAN_POINT ( 'NONE',  ( -133.3799999999999955, -7.200000000000000178, -6.364617092752079763 ) ) ;
#6193 = CARTESIAN_POINT ( 'NONE',  ( 117.5999999999999943, -7.200000000000000178, -3.227411761410004853 ) ) ;
#6194 = DIRECTION ( 'NONE',  ( 0.000000000000000000, 1.000000000000000000, 0.000000000000000000 ) ) ;
#6195 = VERTEX_POINT ( 'NONE', #7804 ) ;
#6196 = ORIENTED_EDGE ( 'NONE', *, *, #7672, .T. ) ;
#6197 = CARTESIAN_POINT ( 'NONE',  ( 0.000000000000000000, 1.351735180736268092E-14, -15.59999999999999964 ) ) ;
#6198 = EDGE_CURVE ( 'NONE', #379, #2488, #3022, .T. ) ;
#6199 = CARTESIAN_POINT ( 'NONE',  ( 186.0000000000000000, 1.332267629550185955E-14, -15.59999999999999964 ) ) ;
#6200 = CARTESIAN_POINT ( 'NONE',  ( 91.52132034355979329, -10.80000000000000071, -12.59999999999999964 ) ) ;
#6201 = ORIENTED_EDGE ( 'NONE', *, *, #7197, .T. ) ;
#6202 = DIRECTION ( 'NONE',  ( 0.7071067811865470176, 0.000000000000000000, 0.7071067811865480168 ) ) ;
#6203 = VECTOR ( 'NONE', #3107, 1000.000000000000000 ) ;
#6204 = CARTESIAN_POINT ( 'NONE',  ( 47.11388147121180481, 7.200000000000000178, 4.813868674543639870 ) ) ;
#6205 = ORIENTED_EDGE ( 'NONE', *, *, #5040, .F. ) ;
#6206 = CARTESIAN_POINT ( 'NONE',  ( -130.3799999999999955, -10.80000000000000071, 3.227411761409994639 ) ) ;
#6207 = ADVANCED_FACE ( 'NONE', ( #4465 ), #3749, .T. ) ;
#6208 = EDGE_CURVE ( 'NONE', #3520, #8718, #4025, .T. ) ;
#6209 = DIRECTION ( 'NONE',  ( 0.000000000000000000, 1.000000000000000000, 0.000000000000000000 ) ) ;
#6210 = EDGE_LOOP ( 'NONE', ( #4828, #1126, #8904 ) ) ;
#6211 = VECTOR ( 'NONE', #3012, 1000.000000000000000 ) ;
#6213 = EDGE_CURVE ( 'NONE', #6985, #3269, #6046, .T. ) ;
#6212 = DIRECTION ( 'NONE',  ( 0.000000000000000000, -0.4999999999999998890, -0.8660254037844387076 ) ) ;
#6214 = DIRECTION ( 'NONE',  ( -7.081174480508299398E-16, 0.000000000000000000, 1.000000000000000000 ) ) ;
#6215 = LINE ( 'NONE', #4192, #7155 ) ;
#6216 = ORIENTED_EDGE ( 'NONE', *, *, #3401, .T. ) ;
#6217 = LINE ( 'NONE', #1426, #5564 ) ;
#6218 = AXIS2_PLACEMENT_3D ( 'NONE', #2322, #1390, #7870 ) ;
#6219 = EDGE_CURVE ( 'NONE', #5317, #3449, #1203, .T. ) ;
#6220 = DIRECTION ( 'NONE',  ( 0.000000000000000000, 0.000000000000000000, -1.000000000000000000 ) ) ;
#6221 = ORIENTED_EDGE ( 'NONE', *, *, #3763, .T. ) ;
#6222 = ORIENTED_EDGE ( 'NONE', *, *, #4768, .T. ) ;
#6223 = LINE ( 'NONE', #2793, #8083 ) ;
#6224 = VECTOR ( 'NONE', #780, 1000.000000000000000 ) ;
#6225 = DIRECTION ( 'NONE',  ( 0.000000000000000000, 1.000000000000000000, 0.000000000000000000 ) ) ;
#6226 = ORIENTED_EDGE ( 'NONE', *, *, #3217, .F. ) ;
#6227 = EDGE_LOOP ( 'NONE', ( #610, #2588, #2079, #1851 ) ) ;
#6228 = LINE ( 'NONE', #110, #16 ) ;
#6229 = CARTESIAN_POINT ( 'NONE',  ( 117.5999999999999943, 1.657405997545260083E-15, 15.59999999999999964 ) ) ;
#6230 = FACE_OUTER_BOUND ( 'NONE', #4303, .T. ) ;
#6231 = ORIENTED_EDGE ( 'NONE', *, *, #3858, .F. ) ;
#6232 = FACE_BOUND ( 'NONE', #5743, .T. ) ;
#6233 = ORIENTED_EDGE ( 'NONE', *, *, #8814, .T. ) ;
#6234 = VECTOR ( 'NONE', #2009, 1000.000000000000000 ) ;
#6235 = EDGE_CURVE ( 'NONE', #543, #4289, #1846, .T. ) ;
#6236 = CARTESIAN_POINT ( 'NONE',  ( -33.14589468389949900, -10.80000000000000071, 6.364617092752020255 ) ) ;
#6237 = CARTESIAN_POINT ( 'NONE',  ( -186.0000000000000000, -4.699519052838339483, 12.88673140978199960 ) ) ;
#6238 = CARTESIAN_POINT ( 'NONE',  ( -43.81619830391214521, -7.200000000000000178, 6.364617092752020255 ) ) ;
#6239 = DIRECTION ( 'NONE',  ( -5.233102047361820167E-16, -1.066995812285799955E-15, 1.000000000000000000 ) ) ;
#6240 = ORIENTED_EDGE ( 'NONE', *, *, #7899, .T. ) ;
#6241 = CARTESIAN_POINT ( 'NONE',  ( 134.4090996541806078, -10.80000000000000071, 6.364617092752020255 ) ) ;
#6242 = ADVANCED_FACE ( 'NONE', ( #3296 ), #5904, .T. ) ;
#6243 = DIRECTION ( 'NONE',  ( 0.7071067811865470176, 0.000000000000000000, 0.7071067811865480168 ) ) ;
#6244 = DIRECTION ( 'NONE',  ( 0.000000000000000000, -0.8660254037844383745, -0.5000000000000003331 ) ) ;
#6245 = EDGE_LOOP ( 'NONE', ( #3329, #2316, #8751, #3020 ) ) ;
#6246 = CARTESIAN_POINT ( 'NONE',  ( -181.1909003458195002, -7.200000000000000178, -6.364617092752079763 ) ) ;
#6247 = CARTESIAN_POINT ( 'NONE',  ( 72.69325096196220670, -10.80000000000000071, 6.364617092752020255 ) ) ;
#6248 = EDGE_LOOP ( 'NONE', ( #8724, #5954, #5292, #5017 ) ) ;
#6249 = FACE_OUTER_BOUND ( 'NONE', #3852, .T. ) ;
#6250 = FACE_OUTER_BOUND ( 'NONE', #3009, .T. ) ;
#6251 = ORIENTED_EDGE ( 'NONE', *, *, #7573, .F. ) ;
#6252 = CARTESIAN_POINT ( 'NONE',  ( 195.0000000000000000, -4.049999999999999822, 13.26173140978200138 ) ) ;
#6253 = CARTESIAN_POINT ( 'NONE',  ( 102.0000000000000000, 3.000000000000000000, 1.665334536937735008E-15 ) ) ;
#6254 = EDGE_CURVE ( 'NONE', #7164, #8241, #3203, .T. ) ;
#6255 = CARTESIAN_POINT ( 'NONE',  ( 186.0000000000000000, -10.80000000000000071, -12.59999999999999964 ) ) ;
#6256 = EDGE_LOOP ( 'NONE', ( #2128, #8356, #7512 ) ) ;
#6257 = CARTESIAN_POINT ( 'NONE',  ( 112.4786796564402067, -7.200000000000000178, 12.59999999999999964 ) ) ;
#6258 = DIRECTION ( 'NONE',  ( 0.000000000000000000, 0.000000000000000000, 1.000000000000000000 ) ) ;
#6259 = ADVANCED_FACE ( 'NONE', ( #3975 ), #5950, .T. ) ;
#6260 = CARTESIAN_POINT ( 'NONE',  ( 124.4345435368356050, -7.200000000000000178, -1.568602665671030127 ) ) ;
#6261 = ORIENTED_EDGE ( 'NONE', *, *, #2949, .T. ) ;
#6262 = EDGE_CURVE ( 'NONE', #6106, #4145, #6093, .T. ) ;
#6263 = DIRECTION ( 'NONE',  ( 0.000000000000000000, -0.8660254037844387076, 0.4999999999999998890 ) ) ;
#6264 = EDGE_CURVE ( 'NONE', #6361, #8161, #6721, .T. ) ;
#6265 = PLANE ( 'NONE',  #4271 ) ;
#6266 = ORIENTED_EDGE ( 'NONE', *, *, #1284, .F. ) ;
#6267 = ORIENTED_EDGE ( 'NONE', *, *, #7331, .T. ) ;
#6268 = PLANE ( 'NONE',  #1023 ) ;
#6269 = LINE ( 'NONE', #5505, #5500 ) ;
#6270 = CARTESIAN_POINT ( 'NONE',  ( 9.000000000000000000, 0.000000000000000000, -42.60000000000000142 ) ) ;
#6271 = ORIENTED_EDGE ( 'NONE', *, *, #4583, .F. ) ;
#6272 = EDGE_CURVE ( 'NONE', #1320, #4451, #2568, .T. ) ;
#6273 = FACE_OUTER_BOUND ( 'NONE', #5823, .T. ) ;
#6274 = ORIENTED_EDGE ( 'NONE', *, *, #5096, .T. ) ;
#6275 = VECTOR ( 'NONE', #6284, 1000.000000000000227 ) ;
#6276 = DIRECTION ( 'NONE',  ( 1.000000000000000000, 9.614813431917861976E-16, -5.551115123125790591E-16 ) ) ;
#6277 = CARTESIAN_POINT ( 'NONE',  ( 26.10000000000000142, 10.80000000000000071, -3.391328741992555074 ) ) ;
#6278 = CARTESIAN_POINT ( 'NONE',  ( -65.18999999999999773, -10.80000000000000071, -6.364617092752079763 ) ) ;
#6279 = CARTESIAN_POINT ( 'NONE',  ( 164.8542164889175297, 7.200000000000000178, 0.8566576130852399107 ) ) ;
#6280 = VECTOR ( 'NONE', #3760, 1000.000000000000000 ) ;
#6281 = EDGE_CURVE ( 'NONE', #319, #5261, #2613, .T. ) ;
#6282 = ORIENTED_EDGE ( 'NONE', *, *, #3173, .T. ) ;
#6283 = FACE_OUTER_BOUND ( 'NONE', #2903, .T. ) ;
#6284 = DIRECTION ( 'NONE',  ( -0.8615268990046556219, -5.417265015047506661E-16, 0.5077119284509886699 ) ) ;
#6285 = VECTOR ( 'NONE', #8397, 1000.000000000000000 ) ;
#6286 = VECTOR ( 'NONE', #5158, 1000.000000000000000 ) ;
#6287 = VECTOR ( 'NONE', #8003, 1000.000000000000114 ) ;
#6289 = ADVANCED_FACE ( 'NONE', ( #526 ), #4597, .F. ) ;
#6288 = CARTESIAN_POINT ( 'NONE',  ( -24.04252016488074872, -7.200000000000000178, -1.661062501570174987 ) ) ;
#6290 = ORIENTED_EDGE ( 'NONE', *, *, #5509, .F. ) ;
#6291 = CARTESIAN_POINT ( 'NONE',  ( -114.5999999999999943, -7.200000000000000178, -6.364617092752079763 ) ) ;
#6292 = PLANE ( 'NONE',  #3427 ) ;
#6293 = ORIENTED_EDGE ( 'NONE', *, *, #8679, .F. ) ;
#6294 = VECTOR ( 'NONE', #2541, 1000.000000000000000 ) ;
#6295 = PLANE ( 'NONE',  #2331 ) ;
#6296 = CARTESIAN_POINT ( 'NONE',  ( 176.4375234668430039, 10.80000000000000071, -6.364617092752020255 ) ) ;
#6297 = EDGE_LOOP ( 'NONE', ( #1389, #995, #5339, #7658 ) ) ;
#6298 = VECTOR ( 'NONE', #2396, 1000.000000000000000 ) ;
#6299 = VECTOR ( 'NONE', #5449, 1000.000000000000000 ) ;
#6301 = EDGE_CURVE ( 'NONE', #8016, #2833, #473, .T. ) ;
#6300 = DIRECTION ( 'NONE',  ( 1.000000000000000000, 0.000000000000000000, 0.000000000000000000 ) ) ;
#6302 = CARTESIAN_POINT ( 'NONE',  ( 18.00000000000000000, -10.80000000000000071, -36.00000000000000000 ) ) ;
#6303 = CARTESIAN_POINT ( 'NONE',  ( 102.0000000000000000, -10.80000000000000071, 2.121320343559645050 ) ) ;
#6304 = ORIENTED_EDGE ( 'NONE', *, *, #1056, .F. ) ;
#6305 = DIRECTION ( 'NONE',  ( 0.000000000000000000, 1.000000000000000000, 0.000000000000000000 ) ) ;
#6306 = PLANE ( 'NONE',  #3074 ) ;
#6307 = ORIENTED_EDGE ( 'NONE', *, *, #1006, .T. ) ;
#6308 = EDGE_CURVE ( 'NONE', #6401, #2043, #7438, .T. ) ;
#6309 = VECTOR ( 'NONE', #6772, 1000.000000000000000 ) ;
#6310 = CARTESIAN_POINT ( 'NONE',  ( -33.91411739291199723, -10.80000000000000071, -6.364617092752020255 ) ) ;
#6311 = PRESENTATION_LAYER_ASSIGNMENT (  '', '', ( #1992 ) ) ;
#6312 = DIRECTION ( 'NONE',  ( -2.075007502312799731E-16, 0.000000000000000000, 1.000000000000000000 ) ) ;
#6313 = ORIENTED_EDGE ( 'NONE', *, *, #5788, .F. ) ;
#6314 = ORIENTED_EDGE ( 'NONE', *, *, #6754, .T. ) ;
#6315 = FACE_OUTER_BOUND ( 'NONE', #5304, .T. ) ;
#6316 = LINE ( 'NONE', #111, #290 ) ;
#6317 = LINE ( 'NONE', #155, #5016 ) ;
#6318 = VERTEX_POINT ( 'NONE', #4736 ) ;
#6319 = EDGE_CURVE ( 'NONE', #7794, #912, #8847, .T. ) ;
#6320 = DIRECTION ( 'NONE',  ( 0.000000000000000000, 1.000000000000000000, 1.066995812285799955E-15 ) ) ;
#6321 = EDGE_CURVE ( 'NONE', #7523, #3127, #1109, .T. ) ;
#6322 = EDGE_LOOP ( 'NONE', ( #3424, #2531, #3327, #8921 ) ) ;
#6323 = DIRECTION ( 'NONE',  ( 0.7501120765757860465, 0.000000000000000000, -0.6613107231666230934 ) ) ;
#6324 = PLANE ( 'NONE',  #7714 ) ;
#6325 = CARTESIAN_POINT ( 'NONE',  ( 29.77794549146839742, 0.000000000000000000, -15.59999999999999964 ) ) ;
#6326 = EDGE_CURVE ( 'NONE', #7925, #653, #6629, .T. ) ;
#6327 = PLANE ( 'NONE',  #5982 ) ;
#6328 = VERTEX_POINT ( 'NONE', #382 ) ;
#6329 = DIRECTION ( 'NONE',  ( 0.000000000000000000, 0.000000000000000000, -1.000000000000000000 ) ) ;
#6330 = AXIS2_PLACEMENT_3D ( 'NONE', #3664, #7173, #4469 ) ;
#6331 = CARTESIAN_POINT ( 'NONE',  ( -81.75015216311699362, -7.200000000000000178, 1.789984670366695063 ) ) ;
#6332 = VERTEX_POINT ( 'NONE', #1795 ) ;
#6333 = CARTESIAN_POINT ( 'NONE',  ( 47.58442101292460080, -7.200000000000000178, 6.364617092752020255 ) ) ;
#6334 = EDGE_LOOP ( 'NONE', ( #7290, #7973, #130 ) ) ;
#6335 = DIRECTION ( 'NONE',  ( 1.000000000000000000, 0.000000000000000000, 0.000000000000000000 ) ) ;
#6336 = FACE_OUTER_BOUND ( 'NONE', #1502, .T. ) ;
#6337 = ORIENTED_EDGE ( 'NONE', *, *, #8522, .F. ) ;
#6338 = EDGE_CURVE ( 'NONE', #6924, #8053, #4549, .T. ) ;
#6339 = VECTOR ( 'NONE', #2144, 1000.000000000000000 ) ;
#6340 = CARTESIAN_POINT ( 'NONE',  ( 118.4890870736712003, -10.80000000000000071, -6.364617092752079763 ) ) ;
#6341 = CARTESIAN_POINT ( 'NONE',  ( 23.09999999999999787, 10.80000000000000071, -6.377972917372319195 ) ) ;
#6342 = CARTESIAN_POINT ( 'NONE',  ( 46.19999999999999574, 7.200000000000000178, -6.364617092752020255 ) ) ;
#6343 = LINE ( 'NONE', #3044, #7019 ) ;
#6344 = EDGE_LOOP ( 'NONE', ( #336, #8576, #3932, #1092 ) ) ;
#6345 = DIRECTION ( 'NONE',  ( -2.075007502312794801E-16, 0.000000000000000000, 1.000000000000000000 ) ) ;
#6346 = DIRECTION ( 'NONE',  ( 0.7783304170275797684, 0.000000000000000000, -0.6278548892297277639 ) ) ;
#6347 = VECTOR ( 'NONE', #1920, 1000.000000000000000 ) ;
#6348 = CARTESIAN_POINT ( 'NONE',  ( -102.0000000000000000, -10.80000000000000071, 2.121320343559649935 ) ) ;
#6349 = ORIENTED_EDGE ( 'NONE', *, *, #5758, .T. ) ;
#6350 = AXIS2_PLACEMENT_3D ( 'NONE', #6253, #2646, #4056 ) ;
#6351 = ADVANCED_FACE ( 'NONE', ( #3433 ), #6130, .F. ) ;
#6352 = LINE ( 'NONE', #8426, #7067 ) ;
#6353 = LINE ( 'NONE', #6397, #4852 ) ;
#6354 = VERTEX_POINT ( 'NONE', #3380 ) ;
#6355 = AXIS2_PLACEMENT_3D ( 'NONE', #8552, #4396, #5075 ) ;
#6356 = ORIENTED_EDGE ( 'NONE', *, *, #122, .T. ) ;
#6357 = PLANE ( 'NONE',  #4080 ) ;
#6358 = DIRECTION ( 'NONE',  ( 0.000000000000000000, 0.000000000000000000, 1.000000000000000000 ) ) ;
#6359 = EDGE_LOOP ( 'NONE', ( #5069, #8790, #1248, #5747 ) ) ;
#6360 = CARTESIAN_POINT ( 'NONE',  ( 86.40000000000000568, -10.80000000000000071, -2.784647752018639899 ) ) ;
#6361 = VERTEX_POINT ( 'NONE', #8389 ) ;
#6362 = VECTOR ( 'NONE', #8282, 1000.000000000000227 ) ;
#6363 = LINE ( 'NONE', #6404, #7343 ) ;
#6364 = PLANE ( 'NONE',  #4544 ) ;
#6365 = EDGE_CURVE ( 'NONE', #8586, #6525, #747, .T. ) ;
#6366 = DIRECTION ( 'NONE',  ( -1.000000000000000000, 0.000000000000000000, 9.472892701579828520E-18 ) ) ;
#6367 = ADVANCED_FACE ( 'NONE', ( #8213 ), #6265, .F. ) ;
#6368 = CARTESIAN_POINT ( 'NONE',  ( 9.000000000000000000, 0.000000000000000000, -36.00000000000000000 ) ) ;
#6369 = EDGE_LOOP ( 'NONE', ( #6667, #5670, #5202, #5247 ) ) ;
#6370 = VECTOR ( 'NONE', #2927, 1000.000000000000000 ) ;
#6371 = PLANE ( 'NONE',  #3454 ) ;
#6372 = ORIENTED_EDGE ( 'NONE', *, *, #1060, .F. ) ;
#6373 = ADVANCED_FACE ( 'NONE', ( #4912 ), #5501, .T. ) ;
#6374 =( LENGTH_UNIT ( ) NAMED_UNIT ( * ) SI_UNIT ( .MILLI., .METRE. ) );
#6375 = ADVANCED_FACE ( 'NONE', ( #2795 ), #8260, .F. ) ;
#6376 = PLANE ( 'NONE',  #8737 ) ;
#6377 = VECTOR ( 'NONE', #7807, 1000.000000000000000 ) ;
#6378 = DIRECTION ( 'NONE',  ( 0.000000000000000000, 0.000000000000000000, -1.000000000000000000 ) ) ;
#6379 = ORIENTED_EDGE ( 'NONE', *, *, #847, .T. ) ;
#6380 = ADVANCED_FACE ( 'NONE', ( #4821 ), #5632, .T. ) ;
#6381 = LINE ( 'NONE', #5739, #1094 ) ;
#6382 = EDGE_LOOP ( 'NONE', ( #1460, #104, #3499 ) ) ;
#6383 = CARTESIAN_POINT ( 'NONE',  ( 44.58442101292464343, -10.80000000000000071, 3.042492089611689821 ) ) ;
#6384 = CARTESIAN_POINT ( 'NONE',  ( 30.14589468389949900, -10.80000000000000071, -3.042492089611705364 ) ) ;
#6385 = ORIENTED_EDGE ( 'NONE', *, *, #8428, .T. ) ;
#6386 = DIRECTION ( 'NONE',  ( 0.000000000000000000, 1.000000000000000000, 0.000000000000000000 ) ) ;
#6387 = LINE ( 'NONE', #7690, #3255 ) ;
#6388 = DIRECTION ( 'NONE',  ( -1.850371707708589879E-16, 0.000000000000000000, 1.000000000000000000 ) ) ;
#6389 = CARTESIAN_POINT ( 'NONE',  ( 133.3799999999999955, -10.80000000000000071, 3.396598976154959537 ) ) ;
#6390 = ORIENTED_EDGE ( 'NONE', *, *, #3016, .T. ) ;
#6391 = LINE ( 'NONE', #5834, #3989 ) ;
#6392 = DIRECTION ( 'NONE',  ( 0.000000000000000000, 0.000000000000000000, -1.000000000000000000 ) ) ;
#6393 = EDGE_CURVE ( 'NONE', #6496, #7453, #5458, .T. ) ;
#6394 = PLANE ( 'NONE',  #8027 ) ;
#6395 = EDGE_LOOP ( 'NONE', ( #2692, #1331, #2632, #5507 ) ) ;
#6396 = DIRECTION ( 'NONE',  ( 0.000000000000000000, 0.8660254037844387076, -0.4999999999999998890 ) ) ;
#6397 = CARTESIAN_POINT ( 'NONE',  ( 42.65468247025099657, 10.80000000000000071, 6.364617092752020255 ) ) ;
#6398 = EDGE_CURVE ( 'NONE', #2843, #3511, #3477, .T. ) ;
#6399 = VERTEX_POINT ( 'NONE', #4200 ) ;
#6400 = DIRECTION ( 'NONE',  ( -1.962413267760679851E-16, 1.066995812285799955E-15, -1.000000000000000000 ) ) ;
#6401 = VERTEX_POINT ( 'NONE', #61 ) ;
#6402 = DIRECTION ( 'NONE',  ( -1.000000000000000000, 0.000000000000000000, 0.000000000000000000 ) ) ;
#6403 = ORIENTED_EDGE ( 'NONE', *, *, #1174, .F. ) ;
#6404 = CARTESIAN_POINT ( 'NONE',  ( -49.02717463334119685, -10.80000000000000071, -18.49917411100505049 ) ) ;
#6405 = PLANE ( 'NONE',  #203 ) ;
#6406 = LINE ( 'NONE', #78, #7941 ) ;
#6407 = ORIENTED_EDGE ( 'NONE', *, *, #472, .F. ) ;
#6408 = PLANE ( 'NONE',  #696 ) ;
#6409 = VECTOR ( 'NONE', #3900, 1000.000000000000000 ) ;
#6410 = VERTEX_POINT ( 'NONE', #7700 ) ;
#6411 = ADVANCED_FACE ( 'NONE', ( #6809 ), #5590, .F. ) ;
#6412 = LINE ( 'NONE', #6544, #8892 ) ;
#6413 = VECTOR ( 'NONE', #3099, 1000.000000000000000 ) ;
#6414 = DIRECTION ( 'NONE',  ( 0.000000000000000000, -1.000000000000000000, 0.000000000000000000 ) ) ;
#6415 = EDGE_LOOP ( 'NONE', ( #4638, #3290, #933 ) ) ;
#6416 = EDGE_CURVE ( 'NONE', #1967, #2936, #7568, .T. ) ;
#6417 = DIRECTION ( 'NONE',  ( 0.000000000000000000, 0.000000000000000000, -1.000000000000000000 ) ) ;
#6418 = EDGE_LOOP ( 'NONE', ( #1355, #2938, #4505, #778 ) ) ;
#6419 = VECTOR ( 'NONE', #4962, 1000.000000000000000 ) ;
#6420 = VECTOR ( 'NONE', #2952, 1000.000000000000000 ) ;
#6421 = FACE_OUTER_BOUND ( 'NONE', #4198, .T. ) ;
#6422 = PLANE ( 'NONE',  #4972 ) ;
#6423 = VECTOR ( 'NONE', #1558, 1000.000000000000000 ) ;
#6424 = ORIENTED_EDGE ( 'NONE', *, *, #8886, .F. ) ;
#6425 = EDGE_CURVE ( 'NONE', #4922, #3631, #4159, .T. ) ;
#6426 = DIRECTION ( 'NONE',  ( 0.000000000000000000, 0.000000000000000000, 1.000000000000000000 ) ) ;
#6427 = LINE ( 'NONE', #226, #65 ) ;
#6429 = VERTEX_POINT ( 'NONE', #2839 ) ;
#6428 = AXIS2_PLACEMENT_3D ( 'NONE', #5167, #8013, #7377 ) ;
#6430 = VECTOR ( 'NONE', #3146, 1000.000000000000000 ) ;
#6431 = DIRECTION ( 'NONE',  ( -1.000000000000000000, 0.000000000000000000, 9.472892701579828520E-18 ) ) ;
#6432 = FACE_OUTER_BOUND ( 'NONE', #1613, .T. ) ;
#6433 = VERTEX_POINT ( 'NONE', #5542 ) ;
#6434 = VECTOR ( 'NONE', #5819, 1000.000000000000000 ) ;
#6435 = ADVANCED_FACE ( 'NONE', ( #7618 ), #106, .T. ) ;
#6436 = DIRECTION ( 'NONE',  ( 0.000000000000000000, 1.000000000000000000, 0.000000000000000000 ) ) ;
#6437 = LINE ( 'NONE', #1638, #5066 ) ;
#6438 = VECTOR ( 'NONE', #2415, 1000.000000000000000 ) ;
#6439 = CARTESIAN_POINT ( 'NONE',  ( -52.91957282293100207, -7.200000000000000178, -1.661062501570174987 ) ) ;
#6440 = EDGE_LOOP ( 'NONE', ( #3302, #393, #315, #1029 ) ) ;
#6441 = AXIS2_PLACEMENT_3D ( 'NONE', #4835, #6104, #3257 ) ;
#6442 = CARTESIAN_POINT ( 'NONE',  ( -58.25472463293730385, -10.80000000000000071, -6.364617092752020255 ) ) ;
#6443 = VECTOR ( 'NONE', #4492, 1000.000000000000000 ) ;
#6444 = DIRECTION ( 'NONE',  ( -0.7071067811865470176, 0.000000000000000000, 0.7071067811865480168 ) ) ;
#6445 = CARTESIAN_POINT ( 'NONE',  ( -18.00000000000000000, 0.000000000000000000, -36.00000000000000000 ) ) ;
#6446 = EDGE_LOOP ( 'NONE', ( #6063, #6688, #6022, #4705 ) ) ;
#6447 = EDGE_LOOP ( 'NONE', ( #7295, #1645, #3038 ) ) ;
#6448 = LINE ( 'NONE', #5852, #3349 ) ;
#6449 = EDGE_LOOP ( 'NONE', ( #6372, #5051, #275, #3215 ) ) ;
#6450 = ORIENTED_EDGE ( 'NONE', *, *, #126, .T. ) ;
#6451 = DIRECTION ( 'NONE',  ( -0.7501120765757850473, 0.000000000000000000, 0.6613107231666242036 ) ) ;
#6452 = ADVANCED_FACE ( 'NONE', ( #4241 ), #789, .T. ) ;
#6453 = PLANE ( 'NONE',  #4979 ) ;
#6454 = LINE ( 'NONE', #1617, #5919 ) ;
#6455 = LINE ( 'NONE', #295, #8103 ) ;
#6456 = VERTEX_POINT ( 'NONE', #1566 ) ;
#6457 = FACE_BOUND ( 'NONE', #1365, .T. ) ;
#6458 = EDGE_LOOP ( 'NONE', ( #3193, #4071, #5797, #6739 ) ) ;
#6459 = ADVANCED_FACE ( 'NONE', ( #5083 ), #5170, .T. ) ;
#6460 = DIRECTION ( 'NONE',  ( -0.000000000000000000, 1.000000000000000000, 0.000000000000000000 ) ) ;
#6461 = PLANE ( 'NONE',  #5139 ) ;
#6462 = ORIENTED_EDGE ( 'NONE', *, *, #1489, .F. ) ;
#6463 = CARTESIAN_POINT ( 'NONE',  ( 28.14531752974910006, 7.200000000000000178, -6.364617092752020255 ) ) ;
#6464 = ORIENTED_EDGE ( 'NONE', *, *, #7464, .F. ) ;
#6465 = FACE_OUTER_BOUND ( 'NONE', #1746, .T. ) ;
#6466 = ORIENTED_EDGE ( 'NONE', *, *, #3911, .F. ) ;
#6467 = AXIS2_PLACEMENT_3D ( 'NONE', #7004, #721, #5608 ) ;
#6468 = LINE ( 'NONE', #774, #210 ) ;
#6469 = DIRECTION ( 'NONE',  ( 1.000000000000000000, 0.000000000000000000, 0.000000000000000000 ) ) ;
#6470 = ORIENTED_EDGE ( 'NONE', *, *, #3948, .F. ) ;
#6471 = DIRECTION ( 'NONE',  ( -0.000000000000000000, -0.000000000000000000, 1.000000000000000000 ) ) ;
#6472 = PLANE ( 'NONE',  #8747 ) ;
#6473 = VERTEX_POINT ( 'NONE', #6445 ) ;
#6475 = ADVANCED_FACE ( 'NONE', ( #4322 ), #5128, .T. ) ;
#6474 = LINE ( 'NONE', #184, #7283 ) ;
#6476 = PLANE ( 'NONE',  #221 ) ;
#6477 = VERTEX_POINT ( 'NONE', #6524 ) ;
#6478 = EDGE_CURVE ( 'NONE', #8500, #6106, #2246, .T. ) ;
#6479 = CARTESIAN_POINT ( 'NONE',  ( 29.37767197488699722, -10.80000000000000071, -6.364617092752020255 ) ) ;
#6480 = PLANE ( 'NONE',  #5053 ) ;
#6481 = DIRECTION ( 'NONE',  ( 0.000000000000000000, -1.000000000000000000, -1.156482317317869950E-15 ) ) ;
#6482 = EDGE_LOOP ( 'NONE', ( #3278, #5625, #5944, #4417 ) ) ;
#6483 = AXIS2_PLACEMENT_3D ( 'NONE', #1091, #5973, #8733 ) ;
#6484 = ADVANCED_FACE ( 'NONE', ( #4455 ), #5800, .F. ) ;
#6485 = ORIENTED_EDGE ( 'NONE', *, *, #7468, .F. ) ;
#6486 = VECTOR ( 'NONE', #8119, 1000.000000000000000 ) ;
#6487 = LINE ( 'NONE', #284, #5744 ) ;
#6488 = LINE ( 'NONE', #2972, #2768 ) ;
#6489 = ORIENTED_EDGE ( 'NONE', *, *, #4401, .T. ) ;
#6490 = ORIENTED_EDGE ( 'NONE', *, *, #8131, .F. ) ;
#6491 = VECTOR ( 'NONE', #693, 1000.000000000000000 ) ;
#6492 = PLANE ( 'NONE',  #3029 ) ;
#6493 = LINE ( 'NONE', #8439, #5563 ) ;
#6494 = CARTESIAN_POINT ( 'NONE',  ( -147.6600000000000250, -7.200000000000000178, -3.396598976154979965 ) ) ;
#6495 = CARTESIAN_POINT ( 'NONE',  ( 133.3799999999999955, -10.80000000000000071, -6.364617092752079763 ) ) ;
#6496 = VERTEX_POINT ( 'NONE', #7109 ) ;
#6497 = CARTESIAN_POINT ( 'NONE',  ( -195.0000000000000000, -10.80000000000000071, 15.59999999999999964 ) ) ;
#6498 = VECTOR ( 'NONE', #3434, 1000.000000000000000 ) ;
#6499 = VERTEX_POINT ( 'NONE', #4283 ) ;
#6500 = EDGE_CURVE ( 'NONE', #4556, #5264, #5003, .T. ) ;
#6501 = LINE ( 'NONE', #3757, #6434 ) ;
#6502 = CARTESIAN_POINT ( 'NONE',  ( -150.6599999999999966, -10.80000000000000071, 2.984009058298525030 ) ) ;
#6503 = ORIENTED_EDGE ( 'NONE', *, *, #4883, .F. ) ;
#6504 = DIRECTION ( 'NONE',  ( 0.000000000000000000, -1.000000000000000000, 0.000000000000000000 ) ) ;
#6505 = VECTOR ( 'NONE', #8432, 1000.000000000000000 ) ;
#6506 = ORIENTED_EDGE ( 'NONE', *, *, #601, .F. ) ;
#6507 = EDGE_CURVE ( 'NONE', #2066, #405, #240, .T. ) ;
#6508 = DIRECTION ( 'NONE',  ( -0.000000000000000000, 1.000000000000000000, 0.000000000000000000 ) ) ;
#6509 = VERTEX_POINT ( 'NONE', #2332 ) ;
#6510 = VECTOR ( 'NONE', #2432, 1000.000000000000000 ) ;
#6511 = DIRECTION ( 'NONE',  ( -1.000000000000000000, 0.000000000000000000, 3.854941057726239700E-17 ) ) ;
#6512 = LINE ( 'NONE', #355, #7137 ) ;
#6513 = EDGE_LOOP ( 'NONE', ( #24, #8838, #1778, #5801 ) ) ;
#6514 = LINE ( 'NONE', #1596, #5059 ) ;
#6515 = DIRECTION ( 'NONE',  ( 1.000000000000000000, 0.000000000000000000, -1.321694076934709909E-16 ) ) ;
#6516 = ORIENTED_EDGE ( 'NONE', *, *, #5817, .F. ) ;
#6517 = FACE_OUTER_BOUND ( 'NONE', #4818, .T. ) ;
#6518 = DIRECTION ( 'NONE',  ( -1.000000000000000000, 0.000000000000000000, 0.000000000000000000 ) ) ;
#6519 = CARTESIAN_POINT ( 'NONE',  ( 166.4399999999999977, -7.200000000000000178, 4.501567221424418896 ) ) ;
#6520 = VERTEX_POINT ( 'NONE', #8560 ) ;
#6521 = EDGE_CURVE ( 'NONE', #2609, #8287, #6353, .T. ) ;
#6522 = LINE ( 'NONE', #1096, #1076 ) ;
#6523 = FACE_BOUND ( 'NONE', #7970, .T. ) ;
#6524 = CARTESIAN_POINT ( 'NONE',  ( 144.0750469336853996, 3.000000000000000000, -13.86794919243113888 ) ) ;
#6525 = VERTEX_POINT ( 'NONE', #2923 ) ;
#6526 = CARTESIAN_POINT ( 'NONE',  ( 86.40000000000000568, -7.705048770837778628E-16, 15.59999999999974918 ) ) ;
#6527 = EDGE_CURVE ( 'NONE', #1495, #8853, #1693, .T. ) ;
#6528 = ORIENTED_EDGE ( 'NONE', *, *, #4574, .T. ) ;
#6529 = ADVANCED_FACE ( 'NONE', ( #3014 ), #964, .T. ) ;
#6530 = DIRECTION ( 'NONE',  ( 5.233102047361820167E-16, 1.066995812285799955E-15, -1.000000000000000000 ) ) ;
#6531 = LINE ( 'NONE', #1611, #2910 ) ;
#6532 = LINE ( 'NONE', #5009, #3140 ) ;
#6533 = VERTEX_POINT ( 'NONE', #280 ) ;
#6534 = EDGE_LOOP ( 'NONE', ( #5378, #4022, #8883, #431 ) ) ;
#6535 = EDGE_CURVE ( 'NONE', #2723, #6095, #1644, .T. ) ;
#6536 = LINE ( 'NONE', #8437, #8505 ) ;
#6537 = CARTESIAN_POINT ( 'NONE',  ( 102.0000000000000000, -10.80000000000000071, 2.121320343559649935 ) ) ;
#6538 = PLANE ( 'NONE',  #5494 ) ;
#6539 = EDGE_CURVE ( 'NONE', #3198, #3168, #188, .T. ) ;
#6540 = CARTESIAN_POINT ( 'NONE',  ( -86.40000000000000568, -10.80000000000000071, 6.364617092752020255 ) ) ;
#6541 = ORIENTED_EDGE ( 'NONE', *, *, #3678, .T. ) ;
#6542 = FACE_OUTER_BOUND ( 'NONE', #2185, .T. ) ;
#6543 = EDGE_LOOP ( 'NONE', ( #194, #6489, #3605 ) ) ;
#6544 = CARTESIAN_POINT ( 'NONE',  ( 182.2199999999999989, -7.200000000000000178, -6.364617092752020255 ) ) ;
#6545 = DIRECTION ( 'NONE',  ( 1.000000000000000000, 0.000000000000000000, 0.000000000000000000 ) ) ;
#6546 = VERTEX_POINT ( 'NONE', #5042 ) ;
#6547 = ADVANCED_FACE ( 'NONE', ( #7749 ), #2966, .F. ) ;
#6548 = DIRECTION ( 'NONE',  ( -1.000000000000000000, 0.000000000000000000, 0.000000000000000000 ) ) ;
#6549 = ORIENTED_EDGE ( 'NONE', *, *, #2008, .F. ) ;
#6550 = LINE ( 'NONE', #8721, #5974 ) ;
#6551 = EDGE_CURVE ( 'NONE', #836, #4733, #7791, .T. ) ;
#6552 = PLANE ( 'NONE',  #2834 ) ;
#6553 = DIRECTION ( 'NONE',  ( 0.000000000000000000, -1.000000000000000000, 0.000000000000000000 ) ) ;
#6554 = EDGE_LOOP ( 'NONE', ( #539, #1433, #5402 ) ) ;
#6555 = DIRECTION ( 'NONE',  ( 0.000000000000000000, 0.000000000000000000, -1.000000000000000000 ) ) ;
#6556 = CARTESIAN_POINT ( 'NONE',  ( 61.41086292932760671, -10.80000000000000071, 21.80026785407104839 ) ) ;
#6557 = VERTEX_POINT ( 'NONE', #5845 ) ;
#6558 = AXIS2_PLACEMENT_3D ( 'NONE', #2524, #7774, #7984 ) ;
#6559 = DIRECTION ( 'NONE',  ( -1.000000000000000000, 0.000000000000000000, 0.000000000000000000 ) ) ;
#6560 = VECTOR ( 'NONE', #3768, 1000.000000000000000 ) ;
#6561 = DIRECTION ( 'NONE',  ( 0.5077119284509891139, 9.963406245925843253E-16, -0.8615268990046553998 ) ) ;
#6562 = AXIS2_PLACEMENT_3D ( 'NONE', #4436, #6504, #303 ) ;
#6563 = CARTESIAN_POINT ( 'NONE',  ( -46.08442101292460080, -7.200000000000000178, 4.364915918965565744 ) ) ;
#6564 = ORIENTED_EDGE ( 'NONE', *, *, #4836, .F. ) ;
#6565 = EDGE_CURVE ( 'NONE', #1932, #6106, #8608, .T. ) ;
#6566 = VECTOR ( 'NONE', #7053, 1000.000000000000000 ) ;
#6567 = VECTOR ( 'NONE', #150, 1000.000000000000000 ) ;
#6568 = VECTOR ( 'NONE', #2064, 1000.000000000000000 ) ;
#6569 = CARTESIAN_POINT ( 'NONE',  ( -62.02294734195000103, -10.80000000000000071, 3.161062501570159444 ) ) ;
#6570 = FACE_BOUND ( 'NONE', #1744, .T. ) ;
#6571 = PLANE ( 'NONE',  #8449 ) ;
#6572 = ORIENTED_EDGE ( 'NONE', *, *, #1427, .F. ) ;
#6573 = VECTOR ( 'NONE', #7876, 1000.000000000000000 ) ;
#6574 = CARTESIAN_POINT ( 'NONE',  ( 0.000000000000000000, -10.80000000000000071, -9.364617092752020255 ) ) ;
#6575 = VERTEX_POINT ( 'NONE', #4364 ) ;
#6576 = AXIS2_PLACEMENT_3D ( 'NONE', #6651, #8774, #5111 ) ;
#6577 = EDGE_CURVE ( 'NONE', #7925, #5159, #7243, .T. ) ;
#6578 = VECTOR ( 'NONE', #8598, 1000.000000000000000 ) ;
#6579 = ORIENTED_EDGE ( 'NONE', *, *, #743, .F. ) ;
#6580 = FILL_AREA_STYLE_COLOUR ( '', #380 ) ;
#6581 = ORIENTED_EDGE ( 'NONE', *, *, #4489, .F. ) ;
#6582 = ORIENTED_EDGE ( 'NONE', *, *, #4817, .T. ) ;
#6583 = DIRECTION ( 'NONE',  ( -1.000000000000000000, 0.000000000000000000, 0.000000000000000000 ) ) ;
#6584 = VECTOR ( 'NONE', #5435, 1000.000000000000000 ) ;
#6585 = VECTOR ( 'NONE', #636, 1000.000000000000000 ) ;
#6586 = CARTESIAN_POINT ( 'NONE',  ( 14.53589838486228203, 0.000000000000000000, -30.00000000000000000 ) ) ;
#6587 = DIRECTION ( 'NONE',  ( -4.841591985995110159E-30, 1.000000000000000000, 0.000000000000000000 ) ) ;
#6588 = EDGE_CURVE ( 'NONE', #1172, #1700, #4498, .T. ) ;
#6589 = ADVANCED_FACE ( 'NONE', ( #2601 ), #2464, .F. ) ;
#6590 = DIRECTION ( 'NONE',  ( 7.709882115452469538E-17, 0.000000000000000000, 1.000000000000000000 ) ) ;
#6591 = ORIENTED_EDGE ( 'NONE', *, *, #677, .F. ) ;
#6592 = CARTESIAN_POINT ( 'NONE',  ( -47.11388147121180481, 7.200000000000000178, 4.813868674543639870 ) ) ;
#6593 = ORIENTED_EDGE ( 'NONE', *, *, #2643, .T. ) ;
#6594 = DIRECTION ( 'NONE',  ( 0.000000000000000000, -1.000000000000000000, -1.156482317317869950E-15 ) ) ;
#6595 = DIRECTION ( 'NONE',  ( 1.000000000000000000, 0.000000000000000000, 9.472892701579828520E-18 ) ) ;
#6596 = EDGE_CURVE ( 'NONE', #361, #2403, #414, .T. ) ;
#6597 = VECTOR ( 'NONE', #8761, 1000.000000000000000 ) ;
#6598 = DIRECTION ( 'NONE',  ( 0.000000000000000000, 1.000000000000000000, 1.066995812285799955E-15 ) ) ;
#6599 = DIRECTION ( 'NONE',  ( 1.000000000000000000, 0.000000000000000000, 0.000000000000000000 ) ) ;
#6600 = ORIENTED_EDGE ( 'NONE', *, *, #1406, .T. ) ;
#6601 = LINE ( 'NONE', #3214, #8006 ) ;
#6602 = ORIENTED_EDGE ( 'NONE', *, *, #6030, .T. ) ;
#6603 = DIRECTION ( 'NONE',  ( 0.8051314262087321261, 0.000000000000000000, 0.5930964394861030220 ) ) ;
#6604 = DIRECTION ( 'NONE',  ( 1.000000000000000000, 0.000000000000000000, 0.000000000000000000 ) ) ;
#6605 = DIRECTION ( 'NONE',  ( 0.000000000000000000, 1.000000000000000000, 0.000000000000000000 ) ) ;
#6606 = ORIENTED_EDGE ( 'NONE', *, *, #3809, .T. ) ;
#6607 = LINE ( 'NONE', #3952, #2444 ) ;
#6608 = DIRECTION ( 'NONE',  ( 0.000000000000000000, 0.000000000000000000, 1.000000000000000000 ) ) ;
#6609 = EDGE_LOOP ( 'NONE', ( #8362, #4278, #7012, #3286 ) ) ;
#6610 = FACE_OUTER_BOUND ( 'NONE', #2435, .T. ) ;
#6611 = CARTESIAN_POINT ( 'NONE',  ( -117.5999999999999943, 1.657405997545260083E-15, -15.59999999999999964 ) ) ;
#6612 = CARTESIAN_POINT ( 'NONE',  ( 91.00124731453560400, -10.80000000000000071, -24.68379655073734824 ) ) ;
#6613 = ORIENTED_EDGE ( 'NONE', *, *, #5545, .T. ) ;
#6614 = EDGE_CURVE ( 'NONE', #1216, #605, #1238, .T. ) ;
#6615 = CARTESIAN_POINT ( 'NONE',  ( -62.02294734195000103, -10.80000000000000071, 6.364617092752020255 ) ) ;
#6616 = FACE_BOUND ( 'NONE', #4162, .T. ) ;
#6617 = FACE_OUTER_BOUND ( 'NONE', #7677, .T. ) ;
#6618 = EDGE_LOOP ( 'NONE', ( #6745, #881, #5962, #4210, #196, #6173 ) ) ;
#6619 = CARTESIAN_POINT ( 'NONE',  ( 168.9690996541804964, -10.80000000000000071, 6.364617092752020255 ) ) ;
#6620 = VERTEX_POINT ( 'NONE', #3190 ) ;
#6621 = EDGE_CURVE ( 'NONE', #8666, #3050, #7286, .T. ) ;
#6622 = ORIENTED_EDGE ( 'NONE', *, *, #5457, .F. ) ;
#6623 = DIRECTION ( 'NONE',  ( 0.000000000000000000, -1.000000000000000000, -1.156482317317869950E-15 ) ) ;
#6624 = ORIENTED_EDGE ( 'NONE', *, *, #3291, .T. ) ;
#6625 = EDGE_LOOP ( 'NONE', ( #5080, #7153, #4182, #141 ) ) ;
#6626 = CARTESIAN_POINT ( 'NONE',  ( -86.40000000000000568, -10.80000000000000071, 9.364617092752020255 ) ) ;
#6627 = EDGE_CURVE ( 'NONE', #3168, #7166, #1142, .T. ) ;
#6628 = CIRCLE ( 'NONE', #4464, 9.900000000000000355 ) ;
#6629 = LINE ( 'NONE', #3242, #655 ) ;
#6630 = LINE ( 'NONE', #3067, #7933 ) ;
#6631 = VERTEX_POINT ( 'NONE', #1048 ) ;
#6632 = LINE ( 'NONE', #8852, #598 ) ;
#6633 = LINE ( 'NONE', #3207, #4345 ) ;
#6634 = LINE ( 'NONE', #8709, #2711 ) ;
#6635 = ORIENTED_EDGE ( 'NONE', *, *, #3408, .F. ) ;
#6636 = CARTESIAN_POINT ( 'NONE',  ( -58.79999999999999716, -10.80000000000000071, 6.364617092752020255 ) ) ;
#6637 = VECTOR ( 'NONE', #1241, 1000.000000000000000 ) ;
#6638 = CARTESIAN_POINT ( 'NONE',  ( -186.0000000000000000, 1.332267629550185955E-14, -15.59999999999999964 ) ) ;
#6639 = EDGE_CURVE ( 'NONE', #7537, #236, #3873, .T. ) ;
#6640 = LINE ( 'NONE', #301, #3128 ) ;
#6641 = VERTEX_POINT ( 'NONE', #6081 ) ;
#6642 = LINE ( 'NONE', #7903, #7853 ) ;
#6643 = VERTEX_POINT ( 'NONE', #1242 ) ;
#6644 = VECTOR ( 'NONE', #2854, 1000.000000000000227 ) ;
#6645 = EDGE_CURVE ( 'NONE', #3213, #2488, #3283, .T. ) ;
#6646 = ORIENTED_EDGE ( 'NONE', *, *, #6264, .T. ) ;
#6647 = EDGE_CURVE ( 'NONE', #5327, #6433, #3839, .T. ) ;
#6648 = LINE ( 'NONE', #351, #3397 ) ;
#6649 = EDGE_CURVE ( 'NONE', #6697, #7948, #6664, .T. ) ;
#6650 = AXIS2_PLACEMENT_3D ( 'NONE', #4785, #4165, #5595 ) ;
#6651 = CARTESIAN_POINT ( 'NONE',  ( -102.0000000000000000, -7.200000000000000178, 7.360660171779840333 ) ) ;
#6652 = DIRECTION ( 'NONE',  ( -0.5930964394861031330, 0.000000000000000000, -0.8051314262087322371 ) ) ;
#6653 = ORIENTED_EDGE ( 'NONE', *, *, #4768, .F. ) ;
#6654 = FACE_OUTER_BOUND ( 'NONE', #8075, .T. ) ;
#6655 = DIRECTION ( 'NONE',  ( -0.000000000000000000, 1.000000000000000000, 0.000000000000000000 ) ) ;
#6656 = ORIENTED_EDGE ( 'NONE', *, *, #7709, .F. ) ;
#6657 = FACE_OUTER_BOUND ( 'NONE', #5177, .T. ) ;
#6658 = CARTESIAN_POINT ( 'NONE',  ( 134.4090996541806078, -7.200000000000000178, 6.364617092752020255 ) ) ;
#6659 = VECTOR ( 'NONE', #3159, 1000.000000000000000 ) ;
#6660 = PLANE ( 'NONE',  #6483 ) ;
#6661 = ORIENTED_EDGE ( 'NONE', *, *, #6175, .F. ) ;
#6662 = CARTESIAN_POINT ( 'NONE',  ( 0.000000000000000000, -4.178898784497604806E-15, 15.59999999999999964 ) ) ;
#6663 = CARTESIAN_POINT ( 'NONE',  ( 0.000000000000000000, 10.80000000000000071, 9.364617092752020255 ) ) ;
#6664 = LINE ( 'NONE', #4014, #4988 ) ;
#6665 = ORIENTED_EDGE ( 'NONE', *, *, #2164, .F. ) ;
#6666 = CARTESIAN_POINT ( 'NONE',  ( -91.52132034355979329, -10.80000000000000071, 12.59999999999999964 ) ) ;
#6667 = ORIENTED_EDGE ( 'NONE', *, *, #305, .T. ) ;
#6668 = ADVANCED_FACE ( 'NONE', ( #6617 ), #8694, .F. ) ;
#6669 = VERTEX_POINT ( 'NONE', #5980 ) ;
#6670 = DIRECTION ( 'NONE',  ( 1.000000000000000000, 0.000000000000000000, 1.494530994687720012E-15 ) ) ;
#6671 = ORIENTED_EDGE ( 'NONE', *, *, #6500, .F. ) ;
#6672 = ORIENTED_EDGE ( 'NONE', *, *, #5553, .F. ) ;
#6673 = LINE ( 'NONE', #2566, #3158 ) ;
#6674 = EDGE_CURVE ( 'NONE', #1798, #3473, #8742, .T. ) ;
#6675 = LINE ( 'NONE', #5370, #8959 ) ;
#6676 = DIRECTION ( 'NONE',  ( 0.000000000000000000, -1.000000000000000000, 0.000000000000000000 ) ) ;
#6677 = DIRECTION ( 'NONE',  ( -1.000000000000000000, 0.000000000000000000, 0.000000000000000000 ) ) ;
#6678 = VERTEX_POINT ( 'NONE', #3326 ) ;
#6679 = VERTEX_POINT ( 'NONE', #5401 ) ;
#6680 = CARTESIAN_POINT ( 'NONE',  ( -150.6599999999999966, -10.80000000000000071, -3.396598976154979965 ) ) ;
#6681 = CARTESIAN_POINT ( 'NONE',  ( -47.58442101292460080, -7.200000000000000178, 6.364617092752020255 ) ) ;
#6682 = ORIENTED_EDGE ( 'NONE', *, *, #888, .T. ) ;
#6683 = LINE ( 'NONE', #2624, #6001 ) ;
#6684 = CARTESIAN_POINT ( 'NONE',  ( 38.55015216311689841, -10.80000000000000071, 6.364617092752020255 ) ) ;
#6685 = ORIENTED_EDGE ( 'NONE', *, *, #508, .F. ) ;
#6686 = FACE_OUTER_BOUND ( 'NONE', #7849, .T. ) ;
#6687 = ORIENTED_EDGE ( 'NONE', *, *, #6627, .T. ) ;
#6688 = ORIENTED_EDGE ( 'NONE', *, *, #7320, .T. ) ;
#6689 = DIRECTION ( 'NONE',  ( 0.000000000000000000, 1.000000000000000000, 0.000000000000000000 ) ) ;
#6690 = ADVANCED_FACE ( 'NONE', ( #5308 ), #6571, .T. ) ;
#6691 = DIRECTION ( 'NONE',  ( 1.000000000000000000, 0.000000000000000000, 0.000000000000000000 ) ) ;
#6692 = EDGE_CURVE ( 'NONE', #5030, #23, #371, .T. ) ;
#6693 = CARTESIAN_POINT ( 'NONE',  ( 33.91411739291199723, -10.80000000000000071, -6.364617092752020255 ) ) ;
#6694 = ORIENTED_EDGE ( 'NONE', *, *, #1184, .T. ) ;
#6695 = CARTESIAN_POINT ( 'NONE',  ( -21.05468247025099870, 7.200000000000000178, -6.364617092752020255 ) ) ;
#6696 = LINE ( 'NONE', #404, #1084 ) ;
#6697 = VERTEX_POINT ( 'NONE', #4632 ) ;
#6698 = CARTESIAN_POINT ( 'NONE',  ( 62.02294734195000103, -7.200000000000000178, -3.042492089611715134 ) ) ;
#6699 = CARTESIAN_POINT ( 'NONE',  ( -102.0000000000000000, 3.000000000000000000, 1.665334536937735008E-15 ) ) ;
#6700 = ADVANCED_FACE ( 'NONE', ( #6707 ), #6033, .F. ) ;
#6701 = FACE_BOUND ( 'NONE', #1886, .T. ) ;
#6702 = VECTOR ( 'NONE', #5154, 1000.000000000000000 ) ;
#6703 = ORIENTED_EDGE ( 'NONE', *, *, #2525, .T. ) ;
#6705 = EDGE_CURVE ( 'NONE', #1055, #4001, #52, .T. ) ;
#6704 = DIRECTION ( 'NONE',  ( 0.000000000000000000, 0.000000000000000000, 1.000000000000000000 ) ) ;
#6706 = FACE_BOUND ( 'NONE', #5420, .T. ) ;
#6707 = FACE_OUTER_BOUND ( 'NONE', #8791, .T. ) ;
#6708 = ORIENTED_EDGE ( 'NONE', *, *, #4662, .T. ) ;
#6709 = VECTOR ( 'NONE', #1123, 1000.000000000000000 ) ;
#6710 = DIRECTION ( 'NONE',  ( 0.000000000000000000, 1.000000000000000000, 0.000000000000000000 ) ) ;
#6711 = ORIENTED_EDGE ( 'NONE', *, *, #1725, .T. ) ;
#6712 = ORIENTED_EDGE ( 'NONE', *, *, #6647, .F. ) ;
#6713 = PLANE ( 'NONE',  #1187 ) ;
#6714 = ORIENTED_EDGE ( 'NONE', *, *, #4872, .T. ) ;
#6715 = VECTOR ( 'NONE', #4743, 1000.000000000000000 ) ;
#6716 = VECTOR ( 'NONE', #7083, 1000.000000000000000 ) ;
#6717 = ORIENTED_EDGE ( 'NONE', *, *, #2289, .F. ) ;
#6718 = VECTOR ( 'NONE', #6710, 1000.000000000000000 ) ;
#6719 = DIRECTION ( 'NONE',  ( -0.7783304170275798795, 0.000000000000000000, 0.6278548892297277639 ) ) ;
#6720 = LINE ( 'NONE', #8846, #992 ) ;
#6721 = LINE ( 'NONE', #1253, #7441 ) ;
#6722 = FACE_OUTER_BOUND ( 'NONE', #6344, .T. ) ;
#6723 = VECTOR ( 'NONE', #5253, 1000.000000000000000 ) ;
#6724 = VECTOR ( 'NONE', #4409, 1000.000000000000000 ) ;
#6725 = ORIENTED_EDGE ( 'NONE', *, *, #8679, .T. ) ;
#6726 = DIRECTION ( 'NONE',  ( 0.000000000000000000, 1.000000000000000000, 0.000000000000000000 ) ) ;
#6727 = ORIENTED_EDGE ( 'NONE', *, *, #8296, .F. ) ;
#6728 = DIRECTION ( 'NONE',  ( 0.000000000000000000, 1.000000000000000000, 0.000000000000000000 ) ) ;
#6729 = LINE ( 'NONE', #5465, #1804 ) ;
#6730 = VERTEX_POINT ( 'NONE', #3468 ) ;
#6731 = VECTOR ( 'NONE', #257, 1000.000000000000000 ) ;
#6732 = AXIS2_PLACEMENT_3D ( 'NONE', #8638, #2453, #452 ) ;
#6733 = EDGE_CURVE ( 'NONE', #7362, #1250, #6215, .T. ) ;
#6734 = DIRECTION ( 'NONE',  ( 0.000000000000000000, -1.000000000000000000, 0.000000000000000000 ) ) ;
#6735 = VECTOR ( 'NONE', #2157, 1000.000000000000000 ) ;
#6736 = CARTESIAN_POINT ( 'NONE',  ( -182.2199999999999989, -10.80000000000000071, -3.396598976154979965 ) ) ;
#6737 = EDGE_LOOP ( 'NONE', ( #287, #7548, #966 ) ) ;
#6738 = CARTESIAN_POINT ( 'NONE',  ( 112.4786796564402067, -10.80000000000000071, 12.59999999999999964 ) ) ;
#6739 = ORIENTED_EDGE ( 'NONE', *, *, #1855, .F. ) ;
#6740 = ORIENTED_EDGE ( 'NONE', *, *, #4936, .T. ) ;
#6741 = LINE ( 'NONE', #2046, #5124 ) ;
#6742 = EDGE_CURVE ( 'NONE', #6836, #7948, #6938, .T. ) ;
#6743 = DIRECTION ( 'NONE',  ( -2.093240818944730039E-15, 0.000000000000000000, 1.000000000000000000 ) ) ;
#6744 = PLANE ( 'NONE',  #1082 ) ;
#6745 = ORIENTED_EDGE ( 'NONE', *, *, #3884, .F. ) ;
#6746 = CARTESIAN_POINT ( 'NONE',  ( 195.0000000000000000, -5.196152422706630247, -12.59999999999999964 ) ) ;
#6747 = FACE_OUTER_BOUND ( 'NONE', #8698, .T. ) ;
#6748 = ORIENTED_EDGE ( 'NONE', *, *, #3360, .T. ) ;
#6749 = DIRECTION ( 'NONE',  ( -1.000000000000000000, 0.000000000000000000, 0.000000000000000000 ) ) ;
#6750 = CARTESIAN_POINT ( 'NONE',  ( 167.2083539116109989, 7.200000000000000178, -1.270616869603157895 ) ) ;
#6751 = ORIENTED_EDGE ( 'NONE', *, *, #288, .T. ) ;
#6752 = FACE_OUTER_BOUND ( 'NONE', #5592, .T. ) ;
#6753 = DIRECTION ( 'NONE',  ( 0.6546536707079768647, 0.3779644730092279747, -0.6546536707079768647 ) ) ;
#6754 = EDGE_CURVE ( 'NONE', #605, #5327, #4812, .T. ) ;
#6755 = CARTESIAN_POINT ( 'NONE',  ( -174.8333860441489946, 10.80000000000000071, 6.364617092752020255 ) ) ;
#6756 = ORIENTED_EDGE ( 'NONE', *, *, #7556, .T. ) ;
#6757 = FACE_OUTER_BOUND ( 'NONE', #1825, .T. ) ;
#6758 = ORIENTED_EDGE ( 'NONE', *, *, #8428, .F. ) ;
#6759 = EDGE_LOOP ( 'NONE', ( #4789, #6379, #1591, #2017 ) ) ;
#6760 = CARTESIAN_POINT ( 'NONE',  ( 3.000000000000000000, 7.200000000000000178, -6.364617092752020255 ) ) ;
#6761 = EDGE_LOOP ( 'NONE', ( #7380, #1161, #2273, #3670 ) ) ;
#6762 = ADVANCED_FACE ( 'NONE', ( #4727 ), #8933, .F. ) ;
#6763 = VERTEX_POINT ( 'NONE', #7471 ) ;
#6764 = VECTOR ( 'NONE', #1691, 1000.000000000000000 ) ;
#6765 = CARTESIAN_POINT ( 'NONE',  ( -106.0288222195776058, 10.80000000000000071, -35.03839480740254686 ) ) ;
#6766 = ADVANCED_FACE ( 'NONE', ( #647 ), #604, .F. ) ;
#6767 = CARTESIAN_POINT ( 'NONE',  ( -15.10753628761955092, 10.80000000000000071, -9.869367856369679615 ) ) ;
#6768 = LINE ( 'NONE', #6810, #8657 ) ;
#6769 = ORIENTED_EDGE ( 'NONE', *, *, #5244, .F. ) ;
#6770 = CARTESIAN_POINT ( 'NONE',  ( -18.00000000000000000, -10.80000000000000071, -36.00000000000000000 ) ) ;
#6771 = EDGE_LOOP ( 'NONE', ( #4077, #7467, #5947, #2790, #1369, #8947, #3411, #4796 ) ) ;
#6772 = DIRECTION ( 'NONE',  ( 1.000000000000000000, 0.000000000000000000, 3.854941057726239700E-17 ) ) ;
#6773 = LINE ( 'NONE', #580, #8587 ) ;
#6774 = VERTEX_POINT ( 'NONE', #6303 ) ;
#6775 = VECTOR ( 'NONE', #6071, 1000.000000000000114 ) ;
#6776 = FACE_OUTER_BOUND ( 'NONE', #1159, .T. ) ;
#6777 = LINE ( 'NONE', #8766, #2120 ) ;
#6778 = DIRECTION ( 'NONE',  ( 1.000000000000000000, 0.000000000000000000, 0.000000000000000000 ) ) ;
#6779 = ORIENTED_EDGE ( 'NONE', *, *, #8233, .F. ) ;
#6780 = ADVANCED_FACE ( 'NONE', ( #6894 ), #7652, .T. ) ;
#6781 = ORIENTED_EDGE ( 'NONE', *, *, #615, .T. ) ;
#6782 = CARTESIAN_POINT ( 'NONE',  ( 3.926842088718600188, -1.800000000000000044, 4.500000000000000000 ) ) ;
#6783 = VECTOR ( 'NONE', #6849, 1000.000000000000114 ) ;
#6784 = DIRECTION ( 'NONE',  ( 0.000000000000000000, 1.000000000000000000, 0.000000000000000000 ) ) ;
#6785 = VECTOR ( 'NONE', #1431, 1000.000000000000000 ) ;
#6787 = ADVANCED_FACE ( 'NONE', ( #4862 ), #5533, .F. ) ;
#6786 = CARTESIAN_POINT ( 'NONE',  ( -151.6890996541804952, -10.80000000000000071, -6.364617092752020255 ) ) ;
#6788 = ORIENTED_EDGE ( 'NONE', *, *, #5874, .T. ) ;
#6789 = CARTESIAN_POINT ( 'NONE',  ( -3.000000000000000000, 10.80000000000000071, 4.275303338208124693 ) ) ;
#6790 = FACE_OUTER_BOUND ( 'NONE', #6554, .T. ) ;
#6791 = ORIENTED_EDGE ( 'NONE', *, *, #1102, .T. ) ;
#6792 = CARTESIAN_POINT ( 'NONE',  ( -182.2199999999999989, -7.200000000000000178, -3.396598976154979965 ) ) ;
#6793 = FACE_OUTER_BOUND ( 'NONE', #2511, .T. ) ;
#6794 = ORIENTED_EDGE ( 'NONE', *, *, #6649, .T. ) ;
#6795 = AXIS2_PLACEMENT_3D ( 'NONE', #4691, #2708, #8169 ) ;
#6796 = CARTESIAN_POINT ( 'NONE',  ( -186.0000000000000000, 5.196152422706649787, -12.59999999999999964 ) ) ;
#6797 = LINE ( 'NONE', #1329, #5768 ) ;
#6798 = LINE ( 'NONE', #3372, #6299 ) ;
#6799 = ORIENTED_EDGE ( 'NONE', *, *, #4915, .T. ) ;
#6800 = CARTESIAN_POINT ( 'NONE',  ( -30.14589468389949900, -10.80000000000000071, -3.042492089611705364 ) ) ;
#6801 = VECTOR ( 'NONE', #5175, 1000.000000000000000 ) ;
#6802 = DIRECTION ( 'NONE',  ( -0.6613107231666243147, 0.000000000000000000, -0.7501120765757851583 ) ) ;
#6803 = ORIENTED_EDGE ( 'NONE', *, *, #2059, .F. ) ;
#6804 = ADVANCED_FACE ( 'NONE', ( #2873 ), #8154, .F. ) ;
#6805 = ORIENTED_EDGE ( 'NONE', *, *, #3754, .F. ) ;
#6806 = VECTOR ( 'NONE', #8146, 1000.000000000000000 ) ;
#6807 = LINE ( 'NONE', #7527, #6783 ) ;
#6808 = EDGE_CURVE ( 'NONE', #7508, #4027, #3423, .T. ) ;
#6809 = FACE_OUTER_BOUND ( 'NONE', #1921, .T. ) ;
#6810 = CARTESIAN_POINT ( 'NONE',  ( 150.6599999999999966, -10.80000000000000071, 2.984009058298525030 ) ) ;
#6811 = VERTEX_POINT ( 'NONE', #4102 ) ;
#6812 = LINE ( 'NONE', #4164, #5933 ) ;
#6813 = DIRECTION ( 'NONE',  ( -1.000000000000000000, 0.000000000000000000, 0.000000000000000000 ) ) ;
#6814 = DIRECTION ( 'NONE',  ( 1.000000000000000000, 0.000000000000000000, 9.472892701579828520E-18 ) ) ;
#6815 = ORIENTED_EDGE ( 'NONE', *, *, #3295, .T. ) ;
#6816 = PLANE ( 'NONE',  #4978 ) ;
#6817 = ADVANCED_FACE ( 'NONE', ( #5490 ), #3551, .T. ) ;
#6818 = EDGE_LOOP ( 'NONE', ( #2859, #3799, #7066, #4328 ) ) ;
#6819 = DIRECTION ( 'NONE',  ( 0.000000000000000000, 1.000000000000000000, 0.000000000000000000 ) ) ;
#6820 = CARTESIAN_POINT ( 'NONE',  ( -164.9399999999999977, -7.200000000000000178, 3.396598976154964866 ) ) ;
#6821 = FACE_OUTER_BOUND ( 'NONE', #4461, .T. ) ;
#6822 = ADVANCED_FACE ( 'NONE', ( #4233 ), #8249, .F. ) ;
#6823 = DIRECTION ( 'NONE',  ( 0.000000000000000000, 0.8660254037844387076, -0.4999999999999998890 ) ) ;
#6824 = ORIENTED_EDGE ( 'NONE', *, *, #2232, .F. ) ;
#6825 = ORIENTED_EDGE ( 'NONE', *, *, #2809, .T. ) ;
#6826 = DIRECTION ( 'NONE',  ( 4.186481637889450612E-15, 1.066995812285799955E-15, -1.000000000000000000 ) ) ;
#6827 = DIRECTION ( 'NONE',  ( -1.000000000000000000, 0.000000000000000000, 1.263669769138219873E-16 ) ) ;
#6828 = EDGE_CURVE ( 'NONE', #4969, #1495, #4902, .T. ) ;
#6829 = CARTESIAN_POINT ( 'NONE',  ( 16.57294734194974950, -10.80000000000000071, 6.364617092752020255 ) ) ;
#6830 = ORIENTED_EDGE ( 'NONE', *, *, #2447, .F. ) ;
#6831 = DIRECTION ( 'NONE',  ( -7.081174480508299398E-16, 0.000000000000000000, 1.000000000000000000 ) ) ;
#6832 = CARTESIAN_POINT ( 'NONE',  ( 117.5999999999999943, 1.657405997545260083E-15, -15.59999999999999964 ) ) ;
#6833 = ORIENTED_EDGE ( 'NONE', *, *, #2775, .T. ) ;
#6834 = DIRECTION ( 'NONE',  ( -1.000000000000000000, -8.226411930404939455E-32, 7.709882115452469538E-17 ) ) ;
#6835 = CARTESIAN_POINT ( 'NONE',  ( -73.46147367097499625, -10.80000000000000071, 3.042492089611700035 ) ) ;
#6836 = VERTEX_POINT ( 'NONE', #1973 ) ;
#6837 = EDGE_CURVE ( 'NONE', #2454, #8196, #6798, .T. ) ;
#6838 = DIRECTION ( 'NONE',  ( 0.6613107231666237595, 0.000000000000000000, 0.7501120765757856024 ) ) ;
#6839 = DIRECTION ( 'NONE',  ( 0.7071067811865470176, 0.000000000000000000, -0.7071067811865480168 ) ) ;
#6840 = DIRECTION ( 'NONE',  ( -1.000000000000000000, 0.000000000000000000, 2.368081386566879965E-16 ) ) ;
#6841 = ORIENTED_EDGE ( 'NONE', *, *, #6198, .T. ) ;
#6842 = FACE_OUTER_BOUND ( 'NONE', #339, .T. ) ;
#6843 = VECTOR ( 'NONE', #1590, 1000.000000000000000 ) ;
#6844 = DIRECTION ( 'NONE',  ( 1.000000000000000000, 0.000000000000000000, 0.000000000000000000 ) ) ;
#6845 = ORIENTED_EDGE ( 'NONE', *, *, #3705, .T. ) ;
#6846 = EDGE_CURVE ( 'NONE', #3153, #5916, #6122, .T. ) ;
#6847 = ORIENTED_EDGE ( 'NONE', *, *, #6742, .F. ) ;
#6848 =( GEOMETRIC_REPRESENTATION_CONTEXT ( 3 ) GLOBAL_UNCERTAINTY_ASSIGNED_CONTEXT ( ( #4984 ) ) GLOBAL_UNIT_ASSIGNED_CONTEXT ( ( #6374, #813, #8446 ) ) REPRESENTATION_CONTEXT ( 'NONE', 'WORKASPACE' ) );
#6849 = DIRECTION ( 'NONE',  ( 8.540177112501275382E-16, 0.8660254037844383745, 0.5000000000000003331 ) ) ;
#6850 = CARTESIAN_POINT ( 'NONE',  ( 186.0000000000000000, -4.699519052838339483, 12.88673140978199960 ) ) ;
#6851 = CARTESIAN_POINT ( 'NONE',  ( -14.53589838486228203, -10.80000000000000071, -30.00000000000000000 ) ) ;
#6852 = EDGE_CURVE ( 'NONE', #4018, #311, #4947, .T. ) ;
#6853 = ORIENTED_EDGE ( 'NONE', *, *, #2212, .F. ) ;
#6854 = VECTOR ( 'NONE', #3674, 1000.000000000000000 ) ;
#6855 = VECTOR ( 'NONE', #8358, 1000.000000000000114 ) ;
#6856 = DIRECTION ( 'NONE',  ( 1.000000000000000000, 0.000000000000000000, 0.000000000000000000 ) ) ;
#6857 = CARTESIAN_POINT ( 'NONE',  ( 59.02294734194980208, -10.80000000000000071, -3.042492089611709805 ) ) ;
#6858 = CARTESIAN_POINT ( 'NONE',  ( 58.25472463293730385, -10.80000000000000071, -6.364617092752020255 ) ) ;
#6859 = AXIS2_PLACEMENT_3D ( 'NONE', #7683, #3671, #5780 ) ;
#6860 = ORIENTED_EDGE ( 'NONE', *, *, #1855, .T. ) ;
#6861 = DIRECTION ( 'NONE',  ( 0.000000000000000000, 0.000000000000000000, 1.000000000000000000 ) ) ;
#6862 = ORIENTED_EDGE ( 'NONE', *, *, #4204, .F. ) ;
#6863 = DIRECTION ( 'NONE',  ( 0.000000000000000000, 1.000000000000000000, 0.000000000000000000 ) ) ;
#6864 = VECTOR ( 'NONE', #2998, 1000.000000000000000 ) ;
#6865 = VECTOR ( 'NONE', #573, 1000.000000000000000 ) ;
#6866 = FACE_OUTER_BOUND ( 'NONE', #3597, .T. ) ;
#6867 = VECTOR ( 'NONE', #1089, 1000.000000000000000 ) ;
#6868 = CARTESIAN_POINT ( 'NONE',  ( -42.88058467237054572, -10.80000000000000071, -6.364617092752020255 ) ) ;
#6869 = ADVANCED_FACE ( 'NONE', ( #5076 ), #269, .T. ) ;
#6870 = EDGE_CURVE ( 'NONE', #7446, #3759, #4445, .T. ) ;
#6871 = DIRECTION ( 'NONE',  ( 0.7071067811865480168, 0.000000000000000000, -0.7071067811865470176 ) ) ;
#6872 = EDGE_LOOP ( 'NONE', ( #8331, #3811, #5024, #3889 ) ) ;
#6873 = AXIS2_PLACEMENT_3D ( 'NONE', #6750, #8689, #3322 ) ;
#6874 = ORIENTED_EDGE ( 'NONE', *, *, #7497, .F. ) ;
#6875 = LINE ( 'NONE', #6782, #8728 ) ;
#6876 = VECTOR ( 'NONE', #941, 1000.000000000000000 ) ;
#6877 = VECTOR ( 'NONE', #2195, 1000.000000000000000 ) ;
#6878 = CARTESIAN_POINT ( 'NONE',  ( -157.2854501729100036, -7.200000000000000178, 1.484009058298530137 ) ) ;
#6879 = EDGE_CURVE ( 'NONE', #7403, #4591, #2282, .T. ) ;
#6880 = VECTOR ( 'NONE', #5837, 1000.000000000000000 ) ;
#6881 = LINE ( 'NONE', #4756, #6154 ) ;
#6883 = EDGE_LOOP ( 'NONE', ( #4437, #3651, #2851, #5297 ) ) ;
#6882 = VECTOR ( 'NONE', #6932, 1000.000000000000000 ) ;
#6884 = EDGE_CURVE ( 'NONE', #588, #1821, #7022, .T. ) ;
#6885 = DIRECTION ( 'NONE',  ( 0.000000000000000000, -1.000000000000000000, -1.156482317317869950E-15 ) ) ;
#6886 = DIRECTION ( 'NONE',  ( 0.000000000000000000, -1.000000000000000000, 0.000000000000000000 ) ) ;
#6887 = VERTEX_POINT ( 'NONE', #4314 ) ;
#6888 = LINE ( 'NONE', #2640, #4491 ) ;
#6889 = LINE ( 'NONE', #1280, #6062 ) ;
#6890 = ORIENTED_EDGE ( 'NONE', *, *, #2571, .F. ) ;
#6891 = LINE ( 'NONE', #5579, #7728 ) ;
#6892 = CARTESIAN_POINT ( 'NONE',  ( -24.17632186096854952, -10.80000000000000071, 6.364617092752020255 ) ) ;
#6893 = AXIS2_PLACEMENT_3D ( 'NONE', #7667, #1398, #6954 ) ;
#6894 = FACE_OUTER_BOUND ( 'NONE', #6097, .T. ) ;
#6895 = ORIENTED_EDGE ( 'NONE', *, *, #8010, .T. ) ;
#6896 = DIRECTION ( 'NONE',  ( 0.7071067811865480168, 0.000000000000000000, -0.7071067811865470176 ) ) ;
#6897 = ADVANCED_FACE ( 'NONE', ( #3596 ), #7148, .F. ) ;
#6898 = CARTESIAN_POINT ( 'NONE',  ( -44.58442101292464343, -10.80000000000000071, 3.042492089611689821 ) ) ;
#6899 = ORIENTED_EDGE ( 'NONE', *, *, #7224, .T. ) ;
#6900 = ORIENTED_EDGE ( 'NONE', *, *, #2036, .F. ) ;
#6901 = CARTESIAN_POINT ( 'NONE',  ( -166.4399999999999977, -7.200000000000000178, 8.227666964079659806 ) ) ;
#6902 = CARTESIAN_POINT ( 'NONE',  ( -7.556298973624020476, 10.80000000000000071, 5.768829150331540312 ) ) ;
#6903 = ORIENTED_EDGE ( 'NONE', *, *, #145, .T. ) ;
#6904 = PLANE ( 'NONE',  #3187 ) ;
#6905 = EDGE_CURVE ( 'NONE', #3898, #1471, #8510, .T. ) ;
#6906 = ORIENTED_EDGE ( 'NONE', *, *, #2483, .F. ) ;
#6907 = CARTESIAN_POINT ( 'NONE',  ( -2.086118528788225124, 7.200000000000000178, 4.813868674543670068 ) ) ;
#6908 = LINE ( 'NONE', #6229, #8823 ) ;
#6909 = FACE_OUTER_BOUND ( 'NONE', #1380, .T. ) ;
#6910 = ORIENTED_EDGE ( 'NONE', *, *, #4128, .F. ) ;
#6911 = VECTOR ( 'NONE', #4256, 1000.000000000000000 ) ;
#6912 = DIRECTION ( 'NONE',  ( -0.7128487565933357972, 0.000000000000000000, -0.7013177954560507743 ) ) ;
#6913 = ORIENTED_EDGE ( 'NONE', *, *, #4073, .F. ) ;
#6914 = DIRECTION ( 'NONE',  ( 0.000000000000000000, 0.000000000000000000, 1.000000000000000000 ) ) ;
#6915 = LINE ( 'NONE', #1403, #8305 ) ;
#6916 = CARTESIAN_POINT ( 'NONE',  ( -204.0000000000000000, 10.80000000000000071, -9.364617092752020255 ) ) ;
#6917 = DIRECTION ( 'NONE',  ( -1.000000000000000000, 2.269496243435210405E-31, -1.962413267760679851E-16 ) ) ;
#6918 = ORIENTED_EDGE ( 'NONE', *, *, #7089, .T. ) ;
#6919 = LINE ( 'NONE', #7046, #5318 ) ;
#6920 = CARTESIAN_POINT ( 'NONE',  ( 157.9791843563795055, 10.80000000000000071, -6.364617092752020255 ) ) ;
#6921 = ADVANCED_FACE ( 'NONE', ( #6432 ), #7692, .F. ) ;
#6922 = AXIS2_PLACEMENT_3D ( 'NONE', #3141, #504, #3277 ) ;
#6923 = CARTESIAN_POINT ( 'NONE',  ( -195.0000000000000000, -4.049999999999999822, 13.26173140978200138 ) ) ;
#6924 = VERTEX_POINT ( 'NONE', #1508 ) ;
#6925 = EDGE_CURVE ( 'NONE', #4005, #158, #6343, .T. ) ;
#6926 = CARTESIAN_POINT ( 'NONE',  ( -3.913881471211790419, 7.200000000000000178, 7.915365510960418405 ) ) ;
#6927 = VECTOR ( 'NONE', #8530, 1000.000000000000000 ) ;
#6928 = DIRECTION ( 'NONE',  ( -1.000000000000000000, 0.000000000000000000, 0.000000000000000000 ) ) ;
#6929 = EDGE_LOOP ( 'NONE', ( #1148, #3, #6040, #1117 ) ) ;
#6930 = EDGE_CURVE ( 'NONE', #7472, #6641, #1556, .T. ) ;
#6931 = FACE_OUTER_BOUND ( 'NONE', #7062, .T. ) ;
#6932 = DIRECTION ( 'NONE',  ( 0.000000000000000000, 0.000000000000000000, 1.000000000000000000 ) ) ;
#6933 = ORIENTED_EDGE ( 'NONE', *, *, #5174, .T. ) ;
#6934 = EDGE_CURVE ( 'NONE', #8469, #4356, #1635, .T. ) ;
#6935 = AXIS2_PLACEMENT_3D ( 'NONE', #2117, #3475, #6263 ) ;
#6936 = CARTESIAN_POINT ( 'NONE',  ( 86.40000000000000568, -7.705048770837778628E-16, 15.59999999999974918 ) ) ;
#6937 = CARTESIAN_POINT ( 'NONE',  ( -204.0000000000000000, 1.351735180736268092E-14, -15.59999999999999964 ) ) ;
#6938 = LINE ( 'NONE', #6980, #7292 ) ;
#6939 = ORIENTED_EDGE ( 'NONE', *, *, #7474, .T. ) ;
#6940 = ADVANCED_FACE ( 'NONE', ( #3683 ), #5624, .F. ) ;
#6941 = LINE ( 'NONE', #8885, #6568 ) ;
#6942 = VECTOR ( 'NONE', #574, 1000.000000000000000 ) ;
#6943 = CARTESIAN_POINT ( 'NONE',  ( 89.39999999999999147, -10.80000000000000071, 10.47867965644037902 ) ) ;
#6944 = ORIENTED_EDGE ( 'NONE', *, *, #7207, .T. ) ;
#6945 = ORIENTED_EDGE ( 'NONE', *, *, #1411, .F. ) ;
#6946 = DIRECTION ( 'NONE',  ( -0.7071067811865470176, 0.000000000000000000, 0.7071067811865480168 ) ) ;
#6947 = EDGE_CURVE ( 'NONE', #4685, #2507, #4272, .T. ) ;
#6948 = CIRCLE ( 'NONE', #7081, 18.00000000000000000 ) ;
#6949 = DIRECTION ( 'NONE',  ( 0.000000000000000000, 0.000000000000000000, 1.000000000000000000 ) ) ;
#6950 = ORIENTED_EDGE ( 'NONE', *, *, #1319, .F. ) ;
#6951 = EDGE_LOOP ( 'NONE', ( #2960, #2560, #8284 ) ) ;
#6952 = CARTESIAN_POINT ( 'NONE',  ( 195.0000000000000000, -10.80000000000000071, -12.59999999999999964 ) ) ;
#6953 = FACE_OUTER_BOUND ( 'NONE', #1881, .T. ) ;
#6954 = DIRECTION ( 'NONE',  ( 0.000000000000000000, 1.000000000000000000, 0.000000000000000000 ) ) ;
#6955 = ORIENTED_EDGE ( 'NONE', *, *, #7410, .F. ) ;
#6956 = DIRECTION ( 'NONE',  ( -0.6613107231666243147, 0.000000000000000000, 0.7501120765757851583 ) ) ;
#6957 = ORIENTED_EDGE ( 'NONE', *, *, #8908, .F. ) ;
#6958 = AXIS2_PLACEMENT_3D ( 'NONE', #8804, #4647, #5228 ) ;
#6959 = ADVANCED_FACE ( 'NONE', ( #3729 ), #6472, .F. ) ;
#6960 = DIRECTION ( 'NONE',  ( -1.000000000000000000, 0.000000000000000000, 2.018443830920939658E-16 ) ) ;
#6961 = LINE ( 'NONE', #8226, #1516 ) ;
#6962 = DIRECTION ( 'NONE',  ( -1.000000000000000000, -6.051989982493890326E-31, 5.233102047361820167E-16 ) ) ;
#6963 = DIRECTION ( 'NONE',  ( 0.4832260289231208317, 1.012495219489880589E-15, -0.8754956338961327189 ) ) ;
#6964 = ORIENTED_EDGE ( 'NONE', *, *, #5653, .F. ) ;
#6965 = DIRECTION ( 'NONE',  ( 0.000000000000000000, -0.8660254037844387076, 0.4999999999999998890 ) ) ;
#6966 = DIRECTION ( 'NONE',  ( -1.000000000000000000, 0.000000000000000000, 0.000000000000000000 ) ) ;
#6967 = EDGE_CURVE ( 'NONE', #81, #266, #5034, .T. ) ;
#6968 = DIRECTION ( 'NONE',  ( 0.000000000000000000, 0.000000000000000000, -1.000000000000000000 ) ) ;
#6969 = EDGE_LOOP ( 'NONE', ( #1314, #4816, #419, #6581 ) ) ;
#6970 = CARTESIAN_POINT ( 'NONE',  ( -117.5999999999999943, 1.657405997545260083E-15, -15.59999999999999964 ) ) ;
#6971 = DIRECTION ( 'NONE',  ( 1.000000000000000000, 0.000000000000000000, 0.000000000000000000 ) ) ;
#6972 = ORIENTED_EDGE ( 'NONE', *, *, #2474, .F. ) ;
#6973 = VECTOR ( 'NONE', #744, 1000.000000000000000 ) ;
#6974 = ADVANCED_FACE ( 'NONE', ( #865 ), #3640, .F. ) ;
#6975 = CARTESIAN_POINT ( 'NONE',  ( -167.9399999999999977, -10.80000000000000071, -6.364617092752020255 ) ) ;
#6976 = FACE_OUTER_BOUND ( 'NONE', #7305, .T. ) ;
#6977 = ORIENTED_EDGE ( 'NONE', *, *, #6507, .T. ) ;
#6978 = DIRECTION ( 'NONE',  ( 0.000000000000000000, -1.000000000000000000, -1.156482317317869950E-15 ) ) ;
#6979 = DIRECTION ( 'NONE',  ( -0.8051314262087330142, 0.000000000000000000, -0.5930964394861020228 ) ) ;
#6980 = CARTESIAN_POINT ( 'NONE',  ( 114.5999999999999943, -7.200000000000000178, 12.59999999999999964 ) ) ;
#6981 = ORIENTED_EDGE ( 'NONE', *, *, #4883, .T. ) ;
#6982 = FACE_OUTER_BOUND ( 'NONE', #6759, .T. ) ;
#6983 = ADVANCED_FACE ( 'NONE', ( #7782 ), #1597, .F. ) ;
#6984 = DIRECTION ( 'NONE',  ( 0.000000000000000000, -1.000000000000000000, -1.156482317317869950E-15 ) ) ;
#6985 = VERTEX_POINT ( 'NONE', #2591 ) ;
#6986 = EDGE_CURVE ( 'NONE', #2397, #4470, #7325, .T. ) ;
#6987 = CARTESIAN_POINT ( 'NONE',  ( 26.10000000000000142, 10.80000000000000071, 6.364617092752020255 ) ) ;
#6988 = CARTESIAN_POINT ( 'NONE',  ( 62.79117005096220083, -10.80000000000000071, -6.364617092752020255 ) ) ;
#6989 = EDGE_LOOP ( 'NONE', ( #1652, #6833, #8020 ) ) ;
#6990 = ORIENTED_EDGE ( 'NONE', *, *, #5467, .T. ) ;
#6991 = DIRECTION ( 'NONE',  ( -0.5930964394861031330, 0.000000000000000000, -0.8051314262087322371 ) ) ;
#6992 = DIRECTION ( 'NONE',  ( 7.709882115452469538E-17, 0.000000000000000000, -1.000000000000000000 ) ) ;
#6993 = LINE ( 'NONE', #6858, #4163 ) ;
#6994 = ORIENTED_EDGE ( 'NONE', *, *, #3263, .T. ) ;
#6995 = DIRECTION ( 'NONE',  ( 0.000000000000000000, 0.000000000000000000, -1.000000000000000000 ) ) ;
#6996 = VERTEX_POINT ( 'NONE', #3813 ) ;
#6997 = VECTOR ( 'NONE', #5240, 1000.000000000000000 ) ;
#6998 = CARTESIAN_POINT ( 'NONE',  ( 130.3799999999999955, -10.80000000000000071, 3.227411761409994639 ) ) ;
#6999 = DIRECTION ( 'NONE',  ( 0.7071067811865480168, 0.000000000000000000, 0.7071067811865470176 ) ) ;
#7000 = PLANE ( 'NONE',  #7448 ) ;
#7001 = LINE ( 'NONE', #2935, #2100 ) ;
#7002 = VECTOR ( 'NONE', #1448, 1000.000000000000000 ) ;
#7003 = EDGE_LOOP ( 'NONE', ( #530, #5481, #669, #6271 ) ) ;
#7004 = CARTESIAN_POINT ( 'NONE',  ( 150.6599999999999966, -10.80000000000000071, 6.364617092752020255 ) ) ;
#7005 = EDGE_CURVE ( 'NONE', #7097, #8957, #5161, .T. ) ;
#7006 = VECTOR ( 'NONE', #6065, 1000.000000000000000 ) ;
#7007 = AXIS2_PLACEMENT_3D ( 'NONE', #5201, #5424, #7997 ) ;
#7008 = VECTOR ( 'NONE', #8696, 1000.000000000000000 ) ;
#7009 = CARTESIAN_POINT ( 'NONE',  ( 77.10030432623400998, -10.80000000000000071, 6.364617092752020255 ) ) ;
#7010 = VERTEX_POINT ( 'NONE', #7233 ) ;
#7011 = DIRECTION ( 'NONE',  ( 1.000000000000000000, 0.000000000000000000, 0.000000000000000000 ) ) ;
#7012 = ORIENTED_EDGE ( 'NONE', *, *, #4299, .T. ) ;
#7013 = EDGE_CURVE ( 'NONE', #8650, #7425, #4576, .T. ) ;
#7014 = AXIS2_PLACEMENT_3D ( 'NONE', #8592, #1035, #7367 ) ;
#7015 = VECTOR ( 'NONE', #703, 999.9999999999998863 ) ;
#7016 = CARTESIAN_POINT ( 'NONE',  ( 0.000000000000000000, -10.80000000000000071, 4.500000000000000000 ) ) ;
#7017 = EDGE_LOOP ( 'NONE', ( #4648, #600, #945, #6910 ) ) ;
#7018 = VECTOR ( 'NONE', #3851, 1000.000000000000000 ) ;
#7019 = VECTOR ( 'NONE', #140, 1000.000000000000000 ) ;
#7020 = CARTESIAN_POINT ( 'NONE',  ( -6.000000000000000000, 0.000000000000000000, -19.02943725152285026 ) ) ;
#7021 = CARTESIAN_POINT ( 'NONE',  ( 9.000000000000000000, 0.000000000000000000, -45.00000000000000000 ) ) ;
#7022 = LINE ( 'NONE', #7189, #4421 ) ;
#7023 = ORIENTED_EDGE ( 'NONE', *, *, #161, .F. ) ;
#7024 = CARTESIAN_POINT ( 'NONE',  ( 6.000000000000000000, 0.000000000000000000, -19.02943725152285026 ) ) ;
#7025 = DIRECTION ( 'NONE',  ( -0.5077119284509900021, 9.963406245925839309E-16, -0.8615268990046549558 ) ) ;
#7026 = ORIENTED_EDGE ( 'NONE', *, *, #2625, .T. ) ;
#7027 = VECTOR ( 'NONE', #5774, 1000.000000000000000 ) ;
#7028 = EDGE_CURVE ( 'NONE', #2004, #1700, #7414, .T. ) ;
#7029 = FACE_BOUND ( 'NONE', #1787, .T. ) ;
#7030 = CARTESIAN_POINT ( 'NONE',  ( 114.5999999999999943, -10.80000000000000071, 9.921648374596198749 ) ) ;
#7031 = DIRECTION ( 'NONE',  ( 1.000000000000000000, 0.000000000000000000, 0.000000000000000000 ) ) ;
#7032 = ORIENTED_EDGE ( 'NONE', *, *, #861, .T. ) ;
#7033 = ORIENTED_EDGE ( 'NONE', *, *, #799, .T. ) ;
#7034 = EDGE_CURVE ( 'NONE', #2247, #7826, #1824, .T. ) ;
#7035 = LINE ( 'NONE', #5723, #8388 ) ;
#7036 = LINE ( 'NONE', #7705, #8038 ) ;
#7037 = VERTEX_POINT ( 'NONE', #8778 ) ;
#7038 = CARTESIAN_POINT ( 'NONE',  ( -73.90949697779099381, -7.200000000000000178, 5.295343957862029605 ) ) ;
#7039 = ORIENTED_EDGE ( 'NONE', *, *, #5861, .T. ) ;
#7040 = ADVANCED_FACE ( 'NONE', ( #1227 ), #5246, .T. ) ;
#7041 = CARTESIAN_POINT ( 'NONE',  ( -151.8750469336854962, 10.80000000000000071, -9.364617092752020255 ) ) ;
#7042 = PLANE ( 'NONE',  #7275 ) ;
#7043 = FACE_OUTER_BOUND ( 'NONE', #8527, .T. ) ;
#7044 = PLANE ( 'NONE',  #344 ) ;
#7045 = ORIENTED_EDGE ( 'NONE', *, *, #3830, .F. ) ;
#7046 = CARTESIAN_POINT ( 'NONE',  ( -182.2199999999999989, -7.200000000000000178, -6.364617092752020255 ) ) ;
#7047 = VECTOR ( 'NONE', #8363, 1000.000000000000000 ) ;
#7048 = DIRECTION ( 'NONE',  ( 0.000000000000000000, 1.000000000000000000, 1.156482317317869950E-15 ) ) ;
#7049 = ORIENTED_EDGE ( 'NONE', *, *, #5949, .F. ) ;
#7050 = EDGE_CURVE ( 'NONE', #2441, #7993, #3953, .T. ) ;
#7051 = CARTESIAN_POINT ( 'NONE',  ( 102.0000000000000000, 3.000000000000000000, 9.900000000000002132 ) ) ;
#7052 = VERTEX_POINT ( 'NONE', #2409 ) ;
#7053 = DIRECTION ( 'NONE',  ( 0.000000000000000000, 1.000000000000000000, 0.000000000000000000 ) ) ;
#7054 = PLANE ( 'NONE',  #916 ) ;
#7055 = EDGE_LOOP ( 'NONE', ( #965, #1016, #281 ) ) ;
#7056 = ADVANCED_FACE ( 'NONE', ( #6747 ), #3088, .F. ) ;
#7057 = VECTOR ( 'NONE', #6863, 1000.000000000000000 ) ;
#7058 = DIRECTION ( 'NONE',  ( 0.7071067811865470176, 0.000000000000000000, -0.7071067811865480168 ) ) ;
#7059 = LINE ( 'NONE', #863, #1374 ) ;
#7060 = DIRECTION ( 'NONE',  ( 0.000000000000000000, 0.000000000000000000, 1.000000000000000000 ) ) ;
#7061 = DIRECTION ( 'NONE',  ( 0.000000000000000000, 0.8660254037844383745, 0.5000000000000003331 ) ) ;
#7062 = EDGE_LOOP ( 'NONE', ( #5455, #687, #156, #8281 ) ) ;
#7063 = CARTESIAN_POINT ( 'NONE',  ( 30.14589468389949900, -7.200000000000000178, 6.364617092752020255 ) ) ;
#7064 = CARTESIAN_POINT ( 'NONE',  ( 91.52132034355979329, -10.80000000000000071, -12.59999999999999964 ) ) ;
#7065 = CARTESIAN_POINT ( 'NONE',  ( 26.44974226119290250, -10.80000000000000071, -9.364617092752020255 ) ) ;
#7066 = ORIENTED_EDGE ( 'NONE', *, *, #7421, .T. ) ;
#7067 = VECTOR ( 'NONE', #6396, 1000.000000000000000 ) ;
#7068 = DIRECTION ( 'NONE',  ( 0.7501120765757850473, 0.000000000000000000, 0.6613107231666242036 ) ) ;
#7069 = CARTESIAN_POINT ( 'NONE',  ( -18.00000000000000000, 0.000000000000000000, -36.00000000000000000 ) ) ;
#7070 = DIRECTION ( 'NONE',  ( 0.000000000000000000, 1.000000000000000000, 0.000000000000000000 ) ) ;
#7071 = ORIENTED_EDGE ( 'NONE', *, *, #937, .T. ) ;
#7072 = VECTOR ( 'NONE', #6388, 1000.000000000000000 ) ;
#7073 = ORIENTED_EDGE ( 'NONE', *, *, #7695, .F. ) ;
#7074 = ADVANCED_FACE ( 'NONE', ( #4485 ), #6024, .F. ) ;
#7075 = CARTESIAN_POINT ( 'NONE',  ( 76.46147367097499625, -10.80000000000000071, 2.784647752018624800 ) ) ;
#7076 = FACE_OUTER_BOUND ( 'NONE', #5418, .T. ) ;
#7077 = ORIENTED_EDGE ( 'NONE', *, *, #6645, .T. ) ;
#7078 = DIRECTION ( 'NONE',  ( 1.000000000000000000, 0.000000000000000000, -5.551115123125790591E-16 ) ) ;
#7079 = ORIENTED_EDGE ( 'NONE', *, *, #445, .T. ) ;
#7080 = EDGE_CURVE ( 'NONE', #8523, #5039, #1727, .T. ) ;
#7081 = AXIS2_PLACEMENT_3D ( 'NONE', #143, #233, #272 ) ;
#7082 = CARTESIAN_POINT ( 'NONE',  ( -133.3799999999999955, -10.80000000000000071, -6.364617092752079763 ) ) ;
#7083 = DIRECTION ( 'NONE',  ( 0.000000000000000000, 1.000000000000000000, 0.000000000000000000 ) ) ;
#7084 = FACE_OUTER_BOUND ( 'NONE', #4627, .T. ) ;
#7085 = ADVANCED_FACE ( 'NONE', ( #1868 ), #7370, .F. ) ;
#7086 = ORIENTED_EDGE ( 'NONE', *, *, #2900, .F. ) ;
#7087 = VECTOR ( 'NONE', #2206, 1000.000000000000000 ) ;
#7088 = DIRECTION ( 'NONE',  ( 0.8754956338961326079, -5.156001492484647477E-16, 0.4832260289231208317 ) ) ;
#7089 = EDGE_CURVE ( 'NONE', #1572, #5231, #6696, .T. ) ;
#7090 = PLANE ( 'NONE',  #8732 ) ;
#7091 = PLANE ( 'NONE',  #7154 ) ;
#7092 = ORIENTED_EDGE ( 'NONE', *, *, #2900, .T. ) ;
#7093 = DIRECTION ( 'NONE',  ( 1.000000000000000000, 0.000000000000000000, 0.000000000000000000 ) ) ;
#7094 = EDGE_LOOP ( 'NONE', ( #3292, #1482, #4385 ) ) ;
#7095 = LINE ( 'NONE', #899, #6854 ) ;
#7096 = DIRECTION ( 'NONE',  ( 0.000000000000000000, 1.000000000000000000, 0.000000000000000000 ) ) ;
#7097 = VERTEX_POINT ( 'NONE', #3181 ) ;
#7098 = EDGE_CURVE ( 'NONE', #1561, #299, #3273, .T. ) ;
#7099 = PLANE ( 'NONE',  #3837 ) ;
#7100 = PLANE ( 'NONE',  #343 ) ;
#7101 = CARTESIAN_POINT ( 'NONE',  ( 117.5999999999999943, -10.80000000000000071, 3.068602665671010143 ) ) ;
#7102 = CARTESIAN_POINT ( 'NONE',  ( -86.40000000000000568, -7.705048770837778628E-16, 15.59999999999974918 ) ) ;
#7103 = ORIENTED_EDGE ( 'NONE', *, *, #8345, .T. ) ;
#7104 = LINE ( 'NONE', #4671, #352 ) ;
#7105 = PLANE ( 'NONE',  #6150 ) ;
#7106 = ORIENTED_EDGE ( 'NONE', *, *, #5753, .F. ) ;
#7107 = EDGE_CURVE ( 'NONE', #1013, #2888, #7958, .T. ) ;
#7108 = FACE_BOUND ( 'NONE', #6543, .T. ) ;
#7109 = CARTESIAN_POINT ( 'NONE',  ( -146.6309003458194127, -10.80000000000000071, -6.364617092752020255 ) ) ;
#7110 = ORIENTED_EDGE ( 'NONE', *, *, #8752, .F. ) ;
#7111 = ORIENTED_EDGE ( 'NONE', *, *, #6308, .T. ) ;
#7112 = EDGE_CURVE ( 'NONE', #4731, #8456, #8000, .T. ) ;
#7113 = CARTESIAN_POINT ( 'NONE',  ( -150.6599999999999966, -10.80000000000000071, -3.396598976154979965 ) ) ;
#7114 = SURFACE_STYLE_USAGE ( .BOTH. , #880 ) ;
#7115 = ORIENTED_EDGE ( 'NONE', *, *, #6107, .T. ) ;
#7116 = DIRECTION ( 'NONE',  ( -0.7071067811865480168, 0.000000000000000000, -0.7071067811865470176 ) ) ;
#7117 = EDGE_LOOP ( 'NONE', ( #7998, #4305, #1218, #289 ) ) ;
#7118 = DIRECTION ( 'NONE',  ( -0.8660254037844387076, 0.000000000000000000, 0.4999999999999998890 ) ) ;
#7119 = ADVANCED_FACE ( 'NONE', ( #5348 ), #8099, .F. ) ;
#7120 = DIRECTION ( 'NONE',  ( 1.000000000000000000, 0.000000000000000000, 0.000000000000000000 ) ) ;
#7121 = FACE_OUTER_BOUND ( 'NONE', #2283, .T. ) ;
#7122 = LINE ( 'NONE', #3711, #7374 ) ;
#7123 = ORIENTED_EDGE ( 'NONE', *, *, #815, .T. ) ;
#7124 = PLANE ( 'NONE',  #250 ) ;
#7125 = VECTOR ( 'NONE', #6243, 1000.000000000000000 ) ;
#7126 = ORIENTED_EDGE ( 'NONE', *, *, #4820, .T. ) ;
#7127 = CARTESIAN_POINT ( 'NONE',  ( -15.10500000000000043, -0.8000000000000003775, 3.900000000000000355 ) ) ;
#7128 = EDGE_CURVE ( 'NONE', #5496, #7262, #2096, .T. ) ;
#7129 = ADVANCED_FACE ( 'NONE', ( #8872 ), #2, .F. ) ;
#7130 = VECTOR ( 'NONE', #6239, 1000.000000000000000 ) ;
#7131 = CARTESIAN_POINT ( 'NONE',  ( -89.39999999999999147, -7.200000000000000178, -10.47867965644037902 ) ) ;
#7132 = ORIENTED_EDGE ( 'NONE', *, *, #1962, .T. ) ;
#7133 = DIRECTION ( 'NONE',  ( 1.000000000000000000, 0.000000000000000000, 0.000000000000000000 ) ) ;
#7134 = ORIENTED_EDGE ( 'NONE', *, *, #8238, .F. ) ;
#7135 = EDGE_CURVE ( 'NONE', #5821, #5398, #8195, .T. ) ;
#7136 = VECTOR ( 'NONE', #7352, 1000.000000000000000 ) ;
#7137 = VECTOR ( 'NONE', #6605, 1000.000000000000000 ) ;
#7138 = CARTESIAN_POINT ( 'NONE',  ( 44.58442101292464343, -10.80000000000000071, 3.042492089611689821 ) ) ;
#7139 = AXIS2_PLACEMENT_3D ( 'NONE', #3275, #406, #499 ) ;
#7140 = EDGE_LOOP ( 'NONE', ( #7134, #4916, #6725, #8082 ) ) ;
#7141 = EDGE_CURVE ( 'NONE', #1111, #1017, #7602, .T. ) ;
#7142 = CARTESIAN_POINT ( 'NONE',  ( 33.14589468389949900, -10.80000000000000071, -3.042492089611705364 ) ) ;
#7143 = DIRECTION ( 'NONE',  ( 0.000000000000000000, -1.000000000000000000, 0.000000000000000000 ) ) ;
#7145 = ORIENTED_EDGE ( 'NONE', *, *, #2404, .F. ) ;
#7144 = VECTOR ( 'NONE', #2911, 1000.000000000000000 ) ;
#7146 = VECTOR ( 'NONE', #5226, 1000.000000000000000 ) ;
#7147 = DIRECTION ( 'NONE',  ( 1.000000000000000000, 0.000000000000000000, -1.321694076934709909E-16 ) ) ;
#7148 = PLANE ( 'NONE',  #7449 ) ;
#7149 = ORIENTED_EDGE ( 'NONE', *, *, #8770, .F. ) ;
#7150 = AXIS2_PLACEMENT_3D ( 'NONE', #8765, #2526, #4562 ) ;
#7151 = DIRECTION ( 'NONE',  ( 5.233102047361820167E-16, 1.066995812285799955E-15, -1.000000000000000000 ) ) ;
#7152 = DIRECTION ( 'NONE',  ( -2.018443830920939658E-16, 0.000000000000000000, 1.000000000000000000 ) ) ;
#7153 = ORIENTED_EDGE ( 'NONE', *, *, #2589, .F. ) ;
#7154 = AXIS2_PLACEMENT_3D ( 'NONE', #2814, #1455, #4342 ) ;
#7155 = VECTOR ( 'NONE', #8205, 1000.000000000000114 ) ;
#7156 = CARTESIAN_POINT ( 'NONE',  ( 0.000000000000000000, 10.80000000000000071, 9.364617092752020255 ) ) ;
#7157 = CARTESIAN_POINT ( 'NONE',  ( 133.3799999999999955, -10.80000000000000071, -6.364617092752079763 ) ) ;
#7158 = DIRECTION ( 'NONE',  ( 0.000000000000000000, 0.000000000000000000, 1.000000000000000000 ) ) ;
#7159 = EDGE_LOOP ( 'NONE', ( #6290, #637, #2072, #5761 ) ) ;
#7160 = ORIENTED_EDGE ( 'NONE', *, *, #7207, .F. ) ;
#7161 = EDGE_CURVE ( 'NONE', #375, #4446, #2053, .T. ) ;
#7162 = CARTESIAN_POINT ( 'NONE',  ( -18.70736835487440075, -10.80000000000000071, 3.042492089611689821 ) ) ;
#7163 = LINE ( 'NONE', #154, #6370 ) ;
#7164 = VERTEX_POINT ( 'NONE', #6247 ) ;
#7165 = VECTOR ( 'NONE', #6728, 1000.000000000000000 ) ;
#7166 = VERTEX_POINT ( 'NONE', #1416 ) ;
#7167 = EDGE_CURVE ( 'NONE', #3209, #443, #729, .T. ) ;
#7168 = DIRECTION ( 'NONE',  ( 0.000000000000000000, 1.000000000000000000, 0.000000000000000000 ) ) ;
#7169 = CARTESIAN_POINT ( 'NONE',  ( -181.1909003458195002, -10.80000000000000071, -6.364617092752079763 ) ) ;
#7170 = PLANE ( 'NONE',  #424 ) ;
#7171 = CARTESIAN_POINT ( 'NONE',  ( 117.5999999999999943, -10.80000000000000071, 9.364617092752020255 ) ) ;
#7172 = ORIENTED_EDGE ( 'NONE', *, *, #4337, .T. ) ;
#7173 = DIRECTION ( 'NONE',  ( -0.000000000000000000, 0.4999999999999998890, 0.8660254037844387076 ) ) ;
#7174 = ORIENTED_EDGE ( 'NONE', *, *, #6198, .F. ) ;
#7175 = DIRECTION ( 'NONE',  ( -1.000000000000000000, 0.000000000000000000, 1.708035422500250146E-15 ) ) ;
#7176 = DIRECTION ( 'NONE',  ( 0.000000000000000000, 1.000000000000000000, 0.000000000000000000 ) ) ;
#7177 = ORIENTED_EDGE ( 'NONE', *, *, #7916, .T. ) ;
#7178 = CARTESIAN_POINT ( 'NONE',  ( -86.40000000000000568, -7.705048770837778628E-16, 15.59999999999974918 ) ) ;
#7179 = VERTEX_POINT ( 'NONE', #8827 ) ;
#7180 = EDGE_CURVE ( 'NONE', #6924, #4126, #3319, .T. ) ;
#7181 = DIRECTION ( 'NONE',  ( 0.000000000000000000, 1.156482317317869950E-15, -1.000000000000000000 ) ) ;
#7182 = ORIENTED_EDGE ( 'NONE', *, *, #4073, .T. ) ;
#7183 = EDGE_CURVE ( 'NONE', #5085, #6678, #4184, .T. ) ;
#7184 = LINE ( 'NONE', #8680, #3996 ) ;
#7185 = CARTESIAN_POINT ( 'NONE',  ( 89.39999999999999147, -7.200000000000000178, -12.59999999999999964 ) ) ;
#7186 = ORIENTED_EDGE ( 'NONE', *, *, #6219, .T. ) ;
#7187 = ADVANCED_FACE ( 'NONE', ( #6072 ), #5480, .F. ) ;
#7188 = CARTESIAN_POINT ( 'NONE',  ( -9.000000000000000000, -10.80000000000000071, -36.00000000000000000 ) ) ;
#7189 = CARTESIAN_POINT ( 'NONE',  ( 3.000000000000000000, 7.200000000000000178, -6.364617092752020255 ) ) ;
#7190 = ORIENTED_EDGE ( 'NONE', *, *, #2735, .T. ) ;
#7191 = CARTESIAN_POINT ( 'NONE',  ( -195.0000000000000000, -4.996003610813199699E-15, 15.59999999999999964 ) ) ;
#7192 = CARTESIAN_POINT ( 'NONE',  ( 6.545317529749079988, 7.200000000000000178, 6.364617092752020255 ) ) ;
#7193 = EDGE_CURVE ( 'NONE', #3905, #5889, #5394, .T. ) ;
#7194 = LINE ( 'NONE', #7237, #6438 ) ;
#7195 = ORIENTED_EDGE ( 'NONE', *, *, #5239, .T. ) ;
#7196 = VECTOR ( 'NONE', #6960, 1000.000000000000000 ) ;
#7197 = EDGE_CURVE ( 'NONE', #3050, #183, #3459, .T. ) ;
#7198 = CARTESIAN_POINT ( 'NONE',  ( 18.70736835487440075, -7.200000000000000178, 3.042492089611689821 ) ) ;
#7199 = DIRECTION ( 'NONE',  ( 0.000000000000000000, 0.000000000000000000, -1.000000000000000000 ) ) ;
#7200 = LINE ( 'NONE', #324, #7716 ) ;
#7201 = ORIENTED_EDGE ( 'NONE', *, *, #6208, .T. ) ;
#7202 = VECTOR ( 'NONE', #1154, 1000.000000000000000 ) ;
#7203 = DIRECTION ( 'NONE',  ( 0.000000000000000000, -1.000000000000000000, 0.000000000000000000 ) ) ;
#7204 =( NAMED_UNIT ( * ) PLANE_ANGLE_UNIT ( ) SI_UNIT ( $, .RADIAN. ) );
#7205 = ORIENTED_EDGE ( 'NONE', *, *, #6577, .F. ) ;
#7206 = ORIENTED_EDGE ( 'NONE', *, *, #5519, .T. ) ;
#7207 = EDGE_CURVE ( 'NONE', #2403, #2936, #5438, .T. ) ;
#7208 = VECTOR ( 'NONE', #4068, 1000.000000000000000 ) ;
#7209 = FACE_OUTER_BOUND ( 'NONE', #7250, .T. ) ;
#7210 = LINE ( 'NONE', #3794, #8588 ) ;
#7211 = DIRECTION ( 'NONE',  ( 0.000000000000000000, 0.000000000000000000, -1.000000000000000000 ) ) ;
#7212 = DIRECTION ( 'NONE',  ( 0.000000000000000000, 0.000000000000000000, 1.000000000000000000 ) ) ;
#7213 = EDGE_LOOP ( 'NONE', ( #8444, #1301, #3869, #4086 ) ) ;
#7214 = DIRECTION ( 'NONE',  ( -0.000000000000000000, 1.000000000000000000, 0.000000000000000000 ) ) ;
#7215 = AXIS2_PLACEMENT_3D ( 'NONE', #2382, #3836, #6587 ) ;
#7216 = EDGE_CURVE ( 'NONE', #4757, #5376, #4760, .T. ) ;
#7217 = VERTEX_POINT ( 'NONE', #5524 ) ;
#7218 = FACE_BOUND ( 'NONE', #3825, .T. ) ;
#7219 = CARTESIAN_POINT ( 'NONE',  ( 3.000000000000000000, 10.80000000000000071, -6.364617092752020255 ) ) ;
#7220 = ORIENTED_EDGE ( 'NONE', *, *, #5628, .T. ) ;
#7221 = PLANE ( 'NONE',  #4127 ) ;
#7222 = AXIS2_PLACEMENT_3D ( 'NONE', #192, #2375, #7203 ) ;
#7223 = ORIENTED_EDGE ( 'NONE', *, *, #3064, .F. ) ;
#7224 = EDGE_CURVE ( 'NONE', #8841, #4587, #7507, .T. ) ;
#7225 = CARTESIAN_POINT ( 'NONE',  ( -9.000000000000000000, -10.80000000000000071, -42.60000000000000142 ) ) ;
#7226 = ORIENTED_EDGE ( 'NONE', *, *, #506, .F. ) ;
#7227 = VECTOR ( 'NONE', #8620, 1000.000000000000000 ) ;
#7228 = CARTESIAN_POINT ( 'NONE',  ( -86.40000000000000568, -10.80000000000000071, -15.59999999999999964 ) ) ;
#7229 = CARTESIAN_POINT ( 'NONE',  ( 117.5999999999999943, 1.657405997545260083E-15, 15.59999999999999964 ) ) ;
#7230 = ORIENTED_EDGE ( 'NONE', *, *, #5482, .F. ) ;
#7231 = EDGE_CURVE ( 'NONE', #6095, #7769, #8144, .T. ) ;
#7232 = DIRECTION ( 'NONE',  ( -9.472892701579828520E-18, 0.000000000000000000, 1.000000000000000000 ) ) ;
#7233 = CARTESIAN_POINT ( 'NONE',  ( 204.0000000000000000, 10.80000000000000071, -9.364617092752020255 ) ) ;
#7234 = ORIENTED_EDGE ( 'NONE', *, *, #1085, .F. ) ;
#7235 = DIRECTION ( 'NONE',  ( 0.000000000000000000, 0.000000000000000000, -1.000000000000000000 ) ) ;
#7236 = FACE_OUTER_BOUND ( 'NONE', #1037, .T. ) ;
#7237 = CARTESIAN_POINT ( 'NONE',  ( -6.000000000000000000, 0.000000000000000000, -19.02943725152285026 ) ) ;
#7238 = VERTEX_POINT ( 'NONE', #4138 ) ;
#7239 = PLANE ( 'NONE',  #6428 ) ;
#7240 = DIRECTION ( 'NONE',  ( 0.000000000000000000, -1.000000000000000000, 0.000000000000000000 ) ) ;
#7241 = EDGE_CURVE ( 'NONE', #7338, #2583, #7462, .T. ) ;
#7242 = ADVANCED_FACE ( 'NONE', ( #6790 ), #686, .F. ) ;
#7243 = LINE ( 'NONE', #1833, #76 ) ;
#7244 = CARTESIAN_POINT ( 'NONE',  ( 33.14589468389949900, -10.80000000000000071, -3.042492089611705364 ) ) ;
#7245 = ORIENTED_EDGE ( 'NONE', *, *, #1563, .T. ) ;
#7246 = ORIENTED_EDGE ( 'NONE', *, *, #7180, .T. ) ;
#7247 = LINE ( 'NONE', #376, #534 ) ;
#7248 = EDGE_LOOP ( 'NONE', ( #4603, #596, #7751, #2345 ) ) ;
#7249 = EDGE_CURVE ( 'NONE', #8456, #7811, #1546, .T. ) ;
#7250 = EDGE_LOOP ( 'NONE', ( #8219, #2514, #5755, #3456 ) ) ;
#7251 = DIRECTION ( 'NONE',  ( 0.000000000000000000, 0.000000000000000000, -1.000000000000000000 ) ) ;
#7252 = CARTESIAN_POINT ( 'NONE',  ( 3.913881471211790419, 7.200000000000000178, 7.915365510960418405 ) ) ;
#7253 = DIRECTION ( 'NONE',  ( -1.000000000000000000, 0.000000000000000000, 0.000000000000000000 ) ) ;
#7254 = DIRECTION ( 'NONE',  ( 0.7501120765757860465, 0.000000000000000000, -0.6613107231666230934 ) ) ;
#7255 = EDGE_LOOP ( 'NONE', ( #1420, #5510, #634 ) ) ;
#7256 = DIRECTION ( 'NONE',  ( 0.8615268990046556219, 5.417265015047506661E-16, -0.5077119284509886699 ) ) ;
#7257 = DIRECTION ( 'NONE',  ( 0.7071067811865480168, 0.000000000000000000, 0.7071067811865470176 ) ) ;
#7258 = PLANE ( 'NONE',  #1816 ) ;
#7259 = CARTESIAN_POINT ( 'NONE',  ( 14.68883598744354124, -10.80000000000000071, -6.364617092752020255 ) ) ;
#7260 = ORIENTED_EDGE ( 'NONE', *, *, #8480, .F. ) ;
#7261 = CARTESIAN_POINT ( 'NONE',  ( -133.3799999999999955, -10.80000000000000071, -6.364617092752079763 ) ) ;
#7262 = VERTEX_POINT ( 'NONE', #6463 ) ;
#7263 = EDGE_CURVE ( 'NONE', #2306, #6525, #5106, .T. ) ;
#7264 = FACE_OUTER_BOUND ( 'NONE', #328, .T. ) ;
#7265 = VECTOR ( 'NONE', #6966, 1000.000000000000000 ) ;
#7267 = EDGE_CURVE ( 'NONE', #6456, #8514, #4261, .T. ) ;
#7266 = CARTESIAN_POINT ( 'NONE',  ( -129.4909129263288037, -10.80000000000000071, 6.364617092752020255 ) ) ;
#7268 = CARTESIAN_POINT ( 'NONE',  ( 52.27504693368549482, 10.80000000000000071, -4.682308546376040326 ) ) ;
#7269 = ORIENTED_EDGE ( 'NONE', *, *, #4830, .T. ) ;
#7270 = CARTESIAN_POINT ( 'NONE',  ( -11.54999999999999893, 10.80000000000000071, 6.364617092752020255 ) ) ;
#7271 = CARTESIAN_POINT ( 'NONE',  ( -91.52132034355979329, -10.80000000000000071, -12.59999999999999964 ) ) ;
#7272 = EDGE_LOOP ( 'NONE', ( #7269, #1739 ) ) ;
#7273 = VECTOR ( 'NONE', #6704, 1000.000000000000000 ) ;
#7274 = CARTESIAN_POINT ( 'NONE',  ( 32.62923479342510547, -10.80000000000000071, 16.22722184233894893 ) ) ;
#7275 = AXIS2_PLACEMENT_3D ( 'NONE', #5555, #77, #4881 ) ;
#7276 = DIRECTION ( 'NONE',  ( 0.000000000000000000, 1.000000000000000000, 0.000000000000000000 ) ) ;
#7277 = VECTOR ( 'NONE', #8157, 1000.000000000000000 ) ;
#7278 = PLANE ( 'NONE',  #991 ) ;
#7279 = ORIENTED_EDGE ( 'NONE', *, *, #5493, .T. ) ;
#7280 = EDGE_CURVE ( 'NONE', #7425, #2685, #6381, .T. ) ;
#7281 = VECTOR ( 'NONE', #8835, 1000.000000000000000 ) ;
#7282 = AXIS2_PLACEMENT_3D ( 'NONE', #8519, #3055, #7924 ) ;
#7283 = VECTOR ( 'NONE', #8555, 1000.000000000000000 ) ;
#7284 = DIRECTION ( 'NONE',  ( -1.000000000000000000, 0.000000000000000000, 0.000000000000000000 ) ) ;
#7285 = CARTESIAN_POINT ( 'NONE',  ( 74.13214453085758748, -10.80000000000000071, -29.98917581270189814 ) ) ;
#7286 = LINE ( 'NONE', #1098, #5850 ) ;
#7287 = ORIENTED_EDGE ( 'NONE', *, *, #8752, .T. ) ;
#7288 = AXIS2_PLACEMENT_3D ( 'NONE', #6348, #4359, #5754 ) ;
#7289 = LINE ( 'NONE', #416, #503 ) ;
#7290 = ORIENTED_EDGE ( 'NONE', *, *, #6930, .F. ) ;
#7291 = VECTOR ( 'NONE', #1671, 1000.000000000000000 ) ;
#7292 = VECTOR ( 'NONE', #7559, 1000.000000000000000 ) ;
#7293 = EDGE_LOOP ( 'NONE', ( #2991, #5258, #4395, #2778 ) ) ;
#7294 = DIRECTION ( 'NONE',  ( -5.233102047361820167E-16, 0.000000000000000000, 1.000000000000000000 ) ) ;
#7295 = ORIENTED_EDGE ( 'NONE', *, *, #5324, .F. ) ;
#7296 = EDGE_CURVE ( 'NONE', #1708, #8591, #2944, .T. ) ;
#7297 = ORIENTED_EDGE ( 'NONE', *, *, #6398, .F. ) ;
#7298 = DIRECTION ( 'NONE',  ( 0.000000000000000000, -1.000000000000000000, -1.156482317317869950E-15 ) ) ;
#7299 = AXIS2_PLACEMENT_3D ( 'NONE', #8286, #7511, #2868 ) ;
#7300 = AXIS2_PLACEMENT_3D ( 'NONE', #3033, #1586, #7133 ) ;
#7301 = EDGE_CURVE ( 'NONE', #4633, #7815, #129, .T. ) ;
#7302 = DIRECTION ( 'NONE',  ( 0.7071067811865470176, 0.000000000000000000, -0.7071067811865480168 ) ) ;
#7303 = LINE ( 'NONE', #1110, #3487 ) ;
#7304 = ADVANCED_FACE ( 'NONE', ( #3540 ), #4387, .F. ) ;
#7305 = EDGE_LOOP ( 'NONE', ( #8769, #734, #70, #4744 ) ) ;
#7306 = DIRECTION ( 'NONE',  ( 0.000000000000000000, 0.000000000000000000, -1.000000000000000000 ) ) ;
#7307 = ORIENTED_EDGE ( 'NONE', *, *, #6947, .F. ) ;
#7308 = DIRECTION ( 'NONE',  ( -0.7071067811865480168, 0.000000000000000000, 0.7071067811865470176 ) ) ;
#7309 = ORIENTED_EDGE ( 'NONE', *, *, #7112, .F. ) ;
#7310 = PLANE ( 'NONE',  #6159 ) ;
#7311 = ADVANCED_FACE ( 'NONE', ( #7770 ), #6292, .T. ) ;
#7312 = AXIS2_PLACEMENT_3D ( 'NONE', #2800, #5639, #4288 ) ;
#7313 = CARTESIAN_POINT ( 'NONE',  ( 15.10500000000000043, -0.8000000000000003775, 3.900000000000000355 ) ) ;
#7314 = LINE ( 'NONE', #5191, #2259 ) ;
#7315 = ORIENTED_EDGE ( 'NONE', *, *, #1864, .T. ) ;
#7316 = DIRECTION ( 'NONE',  ( 0.8754956338961326079, -5.156001492484647477E-16, 0.4832260289231208317 ) ) ;
#7317 = ORIENTED_EDGE ( 'NONE', *, *, #3217, .T. ) ;
#7318 = VERTEX_POINT ( 'NONE', #7051 ) ;
#7319 = CARTESIAN_POINT ( 'NONE',  ( -91.52132034355979329, -10.80000000000000071, -12.59999999999999964 ) ) ;
#7320 = EDGE_CURVE ( 'NONE', #8116, #2874, #897, .T. ) ;
#7321 = LINE ( 'NONE', #3131, #6294 ) ;
#7322 = DIRECTION ( 'NONE',  ( 0.000000000000000000, 1.000000000000000000, 0.000000000000000000 ) ) ;
#7323 = ORIENTED_EDGE ( 'NONE', *, *, #1781, .T. ) ;
#7324 = CARTESIAN_POINT ( 'NONE',  ( -204.0000000000000000, 0.000000000000000000, 0.000000000000000000 ) ) ;
#7325 = LINE ( 'NONE', #3135, #5284 ) ;
#7326 = ORIENTED_EDGE ( 'NONE', *, *, #5817, .T. ) ;
#7327 = CARTESIAN_POINT ( 'NONE',  ( 90.46066017177960816, -7.200000000000000178, 13.66066017177984016 ) ) ;
#7328 = CARTESIAN_POINT ( 'NONE',  ( -102.0000000000000000, -7.000000000000000000, -9.899999999999998579 ) ) ;
#7329 = CARTESIAN_POINT ( 'NONE',  ( 86.40000000000000568, -10.80000000000000071, -2.784647752018639899 ) ) ;
#7330 = ORIENTED_EDGE ( 'NONE', *, *, #7851, .T. ) ;
#7331 = EDGE_CURVE ( 'NONE', #6433, #5327, #2679, .T. ) ;
#7332 = CARTESIAN_POINT ( 'NONE',  ( 117.5999999999999943, -10.80000000000000071, -15.59999999999999964 ) ) ;
#7333 = DIRECTION ( 'NONE',  ( 1.000000000000000000, 0.000000000000000000, 2.018443830920939658E-16 ) ) ;
#7334 = DIRECTION ( 'NONE',  ( 0.000000000000000000, 1.000000000000000000, 0.000000000000000000 ) ) ;
#7335 = ORIENTED_EDGE ( 'NONE', *, *, #4236, .F. ) ;
#7336 = LINE ( 'NONE', #6800, #3692 ) ;
#7337 = ORIENTED_EDGE ( 'NONE', *, *, #8189, .F. ) ;
#7338 = VERTEX_POINT ( 'NONE', #90 ) ;
#7339 = CARTESIAN_POINT ( 'NONE',  ( 18.70736835487440075, -10.80000000000000071, -6.364617092752020255 ) ) ;
#7340 = VERTEX_POINT ( 'NONE', #2311 ) ;
#7341 = ORIENTED_EDGE ( 'NONE', *, *, #3736, .T. ) ;
#7342 = CARTESIAN_POINT ( 'NONE',  ( 0.000000000000000000, 10.80000000000000071, 9.364617092752020255 ) ) ;
#7343 = VECTOR ( 'NONE', #6451, 1000.000000000000114 ) ;
#7344 = DIRECTION ( 'NONE',  ( 0.7071067811865480168, 0.000000000000000000, 0.7071067811865470176 ) ) ;
#7345 = CARTESIAN_POINT ( 'NONE',  ( -76.46147367097499625, -10.80000000000000071, 2.784647752018624800 ) ) ;
#7346 = EDGE_CURVE ( 'NONE', #6477, #8396, #8543, .T. ) ;
#7347 = ORIENTED_EDGE ( 'NONE', *, *, #788, .T. ) ;
#7348 = DIRECTION ( 'NONE',  ( 0.000000000000000000, 0.000000000000000000, 1.000000000000000000 ) ) ;
#7349 = ORIENTED_EDGE ( 'NONE', *, *, #4954, .F. ) ;
#7350 = DIRECTION ( 'NONE',  ( 0.7071067811865410224, 0.7071067811865540120, 0.000000000000000000 ) ) ;
#7351 = ORIENTED_EDGE ( 'NONE', *, *, #5071, .T. ) ;
#7352 = DIRECTION ( 'NONE',  ( -1.708035422500250146E-15, -1.329153133506409989E-31, -1.000000000000000000 ) ) ;
#7353 = ADVANCED_FACE ( 'NONE', ( #4344 ), #2353, .F. ) ;
#7354 = VECTOR ( 'NONE', #5891, 1000.000000000000114 ) ;
#7355 = DIRECTION ( 'NONE',  ( -0.000000000000000000, 1.000000000000000000, 0.000000000000000000 ) ) ;
#7356 = DIRECTION ( 'NONE',  ( 0.000000000000000000, 1.000000000000000000, 0.000000000000000000 ) ) ;
#7357 = ORIENTED_EDGE ( 'NONE', *, *, #73, .T. ) ;
#7358 = EDGE_CURVE ( 'NONE', #8771, #6836, #8371, .T. ) ;
#7359 = DIRECTION ( 'NONE',  ( 0.000000000000000000, 1.156482317317869950E-15, -1.000000000000000000 ) ) ;
#7360 = EDGE_LOOP ( 'NONE', ( #8392, #7186, #6231, #6041 ) ) ;
#7361 = VECTOR ( 'NONE', #660, 1000.000000000000000 ) ;
#7362 = VERTEX_POINT ( 'NONE', #817 ) ;
#7363 = CARTESIAN_POINT ( 'NONE',  ( 47.58442101292460080, -10.80000000000000071, -6.364617092752020255 ) ) ;
#7364 = PLANE ( 'NONE',  #8717 ) ;
#7365 = ADVANCED_FACE ( 'NONE', ( #3630 ), #5065, .F. ) ;
#7366 = VECTOR ( 'NONE', #5972, 1000.000000000000000 ) ;
#7367 = DIRECTION ( 'NONE',  ( 0.000000000000000000, -1.000000000000000000, 0.000000000000000000 ) ) ;
#7368 = ORIENTED_EDGE ( 'NONE', *, *, #5984, .T. ) ;
#7369 = DIRECTION ( 'NONE',  ( 0.000000000000000000, 1.000000000000000000, 0.000000000000000000 ) ) ;
#7370 = PLANE ( 'NONE',  #6732 ) ;
#7371 = ORIENTED_EDGE ( 'NONE', *, *, #5405, .T. ) ;
#7372 = LINE ( 'NONE', #1182, #3553 ) ;
#7373 = DIRECTION ( 'NONE',  ( 0.000000000000000000, 0.000000000000000000, -1.000000000000000000 ) ) ;
#7374 = VECTOR ( 'NONE', #1707, 1000.000000000000000 ) ;
#7375 = PLANE ( 'NONE',  #6873 ) ;
#7376 = ORIENTED_EDGE ( 'NONE', *, *, #6596, .F. ) ;
#7377 = DIRECTION ( 'NONE',  ( 0.000000000000000000, -1.000000000000000000, 0.000000000000000000 ) ) ;
#7378 = FACE_BOUND ( 'NONE', #2575, .T. ) ;
#7379 = DIRECTION ( 'NONE',  ( 0.000000000000000000, 1.000000000000000000, 0.000000000000000000 ) ) ;
#7380 = ORIENTED_EDGE ( 'NONE', *, *, #6588, .T. ) ;
#7381 = DIRECTION ( 'NONE',  ( 0.000000000000000000, 0.000000000000000000, 1.000000000000000000 ) ) ;
#7382 = ORIENTED_EDGE ( 'NONE', *, *, #5384, .F. ) ;
#7383 = ORIENTED_EDGE ( 'NONE', *, *, #1138, .T. ) ;
#7384 = EDGE_CURVE ( 'NONE', #3656, #374, #2992, .T. ) ;
#7385 = DIRECTION ( 'NONE',  ( 7.113305415238639742E-16, 0.000000000000000000, -1.000000000000000000 ) ) ;
#7386 = ORIENTED_EDGE ( 'NONE', *, *, #7384, .F. ) ;
#7387 = EDGE_LOOP ( 'NONE', ( #3221, #7505, #4873, #3389 ) ) ;
#7388 = DIRECTION ( 'NONE',  ( 0.000000000000000000, 1.000000000000000000, 0.000000000000000000 ) ) ;
#7389 = CARTESIAN_POINT ( 'NONE',  ( -26.10000000000000142, 10.80000000000000071, 6.364617092752020255 ) ) ;
#7390 = DIRECTION ( 'NONE',  ( 0.000000000000000000, -1.000000000000000000, 0.000000000000000000 ) ) ;
#7391 = CARTESIAN_POINT ( 'NONE',  ( 59.02294734194980208, -10.80000000000000071, 6.364617092752020255 ) ) ;
#7392 = EDGE_CURVE ( 'NONE', #2533, #2188, #3587, .T. ) ;
#7393 = EDGE_LOOP ( 'NONE', ( #2810, #7744, #4429 ) ) ;
#7394 = PLANE ( 'NONE',  #7526 ) ;
#7395 = ORIENTED_EDGE ( 'NONE', *, *, #556, .F. ) ;
#7396 = CARTESIAN_POINT ( 'NONE',  ( -15.70736835487440075, -0.8000000000000003775, 4.500000000000000000 ) ) ;
#7397 = ORIENTED_EDGE ( 'NONE', *, *, #5688, .T. ) ;
#7398 = CARTESIAN_POINT ( 'NONE',  ( -86.40000000000000568, -8.078073986775178909E-14, 15.59999999999999964 ) ) ;
#7399 = ORIENTED_EDGE ( 'NONE', *, *, #5324, .T. ) ;
#7400 = EDGE_CURVE ( 'NONE', #3357, #30, #2222, .T. ) ;
#7401 = PLANE ( 'NONE',  #4119 ) ;
#7402 = DIRECTION ( 'NONE',  ( 0.5077119284509891139, -9.963406245925847198E-16, 0.8615268990046553998 ) ) ;
#7403 = VERTEX_POINT ( 'NONE', #7178 ) ;
#7404 = CARTESIAN_POINT ( 'NONE',  ( 174.8333860441489946, 10.80000000000000071, 6.364617092752020255 ) ) ;
#7405 = ORIENTED_EDGE ( 'NONE', *, *, #4659, .F. ) ;
#7406 = ORIENTED_EDGE ( 'NONE', *, *, #1562, .T. ) ;
#7407 = CARTESIAN_POINT ( 'NONE',  ( -18.70736835487440075, -7.200000000000000178, 3.042492089611689821 ) ) ;
#7408 = PLANE ( 'NONE',  #2515 ) ;
#7409 = EDGE_CURVE ( 'NONE', #2993, #859, #440, .T. ) ;
#7410 = EDGE_CURVE ( 'NONE', #3356, #4087, #5237, .T. ) ;
#7411 = CARTESIAN_POINT ( 'NONE',  ( 33.14589468389949900, -10.80000000000000071, 6.364617092752020255 ) ) ;
#7412 = VERTEX_POINT ( 'NONE', #5822 ) ;
#7413 = DIRECTION ( 'NONE',  ( 0.000000000000000000, 1.000000000000000000, 0.000000000000000000 ) ) ;
#7414 = LINE ( 'NONE', #1132, #6010 ) ;
#7415 = ORIENTED_EDGE ( 'NONE', *, *, #2190, .T. ) ;
#7416 = CARTESIAN_POINT ( 'NONE',  ( -102.0000000000000000, 3.000000000000000000, 9.900000000000002132 ) ) ;
#7417 = LINE ( 'NONE', #7465, #1755 ) ;
#7418 = CARTESIAN_POINT ( 'NONE',  ( -31.64589468389949900, -7.200000000000000178, -6.364617092752020255 ) ) ;
#7419 = VECTOR ( 'NONE', #3535, 1000.000000000000114 ) ;
#7420 = ORIENTED_EDGE ( 'NONE', *, *, #6879, .T. ) ;
#7421 = EDGE_CURVE ( 'NONE', #6182, #5229, #6601, .T. ) ;
#7422 = FACE_OUTER_BOUND ( 'NONE', #1255, .T. ) ;
#7423 = FACE_BOUND ( 'NONE', #346, .T. ) ;
#7424 = CARTESIAN_POINT ( 'NONE',  ( 186.0000000000000000, 0.000000000000000000, 0.000000000000000000 ) ) ;
#7425 = VERTEX_POINT ( 'NONE', #5875 ) ;
#7426 = VECTOR ( 'NONE', #985, 1000.000000000000000 ) ;
#7427 = DIRECTION ( 'NONE',  ( -1.000000000000000000, 0.000000000000000000, 9.472892701579828520E-18 ) ) ;
#7428 = ORIENTED_EDGE ( 'NONE', *, *, #524, .F. ) ;
#7429 = ORIENTED_EDGE ( 'NONE', *, *, #4122, .F. ) ;
#7430 = CARTESIAN_POINT ( 'NONE',  ( -114.5999999999999943, -10.80000000000000071, 10.47867965644037902 ) ) ;
#7431 = ORIENTED_EDGE ( 'NONE', *, *, #420, .T. ) ;
#7432 = VECTOR ( 'NONE', #8460, 1000.000000000000000 ) ;
#7433 = VECTOR ( 'NONE', #5181, 1000.000000000000000 ) ;
#7434 = ORIENTED_EDGE ( 'NONE', *, *, #1794, .F. ) ;
#7435 = VECTOR ( 'NONE', #7151, 1000.000000000000000 ) ;
#7436 = LINE ( 'NONE', #7389, #1734 ) ;
#7437 = EDGE_CURVE ( 'NONE', #990, #2247, #5961, .T. ) ;
#7438 = LINE ( 'NONE', #3339, #7146 ) ;
#7439 = FACE_OUTER_BOUND ( 'NONE', #1770, .T. ) ;
#7440 = VECTOR ( 'NONE', #8634, 1000.000000000000114 ) ;
#7441 = VECTOR ( 'NONE', #1935, 1000.000000000000000 ) ;
#7442 = ORIENTED_EDGE ( 'NONE', *, *, #7216, .F. ) ;
#7443 = VERTEX_POINT ( 'NONE', #7989 ) ;
#7444 = CARTESIAN_POINT ( 'NONE',  ( 87.90000000000000568, -7.200000000000000178, 6.364617092752020255 ) ) ;
#7445 = CARTESIAN_POINT ( 'NONE',  ( 97.50000000000000000, 5.196152422706729723, 12.59999999999999964 ) ) ;
#7446 = VERTEX_POINT ( 'NONE', #4517 ) ;
#7447 = EDGE_CURVE ( 'NONE', #1967, #361, #492, .T. ) ;
#7448 = AXIS2_PLACEMENT_3D ( 'NONE', #5056, #1493, #1578 ) ;
#7449 = AXIS2_PLACEMENT_3D ( 'NONE', #4990, #182, #6515 ) ;
#7450 = PLANE ( 'NONE',  #4392 ) ;
#7451 = CYLINDRICAL_SURFACE ( 'NONE', #6441, 9.900000000000000355 ) ;
#7452 = LINE ( 'NONE', #2628, #1955 ) ;
#7453 = VERTEX_POINT ( 'NONE', #7261 ) ;
#7454 = ORIENTED_EDGE ( 'NONE', *, *, #445, .F. ) ;
#7455 = CARTESIAN_POINT ( 'NONE',  ( 0.000000000000000000, 1.351735180736268092E-14, -15.59999999999999964 ) ) ;
#7456 = FACE_OUTER_BOUND ( 'NONE', #4783, .T. ) ;
#7457 = VECTOR ( 'NONE', #5815, 1000.000000000000000 ) ;
#7458 = VECTOR ( 'NONE', #327, 1000.000000000000000 ) ;
#7459 = CARTESIAN_POINT ( 'NONE',  ( -86.40000000000000568, -7.705048770837839765E-16, -15.59999999999999964 ) ) ;
#7460 = ORIENTED_EDGE ( 'NONE', *, *, #5224, .F. ) ;
#7461 = DIRECTION ( 'NONE',  ( 0.000000000000000000, -0.8660254037844383745, -0.5000000000000003331 ) ) ;
#7462 = LINE ( 'NONE', #6832, #3856 ) ;
#7463 = ORIENTED_EDGE ( 'NONE', *, *, #5867, .F. ) ;
#7464 = EDGE_CURVE ( 'NONE', #374, #8925, #3896, .T. ) ;
#7465 = CARTESIAN_POINT ( 'NONE',  ( -18.70736835487440075, -7.200000000000000178, 3.042492089611689821 ) ) ;
#7466 = CARTESIAN_POINT ( 'NONE',  ( 154.8750469336854962, 10.80000000000000071, 6.364617092752020255 ) ) ;
#7467 = ORIENTED_EDGE ( 'NONE', *, *, #1648, .F. ) ;
#7468 = EDGE_CURVE ( 'NONE', #5460, #2636, #1809, .T. ) ;
#7469 = DIRECTION ( 'NONE',  ( 0.000000000000000000, 1.000000000000000000, 0.000000000000000000 ) ) ;
#7470 = LINE ( 'NONE', #4767, #3902 ) ;
#7471 = CARTESIAN_POINT ( 'NONE',  ( 33.14589468389949900, -7.200000000000000178, 6.364617092752020255 ) ) ;
#7472 = VERTEX_POINT ( 'NONE', #8585 ) ;
#7473 = DIRECTION ( 'NONE',  ( 0.000000000000000000, 0.000000000000000000, -1.000000000000000000 ) ) ;
#7474 = EDGE_CURVE ( 'NONE', #7701, #5662, #6642, .T. ) ;
#7475 = ORIENTED_EDGE ( 'NONE', *, *, #3461, .F. ) ;
#7476 = PLANE ( 'NONE',  #32 ) ;
#7477 = VERTEX_POINT ( 'NONE', #3804 ) ;
#7478 = ORIENTED_EDGE ( 'NONE', *, *, #334, .F. ) ;
#7479 = EDGE_CURVE ( 'NONE', #8041, #5039, #2442, .T. ) ;
#7480 = VECTOR ( 'NONE', #5081, 1000.000000000000114 ) ;
#7481 = CARTESIAN_POINT ( 'NONE',  ( 6.000000000000000000, 0.000000000000000000, -19.02943725152285026 ) ) ;
#7482 = DIRECTION ( 'NONE',  ( -1.000000000000000000, 0.000000000000000000, 3.854941057726239700E-17 ) ) ;
#7483 = FACE_OUTER_BOUND ( 'NONE', #7974, .T. ) ;
#7484 = ORIENTED_EDGE ( 'NONE', *, *, #6338, .F. ) ;
#7485 = CARTESIAN_POINT ( 'NONE',  ( 86.40000000000000568, -10.80000000000000071, 6.364617092752020255 ) ) ;
#7486 = CARTESIAN_POINT ( 'NONE',  ( 117.5999999999999943, 1.657405997545260083E-15, -15.59999999999999964 ) ) ;
#7487 = ORIENTED_EDGE ( 'NONE', *, *, #4907, .T. ) ;
#7488 = LINE ( 'NONE', #6681, #2383 ) ;
#7489 = ADVANCED_FACE ( 'NONE', ( #1074 ), #4610, .F. ) ;
#7490 = ORIENTED_EDGE ( 'NONE', *, *, #4065, .F. ) ;
#7491 = VECTOR ( 'NONE', #6202, 1000.000000000000000 ) ;
#7492 = CARTESIAN_POINT ( 'NONE',  ( -134.4090996541806078, -7.200000000000000178, 6.364617092752020255 ) ) ;
#7493 = PLANE ( 'NONE',  #8730 ) ;
#7494 = DIRECTION ( 'NONE',  ( 0.000000000000000000, 0.000000000000000000, -1.000000000000000000 ) ) ;
#7495 = LINE ( 'NONE', #7404, #4982 ) ;
#7496 = EDGE_LOOP ( 'NONE', ( #7357, #6791, #5963, #3239 ) ) ;
#7497 = EDGE_CURVE ( 'NONE', #3941, #6678, #1714, .T. ) ;
#7498 = VERTEX_POINT ( 'NONE', #2532 ) ;
#7499 = DIRECTION ( 'NONE',  ( 0.000000000000000000, 0.000000000000000000, 1.000000000000000000 ) ) ;
#7500 = AXIS2_PLACEMENT_3D ( 'NONE', #2740, #8836, #2825 ) ;
#7501 = EDGE_CURVE ( 'NONE', #4587, #1696, #8768, .T. ) ;
#7502 = LINE ( 'NONE', #7636, #1217 ) ;
#7503 = VECTOR ( 'NONE', #8262, 1000.000000000000114 ) ;
#7504 = CARTESIAN_POINT ( 'NONE',  ( 147.6600000000000250, -10.80000000000000071, 6.364617092752020255 ) ) ;
#7505 = ORIENTED_EDGE ( 'NONE', *, *, #2036, .T. ) ;
#7506 = LINE ( 'NONE', #4893, #6775 ) ;
#7507 = LINE ( 'NONE', #5569, #2702 ) ;
#7508 = VERTEX_POINT ( 'NONE', #5289 ) ;
#7509 = EDGE_CURVE ( 'NONE', #6195, #4516, #1168, .T. ) ;
#7510 = CARTESIAN_POINT ( 'NONE',  ( 33.14589468389949900, -10.80000000000000071, 6.364617092752020255 ) ) ;
#7511 = DIRECTION ( 'NONE',  ( -1.000000000000000000, 0.000000000000000000, 0.000000000000000000 ) ) ;
#7512 = ORIENTED_EDGE ( 'NONE', *, *, #1563, .F. ) ;
#7513 = VECTOR ( 'NONE', #2932, 1000.000000000000000 ) ;
#7514 = ADVANCED_FACE ( 'NONE', ( #6686 ), #8088, .T. ) ;
#7515 = CARTESIAN_POINT ( 'NONE',  ( 21.32734123512544855, 10.80000000000000071, 6.364617092752020255 ) ) ;
#7516 = PLANE ( 'NONE',  #2605 ) ;
#7517 = DIRECTION ( 'NONE',  ( -9.472892701579828520E-18, 0.000000000000000000, 1.000000000000000000 ) ) ;
#7518 = VERTEX_POINT ( 'NONE', #3079 ) ;
#7519 = PLANE ( 'NONE',  #204 ) ;
#7520 = VECTOR ( 'NONE', #6518, 1000.000000000000000 ) ;
#7521 = CARTESIAN_POINT ( 'NONE',  ( -186.0000000000000000, 8.699999999999999289, 0.000000000000000000 ) ) ;
#7522 = ORIENTED_EDGE ( 'NONE', *, *, #2156, .F. ) ;
#7523 = VERTEX_POINT ( 'NONE', #2399 ) ;
#7524 = ADVANCED_FACE ( 'NONE', ( #4475 ), #7221, .F. ) ;
#7525 = EDGE_CURVE ( 'NONE', #1521, #3396, #5385, .T. ) ;
#7526 = AXIS2_PLACEMENT_3D ( 'NONE', #5375, #8173, #3886 ) ;
#7527 = CARTESIAN_POINT ( 'NONE',  ( 86.40000000000000568, -8.078073986775178909E-14, 15.59999999999999964 ) ) ;
#7528 = DIRECTION ( 'NONE',  ( -0.6613107231666243147, 0.000000000000000000, 0.7501120765757851583 ) ) ;
#7529 = CARTESIAN_POINT ( 'NONE',  ( -157.9791843563795055, 10.80000000000000071, -6.364617092752020255 ) ) ;
#7530 = ORIENTED_EDGE ( 'NONE', *, *, #7050, .T. ) ;
#7531 = EDGE_CURVE ( 'NONE', #2843, #3478, #1998, .T. ) ;
#7532 = CARTESIAN_POINT ( 'NONE',  ( 19.39230484541329602, 0.000000000000000000, -22.50000000000000000 ) ) ;
#7533 = CARTESIAN_POINT ( 'NONE',  ( 12.58967690125044037, -1.165734175856412001E-14, 1.382308546376021852 ) ) ;
#7534 = DIRECTION ( 'NONE',  ( 1.000000000000000000, 0.000000000000000000, 0.000000000000000000 ) ) ;
#7535 = ORIENTED_EDGE ( 'NONE', *, *, #1292, .F. ) ;
#7536 = CARTESIAN_POINT ( 'NONE',  ( 15.70736835487440075, -10.80000000000000071, -4.500000000000000000 ) ) ;
#7537 = VERTEX_POINT ( 'NONE', #4750 ) ;
#7538 = EDGE_CURVE ( 'NONE', #3631, #4217, #3354, .T. ) ;
#7539 = DIRECTION ( 'NONE',  ( -0.7783304170275797684, 0.000000000000000000, -0.6278548892297277639 ) ) ;
#7540 = DIRECTION ( 'NONE',  ( 0.000000000000000000, -1.000000000000000000, -1.156482317317869950E-15 ) ) ;
#7541 = LINE ( 'NONE', #5470, #5716 ) ;
#7542 = DIRECTION ( 'NONE',  ( 7.709882115452469538E-17, 0.000000000000000000, -1.000000000000000000 ) ) ;
#7543 = ORIENTED_EDGE ( 'NONE', *, *, #4017, .T. ) ;
#7544 = VERTEX_POINT ( 'NONE', #5557 ) ;
#7545 = DIRECTION ( 'NONE',  ( 0.8051314262087325702, 0.000000000000000000, 0.5930964394861026889 ) ) ;
#7546 = DIRECTION ( 'NONE',  ( 0.000000000000000000, -1.000000000000000000, 0.000000000000000000 ) ) ;
#7547 = CARTESIAN_POINT ( 'NONE',  ( 164.9399999999999977, -10.80000000000000071, -6.364617092752020255 ) ) ;
#7548 = ORIENTED_EDGE ( 'NONE', *, *, #3465, .T. ) ;
#7549 = EDGE_CURVE ( 'NONE', #1812, #4483, #6105, .T. ) ;
#7550 = PLANE ( 'NONE',  #3607 ) ;
#7551 = DIRECTION ( 'NONE',  ( -3.854941057726239700E-17, 0.000000000000000000, 1.000000000000000000 ) ) ;
#7552 = ORIENTED_EDGE ( 'NONE', *, *, #629, .T. ) ;
#7553 = CARTESIAN_POINT ( 'NONE',  ( -6.000000000000000000, 0.000000000000000000, -19.02943725152285026 ) ) ;
#7554 = DIRECTION ( 'NONE',  ( 0.000000000000000000, 0.000000000000000000, 1.000000000000000000 ) ) ;
#7555 = ORIENTED_EDGE ( 'NONE', *, *, #7944, .F. ) ;
#7556 = EDGE_CURVE ( 'NONE', #2397, #918, #4037, .T. ) ;
#7557 = CARTESIAN_POINT ( 'NONE',  ( 204.0000000000000000, -10.80000000000000071, -9.364617092752020255 ) ) ;
#7558 = DIRECTION ( 'NONE',  ( 0.000000000000000000, 0.000000000000000000, 1.000000000000000000 ) ) ;
#7559 = DIRECTION ( 'NONE',  ( 1.000000000000000000, 0.000000000000000000, -1.321694076934709909E-16 ) ) ;
#7560 = ORIENTED_EDGE ( 'NONE', *, *, #2446, .F. ) ;
#7561 = DIRECTION ( 'NONE',  ( 0.000000000000000000, -1.000000000000000000, 0.000000000000000000 ) ) ;
#7562 = VECTOR ( 'NONE', #1911, 1000.000000000000000 ) ;
#7563 = DIRECTION ( 'NONE',  ( -1.000000000000000000, 0.000000000000000000, 0.000000000000000000 ) ) ;
#7564 = ORIENTED_EDGE ( 'NONE', *, *, #135, .F. ) ;
#7565 = VERTEX_POINT ( 'NONE', #7590 ) ;
#7566 = VECTOR ( 'NONE', #3824, 1000.000000000000000 ) ;
#7567 = CARTESIAN_POINT ( 'NONE',  ( -33.37794549146840239, -10.80000000000000071, -9.364617092752020255 ) ) ;
#7568 = LINE ( 'NONE', #22, #2538 ) ;
#7569 = ORIENTED_EDGE ( 'NONE', *, *, #2205, .T. ) ;
#7570 = DIRECTION ( 'NONE',  ( 0.000000000000000000, 1.000000000000000000, 0.000000000000000000 ) ) ;
#7571 = VERTEX_POINT ( 'NONE', #675 ) ;
#7572 = VECTOR ( 'NONE', #5419, 1000.000000000000114 ) ;
#7573 = EDGE_CURVE ( 'NONE', #2636, #5692, #7495, .T. ) ;
#7574 = VECTOR ( 'NONE', #4123, 1000.000000000000000 ) ;
#7575 = CARTESIAN_POINT ( 'NONE',  ( -30.65392859914954826, -7.200000000000000178, -7.489785207615719642 ) ) ;
#7576 = FACE_OUTER_BOUND ( 'NONE', #2819, .T. ) ;
#7577 = PLANE ( 'NONE',  #6893 ) ;
#7578 = VECTOR ( 'NONE', #1134, 1000.000000000000000 ) ;
#7579 = ORIENTED_EDGE ( 'NONE', *, *, #4637, .F. ) ;
#7580 = LINE ( 'NONE', #7626, #4700 ) ;
#7581 = ORIENTED_EDGE ( 'NONE', *, *, #8345, .F. ) ;
#7582 = EDGE_CURVE ( 'NONE', #6811, #1311, #8955, .T. ) ;
#7583 = LINE ( 'NONE', #2719, #565 ) ;
#7584 = VECTOR ( 'NONE', #3370, 1000.000000000000114 ) ;
#7585 = EDGE_CURVE ( 'NONE', #7948, #2312, #5515, .T. ) ;
#7586 = VECTOR ( 'NONE', #1890, 1000.000000000000000 ) ;
#7587 = FACE_OUTER_BOUND ( 'NONE', #6969, .T. ) ;
#7588 = AXIS2_PLACEMENT_3D ( 'NONE', #3075, #4341, #7767 ) ;
#7589 = CARTESIAN_POINT ( 'NONE',  ( -167.9399999999999977, -10.80000000000000071, 3.396598976154964866 ) ) ;
#7590 = CARTESIAN_POINT ( 'NONE',  ( -33.14589468389949900, -10.80000000000000071, -3.042492089611705364 ) ) ;
#7591 = ADVANCED_FACE ( 'NONE', ( #8863 ), #2722, .F. ) ;
#7592 = ORIENTED_EDGE ( 'NONE', *, *, #5213, .T. ) ;
#7593 = PLANE ( 'NONE',  #6467 ) ;
#7594 = AXIS2_PLACEMENT_3D ( 'NONE', #4473, #5915, #5287 ) ;
#7595 = AXIS2_PLACEMENT_3D ( 'NONE', #739, #4057, #3510 ) ;
#7596 = DIRECTION ( 'NONE',  ( 0.000000000000000000, 1.000000000000000000, 0.000000000000000000 ) ) ;
#7597 = VECTOR ( 'NONE', #6220, 1000.000000000000000 ) ;
#7598 = EDGE_CURVE ( 'NONE', #2221, #1054, #719, .T. ) ;
#7599 = CARTESIAN_POINT ( 'NONE',  ( 164.9399999999999977, -10.80000000000000071, 3.396598976154964866 ) ) ;
#7600 = ORIENTED_EDGE ( 'NONE', *, *, #7080, .F. ) ;
#7601 = CARTESIAN_POINT ( 'NONE',  ( -112.4786796564402067, -10.80000000000000071, -12.59999999999999964 ) ) ;
#7602 = LINE ( 'NONE', #2818, #3708 ) ;
#7603 = EDGE_LOOP ( 'NONE', ( #7032, #663, #8375 ) ) ;
#7604 = CARTESIAN_POINT ( 'NONE',  ( 114.5999999999999943, -7.200000000000000178, -6.364617092752079763 ) ) ;
#7605 = CARTESIAN_POINT ( 'NONE',  ( 87.90000000000000568, -7.200000000000000178, 6.364617092752020255 ) ) ;
#7606 = VERTEX_POINT ( 'NONE', #6148 ) ;
#7607 = EDGE_CURVE ( 'NONE', #5144, #7179, #2670, .T. ) ;
#7608 = LINE ( 'NONE', #1421, #5705 ) ;
#7609 = CARTESIAN_POINT ( 'NONE',  ( -15.10500000000000043, -0.8000000000000003775, -3.899999999999999911 ) ) ;
#7610 = DIRECTION ( 'NONE',  ( -2.368081386566879965E-16, 0.000000000000000000, -1.000000000000000000 ) ) ;
#7611 = ORIENTED_EDGE ( 'NONE', *, *, #5233, .T. ) ;
#7612 = CARTESIAN_POINT ( 'NONE',  ( -30.14589468389949900, -7.200000000000000178, -3.042492089611705364 ) ) ;
#7613 = ADVANCED_FACE ( 'NONE', ( #1215 ), #3395, .F. ) ;
#7614 = DIRECTION ( 'NONE',  ( 1.000000000000000000, 0.000000000000000000, 0.000000000000000000 ) ) ;
#7615 = ORIENTED_EDGE ( 'NONE', *, *, #1937, .F. ) ;
#7616 = VERTEX_POINT ( 'NONE', #4794 ) ;
#7617 = CARTESIAN_POINT ( 'NONE',  ( 73.46147367097499625, -7.200000000000000178, -6.364617092752079763 ) ) ;
#7618 = FACE_OUTER_BOUND ( 'NONE', #3436, .T. ) ;
#7619 = ORIENTED_EDGE ( 'NONE', *, *, #6692, .F. ) ;
#7620 = ORIENTED_EDGE ( 'NONE', *, *, #7966, .F. ) ;
#7621 = CARTESIAN_POINT ( 'NONE',  ( 15.70736835487440075, -1.800000000000000044, 4.500000000000000000 ) ) ;
#7622 = DIRECTION ( 'NONE',  ( -0.5077119284509887809, -9.963406245925839309E-16, 0.8615268990046557329 ) ) ;
#7623 = CARTESIAN_POINT ( 'NONE',  ( -86.40000000000000568, -7.705048770837839765E-16, -15.59999999999999964 ) ) ;
#7624 = ORIENTED_EDGE ( 'NONE', *, *, #1618, .F. ) ;
#7625 = AXIS2_PLACEMENT_3D ( 'NONE', #8277, #3495, #4301 ) ;
#7626 = CARTESIAN_POINT ( 'NONE',  ( -15.70736835487440075, -0.8000000000000003775, 4.500000000000000000 ) ) ;
#7627 = ORIENTED_EDGE ( 'NONE', *, *, #3057, .F. ) ;
#7628 = DIRECTION ( 'NONE',  ( 0.000000000000000000, -1.000000000000000000, 0.000000000000000000 ) ) ;
#7629 = EDGE_CURVE ( 'NONE', #6053, #7318, #4546, .T. ) ;
#7630 = FACE_OUTER_BOUND ( 'NONE', #1099, .T. ) ;
#7631 = LINE ( 'NONE', #4926, #2901 ) ;
#7632 = DIRECTION ( 'NONE',  ( 0.000000000000000000, -1.000000000000000000, -1.156482317317869950E-15 ) ) ;
#7633 = ADVANCED_FACE ( 'NONE', ( #4174 ), #3308, .F. ) ;
#7634 = ORIENTED_EDGE ( 'NONE', *, *, #3219, .F. ) ;
#7635 = LINE ( 'NONE', #82, #2010 ) ;
#7636 = CARTESIAN_POINT ( 'NONE',  ( 6.599999999999999645, 0.000000000000000000, -45.00000000000000000 ) ) ;
#7637 = EDGE_CURVE ( 'NONE', #8865, #4176, #7452, .T. ) ;
#7638 = AXIS2_PLACEMENT_3D ( 'NONE', #5484, #4050, #1326 ) ;
#7639 = CARTESIAN_POINT ( 'NONE',  ( -6.599999999999999645, 0.000000000000000000, -45.00000000000000000 ) ) ;
#7640 = VERTEX_POINT ( 'NONE', #8133 ) ;
#7641 = DIRECTION ( 'NONE',  ( 0.000000000000000000, -1.000000000000000000, 0.000000000000000000 ) ) ;
#7642 = VECTOR ( 'NONE', #4506, 1000.000000000000000 ) ;
#7643 = DIRECTION ( 'NONE',  ( -0.7071067811865480168, 0.000000000000000000, 0.7071067811865470176 ) ) ;
#7644 = ORIENTED_EDGE ( 'NONE', *, *, #6478, .T. ) ;
#7645 = DIRECTION ( 'NONE',  ( 0.000000000000000000, 1.000000000000000000, 0.000000000000000000 ) ) ;
#7646 = ADVANCED_FACE ( 'NONE', ( #1266 ), #585, .F. ) ;
#7647 = CARTESIAN_POINT ( 'NONE',  ( -15.10500000000000043, -0.8000000000000003775, -3.899999999999999911 ) ) ;
#7648 = ORIENTED_EDGE ( 'NONE', *, *, #1176, .F. ) ;
#7649 = VECTOR ( 'NONE', #6753, 1000.000000000000114 ) ;
#7650 = LINE ( 'NONE', #179, #507 ) ;
#7651 = LINE ( 'NONE', #51, #1298 ) ;
#7652 = PLANE ( 'NONE',  #2121 ) ;
#7653 = ORIENTED_EDGE ( 'NONE', *, *, #3295, .F. ) ;
#7654 = DIRECTION ( 'NONE',  ( 1.000000000000000000, 0.000000000000000000, 0.000000000000000000 ) ) ;
#7655 = CARTESIAN_POINT ( 'NONE',  ( 89.39999999999999147, -7.200000000000000178, -10.47867965644037902 ) ) ;
#7656 = AXIS2_PLACEMENT_3D ( 'NONE', #268, #2281, #864 ) ;
#7657 = LINE ( 'NONE', #1476, #5581 ) ;
#7658 = ORIENTED_EDGE ( 'NONE', *, *, #8930, .F. ) ;
#7659 = PLANE ( 'NONE',  #6935 ) ;
#7660 = VECTOR ( 'NONE', #6392, 1000.000000000000000 ) ;
#7661 = DIRECTION ( 'NONE',  ( -1.708035422500250146E-15, 0.000000000000000000, 1.000000000000000000 ) ) ;
#7662 = ORIENTED_EDGE ( 'NONE', *, *, #2398, .F. ) ;
#7663 = ORIENTED_EDGE ( 'NONE', *, *, #394, .T. ) ;
#7664 = EDGE_CURVE ( 'NONE', #5544, #7794, #4125, .T. ) ;
#7665 = CARTESIAN_POINT ( 'NONE',  ( -114.5999999999999943, -7.200000000000000178, -6.364617092752079763 ) ) ;
#7666 = CARTESIAN_POINT ( 'NONE',  ( 102.0000000000000000, -6.000000000000000000, 9.900000000000002132 ) ) ;
#7667 = CARTESIAN_POINT ( 'NONE',  ( 73.46147367097499625, -10.80000000000000071, 3.042492089611700035 ) ) ;
#7668 = VERTEX_POINT ( 'NONE', #7244 ) ;
#7669 = DIRECTION ( 'NONE',  ( 1.000000000000000000, 0.000000000000000000, 0.000000000000000000 ) ) ;
#7670 = ORIENTED_EDGE ( 'NONE', *, *, #2509, .F. ) ;
#7671 = VECTOR ( 'NONE', #7348, 1000.000000000000000 ) ;
#7672 = EDGE_CURVE ( 'NONE', #2416, #30, #5130, .T. ) ;
#7673 = CARTESIAN_POINT ( 'NONE',  ( 86.40000000000000568, -10.80000000000000071, 6.364617092752020255 ) ) ;
#7674 = LINE ( 'NONE', #4966, #1231 ) ;
#7675 = LINE ( 'NONE', #6278, #8235 ) ;
#7676 = DIRECTION ( 'NONE',  ( 0.000000000000000000, 0.000000000000000000, -1.000000000000000000 ) ) ;
#7677 = EDGE_LOOP ( 'NONE', ( #5363, #7942, #581, #6906 ) ) ;
#7678 = CARTESIAN_POINT ( 'NONE',  ( -114.5999999999999943, -7.200000000000000178, -12.59999999999999964 ) ) ;
#7679 = DIRECTION ( 'NONE',  ( 7.709882115452469538E-17, 0.000000000000000000, -1.000000000000000000 ) ) ;
#7680 = FACE_OUTER_BOUND ( 'NONE', #3650, .T. ) ;
#7681 = ORIENTED_EDGE ( 'NONE', *, *, #861, .F. ) ;
#7682 = LINE ( 'NONE', #2864, #8364 ) ;
#7683 = CARTESIAN_POINT ( 'NONE',  ( 186.0000000000000000, 0.000000000000000000, 0.000000000000000000 ) ) ;
#7684 = EDGE_LOOP ( 'NONE', ( #3003, #2882, #4611, #4346 ) ) ;
#7685 = AXIS2_PLACEMENT_3D ( 'NONE', #2877, #7563, #8384 ) ;
#7686 = EDGE_CURVE ( 'NONE', #2573, #108, #807, .T. ) ;
#7687 = CARTESIAN_POINT ( 'NONE',  ( -117.5999999999999943, -10.80000000000000071, 3.068602665671010143 ) ) ;
#7688 = EDGE_LOOP ( 'NONE', ( #2674, #2682, #3773, #1678 ) ) ;
#7689 = DIRECTION ( 'NONE',  ( 1.000000000000000000, 0.000000000000000000, -7.709882115452469538E-17 ) ) ;
#7690 = CARTESIAN_POINT ( 'NONE',  ( -204.0000000000000000, 1.351735180736268092E-14, -15.59999999999999964 ) ) ;
#7691 = EDGE_CURVE ( 'NONE', #5441, #3162, #2177, .T. ) ;
#7692 = PLANE ( 'NONE',  #2980 ) ;
#7693 = EDGE_LOOP ( 'NONE', ( #7797, #2081, #3564, #7634 ) ) ;
#7694 = DIRECTION ( 'NONE',  ( 0.7071067811865470176, 0.000000000000000000, 0.7071067811865480168 ) ) ;
#7695 = EDGE_CURVE ( 'NONE', #4728, #3938, #8320, .T. ) ;
#7696 = CARTESIAN_POINT ( 'NONE',  ( -59.02294734194980208, -7.200000000000000178, -3.042492089611709805 ) ) ;
#7697 = ORIENTED_EDGE ( 'NONE', *, *, #3377, .F. ) ;
#7698 = FACE_BOUND ( 'NONE', #5121, .T. ) ;
#7699 = CARTESIAN_POINT ( 'NONE',  ( -151.8750469336854962, 10.80000000000000071, 9.364617092752020255 ) ) ;
#7700 = CARTESIAN_POINT ( 'NONE',  ( -62.02294734195000103, -10.80000000000000071, 6.364617092752020255 ) ) ;
#7701 = VERTEX_POINT ( 'NONE', #6368 ) ;
#7702 = ORIENTED_EDGE ( 'NONE', *, *, #8472, .F. ) ;
#7703 = LINE ( 'NONE', #3653, #8056 ) ;
#7704 = CARTESIAN_POINT ( 'NONE',  ( -3.000000000000000000, 10.80000000000000071, -6.364617092752020255 ) ) ;
#7705 = CARTESIAN_POINT ( 'NONE',  ( -114.5999999999999943, -7.200000000000000178, -6.364617092752079763 ) ) ;
#7706 = DIRECTION ( 'NONE',  ( 0.000000000000000000, 0.8660254037844387076, -0.4999999999999998890 ) ) ;
#7707 = VERTEX_POINT ( 'NONE', #1742 ) ;
#7708 = VECTOR ( 'NONE', #1856, 1000.000000000000000 ) ;
#7709 = EDGE_CURVE ( 'NONE', #4582, #7262, #3580, .T. ) ;
#7710 = DIRECTION ( 'NONE',  ( 0.7071067811865470176, 0.000000000000000000, -0.7071067811865480168 ) ) ;
#7711 = LINE ( 'NONE', #1492, #5991 ) ;
#7712 = DIRECTION ( 'NONE',  ( -1.000000000000000000, 0.000000000000000000, 0.000000000000000000 ) ) ;
#7713 = VECTOR ( 'NONE', #6594, 1000.000000000000000 ) ;
#7714 = AXIS2_PLACEMENT_3D ( 'NONE', #1446, #5513, #4792 ) ;
#7715 = LINE ( 'NONE', #5685, #5417 ) ;
#7716 = VECTOR ( 'NONE', #8403, 1000.000000000000000 ) ;
#7717 = ORIENTED_EDGE ( 'NONE', *, *, #2965, .F. ) ;
#7718 = FACE_OUTER_BOUND ( 'NONE', #7932, .T. ) ;
#7719 = ADVANCED_FACE ( 'NONE', ( #1537 ), #6327, .F. ) ;
#7720 = AXIS2_PLACEMENT_3D ( 'NONE', #4985, #5072, #5031 ) ;
#7721 = VECTOR ( 'NONE', #7379, 1000.000000000000000 ) ;
#7722 = VECTOR ( 'NONE', #1880, 1000.000000000000000 ) ;
#7723 = DIRECTION ( 'NONE',  ( 0.000000000000000000, 1.000000000000000000, 0.000000000000000000 ) ) ;
#7724 = AXIS2_PLACEMENT_3D ( 'NONE', #3817, #2595, #3185 ) ;
#7725 = ORIENTED_EDGE ( 'NONE', *, *, #2474, .T. ) ;
#7726 = DIRECTION ( 'NONE',  ( 0.000000000000000000, 1.156482317317869950E-15, -1.000000000000000000 ) ) ;
#7727 = ORIENTED_EDGE ( 'NONE', *, *, #6219, .F. ) ;
#7728 = VECTOR ( 'NONE', #602, 1000.000000000000000 ) ;
#7729 = VECTOR ( 'NONE', #360, 1000.000000000000000 ) ;
#7730 = LINE ( 'NONE', #4307, #6566 ) ;
#7731 = DIRECTION ( 'NONE',  ( 0.000000000000000000, 0.000000000000000000, -1.000000000000000000 ) ) ;
#7732 = ORIENTED_EDGE ( 'NONE', *, *, #3036, .T. ) ;
#7733 = VECTOR ( 'NONE', #8869, 1000.000000000000000 ) ;
#7734 = AXIS2_PLACEMENT_3D ( 'NONE', #595, #6114, #7726 ) ;
#7735 = CARTESIAN_POINT ( 'NONE',  ( -86.40000000000000568, -10.80000000000000071, 7.864617092752020255 ) ) ;
#7736 = CARTESIAN_POINT ( 'NONE',  ( -33.14589468389949900, -10.80000000000000071, 6.364617092752020255 ) ) ;
#7737 = ADVANCED_FACE ( 'NONE', ( #7926 ), #8562, .T. ) ;
#7738 = DIRECTION ( 'NONE',  ( -1.000000000000000000, 0.000000000000000000, 0.000000000000000000 ) ) ;
#7739 = CARTESIAN_POINT ( 'NONE',  ( 86.40000000000000568, -7.705048770837839765E-16, -15.59999999999999964 ) ) ;
#7740 = EDGE_LOOP ( 'NONE', ( #1345, #8255, #1909 ) ) ;
#7741 = LINE ( 'NONE', #4357, #6423 ) ;
#7742 = ADVANCED_FACE ( 'NONE', ( #121 ), #7044, .F. ) ;
#7743 = CARTESIAN_POINT ( 'NONE',  ( -67.32851564092200647, -10.80000000000000071, 32.55016401551829830 ) ) ;
#7744 = ORIENTED_EDGE ( 'NONE', *, *, #3923, .T. ) ;
#7745 = AXIS2_PLACEMENT_3D ( 'NONE', #3386, #7350, #4649 ) ;
#7746 = DIRECTION ( 'NONE',  ( 0.000000000000000000, 0.000000000000000000, 1.000000000000000000 ) ) ;
#7747 = LINE ( 'NONE', #7069, #4749 ) ;
#7748 = EDGE_CURVE ( 'NONE', #5192, #1530, #80, .T. ) ;
#7749 = FACE_OUTER_BOUND ( 'NONE', #36, .T. ) ;
#7750 = VERTEX_POINT ( 'NONE', #164 ) ;
#7751 = ORIENTED_EDGE ( 'NONE', *, *, #88, .T. ) ;
#7752 = CARTESIAN_POINT ( 'NONE',  ( -26.10000000000000142, 10.80000000000000071, -1.500000000000000000 ) ) ;
#7753 = FACE_OUTER_BOUND ( 'NONE', #4324, .T. ) ;
#7754 = FILL_AREA_STYLE ('',( #6580 ) ) ;
#7755 = ORIENTED_EDGE ( 'NONE', *, *, #8300, .F. ) ;
#7756 = EDGE_CURVE ( 'NONE', #7097, #3625, #7001, .T. ) ;
#7757 = DIRECTION ( 'NONE',  ( 0.000000000000000000, 0.000000000000000000, -1.000000000000000000 ) ) ;
#7758 = EDGE_LOOP ( 'NONE', ( #8069, #5205, #8349, #1034 ) ) ;
#7759 = CARTESIAN_POINT ( 'NONE',  ( 150.6599999999999966, -10.80000000000000071, -3.396598976154979965 ) ) ;
#7760 = LINE ( 'NONE', #1577, #2106 ) ;
#7761 = CARTESIAN_POINT ( 'NONE',  ( -86.40000000000000568, -10.80000000000000071, -9.364617092752078875 ) ) ;
#7762 = EDGE_CURVE ( 'NONE', #5243, #4052, #7715, .T. ) ;
#7763 = EDGE_LOOP ( 'NONE', ( #6841, #4599, #2130 ) ) ;
#7764 = DIRECTION ( 'NONE',  ( -1.000000000000000000, 0.000000000000000000, 0.000000000000000000 ) ) ;
#7765 = EDGE_LOOP ( 'NONE', ( #1978, #7662, #3874, #3861 ) ) ;
#7766 = CARTESIAN_POINT ( 'NONE',  ( 130.3799999999999955, -10.80000000000000071, -6.364617092752079763 ) ) ;
#7767 = DIRECTION ( 'NONE',  ( 0.000000000000000000, 0.000000000000000000, 1.000000000000000000 ) ) ;
#7768 = CARTESIAN_POINT ( 'NONE',  ( -204.0000000000000000, 9.992007221626438841E-15, 0.000000000000000000 ) ) ;
#7769 = VERTEX_POINT ( 'NONE', #3531 ) ;
#7770 = FACE_OUTER_BOUND ( 'NONE', #3552, .T. ) ;
#7771 = VERTEX_POINT ( 'NONE', #4254 ) ;
#7772 = EDGE_CURVE ( 'NONE', #1500, #6499, #4500, .T. ) ;
#7773 = LINE ( 'NONE', #5741, #5209 ) ;
#7774 = DIRECTION ( 'NONE',  ( 5.551115123125790591E-16, 0.000000000000000000, -1.000000000000000000 ) ) ;
#7775 = CARTESIAN_POINT ( 'NONE',  ( 52.98624900409139826, -10.80000000000000071, -11.00938890338933973 ) ) ;
#7776 = VERTEX_POINT ( 'NONE', #2857 ) ;
#7777 = VECTOR ( 'NONE', #2892, 1000.000000000000114 ) ;
#7779 = EDGE_CURVE ( 'NONE', #5171, #379, #4968, .T. ) ;
#7778 = FACE_OUTER_BOUND ( 'NONE', #3634, .T. ) ;
#7780 = DIRECTION ( 'NONE',  ( 0.000000000000000000, 0.000000000000000000, -1.000000000000000000 ) ) ;
#7781 = DIRECTION ( 'NONE',  ( 0.7501120765757850473, 0.000000000000000000, 0.6613107231666242036 ) ) ;
#7782 = FACE_OUTER_BOUND ( 'NONE', #3964, .T. ) ;
#7783 = VERTEX_POINT ( 'NONE', #5648 ) ;
#7784 = DIRECTION ( 'NONE',  ( -0.5000000000000003331, 0.8660254037844384856, -1.037503751156398140E-16 ) ) ;
#7785 = LINE ( 'NONE', #3644, #7660 ) ;
#7786 = CARTESIAN_POINT ( 'NONE',  ( -186.0000000000000000, 5.196152422706649787, 12.59999999999999964 ) ) ;
#7787 = ORIENTED_EDGE ( 'NONE', *, *, #8692, .F. ) ;
#7788 = CIRCLE ( 'NONE', #6350, 9.900000000000000355 ) ;
#7789 = EDGE_CURVE ( 'NONE', #3050, #453, #7200, .T. ) ;
#7790 = LINE ( 'NONE', #7833, #7928 ) ;
#7791 = LINE ( 'NONE', #3097, #8011 ) ;
#7792 = ORIENTED_EDGE ( 'NONE', *, *, #5102, .T. ) ;
#7793 = VECTOR ( 'NONE', #1226, 1000.000000000000000 ) ;
#7794 = VERTEX_POINT ( 'NONE', #1011 ) ;
#7795 = PLANE ( 'NONE',  #7802 ) ;
#7796 = SURFACE_STYLE_USAGE ( .BOTH. , #5048 ) ;
#7797 = ORIENTED_EDGE ( 'NONE', *, *, #4180, .T. ) ;
#7798 = ADVANCED_FACE ( 'NONE', ( #2216 ), #3786, .T. ) ;
#7799 = CARTESIAN_POINT ( 'NONE',  ( -102.0000000000000000, -7.000000000000000000, 1.665334536937735008E-15 ) ) ;
#7800 = EDGE_CURVE ( 'NONE', #4152, #8718, #4729, .T. ) ;
#7801 = ORIENTED_EDGE ( 'NONE', *, *, #5412, .T. ) ;
#7802 = AXIS2_PLACEMENT_3D ( 'NONE', #3700, #4416, #8565 ) ;
#7803 = DIRECTION ( 'NONE',  ( -0.7071067811865480168, 0.000000000000000000, 0.7071067811865470176 ) ) ;
#7804 = CARTESIAN_POINT ( 'NONE',  ( 86.40000000000000568, -7.200000000000000178, -2.784647752018639899 ) ) ;
#7805 = LINE ( 'NONE', #8619, #4923 ) ;
#7806 = EDGE_CURVE ( 'NONE', #1932, #5503, #6083, .T. ) ;
#7807 = DIRECTION ( 'NONE',  ( 7.081174480508299398E-16, 0.000000000000000000, 1.000000000000000000 ) ) ;
#7808 = EDGE_LOOP ( 'NONE', ( #7349, #6424, #1157 ) ) ;
#7809 = VECTOR ( 'NONE', #1300, 1000.000000000000000 ) ;
#7810 = LINE ( 'NONE', #6592, #114 ) ;
#7811 = VERTEX_POINT ( 'NONE', #4680 ) ;
#7812 = EDGE_CURVE ( 'NONE', #7565, #4879, #8018, .T. ) ;
#7813 = CARTESIAN_POINT ( 'NONE',  ( 0.000000000000000000, -10.80000000000000071, 0.000000000000000000 ) ) ;
#7814 = FACE_OUTER_BOUND ( 'NONE', #8655, .T. ) ;
#7815 = VERTEX_POINT ( 'NONE', #6619 ) ;
#7816 = CARTESIAN_POINT ( 'NONE',  ( -86.40000000000000568, -10.80000000000000071, -2.784647752018639899 ) ) ;
#7817 = ORIENTED_EDGE ( 'NONE', *, *, #707, .T. ) ;
#7818 = DIRECTION ( 'NONE',  ( 0.000000000000000000, 1.000000000000000000, 1.156482317317869950E-15 ) ) ;
#7819 = ORIENTED_EDGE ( 'NONE', *, *, #6086, .F. ) ;
#7820 = EDGE_CURVE ( 'NONE', #2833, #1441, #5403, .T. ) ;
#7821 = FACE_OUTER_BOUND ( 'NONE', #147, .T. ) ;
#7822 = DIRECTION ( 'NONE',  ( 1.000000000000000000, 0.000000000000000000, 2.368081386566879965E-16 ) ) ;
#7823 = ORIENTED_EDGE ( 'NONE', *, *, #840, .T. ) ;
#7824 = CARTESIAN_POINT ( 'NONE',  ( 45.76066017177979717, -10.80000000000000071, 12.59999999999999964 ) ) ;
#7825 = DIRECTION ( 'NONE',  ( 0.000000000000000000, -1.000000000000000000, -1.156482317317869950E-15 ) ) ;
#7826 = VERTEX_POINT ( 'NONE', #1287 ) ;
#7827 = CARTESIAN_POINT ( 'NONE',  ( -150.6599999999999966, -10.80000000000000071, -3.396598976154979965 ) ) ;
#7828 = CARTESIAN_POINT ( 'NONE',  ( 3.000000000000000000, 7.200000000000000178, 6.364617092752020255 ) ) ;
#7829 = ORIENTED_EDGE ( 'NONE', *, *, #2296, .F. ) ;
#7830 = EDGE_CURVE ( 'NONE', #108, #2254, #8789, .T. ) ;
#7831 = VECTOR ( 'NONE', #5528, 1000.000000000000227 ) ;
#7832 = CARTESIAN_POINT ( 'NONE',  ( 106.0288222195776058, 10.80000000000000071, -35.03839480740254686 ) ) ;
#7833 = CARTESIAN_POINT ( 'NONE',  ( 0.000000000000000000, 1.351735180736268092E-14, -15.59999999999999964 ) ) ;
#7834 = DIRECTION ( 'NONE',  ( 0.000000000000000000, -1.000000000000000000, 0.000000000000000000 ) ) ;
#7835 = ORIENTED_EDGE ( 'NONE', *, *, #5675, .T. ) ;
#7836 = ORIENTED_EDGE ( 'NONE', *, *, #569, .T. ) ;
#7837 = DIRECTION ( 'NONE',  ( 1.000000000000000000, 0.000000000000000000, 0.000000000000000000 ) ) ;
#7838 =( LENGTH_UNIT ( ) NAMED_UNIT ( * ) SI_UNIT ( .MILLI., .METRE. ) );
#7839 = ORIENTED_EDGE ( 'NONE', *, *, #6425, .F. ) ;
#7840 = ORIENTED_EDGE ( 'NONE', *, *, #1994, .F. ) ;
#7841 = PLANE ( 'NONE',  #6056 ) ;
#7842 = CARTESIAN_POINT ( 'NONE',  ( -15.92062982469679966, 0.000000000000000000, -27.60157479136859848 ) ) ;
#7843 = DIRECTION ( 'NONE',  ( 1.000000000000000000, 0.000000000000000000, 0.000000000000000000 ) ) ;
#7844 = EDGE_CURVE ( 'NONE', #7453, #6005, #1975, .T. ) ;
#7845 = PLANE ( 'NONE',  #3355 ) ;
#7846 = ORIENTED_EDGE ( 'NONE', *, *, #273, .F. ) ;
#7847 = DIRECTION ( 'NONE',  ( 0.000000000000000000, -1.000000000000000000, 0.000000000000000000 ) ) ;
#7848 = VECTOR ( 'NONE', #3174, 1000.000000000000114 ) ;
#7849 = EDGE_LOOP ( 'NONE', ( #895, #7644, #3797 ) ) ;
#7850 = EDGE_CURVE ( 'NONE', #5264, #1151, #7289, .T. ) ;
#7851 = EDGE_CURVE ( 'NONE', #6520, #2651, #3192, .T. ) ;
#7852 = PLANE ( 'NONE',  #2116 ) ;
#7853 = VECTOR ( 'NONE', #486, 1000.000000000000000 ) ;
#7854 = LINE ( 'NONE', #7259, #7291 ) ;
#7855 = ORIENTED_EDGE ( 'NONE', *, *, #7582, .F. ) ;
#7856 = EDGE_CURVE ( 'NONE', #2443, #6730, #5942, .T. ) ;
#7857 = DIRECTION ( 'NONE',  ( 1.000000000000000000, 0.000000000000000000, 3.854941057726239700E-17 ) ) ;
#7858 = ORIENTED_EDGE ( 'NONE', *, *, #1548, .T. ) ;
#7859 = VECTOR ( 'NONE', #7257, 1000.000000000000000 ) ;
#7860 = VECTOR ( 'NONE', #1656, 1000.000000000000000 ) ;
#7861 = LINE ( 'NONE', #5068, #4687 ) ;
#7862 = VECTOR ( 'NONE', #959, 1000.000000000000000 ) ;
#7863 = ORIENTED_EDGE ( 'NONE', *, *, #2343, .T. ) ;
#7864 = EDGE_CURVE ( 'NONE', #2507, #2416, #2558, .T. ) ;
#7865 = PLANE ( 'NONE',  #8594 ) ;
#7866 = LINE ( 'NONE', #2492, #8442 ) ;
#7868 = VERTEX_POINT ( 'NONE', #5983 ) ;
#7867 = VECTOR ( 'NONE', #7689, 1000.000000000000000 ) ;
#7869 = AXIS2_PLACEMENT_3D ( 'NONE', #5719, #2419, #8478 ) ;
#7870 = DIRECTION ( 'NONE',  ( -1.000000000000000000, 0.000000000000000000, 9.472892701579828520E-18 ) ) ;
#7871 = CARTESIAN_POINT ( 'NONE',  ( 89.39999999999999147, -10.80000000000000071, -10.47867965644037902 ) ) ;
#7872 = ORIENTED_EDGE ( 'NONE', *, *, #3736, .F. ) ;
#7873 = FACE_OUTER_BOUND ( 'NONE', #3032, .T. ) ;
#7874 = DIRECTION ( 'NONE',  ( 0.000000000000000000, -1.000000000000000000, 0.000000000000000000 ) ) ;
#7875 = EDGE_CURVE ( 'NONE', #5288, #8016, #7336, .T. ) ;
#7876 = DIRECTION ( 'NONE',  ( -1.000000000000000000, -8.226411930404939455E-32, 7.709882115452469538E-17 ) ) ;
#7877 = ORIENTED_EDGE ( 'NONE', *, *, #1220, .F. ) ;
#7878 = VECTOR ( 'NONE', #2003, 1000.000000000000000 ) ;
#7879 = VECTOR ( 'NONE', #4849, 1000.000000000000000 ) ;
#7880 = CARTESIAN_POINT ( 'NONE',  ( 89.39999999999999147, -7.200000000000000178, 12.59999999999999964 ) ) ;
#7881 = FACE_BOUND ( 'NONE', #1465, .T. ) ;
#7882 = CARTESIAN_POINT ( 'NONE',  ( -62.02294734195000103, -10.80000000000000071, -3.042492089611715134 ) ) ;
#7883 = ORIENTED_EDGE ( 'NONE', *, *, #5040, .T. ) ;
#7884 = ADVANCED_FACE ( 'NONE', ( #6757 ), #8839, .F. ) ;
#7885 = DIRECTION ( 'NONE',  ( 1.000000000000000000, 9.614813431917800840E-16, 5.551115123125790591E-16 ) ) ;
#7886 = ORIENTED_EDGE ( 'NONE', *, *, #208, .T. ) ;
#7887 = CARTESIAN_POINT ( 'NONE',  ( -73.46147367097499625, -7.200000000000000178, 3.042492089611700035 ) ) ;
#7888 = DIRECTION ( 'NONE',  ( 0.000000000000000000, 1.000000000000000000, 0.000000000000000000 ) ) ;
#7889 = ORIENTED_EDGE ( 'NONE', *, *, #2483, .T. ) ;
#7890 = VERTEX_POINT ( 'NONE', #1100 ) ;
#7891 = VECTOR ( 'NONE', #2376, 1000.000000000000000 ) ;
#7892 = CARTESIAN_POINT ( 'NONE',  ( 163.9109003458194707, -10.80000000000000071, 6.364617092752020255 ) ) ;
#7893 = CARTESIAN_POINT ( 'NONE',  ( -114.5999999999999943, -7.200000000000000178, -6.364617092752079763 ) ) ;
#7894 = PLANE ( 'NONE',  #5775 ) ;
#7895 = EDGE_CURVE ( 'NONE', #7868, #6053, #2508, .T. ) ;
#7896 = DIRECTION ( 'NONE',  ( -0.8754956338961327189, 0.000000000000000000, 0.4832260289231208317 ) ) ;
#7897 = ORIENTED_EDGE ( 'NONE', *, *, #7301, .T. ) ;
#7898 = DIRECTION ( 'NONE',  ( 0.6613107231666243147, 0.000000000000000000, 0.7501120765757851583 ) ) ;
#7899 = EDGE_CURVE ( 'NONE', #453, #6456, #3919, .T. ) ;
#7900 = CARTESIAN_POINT ( 'NONE',  ( -102.0000000000000000, -7.200000000000000178, -7.360660171779840333 ) ) ;
#7901 = DIRECTION ( 'NONE',  ( 0.000000000000000000, 0.5000000000000003331, -0.8660254037844384856 ) ) ;
#7902 = ORIENTED_EDGE ( 'NONE', *, *, #4250, .T. ) ;
#7903 = CARTESIAN_POINT ( 'NONE',  ( 9.000000000000000000, 0.000000000000000000, -36.00000000000000000 ) ) ;
#7904 = EDGE_LOOP ( 'NONE', ( #8828, #6779, #4641, #1303 ) ) ;
#7905 = PLANE ( 'NONE',  #4536 ) ;
#7906 = ORIENTED_EDGE ( 'NONE', *, *, #5713, .T. ) ;
#7907 = VECTOR ( 'NONE', #3848, 1000.000000000000000 ) ;
#7908 = EDGE_CURVE ( 'NONE', #5192, #8479, #3234, .T. ) ;
#7909 = EDGE_CURVE ( 'NONE', #3478, #3511, #8111, .T. ) ;
#7910 = DIRECTION ( 'NONE',  ( 0.8051314262087330142, 0.000000000000000000, -0.5930964394861020228 ) ) ;
#7911 = FACE_OUTER_BOUND ( 'NONE', #3722, .T. ) ;
#7912 = EDGE_LOOP ( 'NONE', ( #6717, #2715, #4029 ) ) ;
#7913 = DIRECTION ( 'NONE',  ( -2.075007502312799731E-16, 0.000000000000000000, -1.000000000000000000 ) ) ;
#7914 = CARTESIAN_POINT ( 'NONE',  ( 164.9399999999999977, -10.80000000000000071, -6.364617092752020255 ) ) ;
#7915 = EDGE_LOOP ( 'NONE', ( #8221, #745, #4116 ) ) ;
#7916 = EDGE_CURVE ( 'NONE', #2890, #8764, #1192, .T. ) ;
#7917 = DIRECTION ( 'NONE',  ( 0.000000000000000000, 0.000000000000000000, 1.000000000000000000 ) ) ;
#7918 = CARTESIAN_POINT ( 'NONE',  ( 204.0000000000000000, -10.80000000000000071, 9.364617092752020255 ) ) ;
#7919 = FACE_OUTER_BOUND ( 'NONE', #8695, .T. ) ;
#7920 = ORIENTED_EDGE ( 'NONE', *, *, #5486, .F. ) ;
#7921 = AXIS2_PLACEMENT_3D ( 'NONE', #8725, #7232, #3272 ) ;
#7922 = DIRECTION ( 'NONE',  ( 0.000000000000000000, -1.000000000000000000, 0.000000000000000000 ) ) ;
#7923 = DIRECTION ( 'NONE',  ( 0.000000000000000000, 0.000000000000000000, 1.000000000000000000 ) ) ;
#7924 = DIRECTION ( 'NONE',  ( -1.000000000000000000, 0.000000000000000000, 9.472892701579828520E-18 ) ) ;
#7925 = VERTEX_POINT ( 'NONE', #1927 ) ;
#7926 = FACE_OUTER_BOUND ( 'NONE', #7055, .T. ) ;
#7927 = ORIENTED_EDGE ( 'NONE', *, *, #3723, .F. ) ;
#7928 = VECTOR ( 'NONE', #1564, 1000.000000000000000 ) ;
#7929 = FACE_OUTER_BOUND ( 'NONE', #7387, .T. ) ;
#7930 = LINE ( 'NONE', #969, #2858 ) ;
#7931 = ORIENTED_EDGE ( 'NONE', *, *, #6365, .F. ) ;
#7932 = EDGE_LOOP ( 'NONE', ( #6307, #5336, #6490, #487 ) ) ;
#7933 = VECTOR ( 'NONE', #5182, 1000.000000000000000 ) ;
#7934 = CARTESIAN_POINT ( 'NONE',  ( 201.0000000000000000, -7.200000000000000178, 6.364617092752020255 ) ) ;
#7935 = EDGE_CURVE ( 'NONE', #5549, #1981, #3875, .T. ) ;
#7936 = DIRECTION ( 'NONE',  ( 0.000000000000000000, -1.000000000000000000, -1.156482317317869950E-15 ) ) ;
#7937 = CARTESIAN_POINT ( 'NONE',  ( 0.000000000000000000, -10.80000000000000071, -9.364617092752020255 ) ) ;
#7938 = FACE_OUTER_BOUND ( 'NONE', #1685, .T. ) ;
#7939 = VERTEX_POINT ( 'NONE', #1244 ) ;
#7940 = CARTESIAN_POINT ( 'NONE',  ( 140.0054501729100309, -7.200000000000000178, -1.484009058298548123 ) ) ;
#7941 = VECTOR ( 'NONE', #3619, 1000.000000000000000 ) ;
#7942 = ORIENTED_EDGE ( 'NONE', *, *, #5753, .T. ) ;
#7943 = CARTESIAN_POINT ( 'NONE',  ( 115.6606601717795968, -7.200000000000000178, 11.53933982822021953 ) ) ;
#7944 = EDGE_CURVE ( 'NONE', #2804, #2921, #4016, .T. ) ;
#7945 = FACE_OUTER_BOUND ( 'NONE', #730, .T. ) ;
#7946 = LINE ( 'NONE', #3666, #5993 ) ;
#7947 = DIRECTION ( 'NONE',  ( 0.000000000000000000, 1.000000000000000000, 0.000000000000000000 ) ) ;
#7948 = VERTEX_POINT ( 'NONE', #6257 ) ;
#7949 = CARTESIAN_POINT ( 'NONE',  ( -3.000000000000000000, 10.80000000000000071, 4.275303338208124693 ) ) ;
#7950 = AXIS2_PLACEMENT_3D ( 'NONE', #4918, #6813, #4875 ) ;
#7951 = ORIENTED_EDGE ( 'NONE', *, *, #6565, .T. ) ;
#7952 = DIRECTION ( 'NONE',  ( -1.000000000000000000, 0.000000000000000000, 2.018443830920939658E-16 ) ) ;
#7953 = VECTOR ( 'NONE', #5, 1000.000000000000000 ) ;
#7954 = PLANE ( 'NONE',  #5133 ) ;
#7955 = DIRECTION ( 'NONE',  ( 0.000000000000000000, 0.000000000000000000, -1.000000000000000000 ) ) ;
#7956 = EDGE_LOOP ( 'NONE', ( #4260, #1514, #3196, #4903 ) ) ;
#7957 = DIRECTION ( 'NONE',  ( -1.000000000000000000, 4.841591985995110159E-30, -4.186481637889450612E-15 ) ) ;
#7958 = LINE ( 'NONE', #4525, #1977 ) ;
#7959 = ORIENTED_EDGE ( 'NONE', *, *, #4745, .T. ) ;
#7961 = ADVANCED_FACE ( 'NONE', ( #4771 ), #102, .F. ) ;
#7960 = LINE ( 'NONE', #7274, #5126 ) ;
#7962 = DIRECTION ( 'NONE',  ( -0.7071067811865470176, 0.000000000000000000, 0.7071067811865480168 ) ) ;
#7963 = CARTESIAN_POINT ( 'NONE',  ( -59.02294734194980208, -10.80000000000000071, 6.364617092752020255 ) ) ;
#7964 = ORIENTED_EDGE ( 'NONE', *, *, #7216, .T. ) ;
#7965 = ADVANCED_FACE ( 'NONE', ( #2155 ), #6174, .F. ) ;
#7966 = EDGE_CURVE ( 'NONE', #7412, #372, #54, .T. ) ;
#7967 = CARTESIAN_POINT ( 'NONE',  ( 26.10000000000000142, 7.200000000000000178, -3.391328741992559959 ) ) ;
#7968 = FACE_BOUND ( 'NONE', #2360, .T. ) ;
#7969 = CARTESIAN_POINT ( 'NONE',  ( 204.0000000000000000, -13.50999629903723864, -7.799999999999999822 ) ) ;
#7970 = EDGE_LOOP ( 'NONE', ( #2630, #4091, #3216 ) ) ;
#7971 = DIRECTION ( 'NONE',  ( 0.000000000000000000, 0.000000000000000000, 1.000000000000000000 ) ) ;
#7972 = ADVANCED_FACE ( 'NONE', ( #2876 ), #1378, .F. ) ;
#7973 = ORIENTED_EDGE ( 'NONE', *, *, #5046, .F. ) ;
#7974 = EDGE_LOOP ( 'NONE', ( #5007, #7111, #7627, #4866 ) ) ;
#7975 = CARTESIAN_POINT ( 'NONE',  ( 117.5999999999999943, 1.657405997545260083E-15, 15.59999999999999964 ) ) ;
#7976 = EDGE_LOOP ( 'NONE', ( #7110, #575, #91, #8261 ) ) ;
#7977 = ORIENTED_EDGE ( 'NONE', *, *, #6398, .T. ) ;
#7978 = CARTESIAN_POINT ( 'NONE',  ( 118.4890870736712003, -10.80000000000000071, -6.364617092752079763 ) ) ;
#7979 = DIRECTION ( 'NONE',  ( 1.000000000000000000, 0.000000000000000000, 0.000000000000000000 ) ) ;
#7980 = LINE ( 'NONE', #1796, #4628 ) ;
#7981 = DIRECTION ( 'NONE',  ( 0.000000000000000000, -1.000000000000000000, 0.000000000000000000 ) ) ;
#7982 = VERTEX_POINT ( 'NONE', #8292 ) ;
#7983 = DIRECTION ( 'NONE',  ( 0.000000000000000000, 0.000000000000000000, 1.000000000000000000 ) ) ;
#7984 = DIRECTION ( 'NONE',  ( 0.000000000000000000, -1.000000000000000000, 0.000000000000000000 ) ) ;
#7985 = ADVANCED_FACE ( 'NONE', ( #6842 ), #1473, .T. ) ;
#7986 = LINE ( 'NONE', #7313, #488 ) ;
#7987 = CARTESIAN_POINT ( 'NONE',  ( 151.6890996541804952, -10.80000000000000071, -6.364617092752020255 ) ) ;
#7988 = EDGE_LOOP ( 'NONE', ( #3170, #2724, #4957, #6613 ) ) ;
#7989 = CARTESIAN_POINT ( 'NONE',  ( 59.02294734194980208, -7.200000000000000178, -3.042492089611709805 ) ) ;
#7990 = ORIENTED_EDGE ( 'NONE', *, *, #2791, .F. ) ;
#7991 = VECTOR ( 'NONE', #5342, 1000.000000000000000 ) ;
#7992 = EDGE_CURVE ( 'NONE', #6669, #4356, #6941, .T. ) ;
#7993 = VERTEX_POINT ( 'NONE', #2831 ) ;
#7994 = CARTESIAN_POINT ( 'NONE',  ( -86.44211672205119612, -10.80000000000000071, -32.21590926903075314 ) ) ;
#7995 = VECTOR ( 'NONE', #2487, 1000.000000000000227 ) ;
#7996 = FACE_OUTER_BOUND ( 'NONE', #3387, .T. ) ;
#7997 = DIRECTION ( 'NONE',  ( -1.000000000000000000, 0.000000000000000000, -7.709882115452469538E-17 ) ) ;
#7998 = ORIENTED_EDGE ( 'NONE', *, *, #7034, .F. ) ;
#7999 = DIRECTION ( 'NONE',  ( 0.000000000000000000, -1.000000000000000000, 0.000000000000000000 ) ) ;
#8000 = LINE ( 'NONE', #8052, #2842 ) ;
#8001 = VERTEX_POINT ( 'NONE', #3374 ) ;
#8002 = VECTOR ( 'NONE', #8808, 1000.000000000000000 ) ;
#8003 = DIRECTION ( 'NONE',  ( -0.8051314262087321261, 0.000000000000000000, 0.5930964394861030220 ) ) ;
#8004 = VECTOR ( 'NONE', #4834, 1000.000000000000227 ) ;
#8005 = LINE ( 'NONE', #1827, #2623 ) ;
#8006 = VECTOR ( 'NONE', #3126, 1000.000000000000000 ) ;
#8007 = CARTESIAN_POINT ( 'NONE',  ( -30.03752346684269980, 3.000000000000000000, -13.86794919243113888 ) ) ;
#8008 = EDGE_LOOP ( 'NONE', ( #2433, #3925, #3922, #4577 ) ) ;
#8009 = VECTOR ( 'NONE', #5212, 1000.000000000000000 ) ;
#8010 = EDGE_CURVE ( 'NONE', #3714, #5192, #8935, .T. ) ;
#8011 = VECTOR ( 'NONE', #322, 1000.000000000000000 ) ;
#8012 = AXIS2_PLACEMENT_3D ( 'NONE', #4104, #2699, #6305 ) ;
#8013 = DIRECTION ( 'NONE',  ( 0.000000000000000000, 0.000000000000000000, -1.000000000000000000 ) ) ;
#8014 = LINE ( 'NONE', #1047, #4477 ) ;
#8015 = CARTESIAN_POINT ( 'NONE',  ( -31.64589468389949900, -7.200000000000000178, -6.364617092752020255 ) ) ;
#8016 = VERTEX_POINT ( 'NONE', #7612 ) ;
#8017 = VECTOR ( 'NONE', #458, 1000.000000000000000 ) ;
#8018 = LINE ( 'NONE', #8649, #2244 ) ;
#8019 = EDGE_CURVE ( 'NONE', #904, #8586, #6217, .T. ) ;
#8020 = ORIENTED_EDGE ( 'NONE', *, *, #3122, .T. ) ;
#8021 = AXIS2_PLACEMENT_3D ( 'NONE', #2941, #214, #5612 ) ;
#8022 = AXIS2_PLACEMENT_3D ( 'NONE', #7914, #5299, #3907 ) ;
#8023 = ORIENTED_EDGE ( 'NONE', *, *, #2809, .F. ) ;
#8024 = FACE_OUTER_BOUND ( 'NONE', #5894, .T. ) ;
#8025 = EDGE_LOOP ( 'NONE', ( #1522, #459, #270, #522 ) ) ;
#8026 = ORIENTED_EDGE ( 'NONE', *, *, #4720, .F. ) ;
#8027 = AXIS2_PLACEMENT_3D ( 'NONE', #6439, #5120, #1689 ) ;
#8028 = ADVANCED_FACE ( 'NONE', ( #6982 ), #5451, .T. ) ;
#8029 = LINE ( 'NONE', #1057, #8232 ) ;
#8030 = DIRECTION ( 'NONE',  ( -1.000000000000000000, 0.000000000000000000, -7.709882115452469538E-17 ) ) ;
#8031 = DIRECTION ( 'NONE',  ( 0.6546536707079768647, 0.3779644730092279747, 0.6546536707079768647 ) ) ;
#8032 = EDGE_LOOP ( 'NONE', ( #8805, #4809, #3258, #8817 ) ) ;
#8033 = ADVANCED_FACE ( 'NONE', ( #2787 ), #650, .F. ) ;
#8034 = CARTESIAN_POINT ( 'NONE',  ( -86.40000000000000568, -7.705048770837839765E-16, -15.59999999999999964 ) ) ;
#8035 = VERTEX_POINT ( 'NONE', #4153 ) ;
#8036 = CARTESIAN_POINT ( 'NONE',  ( 24.17632186096854952, -10.80000000000000071, 6.364617092752020255 ) ) ;
#8037 = CARTESIAN_POINT ( 'NONE',  ( -39.34046404268760000, -10.80000000000000071, 14.30989786759091942 ) ) ;
#8038 = VECTOR ( 'NONE', #8266, 1000.000000000000000 ) ;
#8039 = CARTESIAN_POINT ( 'NONE',  ( 0.000000000000000000, 10.80000000000000071, -9.364617092752020255 ) ) ;
#8040 = CARTESIAN_POINT ( 'NONE',  ( 86.40000000000000568, -10.80000000000000071, -9.364617092752078875 ) ) ;
#8041 = VERTEX_POINT ( 'NONE', #4864 ) ;
#8042 = ADVANCED_FACE ( 'NONE', ( #8251 ), #779, .T. ) ;
#8043 = CARTESIAN_POINT ( 'NONE',  ( 114.5999999999999943, -10.80000000000000071, -10.47867965644037902 ) ) ;
#8044 = ORIENTED_EDGE ( 'NONE', *, *, #2141, .T. ) ;
#8045 = ORIENTED_EDGE ( 'NONE', *, *, #1292, .T. ) ;
#8046 = DIRECTION ( 'NONE',  ( 0.000000000000000000, 0.8660254037844387076, -0.4999999999999998890 ) ) ;
#8047 = DIRECTION ( 'NONE',  ( 0.000000000000000000, 0.000000000000000000, -1.000000000000000000 ) ) ;
#8048 = PLANE ( 'NONE',  #5431 ) ;
#8049 = ORIENTED_EDGE ( 'NONE', *, *, #7695, .T. ) ;
#8050 = ADVANCED_FACE ( 'NONE', ( #741 ), #3554, .F. ) ;
#8051 = CARTESIAN_POINT ( 'NONE',  ( -68.12632186096860210, -7.200000000000000178, -1.661062501570174987 ) ) ;
#8052 = CARTESIAN_POINT ( 'NONE',  ( 47.58442101292460080, -10.80000000000000071, -6.364617092752020255 ) ) ;
#8053 = VERTEX_POINT ( 'NONE', #4275 ) ;
#8054 = CARTESIAN_POINT ( 'NONE',  ( 42.65468247025099657, 7.200000000000000178, 6.364617092752020255 ) ) ;
#8055 = CARTESIAN_POINT ( 'NONE',  ( -181.1909003458195002, -10.80000000000000071, -6.364617092752079763 ) ) ;
#8056 = VECTOR ( 'NONE', #5986, 1000.000000000000000 ) ;
#8057 = FACE_OUTER_BOUND ( 'NONE', #6369, .T. ) ;
#8058 = ORIENTED_EDGE ( 'NONE', *, *, #279, .F. ) ;
#8059 = ADVANCED_FACE ( 'NONE', ( #2018 ), #7519, .F. ) ;
#8060 = DIRECTION ( 'NONE',  ( 0.000000000000000000, -0.000000000000000000, -1.000000000000000000 ) ) ;
#8061 = FACE_BOUND ( 'NONE', #7915, .T. ) ;
#8062 = DIRECTION ( 'NONE',  ( -1.000000000000000000, 0.000000000000000000, 7.220970109361239161E-17 ) ) ;
#8063 = ORIENTED_EDGE ( 'NONE', *, *, #682, .T. ) ;
#8064 = DIRECTION ( 'NONE',  ( -3.700743415417190112E-16, 0.000000000000000000, 1.000000000000000000 ) ) ;
#8065 = VERTEX_POINT ( 'NONE', #3046 ) ;
#8066 = ORIENTED_EDGE ( 'NONE', *, *, #5132, .T. ) ;
#8067 = FACE_OUTER_BOUND ( 'NONE', #8112, .T. ) ;
#8068 = ORIENTED_EDGE ( 'NONE', *, *, #3534, .F. ) ;
#8069 = ORIENTED_EDGE ( 'NONE', *, *, #5636, .T. ) ;
#8070 = CARTESIAN_POINT ( 'NONE',  ( -118.4890870736712003, -10.80000000000000071, -6.364617092752079763 ) ) ;
#8071 = DIRECTION ( 'NONE',  ( 0.000000000000000000, -1.000000000000000000, 0.000000000000000000 ) ) ;
#8072 = AXIS2_PLACEMENT_3D ( 'NONE', #291, #7118, #7168 ) ;
#8073 = CARTESIAN_POINT ( 'NONE',  ( -32.63786076864950303, -7.200000000000000178, -5.239448977888360837 ) ) ;
#8074 = DIRECTION ( 'NONE',  ( 0.7013177954560507743, 0.000000000000000000, -0.7128487565933357972 ) ) ;
#8075 = EDGE_LOOP ( 'NONE', ( #1547, #2162, #466, #971 ) ) ;
#8076 = EDGE_CURVE ( 'NONE', #3191, #4956, #5668, .T. ) ;
#8077 = CARTESIAN_POINT ( 'NONE',  ( 90.59545017291000590, -10.80000000000000071, -6.364617092752079763 ) ) ;
#8078 = EDGE_LOOP ( 'NONE', ( #4740, #8136, #6226, #4064 ) ) ;
#8079 = DIRECTION ( 'NONE',  ( 1.000000000000000000, 4.113205965202469727E-32, -3.854941057726239700E-17 ) ) ;
#8080 = VERTEX_POINT ( 'NONE', #142 ) ;
#8081 = LINE ( 'NONE', #7445, #4132 ) ;
#8082 = ORIENTED_EDGE ( 'NONE', *, *, #6125, .F. ) ;
#8083 = VECTOR ( 'NONE', #21, 1000.000000000000000 ) ;
#8084 = ADVANCED_FACE ( 'NONE', ( #7873 ), #2411, .T. ) ;
#8085 = DIRECTION ( 'NONE',  ( 0.7071067811865470176, 0.000000000000000000, 0.7071067811865480168 ) ) ;
#8086 = CARTESIAN_POINT ( 'NONE',  ( -31.64589468389949900, -7.200000000000000178, -6.364617092752020255 ) ) ;
#8087 = ORIENTED_EDGE ( 'NONE', *, *, #2393, .T. ) ;
#8088 = PLANE ( 'NONE',  #6562 ) ;
#8089 = ORIENTED_EDGE ( 'NONE', *, *, #5321, .T. ) ;
#8090 = VECTOR ( 'NONE', #4967, 1000.000000000000114 ) ;
#8091 = EDGE_CURVE ( 'NONE', #653, #7939, #5078, .T. ) ;
#8092 = ORIENTED_EDGE ( 'NONE', *, *, #7128, .T. ) ;
#8093 = LINE ( 'NONE', #1219, #1373 ) ;
#8094 = LINE ( 'NONE', #4570, #8876 ) ;
#8095 = VECTOR ( 'NONE', #6400, 1000.000000000000000 ) ;
#8096 = FACE_OUTER_BOUND ( 'NONE', #922, .T. ) ;
#8097 = ORIENTED_EDGE ( 'NONE', *, *, #2013, .F. ) ;
#8098 = LINE ( 'NONE', #1038, #7793 ) ;
#8099 = PLANE ( 'NONE',  #1393 ) ;
#8100 = VERTEX_POINT ( 'NONE', #7191 ) ;
#8101 = LINE ( 'NONE', #5931, #1233 ) ;
#8102 = CARTESIAN_POINT ( 'NONE',  ( -9.000000000000000000, 0.000000000000000000, -42.60000000000000142 ) ) ;
#8103 = VECTOR ( 'NONE', #7645, 1000.000000000000000 ) ;
#8104 = CARTESIAN_POINT ( 'NONE',  ( 0.000000000000000000, -10.80000000000000071, -36.00000000000000000 ) ) ;
#8105 = ORIENTED_EDGE ( 'NONE', *, *, #4820, .F. ) ;
#8106 = ADVANCED_FACE ( 'NONE', ( #3004 ), #5794, .T. ) ;
#8107 = DIRECTION ( 'NONE',  ( 0.000000000000000000, -0.5000000000000003331, 0.8660254037844384856 ) ) ;
#8108 = CARTESIAN_POINT ( 'NONE',  ( 0.000000000000000000, -10.80000000000000071, 9.364617092752020255 ) ) ;
#8109 = DIRECTION ( 'NONE',  ( -1.000000000000000000, 0.000000000000000000, -1.708035422500250146E-15 ) ) ;
#8110 = ORIENTED_EDGE ( 'NONE', *, *, #7709, .T. ) ;
#8111 = LINE ( 'NONE', #3285, #5842 ) ;
#8112 = EDGE_LOOP ( 'NONE', ( #5616, #3970, #1842, #3726 ) ) ;
#8113 = EDGE_CURVE ( 'NONE', #319, #4372, #271, .T. ) ;
#8114 = ORIENTED_EDGE ( 'NONE', *, *, #1542, .F. ) ;
#8115 = DIRECTION ( 'NONE',  ( 0.000000000000000000, -1.000000000000000000, 0.000000000000000000 ) ) ;
#8116 = VERTEX_POINT ( 'NONE', #1637 ) ;
#8117 = VERTEX_POINT ( 'NONE', #3642 ) ;
#8118 = DIRECTION ( 'NONE',  ( -0.000000000000000000, -0.000000000000000000, 1.000000000000000000 ) ) ;
#8119 = DIRECTION ( 'NONE',  ( 0.000000000000000000, -0.8660254037844387076, 0.4999999999999998890 ) ) ;
#8120 = DIRECTION ( 'NONE',  ( -1.569930614208549994E-15, -1.066995812285799955E-15, 1.000000000000000000 ) ) ;
#8121 = CARTESIAN_POINT ( 'NONE',  ( -30.14589468389949900, -10.80000000000000071, -3.042492089611705364 ) ) ;
#8122 = VECTOR ( 'NONE', #6623, 1000.000000000000000 ) ;
#8123 = EDGE_LOOP ( 'NONE', ( #4203, #5680, #7341 ) ) ;
#8124 = LINE ( 'NONE', #4555, #4795 ) ;
#8125 = ORIENTED_EDGE ( 'NONE', *, *, #1618, .T. ) ;
#8126 = DIRECTION ( 'NONE',  ( 1.000000000000000000, 0.000000000000000000, 9.472892701579828520E-18 ) ) ;
#8127 = VERTEX_POINT ( 'NONE', #3731 ) ;
#8128 = LINE ( 'NONE', #6139, #6715 ) ;
#8129 = ORIENTED_EDGE ( 'NONE', *, *, #6551, .T. ) ;
#8130 = DIRECTION ( 'NONE',  ( 0.000000000000000000, 1.066995812285799955E-15, -1.000000000000000000 ) ) ;
#8131 = EDGE_CURVE ( 'NONE', #8127, #7518, #8600, .T. ) ;
#8132 = LINE ( 'NONE', #6684, #2701 ) ;
#8133 = CARTESIAN_POINT ( 'NONE',  ( -130.3799999999999955, -10.80000000000000071, -6.364617092752079763 ) ) ;
#8134 = ORIENTED_EDGE ( 'NONE', *, *, #5949, .T. ) ;
#8135 = ADVANCED_FACE ( 'NONE', ( #6517 ), #3774, .F. ) ;
#8136 = ORIENTED_EDGE ( 'NONE', *, *, #698, .T. ) ;
#8137 = CARTESIAN_POINT ( 'NONE',  ( 15.70736835487440075, -10.80000000000000071, -4.500000000000000000 ) ) ;
#8138 = EDGE_CURVE ( 'NONE', #1216, #6433, #316, .T. ) ;
#8139 = CARTESIAN_POINT ( 'NONE',  ( 91.52132034355979329, -10.80000000000000071, 12.59999999999999964 ) ) ;
#8140 = EDGE_CURVE ( 'NONE', #1013, #7037, #6391, .T. ) ;
#8141 = FACE_OUTER_BOUND ( 'NONE', #2468, .T. ) ;
#8142 = ORIENTED_EDGE ( 'NONE', *, *, #5390, .F. ) ;
#8143 = CARTESIAN_POINT ( 'NONE',  ( 182.2199999999999989, -10.80000000000000071, -3.396598976154979965 ) ) ;
#8144 = LINE ( 'NONE', #4094, #6585 ) ;
#8145 = ORIENTED_EDGE ( 'NONE', *, *, #5405, .F. ) ;
#8146 = DIRECTION ( 'NONE',  ( 0.000000000000000000, 0.000000000000000000, 1.000000000000000000 ) ) ;
#8147 = EDGE_CURVE ( 'NONE', #3473, #5583, #6474, .T. ) ;
#8148 = DIRECTION ( 'NONE',  ( 7.081174480508299398E-16, 0.000000000000000000, 1.000000000000000000 ) ) ;
#8149 = VECTOR ( 'NONE', #2349, 1000.000000000000114 ) ;
#8150 = ORIENTED_EDGE ( 'NONE', *, *, #8702, .T. ) ;
#8151 = DIRECTION ( 'NONE',  ( 0.000000000000000000, -1.000000000000000000, 0.000000000000000000 ) ) ;
#8152 = DIRECTION ( 'NONE',  ( 1.000000000000000000, 0.000000000000000000, 0.000000000000000000 ) ) ;
#8153 = VECTOR ( 'NONE', #5880, 1000.000000000000000 ) ;
#8154 = PLANE ( 'NONE',  #1541 ) ;
#8155 = ORIENTED_EDGE ( 'NONE', *, *, #7908, .T. ) ;
#8156 = VECTOR ( 'NONE', #8410, 1000.000000000000000 ) ;
#8157 = DIRECTION ( 'NONE',  ( -1.000000000000000000, 0.000000000000000000, 9.472892701579828520E-18 ) ) ;
#8158 = ADVANCED_FACE ( 'NONE', ( #2957 ), #1729, .T. ) ;
#8159 = ORIENTED_EDGE ( 'NONE', *, *, #7447, .F. ) ;
#8160 = DIRECTION ( 'NONE',  ( 0.000000000000000000, -1.000000000000000000, 0.000000000000000000 ) ) ;
#8161 = VERTEX_POINT ( 'NONE', #2284 ) ;
#8162 = VECTOR ( 'NONE', #4041, 1000.000000000000000 ) ;
#8163 = VECTOR ( 'NONE', #6469, 1000.000000000000000 ) ;
#8164 = ORIENTED_EDGE ( 'NONE', *, *, #4366, .T. ) ;
#8165 = VECTOR ( 'NONE', #1775, 1000.000000000000000 ) ;
#8166 = ADVANCED_FACE ( 'NONE', ( #4488 ), #1687, .F. ) ;
#8167 = CARTESIAN_POINT ( 'NONE',  ( -176.4375234668430039, 7.200000000000000178, 6.364617092752020255 ) ) ;
#8168 = CARTESIAN_POINT ( 'NONE',  ( 15.10500000000000043, -0.8000000000000003775, -3.899999999999999911 ) ) ;
#8169 = DIRECTION ( 'NONE',  ( -1.000000000000000000, 0.000000000000000000, 3.854941057726239700E-17 ) ) ;
#8170 = VECTOR ( 'NONE', #3498, 1000.000000000000114 ) ;
#8171 = VECTOR ( 'NONE', #2506, 1000.000000000000000 ) ;
#8172 = ORIENTED_EDGE ( 'NONE', *, *, #1434, .T. ) ;
#8173 = DIRECTION ( 'NONE',  ( 1.000000000000000000, 0.000000000000000000, 0.000000000000000000 ) ) ;
#8174 = ORIENTED_EDGE ( 'NONE', *, *, #5971, .F. ) ;
#8175 = PLANE ( 'NONE',  #1840 ) ;
#8176 = EDGE_LOOP ( 'NONE', ( #839, #883, #1598 ) ) ;
#8177 = FACE_OUTER_BOUND ( 'NONE', #7688, .T. ) ;
#8178 = ORIENTED_EDGE ( 'NONE', *, *, #8256, .F. ) ;
#8179 = AXIS2_PLACEMENT_3D ( 'NONE', #2764, #4748, #1903 ) ;
#8180 = VECTOR ( 'NONE', #8924, 1000.000000000000000 ) ;
#8181 = EDGE_CURVE ( 'NONE', #30, #4685, #2236, .T. ) ;
#8182 = DIRECTION ( 'NONE',  ( 0.000000000000000000, 0.000000000000000000, 1.000000000000000000 ) ) ;
#8183 = LINE ( 'NONE', #5829, #1963 ) ;
#8184 = DIRECTION ( 'NONE',  ( 1.000000000000000000, 0.000000000000000000, 2.018443830920939658E-16 ) ) ;
#8185 = CARTESIAN_POINT ( 'NONE',  ( 146.6309003458194127, -10.80000000000000071, -6.364617092752020255 ) ) ;
#8186 = ORIENTED_EDGE ( 'NONE', *, *, #4776, .F. ) ;
#8187 = ORIENTED_EDGE ( 'NONE', *, *, #7908, .F. ) ;
#8188 = CARTESIAN_POINT ( 'NONE',  ( -204.0000000000000000, 8.699999999999999289, 0.000000000000000000 ) ) ;
#8189 = EDGE_CURVE ( 'NONE', #2653, #1608, #7741, .T. ) ;
#8190 = CARTESIAN_POINT ( 'NONE',  ( 9.000000000000000000, 0.000000000000000000, -36.00000000000000000 ) ) ;
#8191 = VECTOR ( 'NONE', #5955, 1000.000000000000000 ) ;
#8192 = DIRECTION ( 'NONE',  ( 1.000000000000000000, 0.000000000000000000, 0.000000000000000000 ) ) ;
#8193 = ORIENTED_EDGE ( 'NONE', *, *, #1000, .T. ) ;
#8194 = CARTESIAN_POINT ( 'NONE',  ( -15.70736835487440075, -0.8000000000000003775, -4.500000000000000000 ) ) ;
#8195 = LINE ( 'NONE', #5440, #7879 ) ;
#8196 = VERTEX_POINT ( 'NONE', #7063 ) ;
#8197 = CARTESIAN_POINT ( 'NONE',  ( 76.46147367097499625, -7.200000000000000178, 2.784647752018624800 ) ) ;
#8198 = EDGE_CURVE ( 'NONE', #7338, #8853, #7104, .T. ) ;
#8199 = EDGE_CURVE ( 'NONE', #4847, #8065, #7960, .T. ) ;
#8200 = CARTESIAN_POINT ( 'NONE',  ( 60.07504693368539961, 3.000000000000000000, 0.000000000000000000 ) ) ;
#8201 = VERTEX_POINT ( 'NONE', #7416 ) ;
#8203 = ADVANCED_FACE ( 'NONE', ( #6610 ), #3225, .F. ) ;
#8202 = CARTESIAN_POINT ( 'NONE',  ( 7.799999999999999822, 0.000000000000000000, -43.79999999999999716 ) ) ;
#8204 = DIRECTION ( 'NONE',  ( -7.113305415238639742E-16, 0.000000000000000000, -1.000000000000000000 ) ) ;
#8205 = DIRECTION ( 'NONE',  ( -0.8615268990046552888, -5.417265015047510606E-16, 0.5077119284509891139 ) ) ;
#8206 = ORIENTED_EDGE ( 'NONE', *, *, #4411, .F. ) ;
#8207 = CARTESIAN_POINT ( 'NONE',  ( 33.91411739291199723, -10.80000000000000071, -6.364617092752020255 ) ) ;
#8208 = DIRECTION ( 'NONE',  ( 1.000000000000000000, 0.000000000000000000, 0.000000000000000000 ) ) ;
#8209 = ORIENTED_EDGE ( 'NONE', *, *, #8312, .F. ) ;
#8210 = VERTEX_POINT ( 'NONE', #6698 ) ;
#8211 = VECTOR ( 'NONE', #890, 1000.000000000000000 ) ;
#8212 = DIRECTION ( 'NONE',  ( 0.000000000000000000, 1.000000000000000000, 0.000000000000000000 ) ) ;
#8213 = FACE_OUTER_BOUND ( 'NONE', #8803, .T. ) ;
#8214 = DIRECTION ( 'NONE',  ( 1.000000000000000000, 0.000000000000000000, 0.000000000000000000 ) ) ;
#8215 = VERTEX_POINT ( 'NONE', #5206 ) ;
#8216 = DIRECTION ( 'NONE',  ( -7.951687860657472454E-17, 0.8660254037844387076, 0.4999999999999998890 ) ) ;
#8217 = FACE_OUTER_BOUND ( 'NONE', #2146, .T. ) ;
#8218 = LINE ( 'NONE', #8903, #6597 ) ;
#8219 = ORIENTED_EDGE ( 'NONE', *, *, #682, .F. ) ;
#8220 = CARTESIAN_POINT ( 'NONE',  ( -28.48218674310909648, 3.887276245077900150, -17.84431998651010076 ) ) ;
#8221 = ORIENTED_EDGE ( 'NONE', *, *, #7161, .F. ) ;
#8222 = VECTOR ( 'NONE', #5397, 1000.000000000000114 ) ;
#8223 = EDGE_CURVE ( 'NONE', #1336, #3520, #362, .T. ) ;
#8224 = VECTOR ( 'NONE', #3576, 1000.000000000000000 ) ;
#8225 = CARTESIAN_POINT ( 'NONE',  ( -32.23329491836789629, -10.80000000000000071, -3.847054540679554879 ) ) ;
#8226 = CARTESIAN_POINT ( 'NONE',  ( 1.500000000000000000, 10.80000000000000071, -6.364617092752020255 ) ) ;
#8227 = DIRECTION ( 'NONE',  ( 0.000000000000000000, -0.8660254037844383745, -0.5000000000000003331 ) ) ;
#8228 = DIRECTION ( 'NONE',  ( -1.962413267760679851E-16, 0.000000000000000000, 1.000000000000000000 ) ) ;
#8229 = ORIENTED_EDGE ( 'NONE', *, *, #5696, .T. ) ;
#8230 = ORIENTED_EDGE ( 'NONE', *, *, #6264, .F. ) ;
#8231 = CARTESIAN_POINT ( 'NONE',  ( -154.8750469336854962, 7.200000000000000178, -6.364617092752020255 ) ) ;
#8232 = VECTOR ( 'NONE', #5902, 1000.000000000000000 ) ;
#8233 = EDGE_CURVE ( 'NONE', #6473, #3284, #8101, .T. ) ;
#8234 = CARTESIAN_POINT ( 'NONE',  ( -93.00000000000000000, -5.196152422706729723, -12.59999999999999964 ) ) ;
#8235 = VECTOR ( 'NONE', #5604, 1000.000000000000000 ) ;
#8236 = DIRECTION ( 'NONE',  ( -0.8051314262087325702, 0.000000000000000000, 0.5930964394861026889 ) ) ;
#8237 = VERTEX_POINT ( 'NONE', #3866 ) ;
#8238 = EDGE_CURVE ( 'NONE', #7498, #1191, #2593, .T. ) ;
#8239 = LINE ( 'NONE', #3500, #5479 ) ;
#8240 = DIRECTION ( 'NONE',  ( 1.000000000000000000, 0.000000000000000000, 0.000000000000000000 ) ) ;
#8241 = VERTEX_POINT ( 'NONE', #2497 ) ;
#8242 = LINE ( 'NONE', #6074, #6806 ) ;
#8243 = DIRECTION ( 'NONE',  ( 1.000000000000000000, 0.000000000000000000, -7.709882115452469538E-17 ) ) ;
#8244 = VERTEX_POINT ( 'NONE', #455 ) ;
#8245 = AXIS2_PLACEMENT_3D ( 'NONE', #6699, #2412, #1135 ) ;
#8246 = DIRECTION ( 'NONE',  ( 0.000000000000000000, 0.000000000000000000, 1.000000000000000000 ) ) ;
#8247 = DIRECTION ( 'NONE',  ( 0.000000000000000000, -1.000000000000000000, 0.000000000000000000 ) ) ;
#8248 = EDGE_CURVE ( 'NONE', #3506, #7668, #1826, .T. ) ;
#8249 = PLANE ( 'NONE',  #368 ) ;
#8250 = ORIENTED_EDGE ( 'NONE', *, *, #4709, .F. ) ;
#8251 = FACE_OUTER_BOUND ( 'NONE', #8008, .T. ) ;
#8252 = AXIS2_PLACEMENT_3D ( 'NONE', #6975, #3024, #7212 ) ;
#8253 = EDGE_CURVE ( 'NONE', #5039, #3854, #2457, .T. ) ;
#8254 = CARTESIAN_POINT ( 'NONE',  ( -144.0750469336853996, 3.000000000000000000, -13.86794919243113888 ) ) ;
#8255 = ORIENTED_EDGE ( 'NONE', *, *, #88, .F. ) ;
#8256 = EDGE_CURVE ( 'NONE', #8764, #4027, #1918, .T. ) ;
#8257 = ORIENTED_EDGE ( 'NONE', *, *, #524, .T. ) ;
#8258 = DIRECTION ( 'NONE',  ( 0.000000000000000000, 0.000000000000000000, -1.000000000000000000 ) ) ;
#8259 = EDGE_CURVE ( 'NONE', #1133, #3854, #5301, .T. ) ;
#8260 = PLANE ( 'NONE',  #5707 ) ;
#8261 = ORIENTED_EDGE ( 'NONE', *, *, #3560, .F. ) ;
#8262 = DIRECTION ( 'NONE',  ( -0.7501120765757850473, 0.000000000000000000, 0.6613107231666242036 ) ) ;
#8263 = ORIENTED_EDGE ( 'NONE', *, *, #8415, .T. ) ;
#8264 = LINE ( 'NONE', #7665, #5939 ) ;
#8265 = CARTESIAN_POINT ( 'NONE',  ( 46.19999999999999574, 7.200000000000000178, 6.364617092752020255 ) ) ;
#8266 = DIRECTION ( 'NONE',  ( 1.000000000000000000, 0.000000000000000000, -7.709882115452469538E-17 ) ) ;
#8267 = ORIENTED_EDGE ( 'NONE', *, *, #556, .T. ) ;
#8268 = CARTESIAN_POINT ( 'NONE',  ( 195.0000000000000000, -5.196152422706630247, 12.59999999999999964 ) ) ;
#8269 = ORIENTED_EDGE ( 'NONE', *, *, #8940, .T. ) ;
#8270 = CARTESIAN_POINT ( 'NONE',  ( 130.9382176661555945, -7.200000000000000178, 7.532112718293419995 ) ) ;
#8271 = FACE_OUTER_BOUND ( 'NONE', #970, .T. ) ;
#8272 = CARTESIAN_POINT ( 'NONE',  ( -104.1213203435598018, -10.80000000000000071, 9.992007221626378887E-15 ) ) ;
#8273 = CARTESIAN_POINT ( 'NONE',  ( 113.5393398282203918, -7.200000000000000178, 13.66066017177984016 ) ) ;
#8274 = EDGE_LOOP ( 'NONE', ( #8832, #1258, #3309, #1408 ) ) ;
#8275 = EDGE_CURVE ( 'NONE', #325, #8080, #3909, .T. ) ;
#8276 = ORIENTED_EDGE ( 'NONE', *, *, #5652, .T. ) ;
#8277 = CARTESIAN_POINT ( 'NONE',  ( -15.70736835487440075, -0.8000000000000003775, 4.500000000000000000 ) ) ;
#8278 = DIRECTION ( 'NONE',  ( -1.000000000000000000, 9.614813431917861976E-16, -5.551115123125790591E-16 ) ) ;
#8280 = ADVANCED_FACE ( 'NONE', ( #6657 ), #4527, .T. ) ;
#8279 = DIRECTION ( 'NONE',  ( -0.5930964394861026889, 0.000000000000000000, -0.8051314262087325702 ) ) ;
#8281 = ORIENTED_EDGE ( 'NONE', *, *, #5735, .F. ) ;
#8282 = DIRECTION ( 'NONE',  ( 0.7501120765757860465, 0.000000000000000000, 0.6613107231666230934 ) ) ;
#8283 = DIRECTION ( 'NONE',  ( -0.000000000000000000, 1.000000000000000000, 0.000000000000000000 ) ) ;
#8284 = ORIENTED_EDGE ( 'NONE', *, *, #1434, .F. ) ;
#8285 = PLANE ( 'NONE',  #1907 ) ;
#8286 = CARTESIAN_POINT ( 'NONE',  ( 62.02294734195000103, -10.80000000000000071, -3.042492089611715134 ) ) ;
#8287 = VERTEX_POINT ( 'NONE', #8054 ) ;
#8288 = LINE ( 'NONE', #4860, #2392 ) ;
#8289 = DIRECTION ( 'NONE',  ( -1.000000000000000000, 0.000000000000000000, 9.472892701579828520E-18 ) ) ;
#8290 = CARTESIAN_POINT ( 'NONE',  ( 29.37767197488699722, -10.80000000000000071, -6.364617092752020255 ) ) ;
#8291 = ORIENTED_EDGE ( 'NONE', *, *, #4574, .F. ) ;
#8292 = CARTESIAN_POINT ( 'NONE',  ( 15.92062982469679966, 0.000000000000000000, -27.60157479136859848 ) ) ;
#8293 = AXIS2_PLACEMENT_3D ( 'NONE', #6920, #1452, #6827 ) ;
#8294 = CARTESIAN_POINT ( 'NONE',  ( -34.37734123512544926, 7.200000000000000178, 1.486644175379742139 ) ) ;
#8295 = VERTEX_POINT ( 'NONE', #8780 ) ;
#8296 = EDGE_CURVE ( 'NONE', #8629, #7640, #7372, .T. ) ;
#8297 = ORIENTED_EDGE ( 'NONE', *, *, #3457, .F. ) ;
#8298 = VECTOR ( 'NONE', #1785, 1000.000000000000000 ) ;
#8299 = LINE ( 'NONE', #8167, #4765 ) ;
#8300 = EDGE_CURVE ( 'NONE', #2843, #8701, #3956, .T. ) ;
#8301 = CARTESIAN_POINT ( 'NONE',  ( -14.82265876487453937, 7.200000000000000178, 1.486644175379748134 ) ) ;
#8302 = ORIENTED_EDGE ( 'NONE', *, *, #5874, .F. ) ;
#8303 = VERTEX_POINT ( 'NONE', #3138 ) ;
#8304 = CIRCLE ( 'NONE', #1961, 9.900000000000000355 ) ;
#8305 = VECTOR ( 'NONE', #6999, 1000.000000000000000 ) ;
#8306 = DIRECTION ( 'NONE',  ( 0.000000000000000000, 0.000000000000000000, -1.000000000000000000 ) ) ;
#8307 = FACE_OUTER_BOUND ( 'NONE', #6609, .T. ) ;
#8308 = CARTESIAN_POINT ( 'NONE',  ( -144.0750469336853996, 3.000000000000000000, 13.86794919243113888 ) ) ;
#8309 = AXIS2_PLACEMENT_3D ( 'NONE', #2364, #5117, #5712 ) ;
#8310 = ORIENTED_EDGE ( 'NONE', *, *, #7263, .T. ) ;
#8311 = DIRECTION ( 'NONE',  ( -0.000000000000000000, 1.000000000000000000, 0.000000000000000000 ) ) ;
#8312 = EDGE_CURVE ( 'NONE', #8591, #1449, #6412, .T. ) ;
#8313 = ORIENTED_EDGE ( 'NONE', *, *, #1270, .F. ) ;
#8314 = LINE ( 'NONE', #2132, #3471 ) ;
#8315 = AXIS2_PLACEMENT_3D ( 'NONE', #7020, #6300, #2278 ) ;
#8316 = VECTOR ( 'NONE', #4955, 1000.000000000000000 ) ;
#8317 = FACE_OUTER_BOUND ( 'NONE', #2974, .T. ) ;
#8318 = CARTESIAN_POINT ( 'NONE',  ( 43.81619830391214521, -10.80000000000000071, 6.364617092752020255 ) ) ;
#8319 = ADVANCED_FACE ( 'NONE', ( #940 ), #7090, .F. ) ;
#8320 = LINE ( 'NONE', #3620, #1070 ) ;
#8321 = ORIENTED_EDGE ( 'NONE', *, *, #7875, .T. ) ;
#8322 = LINE ( 'NONE', #3583, #6911 ) ;
#8323 = AXIS2_PLACEMENT_3D ( 'NONE', #626, #3392, #6147 ) ;
#8324 = VECTOR ( 'NONE', #8684, 1000.000000000000227 ) ;
#8325 = LINE ( 'NONE', #1271, #6275 ) ;
#8326 = AXIS2_PLACEMENT_3D ( 'NONE', #6898, #6844, #4951 ) ;
#8327 = PLANE ( 'NONE',  #6009 ) ;
#8328 = ORIENTED_EDGE ( 'NONE', *, *, #5366, .T. ) ;
#8329 = CARTESIAN_POINT ( 'NONE',  ( -133.3799999999999955, -7.200000000000000178, 6.364617092752020255 ) ) ;
#8330 = CARTESIAN_POINT ( 'NONE',  ( -115.6606601717795968, -7.200000000000000178, 11.53933982822021953 ) ) ;
#8331 = ORIENTED_EDGE ( 'NONE', *, *, #3782, .F. ) ;
#8332 = LINE ( 'NONE', #4467, #1325 ) ;
#8333 = VECTOR ( 'NONE', #2127, 1000.000000000000000 ) ;
#8334 = CARTESIAN_POINT ( 'NONE',  ( 44.58442101292464343, -10.80000000000000071, -6.364617092752020255 ) ) ;
#8335 = ORIENTED_EDGE ( 'NONE', *, *, #1012, .F. ) ;
#8336 = ADVANCED_FACE ( 'NONE', ( #7218, #4472 ), #5870, .T. ) ;
#8337 = PLANE ( 'NONE',  #654 ) ;
#8338 = PLANE ( 'NONE',  #2752 ) ;
#8339 = DIRECTION ( 'NONE',  ( 1.000000000000000000, 0.000000000000000000, 0.000000000000000000 ) ) ;
#8340 = ORIENTED_EDGE ( 'NONE', *, *, #7141, .F. ) ;
#8341 = CARTESIAN_POINT ( 'NONE',  ( -97.50000000000000000, -5.196152422706719953, 12.59999999999999964 ) ) ;
#8342 = DIRECTION ( 'NONE',  ( 0.7071067811865410224, -0.7071067811865540120, 0.000000000000000000 ) ) ;
#8343 = LINE ( 'NONE', #2703, #4425 ) ;
#8344 = ORIENTED_EDGE ( 'NONE', *, *, #6030, .F. ) ;
#8345 = EDGE_CURVE ( 'NONE', #8795, #8201, #7946, .T. ) ;
#8346 = PLANE ( 'NONE',  #5634 ) ;
#8347 = DIRECTION ( 'NONE',  ( 7.709882115452469538E-17, -1.156482317317869950E-15, 1.000000000000000000 ) ) ;
#8348 = EDGE_LOOP ( 'NONE', ( #8435, #8430, #5985 ) ) ;
#8349 = ORIENTED_EDGE ( 'NONE', *, *, #1335, .F. ) ;
#8350 = DIRECTION ( 'NONE',  ( 0.000000000000000000, 0.000000000000000000, -1.000000000000000000 ) ) ;
#8351 = DIRECTION ( 'NONE',  ( 0.000000000000000000, 1.000000000000000000, 0.000000000000000000 ) ) ;
#8352 = DIRECTION ( 'NONE',  ( -1.850371707708589879E-16, 0.000000000000000000, 1.000000000000000000 ) ) ;
#8353 = EDGE_LOOP ( 'NONE', ( #7123, #7177, #2420 ) ) ;
#8354 = VECTOR ( 'NONE', #6965, 1000.000000000000000 ) ;
#8355 = DIRECTION ( 'NONE',  ( 1.000000000000000000, 0.000000000000000000, 9.472892701579828520E-18 ) ) ;
#8356 = ORIENTED_EDGE ( 'NONE', *, *, #4032, .F. ) ;
#8357 = FACE_OUTER_BOUND ( 'NONE', #7758, .T. ) ;
#8358 = DIRECTION ( 'NONE',  ( 0.7501120765757850473, 0.000000000000000000, -0.6613107231666242036 ) ) ;
#8359 = CARTESIAN_POINT ( 'NONE',  ( 134.4090996541806078, -10.80000000000000071, 6.364617092752020255 ) ) ;
#8360 = EDGE_CURVE ( 'NONE', #6575, #5496, #5689, .T. ) ;
#8361 = CARTESIAN_POINT ( 'NONE',  ( 82.46999999999999886, -10.80000000000000071, -6.364617092752079763 ) ) ;
#8362 = ORIENTED_EDGE ( 'NONE', *, *, #5977, .F. ) ;
#8363 = DIRECTION ( 'NONE',  ( 1.000000000000000000, 0.000000000000000000, 0.000000000000000000 ) ) ;
#8364 = VECTOR ( 'NONE', #4937, 1000.000000000000000 ) ;
#8365 = CARTESIAN_POINT ( 'NONE',  ( 6.599999999999999645, -10.80000000000000071, -45.00000000000000000 ) ) ;
#8366 = ADVANCED_FACE ( 'NONE', ( #1582 ), #2269, .F. ) ;
#8367 = DIRECTION ( 'NONE',  ( 0.000000000000000000, -1.000000000000000000, -1.156482317317869950E-15 ) ) ;
#8368 = ORIENTED_EDGE ( 'NONE', *, *, #5540, .T. ) ;
#8369 = ADVANCED_FACE ( 'NONE', ( #5736 ), #5190, .F. ) ;
#8370 = CARTESIAN_POINT ( 'NONE',  ( 129.4909129263288037, -10.80000000000000071, 6.364617092752020255 ) ) ;
#8371 = LINE ( 'NONE', #2187, #3106 ) ;
#8372 = EDGE_LOOP ( 'NONE', ( #8263, #7172, #1762, #3236 ) ) ;
#8373 = CARTESIAN_POINT ( 'NONE',  ( -14.68883598744354124, -10.80000000000000071, -6.364617092752020255 ) ) ;
#8374 = PLANE ( 'NONE',  #571 ) ;
#8375 = ORIENTED_EDGE ( 'NONE', *, *, #7820, .T. ) ;
#8376 = VECTOR ( 'NONE', #425, 1000.000000000000000 ) ;
#8377 = LINE ( 'NONE', #7142, #803 ) ;
#8378 = CARTESIAN_POINT ( 'NONE',  ( 9.000000000000000000, 0.000000000000000000, -42.60000000000000142 ) ) ;
#8379 = DIRECTION ( 'NONE',  ( 2.075007502312799731E-16, 0.000000000000000000, -1.000000000000000000 ) ) ;
#8380 = ORIENTED_EDGE ( 'NONE', *, *, #4773, .F. ) ;
#8381 = DIRECTION ( 'NONE',  ( -0.6613107231666237595, 0.000000000000000000, 0.7501120765757856024 ) ) ;
#8382 = AXIS2_PLACEMENT_3D ( 'NONE', #7529, #4070, #1340 ) ;
#8383 = ADVANCED_FACE ( 'NONE', ( #4514 ), #7258, .F. ) ;
#8384 = DIRECTION ( 'NONE',  ( 0.000000000000000000, 1.000000000000000000, 0.000000000000000000 ) ) ;
#8385 = ORIENTED_EDGE ( 'NONE', *, *, #1338, .F. ) ;
#8386 = FACE_BOUND ( 'NONE', #8595, .T. ) ;
#8387 = DIRECTION ( 'NONE',  ( -1.962413267760685077E-15, -1.000000000000000000, 0.000000000000000000 ) ) ;
#8388 = VECTOR ( 'NONE', #3102, 1000.000000000000114 ) ;
#8389 = CARTESIAN_POINT ( 'NONE',  ( -18.70736835487440075, -10.80000000000000071, -6.364617092752020255 ) ) ;
#8390 = ORIENTED_EDGE ( 'NONE', *, *, #5922, .T. ) ;
#8391 = ADVANCED_FACE ( 'NONE', ( #1669 ), #6376, .T. ) ;
#8392 = ORIENTED_EDGE ( 'NONE', *, *, #2565, .T. ) ;
#8393 = PLANE ( 'NONE',  #456 ) ;
#8394 = LINE ( 'NONE', #6135, #4780 ) ;
#8395 = CARTESIAN_POINT ( 'NONE',  ( 186.0000000000000000, 0.000000000000000000, 0.000000000000000000 ) ) ;
#8396 = VERTEX_POINT ( 'NONE', #2308 ) ;
#8397 = DIRECTION ( 'NONE',  ( 0.000000000000000000, 0.000000000000000000, -1.000000000000000000 ) ) ;
#8398 = ORIENTED_EDGE ( 'NONE', *, *, #3382, .F. ) ;
#8399 = VECTOR ( 'NONE', #6530, 1000.000000000000000 ) ;
#8400 = DIRECTION ( 'NONE',  ( 1.000000000000000000, 0.000000000000000000, 9.472892701579828520E-18 ) ) ;
#8401 = DIRECTION ( 'NONE',  ( 0.000000000000000000, -1.000000000000000000, 0.000000000000000000 ) ) ;
#8402 = FACE_OUTER_BOUND ( 'NONE', #3828, .T. ) ;
#8403 = DIRECTION ( 'NONE',  ( 0.000000000000000000, 1.000000000000000000, 0.000000000000000000 ) ) ;
#8404 = ORIENTED_EDGE ( 'NONE', *, *, #8741, .T. ) ;
#8405 = DIRECTION ( 'NONE',  ( 0.000000000000000000, 0.000000000000000000, -1.000000000000000000 ) ) ;
#8406 = ADVANCED_FACE ( 'NONE', ( #8496 ), #5022, .F. ) ;
#8407 = CARTESIAN_POINT ( 'NONE',  ( -14.53589838486228203, 0.000000000000000000, -30.00000000000000000 ) ) ;
#8408 = EDGE_LOOP ( 'NONE', ( #6313, #4798, #1917 ) ) ;
#8409 = ADVANCED_FACE ( 'NONE', ( #5061 ), #256, .T. ) ;
#8410 = DIRECTION ( 'NONE',  ( -0.000000000000000000, -0.000000000000000000, 1.000000000000000000 ) ) ;
#8411 = ORIENTED_EDGE ( 'NONE', *, *, #8138, .F. ) ;
#8412 = CARTESIAN_POINT ( 'NONE',  ( 16.02307621135329896, 0.000000000000000000, -35.57692378864670246 ) ) ;
#8413 = CARTESIAN_POINT ( 'NONE',  ( -37.17265876487454790, 7.200000000000000178, -1.044656877271967987 ) ) ;
#8414 = ORIENTED_EDGE ( 'NONE', *, *, #1338, .T. ) ;
#8415 = EDGE_CURVE ( 'NONE', #505, #6499, #8539, .T. ) ;
#8416 = PLANE ( 'NONE',  #8315 ) ;
#8417 = FACE_OUTER_BOUND ( 'NONE', #5790, .T. ) ;
#8418 = LINE ( 'NONE', #7188, #7072 ) ;
#8419 = DIRECTION ( 'NONE',  ( -9.472892701579828520E-18, 0.000000000000000000, 1.000000000000000000 ) ) ;
#8420 = EDGE_LOOP ( 'NONE', ( #3734, #980, #3641 ) ) ;
#8421 = ADVANCED_FACE ( 'NONE', ( #5103 ), #7852, .T. ) ;
#8422 = DIRECTION ( 'NONE',  ( -2.075007502312799731E-16, 0.000000000000000000, -1.000000000000000000 ) ) ;
#8423 = PLANE ( 'NONE',  #9 ) ;
#8424 = FACE_OUTER_BOUND ( 'NONE', #5300, .T. ) ;
#8425 = ORIENTED_EDGE ( 'NONE', *, *, #8574, .T. ) ;
#8426 = CARTESIAN_POINT ( 'NONE',  ( -117.5999999999999943, -5.400000000000000355, -12.48230854637604104 ) ) ;
#8427 = LINE ( 'NONE', #7030, #5611 ) ;
#8428 = EDGE_CURVE ( 'NONE', #1893, #7523, #6501, .T. ) ;
#8429 = CARTESIAN_POINT ( 'NONE',  ( 195.0000000000000000, -10.80000000000000071, 12.59999999999999964 ) ) ;
#8430 = ORIENTED_EDGE ( 'NONE', *, *, #6828, .F. ) ;
#8431 = ORIENTED_EDGE ( 'NONE', *, *, #2981, .T. ) ;
#8432 = DIRECTION ( 'NONE',  ( 1.000000000000000000, 0.000000000000000000, 3.854941057726239700E-17 ) ) ;
#8433 = DIRECTION ( 'NONE',  ( -1.000000000000000000, 0.000000000000000000, -3.700743415417190112E-16 ) ) ;
#8434 = FACE_BOUND ( 'NONE', #6989, .T. ) ;
#8435 = ORIENTED_EDGE ( 'NONE', *, *, #6527, .F. ) ;
#8436 = VECTOR ( 'NONE', #4308, 1000.000000000000000 ) ;
#8437 = CARTESIAN_POINT ( 'NONE',  ( 0.000000000000000000, -4.178898784497604806E-15, 15.59999999999999964 ) ) ;
#8438 = ADVANCED_FACE ( 'NONE', ( #8581 ), #2395, .F. ) ;
#8439 = CARTESIAN_POINT ( 'NONE',  ( -76.46147367097499625, -7.200000000000000178, 6.364617092752020255 ) ) ;
#8440 = CARTESIAN_POINT ( 'NONE',  ( 23.09999999999999787, 10.80000000000000071, -3.391328741992544860 ) ) ;
#8441 = VECTOR ( 'NONE', #6912, 1000.000000000000227 ) ;
#8442 = VECTOR ( 'NONE', #1819, 1000.000000000000000 ) ;
#8443 = VECTOR ( 'NONE', #4837, 1000.000000000000000 ) ;
#8444 = ORIENTED_EDGE ( 'NONE', *, *, #1702, .T. ) ;
#8445 = DIRECTION ( 'NONE',  ( 0.000000000000000000, 0.5000000000000003331, -0.8660254037844384856 ) ) ;
#8446 =( NAMED_UNIT ( * ) SI_UNIT ( $, .STERADIAN. ) SOLID_ANGLE_UNIT ( ) );
#8447 = EDGE_CURVE ( 'NONE', #1908, #4742, #6683, .T. ) ;
#8448 = AXIS2_PLACEMENT_3D ( 'NONE', #5531, #1239, #4012 ) ;
#8449 = AXIS2_PLACEMENT_3D ( 'NONE', #6755, #3963, #8062 ) ;
#8450 = VECTOR ( 'NONE', #5260, 1000.000000000000000 ) ;
#8451 = DIRECTION ( 'NONE',  ( 0.000000000000000000, 0.000000000000000000, -1.000000000000000000 ) ) ;
#8452 = FACE_OUTER_BOUND ( 'NONE', #2321, .T. ) ;
#8453 = VECTOR ( 'NONE', #1872, 1000.000000000000000 ) ;
#8454 = ORIENTED_EDGE ( 'NONE', *, *, #7358, .F. ) ;
#8455 = CARTESIAN_POINT ( 'NONE',  ( 24.81074287389320077, -7.200000000000000178, 1.661062501570164995 ) ) ;
#8456 = VERTEX_POINT ( 'NONE', #1264 ) ;
#8457 = AXIS2_PLACEMENT_3D ( 'NONE', #7411, #1913, #4666 ) ;
#8458 = ADVANCED_FACE ( 'NONE', ( #3253 ), #1120, .T. ) ;
#8459 = VECTOR ( 'NONE', #100, 1000.000000000000000 ) ;
#8460 = DIRECTION ( 'NONE',  ( 0.000000000000000000, 1.000000000000000000, 0.000000000000000000 ) ) ;
#8461 = DIRECTION ( 'NONE',  ( -0.7501120765757850473, 0.000000000000000000, -0.6613107231666242036 ) ) ;
#8462 = VERTEX_POINT ( 'NONE', #4607 ) ;
#8463 = VECTOR ( 'NONE', #5444, 1000.000000000000000 ) ;
#8464 = VECTOR ( 'NONE', #6971, 1000.000000000000000 ) ;
#8465 = DIRECTION ( 'NONE',  ( 7.113305415238639742E-16, 0.000000000000000000, -1.000000000000000000 ) ) ;
#8466 = LINE ( 'NONE', #3548, #6133 ) ;
#8467 = FACE_OUTER_BOUND ( 'NONE', #6140, .T. ) ;
#8468 = DIRECTION ( 'NONE',  ( 0.000000000000000000, 1.156482317317869950E-15, -1.000000000000000000 ) ) ;
#8469 = VERTEX_POINT ( 'NONE', #2578 ) ;
#8471 = ADVANCED_FACE ( 'NONE', ( #1803 ), #5381, .F. ) ;
#8470 = CARTESIAN_POINT ( 'NONE',  ( -154.8750469336854962, 10.80000000000000071, -1.499999999999670042 ) ) ;
#8472 = EDGE_CURVE ( 'NONE', #4731, #4847, #6011, .T. ) ;
#8473 = PLANE ( 'NONE',  #657 ) ;
#8474 = VERTEX_POINT ( 'NONE', #437 ) ;
#8475 = ADVANCED_FACE ( 'NONE', ( #5421, #5285, #1164 ), #3850, .T. ) ;
#8476 = VECTOR ( 'NONE', #4207, 1000.000000000000000 ) ;
#8477 = CARTESIAN_POINT ( 'NONE',  ( 67.20454982708999125, -10.80000000000000071, 6.364617092752020255 ) ) ;
#8478 = DIRECTION ( 'NONE',  ( 0.000000000000000000, -1.000000000000000000, 0.000000000000000000 ) ) ;
#8479 = VERTEX_POINT ( 'NONE', #6101 ) ;
#8480 = EDGE_CURVE ( 'NONE', #3198, #7338, #4034, .T. ) ;
#8481 = ORIENTED_EDGE ( 'NONE', *, *, #2895, .T. ) ;
#8482 = CARTESIAN_POINT ( 'NONE',  ( -3.000000000000000000, 7.200000000000000178, -6.364617092752020255 ) ) ;
#8483 = CARTESIAN_POINT ( 'NONE',  ( -154.8750469336854962, 10.80000000000000071, -4.651301866581550648 ) ) ;
#8484 = FILL_AREA_STYLE_COLOUR ( '', #5873 ) ;
#8485 = VERTEX_POINT ( 'NONE', #6638 ) ;
#8486 = CARTESIAN_POINT ( 'NONE',  ( 77.25016401551819456, -10.80000000000000071, -22.62851564092204981 ) ) ;
#8487 = ORIENTED_EDGE ( 'NONE', *, *, #2553, .T. ) ;
#8488 = CARTESIAN_POINT ( 'NONE',  ( 73.46147367097499625, -7.200000000000000178, 3.042492089611700035 ) ) ;
#8489 = DIRECTION ( 'NONE',  ( 0.000000000000000000, 1.000000000000000000, 0.000000000000000000 ) ) ;
#8490 = PLANE ( 'NONE',  #4772 ) ;
#8491 = VECTOR ( 'NONE', #6258, 1000.000000000000000 ) ;
#8492 = ORIENTED_EDGE ( 'NONE', *, *, #3923, .F. ) ;
#8493 = CARTESIAN_POINT ( 'NONE',  ( 15.92062982469679966, 0.000000000000000000, -27.60157479136859848 ) ) ;
#8494 = ADVANCED_FACE ( 'NONE', ( #6776 ), #5914, .T. ) ;
#8495 = PLANE ( 'NONE',  #4258 ) ;
#8496 = FACE_OUTER_BOUND ( 'NONE', #5346, .T. ) ;
#8497 = CARTESIAN_POINT ( 'NONE',  ( -23.09999999999999787, 10.80000000000000071, -3.391328741992544860 ) ) ;
#8498 = EDGE_LOOP ( 'NONE', ( #755, #3926, #5802 ) ) ;
#8499 = CARTESIAN_POINT ( 'NONE',  ( 117.5999999999999943, -10.80000000000000071, 6.364617092752020255 ) ) ;
#8500 = VERTEX_POINT ( 'NONE', #7492 ) ;
#8501 = ADVANCED_FACE ( 'NONE', ( #3892 ), #7450, .T. ) ;
#8502 = LINE ( 'NONE', #4478, #55 ) ;
#8503 = ORIENTED_EDGE ( 'NONE', *, *, #1717, .F. ) ;
#8504 = EDGE_CURVE ( 'NONE', #7, #1435, #3350, .T. ) ;
#8505 = VECTOR ( 'NONE', #5682, 1000.000000000000000 ) ;
#8506 = LINE ( 'NONE', #4310, #4140 ) ;
#8507 = LINE ( 'NONE', #6341, #6420 ) ;
#8508 = ORIENTED_EDGE ( 'NONE', *, *, #6551, .F. ) ;
#8509 = FACE_OUTER_BOUND ( 'NONE', #830, .T. ) ;
#8510 = LINE ( 'NONE', #7739, #6877 ) ;
#8511 = ORIENTED_EDGE ( 'NONE', *, *, #5087, .T. ) ;
#8512 = CARTESIAN_POINT ( 'NONE',  ( -26.10000000000000142, 7.200000000000000178, -6.364617092752020255 ) ) ;
#8513 = LINE ( 'NONE', #146, #3418 ) ;
#8514 = VERTEX_POINT ( 'NONE', #1902 ) ;
#8515 = VECTOR ( 'NONE', #7923, 1000.000000000000000 ) ;
#8516 = LINE ( 'NONE', #7832, #7480 ) ;
#8517 = ADVANCED_FACE ( 'NONE', ( #3165 ), #7401, .T. ) ;
#8518 = FACE_BOUND ( 'NONE', #7393, .T. ) ;
#8519 = CARTESIAN_POINT ( 'NONE',  ( -33.14589468389949900, -10.80000000000000071, 6.364617092752020255 ) ) ;
#8520 = ORIENTED_EDGE ( 'NONE', *, *, #1472, .T. ) ;
#8521 = VECTOR ( 'NONE', #8661, 1000.000000000000114 ) ;
#8522 = EDGE_CURVE ( 'NONE', #4075, #3885, #3986, .T. ) ;
#8523 = VERTEX_POINT ( 'NONE', #537 ) ;
#8524 = EDGE_CURVE ( 'NONE', #296, #4840, #7986, .T. ) ;
#8525 = LINE ( 'NONE', #968, #4929 ) ;
#8526 = ORIENTED_EDGE ( 'NONE', *, *, #1319, .T. ) ;
#8527 = EDGE_LOOP ( 'NONE', ( #4706, #7959, #7579, #6506 ) ) ;
#8528 = ADVANCED_FACE ( 'NONE', ( #6057 ), #8812, .T. ) ;
#8529 = AXIS2_PLACEMENT_3D ( 'NONE', #2499, #317, #3091 ) ;
#8530 = DIRECTION ( 'NONE',  ( -1.000000000000000000, 0.000000000000000000, 2.018443830920939658E-16 ) ) ;
#8531 = CARTESIAN_POINT ( 'NONE',  ( 134.4090996541806078, -10.80000000000000071, 6.364617092752020255 ) ) ;
#8532 = DIRECTION ( 'NONE',  ( 0.000000000000000000, -1.000000000000000000, -1.156482317317869950E-15 ) ) ;
#8533 = EDGE_CURVE ( 'NONE', #7164, #7616, #5824, .T. ) ;
#8534 = CARTESIAN_POINT ( 'NONE',  ( -149.1599999999999966, -7.200000000000000178, -8.227666964079659806 ) ) ;
#8535 = ORIENTED_EDGE ( 'NONE', *, *, #2102, .F. ) ;
#8536 = AXIS2_PLACEMENT_3D ( 'NONE', #7621, #8216, #1395 ) ;
#8537 = CARTESIAN_POINT ( 'NONE',  ( 15.70736835487440075, -10.80000000000000071, 4.500000000000000000 ) ) ;
#8538 = ORIENTED_EDGE ( 'NONE', *, *, #6338, .T. ) ;
#8539 = LINE ( 'NONE', #5147, #2540 ) ;
#8540 = CARTESIAN_POINT ( 'NONE',  ( 30.03752346684269980, 3.000000000000000000, -13.86794919243113888 ) ) ;
#8541 = ORIENTED_EDGE ( 'NONE', *, *, #7762, .T. ) ;
#8542 = ADVANCED_FACE ( 'NONE', ( #2402 ), #261, .T. ) ;
#8543 = LINE ( 'NONE', #216, #786 ) ;
#8544 = ORIENTED_EDGE ( 'NONE', *, *, #2455, .F. ) ;
#8545 = LINE ( 'NONE', #2908, #6843 ) ;
#8546 = ORIENTED_EDGE ( 'NONE', *, *, #1295, .T. ) ;
#8547 = EDGE_CURVE ( 'NONE', #6477, #6038, #176, .T. ) ;
#8548 = CARTESIAN_POINT ( 'NONE',  ( -195.0000000000000000, 1.350000000000000089, 14.82057713659398068 ) ) ;
#8549 = DIRECTION ( 'NONE',  ( 0.000000000000000000, 1.000000000000000000, 0.000000000000000000 ) ) ;
#8550 = ORIENTED_EDGE ( 'NONE', *, *, #4340, .T. ) ;
#8551 = VECTOR ( 'NONE', #8699, 1000.000000000000000 ) ;
#8552 = CARTESIAN_POINT ( 'NONE',  ( 28.14531752974910006, 10.80000000000000071, -6.364617092752020255 ) ) ;
#8553 = CARTESIAN_POINT ( 'NONE',  ( 34.37734123512544926, 7.200000000000000178, 1.486644175379742139 ) ) ;
#8554 = ORIENTED_EDGE ( 'NONE', *, *, #8868, .T. ) ;
#8555 = DIRECTION ( 'NONE',  ( 0.000000000000000000, 0.8660254037844387076, -0.4999999999999998890 ) ) ;
#8556 = CARTESIAN_POINT ( 'NONE',  ( 88.33933982822040321, -7.200000000000000178, 11.53933982822021953 ) ) ;
#8557 = FACE_OUTER_BOUND ( 'NONE', #7360, .T. ) ;
#8558 = ORIENTED_EDGE ( 'NONE', *, *, #8233, .T. ) ;
#8559 = CARTESIAN_POINT ( 'NONE',  ( -60.07504693368539961, 3.000000000000000000, 0.000000000000000000 ) ) ;
#8560 = CARTESIAN_POINT ( 'NONE',  ( -19.47559106388689898, -10.80000000000000071, 6.364617092752020255 ) ) ;
#8561 = VERTEX_POINT ( 'NONE', #7225 ) ;
#8562 = PLANE ( 'NONE',  #2963 ) ;
#8563 = EDGE_LOOP ( 'NONE', ( #6069, #3979, #2796, #1291 ) ) ;
#8564 = EDGE_CURVE ( 'NONE', #4052, #3344, #1551, .T. ) ;
#8565 = DIRECTION ( 'NONE',  ( -2.095282867411439592E-15, 1.000000000000000000, 0.000000000000000000 ) ) ;
#8566 = CARTESIAN_POINT ( 'NONE',  ( -182.2199999999999989, -10.80000000000000071, 6.364617092752020255 ) ) ;
#8567 = ORIENTED_EDGE ( 'NONE', *, *, #6588, .F. ) ;
#8568 = EDGE_LOOP ( 'NONE', ( #3622, #2287, #4692, #4928 ) ) ;
#8569 = EDGE_CURVE ( 'NONE', #4956, #4390, #133, .T. ) ;
#8570 = CARTESIAN_POINT ( 'NONE',  ( 22.29221050646230040, -10.80000000000000071, -6.364617092752020255 ) ) ;
#8571 = DIRECTION ( 'NONE',  ( 0.000000000000000000, 1.156482317317869950E-15, -1.000000000000000000 ) ) ;
#8572 = DIRECTION ( 'NONE',  ( -0.000000000000000000, 0.4999999999999998890, 0.8660254037844387076 ) ) ;
#8573 = ORIENTED_EDGE ( 'NONE', *, *, #732, .F. ) ;
#8574 = EDGE_CURVE ( 'NONE', #4451, #6354, #4389, .T. ) ;
#8575 = LINE ( 'NONE', #46, #159 ) ;
#8576 = ORIENTED_EDGE ( 'NONE', *, *, #2068, .T. ) ;
#8577 = FACE_OUTER_BOUND ( 'NONE', #1262, .T. ) ;
#8578 = VECTOR ( 'NONE', #8461, 1000.000000000000114 ) ;
#8579 = ORIENTED_EDGE ( 'NONE', *, *, #622, .T. ) ;
#8580 = EDGE_CURVE ( 'NONE', #18, #7318, #4438, .T. ) ;
#8581 = FACE_OUTER_BOUND ( 'NONE', #3740, .T. ) ;
#8582 = AXIS2_PLACEMENT_3D ( 'NONE', #5615, #7011, #5693 ) ;
#8583 = DIRECTION ( 'NONE',  ( -1.000000000000000000, 9.614813431917800840E-16, 5.551115123125790591E-16 ) ) ;
#8584 = VERTEX_POINT ( 'NONE', #7138 ) ;
#8585 = CARTESIAN_POINT ( 'NONE',  ( 195.0000000000000000, 1.332267629550185955E-14, -15.59999999999999964 ) ) ;
#8586 = VERTEX_POINT ( 'NONE', #3633 ) ;
#8587 = VECTOR ( 'NONE', #3346, 1000.000000000000000 ) ;
#8588 = VECTOR ( 'NONE', #3108, 1000.000000000000000 ) ;
#8589 = DIRECTION ( 'NONE',  ( 0.000000000000000000, 1.000000000000000000, 0.000000000000000000 ) ) ;
#8590 = AXIS2_PLACEMENT_3D ( 'NONE', #5360, #8064, #3328 ) ;
#8591 = VERTEX_POINT ( 'NONE', #949 ) ;
#8592 = CARTESIAN_POINT ( 'NONE',  ( -167.9399999999999977, -10.80000000000000071, 3.396598976154964866 ) ) ;
#8593 = CARTESIAN_POINT ( 'NONE',  ( -175.5945498270899918, -7.200000000000000178, 1.484009058298530137 ) ) ;
#8595 = EDGE_LOOP ( 'NONE', ( #7964, #8727, #6108 ) ) ;
#8594 = AXIS2_PLACEMENT_3D ( 'NONE', #6111, #3406, #726 ) ;
#8596 = VECTOR ( 'NONE', #2556, 999.9999999999998863 ) ;
#8597 = CYLINDRICAL_SURFACE ( 'NONE', #263, 9.900000000000000355 ) ;
#8598 = DIRECTION ( 'NONE',  ( 0.000000000000000000, 0.000000000000000000, 1.000000000000000000 ) ) ;
#8599 = VERTEX_POINT ( 'NONE', #858 ) ;
#8600 = LINE ( 'NONE', #8512, #7435 ) ;
#8601 = CARTESIAN_POINT ( 'NONE',  ( 31.34765160399204831, -7.200000000000000178, -4.627851756171919462 ) ) ;
#8602 = DIRECTION ( 'NONE',  ( 0.000000000000000000, 0.000000000000000000, -1.000000000000000000 ) ) ;
#8603 = VERTEX_POINT ( 'NONE', #6384 ) ;
#8604 = AXIS2_PLACEMENT_3D ( 'NONE', #40, #2990, #8367 ) ;
#8605 = ADVANCED_FACE ( 'NONE', ( #3721 ), #7905, .F. ) ;
#8606 = DIRECTION ( 'NONE',  ( 1.000000000000000000, 7.781765623811068613E-17, 0.000000000000000000 ) ) ;
#8607 = FACE_BOUND ( 'NONE', #4613, .T. ) ;
#8608 = LINE ( 'NONE', #834, #3997 ) ;
#8609 = ORIENTED_EDGE ( 'NONE', *, *, #7664, .T. ) ;
#8610 = DIRECTION ( 'NONE',  ( 0.000000000000000000, 0.000000000000000000, -1.000000000000000000 ) ) ;
#8611 = ORIENTED_EDGE ( 'NONE', *, *, #224, .F. ) ;
#8612 = ADVANCED_FACE ( 'NONE', ( #6465 ), #2276, .T. ) ;
#8613 = DIRECTION ( 'NONE',  ( 1.000000000000000000, -8.226411930404939455E-32, 7.709882115452469538E-17 ) ) ;
#8614 =( NAMED_UNIT ( * ) PLANE_ANGLE_UNIT ( ) SI_UNIT ( $, .RADIAN. ) );
#8615 = ORIENTED_EDGE ( 'NONE', *, *, #8198, .T. ) ;
#8616 = ORIENTED_EDGE ( 'NONE', *, *, #58, .F. ) ;
#8617 = DIRECTION ( 'NONE',  ( -1.000000000000000000, -2.269496243435210405E-31, 1.962413267760679851E-16 ) ) ;
#8618 = FACE_OUTER_BOUND ( 'NONE', #2023, .T. ) ;
#8619 = CARTESIAN_POINT ( 'NONE',  ( 186.0000000000000000, -9.449999999999999289, -10.14403995615803922 ) ) ;
#8620 = DIRECTION ( 'NONE',  ( 0.000000000000000000, -1.000000000000000000, -1.156482317317869950E-15 ) ) ;
#8621 = ORIENTED_EDGE ( 'NONE', *, *, #8253, .F. ) ;
#8622 = PLANE ( 'NONE',  #6330 ) ;
#8623 = DIRECTION ( 'NONE',  ( -1.590337572131499668E-16, 0.000000000000000000, 1.000000000000000000 ) ) ;
#8624 = DIRECTION ( 'NONE',  ( 0.000000000000000000, 1.000000000000000000, 0.000000000000000000 ) ) ;
#8625 = ADVANCED_FACE ( 'NONE', ( #6336 ), #7054, .F. ) ;
#8626 = LINE ( 'NONE', #1712, #218 ) ;
#8627 = ORIENTED_EDGE ( 'NONE', *, *, #4600, .T. ) ;
#8628 = DIRECTION ( 'NONE',  ( 0.000000000000000000, 1.000000000000000000, 0.000000000000000000 ) ) ;
#8629 = VERTEX_POINT ( 'NONE', #5784 ) ;
#8630 = EDGE_CURVE ( 'NONE', #3938, #465, #8545, .T. ) ;
#8631 = FACE_OUTER_BOUND ( 'NONE', #5830, .T. ) ;
#8632 = VECTOR ( 'NONE', #3779, 1000.000000000000000 ) ;
#8633 = ADVANCED_FACE ( 'NONE', ( #900 ), #6422, .T. ) ;
#8634 = DIRECTION ( 'NONE',  ( 0.8051314262087321261, 0.000000000000000000, -0.5930964394861030220 ) ) ;
#8635 = CARTESIAN_POINT ( 'NONE',  ( -15.70736835487440075, -10.80000000000000071, 6.932308546376040326 ) ) ;
#8636 = ORIENTED_EDGE ( 'NONE', *, *, #8564, .T. ) ;
#8637 = DIRECTION ( 'NONE',  ( 0.000000000000000000, -1.000000000000000000, 0.000000000000000000 ) ) ;
#8638 = CARTESIAN_POINT ( 'NONE',  ( -28.39230484541330313, 0.000000000000000000, -6.000000000000000000 ) ) ;
#8639 = EDGE_LOOP ( 'NONE', ( #6089, #8762, #3025, #8793 ) ) ;
#8640 = CARTESIAN_POINT ( 'NONE',  ( 0.000000000000000000, -4.178898784497604806E-15, 15.59999999999999964 ) ) ;
#8641 = CARTESIAN_POINT ( 'NONE',  ( -76.46147367097499625, -10.80000000000000071, 1.499999999999988010 ) ) ;
#8642 = LINE ( 'NONE', #5352, #4051 ) ;
#8643 = ORIENTED_EDGE ( 'NONE', *, *, #7112, .T. ) ;
#8644 = VECTOR ( 'NONE', #5393, 1000.000000000000114 ) ;
#8645 = DIRECTION ( 'NONE',  ( 1.000000000000000000, 0.000000000000000000, 0.000000000000000000 ) ) ;
#8646 = LINE ( 'NONE', #3872, #7354 ) ;
#8647 = CARTESIAN_POINT ( 'NONE',  ( 204.0000000000000000, 0.000000000000000000, 0.000000000000000000 ) ) ;
#8648 = VERTEX_POINT ( 'NONE', #222 ) ;
#8649 = CARTESIAN_POINT ( 'NONE',  ( -33.14589468389949900, -10.80000000000000071, 3.161062501570164773 ) ) ;
#8650 = VERTEX_POINT ( 'NONE', #5742 ) ;
#8651 = EDGE_CURVE ( 'NONE', #711, #2926, #8502, .T. ) ;
#8652 = CIRCLE ( 'NONE', #2180, 8.699999999999999289 ) ;
#8653 = ORIENTED_EDGE ( 'NONE', *, *, #6539, .T. ) ;
#8654 = CARTESIAN_POINT ( 'NONE',  ( 28.48218674310909648, 3.887276245077900150, -17.84431998651010076 ) ) ;
#8655 = EDGE_LOOP ( 'NONE', ( #2955, #1528, #8257 ) ) ;
#8656 = ORIENTED_EDGE ( 'NONE', *, *, #4754, .T. ) ;
#8657 = VECTOR ( 'NONE', #6131, 1000.000000000000000 ) ;
#8658 = EDGE_CURVE ( 'NONE', #6620, #3162, #7861, .T. ) ;
#8659 = LINE ( 'NONE', #1793, #8376 ) ;
#8660 = DIRECTION ( 'NONE',  ( 0.000000000000000000, 1.000000000000000000, 0.000000000000000000 ) ) ;
#8661 = DIRECTION ( 'NONE',  ( 0.000000000000000000, 0.8660254037844383745, 0.5000000000000003331 ) ) ;
#8662 = CARTESIAN_POINT ( 'NONE',  ( 6.599999999999999645, 0.000000000000000000, -45.00000000000000000 ) ) ;
#8663 = ORIENTED_EDGE ( 'NONE', *, *, #2489, .F. ) ;
#8664 = CARTESIAN_POINT ( 'NONE',  ( -30.14589468389949900, -7.200000000000000178, 6.364617092752020255 ) ) ;
#8665 = VECTOR ( 'NONE', #2978, 1000.000000000000000 ) ;
#8666 = VERTEX_POINT ( 'NONE', #7319 ) ;
#8667 = DIRECTION ( 'NONE',  ( 0.7071067811865470176, 0.000000000000000000, 0.7071067811865480168 ) ) ;
#8668 = VECTOR ( 'NONE', #4996, 1000.000000000000000 ) ;
#8669 = CARTESIAN_POINT ( 'NONE',  ( -176.4375234668430039, 10.80000000000000071, -6.364617092752020255 ) ) ;
#8670 = CARTESIAN_POINT ( 'NONE',  ( 33.14589468389949900, -10.80000000000000071, 3.161062501570164773 ) ) ;
#8671 = ORIENTED_EDGE ( 'NONE', *, *, #1765, .F. ) ;
#8672 = DIRECTION ( 'NONE',  ( 1.000000000000000000, 0.000000000000000000, 0.000000000000000000 ) ) ;
#8673 = VECTOR ( 'NONE', #363, 1000.000000000000000 ) ;
#8674 = ORIENTED_EDGE ( 'NONE', *, *, #2319, .T. ) ;
#8675 = EDGE_CURVE ( 'NONE', #5806, #7477, #491, .T. ) ;
#8676 = DIRECTION ( 'NONE',  ( -5.233102047361820167E-16, 1.066995812285799955E-15, -1.000000000000000000 ) ) ;
#8678 = AXIS2_PLACEMENT_3D ( 'NONE', #6050, #6590, #5278 ) ;
#8677 = UNCERTAINTY_MEASURE_WITH_UNIT (LENGTH_MEASURE( 1.000000000000000082E-05 ), #4327, 'distance_accuracy_value', 'NONE');
#8679 = EDGE_CURVE ( 'NONE', #2602, #325, #4664, .T. ) ;
#8680 = CARTESIAN_POINT ( 'NONE',  ( -15.70736835487440075, -10.80000000000000071, -4.500000000000000000 ) ) ;
#8681 = FACE_OUTER_BOUND ( 'NONE', #5116, .T. ) ;
#8682 = VERTEX_POINT ( 'NONE', #3857 ) ;
#8683 = PLANE ( 'NONE',  #3624 ) ;
#8684 = DIRECTION ( 'NONE',  ( -0.7128487565933357972, 0.000000000000000000, 0.7013177954560507743 ) ) ;
#8685 = ORIENTED_EDGE ( 'NONE', *, *, #5861, .F. ) ;
#8686 = DIRECTION ( 'NONE',  ( 0.7501120765757850473, 0.000000000000000000, -0.6613107231666242036 ) ) ;
#8687 = DIRECTION ( 'NONE',  ( 0.000000000000000000, -1.000000000000000000, 0.000000000000000000 ) ) ;
#8688 = ADVANCED_FACE ( 'NONE', ( #8631 ), #7408, .F. ) ;
#8689 = DIRECTION ( 'NONE',  ( 0.000000000000000000, -1.000000000000000000, -1.156482317317869950E-15 ) ) ;
#8690 = ORIENTED_EDGE ( 'NONE', *, *, #2784, .T. ) ;
#8692 = EDGE_CURVE ( 'NONE', #8701, #2066, #8094, .T. ) ;
#8691 = LINE ( 'NONE', #3230, #936 ) ;
#8693 = FACE_BOUND ( 'NONE', #2425, .T. ) ;
#8694 = PLANE ( 'NONE',  #1077 ) ;
#8695 = EDGE_LOOP ( 'NONE', ( #7835, #3333, #152, #4697 ) ) ;
#8696 = DIRECTION ( 'NONE',  ( 1.000000000000000000, 0.000000000000000000, 0.000000000000000000 ) ) ;
#8697 = ORIENTED_EDGE ( 'NONE', *, *, #228, .F. ) ;
#8698 = EDGE_LOOP ( 'NONE', ( #4418, #5100, #5785, #2945 ) ) ;
#8699 = DIRECTION ( 'NONE',  ( 0.000000000000000000, 1.000000000000000000, 0.000000000000000000 ) ) ;
#8700 = ORIENTED_EDGE ( 'NONE', *, *, #5224, .T. ) ;
#8701 = VERTEX_POINT ( 'NONE', #4520 ) ;
#8702 = EDGE_CURVE ( 'NONE', #252, #4223, #6066, .T. ) ;
#8703 = DIRECTION ( 'NONE',  ( -1.000000000000000000, 0.000000000000000000, 0.000000000000000000 ) ) ;
#8704 = CARTESIAN_POINT ( 'NONE',  ( -46.19999999999999574, 7.200000000000000178, 6.364617092752020255 ) ) ;
#8705 = DIRECTION ( 'NONE',  ( -0.6613107231666237595, 0.000000000000000000, -0.7501120765757856024 ) ) ;
#8706 = EDGE_LOOP ( 'NONE', ( #1103, #6051, #4201, #648 ) ) ;
#8707 = CARTESIAN_POINT ( 'NONE',  ( 147.6600000000000250, -7.200000000000000178, -6.364617092752020255 ) ) ;
#8708 = ORIENTED_EDGE ( 'NONE', *, *, #808, .F. ) ;
#8709 = CARTESIAN_POINT ( 'NONE',  ( 46.19999999999999574, 7.200000000000000178, -6.364617092752020255 ) ) ;
#8710 = CARTESIAN_POINT ( 'NONE',  ( -195.0000000000000000, 1.332267629550185955E-14, -15.59999999999999964 ) ) ;
#8711 = EDGE_CURVE ( 'NONE', #3213, #8629, #3807, .T. ) ;
#8712 = DIRECTION ( 'NONE',  ( -2.093240818944730039E-15, 0.000000000000000000, -1.000000000000000000 ) ) ;
#8713 = LINE ( 'NONE', #8670, #6731 ) ;
#8714 = ORIENTED_EDGE ( 'NONE', *, *, #2835, .T. ) ;
#8715 = DIRECTION ( 'NONE',  ( 0.000000000000000000, -1.000000000000000000, -1.156482317317869950E-15 ) ) ;
#8716 = ORIENTED_EDGE ( 'NONE', *, *, #3078, .F. ) ;
#8717 = AXIS2_PLACEMENT_3D ( 'NONE', #3947, #6691, #3266 ) ;
#8718 = VERTEX_POINT ( 'NONE', #1221 ) ;
#8719 = LINE ( 'NONE', #490, #2686 ) ;
#8720 = EDGE_CURVE ( 'NONE', #7037, #5252, #1766, .T. ) ;
#8721 = CARTESIAN_POINT ( 'NONE',  ( 113.5393398282203918, -7.200000000000000178, 13.66066017177984016 ) ) ;
#8722 = AXIS2_PLACEMENT_3D ( 'NONE', #1407, #6917, #8228 ) ;
#8723 = LINE ( 'NONE', #3950, #1237 ) ;
#8724 = ORIENTED_EDGE ( 'NONE', *, *, #7089, .F. ) ;
#8725 = CARTESIAN_POINT ( 'NONE',  ( 62.02294734195000103, -10.80000000000000071, 6.364617092752020255 ) ) ;
#8726 = DIRECTION ( 'NONE',  ( 0.000000000000000000, 1.000000000000000000, 0.000000000000000000 ) ) ;
#8727 = ORIENTED_EDGE ( 'NONE', *, *, #6086, .T. ) ;
#8728 = VECTOR ( 'NONE', #2725, 1000.000000000000000 ) ;
#8729 = CARTESIAN_POINT ( 'NONE',  ( 32.23329491836789629, -10.80000000000000071, -3.847054540679554879 ) ) ;
#8730 = AXIS2_PLACEMENT_3D ( 'NONE', #2668, #4747, #1129 ) ;
#8731 = LINE ( 'NONE', #3184, #7520 ) ;
#8732 = AXIS2_PLACEMENT_3D ( 'NONE', #1624, #4383, #167 ) ;
#8733 = DIRECTION ( 'NONE',  ( 0.000000000000000000, 1.000000000000000000, 0.000000000000000000 ) ) ;
#8734 = EDGE_LOOP ( 'NONE', ( #7619, #439, #4061, #3246 ) ) ;
#8735 = VECTOR ( 'NONE', #1506, 1000.000000000000000 ) ;
#8736 = VECTOR ( 'NONE', #5759, 1000.000000000000000 ) ;
#8737 = AXIS2_PLACEMENT_3D ( 'NONE', #893, #7175, #2940 ) ;
#8738 = CARTESIAN_POINT ( 'NONE',  ( -99.87867965644021240, -7.200000000000000178, 9.992007221626378887E-15 ) ) ;
#8739 = CARTESIAN_POINT ( 'NONE',  ( 76.46147367097499625, -7.200000000000000178, 6.364617092752020255 ) ) ;
#8740 = ADVANCED_FACE ( 'NONE', ( #5294 ), #1127, .F. ) ;
#8741 = EDGE_CURVE ( 'NONE', #3920, #2984, #2490, .T. ) ;
#8742 = LINE ( 'NONE', #559, #1383 ) ;
#8743 = ORIENTED_EDGE ( 'NONE', *, *, #6647, .T. ) ;
#8744 = CARTESIAN_POINT ( 'NONE',  ( -46.19999999999999574, 10.80000000000000071, 4.275303338208110482 ) ) ;
#8745 = ORIENTED_EDGE ( 'NONE', *, *, #8908, .T. ) ;
#8746 = VECTOR ( 'NONE', #7723, 1000.000000000000000 ) ;
#8747 = AXIS2_PLACEMENT_3D ( 'NONE', #5792, #2362, #2914 ) ;
#8748 = CARTESIAN_POINT ( 'NONE',  ( 73.46147367097499625, -10.80000000000000071, -6.364617092752079763 ) ) ;
#8749 = ORIENTED_EDGE ( 'NONE', *, *, #506, .T. ) ;
#8750 = DIRECTION ( 'NONE',  ( -1.000000000000000000, 0.000000000000000000, 7.081174480508299398E-16 ) ) ;
#8751 = ORIENTED_EDGE ( 'NONE', *, *, #776, .T. ) ;
#8752 = EDGE_CURVE ( 'NONE', #2254, #2573, #5389, .T. ) ;
#8753 = ORIENTED_EDGE ( 'NONE', *, *, #1201, .T. ) ;
#8754 = CARTESIAN_POINT ( 'NONE',  ( -15.10500000000000043, -0.8000000000000003775, 3.900000000000000355 ) ) ;
#8755 = EDGE_CURVE ( 'NONE', #5503, #2564, #6648, .T. ) ;
#8756 = CARTESIAN_POINT ( 'NONE',  ( -42.65468247025099657, 10.80000000000000071, 6.364617092752020255 ) ) ;
#8757 = CARTESIAN_POINT ( 'NONE',  ( 73.46147367097499625, -10.80000000000000071, 3.042492089611700035 ) ) ;
#8758 = ORIENTED_EDGE ( 'NONE', *, *, #2956, .F. ) ;
#8759 = LINE ( 'NONE', #4602, #7671 ) ;
#8760 = ORIENTED_EDGE ( 'NONE', *, *, #6393, .T. ) ;
#8761 = DIRECTION ( 'NONE',  ( 0.000000000000000000, -1.000000000000000000, -1.156482317317869950E-15 ) ) ;
#8762 = ORIENTED_EDGE ( 'NONE', *, *, #5178, .F. ) ;
#8763 = CARTESIAN_POINT ( 'NONE',  ( 164.9399999999999977, -10.80000000000000071, -6.364617092752020255 ) ) ;
#8764 = VERTEX_POINT ( 'NONE', #8821 ) ;
#8765 = CARTESIAN_POINT ( 'NONE',  ( -133.3799999999999955, -10.80000000000000071, 3.396598976154959537 ) ) ;
#8766 = CARTESIAN_POINT ( 'NONE',  ( -15.10500000000000043, -10.80000000000000071, 3.900000000000000355 ) ) ;
#8767 = ORIENTED_EDGE ( 'NONE', *, *, #2343, .F. ) ;
#8768 = LINE ( 'NONE', #7949, #1517 ) ;
#8769 = ORIENTED_EDGE ( 'NONE', *, *, #4554, .T. ) ;
#8770 = EDGE_CURVE ( 'NONE', #3449, #2154, #444, .T. ) ;
#8771 = VERTEX_POINT ( 'NONE', #8139 ) ;
#8772 = CARTESIAN_POINT ( 'NONE',  ( -76.46147367097499625, -10.80000000000000071, 2.784647752018624800 ) ) ;
#8773 = DIRECTION ( 'NONE',  ( -0.8051314262087321261, 0.000000000000000000, 0.5930964394861030220 ) ) ;
#8775 = ADVANCED_FACE ( 'NONE', ( #3218 ), #5964, .F. ) ;
#8774 = DIRECTION ( 'NONE',  ( 0.000000000000000000, -1.000000000000000000, 0.000000000000000000 ) ) ;
#8776 = ORIENTED_EDGE ( 'NONE', *, *, #799, .F. ) ;
#8777 = CARTESIAN_POINT ( 'NONE',  ( 112.4786796564402067, -10.80000000000000071, -12.59999999999999964 ) ) ;
#8778 = CARTESIAN_POINT ( 'NONE',  ( -29.37767197488699722, -10.80000000000000071, -6.364617092752020255 ) ) ;
#8779 = VERTEX_POINT ( 'NONE', #1863 ) ;
#8780 = CARTESIAN_POINT ( 'NONE',  ( -47.58442101292460080, -7.200000000000000178, 3.042492089611689821 ) ) ;
#8781 = DIRECTION ( 'NONE',  ( 0.7071067811865480168, 0.000000000000000000, -0.7071067811865470176 ) ) ;
#8782 = VECTOR ( 'NONE', #7983, 1000.000000000000000 ) ;
#8783 = FACE_BOUND ( 'NONE', #7808, .T. ) ;
#8784 = EDGE_LOOP ( 'NONE', ( #6874, #2906, #2519 ) ) ;
#8785 = LINE ( 'NONE', #5890, #4551 ) ;
#8786 = CARTESIAN_POINT ( 'NONE',  ( 86.40000000000000568, -10.80000000000000071, 9.364617092752020255 ) ) ;
#8787 = CARTESIAN_POINT ( 'NONE',  ( -86.40000000000000568, -7.705048770837778628E-16, 15.59999999999974918 ) ) ;
#8788 = ORIENTED_EDGE ( 'NONE', *, *, #8940, .F. ) ;
#8789 = LINE ( 'NONE', #2603, #3405 ) ;
#8790 = ORIENTED_EDGE ( 'NONE', *, *, #73, .F. ) ;
#8791 = EDGE_LOOP ( 'NONE', ( #5935, #7420, #1124 ) ) ;
#8792 = DIRECTION ( 'NONE',  ( 1.000000000000000000, 0.000000000000000000, 3.854941057726239700E-17 ) ) ;
#8793 = ORIENTED_EDGE ( 'NONE', *, *, #8524, .T. ) ;
#8794 = EDGE_CURVE ( 'NONE', #3269, #266, #6550, .T. ) ;
#8795 = VERTEX_POINT ( 'NONE', #4616 ) ;
#8796 = DIRECTION ( 'NONE',  ( -0.8051314262087321261, 0.000000000000000000, -0.5930964394861030220 ) ) ;
#8797 = LINE ( 'NONE', #1108, #8799 ) ;
#8798 = ADVANCED_FACE ( 'NONE', ( #7264 ), #7364, .T. ) ;
#8799 = VECTOR ( 'NONE', #3973, 1000.000000000000000 ) ;
#8800 = CARTESIAN_POINT ( 'NONE',  ( 72.69325096196220670, -10.80000000000000071, 6.364617092752020255 ) ) ;
#8801 = CARTESIAN_POINT ( 'NONE',  ( 73.46147367097499625, -10.80000000000000071, -6.364617092752079763 ) ) ;
#8802 = EDGE_CURVE ( 'NONE', #4009, #6557, #6020, .T. ) ;
#8803 = EDGE_LOOP ( 'NONE', ( #1791, #4412, #8550, #3260 ) ) ;
#8804 = CARTESIAN_POINT ( 'NONE',  ( -117.5999999999999943, 1.657405997545260083E-15, -15.59999999999999964 ) ) ;
#8805 = ORIENTED_EDGE ( 'NONE', *, *, #4361, .F. ) ;
#8806 = LINE ( 'NONE', #1941, #529 ) ;
#8807 = VERTEX_POINT ( 'NONE', #8365 ) ;
#8808 = DIRECTION ( 'NONE',  ( 0.000000000000000000, -1.000000000000000000, 0.000000000000000000 ) ) ;
#8809 = ADVANCED_FACE ( 'NONE', ( #8867 ), #8917, .T. ) ;
#8810 = EDGE_LOOP ( 'NONE', ( #1789, #479, #7840, #5838 ) ) ;
#8811 = AXIS2_PLACEMENT_3D ( 'NONE', #4101, #6839, #8247 ) ;
#8812 = PLANE ( 'NONE',  #5690 ) ;
#8813 = DIRECTION ( 'NONE',  ( 0.7071067811865470176, 0.000000000000000000, 0.7071067811865480168 ) ) ;
#8814 = EDGE_CURVE ( 'NONE', #7815, #1708, #2727, .T. ) ;
#8815 = VERTEX_POINT ( 'NONE', #5561 ) ;
#8816 = DIRECTION ( 'NONE',  ( -0.000000000000000000, 1.000000000000000000, 0.000000000000000000 ) ) ;
#8817 = ORIENTED_EDGE ( 'NONE', *, *, #7320, .F. ) ;
#8818 = VECTOR ( 'NONE', #7253, 1000.000000000000000 ) ;
#8819 = ORIENTED_EDGE ( 'NONE', *, *, #5728, .F. ) ;
#8820 = CARTESIAN_POINT ( 'NONE',  ( -33.14589468389949900, -7.200000000000000178, -3.042492089611705364 ) ) ;
#8821 = CARTESIAN_POINT ( 'NONE',  ( -33.14589468389949900, -7.200000000000000178, 6.364617092752020255 ) ) ;
#8822 = ADVANCED_FACE ( 'NONE', ( #7456 ), #2771, .T. ) ;
#8823 = VECTOR ( 'NONE', #2166, 1000.000000000000000 ) ;
#8824 = DIRECTION ( 'NONE',  ( 1.000000000000000000, 0.000000000000000000, 9.472892701579828520E-18 ) ) ;
#8825 = EDGE_LOOP ( 'NONE', ( #6282, #8937, #4457, #7535 ) ) ;
#8826 = FACE_OUTER_BOUND ( 'NONE', #4770, .T. ) ;
#8827 = CARTESIAN_POINT ( 'NONE',  ( -76.46147367097499625, -7.200000000000000178, -6.364617092752079763 ) ) ;
#8828 = ORIENTED_EDGE ( 'NONE', *, *, #2598, .T. ) ;
#8829 = CARTESIAN_POINT ( 'NONE',  ( -147.6600000000000250, -10.80000000000000071, -3.396598976154979965 ) ) ;
#8830 = VECTOR ( 'NONE', #3414, 1000.000000000000000 ) ;
#8831 = LINE ( 'NONE', #554, #8222 ) ;
#8832 = ORIENTED_EDGE ( 'NONE', *, *, #2059, .T. ) ;
#8833 = EDGE_CURVE ( 'NONE', #8807, #820, #7502, .T. ) ;
#8834 = APPLICATION_CONTEXT ( 'automotive_design' ) ;
#8835 = DIRECTION ( 'NONE',  ( 1.000000000000000000, 1.348330351782639975E-31, -1.263669769138219873E-16 ) ) ;
#8836 = DIRECTION ( 'NONE',  ( -0.7071067811865470176, 0.000000000000000000, -0.7071067811865480168 ) ) ;
#8837 = CARTESIAN_POINT ( 'NONE',  ( -118.4890870736712003, -10.80000000000000071, -6.364617092752079763 ) ) ;
#8838 = ORIENTED_EDGE ( 'NONE', *, *, #6254, .T. ) ;
#8839 = PLANE ( 'NONE',  #8590 ) ;
#8840 = ORIENTED_EDGE ( 'NONE', *, *, #5530, .T. ) ;
#8841 = VERTEX_POINT ( 'NONE', #1410 ) ;
#8842 = CARTESIAN_POINT ( 'NONE',  ( 15.10500000000000043, -0.8000000000000003775, 3.900000000000000355 ) ) ;
#8843 = ORIENTED_EDGE ( 'NONE', *, *, #7598, .F. ) ;
#8844 = EDGE_CURVE ( 'NONE', #4176, #8479, #4089, .T. ) ;
#8845 = ORIENTED_EDGE ( 'NONE', *, *, #2239, .T. ) ;
#8846 = CARTESIAN_POINT ( 'NONE',  ( 46.08442101292460080, -7.200000000000000178, 4.364915918965565744 ) ) ;
#8847 = LINE ( 'NONE', #8168, #6144 ) ;
#8848 = CARTESIAN_POINT ( 'NONE',  ( 85.76116934474099196, -10.80000000000000071, -6.364617092752079763 ) ) ;
#8849 = AXIS2_PLACEMENT_3D ( 'NONE', #1149, #1197, #7294 ) ;
#8850 = ADVANCED_FACE ( 'NONE', ( #5475 ), #4220, .F. ) ;
#8851 = ORIENTED_EDGE ( 'NONE', *, *, #6521, .F. ) ;
#8852 = CARTESIAN_POINT ( 'NONE',  ( -31.34765160399204831, -7.200000000000000178, -4.627851756171919462 ) ) ;
#8853 = VERTEX_POINT ( 'NONE', #6199 ) ;
#8854 = LINE ( 'NONE', #3980, #6309 ) ;
#8855 = EDGE_LOOP ( 'NONE', ( #8508, #1715, #1088, #4136 ) ) ;
#8856 = LINE ( 'NONE', #1304, #2105 ) ;
#8857 = ORIENTED_EDGE ( 'NONE', *, *, #7263, .F. ) ;
#8858 = DIRECTION ( 'NONE',  ( 1.000000000000000000, 0.000000000000000000, 1.590337572131499668E-16 ) ) ;
#8859 = CARTESIAN_POINT ( 'NONE',  ( 18.70736835487440075, -10.80000000000000071, 3.042492089611689821 ) ) ;
#8860 = CARTESIAN_POINT ( 'NONE',  ( 26.10000000000000142, 7.200000000000000178, 6.364617092752020255 ) ) ;
#8861 = EDGE_CURVE ( 'NONE', #7518, #6354, #8325, .T. ) ;
#8862 = EDGE_CURVE ( 'NONE', #8100, #753, #2676, .T. ) ;
#8863 = FACE_OUTER_BOUND ( 'NONE', #5776, .T. ) ;
#8864 = ORIENTED_EDGE ( 'NONE', *, *, #3083, .T. ) ;
#8865 = VERTEX_POINT ( 'NONE', #680 ) ;
#8866 = CARTESIAN_POINT ( 'NONE',  ( -163.9109003458194707, -10.80000000000000071, 6.364617092752020255 ) ) ;
#8867 = FACE_OUTER_BOUND ( 'NONE', #3320, .T. ) ;
#8868 = EDGE_CURVE ( 'NONE', #5952, #8925, #1358, .T. ) ;
#8869 = DIRECTION ( 'NONE',  ( 0.000000000000000000, 1.000000000000000000, 0.000000000000000000 ) ) ;
#8870 = ORIENTED_EDGE ( 'NONE', *, *, #2553, .F. ) ;
#8871 = CARTESIAN_POINT ( 'NONE',  ( -72.69325096196220670, -10.80000000000000071, 6.364617092752020255 ) ) ;
#8872 = FACE_OUTER_BOUND ( 'NONE', #5095, .T. ) ;
#8873 = ORIENTED_EDGE ( 'NONE', *, *, #4072, .T. ) ;
#8874 = CARTESIAN_POINT ( 'NONE',  ( 46.19999999999999574, 10.80000000000000071, -7.864617092752079763 ) ) ;
#8875 = DIRECTION ( 'NONE',  ( 0.7501120765757850473, 0.000000000000000000, 0.6613107231666242036 ) ) ;
#8876 = VECTOR ( 'NONE', #1033, 1000.000000000000000 ) ;
#8877 = VERTEX_POINT ( 'NONE', #724 ) ;
#8878 = FACE_OUTER_BOUND ( 'NONE', #7765, .T. ) ;
#8879 = CARTESIAN_POINT ( 'NONE',  ( -59.02294734194980208, -10.80000000000000071, -3.042492089611709805 ) ) ;
#8880 = AXIS2_PLACEMENT_3D ( 'NONE', #800, #157, #7078 ) ;
#8881 = VECTOR ( 'NONE', #4172, 1000.000000000000000 ) ;
#8882 = CARTESIAN_POINT ( 'NONE',  ( 24.04252016488074872, -7.200000000000000178, -1.661062501570174987 ) ) ;
#8883 = ORIENTED_EDGE ( 'NONE', *, *, #615, .F. ) ;
#8884 = AXIS2_PLACEMENT_3D ( 'NONE', #6526, #373, #3148 ) ;
#8885 = CARTESIAN_POINT ( 'NONE',  ( 19.47559106388689898, -10.80000000000000071, 6.364617092752020255 ) ) ;
#8886 = EDGE_CURVE ( 'NONE', #4372, #7750, #765, .T. ) ;
#8887 = CARTESIAN_POINT ( 'NONE',  ( -102.0000000000000000, -10.80000000000000071, 2.121320343559645050 ) ) ;
#8888 = EDGE_LOOP ( 'NONE', ( #8297, #2929, #3787, #5466, #4775, #1130, #4095, #7555 ) ) ;
#8889 = AXIS2_PLACEMENT_3D ( 'NONE', #1735, #3279, #412 ) ;
#8890 = VECTOR ( 'NONE', #8660, 1000.000000000000000 ) ;
#8891 = VERTEX_POINT ( 'NONE', #3359 ) ;
#8892 = VECTOR ( 'NONE', #8451, 1000.000000000000000 ) ;
#8893 = CIRCLE ( 'NONE', #4905, 18.00000000000000000 ) ;
#8894 = LINE ( 'NONE', #1387, #6785 ) ;
#8895 = DIRECTION ( 'NONE',  ( 0.000000000000000000, 1.000000000000000000, 0.000000000000000000 ) ) ;
#8896 = DIRECTION ( 'NONE',  ( 0.000000000000000000, -1.000000000000000000, 0.000000000000000000 ) ) ;
#8897 = EDGE_CURVE ( 'NONE', #564, #5264, #4131, .T. ) ;
#8898 = VECTOR ( 'NONE', #8824, 1000.000000000000000 ) ;
#8899 = VECTOR ( 'NONE', #5968, 1000.000000000000000 ) ;
#8900 = ORIENTED_EDGE ( 'NONE', *, *, #3006, .F. ) ;
#8901 = CARTESIAN_POINT ( 'NONE',  ( 176.4375234668430039, 7.200000000000000178, -6.364617092752020255 ) ) ;
#8902 = CARTESIAN_POINT ( 'NONE',  ( 89.39999999999999147, -10.80000000000000071, -10.47867965644037902 ) ) ;
#8903 = CARTESIAN_POINT ( 'NONE',  ( -23.09999999999999787, 10.80000000000000071, 6.364617092752020255 ) ) ;
#8904 = ORIENTED_EDGE ( 'NONE', *, *, #5509, .T. ) ;
#8905 = LINE ( 'NONE', #8220, #3987 ) ;
#8906 = ORIENTED_EDGE ( 'NONE', *, *, #279, .T. ) ;
#8907 = VECTOR ( 'NONE', #7712, 1000.000000000000000 ) ;
#8908 = EDGE_CURVE ( 'NONE', #1435, #3357, #85, .T. ) ;
#8909 = VECTOR ( 'NONE', #172, 1000.000000000000000 ) ;
#8910 = CARTESIAN_POINT ( 'NONE',  ( 36.73073683548744839, -10.80000000000000071, -6.364617092752020255 ) ) ;
#8911 = PLANE ( 'NONE',  #2243 ) ;
#8912 = FACE_OUTER_BOUND ( 'NONE', #5105, .T. ) ;
#8913 = DIRECTION ( 'NONE',  ( 0.7071067811865470176, 0.000000000000000000, -0.7071067811865480168 ) ) ;
#8914 = ORIENTED_EDGE ( 'NONE', *, *, #7358, .T. ) ;
#8915 = ORIENTED_EDGE ( 'NONE', *, *, #3507, .F. ) ;
#8916 = DIRECTION ( 'NONE',  ( 1.000000000000000000, 1.815596994748170076E-30, -1.569930614208549994E-15 ) ) ;
#8917 = PLANE ( 'NONE',  #4832 ) ;
#8918 = AXIS2_PLACEMENT_3D ( 'NONE', #2756, #8946, #8352 ) ;
#8919 = EDGE_CURVE ( 'NONE', #6620, #5407, #4800, .T. ) ;
#8920 = DIRECTION ( 'NONE',  ( 0.000000000000000000, 1.000000000000000000, 0.000000000000000000 ) ) ;
#8921 = ORIENTED_EDGE ( 'NONE', *, *, #7800, .F. ) ;
#8922 = EDGE_CURVE ( 'NONE', #3478, #2513, #3452, .T. ) ;
#8923 = FACE_OUTER_BOUND ( 'NONE', #2044, .T. ) ;
#8924 = DIRECTION ( 'NONE',  ( -0.7071067811865470176, 0.000000000000000000, -0.7071067811865480168 ) ) ;
#8925 = VERTEX_POINT ( 'NONE', #2181 ) ;
#8926 = EDGE_CURVE ( 'NONE', #5288, #6520, #2048, .T. ) ;
#8927 = CARTESIAN_POINT ( 'NONE',  ( -22.84974226119290108, 0.000000000000000000, -15.59999999999999964 ) ) ;
#8928 = CARTESIAN_POINT ( 'NONE',  ( 154.8750469336854962, 7.200000000000000178, 6.364617092752020255 ) ) ;
#8929 = ORIENTED_EDGE ( 'NONE', *, *, #5043, .T. ) ;
#8930 = EDGE_CURVE ( 'NONE', #6546, #3818, #2090, .T. ) ;
#8931 = FACE_OUTER_BOUND ( 'NONE', #1105, .T. ) ;
#8932 = DIRECTION ( 'NONE',  ( -0.000000000000000000, 0.4999999999999998890, 0.8660254037844387076 ) ) ;
#8933 = PLANE ( 'NONE',  #1676 ) ;
#8934 = ORIENTED_EDGE ( 'NONE', *, *, #3575, .F. ) ;
#8935 = LINE ( 'NONE', #5626, #1661 ) ;
#8936 = FACE_OUTER_BOUND ( 'NONE', #5591, .T. ) ;
#8937 = ORIENTED_EDGE ( 'NONE', *, *, #4212, .T. ) ;
#8938 = ORIENTED_EDGE ( 'NONE', *, *, #7992, .F. ) ;
#8939 = CARTESIAN_POINT ( 'NONE',  ( -150.6599999999999966, -10.80000000000000071, 6.364617092752020255 ) ) ;
#8940 = EDGE_CURVE ( 'NONE', #236, #173, #39, .T. ) ;
#8941 = DIRECTION ( 'NONE',  ( -1.000000000000000000, 0.000000000000000000, 0.000000000000000000 ) ) ;
#8942 = FACE_OUTER_BOUND ( 'NONE', #8734, .T. ) ;
#8943 = VERTEX_POINT ( 'NONE', #1543 ) ;
#8944 = LINE ( 'NONE', #5637, #4933 ) ;
#8945 = CARTESIAN_POINT ( 'NONE',  ( -15.70736835487440075, -10.80000000000000071, 4.500000000000000000 ) ) ;
#8946 = DIRECTION ( 'NONE',  ( 1.000000000000000000, 0.000000000000000000, 1.850371707708589879E-16 ) ) ;
#8947 = ORIENTED_EDGE ( 'NONE', *, *, #2225, .F. ) ;
#8948 = CARTESIAN_POINT ( 'NONE',  ( -84.48454982709000660, -10.80000000000000071, 6.364617092752020255 ) ) ;
#8949 = EDGE_LOOP ( 'NONE', ( #2584, #5960, #6267, #4877 ) ) ;
#8950 = ADVANCED_FACE ( 'NONE', ( #5021 ), #8495, .F. ) ;
#8951 = AXIS2_PLACEMENT_3D ( 'NONE', #4833, #4170, #716 ) ;
#8952 = LINE ( 'NONE', #3528, #5762 ) ;
#8953 = LINE ( 'NONE', #2853, #2385 ) ;
#8954 = FACE_OUTER_BOUND ( 'NONE', #1938, .T. ) ;
#8955 = LINE ( 'NONE', #1906, #197 ) ;
#8956 = ORIENTED_EDGE ( 'NONE', *, *, #4538, .F. ) ;
#8957 = VERTEX_POINT ( 'NONE', #5818 ) ;
#8958 = CARTESIAN_POINT ( 'NONE',  ( -115.6606601717795968, -7.200000000000000178, 11.53933982822021953 ) ) ;
#8959 = VECTOR ( 'NONE', #471, 1000.000000000000114 ) ;
#8960 = CARTESIAN_POINT ( 'NONE',  ( -18.58750995696410158, -10.80000000000000071, 7.147563504881099483 ) ) ;
#8961 = AXIS2_PLACEMENT_3D ( 'NONE', #7345, #8074, #8896 ) ;
#8962 = LINE ( 'NONE', #6829, #8898 ) ;
#8963 = ORIENTED_EDGE ( 'NONE', *, *, #3575, .T. ) ;
ENDSEC;
END-ISO-10303-21;
