ISO-10303-21;
HEADER;
FILE_DESCRIPTION (( 'STEP AP203' ),
    '1' );
FILE_NAME ('ledholdersolve.STEP',
    '2026-09-10T20:02:26',
    ( '' ),
    ( '' ),
    'SwSTEP 2.0',
    'SolidWorks 2026',
    '' );
FILE_SCHEMA (( 'CONFIG_CONTROL_DESIGN' ));
ENDSEC;

DATA;
#1 = DATE_AND_TIME ( #622, #1597 ) ;
#2 = ORIENTED_EDGE ( 'NONE', *, *, #13, .T. ) ;
#3 = VECTOR ( 'NONE', #936, 39.37007874015748143 ) ;
#4 = CARTESIAN_POINT ( 'NONE',  ( -0.1771653543307086520, 0.05586614173228346414, 0.6033503503114702182 ) ) ;
#5 = DIRECTION ( 'NONE',  ( 1.000000000000000000, 0.000000000000000000, 0.000000000000000000 ) ) ;
#6 = DIRECTION ( 'NONE',  ( 0.000000000000000000, -0.6448164730179147819, 0.7643374360351171681 ) ) ;
#7 = AXIS2_PLACEMENT_3D ( 'NONE', #237, #1556, #446 ) ;
#8 = CARTESIAN_POINT ( 'NONE',  ( 1.347637795275590245, 0.9780390174448710949, -0.9918636414183470418 ) ) ;
#9 = AXIS2_PLACEMENT_3D ( 'NONE', #475, #1808, #2055 ) ;
#10 = LOCAL_TIME ( 23, 2, 26.00000000000000000, #1595 ) ;
#11 = EDGE_CURVE ( 'NONE', #785, #2106, #378, .T. ) ;
#12 = CIRCLE ( 'NONE', #1135, 0.09842519685039360922 ) ;
#13 = EDGE_CURVE ( 'NONE', #185, #1303, #869, .T. ) ;
#14 = EDGE_LOOP ( 'NONE', ( #359, #1187, #2683, #2429, #1246, #1790 ) ) ;
#15 = AXIS2_PLACEMENT_3D ( 'NONE', #1619, #511, #285 ) ;
#16 = ORIENTED_EDGE ( 'NONE', *, *, #982, .F. ) ;
#17 = CARTESIAN_POINT ( 'NONE',  ( 3.929012681870183155, 1.968503937007874072, -0.1968503937007874127 ) ) ;
#18 = DIRECTION ( 'NONE',  ( 0.000000000000000000, 0.000000000000000000, -1.000000000000000000 ) ) ;
#19 = PERSON_AND_ORGANIZATION ( #866, #2112 ) ;
#20 = ORIENTED_EDGE ( 'NONE', *, *, #1209, .T. ) ;
#21 = CARTESIAN_POINT ( 'NONE',  ( -0.1771653543307086243, -0.03940944881889763690, 0.4792952322012339339 ) ) ;
#22 = LINE ( 'NONE', #1792, #1927 ) ;
#23 = CARTESIAN_POINT ( 'NONE',  ( -0.1968503937007873850, 0.05586614173228358904, 0.03047633456343864719 ) ) ;
#24 = FACE_OUTER_BOUND ( 'NONE', #1843, .T. ) ;
#25 = ORIENTED_EDGE ( 'NONE', *, *, #1945, .T. ) ;
#26 = APPROVAL ( #1036, 'UNKNOWN' ) ;
#27 = EDGE_CURVE ( 'NONE', #2164, #1323, #1043, .T. ) ;
#28 = ORIENTED_EDGE ( 'NONE', *, *, #329, .T. ) ;
#29 = CYLINDRICAL_SURFACE ( 'NONE', #1522, 0.09842519685039344268 ) ;
#30 = CARTESIAN_POINT ( 'NONE',  ( 2.528740157480314998, 0.8891863538400399669, -0.8865415537757125319 ) ) ;
#31 = COORDINATED_UNIVERSAL_TIME_OFFSET ( 3, 0, .AHEAD. ) ;
#32 = EDGE_CURVE ( 'NONE', #1907, #1329, #871, .T. ) ;
#33 = EDGE_CURVE ( 'NONE', #1250, #1054, #615, .T. ) ;
#34 = VERTEX_POINT ( 'NONE', #2868 ) ;
#35 = CARTESIAN_POINT ( 'NONE',  ( 0.3051181102362204300, -0.03937007874015747977, 0.03047633456343860903 ) ) ;
#36 = CARTESIAN_POINT ( 'NONE',  ( -0.3051181102362205411, -0.03937007874015747977, 0.6820511377130451525 ) ) ;
#37 = CARTESIAN_POINT ( 'NONE',  ( 2.922440944881889546, 1.128499142648633713, -0.8649312648400168113 ) ) ;
#38 = EDGE_LOOP ( 'NONE', ( #2758, #703, #2641, #635 ) ) ;
#39 = LINE ( 'NONE', #1414, #248 ) ;
#40 = ORIENTED_EDGE ( 'NONE', *, *, #1945, .F. ) ;
#41 = ORIENTED_EDGE ( 'NONE', *, *, #748, .F. ) ;
#42 = DIRECTION ( 'NONE',  ( 0.000000000000000000, -0.6448164730179152260, 0.7643374360351168351 ) ) ;
#43 = CARTESIAN_POINT ( 'NONE',  ( 0.3410660582872963587, 0.4467771680663870093, -0.1968503937007873017 ) ) ;
#44 = DATE_AND_TIME ( #1186, #902 ) ;
#45 = VERTEX_POINT ( 'NONE', #178 ) ;
#46 = VECTOR ( 'NONE', #2872, 39.37007874015748854 ) ;
#47 = EDGE_CURVE ( 'NONE', #2707, #860, #822, .T. ) ;
#48 = CARTESIAN_POINT ( 'NONE',  ( 0.1968503937007873295, -0.03940944881889763690, 0.4989802715713128611 ) ) ;
#49 = ADVANCED_FACE ( 'NONE', ( #1058 ), #1766, .T. ) ;
#50 = CARTESIAN_POINT ( 'NONE',  ( -0.1968503937007875237, -0.03937007874015747977, 0.5147283030673754922 ) ) ;
#51 = DIRECTION ( 'NONE',  ( 0.000000000000000000, 1.000000000000000000, 0.000000000000000000 ) ) ;
#52 = CARTESIAN_POINT ( 'NONE',  ( 1.347637795275590245, 1.065032954359468986, -0.7897012022381354468 ) ) ;
#53 = ORIENTED_EDGE ( 'NONE', *, *, #2682, .T. ) ;
#54 = DIRECTION ( 'NONE',  ( 0.000000000000000000, 0.000000000000000000, 1.000000000000000000 ) ) ;
#55 = AXIS2_PLACEMENT_3D ( 'NONE', #608, #1495, #386 ) ;
#56 = EDGE_LOOP ( 'NONE', ( #85, #458, #1202, #781 ) ) ;
#57 = VECTOR ( 'NONE', #2435, 39.37007874015748143 ) ;
#58 = ORGANIZATION ( 'NAUO-ORG1', 'UNSPECIFIED', 'UNSPECIFIED' ) ;
#59 = AXIS2_PLACEMENT_3D ( 'NONE', #767, #1447, #2148 ) ;
#60 = VERTEX_POINT ( 'NONE', #1100 ) ;
#61 = PLANE ( 'NONE',  #1662 ) ;
#62 = CARTESIAN_POINT ( 'NONE',  ( 1.104165762672697948, 0.000000000000000000, -1.517716535433071057 ) ) ;
#63 = APPROVAL_DATE_TIME ( #1358, #1228 ) ;
#64 = CIRCLE ( 'NONE', #1652, 0.09842519685039360922 ) ;
#65 = ORIENTED_EDGE ( 'NONE', *, *, #1041, .T. ) ;
#66 = FACE_BOUND ( 'NONE', #2620, .T. ) ;
#67 = CARTESIAN_POINT ( 'NONE',  ( 2.135039370078739562, 1.066891681049702223, -1.097185729060981441 ) ) ;
#68 = DIRECTION ( 'NONE',  ( 0.000000000000000000, 0.7643374360351171681, 0.6448164730179147819 ) ) ;
#69 = APPROVAL ( #1104, 'UNSPECIFIED' ) ;
#70 = ADVANCED_FACE ( 'NONE', ( #2619 ), #1502, .F. ) ;
#71 = DIRECTION ( 'NONE',  ( 0.3781756992950812135, -0.6545926750516953829, -0.6545926750517009340 ) ) ;
#72 = DIRECTION ( 'NONE',  ( 0.000000000000000000, -1.000000000000000000, 0.000000000000000000 ) ) ;
#73 = EDGE_LOOP ( 'NONE', ( #850, #1417, #1467, #2808 ) ) ;
#74 = CIRCLE ( 'NONE', #1706, 0.09842519685039360922 ) ;
#75 = ORIENTED_EDGE ( 'NONE', *, *, #2628, .F. ) ;
#76 = LINE ( 'NONE', #1592, #1571 ) ;
#77 = DIRECTION ( 'NONE',  ( -0.8658842116630450780, 0.000000000000000000, -0.5002444722259978827 ) ) ;
#78 = APPROVAL_DATE_TIME ( #2490, #625 ) ;
#79 = EDGE_LOOP ( 'NONE', ( #400, #2237, #2706, #2553 ) ) ;
#80 = DIRECTION ( 'NONE',  ( 1.365041640558097153E-17, 0.7643374360351171681, 0.6448164730179148929 ) ) ;
#81 = DIRECTION ( 'NONE',  ( 0.000000000000000000, 1.000000000000000000, 0.000000000000000000 ) ) ;
#82 = CARTESIAN_POINT ( 'NONE',  ( 1.347637795275590245, 0.9780390174448710949, -0.9918636414183470418 ) ) ;
#83 = PLANE ( 'NONE',  #999 ) ;
#84 = DIRECTION ( 'NONE',  ( -0.000000000000000000, -0.9486832980505147672, -0.3162277660168353877 ) ) ;
#85 = ORIENTED_EDGE ( 'NONE', *, *, #2281, .T. ) ;
#86 = ADVANCED_FACE ( 'NONE', ( #633 ), #407, .F. ) ;
#87 = EDGE_CURVE ( 'NONE', #1318, #2246, #1756, .T. ) ;
#88 = VERTEX_POINT ( 'NONE', #2426 ) ;
#89 = CARTESIAN_POINT ( 'NONE',  ( 0.1771653543307084855, 0.03618110236220472425, 0.0009487755083205080906 ) ) ;
#90 = CARTESIAN_POINT ( 'NONE',  ( -0.3051181102362205411, 0.1062992125984252023, 0.6820511377130451525 ) ) ;
#91 = CALENDAR_DATE ( 2026, 10, 9 ) ;
#92 = ORIENTED_EDGE ( 'NONE', *, *, #2032, .F. ) ;
#93 = CARTESIAN_POINT ( 'NONE',  ( 0.1771653543307086520, 0.05586614173228346414, 0.0009487755083205080906 ) ) ;
#94 = CARTESIAN_POINT ( 'NONE',  ( 1.274015748031495754, 1.561096847681635591, -1.714566929133858331 ) ) ;
#95 = DIRECTION ( 'NONE',  ( 1.000000000000000000, -0.000000000000000000, 1.606225440719266182E-17 ) ) ;
#96 = DIRECTION ( 'NONE',  ( -0.000000000000000000, 0.7643374360351170571, 0.6448164730179147819 ) ) ;
#97 = VECTOR ( 'NONE', #1943, 39.37007874015748143 ) ;
#98 = VERTEX_POINT ( 'NONE', #1311 ) ;
#99 = EDGE_CURVE ( 'NONE', #785, #558, #2231, .T. ) ;
#100 = VECTOR ( 'NONE', #1964, 39.37007874015748143 ) ;
#101 = EDGE_CURVE ( 'NONE', #2575, #777, #2873, .T. ) ;
#102 = ORIENTED_EDGE ( 'NONE', *, *, #2515, .F. ) ;
#103 = DIRECTION ( 'NONE',  ( 0.000000000000000000, 1.000000000000000000, -0.000000000000000000 ) ) ;
#104 = DIRECTION ( 'NONE',  ( 0.000000000000000000, 0.7643374360351170571, 0.6448164730179147819 ) ) ;
#105 = APPROVAL_PERSON_ORGANIZATION ( #19, #625, #505 ) ;
#106 = DATE_TIME_ROLE ( 'classification_date' ) ;
#107 = ORIENTED_EDGE ( 'NONE', *, *, #2050, .F. ) ;
#108 = AXIS2_PLACEMENT_3D ( 'NONE', #2061, #2685, #2250 ) ;
#109 = DIRECTION ( 'NONE',  ( 0.4039477917135462226, -0.5898665289171570736, 0.6992021593451882566 ) ) ;
#110 = CARTESIAN_POINT ( 'NONE',  ( 3.419163110066346878, 1.383838309805381694, -1.079360284482070886 ) ) ;
#111 = VECTOR ( 'NONE', #566, 39.37007874015748143 ) ;
#112 = VERTEX_POINT ( 'NONE', #2454 ) ;
#113 = CARTESIAN_POINT ( 'NONE',  ( -0.4724409448818898127, 0.2637795275590551491, 0.03047633456343861250 ) ) ;
#114 = VECTOR ( 'NONE', #773, 39.37007874015748143 ) ;
#115 = DIRECTION ( 'NONE',  ( 1.365041640558097153E-17, 0.7643374360351171681, 0.6448164730179148929 ) ) ;
#116 = VERTEX_POINT ( 'NONE', #1188 ) ;
#117 = CLOSED_SHELL ( 'NONE', ( #1718, #2465, #480, #2125, #749, #228, #2625, #893, #1371, #1195, #1492, #2573, #2838, #1804, #1640, #2770, #1803, #247, #2319, #1497, #49, #2427, #316, #2649, #70, #2857, #2299, #2611, #1749, #142 ) ) ;
#118 = ORIENTED_EDGE ( 'NONE', *, *, #1315, .F. ) ;
#119 = DIRECTION ( 'NONE',  ( -0.5002444722259978827, 0.000000000000000000, -0.8658842116630449670 ) ) ;
#120 = DIRECTION ( 'NONE',  ( 1.000000000000000000, 0.000000000000000000, 1.355252715606881775E-17 ) ) ;
#121 = COORDINATED_UNIVERSAL_TIME_OFFSET ( 3, 0, .AHEAD. ) ;
#122 = PRODUCT_DEFINITION_SHAPE ( 'NONE', 'NONE',  #240 ) ;
#123 = ORIENTED_EDGE ( 'NONE', *, *, #769, .F. ) ;
#124 = DESIGN_CONTEXT ( 'detailed design', #175, 'design' ) ;
#125 = DIRECTION ( 'NONE',  ( 1.606225440719266182E-17, -0.000000000000000000, -1.000000000000000000 ) ) ;
#126 = VECTOR ( 'NONE', #1482, 39.37007874015748143 ) ;
#127 = SHAPE_REPRESENTATION_RELATIONSHIP ( 'NONE' , 'NONE' ,  #2863, #331 ) ;
#128 = ADVANCED_FACE ( 'NONE', ( #2215 ), #2010, .F. ) ;
#129 = ADVANCED_FACE ( 'NONE', ( #2745 ), #1876, .F. ) ;
#130 = CARTESIAN_POINT ( 'NONE',  ( 1.741338582677165014, 0.9780390174448710949, -0.9918636414183470418 ) ) ;
#131 = ORIENTED_EDGE ( 'NONE', *, *, #2623, .T. ) ;
#132 = CARTESIAN_POINT ( 'NONE',  ( 0.1771653543307086520, 0.1542913385826771844, 0.03047633456343864719 ) ) ;
#133 = FACE_OUTER_BOUND ( 'NONE', #948, .T. ) ;
#134 = ORIENTED_EDGE ( 'NONE', *, *, #790, .T. ) ;
#135 = ORIENTED_EDGE ( 'NONE', *, *, #2824, .F. ) ;
#136 = DIRECTION ( 'NONE',  ( -1.000000000000000000, 0.000000000000000000, -0.000000000000000000 ) ) ;
#137 = DIRECTION ( 'NONE',  ( 1.000000000000000000, 0.000000000000000000, 0.000000000000000000 ) ) ;
#138 = DATE_AND_TIME ( #1005, #2586 ) ;
#139 = ORIENTED_EDGE ( 'NONE', *, *, #1171, .T. ) ;
#140 = DIRECTION ( 'NONE',  ( 1.606225440719266182E-17, -0.000000000000000000, -1.000000000000000000 ) ) ;
#141 = VECTOR ( 'NONE', #826, 39.37007874015748143 ) ;
#142 = ADVANCED_FACE ( 'NONE', ( #1122 ), #1559, .F. ) ;
#143 = EDGE_CURVE ( 'NONE', #1588, #206, #449, .T. ) ;
#144 = ORIENTED_EDGE ( 'NONE', *, *, #877, .T. ) ;
#145 = CYLINDRICAL_SURFACE ( 'NONE', #816, 0.1377952755905515192 ) ;
#146 = LINE ( 'NONE', #805, #1514 ) ;
#147 = ORIENTED_EDGE ( 'NONE', *, *, #2411, .F. ) ;
#148 = EDGE_LOOP ( 'NONE', ( #2563, #1147, #369, #2559 ) ) ;
#149 = CIRCLE ( 'NONE', #524, 0.09842519685039360922 ) ;
#150 = CARTESIAN_POINT ( 'NONE',  ( 1.104165762672697948, 1.561096847681635591, -1.517716535433071057 ) ) ;
#151 = DIRECTION ( 'NONE',  ( 0.000000000000000000, -1.000000000000000000, 0.000000000000000000 ) ) ;
#152 = COORDINATED_UNIVERSAL_TIME_OFFSET ( 3, 0, .AHEAD. ) ;
#153 = ORIENTED_EDGE ( 'NONE', *, *, #1428, .T. ) ;
#154 = AXIS2_PLACEMENT_3D ( 'NONE', #2315, #1204, #358 ) ;
#155 = LINE ( 'NONE', #1438, #1432 ) ;
#156 = VECTOR ( 'NONE', #71, 39.37007874015748854 ) ;
#157 = LOCAL_TIME ( 23, 2, 26.00000000000000000, #1130 ) ;
#158 = AXIS2_PLACEMENT_3D ( 'NONE', #2123, #1023, #1248 ) ;
#159 = ORIENTED_EDGE ( 'NONE', *, *, #1284, .F. ) ;
#160 = LINE ( 'NONE', #802, #2778 ) ;
#161 = APPROVAL ( #266, 'UNSPECIFIED' ) ;
#162 = VECTOR ( 'NONE', #1954, 39.37007874015748854 ) ;
#163 = EDGE_CURVE ( 'NONE', #253, #544, #958, .T. ) ;
#164 = FACE_BOUND ( 'NONE', #317, .T. ) ;
#165 = LINE ( 'NONE', #614, #863 ) ;
#166 = DIRECTION ( 'NONE',  ( -0.000000000000000000, -0.000000000000000000, -1.000000000000000000 ) ) ;
#167 = EDGE_CURVE ( 'NONE', #2234, #2052, #230, .T. ) ;
#168 = ORIENTED_EDGE ( 'NONE', *, *, #2735, .F. ) ;
#169 = CARTESIAN_POINT ( 'NONE',  ( -0.2362204724409449619, 0.000000000000000000, 0.03047633456343861250 ) ) ;
#170 = DIRECTION ( 'NONE',  ( 0.000000000000000000, -0.6448164730179153370, 0.7643374360351167240 ) ) ;
#171 = ORIENTED_EDGE ( 'NONE', *, *, #1641, .T. ) ;
#172 = CARTESIAN_POINT ( 'NONE',  ( 0.1968503937007873850, 0.05586614173228360986, 0.6033503503114702182 ) ) ;
#173 = DIRECTION ( 'NONE',  ( 0.000000000000000000, -1.000000000000000000, 0.000000000000000000 ) ) ;
#174 = CARTESIAN_POINT ( 'NONE',  ( -0.2362204724409449619, 0.1062992125984252023, 0.03047633456343861250 ) ) ;
#175 = APPLICATION_CONTEXT ( 'configuration controlled 3d designs of mechanical parts and assemblies' ) ;
#176 = CARTESIAN_POINT ( 'NONE',  ( -0.4724409448818898127, 0.2637795275590551491, 0.0009487755083205095001 ) ) ;
#177 = DIRECTION ( 'NONE',  ( 1.000000000000000000, 0.000000000000000000, 1.372819052411043571E-15 ) ) ;
#178 = CARTESIAN_POINT ( 'NONE',  ( 2.922440944881889546, 1.041505205734035044, -1.067093704020227962 ) ) ;
#179 = EDGE_CURVE ( 'NONE', #1423, #2106, #962, .T. ) ;
#180 = EDGE_CURVE ( 'NONE', #1860, #2246, #1146, .T. ) ;
#181 = VERTEX_POINT ( 'NONE', #2283 ) ;
#182 = CARTESIAN_POINT ( 'NONE',  ( 0.5110393463127658187, 1.578629296516351976, -0.8845692977711029359 ) ) ;
#183 = ORIENTED_EDGE ( 'NONE', *, *, #1092, .T. ) ;
#184 = CARTESIAN_POINT ( 'NONE',  ( 0.1771653543307085965, 0.000000000000000000, 0.5147283030673757143 ) ) ;
#185 = VERTEX_POINT ( 'NONE', #2001 ) ;
#186 = PLANE ( 'NONE',  #2155 ) ;
#187 = FACE_BOUND ( 'NONE', #1343, .T. ) ;
#188 = CARTESIAN_POINT ( 'NONE',  ( 0.7479948832457939956, 0.6413751954943660571, -1.714566929133858331 ) ) ;
#189 = ORIENTED_EDGE ( 'NONE', *, *, #1386, .F. ) ;
#190 = ORIENTED_EDGE ( 'NONE', *, *, #1125, .T. ) ;
#191 = DIRECTION ( 'NONE',  ( 0.000000000000000000, -0.6448164730179144488, 0.7643374360351175012 ) ) ;
#192 = AXIS2_PLACEMENT_3D ( 'NONE', #2621, #399, #191 ) ;
#193 = EDGE_CURVE ( 'NONE', #233, #2744, #727, .T. ) ;
#194 = EDGE_LOOP ( 'NONE', ( #1982, #1210, #168, #147 ) ) ;
#195 = FACE_OUTER_BOUND ( 'NONE', #1078, .T. ) ;
#196 = APPROVAL_DATE_TIME ( #2448, #2661 ) ;
#197 = ORIENTED_EDGE ( 'NONE', *, *, #1159, .F. ) ;
#198 = AXIS2_PLACEMENT_3D ( 'NONE', #1175, #2672, #2070 ) ;
#199 = FACE_OUTER_BOUND ( 'NONE', #1953, .T. ) ;
#200 = CC_DESIGN_APPROVAL ( #625, ( #240 ) ) ;
#201 = CARTESIAN_POINT ( 'NONE',  ( 1.741338582677165014, 0.9780390174448710949, -0.9918636414183470418 ) ) ;
#202 = CIRCLE ( 'NONE', #2300, 0.1377952755905515192 ) ;
#203 = CARTESIAN_POINT ( 'NONE',  ( -0.1771653543307086243, -0.03940944881889763690, 0.5344133424374544195 ) ) ;
#204 = ORIENTED_EDGE ( 'NONE', *, *, #2501, .T. ) ;
#205 = AXIS2_PLACEMENT_3D ( 'NONE', #1841, #933, #1153 ) ;
#206 = VERTEX_POINT ( 'NONE', #2759 ) ;
#207 = AXIS2_PLACEMENT_3D ( 'NONE', #93, #990, #940 ) ;
#208 = EDGE_LOOP ( 'NONE', ( #296, #2308, #971, #500 ) ) ;
#209 = VECTOR ( 'NONE', #793, 39.37007874015748143 ) ;
#210 = CARTESIAN_POINT ( 'NONE',  ( -0.4724409448818898127, 0.2637795275590551491, 0.03047633456343861250 ) ) ;
#211 = PERSON_AND_ORGANIZATION ( #866, #2112 ) ;
#212 = ORIENTED_EDGE ( 'NONE', *, *, #2790, .F. ) ;
#213 = EDGE_CURVE ( 'NONE', #2719, #1758, #1392, .T. ) ;
#214 = VECTOR ( 'NONE', #1578, 39.37007874015748854 ) ;
#215 = DIRECTION ( 'NONE',  ( 0.000000000000000000, 0.000000000000000000, -1.000000000000000000 ) ) ;
#216 = CARTESIAN_POINT ( 'NONE',  ( 1.347637795275590245, 0.05042511887492662909, -1.774424712221095435 ) ) ;
#217 = FACE_OUTER_BOUND ( 'NONE', #73, .T. ) ;
#218 = CARTESIAN_POINT ( 'NONE',  ( 2.135039370078739562, 0.8891863538400399669, -0.8865415537757125319 ) ) ;
#219 = CYLINDRICAL_SURFACE ( 'NONE', #2163, 0.09842519685039344268 ) ;
#220 = ORIENTED_EDGE ( 'NONE', *, *, #1769, .F. ) ;
#221 = ORIENTED_EDGE ( 'NONE', *, *, #2772, .T. ) ;
#222 = LINE ( 'NONE', #2876, #664 ) ;
#223 = CALENDAR_DATE ( 2026, 10, 9 ) ;
#224 = EDGE_LOOP ( 'NONE', ( #318, #1039, #1666, #1404, #2801, #912, #794, #1562, #28, #1760 ) ) ;
#225 = CARTESIAN_POINT ( 'NONE',  ( 2.135039370078739562, 1.059497758854374139, -0.9231427651982520022 ) ) ;
#226 = CARTESIAN_POINT ( 'NONE',  ( 0.1771653543307084855, 0.1739763779527559173, 0.03047633456343864719 ) ) ;
#227 = ADVANCED_FACE ( 'NONE', ( #888 ), #281, .F. ) ;
#228 = ADVANCED_FACE ( 'NONE', ( #66, #1629 ), #2522, .T. ) ;
#229 = DIRECTION ( 'NONE',  ( -0.000000000000000000, 1.000000000000000000, -0.000000000000000000 ) ) ;
#230 = LINE ( 'NONE', #297, #1517 ) ;
#231 = DIRECTION ( 'NONE',  ( -0.000000000000000000, 0.7643374360351171681, 0.6448164730179148929 ) ) ;
#232 = ORIENTED_EDGE ( 'NONE', *, *, #2790, .T. ) ;
#233 = VERTEX_POINT ( 'NONE', #976 ) ;
#234 = CARTESIAN_POINT ( 'NONE',  ( 0.2362204724409448231, 0.000000000000000000, 0.5737834211776119409 ) ) ;
#235 = CARTESIAN_POINT ( 'NONE',  ( 0.3051181102362204300, 0.1062992125984252023, 0.6820511377130451525 ) ) ;
#236 = ORIENTED_EDGE ( 'NONE', *, *, #2391, .F. ) ;
#237 = CARTESIAN_POINT ( 'NONE',  ( 3.496423509792807138, -3.937007874074322541E-05, -1.397348435270059586 ) ) ;
#238 = CARTESIAN_POINT ( 'NONE',  ( 3.279527559055117614, 0.3988188976377952666, -1.714566929133858331 ) ) ;
#239 = CARTESIAN_POINT ( 'NONE',  ( 1.589644693716001811, 1.483025005964564880, -1.517716535433071057 ) ) ;
#240 = PRODUCT_DEFINITION ( 'UNKNOWN', '', #576, #1995 ) ;
#241 = DIRECTION ( 'NONE',  ( 0.000000000000000000, -0.6448164730179147819, 0.7643374360351171681 ) ) ;
#242 = EDGE_CURVE ( 'NONE', #1250, #2737, #1405, .T. ) ;
#243 = CIRCLE ( 'NONE', #853, 0.1377952755905515192 ) ;
#244 = AXIS2_PLACEMENT_3D ( 'NONE', #2543, #2761, #343 ) ;
#245 = EDGE_LOOP ( 'NONE', ( #838, #144, #2782, #1608, #1491 ) ) ;
#246 = EDGE_CURVE ( 'NONE', #1978, #2119, #879, .T. ) ;
#247 = ADVANCED_FACE ( 'NONE', ( #786 ), #371, .F. ) ;
#248 = VECTOR ( 'NONE', #2320, 39.37007874015748143 ) ;
#249 = ORIENTED_EDGE ( 'NONE', *, *, #588, .F. ) ;
#250 = CARTESIAN_POINT ( 'NONE',  ( 0.7736552303646722084, 0.000000000000000000, -1.397348435270060252 ) ) ;
#251 = CARTESIAN_POINT ( 'NONE',  ( 3.165912977484781621, 1.561096847681635591, -1.517716535433071057 ) ) ;
#252 = PERSON_AND_ORGANIZATION_ROLE ( 'design_owner' ) ;
#253 = VERTEX_POINT ( 'NONE', #1908 ) ;
#254 = FACE_OUTER_BOUND ( 'NONE', #2100, .T. ) ;
#255 = CARTESIAN_POINT ( 'NONE',  ( 2.922440944881889546, 0.05042511887492662909, -1.774424712221095435 ) ) ;
#256 = DIRECTION ( 'NONE',  ( 1.000000000000000000, 0.000000000000000000, 0.000000000000000000 ) ) ;
#257 = EDGE_LOOP ( 'NONE', ( #1354, #2210, #1576, #423 ) ) ;
#258 = LINE ( 'NONE', #2526, #1322 ) ;
#259 = ORIENTED_EDGE ( 'NONE', *, *, #517, .F. ) ;
#260 = VECTOR ( 'NONE', #817, 39.37007874015748143 ) ;
#261 = EDGE_CURVE ( 'NONE', #1636, #279, #2743, .T. ) ;
#262 = EDGE_CURVE ( 'NONE', #2687, #2537, #1939, .T. ) ;
#263 = ORIENTED_EDGE ( 'NONE', *, *, #2126, .F. ) ;
#264 = DIRECTION ( 'NONE',  ( 0.000000000000000000, 0.7643374360351172792, 0.6448164730179148929 ) ) ;
#265 = FACE_OUTER_BOUND ( 'NONE', #148, .T. ) ;
#266 = APPROVAL_STATUS ( 'not_yet_approved' ) ;
#267 = ORIENTED_EDGE ( 'NONE', *, *, #2806, .T. ) ;
#268 = CARTESIAN_POINT ( 'NONE',  ( 0.3051181102362204300, -0.03937007874015747977, 0.03047633456343861250 ) ) ;
#269 = LINE ( 'NONE', #918, #666 ) ;
#270 = CARTESIAN_POINT ( 'NONE',  ( 2.528740157480314998, 1.066891681049702223, -1.097185729060981441 ) ) ;
#271 = CARTESIAN_POINT ( 'NONE',  ( -0.1771653543307087630, -0.03937007874015747977, 0.4989802715713126946 ) ) ;
#272 = ORIENTED_EDGE ( 'NONE', *, *, #422, .F. ) ;
#273 = ORIENTED_EDGE ( 'NONE', *, *, #1290, .F. ) ;
#274 = DIRECTION ( 'NONE',  ( 0.000000000000000000, -0.6448164730179152260, 0.7643374360351168351 ) ) ;
#275 = CARTESIAN_POINT ( 'NONE',  ( -0.1771653543307086520, 0.05586614173228346414, 0.0009487755083205024528 ) ) ;
#276 = APPROVAL_ROLE ( '' ) ;
#277 = EDGE_CURVE ( 'NONE', #1127, #1642, #1251, .T. ) ;
#278 = EDGE_CURVE ( 'NONE', #2368, #935, #1671, .T. ) ;
#279 = VERTEX_POINT ( 'NONE', #2583 ) ;
#280 = VECTOR ( 'NONE', #567, 39.37007874015748143 ) ;
#281 = PLANE ( 'NONE',  #823 ) ;
#282 = CARTESIAN_POINT ( 'NONE',  ( 2.528740157480314998, 1.059497758854374139, -0.9231427651982520022 ) ) ;
#283 = PLANE ( 'NONE',  #1508 ) ;
#284 = DIRECTION ( 'NONE',  ( 2.081668171172166620E-14, 0.000000000000000000, 1.000000000000000000 ) ) ;
#285 = DIRECTION ( 'NONE',  ( -0.000000000000000000, 0.000000000000000000, 1.000000000000000000 ) ) ;
#286 = VECTOR ( 'NONE', #2702, 39.37007874015748143 ) ;
#287 = VERTEX_POINT ( 'NONE', #581 ) ;
#288 = AXIS2_PLACEMENT_3D ( 'NONE', #613, #1736, #1500 ) ;
#289 = CC_DESIGN_APPROVAL ( #69, ( #2718 ) ) ;
#290 = AXIS2_PLACEMENT_3D ( 'NONE', #82, #541, #964 ) ;
#291 = VERTEX_POINT ( 'NONE', #1010 ) ;
#292 = DIRECTION ( 'NONE',  ( -0.000000000000000000, -0.000000000000000000, 1.000000000000000000 ) ) ;
#293 = DIRECTION ( 'NONE',  ( 0.000000000000000000, -0.6448164730179147819, 0.7643374360351171681 ) ) ;
#294 = PERSON_AND_ORGANIZATION ( #866, #2112 ) ;
#295 = AXIS2_PLACEMENT_3D ( 'NONE', #2394, #2880, #1336 ) ;
#296 = ORIENTED_EDGE ( 'NONE', *, *, #1285, .T. ) ;
#297 = CARTESIAN_POINT ( 'NONE',  ( 2.921077407484010457, 0.5724799364163474236, -0.3458529947253053960 ) ) ;
#298 = DIRECTION ( 'NONE',  ( 0.000000000000000000, 1.000000000000000000, 0.000000000000000000 ) ) ;
#299 = FACE_OUTER_BOUND ( 'NONE', #451, .T. ) ;
#300 = DIRECTION ( 'NONE',  ( 0.7071067811865514585, 0.7071067811865435759, -0.000000000000000000 ) ) ;
#301 = EDGE_CURVE ( 'NONE', #2549, #1847, #2830, .T. ) ;
#302 = AXIS2_PLACEMENT_3D ( 'NONE', #2438, #80, #2509 ) ;
#303 = CARTESIAN_POINT ( 'NONE',  ( 3.929012681870184043, 0.4467771680663866207, -0.1968503937007868854 ) ) ;
#304 = ORIENTED_EDGE ( 'NONE', *, *, #1106, .T. ) ;
#305 = PRODUCT ( 'ledholder', 'ledholder', '', ( #2251 ) ) ;
#306 = ORIENTED_EDGE ( 'NONE', *, *, #1385, .T. ) ;
#307 = CARTESIAN_POINT ( 'NONE',  ( -0.2362204724409449619, 0.000000000000000000, 0.5737834211776119409 ) ) ;
#308 = CARTESIAN_POINT ( 'NONE',  ( 2.528740157480314998, 0.05042511887492662909, -1.774424712221095435 ) ) ;
#309 = PERSON_AND_ORGANIZATION_ROLE ( 'design_supplier' ) ;
#310 = VERTEX_POINT ( 'NONE', #1703 ) ;
#311 = DIRECTION ( 'NONE',  ( -1.000000000000000000, 0.000000000000000000, 0.000000000000000000 ) ) ;
#312 = CARTESIAN_POINT ( 'NONE',  ( 1.347637795275590245, 0.1138913071640913627, -1.849654774822976799 ) ) ;
#313 = DIRECTION ( 'NONE',  ( 0.3781756992950819907, 0.6545926750516938286, 0.6545926750517020443 ) ) ;
#314 = CARTESIAN_POINT ( 'NONE',  ( -0.1968503937007874682, -0.03937007874015747977, 0.4989802715713128611 ) ) ;
#315 = EDGE_CURVE ( 'NONE', #45, #1021, #501, .T. ) ;
#316 = ADVANCED_FACE ( 'NONE', ( #2568 ), #1468, .F. ) ;
#317 = EDGE_LOOP ( 'NONE', ( #92, #189 ) ) ;
#318 = ORIENTED_EDGE ( 'NONE', *, *, #2358, .F. ) ;
#319 = CARTESIAN_POINT ( 'NONE',  ( 0.1137257383584802384, 0.000000000000000000, -0.1968503937007875515 ) ) ;
#320 = CARTESIAN_POINT ( 'NONE',  ( 2.921077407484010457, 0.8191866474202693649, -0.4982856696523390583 ) ) ;
#321 = CALENDAR_DATE ( 2026, 10, 9 ) ;
#322 = ORIENTED_EDGE ( 'NONE', *, *, #163, .T. ) ;
#323 = CARTESIAN_POINT ( 'NONE',  ( 2.528740157480314998, 0.1138913071640913627, -1.849654774822976799 ) ) ;
#324 = DIRECTION ( 'NONE',  ( 0.000000000000000000, 0.000000000000000000, -1.000000000000000000 ) ) ;
#325 = VERTEX_POINT ( 'NONE', #595 ) ;
#326 = CARTESIAN_POINT ( 'NONE',  ( -0.1771653543307086798, 0.1542913385826771844, 0.0009487755083205024528 ) ) ;
#327 = DIRECTION ( 'NONE',  ( -0.000000000000000000, -1.000000000000000000, -0.000000000000000000 ) ) ;
#328 = EDGE_CURVE ( 'NONE', #1303, #2041, #1038, .T. ) ;
#329 = EDGE_CURVE ( 'NONE', #1991, #1648, #1920, .T. ) ;
#330 = EDGE_LOOP ( 'NONE', ( #2417, #985, #1419, #107 ) ) ;
#331 = ADVANCED_BREP_SHAPE_REPRESENTATION ( '', ( #2116, #526 ), #1879 ) ;
#332 = AXIS2_PLACEMENT_3D ( 'NONE', #2803, #2222, #661 ) ;
#333 = EDGE_CURVE ( 'NONE', #287, #1785, #2844, .T. ) ;
#334 = EDGE_LOOP ( 'NONE', ( #1911, #2508 ) ) ;
#335 = DIRECTION ( 'NONE',  ( 0.000000000000000000, 0.000000000000000000, 1.000000000000000000 ) ) ;
#336 = CARTESIAN_POINT ( 'NONE',  ( 1.741338582677165014, 0.8891863538400399669, -0.8865415537757125319 ) ) ;
#337 = APPROVAL_PERSON_ORGANIZATION ( #2063, #1228, #276 ) ;
#338 = PERSON_AND_ORGANIZATION ( #866, #2112 ) ;
#339 = CIRCLE ( 'NONE', #1974, 0.1377952755905515192 ) ;
#340 = EDGE_LOOP ( 'NONE', ( #470, #736, #2891, #2121, #2177 ) ) ;
#341 = DIRECTION ( 'NONE',  ( 1.000000000000000000, -1.586395497006682652E-16, 0.000000000000000000 ) ) ;
#342 = DIRECTION ( 'NONE',  ( 1.000000000000000000, 0.000000000000000000, 0.000000000000000000 ) ) ;
#343 = DIRECTION ( 'NONE',  ( 0.000000000000000000, 0.000000000000000000, 1.000000000000000000 ) ) ;
#344 = CIRCLE ( 'NONE', #2355, 0.09842519685039351207 ) ;
#345 = ORIENTED_EDGE ( 'NONE', *, *, #1999, .T. ) ;
#346 = CARTESIAN_POINT ( 'NONE',  ( 1.274015748031495754, 0.000000000000000000, -1.517716535433071057 ) ) ;
#347 = FACE_OUTER_BOUND ( 'NONE', #79, .T. ) ;
#348 = EDGE_LOOP ( 'NONE', ( #1002, #1509, #1305, #1591 ) ) ;
#349 = CIRCLE ( 'NONE', #1527, 0.09842519685039351207 ) ;
#350 = ORIENTED_EDGE ( 'NONE', *, *, #2897, .F. ) ;
#351 = DIRECTION ( 'NONE',  ( 1.000000000000000000, 0.000000000000000000, 0.000000000000000000 ) ) ;
#352 = CARTESIAN_POINT ( 'NONE',  ( 2.528740157480314998, 0.9780390174448710949, -0.9918636414183470418 ) ) ;
#353 = VECTOR ( 'NONE', #2850, 39.37007874015748143 ) ;
#354 = EDGE_CURVE ( 'NONE', #1636, #2575, #2140, .T. ) ;
#355 = EDGE_CURVE ( 'NONE', #310, #1127, #1281, .T. ) ;
#356 = ORIENTED_EDGE ( 'NONE', *, *, #2479, .T. ) ;
#357 = DIRECTION ( 'NONE',  ( -0.000000000000000000, 1.000000000000000000, -0.000000000000000000 ) ) ;
#358 = DIRECTION ( 'NONE',  ( 0.000000000000000000, 0.000000000000000000, 1.000000000000000000 ) ) ;
#359 = ORIENTED_EDGE ( 'NONE', *, *, #1253, .F. ) ;
#360 = FACE_BOUND ( 'NONE', #477, .T. ) ;
#361 = VECTOR ( 'NONE', #357, 39.37007874015748143 ) ;
#362 = DIRECTION ( 'NONE',  ( 0.000000000000000000, 0.7643374360351172792, 0.6448164730179148929 ) ) ;
#363 = ORIENTED_EDGE ( 'NONE', *, *, #1694, .F. ) ;
#364 = VECTOR ( 'NONE', #351, 39.37007874015748143 ) ;
#365 = VERTEX_POINT ( 'NONE', #2375 ) ;
#366 = CARTESIAN_POINT ( 'NONE',  ( 2.602362204724409711, 1.561096847681635369, -1.714566929133858331 ) ) ;
#367 = FACE_OUTER_BOUND ( 'NONE', #2517, .T. ) ;
#368 = DATE_TIME_ROLE ( 'classification_date' ) ;
#369 = ORIENTED_EDGE ( 'NONE', *, *, #2572, .F. ) ;
#370 = CC_DESIGN_PERSON_AND_ORGANIZATION_ASSIGNMENT ( #2609, #2566, ( #1649 ) ) ;
#371 = PLANE ( 'NONE',  #1151 ) ;
#372 = EDGE_CURVE ( 'NONE', #1847, #2793, #2169, .T. ) ;
#373 = DIRECTION ( 'NONE',  ( 0.000000000000000000, -0.000000000000000000, -1.000000000000000000 ) ) ;
#374 = ORIENTED_EDGE ( 'NONE', *, *, #2126, .T. ) ;
#375 = DIRECTION ( 'NONE',  ( 1.000000000000000000, 0.000000000000000000, 1.355252715606879464E-17 ) ) ;
#376 = CARTESIAN_POINT ( 'NONE',  ( 2.528740157480314998, 0.9780390174448710949, -0.9918636414183470418 ) ) ;
#377 = DIRECTION ( 'NONE',  ( 0.000000000000000000, -0.6448164730179144488, 0.7643374360351175012 ) ) ;
#378 = LINE ( 'NONE', #2822, #1757 ) ;
#379 = PRODUCT_DEFINITION_SHAPE ( 'NONE', 'NONE',  #2900 ) ;
#380 = VERTEX_POINT ( 'NONE', #2128 ) ;
#381 = FACE_OUTER_BOUND ( 'NONE', #819, .T. ) ;
#382 = CARTESIAN_POINT ( 'NONE',  ( 3.462793168828095070, 0.000000000000000000, -1.397348435270059586 ) ) ;
#383 = APPROVAL_ROLE ( '' ) ;
#384 = EDGE_LOOP ( 'NONE', ( #197, #1831 ) ) ;
#385 = DIRECTION ( 'NONE',  ( 0.000000000000000000, 0.7643374360351172792, 0.6448164730179148929 ) ) ;
#386 = DIRECTION ( 'NONE',  ( -1.000000000000000000, -6.505213034913026604E-19, 2.775557561562891351E-17 ) ) ;
#387 = AXIS2_PLACEMENT_3D ( 'NONE', #201, #2848, #1515 ) ;
#388 = CC_DESIGN_SECURITY_CLASSIFICATION ( #1551, ( #1649 ) ) ;
#389 = VECTOR ( 'NONE', #706, 39.37007874015748143 ) ;
#390 = ORIENTED_EDGE ( 'NONE', *, *, #262, .F. ) ;
#391 = LINE ( 'NONE', #2380, #436 ) ;
#392 = AXIS2_PLACEMENT_3D ( 'NONE', #308, #547, #811 ) ;
#393 = CYLINDRICAL_SURFACE ( 'NONE', #1549, 0.09842519685039344268 ) ;
#394 = EDGE_CURVE ( 'NONE', #185, #485, #155, .T. ) ;
#395 = EDGE_CURVE ( 'NONE', #989, #1095, #2328, .T. ) ;
#396 = CARTESIAN_POINT ( 'NONE',  ( -0.4724409448818898127, 0.2637795275590551491, 0.0009487755083205095001 ) ) ;
#397 = VERTEX_POINT ( 'NONE', #1216 ) ;
#398 = ORIENTED_EDGE ( 'NONE', *, *, #2610, .T. ) ;
#399 = DIRECTION ( 'NONE',  ( 0.000000000000000000, 0.7643374360351172792, 0.6448164730179148929 ) ) ;
#400 = ORIENTED_EDGE ( 'NONE', *, *, #167, .T. ) ;
#401 = CARTESIAN_POINT ( 'NONE',  ( 0.1968503937007873295, -0.03937007874015747977, 0.4989802715713128611 ) ) ;
#402 = PRODUCT_DEFINITION_SHAPE ( 'NONE', 'NONE',  #2478 ) ;
#403 = ORIENTED_EDGE ( 'NONE', *, *, #1007, .F. ) ;
#404 = FACE_OUTER_BOUND ( 'NONE', #245, .T. ) ;
#405 = FACE_BOUND ( 'NONE', #410, .T. ) ;
#406 = DIRECTION ( 'NONE',  ( 1.000000000000000000, 0.000000000000000000, -0.000000000000000000 ) ) ;
#407 = PLANE ( 'NONE',  #1013 ) ;
#408 = CC_DESIGN_PERSON_AND_ORGANIZATION_ASSIGNMENT ( #2268, #2048, ( #576 ) ) ;
#409 = ADVANCED_FACE ( 'NONE', ( #2108 ), #1027, .F. ) ;
#410 = EDGE_LOOP ( 'NONE', ( #2365, #2580 ) ) ;
#411 = DIRECTION ( 'NONE',  ( -0.000000000000000000, -1.000000000000000000, -0.000000000000000000 ) ) ;
#412 = EDGE_LOOP ( 'NONE', ( #2419, #731 ) ) ;
#413 = DIRECTION ( 'NONE',  ( 0.000000000000000000, -0.6448164730179153370, 0.7643374360351167240 ) ) ;
#414 = PERSON_AND_ORGANIZATION ( #866, #2112 ) ;
#415 = ORIENTED_EDGE ( 'NONE', *, *, #333, .F. ) ;
#416 = DIRECTION ( 'NONE',  ( -1.000000000000000000, 0.000000000000000000, -0.000000000000000000 ) ) ;
#417 = FACE_BOUND ( 'NONE', #2615, .T. ) ;
#418 = DIRECTION ( 'NONE',  ( 0.000000000000000000, -0.6448164730179144488, 0.7643374360351175012 ) ) ;
#419 = DIRECTION ( 'NONE',  ( 1.000000000000000000, 0.000000000000000000, 0.000000000000000000 ) ) ;
#420 = ORIENTED_EDGE ( 'NONE', *, *, #277, .F. ) ;
#421 = EDGE_CURVE ( 'NONE', #1570, #2368, #1980, .T. ) ;
#422 = EDGE_CURVE ( 'NONE', #689, #1978, #2431, .T. ) ;
#423 = ORIENTED_EDGE ( 'NONE', *, *, #891, .T. ) ;
#424 = DIRECTION ( 'NONE',  ( 0.000000000000000000, -0.000000000000000000, 1.000000000000000000 ) ) ;
#425 = PERSON_AND_ORGANIZATION_ROLE ( 'design_supplier' ) ;
#426 = AXIS2_PLACEMENT_3D ( 'NONE', #1747, #1552, #2667 ) ;
#427 = VERTEX_POINT ( 'NONE', #401 ) ;
#428 = CIRCLE ( 'NONE', #2397, 0.1377952755905514359 ) ;
#429 = FACE_OUTER_BOUND ( 'NONE', #2442, .T. ) ;
#430 = CC_DESIGN_APPROVAL ( #26, ( #1507 ) ) ;
#431 = CARTESIAN_POINT ( 'NONE',  ( -0.1771653543307086243, 0.000000000000000000, 0.5344133424374544195 ) ) ;
#432 = AXIS2_PLACEMENT_3D ( 'NONE', #2799, #1682, #1465 ) ;
#433 = CARTESIAN_POINT ( 'NONE',  ( 2.135039370078739562, 0.9780390174448710949, -0.9918636414183470418 ) ) ;
#434 = DIRECTION ( 'NONE',  ( -1.000000000000000000, 1.043352427625345896E-17, 8.802013361872603484E-18 ) ) ;
#435 = CYLINDRICAL_SURFACE ( 'NONE', #1094, 0.1377952755905515192 ) ;
#436 = VECTOR ( 'NONE', #1241, 39.37007874015748854 ) ;
#437 = EDGE_LOOP ( 'NONE', ( #1698, #398 ) ) ;
#438 = CONTEXT_DEPENDENT_SHAPE_REPRESENTATION ( #2317, #2387 ) ;
#439 = ORIENTED_EDGE ( 'NONE', *, *, #947, .F. ) ;
#440 = CARTESIAN_POINT ( 'NONE',  ( 2.922440944881889546, 0.9780390174448710949, -0.9918636414183470418 ) ) ;
#441 =( LENGTH_UNIT ( ) NAMED_UNIT ( * ) SI_UNIT ( $, .METRE. ) );
#442 = ADVANCED_FACE ( 'NONE', ( #2235 ), #2180, .T. ) ;
#443 = EDGE_CURVE ( 'NONE', #2190, #2368, #2684, .T. ) ;
#444 = CLOSED_SHELL ( 'NONE', ( #2013, #1896, #1713, #2541, #2101, #2557, #735, #2141, #442, #1946, #2031, #2878, #2072, #227, #1316, #2175, #841, #129, #1548, #609, #840, #2711, #1891, #2558, #2377, #2016, #86, #1719, #2189, #1093, #1462, #1780, #1621, #1139, #1516, #409, #2011, #128, #1781, #1998, #1518, #1732, #1301, #1480, #462, #2224, #2663, #1208, #552, #518, #2428, #1408 ) ) ;
#445 = ORIENTED_EDGE ( 'NONE', *, *, #2321, .T. ) ;
#446 = DIRECTION ( 'NONE',  ( 1.000000000000000000, 0.000000000000000000, -0.000000000000000000 ) ) ;
#447 = FACE_OUTER_BOUND ( 'NONE', #1730, .T. ) ;
#448 = DIRECTION ( 'NONE',  ( -1.000000000000000000, 0.000000000000000000, 0.000000000000000000 ) ) ;
#449 = LINE ( 'NONE', #218, #2211 ) ;
#450 = CARTESIAN_POINT ( 'NONE',  ( 1.347637795275590245, 0.05042511887492662909, -1.774424712221095435 ) ) ;
#451 = EDGE_LOOP ( 'NONE', ( #1046, #1856, #1270, #2093 ) ) ;
#452 = ORIENTED_EDGE ( 'NONE', *, *, #242, .F. ) ;
#453 = DIRECTION ( 'NONE',  ( -0.000000000000000000, 0.7643374360351171681, 0.6448164730179147819 ) ) ;
#454 = DIRECTION ( 'NONE',  ( 1.000000000000000000, 0.000000000000000000, 0.000000000000000000 ) ) ;
#455 = COORDINATED_UNIVERSAL_TIME_OFFSET ( 3, 0, .AHEAD. ) ;
#456 = CC_DESIGN_PERSON_AND_ORGANIZATION_ASSIGNMENT ( #1639, #1846, ( #305 ) ) ;
#457 = EDGE_CURVE ( 'NONE', #1785, #916, #662, .T. ) ;
#458 = ORIENTED_EDGE ( 'NONE', *, *, #482, .T. ) ;
#459 = DIRECTION ( 'NONE',  ( -1.000000000000000000, 0.000000000000000000, 0.000000000000000000 ) ) ;
#460 = DIRECTION ( 'NONE',  ( 0.000000000000000000, 0.000000000000000000, 1.000000000000000000 ) ) ;
#461 = DIRECTION ( 'NONE',  ( -0.7071067811865435759, 0.7071067811865514585, -0.000000000000000000 ) ) ;
#462 = ADVANCED_FACE ( 'NONE', ( #2447 ), #1306, .T. ) ;
#463 = EDGE_CURVE ( 'NONE', #2687, #2170, #222, .T. ) ;
#464 = DIRECTION ( 'NONE',  ( 0.000000000000000000, -0.6448164730179154480, 0.7643374360351166130 ) ) ;
#465 = ORIENTED_EDGE ( 'NONE', *, *, #1335, .F. ) ;
#466 = ORIENTED_EDGE ( 'NONE', *, *, #1798, .T. ) ;
#467 = DIRECTION ( 'NONE',  ( 0.000000000000000000, -0.6448164730179154480, 0.7643374360351166130 ) ) ;
#468 = CARTESIAN_POINT ( 'NONE',  ( 3.432888431106057237, 0.7501852636260092355, -0.5564971700105737495 ) ) ;
#469 = COORDINATED_UNIVERSAL_TIME_OFFSET ( 3, 0, .AHEAD. ) ;
#470 = ORIENTED_EDGE ( 'NONE', *, *, #1961, .T. ) ;
#471 = DIRECTION ( 'NONE',  ( 1.365041640558097153E-17, 0.7643374360351171681, 0.6448164730179148929 ) ) ;
#472 = PERSON ( 'NAUO-PER2', 'UNSPECIFIED', 'UNSPECIFIED', ('UNSPECIFIED'), ('UNSPECIFIED'), ('UNSPECIFIED') ) ;
#473 = CYLINDRICAL_SURFACE ( 'NONE', #198, 0.01968503937007872254 ) ;
#474 = AXIS2_PLACEMENT_3D ( 'NONE', #2409, #2892, #1348 ) ;
#475 = CARTESIAN_POINT ( 'NONE',  ( 0.9905511811023620661, 0.3988188976377952666, -1.714566929133858331 ) ) ;
#476 = VECTOR ( 'NONE', #1820, 39.37007874015748143 ) ;
#477 = EDGE_LOOP ( 'NONE', ( #267, #1679 ) ) ;
#478 = AXIS2_PLACEMENT_3D ( 'NONE', #4, #1108, #459 ) ;
#479 = CARTESIAN_POINT ( 'NONE',  ( -0.2657480314960630752, -0.03937007874015747977, 0.03047633456343871658 ) ) ;
#480 = ADVANCED_FACE ( 'NONE', ( #872 ), #678, .T. ) ;
#481 = VECTOR ( 'NONE', #1004, 39.37007874015748143 ) ;
#482 = EDGE_CURVE ( 'NONE', #98, #1860, #1332, .T. ) ;
#483 = CC_DESIGN_APPROVAL ( #2318, ( #1649 ) ) ;
#484 = VECTOR ( 'NONE', #1716, 39.37007874015748143 ) ;
#485 = VERTEX_POINT ( 'NONE', #2654 ) ;
#486 = AXIS2_PLACEMENT_3D ( 'NONE', #718, #732, #2560 ) ;
#487 = ORIENTED_EDGE ( 'NONE', *, *, #969, .F. ) ;
#488 = DIRECTION ( 'NONE',  ( -0.000000000000000000, 0.7643374360351171681, 0.6448164730179147819 ) ) ;
#489 = LINE ( 'NONE', #1185, #2401 ) ;
#490 = PERSON_AND_ORGANIZATION_ROLE ( 'creator' ) ;
#491 = VERTEX_POINT ( 'NONE', #210 ) ;
#492 = PLANE ( 'NONE',  #2631 ) ;
#493 = DIRECTION ( 'NONE',  ( 1.000000000000000000, 0.000000000000000000, 1.606225440719265874E-17 ) ) ;
#494 = CARTESIAN_POINT ( 'NONE',  ( 0.6839138960146056156, 1.279396918157247987, -1.183801676130209479 ) ) ;
#496 = VECTOR ( 'NONE', #2660, 39.37007874015748143 ) ;
#495 = DIRECTION ( 'NONE',  ( -0.000000000000000000, 1.000000000000000000, -0.000000000000000000 ) ) ;
#497 = AXIS2_PLACEMENT_3D ( 'NONE', #2090, #1887, #590 ) ;
#498 = CC_DESIGN_PERSON_AND_ORGANIZATION_ASSIGNMENT ( #1873, #1683, ( #812 ) ) ;
#499 = EDGE_CURVE ( 'NONE', #2836, #88, #2005, .T. ) ;
#500 = ORIENTED_EDGE ( 'NONE', *, *, #482, .F. ) ;
#501 = CIRCLE ( 'NONE', #874, 0.09842519685039360922 ) ;
#502 = ORIENTED_EDGE ( 'NONE', *, *, #1660, .T. ) ;
#503 = CARTESIAN_POINT ( 'NONE',  ( 3.358824524214059082, 1.279396918157245988, -1.183801676130208369 ) ) ;
#504 = CARTESIAN_POINT ( 'NONE',  ( 2.996062992125983815, -2.108899645460835607E-16, -1.517716535433071057 ) ) ;
#505 = APPROVAL_ROLE ( '' ) ;
#506 = ORIENTED_EDGE ( 'NONE', *, *, #1750, .T. ) ;
#507 = CARTESIAN_POINT ( 'NONE',  ( 3.279527559055117614, 0.3988188976377952666, -1.714566929133858331 ) ) ;
#508 = CARTESIAN_POINT ( 'NONE',  ( 2.135039370078739562, 0.9145728291557058132, -0.9166335788164651222 ) ) ;
#509 = CARTESIAN_POINT ( 'NONE',  ( 2.528740157480314998, -0.01304106941423810451, -1.699194649619214070 ) ) ;
#510 = CARTESIAN_POINT ( 'NONE',  ( 1.667716535433073632, 1.561096847681635591, -1.517716535433071057 ) ) ;
#511 = DIRECTION ( 'NONE',  ( -1.000000000000000000, 0.000000000000000000, -0.000000000000000000 ) ) ;
#512 = ORIENTED_EDGE ( 'NONE', *, *, #1427, .F. ) ;
#513 = ORIENTED_EDGE ( 'NONE', *, *, #1105, .T. ) ;
#514 = PLANE ( 'NONE',  #1922 ) ;
#515 = CARTESIAN_POINT ( 'NONE',  ( 0.2362204724409448231, 0.1062992125984252023, 0.6092164920437537212 ) ) ;
#516 = DATE_TIME_ROLE ( 'classification_date' ) ;
#517 = EDGE_CURVE ( 'NONE', #1991, #1231, #2191, .T. ) ;
#518 = ADVANCED_FACE ( 'NONE', ( #2899 ), #897, .F. ) ;
#519 = ORIENTED_EDGE ( 'NONE', *, *, #2230, .F. ) ;
#520 = DIRECTION ( 'NONE',  ( 0.000000000000000000, 1.000000000000000000, 0.000000000000000000 ) ) ;
#521 = CARTESIAN_POINT ( 'NONE',  ( 2.135039370078739562, 0.9780390174448710949, -0.9918636414183470418 ) ) ;
#522 = DIRECTION ( 'NONE',  ( 1.606225440719266182E-17, 0.000000000000000000, -1.000000000000000000 ) ) ;
#523 = DIRECTION ( 'NONE',  ( -0.000000000000000000, -0.000000000000000000, -1.000000000000000000 ) ) ;
#524 = AXIS2_PLACEMENT_3D ( 'NONE', #2310, #264, #42 ) ;
#525 = FACE_OUTER_BOUND ( 'NONE', #2796, .T. ) ;
#526 = AXIS2_PLACEMENT_3D ( 'NONE', #787, #1909, #596 ) ;
#527 = ORIENTED_EDGE ( 'NONE', *, *, #696, .T. ) ;
#528 = AXIS2_PLACEMENT_3D ( 'NONE', #1530, #2603, #1268 ) ;
#529 = CC_DESIGN_SECURITY_CLASSIFICATION ( #812, ( #2900 ) ) ;
#530 = CIRCLE ( 'NONE', #1788, 0.1377952755905515192 ) ;
#531 = ORIENTED_EDGE ( 'NONE', *, *, #2500, .F. ) ;
#532 = CARTESIAN_POINT ( 'NONE',  ( -0.1771653543307087630, -0.03937007874015747977, 0.5147283030673757143 ) ) ;
#533 = DIRECTION ( 'NONE',  ( 0.000000000000000000, -1.000000000000000000, 0.000000000000000000 ) ) ;
#534 = APPROVAL_STATUS ( 'not_yet_approved' ) ;
#535 = VECTOR ( 'NONE', #1048, 39.37007874015748143 ) ;
#536 = ORIENTED_EDGE ( 'NONE', *, *, #32, .T. ) ;
#537 = EDGE_CURVE ( 'NONE', #1991, #785, #2207, .T. ) ;
#538 = DIRECTION ( 'NONE',  ( 0.000000000000000000, -0.000000000000000000, 1.000000000000000000 ) ) ;
#539 = EDGE_CURVE ( 'NONE', #2549, #2014, #2460, .T. ) ;
#540 = DIRECTION ( 'NONE',  ( -0.000000000000000000, 0.7643374360351170571, 0.6448164730179147819 ) ) ;
#541 = DIRECTION ( 'NONE',  ( 0.000000000000000000, 0.7643374360351170571, 0.6448164730179147819 ) ) ;
#542 = DIRECTION ( 'NONE',  ( 0.000000000000000000, -0.6448164730179153370, 0.7643374360351167240 ) ) ;
#543 = CARTESIAN_POINT ( 'NONE',  ( 0.2362204724409448231, 0.000000000000000000, 0.03047633456343861250 ) ) ;
#544 = VERTEX_POINT ( 'NONE', #1344 ) ;
#545 = ORIENTED_EDGE ( 'NONE', *, *, #2302, .T. ) ;
#546 = DIRECTION ( 'NONE',  ( -1.000000000000000000, -0.000000000000000000, -0.000000000000000000 ) ) ;
#547 = DIRECTION ( 'NONE',  ( -0.000000000000000000, 0.7643374360351171681, 0.6448164730179148929 ) ) ;
#548 = ORIENTED_EDGE ( 'NONE', *, *, #856, .T. ) ;
#549 = CARTESIAN_POINT ( 'NONE',  ( 0.1771653543307084577, -0.03940944881889763690, 0.5344133424374544195 ) ) ;
#550 = PLANE ( 'NONE',  #1460 ) ;
#551 = CC_DESIGN_DATE_AND_TIME_ASSIGNMENT ( #2373, #368, ( #812 ) ) ;
#552 = ADVANCED_FACE ( 'NONE', ( #195 ), #1091, .F. ) ;
#553 = ORIENTED_EDGE ( 'NONE', *, *, #1494, .T. ) ;
#554 = DIRECTION ( 'NONE',  ( 0.000000000000000000, -0.6448164730179152260, 0.7643374360351168351 ) ) ;
#555 = EDGE_CURVE ( 'NONE', #1521, #491, #2889, .T. ) ;
#556 = DIRECTION ( 'NONE',  ( 0.000000000000000000, -0.6448164730179147819, 0.7643374360351171681 ) ) ;
#557 = ORIENTED_EDGE ( 'NONE', *, *, #1230, .F. ) ;
#558 = VERTEX_POINT ( 'NONE', #1812 ) ;
#559 = LINE ( 'NONE', #1904, #2664 ) ;
#560 = FACE_OUTER_BOUND ( 'NONE', #594, .T. ) ;
#561 = DATE_AND_TIME ( #2552, #1973 ) ;
#562 = ORIENTED_EDGE ( 'NONE', *, *, #1159, .T. ) ;
#563 = DIRECTION ( 'NONE',  ( -1.000000000000000000, -0.000000000000000000, -0.000000000000000000 ) ) ;
#564 = DIRECTION ( 'NONE',  ( -1.000000000000000000, 0.000000000000000000, 0.000000000000000000 ) ) ;
#565 = ORIENTED_EDGE ( 'NONE', *, *, #32, .F. ) ;
#566 = DIRECTION ( 'NONE',  ( 1.000000000000000000, -0.000000000000000000, -0.000000000000000000 ) ) ;
#567 = DIRECTION ( 'NONE',  ( -1.000000000000000000, -0.000000000000000000, -0.000000000000000000 ) ) ;
#568 = ORIENTED_EDGE ( 'NONE', *, *, #1658, .F. ) ;
#569 = EDGE_CURVE ( 'NONE', #870, #2836, #2342, .T. ) ;
#570 = EDGE_CURVE ( 'NONE', #1021, #45, #149, .T. ) ;
#571 = CIRCLE ( 'NONE', #1827, 0.1377952755905514359 ) ;
#572 = VECTOR ( 'NONE', #523, 39.37007874015748143 ) ;
#573 = ORIENTED_EDGE ( 'NONE', *, *, #1733, .T. ) ;
#574 = LINE ( 'NONE', #1464, #364 ) ;
#575 = LINE ( 'NONE', #336, #814 ) ;
#576 = PRODUCT_DEFINITION_FORMATION_WITH_SPECIFIED_SOURCE ( 'ANY', '', #1019, .NOT_KNOWN. ) ;
#577 = APPROVAL_ROLE ( '' ) ;
#578 = VECTOR ( 'NONE', #454, 39.37007874015748143 ) ;
#579 = ORIENTED_EDGE ( 'NONE', *, *, #539, .F. ) ;
#580 = VECTOR ( 'NONE', #2820, 39.37007874015748143 ) ;
#581 = CARTESIAN_POINT ( 'NONE',  ( 0.1771653543307084577, -0.03937007874015747977, 0.5344133424374544195 ) ) ;
#582 = LENGTH_MEASURE_WITH_UNIT ( LENGTH_MEASURE( 0.02539999999999999897 ), #1264 );
#583 = EDGE_LOOP ( 'NONE', ( #236, #232, #1076, #1064 ) ) ;
#584 = FACE_OUTER_BOUND ( 'NONE', #2594, .T. ) ;
#585 = CARTESIAN_POINT ( 'NONE',  ( 2.528740157480314998, 1.191965330937798440, -0.9401613274418981758 ) ) ;
#586 = VERTEX_POINT ( 'NONE', #751 ) ;
#587 = CC_DESIGN_PERSON_AND_ORGANIZATION_ASSIGNMENT ( #2192, #680, ( #2853 ) ) ;
#588 = EDGE_CURVE ( 'NONE', #1528, #233, #1823, .T. ) ;
#589 = ORIENTED_EDGE ( 'NONE', *, *, #627, .F. ) ;
#590 = DIRECTION ( 'NONE',  ( 0.000000000000000000, -0.6448164730179152260, 0.7643374360351168351 ) ) ;
#591 = CARTESIAN_POINT ( 'NONE',  ( 2.135039370078739562, 1.191965330937798440, -0.9401613274418981758 ) ) ;
#592 = PERSON_AND_ORGANIZATION_ROLE ( 'creator' ) ;
#593 = AXIS2_PLACEMENT_3D ( 'NONE', #1871, #2767, #1655 ) ;
#594 = EDGE_LOOP ( 'NONE', ( #2006, #654, #1564, #2288 ) ) ;
#595 = CARTESIAN_POINT ( 'NONE',  ( 0.4724409448818898127, 0.2637795275590551491, 0.0009487755083205095001 ) ) ;
#596 = DIRECTION ( 'NONE',  ( 1.000000000000000000, 0.000000000000000000, 0.000000000000000000 ) ) ;
#597 = ORIENTED_EDGE ( 'NONE', *, *, #1008, .F. ) ;
#598 = DIRECTION ( 'NONE',  ( -0.000000000000000000, -0.000000000000000000, -1.000000000000000000 ) ) ;
#599 = FACE_OUTER_BOUND ( 'NONE', #1653, .T. ) ;
#600 = LINE ( 'NONE', #821, #280 ) ;
#601 = ORIENTED_EDGE ( 'NONE', *, *, #1124, .F. ) ;
#602 = VERTEX_POINT ( 'NONE', #955 ) ;
#603 = CARTESIAN_POINT ( 'NONE',  ( 2.996062992125983815, -2.108899645460835607E-16, -1.714566929133858331 ) ) ;
#604 = LINE ( 'NONE', #1490, #1510 ) ;
#605 = COORDINATED_UNIVERSAL_TIME_OFFSET ( 3, 0, .AHEAD. ) ;
#606 = EDGE_LOOP ( 'NONE', ( #1583, #2138, #815, #356, #1288, #2484, #1449, #1536, #1475 ) ) ;
#607 = CARTESIAN_POINT ( 'NONE',  ( 2.921077407484010457, 0.7501852636260092355, -0.5564971700105737495 ) ) ;
#608 = CARTESIAN_POINT ( 'NONE',  ( 28.51423845553123471, 34.69868242775516620, 51.80306535871322637 ) ) ;
#609 = ADVANCED_FACE ( 'NONE', ( #2739 ), #514, .F. ) ;
#610 = EDGE_CURVE ( 'NONE', #325, #2669, #2046, .T. ) ;
#611 = EDGE_LOOP ( 'NONE', ( #1018, #1796, #2860, #553 ) ) ;
#612 = DIRECTION ( 'NONE',  ( -0.000000000000000000, 0.6448164730179146709, -0.7643374360351171681 ) ) ;
#613 = CARTESIAN_POINT ( 'NONE',  ( 0.000000000000000000, 1.845275590551181288, -1.714566929133865658 ) ) ;
#614 = CARTESIAN_POINT ( 'NONE',  ( 0.000000000000000000, 0.000000000000000000, 0.000000000000000000 ) ) ;
#615 = LINE ( 'NONE', #1257, #1613 ) ;
#616 = ORIENTED_EDGE ( 'NONE', *, *, #167, .F. ) ;
#617 = CARTESIAN_POINT ( 'NONE',  ( 2.922440944881889546, 0.8891863538400399669, -0.8865415537757125319 ) ) ;
#618 = ORIENTED_EDGE ( 'NONE', *, *, #1171, .F. ) ;
#619 = AXIS2_PLACEMENT_3D ( 'NONE', #1752, #1985, #2671 ) ;
#620 = APPLICATION_CONTEXT ( 'configuration controlled 3d designs of mechanical parts and assemblies' ) ;
#621 = CARTESIAN_POINT ( 'NONE',  ( 0.000000000000000000, 0.1062992125984252023, 0.000000000000000000 ) ) ;
#622 = CALENDAR_DATE ( 2026, 10, 9 ) ;
#623 = VECTOR ( 'NONE', #2228, 39.37007874015748854 ) ;
#624 = CC_DESIGN_SECURITY_CLASSIFICATION ( #667, ( #576 ) ) ;
#625 = APPROVAL ( #1814, 'UNSPECIFIED' ) ;
#626 = VECTOR ( 'NONE', #1394, 39.37007874015748854 ) ;
#627 = EDGE_CURVE ( 'NONE', #544, #253, #1779, .T. ) ;
#628 = VERTEX_POINT ( 'NONE', #1610 ) ;
#629 = LINE ( 'NONE', #1484, #2115 ) ;
#630 = VECTOR ( 'NONE', #2440, 39.37007874015748143 ) ;
#631 = CYLINDRICAL_SURFACE ( 'NONE', #387, 0.1377952755905515192 ) ;
#632 = CARTESIAN_POINT ( 'NONE',  ( 0.000000000000000000, 0.3988188976377906592, 0.000000000000000000 ) ) ;
#633 = FACE_OUTER_BOUND ( 'NONE', #348, .T. ) ;
#634 = AXIS2_PLACEMENT_3D ( 'NONE', #507, #2094, #1340 ) ;
#635 = ORIENTED_EDGE ( 'NONE', *, *, #968, .F. ) ;
#636 = CARTESIAN_POINT ( 'NONE',  ( 0.8072855713293848323, -3.937007874047004035E-05, -1.397348435270060252 ) ) ;
#637 = ORIENTED_EDGE ( 'NONE', *, *, #193, .T. ) ;
#638 = DIRECTION ( 'NONE',  ( 1.802292722975389915E-15, 0.7071067811865510144, -0.7071067811865440200 ) ) ;
#639 = LENGTH_MEASURE_WITH_UNIT ( LENGTH_MEASURE( 0.02539999999999999897 ), #441 );
#640 = EDGE_LOOP ( 'NONE', ( #2665, #1084, #733, #579 ) ) ;
#641 = CARTESIAN_POINT ( 'NONE',  ( 1.104165762672697948, 1.968503937007874072, -1.517716535433071057 ) ) ;
#642 = CARTESIAN_POINT ( 'NONE',  ( 3.279527559055117614, 1.845275590551181288, -1.714566929133858331 ) ) ;
#643 = LINE ( 'NONE', #2425, #2441 ) ;
#644 = CARTESIAN_POINT ( 'NONE',  ( 0.3051181102362204300, 0.000000000000000000, -1.615937473297494886E-17 ) ) ;
#645 = EDGE_CURVE ( 'NONE', #1727, #2813, #2077, .T. ) ;
#646 = ORIENTED_EDGE ( 'NONE', *, *, #910, .T. ) ;
#647 = ORIENTED_EDGE ( 'NONE', *, *, #804, .F. ) ;
#648 = CARTESIAN_POINT ( 'NONE',  ( -0.1968503937007875237, -0.03940944881889763690, 0.5147283030673754922 ) ) ;
#649 = COORDINATED_UNIVERSAL_TIME_OFFSET ( 3, 0, .AHEAD. ) ;
#650 = ORIENTED_EDGE ( 'NONE', *, *, #1106, .F. ) ;
#651 = DIRECTION ( 'NONE',  ( 0.000000000000000000, 0.7643374360351172792, 0.6448164730179148929 ) ) ;
#652 = CARTESIAN_POINT ( 'NONE',  ( 0.1771653543307084855, 0.1739763779527559173, 0.0009487755083205080906 ) ) ;
#653 = DIRECTION ( 'NONE',  ( 0.000000000000000000, -0.6448164730179144488, 0.7643374360351175012 ) ) ;
#654 = ORIENTED_EDGE ( 'NONE', *, *, #1983, .T. ) ;
#655 = CARTESIAN_POINT ( 'NONE',  ( 1.274015748031495754, 1.167396060280062153, -1.517716535433071057 ) ) ;
#656 = EDGE_CURVE ( 'NONE', #935, #181, #2518, .T. ) ;
#657 = EDGE_CURVE ( 'NONE', #1623, #2170, #1199, .T. ) ;
#658 = ORIENTED_EDGE ( 'NONE', *, *, #2842, .F. ) ;
#659 = EDGE_LOOP ( 'NONE', ( #2598, #1453, #519, #1799 ) ) ;
#660 = CARTESIAN_POINT ( 'NONE',  ( 0.2362204724409448231, 0.1062992125984252023, 0.03047633456343861250 ) ) ;
#661 = DIRECTION ( 'NONE',  ( 1.000000000000000000, 0.000000000000000000, 0.000000000000000000 ) ) ;
#662 = CIRCLE ( 'NONE', #2582, 0.01968503937007875723 ) ;
#663 = AXIS2_PLACEMENT_3D ( 'NONE', #282, #991, #1584 ) ;
#664 = VECTOR ( 'NONE', #855, 39.37007874015748143 ) ;
#665 = ORIENTED_EDGE ( 'NONE', *, *, #1351, .F. ) ;
#666 = VECTOR ( 'NONE', #903, 39.37007874015748143 ) ;
#667 = SECURITY_CLASSIFICATION ( '', '', #1169 ) ;
#668 = CYLINDRICAL_SURFACE ( 'NONE', #764, 0.09842519685039344268 ) ;
#669 = VECTOR ( 'NONE', #2792, 39.37007874015748143 ) ;
#670 = CARTESIAN_POINT ( 'NONE',  ( -0.3051181102362205411, 0.1062992125984252023, 0.03047633456343871658 ) ) ;
#671 = DIRECTION ( 'NONE',  ( 0.000000000000000000, 0.000000000000000000, -1.000000000000000000 ) ) ;
#672 = FACE_OUTER_BOUND ( 'NONE', #1688, .T. ) ;
#673 = VERTEX_POINT ( 'NONE', #1399 ) ;
#674 = CC_DESIGN_PERSON_AND_ORGANIZATION_ASSIGNMENT ( #1981, #1748, ( #2478 ) ) ;
#675 = EDGE_CURVE ( 'NONE', #673, #397, #2390, .T. ) ;
#676 = AXIS2_PLACEMENT_3D ( 'NONE', #48, #1833, #2775 ) ;
#677 = VERTEX_POINT ( 'NONE', #503 ) ;
#678 = PLANE ( 'NONE',  #2295 ) ;
#679 = CARTESIAN_POINT ( 'NONE',  ( 0.4724409448818898127, 0.2637795275590551491, 0.03047633456343861250 ) ) ;
#680 = PERSON_AND_ORGANIZATION_ROLE ( 'design_owner' ) ;
#681 = EDGE_CURVE ( 'NONE', #2277, #2153, #1825, .T. ) ;
#682 = VECTOR ( 'NONE', #488, 39.37007874015748143 ) ;
#683 = EDGE_LOOP ( 'NONE', ( #565, #2135 ) ) ;
#684 = CARTESIAN_POINT ( 'NONE',  ( 0.8072855713293848323, 0.000000000000000000, -1.397348435270060252 ) ) ;
#685 = AXIS2_PLACEMENT_3D ( 'NONE', #1263, #2599, #2613 ) ;
#686 = CARTESIAN_POINT ( 'NONE',  ( 2.921077407484010457, 0.8191866474202693649, -0.4982856696523390583 ) ) ;
#687 = CARTESIAN_POINT ( 'NONE',  ( 0.1771653543307084855, 0.03618110236220472425, 0.6033503503114702182 ) ) ;
#688 = VECTOR ( 'NONE', #1800, 39.37007874015748143 ) ;
#689 = VERTEX_POINT ( 'NONE', #2708 ) ;
#690 = VECTOR ( 'NONE', #1659, 39.37007874015748143 ) ;
#691 = EDGE_LOOP ( 'NONE', ( #445, #1822, #2754, #1061 ) ) ;
#692 = CARTESIAN_POINT ( 'NONE',  ( 0.9905511811023620661, 0.000000000000000000, -1.714566929133858331 ) ) ;
#693 = CARTESIAN_POINT ( 'NONE',  ( -0.1771653543307086243, 0.000000000000000000, 0.4792952322012339339 ) ) ;
#694 = MECHANICAL_CONTEXT ( 'NONE', #1213, 'mechanical' ) ;
#695 = ORIENTED_EDGE ( 'NONE', *, *, #1442, .T. ) ;
#696 = EDGE_CURVE ( 'NONE', #2680, #881, #76, .T. ) ;
#697 = EDGE_CURVE ( 'NONE', #791, #809, #737, .T. ) ;
#698 = CARTESIAN_POINT ( 'NONE',  ( 2.135039370078739562, 0.1138913071640913627, -1.849654774822976799 ) ) ;
#699 = PLANE ( 'NONE',  #1227 ) ;
#700 = CARTESIAN_POINT ( 'NONE',  ( 0.4724409448818898127, -0.03937007874015747977, 0.03047633456343861250 ) ) ;
#701 = ORIENTED_EDGE ( 'NONE', *, *, #213, .T. ) ;
#702 = CARTESIAN_POINT ( 'NONE',  ( 3.432888431106057237, 0.5724799364163474236, -0.3458529947253050629 ) ) ;
#703 = ORIENTED_EDGE ( 'NONE', *, *, #1816, .T. ) ;
#704 = EDGE_LOOP ( 'NONE', ( #1815, #1496 ) ) ;
#705 = DIRECTION ( 'NONE',  ( 0.000000000000000000, -0.6448164730179147819, 0.7643374360351171681 ) ) ;
#706 = DIRECTION ( 'NONE',  ( 0.000000000000000000, 0.000000000000000000, -1.000000000000000000 ) ) ;
#707 = APPROVAL_STATUS ( 'not_yet_approved' ) ;
#708 = ORIENTED_EDGE ( 'NONE', *, *, #1140, .F. ) ;
#709 = VECTOR ( 'NONE', #1772, 39.37007874015748143 ) ;
#710 = DIRECTION ( 'NONE',  ( -1.000000000000000000, 0.000000000000000000, -0.000000000000000000 ) ) ;
#711 = DIRECTION ( 'NONE',  ( 0.000000000000000000, -0.6448164730179152260, 0.7643374360351168351 ) ) ;
#712 = LOCAL_TIME ( 23, 2, 26.00000000000000000, #649 ) ;
#713 = PRODUCT_RELATED_PRODUCT_CATEGORY ( 'detail', '', ( #1019 ) ) ;
#714 = EDGE_CURVE ( 'NONE', #2832, #953, #2724, .T. ) ;
#715 = CARTESIAN_POINT ( 'NONE',  ( 1.347637795275590245, 1.066891681049702223, -1.097185729060981441 ) ) ;
#716 = AXIS2_PLACEMENT_3D ( 'NONE', #1411, #1193, #542 ) ;
#717 = APPROVAL_PERSON_ORGANIZATION ( #338, #1071, #1201 ) ;
#718 = CARTESIAN_POINT ( 'NONE',  ( 1.347637795275590245, 0.9780390174448710949, -0.9918636414183470418 ) ) ;
#719 = VECTOR ( 'NONE', #18, 39.37007874015748143 ) ;
#720 = ORIENTED_EDGE ( 'NONE', *, *, #2209, .F. ) ;
#721 = VECTOR ( 'NONE', #2894, 39.37007874015748143 ) ;
#722 = ORIENTED_EDGE ( 'NONE', *, *, #774, .F. ) ;
#723 = DIRECTION ( 'NONE',  ( 0.000000000000000000, 0.000000000000000000, 1.000000000000000000 ) ) ;
#724 = FACE_BOUND ( 'NONE', #741, .T. ) ;
#725 = CALENDAR_DATE ( 2026, 10, 9 ) ;
#726 = ORIENTED_EDGE ( 'NONE', *, *, #2223, .F. ) ;
#727 = LINE ( 'NONE', #1615, #1754 ) ;
#728 = DIRECTION ( 'NONE',  ( 0.000000000000000000, -0.000000000000000000, 1.000000000000000000 ) ) ;
#729 = CARTESIAN_POINT ( 'NONE',  ( 2.135039370078739562, 0.8891863538400399669, -0.8865415537757125319 ) ) ;
#730 = FACE_OUTER_BOUND ( 'NONE', #2696, .T. ) ;
#731 = ORIENTED_EDGE ( 'NONE', *, *, #2858, .T. ) ;
#732 = DIRECTION ( 'NONE',  ( 0.000000000000000000, 0.7643374360351172792, 0.6448164730179148929 ) ) ;
#733 = ORIENTED_EDGE ( 'NONE', *, *, #1582, .T. ) ;
#734 = EDGE_CURVE ( 'NONE', #233, #1528, #74, .T. ) ;
#735 = ADVANCED_FACE ( 'NONE', ( #2472 ), #29, .F. ) ;
#736 = ORIENTED_EDGE ( 'NONE', *, *, #2500, .T. ) ;
#737 = LINE ( 'NONE', #692, #1243 ) ;
#738 = CARTESIAN_POINT ( 'NONE',  ( 2.135039370078739562, 0.9780390174448710949, -0.9918636414183470418 ) ) ;
#739 = VECTOR ( 'NONE', #140, 39.37007874015748143 ) ;
#740 = PERSON_AND_ORGANIZATION ( #866, #2112 ) ;
#741 = EDGE_LOOP ( 'NONE', ( #2797, #1459 ) ) ;
#742 = CARTESIAN_POINT ( 'NONE',  ( 2.135039370078739562, -0.01304106941423810451, -1.699194649619214070 ) ) ;
#743 = CARTESIAN_POINT ( 'NONE',  ( 0.1771653543307084855, 0.1739763779527559173, 0.0009487755083205080906 ) ) ;
#744 = FACE_OUTER_BOUND ( 'NONE', #640, .T. ) ;
#745 = CARTESIAN_POINT ( 'NONE',  ( 0.1968503937007873295, 0.000000000000000000, 0.4989802715713128611 ) ) ;
#746 = LINE ( 'NONE', #1821, #1006 ) ;
#747 = ORIENTED_EDGE ( 'NONE', *, *, #1868, .F. ) ;
#748 = EDGE_CURVE ( 'NONE', #2052, #60, #2249, .T. ) ;
#749 = ADVANCED_FACE ( 'NONE', ( #2060 ), #61, .T. ) ;
#750 = ORIENTED_EDGE ( 'NONE', *, *, #2086, .T. ) ;
#751 = CARTESIAN_POINT ( 'NONE',  ( 1.347637795275590245, 0.8891863538400399669, -0.8865415537757125319 ) ) ;
#752 = DIRECTION ( 'NONE',  ( 0.000000000000000000, -0.000000000000000000, -1.000000000000000000 ) ) ;
#753 = APPLICATION_PROTOCOL_DEFINITION ( 'international standard', 'config_control_design', 1994, #1361 ) ;
#754 = ORIENTED_EDGE ( 'NONE', *, *, #968, .T. ) ;
#755 = CARTESIAN_POINT ( 'NONE',  ( -0.3051181102362205411, 0.1062992125984252023, 0.03047633456343871658 ) ) ;
#756 = DIRECTION ( 'NONE',  ( -0.000000000000000000, 0.7643374360351170571, 0.6448164730179147819 ) ) ;
#757 = DIRECTION ( 'NONE',  ( 0.000000000000000000, 0.6448164730179147819, -0.7643374360351171681 ) ) ;
#758 = CARTESIAN_POINT ( 'NONE',  ( 0.4724409448818898127, 0.2637795275590551491, 0.0009487755083205095001 ) ) ;
#759 = ORIENTED_EDGE ( 'NONE', *, *, #697, .T. ) ;
#760 = LINE ( 'NONE', #2307, #2024 ) ;
#761 = AXIS2_PLACEMENT_3D ( 'NONE', #1324, #651, #1763 ) ;
#762 = ORIENTED_EDGE ( 'NONE', *, *, #1302, .T. ) ;
#763 = AXIS2_PLACEMENT_3D ( 'NONE', #1136, #2272, #284 ) ;
#764 = AXIS2_PLACEMENT_3D ( 'NONE', #255, #1150, #2039 ) ;
#765 = EDGE_LOOP ( 'NONE', ( #2383, #1215, #1197, #2588 ) ) ;
#766 = CARTESIAN_POINT ( 'NONE',  ( 2.528740157480314998, 1.065032954359468986, -0.7897012022381354468 ) ) ;
#767 = CARTESIAN_POINT ( 'NONE',  ( 2.922440944881889546, 1.128499142648633713, -0.8649312648400168113 ) ) ;
#768 = SECURITY_CLASSIFICATION_LEVEL ( 'unclassified' ) ;
#769 = EDGE_CURVE ( 'NONE', #2164, #2102, #1020, .T. ) ;
#770 = VECTOR ( 'NONE', #1866, 39.37007874015748143 ) ;
#771 = EDGE_CURVE ( 'NONE', #2033, #2150, #1934, .T. ) ;
#772 = ORIENTED_EDGE ( 'NONE', *, *, #443, .T. ) ;
#773 = DIRECTION ( 'NONE',  ( -0.000000000000000000, -1.000000000000000000, -0.000000000000000000 ) ) ;
#774 = EDGE_CURVE ( 'NONE', #325, #1521, #1211, .T. ) ;
#775 = EDGE_CURVE ( 'NONE', #2449, #2359, #2456, .T. ) ;
#776 = CARTESIAN_POINT ( 'NONE',  ( 3.586164844142875285, 1.279396918157246210, -1.183801676130207703 ) ) ;
#777 = VERTEX_POINT ( 'NONE', #89 ) ;
#778 = DIRECTION ( 'NONE',  ( 0.000000000000000000, -0.6448164730179144488, 0.7643374360351175012 ) ) ;
#779 = PLANE ( 'NONE',  #2437 ) ;
#780 = ORIENTED_EDGE ( 'NONE', *, *, #1209, .F. ) ;
#781 = ORIENTED_EDGE ( 'NONE', *, *, #87, .F. ) ;
#782 = LINE ( 'NONE', #1434, #141 ) ;
#783 = CYLINDRICAL_SURFACE ( 'NONE', #857, 0.1377952755905515192 ) ;
#784 = APPROVAL_STATUS ( 'not_yet_approved' ) ;
#785 = VERTEX_POINT ( 'NONE', #150 ) ;
#786 = FACE_OUTER_BOUND ( 'NONE', #1665, .T. ) ;
#787 = CARTESIAN_POINT ( 'NONE',  ( 0.000000000000000000, 0.000000000000000000, 0.000000000000000000 ) ) ;
#788 = CARTESIAN_POINT ( 'NONE',  ( 0.1968503937007873295, -0.03940944881889763690, 0.5147283030673756032 ) ) ;
#789 = EDGE_CURVE ( 'NONE', #1423, #2680, #559, .T. ) ;
#790 = EDGE_CURVE ( 'NONE', #365, #2575, #782, .T. ) ;
#791 = VERTEX_POINT ( 'NONE', #1034 ) ;
#792 = CARTESIAN_POINT ( 'NONE',  ( 3.432888431106057237, 0.8191866474202693649, -0.4982856696523390583 ) ) ;
#793 = DIRECTION ( 'NONE',  ( -1.000000000000000000, 0.000000000000000000, 0.000000000000000000 ) ) ;
#794 = ORIENTED_EDGE ( 'NONE', *, *, #11, .F. ) ;
#795 = EDGE_LOOP ( 'NONE', ( #2693, #249, #833, #562 ) ) ;
#796 = DIRECTION ( 'NONE',  ( 7.577503294598481040E-34, 0.6448164730179147819, -0.7643374360351170571 ) ) ;
#797 = DIRECTION ( 'NONE',  ( 0.000000000000000000, -0.6448164730179154480, 0.7643374360351166130 ) ) ;
#798 = ORIENTED_EDGE ( 'NONE', *, *, #2648, .T. ) ;
#799 = CARTESIAN_POINT ( 'NONE',  ( 1.741338582677165014, 0.05042511887492662909, -1.774424712221095435 ) ) ;
#800 = CARTESIAN_POINT ( 'NONE',  ( 2.528740157480314998, 0.9780390174448710949, -0.9918636414183470418 ) ) ;
#801 = ORIENTED_EDGE ( 'NONE', *, *, #945, .T. ) ;
#802 = CARTESIAN_POINT ( 'NONE',  ( -0.2362204724409449619, 0.1062992125984252023, 0.5737834211776119409 ) ) ;
#803 = CC_DESIGN_PERSON_AND_ORGANIZATION_ASSIGNMENT ( #2679, #852, ( #1507 ) ) ;
#804 = EDGE_CURVE ( 'NONE', #2052, #2549, #2324, .T. ) ;
#805 = CARTESIAN_POINT ( 'NONE',  ( 0.3410660582872963031, 0.000000000000000000, -0.1968503937007874127 ) ) ;
#806 = ORIENTED_EDGE ( 'NONE', *, *, #1816, .F. ) ;
#807 = VECTOR ( 'NONE', #756, 39.37007874015748143 ) ;
#808 = VECTOR ( 'NONE', #406, 39.37007874015748143 ) ;
#809 = VERTEX_POINT ( 'NONE', #1916 ) ;
#810 = LINE ( 'NONE', #2550, #1535 ) ;
#811 = DIRECTION ( 'NONE',  ( 0.000000000000000000, -0.6448164730179154480, 0.7643374360351166130 ) ) ;
#812 = SECURITY_CLASSIFICATION ( '', '', #1448 ) ;
#813 = CONTEXT_DEPENDENT_SHAPE_REPRESENTATION ( #2260, #379 ) ;
#814 = VECTOR ( 'NONE', #2530, 39.37007874015748854 ) ;
#815 = ORIENTED_EDGE ( 'NONE', *, *, #771, .T. ) ;
#816 = AXIS2_PLACEMENT_3D ( 'NONE', #1499, #1912, #1267 ) ;
#817 = DIRECTION ( 'NONE',  ( -1.000000000000000000, 1.176007759787089560E-15, -1.372819052411043571E-15 ) ) ;
#818 = CARTESIAN_POINT ( 'NONE',  ( 2.922440944881889546, 1.066891681049702223, -1.097185729060981441 ) ) ;
#819 = EDGE_LOOP ( 'NONE', ( #2843, #1141, #2018, #2486 ) ) ;
#820 = CARTESIAN_POINT ( 'NONE',  ( 2.921077407484010457, 0.7501852636260092355, -0.5564971700105737495 ) ) ;
#821 = CARTESIAN_POINT ( 'NONE',  ( -0.1771653543307086243, 0.000000000000000000, 0.4792952322012339339 ) ) ;
#822 = LINE ( 'NONE', #1957, #353 ) ;
#823 = AXIS2_PLACEMENT_3D ( 'NONE', #1172, #671, #2068 ) ;
#824 = EDGE_CURVE ( 'NONE', #2246, #88, #1715, .T. ) ;
#825 = EDGE_LOOP ( 'NONE', ( #2337, #1032, #646, #589 ) ) ;
#826 = DIRECTION ( 'NONE',  ( -0.000000000000000000, -1.000000000000000000, -0.000000000000000000 ) ) ;
#827 = CARTESIAN_POINT ( 'NONE',  ( 0.000000000000000000, 0.000000000000000000, 0.000000000000000000 ) ) ;
#828 = DATE_AND_TIME ( #1717, #1277 ) ;
#829 = VECTOR ( 'NONE', #1699, 39.37007874015748143 ) ;
#830 = ORIENTED_EDGE ( 'NONE', *, *, #1072, .T. ) ;
#831 = CARTESIAN_POINT ( 'NONE',  ( 0.1771653543307085965, -0.03940944881889763690, 0.5147283030673757143 ) ) ;
#832 = DIRECTION ( 'NONE',  ( 0.000000000000000000, 0.000000000000000000, 1.000000000000000000 ) ) ;
#833 = ORIENTED_EDGE ( 'NONE', *, *, #2336, .T. ) ;
#834 = CARTESIAN_POINT ( 'NONE',  ( 2.528740157480314998, 0.9145728291557058132, -0.9166335788164651222 ) ) ;
#835 = CARTESIAN_POINT ( 'NONE',  ( 1.741338582677165014, 0.9145728291557058132, -0.9166335788164651222 ) ) ;
#836 = DIRECTION ( 'NONE',  ( -0.000000000000000000, -1.000000000000000000, -0.000000000000000000 ) ) ;
#837 = VERTEX_POINT ( 'NONE', #366 ) ;
#838 = ORIENTED_EDGE ( 'NONE', *, *, #1075, .T. ) ;
#839 = LINE ( 'NONE', #1292, #2458 ) ;
#840 = ADVANCED_FACE ( 'NONE', ( #2577 ), #2564, .F. ) ;
#841 = ADVANCED_FACE ( 'NONE', ( #1022 ), #2360, .F. ) ;
#842 = ORIENTED_EDGE ( 'NONE', *, *, #2209, .T. ) ;
#843 = DIRECTION ( 'NONE',  ( 0.000000000000000000, 0.7643374360351170571, 0.6448164730179147819 ) ) ;
#844 = APPLICATION_PROTOCOL_DEFINITION ( 'international standard', 'config_control_design', 1994, #175 ) ;
#845 = EDGE_LOOP ( 'NONE', ( #2701, #306, #1378, #2334, #2871 ) ) ;
#846 = FACE_OUTER_BOUND ( 'NONE', #583, .T. ) ;
#847 = CARTESIAN_POINT ( 'NONE',  ( -0.2362204724409449619, -1.126887297386508504E-15, 0.5737834211776119409 ) ) ;
#848 = CYLINDRICAL_SURFACE ( 'NONE', #1178, 0.1377952755905515192 ) ;
#849 = CARTESIAN_POINT ( 'NONE',  ( -0.1771653543307087630, -0.03940944881889763690, 0.5147283030673757143 ) ) ;
#850 = ORIENTED_EDGE ( 'NONE', *, *, #463, .F. ) ;
#851 = DIRECTION ( 'NONE',  ( -0.000000000000000000, 0.7643374360351170571, 0.6448164730179147819 ) ) ;
#852 = PERSON_AND_ORGANIZATION_ROLE ( 'classification_officer' ) ;
#853 = AXIS2_PLACEMENT_3D ( 'NONE', #376, #1098, #1541 ) ;
#854 = VERTEX_POINT ( 'NONE', #766 ) ;
#855 = DIRECTION ( 'NONE',  ( 0.000000000000000000, -1.000000000000000000, 0.000000000000000000 ) ) ;
#856 = EDGE_CURVE ( 'NONE', #2645, #1636, #2798, .T. ) ;
#857 = AXIS2_PLACEMENT_3D ( 'NONE', #352, #104, #1668 ) ;
#858 = LOCAL_TIME ( 23, 2, 26.00000000000000000, #1422 ) ;
#859 = AXIS2_PLACEMENT_3D ( 'NONE', #2012, #1795, #2455 ) ;
#860 = VERTEX_POINT ( 'NONE', #603 ) ;
#861 = EDGE_CURVE ( 'NONE', #60, #2400, #574, .T. ) ;
#862 = DIRECTION ( 'NONE',  ( 1.365041640558097153E-17, 0.7643374360351171681, 0.6448164730179148929 ) ) ;
#863 = VECTOR ( 'NONE', #1678, 39.37007874015748143 ) ;
#864 = DIRECTION ( 'NONE',  ( 1.606225440719266182E-17, -0.000000000000000000, -1.000000000000000000 ) ) ;
#865 = CARTESIAN_POINT ( 'NONE',  ( 0.7736552303646722084, -3.937007874047004035E-05, -1.397348435270060252 ) ) ;
#866 = PERSON ( 'UNSPECIFIED', 'UNSPECIFIED', 'UNSPECIFIED', ('UNSPECIFIED'), ('UNSPECIFIED'), ('UNSPECIFIED') ) ;
#867 = DIRECTION ( 'NONE',  ( -1.000000000000000000, 1.586395497006682652E-16, 0.000000000000000000 ) ) ;
#868 = ORIENTED_EDGE ( 'NONE', *, *, #1817, .T. ) ;
#869 = CIRCLE ( 'NONE', #1242, 0.01968503937007872254 ) ;
#870 = VERTEX_POINT ( 'NONE', #1247 ) ;
#871 = CIRCLE ( 'NONE', #2881, 0.1377952755905515192 ) ;
#872 = FACE_OUTER_BOUND ( 'NONE', #1937, .T. ) ;
#873 = EDGE_LOOP ( 'NONE', ( #1885, #2356 ) ) ;
#874 = AXIS2_PLACEMENT_3D ( 'NONE', #2389, #385, #2554 ) ;
#875 = CARTESIAN_POINT ( 'NONE',  ( 0.1771653543307084855, 0.1739763779527559173, 0.6033503503114702182 ) ) ;
#876 = DIRECTION ( 'NONE',  ( -1.000000000000000000, -0.000000000000000000, -0.000000000000000000 ) ) ;
#877 = EDGE_CURVE ( 'NONE', #1648, #2766, #810, .T. ) ;
#878 = CARTESIAN_POINT ( 'NONE',  ( 1.741338582677165014, 1.128499142648633713, -0.8649312648400168113 ) ) ;
#879 = LINE ( 'NONE', #2314, #2219 ) ;
#880 = CARTESIAN_POINT ( 'NONE',  ( 0.1968503937007873850, -0.03940944881889763690, 0.4989802715713128611 ) ) ;
#881 = VERTEX_POINT ( 'NONE', #319 ) ;
#882 = ORIENTED_EDGE ( 'NONE', *, *, #804, .T. ) ;
#883 = CARTESIAN_POINT ( 'NONE',  ( -0.4724409448818898127, 0.2637795275590551491, 0.0009487755083205095001 ) ) ;
#884 = ORIENTED_EDGE ( 'NONE', *, *, #2176, .F. ) ;
#885 = PLANE ( 'NONE',  #474 ) ;
#886 = FACE_OUTER_BOUND ( 'NONE', #330, .T. ) ;
#887 = CARTESIAN_POINT ( 'NONE',  ( 3.496423509792807138, 0.000000000000000000, -1.397348435270059586 ) ) ;
#888 = FACE_OUTER_BOUND ( 'NONE', #340, .T. ) ;
#889 = CC_DESIGN_PERSON_AND_ORGANIZATION_ASSIGNMENT ( #1701, #592, ( #1026 ) ) ;
#890 = DIRECTION ( 'NONE',  ( -0.000000000000000000, -0.000000000000000000, -1.000000000000000000 ) ) ;
#891 = EDGE_CURVE ( 'NONE', #491, #1893, #2385, .T. ) ;
#892 = ORIENTED_EDGE ( 'NONE', *, *, #2032, .T. ) ;
#893 = ADVANCED_FACE ( 'NONE', ( #381 ), #2595, .F. ) ;
#894 = DATE_TIME_ROLE ( 'classification_date' ) ;
#895 = AXIS2_PLACEMENT_3D ( 'NONE', #2266, #1637, #1156 ) ;
#896 = VERTEX_POINT ( 'NONE', #1259 ) ;
#897 = PLANE ( 'NONE',  #1455 ) ;
#898 = VECTOR ( 'NONE', #81, 39.37007874015748143 ) ;
#899 = EDGE_LOOP ( 'NONE', ( #1307, #2787, #204, #2874 ) ) ;
#900 = AXIS2_PLACEMENT_3D ( 'NONE', #944, #1839, #1367 ) ;
#901 = DIRECTION ( 'NONE',  ( 1.365041640558097153E-17, 0.7643374360351171681, 0.6448164730179148929 ) ) ;
#902 = LOCAL_TIME ( 23, 2, 26.00000000000000000, #469 ) ;
#903 = DIRECTION ( 'NONE',  ( 1.606225440719266182E-17, -0.000000000000000000, -1.000000000000000000 ) ) ;
#904 = VECTOR ( 'NONE', #137, 39.37007874015748143 ) ;
#905 = DIRECTION ( 'NONE',  ( 0.000000000000000000, -0.000000000000000000, 1.000000000000000000 ) ) ;
#906 = CARTESIAN_POINT ( 'NONE',  ( -0.1771653543307085410, 0.1739763779527559451, 0.0009487755083205024528 ) ) ;
#907 = VECTOR ( 'NONE', #1063, 39.37007874015748143 ) ;
#908 = ORIENTED_EDGE ( 'NONE', *, *, #2445, .T. ) ;
#909 = AXIS2_PLACEMENT_3D ( 'NONE', #1913, #115, #1017 ) ;
#910 = EDGE_CURVE ( 'NONE', #586, #253, #839, .T. ) ;
#911 = EDGE_CURVE ( 'NONE', #932, #860, #1948, .T. ) ;
#912 = ORIENTED_EDGE ( 'NONE', *, *, #179, .T. ) ;
#913 = DIRECTION ( 'NONE',  ( 1.000000000000000000, 0.000000000000000000, 1.372819052411043571E-15 ) ) ;
#914 = CARTESIAN_POINT ( 'NONE',  ( 2.602362204724410155, 1.561096847681635369, -1.517716535433071057 ) ) ;
#915 = SHAPE_DEFINITION_REPRESENTATION ( #402, #959 ) ;
#916 = VERTEX_POINT ( 'NONE', #2418 ) ;
#917 = FACE_OUTER_BOUND ( 'NONE', #1245, .T. ) ;
#918 = CARTESIAN_POINT ( 'NONE',  ( -0.1771653543307085410, 0.1739763779527559451, 0.6033503503114702182 ) ) ;
#919 = DIRECTION ( 'NONE',  ( -6.938893903907248099E-16, 1.000000000000000000, 0.000000000000000000 ) ) ;
#920 = CARTESIAN_POINT ( 'NONE',  ( 1.274015748031495754, 0.000000000000000000, -1.517716535433071057 ) ) ;
#921 = ORIENTED_EDGE ( 'NONE', *, *, #101, .F. ) ;
#922 = ORIENTED_EDGE ( 'NONE', *, *, #1289, .F. ) ;
#923 = CARTESIAN_POINT ( 'NONE',  ( 1.347637795275590245, 1.059497758854374139, -0.9231427651982520022 ) ) ;
#924 = FACE_OUTER_BOUND ( 'NONE', #1771, .T. ) ;
#925 = APPROVAL_ROLE ( '' ) ;
#926 = CC_DESIGN_PERSON_AND_ORGANIZATION_ASSIGNMENT ( #938, #1377, ( #240 ) ) ;
#927 = EDGE_CURVE ( 'NONE', #1881, #1714, #2165, .T. ) ;
#928 = ORIENTED_EDGE ( 'NONE', *, *, #2230, .T. ) ;
#929 = DIRECTION ( 'NONE',  ( 0.000000000000000000, 1.000000000000000000, 0.000000000000000000 ) ) ;
#930 = CYLINDRICAL_SURFACE ( 'NONE', #2023, 0.1377952755905515192 ) ;
#931 = DIRECTION ( 'NONE',  ( 0.000000000000000000, -0.6448164730179144488, 0.7643374360351175012 ) ) ;
#932 = VERTEX_POINT ( 'NONE', #1976 ) ;
#933 = DIRECTION ( 'NONE',  ( 0.000000000000000000, 0.7643374360351172792, 0.6448164730179148929 ) ) ;
#934 = ORIENTED_EDGE ( 'NONE', *, *, #771, .F. ) ;
#935 = VERTEX_POINT ( 'NONE', #169 ) ;
#936 = DIRECTION ( 'NONE',  ( -0.000000000000000000, -1.000000000000000000, -0.000000000000000000 ) ) ;
#937 = CARTESIAN_POINT ( 'NONE',  ( 3.432888431106057237, 0.7501852636260089024, -0.5564971700105738606 ) ) ;
#938 = PERSON_AND_ORGANIZATION ( #866, #2112 ) ;
#939 = ORIENTED_EDGE ( 'NONE', *, *, #2099, .F. ) ;
#940 = DIRECTION ( 'NONE',  ( 1.000000000000000000, 0.000000000000000000, 1.355252715606881775E-17 ) ) ;
#941 = LINE ( 'NONE', #1149, #1176 ) ;
#942 = DIRECTION ( 'NONE',  ( -0.000000000000000000, -1.000000000000000000, -0.000000000000000000 ) ) ;
#943 = CIRCLE ( 'NONE', #663, 0.1377952755905514359 ) ;
#944 = CARTESIAN_POINT ( 'NONE',  ( 2.922440944881889546, 1.059497758854374139, -0.9231427651982520022 ) ) ;
#945 = EDGE_CURVE ( 'NONE', #1623, #2537, #2178, .T. ) ;
#946 = AXIS2_PLACEMENT_3D ( 'NONE', #2495, #51, #1557 ) ;
#947 = EDGE_CURVE ( 'NONE', #2537, #1423, #1275, .T. ) ;
#948 = EDGE_LOOP ( 'NONE', ( #1773, #1165 ) ) ;
#949 = SECURITY_CLASSIFICATION ( '', '', #1526 ) ;
#950 = CARTESIAN_POINT ( 'NONE',  ( 0.1968503937007873295, -0.03937007874015747977, 0.5147283030673756032 ) ) ;
#951 = VECTOR ( 'NONE', #1376, 39.37007874015748143 ) ;
#952 = CIRCLE ( 'NONE', #1837, 0.09842519685039351207 ) ;
#953 = VERTEX_POINT ( 'NONE', #1062 ) ;
#954 = ORIENTED_EDGE ( 'NONE', *, *, #1895, .F. ) ;
#955 = CARTESIAN_POINT ( 'NONE',  ( 0.1771653543307084855, -0.03937007874015747977, 0.4792952322012339339 ) ) ;
#956 = DIRECTION ( 'NONE',  ( 0.000000000000000000, -0.6448164730179153370, 0.7643374360351167240 ) ) ;
#957 = SHAPE_DEFINITION_REPRESENTATION ( #122, #2259 ) ;
#958 = CIRCLE ( 'NONE', #302, 0.1377952755905514359 ) ;
#959 = SHAPE_REPRESENTATION ( 'ledholdersolve', ( #332, #1314, #55 ), #1503 ) ;
#960 = ORIENTED_EDGE ( 'NONE', *, *, #1479, .T. ) ;
#961 = VECTOR ( 'NONE', #2895, 39.37007874015748143 ) ;
#962 = LINE ( 'NONE', #1848, #1892 ) ;
#963 = CARTESIAN_POINT ( 'NONE',  ( 1.741338582677165014, 1.191965330937798440, -0.9401613274418981758 ) ) ;
#964 = DIRECTION ( 'NONE',  ( 0.000000000000000000, -0.6448164730179153370, 0.7643374360351167240 ) ) ;
#965 = DIRECTION ( 'NONE',  ( 1.000000000000000000, 0.000000000000000000, 0.000000000000000000 ) ) ;
#966 = ORIENTED_EDGE ( 'NONE', *, *, #27, .T. ) ;
#967 = CARTESIAN_POINT ( 'NONE',  ( 3.432888431106057237, 0.6414813202106078860, -0.2876414943670705937 ) ) ;
#968 = EDGE_CURVE ( 'NONE', #1021, #112, #1523, .T. ) ;
#969 = EDGE_CURVE ( 'NONE', #2033, #1654, #1304, .T. ) ;
#970 = ORIENTED_EDGE ( 'NONE', *, *, #675, .T. ) ;
#971 = ORIENTED_EDGE ( 'NONE', *, *, #1008, .T. ) ;
#972 = DIRECTION ( 'NONE',  ( -1.000000000000000000, -0.000000000000000000, -0.000000000000000000 ) ) ;
#973 = DIRECTION ( 'NONE',  ( 0.000000000000000000, 0.7643374360351170571, 0.6448164730179147819 ) ) ;
#974 = APPROVAL_ROLE ( '' ) ;
#975 = ORIENTED_EDGE ( 'NONE', *, *, #2593, .F. ) ;
#976 = CARTESIAN_POINT ( 'NONE',  ( 1.741338582677165014, 1.041505205734035044, -1.067093704020227962 ) ) ;
#977 = DIRECTION ( 'NONE',  ( 0.000000000000000000, -0.000000000000000000, 1.000000000000000000 ) ) ;
#978 = DIRECTION ( 'NONE',  ( 0.000000000000000000, 0.7643374360351172792, 0.6448164730179148929 ) ) ;
#979 = DIRECTION ( 'NONE',  ( -1.000000000000000000, -0.000000000000000000, 0.000000000000000000 ) ) ;
#980 = PLANE ( 'NONE',  #1461 ) ;
#981 = APPROVAL ( #707, 'UNSPECIFIED' ) ;
#982 = EDGE_CURVE ( 'NONE', #2113, #1758, #2193, .T. ) ;
#983 = ORIENTED_EDGE ( 'NONE', *, *, #2358, .T. ) ;
#984 = EDGE_CURVE ( 'NONE', #1966, #397, #1086, .T. ) ;
#985 = ORIENTED_EDGE ( 'NONE', *, *, #1266, .T. ) ;
#986 = CARTESIAN_POINT ( 'NONE',  ( -0.4724409448818898127, 0.2637795275590551491, 0.03047633456343861250 ) ) ;
#987 = CARTESIAN_POINT ( 'NONE',  ( 0.9112542159434217082, 1.279396918157247098, -1.183801676130209701 ) ) ;
#988 = COORDINATED_UNIVERSAL_TIME_OFFSET ( 3, 0, .AHEAD. ) ;
#989 = VERTEX_POINT ( 'NONE', #2852 ) ;
#990 = DIRECTION ( 'NONE',  ( 1.606225440719265874E-17, 0.000000000000000000, -1.000000000000000000 ) ) ;
#991 = DIRECTION ( 'NONE',  ( 1.365041640558097153E-17, 0.7643374360351171681, 0.6448164730179148929 ) ) ;
#992 = LINE ( 'NONE', #2747, #1001 ) ;
#993 = VECTOR ( 'NONE', #453, 39.37007874015748143 ) ;
#994 = CARTESIAN_POINT ( 'NONE',  ( 2.135039370078739562, 0.9780390174448710949, -0.9918636414183470418 ) ) ;
#995 = CIRCLE ( 'NONE', #2629, 0.1377952755905515192 ) ;
#996 = CARTESIAN_POINT ( 'NONE',  ( -0.3051181102362205411, -0.03937007874015747977, 0.03047633456343865413 ) ) ;
#997 = VECTOR ( 'NONE', #2510, 39.37007874015748143 ) ;
#998 = ORIENTED_EDGE ( 'NONE', *, *, #27, .F. ) ;
#999 = AXIS2_PLACEMENT_3D ( 'NONE', #2028, #979, #1864 ) ;
#1000 = LOCAL_TIME ( 23, 2, 26.00000000000000000, #121 ) ;
#1001 = VECTOR ( 'NONE', #324, 39.37007874015748143 ) ;
#1002 = ORIENTED_EDGE ( 'NONE', *, *, #2823, .T. ) ;
#1003 = DIRECTION ( 'NONE',  ( -0.4039477917135460006, -0.5898665289171575177, 0.6992021593451879236 ) ) ;
#1004 = DIRECTION ( 'NONE',  ( 1.000000000000000000, -1.142093910640287505E-16, 1.142093910640287505E-16 ) ) ;
#1005 = CALENDAR_DATE ( 2026, 10, 9 ) ;
#1006 = VECTOR ( 'NONE', #72, 39.37007874015748143 ) ;
#1007 = EDGE_CURVE ( 'NONE', #777, #485, #2574, .T. ) ;
#1008 = EDGE_CURVE ( 'NONE', #2359, #1860, #600, .T. ) ;
#1009 = ORIENTED_EDGE ( 'NONE', *, *, #2515, .T. ) ;
#1010 = CARTESIAN_POINT ( 'NONE',  ( 4.156353001798999358, 0.000000000000000000, -0.1968503937007886617 ) ) ;
#1011 = DIRECTION ( 'NONE',  ( 0.000000000000000000, -0.6448164730179152260, 0.7643374360351168351 ) ) ;
#1012 = LINE ( 'NONE', #110, #1651 ) ;
#1013 = AXIS2_PLACEMENT_3D ( 'NONE', #1299, #2186, #867 ) ;
#1014 = ORIENTED_EDGE ( 'NONE', *, *, #1290, .T. ) ;
#1015 = VECTOR ( 'NONE', #2367, 39.37007874015748143 ) ;
#1016 = FACE_OUTER_BOUND ( 'NONE', #2273, .T. ) ;
#1017 = DIRECTION ( 'NONE',  ( 0.000000000000000000, -0.6448164730179147819, 0.7643374360351171681 ) ) ;
#1018 = ORIENTED_EDGE ( 'NONE', *, *, #2087, .F. ) ;
#1019 = PRODUCT ( 'TypeC4PinHolder_v3', 'TypeC4PinHolder_v3', '', ( #694 ) ) ;
#1020 = CIRCLE ( 'NONE', #497, 0.09842519685039360922 ) ;
#1021 = VERTEX_POINT ( 'NONE', #1042 ) ;
#1022 = FACE_OUTER_BOUND ( 'NONE', #1444, .T. ) ;
#1023 = DIRECTION ( 'NONE',  ( 1.000000000000000000, 0.000000000000000000, 0.000000000000000000 ) ) ;
#1024 = DATE_AND_TIME ( #1466, #1000 ) ;
#1025 = ORIENTED_EDGE ( 'NONE', *, *, #1926, .T. ) ;
#1026 = PRODUCT_DEFINITION ( 'UNKNOWN', '', #1649, #2670 ) ;
#1027 = CYLINDRICAL_SURFACE ( 'NONE', #1875, 0.09842519685039344268 ) ;
#1028 = EDGE_CURVE ( 'NONE', #2170, #558, #146, .T. ) ;
#1029 = EDGE_LOOP ( 'NONE', ( #1154, #1670, #2056, #1537, #1915, #1102 ) ) ;
#1030 = FACE_OUTER_BOUND ( 'NONE', #2612, .T. ) ;
#1031 = DIRECTION ( 'NONE',  ( 1.000000000000000000, 0.000000000000000000, 0.000000000000000000 ) ) ;
#1032 = ORIENTED_EDGE ( 'NONE', *, *, #2416, .T. ) ;
#1033 = ORIENTED_EDGE ( 'NONE', *, *, #1568, .F. ) ;
#1034 = CARTESIAN_POINT ( 'NONE',  ( 1.274015748031495754, 0.000000000000000000, -1.714566929133858331 ) ) ;
#1035 = CYLINDRICAL_SURFACE ( 'NONE', #392, 0.09842519685039344268 ) ;
#1036 = APPROVAL_STATUS ( 'not_yet_approved' ) ;
#1037 = ORIENTED_EDGE ( 'NONE', *, *, #789, .T. ) ;
#1038 = LINE ( 'NONE', #1450, #2886 ) ;
#1039 = ORIENTED_EDGE ( 'NONE', *, *, #1895, .T. ) ;
#1040 = DIRECTION ( 'NONE',  ( 0.000000000000000000, 0.000000000000000000, 1.000000000000000000 ) ) ;
#1041 = EDGE_CURVE ( 'NONE', #953, #206, #2875, .T. ) ;
#1042 = CARTESIAN_POINT ( 'NONE',  ( 2.922440944881889546, 0.9145728291557058132, -0.9166335788164651222 ) ) ;
#1043 = LINE ( 'NONE', #1930, #496 ) ;
#1044 = VECTOR ( 'NONE', #2226, 39.37007874015748854 ) ;
#1045 = VECTOR ( 'NONE', #2172, 39.37007874015748143 ) ;
#1046 = ORIENTED_EDGE ( 'NONE', *, *, #1192, .T. ) ;
#1047 = CARTESIAN_POINT ( 'NONE',  ( -0.1968503937007874682, 0.000000000000000000, 0.4989802715713128611 ) ) ;
#1048 = DIRECTION ( 'NONE',  ( -0.000000000000000000, 1.000000000000000000, -0.000000000000000000 ) ) ;
#1049 = CC_DESIGN_SECURITY_CLASSIFICATION ( #949, ( #2718 ) ) ;
#1050 = CALENDAR_DATE ( 2026, 10, 9 ) ;
#1051 = VERTEX_POINT ( 'NONE', #2173 ) ;
#1052 = AXIS2_PLACEMENT_3D ( 'NONE', #1676, #2805, #1055 ) ;
#1053 = DIRECTION ( 'NONE',  ( 0.000000000000000000, 0.000000000000000000, 1.000000000000000000 ) ) ;
#1054 = VERTEX_POINT ( 'NONE', #2807 ) ;
#1055 = DIRECTION ( 'NONE',  ( 0.000000000000000000, -0.6448164730179154480, 0.7643374360351166130 ) ) ;
#1056 = DIRECTION ( 'NONE',  ( 0.000000000000000000, -0.3162277660168353877, 0.9486832980505147672 ) ) ;
#1057 = DIRECTION ( 'NONE',  ( 0.000000000000000000, -0.7643374360351171681, -0.6448164730179147819 ) ) ;
#1058 = FACE_OUTER_BOUND ( 'NONE', #691, .T. ) ;
#1059 = EDGE_CURVE ( 'NONE', #1949, #2073, #1709, .T. ) ;
#1060 = EDGE_CURVE ( 'NONE', #628, #1622, #1486, .T. ) ;
#1061 = ORIENTED_EDGE ( 'NONE', *, *, #422, .T. ) ;
#1062 = CARTESIAN_POINT ( 'NONE',  ( 2.135039370078739562, 1.148350422459205156, -1.028464852840886401 ) ) ;
#1063 = DIRECTION ( 'NONE',  ( -0.3781756992950819907, -0.6545926750516939396, -0.6545926750517020443 ) ) ;
#1064 = ORIENTED_EDGE ( 'NONE', *, *, #213, .F. ) ;
#1065 = CARTESIAN_POINT ( 'NONE',  ( 3.432888431106057237, -0.2588873763534383365, -1.407779117033418181 ) ) ;
#1066 = ORIENTED_EDGE ( 'NONE', *, *, #499, .F. ) ;
#1067 = FACE_BOUND ( 'NONE', #1609, .T. ) ;
#1068 = CARTESIAN_POINT ( 'NONE',  ( 0.2362204724409448231, 0.1062992125984252023, 0.03047633456343861250 ) ) ;
#1069 = CARTESIAN_POINT ( 'NONE',  ( 2.528740157480314998, 1.066891681049702223, -1.097185729060981441 ) ) ;
#1070 = DIRECTION ( 'NONE',  ( 1.000000000000000000, 0.000000000000000000, 0.000000000000000000 ) ) ;
#1071 = APPROVAL ( #2812, 'UNSPECIFIED' ) ;
#1072 = EDGE_CURVE ( 'NONE', #1657, #628, #1794, .T. ) ;
#1073 = ORIENTED_EDGE ( 'NONE', *, *, #2050, .T. ) ;
#1074 = DIRECTION ( 'NONE',  ( -0.3781756992950812690, 0.6545926750516953829, 0.6545926750517008230 ) ) ;
#1075 = EDGE_CURVE ( 'NONE', #1881, #1648, #2795, .T. ) ;
#1076 = ORIENTED_EDGE ( 'NONE', *, *, #982, .T. ) ;
#1077 = DIRECTION ( 'NONE',  ( -0.000000000000000000, 1.000000000000000000, -0.000000000000000000 ) ) ;
#1078 = EDGE_LOOP ( 'NONE', ( #2653, #487, #884, #954 ) ) ;
#1079 = CARTESIAN_POINT ( 'NONE',  ( -0.1968503937007874405, 0.1542913385826770178, 0.0009487755083205020191 ) ) ;
#1080 = CARTESIAN_POINT ( 'NONE',  ( 0.1771653543307086520, 0.05586614173228346414, 0.6033503503114702182 ) ) ;
#1081 = LINE ( 'NONE', #2009, #1979 ) ;
#1082 = DIRECTION ( 'NONE',  ( 0.000000000000000000, -0.6448164730179153370, 0.7643374360351167240 ) ) ;
#1083 = AXIS2_PLACEMENT_3D ( 'NONE', #440, #843, #413 ) ;
#1084 = ORIENTED_EDGE ( 'NONE', *, *, #372, .T. ) ;
#1085 = AXIS2_PLACEMENT_3D ( 'NONE', #532, #1844, #723 ) ;
#1086 = LINE ( 'NONE', #617, #46 ) ;
#1087 = AXIS2_PLACEMENT_3D ( 'NONE', #1393, #2255, #2284 ) ;
#1088 = VECTOR ( 'NONE', #1538, 39.37007874015748143 ) ;
#1089 = VERTEX_POINT ( 'NONE', #2591 ) ;
#1090 = CC_DESIGN_APPROVAL ( #2750, ( #812 ) ) ;
#1091 = PLANE ( 'NONE',  #1220 ) ;
#1092 = EDGE_CURVE ( 'NONE', #2737, #1614, #1883, .T. ) ;
#1093 = ADVANCED_FACE ( 'NONE', ( #2781, #133 ), #779, .F. ) ;
#1094 = AXIS2_PLACEMENT_3D ( 'NONE', #1544, #1341, #170 ) ;
#1095 = VERTEX_POINT ( 'NONE', #585 ) ;
#1096 = LINE ( 'NONE', #875, #2531 ) ;
#1097 = AXIS2_PLACEMENT_3D ( 'NONE', #1110, #2468, #905 ) ;
#1098 = DIRECTION ( 'NONE',  ( 0.000000000000000000, 0.7643374360351172792, 0.6448164730179148929 ) ) ;
#1099 = CARTESIAN_POINT ( 'NONE',  ( 2.135039370078739562, 0.9780390174448710949, -0.9918636414183470418 ) ) ;
#1100 = CARTESIAN_POINT ( 'NONE',  ( 2.921077407484010457, 0.6414813202106074419, -0.2876414943670709823 ) ) ;
#1101 = VERTEX_POINT ( 'NONE', #1901 ) ;
#1102 = ORIENTED_EDGE ( 'NONE', *, *, #1028, .F. ) ;
#1103 = DIRECTION ( 'NONE',  ( 1.262832559461733892E-17, 0.7071067811865519026, -0.7071067811865431318 ) ) ;
#1104 = APPROVAL_STATUS ( 'not_yet_approved' ) ;
#1105 = EDGE_CURVE ( 'NONE', #291, #881, #1501, .T. ) ;
#1106 = EDGE_CURVE ( 'NONE', #1521, #2131, #2333, .T. ) ;
#1107 = ORIENTED_EDGE ( 'NONE', *, *, #2753, .T. ) ;
#1108 = DIRECTION ( 'NONE',  ( 1.606225440719266182E-17, -0.000000000000000000, -1.000000000000000000 ) ) ;
#1109 = DIRECTION ( 'NONE',  ( 1.000000000000000000, -0.000000000000000000, 1.581128168208028635E-17 ) ) ;
#1110 = CARTESIAN_POINT ( 'NONE',  ( 0.000000000000000000, 0.2637795275590551491, 0.000000000000000000 ) ) ;
#1111 = CARTESIAN_POINT ( 'NONE',  ( -0.1771653543307087630, 0.000000000000000000, 0.4989802715713126946 ) ) ;
#1112 = LINE ( 'NONE', #1123, #2544 ) ;
#1113 = ORIENTED_EDGE ( 'NONE', *, *, #2841, .F. ) ;
#1114 = EDGE_LOOP ( 'NONE', ( #928, #134, #2481, #1142 ) ) ;
#1115 = CARTESIAN_POINT ( 'NONE',  ( -0.1771653543307086243, -0.03940944881889763690, 0.4792952322012339339 ) ) ;
#1116 = PERSON_AND_ORGANIZATION_ROLE ( 'creator' ) ;
#1117 = ORIENTED_EDGE ( 'NONE', *, *, #2753, .F. ) ;
#1118 = UNCERTAINTY_MEASURE_WITH_UNIT (LENGTH_MEASURE( 1.000000000000000082E-05 ), #1238, 'distance_accuracy_value', 'NONE');
#1119 = CARTESIAN_POINT ( 'NONE',  ( 0.000000000000000000, 0.000000000000000000, 0.000000000000000000 ) ) ;
#1120 = CARTESIAN_POINT ( 'NONE',  ( 0.1968503937007873850, 0.05586614173228360986, 0.03047633456343864719 ) ) ;
#1121 = DIRECTION ( 'NONE',  ( 1.606225440719266182E-17, -0.000000000000000000, -1.000000000000000000 ) ) ;
#1122 = FACE_OUTER_BOUND ( 'NONE', #1355, .T. ) ;
#1123 = CARTESIAN_POINT ( 'NONE',  ( 0.000000000000000000, 0.3988188976377952666, 0.000000000000000000 ) ) ;
#1124 = EDGE_CURVE ( 'NONE', #1323, #2362, #349, .T. ) ;
#1125 = EDGE_CURVE ( 'NONE', #881, #1207, #165, .T. ) ;
#1126 = ORIENTED_EDGE ( 'NONE', *, *, #1350, .F. ) ;
#1127 = VERTEX_POINT ( 'NONE', #2354 ) ;
#1128 = DIRECTION ( 'NONE',  ( -0.000000000000000000, 0.7643374360351171681, 0.6448164730179148929 ) ) ;
#1129 = CYLINDRICAL_SURFACE ( 'NONE', #108, 0.09842519685039344268 ) ;
#1130 = COORDINATED_UNIVERSAL_TIME_OFFSET ( 3, 0, .AHEAD. ) ;
#1131 = VECTOR ( 'NONE', #2802, 39.37007874015748143 ) ;
#1132 = ORIENTED_EDGE ( 'NONE', *, *, #2416, .F. ) ;
#1133 = CARTESIAN_POINT ( 'NONE',  ( 2.528740157480314998, 0.8891863538400399669, -0.8865415537757125319 ) ) ;
#1134 = LINE ( 'NONE', #2027, #626 ) ;
#1135 = AXIS2_PLACEMENT_3D ( 'NONE', #2477, #1819, #711 ) ;
#1136 = CARTESIAN_POINT ( 'NONE',  ( 0.1771653543307085965, -0.03937007874015747977, 0.5147283030673757143 ) ) ;
#1137 = CARTESIAN_POINT ( 'NONE',  ( 0.2362204724409448231, 0.000000000000000000, 0.5737834211776119409 ) ) ;
#1138 = AXIS2_PLACEMENT_3D ( 'NONE', #174, #1040, #2601 ) ;
#1139 = ADVANCED_FACE ( 'NONE', ( #347 ), #1244, .F. ) ;
#1140 = EDGE_CURVE ( 'NONE', #2146, #860, #2159, .T. ) ;
#1141 = ORIENTED_EDGE ( 'NONE', *, *, #2243, .F. ) ;
#1142 = ORIENTED_EDGE ( 'NONE', *, *, #856, .F. ) ;
#1143 = CARTESIAN_POINT ( 'NONE',  ( 1.274015748031495754, 1.167396060280062153, -1.517716535433071057 ) ) ;
#1144 = LINE ( 'NONE', #62, #578 ) ;
#1145 = PERSON_AND_ORGANIZATION_ROLE ( 'classification_officer' ) ;
#1146 = CIRCLE ( 'NONE', #2644, 0.01968503937007875723 ) ;
#1147 = ORIENTED_EDGE ( 'NONE', *, *, #714, .T. ) ;
#1148 = UNCERTAINTY_MEASURE_WITH_UNIT (LENGTH_MEASURE( 1.000000000000000082E-05 ), #2856, 'distance_accuracy_value', 'NONE');
#1149 = CARTESIAN_POINT ( 'NONE',  ( 0.1968503937007873295, -0.03937007874015747977, 0.4989802715713128611 ) ) ;
#1150 = DIRECTION ( 'NONE',  ( -0.000000000000000000, 0.7643374360351171681, 0.6448164730179148929 ) ) ;
#1151 = AXIS2_PLACEMENT_3D ( 'NONE', #1493, #1686, #2346 ) ;
#1152 = PLANE ( 'NONE',  #9 ) ;
#1153 = DIRECTION ( 'NONE',  ( 0.000000000000000000, -0.6448164730179153370, 0.7643374360351167240 ) ) ;
#1154 = ORIENTED_EDGE ( 'NONE', *, *, #657, .F. ) ;
#1155 = ORIENTED_EDGE ( 'NONE', *, *, #2542, .T. ) ;
#1156 = DIRECTION ( 'NONE',  ( 0.000000000000000000, -0.6448164730179152260, 0.7643374360351168351 ) ) ;
#1157 = CARTESIAN_POINT ( 'NONE',  ( 1.667716535433073410, 1.561096847681635591, -1.517716535433071057 ) ) ;
#1158 = COORDINATED_UNIVERSAL_TIME_OFFSET ( 3, 0, .AHEAD. ) ;
#1159 = EDGE_CURVE ( 'NONE', #34, #2744, #2492, .T. ) ;
#1160 = ORIENTED_EDGE ( 'NONE', *, *, #1060, .T. ) ;
#1161 = CARTESIAN_POINT ( 'NONE',  ( -0.3051181102362205411, -0.03937007874015747977, 0.03047633456343865413 ) ) ;
#1162 = CARTESIAN_POINT ( 'NONE',  ( -0.1968503937007874405, 0.1542913385826770178, 0.03047633456343861250 ) ) ;
#1163 = CARTESIAN_POINT ( 'NONE',  ( 1.274015748031495754, 0.000000000000000000, -1.714566929133858331 ) ) ;
#1164 = DIRECTION ( 'NONE',  ( 1.000000000000000000, 0.000000000000000000, -0.000000000000000000 ) ) ;
#1165 = ORIENTED_EDGE ( 'NONE', *, *, #1817, .F. ) ;
#1166 = ORIENTED_EDGE ( 'NONE', *, *, #1351, .T. ) ;
#1167 = CARTESIAN_POINT ( 'NONE',  ( 2.921077407484010457, -0.4365927035630998154, -1.197134941748149828 ) ) ;
#1168 = LINE ( 'NONE', #1389, #389 ) ;
#1169 = SECURITY_CLASSIFICATION_LEVEL ( 'unclassified' ) ;
#1170 = ORIENTED_EDGE ( 'NONE', *, *, #775, .F. ) ;
#1171 = EDGE_CURVE ( 'NONE', #1231, #2277, #1726, .T. ) ;
#1172 = CARTESIAN_POINT ( 'NONE',  ( 1.104165762672697948, 1.968503937007874072, -1.517716535433071057 ) ) ;
#1173 = EDGE_CURVE ( 'NONE', #2744, #34, #344, .T. ) ;
#1174 = DIRECTION ( 'NONE',  ( -0.000000000000000000, 0.9486832980505147672, 0.3162277660168353877 ) ) ;
#1175 = CARTESIAN_POINT ( 'NONE',  ( 0.1771653543307086520, 0.1542913385826771844, 0.6033503503114702182 ) ) ;
#1176 = VECTOR ( 'NONE', #977, 39.37007874015748143 ) ;
#1177 = LINE ( 'NONE', #745, #1880 ) ;
#1178 = AXIS2_PLACEMENT_3D ( 'NONE', #1099, #1987, #2883 ) ;
#1179 = CARTESIAN_POINT ( 'NONE',  ( 0.000000000000000000, 0.000000000000000000, 0.6820511377130451525 ) ) ;
#1180 = AXIS2_PLACEMENT_3D ( 'NONE', #738, #973, #956 ) ;
#1181 = VECTOR ( 'NONE', #1923, 39.37007874015748143 ) ;
#1182 = ORIENTED_EDGE ( 'NONE', *, *, #911, .T. ) ;
#1183 = ORIENTED_EDGE ( 'NONE', *, *, #33, .F. ) ;
#1184 = DIRECTION ( 'NONE',  ( 1.365041640558097153E-17, 0.7643374360351171681, 0.6448164730179148929 ) ) ;
#1185 = CARTESIAN_POINT ( 'NONE',  ( 2.495828895414449077E-17, 1.279396918157245988, -1.183801676130207925 ) ) ;
#1186 = CALENDAR_DATE ( 2026, 10, 9 ) ;
#1187 = ORIENTED_EDGE ( 'NONE', *, *, #2378, .F. ) ;
#1188 = CARTESIAN_POINT ( 'NONE',  ( 0.4724409448818898127, -0.03937007874015747977, 0.03047633456343861250 ) ) ;
#1189 = CARTESIAN_POINT ( 'NONE',  ( 0.9905511811023620661, 1.845275590551181288, -1.714566929133858331 ) ) ;
#1190 = FACE_OUTER_BOUND ( 'NONE', #1114, .T. ) ;
#1191 = CC_DESIGN_PERSON_AND_ORGANIZATION_ASSIGNMENT ( #2699, #252, ( #1019 ) ) ;
#1192 = EDGE_CURVE ( 'NONE', #1657, #2562, #1081, .T. ) ;
#1193 = DIRECTION ( 'NONE',  ( 0.000000000000000000, 0.7643374360351172792, 0.6448164730179148929 ) ) ;
#1194 = CARTESIAN_POINT ( 'NONE',  ( 2.528740157480314998, 1.148350422459205156, -1.028464852840886401 ) ) ;
#1195 = ADVANCED_FACE ( 'NONE', ( #1956 ), #2634, .T. ) ;
#1196 = EDGE_CURVE ( 'NONE', #2707, #1714, #2413, .T. ) ;
#1197 = ORIENTED_EDGE ( 'NONE', *, *, #143, .T. ) ;
#1198 = ORIENTED_EDGE ( 'NONE', *, *, #421, .T. ) ;
#1199 = LINE ( 'NONE', #250, #2197 ) ;
#1200 = CYLINDRICAL_SURFACE ( 'NONE', #2818, 0.09842519685039344268 ) ;
#1201 = APPROVAL_ROLE ( '' ) ;
#1202 = ORIENTED_EDGE ( 'NONE', *, *, #180, .T. ) ;
#1203 = DIRECTION ( 'NONE',  ( -0.000000000000000000, 0.7643374360351171681, 0.6448164730179148929 ) ) ;
#1204 = DIRECTION ( 'NONE',  ( -1.000000000000000000, 0.000000000000000000, 0.000000000000000000 ) ) ;
#1205 = CARTESIAN_POINT ( 'NONE',  ( 2.135039370078739562, 1.065032954359468986, -0.7897012022381354468 ) ) ;
#1206 = LINE ( 'NONE', #2717, #1370 ) ;
#1207 = VERTEX_POINT ( 'NONE', #1793 ) ;
#1208 = ADVANCED_FACE ( 'NONE', ( #217 ), #1339, .T. ) ;
#1209 = EDGE_CURVE ( 'NONE', #2014, #60, #1969, .T. ) ;
#1210 = ORIENTED_EDGE ( 'NONE', *, *, #1059, .F. ) ;
#1211 = LINE ( 'NONE', #1232, #1711 ) ;
#1212 = FACE_OUTER_BOUND ( 'NONE', #2331, .T. ) ;
#1213 = APPLICATION_CONTEXT ( 'configuration controlled 3d designs of mechanical parts and assemblies' ) ;
#1214 = APPROVAL_DATE_TIME ( #2532, #1402 ) ;
#1215 = ORIENTED_EDGE ( 'NONE', *, *, #1252, .T. ) ;
#1216 = CARTESIAN_POINT ( 'NONE',  ( 2.922440944881889546, 0.9706450952495431217, -0.8178206775556173813 ) ) ;
#1217 =( NAMED_UNIT ( * ) SI_UNIT ( $, .STERADIAN. ) SOLID_ANGLE_UNIT ( ) );
#1218 = DIRECTION ( 'NONE',  ( 0.000000000000000000, -0.6448164730179147819, 0.7643374360351171681 ) ) ;
#1219 = ORIENTED_EDGE ( 'NONE', *, *, #2378, .T. ) ;
#1220 = AXIS2_PLACEMENT_3D ( 'NONE', #1511, #1103, #1992 ) ;
#1221 = DIRECTION ( 'NONE',  ( 1.000000000000000000, -1.734723475976808672E-15, 0.000000000000000000 ) ) ;
#1222 = APPROVAL_PERSON_ORGANIZATION ( #1346, #2661, #2407 ) ;
#1223 = VECTOR ( 'NONE', #1753, 39.37007874015748143 ) ;
#1224 = CARTESIAN_POINT ( 'NONE',  ( 1.347637795275590245, 1.128499142648633713, -0.8649312648400168113 ) ) ;
#1225 = LOCAL_TIME ( 23, 2, 26.00000000000000000, #1390 ) ;
#1226 = ORIENTED_EDGE ( 'NONE', *, *, #2087, .T. ) ;
#1227 = AXIS2_PLACEMENT_3D ( 'NONE', #1585, #1381, #493 ) ;
#1228 = APPROVAL ( #534, 'UNSPECIFIED' ) ;
#1229 = CIRCLE ( 'NONE', #2869, 0.01968503937007875723 ) ;
#1230 = EDGE_CURVE ( 'NONE', #2146, #837, #2673, .T. ) ;
#1231 = VERTEX_POINT ( 'NONE', #2453 ) ;
#1232 = CARTESIAN_POINT ( 'NONE',  ( -0.4724409448818898127, 0.2637795275590551491, 0.0009487755083205095001 ) ) ;
#1233 = DIRECTION ( 'NONE',  ( 1.606225440719265874E-17, 0.000000000000000000, -1.000000000000000000 ) ) ;
#1234 = PERSON_AND_ORGANIZATION ( #866, #2112 ) ;
#1235 = AXIS2_PLACEMENT_3D ( 'NONE', #2144, #2398, #1928 ) ;
#1236 = ORIENTED_EDGE ( 'NONE', *, *, #1983, .F. ) ;
#1237 = DIRECTION ( 'NONE',  ( 1.000000000000000000, -1.043352427625345896E-17, -8.802013361872603484E-18 ) ) ;
#1238 =( CONVERSION_BASED_UNIT ( 'INCH', #582 ) LENGTH_UNIT ( ) NAMED_UNIT ( #2274 ) );
#1239 = DIRECTION ( 'NONE',  ( -0.000000000000000000, 0.7643374360351170571, 0.6448164730179147819 ) ) ;
#1240 = ORIENTED_EDGE ( 'NONE', *, *, #1910, .F. ) ;
#1241 = DIRECTION ( 'NONE',  ( 0.000000000000000000, 0.7643374360351171681, 0.6448164730179147819 ) ) ;
#1242 = AXIS2_PLACEMENT_3D ( 'NONE', #2145, #166, #1070 ) ;
#1243 = VECTOR ( 'NONE', #972, 39.37007874015748143 ) ;
#1244 = PLANE ( 'NONE',  #1605 ) ;
#1245 = EDGE_LOOP ( 'NONE', ( #1505, #2379, #2265, #415 ) ) ;
#1246 = ORIENTED_EDGE ( 'NONE', *, *, #911, .F. ) ;
#1247 = CARTESIAN_POINT ( 'NONE',  ( -0.1771653543307086243, -0.03937007874015747977, 0.5344133424374544195 ) ) ;
#1248 = DIRECTION ( 'NONE',  ( 0.000000000000000000, 0.000000000000000000, -1.000000000000000000 ) ) ;
#1249 = SECURITY_CLASSIFICATION_LEVEL ( 'unclassified' ) ;
#1250 = VERTEX_POINT ( 'NONE', #670 ) ;
#1251 = LINE ( 'NONE', #1894, #126 ) ;
#1252 = EDGE_CURVE ( 'NONE', #2832, #1588, #995, .T. ) ;
#1253 = EDGE_CURVE ( 'NONE', #380, #2150, #2000, .T. ) ;
#1254 = EDGE_LOOP ( 'NONE', ( #1374, #2405, #1720, #2080 ) ) ;
#1255 = FACE_BOUND ( 'NONE', #2075, .T. ) ;
#1256 = DIRECTION ( 'NONE',  ( 0.000000000000000000, 0.000000000000000000, 1.000000000000000000 ) ) ;
#1257 = CARTESIAN_POINT ( 'NONE',  ( -0.4724409448818898127, 0.1062992125984252023, 0.03047633456343861250 ) ) ;
#1258 = ORIENTED_EDGE ( 'NONE', *, *, #421, .F. ) ;
#1259 = CARTESIAN_POINT ( 'NONE',  ( 2.135039370078739562, 1.041505205734035044, -1.067093704020227962 ) ) ;
#1260 = CARTESIAN_POINT ( 'NONE',  ( 2.135039370078739562, 0.05042511887492662909, -1.774424712221095435 ) ) ;
#1261 = DATE_AND_TIME ( #1918, #1830 ) ;
#1262 = ORIENTED_EDGE ( 'NONE', *, *, #395, .F. ) ;
#1263 = CARTESIAN_POINT ( 'NONE',  ( 0.1771653543307086520, 0.05586614173228346414, 0.03047633456343864719 ) ) ;
#1264 =( LENGTH_UNIT ( ) NAMED_UNIT ( * ) SI_UNIT ( $, .METRE. ) );
#1265 = EDGE_CURVE ( 'NONE', #1127, #2003, #1310, .T. ) ;
#1266 = EDGE_CURVE ( 'NONE', #1282, #1481, #1755, .T. ) ;
#1267 = DIRECTION ( 'NONE',  ( 0.000000000000000000, -0.6448164730179153370, 0.7643374360351167240 ) ) ;
#1268 = DIRECTION ( 'NONE',  ( 0.000000000000000000, -0.6448164730179147819, 0.7643374360351171681 ) ) ;
#1269 = DIRECTION ( 'NONE',  ( 0.000000000000000000, -0.6448164730179147819, 0.7643374360351171681 ) ) ;
#1270 = ORIENTED_EDGE ( 'NONE', *, *, #1607, .F. ) ;
#1271 = VECTOR ( 'NONE', #1287, 39.37007874015748143 ) ;
#1272 = VECTOR ( 'NONE', #1469, 39.37007874015748854 ) ;
#1273 = VECTOR ( 'NONE', #2412, 39.37007874015748143 ) ;
#1274 = ORIENTED_EDGE ( 'NONE', *, *, #87, .T. ) ;
#1275 = LINE ( 'NONE', #182, #2602 ) ;
#1276 = LINE ( 'NONE', #2166, #907 ) ;
#1277 = LOCAL_TIME ( 23, 2, 26.00000000000000000, #2769 ) ;
#1278 = AXIS2_PLACEMENT_3D ( 'NONE', #1905, #151, #752 ) ;
#1279 = ORIENTED_EDGE ( 'NONE', *, *, #1373, .T. ) ;
#1280 = AXIS2_PLACEMENT_3D ( 'NONE', #8, #1778, #2232 ) ;
#1281 = LINE ( 'NONE', #2815, #2369 ) ;
#1282 = VERTEX_POINT ( 'NONE', #2650 ) ;
#1283 = LINE ( 'NONE', #1454, #111 ) ;
#1284 = EDGE_CURVE ( 'NONE', #1481, #2839, #428, .T. ) ;
#1285 = EDGE_CURVE ( 'NONE', #98, #602, #643, .T. ) ;
#1286 = FACE_OUTER_BOUND ( 'NONE', #611, .T. ) ;
#1287 = DIRECTION ( 'NONE',  ( -1.000000000000000000, 0.000000000000000000, 0.000000000000000000 ) ) ;
#1288 = ORIENTED_EDGE ( 'NONE', *, *, #1660, .F. ) ;
#1289 = EDGE_CURVE ( 'NONE', #870, #1051, #2198, .T. ) ;
#1290 = EDGE_CURVE ( 'NONE', #1329, #2370, #1737, .T. ) ;
#1291 = ORIENTED_EDGE ( 'NONE', *, *, #1266, .F. ) ;
#1292 = CARTESIAN_POINT ( 'NONE',  ( 1.347637795275590245, 0.8891863538400399669, -0.8865415537757125319 ) ) ;
#1293 = ORIENTED_EDGE ( 'NONE', *, *, #499, .T. ) ;
#1294 = CARTESIAN_POINT ( 'NONE',  ( 1.667716535433073632, 1.561096847681635591, -1.714566929133858331 ) ) ;
#1295 = EDGE_LOOP ( 'NONE', ( #403, #921, #1933, #2463, #2605, #1811, #2888, #2218 ) ) ;
#1296 = CYLINDRICAL_SURFACE ( 'NONE', #478, 0.01968503937007872254 ) ;
#1297 = DIRECTION ( 'NONE',  ( 0.000000000000000000, -0.6448164730179154480, 0.7643374360351166130 ) ) ;
#1298 = DIRECTION ( 'NONE',  ( 0.000000000000000000, 0.7643374360351172792, 0.6448164730179148929 ) ) ;
#1299 = CARTESIAN_POINT ( 'NONE',  ( 1.274015748031495754, 1.561096847681635591, -1.517716535433071057 ) ) ;
#1300 = VECTOR ( 'NONE', #796, 39.37007874015748143 ) ;
#1301 = ADVANCED_FACE ( 'NONE', ( #1352 ), #848, .T. ) ;
#1302 = EDGE_CURVE ( 'NONE', #1095, #854, #1739, .T. ) ;
#1303 = VERTEX_POINT ( 'NONE', #1542 ) ;
#1304 = LINE ( 'NONE', #1743, #1635 ) ;
#1305 = ORIENTED_EDGE ( 'NONE', *, *, #329, .F. ) ;
#1306 = CYLINDRICAL_SURFACE ( 'NONE', #426, 0.1377952755905515192 ) ;
#1307 = ORIENTED_EDGE ( 'NONE', *, *, #1910, .T. ) ;
#1308 = LINE ( 'NONE', #1119, #286 ) ;
#1309 = CARTESIAN_POINT ( 'NONE',  ( 1.741338582677165014, 0.8891863538400399669, -0.8865415537757125319 ) ) ;
#1310 = LINE ( 'NONE', #632, #1691 ) ;
#1311 = CARTESIAN_POINT ( 'NONE',  ( -0.1771653543307086243, -0.03937007874015747977, 0.4792952322012339339 ) ) ;
#1312 = ORIENTED_EDGE ( 'NONE', *, *, #261, .F. ) ;
#1313 = VECTOR ( 'NONE', #292, 39.37007874015748143 ) ;
#1314 = AXIS2_PLACEMENT_3D ( 'NONE', #2109, #1722, #2614 ) ;
#1315 = EDGE_CURVE ( 'NONE', #279, #185, #1851, .T. ) ;
#1316 = ADVANCED_FACE ( 'NONE', ( #2496 ), #1152, .F. ) ;
#1317 = VECTOR ( 'NONE', #1574, 39.37007874015748854 ) ;
#1318 = VERTEX_POINT ( 'NONE', #2241 ) ;
#1319 = LOCAL_TIME ( 23, 2, 26.00000000000000000, #1158 ) ;
#1320 = CARTESIAN_POINT ( 'NONE',  ( 0.3051181102362204300, 0.1062992125984252023, 0.03047633456343860903 ) ) ;
#1321 = CIRCLE ( 'NONE', #59, 0.09842519685039351207 ) ;
#1322 = VECTOR ( 'NONE', #96, 39.37007874015748143 ) ;
#1323 = VERTEX_POINT ( 'NONE', #52 ) ;
#1324 = CARTESIAN_POINT ( 'NONE',  ( 2.135039370078739562, 1.128499142648633713, -0.8649312648400168113 ) ) ;
#1325 = CARTESIAN_POINT ( 'NONE',  ( 1.741338582677165014, 1.148350422459205156, -1.028464852840886401 ) ) ;
#1326 = CARTESIAN_POINT ( 'NONE',  ( 1.741338582677165014, 1.059497758854374139, -0.9231427651982520022 ) ) ;
#1327 = DIRECTION ( 'NONE',  ( 0.000000000000000000, 0.7643374360351171681, 0.6448164730179147819 ) ) ;
#1328 = CARTESIAN_POINT ( 'NONE',  ( 2.528740157480314998, 0.9780390174448710949, -0.9918636414183470418 ) ) ;
#1329 = VERTEX_POINT ( 'NONE', #270 ) ;
#1330 = DATE_AND_TIME ( #1050, #2635 ) ;
#1331 = ORIENTED_EDGE ( 'NONE', *, *, #1533, .T. ) ;
#1332 = LINE ( 'NONE', #1115, #1547 ) ;
#1333 = CALENDAR_DATE ( 2026, 10, 9 ) ;
#1334 = ORIENTED_EDGE ( 'NONE', *, *, #824, .F. ) ;
#1335 = EDGE_CURVE ( 'NONE', #397, #673, #1412, .T. ) ;
#1336 = DIRECTION ( 'NONE',  ( 0.000000000000000000, -0.6448164730179147819, 0.7643374360351170571 ) ) ;
#1337 = FACE_OUTER_BOUND ( 'NONE', #899, .T. ) ;
#1338 = AXIS2_PLACEMENT_3D ( 'NONE', #831, #2151, #1053 ) ;
#1339 = PLANE ( 'NONE',  #2728 ) ;
#1340 = DIRECTION ( 'NONE',  ( 0.5002444722259978827, 0.000000000000000000, 0.8658842116630448560 ) ) ;
#1341 = DIRECTION ( 'NONE',  ( 0.000000000000000000, 0.7643374360351170571, 0.6448164730179147819 ) ) ;
#1342 = ORIENTED_EDGE ( 'NONE', *, *, #1479, .F. ) ;
#1343 = EDGE_LOOP ( 'NONE', ( #601, #2408 ) ) ;
#1344 = CARTESIAN_POINT ( 'NONE',  ( 1.347637795275590245, 1.148350422459205156, -1.028464852840886401 ) ) ;
#1345 = CARTESIAN_POINT ( 'NONE',  ( 2.135039370078739562, 0.9780390174448710949, -0.9918636414183470418 ) ) ;
#1346 = PERSON_AND_ORGANIZATION ( #866, #2112 ) ;
#1347 = ORIENTED_EDGE ( 'NONE', *, *, #246, .F. ) ;
#1348 = DIRECTION ( 'NONE',  ( 0.000000000000000000, -0.000000000000000000, 1.000000000000000000 ) ) ;
#1349 = LINE ( 'NONE', #238, #2585 ) ;
#1350 = EDGE_CURVE ( 'NONE', #2153, #1991, #1618, .T. ) ;
#1351 = EDGE_CURVE ( 'NONE', #1614, #1727, #2715, .T. ) ;
#1352 = FACE_OUTER_BOUND ( 'NONE', #765, .T. ) ;
#1353 = FACE_BOUND ( 'NONE', #412, .T. ) ;
#1354 = ORIENTED_EDGE ( 'NONE', *, *, #1441, .T. ) ;
#1355 = EDGE_LOOP ( 'NONE', ( #2374, #1437, #153, #263 ) ) ;
#1356 = DIRECTION ( 'NONE',  ( -0.000000000000000000, 0.7643374360351171681, 0.6448164730179148929 ) ) ;
#1357 = DIRECTION ( 'NONE',  ( 1.606225440719265874E-17, 0.000000000000000000, -1.000000000000000000 ) ) ;
#1358 = DATE_AND_TIME ( #725, #2160 ) ;
#1359 = VECTOR ( 'NONE', #461, 39.37007874015748143 ) ;
#1360 = AXIS2_PLACEMENT_3D ( 'NONE', #800, #2129, #1011 ) ;
#1361 = APPLICATION_CONTEXT ( 'configuration controlled 3d designs of mechanical parts and assemblies' ) ;
#1362 = ORIENTED_EDGE ( 'NONE', *, *, #984, .F. ) ;
#1363 = VECTOR ( 'NONE', #2569, 39.37007874015748143 ) ;
#1364 = PLANE ( 'NONE',  #1087 ) ;
#1365 = CARTESIAN_POINT ( 'NONE',  ( 3.165912977484781621, 0.000000000000000000, -1.517716535433071057 ) ) ;
#1366 = AXIS2_PLACEMENT_3D ( 'NONE', #275, #1357, #2291 ) ;
#1367 = DIRECTION ( 'NONE',  ( 0.000000000000000000, -0.6448164730179147819, 0.7643374360351171681 ) ) ;
#1368 = ORIENTED_EDGE ( 'NONE', *, *, #1007, .T. ) ;
#1369 = LINE ( 'NONE', #687, #484 ) ;
#1370 = VECTOR ( 'NONE', #1882, 39.37007874015748143 ) ;
#1371 = ADVANCED_FACE ( 'NONE', ( #1646 ), #2704, .F. ) ;
#1372 = EDGE_LOOP ( 'NONE', ( #1590, #772, #1770, #2025 ) ) ;
#1373 = EDGE_CURVE ( 'NONE', #116, #2813, #2040, .T. ) ;
#1374 = ORIENTED_EDGE ( 'NONE', *, *, #1427, .T. ) ;
#1375 = CARTESIAN_POINT ( 'NONE',  ( 0.3051181102362204300, -0.03937007874015747977, 0.6820511377130451525 ) ) ;
#1376 = DIRECTION ( 'NONE',  ( -0.000000000000000000, -1.000000000000000000, -0.000000000000000000 ) ) ;
#1377 = PERSON_AND_ORGANIZATION_ROLE ( 'creator' ) ;
#1378 = ORIENTED_EDGE ( 'NONE', *, *, #463, .T. ) ;
#1379 = UNCERTAINTY_MEASURE_WITH_UNIT (LENGTH_MEASURE( 1.000000000000000082E-05 ), #2376, 'distance_accuracy_value', 'NONE');
#1380 = DIRECTION ( 'NONE',  ( 0.000000000000000000, -0.6448164730179147819, 0.7643374360351171681 ) ) ;
#1381 = DIRECTION ( 'NONE',  ( -1.606225440719265874E-17, 0.000000000000000000, 1.000000000000000000 ) ) ;
#1382 = PLANE ( 'NONE',  #1784 ) ;
#1383 = PLANE ( 'NONE',  #15 ) ;
#1384 = ORIENTED_EDGE ( 'NONE', *, *, #457, .F. ) ;
#1385 = EDGE_CURVE ( 'NONE', #2106, #2687, #2480, .T. ) ;
#1386 = EDGE_CURVE ( 'NONE', #2773, #112, #1647, .T. ) ;
#1387 = ORIENTED_EDGE ( 'NONE', *, *, #1750, .F. ) ;
#1388 = CARTESIAN_POINT ( 'NONE',  ( 2.135039370078739562, 1.066891681049702223, -1.097185729060981441 ) ) ;
#1389 = CARTESIAN_POINT ( 'NONE',  ( -0.4724409448818898127, -0.03937007874015747977, 0.03047633456343861250 ) ) ;
#1390 = COORDINATED_UNIVERSAL_TIME_OFFSET ( 3, 0, .AHEAD. ) ;
#1391 = VERTEX_POINT ( 'NONE', #715 ) ;
#1392 = LINE ( 'NONE', #742, #961 ) ;
#1393 = CARTESIAN_POINT ( 'NONE',  ( 0.1771653543307084855, 0.03618110236220472425, 0.6033503503114702182 ) ) ;
#1394 = DIRECTION ( 'NONE',  ( -0.4039477917135460006, 0.5898665289171575177, -0.6992021593451879236 ) ) ;
#1395 = DIRECTION ( 'NONE',  ( 0.000000000000000000, 0.7643374360351172792, 0.6448164730179148929 ) ) ;
#1396 = DIRECTION ( 'NONE',  ( 0.000000000000000000, 0.7643374360351172792, 0.6448164730179148929 ) ) ;
#1397 = ORIENTED_EDGE ( 'NONE', *, *, #2392, .F. ) ;
#1398 = ORIENTED_EDGE ( 'NONE', *, *, #627, .T. ) ;
#1399 = CARTESIAN_POINT ( 'NONE',  ( 2.922440944881889546, 1.148350422459205156, -1.028464852840886401 ) ) ;
#1400 = LINE ( 'NONE', #914, #2774 ) ;
#1401 = CALENDAR_DATE ( 2026, 10, 9 ) ;
#1402 = APPROVAL ( #1626, 'UNSPECIFIED' ) ;
#1403 = EDGE_CURVE ( 'NONE', #791, #2277, #1602, .T. ) ;
#1404 = ORIENTED_EDGE ( 'NONE', *, *, #1999, .F. ) ;
#1405 = LINE ( 'NONE', #755, #2498 ) ;
#1406 = AXIS2_PLACEMENT_3D ( 'NONE', #923, #2529, #1857 ) ;
#1407 = LINE ( 'NONE', #1630, #2344 ) ;
#1408 = ADVANCED_FACE ( 'NONE', ( #730 ), #1382, .T. ) ;
#1409 = CARTESIAN_POINT ( 'NONE',  ( 2.922440944881889546, 0.1138913071640913627, -1.849654774822976799 ) ) ;
#1410 = VECTOR ( 'NONE', #929, 39.37007874015748143 ) ;
#1411 = CARTESIAN_POINT ( 'NONE',  ( 2.922440944881889546, 0.9780390174448710949, -0.9918636414183470418 ) ) ;
#1412 = CIRCLE ( 'NONE', #900, 0.1377952755905514359 ) ;
#1413 = APPROVAL_PERSON_ORGANIZATION ( #2679, #26, #383 ) ;
#1414 = CARTESIAN_POINT ( 'NONE',  ( 3.165912977484781621, 0.000000000000000000, -1.517716535433071057 ) ) ;
#1415 = AXIS2_PLACEMENT_3D ( 'NONE', #2709, #2047, #293 ) ;
#1416 = CIRCLE ( 'NONE', #1789, 0.1377952755905514359 ) ;
#1417 = ORIENTED_EDGE ( 'NONE', *, *, #262, .T. ) ;
#1418 = PERSON ( 'NAUO-PER1', 'UNSPECIFIED', 'UNSPECIFIED', ('UNSPECIFIED'), ('UNSPECIFIED'), ('UNSPECIFIED') ) ;
#1419 = ORIENTED_EDGE ( 'NONE', *, *, #2806, .F. ) ;
#1420 = DIRECTION ( 'NONE',  ( -5.240856422890653836E-17, 0.000000000000000000, -1.000000000000000000 ) ) ;
#1421 = CARTESIAN_POINT ( 'NONE',  ( 2.921077407484010457, 0.5724799364163474236, -0.3458529947253053960 ) ) ;
#1422 = COORDINATED_UNIVERSAL_TIME_OFFSET ( 3, 0, .AHEAD. ) ;
#1423 = VERTEX_POINT ( 'NONE', #494 ) ;
#1424 = CARTESIAN_POINT ( 'NONE',  ( 2.528740157480314998, 0.05042511887492662909, -1.774424712221095435 ) ) ;
#1425 = PLANE ( 'NONE',  #154 ) ;
#1426 = CARTESIAN_POINT ( 'NONE',  ( 0.1771653543307084855, -0.03940944881889763690, 0.4792952322012339339 ) ) ;
#1427 = EDGE_CURVE ( 'NONE', #2289, #287, #2771, .T. ) ;
#1428 = EDGE_CURVE ( 'NONE', #916, #2449, #1177, .T. ) ;
#1429 = PLANE ( 'NONE',  #1932 ) ;
#1430 = VECTOR ( 'NONE', #2640, 39.37007874015748143 ) ;
#1431 = EDGE_LOOP ( 'NONE', ( #131, #2264, #183, #1107 ) ) ;
#1432 = VECTOR ( 'NONE', #125, 39.37007874015748143 ) ;
#1433 = ORIENTED_EDGE ( 'NONE', *, *, #354, .T. ) ;
#1434 = CARTESIAN_POINT ( 'NONE',  ( 0.1968503937007873850, 0.05586614173228360986, 0.0009487755083205084159 ) ) ;
#1435 = CARTESIAN_POINT ( 'NONE',  ( 0.2362204724409448231, 0.1062992125984252023, 0.5737834211776119409 ) ) ;
#1436 = ITEM_DEFINED_TRANSFORMATION ( 'NONE', 'NONE', #55,  #526 ) ;
#1437 = ORIENTED_EDGE ( 'NONE', *, *, #1797, .T. ) ;
#1438 = CARTESIAN_POINT ( 'NONE',  ( -0.1771653543307085132, 0.03618110236220472425, 0.6033503503114702182 ) ) ;
#1439 = CARTESIAN_POINT ( 'NONE',  ( 2.921077407484010457, -0.2588873763534383365, -1.407779117033418181 ) ) ;
#1440 = FACE_OUTER_BOUND ( 'NONE', #1431, .T. ) ;
#1441 = EDGE_CURVE ( 'NONE', #1893, #325, #2525, .T. ) ;
#1442 = EDGE_CURVE ( 'NONE', #1966, #1089, #2296, .T. ) ;
#1443 = CARTESIAN_POINT ( 'NONE',  ( 0.1771653543307084855, 0.1739763779527559173, 0.03047633456343864719 ) ) ;
#1444 = EDGE_LOOP ( 'NONE', ( #420, #2457, #842, #53 ) ) ;
#1445 = EDGE_LOOP ( 'NONE', ( #171, #374, #1745, #220 ) ) ;
#1446 = DIRECTION ( 'NONE',  ( 1.000000000000000000, -0.000000000000000000, 0.000000000000000000 ) ) ;
#1447 = DIRECTION ( 'NONE',  ( 0.000000000000000000, 0.7643374360351172792, 0.6448164730179148929 ) ) ;
#1448 = SECURITY_CLASSIFICATION_LEVEL ( 'unclassified' ) ;
#1449 = ORIENTED_EDGE ( 'NONE', *, *, #277, .T. ) ;
#1450 = CARTESIAN_POINT ( 'NONE',  ( -0.1968503937007873850, 0.05586614173228346414, 0.6033503503114702182 ) ) ;
#1451 = SHAPE_REPRESENTATION_RELATIONSHIP ( 'NONE' , 'NONE' ,  #2259, #2217 ) ;
#1452 = LINE ( 'NONE', #788, #1363 ) ;
#1453 = ORIENTED_EDGE ( 'NONE', *, *, #2015, .T. ) ;
#1454 = CARTESIAN_POINT ( 'NONE',  ( 0.2657480314960629086, -0.03937007874015747977, 0.0009487755083205095001 ) ) ;
#1455 = AXIS2_PLACEMENT_3D ( 'NONE', #2855, #638, #1787 ) ;
#1456 = CIRCLE ( 'NONE', #1829, 0.01968503937007875723 ) ;
#1457 = DIRECTION ( 'NONE',  ( -0.000000000000000000, -0.000000000000000000, -1.000000000000000000 ) ) ;
#1458 = CC_DESIGN_APPROVAL ( #1228, ( #667 ) ) ;
#1459 = ORIENTED_EDGE ( 'NONE', *, *, #2223, .T. ) ;
#1460 = AXIS2_PLACEMENT_3D ( 'NONE', #1439, #757, #2083 ) ;
#1461 = AXIS2_PLACEMENT_3D ( 'NONE', #1179, #2275, #1164 ) ;
#1462 = ADVANCED_FACE ( 'NONE', ( #2084 ), #83, .F. ) ;
#1463 = ORIENTED_EDGE ( 'NONE', *, *, #2735, .T. ) ;
#1464 = CARTESIAN_POINT ( 'NONE',  ( 2.921077407484010457, 0.6414813202106078860, -0.2876414943670705937 ) ) ;
#1465 = DIRECTION ( 'NONE',  ( 0.000000000000000000, -0.6448164730179144488, 0.7643374360351175012 ) ) ;
#1466 = CALENDAR_DATE ( 2026, 10, 9 ) ;
#1467 = ORIENTED_EDGE ( 'NONE', *, *, #945, .F. ) ;
#1468 = CYLINDRICAL_SURFACE ( 'NONE', #1338, 0.01968503937007875723 ) ;
#1469 = DIRECTION ( 'NONE',  ( 0.000000000000000000, 0.7643374360351171681, 0.6448164730179147819 ) ) ;
#1470 = AXIS2_PLACEMENT_3D ( 'NONE', #849, #1738, #2636 ) ;
#1471 = CARTESIAN_POINT ( 'NONE',  ( 2.996062992125983815, 1.167396060280057490, -1.517716535433071057 ) ) ;
#1472 = DIRECTION ( 'NONE',  ( 0.5002444722259977716, 0.000000000000000000, -0.8658842116630449670 ) ) ;
#1473 = ORIENTED_EDGE ( 'NONE', *, *, #2208, .F. ) ;
#1474 = VECTOR ( 'NONE', #563, 39.37007874015748143 ) ;
#1475 = ORIENTED_EDGE ( 'NONE', *, *, #2824, .T. ) ;
#1476 = CARTESIAN_POINT ( 'NONE',  ( 3.165912977484781621, 1.968503937007874072, -1.517716535433071057 ) ) ;
#1477 = CARTESIAN_POINT ( 'NONE',  ( 0.000000000000000000, 0.3988188976377906592, 0.000000000000000000 ) ) ;
#1478 = PERSON_AND_ORGANIZATION_ROLE ( 'classification_officer' ) ;
#1479 = EDGE_CURVE ( 'NONE', #1303, #1657, #2762, .T. ) ;
#1480 = ADVANCED_FACE ( 'NONE', ( #405, #2865 ), #1997, .F. ) ;
#1481 = VERTEX_POINT ( 'NONE', #1325 ) ;
#1482 = DIRECTION ( 'NONE',  ( -0.000000000000000000, -1.000000000000000000, -0.000000000000000000 ) ) ;
#1483 = CARTESIAN_POINT ( 'NONE',  ( -0.1968503937007874682, 0.000000000000000000, 0.4989802715713128611 ) ) ;
#1484 = CARTESIAN_POINT ( 'NONE',  ( -0.1771653543307086243, -0.03937007874015747977, 0.5344133424374544195 ) ) ;
#1485 = CARTESIAN_POINT ( 'NONE',  ( 0.9905511811023620661, 0.3988188976377952666, -1.714566929133858331 ) ) ;
#1486 = LINE ( 'NONE', #1443, #1938 ) ;
#1487 = ORIENTED_EDGE ( 'NONE', *, *, #2533, .T. ) ;
#1488 = VERTEX_POINT ( 'NONE', #2647 ) ;
#1489 = CARTESIAN_POINT ( 'NONE',  ( 0.1968503937007873850, 0.05586614173228360986, 0.03047633456343864719 ) ) ;
#1490 = CARTESIAN_POINT ( 'NONE',  ( -0.1968503937007873850, 0.05586614173228358904, 0.0009487755083205020191 ) ) ;
#1491 = ORIENTED_EDGE ( 'NONE', *, *, #927, .F. ) ;
#1492 = ADVANCED_FACE ( 'NONE', ( #2196 ), #2632, .F. ) ;
#1493 = CARTESIAN_POINT ( 'NONE',  ( -0.1968503937007873850, 0.05586614173228358904, 0.6033503503114702182 ) ) ;
#1494 = EDGE_CURVE ( 'NONE', #310, #2738, #2213, .T. ) ;
#1495 = DIRECTION ( 'NONE',  ( -1.387778780781445676E-17, -0.7643374360351172792, -0.6448164730179145598 ) ) ;
#1496 = ORIENTED_EDGE ( 'NONE', *, *, #1302, .F. ) ;
#1497 = ADVANCED_FACE ( 'NONE', ( #1708 ), #2617, .F. ) ;
#1498 = EDGE_CURVE ( 'NONE', #1329, #1907, #243, .T. ) ;
#1499 = CARTESIAN_POINT ( 'NONE',  ( 1.347637795275590245, 0.9780390174448710949, -0.9918636414183470418 ) ) ;
#1500 = DIRECTION ( 'NONE',  ( -1.000000000000000000, 0.000000000000000000, 0.000000000000000000 ) ) ;
#1501 = LINE ( 'NONE', #2821, #1015 ) ;
#1502 = CYLINDRICAL_SURFACE ( 'NONE', #1470, 0.01968503937007875723 ) ;
#1503 =( GEOMETRIC_REPRESENTATION_CONTEXT ( 3 ) GLOBAL_UNCERTAINTY_ASSIGNED_CONTEXT ( ( #1148 ) ) GLOBAL_UNIT_ASSIGNED_CONTEXT ( ( #2856, #2655, #1952 ) ) REPRESENTATION_CONTEXT ( 'NONE', 'WORKASPACE' ) );
#1504 = AXIS2_PLACEMENT_3D ( 'NONE', #1080, #864, #2658 ) ;
#1505 = ORIENTED_EDGE ( 'NONE', *, *, #2464, .T. ) ;
#1506 = DIRECTION ( 'NONE',  ( 0.000000000000000000, 0.7643374360351171681, 0.6448164730179147819 ) ) ;
#1507 = SECURITY_CLASSIFICATION ( '', '', #1249 ) ;
#1508 = AXIS2_PLACEMENT_3D ( 'NONE', #2111, #68, #1218 ) ;
#1509 = ORIENTED_EDGE ( 'NONE', *, *, #1984, .T. ) ;
#1510 = VECTOR ( 'NONE', #1853, 39.37007874015748143 ) ;
#1511 = CARTESIAN_POINT ( 'NONE',  ( 2.495828895414449077E-17, 1.279396918157245988, -1.183801676130207925 ) ) ;
#1512 = ORIENTED_EDGE ( 'NONE', *, *, #2610, .F. ) ;
#1513 = FACE_OUTER_BOUND ( 'NONE', #208, .T. ) ;
#1514 = VECTOR ( 'NONE', #1472, 39.37007874015748854 ) ;
#1515 = DIRECTION ( 'NONE',  ( 0.000000000000000000, -0.6448164730179153370, 0.7643374360351167240 ) ) ;
#1516 = ADVANCED_FACE ( 'NONE', ( #599 ), #393, .F. ) ;
#1517 = VECTOR ( 'NONE', #434, 39.37007874015748143 ) ;
#1518 = ADVANCED_FACE ( 'NONE', ( #2184 ), #631, .T. ) ;
#1519 = CARTESIAN_POINT ( 'NONE',  ( 1.104165762672697948, 0.000000000000000000, -1.517716535433071057 ) ) ;
#1520 = EDGE_LOOP ( 'NONE', ( #934, #1675, #40, #1854 ) ) ;
#1521 = VERTEX_POINT ( 'NONE', #176 ) ;
#1522 = AXIS2_PLACEMENT_3D ( 'NONE', #2488, #1356, #467 ) ;
#1523 = LINE ( 'NONE', #1729, #2240 ) ;
#1524 = ORIENTED_EDGE ( 'NONE', *, *, #2542, .F. ) ;
#1525 = CARTESIAN_POINT ( 'NONE',  ( 2.921077407484010457, -0.2588873763534383365, -1.407779117033418181 ) ) ;
#1526 = SECURITY_CLASSIFICATION_LEVEL ( 'unclassified' ) ;
#1527 = AXIS2_PLACEMENT_3D ( 'NONE', #1224, #362, #377 ) ;
#1528 = VERTEX_POINT ( 'NONE', #835 ) ;
#1529 = FACE_BOUND ( 'NONE', #1603, .T. ) ;
#1530 = CARTESIAN_POINT ( 'NONE',  ( 2.135039370078739562, 0.9780390174448710949, -0.9918636414183470418 ) ) ;
#1531 = DIRECTION ( 'NONE',  ( 0.000000000000000000, 0.7643374360351172792, 0.6448164730179148929 ) ) ;
#1532 = DIRECTION ( 'NONE',  ( -0.000000000000000000, 1.000000000000000000, -0.000000000000000000 ) ) ;
#1533 = EDGE_CURVE ( 'NONE', #2738, #809, #2156, .T. ) ;
#1534 = EDGE_CURVE ( 'NONE', #1893, #116, #2381, .T. ) ;
#1535 = VECTOR ( 'NONE', #2810, 39.37007874015748143 ) ;
#1536 = ORIENTED_EDGE ( 'NONE', *, *, #1606, .T. ) ;
#1537 = ORIENTED_EDGE ( 'NONE', *, *, #2229, .F. ) ;
#1538 = DIRECTION ( 'NONE',  ( -1.000000000000000000, 0.000000000000000000, 0.000000000000000000 ) ) ;
#1539 = ORIENTED_EDGE ( 'NONE', *, *, #927, .T. ) ;
#1540 = CARTESIAN_POINT ( 'NONE',  ( 2.528740157480314998, 1.059497758854374139, -0.9231427651982520022 ) ) ;
#1541 = DIRECTION ( 'NONE',  ( 0.000000000000000000, -0.6448164730179153370, 0.7643374360351167240 ) ) ;
#1542 = CARTESIAN_POINT ( 'NONE',  ( -0.1968503937007873850, 0.05586614173228346414, 0.03047633456343864719 ) ) ;
#1543 = ORIENTED_EDGE ( 'NONE', *, *, #2623, .F. ) ;
#1544 = CARTESIAN_POINT ( 'NONE',  ( 2.922440944881889546, 0.9780390174448710949, -0.9918636414183470418 ) ) ;
#1545 = EDGE_LOOP ( 'NONE', ( #1433, #2393, #1473, #1312 ) ) ;
#1546 = CIRCLE ( 'NONE', #2200, 0.09842519685039360922 ) ;
#1547 = VECTOR ( 'NONE', #1077, 39.37007874015748143 ) ;
#1548 = ADVANCED_FACE ( 'NONE', ( #1942, #1286, #164, #187, #1725, #417, #1986 ), #2834, .T. ) ;
#1549 = AXIS2_PLACEMENT_3D ( 'NONE', #216, #2424, #1297 ) ;
#1550 = EDGE_LOOP ( 'NONE', ( #882, #2570, #20, #41 ) ) ;
#1551 = SECURITY_CLASSIFICATION ( '', '', #768 ) ;
#1552 = DIRECTION ( 'NONE',  ( 0.000000000000000000, 0.7643374360351170571, 0.6448164730179147819 ) ) ;
#1553 = VECTOR ( 'NONE', #2578, 39.37007874015748854 ) ;
#1554 = AXIS2_PLACEMENT_3D ( 'NONE', #1604, #495, #2074 ) ;
#1555 = VERTEX_POINT ( 'NONE', #1309 ) ;
#1556 = DIRECTION ( 'NONE',  ( 0.000000000000000000, 0.000000000000000000, 1.000000000000000000 ) ) ;
#1557 = DIRECTION ( 'NONE',  ( 0.000000000000000000, 0.000000000000000000, 1.000000000000000000 ) ) ;
#1558 = DIRECTION ( 'NONE',  ( 0.000000000000000000, 0.7643374360351171681, 0.6448164730179147819 ) ) ;
#1559 = PLANE ( 'NONE',  #676 ) ;
#1560 = CARTESIAN_POINT ( 'NONE',  ( -0.4724409448818898127, -0.03937007874015747977, 0.0009487755083205095001 ) ) ;
#1561 = AXIS2_PLACEMENT_3D ( 'NONE', #1777, #520, #538 ) ;
#1562 = ORIENTED_EDGE ( 'NONE', *, *, #537, .F. ) ;
#1563 = VECTOR ( 'NONE', #327, 39.37007874015748143 ) ;
#1564 = ORIENTED_EDGE ( 'NONE', *, *, #1140, .T. ) ;
#1565 = DIRECTION ( 'NONE',  ( 0.000000000000000000, -0.000000000000000000, -1.000000000000000000 ) ) ;
#1566 = DIRECTION ( 'NONE',  ( -0.5002444722259977716, 0.000000000000000000, 0.8658842116630449670 ) ) ;
#1567 = PERSON_AND_ORGANIZATION ( #866, #2112 ) ;
#1568 = EDGE_CURVE ( 'NONE', #1051, #1785, #2396, .T. ) ;
#1569 = VECTOR ( 'NONE', #411, 39.37007874015748143 ) ;
#1570 = VERTEX_POINT ( 'NONE', #1068 ) ;
#1571 = VECTOR ( 'NONE', #2697, 39.37007874015748143 ) ;
#1572 = DIRECTION ( 'NONE',  ( -0.000000000000000000, 0.7643374360351171681, 0.6448164730179147819 ) ) ;
#1573 = FACE_OUTER_BOUND ( 'NONE', #659, .T. ) ;
#1574 = DIRECTION ( 'NONE',  ( 0.000000000000000000, 0.7643374360351171681, 0.6448164730179147819 ) ) ;
#1575 = LINE ( 'NONE', #479, #630 ) ;
#1576 = ORIENTED_EDGE ( 'NONE', *, *, #555, .T. ) ;
#1577 = ORIENTED_EDGE ( 'NONE', *, *, #2415, .T. ) ;
#1578 = DIRECTION ( 'NONE',  ( 0.000000000000000000, 0.7643374360351171681, 0.6448164730179147819 ) ) ;
#1579 = PLANE ( 'NONE',  #2538 ) ;
#1580 = APPROVAL_DATE_TIME ( #1802, #981 ) ;
#1581 = CC_DESIGN_DATE_AND_TIME_ASSIGNMENT ( #561, #106, ( #1551 ) ) ;
#1582 = EDGE_CURVE ( 'NONE', #2793, #2014, #2882, .T. ) ;
#1583 = ORIENTED_EDGE ( 'NONE', *, *, #1696, .T. ) ;
#1584 = DIRECTION ( 'NONE',  ( 0.000000000000000000, -0.6448164730179147819, 0.7643374360351171681 ) ) ;
#1585 = CARTESIAN_POINT ( 'NONE',  ( -0.2657480314960630752, 0.1062992125984252023, 0.0009487755083205010433 ) ) ;
#1586 = DIRECTION ( 'NONE',  ( -1.000000000000000000, 0.000000000000000000, 0.000000000000000000 ) ) ;
#1587 = EDGE_CURVE ( 'NONE', #2127, #2819, #1764, .T. ) ;
#1588 = VERTEX_POINT ( 'NONE', #729 ) ;
#1589 = LINE ( 'NONE', #2482, #1977 ) ;
#1590 = ORIENTED_EDGE ( 'NONE', *, *, #2411, .T. ) ;
#1591 = ORIENTED_EDGE ( 'NONE', *, *, #517, .T. ) ;
#1592 = CARTESIAN_POINT ( 'NONE',  ( 0.1137257383584802523, -1.012813148431325416, -0.1968503937007875237 ) ) ;
#1593 = DIRECTION ( 'NONE',  ( -0.000000000000000000, 1.000000000000000000, 0.000000000000000000 ) ) ;
#1594 = CC_DESIGN_APPROVAL ( #2661, ( #2478 ) ) ;
#1595 = COORDINATED_UNIVERSAL_TIME_OFFSET ( 3, 0, .AHEAD. ) ;
#1596 = AXIS2_PLACEMENT_3D ( 'NONE', #37, #1395, #931 ) ;
#1597 = LOCAL_TIME ( 23, 2, 26.00000000000000000, #455 ) ;
#1598 = ORIENTED_EDGE ( 'NONE', *, *, #1498, .T. ) ;
#1599 = AXIS2_PLACEMENT_3D ( 'NONE', #2565, #1233, #120 ) ;
#1600 = DIRECTION ( 'NONE',  ( 0.000000000000000000, 1.000000000000000000, 0.000000000000000000 ) ) ;
#1601 = DIRECTION ( 'NONE',  ( -0.000000000000000000, 0.7643374360351170571, 0.6448164730179147819 ) ) ;
#1602 = LINE ( 'NONE', #1163, #1972 ) ;
#1603 = EDGE_LOOP ( 'NONE', ( #2043, #512, #1914, #1990, #2521, #2592, #1397, #2037 ) ) ;
#1604 = CARTESIAN_POINT ( 'NONE',  ( -0.1771653543307087630, -0.03940944881889763690, 0.4989802715713126946 ) ) ;
#1605 = AXIS2_PLACEMENT_3D ( 'NONE', #2133, #1269, #1057 ) ;
#1606 = EDGE_CURVE ( 'NONE', #1642, #291, #22, .T. ) ;
#1607 = EDGE_CURVE ( 'NONE', #628, #2127, #269, .T. ) ;
#1608 = ORIENTED_EDGE ( 'NONE', *, *, #1196, .T. ) ;
#1609 = EDGE_LOOP ( 'NONE', ( #1975, #65 ) ) ;
#1610 = CARTESIAN_POINT ( 'NONE',  ( -0.1771653543307085410, 0.1739763779527559451, 0.03047633456343864719 ) ) ;
#1611 = CARTESIAN_POINT ( 'NONE',  ( 2.996062992125983815, 1.167396060280057490, -1.714566929133858331 ) ) ;
#1612 = APPLICATION_PROTOCOL_DEFINITION ( 'international standard', 'config_control_design', 1994, #1213 ) ;
#1613 = VECTOR ( 'NONE', #419, 39.37007874015748143 ) ;
#1614 = VERTEX_POINT ( 'NONE', #36 ) ;
#1615 = CARTESIAN_POINT ( 'NONE',  ( 1.741338582677165014, 0.1138913071640913627, -1.849654774822976799 ) ) ;
#1616 = LINE ( 'NONE', #1818, #1971 ) ;
#1617 = CARTESIAN_POINT ( 'NONE',  ( 1.741338582677165014, 0.9780390174448710949, -0.9918636414183470418 ) ) ;
#1618 = LINE ( 'NONE', #239, #2535 ) ;
#1619 = CARTESIAN_POINT ( 'NONE',  ( -0.3051181102362205411, 0.000000000000000000, 0.000000000000000000 ) ) ;
#1620 = CC_DESIGN_DATE_AND_TIME_ASSIGNMENT ( #1, #516, ( #949 ) ) ;
#1621 = ADVANCED_FACE ( 'NONE', ( #1337 ), #1807, .F. ) ;
#1622 = VERTEX_POINT ( 'NONE', #226 ) ;
#1623 = VERTEX_POINT ( 'NONE', #684 ) ;
#1624 = DIRECTION ( 'NONE',  ( 0.000000000000000000, -0.000000000000000000, 1.000000000000000000 ) ) ;
#1625 = CYLINDRICAL_SURFACE ( 'NONE', #1180, 0.1377952755905515192 ) ;
#1626 = APPROVAL_STATUS ( 'not_yet_approved' ) ;
#1627 = AXIS2_PLACEMENT_3D ( 'NONE', #2607, #2136, #136 ) ;
#1628 = ORIENTED_EDGE ( 'NONE', *, *, #1373, .F. ) ;
#1629 = FACE_OUTER_BOUND ( 'NONE', #1372, .T. ) ;
#1630 = CARTESIAN_POINT ( 'NONE',  ( 0.2362204724409448231, -1.126887297386508504E-15, 0.5737834211776119409 ) ) ;
#1631 = FACE_OUTER_BOUND ( 'NONE', #825, .T. ) ;
#1632 = DIRECTION ( 'NONE',  ( 0.000000000000000000, 0.000000000000000000, 1.000000000000000000 ) ) ;
#1633 = DIRECTION ( 'NONE',  ( -1.000000000000000000, 0.000000000000000000, 0.000000000000000000 ) ) ;
#1634 = ORIENTED_EDGE ( 'NONE', *, *, #1403, .T. ) ;
#1635 = VECTOR ( 'NONE', #1959, 39.37007874015748143 ) ;
#1636 = VERTEX_POINT ( 'NONE', #1120 ) ;
#1637 = DIRECTION ( 'NONE',  ( 0.000000000000000000, 0.7643374360351172792, 0.6448164730179148929 ) ) ;
#1638 = LINE ( 'NONE', #1858, #1553 ) ;
#1639 = PERSON_AND_ORGANIZATION ( #866, #2112 ) ;
#1640 = ADVANCED_FACE ( 'NONE', ( #1573 ), #473, .F. ) ;
#1641 = EDGE_CURVE ( 'NONE', #602, #427, #1456, .T. ) ;
#1642 = VERTEX_POINT ( 'NONE', #2054 ) ;
#1643 = DIRECTION ( 'NONE',  ( 0.000000000000000000, -1.000000000000000000, -4.102386598593800521E-16 ) ) ;
#1644 = FACE_OUTER_BOUND ( 'NONE', #2269, .T. ) ;
#1645 = LINE ( 'NONE', #1426, #669 ) ;
#1646 = FACE_OUTER_BOUND ( 'NONE', #1867, .T. ) ;
#1647 = CIRCLE ( 'NONE', #1596, 0.09842519685039351207 ) ;
#1648 = VERTEX_POINT ( 'NONE', #2227 ) ;
#1649 = PRODUCT_DEFINITION_FORMATION_WITH_SPECIFIED_SOURCE ( 'ANY', '', #305, .NOT_KNOWN. ) ;
#1650 = LINE ( 'NONE', #303, #770 ) ;
#1651 = VECTOR ( 'NONE', #313, 39.37007874015748854 ) ;
#1652 = AXIS2_PLACEMENT_3D ( 'NONE', #994, #1396, #554 ) ;
#1653 = EDGE_LOOP ( 'NONE', ( #658, #123, #966, #2783 ) ) ;
#1654 = VERTEX_POINT ( 'NONE', #2239 ) ;
#1655 = DIRECTION ( 'NONE',  ( 0.000000000000000000, 0.000000000000000000, 1.000000000000000000 ) ) ;
#1656 = PLANE ( 'NONE',  #1278 ) ;
#1657 = VERTEX_POINT ( 'NONE', #1162 ) ;
#1658 = EDGE_CURVE ( 'NONE', #88, #1051, #2201, .T. ) ;
#1659 = DIRECTION ( 'NONE',  ( -0.000000000000000000, 0.7643374360351171681, 0.6448164730179147819 ) ) ;
#1660 = EDGE_CURVE ( 'NONE', #310, #932, #1349, .T. ) ;
#1661 = DIRECTION ( 'NONE',  ( 0.000000000000000000, 0.7643374360351172792, 0.6448164730179148929 ) ) ;
#1662 = AXIS2_PLACEMENT_3D ( 'NONE', #2103, #1446, #2826 ) ;
#1663 = LINE ( 'NONE', #314, #2305 ) ;
#1664 = CARTESIAN_POINT ( 'NONE',  ( 2.922440944881889546, 0.9780390174448710949, -0.9918636414183470418 ) ) ;
#1665 = EDGE_LOOP ( 'NONE', ( #2088, #2089, #1762, #1342 ) ) ;
#1666 = ORIENTED_EDGE ( 'NONE', *, *, #1696, .F. ) ;
#1667 = CARTESIAN_POINT ( 'NONE',  ( 2.921077407484010457, 0.7501852636260092355, -0.5564971700105737495 ) ) ;
#1668 = DIRECTION ( 'NONE',  ( 0.000000000000000000, -0.6448164730179153370, 0.7643374360351167240 ) ) ;
#1669 = PERSON_AND_ORGANIZATION ( #866, #2112 ) ;
#1670 = ORIENTED_EDGE ( 'NONE', *, *, #2244, .F. ) ;
#1671 = LINE ( 'NONE', #1951, #1474 ) ;
#1672 = VECTOR ( 'NONE', #335, 39.37007874015748143 ) ;
#1673 =( NAMED_UNIT ( * ) PLANE_ANGLE_UNIT ( ) SI_UNIT ( $, .RADIAN. ) );
#1674 = CYLINDRICAL_SURFACE ( 'NONE', #1741, 0.01968503937007875723 ) ;
#1675 = ORIENTED_EDGE ( 'NONE', *, *, #969, .T. ) ;
#1676 = CARTESIAN_POINT ( 'NONE',  ( 2.135039370078739562, 0.05042511887492662909, -1.774424712221095435 ) ) ;
#1677 = EDGE_CURVE ( 'NONE', #2527, #989, #12, .T. ) ;
#1678 = DIRECTION ( 'NONE',  ( -0.5002444722259978827, -0.000000000000000000, 0.8658842116630449670 ) ) ;
#1679 = ORIENTED_EDGE ( 'NONE', *, *, #1284, .T. ) ;
#1680 = EDGE_LOOP ( 'NONE', ( #1693, #1117, #1166, #1970 ) ) ;
#1681 = DIRECTION ( 'NONE',  ( -0.000000000000000000, -1.000000000000000000, 0.000000000000000000 ) ) ;
#1682 = DIRECTION ( 'NONE',  ( 0.000000000000000000, 0.7643374360351172792, 0.6448164730179148929 ) ) ;
#1683 = PERSON_AND_ORGANIZATION_ROLE ( 'classification_officer' ) ;
#1684 = PRODUCT_DEFINITION_SHAPE ( 'NONE', 'NONE',  #1026 ) ;
#1685 = EDGE_LOOP ( 'NONE', ( #536, #1014, #2204, #975 ) ) ;
#1686 = DIRECTION ( 'NONE',  ( -1.000000000000000000, -6.938893903907247113E-16, -1.606225440719266182E-17 ) ) ;
#1687 = FACE_OUTER_BOUND ( 'NONE', #14, .T. ) ;
#1688 = EDGE_LOOP ( 'NONE', ( #801, #2548, #1037, #527, #190, #720, #1226, #1331, #2004 ) ) ;
#1689 = LINE ( 'NONE', #346, #580 ) ;
#1690 = CIRCLE ( 'NONE', #1360, 0.09842519685039360922 ) ;
#1691 = VECTOR ( 'NONE', #448, 39.37007874015748143 ) ;
#1692 = CARTESIAN_POINT ( 'NONE',  ( -0.1771653543307086798, 0.1542913385826771844, 0.03047633456343864719 ) ) ;
#1693 = ORIENTED_EDGE ( 'NONE', *, *, #246, .T. ) ;
#1694 = EDGE_CURVE ( 'NONE', #2527, #854, #1835, .T. ) ;
#1695 = CIRCLE ( 'NONE', #432, 0.09842519685039351207 ) ;
#1696 = EDGE_CURVE ( 'NONE', #1488, #1810, #1134, .T. ) ;
#1697 = AXIS2_PLACEMENT_3D ( 'NONE', #132, #598, #1221 ) ;
#1698 = ORIENTED_EDGE ( 'NONE', *, *, #2751, .T. ) ;
#1699 = DIRECTION ( 'NONE',  ( 1.000000000000000000, 0.000000000000000000, 0.000000000000000000 ) ) ;
#1700 = FACE_OUTER_BOUND ( 'NONE', #1029, .T. ) ;
#1701 = PERSON_AND_ORGANIZATION ( #866, #2112 ) ;
#1702 = ORIENTED_EDGE ( 'NONE', *, *, #328, .F. ) ;
#1703 = CARTESIAN_POINT ( 'NONE',  ( 3.279527559055117614, 1.845275590551181288, -1.714566929133858331 ) ) ;
#1704 =( NAMED_UNIT ( * ) SI_UNIT ( $, .STERADIAN. ) SOLID_ANGLE_UNIT ( ) );
#1705 = ORIENTED_EDGE ( 'NONE', *, *, #734, .F. ) ;
#1706 = AXIS2_PLACEMENT_3D ( 'NONE', #2278, #2034, #274 ) ;
#1707 = DIRECTION ( 'NONE',  ( -0.000000000000000000, -0.000000000000000000, 1.000000000000000000 ) ) ;
#1708 = FACE_OUTER_BOUND ( 'NONE', #194, .T. ) ;
#1709 = LINE ( 'NONE', #2604, #209 ) ;
#1710 = DIRECTION ( 'NONE',  ( -0.4039477917135460006, -0.5898665289171574067, 0.6992021593451881456 ) ) ;
#1711 = VECTOR ( 'NONE', #546, 39.37007874015748143 ) ;
#1712 = PRODUCT_RELATED_PRODUCT_CATEGORY ( 'detail', '', ( #305 ) ) ;
#1713 = ADVANCED_FACE ( 'NONE', ( #886 ), #930, .T. ) ;
#1714 = VERTEX_POINT ( 'NONE', #1365 ) ;
#1715 = LINE ( 'NONE', #1047, #1672 ) ;
#1716 = DIRECTION ( 'NONE',  ( 1.606225440719266182E-17, -0.000000000000000000, -1.000000000000000000 ) ) ;
#1717 = CALENDAR_DATE ( 2026, 10, 9 ) ;
#1718 = ADVANCED_FACE ( 'NONE', ( #2256, #1775 ), #699, .F. ) ;
#1719 = ADVANCED_FACE ( 'NONE', ( #447 ), #668, .F. ) ;
#1720 = ORIENTED_EDGE ( 'NONE', *, *, #457, .T. ) ;
#1721 = DIRECTION ( 'NONE',  ( 1.606225440719266182E-17, -0.000000000000000000, -1.000000000000000000 ) ) ;
#1722 = DIRECTION ( 'NONE',  ( 0.000000000000000000, 0.000000000000000000, 1.000000000000000000 ) ) ;
#1723 = ORIENTED_EDGE ( 'NONE', *, *, #394, .T. ) ;
#1724 = FACE_OUTER_BOUND ( 'NONE', #224, .T. ) ;
#1725 = FACE_BOUND ( 'NONE', #384, .T. ) ;
#1726 = LINE ( 'NONE', #188, #2118 ) ;
#1727 = VERTEX_POINT ( 'NONE', #2714 ) ;
#1728 = EDGE_LOOP ( 'NONE', ( #2179, #647, #616, #1240 ) ) ;
#1729 = CARTESIAN_POINT ( 'NONE',  ( 2.922440944881889546, -0.01304106941423810451, -1.699194649619214070 ) ) ;
#1730 = EDGE_LOOP ( 'NONE', ( #806, #1870, #754, #892 ) ) ;
#1731 = DIRECTION ( 'NONE',  ( -0.000000000000000000, -1.000000000000000000, -0.000000000000000000 ) ) ;
#1732 = ADVANCED_FACE ( 'NONE', ( #2271, #2285 ), #283, .F. ) ;
#1733 = EDGE_CURVE ( 'NONE', #1654, #677, #1012, .T. ) ;
#1734 = ORIENTED_EDGE ( 'NONE', *, *, #2593, .T. ) ;
#1735 = PLANE ( 'NONE',  #1138 ) ;
#1736 = DIRECTION ( 'NONE',  ( 0.000000000000000000, 0.7643374360351172792, 0.6448164730179146709 ) ) ;
#1737 = LINE ( 'NONE', #1069, #1317 ) ;
#1738 = DIRECTION ( 'NONE',  ( -0.000000000000000000, 1.000000000000000000, -0.000000000000000000 ) ) ;
#1739 = CIRCLE ( 'NONE', #2017, 0.09842519685039351207 ) ;
#1740 = APPROVAL_PERSON_ORGANIZATION ( #740, #1402, #974 ) ;
#1741 = AXIS2_PLACEMENT_3D ( 'NONE', #2096, #1863, #564 ) ;
#1742 = ORIENTED_EDGE ( 'NONE', *, *, #278, .F. ) ;
#1743 = CARTESIAN_POINT ( 'NONE',  ( 3.496423509792807138, 1.065850159017396992, -1.397348435270059586 ) ) ;
#1744 = AXIS2_PLACEMENT_3D ( 'NONE', #1435, #2104, #2885 ) ;
#1745 = ORIENTED_EDGE ( 'NONE', *, *, #775, .T. ) ;
#1746 = CIRCLE ( 'NONE', #486, 0.1377952755905515192 ) ;
#1747 = CARTESIAN_POINT ( 'NONE',  ( 2.528740157480314998, 0.9780390174448710949, -0.9918636414183470418 ) ) ;
#1748 = PERSON_AND_ORGANIZATION_ROLE ( 'creator' ) ;
#1749 = ADVANCED_FACE ( 'NONE', ( #1897 ), #1878, .F. ) ;
#1750 = EDGE_CURVE ( 'NONE', #1949, #1570, #992, .T. ) ;
#1751 = ORIENTED_EDGE ( 'NONE', *, *, #1105, .F. ) ;
#1752 = CARTESIAN_POINT ( 'NONE',  ( -0.1771653543307086243, -0.03940944881889763690, 0.5344133424374544195 ) ) ;
#1753 = DIRECTION ( 'NONE',  ( -0.000000000000000000, -1.000000000000000000, -0.000000000000000000 ) ) ;
#1754 = VECTOR ( 'NONE', #2081, 39.37007874015748143 ) ;
#1755 = LINE ( 'NONE', #1776, #2247 ) ;
#1756 = LINE ( 'NONE', #2651, #2258 ) ;
#1757 = VECTOR ( 'NONE', #1710, 39.37007874015748143 ) ;
#1758 = VERTEX_POINT ( 'NONE', #1205 ) ;
#1759 = APPROVAL_DATE_TIME ( #1330, #26 ) ;
#1760 = ORIENTED_EDGE ( 'NONE', *, *, #1075, .F. ) ;
#1761 = DIRECTION ( 'NONE',  ( 0.000000000000000000, 0.000000000000000000, 1.000000000000000000 ) ) ;
#1762 = ORIENTED_EDGE ( 'NONE', *, *, #1192, .F. ) ;
#1763 = DIRECTION ( 'NONE',  ( 0.000000000000000000, -0.6448164730179144488, 0.7643374360351175012 ) ) ;
#1764 = LINE ( 'NONE', #652, #2720 ) ;
#1765 = CARTESIAN_POINT ( 'NONE',  ( 2.528740157480314998, 1.128499142648633713, -0.8649312648400168113 ) ) ;
#1766 = PLANE ( 'NONE',  #2503 ) ;
#1767 = DIRECTION ( 'NONE',  ( 0.000000000000000000, 0.7643374360351171681, 0.6448164730179147819 ) ) ;
#1768 = AXIS2_PLACEMENT_3D ( 'NONE', #1476, #2122, #119 ) ;
#1769 = EDGE_CURVE ( 'NONE', #602, #2359, #1645, .T. ) ;
#1770 = ORIENTED_EDGE ( 'NONE', *, *, #278, .T. ) ;
#1771 = EDGE_LOOP ( 'NONE', ( #2639, #1132 ) ) ;
#1772 = DIRECTION ( 'NONE',  ( 0.000000000000000000, 0.000000000000000000, 1.000000000000000000 ) ) ;
#1773 = ORIENTED_EDGE ( 'NONE', *, *, #1442, .F. ) ;
#1774 = CARTESIAN_POINT ( 'NONE',  ( 0.1968503937007873850, 0.1542913385826771844, 0.03047633456343864719 ) ) ;
#1775 = FACE_BOUND ( 'NONE', #1295, .T. ) ;
#1776 = CARTESIAN_POINT ( 'NONE',  ( 1.741338582677165014, 1.066891681049702223, -1.097185729060981441 ) ) ;
#1777 = CARTESIAN_POINT ( 'NONE',  ( 0.000000000000000000, 0.000000000000000000, 0.000000000000000000 ) ) ;
#1778 = DIRECTION ( 'NONE',  ( 0.000000000000000000, 0.7643374360351172792, 0.6448164730179148929 ) ) ;
#1779 = CIRCLE ( 'NONE', #1406, 0.1377952755905514359 ) ;
#1780 = ADVANCED_FACE ( 'NONE', ( #744 ), #550, .F. ) ;
#1781 = ADVANCED_FACE ( 'NONE', ( #1631 ), #2777, .T. ) ;
#1782 = EDGE_LOOP ( 'NONE', ( #513, #2388, #345, #135 ) ) ;
#1783 = AXIS2_PLACEMENT_3D ( 'NONE', #2791, #173, #373 ) ;
#1784 = AXIS2_PLACEMENT_3D ( 'NONE', #510, #2286, #1632 ) ;
#1785 = VERTEX_POINT ( 'NONE', #2304 ) ;
#1786 = LOCAL_TIME ( 23, 2, 26.00000000000000000, #2432 ) ;
#1787 = DIRECTION ( 'NONE',  ( 1.000000000000000000, -1.176007759787089560E-15, 1.372819052411043571E-15 ) ) ;
#1788 = AXIS2_PLACEMENT_3D ( 'NONE', #2316, #978, #1850 ) ;
#1789 = AXIS2_PLACEMENT_3D ( 'NONE', #225, #901, #2183 ) ;
#1790 = ORIENTED_EDGE ( 'NONE', *, *, #2479, .F. ) ;
#1791 = CARTESIAN_POINT ( 'NONE',  ( 3.432888431106057237, -0.4365927035630998154, -1.197134941748149828 ) ) ;
#1792 = CARTESIAN_POINT ( 'NONE',  ( 3.279527559055117614, 0.000000000000000000, -1.714566929133858331 ) ) ;
#1793 = CARTESIAN_POINT ( 'NONE',  ( 0.000000000000000000, 0.000000000000000000, 0.000000000000000000 ) ) ;
#1794 = CIRCLE ( 'NONE', #2674, 0.01968503937007875723 ) ;
#1795 = DIRECTION ( 'NONE',  ( 0.8658842116630449670, -0.000000000000000000, 0.5002444722259979937 ) ) ;
#1796 = ORIENTED_EDGE ( 'NONE', *, *, #1265, .F. ) ;
#1797 = EDGE_CURVE ( 'NONE', #2289, #916, #1452, .T. ) ;
#1798 = EDGE_CURVE ( 'NONE', #1282, #1555, #530, .T. ) ;
#1799 = ORIENTED_EDGE ( 'NONE', *, *, #2533, .F. ) ;
#1800 = DIRECTION ( 'NONE',  ( 0.000000000000000000, 0.000000000000000000, 1.000000000000000000 ) ) ;
#1801 = PLANE ( 'NONE',  #1415 ) ;
#1802 = DATE_AND_TIME ( #2294, #10 ) ;
#1803 = ADVANCED_FACE ( 'NONE', ( #299 ), #1674, .F. ) ;
#1804 = ADVANCED_FACE ( 'NONE', ( #1190 ), #2524, .F. ) ;
#1805 = EDGE_LOOP ( 'NONE', ( #2343, #759, #2723, #2763, #502, #1182, #708, #2059, #2309, #139 ) ) ;
#1806 = PLANE ( 'NONE',  #7 ) ;
#1807 = PLANE ( 'NONE',  #2861 ) ;
#1808 = DIRECTION ( 'NONE',  ( 0.000000000000000000, 0.000000000000000000, 1.000000000000000000 ) ) ;
#1809 = LINE ( 'NONE', #2029, #2253 ) ;
#1810 = VERTEX_POINT ( 'NONE', #776 ) ;
#1811 = ORIENTED_EDGE ( 'NONE', *, *, #2516, .F. ) ;
#1812 = CARTESIAN_POINT ( 'NONE',  ( 1.104165762672697948, 0.000000000000000000, -1.517716535433071057 ) ) ;
#1813 = CARTESIAN_POINT ( 'NONE',  ( 2.922440944881889546, 0.8891863538400399669, -0.8865415537757125319 ) ) ;
#1814 = APPROVAL_STATUS ( 'not_yet_approved' ) ;
#1815 = ORIENTED_EDGE ( 'NONE', *, *, #2415, .F. ) ;
#1816 = EDGE_CURVE ( 'NONE', #45, #2773, #2556, .T. ) ;
#1817 = EDGE_CURVE ( 'NONE', #1089, #1966, #2587, .T. ) ;
#1818 = CARTESIAN_POINT ( 'NONE',  ( -0.2362204724409449619, 0.1062992125984252023, 0.03047633456343861250 ) ) ;
#1819 = DIRECTION ( 'NONE',  ( 0.000000000000000000, 0.7643374360351172792, 0.6448164730179148929 ) ) ;
#1820 = DIRECTION ( 'NONE',  ( -1.000000000000000000, 0.000000000000000000, 0.000000000000000000 ) ) ;
#1821 = CARTESIAN_POINT ( 'NONE',  ( 0.3051181102362204300, 0.1062992125984252023, 0.6820511377130451525 ) ) ;
#1822 = ORIENTED_EDGE ( 'NONE', *, *, #645, .T. ) ;
#1823 = CIRCLE ( 'NONE', #895, 0.09842519685039360922 ) ;
#1824 = ORIENTED_EDGE ( 'NONE', *, *, #891, .F. ) ;
#1825 = LINE ( 'NONE', #1143, #688 ) ;
#1826 = DIRECTION ( 'NONE',  ( 0.000000000000000000, 0.7643374360351172792, 0.6448164730179148929 ) ) ;
#1827 = AXIS2_PLACEMENT_3D ( 'NONE', #1540, #862, #2195 ) ;
#1828 = APPLICATION_PROTOCOL_DEFINITION ( 'international standard', 'config_control_design', 1994, #1963 ) ;
#1829 = AXIS2_PLACEMENT_3D ( 'NONE', #2467, #942, #460 ) ;
#1830 = LOCAL_TIME ( 23, 2, 26.00000000000000000, #605 ) ;
#1831 = ORIENTED_EDGE ( 'NONE', *, *, #1173, .F. ) ;
#1832 = VECTOR ( 'NONE', #1593, 39.37007874015748143 ) ;
#1833 = DIRECTION ( 'NONE',  ( 1.000000000000000000, 0.000000000000000000, -0.000000000000000000 ) ) ;
#1834 = LINE ( 'NONE', #35, #1410 ) ;
#1835 = LINE ( 'NONE', #509, #1931 ) ;
#1836 = CC_DESIGN_PERSON_AND_ORGANIZATION_ASSIGNMENT ( #2474, #1145, ( #667 ) ) ;
#1837 = AXIS2_PLACEMENT_3D ( 'NONE', #2734, #2780, #778 ) ;
#1838 = EDGE_CURVE ( 'NONE', #1555, #1282, #339, .T. ) ;
#1839 = DIRECTION ( 'NONE',  ( 1.365041640558097153E-17, 0.7643374360351171681, 0.6448164730179148929 ) ) ;
#1840 = ORIENTED_EDGE ( 'NONE', *, *, #1869, .F. ) ;
#1841 = CARTESIAN_POINT ( 'NONE',  ( 1.347637795275590245, 0.9780390174448710949, -0.9918636414183470418 ) ) ;
#1842 = ORIENTED_EDGE ( 'NONE', *, *, #163, .F. ) ;
#1843 = EDGE_LOOP ( 'NONE', ( #350, #868, #2194, #2030 ) ) ;
#1844 = DIRECTION ( 'NONE',  ( -0.000000000000000000, -1.000000000000000000, -0.000000000000000000 ) ) ;
#1845 = LINE ( 'NONE', #1611, #719 ) ;
#1846 = PERSON_AND_ORGANIZATION_ROLE ( 'design_owner' ) ;
#1847 = VERTEX_POINT ( 'NONE', #937 ) ;
#1848 = CARTESIAN_POINT ( 'NONE',  ( 3.268624753173855027E-15, 1.279396918157248431, -1.183801676130211034 ) ) ;
#1849 = CARTESIAN_POINT ( 'NONE',  ( 2.922440944881889546, 1.191965330937798440, -0.9401613274418981758 ) ) ;
#1850 = DIRECTION ( 'NONE',  ( 0.000000000000000000, -0.6448164730179153370, 0.7643374360351167240 ) ) ;
#1851 = LINE ( 'NONE', #2071, #476 ) ;
#1852 = ORIENTED_EDGE ( 'NONE', *, *, #394, .F. ) ;
#1853 = DIRECTION ( 'NONE',  ( -6.938893903907247113E-16, 1.000000000000000000, 0.000000000000000000 ) ) ;
#1854 = ORIENTED_EDGE ( 'NONE', *, *, #1253, .T. ) ;
#1855 = EDGE_CURVE ( 'NONE', #2766, #2707, #2506, .T. ) ;
#1856 = ORIENTED_EDGE ( 'NONE', *, *, #2516, .T. ) ;
#1857 = DIRECTION ( 'NONE',  ( 0.000000000000000000, -0.6448164730179147819, 0.7643374360351171681 ) ) ;
#1858 = CARTESIAN_POINT ( 'NONE',  ( 0.8289191625312987144, 1.609251728774510948, -1.434794496352864046 ) ) ;
#1859 = CALENDAR_DATE ( 2026, 10, 9 ) ;
#1860 = VERTEX_POINT ( 'NONE', #693 ) ;
#1861 = DIRECTION ( 'NONE',  ( 0.000000000000000000, 1.000000000000000000, 0.000000000000000000 ) ) ;
#1862 = CARTESIAN_POINT ( 'NONE',  ( 1.741338582677165014, 0.9706450952495431217, -0.8178206775556173813 ) ) ;
#1863 = DIRECTION ( 'NONE',  ( 1.606225440719266182E-17, -0.000000000000000000, -1.000000000000000000 ) ) ;
#1864 = DIRECTION ( 'NONE',  ( 0.000000000000000000, 0.000000000000000000, 1.000000000000000000 ) ) ;
#1865 = ORIENTED_EDGE ( 'NONE', *, *, #1059, .T. ) ;
#1866 = DIRECTION ( 'NONE',  ( -0.4039477917135462226, 0.5898665289171574067, -0.6992021593451881456 ) ) ;
#1867 = EDGE_LOOP ( 'NONE', ( #304, #1840, #1524, #1919 ) ) ;
#1868 = EDGE_CURVE ( 'NONE', #1588, #2832, #202, .T. ) ;
#1869 = EDGE_CURVE ( 'NONE', #2058, #2131, #1168, .T. ) ;
#1870 = ORIENTED_EDGE ( 'NONE', *, *, #570, .F. ) ;
#1871 = CARTESIAN_POINT ( 'NONE',  ( 0.4724409448818898127, 0.2637795275590551491, 0.0009487755083205095001 ) ) ;
#1872 = CARTESIAN_POINT ( 'NONE',  ( -0.4724409448818898127, 0.1062992125984252023, 0.03047633456343861250 ) ) ;
#1873 = PERSON_AND_ORGANIZATION ( #1418, #58 ) ;
#1874 = ORIENTED_EDGE ( 'NONE', *, *, #2229, .T. ) ;
#1875 = AXIS2_PLACEMENT_3D ( 'NONE', #799, #1128, #2624 ) ;
#1876 = PLANE ( 'NONE',  #634 ) ;
#1877 = DIRECTION ( 'NONE',  ( -0.000000000000000000, -1.000000000000000000, -0.000000000000000000 ) ) ;
#1878 = CYLINDRICAL_SURFACE ( 'NONE', #244, 0.01968503937007875723 ) ;
#1879 =( GEOMETRIC_REPRESENTATION_CONTEXT ( 3 ) GLOBAL_UNCERTAINTY_ASSIGNED_CONTEXT ( ( #1118 ) ) GLOBAL_UNIT_ASSIGNED_CONTEXT ( ( #1238, #2329, #1704 ) ) REPRESENTATION_CONTEXT ( 'NONE', 'WORKASPACE' ) );
#1880 = VECTOR ( 'NONE', #2545, 39.37007874015748143 ) ;
#1881 = VERTEX_POINT ( 'NONE', #251 ) ;
#1882 = DIRECTION ( 'NONE',  ( 1.000000000000000000, 0.000000000000000000, 0.000000000000000000 ) ) ;
#1883 = LINE ( 'NONE', #996, #2292 ) ;
#1884 = CIRCLE ( 'NONE', #2681, 0.01968503937007875723 ) ;
#1885 = ORIENTED_EDGE ( 'NONE', *, *, #588, .T. ) ;
#1886 = ORIENTED_EDGE ( 'NONE', *, *, #443, .F. ) ;
#1887 = DIRECTION ( 'NONE',  ( 0.000000000000000000, 0.7643374360351172792, 0.6448164730179148929 ) ) ;
#1888 = PLANE ( 'NONE',  #158 ) ;
#1889 = DATE_AND_TIME ( #321, #2066 ) ;
#1890 = CC_DESIGN_DATE_AND_TIME_ASSIGNMENT ( #1261, #894, ( #1507 ) ) ;
#1891 = ADVANCED_FACE ( 'NONE', ( #2519 ), #1579, .F. ) ;
#1892 = VECTOR ( 'NONE', #2539, 39.37007874015748143 ) ;
#1893 = VERTEX_POINT ( 'NONE', #679 ) ;
#1894 = CARTESIAN_POINT ( 'NONE',  ( 4.270078740157480013, 0.3988188976377952666, 0.000000000000000000 ) ) ;
#1895 = EDGE_CURVE ( 'NONE', #677, #1810, #489, .T. ) ;
#1896 = ADVANCED_FACE ( 'NONE', ( #265 ), #1625, .T. ) ;
#1897 = FACE_OUTER_BOUND ( 'NONE', #1445, .T. ) ;
#1898 = ORIENTED_EDGE ( 'NONE', *, *, #2648, .F. ) ;
#1899 = DIRECTION ( 'NONE',  ( 1.606225440719265874E-17, 0.000000000000000000, -1.000000000000000000 ) ) ;
#1900 = VECTOR ( 'NONE', #1237, 39.37007874015748143 ) ;
#1901 = CARTESIAN_POINT ( 'NONE',  ( 2.528740157480314998, 0.9706450952495431217, -0.8178206775556173813 ) ) ;
#1902 = ORIENTED_EDGE ( 'NONE', *, *, #2445, .F. ) ;
#1903 = ORIENTED_EDGE ( 'NONE', *, *, #1587, .T. ) ;
#1904 = CARTESIAN_POINT ( 'NONE',  ( -0.06688593539219507556, 0.1830381818342803613, 0.1157743436538193893 ) ) ;
#1905 = CARTESIAN_POINT ( 'NONE',  ( 0.000000000000000000, 0.000000000000000000, 0.000000000000000000 ) ) ;
#1906 = SHAPE_DEFINITION_REPRESENTATION ( #1684, #2863 ) ;
#1907 = VERTEX_POINT ( 'NONE', #30 ) ;
#1908 = CARTESIAN_POINT ( 'NONE',  ( 1.347637795275590245, 0.9706450952495431217, -0.8178206775556173813 ) ) ;
#1909 = DIRECTION ( 'NONE',  ( 0.000000000000000000, 0.000000000000000000, 1.000000000000000000 ) ) ;
#1910 = EDGE_CURVE ( 'NONE', #1847, #2234, #2473, .T. ) ;
#1911 = ORIENTED_EDGE ( 'NONE', *, *, #570, .T. ) ;
#1912 = DIRECTION ( 'NONE',  ( 0.000000000000000000, 0.7643374360351170571, 0.6448164730179147819 ) ) ;
#1913 = CARTESIAN_POINT ( 'NONE',  ( 2.135039370078739562, 1.059497758854374139, -0.9231427651982520022 ) ) ;
#1914 = ORIENTED_EDGE ( 'NONE', *, *, #2736, .F. ) ;
#1915 = ORIENTED_EDGE ( 'NONE', *, *, #1961, .F. ) ;
#1916 = CARTESIAN_POINT ( 'NONE',  ( 0.9905511811023620661, 0.000000000000000000, -1.714566929133858331 ) ) ;
#1917 = CARTESIAN_POINT ( 'NONE',  ( -0.1968503937007873850, 0.05586614173228346414, 0.0009487755083205020191 ) ) ;
#1918 = CALENDAR_DATE ( 2026, 10, 9 ) ;
#1919 = ORIENTED_EDGE ( 'NONE', *, *, #555, .F. ) ;
#1920 = LINE ( 'NONE', #2363, #1950 ) ;
#1921 = ORIENTED_EDGE ( 'NONE', *, *, #1315, .T. ) ;
#1922 = AXIS2_PLACEMENT_3D ( 'NONE', #17, #1624, #2755 ) ;
#1923 = DIRECTION ( 'NONE',  ( -0.000000000000000000, -1.000000000000000000, -0.000000000000000000 ) ) ;
#1924 = CIRCLE ( 'NONE', #2581, 0.1377952755905514359 ) ;
#1925 = CC_DESIGN_DATE_AND_TIME_ASSIGNMENT ( #2520, #2079, ( #240 ) ) ;
#1926 = EDGE_CURVE ( 'NONE', #485, #2041, #2637, .T. ) ;
#1927 = VECTOR ( 'NONE', #2008, 39.37007874015748854 ) ;
#1928 = DIRECTION ( 'NONE',  ( 0.000000000000000000, -0.6448164730179144488, 0.7643374360351175012 ) ) ;
#1929 = APPROVAL_PERSON_ORGANIZATION ( #2710, #981, #2022 ) ;
#1930 = CARTESIAN_POINT ( 'NONE',  ( 1.347637795275590245, -0.01304106941423810451, -1.699194649619214070 ) ) ;
#1931 = VECTOR ( 'NONE', #1601, 39.37007874015748143 ) ;
#1932 = AXIS2_PLACEMENT_3D ( 'NONE', #2042, #1633, #2513 ) ;
#1933 = ORIENTED_EDGE ( 'NONE', *, *, #790, .F. ) ;
#1934 = LINE ( 'NONE', #2147, #2692 ) ;
#1935 = CARTESIAN_POINT ( 'NONE',  ( 1.347637795275590245, 0.9145728291557058132, -0.9166335788164651222 ) ) ;
#1936 = APPROVAL_DATE_TIME ( #1024, #2750 ) ;
#1937 = EDGE_LOOP ( 'NONE', ( #1387, #1865, #102, #1183, #1543, #1347, #272, #939 ) ) ;
#1938 = VECTOR ( 'NONE', #1031, 39.37007874015748143 ) ;
#1939 = LINE ( 'NONE', #2789, #260 ) ;
#1940 = ORIENTED_EDGE ( 'NONE', *, *, #1092, .F. ) ;
#1941 = FACE_BOUND ( 'NONE', #2804, .T. ) ;
#1942 = FACE_BOUND ( 'NONE', #2233, .T. ) ;
#1943 = DIRECTION ( 'NONE',  ( -1.000000000000000000, 0.000000000000000000, -1.581128168208028943E-17 ) ) ;
#1944 = DIRECTION ( 'NONE',  ( 1.000000000000000000, 0.000000000000000000, -5.240856422890653836E-17 ) ) ;
#1945 = EDGE_CURVE ( 'NONE', #380, #1654, #2021, .T. ) ;
#1946 = ADVANCED_FACE ( 'NONE', ( #2725 ), #1129, .F. ) ;
#1947 = ORIENTED_EDGE ( 'NONE', *, *, #824, .T. ) ;
#1948 = LINE ( 'NONE', #2840, #1430 ) ;
#1949 = VERTEX_POINT ( 'NONE', #515 ) ;
#1950 = VECTOR ( 'NONE', #341, 39.37007874015748143 ) ;
#1951 = CARTESIAN_POINT ( 'NONE',  ( -0.2362204724409449619, 0.000000000000000000, 0.03047633456343861250 ) ) ;
#1952 =( NAMED_UNIT ( * ) SI_UNIT ( $, .STERADIAN. ) SOLID_ANGLE_UNIT ( ) );
#1953 = EDGE_LOOP ( 'NONE', ( #908, #2666, #1279, #2433, #665, #1940, #2567, #1958 ) ) ;
#1954 = DIRECTION ( 'NONE',  ( -0.5002444722259978827, -0.000000000000000000, -0.8658842116630448560 ) ) ;
#1955 = CARTESIAN_POINT ( 'NONE',  ( 2.921077407484010457, 0.8191866474202693649, -0.4982856696523390583 ) ) ;
#1956 = FACE_OUTER_BOUND ( 'NONE', #257, .T. ) ;
#1957 = CARTESIAN_POINT ( 'NONE',  ( 2.996062992125983815, -2.108899645460835607E-16, -1.517716535433071057 ) ) ;
#1958 = ORIENTED_EDGE ( 'NONE', *, *, #1869, .T. ) ;
#1959 = DIRECTION ( 'NONE',  ( -1.000000000000000000, 1.785914932597100778E-17, 0.000000000000000000 ) ) ;
#1960 = PRODUCT_RELATED_PRODUCT_CATEGORY ( 'detail', '', ( #2853 ) ) ;
#1961 = EDGE_CURVE ( 'NONE', #558, #2187, #1144, .T. ) ;
#1962 = ORIENTED_EDGE ( 'NONE', *, *, #180, .F. ) ;
#1963 = APPLICATION_CONTEXT ( 'configuration controlled 3d designs of mechanical parts and assemblies' ) ;
#1964 = DIRECTION ( 'NONE',  ( 0.000000000000000000, 0.000000000000000000, -1.000000000000000000 ) ) ;
#1965 = APPROVAL_ROLE ( '' ) ;
#1966 = VERTEX_POINT ( 'NONE', #1813 ) ;
#1967 = FACE_OUTER_BOUND ( 'NONE', #1520, .T. ) ;
#1968 = CARTESIAN_POINT ( 'NONE',  ( 0.4724409448818898127, 0.2637795275590551491, 0.03047633456343861250 ) ) ;
#1969 = LINE ( 'NONE', #686, #623 ) ;
#1970 = ORIENTED_EDGE ( 'NONE', *, *, #2321, .F. ) ;
#1971 = VECTOR ( 'NONE', #1877, 39.37007874015748143 ) ;
#1972 = VECTOR ( 'NONE', #2733, 39.37007874015748143 ) ;
#1973 = LOCAL_TIME ( 23, 2, 26.00000000000000000, #2124 ) ;
#1974 = AXIS2_PLACEMENT_3D ( 'NONE', #130, #2698, #2035 ) ;
#1975 = ORIENTED_EDGE ( 'NONE', *, *, #2572, .T. ) ;
#1976 = CARTESIAN_POINT ( 'NONE',  ( 3.279527559055117614, 0.000000000000000000, -1.714566929133858331 ) ) ;
#1977 = VECTOR ( 'NONE', #2386, 39.37007874015748143 ) ;
#1978 = VERTEX_POINT ( 'NONE', #235 ) ;
#1979 = VECTOR ( 'NONE', #1121, 39.37007874015748143 ) ;
#1980 = LINE ( 'NONE', #660, #2341 ) ;
#1981 = PERSON_AND_ORGANIZATION ( #866, #2112 ) ;
#1982 = ORIENTED_EDGE ( 'NONE', *, *, #2302, .F. ) ;
#1983 = EDGE_CURVE ( 'NONE', #2766, #2146, #1845, .T. ) ;
#1984 = EDGE_CURVE ( 'NONE', #837, #1648, #1400, .T. ) ;
#1985 = DIRECTION ( 'NONE',  ( -0.000000000000000000, 0.000000000000000000, 1.000000000000000000 ) ) ;
#1986 = FACE_BOUND ( 'NONE', #704, .T. ) ;
#1987 = DIRECTION ( 'NONE',  ( 0.000000000000000000, 0.7643374360351170571, 0.6448164730179147819 ) ) ;
#1988 = ORIENTED_EDGE ( 'NONE', *, *, #2534, .T. ) ;
#1989 = LINE ( 'NONE', #880, #535 ) ;
#1990 = ORIENTED_EDGE ( 'NONE', *, *, #1641, .F. ) ;
#1991 = VERTEX_POINT ( 'NONE', #1157 ) ;
#1992 = DIRECTION ( 'NONE',  ( 1.000000000000000000, -1.785914932597100778E-17, 0.000000000000000000 ) ) ;
#1993 = PERSON_AND_ORGANIZATION_ROLE ( 'classification_officer' ) ;
#1994 = EDGE_LOOP ( 'NONE', ( #1902, #650, #722, #2499 ) ) ;
#1995 = DESIGN_CONTEXT ( 'detailed design', #1963, 'design' ) ;
#1996 = DIRECTION ( 'NONE',  ( 0.000000000000000000, 0.000000000000000000, -1.000000000000000000 ) ) ;
#1997 = PLANE ( 'NONE',  #528 ) ;
#1998 = ADVANCED_FACE ( 'NONE', ( #724, #924 ), #1801, .F. ) ;
#1999 = EDGE_CURVE ( 'NONE', #2680, #1488, #2078, .T. ) ;
#2000 = LINE ( 'NONE', #887, #808 ) ;
#2001 = CARTESIAN_POINT ( 'NONE',  ( -0.1771653543307085132, 0.03618110236220472425, 0.03047633456343864719 ) ) ;
#2002 = CARTESIAN_POINT ( 'NONE',  ( 2.996062992125983815, 1.167396060280057490, -1.714566929133858331 ) ) ;
#2003 = VERTEX_POINT ( 'NONE', #1477 ) ;
#2004 = ORIENTED_EDGE ( 'NONE', *, *, #2244, .T. ) ;
#2005 = LINE ( 'NONE', #648, #2064 ) ;
#2006 = ORIENTED_EDGE ( 'NONE', *, *, #1855, .F. ) ;
#2007 = CARTESIAN_POINT ( 'NONE',  ( 0.1137257383584802384, 0.4467771680663873979, -0.1968503937007875237 ) ) ;
#2008 = DIRECTION ( 'NONE',  ( -0.5002444722259978827, -0.000000000000000000, -0.8658842116630448560 ) ) ;
#2009 = CARTESIAN_POINT ( 'NONE',  ( -0.1968503937007874405, 0.1542913385826770178, 0.6033503503114702182 ) ) ;
#2010 = CYLINDRICAL_SURFACE ( 'NONE', #2450, 0.09842519685039344268 ) ;
#2011 = ADVANCED_FACE ( 'NONE', ( #2551 ), #1200, .F. ) ;
#2012 = CARTESIAN_POINT ( 'NONE',  ( 0.000000000000000000, 0.3988188976377952666, 0.000000000000000000 ) ) ;
#2013 = ADVANCED_FACE ( 'NONE', ( #2339 ), #783, .T. ) ;
#2014 = VERTEX_POINT ( 'NONE', #320 ) ;
#2015 = EDGE_CURVE ( 'NONE', #2819, #365, #2866, .T. ) ;
#2016 = ADVANCED_FACE ( 'NONE', ( #560 ), #1888, .F. ) ;
#2017 = AXIS2_PLACEMENT_3D ( 'NONE', #1765, #2659, #653 ) ;
#2018 = ORIENTED_EDGE ( 'NONE', *, *, #610, .F. ) ;
#2019 = APPROVAL_PERSON_ORGANIZATION ( #1669, #2318, #577 ) ;
#2020 = DIRECTION ( 'NONE',  ( 0.000000000000000000, 1.000000000000000000, 0.000000000000000000 ) ) ;
#2021 = LINE ( 'NONE', #2489, #1832 ) ;
#2022 = APPROVAL_ROLE ( '' ) ;
#2023 = AXIS2_PLACEMENT_3D ( 'NONE', #1617, #2732, #2511 ) ;
#2024 = VECTOR ( 'NONE', #84, 39.37007874015748143 ) ;
#2025 = ORIENTED_EDGE ( 'NONE', *, *, #656, .T. ) ;
#2026 = CARTESIAN_POINT ( 'NONE',  ( 1.034625891258200703, 1.065850159017398546, -1.397348435270060030 ) ) ;
#2027 = CARTESIAN_POINT ( 'NONE',  ( 3.640199622520345901, 1.200492396790462823, -1.090271684145356801 ) ) ;
#2028 = CARTESIAN_POINT ( 'NONE',  ( 2.921077407484010457, -0.2588873763534383365, -1.407779117033418181 ) ) ;
#2029 = CARTESIAN_POINT ( 'NONE',  ( 1.274015748031495754, 0.000000000000000000, -1.517716535433071057 ) ) ;
#2030 = ORIENTED_EDGE ( 'NONE', *, *, #675, .F. ) ;
#2031 = ADVANCED_FACE ( 'NONE', ( #2091 ), #2311, .T. ) ;
#2032 = EDGE_CURVE ( 'NONE', #112, #2773, #1321, .T. ) ;
#2033 = VERTEX_POINT ( 'NONE', #2811 ) ;
#2034 = DIRECTION ( 'NONE',  ( 0.000000000000000000, 0.7643374360351172792, 0.6448164730179148929 ) ) ;
#2035 = DIRECTION ( 'NONE',  ( 0.000000000000000000, -0.6448164730179153370, 0.7643374360351167240 ) ) ;
#2036 = DATE_AND_TIME ( #1401, #1319 ) ;
#2037 = ORIENTED_EDGE ( 'NONE', *, *, #569, .F. ) ;
#2038 = CARTESIAN_POINT ( 'NONE',  ( 4.156353001798999358, -1.012813148431324750, -0.1968503937007885785 ) ) ;
#2039 = DIRECTION ( 'NONE',  ( 0.000000000000000000, -0.6448164730179154480, 0.7643374360351166130 ) ) ;
#2040 = LINE ( 'NONE', #700, #2065 ) ;
#2041 = VERTEX_POINT ( 'NONE', #1917 ) ;
#2042 = CARTESIAN_POINT ( 'NONE',  ( 1.274015748031495754, 0.000000000000000000, -1.517716535433071057 ) ) ;
#2043 = ORIENTED_EDGE ( 'NONE', *, *, #2464, .F. ) ;
#2044 = VECTOR ( 'NONE', #1681, 39.37007874015748143 ) ;
#2045 = ORIENTED_EDGE ( 'NONE', *, *, #395, .T. ) ;
#2046 = LINE ( 'NONE', #2290, #3 ) ;
#2047 = DIRECTION ( 'NONE',  ( 0.000000000000000000, 0.7643374360351171681, 0.6448164730179147819 ) ) ;
#2048 = PERSON_AND_ORGANIZATION_ROLE ( 'design_supplier' ) ;
#2049 = CC_DESIGN_PERSON_AND_ORGANIZATION_ASSIGNMENT ( #211, #1993, ( #949 ) ) ;
#2050 = EDGE_CURVE ( 'NONE', #1555, #2839, #575, .T. ) ;
#2051 = DIMENSIONAL_EXPONENTS ( 1.000000000000000000, 0.000000000000000000, 0.000000000000000000, 0.000000000000000000, 0.000000000000000000, 0.000000000000000000, 0.000000000000000000 ) ;
#2052 = VERTEX_POINT ( 'NONE', #1421 ) ;
#2053 = LINE ( 'NONE', #94, #997 ) ;
#2054 = CARTESIAN_POINT ( 'NONE',  ( 4.270078740157480013, 0.000000000000000000, 0.000000000000000000 ) ) ;
#2055 = DIRECTION ( 'NONE',  ( 1.000000000000000000, 0.000000000000000000, -0.000000000000000000 ) ) ;
#2056 = ORIENTED_EDGE ( 'NONE', *, *, #697, .F. ) ;
#2057 = DIRECTION ( 'NONE',  ( 0.000000000000000000, 0.000000000000000000, -1.000000000000000000 ) ) ;
#2058 = VERTEX_POINT ( 'NONE', #2325 ) ;
#2059 = ORIENTED_EDGE ( 'NONE', *, *, #1230, .T. ) ;
#2060 = FACE_OUTER_BOUND ( 'NONE', #2430, .T. ) ;
#2061 = CARTESIAN_POINT ( 'NONE',  ( 2.922440944881889546, 0.05042511887492662909, -1.774424712221095435 ) ) ;
#2062 = CIRCLE ( 'NONE', #761, 0.09842519685039351207 ) ;
#2063 = PERSON_AND_ORGANIZATION ( #866, #2112 ) ;
#2064 = VECTOR ( 'NONE', #2642, 39.37007874015748143 ) ;
#2065 = VECTOR ( 'NONE', #1586, 39.37007874015748143 ) ;
#2066 = LOCAL_TIME ( 23, 2, 26.00000000000000000, #2149 ) ;
#2067 = ORIENTED_EDGE ( 'NONE', *, *, #1694, .T. ) ;
#2068 = DIRECTION ( 'NONE',  ( -1.000000000000000000, 0.000000000000000000, -0.000000000000000000 ) ) ;
#2069 = LINE ( 'NONE', #698, #2676 ) ;
#2070 = DIRECTION ( 'NONE',  ( -1.000000000000000000, 0.000000000000000000, 0.000000000000000000 ) ) ;
#2071 = CARTESIAN_POINT ( 'NONE',  ( 0.1771653543307084855, 0.03618110236220472425, 0.03047633456343864719 ) ) ;
#2072 = ADVANCED_FACE ( 'NONE', ( #1700 ), #1656, .T. ) ;
#2073 = VERTEX_POINT ( 'NONE', #2756 ) ;
#2074 = DIRECTION ( 'NONE',  ( 0.000000000000000000, 0.000000000000000000, 1.000000000000000000 ) ) ;
#2075 = EDGE_LOOP ( 'NONE', ( #322, #1398 ) ) ;
#2076 = EDGE_LOOP ( 'NONE', ( #212, #2199, #701, #798 ) ) ;
#2077 = LINE ( 'NONE', #1375, #2152 ) ;
#2078 = LINE ( 'NONE', #43, #481 ) ;
#2079 = DATE_TIME_ROLE ( 'creation_date' ) ;
#2080 = ORIENTED_EDGE ( 'NONE', *, *, #1797, .F. ) ;
#2081 = DIRECTION ( 'NONE',  ( -0.000000000000000000, 0.7643374360351170571, 0.6448164730179147819 ) ) ;
#2082 = CARTESIAN_POINT ( 'NONE',  ( 1.741338582677165014, 1.059497758854374139, -0.9231427651982520022 ) ) ;
#2083 = DIRECTION ( 'NONE',  ( 0.000000000000000000, 0.7643374360351171681, 0.6448164730179147819 ) ) ;
#2084 = FACE_OUTER_BOUND ( 'NONE', #1550, .T. ) ;
#2085 = CARTESIAN_POINT ( 'NONE',  ( 1.347637795275590245, 1.191965330937798440, -0.9401613274418981758 ) ) ;
#2086 = EDGE_CURVE ( 'NONE', #2362, #1323, #1695, .T. ) ;
#2087 = EDGE_CURVE ( 'NONE', #2003, #2738, #1638, .T. ) ;
#2088 = ORIENTED_EDGE ( 'NONE', *, *, #328, .T. ) ;
#2089 = ORIENTED_EDGE ( 'NONE', *, *, #2263, .T. ) ;
#2090 = CARTESIAN_POINT ( 'NONE',  ( 1.347637795275590245, 0.9780390174448710949, -0.9918636414183470418 ) ) ;
#2091 = FACE_OUTER_BOUND ( 'NONE', #2167, .T. ) ;
#2092 = PERSON_AND_ORGANIZATION ( #866, #2112 ) ;
#2093 = ORIENTED_EDGE ( 'NONE', *, *, #1072, .F. ) ;
#2094 = DIRECTION ( 'NONE',  ( -0.8658842116630449670, 0.000000000000000000, 0.5002444722259979937 ) ) ;
#2095 = LINE ( 'NONE', #2303, #2293 ) ;
#2096 = CARTESIAN_POINT ( 'NONE',  ( -0.1771653543307086798, 0.1542913385826771844, 0.6033503503114702182 ) ) ;
#2097 = FACE_OUTER_BOUND ( 'NONE', #56, .T. ) ;
#2098 = CC_DESIGN_PERSON_AND_ORGANIZATION_ASSIGNMENT ( #1234, #1478, ( #1551 ) ) ;
#2099 = EDGE_CURVE ( 'NONE', #1570, #689, #2361, .T. ) ;
#2100 = EDGE_LOOP ( 'NONE', ( #2322, #1903, #75, #2879 ) ) ;
#2101 = ADVANCED_FACE ( 'NONE', ( #1212 ), #1035, .F. ) ;
#2102 = VERTEX_POINT ( 'NONE', #2596 ) ;
#2103 = CARTESIAN_POINT ( 'NONE',  ( -0.2362204724409449619, 0.1062992125984252023, 0.5737834211776119409 ) ) ;
#2104 = DIRECTION ( 'NONE',  ( -1.000000000000000000, 0.000000000000000000, 0.000000000000000000 ) ) ;
#2105 = APPROVAL_DATE_TIME ( #828, #2318 ) ;
#2106 = VERTEX_POINT ( 'NONE', #987 ) ;
#2107 = AXIS2_PLACEMENT_3D ( 'NONE', #641, #2540, #710 ) ;
#2108 = FACE_OUTER_BOUND ( 'NONE', #795, .T. ) ;
#2109 = CARTESIAN_POINT ( 'NONE',  ( 25.33486547049015769, 34.03527968432454998, 52.11522016744387997 ) ) ;
#2110 = VECTOR ( 'NONE', #256, 39.37007874015748143 ) ;
#2111 = CARTESIAN_POINT ( 'NONE',  ( 1.741338582677165014, 0.9780390174448710949, -0.9918636414183470418 ) ) ;
#2112 = ORGANIZATION ( 'UNSPECIFIED', 'UNSPECIFIED', '' ) ;
#2113 = VERTEX_POINT ( 'NONE', #591 ) ;
#2114 = LINE ( 'NONE', #113, #1181 ) ;
#2115 = VECTOR ( 'NONE', #2571, 39.37007874015748143 ) ;
#2116 = MANIFOLD_SOLID_BREP ( 'Chamfer3', #444 ) ;
#2117 = CARTESIAN_POINT ( 'NONE',  ( 0.1771653543307084855, 0.03618110236220472425, 0.0009487755083205080906 ) ) ;
#2118 = VECTOR ( 'NONE', #2185, 39.37007874015748143 ) ;
#2119 = VERTEX_POINT ( 'NONE', #90 ) ;
#2120 = MANIFOLD_SOLID_BREP ( 'Cut-Extrude2', #117 ) ;
#2121 = ORIENTED_EDGE ( 'NONE', *, *, #537, .T. ) ;
#2122 = DIRECTION ( 'NONE',  ( 0.8658842116630449670, 0.000000000000000000, -0.5002444722259978827 ) ) ;
#2123 = CARTESIAN_POINT ( 'NONE',  ( 2.996062992125983815, -2.108899645460835607E-16, -1.517716535433071057 ) ) ;
#2124 = COORDINATED_UNIVERSAL_TIME_OFFSET ( 3, 0, .AHEAD. ) ;
#2125 = ADVANCED_FACE ( 'NONE', ( #367 ), #2768, .T. ) ;
#2126 = EDGE_CURVE ( 'NONE', #427, #2449, #1989, .T. ) ;
#2127 = VERTEX_POINT ( 'NONE', #906 ) ;
#2128 = CARTESIAN_POINT ( 'NONE',  ( 3.235452848899278866, 0.000000000000000000, -1.397348435270059586 ) ) ;
#2129 = DIRECTION ( 'NONE',  ( 0.000000000000000000, 0.7643374360351172792, 0.6448164730179148929 ) ) ;
#2130 = CARTESIAN_POINT ( 'NONE',  ( 2.922440944881889546, 0.9780390174448710949, -0.9918636414183470418 ) ) ;
#2131 = VERTEX_POINT ( 'NONE', #1560 ) ;
#2132 = PLANE ( 'NONE',  #2402 ) ;
#2133 = CARTESIAN_POINT ( 'NONE',  ( 2.921077407484010457, -0.4365927035630998154, -1.197134941748149828 ) ) ;
#2134 = ORIENTED_EDGE ( 'NONE', *, *, #656, .F. ) ;
#2135 = ORIENTED_EDGE ( 'NONE', *, *, #1498, .F. ) ;
#2136 = DIRECTION ( 'NONE',  ( 0.000000000000000000, 0.000000000000000000, -1.000000000000000000 ) ) ;
#2137 = DIRECTION ( 'NONE',  ( 0.000000000000000000, -0.000000000000000000, -1.000000000000000000 ) ) ;
#2138 = ORIENTED_EDGE ( 'NONE', *, *, #2176, .T. ) ;
#2139 = CC_DESIGN_PERSON_AND_ORGANIZATION_ASSIGNMENT ( #414, #425, ( #2718 ) ) ;
#2140 = LINE ( 'NONE', #172, #739 ) ;
#2141 = ADVANCED_FACE ( 'NONE', ( #2691 ), #219, .F. ) ;
#2142 = ORIENTED_EDGE ( 'NONE', *, *, #1125, .F. ) ;
#2143 = CARTESIAN_POINT ( 'NONE',  ( 0.1968503937007873850, 0.000000000000000000, 0.4989802715713128611 ) ) ;
#2144 = CARTESIAN_POINT ( 'NONE',  ( 1.741338582677165014, 1.128499142648633713, -0.8649312648400168113 ) ) ;
#2145 = CARTESIAN_POINT ( 'NONE',  ( -0.1771653543307086520, 0.05586614173228346414, 0.03047633456343864719 ) ) ;
#2146 = VERTEX_POINT ( 'NONE', #2002 ) ;
#2147 = CARTESIAN_POINT ( 'NONE',  ( 3.462793168828095070, -3.937007874074322541E-05, -1.397348435270059586 ) ) ;
#2148 = DIRECTION ( 'NONE',  ( 0.000000000000000000, -0.6448164730179144488, 0.7643374360351175012 ) ) ;
#2149 = COORDINATED_UNIVERSAL_TIME_OFFSET ( 3, 0, .AHEAD. ) ;
#2150 = VERTEX_POINT ( 'NONE', #382 ) ;
#2151 = DIRECTION ( 'NONE',  ( -0.000000000000000000, 1.000000000000000000, -0.000000000000000000 ) ) ;
#2152 = VECTOR ( 'NONE', #1420, 39.37007874015748143 ) ;
#2153 = VERTEX_POINT ( 'NONE', #655 ) ;
#2154 = CYLINDRICAL_SURFACE ( 'NONE', #1052, 0.09842519685039344268 ) ;
#2155 = AXIS2_PLACEMENT_3D ( 'NONE', #21, #215, #416 ) ;
#2156 = LINE ( 'NONE', #1485, #57 ) ;
#2157 = EDGE_CURVE ( 'NONE', #2737, #2058, #1575, .T. ) ;
#2158 = VECTOR ( 'NONE', #229, 39.37007874015748143 ) ;
#2159 = LINE ( 'NONE', #2835, #2870 ) ;
#2160 = LOCAL_TIME ( 23, 2, 26.00000000000000000, #31 ) ;
#2161 = ORIENTED_EDGE ( 'NONE', *, *, #1173, .T. ) ;
#2162 = VECTOR ( 'NONE', #2279, 39.37007874015748143 ) ;
#2163 = AXIS2_PLACEMENT_3D ( 'NONE', #450, #231, #464 ) ;
#2164 = VERTEX_POINT ( 'NONE', #1935 ) ;
#2165 = LINE ( 'NONE', #2188, #1569 ) ;
#2166 = CARTESIAN_POINT ( 'NONE',  ( 3.192931043727406326, 0.5987398431137861410, -1.864458751173676321 ) ) ;
#2167 = EDGE_LOOP ( 'NONE', ( #2142, #1751, #2225, #2351 ) ) ;
#2168 = APPLICATION_CONTEXT ( 'configuration controlled 3d designs of mechanical parts and assemblies' ) ;
#2169 = LINE ( 'NONE', #1065, #690 ) ;
#2170 = VERTEX_POINT ( 'NONE', #2469 ) ;
#2171 = FACE_BOUND ( 'NONE', #1728, .T. ) ;
#2172 = DIRECTION ( 'NONE',  ( 1.000000000000000000, 0.000000000000000000, 0.000000000000000000 ) ) ;
#2173 = CARTESIAN_POINT ( 'NONE',  ( -0.1771653543307086243, 0.000000000000000000, 0.5344133424374544195 ) ) ;
#2174 = DIRECTION ( 'NONE',  ( 0.000000000000000000, 0.7643374360351172792, 0.6448164730179148929 ) ) ;
#2175 = ADVANCED_FACE ( 'NONE', ( #672 ), #2677, .F. ) ;
#2176 = EDGE_CURVE ( 'NONE', #1810, #2033, #1276, .T. ) ;
#2177 = ORIENTED_EDGE ( 'NONE', *, *, #99, .T. ) ;
#2178 = LINE ( 'NONE', #636, #2694 ) ;
#2179 = ORIENTED_EDGE ( 'NONE', *, *, #301, .F. ) ;
#2180 = CYLINDRICAL_SURFACE ( 'NONE', #1083, 0.1377952755905515192 ) ;
#2181 = MECHANICAL_CONTEXT ( 'NONE', #2168, 'mechanical' ) ;
#2182 = ORIENTED_EDGE ( 'NONE', *, *, #1385, .F. ) ;
#2183 = DIRECTION ( 'NONE',  ( 0.000000000000000000, -0.6448164730179147819, 0.7643374360351171681 ) ) ;
#2184 = FACE_OUTER_BOUND ( 'NONE', #2809, .T. ) ;
#2185 = DIRECTION ( 'NONE',  ( -0.7071067811865514585, -0.7071067811865435759, 0.000000000000000000 ) ) ;
#2186 = DIRECTION ( 'NONE',  ( 1.586395497006682652E-16, 1.000000000000000000, -0.000000000000000000 ) ) ;
#2187 = VERTEX_POINT ( 'NONE', #920 ) ;
#2188 = CARTESIAN_POINT ( 'NONE',  ( 3.165912977484781621, 1.968503937007874072, -1.517716535433071057 ) ) ;
#2189 = ADVANCED_FACE ( 'NONE', ( #24 ), #435, .T. ) ;
#2190 = VERTEX_POINT ( 'NONE', #1137 ) ;
#2191 = LINE ( 'NONE', #1294, #2345 ) ;
#2192 = PERSON_AND_ORGANIZATION ( #866, #2112 ) ;
#2193 = CIRCLE ( 'NONE', #192, 0.09842519685039351207 ) ;
#2194 = ORIENTED_EDGE ( 'NONE', *, *, #984, .T. ) ;
#2195 = DIRECTION ( 'NONE',  ( 0.000000000000000000, -0.6448164730179147819, 0.7643374360351171681 ) ) ;
#2196 = FACE_OUTER_BOUND ( 'NONE', #1545, .T. ) ;
#2197 = VECTOR ( 'NONE', #913, 39.37007874015748143 ) ;
#2198 = LINE ( 'NONE', #203, #2158 ) ;
#2199 = ORIENTED_EDGE ( 'NONE', *, *, #2716, .F. ) ;
#2200 = AXIS2_PLACEMENT_3D ( 'NONE', #521, #2476, #2494 ) ;
#2201 = CIRCLE ( 'NONE', #946, 0.01968503937007875723 ) ;
#2202 = CC_DESIGN_APPROVAL ( #981, ( #576 ) ) ;
#2203 = AXIS2_PLACEMENT_3D ( 'NONE', #2372, #533, #2137 ) ;
#2204 = ORIENTED_EDGE ( 'NONE', *, *, #2751, .F. ) ;
#2205 = CIRCLE ( 'NONE', #1697, 0.01968503937007872254 ) ;
#2206 = ORIENTED_EDGE ( 'NONE', *, *, #179, .F. ) ;
#2207 = LINE ( 'NONE', #2406, #1088 ) ;
#2208 = EDGE_CURVE ( 'NONE', #279, #777, #1369, .T. ) ;
#2209 = EDGE_CURVE ( 'NONE', #2003, #1207, #1112, .T. ) ;
#2210 = ORIENTED_EDGE ( 'NONE', *, *, #774, .T. ) ;
#2211 = VECTOR ( 'NONE', #1327, 39.37007874015748854 ) ;
#2212 = CARTESIAN_POINT ( 'NONE',  ( 0.1968503937007873850, 0.05586614173228360986, 0.0009487755083205084159 ) ) ;
#2213 = LINE ( 'NONE', #642, #1273 ) ;
#2214 = DIRECTION ( 'NONE',  ( 1.365041640558097153E-17, 0.7643374360351171681, 0.6448164730179148929 ) ) ;
#2215 = FACE_OUTER_BOUND ( 'NONE', #2829, .T. ) ;
#2216 = CARTESIAN_POINT ( 'NONE',  ( 0.1968503937007873850, 0.1542913385826770178, 0.6033503503114702182 ) ) ;
#2217 = ADVANCED_BREP_SHAPE_REPRESENTATION ( '', ( #2120, #526 ), #2483 ) ;
#2218 = ORIENTED_EDGE ( 'NONE', *, *, #1926, .F. ) ;
#2219 = VECTOR ( 'NONE', #311, 39.37007874015748143 ) ;
#2220 = EDGE_LOOP ( 'NONE', ( #439, #390, #2182, #2206 ) ) ;
#2221 = DIRECTION ( 'NONE',  ( -0.000000000000000000, 1.000000000000000000, 0.000000000000000000 ) ) ;
#2222 = DIRECTION ( 'NONE',  ( 0.000000000000000000, 0.000000000000000000, 1.000000000000000000 ) ) ;
#2223 = EDGE_CURVE ( 'NONE', #2102, #2164, #2638, .T. ) ;
#2224 = ADVANCED_FACE ( 'NONE', ( #1353, #2242 ), #2827, .F. ) ;
#2225 = ORIENTED_EDGE ( 'NONE', *, *, #1606, .F. ) ;
#2226 = DIRECTION ( 'NONE',  ( 0.000000000000000000, 0.7643374360351171681, 0.6448164730179147819 ) ) ;
#2227 = CARTESIAN_POINT ( 'NONE',  ( 2.602362204724410155, 1.561096847681635591, -1.517716535433071057 ) ) ;
#2228 = DIRECTION ( 'NONE',  ( 0.000000000000000000, -0.6448164730179146709, 0.7643374360351171681 ) ) ;
#2229 = EDGE_CURVE ( 'NONE', #2187, #791, #1809, .T. ) ;
#2230 = EDGE_CURVE ( 'NONE', #2645, #365, #2705, .T. ) ;
#2231 = LINE ( 'NONE', #2301, #114 ) ;
#2232 = DIRECTION ( 'NONE',  ( 0.000000000000000000, -0.6448164730179152260, 0.7643374360351168351 ) ) ;
#2233 = EDGE_LOOP ( 'NONE', ( #780, #2254, #2245, #2248 ) ) ;
#2234 = VERTEX_POINT ( 'NONE', #702 ) ;
#2235 = FACE_OUTER_BOUND ( 'NONE', #2528, .T. ) ;
#2236 = DIRECTION ( 'NONE',  ( 0.000000000000000000, -0.6448164730179153370, 0.7643374360351167240 ) ) ;
#2237 = ORIENTED_EDGE ( 'NONE', *, *, #748, .T. ) ;
#2238 = CARTESIAN_POINT ( 'NONE',  ( -0.3051181102362205411, 0.1062992125984252023, 0.6820511377130451525 ) ) ;
#2239 = CARTESIAN_POINT ( 'NONE',  ( 3.235452848899278866, 1.065850159017396992, -1.397348435270059586 ) ) ;
#2240 = VECTOR ( 'NONE', #851, 39.37007874015748143 ) ;
#2241 = CARTESIAN_POINT ( 'NONE',  ( -0.1968503937007874682, -0.03937007874015747977, 0.4989802715713128611 ) ) ;
#2242 = FACE_OUTER_BOUND ( 'NONE', #683, .T. ) ;
#2243 = EDGE_CURVE ( 'NONE', #2669, #116, #1589, .T. ) ;
#2244 = EDGE_CURVE ( 'NONE', #809, #1623, #2261, .T. ) ;
#2245 = ORIENTED_EDGE ( 'NONE', *, *, #2501, .F. ) ;
#2246 = VERTEX_POINT ( 'NONE', #1483 ) ;
#2247 = VECTOR ( 'NONE', #1558, 39.37007874015748854 ) ;
#2248 = ORIENTED_EDGE ( 'NONE', *, *, #861, .F. ) ;
#2249 = LINE ( 'NONE', #1167, #682 ) ;
#2250 = DIRECTION ( 'NONE',  ( 0.000000000000000000, -0.6448164730179154480, 0.7643374360351166130 ) ) ;
#2251 = MECHANICAL_CONTEXT ( 'NONE', #1361, 'mechanical' ) ;
#2252 = AXIS2_PLACEMENT_3D ( 'NONE', #2348, #95, #522 ) ;
#2253 = VECTOR ( 'NONE', #890, 39.37007874015748143 ) ;
#2254 = ORIENTED_EDGE ( 'NONE', *, *, #1582, .F. ) ;
#2255 = DIRECTION ( 'NONE',  ( 0.000000000000000000, -1.000000000000000000, 0.000000000000000000 ) ) ;
#2256 = FACE_OUTER_BOUND ( 'NONE', #1994, .T. ) ;
#2257 = CARTESIAN_POINT ( 'NONE',  ( -0.2657480314960630752, -0.03937007874015747977, 0.6820511377130451525 ) ) ;
#2258 = VECTOR ( 'NONE', #1532, 39.37007874015748143 ) ;
#2259 = SHAPE_REPRESENTATION ( 'TypeC4PinHolder_v3', ( #526 ), #2483 ) ;
#2260 =( REPRESENTATION_RELATIONSHIP ('NONE','NONE', #959, #2863 ) REPRESENTATION_RELATIONSHIP_WITH_TRANSFORMATION ( #2326 )SHAPE_REPRESENTATION_RELATIONSHIP( ) );
#2261 = LINE ( 'NONE', #827, #2727 ) ;
#2262 = CC_DESIGN_PERSON_AND_ORGANIZATION_ASSIGNMENT ( #2092, #309, ( #1649 ) ) ;
#2263 = EDGE_CURVE ( 'NONE', #2041, #2562, #604, .T. ) ;
#2264 = ORIENTED_EDGE ( 'NONE', *, *, #242, .T. ) ;
#2265 = ORIENTED_EDGE ( 'NONE', *, *, #1568, .T. ) ;
#2266 = CARTESIAN_POINT ( 'NONE',  ( 1.741338582677165014, 0.9780390174448710949, -0.9918636414183470418 ) ) ;
#2267 = CARTESIAN_POINT ( 'NONE',  ( 0.3410660582872963031, 1.968503937007874072, -0.1968503937007874127 ) ) ;
#2268 = PERSON_AND_ORGANIZATION ( #866, #2112 ) ;
#2269 = EDGE_LOOP ( 'NONE', ( #2493, #1274, #1947, #1066 ) ) ;
#2270 = CARTESIAN_POINT ( 'NONE',  ( 2.996062992125983815, 1.167396060280057490, -1.517716535433071057 ) ) ;
#2271 = FACE_BOUND ( 'NONE', #873, .T. ) ;
#2272 = DIRECTION ( 'NONE',  ( -0.000000000000000000, -1.000000000000000000, -0.000000000000000000 ) ) ;
#2273 = EDGE_LOOP ( 'NONE', ( #452, #2313, #221, #1742, #1258, #2459, #1113, #1628, #2600, #1824, #1155, #2403 ) ) ;
#2274 = DIMENSIONAL_EXPONENTS ( 1.000000000000000000, 0.000000000000000000, 0.000000000000000000, 0.000000000000000000, 0.000000000000000000, 0.000000000000000000, 0.000000000000000000 ) ;
#2275 = DIRECTION ( 'NONE',  ( 0.000000000000000000, 0.000000000000000000, 1.000000000000000000 ) ) ;
#2276 = ORIENTED_EDGE ( 'NONE', *, *, #2335, .T. ) ;
#2277 = VERTEX_POINT ( 'NONE', #2497 ) ;
#2278 = CARTESIAN_POINT ( 'NONE',  ( 1.741338582677165014, 0.9780390174448710949, -0.9918636414183470418 ) ) ;
#2279 = DIRECTION ( 'NONE',  ( -7.577503294598481040E-34, -0.6448164730179147819, 0.7643374360351170571 ) ) ;
#2280 = CALENDAR_DATE ( 2026, 10, 9 ) ;
#2281 = EDGE_CURVE ( 'NONE', #1318, #98, #1884, .T. ) ;
#2282 = ORIENTED_EDGE ( 'NONE', *, *, #2336, .F. ) ;
#2283 = CARTESIAN_POINT ( 'NONE',  ( -0.2362204724409449619, 0.000000000000000000, 0.5737834211776119409 ) ) ;
#2284 = DIRECTION ( 'NONE',  ( 0.000000000000000000, -0.000000000000000000, -1.000000000000000000 ) ) ;
#2285 = FACE_OUTER_BOUND ( 'NONE', #2576, .T. ) ;
#2286 = DIRECTION ( 'NONE',  ( 0.7071067811865435759, -0.7071067811865514585, 0.000000000000000000 ) ) ;
#2287 = DIRECTION ( 'NONE',  ( -0.000000000000000000, -1.000000000000000000, -0.000000000000000000 ) ) ;
#2288 = ORIENTED_EDGE ( 'NONE', *, *, #47, .F. ) ;
#2289 = VERTEX_POINT ( 'NONE', #950 ) ;
#2290 = CARTESIAN_POINT ( 'NONE',  ( 0.4724409448818898127, 0.2637795275590551491, 0.0009487755083205095001 ) ) ;
#2291 = DIRECTION ( 'NONE',  ( -1.000000000000000000, 0.000000000000000000, -1.355252715606881775E-17 ) ) ;
#2292 = VECTOR ( 'NONE', #1256, 39.37007874015748143 ) ;
#2293 = VECTOR ( 'NONE', #1600, 39.37007874015748143 ) ;
#2294 = CALENDAR_DATE ( 2026, 10, 9 ) ;
#2295 = AXIS2_PLACEMENT_3D ( 'NONE', #621, #2221, #424 ) ;
#2296 = CIRCLE ( 'NONE', #716, 0.1377952755905515192 ) ;
#2297 = CC_DESIGN_APPROVAL ( #1071, ( #1551 ) ) ;
#2298 = ORIENTED_EDGE ( 'NONE', *, *, #569, .T. ) ;
#2299 = ADVANCED_FACE ( 'NONE', ( #2097 ), #2764, .F. ) ;
#2300 = AXIS2_PLACEMENT_3D ( 'NONE', #1345, #1826, #2236 ) ;
#2301 = CARTESIAN_POINT ( 'NONE',  ( 1.104165762672697948, 1.968503937007874072, -1.517716535433071057 ) ) ;
#2302 = EDGE_CURVE ( 'NONE', #2073, #181, #760, .T. ) ;
#2303 = CARTESIAN_POINT ( 'NONE',  ( -0.3051181102362205411, -0.03937007874015747977, 0.6820511377130451525 ) ) ;
#2304 = CARTESIAN_POINT ( 'NONE',  ( 0.1771653543307084577, 0.000000000000000000, 0.5344133424374544195 ) ) ;
#2305 = VECTOR ( 'NONE', #2057, 39.37007874015748143 ) ;
#2306 = DIRECTION ( 'NONE',  ( 0.000000000000000000, 0.000000000000000000, -1.000000000000000000 ) ) ;
#2307 = CARTESIAN_POINT ( 'NONE',  ( -0.2362204724409449619, -1.126887297386508504E-15, 0.5737834211776119409 ) ) ;
#2308 = ORIENTED_EDGE ( 'NONE', *, *, #1769, .T. ) ;
#2309 = ORIENTED_EDGE ( 'NONE', *, *, #2823, .F. ) ;
#2310 = CARTESIAN_POINT ( 'NONE',  ( 2.922440944881889546, 0.9780390174448710949, -0.9918636414183470418 ) ) ;
#2311 = PLANE ( 'NONE',  #2203 ) ;
#2312 = APPROVAL_DATE_TIME ( #2036, #161 ) ;
#2313 = ORIENTED_EDGE ( 'NONE', *, *, #33, .T. ) ;
#2314 = CARTESIAN_POINT ( 'NONE',  ( 0.2657480314960629642, 0.1062992125984252023, 0.6820511377130451525 ) ) ;
#2315 = CARTESIAN_POINT ( 'NONE',  ( -0.1968503937007874682, -0.03940944881889763690, 0.4989802715713128611 ) ) ;
#2316 = CARTESIAN_POINT ( 'NONE',  ( 1.741338582677165014, 0.9780390174448710949, -0.9918636414183470418 ) ) ;
#2317 =( REPRESENTATION_RELATIONSHIP ('NONE','NONE', #959, #2259 ) REPRESENTATION_RELATIONSHIP_WITH_TRANSFORMATION ( #1436 )SHAPE_REPRESENTATION_RELATIONSHIP( ) );
#2318 = APPROVAL ( #2340, 'UNSPECIFIED' ) ;
#2319 = ADVANCED_FACE ( 'NONE', ( #2749 ), #980, .T. ) ;
#2320 = DIRECTION ( 'NONE',  ( 0.5002444722259978827, 0.000000000000000000, 0.8658842116630449670 ) ) ;
#2321 = EDGE_CURVE ( 'NONE', #1978, #1727, #746, .T. ) ;
#2322 = ORIENTED_EDGE ( 'NONE', *, *, #1607, .T. ) ;
#2323 = EDGE_LOOP ( 'NONE', ( #726, #2729, #750, #998 ) ) ;
#2324 = LINE ( 'NONE', #1667, #1300 ) ;
#2325 = CARTESIAN_POINT ( 'NONE',  ( -0.4724409448818898127, -0.03937007874015747977, 0.03047633456343861250 ) ) ;
#2326 = ITEM_DEFINED_TRANSFORMATION ( 'NONE', 'NONE', #1314,  #526 ) ;
#2327 = EDGE_LOOP ( 'NONE', ( #2470, #1921, #2, #960, #830, #1160, #1487, #548 ) ) ;
#2328 = LINE ( 'NONE', #323, #1131 ) ;
#2329 =( NAMED_UNIT ( * ) PLANE_ANGLE_UNIT ( ) SI_UNIT ( $, .RADIAN. ) );
#2330 = DIRECTION ( 'NONE',  ( 0.000000000000000000, -0.6448164730179153370, 0.7643374360351167240 ) ) ;
#2331 = EDGE_LOOP ( 'NONE', ( #2765, #2045, #762, #363 ) ) ;
#2332 = CARTESIAN_POINT ( 'NONE',  ( 3.279527559055117614, 0.000000000000000000, -1.714566929133858331 ) ) ;
#2333 = LINE ( 'NONE', #396, #1563 ) ;
#2334 = ORIENTED_EDGE ( 'NONE', *, *, #1028, .T. ) ;
#2335 = EDGE_CURVE ( 'NONE', #586, #1391, #2353, .T. ) ;
#2336 = EDGE_CURVE ( 'NONE', #1528, #34, #258, .T. ) ;
#2337 = ORIENTED_EDGE ( 'NONE', *, *, #2534, .F. ) ;
#2338 = DIRECTION ( 'NONE',  ( 0.000000000000000000, 0.000000000000000000, -1.000000000000000000 ) ) ;
#2339 = FACE_OUTER_BOUND ( 'NONE', #1685, .T. ) ;
#2340 = APPROVAL_STATUS ( 'not_yet_approved' ) ;
#2341 = VECTOR ( 'NONE', #1731, 39.37007874015748143 ) ;
#2342 = CIRCLE ( 'NONE', #1085, 0.01968503937007875723 ) ;
#2343 = ORIENTED_EDGE ( 'NONE', *, *, #1403, .F. ) ;
#2344 = VECTOR ( 'NONE', #1174, 39.37007874015748143 ) ;
#2345 = VECTOR ( 'NONE', #1565, 39.37007874015748143 ) ;
#2346 = DIRECTION ( 'NONE',  ( 6.938893903907247113E-16, -1.000000000000000000, 0.000000000000000000 ) ) ;
#2347 = AXIS2_PLACEMENT_3D ( 'NONE', #847, #1056, #2893 ) ;
#2348 = CARTESIAN_POINT ( 'NONE',  ( 0.1968503937007873850, 0.05586614173228360986, 0.6033503503114702182 ) ) ;
#2349 = LOCAL_TIME ( 23, 2, 26.00000000000000000, #988 ) ;
#2350 = AXIS2_PLACEMENT_3D ( 'NONE', #2130, #1661, #2330 ) ;
#2351 = ORIENTED_EDGE ( 'NONE', *, *, #2682, .F. ) ;
#2352 = DIRECTION ( 'NONE',  ( -0.000000000000000000, 0.000000000000000000, 1.000000000000000000 ) ) ;
#2353 = CIRCLE ( 'NONE', #205, 0.1377952755905515192 ) ;
#2354 = CARTESIAN_POINT ( 'NONE',  ( 4.270078740157480013, 0.3988188976377906592, 0.000000000000000000 ) ) ;
#2355 = AXIS2_PLACEMENT_3D ( 'NONE', #878, #1298, #418 ) ;
#2356 = ORIENTED_EDGE ( 'NONE', *, *, #734, .T. ) ;
#2357 = CC_DESIGN_DATE_AND_TIME_ASSIGNMENT ( #2845, #2626, ( #2478 ) ) ;
#2358 = EDGE_CURVE ( 'NONE', #677, #1881, #1650, .T. ) ;
#2359 = VERTEX_POINT ( 'NONE', #2547 ) ;
#2360 = PLANE ( 'NONE',  #1627 ) ;
#2361 = LINE ( 'NONE', #1872, #904 ) ;
#2362 = VERTEX_POINT ( 'NONE', #2085 ) ;
#2363 = CARTESIAN_POINT ( 'NONE',  ( 1.274015748031495754, 1.561096847681635591, -1.517716535433071057 ) ) ;
#2364 = PLANE ( 'NONE',  #1783 ) ;
#2365 = ORIENTED_EDGE ( 'NONE', *, *, #2716, .T. ) ;
#2366 = FACE_BOUND ( 'NONE', #437, .T. ) ;
#2367 = DIRECTION ( 'NONE',  ( -1.000000000000000000, 0.000000000000000000, 0.000000000000000000 ) ) ;
#2368 = VERTEX_POINT ( 'NONE', #543 ) ;
#2369 = VECTOR ( 'NONE', #109, 39.37007874015748854 ) ;
#2370 = VERTEX_POINT ( 'NONE', #1194 ) ;
#2371 = CARTESIAN_POINT ( 'NONE',  ( 0.1771653543307086243, 0.000000000000000000, 0.4989802715713126946 ) ) ;
#2372 = CARTESIAN_POINT ( 'NONE',  ( 0.000000000000000000, 0.000000000000000000, 0.000000000000000000 ) ) ;
#2373 = DATE_AND_TIME ( #91, #2349 ) ;
#2374 = ORIENTED_EDGE ( 'NONE', *, *, #2736, .T. ) ;
#2375 = CARTESIAN_POINT ( 'NONE',  ( 0.1968503937007873850, 0.1542913385826770178, 0.0009487755083205083075 ) ) ;
#2376 =( CONVERSION_BASED_UNIT ( 'INCH', #2584 ) LENGTH_UNIT ( ) NAMED_UNIT ( #2051 ) );
#2377 = ADVANCED_FACE ( 'NONE', ( #525 ), #1429, .F. ) ;
#2378 = EDGE_CURVE ( 'NONE', #1714, #380, #39, .T. ) ;
#2379 = ORIENTED_EDGE ( 'NONE', *, *, #1289, .T. ) ;
#2380 = CARTESIAN_POINT ( 'NONE',  ( 1.347637795275590245, 1.066891681049702223, -1.097185729060981441 ) ) ;
#2381 = LINE ( 'NONE', #1968, #1223 ) ;
#2382 = CARTESIAN_POINT ( 'NONE',  ( 3.165912977484781621, 1.561096847681635591, -1.517716535433071057 ) ) ;
#2383 = ORIENTED_EDGE ( 'NONE', *, *, #714, .F. ) ;
#2384 = EDGE_LOOP ( 'NONE', ( #747, #2846 ) ) ;
#2385 = LINE ( 'NONE', #986, #829 ) ;
#2386 = DIRECTION ( 'NONE',  ( 0.000000000000000000, 0.000000000000000000, 1.000000000000000000 ) ) ;
#2387 = PRODUCT_DEFINITION_SHAPE ( 'NONE', 'NONE',  #2901 ) ;
#2388 = ORIENTED_EDGE ( 'NONE', *, *, #696, .F. ) ;
#2389 = CARTESIAN_POINT ( 'NONE',  ( 2.922440944881889546, 0.9780390174448710949, -0.9918636414183470418 ) ) ;
#2390 = CIRCLE ( 'NONE', #2695, 0.1377952755905514359 ) ;
#2391 = EDGE_CURVE ( 'NONE', #896, #2719, #64, .T. ) ;
#2392 = EDGE_CURVE ( 'NONE', #2836, #1318, #1663, .T. ) ;
#2393 = ORIENTED_EDGE ( 'NONE', *, *, #101, .T. ) ;
#2394 = CARTESIAN_POINT ( 'NONE',  ( 4.161086650332537650E-18, 0.1148844363914772737, 0.1965608328763037982 ) ) ;
#2395 = VECTOR ( 'NONE', #1572, 39.37007874015748143 ) ;
#2396 = LINE ( 'NONE', #431, #1045 ) ;
#2397 = AXIS2_PLACEMENT_3D ( 'NONE', #1326, #2214, #6 ) ;
#2398 = DIRECTION ( 'NONE',  ( 0.000000000000000000, 0.7643374360351172792, 0.6448164730179148929 ) ) ;
#2399 = APPROVAL_PERSON_ORGANIZATION ( #1567, #69, #1965 ) ;
#2400 = VERTEX_POINT ( 'NONE', #967 ) ;
#2401 = VECTOR ( 'NONE', #2461, 39.37007874015748143 ) ;
#2402 = AXIS2_PLACEMENT_3D ( 'NONE', #1471, #2616, #2352 ) ;
#2403 = ORIENTED_EDGE ( 'NONE', *, *, #2157, .F. ) ;
#2404 = DIRECTION ( 'NONE',  ( 0.000000000000000000, 1.000000000000000000, 0.000000000000000000 ) ) ;
#2405 = ORIENTED_EDGE ( 'NONE', *, *, #333, .T. ) ;
#2406 = CARTESIAN_POINT ( 'NONE',  ( 3.165912977484781621, 1.561096847681635591, -1.517716535433071057 ) ) ;
#2407 = APPROVAL_ROLE ( '' ) ;
#2408 = ORIENTED_EDGE ( 'NONE', *, *, #2086, .F. ) ;
#2409 = CARTESIAN_POINT ( 'NONE',  ( 0.000000000000000000, -0.03937007874015747977, 0.000000000000000000 ) ) ;
#2410 = CC_DESIGN_DATE_AND_TIME_ASSIGNMENT ( #1889, #2828, ( #1026 ) ) ;
#2411 = EDGE_CURVE ( 'NONE', #181, #2190, #1206, .T. ) ;
#2412 = DIRECTION ( 'NONE',  ( -1.000000000000000000, 0.000000000000000000, 0.000000000000000000 ) ) ;
#2413 = LINE ( 'NONE', #1519, #721 ) ;
#2414 = DIRECTION ( 'NONE',  ( -5.240856422890653836E-17, 0.000000000000000000, -1.000000000000000000 ) ) ;
#2415 = EDGE_CURVE ( 'NONE', #854, #1095, #952, .T. ) ;
#2416 = EDGE_CURVE ( 'NONE', #1391, #586, #1746, .T. ) ;
#2417 = ORIENTED_EDGE ( 'NONE', *, *, #1838, .T. ) ;
#2418 = CARTESIAN_POINT ( 'NONE',  ( 0.1968503937007873295, 0.000000000000000000, 0.5147283030673756032 ) ) ;
#2419 = ORIENTED_EDGE ( 'NONE', *, *, #1677, .T. ) ;
#2420 = DIRECTION ( 'NONE',  ( 5.240856422890653836E-17, 0.000000000000000000, 1.000000000000000000 ) ) ;
#2421 = APPROVAL_DATE_TIME ( #2462, #69 ) ;
#2422 = EDGE_LOOP ( 'NONE', ( #273, #1598, #1734, #1512 ) ) ;
#2423 = LINE ( 'NONE', #1133, #1044 ) ;
#2424 = DIRECTION ( 'NONE',  ( -0.000000000000000000, 0.7643374360351171681, 0.6448164730179148929 ) ) ;
#2425 = CARTESIAN_POINT ( 'NONE',  ( -0.1771653543307086243, -0.03937007874015747977, 0.4792952322012339339 ) ) ;
#2426 = CARTESIAN_POINT ( 'NONE',  ( -0.1968503937007875237, 0.000000000000000000, 0.5147283030673754922 ) ) ;
#2427 = ADVANCED_FACE ( 'NONE', ( #1440 ), #1383, .T. ) ;
#2428 = ADVANCED_FACE ( 'NONE', ( #1030 ), #2132, .T. ) ;
#2429 = ORIENTED_EDGE ( 'NONE', *, *, #47, .T. ) ;
#2430 = EDGE_LOOP ( 'NONE', ( #2134, #2627, #1009, #545 ) ) ;
#2431 = LINE ( 'NONE', #1320, #2579 ) ;
#2432 = COORDINATED_UNIVERSAL_TIME_OFFSET ( 3, 0, .AHEAD. ) ;
#2433 = ORIENTED_EDGE ( 'NONE', *, *, #645, .F. ) ;
#2434 = DIRECTION ( 'NONE',  ( 1.606225440719266182E-17, -0.000000000000000000, -1.000000000000000000 ) ) ;
#2435 = DIRECTION ( 'NONE',  ( -0.000000000000000000, -1.000000000000000000, -0.000000000000000000 ) ) ;
#2436 = DIRECTION ( 'NONE',  ( -1.372819052411043571E-15, 0.000000000000000000, 1.000000000000000000 ) ) ;
#2437 = AXIS2_PLACEMENT_3D ( 'NONE', #1664, #2561, #556 ) ;
#2438 = CARTESIAN_POINT ( 'NONE',  ( 1.347637795275590245, 1.059497758854374139, -0.9231427651982520022 ) ) ;
#2439 = AXIS2_PLACEMENT_3D ( 'NONE', #2831, #832, #342 ) ;
#2440 = DIRECTION ( 'NONE',  ( -1.000000000000000000, 0.000000000000000000, -4.956352788505164254E-16 ) ) ;
#2441 = VECTOR ( 'NONE', #2690, 39.37007874015748143 ) ;
#2442 = EDGE_LOOP ( 'NONE', ( #1723, #1025, #1702, #2825 ) ) ;
#2443 = CC_DESIGN_PERSON_AND_ORGANIZATION_ASSIGNMENT ( #294, #490, ( #576 ) ) ;
#2444 = VECTOR ( 'NONE', #612, 39.37007874015748854 ) ;
#2445 = EDGE_CURVE ( 'NONE', #2131, #2669, #1283, .T. ) ;
#2446 = EDGE_LOOP ( 'NONE', ( #1219, #25, #573, #983, #1539 ) ) ;
#2447 = FACE_OUTER_BOUND ( 'NONE', #2422, .T. ) ;
#2448 = DATE_AND_TIME ( #1333, #2859 ) ;
#2449 = VERTEX_POINT ( 'NONE', #2143 ) ;
#2450 = AXIS2_PLACEMENT_3D ( 'NONE', #1424, #1203, #2675 ) ;
#2451 = LINE ( 'NONE', #2238, #2814 ) ;
#2452 = DIRECTION ( 'NONE',  ( -0.000000000000000000, -1.000000000000000000, -0.000000000000000000 ) ) ;
#2453 = CARTESIAN_POINT ( 'NONE',  ( 1.667716535433073410, 1.561096847681635591, -1.714566929133858331 ) ) ;
#2454 = CARTESIAN_POINT ( 'NONE',  ( 2.922440944881889546, 1.065032954359468986, -0.7897012022381354468 ) ) ;
#2455 = DIRECTION ( 'NONE',  ( 0.5002444722259978827, 0.000000000000000000, -0.8658842116630448560 ) ) ;
#2456 = CIRCLE ( 'NONE', #2742, 0.01968503937007875723 ) ;
#2457 = ORIENTED_EDGE ( 'NONE', *, *, #1265, .T. ) ;
#2458 = VECTOR ( 'NONE', #1506, 39.37007874015748854 ) ;
#2459 = ORIENTED_EDGE ( 'NONE', *, *, #2099, .T. ) ;
#2460 = LINE ( 'NONE', #1525, #993 ) ;
#2461 = DIRECTION ( 'NONE',  ( 1.000000000000000000, -1.785914932597100778E-17, -7.873440760737160554E-34 ) ) ;
#2462 = DATE_AND_TIME ( #2890, #1786 ) ;
#2463 = ORIENTED_EDGE ( 'NONE', *, *, #2015, .F. ) ;
#2464 = EDGE_CURVE ( 'NONE', #287, #870, #629, .T. ) ;
#2465 = ADVANCED_FACE ( 'NONE', ( #1016, #2794 ), #1735, .T. ) ;
#2466 = CARTESIAN_POINT ( 'NONE',  ( 2.996062992125983815, -2.108899645460835607E-16, -1.517716535433071057 ) ) ;
#2467 = CARTESIAN_POINT ( 'NONE',  ( 0.1771653543307086243, -0.03937007874015747977, 0.4989802715713126946 ) ) ;
#2468 = DIRECTION ( 'NONE',  ( 0.000000000000000000, 1.000000000000000000, 0.000000000000000000 ) ) ;
#2469 = CARTESIAN_POINT ( 'NONE',  ( 1.034625891258200703, 0.000000000000000000, -1.397348435270060030 ) ) ;
#2470 = ORIENTED_EDGE ( 'NONE', *, *, #261, .T. ) ;
#2471 = ORIENTED_EDGE ( 'NONE', *, *, #1984, .F. ) ;
#2472 = FACE_OUTER_BOUND ( 'NONE', #2887, .T. ) ;
#2473 = LINE ( 'NONE', #468, #2162 ) ;
#2474 = PERSON_AND_ORGANIZATION ( #866, #2112 ) ;
#2475 = EDGE_LOOP ( 'NONE', ( #2851, #1368, #1852, #118 ) ) ;
#2476 = DIRECTION ( 'NONE',  ( 0.000000000000000000, 0.7643374360351172792, 0.6448164730179148929 ) ) ;
#2477 = CARTESIAN_POINT ( 'NONE',  ( 2.528740157480314998, 0.9780390174448710949, -0.9918636414183470418 ) ) ;
#2478 = PRODUCT_DEFINITION ( 'UNKNOWN', '', #2718, #124 ) ;
#2479 = EDGE_CURVE ( 'NONE', #2150, #932, #2833, .T. ) ;
#2480 = LINE ( 'NONE', #2512, #156 ) ;
#2481 = ORIENTED_EDGE ( 'NONE', *, *, #354, .F. ) ;
#2482 = CARTESIAN_POINT ( 'NONE',  ( 0.4724409448818898127, -0.03937007874015747977, 0.0009487755083205095001 ) ) ;
#2483 =( GEOMETRIC_REPRESENTATION_CONTEXT ( 3 ) GLOBAL_UNCERTAINTY_ASSIGNED_CONTEXT ( ( #1379 ) ) GLOBAL_UNIT_ASSIGNED_CONTEXT ( ( #2376, #1673, #1217 ) ) REPRESENTATION_CONTEXT ( 'NONE', 'WORKASPACE' ) );
#2484 = ORIENTED_EDGE ( 'NONE', *, *, #355, .T. ) ;
#2485 = CC_DESIGN_APPROVAL ( #161, ( #949 ) ) ;
#2486 = ORIENTED_EDGE ( 'NONE', *, *, #1441, .F. ) ;
#2487 = APPROVAL_PERSON_ORGANIZATION ( #1873, #2750, #2800 ) ;
#2488 = CARTESIAN_POINT ( 'NONE',  ( 1.741338582677165014, 0.05042511887492662909, -1.774424712221095435 ) ) ;
#2489 = CARTESIAN_POINT ( 'NONE',  ( 3.235452848899278866, -3.937007874074322541E-05, -1.397348435270059586 ) ) ;
#2490 = DATE_AND_TIME ( #2726, #157 ) ;
#2491 = AXIS2_PLACEMENT_3D ( 'NONE', #1328, #1767, #241 ) ;
#2492 = CIRCLE ( 'NONE', #1235, 0.09842519685039351207 ) ;
#2493 = ORIENTED_EDGE ( 'NONE', *, *, #2392, .T. ) ;
#2494 = DIRECTION ( 'NONE',  ( 0.000000000000000000, -0.6448164730179152260, 0.7643374360351168351 ) ) ;
#2495 = CARTESIAN_POINT ( 'NONE',  ( -0.1771653543307087630, 0.000000000000000000, 0.5147283030673757143 ) ) ;
#2496 = FACE_OUTER_BOUND ( 'NONE', #1805, .T. ) ;
#2497 = CARTESIAN_POINT ( 'NONE',  ( 1.274015748031495754, 1.167396060280062153, -1.714566929133858331 ) ) ;
#2498 = VECTOR ( 'NONE', #1643, 39.37007874015748143 ) ;
#2499 = ORIENTED_EDGE ( 'NONE', *, *, #610, .T. ) ;
#2500 = EDGE_CURVE ( 'NONE', #2187, #2153, #1689, .T. ) ;
#2501 = EDGE_CURVE ( 'NONE', #2400, #2793, #2589, .T. ) ;
#2502 = DIMENSIONAL_EXPONENTS ( 1.000000000000000000, 0.000000000000000000, 0.000000000000000000, 0.000000000000000000, 0.000000000000000000, 0.000000000000000000, 0.000000000000000000 ) ;
#2503 = AXIS2_PLACEMENT_3D ( 'NONE', #644, #1944, #2414 ) ;
#2504 = ORIENTED_EDGE ( 'NONE', *, *, #2897, .T. ) ;
#2505 = CARTESIAN_POINT ( 'NONE',  ( 2.922440944881889546, 1.059497758854374139, -0.9231427651982520022 ) ) ;
#2506 = LINE ( 'NONE', #504, #951 ) ;
#2507 = DATE_TIME_ROLE ( 'classification_date' ) ;
#2508 = ORIENTED_EDGE ( 'NONE', *, *, #315, .T. ) ;
#2509 = DIRECTION ( 'NONE',  ( 0.000000000000000000, -0.6448164730179147819, 0.7643374360351171681 ) ) ;
#2510 = DIRECTION ( 'NONE',  ( 1.000000000000000000, -1.586395497006682652E-16, 0.000000000000000000 ) ) ;
#2511 = DIRECTION ( 'NONE',  ( 0.000000000000000000, -0.6448164730179153370, 0.7643374360351167240 ) ) ;
#2512 = CARTESIAN_POINT ( 'NONE',  ( 0.4147977162808993423, 2.138724444401391089, -0.3244741498860582718 ) ) ;
#2513 = DIRECTION ( 'NONE',  ( 0.000000000000000000, 0.000000000000000000, 1.000000000000000000 ) ) ;
#2514 = ORIENTED_EDGE ( 'NONE', *, *, #1658, .T. ) ;
#2515 = EDGE_CURVE ( 'NONE', #1054, #2073, #160, .T. ) ;
#2516 = EDGE_CURVE ( 'NONE', #2562, #2127, #1229, .T. ) ;
#2517 = EDGE_LOOP ( 'NONE', ( #1886, #1463, #506, #1198 ) ) ;
#2518 = LINE ( 'NONE', #307, #1313 ) ;
#2519 = FACE_OUTER_BOUND ( 'NONE', #845, .T. ) ;
#2520 = DATE_AND_TIME ( #2280, #1225 ) ;
#2521 = ORIENTED_EDGE ( 'NONE', *, *, #1285, .F. ) ;
#2522 = PLANE ( 'NONE',  #1561 ) ;
#2523 = FACE_OUTER_BOUND ( 'NONE', #2475, .T. ) ;
#2524 = PLANE ( 'NONE',  #2252 ) ;
#2525 = LINE ( 'NONE', #758, #572 ) ;
#2526 = CARTESIAN_POINT ( 'NONE',  ( 1.741338582677165014, -0.01304106941423810451, -1.699194649619214070 ) ) ;
#2527 = VERTEX_POINT ( 'NONE', #834 ) ;
#2528 = EDGE_LOOP ( 'NONE', ( #695, #2504, #465, #1362 ) ) ;
#2529 = DIRECTION ( 'NONE',  ( 1.365041640558097153E-17, 0.7643374360351171681, 0.6448164730179148929 ) ) ;
#2530 = DIRECTION ( 'NONE',  ( 0.000000000000000000, 0.7643374360351171681, 0.6448164730179147819 ) ) ;
#2531 = VECTOR ( 'NONE', #2434, 39.37007874015748143 ) ;
#2532 = DATE_AND_TIME ( #1859, #858 ) ;
#2533 = EDGE_CURVE ( 'NONE', #1622, #2645, #2205, .T. ) ;
#2534 = EDGE_CURVE ( 'NONE', #1391, #544, #391, .T. ) ;
#2535 = VECTOR ( 'NONE', #300, 39.37007874015748143 ) ;
#2536 = APPROVAL_PERSON_ORGANIZATION ( #2757, #161, #925 ) ;
#2537 = VERTEX_POINT ( 'NONE', #2847 ) ;
#2538 = AXIS2_PLACEMENT_3D ( 'NONE', #2267, #77, #1566 ) ;
#2539 = DIRECTION ( 'NONE',  ( 1.000000000000000000, -1.176007759787089757E-15, 1.372819052411043374E-15 ) ) ;
#2540 = DIRECTION ( 'NONE',  ( 0.000000000000000000, 0.000000000000000000, -1.000000000000000000 ) ) ;
#2541 = ADVANCED_FACE ( 'NONE', ( #584 ), #145, .T. ) ;
#2542 = EDGE_CURVE ( 'NONE', #491, #2058, #2114, .T. ) ;
#2543 = CARTESIAN_POINT ( 'NONE',  ( 0.1771653543307086243, -0.03940944881889763690, 0.4989802715713126946 ) ) ;
#2544 = VECTOR ( 'NONE', #2896, 39.37007874015748143 ) ;
#2545 = DIRECTION ( 'NONE',  ( -0.000000000000000000, -0.000000000000000000, -1.000000000000000000 ) ) ;
#2546 = EDGE_LOOP ( 'NONE', ( #2298, #1293, #2514, #922 ) ) ;
#2547 = CARTESIAN_POINT ( 'NONE',  ( 0.1771653543307084855, 0.000000000000000000, 0.4792952322012339339 ) ) ;
#2548 = ORIENTED_EDGE ( 'NONE', *, *, #947, .T. ) ;
#2549 = VERTEX_POINT ( 'NONE', #820 ) ;
#2550 = CARTESIAN_POINT ( 'NONE',  ( 1.649560439035443249, 2.513898613370613155, -1.517716535433071057 ) ) ;
#2551 = FACE_OUTER_BOUND ( 'NONE', #2076, .T. ) ;
#2552 = CALENDAR_DATE ( 2026, 10, 9 ) ;
#2553 = ORIENTED_EDGE ( 'NONE', *, *, #2700, .F. ) ;
#2554 = DIRECTION ( 'NONE',  ( 0.000000000000000000, -0.6448164730179152260, 0.7643374360351168351 ) ) ;
#2555 = LINE ( 'NONE', #818, #1272 ) ;
#2556 = LINE ( 'NONE', #1409, #2722 ) ;
#2557 = ADVANCED_FACE ( 'NONE', ( #846 ), #2154, .F. ) ;
#2558 = ADVANCED_FACE ( 'NONE', ( #2366, #1067, #360, #1255, #2171, #1941, #1724 ), #2630, .F. ) ;
#2559 = ORIENTED_EDGE ( 'NONE', *, *, #143, .F. ) ;
#2560 = DIRECTION ( 'NONE',  ( 0.000000000000000000, -0.6448164730179153370, 0.7643374360351167240 ) ) ;
#2561 = DIRECTION ( 'NONE',  ( 0.000000000000000000, 0.7643374360351171681, 0.6448164730179147819 ) ) ;
#2562 = VERTEX_POINT ( 'NONE', #1079 ) ;
#2563 = ORIENTED_EDGE ( 'NONE', *, *, #1868, .T. ) ;
#2564 = PLANE ( 'NONE',  #1768 ) ;
#2565 = CARTESIAN_POINT ( 'NONE',  ( 0.1771653543307086520, 0.1542913385826771844, 0.0009487755083205080906 ) ) ;
#2566 = PERSON_AND_ORGANIZATION_ROLE ( 'creator' ) ;
#2567 = ORIENTED_EDGE ( 'NONE', *, *, #2157, .T. ) ;
#2568 = FACE_OUTER_BOUND ( 'NONE', #1254, .T. ) ;
#2569 = DIRECTION ( 'NONE',  ( -0.000000000000000000, 1.000000000000000000, -0.000000000000000000 ) ) ;
#2570 = ORIENTED_EDGE ( 'NONE', *, *, #539, .T. ) ;
#2571 = DIRECTION ( 'NONE',  ( -1.000000000000000000, 0.000000000000000000, -0.000000000000000000 ) ) ;
#2572 = EDGE_CURVE ( 'NONE', #206, #953, #1416, .T. ) ;
#2573 = ADVANCED_FACE ( 'NONE', ( #429 ), #1296, .F. ) ;
#2574 = LINE ( 'NONE', #2117, #97 ) ;
#2575 = VERTEX_POINT ( 'NONE', #2212 ) ;
#2576 = EDGE_LOOP ( 'NONE', ( #2712, #2779 ) ) ;
#2577 = FACE_OUTER_BOUND ( 'NONE', #2446, .T. ) ;
#2578 = DIRECTION ( 'NONE',  ( 0.4039477917135462226, 0.5898665289171570736, -0.6992021593451882566 ) ) ;
#2579 = VECTOR ( 'NONE', #2420, 39.37007874015748143 ) ;
#2580 = ORIENTED_EDGE ( 'NONE', *, *, #2391, .T. ) ;
#2581 = AXIS2_PLACEMENT_3D ( 'NONE', #2082, #471, #1380 ) ;
#2582 = AXIS2_PLACEMENT_3D ( 'NONE', #184, #2020, #1761 ) ;
#2583 = CARTESIAN_POINT ( 'NONE',  ( 0.1771653543307084855, 0.03618110236220472425, 0.03047633456343864719 ) ) ;
#2584 = LENGTH_MEASURE_WITH_UNIT ( LENGTH_MEASURE( 0.02539999999999999897 ), #2776 );
#2585 = VECTOR ( 'NONE', #2452, 39.37007874015748143 ) ;
#2586 = LOCAL_TIME ( 23, 2, 26.00000000000000000, #2786 ) ;
#2587 = CIRCLE ( 'NONE', #2350, 0.1377952755905515192 ) ;
#2588 = ORIENTED_EDGE ( 'NONE', *, *, #1041, .F. ) ;
#2589 = LINE ( 'NONE', #792, #2444 ) ;
#2590 = VECTOR ( 'NONE', #2662, 39.37007874015748143 ) ;
#2591 = CARTESIAN_POINT ( 'NONE',  ( 2.922440944881889546, 1.066891681049702223, -1.097185729060981441 ) ) ;
#2592 = ORIENTED_EDGE ( 'NONE', *, *, #2281, .F. ) ;
#2593 = EDGE_CURVE ( 'NONE', #1907, #1101, #2423, .T. ) ;
#2594 = EDGE_LOOP ( 'NONE', ( #2276, #1988, #1842, #2652 ) ) ;
#2595 = PLANE ( 'NONE',  #593 ) ;
#2596 = CARTESIAN_POINT ( 'NONE',  ( 1.347637795275590245, 1.041505205734035044, -1.067093704020227962 ) ) ;
#2597 = APPROVAL_DATE_TIME ( #138, #1071 ) ;
#2598 = ORIENTED_EDGE ( 'NONE', *, *, #2628, .T. ) ;
#2599 = DIRECTION ( 'NONE',  ( -0.000000000000000000, -0.000000000000000000, -1.000000000000000000 ) ) ;
#2600 = ORIENTED_EDGE ( 'NONE', *, *, #1534, .F. ) ;
#2601 = DIRECTION ( 'NONE',  ( 1.000000000000000000, 0.000000000000000000, -0.000000000000000000 ) ) ;
#2602 = VECTOR ( 'NONE', #1074, 39.37007874015748854 ) ;
#2603 = DIRECTION ( 'NONE',  ( 0.000000000000000000, 0.7643374360351171681, 0.6448164730179147819 ) ) ;
#2604 = CARTESIAN_POINT ( 'NONE',  ( 0.000000000000000000, 0.1062992125984252023, 0.6092164920437537212 ) ) ;
#2605 = ORIENTED_EDGE ( 'NONE', *, *, #1587, .F. ) ;
#2606 = ORIENTED_EDGE ( 'NONE', *, *, #877, .F. ) ;
#2607 = CARTESIAN_POINT ( 'NONE',  ( 0.000000000000000000, 0.3988188976377952666, 0.000000000000000000 ) ) ;
#2608 = DIRECTION ( 'NONE',  ( -0.5002444722259978827, -0.000000000000000000, 0.8658842116630449670 ) ) ;
#2609 = PERSON_AND_ORGANIZATION ( #866, #2112 ) ;
#2610 = EDGE_CURVE ( 'NONE', #2370, #1101, #571, .T. ) ;
#2611 = ADVANCED_FACE ( 'NONE', ( #1513 ), #186, .F. ) ;
#2612 = EDGE_LOOP ( 'NONE', ( #2606, #2471, #557, #1236 ) ) ;
#2613 = DIRECTION ( 'NONE',  ( 1.000000000000000000, 0.000000000000000000, 0.000000000000000000 ) ) ;
#2614 = DIRECTION ( 'NONE',  ( 1.000000000000000000, 0.000000000000000000, 0.000000000000000000 ) ) ;
#2615 = EDGE_LOOP ( 'NONE', ( #1898, #16 ) ) ;
#2616 = DIRECTION ( 'NONE',  ( -0.7071067811865514585, -0.7071067811865435759, 0.000000000000000000 ) ) ;
#2617 = PLANE ( 'NONE',  #2347 ) ;
#2618 = DIRECTION ( 'NONE',  ( 1.000000000000000000, 0.000000000000000000, 0.000000000000000000 ) ) ;
#2619 = FACE_OUTER_BOUND ( 'NONE', #2546, .T. ) ;
#2620 = EDGE_LOOP ( 'NONE', ( #1384, #1033, #568, #1334, #1962, #597, #1170, #2752 ) ) ;
#2621 = CARTESIAN_POINT ( 'NONE',  ( 2.135039370078739562, 1.128499142648633713, -0.8649312648400168113 ) ) ;
#2622 = ORIENTED_EDGE ( 'NONE', *, *, #681, .F. ) ;
#2623 = EDGE_CURVE ( 'NONE', #2119, #1250, #2451, .T. ) ;
#2624 = DIRECTION ( 'NONE',  ( 0.000000000000000000, -0.6448164730179154480, 0.7643374360351166130 ) ) ;
#2625 = ADVANCED_FACE ( 'NONE', ( #1529, #199 ), #885, .F. ) ;
#2626 = DATE_TIME_ROLE ( 'creation_date' ) ;
#2627 = ORIENTED_EDGE ( 'NONE', *, *, #2772, .F. ) ;
#2628 = EDGE_CURVE ( 'NONE', #1622, #2819, #1096, .T. ) ;
#2629 = AXIS2_PLACEMENT_3D ( 'NONE', #433, #1531, #2867 ) ;
#2630 = PLANE ( 'NONE',  #295 ) ;
#2631 = AXIS2_PLACEMENT_3D ( 'NONE', #2731, #298, #728 ) ;
#2632 = CYLINDRICAL_SURFACE ( 'NONE', #1504, 0.01968503937007872254 ) ;
#2633 = VECTOR ( 'NONE', #876, 39.37007874015748143 ) ;
#2634 = PLANE ( 'NONE',  #1097 ) ;
#2635 = LOCAL_TIME ( 23, 2, 26.00000000000000000, #152 ) ;
#2636 = DIRECTION ( 'NONE',  ( 0.000000000000000000, 0.000000000000000000, 1.000000000000000000 ) ) ;
#2637 = CIRCLE ( 'NONE', #1366, 0.01968503937007872254 ) ;
#2638 = CIRCLE ( 'NONE', #1280, 0.09842519685039360922 ) ;
#2639 = ORIENTED_EDGE ( 'NONE', *, *, #2335, .F. ) ;
#2640 = DIRECTION ( 'NONE',  ( -1.000000000000000000, -0.000000000000000000, -0.000000000000000000 ) ) ;
#2641 = ORIENTED_EDGE ( 'NONE', *, *, #1386, .T. ) ;
#2642 = DIRECTION ( 'NONE',  ( -0.000000000000000000, 1.000000000000000000, -0.000000000000000000 ) ) ;
#2643 = PERSON_AND_ORGANIZATION ( #866, #2112 ) ;
#2644 = AXIS2_PLACEMENT_3D ( 'NONE', #1111, #1861, #2730 ) ;
#2645 = VERTEX_POINT ( 'NONE', #1774 ) ;
#2646 = PLANE ( 'NONE',  #2107 ) ;
#2647 = CARTESIAN_POINT ( 'NONE',  ( 4.156353001798999358, 0.4467771680663881195, -0.1968503937007882731 ) ) ;
#2648 = EDGE_CURVE ( 'NONE', #1758, #2113, #2062, .T. ) ;
#2649 = ADVANCED_FACE ( 'NONE', ( #917 ), #2688, .F. ) ;
#2650 = CARTESIAN_POINT ( 'NONE',  ( 1.741338582677165014, 1.066891681049702223, -1.097185729060981441 ) ) ;
#2651 = CARTESIAN_POINT ( 'NONE',  ( -0.1968503937007874682, -0.03940944881889763690, 0.4989802715713128611 ) ) ;
#2652 = ORIENTED_EDGE ( 'NONE', *, *, #910, .F. ) ;
#2653 = ORIENTED_EDGE ( 'NONE', *, *, #1733, .F. ) ;
#2654 = CARTESIAN_POINT ( 'NONE',  ( -0.1771653543307085132, 0.03618110236220472425, 0.0009487755083205024528 ) ) ;
#2655 =( NAMED_UNIT ( * ) PLANE_ANGLE_UNIT ( ) SI_UNIT ( $, .RADIAN. ) );
#2656 = ORIENTED_EDGE ( 'NONE', *, *, #681, .T. ) ;
#2657 = CARTESIAN_POINT ( 'NONE',  ( 0.4724409448818898127, -0.03937007874015747977, 0.0009487755083205095001 ) ) ;
#2658 = DIRECTION ( 'NONE',  ( -1.000000000000000000, 0.000000000000000000, 0.000000000000000000 ) ) ;
#2659 = DIRECTION ( 'NONE',  ( 0.000000000000000000, 0.7643374360351172792, 0.6448164730179148929 ) ) ;
#2660 = DIRECTION ( 'NONE',  ( -0.000000000000000000, 0.7643374360351170571, 0.6448164730179147819 ) ) ;
#2661 = APPROVAL ( #2668, 'UNSPECIFIED' ) ;
#2662 = DIRECTION ( 'NONE',  ( 1.606225440719266182E-17, -0.000000000000000000, -1.000000000000000000 ) ) ;
#2663 = ADVANCED_FACE ( 'NONE', ( #1967 ), #1806, .T. ) ;
#2664 = VECTOR ( 'NONE', #1003, 39.37007874015748854 ) ;
#2665 = ORIENTED_EDGE ( 'NONE', *, *, #301, .T. ) ;
#2666 = ORIENTED_EDGE ( 'NONE', *, *, #2243, .T. ) ;
#2667 = DIRECTION ( 'NONE',  ( 0.000000000000000000, -0.6448164730179153370, 0.7643374360351167240 ) ) ;
#2668 = APPROVAL_STATUS ( 'not_yet_approved' ) ;
#2669 = VERTEX_POINT ( 'NONE', #2657 ) ;
#2670 = DESIGN_CONTEXT ( 'detailed design', #620, 'design' ) ;
#2671 = DIRECTION ( 'NONE',  ( 1.000000000000000000, 0.000000000000000000, 0.000000000000000000 ) ) ;
#2672 = DIRECTION ( 'NONE',  ( 1.606225440719266182E-17, -0.000000000000000000, -1.000000000000000000 ) ) ;
#2673 = LINE ( 'NONE', #2849, #1359 ) ;
#2674 = AXIS2_PLACEMENT_3D ( 'NONE', #1692, #1457, #2618 ) ;
#2675 = DIRECTION ( 'NONE',  ( 0.000000000000000000, -0.6448164730179154480, 0.7643374360351166130 ) ) ;
#2676 = VECTOR ( 'NONE', #540, 39.37007874015748143 ) ;
#2677 = PLANE ( 'NONE',  #859 ) ;
#2678 = AXIS2_PLACEMENT_3D ( 'NONE', #2748, #965, #2306 ) ;
#2679 = PERSON_AND_ORGANIZATION ( #472, #2721 ) ;
#2680 = VERTEX_POINT ( 'NONE', #2007 ) ;
#2681 = AXIS2_PLACEMENT_3D ( 'NONE', #271, #2287, #54 ) ;
#2682 = EDGE_CURVE ( 'NONE', #1207, #1642, #1308, .T. ) ;
#2683 = ORIENTED_EDGE ( 'NONE', *, *, #1196, .F. ) ;
#2684 = LINE ( 'NONE', #234, #100 ) ;
#2685 = DIRECTION ( 'NONE',  ( -0.000000000000000000, 0.7643374360351171681, 0.6448164730179148929 ) ) ;
#2686 = APPLICATION_PROTOCOL_DEFINITION ( 'international standard', 'config_control_design', 1994, #2168 ) ;
#2687 = VERTEX_POINT ( 'NONE', #2026 ) ;
#2688 = PLANE ( 'NONE',  #619 ) ;
#2689 = DIRECTION ( 'NONE',  ( 0.000000000000000000, 0.000000000000000000, -1.000000000000000000 ) ) ;
#2690 = DIRECTION ( 'NONE',  ( 1.000000000000000000, -0.000000000000000000, 0.000000000000000000 ) ) ;
#2691 = FACE_OUTER_BOUND ( 'NONE', #2323, .T. ) ;
#2692 = VECTOR ( 'NONE', #2784, 39.37007874015748143 ) ;
#2693 = ORIENTED_EDGE ( 'NONE', *, *, #193, .F. ) ;
#2694 = VECTOR ( 'NONE', #2404, 39.37007874015748143 ) ;
#2695 = AXIS2_PLACEMENT_3D ( 'NONE', #2505, #1184, #705 ) ;
#2696 = EDGE_LOOP ( 'NONE', ( #1126, #2622, #618, #259 ) ) ;
#2697 = DIRECTION ( 'NONE',  ( 0.000000000000000000, -1.000000000000000000, 0.000000000000000000 ) ) ;
#2698 = DIRECTION ( 'NONE',  ( 0.000000000000000000, 0.7643374360351172792, 0.6448164730179148929 ) ) ;
#2699 = PERSON_AND_ORGANIZATION ( #866, #2112 ) ;
#2700 = EDGE_CURVE ( 'NONE', #2234, #2400, #2862, .T. ) ;
#2701 = ORIENTED_EDGE ( 'NONE', *, *, #11, .T. ) ;
#2702 = DIRECTION ( 'NONE',  ( 1.000000000000000000, 0.000000000000000000, 0.000000000000000000 ) ) ;
#2703 = CARTESIAN_POINT ( 'NONE',  ( 3.432888431106057237, -0.2588873763534383365, -1.407779117033418181 ) ) ;
#2704 = PLANE ( 'NONE',  #2678 ) ;
#2705 = LINE ( 'NONE', #2216, #2590 ) ;
#2706 = ORIENTED_EDGE ( 'NONE', *, *, #861, .T. ) ;
#2707 = VERTEX_POINT ( 'NONE', #2466 ) ;
#2708 = CARTESIAN_POINT ( 'NONE',  ( 0.3051181102362204300, 0.1062992125984252023, 0.03047633456343860903 ) ) ;
#2709 = CARTESIAN_POINT ( 'NONE',  ( 1.347637795275590245, 0.9780390174448710949, -0.9918636414183470418 ) ) ;
#2710 = PERSON_AND_ORGANIZATION ( #866, #2112 ) ;
#2711 = ADVANCED_FACE ( 'NONE', ( #404 ), #2646, .F. ) ;
#2712 = ORIENTED_EDGE ( 'NONE', *, *, #1838, .F. ) ;
#2713 = LINE ( 'NONE', #2038, #898 ) ;
#2714 = CARTESIAN_POINT ( 'NONE',  ( 0.3051181102362204300, -0.03937007874015747977, 0.6820511377130451525 ) ) ;
#2715 = LINE ( 'NONE', #2257, #2110 ) ;
#2716 = EDGE_CURVE ( 'NONE', #2719, #896, #1546, .T. ) ;
#2717 = CARTESIAN_POINT ( 'NONE',  ( -0.2362204724409449619, 0.000000000000000000, 0.5737834211776119409 ) ) ;
#2718 = PRODUCT_DEFINITION_FORMATION_WITH_SPECIFIED_SOURCE ( 'ANY', '', #2853, .NOT_KNOWN. ) ;
#2719 = VERTEX_POINT ( 'NONE', #508 ) ;
#2720 = VECTOR ( 'NONE', #1109, 39.37007874015748143 ) ;
#2721 = ORGANIZATION ( 'NAUO-ORG2', 'UNSPECIFIED', 'UNSPECIFIED' ) ;
#2722 = VECTOR ( 'NONE', #1239, 39.37007874015748143 ) ;
#2723 = ORIENTED_EDGE ( 'NONE', *, *, #1533, .F. ) ;
#2724 = LINE ( 'NONE', #1388, #214 ) ;
#2725 = FACE_OUTER_BOUND ( 'NONE', #38, .T. ) ;
#2726 = CALENDAR_DATE ( 2026, 10, 9 ) ;
#2727 = VECTOR ( 'NONE', #2608, 39.37007874015748143 ) ;
#2728 = AXIS2_PLACEMENT_3D ( 'NONE', #865, #2436, #177 ) ;
#2729 = ORIENTED_EDGE ( 'NONE', *, *, #2842, .T. ) ;
#2730 = DIRECTION ( 'NONE',  ( 0.000000000000000000, 0.000000000000000000, 1.000000000000000000 ) ) ;
#2731 = CARTESIAN_POINT ( 'NONE',  ( 0.1771653543307084855, 0.1739763779527559173, 0.6033503503114702182 ) ) ;
#2732 = DIRECTION ( 'NONE',  ( 0.000000000000000000, 0.7643374360351170571, 0.6448164730179147819 ) ) ;
#2733 = DIRECTION ( 'NONE',  ( 0.000000000000000000, 1.000000000000000000, 0.000000000000000000 ) ) ;
#2734 = CARTESIAN_POINT ( 'NONE',  ( 2.528740157480314998, 1.128499142648633713, -0.8649312648400168113 ) ) ;
#2735 = EDGE_CURVE ( 'NONE', #2190, #1949, #1407, .T. ) ;
#2736 = EDGE_CURVE ( 'NONE', #427, #2289, #941, .T. ) ;
#2737 = VERTEX_POINT ( 'NONE', #1161 ) ;
#2738 = VERTEX_POINT ( 'NONE', #1189 ) ;
#2739 = FACE_OUTER_BOUND ( 'NONE', #1782, .T. ) ;
#2740 = DIRECTION ( 'NONE',  ( 0.000000000000000000, 0.000000000000000000, 1.000000000000000000 ) ) ;
#2741 = APPLICATION_PROTOCOL_DEFINITION ( 'international standard', 'config_control_design', 1994, #620 ) ;
#2742 = AXIS2_PLACEMENT_3D ( 'NONE', #2371, #103, #2338 ) ;
#2743 = CIRCLE ( 'NONE', #685, 0.01968503937007872254 ) ;
#2744 = VERTEX_POINT ( 'NONE', #963 ) ;
#2745 = FACE_OUTER_BOUND ( 'NONE', #606, .T. ) ;
#2746 = CARTESIAN_POINT ( 'NONE',  ( 3.432888431106057237, 0.8191866474202693649, -0.4982856696523390583 ) ) ;
#2747 = CARTESIAN_POINT ( 'NONE',  ( 0.2362204724409448231, 0.1062992125984252023, 0.5737834211776119409 ) ) ;
#2748 = CARTESIAN_POINT ( 'NONE',  ( -0.4724409448818898127, 0.2637795275590551491, 0.0009487755083205095001 ) ) ;
#2749 = FACE_OUTER_BOUND ( 'NONE', #1680, .T. ) ;
#2750 = APPROVAL ( #784, 'UNKNOWN' ) ;
#2751 = EDGE_CURVE ( 'NONE', #1101, #2370, #943, .T. ) ;
#2752 = ORIENTED_EDGE ( 'NONE', *, *, #1428, .F. ) ;
#2753 = EDGE_CURVE ( 'NONE', #1614, #2119, #2095, .T. ) ;
#2754 = ORIENTED_EDGE ( 'NONE', *, *, #2841, .T. ) ;
#2755 = DIRECTION ( 'NONE',  ( 1.000000000000000000, 0.000000000000000000, -0.000000000000000000 ) ) ;
#2756 = CARTESIAN_POINT ( 'NONE',  ( -0.2362204724409449619, 0.1062992125984252023, 0.6092164920437537212 ) ) ;
#2757 = PERSON_AND_ORGANIZATION ( #866, #2112 ) ;
#2758 = ORIENTED_EDGE ( 'NONE', *, *, #315, .F. ) ;
#2759 = CARTESIAN_POINT ( 'NONE',  ( 2.135039370078739562, 0.9706450952495431217, -0.8178206775556173813 ) ) ;
#2760 = LINE ( 'NONE', #312, #807 ) ;
#2761 = DIRECTION ( 'NONE',  ( -0.000000000000000000, 1.000000000000000000, -0.000000000000000000 ) ) ;
#2762 = LINE ( 'NONE', #23, #2816 ) ;
#2763 = ORIENTED_EDGE ( 'NONE', *, *, #1494, .F. ) ;
#2764 = CYLINDRICAL_SURFACE ( 'NONE', #1554, 0.01968503937007875723 ) ;
#2765 = ORIENTED_EDGE ( 'NONE', *, *, #2858, .F. ) ;
#2766 = VERTEX_POINT ( 'NONE', #2270 ) ;
#2767 = DIRECTION ( 'NONE',  ( -1.000000000000000000, 0.000000000000000000, 0.000000000000000000 ) ) ;
#2768 = PLANE ( 'NONE',  #1744 ) ;
#2769 = COORDINATED_UNIVERSAL_TIME_OFFSET ( 3, 0, .AHEAD. ) ;
#2770 = ADVANCED_FACE ( 'NONE', ( #254 ), #492, .F. ) ;
#2771 = CIRCLE ( 'NONE', #763, 0.01968503937007875723 ) ;
#2772 = EDGE_CURVE ( 'NONE', #1054, #935, #1616, .T. ) ;
#2773 = VERTEX_POINT ( 'NONE', #1849 ) ;
#2774 = VECTOR ( 'NONE', #2740, 39.37007874015748143 ) ;
#2775 = DIRECTION ( 'NONE',  ( -0.000000000000000000, 0.000000000000000000, -1.000000000000000000 ) ) ;
#2776 =( LENGTH_UNIT ( ) NAMED_UNIT ( * ) SI_UNIT ( $, .METRE. ) );
#2777 = CYLINDRICAL_SURFACE ( 'NONE', #290, 0.1377952755905515192 ) ;
#2778 = VECTOR ( 'NONE', #1707, 39.37007874015748143 ) ;
#2779 = ORIENTED_EDGE ( 'NONE', *, *, #1798, .F. ) ;
#2780 = DIRECTION ( 'NONE',  ( 0.000000000000000000, 0.7643374360351172792, 0.6448164730179148929 ) ) ;
#2781 = FACE_BOUND ( 'NONE', #334, .T. ) ;
#2782 = ORIENTED_EDGE ( 'NONE', *, *, #1855, .T. ) ;
#2783 = ORIENTED_EDGE ( 'NONE', *, *, #1124, .T. ) ;
#2784 = DIRECTION ( 'NONE',  ( 0.000000000000000000, -1.000000000000000000, 0.000000000000000000 ) ) ;
#2785 = DIRECTION ( 'NONE',  ( -0.000000000000000000, 0.7643374360351171681, 0.6448164730179148929 ) ) ;
#2786 = COORDINATED_UNIVERSAL_TIME_OFFSET ( 3, 0, .AHEAD. ) ;
#2787 = ORIENTED_EDGE ( 'NONE', *, *, #2700, .T. ) ;
#2788 = CC_DESIGN_DATE_AND_TIME_ASSIGNMENT ( #44, #2507, ( #667 ) ) ;
#2789 = CARTESIAN_POINT ( 'NONE',  ( 0.7736552303646734297, 1.065850159017398990, -1.397348435270060252 ) ) ;
#2790 = EDGE_CURVE ( 'NONE', #896, #2113, #2069, .T. ) ;
#2791 = CARTESIAN_POINT ( 'NONE',  ( 0.000000000000000000, 0.000000000000000000, 0.000000000000000000 ) ) ;
#2792 = DIRECTION ( 'NONE',  ( -0.000000000000000000, 1.000000000000000000, -0.000000000000000000 ) ) ;
#2793 = VERTEX_POINT ( 'NONE', #2746 ) ;
#2794 = FACE_BOUND ( 'NONE', #2327, .T. ) ;
#2795 = LINE ( 'NONE', #2382, #1271 ) ;
#2796 = EDGE_LOOP ( 'NONE', ( #1634, #2656, #531, #1874 ) ) ;
#2797 = ORIENTED_EDGE ( 'NONE', *, *, #769, .T. ) ;
#2798 = LINE ( 'NONE', #1489, #2044 ) ;
#2799 = CARTESIAN_POINT ( 'NONE',  ( 1.347637795275590245, 1.128499142648633713, -0.8649312648400168113 ) ) ;
#2800 = APPROVAL_ROLE ( '' ) ;
#2801 = ORIENTED_EDGE ( 'NONE', *, *, #789, .F. ) ;
#2802 = DIRECTION ( 'NONE',  ( -0.000000000000000000, 0.7643374360351170571, 0.6448164730179147819 ) ) ;
#2803 = CARTESIAN_POINT ( 'NONE',  ( 0.000000000000000000, 0.000000000000000000, 0.000000000000000000 ) ) ;
#2804 = EDGE_LOOP ( 'NONE', ( #2898, #970 ) ) ;
#2805 = DIRECTION ( 'NONE',  ( -0.000000000000000000, 0.7643374360351171681, 0.6448164730179148929 ) ) ;
#2806 = EDGE_CURVE ( 'NONE', #2839, #1481, #1924, .T. ) ;
#2807 = CARTESIAN_POINT ( 'NONE',  ( -0.2362204724409449619, 0.1062992125984252023, 0.03047633456343861250 ) ) ;
#2808 = ORIENTED_EDGE ( 'NONE', *, *, #657, .T. ) ;
#2809 = EDGE_LOOP ( 'NONE', ( #1291, #466, #1073, #159 ) ) ;
#2810 = DIRECTION ( 'NONE',  ( 0.7071067811865435759, -0.7071067811865514585, -0.000000000000000000 ) ) ;
#2811 = CARTESIAN_POINT ( 'NONE',  ( 3.462793168828095070, 1.065850159017396992, -1.397348435270059586 ) ) ;
#2812 = APPROVAL_STATUS ( 'not_yet_approved' ) ;
#2813 = VERTEX_POINT ( 'NONE', #268 ) ;
#2814 = VECTOR ( 'NONE', #1996, 39.37007874015748143 ) ;
#2815 = CARTESIAN_POINT ( 'NONE',  ( 2.744394524596851515, 2.626705943730692994, -2.640840524152041180 ) ) ;
#2816 = VECTOR ( 'NONE', #919, 39.37007874015748143 ) ;
#2817 = CC_DESIGN_APPROVAL ( #1402, ( #1026 ) ) ;
#2818 = AXIS2_PLACEMENT_3D ( 'NONE', #1260, #2785, #797 ) ;
#2819 = VERTEX_POINT ( 'NONE', #743 ) ;
#2820 = DIRECTION ( 'NONE',  ( 0.000000000000000000, 1.000000000000000000, 0.000000000000000000 ) ) ;
#2821 = CARTESIAN_POINT ( 'NONE',  ( 3.929012681870183155, 0.000000000000000000, -0.1968503937007874127 ) ) ;
#2822 = CARTESIAN_POINT ( 'NONE',  ( 1.104165762672697948, 1.561096847681635591, -1.517716535433071057 ) ) ;
#2823 = EDGE_CURVE ( 'NONE', #1231, #837, #2053, .T. ) ;
#2824 = EDGE_CURVE ( 'NONE', #291, #1488, #2713, .T. ) ;
#2825 = ORIENTED_EDGE ( 'NONE', *, *, #13, .F. ) ;
#2826 = DIRECTION ( 'NONE',  ( 0.000000000000000000, 0.000000000000000000, -1.000000000000000000 ) ) ;
#2827 = PLANE ( 'NONE',  #2491 ) ;
#2828 = DATE_TIME_ROLE ( 'creation_date' ) ;
#2829 = EDGE_LOOP ( 'NONE', ( #1262, #2854, #2067, #1577 ) ) ;
#2830 = LINE ( 'NONE', #607, #1900 ) ;
#2831 = CARTESIAN_POINT ( 'NONE',  ( 0.000000000000000000, 0.000000000000000000, 0.000000000000000000 ) ) ;
#2832 = VERTEX_POINT ( 'NONE', #67 ) ;
#2833 = LINE ( 'NONE', #2332, #162 ) ;
#2834 = PLANE ( 'NONE',  #288 ) ;
#2835 = CARTESIAN_POINT ( 'NONE',  ( 2.996062992125983815, -2.108899645460835607E-16, -1.714566929133858331 ) ) ;
#2836 = VERTEX_POINT ( 'NONE', #50 ) ;
#2837 = CC_DESIGN_PERSON_AND_ORGANIZATION_ASSIGNMENT ( #2643, #1116, ( #2718 ) ) ;
#2838 = ADVANCED_FACE ( 'NONE', ( #2523 ), #1364, .F. ) ;
#2839 = VERTEX_POINT ( 'NONE', #1862 ) ;
#2840 = CARTESIAN_POINT ( 'NONE',  ( 0.9905511811023620661, 0.000000000000000000, -1.714566929133858331 ) ) ;
#2841 = EDGE_CURVE ( 'NONE', #2813, #689, #1834, .T. ) ;
#2842 = EDGE_CURVE ( 'NONE', #2102, #2362, #2760, .T. ) ;
#2843 = ORIENTED_EDGE ( 'NONE', *, *, #1534, .T. ) ;
#2844 = LINE ( 'NONE', #549, #361 ) ;
#2845 = DATE_AND_TIME ( #223, #712 ) ;
#2846 = ORIENTED_EDGE ( 'NONE', *, *, #1252, .F. ) ;
#2847 = CARTESIAN_POINT ( 'NONE',  ( 0.8072855713293848323, 1.065850159017398990, -1.397348435270060252 ) ) ;
#2848 = DIRECTION ( 'NONE',  ( 0.000000000000000000, 0.7643374360351170571, 0.6448164730179147819 ) ) ;
#2849 = CARTESIAN_POINT ( 'NONE',  ( 2.377595667935315404, 1.785863384470733006, -1.714566929133858331 ) ) ;
#2850 = DIRECTION ( 'NONE',  ( -0.000000000000000000, -0.000000000000000000, -1.000000000000000000 ) ) ;
#2851 = ORIENTED_EDGE ( 'NONE', *, *, #2208, .T. ) ;
#2852 = CARTESIAN_POINT ( 'NONE',  ( 2.528740157480314998, 1.041505205734035044, -1.067093704020227962 ) ) ;
#2853 = PRODUCT ( 'ledholdersolve', 'ledholdersolve', '', ( #2181 ) ) ;
#2854 = ORIENTED_EDGE ( 'NONE', *, *, #1677, .F. ) ;
#2855 = CARTESIAN_POINT ( 'NONE',  ( 3.268624753173854632E-15, 1.279396918157248209, -1.183801676130210812 ) ) ;
#2856 =( CONVERSION_BASED_UNIT ( 'INCH', #639 ) LENGTH_UNIT ( ) NAMED_UNIT ( #2502 ) );
#2857 = ADVANCED_FACE ( 'NONE', ( #1644 ), #1425, .F. ) ;
#2858 = EDGE_CURVE ( 'NONE', #989, #2527, #1690, .T. ) ;
#2859 = LOCAL_TIME ( 23, 2, 26.00000000000000000, #2877 ) ;
#2860 = ORIENTED_EDGE ( 'NONE', *, *, #355, .F. ) ;
#2861 = AXIS2_PLACEMENT_3D ( 'NONE', #2703, #5, #2689 ) ;
#2862 = LINE ( 'NONE', #1791, #2395 ) ;
#2863 = SHAPE_REPRESENTATION ( 'ledholder', ( #526 ), #1879 ) ;
#2864 = CC_DESIGN_SECURITY_CLASSIFICATION ( #1507, ( #2901 ) ) ;
#2865 = FACE_OUTER_BOUND ( 'NONE', #2384, .T. ) ;
#2866 = CIRCLE ( 'NONE', #1599, 0.01968503937007872254 ) ;
#2867 = DIRECTION ( 'NONE',  ( 0.000000000000000000, -0.6448164730179153370, 0.7643374360351167240 ) ) ;
#2868 = CARTESIAN_POINT ( 'NONE',  ( 1.741338582677165014, 1.065032954359468986, -0.7897012022381354468 ) ) ;
#2869 = AXIS2_PLACEMENT_3D ( 'NONE', #326, #1899, #375 ) ;
#2870 = VECTOR ( 'NONE', #836, 39.37007874015748143 ) ;
#2871 = ORIENTED_EDGE ( 'NONE', *, *, #99, .F. ) ;
#2872 = DIRECTION ( 'NONE',  ( 0.000000000000000000, 0.7643374360351171681, 0.6448164730179147819 ) ) ;
#2873 = CIRCLE ( 'NONE', #207, 0.01968503937007872254 ) ;
#2874 = ORIENTED_EDGE ( 'NONE', *, *, #372, .F. ) ;
#2875 = CIRCLE ( 'NONE', #909, 0.1377952755905514359 ) ;
#2876 = CARTESIAN_POINT ( 'NONE',  ( 1.034625891258200703, -3.937007874047004035E-05, -1.397348435270060030 ) ) ;
#2877 = COORDINATED_UNIVERSAL_TIME_OFFSET ( 3, 0, .AHEAD. ) ;
#2878 = ADVANCED_FACE ( 'NONE', ( #1687 ), #2364, .T. ) ;
#2879 = ORIENTED_EDGE ( 'NONE', *, *, #1060, .F. ) ;
#2880 = DIRECTION ( 'NONE',  ( 1.365041640558097308E-17, 0.7643374360351171681, 0.6448164730179148929 ) ) ;
#2881 = AXIS2_PLACEMENT_3D ( 'NONE', #2884, #2174, #1082 ) ;
#2882 = LINE ( 'NONE', #1955, #2633 ) ;
#2883 = DIRECTION ( 'NONE',  ( 0.000000000000000000, -0.6448164730179153370, 0.7643374360351167240 ) ) ;
#2884 = CARTESIAN_POINT ( 'NONE',  ( 2.528740157480314998, 0.9780390174448710949, -0.9918636414183470418 ) ) ;
#2885 = DIRECTION ( 'NONE',  ( 0.000000000000000000, 0.000000000000000000, 1.000000000000000000 ) ) ;
#2886 = VECTOR ( 'NONE', #1721, 39.37007874015748143 ) ;
#2887 = EDGE_LOOP ( 'NONE', ( #1705, #637, #2161, #2282 ) ) ;
#2888 = ORIENTED_EDGE ( 'NONE', *, *, #2263, .F. ) ;
#2889 = LINE ( 'NONE', #883, #709 ) ;
#2890 = CALENDAR_DATE ( 2026, 10, 9 ) ;
#2891 = ORIENTED_EDGE ( 'NONE', *, *, #1350, .T. ) ;
#2892 = DIRECTION ( 'NONE',  ( 0.000000000000000000, 1.000000000000000000, 0.000000000000000000 ) ) ;
#2893 = DIRECTION ( 'NONE',  ( 1.000000000000000000, 0.000000000000000000, 0.000000000000000000 ) ) ;
#2894 = DIRECTION ( 'NONE',  ( 1.000000000000000000, 0.000000000000000000, 0.000000000000000000 ) ) ;
#2895 = DIRECTION ( 'NONE',  ( -0.000000000000000000, 0.7643374360351170571, 0.6448164730179147819 ) ) ;
#2896 = DIRECTION ( 'NONE',  ( -0.000000000000000000, -1.000000000000000000, -0.000000000000000000 ) ) ;
#2897 = EDGE_CURVE ( 'NONE', #1089, #673, #2555, .T. ) ;
#2898 = ORIENTED_EDGE ( 'NONE', *, *, #1335, .T. ) ;
#2899 = FACE_OUTER_BOUND ( 'NONE', #2220, .T. ) ;
#2900 = NEXT_ASSEMBLY_USAGE_OCCURRENCE ( 'NAUO1', ' ', ' ', #2478, #1026, $ ) ;
#2901 = NEXT_ASSEMBLY_USAGE_OCCURRENCE ( 'NAUO2', ' ', ' ', #2478, #240, $ ) ;
ENDSEC;
END-ISO-10303-21;
