ISO-10303-21;
HEADER;
FILE_DESCRIPTION (( 'STEP AP214' ),
    '1' );
FILE_NAME ('Solar array module modif 3x plc.STEP',
    '2026-08-04T18:58:19',
    ( '' ),
    ( '' ),
    'SwSTEP 2.0',
    'SolidWorks 2026',
    '' );
FILE_SCHEMA (( 'AUTOMOTIVE_DESIGN' ));
ENDSEC;

DATA;
#1 = CARTESIAN_POINT ( 'NONE',  ( 34.20000000001014939, 3.433260614206730121, 13.50000000000000000 ) ) ;
#2 = LINE ( 'NONE', #3952, #1519 ) ;
#3 = DIRECTION ( 'NONE',  ( -7.395570986446990055E-32, 1.000000000000000000, 4.930380657631319405E-32 ) ) ;
#4 = LINE ( 'NONE', #352, #3585 ) ;
#5 = CARTESIAN_POINT ( 'NONE',  ( 68.99999937415108775, 4.499999999999984013, -7.500000000000000000 ) ) ;
#6 = DIRECTION ( 'NONE',  ( -0.6614378277661578931, 0.000000000000000000, 0.7499999999999910072 ) ) ;
#7 = ORIENTED_EDGE ( 'NONE', *, *, #2566, .T. ) ;
#8 = VERTEX_POINT ( 'NONE', #1744 ) ;
#9 = CARTESIAN_POINT ( 'NONE',  ( -26.70000000002750085, -3.085216014206189961, 9.900000000000000355 ) ) ;
#10 = ORIENTED_EDGE ( 'NONE', *, *, #1267, .T. ) ;
#11 = EDGE_CURVE ( 'NONE', #2559, #966, #1090, .T. ) ;
#12 = VECTOR ( 'NONE', #1446, 999.9999999999998863 ) ;
#13 = CARTESIAN_POINT ( 'NONE',  ( -13.98069758012417907, 6.000000000000000000, 13.50000000000000000 ) ) ;
#14 = AXIS2_PLACEMENT_3D ( 'NONE', #2114, #4081, #1045 ) ;
#15 = DIRECTION ( 'NONE',  ( 2.832769448823990301E-16, 0.000000000000000000, 1.000000000000000000 ) ) ;
#16 = CARTESIAN_POINT ( 'NONE',  ( 106.0707687807515924, 1.311312481911012018, 9.900000000000000355 ) ) ;
#17 = ORIENTED_EDGE ( 'NONE', *, *, #1439, .T. ) ;
#18 = DIRECTION ( 'NONE',  ( -2.220446049250309876E-16, 1.000000000000000000, 0.000000000000000000 ) ) ;
#19 = LINE ( 'NONE', #1645, #1737 ) ;
#20 = EDGE_CURVE ( 'NONE', #1814, #510, #1779, .T. ) ;
#21 = DIRECTION ( 'NONE',  ( 0.000000000000000000, 0.000000000000000000, -1.000000000000000000 ) ) ;
#22 = CARTESIAN_POINT ( 'NONE',  ( -48.00000000000000000, -9.000000000000000000, -7.500000000000000000 ) ) ;
#23 = VERTEX_POINT ( 'NONE', #864 ) ;
#24 = CARTESIAN_POINT ( 'NONE',  ( -48.00000000000000000, 8.699999999999999289, 6.520428419717357216E-31 ) ) ;
#25 = CARTESIAN_POINT ( 'NONE',  ( 73.79999999999820659, 3.433260614231660401, 13.50000000000000000 ) ) ;
#26 = DIRECTION ( 'NONE',  ( 0.000000000000000000, 0.000000000000000000, -1.000000000000000000 ) ) ;
#27 = VECTOR ( 'NONE', #3539, 1000.000000000000000 ) ;
#28 = EDGE_CURVE ( 'NONE', #1272, #2948, #1838, .T. ) ;
#29 = DIRECTION ( 'NONE',  ( 0.000000000000000000, -1.000000000000000000, 0.000000000000000000 ) ) ;
#30 = DIRECTION ( 'NONE',  ( -7.395570986446990055E-32, 1.000000000000000000, 4.930380657631318857E-32 ) ) ;
#31 = CARTESIAN_POINT ( 'NONE',  ( -39.00000062584880567, -4.500000000000000000, 1.500000000000000000 ) ) ;
#32 = CIRCLE ( 'NONE', #3374, 8.699999999999999289 ) ;
#33 = ORIENTED_EDGE ( 'NONE', *, *, #1786, .T. ) ;
#34 = AXIS2_PLACEMENT_3D ( 'NONE', #1036, #2379, #3691 ) ;
#35 = CIRCLE ( 'NONE', #953, 8.099999999999999645 ) ;
#36 = ORIENTED_EDGE ( 'NONE', *, *, #3105, .T. ) ;
#37 = DIRECTION ( 'NONE',  ( -1.000000000000000000, 0.000000000000000000, 0.000000000000000000 ) ) ;
#38 = DIRECTION ( 'NONE',  ( -0.8660254037844387076, -1.232595164407828893E-32, 0.4999999999999998890 ) ) ;
#39 = DIRECTION ( 'NONE',  ( -0.7500000000000024425, -2.285537967591383010E-32, -0.6614378277661449035 ) ) ;
#40 = EDGE_LOOP ( 'NONE', ( #4225, #4054, #3702, #3099 ) ) ;
#41 = ORIENTED_EDGE ( 'NONE', *, *, #1196, .F. ) ;
#42 = VERTEX_POINT ( 'NONE', #1819 ) ;
#43 = EDGE_CURVE ( 'NONE', #1084, #842, #2192, .T. ) ;
#44 = FACE_OUTER_BOUND ( 'NONE', #2461, .T. ) ;
#45 = CARTESIAN_POINT ( 'NONE',  ( -36.60000062584880709, -2.100000000000000089, 5.656921938165320185 ) ) ;
#46 = CARTESIAN_POINT ( 'NONE',  ( 103.4174243050441646, -18.00000000000000000, -6.396152422706645524 ) ) ;
#47 = DIRECTION ( 'NONE',  ( -0.000000000000000000, 0.000000000000000000, -1.000000000000000000 ) ) ;
#48 = ORIENTED_EDGE ( 'NONE', *, *, #2931, .F. ) ;
#49 = DIRECTION ( 'NONE',  ( -1.000000000000000000, 0.000000000000000000, 0.000000000000000000 ) ) ;
#50 = LINE ( 'NONE', #1672, #2883 ) ;
#51 = VECTOR ( 'NONE', #3977, 1000.000000000000114 ) ;
#52 = ORIENTED_EDGE ( 'NONE', *, *, #419, .F. ) ;
#53 = CARTESIAN_POINT ( 'NONE',  ( -39.00000062584880567, 4.500000000000000000, 4.500000000000000888 ) ) ;
#54 = EDGE_CURVE ( 'NONE', #3870, #3172, #2524, .T. ) ;
#55 = AXIS2_PLACEMENT_3D ( 'NONE', #281, #3939, #3357 ) ;
#56 = LINE ( 'NONE', #3726, #1431 ) ;
#57 = CIRCLE ( 'NONE', #1520, 8.699999999999999289 ) ;
#58 = DIRECTION ( 'NONE',  ( -1.000000000000000000, 0.000000000000000000, 0.000000000000000000 ) ) ;
#59 = ORIENTED_EDGE ( 'NONE', *, *, #1526, .T. ) ;
#60 = LINE ( 'NONE', #651, #663 ) ;
#61 = DIRECTION ( 'NONE',  ( 0.000000000000000000, 0.000000000000000000, -1.000000000000000000 ) ) ;
#62 = ORIENTED_EDGE ( 'NONE', *, *, #2490, .T. ) ;
#63 = ORIENTED_EDGE ( 'NONE', *, *, #3090, .T. ) ;
#64 = PLANE ( 'NONE',  #1256 ) ;
#65 = SURFACE_SIDE_STYLE ('',( #1338 ) ) ;
#66 = DIRECTION ( 'NONE',  ( 5.921189464667500234E-15, 1.000000000000000000, 2.465190328815659976E-32 ) ) ;
#67 = EDGE_CURVE ( 'NONE', #3382, #2258, #168, .T. ) ;
#68 = DIRECTION ( 'NONE',  ( 0.000000000000000000, 0.000000000000000000, 1.000000000000000000 ) ) ;
#69 = FACE_OUTER_BOUND ( 'NONE', #4139, .T. ) ;
#70 = CARTESIAN_POINT ( 'NONE',  ( 98.49894742673220094, -9.000000000000000000, -7.500000000000000000 ) ) ;
#71 = PLANE ( 'NONE',  #1447 ) ;
#72 = CARTESIAN_POINT ( 'NONE',  ( -66.00000000000000000, -5.700000000000000178, 6.409494854920632462E-31 ) ) ;
#73 = ORIENTED_EDGE ( 'NONE', *, *, #1841, .F. ) ;
#74 = ORIENTED_EDGE ( 'NONE', *, *, #115, .F. ) ;
#75 = EDGE_CURVE ( 'NONE', #172, #2865, #1802, .T. ) ;
#76 = FACE_BOUND ( 'NONE', #2300, .T. ) ;
#77 = FACE_BOUND ( 'NONE', #306, .T. ) ;
#78 = EDGE_LOOP ( 'NONE', ( #1974, #2588, #1495 ) ) ;
#79 = EDGE_LOOP ( 'NONE', ( #3945, #2131, #1699, #831 ) ) ;
#80 = EDGE_CURVE ( 'NONE', #3747, #2704, #2832, .T. ) ;
#81 = LINE ( 'NONE', #4102, #1821 ) ;
#82 = FACE_OUTER_BOUND ( 'NONE', #1608, .T. ) ;
#83 = AXIS2_PLACEMENT_3D ( 'NONE', #3267, #3682, #4059 ) ;
#84 = AXIS2_PLACEMENT_3D ( 'NONE', #3913, #917, #849 ) ;
#85 = ORIENTED_EDGE ( 'NONE', *, *, #2037, .T. ) ;
#86 = CARTESIAN_POINT ( 'NONE',  ( 95.10000000000000853, 6.000000000000000000, 9.900000000000000355 ) ) ;
#87 = LINE ( 'NONE', #2771, #125 ) ;
#88 = DIRECTION ( 'NONE',  ( -0.8619342151577699118, -0.5070201265633930143, 0.000000000000000000 ) ) ;
#89 = CIRCLE ( 'NONE', #3638, 11.40000000000000036 ) ;
#90 = CARTESIAN_POINT ( 'NONE',  ( 108.0000000000000000, -18.00000000000000000, -1.199999999999981970 ) ) ;
#91 = ORIENTED_EDGE ( 'NONE', *, *, #421, .T. ) ;
#92 = EDGE_CURVE ( 'NONE', #1624, #2384, #2544, .T. ) ;
#93 = CYLINDRICAL_SURFACE ( 'NONE', #195, 1.000000000000000000 ) ;
#94 = PLANE ( 'NONE',  #1516 ) ;
#95 = PLANE ( 'NONE',  #2495 ) ;
#96 = CARTESIAN_POINT ( 'NONE',  ( 117.0000000000000000, -6.000000000000000000, 9.900000000000000355 ) ) ;
#97 = ADVANCED_FACE ( 'NONE', ( #1155 ), #3816, .F. ) ;
#98 = ORIENTED_EDGE ( 'NONE', *, *, #872, .F. ) ;
#99 = VECTOR ( 'NONE', #1002, 1000.000000000000000 ) ;
#100 = CARTESIAN_POINT ( 'NONE',  ( 92.99999937415138618, -4.499999999999724665, -7.500000000000000000 ) ) ;
#101 = FACE_BOUND ( 'NONE', #674, .T. ) ;
#102 = EDGE_CURVE ( 'NONE', #665, #1725, #821, .T. ) ;
#103 = VERTEX_POINT ( 'NONE', #484 ) ;
#104 = VERTEX_POINT ( 'NONE', #4202 ) ;
#105 = ORIENTED_EDGE ( 'NONE', *, *, #1391, .F. ) ;
#106 = LINE ( 'NONE', #2784, #785 ) ;
#107 = CARTESIAN_POINT ( 'NONE',  ( -3.330669073875470016E-15, 9.000000000000000000, -1.199999999999987965 ) ) ;
#108 = VECTOR ( 'NONE', #1121, 1000.000000000000000 ) ;
#109 = CARTESIAN_POINT ( 'NONE',  ( -48.00000000000000000, -18.00000000000000000, -7.500000000000000000 ) ) ;
#110 = ADVANCED_FACE ( 'NONE', ( #1222 ), #1518, .T. ) ;
#111 = CARTESIAN_POINT ( 'NONE',  ( 76.79999999999820659, -6.000000000000000000, 9.900000000000000355 ) ) ;
#112 = DIRECTION ( 'NONE',  ( -7.395570986446990055E-32, 1.000000000000000000, 4.930380657631318857E-32 ) ) ;
#113 = EDGE_LOOP ( 'NONE', ( #2416, #2063, #2480, #723 ) ) ;
#114 = ADVANCED_FACE ( 'NONE', ( #2279 ), #1929, .F. ) ;
#115 = EDGE_CURVE ( 'NONE', #134, #3664, #2590, .T. ) ;
#116 = CARTESIAN_POINT ( 'NONE',  ( 52.50000000002179945, 6.000000000000000000, 13.50000000000000000 ) ) ;
#117 = ORIENTED_EDGE ( 'NONE', *, *, #422, .T. ) ;
#118 = LINE ( 'NONE', #3479, #12 ) ;
#119 = FACE_OUTER_BOUND ( 'NONE', #3547, .T. ) ;
#120 = ORIENTED_EDGE ( 'NONE', *, *, #1127, .T. ) ;
#121 = CARTESIAN_POINT ( 'NONE',  ( -15.90000062584880069, -3.600000000000000089, 3.058845726812000176 ) ) ;
#122 = VECTOR ( 'NONE', #2587, 1000.000000000000000 ) ;
#123 = AXIS2_PLACEMENT_3D ( 'NONE', #3151, #126, #1706 ) ;
#124 = FACE_OUTER_BOUND ( 'NONE', #4126, .T. ) ;
#125 = VECTOR ( 'NONE', #3777, 1000.000000000000000 ) ;
#126 = DIRECTION ( 'NONE',  ( -4.102085266168244934E-63, 1.000000000000000000, -1.110223024625159992E-16 ) ) ;
#127 = LINE ( 'NONE', #3023, #2806 ) ;
#128 = DIRECTION ( 'NONE',  ( 0.000000000000000000, 0.000000000000000000, -1.000000000000000000 ) ) ;
#129 = ORIENTED_EDGE ( 'NONE', *, *, #2831, .F. ) ;
#130 = VECTOR ( 'NONE', #2813, 1000.000000000000000 ) ;
#131 = LINE ( 'NONE', #3206, #683 ) ;
#132 = LINE ( 'NONE', #787, #822 ) ;
#133 = CARTESIAN_POINT ( 'NONE',  ( 92.69999937415116165, -3.900000000000023892, 4.500000000000000888 ) ) ;
#134 = VERTEX_POINT ( 'NONE', #3280 ) ;
#135 = DIRECTION ( 'NONE',  ( 1.000000000000000000, 0.000000000000000000, 0.000000000000000000 ) ) ;
#136 = DIRECTION ( 'NONE',  ( -0.5070201265633931254, 0.8619342151577700228, 0.000000000000000000 ) ) ;
#137 = AXIS2_PLACEMENT_3D ( 'NONE', #2110, #4100, #2060 ) ;
#138 = FACE_BOUND ( 'NONE', #1335, .T. ) ;
#139 = ORIENTED_EDGE ( 'NONE', *, *, #1953, .F. ) ;
#140 = ORIENTED_EDGE ( 'NONE', *, *, #541, .F. ) ;
#141 = DIRECTION ( 'NONE',  ( -7.395570986446990055E-32, 1.000000000000000000, 4.930380657631319405E-32 ) ) ;
#142 = CARTESIAN_POINT ( 'NONE',  ( 34.50000000000000000, -6.000000000000000000, 13.50000000000000000 ) ) ;
#143 = DIRECTION ( 'NONE',  ( 0.000000000000000000, 0.000000000000000000, 1.000000000000000000 ) ) ;
#144 = ADVANCED_FACE ( 'NONE', ( #1884 ), #1908, .F. ) ;
#145 = VERTEX_POINT ( 'NONE', #2650 ) ;
#146 = AXIS2_PLACEMENT_3D ( 'NONE', #2695, #4031, #3001 ) ;
#147 = DIRECTION ( 'NONE',  ( -1.000000000000000000, 0.000000000000000000, 0.000000000000000000 ) ) ;
#148 = VERTEX_POINT ( 'NONE', #1242 ) ;
#149 = AXIS2_PLACEMENT_3D ( 'NONE', #631, #3932, #1938 ) ;
#150 = VERTEX_POINT ( 'NONE', #2938 ) ;
#151 = EDGE_CURVE ( 'NONE', #240, #643, #1631, .T. ) ;
#152 = EDGE_LOOP ( 'NONE', ( #3112, #3375, #3044 ) ) ;
#153 = ORIENTED_EDGE ( 'NONE', *, *, #2383, .F. ) ;
#154 = EDGE_CURVE ( 'NONE', #2096, #3990, #1287, .T. ) ;
#155 = AXIS2_PLACEMENT_3D ( 'NONE', #309, #1018, #3388 ) ;
#156 = DIRECTION ( 'NONE',  ( 0.000000000000000000, 0.000000000000000000, -1.000000000000000000 ) ) ;
#157 = CARTESIAN_POINT ( 'NONE',  ( 92.99999937415121565, -4.500000000000023981, 4.500000000000000888 ) ) ;
#158 = DIRECTION ( 'NONE',  ( -0.8712476277441552064, 0.4908437339420581025, 0.000000000000000000 ) ) ;
#159 = ORIENTED_EDGE ( 'NONE', *, *, #2277, .F. ) ;
#160 = DIRECTION ( 'NONE',  ( 0.000000000000000000, 0.000000000000000000, 1.000000000000000000 ) ) ;
#161 = EDGE_CURVE ( 'NONE', #2598, #3683, #3962, .T. ) ;
#162 = DIRECTION ( 'NONE',  ( 1.000000000000000000, 0.000000000000000000, 6.009258394948640316E-17 ) ) ;
#163 = EDGE_CURVE ( 'NONE', #1066, #396, #1893, .T. ) ;
#164 = AXIS2_PLACEMENT_3D ( 'NONE', #2899, #2235, #3880 ) ;
#165 = VERTEX_POINT ( 'NONE', #315 ) ;
#166 = EDGE_CURVE ( 'NONE', #1203, #2400, #958, .T. ) ;
#167 = EDGE_CURVE ( 'NONE', #3551, #1968, #980, .T. ) ;
#168 = LINE ( 'NONE', #121, #4276 ) ;
#169 = LINE ( 'NONE', #2171, #3895 ) ;
#170 = CARTESIAN_POINT ( 'NONE',  ( -15.00000062584870086, -4.500000000000000000, -7.500000000000000000 ) ) ;
#171 = ORIENTED_EDGE ( 'NONE', *, *, #293, .F. ) ;
#172 = VERTEX_POINT ( 'NONE', #646 ) ;
#173 = CARTESIAN_POINT ( 'NONE',  ( -63.60000000000000142, 5.916457635513519731E-30, 7.518830502887701333E-31 ) ) ;
#174 = DIRECTION ( 'NONE',  ( -1.903239489997469958E-15, -1.000000000000000000, 0.000000000000000000 ) ) ;
#175 = DIRECTION ( 'NONE',  ( -7.395570986446990055E-32, 1.000000000000000000, 4.930380657631318857E-32 ) ) ;
#176 = VECTOR ( 'NONE', #2562, 1000.000000000000000 ) ;
#177 = ORIENTED_EDGE ( 'NONE', *, *, #1332, .F. ) ;
#178 = VERTEX_POINT ( 'NONE', #3304 ) ;
#179 = CARTESIAN_POINT ( 'NONE',  ( 117.0000000000000000, 6.000000000000000000, 9.900000000000000355 ) ) ;
#180 = CARTESIAN_POINT ( 'NONE',  ( 80.99999937415140039, 2.806088694740080127E-13, 7.500000000000000000 ) ) ;
#181 = DIRECTION ( 'NONE',  ( 0.8849182223819820337, -0.4657464328326229586, 0.000000000000000000 ) ) ;
#182 = ORIENTED_EDGE ( 'NONE', *, *, #2750, .F. ) ;
#183 = CARTESIAN_POINT ( 'NONE',  ( -63.60000000000000142, -3.059411708155674869, -7.500000000000000000 ) ) ;
#184 = ORIENTED_EDGE ( 'NONE', *, *, #943, .T. ) ;
#185 = ADVANCED_FACE ( 'NONE', ( #1655 ), #2977, .F. ) ;
#186 = CARTESIAN_POINT ( 'NONE',  ( 108.0000000000000000, -9.000000000000000000, -1.199999999999981970 ) ) ;
#187 = DIRECTION ( 'NONE',  ( -4.102085266168244934E-63, 1.000000000000000000, -1.110223024625159992E-16 ) ) ;
#188 = DIRECTION ( 'NONE',  ( 1.000000000000000000, 0.000000000000000000, 0.000000000000000000 ) ) ;
#189 = FACE_OUTER_BOUND ( 'NONE', #551, .T. ) ;
#190 = ORIENTED_EDGE ( 'NONE', *, *, #2476, .T. ) ;
#191 = VECTOR ( 'NONE', #952, 1000.000000000000000 ) ;
#192 = VECTOR ( 'NONE', #1030, 1000.000000000000000 ) ;
#193 = CARTESIAN_POINT ( 'NONE',  ( 71.39999937415139186, -2.099999999999724754, 5.656921938165320185 ) ) ;
#194 = EDGE_LOOP ( 'NONE', ( #583, #1089 ) ) ;
#195 = AXIS2_PLACEMENT_3D ( 'NONE', #2754, #497, #1146 ) ;
#196 = ORIENTED_EDGE ( 'NONE', *, *, #1118, .F. ) ;
#197 = ORIENTED_EDGE ( 'NONE', *, *, #2807, .T. ) ;
#198 = DIRECTION ( 'NONE',  ( -0.4908437339414767897, -0.8712476277444827222, 0.000000000000000000 ) ) ;
#199 = LINE ( 'NONE', #569, #2353 ) ;
#200 = CARTESIAN_POINT ( 'NONE',  ( 63.87201879510060110, 1.283369692879698043, 9.900000000000000355 ) ) ;
#201 = CARTESIAN_POINT ( 'NONE',  ( 117.0000000000000000, -6.000000000000000000, 9.900000000000000355 ) ) ;
#202 = ORIENTED_EDGE ( 'NONE', *, *, #1760, .T. ) ;
#203 = CARTESIAN_POINT ( 'NONE',  ( 92.99999937415138618, -4.499999999999724665, -7.500000000000000000 ) ) ;
#204 = EDGE_CURVE ( 'NONE', #2866, #1042, #3725, .T. ) ;
#205 = CARTESIAN_POINT ( 'NONE',  ( -63.60000000000000142, -4.409081537009716278, -7.500000000000000888 ) ) ;
#206 = LINE ( 'NONE', #1239, #3089 ) ;
#207 = ORIENTED_EDGE ( 'NONE', *, *, #310, .F. ) ;
#208 = EDGE_CURVE ( 'NONE', #2717, #4152, #666, .T. ) ;
#209 = ORIENTED_EDGE ( 'NONE', *, *, #3186, .T. ) ;
#210 = EDGE_CURVE ( 'NONE', #1296, #1719, #3391, .T. ) ;
#211 = CARTESIAN_POINT ( 'NONE',  ( 92.99999937415138618, -4.499999999999724665, 1.500000000000000000 ) ) ;
#212 = PLANE ( 'NONE',  #4200 ) ;
#213 = ADVANCED_FACE ( 'NONE', ( #3325 ), #754, .F. ) ;
#214 = EDGE_LOOP ( 'NONE', ( #4313, #2054, #2749, #1026 ) ) ;
#215 = DIRECTION ( 'NONE',  ( -7.395570986446990055E-32, 1.000000000000000000, 4.930380657631318857E-32 ) ) ;
#216 = CARTESIAN_POINT ( 'NONE',  ( -38.70000062584874456, 3.899999999999999911, 4.500000000000000888 ) ) ;
#217 = ADVANCED_FACE ( 'NONE', ( #2760 ), #376, .T. ) ;
#218 = EDGE_LOOP ( 'NONE', ( #300, #902, #2045 ) ) ;
#219 = ORIENTED_EDGE ( 'NONE', *, *, #2532, .T. ) ;
#220 = CARTESIAN_POINT ( 'NONE',  ( 29.64403759019485207, 6.000000000000000000, 9.900000000000000355 ) ) ;
#221 = FACE_OUTER_BOUND ( 'NONE', #2053, .T. ) ;
#222 = CARTESIAN_POINT ( 'NONE',  ( 102.4439222467643589, -18.00000000000000000, -7.500000000000000000 ) ) ;
#223 = B_SPLINE_CURVE_WITH_KNOTS ( 'NONE', 3,
 ( #636, #1301, #4260, #1280 ),
 .UNSPECIFIED., .F., .F.,
 ( 4, 4 ),
 ( 7.433168642683290594E-17, 0.001477026962150370434 ),
 .UNSPECIFIED. ) ;
#224 = DIRECTION ( 'NONE',  ( 7.383753479102818642E-62, 1.000000000000000000, 2.465190328815659976E-32 ) ) ;
#225 = AXIS2_PLACEMENT_3D ( 'NONE', #1266, #2260, #2607 ) ;
#226 = VECTOR ( 'NONE', #2326, 1000.000000000000000 ) ;
#227 = LINE ( 'NONE', #4279, #2981 ) ;
#228 = ADVANCED_FACE ( 'NONE', ( #734 ), #3428, .T. ) ;
#229 = DIRECTION ( 'NONE',  ( 0.000000000000000000, 0.000000000000000000, -1.000000000000000000 ) ) ;
#230 = DIRECTION ( 'NONE',  ( 1.000000000000000000, 0.000000000000000000, 0.000000000000000000 ) ) ;
#231 = EDGE_CURVE ( 'NONE', #3365, #240, #2010, .T. ) ;
#232 = LINE ( 'NONE', #1932, #935 ) ;
#233 = DIRECTION ( 'NONE',  ( 7.395570986446990055E-32, -1.000000000000000000, -4.930380657631319405E-32 ) ) ;
#234 = VERTEX_POINT ( 'NONE', #1040 ) ;
#235 = VECTOR ( 'NONE', #229, 1000.000000000000000 ) ;
#236 = CARTESIAN_POINT ( 'NONE',  ( -20.34034879007580088, 1.457391992896908128, 9.900000000000000355 ) ) ;
#237 = DIRECTION ( 'NONE',  ( 0.000000000000000000, 0.000000000000000000, 1.000000000000000000 ) ) ;
#238 = VERTEX_POINT ( 'NONE', #1021 ) ;
#239 = EDGE_LOOP ( 'NONE', ( #1433, #3184, #4255, #567 ) ) ;
#240 = VERTEX_POINT ( 'NONE', #2344 ) ;
#241 = EDGE_CURVE ( 'NONE', #2043, #3697, #711, .T. ) ;
#242 = CARTESIAN_POINT ( 'NONE',  ( 65.42798120489159430, -1.283369692884174018, 9.900000000000000355 ) ) ;
#243 = CARTESIAN_POINT ( 'NONE',  ( 69.29999937415115596, 3.899999999999984368, 4.500000000000000888 ) ) ;
#244 = ORIENTED_EDGE ( 'NONE', *, *, #3379, .F. ) ;
#245 = LINE ( 'NONE', #955, #1610 ) ;
#246 = CARTESIAN_POINT ( 'NONE',  ( -3.330669073875467255E-15, -18.00000000000000000, -1.199999999999987965 ) ) ;
#247 = VERTEX_POINT ( 'NONE', #2710 ) ;
#248 = CARTESIAN_POINT ( 'NONE',  ( 50.94403759023950329, -6.000000000000000000, 13.50000000000000000 ) ) ;
#249 = CARTESIAN_POINT ( 'NONE',  ( 92.99999937415121565, 4.499999999999973355, -7.500000000000000000 ) ) ;
#250 = ORIENTED_EDGE ( 'NONE', *, *, #1070, .T. ) ;
#251 = DIRECTION ( 'NONE',  ( 0.000000000000000000, 2.465190328815659976E-32, -1.000000000000000000 ) ) ;
#252 = LINE ( 'NONE', #3931, #378 ) ;
#253 = FACE_OUTER_BOUND ( 'NONE', #1188, .T. ) ;
#254 = DIRECTION ( 'NONE',  ( -1.027984282060329919E-17, 1.000000000000000000, 0.000000000000000000 ) ) ;
#255 = AXIS2_PLACEMENT_3D ( 'NONE', #334, #1037, #2625 ) ;
#256 = ORIENTED_EDGE ( 'NONE', *, *, #2797, .T. ) ;
#257 = ORIENTED_EDGE ( 'NONE', *, *, #2543, .F. ) ;
#258 = CARTESIAN_POINT ( 'NONE',  ( -39.00000062584880567, 4.500000000000000000, -7.500000000000000000 ) ) ;
#259 = VECTOR ( 'NONE', #1072, 1000.000000000000000 ) ;
#260 = AXIS2_PLACEMENT_3D ( 'NONE', #367, #3837, #4158 ) ;
#261 = PLANE ( 'NONE',  #3754 ) ;
#262 = DIRECTION ( 'NONE',  ( 0.000000000000000000, 0.000000000000000000, -1.000000000000000000 ) ) ;
#263 = DIRECTION ( 'NONE',  ( -1.000000000000000000, 4.448008912761042820E-16, 0.000000000000000000 ) ) ;
#264 = ORIENTED_EDGE ( 'NONE', *, *, #2291, .F. ) ;
#265 = CARTESIAN_POINT ( 'NONE',  ( 57.05596240978479727, -6.000000000000000000, 9.900000000000000355 ) ) ;
#266 = ORIENTED_EDGE ( 'NONE', *, *, #2975, .T. ) ;
#267 = ORIENTED_EDGE ( 'NONE', *, *, #75, .T. ) ;
#268 = DIRECTION ( 'NONE',  ( -1.000000000000000000, -7.395570986446990055E-32, 3.694829935231450289E-47 ) ) ;
#269 = LINE ( 'NONE', #1243, #2040 ) ;
#270 = VERTEX_POINT ( 'NONE', #4050 ) ;
#271 = FACE_OUTER_BOUND ( 'NONE', #1165, .T. ) ;
#272 = AXIS2_PLACEMENT_3D ( 'NONE', #1091, #1392, #3088 ) ;
#273 = AXIS2_PLACEMENT_3D ( 'NONE', #593, #1262, #2585 ) ;
#274 = CARTESIAN_POINT ( 'NONE',  ( -45.00000000000000000, 4.156644585633049616, 13.50000000000000000 ) ) ;
#275 = EDGE_LOOP ( 'NONE', ( #911, #2597, #3198, #4104 ) ) ;
#276 = EDGE_LOOP ( 'NONE', ( #1957, #1413, #1053, #946, #607, #846, #1559, #1597, #3668, #3072 ) ) ;
#277 = ORIENTED_EDGE ( 'NONE', *, *, #3069, .F. ) ;
#278 = DIRECTION ( 'NONE',  ( 1.000000000000000000, 0.000000000000000000, 0.000000000000000000 ) ) ;
#279 = LINE ( 'NONE', #2969, #2144 ) ;
#280 = CARTESIAN_POINT ( 'NONE',  ( 93.54403759036320309, -6.000000000000000000, 13.50000000000000000 ) ) ;
#281 = CARTESIAN_POINT ( 'NONE',  ( 9.900000000000000355, 6.000000000000000000, 13.50000000000000000 ) ) ;
#282 = ADVANCED_FACE ( 'NONE', ( #76, #2735 ), #4074, .T. ) ;
#283 = VERTEX_POINT ( 'NONE', #2079 ) ;
#284 = DIRECTION ( 'NONE',  ( -1.000000000000000000, 0.000000000000000000, 0.000000000000000000 ) ) ;
#285 = DIRECTION ( 'NONE',  ( 7.395570986446990055E-32, -1.000000000000000000, -4.930380657631319405E-32 ) ) ;
#286 = VERTEX_POINT ( 'NONE', #3653 ) ;
#287 = AXIS2_PLACEMENT_3D ( 'NONE', #1474, #2857, #509 ) ;
#288 = VERTEX_POINT ( 'NONE', #3415 ) ;
#289 = ADVANCED_FACE ( 'NONE', ( #837 ), #2503, .T. ) ;
#290 = ADVANCED_FACE ( 'NONE', ( #4115 ), #1513, .F. ) ;
#291 = FACE_OUTER_BOUND ( 'NONE', #875, .T. ) ;
#292 = VECTOR ( 'NONE', #1383, 1000.000000000000114 ) ;
#293 = EDGE_CURVE ( 'NONE', #2513, #1725, #2451, .T. ) ;
#294 = EDGE_CURVE ( 'NONE', #2854, #2559, #2432, .T. ) ;
#295 = EDGE_CURVE ( 'NONE', #2531, #1549, #118, .T. ) ;
#296 = EDGE_LOOP ( 'NONE', ( #3594, #7, #3229, #3419 ) ) ;
#297 = CARTESIAN_POINT ( 'NONE',  ( 11.37559220575007934, -4.292081906742505559, 9.900000000000000355 ) ) ;
#298 = FACE_OUTER_BOUND ( 'NONE', #3193, .T. ) ;
#299 = VERTEX_POINT ( 'NONE', #795 ) ;
#300 = ORIENTED_EDGE ( 'NONE', *, *, #552, .T. ) ;
#301 = AXIS2_PLACEMENT_3D ( 'NONE', #1633, #3928, #4203 ) ;
#302 = CARTESIAN_POINT ( 'NONE',  ( 92.99999937415121565, 4.499999999999973355, 4.500000000000000888 ) ) ;
#303 = LINE ( 'NONE', #3292, #3471 ) ;
#304 = DIRECTION ( 'NONE',  ( 0.8712476277442752215, 0.4908437339418451062, 0.000000000000000000 ) ) ;
#305 = VECTOR ( 'NONE', #268, 1000.000000000000000 ) ;
#306 = EDGE_LOOP ( 'NONE', ( #2350, #3506, #1939 ) ) ;
#307 = DIRECTION ( 'NONE',  ( 0.000000000000000000, -1.000000000000000000, 0.000000000000000000 ) ) ;
#308 = CARTESIAN_POINT ( 'NONE',  ( -15.00000062584880034, -4.500000000000000000, -7.500000000000000000 ) ) ;
#310 = EDGE_CURVE ( 'NONE', #578, #104, #3457, .T. ) ;
#309 = CARTESIAN_POINT ( 'NONE',  ( -63.60000000000000142, 5.916457635513519731E-30, 7.518830502887701333E-31 ) ) ;
#311 = VECTOR ( 'NONE', #2323, 1000.000000000000000 ) ;
#312 = EDGE_LOOP ( 'NONE', ( #2725, #1306, #2127, #4060 ) ) ;
#313 = AXIS2_PLACEMENT_3D ( 'NONE', #356, #30, #2365 ) ;
#314 = ORIENTED_EDGE ( 'NONE', *, *, #358, .T. ) ;
#315 = CARTESIAN_POINT ( 'NONE',  ( -4.582575694955828283, 18.00000000000000000, -6.396152422706633089 ) ) ;
#316 = CARTESIAN_POINT ( 'NONE',  ( 92.99999937415138618, -4.499999999999724665, -7.500000000000000000 ) ) ;
#317 = ADVANCED_FACE ( 'NONE', ( #775 ), #2101, .F. ) ;
#318 = ORIENTED_EDGE ( 'NONE', *, *, #1075, .T. ) ;
#319 = DIRECTION ( 'NONE',  ( 0.000000000000000000, 0.000000000000000000, -1.000000000000000000 ) ) ;
#320 = DIRECTION ( 'NONE',  ( -1.423278299945381900E-32, 1.000000000000000000, 0.000000000000000000 ) ) ;
#321 = DIRECTION ( 'NONE',  ( 1.000000000000000000, 1.027984282060329919E-17, 0.000000000000000000 ) ) ;
#322 = DIRECTION ( 'NONE',  ( 0.5812381937195377768, 0.8137334712064197006, 0.000000000000000000 ) ) ;
#323 = ORIENTED_EDGE ( 'NONE', *, *, #453, .T. ) ;
#324 = ORIENTED_EDGE ( 'NONE', *, *, #3129, .F. ) ;
#325 = FACE_OUTER_BOUND ( 'NONE', #975, .T. ) ;
#326 = CARTESIAN_POINT ( 'NONE',  ( -62.99999999999998579, -4.409081537009716278, -7.500000000000000888 ) ) ;
#327 = DIRECTION ( 'NONE',  ( 0.000000000000000000, 0.000000000000000000, -1.000000000000000000 ) ) ;
#328 = DIRECTION ( 'NONE',  ( 1.000000000000000000, 0.000000000000000000, 0.000000000000000000 ) ) ;
#329 = EDGE_LOOP ( 'NONE', ( #177, #1408, #4006, #2637 ) ) ;
#330 = VECTOR ( 'NONE', #2912, 1000.000000000000000 ) ;
#331 = CIRCLE ( 'NONE', #681, 5.700000000000000178 ) ;
#332 = DIRECTION ( 'NONE',  ( 0.000000000000000000, 0.000000000000000000, -1.000000000000000000 ) ) ;
#333 = CARTESIAN_POINT ( 'NONE',  ( -48.00000000000000000, 4.762748561627791788E-30, 5.595982046411485758E-31 ) ) ;
#334 = CARTESIAN_POINT ( 'NONE',  ( -62.99999999999998579, 5.872084209594836836E-30, 7.444874793023228673E-31 ) ) ;
#335 = CARTESIAN_POINT ( 'NONE',  ( -12.90000000000000036, 3.085216014213819857, 13.50000000000000000 ) ) ;
#336 = EDGE_CURVE ( 'NONE', #371, #1117, #1799, .T. ) ;
#337 = VERTEX_POINT ( 'NONE', #815 ) ;
#338 = ADVANCED_FACE ( 'NONE', ( #478 ), #1493, .F. ) ;
#339 = EDGE_LOOP ( 'NONE', ( #3583, #740, #3914, #3320 ) ) ;
#340 = DIRECTION ( 'NONE',  ( 1.000000000000000000, -7.383753479102818642E-62, 0.000000000000000000 ) ) ;
#341 = AXIS2_PLACEMENT_3D ( 'NONE', #2788, #1768, #4107 ) ;
#342 = LINE ( 'NONE', #1366, #2391 ) ;
#343 = ORIENTED_EDGE ( 'NONE', *, *, #2975, .F. ) ;
#344 = EDGE_CURVE ( 'NONE', #288, #3052, #4175, .T. ) ;
#345 = CARTESIAN_POINT ( 'NONE',  ( 102.4439222467643589, -18.00000000000000000, -7.500000000000000000 ) ) ;
#346 = ORIENTED_EDGE ( 'NONE', *, *, #3526, .F. ) ;
#347 = LINE ( 'NONE', #3686, #2827 ) ;
#348 = LINE ( 'NONE', #676, #4168 ) ;
#349 = EDGE_CURVE ( 'NONE', #3354, #4261, #1195, .T. ) ;
#350 = CARTESIAN_POINT ( 'NONE',  ( -15.00000062584870086, 4.500000000000000000, -7.500000000000000000 ) ) ;
#351 = EDGE_LOOP ( 'NONE', ( #1189, #2083, #3892, #2769, #3153, #978, #1875, #3245, #3163, #3473, #645, #1676 ) ) ;
#352 = CARTESIAN_POINT ( 'NONE',  ( 27.24854041416714878, -19.34957587382584876, 13.50000000000000000 ) ) ;
#353 = CARTESIAN_POINT ( 'NONE',  ( 34.20000000001014939, 3.433260614206730121, 13.50000000000000000 ) ) ;
#354 = DIRECTION ( 'NONE',  ( 0.000000000000000000, 0.000000000000000000, -1.000000000000000000 ) ) ;
#355 = AXIS2_PLACEMENT_3D ( 'NONE', #3222, #4183, #2533 ) ;
#356 = CARTESIAN_POINT ( 'NONE',  ( 107.9999999999999858, -18.00000000000000000, -1.199999999999987965 ) ) ;
#357 = PLANE ( 'NONE',  #1558 ) ;
#358 = EDGE_CURVE ( 'NONE', #3953, #1478, #245, .T. ) ;
#359 = DIRECTION ( 'NONE',  ( -1.000000000000000000, 0.000000000000000000, 0.000000000000000000 ) ) ;
#360 = VECTOR ( 'NONE', #828, 1000.000000000000000 ) ;
#361 = CARTESIAN_POINT ( 'NONE',  ( -39.00000062584880567, -4.500000000000000000, 1.500000000000000000 ) ) ;
#362 = LINE ( 'NONE', #384, #2246 ) ;
#363 = ORIENTED_EDGE ( 'NONE', *, *, #4163, .F. ) ;
#364 = VERTEX_POINT ( 'NONE', #1949 ) ;
#365 = CARTESIAN_POINT ( 'NONE',  ( 78.35596240976701665, 6.000000000000000000, 13.50000000000000000 ) ) ;
#366 = CARTESIAN_POINT ( 'NONE',  ( -4.570779167104998209, -18.00000000000000000, -5.086898224234702504 ) ) ;
#367 = CARTESIAN_POINT ( 'NONE',  ( 107.9999999999999858, 18.00000000000000000, -1.199999999999987965 ) ) ;
#368 = CARTESIAN_POINT ( 'NONE',  ( 114.0415375615025937, 6.000000000000000000, 9.900000000000000355 ) ) ;
#369 = EDGE_CURVE ( 'NONE', #957, #1684, #1903, .T. ) ;
#370 = ORIENTED_EDGE ( 'NONE', *, *, #2330, .F. ) ;
#371 = VERTEX_POINT ( 'NONE', #4218 ) ;
#372 = DIRECTION ( 'NONE',  ( -0.8849182223811506987, 0.4657464328342027504, 0.000000000000000000 ) ) ;
#373 = CARTESIAN_POINT ( 'NONE',  ( -63.60000000000000142, 5.916457635513519731E-30, 7.518830502887701333E-31 ) ) ;
#374 = LINE ( 'NONE', #3569, #3149 ) ;
#375 = ORIENTED_EDGE ( 'NONE', *, *, #3294, .T. ) ;
#376 = PLANE ( 'NONE',  #1757 ) ;
#377 = CARTESIAN_POINT ( 'NONE',  ( 108.2792312192490130, -0.8701360113227760706, 9.900000000000000355 ) ) ;
#378 = VECTOR ( 'NONE', #1614, 1000.000000000000000 ) ;
#379 = VECTOR ( 'NONE', #4295, 1000.000000000000000 ) ;
#380 = ORIENTED_EDGE ( 'NONE', *, *, #3566, .F. ) ;
#381 = EDGE_LOOP ( 'NONE', ( #3495, #1387, #2410, #1767 ) ) ;
#382 = EDGE_CURVE ( 'NONE', #2737, #3138, #2565, .T. ) ;
#383 = CARTESIAN_POINT ( 'NONE',  ( -48.00000000000000000, -9.000000000000000000, -7.500000000000000000 ) ) ;
#384 = CARTESIAN_POINT ( 'NONE',  ( 95.10000000000000853, 7.500000000000000000, 13.50000000000000000 ) ) ;
#385 = ORIENTED_EDGE ( 'NONE', *, *, #204, .F. ) ;
#386 = ORIENTED_EDGE ( 'NONE', *, *, #1766, .T. ) ;
#387 = ORIENTED_EDGE ( 'NONE', *, *, #486, .F. ) ;
#388 = CARTESIAN_POINT ( 'NONE',  ( -15.00000062584880034, -6.750000000000119904, -7.500000000000000000 ) ) ;
#389 = CARTESIAN_POINT ( 'NONE',  ( 4.332575694955830947, 18.00000000000000000, -5.734714594940487409 ) ) ;
#390 = ORIENTED_EDGE ( 'NONE', *, *, #908, .F. ) ;
#391 = ORIENTED_EDGE ( 'NONE', *, *, #1332, .T. ) ;
#392 = ORIENTED_EDGE ( 'NONE', *, *, #54, .T. ) ;
#393 = DIRECTION ( 'NONE',  ( 0.000000000000000000, 0.000000000000000000, -1.000000000000000000 ) ) ;
#394 = DIRECTION ( 'NONE',  ( -0.8712476277441552064, 0.4908437339420581025, 5.902825394190500329E-47 ) ) ;
#395 = EDGE_CURVE ( 'NONE', #2577, #3279, #3622, .T. ) ;
#396 = VERTEX_POINT ( 'NONE', #3230 ) ;
#397 = AXIS2_PLACEMENT_3D ( 'NONE', #373, #3277, #4047 ) ;
#398 = CARTESIAN_POINT ( 'NONE',  ( -15.30000062584874954, 3.899999999999999911, 4.500000000000000888 ) ) ;
#399 = VECTOR ( 'NONE', #2464, 1000.000000000000000 ) ;
#400 = VECTOR ( 'NONE', #3141, 1000.000000000000000 ) ;
#401 = DIRECTION ( 'NONE',  ( 0.000000000000000000, 1.000000000000000000, 0.000000000000000000 ) ) ;
#402 = ORIENTED_EDGE ( 'NONE', *, *, #1127, .F. ) ;
#403 = EDGE_LOOP ( 'NONE', ( #1414, #33, #3313, #920 ) ) ;
#404 = CARTESIAN_POINT ( 'NONE',  ( 4.570779167104998209, 18.00000000000000000, -5.086898224234698063 ) ) ;
#405 = CARTESIAN_POINT ( 'NONE',  ( 4.582575694955828283, -18.00000000000000000, -6.396152422706633089 ) ) ;
#406 = DIRECTION ( 'NONE',  ( 0.000000000000000000, -1.000000000000000000, 0.000000000000000000 ) ) ;
#407 = EDGE_CURVE ( 'NONE', #957, #2454, #3545, .T. ) ;
#408 = ORIENTED_EDGE ( 'NONE', *, *, #560, .T. ) ;
#409 = PLANE ( 'NONE',  #1060 ) ;
#410 = EDGE_CURVE ( 'NONE', #1203, #4072, #4242, .T. ) ;
#411 = DIRECTION ( 'NONE',  ( -1.000000000000000000, -6.842277657836019882E-47, 0.000000000000000000 ) ) ;
#412 = ORIENTED_EDGE ( 'NONE', *, *, #231, .T. ) ;
#413 = LINE ( 'NONE', #3011, #2475 ) ;
#414 = ADVANCED_FACE ( 'NONE', ( #3274 ), #638, .T. ) ;
#415 = DIRECTION ( 'NONE',  ( -0.6614378277661525640, 0.000000000000000000, -0.7499999999999957812 ) ) ;
#416 = DIRECTION ( 'NONE',  ( 0.000000000000000000, 0.000000000000000000, 1.000000000000000000 ) ) ;
#417 = DIRECTION ( 'NONE',  ( -7.395570986446990055E-32, 1.000000000000000000, 4.930380657631319405E-32 ) ) ;
#418 = ORIENTED_EDGE ( 'NONE', *, *, #865, .F. ) ;
#419 = EDGE_CURVE ( 'NONE', #270, #1650, #3273, .T. ) ;
#420 = DIRECTION ( 'NONE',  ( 1.000000000000000000, 1.734723475976809806E-16, 4.276423536147509995E-48 ) ) ;
#421 = EDGE_CURVE ( 'NONE', #4062, #2652, #1605, .T. ) ;
#422 = EDGE_CURVE ( 'NONE', #1549, #3360, #1283, .T. ) ;
#423 = CARTESIAN_POINT ( 'NONE',  ( 73.79999999999820659, -6.000000000000000000, 13.50000000000000000 ) ) ;
#424 = VERTEX_POINT ( 'NONE', #2603 ) ;
#425 = VECTOR ( 'NONE', #230, 1000.000000000000000 ) ;
#426 = AXIS2_PLACEMENT_3D ( 'NONE', #2465, #470, #3805 ) ;
#427 = VECTOR ( 'NONE', #2636, 1000.000000000000000 ) ;
#428 = DIRECTION ( 'NONE',  ( -1.000000000000000000, 0.000000000000000000, 0.000000000000000000 ) ) ;
#429 = AXIS2_PLACEMENT_3D ( 'NONE', #3038, #3722, #2708 ) ;
#430 = ORIENTED_EDGE ( 'NONE', *, *, #471, .F. ) ;
#431 = DIRECTION ( 'NONE',  ( 1.000000000000000000, 0.000000000000000000, 0.000000000000000000 ) ) ;
#432 = SURFACE_STYLE_USAGE ( .BOTH. , #2381 ) ;
#433 = DIRECTION ( 'NONE',  ( 0.000000000000000000, 0.000000000000000000, -1.000000000000000000 ) ) ;
#434 = VECTOR ( 'NONE', #737, 1000.000000000000000 ) ;
#435 = EDGE_CURVE ( 'NONE', #2948, #2028, #976, .T. ) ;
#436 = CARTESIAN_POINT ( 'NONE',  ( 72.46410098928900823, 4.500000000000279776, 7.500000000000000000 ) ) ;
#437 = ORIENTED_EDGE ( 'NONE', *, *, #2939, .F. ) ;
#438 = DIRECTION ( 'NONE',  ( 0.000000000000000000, 1.000000000000000000, 0.000000000000000000 ) ) ;
#439 = DIRECTION ( 'NONE',  ( 0.000000000000000000, 0.000000000000000000, 1.000000000000000000 ) ) ;
#440 = PLANE ( 'NONE',  #613 ) ;
#441 = CARTESIAN_POINT ( 'NONE',  ( -48.00000000000000000, -9.000000000000000000, -7.500000000000000000 ) ) ;
#442 = VERTEX_POINT ( 'NONE', #1651 ) ;
#443 = VECTOR ( 'NONE', #2302, 1000.000000000000000 ) ;
#444 = CARTESIAN_POINT ( 'NONE',  ( 96.58384612033499650, -4.269230259510214509, 9.900000000000000355 ) ) ;
#445 = CARTESIAN_POINT ( 'NONE',  ( -15.00000062584880034, -4.500000000000000000, -7.500000000000000000 ) ) ;
#446 = ORIENTED_EDGE ( 'NONE', *, *, #1930, .T. ) ;
#447 = ORIENTED_EDGE ( 'NONE', *, *, #848, .T. ) ;
#448 = DIRECTION ( 'NONE',  ( -0.5812381937195377768, -0.8137334712064197006, 0.000000000000000000 ) ) ;
#449 = DIRECTION ( 'NONE',  ( 0.000000000000000000, 0.000000000000000000, -1.000000000000000000 ) ) ;
#450 = LINE ( 'NONE', #4132, #2175 ) ;
#451 = EDGE_LOOP ( 'NONE', ( #456, #2852, #512, #318, #1726, #505, #74, #4277, #346, #3103, #277, #2904, #2618, #190 ) ) ;
#452 = CARTESIAN_POINT ( 'NONE',  ( 99.55846243849740063, -6.000000000000000000, 13.50000000000000000 ) ) ;
#453 = EDGE_CURVE ( 'NONE', #2865, #488, #1218, .T. ) ;
#454 = CARTESIAN_POINT ( 'NONE',  ( -29.70000000002234941, -3.085216014201020318, 13.50000000000000000 ) ) ;
#455 = VERTEX_POINT ( 'NONE', #24 ) ;
#456 = ORIENTED_EDGE ( 'NONE', *, *, #2751, .F. ) ;
#457 = DIRECTION ( 'NONE',  ( 1.000000000000000000, 0.000000000000000000, 0.000000000000000000 ) ) ;
#458 = VECTOR ( 'NONE', #549, 1000.000000000000000 ) ;
#459 = VECTOR ( 'NONE', #2134, 1000.000000000000000 ) ;
#460 = CARTESIAN_POINT ( 'NONE',  ( 78.35596240976701665, 6.000000000000000000, 9.900000000000000355 ) ) ;
#461 = FACE_OUTER_BOUND ( 'NONE', #351, .T. ) ;
#462 = DIRECTION ( 'NONE',  ( -1.000000000000000000, 0.000000000000000000, 0.000000000000000000 ) ) ;
#463 = EDGE_CURVE ( 'NONE', #2865, #4062, #4, .T. ) ;
#464 = ORIENTED_EDGE ( 'NONE', *, *, #605, .F. ) ;
#465 = EDGE_CURVE ( 'NONE', #3345, #3344, #3997, .T. ) ;
#466 = VERTEX_POINT ( 'NONE', #3361 ) ;
#467 = DIRECTION ( 'NONE',  ( -1.000000000000000000, 0.000000000000000000, -0.000000000000000000 ) ) ;
#468 = CARTESIAN_POINT ( 'NONE',  ( 31.20000000001014939, -6.000000000000000000, 13.50000000000000000 ) ) ;
#469 = CARTESIAN_POINT ( 'NONE',  ( -48.00000000000000000, 9.000000000000000000, -7.500000000000000000 ) ) ;
#470 = DIRECTION ( 'NONE',  ( 1.734723475976809806E-16, -1.000000000000000000, 0.000000000000000000 ) ) ;
#471 = EDGE_CURVE ( 'NONE', #2394, #688, #4015, .T. ) ;
#472 = LINE ( 'NONE', #3139, #3961 ) ;
#473 = LINE ( 'NONE', #3920, #738 ) ;
#474 = DIRECTION ( 'NONE',  ( 0.8849182223819820337, -0.4657464328326229586, -2.613232679281770153E-47 ) ) ;
#475 = ADVANCED_FACE ( 'NONE', ( #2684 ), #1670, .F. ) ;
#476 = CARTESIAN_POINT ( 'NONE',  ( 107.9999999999999858, -18.00000000000000000, -1.199999999999987965 ) ) ;
#477 = ORIENTED_EDGE ( 'NONE', *, *, #2446, .F. ) ;
#478 = FACE_OUTER_BOUND ( 'NONE', #312, .T. ) ;
#479 = VECTOR ( 'NONE', #3109, 1000.000000000000000 ) ;
#480 = VECTOR ( 'NONE', #2897, 1000.000000000000000 ) ;
#481 = DIRECTION ( 'NONE',  ( 1.000000000000000000, 0.000000000000000000, 0.000000000000000000 ) ) ;
#482 = ORIENTED_EDGE ( 'NONE', *, *, #3695, .T. ) ;
#483 = ORIENTED_EDGE ( 'NONE', *, *, #2818, .F. ) ;
#484 = CARTESIAN_POINT ( 'NONE',  ( 5.999999999999999112, -18.00000000000000000, -1.199999999999987299 ) ) ;
#485 = DIRECTION ( 'NONE',  ( -6.842277657836019882E-47, 1.000000000000000000, 0.000000000000000000 ) ) ;
#486 = EDGE_CURVE ( 'NONE', #672, #2378, #2995, .T. ) ;
#487 = CARTESIAN_POINT ( 'NONE',  ( -3.330669073875467255E-15, -18.00000000000000000, -1.199999999999987965 ) ) ;
#488 = VERTEX_POINT ( 'NONE', #3034 ) ;
#489 = CARTESIAN_POINT ( 'NONE',  ( 52.50000000002179945, 6.000000000000000000, 13.50000000000000000 ) ) ;
#490 = VECTOR ( 'NONE', #579, 999.9999999999998863 ) ;
#491 = DIRECTION ( 'NONE',  ( 0.000000000000000000, -1.000000000000000000, 1.110223024625159992E-16 ) ) ;
#492 = ORIENTED_EDGE ( 'NONE', *, *, #3778, .F. ) ;
#493 = VECTOR ( 'NONE', #2579, 1000.000000000000000 ) ;
#494 = ORIENTED_EDGE ( 'NONE', *, *, #969, .F. ) ;
#495 = ORIENTED_EDGE ( 'NONE', *, *, #161, .F. ) ;
#496 = ORIENTED_EDGE ( 'NONE', *, *, #3973, .T. ) ;
#497 = DIRECTION ( 'NONE',  ( -7.395570986446990055E-32, 1.000000000000000000, 4.930380657631318857E-32 ) ) ;
#498 = VECTOR ( 'NONE', #4151, 1000.000000000000000 ) ;
#499 = PLANE ( 'NONE',  #4083 ) ;
#500 = CARTESIAN_POINT ( 'NONE',  ( 55.49999999995510080, -3.433260614240600361, 13.50000000000000000 ) ) ;
#501 = ADVANCED_FACE ( 'NONE', ( #2315 ), #4069, .F. ) ;
#502 = CARTESIAN_POINT ( 'NONE',  ( -48.00000000000000000, -9.000000000000000000, 7.500000000000000000 ) ) ;
#503 = DIRECTION ( 'NONE',  ( -6.842277657836019882E-47, 1.000000000000000000, 0.000000000000000000 ) ) ;
#504 = CARTESIAN_POINT ( 'NONE',  ( 52.50000000002179945, 6.000000000000000000, 9.900000000000000355 ) ) ;
#505 = ORIENTED_EDGE ( 'NONE', *, *, #4184, .F. ) ;
#506 = VECTOR ( 'NONE', #58, 1000.000000000000000 ) ;
#507 = PLANE ( 'NONE',  #1997 ) ;
#508 = VECTOR ( 'NONE', #1135, 1000.000000000000000 ) ;
#509 = DIRECTION ( 'NONE',  ( -1.000000000000000000, 0.000000000000000000, 0.000000000000000000 ) ) ;
#510 = VERTEX_POINT ( 'NONE', #2706 ) ;
#511 = ADVANCED_FACE ( 'NONE', ( #1360 ), #3340, .T. ) ;
#512 = ORIENTED_EDGE ( 'NONE', *, *, #4227, .T. ) ;
#513 = CARTESIAN_POINT ( 'NONE',  ( 107.9999999999999858, -18.00000000000000000, -1.199999999999987965 ) ) ;
#514 = CYLINDRICAL_SURFACE ( 'NONE', #313, 6.000000000000019540 ) ;
#515 = CARTESIAN_POINT ( 'NONE',  ( -3.330669073875467255E-15, -18.00000000000000000, -1.199999999999987965 ) ) ;
#516 = LINE ( 'NONE', #4141, #1140 ) ;
#517 = DIRECTION ( 'NONE',  ( 0.000000000000000000, 0.000000000000000000, -1.000000000000000000 ) ) ;
#518 = VERTEX_POINT ( 'NONE', #730 ) ;
#519 = VECTOR ( 'NONE', #746, 1000.000000000000000 ) ;
#520 = ORIENTED_EDGE ( 'NONE', *, *, #948, .T. ) ;
#521 = ORIENTED_EDGE ( 'NONE', *, *, #2889, .T. ) ;
#522 = ORIENTED_EDGE ( 'NONE', *, *, #1988, .T. ) ;
#523 = CARTESIAN_POINT ( 'NONE',  ( 68.99999937415140039, -4.499999999999724665, 1.500000000000000000 ) ) ;
#524 = FACE_OUTER_BOUND ( 'NONE', #3775, .T. ) ;
#525 = EDGE_CURVE ( 'NONE', #4127, #3041, #413, .T. ) ;
#526 = PLANE ( 'NONE',  #752 ) ;
#527 = VECTOR ( 'NONE', #2824, 1000.000000000000000 ) ;
#528 = ORIENTED_EDGE ( 'NONE', *, *, #3866, .F. ) ;
#529 = EDGE_CURVE ( 'NONE', #826, #4109, #2360, .T. ) ;
#530 = ADVANCED_FACE ( 'NONE', ( #1985 ), #3743, .F. ) ;
#531 = DIRECTION ( 'NONE',  ( -0.000000000000000000, 1.000000000000000000, -0.000000000000000000 ) ) ;
#532 = ORIENTED_EDGE ( 'NONE', *, *, #4165, .F. ) ;
#533 = UNCERTAINTY_MEASURE_WITH_UNIT (LENGTH_MEASURE( 1.000000000000000082E-05 ), #2308, 'distance_accuracy_value', 'NONE');
#534 = CARTESIAN_POINT ( 'NONE',  ( 93.54403759036320309, -6.000000000000000000, 13.50000000000000000 ) ) ;
#535 = DIRECTION ( 'NONE',  ( 7.395570986446990055E-32, -1.000000000000000000, -4.930380657631319405E-32 ) ) ;
#536 = EDGE_LOOP ( 'NONE', ( #743, #4007, #1817, #566 ) ) ;
#537 = VECTOR ( 'NONE', #907, 1000.000000000000000 ) ;
#538 = CIRCLE ( 'NONE', #3190, 8.699999999999999289 ) ;
#539 = FACE_OUTER_BOUND ( 'NONE', #1919, .T. ) ;
#540 = VECTOR ( 'NONE', #1399, 1000.000000000000000 ) ;
#541 = EDGE_CURVE ( 'NONE', #3572, #2502, #3784, .T. ) ;
#542 = LINE ( 'NONE', #1185, #2380 ) ;
#543 = EDGE_LOOP ( 'NONE', ( #1400, #323, #3573, #3408 ) ) ;
#544 = ORIENTED_EDGE ( 'NONE', *, *, #2527, .T. ) ;
#545 = EDGE_LOOP ( 'NONE', ( #2768, #3413, #3464 ) ) ;
#546 = LINE ( 'NONE', #1599, #4146 ) ;
#547 = EDGE_CURVE ( 'NONE', #637, #1790, #3196, .T. ) ;
#548 = DIRECTION ( 'NONE',  ( -0.8712476277441552064, 0.4908437339420581025, 0.000000000000000000 ) ) ;
#549 = DIRECTION ( 'NONE',  ( 6.842277657836019882E-47, -1.000000000000000000, -2.732537706885350182E-78 ) ) ;
#550 = PRODUCT_CONTEXT ( 'NONE', #745, 'mechanical' ) ;
#551 = EDGE_LOOP ( 'NONE', ( #3425, #3684, #3943, #3448 ) ) ;
#552 = EDGE_CURVE ( 'NONE', #2559, #8, #854, .T. ) ;
#553 = CARTESIAN_POINT ( 'NONE',  ( 99.55846243849740063, -6.000000000000000000, 13.50000000000000000 ) ) ;
#554 = CARTESIAN_POINT ( 'NONE',  ( -5.556077753235634908, -18.00000000000000000, -7.499999999999998224 ) ) ;
#555 = ORIENTED_EDGE ( 'NONE', *, *, #670, .F. ) ;
#556 = ORIENTED_EDGE ( 'NONE', *, *, #4294, .F. ) ;
#557 = DIRECTION ( 'NONE',  ( -2.220446049250309876E-16, 1.000000000000000000, 0.000000000000000000 ) ) ;
#558 = PLANE ( 'NONE',  #301 ) ;
#559 = CARTESIAN_POINT ( 'NONE',  ( -48.00000000000000000, 9.000000000000000000, -7.500000000000000000 ) ) ;
#560 = EDGE_CURVE ( 'NONE', #2515, #2109, #3453, .T. ) ;
#561 = ORIENTED_EDGE ( 'NONE', *, *, #1632, .T. ) ;
#562 = PLANE ( 'NONE',  #712 ) ;
#563 = EDGE_CURVE ( 'NONE', #4053, #2812, #1772, .T. ) ;
#564 = LINE ( 'NONE', #1163, #3607 ) ;
#565 = VERTEX_POINT ( 'NONE', #1487 ) ;
#566 = ORIENTED_EDGE ( 'NONE', *, *, #3796, .F. ) ;
#567 = ORIENTED_EDGE ( 'NONE', *, *, #2485, .F. ) ;
#568 = ORIENTED_EDGE ( 'NONE', *, *, #4116, .F. ) ;
#569 = CARTESIAN_POINT ( 'NONE',  ( 120.0000000000000000, -9.000000000000000000, -7.500000000000000000 ) ) ;
#570 = PLANE ( 'NONE',  #972 ) ;
#571 = LINE ( 'NONE', #1259, #893 ) ;
#572 = AXIS2_PLACEMENT_3D ( 'NONE', #4180, #3220, #143 ) ;
#573 = DIRECTION ( 'NONE',  ( 1.000000000000000000, -7.395570986446980202E-32, -1.232595164407829988E-32 ) ) ;
#574 = CARTESIAN_POINT ( 'NONE',  ( 68.99999937415108775, -4.500000000000016875, -7.500000000000000000 ) ) ;
#575 = ORIENTED_EDGE ( 'NONE', *, *, #776, .F. ) ;
#576 = FACE_OUTER_BOUND ( 'NONE', #2203, .T. ) ;
#577 = DIRECTION ( 'NONE',  ( -0.000000000000000000, 1.000000000000000000, -0.000000000000000000 ) ) ;
#578 = VERTEX_POINT ( 'NONE', #3497 ) ;
#579 = DIRECTION ( 'NONE',  ( -0.4472135954999569840, 0.4472135954999579832, 0.7745966692414839594 ) ) ;
#580 = VECTOR ( 'NONE', #4190, 1000.000000000000000 ) ;
#581 = CARTESIAN_POINT ( 'NONE',  ( 1.472018795119770074, -6.000000000000000000, 13.50000000000000000 ) ) ;
#582 = CARTESIAN_POINT ( 'NONE',  ( 68.99999937415108775, 4.499999999999984013, -7.500000000000000000 ) ) ;
#583 = ORIENTED_EDGE ( 'NONE', *, *, #3959, .F. ) ;
#584 = ORIENTED_EDGE ( 'NONE', *, *, #3387, .T. ) ;
#585 = ORIENTED_EDGE ( 'NONE', *, *, #2608, .F. ) ;
#586 = LINE ( 'NONE', #2890, #580 ) ;
#587 = DIRECTION ( 'NONE',  ( -0.4472135954999600371, -0.4472135954999580387, 0.7745966692414820720 ) ) ;
#588 = DIRECTION ( 'NONE',  ( -7.383753479102818642E-62, -1.000000000000000000, -2.465190328815659976E-32 ) ) ;
#589 = AXIS2_PLACEMENT_3D ( 'NONE', #361, #38, #320 ) ;
#590 = DIRECTION ( 'NONE',  ( -7.395570986446990055E-32, 1.000000000000000000, 4.930380657631318857E-32 ) ) ;
#591 = VECTOR ( 'NONE', #2073, 1000.000000000000000 ) ;
#592 = VECTOR ( 'NONE', #18, 1000.000000000000000 ) ;
#593 = CARTESIAN_POINT ( 'NONE',  ( 92.99999937415121565, 4.499999999999973355, 4.500000000000000888 ) ) ;
#594 = CARTESIAN_POINT ( 'NONE',  ( 29.64403759019485207, 6.000000000000000000, 13.50000000000000000 ) ) ;
#595 = EDGE_LOOP ( 'NONE', ( #2671, #3045, #979, #1823 ) ) ;
#596 = VERTEX_POINT ( 'NONE', #2774 ) ;
#597 = AXIS2_PLACEMENT_3D ( 'NONE', #452, #136, #160 ) ;
#598 = CARTESIAN_POINT ( 'NONE',  ( 92.69999937415116165, 3.899999999999973710, 4.500000000000000888 ) ) ;
#599 = CARTESIAN_POINT ( 'NONE',  ( -9.501052573267859458, -18.00000000000000000, -7.500000000000000000 ) ) ;
#600 = VERTEX_POINT ( 'NONE', #770 ) ;
#601 = DIRECTION ( 'NONE',  ( -1.000000000000000000, 0.000000000000000000, 0.000000000000000000 ) ) ;
#602 = ADVANCED_FACE ( 'NONE', ( #2821 ), #4148, .F. ) ;
#603 = CARTESIAN_POINT ( 'NONE',  ( 12.90000000000000036, -3.433260614206260275, 13.50000000000000000 ) ) ;
#604 = PLANE ( 'NONE',  #83 ) ;
#605 = EDGE_CURVE ( 'NONE', #1624, #396, #1460, .T. ) ;
#606 = VECTOR ( 'NONE', #3013, 1000.000000000000000 ) ;
#607 = ORIENTED_EDGE ( 'NONE', *, *, #20, .F. ) ;
#608 = MECHANICAL_DESIGN_GEOMETRIC_PRESENTATION_REPRESENTATION (  '', ( #1862 ), #896 ) ;
#609 = VERTEX_POINT ( 'NONE', #4129 ) ;
#610 = ORIENTED_EDGE ( 'NONE', *, *, #3584, .F. ) ;
#611 = PLANE ( 'NONE',  #1909 ) ;
#612 = AXIS2_PLACEMENT_3D ( 'NONE', #2423, #3715, #3761 ) ;
#613 = AXIS2_PLACEMENT_3D ( 'NONE', #2374, #1499, #701 ) ;
#614 = DIRECTION ( 'NONE',  ( 1.000000000000000000, -7.395570986446985676E-32, -1.232595164407830946E-32 ) ) ;
#615 = DIRECTION ( 'NONE',  ( -1.000000000000000000, 0.000000000000000000, 0.000000000000000000 ) ) ;
#616 = DIRECTION ( 'NONE',  ( 0.000000000000000000, 2.465190328815659976E-32, -1.000000000000000000 ) ) ;
#617 = APPLICATION_PROTOCOL_DEFINITION ( 'draft international standard', 'automotive_design', 1998, #745 ) ;
#618 = ADVANCED_FACE ( 'NONE', ( #2841 ), #93, .T. ) ;
#619 = EDGE_LOOP ( 'NONE', ( #2078, #370, #3651, #774 ) ) ;
#620 = EDGE_CURVE ( 'NONE', #3421, #2121, #472, .T. ) ;
#621 = DIRECTION ( 'NONE',  ( 0.000000000000000000, 0.000000000000000000, -1.000000000000000000 ) ) ;
#622 = EDGE_CURVE ( 'NONE', #3137, #2436, #4138, .T. ) ;
#623 = EDGE_CURVE ( 'NONE', #688, #364, #3578, .T. ) ;
#624 = DIRECTION ( 'NONE',  ( 0.000000000000000000, 0.000000000000000000, -1.000000000000000000 ) ) ;
#625 = VERTEX_POINT ( 'NONE', #2869 ) ;
#626 = ORIENTED_EDGE ( 'NONE', *, *, #984, .T. ) ;
#627 = CARTESIAN_POINT ( 'NONE',  ( 117.5010525732677849, 18.00000000000000000, -7.500000000000000000 ) ) ;
#628 = LINE ( 'NONE', #3282, #3605 ) ;
#629 = VERTEX_POINT ( 'NONE', #220 ) ;
#630 = CARTESIAN_POINT ( 'NONE',  ( -39.00000062584880567, -4.500000000000000000, -7.500000000000000000 ) ) ;
#631 = CARTESIAN_POINT ( 'NONE',  ( -15.00000062584870086, -4.500000000000000000, 4.500000000000000888 ) ) ;
#632 = ORIENTED_EDGE ( 'NONE', *, *, #2785, .F. ) ;
#633 = FACE_OUTER_BOUND ( 'NONE', #1603, .T. ) ;
#634 = CARTESIAN_POINT ( 'NONE',  ( 89.53589775901319570, 1.035898384862525834, 7.500000000000000000 ) ) ;
#635 = LINE ( 'NONE', #3576, #3025 ) ;
#636 = CARTESIAN_POINT ( 'NONE',  ( -63.60000000000000142, 3.059411708155674869, -7.500000000000000000 ) ) ;
#637 = VERTEX_POINT ( 'NONE', #3246 ) ;
#638 = PLANE ( 'NONE',  #273 ) ;
#639 = EDGE_CURVE ( 'NONE', #1019, #4189, #2229, .T. ) ;
#640 = LINE ( 'NONE', #308, #818 ) ;
#641 = VECTOR ( 'NONE', #29, 1000.000000000000000 ) ;
#642 = VECTOR ( 'NONE', #942, 1000.000000000000000 ) ;
#643 = VERTEX_POINT ( 'NONE', #970 ) ;
#644 = CIRCLE ( 'NONE', #2172, 6.000000000000019540 ) ;
#645 = ORIENTED_EDGE ( 'NONE', *, *, #1961, .F. ) ;
#646 = CARTESIAN_POINT ( 'NONE',  ( 55.50000000001369926, 6.000000000000000000, 13.50000000000000000 ) ) ;
#647 = CARTESIAN_POINT ( 'NONE',  ( 29.64403759019485207, 6.000000000000000000, 13.50000000000000000 ) ) ;
#648 = VECTOR ( 'NONE', #1363, 1000.000000000000000 ) ;
#649 = LINE ( 'NONE', #3307, #3329 ) ;
#650 = VERTEX_POINT ( 'NONE', #1550 ) ;
#651 = CARTESIAN_POINT ( 'NONE',  ( 25.05000000000000071, 6.000000000000000000, 13.50000000000000000 ) ) ;
#652 = CARTESIAN_POINT ( 'NONE',  ( 22.49999968707565046, 4.500000000000279776, -7.500000000000000000 ) ) ;
#653 = EDGE_LOOP ( 'NONE', ( #343, #3538, #3696, #3809 ) ) ;
#654 = ORIENTED_EDGE ( 'NONE', *, *, #2959, .T. ) ;
#655 = VECTOR ( 'NONE', #1886, 1000.000000000000000 ) ;
#656 = DIRECTION ( 'NONE',  ( 0.000000000000000000, 0.000000000000000000, -1.000000000000000000 ) ) ;
#657 = CARTESIAN_POINT ( 'NONE',  ( 73.79999999999820659, 4.499999980539829636, 9.900000000000000355 ) ) ;
#658 = ADVANCED_FACE ( 'NONE', ( #2949 ), #922, .F. ) ;
#659 = VECTOR ( 'NONE', #3215, 1000.000000000000000 ) ;
#660 = EDGE_CURVE ( 'NONE', #2394, #178, #586, .T. ) ;
#661 = DIRECTION ( 'NONE',  ( 0.000000000000000000, -1.000000000000000000, -2.465190328815659702E-32 ) ) ;
#662 = CARTESIAN_POINT ( 'NONE',  ( 113.5560777532356127, -18.00000000000000000, -7.500000000000000000 ) ) ;
#663 = VECTOR ( 'NONE', #321, 1000.000000000000000 ) ;
#664 = ADVANCED_FACE ( 'NONE', ( #3574, #2621 ), #1576, .T. ) ;
#665 = VERTEX_POINT ( 'NONE', #523 ) ;
#666 = LINE ( 'NONE', #3698, #1207 ) ;
#667 = CARTESIAN_POINT ( 'NONE',  ( -45.00000000000000000, 4.156644585633049616, 9.900000000000000355 ) ) ;
#668 = DIRECTION ( 'NONE',  ( -7.395570986446990055E-32, 1.000000000000000000, 4.930380657631318857E-32 ) ) ;
#669 = ORIENTED_EDGE ( 'NONE', *, *, #2108, .F. ) ;
#670 = EDGE_CURVE ( 'NONE', #2849, #1951, #1854, .T. ) ;
#671 = CARTESIAN_POINT ( 'NONE',  ( -38.10000062584880709, 3.600000000000000089, 3.058845726812004617 ) ) ;
#672 = VERTEX_POINT ( 'NONE', #4233 ) ;
#673 = ORIENTED_EDGE ( 'NONE', *, *, #1131, .T. ) ;
#674 = EDGE_LOOP ( 'NONE', ( #1161, #2136, #4212 ) ) ;
#675 = CARTESIAN_POINT ( 'NONE',  ( -63.60000000000000142, 5.916457635513519731E-30, 7.518830502887700457E-31 ) ) ;
#676 = CARTESIAN_POINT ( 'NONE',  ( -63.60000000000000142, 8.099999999999967670, 7.518830502887701333E-31 ) ) ;
#677 = DIRECTION ( 'NONE',  ( 0.000000000000000000, -1.000000000000000000, 0.000000000000000000 ) ) ;
#678 = LINE ( 'NONE', #70, #2583 ) ;
#679 = EDGE_LOOP ( 'NONE', ( #3950, #1505, #4283, #3119 ) ) ;
#680 = AXIS2_PLACEMENT_3D ( 'NONE', #3876, #1171, #879 ) ;
#681 = AXIS2_PLACEMENT_3D ( 'NONE', #4215, #1235, #2561 ) ;
#682 = DIRECTION ( 'NONE',  ( 0.000000000000000000, 0.000000000000000000, -1.000000000000000000 ) ) ;
#683 = VECTOR ( 'NONE', #3980, 1000.000000000000000 ) ;
#684 = ADVANCED_FACE ( 'NONE', ( #1898 ), #611, .F. ) ;
#685 = CARTESIAN_POINT ( 'NONE',  ( 34.20000000001014939, 1.499999999999609868, 13.50000000000000000 ) ) ;
#686 = FACE_OUTER_BOUND ( 'NONE', #2937, .T. ) ;
#687 = ORIENTED_EDGE ( 'NONE', *, *, #2807, .F. ) ;
#688 = VERTEX_POINT ( 'NONE', #2926 ) ;
#689 = VECTOR ( 'NONE', #3094, 1000.000000000000000 ) ;
#690 = DIRECTION ( 'NONE',  ( -7.395570986446990055E-32, 1.000000000000000000, 4.930380657631318857E-32 ) ) ;
#691 = EDGE_LOOP ( 'NONE', ( #2764, #36, #1370, #244 ) ) ;
#692 = LINE ( 'NONE', #1659, #443 ) ;
#693 = CARTESIAN_POINT ( 'NONE',  ( 68.99999937415108775, -4.500000000000016875, 4.500000000000000888 ) ) ;
#694 = EDGE_CURVE ( 'NONE', #1942, #2720, #1530, .T. ) ;
#695 = LINE ( 'NONE', #441, #3710 ) ;
#696 = ORIENTED_EDGE ( 'NONE', *, *, #1649, .F. ) ;
#697 = ORIENTED_EDGE ( 'NONE', *, *, #3596, .F. ) ;
#698 = VECTOR ( 'NONE', #1750, 1000.000000000000000 ) ;
#699 = LINE ( 'NONE', #444, #2576 ) ;
#700 = DIRECTION ( 'NONE',  ( 0.000000000000000000, 4.930380657631319405E-32, -1.000000000000000000 ) ) ;
#701 = DIRECTION ( 'NONE',  ( 0.000000000000000000, -1.000000000000000000, 0.000000000000000000 ) ) ;
#702 = DIRECTION ( 'NONE',  ( -1.000000000000000000, 0.000000000000000000, -0.000000000000000000 ) ) ;
#703 = DIRECTION ( 'NONE',  ( 0.5070201265633931254, -0.8619342151577700228, 0.000000000000000000 ) ) ;
#704 = LINE ( 'NONE', #4013, #3341 ) ;
#705 = ORIENTED_EDGE ( 'NONE', *, *, #1317, .T. ) ;
#706 = DIRECTION ( 'NONE',  ( -0.6614378277661449035, 0.000000000000000000, 0.7500000000000024425 ) ) ;
#707 = CARTESIAN_POINT ( 'NONE',  ( 92.99999937415121565, 4.499999999999973355, 4.500000000000000888 ) ) ;
#708 = EDGE_CURVE ( 'NONE', #2900, #643, #3872, .T. ) ;
#709 = ORIENTED_EDGE ( 'NONE', *, *, #3143, .T. ) ;
#710 = EDGE_LOOP ( 'NONE', ( #1979, #3923, #767, #2217 ) ) ;
#711 = LINE ( 'NONE', #3674, #1346 ) ;
#712 = AXIS2_PLACEMENT_3D ( 'NONE', #236, #1937, #2944 ) ;
#713 = CARTESIAN_POINT ( 'NONE',  ( -48.00000000000000000, 9.000000000000000000, -7.500000000000000000 ) ) ;
#714 = LINE ( 'NONE', #1723, #2674 ) ;
#715 = ORIENTED_EDGE ( 'NONE', *, *, #984, .F. ) ;
#716 = VECTOR ( 'NONE', #1025, 1000.000000000000000 ) ;
#717 = EDGE_LOOP ( 'NONE', ( #1083, #3461, #1682, #3561 ) ) ;
#718 = ORIENTED_EDGE ( 'NONE', *, *, #2087, .T. ) ;
#719 = CARTESIAN_POINT ( 'NONE',  ( -6.000000000000006217, 18.00000000000000000, -1.199999999999987965 ) ) ;
#720 = VECTOR ( 'NONE', #2052, 1000.000000000000114 ) ;
#721 = FACE_OUTER_BOUND ( 'NONE', #1371, .T. ) ;
#722 = VERTEX_POINT ( 'NONE', #3226 ) ;
#723 = ORIENTED_EDGE ( 'NONE', *, *, #4154, .T. ) ;
#724 = FILL_AREA_STYLE_COLOUR ( '', #2497 ) ;
#725 = CARTESIAN_POINT ( 'NONE',  ( 117.0000000000000000, 6.000000000000000000, 9.900000000000000355 ) ) ;
#726 = CIRCLE ( 'NONE', #2954, 0.9999999999999870104 ) ;
#727 = ORIENTED_EDGE ( 'NONE', *, *, #1439, .F. ) ;
#728 = ORIENTED_EDGE ( 'NONE', *, *, #3963, .F. ) ;
#729 = ORIENTED_EDGE ( 'NONE', *, *, #1131, .F. ) ;
#730 = CARTESIAN_POINT ( 'NONE',  ( 69.29999937415115596, -3.900000000000017231, 4.500000000000000888 ) ) ;
#731 =( NAMED_UNIT ( * ) PLANE_ANGLE_UNIT ( ) SI_UNIT ( $, .RADIAN. ) );
#732 = DIRECTION ( 'NONE',  ( 0.000000000000000000, 0.000000000000000000, -1.000000000000000000 ) ) ;
#733 = ORIENTED_EDGE ( 'NONE', *, *, #1885, .T. ) ;
#734 = FACE_OUTER_BOUND ( 'NONE', #3844, .T. ) ;
#735 = DIRECTION ( 'NONE',  ( 1.000000000000000000, -7.474910929462109256E-62, -1.842707813206850113E-93 ) ) ;
#736 = EDGE_CURVE ( 'NONE', #2268, #1814, #546, .T. ) ;
#737 = DIRECTION ( 'NONE',  ( 0.000000000000000000, 0.000000000000000000, -1.000000000000000000 ) ) ;
#738 = VECTOR ( 'NONE', #3476, 1000.000000000000000 ) ;
#739 = EDGE_LOOP ( 'NONE', ( #2341, #1837, #392, #778 ) ) ;
#740 = ORIENTED_EDGE ( 'NONE', *, *, #2485, .T. ) ;
#741 = LINE ( 'NONE', #1409, #2012 ) ;
#742 = DIRECTION ( 'NONE',  ( 7.395570986446980202E-32, 1.000000000000000000, 2.465190328815659976E-32 ) ) ;
#743 = ORIENTED_EDGE ( 'NONE', *, *, #3012, .T. ) ;
#744 = DIRECTION ( 'NONE',  ( 6.204560680321970560E-12, 1.000000000000000000, -2.292479653661370044E-58 ) ) ;
#745 = APPLICATION_CONTEXT ( 'automotive_design' ) ;
#746 = DIRECTION ( 'NONE',  ( 0.000000000000000000, -1.000000000000000000, 0.000000000000000000 ) ) ;
#747 = FACE_BOUND ( 'NONE', #113, .T. ) ;
#748 = ORIENTED_EDGE ( 'NONE', *, *, #410, .F. ) ;
#749 = EDGE_CURVE ( 'NONE', #234, #3183, #3970, .T. ) ;
#750 = CARTESIAN_POINT ( 'NONE',  ( 68.99999937415140039, 4.500000000000279776, -7.500000000000000000 ) ) ;
#751 = ORIENTED_EDGE ( 'NONE', *, *, #2566, .F. ) ;
#752 = AXIS2_PLACEMENT_3D ( 'NONE', #1511, #2871, #1532 ) ;
#753 = ORIENTED_EDGE ( 'NONE', *, *, #708, .T. ) ;
#754 = PLANE ( 'NONE',  #3631 ) ;
#755 = EDGE_CURVE ( 'NONE', #4127, #2412, #3711, .T. ) ;
#756 = STYLED_ITEM ( 'NONE', ( #3617 ), #1604 ) ;
#757 = EDGE_CURVE ( 'NONE', #1238, #2704, #347, .T. ) ;
#758 = VECTOR ( 'NONE', #3689, 1000.000000000000000 ) ;
#759 = VECTOR ( 'NONE', #2641, 1000.000000000000000 ) ;
#760 = DIRECTION ( 'NONE',  ( 6.842277657836019882E-47, -1.000000000000000000, 0.000000000000000000 ) ) ;
#761 = VECTOR ( 'NONE', #4111, 1000.000000000000000 ) ;
#762 = PRODUCT_DEFINITION_CONTEXT ( 'detailed design', #2745, 'design' ) ;
#763 = LINE ( 'NONE', #2085, #838 ) ;
#764 = DIRECTION ( 'NONE',  ( -0.6614378277661449035, 0.000000000000000000, 0.7500000000000024425 ) ) ;
#765 = ORIENTED_EDGE ( 'NONE', *, *, #622, .F. ) ;
#766 = CARTESIAN_POINT ( 'NONE',  ( 68.99999937415140039, 4.500000000000279776, 1.500000000000000000 ) ) ;
#767 = ORIENTED_EDGE ( 'NONE', *, *, #3393, .T. ) ;
#768 = ORIENTED_EDGE ( 'NONE', *, *, #3889, .F. ) ;
#769 = ADVANCED_FACE ( 'NONE', ( #633 ), #1685, .F. ) ;
#770 = CARTESIAN_POINT ( 'NONE',  ( 69.29999937415115596, 3.899999999999984368, -7.500000000000000000 ) ) ;
#771 = PLANE ( 'NONE',  #3582 ) ;
#772 = CARTESIAN_POINT ( 'NONE',  ( -15.30000062584874954, 3.899999999999999911, 4.500000000000000888 ) ) ;
#773 = CARTESIAN_POINT ( 'NONE',  ( 57.05596240978479727, -6.000000000000000000, 13.50000000000000000 ) ) ;
#774 = ORIENTED_EDGE ( 'NONE', *, *, #755, .T. ) ;
#775 = FACE_OUTER_BOUND ( 'NONE', #1187, .T. ) ;
#776 = EDGE_CURVE ( 'NONE', #2849, #1084, #3641, .T. ) ;
#777 = FACE_BOUND ( 'NONE', #1055, .T. ) ;
#778 = ORIENTED_EDGE ( 'NONE', *, *, #2572, .F. ) ;
#779 = ORIENTED_EDGE ( 'NONE', *, *, #4020, .F. ) ;
#780 = LINE ( 'NONE', #45, #2285 ) ;
#781 = DIRECTION ( 'NONE',  ( -1.000000000000000000, 0.000000000000000000, 0.000000000000000000 ) ) ;
#782 = EDGE_LOOP ( 'NONE', ( #1063, #2976, #4231 ) ) ;
#783 = VECTOR ( 'NONE', #3146, 1000.000000000000000 ) ;
#784 = CIRCLE ( 'NONE', #3786, 6.000000000000019540 ) ;
#785 = VECTOR ( 'NONE', #3774, 1000.000000000000000 ) ;
#786 = VERTEX_POINT ( 'NONE', #1980 ) ;
#787 = CARTESIAN_POINT ( 'NONE',  ( 112.5825756949558070, -18.00000000000000000, -6.396152422706641083 ) ) ;
#788 = ORIENTED_EDGE ( 'NONE', *, *, #151, .T. ) ;
#789 = VERTEX_POINT ( 'NONE', #3314 ) ;
#790 = EDGE_CURVE ( 'NONE', #2190, #466, #35, .T. ) ;
#791 = EDGE_CURVE ( 'NONE', #2546, #2515, #1667, .T. ) ;
#792 = LINE ( 'NONE', #3745, #3894 ) ;
#793 = CARTESIAN_POINT ( 'NONE',  ( 68.99999937415108775, 4.499999999999984013, 4.500000000000000888 ) ) ;
#794 = VECTOR ( 'NONE', #3106, 1000.000000000000000 ) ;
#795 = CARTESIAN_POINT ( 'NONE',  ( -15.30000062584874954, 3.899999999999999911, -7.500000000000000000 ) ) ;
#796 = CARTESIAN_POINT ( 'NONE',  ( 108.0000000000000000, 18.00000000000000000, -1.199999999999981970 ) ) ;
#797 = EDGE_CURVE ( 'NONE', #396, #165, #3028, .T. ) ;
#798 = ORIENTED_EDGE ( 'NONE', *, *, #623, .T. ) ;
#799 = EDGE_LOOP ( 'NONE', ( #3004, #2170, #1534, #2738 ) ) ;
#800 = CARTESIAN_POINT ( 'NONE',  ( 75.29999999997480131, 4.278331036756239492, 9.900000000000000355 ) ) ;
#801 = DIRECTION ( 'NONE',  ( -1.000000000000000000, 2.891205793294664521E-16, -0.000000000000000000 ) ) ;
#802 = LINE ( 'NONE', #2022, #459 ) ;
#803 = DIRECTION ( 'NONE',  ( -7.395570986446990055E-32, 1.000000000000000000, 4.930380657631318857E-32 ) ) ;
#804 = EDGE_CURVE ( 'NONE', #3827, #600, #2640, .T. ) ;
#805 = ORIENTED_EDGE ( 'NONE', *, *, #2208, .F. ) ;
#806 = FACE_BOUND ( 'NONE', #2445, .T. ) ;
#807 = CARTESIAN_POINT ( 'NONE',  ( -15.00000062584870086, 4.500000000000000000, 4.500000000000000888 ) ) ;
#808 = ORIENTED_EDGE ( 'NONE', *, *, #3905, .F. ) ;
#809 = ORIENTED_EDGE ( 'NONE', *, *, #3276, .T. ) ;
#810 = CARTESIAN_POINT ( 'NONE',  ( -15.00000062584870086, 4.500000000000000000, -7.500000000000000000 ) ) ;
#811 = LINE ( 'NONE', #3140, #1998 ) ;
#812 = PLANE ( 'NONE',  #2349 ) ;
#813 = DIRECTION ( 'NONE',  ( -1.000000000000000000, 7.383753479102818642E-62, 0.000000000000000000 ) ) ;
#814 = ORIENTED_EDGE ( 'NONE', *, *, #1013, .F. ) ;
#815 = CARTESIAN_POINT ( 'NONE',  ( -48.00000000000000000, -8.699999999999999289, 1.065442715258197840E-15 ) ) ;
#816 = ADVANCED_FACE ( 'NONE', ( #44 ), #64, .F. ) ;
#817 = LINE ( 'NONE', #2504, #2324 ) ;
#818 = VECTOR ( 'NONE', #4017, 1000.000000000000000 ) ;
#819 = VERTEX_POINT ( 'NONE', #1314 ) ;
#820 = VERTEX_POINT ( 'NONE', #4008 ) ;
#821 = LINE ( 'NONE', #2876, #2395 ) ;
#822 = VECTOR ( 'NONE', #112, 1000.000000000000000 ) ;
#823 = VECTOR ( 'NONE', #1299, 1000.000000000000000 ) ;
#824 = DIRECTION ( 'NONE',  ( 1.000000000000000000, 1.027984282060329919E-17, 0.000000000000000000 ) ) ;
#825 = LINE ( 'NONE', #3175, #2530 ) ;
#826 = VERTEX_POINT ( 'NONE', #1028 ) ;
#827 = EDGE_CURVE ( 'NONE', #3260, #4265, #699, .T. ) ;
#828 = DIRECTION ( 'NONE',  ( 1.000000000000000000, 7.395570986446990055E-32, -3.694829935231450289E-47 ) ) ;
#829 = DIRECTION ( 'NONE',  ( 0.000000000000000000, 0.000000000000000000, -1.000000000000000000 ) ) ;
#830 = ORIENTED_EDGE ( 'NONE', *, *, #1310, .F. ) ;
#831 = ORIENTED_EDGE ( 'NONE', *, *, #2013, .F. ) ;
#832 = CYLINDRICAL_SURFACE ( 'NONE', #3897, 11.40000000000000036 ) ;
#833 = LINE ( 'NONE', #1258, #400 ) ;
#834 = DIRECTION ( 'NONE',  ( -1.000000000000000000, 2.965339275174028547E-16, -0.000000000000000000 ) ) ;
#835 = LINE ( 'NONE', #502, #881 ) ;
#836 = ORIENTED_EDGE ( 'NONE', *, *, #1973, .F. ) ;
#837 = FACE_OUTER_BOUND ( 'NONE', #4135, .T. ) ;
#838 = VECTOR ( 'NONE', #1762, 1000.000000000000000 ) ;
#839 = VECTOR ( 'NONE', #4195, 1000.000000000000000 ) ;
#840 = DIRECTION ( 'NONE',  ( -1.268826316266689953E-15, 1.000000000000000000, 0.000000000000000000 ) ) ;
#841 = EDGE_CURVE ( 'NONE', #4261, #1368, #3121, .T. ) ;
#842 = VERTEX_POINT ( 'NONE', #86 ) ;
#843 = CARTESIAN_POINT ( 'NONE',  ( -48.00000000000000000, -9.000000000000000000, 13.50000000000000000 ) ) ;
#844 = DIRECTION ( 'NONE',  ( 1.000000000000000000, 0.000000000000000000, 0.000000000000000000 ) ) ;
#845 = CARTESIAN_POINT ( 'NONE',  ( -66.00000000000000000, 6.271445042862959770E-30, 7.814653342345558689E-31 ) ) ;
#846 = ORIENTED_EDGE ( 'NONE', *, *, #4293, .F. ) ;
#847 = ORIENTED_EDGE ( 'NONE', *, *, #2552, .F. ) ;
#848 = EDGE_CURVE ( 'NONE', #2652, #2466, #3423, .T. ) ;
#849 = DIRECTION ( 'NONE',  ( -0.000000000000000000, 0.000000000000000000, 1.000000000000000000 ) ) ;
#850 = ORIENTED_EDGE ( 'NONE', *, *, #827, .F. ) ;
#851 = VECTOR ( 'NONE', #188, 1000.000000000000000 ) ;
#852 = ORIENTED_EDGE ( 'NONE', *, *, #2889, .F. ) ;
#853 = EDGE_CURVE ( 'NONE', #2908, #3870, #1454, .T. ) ;
#854 = LINE ( 'NONE', #2122, #761 ) ;
#855 = VECTOR ( 'NONE', #433, 1000.000000000000000 ) ;
#856 = DIRECTION ( 'NONE',  ( 1.000000000000000000, 0.000000000000000000, 0.000000000000000000 ) ) ;
#857 = CARTESIAN_POINT ( 'NONE',  ( 52.50000000003230127, 7.499999999649179294, 13.50000000000000000 ) ) ;
#858 = ORIENTED_EDGE ( 'NONE', *, *, #1393, .T. ) ;
#859 = DIRECTION ( 'NONE',  ( -1.268826316266689953E-15, 1.000000000000000000, 0.000000000000000000 ) ) ;
#860 = DIRECTION ( 'NONE',  ( 6.842277657836019882E-47, -1.000000000000000000, 0.000000000000000000 ) ) ;
#861 = EDGE_LOOP ( 'NONE', ( #3493, #1697, #3063, #3225 ) ) ;
#862 = VECTOR ( 'NONE', #690, 1000.000000000000000 ) ;
#863 = ORIENTED_EDGE ( 'NONE', *, *, #2402, .F. ) ;
#864 = CARTESIAN_POINT ( 'NONE',  ( 112.3325756949558212, 18.00000000000000000, -5.734714594940502508 ) ) ;
#865 = EDGE_CURVE ( 'NONE', #982, #4072, #1502, .T. ) ;
#866 = CARTESIAN_POINT ( 'NONE',  ( 112.5707791671049876, 18.00000000000000000, -5.086898224234718491 ) ) ;
#867 = CLOSED_SHELL ( 'NONE', ( #4029, #869, #3508, #110, #3877, #1660, #993, #3810, #3458, #998, #2111, #511, #1325, #1707, #289, #1894, #2334, #664, #940, #3496, #1722, #2307, #217, #1606, #1542, #3899, #1022, #3966, #1343, #1154, #2617, #1069, #3180, #816, #213, #2632, #4253, #501, #1260, #1250, #3449, #2202, #2254, #2113, #602, #2047, #3107, #2980, #114, #97, #3337, #3704, #4244, #2160, #3717, #769, #144, #2557, #1524, #317, #3238, #1843, #4010, #2417, #3010, #1921, #3437, #3252, #1503, #530, #1282, #1537, #4217, #949, #2433, #1008, #2059, #2294, #475, #887, #684, #3000, #3930, #185, #2746, #1955, #2479, #4178, #3852, #3251, #338, #3839, #2469, #658, #4272, #2014, #2615, #2670, #3656, #3765, #2744, #3657, #2361, #3770, #3323, #2007, #2370, #1303, #2658, #1721, #1116, #1742, #1704, #1466, #1384, #618, #3762, #3067, #2873, #2767, #4105, #3392, #3847, #1562, #2701, #2942, #228 ) ) ;
#868 = DIRECTION ( 'NONE',  ( 0.000000000000000000, 4.930380657631319405E-32, -1.000000000000000000 ) ) ;
#869 = ADVANCED_FACE ( 'NONE', ( #3156 ), #3900, .T. ) ;
#870 = CARTESIAN_POINT ( 'NONE',  ( 99.55846243849740063, -6.000000000000000000, 13.50000000000000000 ) ) ;
#871 = LINE ( 'NONE', #2199, #2030 ) ;
#872 = EDGE_CURVE ( 'NONE', #1629, #238, #3776, .T. ) ;
#873 = AXIS2_PLACEMENT_3D ( 'NONE', #2198, #939, #1528 ) ;
#874 = ORIENTED_EDGE ( 'NONE', *, *, #3481, .F. ) ;
#875 = EDGE_LOOP ( 'NONE', ( #2057, #4171, #2712, #3381 ) ) ;
#876 = FACE_OUTER_BOUND ( 'NONE', #619, .T. ) ;
#877 = DIRECTION ( 'NONE',  ( 0.000000000000000000, 0.000000000000000000, -1.000000000000000000 ) ) ;
#878 = CARTESIAN_POINT ( 'NONE',  ( 11.69809063813757888, 19.55373057560350247, 13.50000000000000000 ) ) ;
#879 = DIRECTION ( 'NONE',  ( 0.000000000000000000, -1.000000000000000000, -2.465190328815661071E-32 ) ) ;
#880 = DIRECTION ( 'NONE',  ( -1.000000000000000000, -6.842277657836019882E-47, 3.694829935231450289E-47 ) ) ;
#881 = VECTOR ( 'NONE', #1836, 1000.000000000000000 ) ;
#882 = DIRECTION ( 'NONE',  ( 0.000000000000000000, 0.000000000000000000, -1.000000000000000000 ) ) ;
#883 = CARTESIAN_POINT ( 'NONE',  ( 95.10000000000000853, 7.500000000000000000, 9.900000000000000355 ) ) ;
#884 = ADVANCED_FACE ( 'NONE', ( #4140 ), #2115, .T. ) ;
#885 = FACE_OUTER_BOUND ( 'NONE', #1888, .T. ) ;
#886 = ORIENTED_EDGE ( 'NONE', *, *, #1432, .T. ) ;
#887 = ADVANCED_FACE ( 'NONE', ( #2462 ), #3803, .F. ) ;
#888 = EDGE_LOOP ( 'NONE', ( #4052, #2688, #496, #2678, #1049, #3066, #3126, #3806, #2564, #3406, #3211, #4003 ) ) ;
#889 = ADVANCED_FACE ( 'NONE', ( #806, #3404 ), #409, .T. ) ;
#890 = CARTESIAN_POINT ( 'NONE',  ( 76.79999999999820659, -6.000000000000000000, 13.50000000000000000 ) ) ;
#891 = DIRECTION ( 'NONE',  ( 0.000000000000000000, -1.000000000000000000, 0.000000000000000000 ) ) ;
#892 = ORIENTED_EDGE ( 'NONE', *, *, #1118, .T. ) ;
#893 = VECTOR ( 'NONE', #1900, 1000.000000000000000 ) ;
#894 = VECTOR ( 'NONE', #262, 1000.000000000000000 ) ;
#895 = FACE_OUTER_BOUND ( 'NONE', #3278, .T. ) ;
#896 =( GEOMETRIC_REPRESENTATION_CONTEXT ( 3 ) GLOBAL_UNCERTAINTY_ASSIGNED_CONTEXT ( ( #3815 ) ) GLOBAL_UNIT_ASSIGNED_CONTEXT ( ( #1120, #2814, #3157 ) ) REPRESENTATION_CONTEXT ( 'NONE', 'WORKASPACE' ) );
#897 = DIRECTION ( 'NONE',  ( -1.000000000000000000, 0.000000000000000000, 0.000000000000000000 ) ) ;
#898 = DIRECTION ( 'NONE',  ( 1.000000000000000000, 0.000000000000000000, 0.000000000000000000 ) ) ;
#899 = DIRECTION ( 'NONE',  ( 1.000000000000000000, -4.336808689941997028E-16, 0.000000000000000000 ) ) ;
#900 = ORIENTED_EDGE ( 'NONE', *, *, #80, .T. ) ;
#901 = ORIENTED_EDGE ( 'NONE', *, *, #1144, .F. ) ;
#902 = ORIENTED_EDGE ( 'NONE', *, *, #3216, .T. ) ;
#903 = ORIENTED_EDGE ( 'NONE', *, *, #694, .F. ) ;
#904 = AXIS2_PLACEMENT_3D ( 'NONE', #2064, #1141, #2152 ) ;
#905 = DIRECTION ( 'NONE',  ( -1.000000000000000000, -6.842277657836019882E-47, 0.000000000000000000 ) ) ;
#906 = FACE_OUTER_BOUND ( 'NONE', #3221, .T. ) ;
#907 = DIRECTION ( 'NONE',  ( 1.000000000000000000, 0.000000000000000000, 0.000000000000000000 ) ) ;
#908 = EDGE_CURVE ( 'NONE', #4062, #172, #1748, .T. ) ;
#909 = CARTESIAN_POINT ( 'NONE',  ( 108.0000000000000000, -9.000000000000000000, 10.20000000000001883 ) ) ;
#910 = DIRECTION ( 'NONE',  ( -7.383753479102818642E-62, -1.000000000000000000, -2.465190328815659976E-32 ) ) ;
#911 = ORIENTED_EDGE ( 'NONE', *, *, #1309, .F. ) ;
#912 = DIRECTION ( 'NONE',  ( 0.4908437339404578825, -0.8712476277450568185, 0.000000000000000000 ) ) ;
#913 = CARTESIAN_POINT ( 'NONE',  ( -63.22285176498733250, -3.969350418608846187, -7.500000000000000888 ) ) ;
#914 = DIRECTION ( 'NONE',  ( 0.000000000000000000, 0.000000000000000000, -1.000000000000000000 ) ) ;
#915 = CARTESIAN_POINT ( 'NONE',  ( 112.5825756949558070, -18.00000000000000000, -6.396152422706641083 ) ) ;
#916 = DIRECTION ( 'NONE',  ( 0.000000000000000000, 0.000000000000000000, -1.000000000000000000 ) ) ;
#917 = DIRECTION ( 'NONE',  ( -1.000000000000000000, 0.000000000000000000, -0.000000000000000000 ) ) ;
#918 = ORIENTED_EDGE ( 'NONE', *, *, #80, .F. ) ;
#919 = ORIENTED_EDGE ( 'NONE', *, *, #471, .T. ) ;
#920 = ORIENTED_EDGE ( 'NONE', *, *, #1382, .F. ) ;
#921 = CIRCLE ( 'NONE', #355, 11.40000000000000746 ) ;
#922 = PLANE ( 'NONE',  #2261 ) ;
#923 = DIRECTION ( 'NONE',  ( 9.122861196634139130E-13, 1.000000000000000000, -3.370742064428529897E-59 ) ) ;
#924 = DIRECTION ( 'NONE',  ( -3.004629197474309681E-16, 0.8660254037844387076, 0.4999999999999998890 ) ) ;
#925 = DIRECTION ( 'NONE',  ( -6.981082385088409593E-12, -1.000000000000000000, 0.000000000000000000 ) ) ;
#926 = ADVANCED_FACE ( 'NONE', ( #2419 ), #3760, .F. ) ;
#927 = ORIENTED_EDGE ( 'NONE', *, *, #231, .F. ) ;
#928 = VECTOR ( 'NONE', #3843, 999.9999999999998863 ) ;
#929 = CARTESIAN_POINT ( 'NONE',  ( -39.00000062584880567, 4.500000000000000000, -7.500000000000000000 ) ) ;
#930 = EDGE_LOOP ( 'NONE', ( #2960, #886, #1459, #3871 ) ) ;
#931 = DIRECTION ( 'NONE',  ( 0.000000000000000000, 0.000000000000000000, -1.000000000000000000 ) ) ;
#932 = EDGE_CURVE ( 'NONE', #2649, #104, #3842, .T. ) ;
#933 = EDGE_CURVE ( 'NONE', #4072, #2028, #921, .T. ) ;
#934 = CARTESIAN_POINT ( 'NONE',  ( 98.10000000000000853, 6.000000000000000000, 9.900000000000000355 ) ) ;
#935 = VECTOR ( 'NONE', #2920, 1000.000000000000000 ) ;
#936 = DIRECTION ( 'NONE',  ( 0.000000000000000000, -1.000000000000000000, 0.000000000000000000 ) ) ;
#937 = ORIENTED_EDGE ( 'NONE', *, *, #994, .F. ) ;
#938 = DIRECTION ( 'NONE',  ( 0.000000000000000000, 2.465190328815659976E-32, -1.000000000000000000 ) ) ;
#939 = DIRECTION ( 'NONE',  ( 1.000000000000000000, -7.395570986446980202E-32, -1.232595164407829988E-32 ) ) ;
#940 = ADVANCED_FACE ( 'NONE', ( #895 ), #1592, .T. ) ;
#941 = LINE ( 'NONE', #3002, #2945 ) ;
#942 = DIRECTION ( 'NONE',  ( 2.220446049250309876E-16, -1.000000000000000000, 0.000000000000000000 ) ) ;
#943 = EDGE_CURVE ( 'NONE', #1725, #1902, #3552, .T. ) ;
#944 = EDGE_LOOP ( 'NONE', ( #1015, #2787, #4144, #3160, #654, #3098, #2386, #1275, #2406, #1948, #2314, #1313 ) ) ;
#945 = EDGE_LOOP ( 'NONE', ( #1525, #1149, #4213, #3869 ) ) ;
#946 = ORIENTED_EDGE ( 'NONE', *, *, #3571, .T. ) ;
#947 = VERTEX_POINT ( 'NONE', #915 ) ;
#948 = EDGE_CURVE ( 'NONE', #3365, #2900, #3535, .T. ) ;
#949 = ADVANCED_FACE ( 'NONE', ( #271 ), #562, .F. ) ;
#950 = CARTESIAN_POINT ( 'NONE',  ( -64.79999999999999716, 6.093951339188219782E-30, 7.666741922616599358E-31 ) ) ;
#951 = AXIS2_PLACEMENT_3D ( 'NONE', #242, #877, #3557 ) ;
#952 = DIRECTION ( 'NONE',  ( 0.000000000000000000, -1.000000000000000000, 0.000000000000000000 ) ) ;
#953 = AXIS2_PLACEMENT_3D ( 'NONE', #675, #1703, #3991 ) ;
#954 = EDGE_LOOP ( 'NONE', ( #3742, #3026, #2088, #575 ) ) ;
#955 = CARTESIAN_POINT ( 'NONE',  ( -29.69999999998085016, 6.000000000000000000, 13.50000000000000000 ) ) ;
#956 = DIRECTION ( 'NONE',  ( -1.000000000000000000, 0.000000000000000000, 0.000000000000000000 ) ) ;
#957 = VERTEX_POINT ( 'NONE', #870 ) ;
#958 = LINE ( 'NONE', #2957, #425 ) ;
#959 = CARTESIAN_POINT ( 'NONE',  ( -4.582575694955828283, -18.00000000000000000, -6.396152422706633089 ) ) ;
#960 = DIRECTION ( 'NONE',  ( 1.000000000000000000, 0.000000000000000000, 0.000000000000000000 ) ) ;
#961 = ORIENTED_EDGE ( 'NONE', *, *, #2543, .T. ) ;
#962 = LINE ( 'NONE', #2961, #3486 ) ;
#963 = DIRECTION ( 'NONE',  ( 0.000000000000000000, -1.000000000000000000, 0.000000000000000000 ) ) ;
#964 = LINE ( 'NONE', #2580, #642 ) ;
#965 = AXIS2_PLACEMENT_3D ( 'NONE', #2051, #3386, #415 ) ;
#966 = VERTEX_POINT ( 'NONE', #2197 ) ;
#967 = AXIS2_PLACEMENT_3D ( 'NONE', #2029, #2667, #3648 ) ;
#968 = EDGE_LOOP ( 'NONE', ( #892, #3734, #4027, #847 ) ) ;
#969 = EDGE_CURVE ( 'NONE', #4035, #1624, #2592, .T. ) ;
#970 = CARTESIAN_POINT ( 'NONE',  ( -39.00000062584880567, 4.500000000000000000, -7.500000000000000000 ) ) ;
#971 = AXIS2_PLACEMENT_3D ( 'NONE', #3492, #175, #147 ) ;
#972 = AXIS2_PLACEMENT_3D ( 'NONE', #2538, #2844, #156 ) ;
#973 = FACE_OUTER_BOUND ( 'NONE', #2038, .T. ) ;
#974 = FACE_OUTER_BOUND ( 'NONE', #2364, .T. ) ;
#975 = EDGE_LOOP ( 'NONE', ( #1928, #3355, #1830 ) ) ;
#976 = LINE ( 'NONE', #1880, #2264 ) ;
#977 = CARTESIAN_POINT ( 'NONE',  ( -45.00000000000000000, 4.156644585633049616, 13.50000000000000000 ) ) ;
#978 = ORIENTED_EDGE ( 'NONE', *, *, #1632, .F. ) ;
#979 = ORIENTED_EDGE ( 'NONE', *, *, #3566, .T. ) ;
#980 = LINE ( 'NONE', #4284, #3785 ) ;
#981 = DIRECTION ( 'NONE',  ( 0.000000000000000000, -1.000000000000000000, 0.000000000000000000 ) ) ;
#982 = VERTEX_POINT ( 'NONE', #1566 ) ;
#983 = DIRECTION ( 'NONE',  ( -7.395570986446990055E-32, 1.000000000000000000, 4.930380657631318857E-32 ) ) ;
#984 = EDGE_CURVE ( 'NONE', #3522, #2720, #1541, .T. ) ;
#985 = CYLINDRICAL_SURFACE ( 'NONE', #2263, 11.40000000000000036 ) ;
#986 = CARTESIAN_POINT ( 'NONE',  ( -9.501052573267859458, 9.000000000000000000, -7.500000000000000000 ) ) ;
#987 = ORIENTED_EDGE ( 'NONE', *, *, #1270, .F. ) ;
#988 = ORIENTED_EDGE ( 'NONE', *, *, #2874, .F. ) ;
#989 = EDGE_CURVE ( 'NONE', #2717, #3662, #3909, .T. ) ;
#990 = ORIENTED_EDGE ( 'NONE', *, *, #841, .F. ) ;
#991 = DIRECTION ( 'NONE',  ( 0.000000000000000000, -1.000000000000000000, 0.000000000000000000 ) ) ;
#992 = CARTESIAN_POINT ( 'NONE',  ( 114.0415375615025937, 6.000000000000000000, 13.50000000000000000 ) ) ;
#993 = ADVANCED_FACE ( 'NONE', ( #1227 ), #3514, .F. ) ;
#994 = EDGE_CURVE ( 'NONE', #2389, #1863, #1975, .T. ) ;
#995 = LINE ( 'NONE', #1652, #1931 ) ;
#996 = PLANE ( 'NONE',  #4267 ) ;
#997 = VECTOR ( 'NONE', #3084, 1000.000000000000000 ) ;
#998 = ADVANCED_FACE ( 'NONE', ( #1636 ), #3284, .T. ) ;
#999 = AXIS2_PLACEMENT_3D ( 'NONE', #3733, #2017, #2062 ) ;
#1000 = AXIS2_PLACEMENT_3D ( 'NONE', #3446, #2061, #3352 ) ;
#1001 = CARTESIAN_POINT ( 'NONE',  ( -3.330669073875470016E-15, 18.00000000000000000, -1.199999999999987965 ) ) ;
#1002 = DIRECTION ( 'NONE',  ( 0.000000000000000000, 0.000000000000000000, -1.000000000000000000 ) ) ;
#1003 = VECTOR ( 'NONE', #354, 1000.000000000000000 ) ;
#1004 = CARTESIAN_POINT ( 'NONE',  ( -46.07413764873579964, 4.923885763302379814, 9.900000000000000355 ) ) ;
#1005 = ORIENTED_EDGE ( 'NONE', *, *, #3643, .F. ) ;
#1006 = DIRECTION ( 'NONE',  ( 0.5812381937186540393, -0.8137334712070510845, 0.000000000000000000 ) ) ;
#1007 = CARTESIAN_POINT ( 'NONE',  ( 92.99999937415138618, -4.499999999999724665, 1.500000000000000000 ) ) ;
#1008 = ADVANCED_FACE ( 'NONE', ( #1700 ), #3985, .F. ) ;
#1009 = DIRECTION ( 'NONE',  ( -0.8712476277450568185, -0.4908437339404578825, 3.146490164343679510E-47 ) ) ;
#1010 = AXIS2_PLACEMENT_3D ( 'NONE', #3417, #2780, #1130 ) ;
#1011 = ORIENTED_EDGE ( 'NONE', *, *, #1560, .T. ) ;
#1012 = FACE_OUTER_BOUND ( 'NONE', #2431, .T. ) ;
#1013 = EDGE_CURVE ( 'NONE', #134, #2829, #2015, .T. ) ;
#1014 = PLANE ( 'NONE',  #4167 ) ;
#1015 = ORIENTED_EDGE ( 'NONE', *, *, #1961, .T. ) ;
#1016 = CARTESIAN_POINT ( 'NONE',  ( 117.5010525732677849, -9.000000000000000000, -7.500000000000000000 ) ) ;
#1017 = CARTESIAN_POINT ( 'NONE',  ( -39.00000062584880567, -4.500000000000000000, -7.500000000000000000 ) ) ;
#1018 = DIRECTION ( 'NONE',  ( 1.000000000000000000, -7.395570986446985676E-32, -1.232595164407830946E-32 ) ) ;
#1019 = VERTEX_POINT ( 'NONE', #2613 ) ;
#1020 = ORIENTED_EDGE ( 'NONE', *, *, #4113, .F. ) ;
#1021 = CARTESIAN_POINT ( 'NONE',  ( 14.45596240978277969, -6.000000000000000000, 9.900000000000000355 ) ) ;
#1022 = ADVANCED_FACE ( 'NONE', ( #1679 ), #1658, .T. ) ;
#1023 = LINE ( 'NONE', #2345, #862 ) ;
#1024 = ORIENTED_EDGE ( 'NONE', *, *, #2794, .F. ) ;
#1025 = DIRECTION ( 'NONE',  ( 0.4472135954999581497, -0.4472135954999581497, 0.7745966692414831822 ) ) ;
#1026 = ORIENTED_EDGE ( 'NONE', *, *, #358, .F. ) ;
#1027 = ORIENTED_EDGE ( 'NONE', *, *, #4084, .T. ) ;
#1028 = CARTESIAN_POINT ( 'NONE',  ( 8.179363416962399214, -6.000000000000000000, 9.900000000000000355 ) ) ;
#1029 = FACE_OUTER_BOUND ( 'NONE', #888, .T. ) ;
#1030 = DIRECTION ( 'NONE',  ( -7.395570986446990055E-32, 1.000000000000000000, 4.930380657631318857E-32 ) ) ;
#1031 = LINE ( 'NONE', #2970, #2698 ) ;
#1032 = ORIENTED_EDGE ( 'NONE', *, *, #1666, .T. ) ;
#1033 = EDGE_LOOP ( 'NONE', ( #718, #3828, #4221, #2505 ) ) ;
#1034 =( GEOMETRIC_REPRESENTATION_CONTEXT ( 3 ) GLOBAL_UNCERTAINTY_ASSIGNED_CONTEXT ( ( #3731 ) ) GLOBAL_UNIT_ASSIGNED_CONTEXT ( ( #4091, #731, #2428 ) ) REPRESENTATION_CONTEXT ( 'NONE', 'WORKASPACE' ) );
#1035 = AXIS2_PLACEMENT_3D ( 'NONE', #950, #1620, #2310 ) ;
#1036 = CARTESIAN_POINT ( 'NONE',  ( 108.0000000000000000, -9.000000000000000000, -1.199999999999981970 ) ) ;
#1037 = DIRECTION ( 'NONE',  ( 1.000000000000000000, -7.395570986446985676E-32, -1.232595164407830946E-32 ) ) ;
#1038 = CARTESIAN_POINT ( 'NONE',  ( -25.61930241991399981, -6.000000000000000000, 13.50000000000000000 ) ) ;
#1039 = ORIENTED_EDGE ( 'NONE', *, *, #4084, .F. ) ;
#1040 = CARTESIAN_POINT ( 'NONE',  ( -9.900000000000000355, -6.000000000000000000, 13.50000000000000000 ) ) ;
#1041 = CARTESIAN_POINT ( 'NONE',  ( 92.99999937415138618, 1.035898384862525834, 7.500000000000000000 ) ) ;
#1042 = VERTEX_POINT ( 'NONE', #3659 ) ;
#1043 = ORIENTED_EDGE ( 'NONE', *, *, #708, .F. ) ;
#1044 = FACE_OUTER_BOUND ( 'NONE', #194, .T. ) ;
#1045 = DIRECTION ( 'NONE',  ( -1.000000000000000000, 0.000000000000000000, 0.000000000000000000 ) ) ;
#1046 = ORIENTED_EDGE ( 'NONE', *, *, #2330, .T. ) ;
#1047 = ORIENTED_EDGE ( 'NONE', *, *, #1907, .F. ) ;
#1048 = AXIS2_PLACEMENT_3D ( 'NONE', #3443, #2457, #439 ) ;
#1049 = ORIENTED_EDGE ( 'NONE', *, *, #2213, .T. ) ;
#1050 = VECTOR ( 'NONE', #3579, 1000.000000000000000 ) ;
#1051 = FACE_OUTER_BOUND ( 'NONE', #1295, .T. ) ;
#1052 = CARTESIAN_POINT ( 'NONE',  ( 69.29999937415115596, 3.899999999999984368, 4.500000000000000888 ) ) ;
#1053 = ORIENTED_EDGE ( 'NONE', *, *, #166, .T. ) ;
#1054 = VERTEX_POINT ( 'NONE', #1994 ) ;
#1055 = EDGE_LOOP ( 'NONE', ( #2571, #1234, #2606 ) ) ;
#1056 = CARTESIAN_POINT ( 'NONE',  ( -15.30000062584874954, 3.899999999999999911, -7.500000000000000000 ) ) ;
#1057 = CARTESIAN_POINT ( 'NONE',  ( -38.70000062584874456, 3.899999999999999911, -7.500000000000000000 ) ) ;
#1058 = LINE ( 'NONE', #335, #3716 ) ;
#1059 = ORIENTED_EDGE ( 'NONE', *, *, #3712, .F. ) ;
#1060 = AXIS2_PLACEMENT_3D ( 'NONE', #3134, #3467, #467 ) ;
#1061 = DIRECTION ( 'NONE',  ( 1.000000000000000000, 0.000000000000000000, 0.000000000000000000 ) ) ;
#1062 = DIRECTION ( 'NONE',  ( 0.000000000000000000, -1.000000000000000000, 0.000000000000000000 ) ) ;
#1063 = ORIENTED_EDGE ( 'NONE', *, *, #4207, .F. ) ;
#1064 = VECTOR ( 'NONE', #2697, 1000.000000000000000 ) ;
#1065 = EDGE_CURVE ( 'NONE', #629, #820, #1728, .T. ) ;
#1066 = VERTEX_POINT ( 'NONE', #719 ) ;
#1067 = CIRCLE ( 'NONE', #1410, 6.000000000000019540 ) ;
#1068 = CARTESIAN_POINT ( 'NONE',  ( 5.556077753235619809, -18.00000000000000000, -7.500000000000000000 ) ) ;
#1069 = ADVANCED_FACE ( 'NONE', ( #1044 ), #2675, .T. ) ;
#1070 = EDGE_CURVE ( 'NONE', #3662, #3820, #3705, .T. ) ;
#1071 = LINE ( 'NONE', #3737, #1156 ) ;
#1072 = DIRECTION ( 'NONE',  ( -0.000000000000000000, 1.000000000000000000, -0.000000000000000000 ) ) ;
#1073 = VECTOR ( 'NONE', #981, 1000.000000000000000 ) ;
#1074 = ORIENTED_EDGE ( 'NONE', *, *, #407, .F. ) ;
#1075 = EDGE_CURVE ( 'NONE', #148, #2043, #3371, .T. ) ;
#1076 = EDGE_CURVE ( 'NONE', #2531, #629, #962, .T. ) ;
#1077 = EDGE_CURVE ( 'NONE', #3685, #286, #2739, .T. ) ;
#1078 = ORIENTED_EDGE ( 'NONE', *, *, #797, .F. ) ;
#1079 = DIRECTION ( 'NONE',  ( 0.000000000000000000, -1.000000000000000000, 0.000000000000000000 ) ) ;
#1080 = AXIS2_PLACEMENT_3D ( 'NONE', #186, #3797, #3507 ) ;
#1081 = DIRECTION ( 'NONE',  ( -1.027984282060329919E-17, 1.000000000000000000, 0.000000000000000000 ) ) ;
#1082 = LINE ( 'NONE', #773, #527 ) ;
#1083 = ORIENTED_EDGE ( 'NONE', *, *, #1879, .T. ) ;
#1084 = VERTEX_POINT ( 'NONE', #460 ) ;
#1085 = CARTESIAN_POINT ( 'NONE',  ( 0.000000000000000000, 0.000000000000000000, -7.500000000000000000 ) ) ;
#1086 = CARTESIAN_POINT ( 'NONE',  ( -17.55000000000000071, 6.000000000000000000, 13.50000000000000000 ) ) ;
#1087 = VECTOR ( 'NONE', #2911, 1000.000000000000000 ) ;
#1088 = VERTEX_POINT ( 'NONE', #3048 ) ;
#1089 = ORIENTED_EDGE ( 'NONE', *, *, #2067, .F. ) ;
#1090 = LINE ( 'NONE', #3751, #508 ) ;
#1091 = CARTESIAN_POINT ( 'NONE',  ( 107.9999999999999858, -18.00000000000000000, -1.199999999999987965 ) ) ;
#1092 = CARTESIAN_POINT ( 'NONE',  ( -3.330669073875467255E-15, -18.00000000000000000, -1.199999999999987965 ) ) ;
#1093 = DIRECTION ( 'NONE',  ( 0.000000000000000000, -1.000000000000000000, 0.000000000000000000 ) ) ;
#1094 = EDGE_CURVE ( 'NONE', #1586, #2793, #2782, .T. ) ;
#1095 = ORIENTED_EDGE ( 'NONE', *, *, #1310, .T. ) ;
#1096 = ORIENTED_EDGE ( 'NONE', *, *, #3526, .T. ) ;
#1097 = DIRECTION ( 'NONE',  ( 6.204560680321970560E-12, 1.000000000000000000, 0.000000000000000000 ) ) ;
#1098 = LINE ( 'NONE', #3095, #108 ) ;
#1099 = FACE_OUTER_BOUND ( 'NONE', #3414, .T. ) ;
#1100 = ORIENTED_EDGE ( 'NONE', *, *, #4032, .T. ) ;
#1101 = EDGE_CURVE ( 'NONE', #3662, #2546, #741, .T. ) ;
#1102 = ORIENTED_EDGE ( 'NONE', *, *, #547, .F. ) ;
#1103 = CYLINDRICAL_SURFACE ( 'NONE', #3821, 0.9999999999999870104 ) ;
#1104 = DIRECTION ( 'NONE',  ( -1.000000000000000000, -2.220446049250309876E-16, 0.000000000000000000 ) ) ;
#1105 = AXIS2_PLACEMENT_3D ( 'NONE', #3670, #2685, #661 ) ;
#1106 = ORIENTED_EDGE ( 'NONE', *, *, #3377, .T. ) ;
#1107 = MECHANICAL_DESIGN_GEOMETRIC_PRESENTATION_REPRESENTATION (  '', ( #756 ), #1664 ) ;
#1108 = VECTOR ( 'NONE', #1341, 1000.000000000000000 ) ;
#1109 = FACE_BOUND ( 'NONE', #2003, .T. ) ;
#1110 = ORIENTED_EDGE ( 'NONE', *, *, #660, .F. ) ;
#1111 = ORIENTED_EDGE ( 'NONE', *, *, #336, .T. ) ;
#1112 = ORIENTED_EDGE ( 'NONE', *, *, #349, .F. ) ;
#1113 = DIRECTION ( 'NONE',  ( 0.7071067811865393571, -0.7071067811865556774, 8.659560562355031466E-17 ) ) ;
#1114 = CARTESIAN_POINT ( 'NONE',  ( 113.3325756949558070, -18.00000000000000000, -5.734714594940502508 ) ) ;
#1115 = CARTESIAN_POINT ( 'NONE',  ( 95.10000000000000853, 6.000000000000000000, 13.50000000000000000 ) ) ;
#1116 = ADVANCED_FACE ( 'NONE', ( #124 ), #2133, .F. ) ;
#1117 = VERTEX_POINT ( 'NONE', #1450 ) ;
#1118 = EDGE_CURVE ( 'NONE', #1650, #3421, #4044, .T. ) ;
#1119 = ORIENTED_EDGE ( 'NONE', *, *, #241, .F. ) ;
#1120 =( LENGTH_UNIT ( ) NAMED_UNIT ( * ) SI_UNIT ( .MILLI., .METRE. ) );
#1121 = DIRECTION ( 'NONE',  ( 1.000000000000000000, 7.395570986446990055E-32, -3.694829935231450289E-47 ) ) ;
#1122 = LINE ( 'NONE', #3738, #1377 ) ;
#1123 = LINE ( 'NONE', #3781, #1458 ) ;
#1124 = ORIENTED_EDGE ( 'NONE', *, *, #620, .F. ) ;
#1125 = ORIENTED_EDGE ( 'NONE', *, *, #3297, .F. ) ;
#1126 = CARTESIAN_POINT ( 'NONE',  ( -29.70000000002234941, -3.085216014201020318, 13.50000000000000000 ) ) ;
#1127 = EDGE_CURVE ( 'NONE', #466, #2187, #3753, .T. ) ;
#1128 = CARTESIAN_POINT ( 'NONE',  ( -30.78069758012999912, -6.000000000000000000, 13.50000000000000000 ) ) ;
#1129 = CARTESIAN_POINT ( 'NONE',  ( -42.41930241988914929, 6.000000000000000000, 13.50000000000000000 ) ) ;
#1130 = DIRECTION ( 'NONE',  ( 1.000000000000000000, 3.469446951953609258E-17, 0.000000000000000000 ) ) ;
#1131 = EDGE_CURVE ( 'NONE', #1422, #3056, #763, .T. ) ;
#1132 = ORIENTED_EDGE ( 'NONE', *, *, #670, .T. ) ;
#1133 = EDGE_LOOP ( 'NONE', ( #2679, #2819, #2234, #3602 ) ) ;
#1134 = AXIS2_PLACEMENT_3D ( 'NONE', #3590, #3237, #601 ) ;
#1135 = DIRECTION ( 'NONE',  ( 0.000000000000000000, 0.000000000000000000, -1.000000000000000000 ) ) ;
#1136 = DIRECTION ( 'NONE',  ( 1.000000000000000000, 0.000000000000000000, 0.000000000000000000 ) ) ;
#1137 = FACE_OUTER_BOUND ( 'NONE', #2444, .T. ) ;
#1138 = CYLINDRICAL_SURFACE ( 'NONE', #3219, 0.9999999999999870104 ) ;
#1139 = ORIENTED_EDGE ( 'NONE', *, *, #804, .T. ) ;
#1140 = VECTOR ( 'NONE', #3158, 999.9999999999998863 ) ;
#1141 = DIRECTION ( 'NONE',  ( 0.000000000000000000, 1.000000000000000000, 2.465190328815659976E-32 ) ) ;
#1142 = DIRECTION ( 'NONE',  ( 0.000000000000000000, -1.000000000000000000, 0.000000000000000000 ) ) ;
#1143 = FACE_OUTER_BOUND ( 'NONE', #2763, .T. ) ;
#1144 = EDGE_CURVE ( 'NONE', #364, #789, #1810, .T. ) ;
#1145 = ORIENTED_EDGE ( 'NONE', *, *, #2940, .F. ) ;
#1146 = DIRECTION ( 'NONE',  ( -1.000000000000000000, 0.000000000000000000, 0.000000000000000000 ) ) ;
#1147 = LINE ( 'NONE', #1753, #3954 ) ;
#1148 = FACE_OUTER_BOUND ( 'NONE', #954, .T. ) ;
#1149 = ORIENTED_EDGE ( 'NONE', *, *, #3468, .T. ) ;
#1150 = DIRECTION ( 'NONE',  ( 7.383753479102818642E-62, 1.000000000000000000, 2.465190328815659976E-32 ) ) ;
#1151 = AXIS2_PLACEMENT_3D ( 'NONE', #3937, #2909, #3597 ) ;
#1152 = FACE_BOUND ( 'NONE', #1512, .T. ) ;
#1153 = ORIENTED_EDGE ( 'NONE', *, *, #4057, .F. ) ;
#1154 = ADVANCED_FACE ( 'NONE', ( #2437 ), #3773, .T. ) ;
#1155 = FACE_OUTER_BOUND ( 'NONE', #545, .T. ) ;
#1156 = VECTOR ( 'NONE', #21, 1000.000000000000000 ) ;
#1157 = CARTESIAN_POINT ( 'NONE',  ( 98.10000000000000853, -3.377375036177979961, 13.50000000000000000 ) ) ;
#1158 = CARTESIAN_POINT ( 'NONE',  ( 107.9999999999999858, 18.00000000000000000, -1.199999999999987965 ) ) ;
#1159 = AXIS2_PLACEMENT_3D ( 'NONE', #2020, #2681, #4038 ) ;
#1160 = ORIENTED_EDGE ( 'NONE', *, *, #463, .T. ) ;
#1161 = ORIENTED_EDGE ( 'NONE', *, *, #3643, .T. ) ;
#1162 = AXIS2_PLACEMENT_3D ( 'NONE', #3412, #1773, #158 ) ;
#1163 = CARTESIAN_POINT ( 'NONE',  ( 12.90000000000000036, -3.433260614206260275, 13.50000000000000000 ) ) ;
#1164 = CARTESIAN_POINT ( 'NONE',  ( -39.00000062584880567, 4.500000000000000000, -7.500000000000000000 ) ) ;
#1165 = EDGE_LOOP ( 'NONE', ( #528, #2405, #140 ) ) ;
#1167 = ORIENTED_EDGE ( 'NONE', *, *, #3799, .F. ) ;
#1166 = CIRCLE ( 'NONE', #2339, 6.000000000000019540 ) ;
#1168 = EDGE_CURVE ( 'NONE', #1376, #789, #678, .T. ) ;
#1169 = CARTESIAN_POINT ( 'NONE',  ( 95.10000000000000853, 6.000000000000000000, 13.50000000000000000 ) ) ;
#1170 = PLANE ( 'NONE',  #3608 ) ;
#1171 = DIRECTION ( 'NONE',  ( 1.000000000000000000, -6.109384727934459621E-32, -1.232595164407829988E-32 ) ) ;
#1172 = CARTESIAN_POINT ( 'NONE',  ( 14.45596240978277969, -6.000000000000000000, 13.50000000000000000 ) ) ;
#1173 = ORIENTED_EDGE ( 'NONE', *, *, #3976, .F. ) ;
#1174 = PLANE ( 'NONE',  #2540 ) ;
#1175 = COLOUR_RGB ( '',0.7921568627450980005, 0.8196078431372548767, 0.9333333333333333481 ) ;
#1176 = ORIENTED_EDGE ( 'NONE', *, *, #1560, .F. ) ;
#1177 = VECTOR ( 'NONE', #215, 1000.000000000000000 ) ;
#1178 = ORIENTED_EDGE ( 'NONE', *, *, #3975, .F. ) ;
#1179 = AXIS2_PLACEMENT_3D ( 'NONE', #2989, #614, #2927 ) ;
#1180 = CARTESIAN_POINT ( 'NONE',  ( -18.46410224098649877, -1.035898384862249832, 7.500000000000000000 ) ) ;
#1181 = DIRECTION ( 'NONE',  ( -0.6614378277661525640, -0.000000000000000000, -0.7499999999999957812 ) ) ;
#1182 = EDGE_CURVE ( 'NONE', #578, #3953, #2724, .T. ) ;
#1183 = VERTEX_POINT ( 'NONE', #3074 ) ;
#1184 = ORIENTED_EDGE ( 'NONE', *, *, #1947, .T. ) ;
#1185 = CARTESIAN_POINT ( 'NONE',  ( -39.00000062584880567, 4.500000000000000000, 1.500000000000000000 ) ) ;
#1186 = DIRECTION ( 'NONE',  ( 1.000000000000000000, 0.000000000000000000, 0.000000000000000000 ) ) ;
#1187 = EDGE_LOOP ( 'NONE', ( #2357, #3996, #2867, #48 ) ) ;
#1188 = EDGE_LOOP ( 'NONE', ( #159, #3291, #858, #3640 ) ) ;
#1189 = ORIENTED_EDGE ( 'NONE', *, *, #1663, .T. ) ;
#1190 = CARTESIAN_POINT ( 'NONE',  ( 5.332575694955830947, -18.00000000000000000, -5.734714594940487409 ) ) ;
#1191 = LINE ( 'NONE', #4090, #3955 ) ;
#1192 = LINE ( 'NONE', #3541, #1591 ) ;
#1193 = DIRECTION ( 'NONE',  ( -1.000000000000000000, 6.204560680321970560E-12, 0.000000000000000000 ) ) ;
#1194 = EDGE_CURVE ( 'NONE', #2028, #3690, #2929, .T. ) ;
#1195 = LINE ( 'NONE', #2520, #2714 ) ;
#1196 = EDGE_CURVE ( 'NONE', #4292, #466, #704, .T. ) ;
#1197 = CARTESIAN_POINT ( 'NONE',  ( -38.70000062584874456, 3.899999999999999911, -7.500000000000000000 ) ) ;
#1198 = ORIENTED_EDGE ( 'NONE', *, *, #161, .T. ) ;
#1199 = DIRECTION ( 'NONE',  ( 1.000000000000000000, 1.027984282060329919E-17, 0.000000000000000000 ) ) ;
#1200 = EDGE_CURVE ( 'NONE', #3214, #1873, #4250, .T. ) ;
#1201 = PLANE ( 'NONE',  #1634 ) ;
#1202 = FACE_OUTER_BOUND ( 'NONE', #944, .T. ) ;
#1203 = VERTEX_POINT ( 'NONE', #3159 ) ;
#1204 = ORIENTED_EDGE ( 'NONE', *, *, #2077, .T. ) ;
#1205 = DIRECTION ( 'NONE',  ( 0.000000000000000000, -1.000000000000000000, 0.000000000000000000 ) ) ;
#1206 = LINE ( 'NONE', #2226, #1406 ) ;
#1207 = VECTOR ( 'NONE', #1429, 1000.000000000000000 ) ;
#1208 = VECTOR ( 'NONE', #2575, 1000.000000000000000 ) ;
#1209 = VECTOR ( 'NONE', #1977, 1000.000000000000000 ) ;
#1210 = EDGE_LOOP ( 'NONE', ( #4030, #1702, #2058, #184 ) ) ;
#1211 = ORIENTED_EDGE ( 'NONE', *, *, #1593, .T. ) ;
#1212 = EDGE_CURVE ( 'NONE', #247, #3345, #3097, .T. ) ;
#1213 = CARTESIAN_POINT ( 'NONE',  ( 9.900000000000000355, 6.000000000000000000, 13.50000000000000000 ) ) ;
#1214 = AXIS2_PLACEMENT_3D ( 'NONE', #4224, #1848, #3533 ) ;
#1215 = LINE ( 'NONE', #2207, #1647 ) ;
#1216 = EDGE_CURVE ( 'NONE', #1042, #3056, #1123, .T. ) ;
#1217 = DIRECTION ( 'NONE',  ( 1.000000000000000000, -2.891205793294664521E-16, 0.000000000000000000 ) ) ;
#1218 = LINE ( 'NONE', #3212, #1914 ) ;
#1219 = DIRECTION ( 'NONE',  ( -6.981082385088409593E-12, -1.000000000000000000, 2.579391217674160165E-58 ) ) ;
#1220 = VECTOR ( 'NONE', #531, 1000.000000000000000 ) ;
#1221 = VERTEX_POINT ( 'NONE', #1788 ) ;
#1222 = FACE_OUTER_BOUND ( 'NONE', #1033, .T. ) ;
#1223 = CARTESIAN_POINT ( 'NONE',  ( 55.50000000001369926, 6.000000000000000000, 9.900000000000000355 ) ) ;
#1224 = CLOSED_SHELL ( 'NONE', ( #1291, #884, #3154, #3630, #3409, #282, #2983, #3265, #3530, #926 ) ) ;
#1225 = DIRECTION ( 'NONE',  ( 0.000000000000000000, 0.000000000000000000, 1.000000000000000000 ) ) ;
#1226 = ORIENTED_EDGE ( 'NONE', *, *, #2653, .T. ) ;
#1227 = FACE_OUTER_BOUND ( 'NONE', #3862, .T. ) ;
#1228 = EDGE_CURVE ( 'NONE', #234, #4109, #3451, .T. ) ;
#1229 = DIRECTION ( 'NONE',  ( 1.000000000000000000, 1.027984282060329919E-17, -3.694829935231450289E-47 ) ) ;
#1230 = ORIENTED_EDGE ( 'NONE', *, *, #4032, .F. ) ;
#1231 = AXIS2_PLACEMENT_3D ( 'NONE', #3912, #3240, #1205 ) ;
#1232 = VERTEX_POINT ( 'NONE', #3136 ) ;
#1233 = ORIENTED_EDGE ( 'NONE', *, *, #3276, .F. ) ;
#1234 = ORIENTED_EDGE ( 'NONE', *, *, #2690, .T. ) ;
#1235 = DIRECTION ( 'NONE',  ( 1.000000000000000000, -1.479114197289399982E-31, -1.232595164407829988E-32 ) ) ;
#1236 = FACE_OUTER_BOUND ( 'NONE', #2925, .T. ) ;
#1237 = DIRECTION ( 'NONE',  ( 0.000000000000000000, 0.000000000000000000, 1.000000000000000000 ) ) ;
#1238 = VERTEX_POINT ( 'NONE', #133 ) ;
#1239 = CARTESIAN_POINT ( 'NONE',  ( 120.0000000000000000, 9.000000000000000000, -7.500000000000000000 ) ) ;
#1240 = ORIENTED_EDGE ( 'NONE', *, *, #1200, .F. ) ;
#1241 = ORIENTED_EDGE ( 'NONE', *, *, #2163, .F. ) ;
#1242 = CARTESIAN_POINT ( 'NONE',  ( -48.00000000000000000, 4.409081537009719831, -7.500000000000000000 ) ) ;
#1243 = CARTESIAN_POINT ( 'NONE',  ( -15.34928019704119961, 9.773640410577000281, 13.50000000000000000 ) ) ;
#1244 = CARTESIAN_POINT ( 'NONE',  ( 68.99999937415140039, -1.035898384861968058, 7.500000000000000000 ) ) ;
#1245 = ORIENTED_EDGE ( 'NONE', *, *, #2021, .T. ) ;
#1246 = VECTOR ( 'NONE', #3563, 1000.000000000000000 ) ;
#1247 = VECTOR ( 'NONE', #1923, 1000.000000000000000 ) ;
#1248 = CIRCLE ( 'NONE', #1800, 6.000000000000002665 ) ;
#1249 = CARTESIAN_POINT ( 'NONE',  ( 112.5707791671049876, -18.00000000000000000, -5.086898224234718491 ) ) ;
#1250 = ADVANCED_FACE ( 'NONE', ( #2138 ), #4125, .F. ) ;
#1251 = CARTESIAN_POINT ( 'NONE',  ( -29.69999999997394724, 7.499999999958239627, 13.50000000000000000 ) ) ;
#1252 = PLANE ( 'NONE',  #1758 ) ;
#1253 = ORIENTED_EDGE ( 'NONE', *, *, #2186, .F. ) ;
#1254 = ORIENTED_EDGE ( 'NONE', *, *, #419, .T. ) ;
#1255 = ORIENTED_EDGE ( 'NONE', *, *, #92, .T. ) ;
#1256 = AXIS2_PLACEMENT_3D ( 'NONE', #3665, #1643, #2967 ) ;
#1257 = DIRECTION ( 'NONE',  ( -1.000000000000000000, 4.336808689941996535E-16, 0.000000000000000000 ) ) ;
#1258 = CARTESIAN_POINT ( 'NONE',  ( -63.60000000000000142, 8.699999999999999289, 7.518830502887701333E-31 ) ) ;
#1259 = CARTESIAN_POINT ( 'NONE',  ( 114.0415375615025937, 6.000000000000000000, 13.50000000000000000 ) ) ;
#1260 = ADVANCED_FACE ( 'NONE', ( #1483 ), #2816, .F. ) ;
#1261 = EDGE_CURVE ( 'NONE', #3202, #3974, #964, .T. ) ;
#1262 = DIRECTION ( 'NONE',  ( 1.000000000000000000, 0.000000000000000000, 0.000000000000000000 ) ) ;
#1263 = CARTESIAN_POINT ( 'NONE',  ( -15.30000062584874954, 3.899999999999999911, 4.500000000000000888 ) ) ;
#1264 = VECTOR ( 'NONE', #3946, 1000.000000000000000 ) ;
#1265 = VERTEX_POINT ( 'NONE', #1616 ) ;
#1266 = CARTESIAN_POINT ( 'NONE',  ( -3.330669073875470016E-15, 18.00000000000000000, -1.199999999999987965 ) ) ;
#1267 = EDGE_CURVE ( 'NONE', #2888, #2412, #2200, .T. ) ;
#1268 = PRODUCT_RELATED_PRODUCT_CATEGORY ( 'part', '', ( #4122 ) ) ;
#1269 = DIRECTION ( 'NONE',  ( -6.842277657836019882E-47, 1.000000000000000000, 2.732537706885350182E-78 ) ) ;
#1270 = EDGE_CURVE ( 'NONE', #3982, #2900, #2287, .T. ) ;
#1271 = DIRECTION ( 'NONE',  ( 0.000000000000000000, 0.000000000000000000, -1.000000000000000000 ) ) ;
#1272 = VERTEX_POINT ( 'NONE', #2556 ) ;
#1273 = ORIENTED_EDGE ( 'NONE', *, *, #3796, .T. ) ;
#1274 = ORIENTED_EDGE ( 'NONE', *, *, #1677, .F. ) ;
#1275 = ORIENTED_EDGE ( 'NONE', *, *, #797, .T. ) ;
#1276 = VECTOR ( 'NONE', #2905, 1000.000000000000000 ) ;
#1277 = DIRECTION ( 'NONE',  ( -7.395570986446980202E-32, -1.000000000000000000, -9.251858538542969116E-17 ) ) ;
#1278 = CARTESIAN_POINT ( 'NONE',  ( 92.99999937415121565, -4.500000000000023981, -7.500000000000000000 ) ) ;
#1279 = PLANE ( 'NONE',  #3327 ) ;
#1280 = CARTESIAN_POINT ( 'NONE',  ( -62.99999999999998579, 4.409081537009719831, -7.500000000000000000 ) ) ;
#1281 = AXIS2_PLACEMENT_3D ( 'NONE', #1453, #2086, #3681 ) ;
#1282 = ADVANCED_FACE ( 'NONE', ( #1892 ), #1252, .F. ) ;
#1283 = LINE ( 'NONE', #2624, #3487 ) ;
#1284 = CONICAL_SURFACE ( 'NONE', #155, 8.099999999999967670, 0.7853981633974598253 ) ;
#1285 = CYLINDRICAL_SURFACE ( 'NONE', #3470, 6.000000000000002665 ) ;
#1286 = ORIENTED_EDGE ( 'NONE', *, *, #749, .T. ) ;
#1287 = LINE ( 'NONE', #4247, #1425 ) ;
#1288 = CARTESIAN_POINT ( 'NONE',  ( 101.9999999999999716, -18.00000000000000000, -1.199999999999987965 ) ) ;
#1289 = AXIS2_PLACEMENT_3D ( 'NONE', #3064, #2435, #3769 ) ;
#1290 = CARTESIAN_POINT ( 'NONE',  ( 107.9999999999999858, -18.00000000000000000, -1.199999999999987965 ) ) ;
#1291 = ADVANCED_FACE ( 'NONE', ( #1595 ), #604, .T. ) ;
#1292 = VECTOR ( 'NONE', #2132, 1000.000000000000114 ) ;
#1293 = DIRECTION ( 'NONE',  ( -1.000000000000000000, -6.842277657836019882E-47, 3.694829935231450289E-47 ) ) ;
#1294 = DIRECTION ( 'NONE',  ( 0.000000000000000000, 0.000000000000000000, -1.000000000000000000 ) ) ;
#1295 = EDGE_LOOP ( 'NONE', ( #1828, #1355, #3826 ) ) ;
#1296 = VERTEX_POINT ( 'NONE', #2327 ) ;
#1297 = ORIENTED_EDGE ( 'NONE', *, *, #3963, .T. ) ;
#1298 = DIRECTION ( 'NONE',  ( 0.000000000000000000, 0.000000000000000000, -1.000000000000000000 ) ) ;
#1299 = DIRECTION ( 'NONE',  ( 0.000000000000000000, 0.000000000000000000, -1.000000000000000000 ) ) ;
#1300 = VECTOR ( 'NONE', #174, 1000.000000000000000 ) ;
#1301 = CARTESIAN_POINT ( 'NONE',  ( -63.42575048715218600, 3.520749111782878860, -7.500000000000000000 ) ) ;
#1302 = ORIENTED_EDGE ( 'NONE', *, *, #1644, .T. ) ;
#1303 = ADVANCED_FACE ( 'NONE', ( #3003 ), #1354, .F. ) ;
#1304 = CARTESIAN_POINT ( 'NONE',  ( -38.61677405742364755, 3.283908312521559569, 13.50000000000000000 ) ) ;
#1305 = EDGE_LOOP ( 'NONE', ( #863, #1198, #3349, #1020 ) ) ;
#1306 = ORIENTED_EDGE ( 'NONE', *, *, #994, .T. ) ;
#1307 = DIRECTION ( 'NONE',  ( -0.6614378277661449035, 0.000000000000000000, 0.7500000000000024425 ) ) ;
#1308 = LINE ( 'NONE', #3629, #99 ) ;
#1309 = EDGE_CURVE ( 'NONE', #2657, #565, #4034, .T. ) ;
#1310 = EDGE_CURVE ( 'NONE', #4035, #1066, #1747, .T. ) ;
#1311 = LINE ( 'NONE', #652, #1209 ) ;
#1312 = ORIENTED_EDGE ( 'NONE', *, *, #1829, .T. ) ;
#1313 = ORIENTED_EDGE ( 'NONE', *, *, #2026, .T. ) ;
#1314 = CARTESIAN_POINT ( 'NONE',  ( 92.99999937415138618, 4.500000000000279776, 1.500000000000000000 ) ) ;
#1315 = AXIS2_PLACEMENT_3D ( 'NONE', #3599, #327, #677 ) ;
#1316 = DIRECTION ( 'NONE',  ( 0.7071067811865393571, 0.7071067811865556774, -8.715763992105146209E-33 ) ) ;
#1317 = EDGE_CURVE ( 'NONE', #565, #3697, #3984, .T. ) ;
#1318 = LINE ( 'NONE', #1340, #519 ) ;
#1319 = CARTESIAN_POINT ( 'NONE',  ( -63.60000000000000142, 5.916457635513519731E-30, 7.518830502887700457E-31 ) ) ;
#1320 = VECTOR ( 'NONE', #3475, 1000.000000000000000 ) ;
#1321 = ORIENTED_EDGE ( 'NONE', *, *, #4288, .F. ) ;
#1322 = DIRECTION ( 'NONE',  ( -0.4657464328342027504, -0.8849182223811506987, 0.000000000000000000 ) ) ;
#1323 = CARTESIAN_POINT ( 'NONE',  ( 72.24403759024619376, 6.000000000000000000, 13.50000000000000000 ) ) ;
#1324 = DIRECTION ( 'NONE',  ( 0.7499999999999964473, 8.807818512079127251E-32, -0.6614378277661517869 ) ) ;
#1325 = ADVANCED_FACE ( 'NONE', ( #82 ), #1437, .T. ) ;
#1326 = ORIENTED_EDGE ( 'NONE', *, *, #4211, .T. ) ;
#1327 = ORIENTED_EDGE ( 'NONE', *, *, #167, .F. ) ;
#1328 = DIRECTION ( 'NONE',  ( 1.000000000000000000, 2.220446049250309876E-16, 0.000000000000000000 ) ) ;
#1329 = ADVANCED_FACE ( 'NONE', ( #4103, #3131 ), #3447, .F. ) ;
#1330 = CARTESIAN_POINT ( 'NONE',  ( 8.179363416962399214, -6.000000000000000000, 13.50000000000000000 ) ) ;
#1331 = DIRECTION ( 'NONE',  ( 0.8712476277449610063, 0.4908437339406279687, 0.000000000000000000 ) ) ;
#1332 = EDGE_CURVE ( 'NONE', #672, #2096, #4160, .T. ) ;
#1333 = FACE_OUTER_BOUND ( 'NONE', #2169, .T. ) ;
#1334 = CARTESIAN_POINT ( 'NONE',  ( 68.99999937415140039, 4.500000000000279776, -7.500000000000000000 ) ) ;
#1335 = EDGE_LOOP ( 'NONE', ( #3841, #2986, #3060 ) ) ;
#1336 = EDGE_LOOP ( 'NONE', ( #3846, #1356, #4162, #901 ) ) ;
#1337 = DIRECTION ( 'NONE',  ( 0.000000000000000000, 2.465190328815659976E-32, -1.000000000000000000 ) ) ;
#1338 = SURFACE_STYLE_FILL_AREA ( #4257 ) ;
#1339 = DIRECTION ( 'NONE',  ( 0.000000000000000000, 0.000000000000000000, -1.000000000000000000 ) ) ;
#1340 = CARTESIAN_POINT ( 'NONE',  ( 9.501052573267859458, -9.000000000000000000, -7.500000000000000000 ) ) ;
#1341 = DIRECTION ( 'NONE',  ( 0.000000000000000000, 2.465190328815659976E-32, -1.000000000000000000 ) ) ;
#1342 = EDGE_CURVE ( 'NONE', #4109, #442, #3511, .T. ) ;
#1343 = ADVANCED_FACE ( 'NONE', ( #3588 ), #2551, .T. ) ;
#1344 = LINE ( 'NONE', #3999, #2694 ) ;
#1345 = CARTESIAN_POINT ( 'NONE',  ( 11.42440779420222086, -7.707918093284160221, 9.900000000000000355 ) ) ;
#1346 = VECTOR ( 'NONE', #1720, 1000.000000000000000 ) ;
#1347 = AXIS2_PLACEMENT_3D ( 'NONE', #1911, #936, #2858 ) ;
#1348 = VECTOR ( 'NONE', #2834, 1000.000000000000000 ) ;
#1349 = DIRECTION ( 'NONE',  ( 7.395570986446990055E-32, -1.000000000000000000, -4.930380657631319405E-32 ) ) ;
#1350 = CARTESIAN_POINT ( 'NONE',  ( -63.60000000000000142, -3.059411708155674869, -7.500000000000000000 ) ) ;
#1351 = VERTEX_POINT ( 'NONE', #2239 ) ;
#1352 = DIRECTION ( 'NONE',  ( -0.8712476277446110640, -0.4908437339412490830, 3.872058346492730535E-47 ) ) ;
#1353 = CARTESIAN_POINT ( 'NONE',  ( 112.5825756949558070, 18.00000000000000000, -6.396152422706641083 ) ) ;
#1354 = PLANE ( 'NONE',  #999 ) ;
#1355 = ORIENTED_EDGE ( 'NONE', *, *, #2842, .F. ) ;
#1356 = ORIENTED_EDGE ( 'NONE', *, *, #2664, .F. ) ;
#1357 = AXIS2_PLACEMENT_3D ( 'NONE', #1190, #2516, #1831 ) ;
#1358 = DIRECTION ( 'NONE',  ( 0.000000000000000000, 2.465190328815659976E-32, -1.000000000000000000 ) ) ;
#1359 = CARTESIAN_POINT ( 'NONE',  ( 102.4439222467643873, -9.000000000000000000, -7.500000000000000000 ) ) ;
#1360 = FACE_OUTER_BOUND ( 'NONE', #4049, .T. ) ;
#1361 = AXIS2_PLACEMENT_3D ( 'NONE', #4301, #3384, #1738 ) ;
#1362 = LINE ( 'NONE', #3321, #2916 ) ;
#1363 = DIRECTION ( 'NONE',  ( 1.000000000000000000, -0.000000000000000000, -0.000000000000000000 ) ) ;
#1364 = ORIENTED_EDGE ( 'NONE', *, *, #435, .T. ) ;
#1365 = CARTESIAN_POINT ( 'NONE',  ( 108.0000000000000000, -18.00000000000000000, 1.350000000000012079 ) ) ;
#1366 = CARTESIAN_POINT ( 'NONE',  ( -13.98069758012417907, 6.000000000000000000, 13.50000000000000000 ) ) ;
#1367 = EDGE_LOOP ( 'NONE', ( #1167, #961, #2304, #3466 ) ) ;
#1368 = VERTEX_POINT ( 'NONE', #599 ) ;
#1369 = DIRECTION ( 'NONE',  ( -0.8849182223811503656, 0.4657464328342031390, 2.633399511845520441E-47 ) ) ;
#1370 = ORIENTED_EDGE ( 'NONE', *, *, #3973, .F. ) ;
#1371 = EDGE_LOOP ( 'NONE', ( #4182, #3359, #1861, #3512 ) ) ;
#1372 = DIRECTION ( 'NONE',  ( -1.027984282060329919E-17, 1.000000000000000000, 0.000000000000000000 ) ) ;
#1373 = DIRECTION ( 'NONE',  ( 0.000000000000000000, -1.000000000000000000, 0.000000000000000000 ) ) ;
#1374 = CIRCLE ( 'NONE', #3819, 6.000000000000002665 ) ;
#1375 = DIRECTION ( 'NONE',  ( 1.000000000000000000, -0.000000000000000000, -0.000000000000000000 ) ) ;
#1376 = VERTEX_POINT ( 'NONE', #4181 ) ;
#1377 = VECTOR ( 'NONE', #2702, 1000.000000000000000 ) ;
#1378 = AXIS2_PLACEMENT_3D ( 'NONE', #2271, #4273, #2622 ) ;
#1379 = DIRECTION ( 'NONE',  ( -3.469446951953610245E-16, 1.000000000000000000, 0.000000000000000000 ) ) ;
#1380 = LINE ( 'NONE', #1056, #2282 ) ;
#1381 = LINE ( 'NONE', #977, #3047 ) ;
#1382 = EDGE_CURVE ( 'NONE', #286, #665, #1564, .T. ) ;
#1383 = DIRECTION ( 'NONE',  ( 0.8137334712070501963, 0.5812381937186550385, 0.000000000000000000 ) ) ;
#1384 = ADVANCED_FACE ( 'NONE', ( #189 ), #3263, .F. ) ;
#1385 = ORIENTED_EDGE ( 'NONE', *, *, #3654, .T. ) ;
#1386 = DIRECTION ( 'NONE',  ( 0.000000000000000000, 0.000000000000000000, -1.000000000000000000 ) ) ;
#1387 = ORIENTED_EDGE ( 'NONE', *, *, #2859, .F. ) ;
#1388 = ORIENTED_EDGE ( 'NONE', *, *, #848, .F. ) ;
#1389 = EDGE_CURVE ( 'NONE', #3421, #2369, #784, .T. ) ;
#1390 = ORIENTED_EDGE ( 'NONE', *, *, #4154, .F. ) ;
#1391 = EDGE_CURVE ( 'NONE', #2384, #165, #1849, .T. ) ;
#1392 = DIRECTION ( 'NONE',  ( 7.395570986446990055E-32, -1.000000000000000000, -4.930380657631319405E-32 ) ) ;
#1393 = EDGE_CURVE ( 'NONE', #2514, #2542, #3330, .T. ) ;
#1394 = CARTESIAN_POINT ( 'NONE',  ( -48.00000000000000000, 9.000000000000000000, -7.500000000000000000 ) ) ;
#1395 = EDGE_CURVE ( 'NONE', #4189, #424, #649, .T. ) ;
#1396 = DIRECTION ( 'NONE',  ( -7.395570986446990055E-32, 1.000000000000000000, 4.930380657631319405E-32 ) ) ;
#1397 = AXIS2_PLACEMENT_3D ( 'NONE', #2993, #3, #1186 ) ;
#1398 = ORIENTED_EDGE ( 'NONE', *, *, #1395, .F. ) ;
#1399 = DIRECTION ( 'NONE',  ( 2.537652632417799951E-15, -1.000000000000000000, -9.376194911476189846E-62 ) ) ;
#1400 = ORIENTED_EDGE ( 'NONE', *, *, #463, .F. ) ;
#1401 = LINE ( 'NONE', #2141, #4099 ) ;
#1402 = LINE ( 'NONE', #3167, #3531 ) ;
#1403 = DIRECTION ( 'NONE',  ( 0.000000000000000000, 1.000000000000000000, 0.000000000000000000 ) ) ;
#1404 = LINE ( 'NONE', #436, #794 ) ;
#1405 = ORIENTED_EDGE ( 'NONE', *, *, #4290, .T. ) ;
#1406 = VECTOR ( 'NONE', #3553, 1000.000000000000000 ) ;
#1407 = ORIENTED_EDGE ( 'NONE', *, *, #2037, .F. ) ;
#1408 = ORIENTED_EDGE ( 'NONE', *, *, #486, .T. ) ;
#1409 = CARTESIAN_POINT ( 'NONE',  ( -43.50000031292434954, -4.500000000000000000, -7.500000000000000000 ) ) ;
#1410 = AXIS2_PLACEMENT_3D ( 'NONE', #2100, #3501, #135 ) ;
#1411 = EDGE_CURVE ( 'NONE', #2460, #3260, #628, .T. ) ;
#1412 = FACE_OUTER_BOUND ( 'NONE', #739, .T. ) ;
#1413 = ORIENTED_EDGE ( 'NONE', *, *, #1864, .T. ) ;
#1414 = ORIENTED_EDGE ( 'NONE', *, *, #1077, .F. ) ;
#1415 = CARTESIAN_POINT ( 'NONE',  ( 55.49999999999369749, 2.783369692558614883, 13.50000000000000000 ) ) ;
#1416 = CARTESIAN_POINT ( 'NONE',  ( 9.900000000000000355, 6.000000000000000000, 13.50000000000000000 ) ) ;
#1417 = PLANE ( 'NONE',  #1498 ) ;
#1418 = PLANE ( 'NONE',  #2500 ) ;
#1419 = DIRECTION ( 'NONE',  ( 7.395570986446990055E-32, -1.000000000000000000, -4.930380657631319405E-32 ) ) ;
#1420 = AXIS2_PLACEMENT_3D ( 'NONE', #796, #417, #1756 ) ;
#1421 = ORIENTED_EDGE ( 'NONE', *, *, #2511, .F. ) ;
#1422 = VERTEX_POINT ( 'NONE', #3942 ) ;
#1423 = ORIENTED_EDGE ( 'NONE', *, *, #3922, .F. ) ;
#1424 = DIRECTION ( 'NONE',  ( -7.395570986446990055E-32, 1.000000000000000000, 4.930380657631318857E-32 ) ) ;
#1425 = VECTOR ( 'NONE', #3565, 1000.000000000000227 ) ;
#1426 = CARTESIAN_POINT ( 'NONE',  ( 5.332575694955830947, -18.00000000000000000, -5.734714594940487409 ) ) ;
#1427 = DIRECTION ( 'NONE',  ( 6.842277657836019882E-47, -1.000000000000000000, 0.000000000000000000 ) ) ;
#1428 = ORIENTED_EDGE ( 'NONE', *, *, #3309, .F. ) ;
#1429 = DIRECTION ( 'NONE',  ( 0.000000000000000000, 0.000000000000000000, 1.000000000000000000 ) ) ;
#1430 = FACE_BOUND ( 'NONE', #1906, .T. ) ;
#1431 = VECTOR ( 'NONE', #735, 1000.000000000000000 ) ;
#1432 = EDGE_CURVE ( 'NONE', #2577, #4053, #1584, .T. ) ;
#1433 = ORIENTED_EDGE ( 'NONE', *, *, #749, .F. ) ;
#1434 = CARTESIAN_POINT ( 'NONE',  ( 108.0000000000000000, 9.000000000000000000, -1.199999999999981970 ) ) ;
#1435 = EDGE_CURVE ( 'NONE', #819, #2145, #227, .T. ) ;
#1436 = CARTESIAN_POINT ( 'NONE',  ( 76.79999999999820659, 3.433260614214745043, 9.900000000000000355 ) ) ;
#1437 = CYLINDRICAL_SURFACE ( 'NONE', #2104, 11.40000000000000036 ) ;
#1438 = ORIENTED_EDGE ( 'NONE', *, *, #3294, .F. ) ;
#1439 = EDGE_CURVE ( 'NONE', #3482, #722, #2898, .T. ) ;
#1440 = CARTESIAN_POINT ( 'NONE',  ( 54.50425689919629235, -29.02192980135659894, 13.50000000000000000 ) ) ;
#1441 = EDGE_CURVE ( 'NONE', #2901, #364, #2586, .T. ) ;
#1442 = SURFACE_STYLE_FILL_AREA ( #3142 ) ;
#1443 = DIRECTION ( 'NONE',  ( -2.537652632417799951E-15, 1.000000000000000000, 0.000000000000000000 ) ) ;
#1444 = CONICAL_SURFACE ( 'NONE', #680, 6.899999999999999467, 0.7853981633974476129 ) ;
#1445 = AXIS2_PLACEMENT_3D ( 'NONE', #3817, #187, #844 ) ;
#1446 = DIRECTION ( 'NONE',  ( -0.8712476277446110640, -0.4908437339412490830, 0.000000000000000000 ) ) ;
#1447 = AXIS2_PLACEMENT_3D ( 'NONE', #2645, #4043, #3035 ) ;
#1448 = PLANE ( 'NONE',  #3934 ) ;
#1449 = VECTOR ( 'NONE', #2770, 1000.000000000000000 ) ;
#1450 = CARTESIAN_POINT ( 'NONE',  ( -35.53589901071100599, 1.035898384862244059, 7.500000000000000000 ) ) ;
#1451 = LINE ( 'NONE', #2783, #2569 ) ;
#1452 = EDGE_CURVE ( 'NONE', #1806, #1548, #3623, .T. ) ;
#1453 = CARTESIAN_POINT ( 'NONE',  ( 98.10000000000000853, 6.000000000000000000, 13.50000000000000000 ) ) ;
#1454 = LINE ( 'NONE', #1479, #689 ) ;
#1455 = DIRECTION ( 'NONE',  ( 0.000000000000000000, 0.000000000000000000, -1.000000000000000000 ) ) ;
#1456 = LINE ( 'NONE', #807, #3957 ) ;
#1457 = EDGE_LOOP ( 'NONE', ( #1106, #2519, #2965, #1918 ) ) ;
#1458 = VECTOR ( 'NONE', #517, 1000.000000000000000 ) ;
#1459 = ORIENTED_EDGE ( 'NONE', *, *, #563, .T. ) ;
#1460 = LINE ( 'NONE', #2181, #2850 ) ;
#1461 = FACE_OUTER_BOUND ( 'NONE', #1336, .T. ) ;
#1462 = CARTESIAN_POINT ( 'NONE',  ( -39.39034879006499779, -6.000000000000000000, 13.50000000000000000 ) ) ;
#1463 = EDGE_CURVE ( 'NONE', #842, #3593, #2256, .T. ) ;
#1464 = LINE ( 'NONE', #116, #3239 ) ;
#1465 = ORIENTED_EDGE ( 'NONE', *, *, #295, .T. ) ;
#1466 = ADVANCED_FACE ( 'NONE', ( #3255 ), #2727, .F. ) ;
#1467 = DIRECTION ( 'NONE',  ( 0.000000000000000000, -1.000000000000000000, 0.000000000000000000 ) ) ;
#1468 = ORIENTED_EDGE ( 'NONE', *, *, #1760, .F. ) ;
#1469 = ORIENTED_EDGE ( 'NONE', *, *, #1881, .T. ) ;
#1470 = VECTOR ( 'NONE', #1352, 999.9999999999998863 ) ;
#1471 = CARTESIAN_POINT ( 'NONE',  ( -37.89034879006499779, -0.9216777071834759694, 9.900000000000000355 ) ) ;
#1472 = DIRECTION ( 'NONE',  ( -1.000000000000000000, -3.469446951953610245E-16, -8.552847072295009052E-48 ) ) ;
#1473 = AXIS2_PLACEMENT_3D ( 'NONE', #216, #3135, #1545 ) ;
#1474 = CARTESIAN_POINT ( 'NONE',  ( 5.332575694955830947, 18.00000000000000000, -5.734714594940487409 ) ) ;
#1475 = CARTESIAN_POINT ( 'NONE',  ( 0.000000000000000000, -2.958228394578792081E-31, 4.500000000000000888 ) ) ;
#1476 = EDGE_CURVE ( 'NONE', #1548, #337, #538, .T. ) ;
#1477 = AXIS2_PLACEMENT_3D ( 'NONE', #3570, #491, #3224 ) ;
#1478 = VERTEX_POINT ( 'NONE', #3362 ) ;
#1479 = CARTESIAN_POINT ( 'NONE',  ( 76.79999999999820659, 3.433260614214745043, 13.50000000000000000 ) ) ;
#1480 = PRESENTATION_STYLE_ASSIGNMENT (( #2091 ) ) ;
#1481 = DIRECTION ( 'NONE',  ( 7.395570986446990055E-32, -1.000000000000000000, -4.930380657631319405E-32 ) ) ;
#1482 = PLANE ( 'NONE',  #84 ) ;
#1483 = FACE_OUTER_BOUND ( 'NONE', #2805, .T. ) ;
#1484 = ORIENTED_EDGE ( 'NONE', *, *, #1270, .T. ) ;
#1485 = EDGE_LOOP ( 'NONE', ( #1139, #3055, #3168, #4067 ) ) ;
#1486 = EDGE_LOOP ( 'NONE', ( #1327, #585, #1825, #1273 ) ) ;
#1487 = CARTESIAN_POINT ( 'NONE',  ( -1.013119022161208633E-16, 8.999999999999998224, 10.20000000000001350 ) ) ;
#1488 = LINE ( 'NONE', #4173, #2216 ) ;
#1489 = VECTOR ( 'NONE', #1775, 1000.000000000000000 ) ;
#1490 = FACE_OUTER_BOUND ( 'NONE', #3261, .T. ) ;
#1491 = FACE_OUTER_BOUND ( 'NONE', #2715, .T. ) ;
#1492 = ORIENTED_EDGE ( 'NONE', *, *, #1759, .F. ) ;
#1493 = PLANE ( 'NONE',  #3039 ) ;
#1494 = CARTESIAN_POINT ( 'NONE',  ( 52.49999999995599609, -3.433260614196565363, 13.50000000000000000 ) ) ;
#1495 = ORIENTED_EDGE ( 'NONE', *, *, #2277, .T. ) ;
#1496 = ORIENTED_EDGE ( 'NONE', *, *, #622, .T. ) ;
#1497 = UNCERTAINTY_MEASURE_WITH_UNIT (LENGTH_MEASURE( 1.000000000000000082E-05 ), #3559, 'distance_accuracy_value', 'NONE');
#1498 = AXIS2_PLACEMENT_3D ( 'NONE', #3469, #2093, #1142 ) ;
#1499 = DIRECTION ( 'NONE',  ( 0.000000000000000000, 0.000000000000000000, -1.000000000000000000 ) ) ;
#1500 = DIRECTION ( 'NONE',  ( 1.000000000000000000, -1.479114197289399982E-31, -1.232595164407829988E-32 ) ) ;
#1501 = DIRECTION ( 'NONE',  ( 2.832769448823990301E-16, 0.000000000000000000, 1.000000000000000000 ) ) ;
#1502 = LINE ( 'NONE', #109, #1449 ) ;
#1503 = ADVANCED_FACE ( 'NONE', ( #4016 ), #3744, .F. ) ;
#1504 = CARTESIAN_POINT ( 'NONE',  ( -48.00000000000000000, -18.00000000000000000, -7.500000000000000000 ) ) ;
#1505 = ORIENTED_EDGE ( 'NONE', *, *, #2291, .T. ) ;
#1506 = VERTEX_POINT ( 'NONE', #1711 ) ;
#1507 = ORIENTED_EDGE ( 'NONE', *, *, #3431, .F. ) ;
#1508 = ORIENTED_EDGE ( 'NONE', *, *, #1759, .T. ) ;
#1509 = DIRECTION ( 'NONE',  ( 0.000000000000000000, -1.000000000000000000, 0.000000000000000000 ) ) ;
#1510 = DIRECTION ( 'NONE',  ( 0.8712476277465551755, -0.4908437339377980657, 0.000000000000000000 ) ) ;
#1511 = CARTESIAN_POINT ( 'NONE',  ( -39.00000062584880567, 4.500000000000000000, 4.500000000000000888 ) ) ;
#1512 = EDGE_LOOP ( 'NONE', ( #2150, #1132, #3792 ) ) ;
#1513 = PLANE ( 'NONE',  #2103 ) ;
#1514 = LINE ( 'NONE', #2189, #1246 ) ;
#1515 = VECTOR ( 'NONE', #925, 1000.000000000000000 ) ;
#1516 = AXIS2_PLACEMENT_3D ( 'NONE', #1169, #2775, #3830 ) ;
#1517 = ORIENTED_EDGE ( 'NONE', *, *, #841, .T. ) ;
#1518 = CYLINDRICAL_SURFACE ( 'NONE', #2743, 8.699999999999999289 ) ;
#1519 = VECTOR ( 'NONE', #304, 1000.000000000000000 ) ;
#1520 = AXIS2_PLACEMENT_3D ( 'NONE', #3951, #1959, #4011 ) ;
#1521 = FACE_BOUND ( 'NONE', #2204, .T. ) ;
#1522 = VECTOR ( 'NONE', #1792, 1000.000000000000227 ) ;
#1523 = DIRECTION ( 'NONE',  ( 1.000000000000000000, 0.000000000000000000, 0.000000000000000000 ) ) ;
#1524 = ADVANCED_FACE ( 'NONE', ( #3385 ), #71, .F. ) ;
#1525 = ORIENTED_EDGE ( 'NONE', *, *, #422, .F. ) ;
#1526 = EDGE_CURVE ( 'NONE', #299, #609, #1380, .T. ) ;
#1527 = EDGE_CURVE ( 'NONE', #1897, #1942, #811, .T. ) ;
#1528 = DIRECTION ( 'NONE',  ( -7.395570986446980202E-32, -1.000000000000000000, 0.000000000000000000 ) ) ;
#1529 = LINE ( 'NONE', #1251, #3147 ) ;
#1530 = LINE ( 'NONE', #1213, #27 ) ;
#1531 = DIRECTION ( 'NONE',  ( 0.000000000000000000, 0.000000000000000000, -1.000000000000000000 ) ) ;
#1532 = DIRECTION ( 'NONE',  ( -0.000000000000000000, 0.000000000000000000, 1.000000000000000000 ) ) ;
#1533 = APPLICATION_PROTOCOL_DEFINITION ( 'draft international standard', 'automotive_design', 1998, #2745 ) ;
#1534 = ORIENTED_EDGE ( 'NONE', *, *, #2434, .T. ) ;
#1535 = DIRECTION ( 'NONE',  ( 0.000000000000000000, 0.000000000000000000, 1.000000000000000000 ) ) ;
#1536 = CARTESIAN_POINT ( 'NONE',  ( -12.90000000000000036, -6.000000000000000000, 13.50000000000000000 ) ) ;
#1537 = ADVANCED_FACE ( 'NONE', ( #2098 ), #94, .F. ) ;
#1538 = DIRECTION ( 'NONE',  ( -2.965339275174028054E-16, -1.000000000000000000, -2.465190328815659976E-32 ) ) ;
#1539 = CARTESIAN_POINT ( 'NONE',  ( 14.45596240978277969, -6.000000000000000000, 13.50000000000000000 ) ) ;
#1540 = ORIENTED_EDGE ( 'NONE', *, *, #3379, .T. ) ;
#1541 = LINE ( 'NONE', #2176, #1690 ) ;
#1542 = ADVANCED_FACE ( 'NONE', ( #1461 ), #832, .T. ) ;
#1543 = LINE ( 'NONE', #3911, #3879 ) ;
#1544 = CARTESIAN_POINT ( 'NONE',  ( 89.53589775901319570, -1.035898384861968058, 7.500000000000000000 ) ) ;
#1545 = DIRECTION ( 'NONE',  ( -0.000000000000000000, 0.000000000000000000, 1.000000000000000000 ) ) ;
#1546 = VECTOR ( 'NONE', #2672, 1000.000000000000000 ) ;
#1547 = VECTOR ( 'NONE', #3840, 1000.000000000000000 ) ;
#1548 = VERTEX_POINT ( 'NONE', #1832 ) ;
#1549 = VERTEX_POINT ( 'NONE', #2843 ) ;
#1550 = CARTESIAN_POINT ( 'NONE',  ( 5.999999999999999112, 18.00000000000000000, -1.199999999999987299 ) ) ;
#1551 = DIRECTION ( 'NONE',  ( 0.000000000000000000, -1.000000000000000000, 0.000000000000000000 ) ) ;
#1552 = PLANE ( 'NONE',  #3401 ) ;
#1553 = DIRECTION ( 'NONE',  ( -2.891205793294664521E-16, -1.000000000000000000, -2.465190328815659976E-32 ) ) ;
#1554 = ORIENTED_EDGE ( 'NONE', *, *, #2620, .F. ) ;
#1555 = DIRECTION ( 'NONE',  ( 0.000000000000000000, -1.000000000000000000, 0.000000000000000000 ) ) ;
#1556 = CARTESIAN_POINT ( 'NONE',  ( -45.00000000000000000, -6.000000000000000000, 9.900000000000000355 ) ) ;
#1557 = ORIENTED_EDGE ( 'NONE', *, *, #2751, .T. ) ;
#1558 = AXIS2_PLACEMENT_3D ( 'NONE', #1992, #2651, #3981 ) ;
#1559 = ORIENTED_EDGE ( 'NONE', *, *, #3069, .T. ) ;
#1560 = EDGE_CURVE ( 'NONE', #2966, #299, #1191, .T. ) ;
#1561 = CARTESIAN_POINT ( 'NONE',  ( 4.570779167104998209, -18.00000000000000000, -5.086898224234698063 ) ) ;
#1562 = ADVANCED_FACE ( 'NONE', ( #2123 ), #1103, .T. ) ;
#1563 = DIRECTION ( 'NONE',  ( 7.395570986446990055E-32, -1.000000000000000000, -4.930380657631319405E-32 ) ) ;
#1564 = LINE ( 'NONE', #2223, #1208 ) ;
#1565 = ORIENTED_EDGE ( 'NONE', *, *, #2853, .F. ) ;
#1566 = CARTESIAN_POINT ( 'NONE',  ( 113.5560777532356127, -18.00000000000000000, -7.500000000000000000 ) ) ;
#1567 = CARTESIAN_POINT ( 'NONE',  ( -15.00000062584870086, 4.500000000000000000, 4.500000000000000888 ) ) ;
#1568 = CYLINDRICAL_SURFACE ( 'NONE', #4196, 8.699999999999999289 ) ;
#1569 = DIRECTION ( 'NONE',  ( 0.000000000000000000, 0.000000000000000000, 1.000000000000000000 ) ) ;
#1570 = EDGE_CURVE ( 'NONE', #455, #148, #3679, .T. ) ;
#1571 = ORIENTED_EDGE ( 'NONE', *, *, #210, .F. ) ;
#1572 = EDGE_CURVE ( 'NONE', #2400, #1853, #199, .T. ) ;
#1573 = EDGE_LOOP ( 'NONE', ( #197, #1274, #3736, #3312 ) ) ;
#1574 = ORIENTED_EDGE ( 'NONE', *, *, #3105, .F. ) ;
#1575 = VERTEX_POINT ( 'NONE', #1577 ) ;
#1576 = PLANE ( 'NONE',  #1151 ) ;
#1577 = CARTESIAN_POINT ( 'NONE',  ( -38.70000062584874456, -3.899999999999999911, 4.500000000000000888 ) ) ;
#1578 = FACE_OUTER_BOUND ( 'NONE', #1811, .T. ) ;
#1579 = DIRECTION ( 'NONE',  ( 1.000000000000000000, 0.000000000000000000, 6.009258394948620348E-16 ) ) ;
#1580 = LINE ( 'NONE', #4239, #3400 ) ;
#1581 = VECTOR ( 'NONE', #224, 1000.000000000000000 ) ;
#1582 = ORIENTED_EDGE ( 'NONE', *, *, #336, .F. ) ;
#1583 = ADVANCED_FACE ( 'NONE', ( #876 ), #2910, .T. ) ;
#1584 = LINE ( 'NONE', #4197, #3398 ) ;
#1585 = DIRECTION ( 'NONE',  ( -7.395570986446990055E-32, 1.000000000000000000, 4.930380657631318857E-32 ) ) ;
#1586 = VERTEX_POINT ( 'NONE', #1278 ) ;
#1587 = DIRECTION ( 'NONE',  ( 6.842277657836019882E-47, -1.000000000000000000, 0.000000000000000000 ) ) ;
#1588 = CARTESIAN_POINT ( 'NONE',  ( -45.00000000000000000, 6.000000000000000000, 9.900000000000000355 ) ) ;
#1589 = ORIENTED_EDGE ( 'NONE', *, *, #2609, .T. ) ;
#1590 = AXIS2_PLACEMENT_3D ( 'NONE', #4150, #1081, #3811 ) ;
#1591 = VECTOR ( 'NONE', #548, 1000.000000000000227 ) ;
#1592 = PLANE ( 'NONE',  #1134 ) ;
#1593 = EDGE_CURVE ( 'NONE', #2109, #1842, #3919, .T. ) ;
#1594 = LINE ( 'NONE', #3311, #4130 ) ;
#1595 = FACE_OUTER_BOUND ( 'NONE', #1765, .T. ) ;
#1596 = ORIENTED_EDGE ( 'NONE', *, *, #1432, .F. ) ;
#1597 = ORIENTED_EDGE ( 'NONE', *, *, #2233, .T. ) ;
#1598 = ORIENTED_EDGE ( 'NONE', *, *, #3065, .F. ) ;
#1599 = CARTESIAN_POINT ( 'NONE',  ( -48.00000000000000000, 9.000000000000000000, 13.50000000000000000 ) ) ;
#1600 = FILL_AREA_STYLE_COLOUR ( '', #2629 ) ;
#1601 = CARTESIAN_POINT ( 'NONE',  ( -30.78069758012999912, -6.000000000000000000, 13.50000000000000000 ) ) ;
#1602 = DIRECTION ( 'NONE',  ( 0.000000000000000000, 0.000000000000000000, -1.000000000000000000 ) ) ;
#1603 = EDGE_LOOP ( 'NONE', ( #385, #1204, #673, #2236 ) ) ;
#1604 = MANIFOLD_SOLID_BREP ( 'Boss-Extrude2[2]', #2956 ) ;
#1605 = LINE ( 'NONE', #2934, #2368 ) ;
#1606 = ADVANCED_FACE ( 'NONE', ( #1029 ), #261, .F. ) ;
#1607 = DIRECTION ( 'NONE',  ( 0.000000000000000000, 0.000000000000000000, -1.000000000000000000 ) ) ;
#1608 = EDGE_LOOP ( 'NONE', ( #3927, #3504, #1173, #2924 ) ) ;
#1609 = VECTOR ( 'NONE', #801, 1000.000000000000000 ) ;
#1610 = VECTOR ( 'NONE', #882, 1000.000000000000000 ) ;
#1611 = MANIFOLD_SOLID_BREP ( 'Boss-Extrude2[1]', #1224 ) ;
#1612 = CARTESIAN_POINT ( 'NONE',  ( 69.29999937415115596, -3.900000000000017231, 4.500000000000000888 ) ) ;
#1613 = DIRECTION ( 'NONE',  ( 0.000000000000000000, -1.000000000000000000, -1.025580099404566107E-14 ) ) ;
#1614 = DIRECTION ( 'NONE',  ( -5.921189464667500234E-15, -1.000000000000000000, -2.465190328815659976E-32 ) ) ;
#1615 = PLANE ( 'NONE',  #3789 ) ;
#1616 = CARTESIAN_POINT ( 'NONE',  ( 117.0000000000000000, 4.259727977354450523, 9.900000000000000355 ) ) ;
#1617 = EDGE_CURVE ( 'NONE', #2466, #488, #87, .T. ) ;
#1618 = EDGE_LOOP ( 'NONE', ( #3383, #2907, #3452 ) ) ;
#1619 = DIRECTION ( 'NONE',  ( -1.000000000000000000, 0.000000000000000000, 0.000000000000000000 ) ) ;
#1620 = DIRECTION ( 'NONE',  ( 1.000000000000000000, -6.109384727934459621E-32, -1.232595164407829988E-32 ) ) ;
#1621 = LINE ( 'NONE', #1646, #3100 ) ;
#1622 = DIRECTION ( 'NONE',  ( -6.842277657836019882E-47, 1.000000000000000000, 0.000000000000000000 ) ) ;
#1623 = VECTOR ( 'NONE', #237, 1000.000000000000000 ) ;
#1624 = VERTEX_POINT ( 'NONE', #366 ) ;
#1625 = VECTOR ( 'NONE', #1754, 1000.000000000000000 ) ;
#1626 = EDGE_CURVE ( 'NONE', #283, #1296, #131, .T. ) ;
#1627 = CARTESIAN_POINT ( 'NONE',  ( -64.79999999999999716, 6.899999999999999467, -8.450062914116727786E-16 ) ) ;
#1628 = LINE ( 'NONE', #2295, #3540 ) ;
#1629 = VERTEX_POINT ( 'NONE', #2862 ) ;
#1630 = ORIENTED_EDGE ( 'NONE', *, *, #2242, .F. ) ;
#1631 = LINE ( 'NONE', #2919, #659 ) ;
#1632 = EDGE_CURVE ( 'NONE', #1272, #3690, #3515, .T. ) ;
#1633 = CARTESIAN_POINT ( 'NONE',  ( 31.20000000001019913, 3.433260614208859973, 13.50000000000000000 ) ) ;
#1634 = AXIS2_PLACEMENT_3D ( 'NONE', #1612, #1538, #2591 ) ;
#1635 = EDGE_CURVE ( 'NONE', #650, #1066, #1248, .T. ) ;
#1636 = FACE_OUTER_BOUND ( 'NONE', #536, .T. ) ;
#1637 = AXIS2_PLACEMENT_3D ( 'NONE', #3127, #141, #1845 ) ;
#1638 = DIRECTION ( 'NONE',  ( 0.000000000000000000, -1.000000000000000000, 0.000000000000000000 ) ) ;
#1639 = CARTESIAN_POINT ( 'NONE',  ( 117.0000000000000000, 4.259727977354450523, 13.50000000000000000 ) ) ;
#1640 = FACE_OUTER_BOUND ( 'NONE', #2180, .T. ) ;
#1641 = ORIENTED_EDGE ( 'NONE', *, *, #1395, .T. ) ;
#1642 = ORIENTED_EDGE ( 'NONE', *, *, #1077, .T. ) ;
#1643 = DIRECTION ( 'NONE',  ( -7.474910929462109256E-62, -1.000000000000000000, 0.000000000000000000 ) ) ;
#1644 = EDGE_CURVE ( 'NONE', #637, #3214, #2322, .T. ) ;
#1645 = CARTESIAN_POINT ( 'NONE',  ( 117.0000000000000000, -6.000000000000000000, 13.50000000000000000 ) ) ;
#1646 = CARTESIAN_POINT ( 'NONE',  ( -38.70000062584874456, 3.899999999999999911, 4.500000000000000888 ) ) ;
#1647 = VECTOR ( 'NONE', #923, 1000.000000000000000 ) ;
#1648 = DIRECTION ( 'NONE',  ( 0.8619342151577699118, 0.5070201265633930143, -4.897486197684698871E-48 ) ) ;
#1649 = EDGE_CURVE ( 'NONE', #1863, #3870, #3885, .T. ) ;
#1650 = VERTEX_POINT ( 'NONE', #1249 ) ;
#1651 = CARTESIAN_POINT ( 'NONE',  ( -9.900000000000000355, 3.515454429980219953, 9.900000000000000355 ) ) ;
#1652 = CARTESIAN_POINT ( 'NONE',  ( 32.69999999999264872, 7.721668963268519370, 9.900000000000000355 ) ) ;
#1653 = CARTESIAN_POINT ( 'NONE',  ( 92.99999937415138618, -4.499999999999724665, 1.500000000000000000 ) ) ;
#1654 = EDGE_CURVE ( 'NONE', #288, #4265, #1543, .T. ) ;
#1655 = FACE_OUTER_BOUND ( 'NONE', #3033, .T. ) ;
#1656 = CARTESIAN_POINT ( 'NONE',  ( -30.78069758012999912, -6.000000000000000000, 9.900000000000000355 ) ) ;
#1657 = ORIENTED_EDGE ( 'NONE', *, *, #3544, .F. ) ;
#1658 = CYLINDRICAL_SURFACE ( 'NONE', #146, 11.40000000000000036 ) ;
#1659 = CARTESIAN_POINT ( 'NONE',  ( 69.29999937415115596, 3.899999999999984368, 4.500000000000000888 ) ) ;
#1660 = ADVANCED_FACE ( 'NONE', ( #1991 ), #514, .F. ) ;
#1661 = PLANE ( 'NONE',  #3633 ) ;
#1662 = AXIS2_PLACEMENT_3D ( 'NONE', #1794, #2823, #449 ) ;
#1663 = EDGE_CURVE ( 'NONE', #2840, #789, #3042, .T. ) ;
#1664 =( GEOMETRIC_REPRESENTATION_CONTEXT ( 3 ) GLOBAL_UNCERTAINTY_ASSIGNED_CONTEXT ( ( #533 ) ) GLOBAL_UNIT_ASSIGNED_CONTEXT ( ( #2308, #3378, #3006 ) ) REPRESENTATION_CONTEXT ( 'NONE', 'WORKASPACE' ) );
#1665 = ORIENTED_EDGE ( 'NONE', *, *, #969, .T. ) ;
#1666 = EDGE_CURVE ( 'NONE', #286, #2513, #56, .T. ) ;
#1667 = LINE ( 'NONE', #388, #2477 ) ;
#1668 = CARTESIAN_POINT ( 'NONE',  ( -36.05965120993499795, 1.457391992899488065, 9.900000000000000355 ) ) ;
#1669 = LINE ( 'NONE', #1359, #191 ) ;
#1670 = PLANE ( 'NONE',  #1361 ) ;
#1671 = DIRECTION ( 'NONE',  ( 0.000000000000000000, 0.000000000000000000, -1.000000000000000000 ) ) ;
#1672 = CARTESIAN_POINT ( 'NONE',  ( 31.20000000001019913, 3.433260614208859973, 13.50000000000000000 ) ) ;
#1673 = EDGE_LOOP ( 'NONE', ( #1574, #1254, #4106, #153 ) ) ;
#1674 = ORIENTED_EDGE ( 'NONE', *, *, #3620, .F. ) ;
#1675 = LINE ( 'NONE', #2999, #434 ) ;
#1676 = ORIENTED_EDGE ( 'NONE', *, *, #1841, .T. ) ;
#1677 = EDGE_CURVE ( 'NONE', #518, #3827, #2055, .T. ) ;
#1678 = VERTEX_POINT ( 'NONE', #693 ) ;
#1679 = FACE_OUTER_BOUND ( 'NONE', #275, .T. ) ;
#1680 = CARTESIAN_POINT ( 'NONE',  ( -3.330669073875470016E-15, -9.000000000000000000, -1.199999999999987965 ) ) ;
#1681 = DIRECTION ( 'NONE',  ( -0.6614378277661517869, -0.000000000000000000, -0.7499999999999963363 ) ) ;
#1682 = ORIENTED_EDGE ( 'NONE', *, *, #2959, .F. ) ;
#1683 = EDGE_LOOP ( 'NONE', ( #3621, #4270, #2278, #3460 ) ) ;
#1684 = VERTEX_POINT ( 'NONE', #1639 ) ;
#1685 = PLANE ( 'NONE',  #1159 ) ;
#1686 = CARTESIAN_POINT ( 'NONE',  ( -13.98069758012417907, 6.000000000000000000, 13.50000000000000000 ) ) ;
#1687 = DIRECTION ( 'NONE',  ( 1.000000000000000000, -7.395570986446985676E-32, -1.232595164407830946E-32 ) ) ;
#1688 = PLANE ( 'NONE',  #1315 ) ;
#1689 = DIRECTION ( 'NONE',  ( 0.7071067811865480168, -0.7071067811865470176, -2.614729197631571095E-32 ) ) ;
#1690 = VECTOR ( 'NONE', #4226, 1000.000000000000000 ) ;
#1691 = DIRECTION ( 'NONE',  ( 0.000000000000000000, 0.000000000000000000, -1.000000000000000000 ) ) ;
#1692 = DIRECTION ( 'NONE',  ( -1.000000000000000000, 0.000000000000000000, 0.000000000000000000 ) ) ;
#1693 = CARTESIAN_POINT ( 'NONE',  ( 98.10000000000000853, 7.500000000000000000, 9.900000000000000355 ) ) ;
#1694 = AXIS2_PLACEMENT_3D ( 'NONE', #423, #2041, #61 ) ;
#1695 = CARTESIAN_POINT ( 'NONE',  ( 1.811825037214955136, 21.68011974816234755, 13.50000000000000000 ) ) ;
#1696 = LINE ( 'NONE', #3328, #4271 ) ;
#1697 = ORIENTED_EDGE ( 'NONE', *, *, #67, .F. ) ;
#1698 = EDGE_CURVE ( 'NONE', #3052, #4199, #60, .T. ) ;
#1699 = ORIENTED_EDGE ( 'NONE', *, *, #2159, .T. ) ;
#1700 = FACE_OUTER_BOUND ( 'NONE', #4036, .T. ) ;
#1701 = DIRECTION ( 'NONE',  ( 0.4908437339377981212, 0.8712476277465552865, 0.000000000000000000 ) ) ;
#1702 = ORIENTED_EDGE ( 'NONE', *, *, #1435, .F. ) ;
#1703 = DIRECTION ( 'NONE',  ( -1.000000000000000000, -3.038581678643130202E-64, 1.232595164407829988E-32 ) ) ;
#1704 = ADVANCED_FACE ( 'NONE', ( #1333 ), #3351, .F. ) ;
#1705 = VECTOR ( 'NONE', #4214, 1000.000000000000000 ) ;
#1706 = DIRECTION ( 'NONE',  ( 1.000000000000000000, 0.000000000000000000, 0.000000000000000000 ) ) ;
#1707 = ADVANCED_FACE ( 'NONE', ( #2696 ), #985, .T. ) ;
#1708 = CARTESIAN_POINT ( 'NONE',  ( -15.00000062584870086, 1.035898384862249832, 7.500000000000000000 ) ) ;
#1709 = ORIENTED_EDGE ( 'NONE', *, *, #1663, .F. ) ;
#1710 = ORIENTED_EDGE ( 'NONE', *, *, #465, .T. ) ;
#1711 = CARTESIAN_POINT ( 'NONE',  ( -45.00000000000000000, -6.000000000000000000, 9.900000000000000355 ) ) ;
#1712 = CIRCLE ( 'NONE', #2050, 6.000000000000002665 ) ;
#1713 = VECTOR ( 'NONE', #3410, 1000.000000000000000 ) ;
#1714 = CARTESIAN_POINT ( 'NONE',  ( 108.0000000000000000, -8.999999999999998224, 10.20000000000001883 ) ) ;
#1715 = VECTOR ( 'NONE', #3376, 1000.000000000000000 ) ;
#1716 = EDGE_CURVE ( 'NONE', #3700, #150, #692, .T. ) ;
#1717 = LINE ( 'NONE', #2382, #3435 ) ;
#1718 = ORIENTED_EDGE ( 'NONE', *, *, #208, .T. ) ;
#1719 = VERTEX_POINT ( 'NONE', #3706 ) ;
#1720 = DIRECTION ( 'NONE',  ( 1.000000000000000000, 0.000000000000000000, 0.000000000000000000 ) ) ;
#1721 = ADVANCED_FACE ( 'NONE', ( #3634 ), #2963, .F. ) ;
#1722 = ADVANCED_FACE ( 'NONE', ( #4056 ), #3049, .T. ) ;
#1723 = CARTESIAN_POINT ( 'NONE',  ( 93.54403759036320309, -6.000000000000000000, 13.50000000000000000 ) ) ;
#1724 = EDGE_LOOP ( 'NONE', ( #632, #3489, #63, #4281 ) ) ;
#1725 = VERTEX_POINT ( 'NONE', #1007 ) ;
#1726 = ORIENTED_EDGE ( 'NONE', *, *, #241, .T. ) ;
#1727 = VECTOR ( 'NONE', #503, 1000.000000000000000 ) ;
#1728 = LINE ( 'NONE', #297, #1470 ) ;
#1729 = FACE_OUTER_BOUND ( 'NONE', #1133, .T. ) ;
#1730 = EDGE_LOOP ( 'NONE', ( #1385, #1241, #3554, #3719 ) ) ;
#1731 = DIRECTION ( 'NONE',  ( -0.000000000000000000, 0.000000000000000000, 1.000000000000000000 ) ) ;
#1732 = MECHANICAL_DESIGN_GEOMETRIC_PRESENTATION_REPRESENTATION (  '', ( #2215 ), #1034 ) ;
#1733 = DIRECTION ( 'NONE',  ( 1.000000000000000000, -5.921189464667500234E-15, 0.000000000000000000 ) ) ;
#1734 = VERTEX_POINT ( 'NONE', #404 ) ;
#1735 = VECTOR ( 'NONE', #3231, 1000.000000000000000 ) ;
#1736 = ORIENTED_EDGE ( 'NONE', *, *, #736, .F. ) ;
#1737 = VECTOR ( 'NONE', #656, 1000.000000000000000 ) ;
#1738 = DIRECTION ( 'NONE',  ( 1.000000000000000000, 1.027984282060329919E-17, 0.000000000000000000 ) ) ;
#1739 = DIRECTION ( 'NONE',  ( -7.395570986446990055E-32, 1.000000000000000000, 4.930380657631319405E-32 ) ) ;
#1740 = CARTESIAN_POINT ( 'NONE',  ( -8.179363416975899526, 6.000000000000000000, 13.50000000000000000 ) ) ;
#1741 = DIRECTION ( 'NONE',  ( 1.000000000000000000, -7.395570986446985676E-32, -1.232595164407830946E-32 ) ) ;
#1742 = ADVANCED_FACE ( 'NONE', ( #2124 ), #771, .F. ) ;
#1743 = FACE_BOUND ( 'NONE', #3730, .T. ) ;
#1744 = CARTESIAN_POINT ( 'NONE',  ( 57.05596240978479727, -6.000000000000000000, 13.50000000000000000 ) ) ;
#1745 = CARTESIAN_POINT ( 'NONE',  ( -63.60000000000000142, -8.099999999999967670, 9.919639073093529646E-16 ) ) ;
#1746 = CARTESIAN_POINT ( 'NONE',  ( -39.00000062584880567, -4.500000000000000000, 1.500000000000000000 ) ) ;
#1747 = LINE ( 'NONE', #1805, #1547 ) ;
#1748 = LINE ( 'NONE', #1415, #2943 ) ;
#1749 = CARTESIAN_POINT ( 'NONE',  ( 34.20000000001010676, -6.000000000000000000, 9.900000000000000355 ) ) ;
#1750 = DIRECTION ( 'NONE',  ( 1.000000000000000000, 1.027984282060329919E-17, 0.000000000000000000 ) ) ;
#1751 = VERTEX_POINT ( 'NONE', #3248 ) ;
#1752 = EDGE_CURVE ( 'NONE', #982, #178, #635, .T. ) ;
#1753 = CARTESIAN_POINT ( 'NONE',  ( -45.00000000000000000, 1.500000000000000000, 13.50000000000000000 ) ) ;
#1754 = DIRECTION ( 'NONE',  ( 1.000000000000000000, -4.336808689941997028E-16, 0.000000000000000000 ) ) ;
#1755 = EDGE_CURVE ( 'NONE', #947, #270, #4219, .T. ) ;
#1756 = DIRECTION ( 'NONE',  ( 1.000000000000000000, 0.000000000000000000, 0.000000000000000000 ) ) ;
#1757 = AXIS2_PLACEMENT_3D ( 'NONE', #1365, #1349, #2689 ) ;
#1758 = AXIS2_PLACEMENT_3D ( 'NONE', #3287, #254, #3592 ) ;
#1759 = EDGE_CURVE ( 'NONE', #1054, #2268, #1945, .T. ) ;
#1760 = EDGE_CURVE ( 'NONE', #1790, #1873, #4259, .T. ) ;
#1761 = ORIENTED_EDGE ( 'NONE', *, *, #2240, .T. ) ;
#1762 = DIRECTION ( 'NONE',  ( 0.8712476277450330597, -0.4908437339404999600, -3.237267228903779819E-47 ) ) ;
#1763 = CIRCLE ( 'NONE', #429, 1.000000000000000000 ) ;
#1764 = CARTESIAN_POINT ( 'NONE',  ( -3.330669073875470016E-15, 18.00000000000000000, -1.199999999999987965 ) ) ;
#1765 = EDGE_LOOP ( 'NONE', ( #1674, #1047, #2107, #3814 ) ) ;
#1766 = EDGE_CURVE ( 'NONE', #283, #2966, #1621, .T. ) ;
#1767 = ORIENTED_EDGE ( 'NONE', *, *, #525, .F. ) ;
#1768 = DIRECTION ( 'NONE',  ( 7.395570986446990055E-32, -1.000000000000000000, -4.930380657631319405E-32 ) ) ;
#1769 = CARTESIAN_POINT ( 'NONE',  ( -12.90000000000000036, -6.000000000000000000, 9.900000000000000355 ) ) ;
#1770 = AXIS2_PLACEMENT_3D ( 'NONE', #1536, #860, #1607 ) ;
#1771 = VERTEX_POINT ( 'NONE', #280 ) ;
#1772 = LINE ( 'NONE', #179, #1320 ) ;
#1773 = DIRECTION ( 'NONE',  ( -0.4908437339420581025, -0.8712476277441552064, 0.000000000000000000 ) ) ;
#1774 = EDGE_CURVE ( 'NONE', #2786, #2577, #4274, .T. ) ;
#1775 = DIRECTION ( 'NONE',  ( 0.000000000000000000, 0.000000000000000000, -1.000000000000000000 ) ) ;
#1776 = ADVANCED_FACE ( 'NONE', ( #3542 ), #2991, .F. ) ;
#1777 = VECTOR ( 'NONE', #1061, 1000.000000000000000 ) ;
#1778 = ORIENTED_EDGE ( 'NONE', *, *, #804, .F. ) ;
#1779 = LINE ( 'NONE', #843, #1976 ) ;
#1780 = CARTESIAN_POINT ( 'NONE',  ( -48.00000000000000000, -9.000000000000000000, -7.500000000000000000 ) ) ;
#1781 = CYLINDRICAL_SURFACE ( 'NONE', #3430, 6.000000000000002665 ) ;
#1782 = DIRECTION ( 'NONE',  ( -4.102085266168244934E-63, -1.000000000000000000, -1.110223024625159992E-16 ) ) ;
#1783 = ORIENTED_EDGE ( 'NONE', *, *, #154, .T. ) ;
#1784 = EDGE_LOOP ( 'NONE', ( #10, #266, #3626, #85 ) ) ;
#1785 = DIRECTION ( 'NONE',  ( 1.000000000000000000, -7.395570986446985676E-32, -1.232595164407830946E-32 ) ) ;
#1786 = EDGE_CURVE ( 'NONE', #3685, #3335, #4064, .T. ) ;
#1787 = CARTESIAN_POINT ( 'NONE',  ( -39.00000062584880567, -4.500000000000000000, 4.500000000000000888 ) ) ;
#1788 = CARTESIAN_POINT ( 'NONE',  ( 117.0000000000000000, -6.000000000000000000, 13.50000000000000000 ) ) ;
#1789 = ORIENTED_EDGE ( 'NONE', *, *, #1463, .F. ) ;
#1790 = VERTEX_POINT ( 'NONE', #46 ) ;
#1791 = ORIENTED_EDGE ( 'NONE', *, *, #1476, .T. ) ;
#1792 = DIRECTION ( 'NONE',  ( -0.8137334712070509735, -0.5812381937186539282, 3.029993329095009146E-47 ) ) ;
#1793 = CARTESIAN_POINT ( 'NONE',  ( 113.3325756949558070, -18.00000000000000000, -5.734714594940502508 ) ) ;
#1794 = CARTESIAN_POINT ( 'NONE',  ( 31.20000000001014939, -6.000000000000000000, 13.50000000000000000 ) ) ;
#1795 = LINE ( 'NONE', #3122, #2270 ) ;
#1796 = PRESENTATION_LAYER_ASSIGNMENT (  '', '', ( #2215 ) ) ;
#1797 = CIRCLE ( 'NONE', #1179, 8.699999999999999289 ) ;
#1798 = ORIENTED_EDGE ( 'NONE', *, *, #2476, .F. ) ;
#1799 = LINE ( 'NONE', #3124, #2486 ) ;
#1800 = AXIS2_PLACEMENT_3D ( 'NONE', #1001, #3865, #897 ) ;
#1801 = CARTESIAN_POINT ( 'NONE',  ( 21.27201879509740223, 1.283369692896870085, 9.900000000000000355 ) ) ;
#1802 = LINE ( 'NONE', #2781, #2188 ) ;
#1803 = PLANE ( 'NONE',  #2917 ) ;
#1804 = LINE ( 'NONE', #3510, #1348 ) ;
#1805 = CARTESIAN_POINT ( 'NONE',  ( -6.000000000000006217, -18.00000000000000000, -1.199999999999987965 ) ) ;
#1806 = VERTEX_POINT ( 'NONE', #326 ) ;
#1807 = SURFACE_STYLE_FILL_AREA ( #2789 ) ;
#1808 = FACE_OUTER_BOUND ( 'NONE', #3108, .T. ) ;
#1809 = ORIENTED_EDGE ( 'NONE', *, *, #1654, .T. ) ;
#1810 = CIRCLE ( 'NONE', #2713, 11.40000000000000746 ) ;
#1811 = EDGE_LOOP ( 'NONE', ( #1388, #1059, #3723 ) ) ;
#1812 = DIRECTION ( 'NONE',  ( 1.000000000000000000, 0.000000000000000000, 0.000000000000000000 ) ) ;
#1813 = DIRECTION ( 'NONE',  ( 7.395570986446990055E-32, -1.000000000000000000, -4.930380657631319405E-32 ) ) ;
#1814 = VERTEX_POINT ( 'NONE', #2397 ) ;
#1815 = DIRECTION ( 'NONE',  ( -3.004629197474319542E-17, 0.8660254037844387076, 0.4999999999999998890 ) ) ;
#1816 = VERTEX_POINT ( 'NONE', #2722 ) ;
#1817 = ORIENTED_EDGE ( 'NONE', *, *, #4086, .F. ) ;
#1818 = AXIS2_PLACEMENT_3D ( 'NONE', #513, #1850, #37 ) ;
#1819 = CARTESIAN_POINT ( 'NONE',  ( -45.00000000000000000, -6.000000000000000000, 13.50000000000000000 ) ) ;
#1820 = DIRECTION ( 'NONE',  ( 0.4472135954999581497, 0.4472135954999581497, 0.7745966692414831822 ) ) ;
#1821 = VECTOR ( 'NONE', #1369, 1000.000000000000114 ) ;
#1822 = LINE ( 'NONE', #559, #851 ) ;
#1823 = ORIENTED_EDGE ( 'NONE', *, *, #1076, .F. ) ;
#1824 = VECTOR ( 'NONE', #891, 1000.000000000000000 ) ;
#1825 = ORIENTED_EDGE ( 'NONE', *, *, #2940, .T. ) ;
#1826 = CARTESIAN_POINT ( 'NONE',  ( 31.20000000001019913, 6.216630307104359154, 13.50000000000000000 ) ) ;
#1827 = DIRECTION ( 'NONE',  ( 0.000000000000000000, 1.000000000000000000, 0.000000000000000000 ) ) ;
#1828 = ORIENTED_EDGE ( 'NONE', *, *, #563, .F. ) ;
#1829 = EDGE_CURVE ( 'NONE', #2187, #1806, #32, .T. ) ;
#1830 = ORIENTED_EDGE ( 'NONE', *, *, #2408, .F. ) ;
#1831 = DIRECTION ( 'NONE',  ( -1.000000000000000000, 0.000000000000000000, 0.000000000000000000 ) ) ;
#1832 = CARTESIAN_POINT ( 'NONE',  ( -48.00000000000000000, -4.409081537009718943, -7.500000000000000000 ) ) ;
#1833 = CARTESIAN_POINT ( 'NONE',  ( 4.582575694955828283, 18.00000000000000000, -6.396152422706633089 ) ) ;
#1834 = AXIS2_PLACEMENT_3D ( 'NONE', #3218, #2573, #1910 ) ;
#1835 = LINE ( 'NONE', #4216, #2065 ) ;
#1836 = DIRECTION ( 'NONE',  ( 0.000000000000000000, 0.000000000000000000, 1.000000000000000000 ) ) ;
#1837 = ORIENTED_EDGE ( 'NONE', *, *, #853, .T. ) ;
#1838 = CIRCLE ( 'NONE', #1080, 11.40000000000000746 ) ;
#1839 = EDGE_CURVE ( 'NONE', #2095, #826, #1071, .T. ) ;
#1840 = CARTESIAN_POINT ( 'NONE',  ( 14.45596240978277969, -6.000000000000000000, 13.50000000000000000 ) ) ;
#1841 = EDGE_CURVE ( 'NONE', #2456, #2840, #1318, .T. ) ;
#1842 = VERTEX_POINT ( 'NONE', #2642 ) ;
#1843 = ADVANCED_FACE ( 'NONE', ( #3644 ), #1417, .F. ) ;
#1844 = EDGE_CURVE ( 'NONE', #1019, #1629, #2463, .T. ) ;
#1845 = DIRECTION ( 'NONE',  ( 1.000000000000000000, 0.000000000000000000, 0.000000000000000000 ) ) ;
#1846 = VECTOR ( 'NONE', #3988, 1000.000000000000000 ) ;
#1847 = FACE_OUTER_BOUND ( 'NONE', #3979, .T. ) ;
#1848 = DIRECTION ( 'NONE',  ( 7.395570986446990055E-32, -1.000000000000000000, -4.930380657631319405E-32 ) ) ;
#1849 = LINE ( 'NONE', #4286, #2311 ) ;
#1850 = DIRECTION ( 'NONE',  ( -7.395570986446990055E-32, 1.000000000000000000, 4.930380657631318857E-32 ) ) ;
#1851 = LINE ( 'NONE', #2512, #3926 ) ;
#1852 = ORIENTED_EDGE ( 'NONE', *, *, #410, .T. ) ;
#1853 = VERTEX_POINT ( 'NONE', #2177 ) ;
#1854 = LINE ( 'NONE', #2205, #1705 ) ;
#1855 = CARTESIAN_POINT ( 'NONE',  ( 28.24358230251430157, 30.78898889426855234, 13.50000000000000000 ) ) ;
#1856 = PLANE ( 'NONE',  #2568 ) ;
#1857 = EDGE_CURVE ( 'NONE', #1751, #145, #1098, .T. ) ;
#1858 = ORIENTED_EDGE ( 'NONE', *, *, #4080, .T. ) ;
#1859 = CARTESIAN_POINT ( 'NONE',  ( -26.70000000002195151, 2.957391992887190124, 13.50000000000000000 ) ) ;
#1860 = VECTOR ( 'NONE', #4245, 1000.000000000000000 ) ;
#1861 = ORIENTED_EDGE ( 'NONE', *, *, #2794, .T. ) ;
#1862 = STYLED_ITEM ( 'NONE', ( #1480 ), #1611 ) ;
#1863 = VERTEX_POINT ( 'NONE', #111 ) ;
#1864 = EDGE_CURVE ( 'NONE', #2948, #1203, #4282, .T. ) ;
#1865 = DIRECTION ( 'NONE',  ( 0.000000000000000000, -1.000000000000000000, 0.000000000000000000 ) ) ;
#1866 = VECTOR ( 'NONE', #834, 1000.000000000000000 ) ;
#1867 = LINE ( 'NONE', #598, #655 ) ;
#1868 = CARTESIAN_POINT ( 'NONE',  ( -19.91031829151879862, -6.000000000000000000, 13.50000000000000000 ) ) ;
#1869 = CARTESIAN_POINT ( 'NONE',  ( -3.330669073875467255E-15, -18.00000000000000000, -1.199999999999987965 ) ) ;
#1870 = CARTESIAN_POINT ( 'NONE',  ( 98.49894742673220094, -9.000000000000000000, -7.500000000000000000 ) ) ;
#1871 = LINE ( 'NONE', #1504, #493 ) ;
#1872 = DIRECTION ( 'NONE',  ( -1.000000000000000000, 0.000000000000000000, 0.000000000000000000 ) ) ;
#1873 = VERTEX_POINT ( 'NONE', #2790 ) ;
#1874 = ORIENTED_EDGE ( 'NONE', *, *, #3319, .F. ) ;
#1875 = ORIENTED_EDGE ( 'NONE', *, *, #3305, .F. ) ;
#1876 = CARTESIAN_POINT ( 'NONE',  ( 68.99999937415108775, 4.499999999999984013, -7.500000000000000000 ) ) ;
#1877 = CARTESIAN_POINT ( 'NONE',  ( -48.00000000000000000, 9.000000000000000000, 13.50000000000000000 ) ) ;
#1878 = LINE ( 'NONE', #3832, #330 ) ;
#1879 = EDGE_CURVE ( 'NONE', #2436, #103, #1712, .T. ) ;
#1880 = CARTESIAN_POINT ( 'NONE',  ( 108.0000000000000000, -9.000000000000000000, 10.20000000000001883 ) ) ;
#1881 = EDGE_CURVE ( 'NONE', #424, #1019, #3822, .T. ) ;
#1882 = LINE ( 'NONE', #1263, #122 ) ;
#1883 = EDGE_LOOP ( 'NONE', ( #4170, #3005, #1789 ) ) ;
#1884 = FACE_OUTER_BOUND ( 'NONE', #2868, .T. ) ;
#1885 = EDGE_CURVE ( 'NONE', #2542, #1506, #2243, .T. ) ;
#1886 = DIRECTION ( 'NONE',  ( 0.000000000000000000, -1.000000000000000000, 0.000000000000000000 ) ) ;
#1887 = FACE_OUTER_BOUND ( 'NONE', #2393, .T. ) ;
#1888 = EDGE_LOOP ( 'NONE', ( #830, #1665, #3308, #2779 ) ) ;
#1889 = DIRECTION ( 'NONE',  ( -1.000000000000000000, 0.000000000000000000, 0.000000000000000000 ) ) ;
#1890 = CARTESIAN_POINT ( 'NONE',  ( 76.79999999999820659, 4.499999980061569538, 9.900000000000000355 ) ) ;
#1891 = PLANE ( 'NONE',  #1477 ) ;
#1892 = FACE_OUTER_BOUND ( 'NONE', #3940, .T. ) ;
#1893 = CIRCLE ( 'NONE', #225, 6.000000000000002665 ) ;
#1894 = ADVANCED_FACE ( 'NONE', ( #539 ), #3886, .F. ) ;
#1895 = VECTOR ( 'NONE', #1872, 1000.000000000000000 ) ;
#1896 = AXIS2_PLACEMENT_3D ( 'NONE', #2508, #233, #868 ) ;
#1897 = VERTEX_POINT ( 'NONE', #1915 ) ;
#1898 = FACE_OUTER_BOUND ( 'NONE', #4021, .T. ) ;
#1899 = LINE ( 'NONE', #2496, #2548 ) ;
#1900 = DIRECTION ( 'NONE',  ( 0.000000000000000000, 0.000000000000000000, -1.000000000000000000 ) ) ;
#1901 =( NAMED_UNIT ( * ) SI_UNIT ( $, .STERADIAN. ) SOLID_ANGLE_UNIT ( ) );
#1902 = VERTEX_POINT ( 'NONE', #1544 ) ;
#1903 = LINE ( 'NONE', #2292, #4046 ) ;
#1904 = CARTESIAN_POINT ( 'NONE',  ( 69.29999937415115596, -3.900000000000017231, -7.500000000000000000 ) ) ;
#1905 = ORIENTED_EDGE ( 'NONE', *, *, #3481, .T. ) ;
#1906 = EDGE_LOOP ( 'NONE', ( #256, #391, #1783 ) ) ;
#1907 = EDGE_CURVE ( 'NONE', #596, #3236, #4208, .T. ) ;
#1908 = PLANE ( 'NONE',  #3303 ) ;
#1909 = AXIS2_PLACEMENT_3D ( 'NONE', #2560, #198, #1922 ) ;
#1910 = DIRECTION ( 'NONE',  ( 1.000000000000000000, 1.027984282060329919E-17, 0.000000000000000000 ) ) ;
#1911 = CARTESIAN_POINT ( 'NONE',  ( -3.330669073875470016E-15, -9.000000000000000000, -1.199999999999987965 ) ) ;
#1912 = CARTESIAN_POINT ( 'NONE',  ( -39.00000062584880567, -2.250000000000000000, -7.500000000000000000 ) ) ;
#1913 = AXIS2_PLACEMENT_3D ( 'NONE', #2892, #2231, #615 ) ;
#1914 = VECTOR ( 'NONE', #1691, 1000.000000000000000 ) ;
#1915 = CARTESIAN_POINT ( 'NONE',  ( -8.179363416975899526, 6.000000000000000000, 13.50000000000000000 ) ) ;
#1916 = CARTESIAN_POINT ( 'NONE',  ( 98.49894742673220094, -18.00000000000000000, -7.500000000000000000 ) ) ;
#1917 = EDGE_LOOP ( 'NONE', ( #798, #1993, #1709, #1226, #705, #1119, #584, #1492, #2130, #728 ) ) ;
#1918 = ORIENTED_EDGE ( 'NONE', *, *, #3204, .T. ) ;
#1919 = EDGE_LOOP ( 'NONE', ( #2359, #492, #3161, #1736, #2288, #2358, #4157, #2709 ) ) ;
#1920 = ORIENTED_EDGE ( 'NONE', *, *, #933, .F. ) ;
#1921 = ADVANCED_FACE ( 'NONE', ( #2578 ), #3179, .F. ) ;
#1922 = DIRECTION ( 'NONE',  ( -0.8712476277444827222, 0.4908437339414767897, 0.000000000000000000 ) ) ;
#1923 = DIRECTION ( 'NONE',  ( 1.000000000000000000, -7.395570986446980202E-32, -1.232595164407829988E-32 ) ) ;
#1924 = CARTESIAN_POINT ( 'NONE',  ( -12.90000000000000036, 3.085216014213819857, 13.50000000000000000 ) ) ;
#1925 = DIRECTION ( 'NONE',  ( 0.8619342151577699118, 0.5070201265633930143, 0.000000000000000000 ) ) ;
#1926 = DIRECTION ( 'NONE',  ( 0.7071067811865480168, 0.7071067811865470176, -8.659560562354926695E-17 ) ) ;
#1927 = CARTESIAN_POINT ( 'NONE',  ( 92.69999937415116165, -3.900000000000023892, -7.500000000000000000 ) ) ;
#1928 = ORIENTED_EDGE ( 'NONE', *, *, #3439, .F. ) ;
#1929 = PLANE ( 'NONE',  #3729 ) ;
#1930 = EDGE_CURVE ( 'NONE', #1842, #2258, #252, .T. ) ;
#1931 = VECTOR ( 'NONE', #2646, 1000.000000000000227 ) ;
#1932 = CARTESIAN_POINT ( 'NONE',  ( 34.20000000001019913, 4.499999894648275323, 9.900000000000000355 ) ) ;
#1933 = AXIS2_PLACEMENT_3D ( 'NONE', #4236, #2206, #1257 ) ;
#1934 = EDGE_LOOP ( 'NONE', ( #2352, #2887, #1184, #3808 ) ) ;
#1935 = AXIS2_PLACEMENT_3D ( 'NONE', #992, #703, #1946 ) ;
#1936 = VECTOR ( 'NONE', #3007, 1000.000000000000000 ) ;
#1937 = DIRECTION ( 'NONE',  ( 0.000000000000000000, 0.000000000000000000, -1.000000000000000000 ) ) ;
#1938 = DIRECTION ( 'NONE',  ( 0.000000000000000000, 2.465190328815659976E-32, -1.000000000000000000 ) ) ;
#1939 = ORIENTED_EDGE ( 'NONE', *, *, #3610, .T. ) ;
#1940 = ORIENTED_EDGE ( 'NONE', *, *, #1261, .F. ) ;
#1941 = ORIENTED_EDGE ( 'NONE', *, *, #1435, .T. ) ;
#1942 = VERTEX_POINT ( 'NONE', #1416 ) ;
#1943 = DIRECTION ( 'NONE',  ( -7.395570986446990055E-32, 1.000000000000000000, 4.930380657631318857E-32 ) ) ;
#1944 = LINE ( 'NONE', #1, #823 ) ;
#1945 = LINE ( 'NONE', #1877, #176 ) ;
#1946 = DIRECTION ( 'NONE',  ( 0.000000000000000000, 0.000000000000000000, -1.000000000000000000 ) ) ;
#1947 = EDGE_CURVE ( 'NONE', #3382, #2109, #2747, .T. ) ;
#1948 = ORIENTED_EDGE ( 'NONE', *, *, #115, .T. ) ;
#1949 = CARTESIAN_POINT ( 'NONE',  ( 108.0000000000000000, 8.999999999999998224, 10.20000000000001883 ) ) ;
#1950 = CARTESIAN_POINT ( 'NONE',  ( 5.556077753235619809, -18.00000000000000000, -7.500000000000000000 ) ) ;
#1951 = VERTEX_POINT ( 'NONE', #1115 ) ;
#1952 = DIRECTION ( 'NONE',  ( -1.000000000000000000, 1.155560335373305821E-33, 0.000000000000000000 ) ) ;
#1953 = EDGE_CURVE ( 'NONE', #172, #2466, #2161, .T. ) ;
#1954 = CARTESIAN_POINT ( 'NONE',  ( 69.29999937415115596, -3.900000000000017231, 4.500000000000000888 ) ) ;
#1955 = ADVANCED_FACE ( 'NONE', ( #524 ), #3831, .F. ) ;
#1956 = DIRECTION ( 'NONE',  ( -1.000000000000000000, -6.842277657836019882E-47, 0.000000000000000000 ) ) ;
#1957 = ORIENTED_EDGE ( 'NONE', *, *, #28, .T. ) ;
#1958 = DIRECTION ( 'NONE',  ( -7.395570986446990055E-32, 1.000000000000000000, 4.930380657631319405E-32 ) ) ;
#1959 = DIRECTION ( 'NONE',  ( -1.000000000000000000, 7.395570986446980202E-32, 1.232595164407829988E-32 ) ) ;
#1960 = VECTOR ( 'NONE', #829, 1000.000000000000000 ) ;
#1961 = EDGE_CURVE ( 'NONE', #2456, #3551, #473, .T. ) ;
#1962 = FACE_OUTER_BOUND ( 'NONE', #2836, .T. ) ;
#1963 = AXIS2_PLACEMENT_3D ( 'NONE', #2741, #1701, #3050 ) ;
#1964 = ORIENTED_EDGE ( 'NONE', *, *, #4045, .T. ) ;
#1965 = CIRCLE ( 'NONE', #3083, 0.9999999999999870104 ) ;
#1966 = CARTESIAN_POINT ( 'NONE',  ( 9.501052573267859458, 9.000000000000000000, -7.500000000000000000 ) ) ;
#1967 = LINE ( 'NONE', #1740, #1003 ) ;
#1968 = VERTEX_POINT ( 'NONE', #1833 ) ;
#1969 = EDGE_CURVE ( 'NONE', #2908, #1771, #3896, .T. ) ;
#1970 = EDGE_CURVE ( 'NONE', #2436, #1734, #1899, .T. ) ;
#1971 = PLANE ( 'NONE',  #3513 ) ;
#1972 = VECTOR ( 'NONE', #910, 1000.000000000000000 ) ;
#1973 = EDGE_CURVE ( 'NONE', #2854, #3138, #4191, .T. ) ;
#1974 = ORIENTED_EDGE ( 'NONE', *, *, #3065, .T. ) ;
#1975 = LINE ( 'NONE', #3332, #4262 ) ;
#1976 = VECTOR ( 'NONE', #457, 1000.000000000000000 ) ;
#1977 = DIRECTION ( 'NONE',  ( -1.000000000000000000, -3.469446951953609258E-17, -8.552847072295018471E-49 ) ) ;
#1978 = ORIENTED_EDGE ( 'NONE', *, *, #1391, .T. ) ;
#1979 = ORIENTED_EDGE ( 'NONE', *, *, #4077, .F. ) ;
#1980 = CARTESIAN_POINT ( 'NONE',  ( -62.99999999999998579, 4.409081537009719831, -7.500000000000000000 ) ) ;
#1981 = CARTESIAN_POINT ( 'NONE',  ( -63.60000000000000142, -8.699999999999999289, 1.065442715258197840E-15 ) ) ;
#1982 = VECTOR ( 'NONE', #1455, 1000.000000000000000 ) ;
#1983 = DIRECTION ( 'NONE',  ( 1.000000000000000000, 6.842277657836019882E-47, 0.000000000000000000 ) ) ;
#1984 = ORIENTED_EDGE ( 'NONE', *, *, #465, .F. ) ;
#1985 = FACE_OUTER_BOUND ( 'NONE', #1883, .T. ) ;
#1986 = LINE ( 'NONE', #2955, #2422 ) ;
#1988 = EDGE_CURVE ( 'NONE', #2502, #2378, #1215, .T. ) ;
#1987 = FACE_OUTER_BOUND ( 'NONE', #2089, .T. ) ;
#1989 = EDGE_LOOP ( 'NONE', ( #4210, #4079, #4249, #73 ) ) ;
#1990 = ORIENTED_EDGE ( 'NONE', *, *, #2087, .F. ) ;
#1991 = FACE_OUTER_BOUND ( 'NONE', #968, .T. ) ;
#1992 = CARTESIAN_POINT ( 'NONE',  ( 57.05596240978479727, -6.000000000000000000, 13.50000000000000000 ) ) ;
#1993 = ORIENTED_EDGE ( 'NONE', *, *, #1144, .T. ) ;
#1994 = CARTESIAN_POINT ( 'NONE',  ( 120.0000000000000000, 9.000000000000000000, 13.50000000000000000 ) ) ;
#1995 = CARTESIAN_POINT ( 'NONE',  ( 92.69999937415116165, 3.899999999999973710, -7.500000000000000000 ) ) ;
#1996 = VECTOR ( 'NONE', #474, 1000.000000000000000 ) ;
#1997 = AXIS2_PLACEMENT_3D ( 'NONE', #1780, #3029, #3445 ) ;
#1998 = VECTOR ( 'NONE', #3079, 1000.000000000000000 ) ;
#1999 = DIRECTION ( 'NONE',  ( 1.000000000000000000, 0.000000000000000000, 0.000000000000000000 ) ) ;
#2000 = CARTESIAN_POINT ( 'NONE',  ( -38.70000062584874456, -3.899999999999999911, -7.500000000000000000 ) ) ;
#2001 = DIRECTION ( 'NONE',  ( -2.220446049250309876E-16, -1.000000000000000000, 0.000000000000000000 ) ) ;
#2002 = AXIS2_PLACEMENT_3D ( 'NONE', #173, #1785, #2441 ) ;
#2003 = EDGE_LOOP ( 'NONE', ( #1465, #117, #3418 ) ) ;
#2004 = DIRECTION ( 'NONE',  ( -1.000000000000000000, 7.395570986446980202E-32, 1.232595164407829988E-32 ) ) ;
#2005 = CYLINDRICAL_SURFACE ( 'NONE', #2280, 1.000000000000000000 ) ;
#2006 = LINE ( 'NONE', #2238, #648 ) ;
#2007 = ADVANCED_FACE ( 'NONE', ( #906 ), #499, .F. ) ;
#2008 = EDGE_LOOP ( 'NONE', ( #900, #2536, #2936, #2644 ) ) ;
#2009 = ORIENTED_EDGE ( 'NONE', *, *, #3389, .F. ) ;
#2010 = LINE ( 'NONE', #53, #1546 ) ;
#2011 = CARTESIAN_POINT ( 'NONE',  ( 73.79999999999820659, -6.000000000000000000, 13.50000000000000000 ) ) ;
#2012 = VECTOR ( 'NONE', #420, 1000.000000000000000 ) ;
#2013 = EDGE_CURVE ( 'NONE', #1183, #455, #833, .T. ) ;
#2014 = ADVANCED_FACE ( 'NONE', ( #3498 ), #570, .F. ) ;
#2015 = LINE ( 'NONE', #2301, #2241 ) ;
#2016 = FACE_OUTER_BOUND ( 'NONE', #595, .T. ) ;
#2017 = DIRECTION ( 'NONE',  ( 0.8660254037844387076, -1.232595164407832314E-32, 0.4999999999999998890 ) ) ;
#2018 = ORIENTED_EDGE ( 'NONE', *, *, #1572, .T. ) ;
#2019 = EDGE_LOOP ( 'NONE', ( #1240, #3370, #3373, #202 ) ) ;
#2020 = CARTESIAN_POINT ( 'NONE',  ( 34.20000000001014939, 3.433260614206730121, 13.50000000000000000 ) ) ;
#2021 = EDGE_CURVE ( 'NONE', #42, #1506, #1488, .T. ) ;
#2022 = CARTESIAN_POINT ( 'NONE',  ( 92.69999937415116165, 3.899999999999973710, 4.500000000000000888 ) ) ;
#2023 = EDGE_CURVE ( 'NONE', #1232, #2849, #1192, .T. ) ;
#2024 = CARTESIAN_POINT ( 'NONE',  ( 68.99999937415140039, 4.500000000000279776, -7.500000000000000000 ) ) ;
#2025 = FACE_OUTER_BOUND ( 'NONE', #3728, .T. ) ;
#2026 = EDGE_CURVE ( 'NONE', #2657, #2456, #2633, .T. ) ;
#2027 = VECTOR ( 'NONE', #2884, 1000.000000000000000 ) ;
#2028 = VERTEX_POINT ( 'NONE', #2183 ) ;
#2029 = CARTESIAN_POINT ( 'NONE',  ( -15.00000062584880034, -4.500000000000000000, 1.500000000000000000 ) ) ;
#2030 = VECTOR ( 'NONE', #2946, 1000.000000000000000 ) ;
#2031 = DIRECTION ( 'NONE',  ( -7.395570986446990055E-32, 1.000000000000000000, 4.930380657631318857E-32 ) ) ;
#2032 = CARTESIAN_POINT ( 'NONE',  ( -45.00000000000000000, 4.156644585633049616, 13.50000000000000000 ) ) ;
#2033 = ORIENTED_EDGE ( 'NONE', *, *, #4113, .T. ) ;
#2034 = VECTOR ( 'NONE', #3650, 1000.000000000000000 ) ;
#2035 = CARTESIAN_POINT ( 'NONE',  ( -26.70000000002750085, -3.085216014206189961, 13.50000000000000000 ) ) ;
#2036 = EDGE_LOOP ( 'NONE', ( #1253, #1312, #2048, #1791 ) ) ;
#2037 = EDGE_CURVE ( 'NONE', #2793, #2888, #3209, .T. ) ;
#2038 = EDGE_LOOP ( 'NONE', ( #3032, #556, #729 ) ) ;
#2039 = ORIENTED_EDGE ( 'NONE', *, *, #3741, .T. ) ;
#2040 = VECTOR ( 'NONE', #2221, 1000.000000000000114 ) ;
#2041 = DIRECTION ( 'NONE',  ( 6.842277657836019882E-47, -1.000000000000000000, 0.000000000000000000 ) ) ;
#2042 = CARTESIAN_POINT ( 'NONE',  ( -1.013119022161208633E-16, -9.000000000000000000, 10.20000000000001350 ) ) ;
#2043 = VERTEX_POINT ( 'NONE', #3189 ) ;
#2044 = ORIENTED_EDGE ( 'NONE', *, *, #2233, .F. ) ;
#2045 = ORIENTED_EDGE ( 'NONE', *, *, #294, .T. ) ;
#2046 = PLANE ( 'NONE',  #612 ) ;
#2047 = ADVANCED_FACE ( 'NONE', ( #1578 ), #1170, .F. ) ;
#2048 = ORIENTED_EDGE ( 'NONE', *, *, #1452, .T. ) ;
#2049 = CARTESIAN_POINT ( 'NONE',  ( -45.00000000000000000, -6.000000000000000000, 9.900000000000000355 ) ) ;
#2050 = AXIS2_PLACEMENT_3D ( 'NONE', #515, #1481, #3491 ) ;
#2051 = CARTESIAN_POINT ( 'NONE',  ( -5.556077753235640238, -18.00000000000000000, -7.500000000000000000 ) ) ;
#2052 = DIRECTION ( 'NONE',  ( 0.8712476277449610063, 0.4908437339406279687, -3.890599957729189434E-47 ) ) ;
#2053 = EDGE_LOOP ( 'NONE', ( #3490, #2896, #522, #387 ) ) ;
#2054 = ORIENTED_EDGE ( 'NONE', *, *, #310, .T. ) ;
#2055 = LINE ( 'NONE', #1954, #1846 ) ;
#2056 = CARTESIAN_POINT ( 'NONE',  ( 9.900000000000000355, -3.515454430028559951, 13.50000000000000000 ) ) ;
#2057 = ORIENTED_EDGE ( 'NONE', *, *, #1881, .F. ) ;
#2058 = ORIENTED_EDGE ( 'NONE', *, *, #4094, .F. ) ;
#2059 = ADVANCED_FACE ( 'NONE', ( #221 ), #1552, .F. ) ;
#2060 = DIRECTION ( 'NONE',  ( 1.000000000000000000, 0.000000000000000000, 0.000000000000000000 ) ) ;
#2061 = DIRECTION ( 'NONE',  ( -1.027984282060329919E-17, 1.000000000000000000, 0.000000000000000000 ) ) ;
#2062 = DIRECTION ( 'NONE',  ( 0.000000000000000000, -1.000000000000000000, -2.465190328815665176E-32 ) ) ;
#2063 = ORIENTED_EDGE ( 'NONE', *, *, #210, .T. ) ;
#2064 = CARTESIAN_POINT ( 'NONE',  ( -15.00000062584870086, 4.500000000000000000, 4.500000000000000888 ) ) ;
#2065 = VECTOR ( 'NONE', #3558, 1000.000000000000000 ) ;
#2066 = CARTESIAN_POINT ( 'NONE',  ( -25.61930241991399981, -6.000000000000000000, 9.900000000000000355 ) ) ;
#2067 = EDGE_CURVE ( 'NONE', #3482, #4292, #331, .T. ) ;
#2068 = EDGE_LOOP ( 'NONE', ( #1421, #1039, #1507, #1941 ) ) ;
#2069 = VECTOR ( 'NONE', #587, 1000.000000000000227 ) ;
#2070 = VERTEX_POINT ( 'NONE', #3338 ) ;
#2071 = AXIS2_PLACEMENT_3D ( 'NONE', #445, #1733, #3059 ) ;
#2072 = VECTOR ( 'NONE', #3509, 1000.000000000000000 ) ;
#2073 = DIRECTION ( 'NONE',  ( -1.000000000000000000, -6.842277657836019882E-47, 3.694829935231450289E-47 ) ) ;
#2074 = VECTOR ( 'NONE', #2427, 1000.000000000000000 ) ;
#2075 = DIRECTION ( 'NONE',  ( 0.000000000000000000, -1.000000000000000000, 0.000000000000000000 ) ) ;
#2076 = CARTESIAN_POINT ( 'NONE',  ( -63.60000000000000142, 3.059411708155674869, -7.500000000000000000 ) ) ;
#2077 = EDGE_CURVE ( 'NONE', #2866, #1422, #1944, .T. ) ;
#2078 = ORIENTED_EDGE ( 'NONE', *, *, #1267, .F. ) ;
#2079 = CARTESIAN_POINT ( 'NONE',  ( -38.70000062584874456, 3.899999999999999911, 4.500000000000000888 ) ) ;
#2080 = DIRECTION ( 'NONE',  ( 0.000000000000000000, 0.000000000000000000, -1.000000000000000000 ) ) ;
#2081 = PRODUCT_DEFINITION ( 'UNKNOWN', '', #2968, #762 ) ;
#2082 = EDGE_LOOP ( 'NONE', ( #1112, #2044, #1589, #990 ) ) ;
#2083 = ORIENTED_EDGE ( 'NONE', *, *, #1168, .F. ) ;
#2084 = ORIENTED_EDGE ( 'NONE', *, *, #3620, .T. ) ;
#2085 = CARTESIAN_POINT ( 'NONE',  ( 32.70000000000804619, 4.278331036742519800, 9.900000000000000355 ) ) ;
#2086 = DIRECTION ( 'NONE',  ( -1.027984282060329919E-17, 1.000000000000000000, 0.000000000000000000 ) ) ;
#2087 = EDGE_CURVE ( 'NONE', #786, #1183, #1797, .T. ) ;
#2088 = ORIENTED_EDGE ( 'NONE', *, *, #4098, .T. ) ;
#2089 = EDGE_LOOP ( 'NONE', ( #1423, #1468, #2269, #4306 ) ) ;
#2090 = DIRECTION ( 'NONE',  ( -0.8619342151577699118, -0.5070201265633930143, 3.115970526589669262E-48 ) ) ;
#2091 = SURFACE_STYLE_USAGE ( .BOTH. , #2421 ) ;
#2092 = EDGE_CURVE ( 'NONE', #722, #1183, #348, .T. ) ;
#2093 = DIRECTION ( 'NONE',  ( 0.000000000000000000, 0.000000000000000000, -1.000000000000000000 ) ) ;
#2094 = LINE ( 'NONE', #725, #3051 ) ;
#2095 = VERTEX_POINT ( 'NONE', #3269 ) ;
#2096 = VERTEX_POINT ( 'NONE', #1686 ) ;
#2097 = EDGE_CURVE ( 'NONE', #2145, #1902, #279, .T. ) ;
#2098 = FACE_OUTER_BOUND ( 'NONE', #1367, .T. ) ;
#2099 = FACE_OUTER_BOUND ( 'NONE', #2765, .T. ) ;
#2100 = CARTESIAN_POINT ( 'NONE',  ( 107.9999999999999858, 18.00000000000000000, -1.199999999999987965 ) ) ;
#2101 = PLANE ( 'NONE',  #597 ) ;
#2102 = FACE_BOUND ( 'NONE', #2811, .T. ) ;
#2103 = AXIS2_PLACEMENT_3D ( 'NONE', #3195, #2802, #4133 ) ;
#2104 = AXIS2_PLACEMENT_3D ( 'NONE', #4082, #1093, #1501 ) ;
#2105 = VERTEX_POINT ( 'NONE', #1601 ) ;
#2106 = AXIS2_PLACEMENT_3D ( 'NONE', #2984, #4312, #3661 ) ;
#2107 = ORIENTED_EDGE ( 'NONE', *, *, #3054, .T. ) ;
#2108 = EDGE_CURVE ( 'NONE', #1719, #609, #2600, .T. ) ;
#2109 = VERTEX_POINT ( 'NONE', #3938 ) ;
#2110 = CARTESIAN_POINT ( 'NONE',  ( -27.00000062584879856, -8.326672684688699691E-16, 7.500000000000000000 ) ) ;
#2111 = ADVANCED_FACE ( 'NONE', ( #1012 ), #2772, .T. ) ;
#2112 = DIRECTION ( 'NONE',  ( -0.6614378277661578931, 0.000000000000000000, 0.7499999999999910072 ) ) ;
#2113 = ADVANCED_FACE ( 'NONE', ( #3618 ), #2950, .F. ) ;
#2114 = CARTESIAN_POINT ( 'NONE',  ( 107.9999999999999858, -18.00000000000000000, -1.199999999999987965 ) ) ;
#2115 = PLANE ( 'NONE',  #904 ) ;
#2116 = DIRECTION ( 'NONE',  ( 1.000000000000000000, 0.000000000000000000, 0.000000000000000000 ) ) ;
#2117 = PLANE ( 'NONE',  #2071 ) ;
#2118 = VECTOR ( 'NONE', #401, 1000.000000000000000 ) ;
#2119 = ORIENTED_EDGE ( 'NONE', *, *, #4163, .T. ) ;
#2120 = EDGE_LOOP ( 'NONE', ( #2306, #3114, #1390, #3123 ) ) ;
#2121 = VERTEX_POINT ( 'NONE', #2682 ) ;
#2122 = CARTESIAN_POINT ( 'NONE',  ( 12.89999999999898073, -6.000000000000000000, 13.50000000000000000 ) ) ;
#2123 = FACE_OUTER_BOUND ( 'NONE', #1673, .T. ) ;
#2124 = FACE_OUTER_BOUND ( 'NONE', #2523, .T. ) ;
#2125 = CARTESIAN_POINT ( 'NONE',  ( -11.28047448910842121, 4.242019950563610031, 9.900000000000000355 ) ) ;
#2126 = CARTESIAN_POINT ( 'NONE',  ( -29.70000000002234941, -3.085216014201020318, 13.50000000000000000 ) ) ;
#2127 = ORIENTED_EDGE ( 'NONE', *, *, #1649, .T. ) ;
#2128 = CARTESIAN_POINT ( 'NONE',  ( 108.0000000000000000, -9.000000000000000000, -1.199999999999981970 ) ) ;
#2129 = DIRECTION ( 'NONE',  ( -4.102085266168244934E-63, -1.000000000000000000, -1.110223024625159992E-16 ) ) ;
#2130 = ORIENTED_EDGE ( 'NONE', *, *, #2726, .F. ) ;
#2131 = ORIENTED_EDGE ( 'NONE', *, *, #2186, .T. ) ;
#2132 = DIRECTION ( 'NONE',  ( 0.8712476277465551755, -0.4908437339377980657, -5.980391088664020423E-47 ) ) ;
#2133 = PLANE ( 'NONE',  #137 ) ;
#2134 = DIRECTION ( 'NONE',  ( 0.000000000000000000, 2.465190328815659976E-32, -1.000000000000000000 ) ) ;
#2135 = FACE_OUTER_BOUND ( 'NONE', #3891, .T. ) ;
#2136 = ORIENTED_EDGE ( 'NONE', *, *, #2864, .T. ) ;
#2137 = DIRECTION ( 'NONE',  ( -1.000000000000000000, 0.000000000000000000, 0.000000000000000000 ) ) ;
#2138 = FACE_OUTER_BOUND ( 'NONE', #3916, .T. ) ;
#2139 = ORIENTED_EDGE ( 'NONE', *, *, #4204, .T. ) ;
#2140 = VECTOR ( 'NONE', #2851, 1000.000000000000000 ) ;
#2141 = CARTESIAN_POINT ( 'NONE',  ( 68.99999937415108775, -4.500000000000016875, 4.500000000000000888 ) ) ;
#2142 = FACE_OUTER_BOUND ( 'NONE', #239, .T. ) ;
#2143 = VECTOR ( 'NONE', #88, 1000.000000000000114 ) ;
#2144 = VECTOR ( 'NONE', #588, 1000.000000000000000 ) ;
#2145 = VERTEX_POINT ( 'NONE', #634 ) ;
#2146 = FACE_BOUND ( 'NONE', #78, .T. ) ;
#2147 = CARTESIAN_POINT ( 'NONE',  ( 101.9999999999999716, -18.00000000000000000, -1.199999999999987965 ) ) ;
#2148 = DIRECTION ( 'NONE',  ( 0.000000000000000000, -1.000000000000000000, -2.465190328815660250E-32 ) ) ;
#2149 = EDGE_CURVE ( 'NONE', #1221, #4193, #19, .T. ) ;
#2150 = ORIENTED_EDGE ( 'NONE', *, *, #2023, .T. ) ;
#2151 = EDGE_CURVE ( 'NONE', #3802, #1376, #3666, .T. ) ;
#2152 = DIRECTION ( 'NONE',  ( 0.000000000000000000, -2.465190328815659976E-32, 1.000000000000000000 ) ) ;
#2153 = CYLINDRICAL_SURFACE ( 'NONE', #971, 6.000000000000002665 ) ;
#2154 = ORIENTED_EDGE ( 'NONE', *, *, #1094, .F. ) ;
#2155 = AXIS2_PLACEMENT_3D ( 'NONE', #4268, #4004, #2347 ) ;
#2156 = ORIENTED_EDGE ( 'NONE', *, *, #3947, .F. ) ;
#2157 = VECTOR ( 'NONE', #3604, 1000.000000000000000 ) ;
#2158 = ORIENTED_EDGE ( 'NONE', *, *, #865, .T. ) ;
#2159 = EDGE_CURVE ( 'NONE', #337, #455, #57, .T. ) ;
#2160 = ADVANCED_FACE ( 'NONE', ( #973 ), #2331, .F. ) ;
#2161 = LINE ( 'NONE', #3227, #1087 ) ;
#2162 = LINE ( 'NONE', #3499, #4304 ) ;
#2163 = EDGE_CURVE ( 'NONE', #1575, #2179, #303, .T. ) ;
#2164 = EDGE_CURVE ( 'NONE', #3360, #1088, #4296, .T. ) ;
#2165 = LINE ( 'NONE', #2126, #855 ) ;
#2166 = ORIENTED_EDGE ( 'NONE', *, *, #293, .T. ) ;
#2167 = CARTESIAN_POINT ( 'NONE',  ( 98.10000000000000853, 2.811312481911005356, 13.50000000000000000 ) ) ;
#2168 = PLANE ( 'NONE',  #1289 ) ;
#2169 = EDGE_LOOP ( 'NONE', ( #1582, #2354, #874, #2039 ) ) ;
#2170 = ORIENTED_EDGE ( 'NONE', *, *, #3256, .T. ) ;
#2171 = CARTESIAN_POINT ( 'NONE',  ( 113.5560777532356127, 18.00000000000000000, -7.500000000000000000 ) ) ;
#2172 = AXIS2_PLACEMENT_3D ( 'NONE', #1158, #1563, #1523 ) ;
#2173 = DIRECTION ( 'NONE',  ( -0.6614378277661517869, -0.000000000000000000, -0.7499999999999963363 ) ) ;
#2174 = CARTESIAN_POINT ( 'NONE',  ( -37.35000000000960796, 6.000000000000000000, 13.50000000000000000 ) ) ;
#2175 = VECTOR ( 'NONE', #2499, 1000.000000000000000 ) ;
#2176 = CARTESIAN_POINT ( 'NONE',  ( 117.0000000000000000, 6.000000000000000000, 9.900000000000000355 ) ) ;
#2177 = CARTESIAN_POINT ( 'NONE',  ( 120.0000000000000000, 9.000000000000000000, -7.500000000000000000 ) ) ;
#2178 = CARTESIAN_POINT ( 'NONE',  ( 95.10000000000000853, -3.433260614248080600, 9.900000000000000355 ) ) ;
#2179 = VERTEX_POINT ( 'NONE', #2000 ) ;
#2180 = EDGE_LOOP ( 'NONE', ( #568, #850, #2481 ) ) ;
#2181 = CARTESIAN_POINT ( 'NONE',  ( -4.570779167104998209, -18.00000000000000000, -5.086898224234702504 ) ) ;
#2182 = CARTESIAN_POINT ( 'NONE',  ( -48.00000000000000000, 4.762748561627791788E-30, 5.595982046411485758E-31 ) ) ;
#2183 = CARTESIAN_POINT ( 'NONE',  ( 108.0000000000000000, -18.00000000000000000, 10.20000000000001883 ) ) ;
#2184 = VECTOR ( 'NONE', #3699, 1000.000000000000000 ) ;
#2185 = FACE_OUTER_BOUND ( 'NONE', #3243, .T. ) ;
#2186 = EDGE_CURVE ( 'NONE', #2187, #337, #3575, .T. ) ;
#2187 = VERTEX_POINT ( 'NONE', #3247 ) ;
#2188 = VECTOR ( 'NONE', #1199, 1000.000000000000000 ) ;
#2189 = CARTESIAN_POINT ( 'NONE',  ( 117.0000000000000000, 6.629863988677199949, 13.50000000000000000 ) ) ;
#2190 = VERTEX_POINT ( 'NONE', #3316 ) ;
#2191 = VERTEX_POINT ( 'NONE', #4258 ) ;
#2192 = LINE ( 'NONE', #3484, #3093 ) ;
#2193 = AXIS2_PLACEMENT_3D ( 'NONE', #2635, #2655, #3350 ) ;
#2194 = CARTESIAN_POINT ( 'NONE',  ( -9.501052573267859458, -9.000000000000000000, -7.500000000000000000 ) ) ;
#2195 = DIRECTION ( 'NONE',  ( -7.395570986446990055E-32, 1.000000000000000000, 4.930380657631319405E-32 ) ) ;
#2196 = ORIENTED_EDGE ( 'NONE', *, *, #1774, .F. ) ;
#2197 = CARTESIAN_POINT ( 'NONE',  ( 73.79999999999820659, -6.000000000000000000, 9.900000000000000355 ) ) ;
#2198 = CARTESIAN_POINT ( 'NONE',  ( -48.00000000000000000, 0.000000000000000000, 5.916456789157529861E-31 ) ) ;
#2199 = CARTESIAN_POINT ( 'NONE',  ( -15.00000062584870086, 4.500000000000000000, -7.500000000000000000 ) ) ;
#2200 = LINE ( 'NONE', #582, #2878 ) ;
#2201 = ORIENTED_EDGE ( 'NONE', *, *, #1857, .T. ) ;
#2202 = ADVANCED_FACE ( 'NONE', ( #325 ), #1279, .F. ) ;
#2203 = EDGE_LOOP ( 'NONE', ( #2882, #2376, #709, #937 ) ) ;
#2204 = EDGE_LOOP ( 'NONE', ( #1642, #1032, #4299, #2801 ) ) ;
#2205 = CARTESIAN_POINT ( 'NONE',  ( 15.17798120488369840, 6.000000000000000000, 13.50000000000000000 ) ) ;
#2206 = DIRECTION ( 'NONE',  ( 4.336808689941996535E-16, 1.000000000000000000, 2.465190328815659976E-32 ) ) ;
#2207 = CARTESIAN_POINT ( 'NONE',  ( -26.70000000002875140, -4.500000000000000000, 9.900000000000000355 ) ) ;
#2208 = EDGE_CURVE ( 'NONE', #2369, #2191, #3994, .T. ) ;
#2209 = FACE_OUTER_BOUND ( 'NONE', #3917, .T. ) ;
#2210 = LINE ( 'NONE', #2872, #1581 ) ;
#2211 = ORIENTED_EDGE ( 'NONE', *, *, #776, .T. ) ;
#2212 = CARTESIAN_POINT ( 'NONE',  ( 117.5010525732677849, -9.000000000000000000, -7.500000000000000000 ) ) ;
#2213 = EDGE_CURVE ( 'NONE', #2443, #2121, #3053, .T. ) ;
#2214 = PLANE ( 'NONE',  #1770 ) ;
#2215 = STYLED_ITEM ( 'NONE', ( #2757 ), #3040 ) ;
#2216 = VECTOR ( 'NONE', #2822, 1000.000000000000000 ) ;
#2217 = ORIENTED_EDGE ( 'NONE', *, *, #1907, .T. ) ;
#2218 = AXIS2_PLACEMENT_3D ( 'NONE', #2182, #3188, #1551 ) ;
#2219 = DIRECTION ( 'NONE',  ( 1.000000000000000000, -7.395570986446980202E-32, -1.232595164407829988E-32 ) ) ;
#2220 = EDGE_CURVE ( 'NONE', #3820, #371, #780, .T. ) ;
#2221 = DIRECTION ( 'NONE',  ( -0.8849182223811503656, 0.4657464328342031390, 0.000000000000000000 ) ) ;
#2222 = LINE ( 'NONE', #2686, #2034 ) ;
#2223 = CARTESIAN_POINT ( 'NONE',  ( 68.99999937415140039, -4.499999999999724665, -7.500000000000000000 ) ) ;
#2224 = CARTESIAN_POINT ( 'NONE',  ( 92.09999937415139470, -3.599999999999724754, 3.058845726812004617 ) ) ;
#2225 = CARTESIAN_POINT ( 'NONE',  ( 103.4292208328949840, -18.00000000000000000, -5.086898224234707833 ) ) ;
#2226 = CARTESIAN_POINT ( 'NONE',  ( -12.90000000000000036, -6.000000000000000000, 13.50000000000000000 ) ) ;
#2227 = ORIENTED_EDGE ( 'NONE', *, *, #639, .T. ) ;
#2228 = ORIENTED_EDGE ( 'NONE', *, *, #2413, .T. ) ;
#2229 = LINE ( 'NONE', #3556, #3801 ) ;
#2230 = DIRECTION ( 'NONE',  ( 0.000000000000000000, 0.000000000000000000, 1.000000000000000000 ) ) ;
#2231 = DIRECTION ( 'NONE',  ( -7.395570986446990055E-32, 1.000000000000000000, 4.930380657631319405E-32 ) ) ;
#2232 = LINE ( 'NONE', #857, #1515 ) ;
#2233 = EDGE_CURVE ( 'NONE', #2399, #3354, #4235, .T. ) ;
#2234 = ORIENTED_EDGE ( 'NONE', *, *, #1411, .T. ) ;
#2235 = DIRECTION ( 'NONE',  ( -0.7499999999999910072, -2.285537967591235765E-32, -0.6614378277661578931 ) ) ;
#2236 = ORIENTED_EDGE ( 'NONE', *, *, #1216, .F. ) ;
#2237 = PLANE ( 'NONE',  #3724 ) ;
#2238 = CARTESIAN_POINT ( 'NONE',  ( -15.00000062584870086, 4.500000000000000000, -7.500000000000000000 ) ) ;
#2239 = CARTESIAN_POINT ( 'NONE',  ( 31.20000000001019913, 3.433260614208859973, 9.900000000000000355 ) ) ;
#2240 = EDGE_CURVE ( 'NONE', #1221, #957, #3462, .T. ) ;
#2241 = VECTOR ( 'NONE', #3022, 1000.000000000000000 ) ;
#2242 = EDGE_CURVE ( 'NONE', #178, #3627, #169, .T. ) ;
#2243 = LINE ( 'NONE', #4251, #4143 ) ;
#2244 = FACE_OUTER_BOUND ( 'NONE', #276, .T. ) ;
#2245 = ORIENTED_EDGE ( 'NONE', *, *, #3301, .F. ) ;
#2246 = VECTOR ( 'NONE', #3399, 1000.000000000000000 ) ;
#2247 = ORIENTED_EDGE ( 'NONE', *, *, #1617, .T. ) ;
#2248 = ORIENTED_EDGE ( 'NONE', *, *, #3333, .F. ) ;
#2249 = ORIENTED_EDGE ( 'NONE', *, *, #1953, .T. ) ;
#2250 = CARTESIAN_POINT ( 'NONE',  ( -17.40000062584880069, 2.100000000000000089, 5.656921938165340613 ) ) ;
#2251 = CARTESIAN_POINT ( 'NONE',  ( -15.30000062584874954, -3.899999999999999911, 4.500000000000000888 ) ) ;
#2252 = CARTESIAN_POINT ( 'NONE',  ( 73.79999999999820659, 3.433260614231660401, 9.900000000000000355 ) ) ;
#2253 = ORIENTED_EDGE ( 'NONE', *, *, #989, .F. ) ;
#2254 = ADVANCED_FACE ( 'NONE', ( #2507 ), #2355, .F. ) ;
#2255 = DIRECTION ( 'NONE',  ( -7.395570986446990055E-32, 1.000000000000000000, 4.930380657631319405E-32 ) ) ;
#2256 = LINE ( 'NONE', #883, #4164 ) ;
#2257 = CARTESIAN_POINT ( 'NONE',  ( -64.75555555555554577, 0.000000000000000000, -7.499999999999999112 ) ) ;
#2258 = VERTEX_POINT ( 'NONE', #1180 ) ;
#2259 = ORIENTED_EDGE ( 'NONE', *, *, #623, .F. ) ;
#2260 = DIRECTION ( 'NONE',  ( 7.395570986446990055E-32, -1.000000000000000000, -4.930380657631319405E-32 ) ) ;
#2261 = AXIS2_PLACEMENT_3D ( 'NONE', #2599, #1298, #3918 ) ;
#2262 = PLANE ( 'NONE',  #2753 ) ;
#2263 = AXIS2_PLACEMENT_3D ( 'NONE', #1680, #1638, #15 ) ;
#2264 = VECTOR ( 'NONE', #307, 1000.000000000000000 ) ;
#2265 = VECTOR ( 'NONE', #3057, 1000.000000000000000 ) ;
#2266 = DIRECTION ( 'NONE',  ( -1.000000000000000000, 2.220446049250309876E-16, 0.000000000000000000 ) ) ;
#2267 = ORIENTED_EDGE ( 'NONE', *, *, #3129, .T. ) ;
#2268 = VERTEX_POINT ( 'NONE', #3356 ) ;
#2269 = ORIENTED_EDGE ( 'NONE', *, *, #3758, .T. ) ;
#2270 = VECTOR ( 'NONE', #3812, 1000.000000000000000 ) ;
#2271 = CARTESIAN_POINT ( 'NONE',  ( -29.69999999998085016, 6.000000000000000000, 13.50000000000000000 ) ) ;
#2272 = DIRECTION ( 'NONE',  ( 0.000000000000000000, 1.000000000000000000, 0.000000000000000000 ) ) ;
#2273 = CARTESIAN_POINT ( 'NONE',  ( 68.99999937415108775, -4.500000000000016875, 4.500000000000000888 ) ) ;
#2274 = ORIENTED_EDGE ( 'NONE', *, *, #2092, .T. ) ;
#2275 = CARTESIAN_POINT ( 'NONE',  ( -6.122018795105700129, 6.000000000000000000, 13.50000000000000000 ) ) ;
#2276 = LINE ( 'NONE', #1859, #3603 ) ;
#2277 = EDGE_CURVE ( 'NONE', #4142, #2105, #3798, .T. ) ;
#2278 = ORIENTED_EDGE ( 'NONE', *, *, #529, .T. ) ;
#2279 = FACE_OUTER_BOUND ( 'NONE', #543, .T. ) ;
#2280 = AXIS2_PLACEMENT_3D ( 'NONE', #2707, #2031, #1692 ) ;
#2281 = FACE_OUTER_BOUND ( 'NONE', #1573, .T. ) ;
#2282 = VECTOR ( 'NONE', #2470, 1000.000000000000000 ) ;
#2283 = ORIENTED_EDGE ( 'NONE', *, *, #1389, .T. ) ;
#2284 = CIRCLE ( 'NONE', #2982, 8.099999999999999645 ) ;
#2285 = VECTOR ( 'NONE', #1820, 1000.000000000000000 ) ;
#2286 = LINE ( 'NONE', #671, #716 ) ;
#2287 = LINE ( 'NONE', #3537, #1895 ) ;
#2288 = ORIENTED_EDGE ( 'NONE', *, *, #3387, .F. ) ;
#2289 = DIRECTION ( 'NONE',  ( 0.000000000000000000, 0.000000000000000000, -1.000000000000000000 ) ) ;
#2290 = PLANE ( 'NONE',  #55 ) ;
#2291 = EDGE_CURVE ( 'NONE', #2515, #2717, #3714, .T. ) ;
#2292 = CARTESIAN_POINT ( 'NONE',  ( 48.02324952753879472, -36.31483112409324576, 13.50000000000000000 ) ) ;
#2293 = EDGE_CURVE ( 'NONE', #820, #1088, #2809, .T. ) ;
#2294 = ADVANCED_FACE ( 'NONE', ( #1051 ), #440, .F. ) ;
#2295 = CARTESIAN_POINT ( 'NONE',  ( 92.99999937415121565, 4.499999999999973355, -7.500000000000000000 ) ) ;
#2296 = EDGE_LOOP ( 'NONE', ( #1078, #464, #1255, #1978 ) ) ;
#2297 = EDGE_LOOP ( 'NONE', ( #988, #1984, #4076 ) ) ;
#2298 = FACE_OUTER_BOUND ( 'NONE', #1683, .T. ) ;
#2299 = DIRECTION ( 'NONE',  ( 0.8137334712064197006, -0.5812381937195377768, -3.006606788713278375E-47 ) ) ;
#2300 = EDGE_LOOP ( 'NONE', ( #4023, #1176, #2820, #3353 ) ) ;
#2301 = CARTESIAN_POINT ( 'NONE',  ( -5.556077753235640238, -9.000000000000000000, -7.500000000000000000 ) ) ;
#2302 = DIRECTION ( 'NONE',  ( 1.000000000000000000, -4.448008912761042820E-16, 0.000000000000000000 ) ) ;
#2303 = DIRECTION ( 'NONE',  ( -1.000000000000000000, -6.842277657836019882E-47, 0.000000000000000000 ) ) ;
#2304 = ORIENTED_EDGE ( 'NONE', *, *, #1463, .T. ) ;
#2305 = EDGE_LOOP ( 'NONE', ( #3595, #4232, #2267 ) ) ;
#2306 = ORIENTED_EDGE ( 'NONE', *, *, #2731, .T. ) ;
#2307 = ADVANCED_FACE ( 'NONE', ( #1521, #461 ), #507, .T. ) ;
#2308 =( LENGTH_UNIT ( ) NAMED_UNIT ( * ) SI_UNIT ( .MILLI., .METRE. ) );
#2309 = AXIS2_PLACEMENT_3D ( 'NONE', #2128, #3104, #1535 ) ;
#2310 = DIRECTION ( 'NONE',  ( 0.000000000000000000, -1.000000000000000000, -2.465190328815661071E-32 ) ) ;
#2311 = VECTOR ( 'NONE', #668, 1000.000000000000000 ) ;
#2312 = LINE ( 'NONE', #3293, #2426 ) ;
#2313 = AXIS2_PLACEMENT_3D ( 'NONE', #603, #2266, #2656 ) ;
#2314 = ORIENTED_EDGE ( 'NONE', *, *, #3853, .T. ) ;
#2315 = FACE_OUTER_BOUND ( 'NONE', #4254, .T. ) ;
#2316 = VECTOR ( 'NONE', #3364, 999.9999999999998863 ) ;
#2317 = DIRECTION ( 'NONE',  ( 0.000000000000000000, -1.000000000000000000, 0.000000000000000000 ) ) ;
#2318 = EDGE_CURVE ( 'NONE', #3354, #2596, #2848, .T. ) ;
#2319 = FACE_OUTER_BOUND ( 'NONE', #2296, .T. ) ;
#2320 = LINE ( 'NONE', #1653, #2385 ) ;
#2321 = ORIENTED_EDGE ( 'NONE', *, *, #1261, .T. ) ;
#2322 = LINE ( 'NONE', #2225, #1177 ) ;
#2323 = DIRECTION ( 'NONE',  ( 1.000000000000000000, 1.734723475976809806E-16, -3.284293275761290010E-47 ) ) ;
#2324 = VECTOR ( 'NONE', #840, 1000.000000000000000 ) ;
#2325 = ORIENTED_EDGE ( 'NONE', *, *, #3068, .F. ) ;
#2326 = DIRECTION ( 'NONE',  ( -1.000000000000000000, 0.000000000000000000, 0.000000000000000000 ) ) ;
#2327 = CARTESIAN_POINT ( 'NONE',  ( -15.30000062584874954, 3.899999999999999911, 4.500000000000000888 ) ) ;
#2328 = EDGE_LOOP ( 'NONE', ( #2734, #3133, #1710, #4028 ) ) ;
#2329 = CARTESIAN_POINT ( 'NONE',  ( 69.29999937415115596, 3.899999999999984368, -7.500000000000000000 ) ) ;
#2330 = EDGE_CURVE ( 'NONE', #2509, #2888, #1451, .T. ) ;
#2331 = PLANE ( 'NONE',  #3259 ) ;
#2332 = VECTOR ( 'NONE', #2539, 1000.000000000000227 ) ;
#2333 = LINE ( 'NONE', #3667, #2631 ) ;
#2334 = ADVANCED_FACE ( 'NONE', ( #1847 ), #2458, .T. ) ;
#2335 = DIRECTION ( 'NONE',  ( 0.000000000000000000, -1.000000000000000000, 0.000000000000000000 ) ) ;
#2336 = ORIENTED_EDGE ( 'NONE', *, *, #1666, .F. ) ;
#2337 = DIRECTION ( 'NONE',  ( 0.000000000000000000, -1.000000000000000000, 0.000000000000000000 ) ) ;
#2338 = FACE_OUTER_BOUND ( 'NONE', #2036, .T. ) ;
#2339 = AXIS2_PLACEMENT_3D ( 'NONE', #476, #1813, #3833 ) ;
#2340 = CARTESIAN_POINT ( 'NONE',  ( 69.89999937415139186, 3.600000000000279865, 3.058845726812004617 ) ) ;
#2341 = ORIENTED_EDGE ( 'NONE', *, *, #1969, .F. ) ;
#2342 = EDGE_CURVE ( 'NONE', #150, #3747, #802, .T. ) ;
#2343 = VERTEX_POINT ( 'NONE', #4119 ) ;
#2344 = CARTESIAN_POINT ( 'NONE',  ( -39.00000062584880567, 4.500000000000000000, 4.500000000000000888 ) ) ;
#2345 = CARTESIAN_POINT ( 'NONE',  ( 112.5707791671049876, -18.00000000000000000, -5.086898224234718491 ) ) ;
#2346 = ORIENTED_EDGE ( 'NONE', *, *, #2874, .T. ) ;
#2347 = DIRECTION ( 'NONE',  ( 1.232595164407829988E-32, 0.000000000000000000, 1.000000000000000000 ) ) ;
#2348 = PLANE ( 'NONE',  #3929 ) ;
#2349 = AXIS2_PLACEMENT_3D ( 'NONE', #3454, #3790, #3411 ) ;
#2350 = ORIENTED_EDGE ( 'NONE', *, *, #2853, .T. ) ;
#2351 = AXIS2_PLACEMENT_3D ( 'NONE', #4136, #3174, #3688 ) ;
#2352 = ORIENTED_EDGE ( 'NONE', *, *, #791, .F. ) ;
#2353 = VECTOR ( 'NONE', #3873, 1000.000000000000000 ) ;
#2354 = ORIENTED_EDGE ( 'NONE', *, *, #2220, .F. ) ;
#2355 = PLANE ( 'NONE',  #3824 ) ;
#2356 = DIRECTION ( 'NONE',  ( 0.000000000000000000, -2.465190328815659976E-32, 1.000000000000000000 ) ) ;
#2357 = ORIENTED_EDGE ( 'NONE', *, *, #369, .F. ) ;
#2358 = ORIENTED_EDGE ( 'NONE', *, *, #1075, .F. ) ;
#2359 = ORIENTED_EDGE ( 'NONE', *, *, #1476, .F. ) ;
#2360 = LINE ( 'NONE', #2401, #591 ) ;
#2361 = ADVANCED_FACE ( 'NONE', ( #1137 ), #1803, .F. ) ;
#2362 = LINE ( 'NONE', #1950, #4300 ) ;
#2363 = CARTESIAN_POINT ( 'NONE',  ( 75.30000000001319904, 7.721668963247520168, 9.900000000000000355 ) ) ;
#2364 = EDGE_LOOP ( 'NONE', ( #1011, #129, #2424, #386 ) ) ;
#2365 = DIRECTION ( 'NONE',  ( -1.000000000000000000, 0.000000000000000000, 0.000000000000000000 ) ) ;
#2366 = FACE_OUTER_BOUND ( 'NONE', #782, .T. ) ;
#2367 = VECTOR ( 'NONE', #2792, 1000.000000000000000 ) ;
#2368 = VECTOR ( 'NONE', #4278, 1000.000000000000000 ) ;
#2369 = VERTEX_POINT ( 'NONE', #1288 ) ;
#2370 = ADVANCED_FACE ( 'NONE', ( #4179 ), #2237, .F. ) ;
#2371 = DIRECTION ( 'NONE',  ( -1.000000000000000000, 0.000000000000000000, 0.000000000000000000 ) ) ;
#2372 = ORIENTED_EDGE ( 'NONE', *, *, #2654, .F. ) ;
#2373 = ORIENTED_EDGE ( 'NONE', *, *, #3787, .F. ) ;
#2374 = CARTESIAN_POINT ( 'NONE',  ( 44.12798120490515430, 1.283369692901717984, 9.900000000000000355 ) ) ;
#2375 = DIRECTION ( 'NONE',  ( -1.000000000000000000, -3.469446951953609258E-17, 4.652748807328490291E-47 ) ) ;
#2376 = ORIENTED_EDGE ( 'NONE', *, *, #2572, .T. ) ;
#2377 = AXIS2_PLACEMENT_3D ( 'NONE', #489, #2838, #4085 ) ;
#2378 = VERTEX_POINT ( 'NONE', #3549 ) ;
#2379 = DIRECTION ( 'NONE',  ( 0.000000000000000000, -1.000000000000000000, 0.000000000000000000 ) ) ;
#2380 = VECTOR ( 'NONE', #3517, 1000.000000000000000 ) ;
#2381 = SURFACE_SIDE_STYLE ('',( #1442 ) ) ;
#2382 = CARTESIAN_POINT ( 'NONE',  ( -38.70000062584874456, 3.899999999999999911, 4.500000000000000888 ) ) ;
#2383 = EDGE_CURVE ( 'NONE', #23, #2443, #726, .T. ) ;
#2384 = VERTEX_POINT ( 'NONE', #959 ) ;
#2385 = VECTOR ( 'NONE', #2669, 1000.000000000000000 ) ;
#2386 = ORIENTED_EDGE ( 'NONE', *, *, #163, .T. ) ;
#2387 = LINE ( 'NONE', #3727, #2118 ) ;
#2388 = ORIENTED_EDGE ( 'NONE', *, *, #3635, .T. ) ;
#2389 = VERTEX_POINT ( 'NONE', #890 ) ;
#2390 = CARTESIAN_POINT ( 'NONE',  ( 68.99999937415108775, -4.500000000000016875, -7.500000000000000000 ) ) ;
#2391 = VECTOR ( 'NONE', #3306, 1000.000000000000000 ) ;
#2392 = FACE_OUTER_BOUND ( 'NONE', #3483, .T. ) ;
#2393 = EDGE_LOOP ( 'NONE', ( #3519, #1858, #2346, #1230 ) ) ;
#2394 = VERTEX_POINT ( 'NONE', #627 ) ;
#2395 = VECTOR ( 'NONE', #3173, 1000.000000000000000 ) ;
#2396 = ADVANCED_FACE ( 'NONE', ( #2281 ), #1201, .F. ) ;
#2397 = CARTESIAN_POINT ( 'NONE',  ( -48.00000000000000000, -9.000000000000000000, 13.50000000000000000 ) ) ;
#2398 = CYLINDRICAL_SURFACE ( 'NONE', #3823, 0.9999999999999870104 ) ;
#2399 = VERTEX_POINT ( 'NONE', #2194 ) ;
#2400 = VERTEX_POINT ( 'NONE', #2549 ) ;
#2401 = CARTESIAN_POINT ( 'NONE',  ( -45.00000000000000000, -6.000000000000000000, 9.900000000000000355 ) ) ;
#2402 = EDGE_CURVE ( 'NONE', #2598, #1897, #269, .T. ) ;
#2403 = CARTESIAN_POINT ( 'NONE',  ( 98.10000000000000853, 6.000000000000000000, 13.50000000000000000 ) ) ;
#2404 = PLANE ( 'NONE',  #4066 ) ;
#2405 = ORIENTED_EDGE ( 'NONE', *, *, #1988, .F. ) ;
#2406 = ORIENTED_EDGE ( 'NONE', *, *, #3544, .T. ) ;
#2407 = DIRECTION ( 'NONE',  ( -0.000000000000000000, 0.000000000000000000, -1.000000000000000000 ) ) ;
#2408 = EDGE_CURVE ( 'NONE', #1478, #2649, #3611, .T. ) ;
#2409 = LINE ( 'NONE', #1086, #2740 ) ;
#2410 = ORIENTED_EDGE ( 'NONE', *, *, #3021, .F. ) ;
#2411 = ORIENTED_EDGE ( 'NONE', *, *, #102, .T. ) ;
#2412 = VERTEX_POINT ( 'NONE', #249 ) ;
#2413 = EDGE_CURVE ( 'NONE', #1506, #2514, #2880, .T. ) ;
#2414 = PLANE ( 'NONE',  #1694 ) ;
#2415 = DIRECTION ( 'NONE',  ( 1.000000000000000000, 1.027984282060329919E-17, 0.000000000000000000 ) ) ;
#2416 = ORIENTED_EDGE ( 'NONE', *, *, #1626, .T. ) ;
#2417 = ADVANCED_FACE ( 'NONE', ( #291 ), #558, .F. ) ;
#2418 = EDGE_LOOP ( 'NONE', ( #363, #3764, #4177, #2440 ) ) ;
#2419 = FACE_OUTER_BOUND ( 'NONE', #1730, .T. ) ;
#2420 = B_SPLINE_CURVE_WITH_KNOTS ( 'NONE', 3,
 ( #4248, #913, #3587, #1350 ),
 .UNSPECIFIED., .F., .F.,
 ( 4, 4 ),
 ( 0.000000000000000000, 0.001477026962150293022 ),
 .UNSPECIFIED. ) ;
#2421 = SURFACE_SIDE_STYLE ('',( #1807 ) ) ;
#2422 = VECTOR ( 'NONE', #624, 1000.000000000000000 ) ;
#2423 = CARTESIAN_POINT ( 'NONE',  ( -8.179363416975899526, 6.000000000000000000, 13.50000000000000000 ) ) ;
#2424 = ORIENTED_EDGE ( 'NONE', *, *, #1626, .F. ) ;
#2425 = VECTOR ( 'NONE', #1926, 1000.000000000000000 ) ;
#2426 = VECTOR ( 'NONE', #1648, 1000.000000000000114 ) ;
#2427 = DIRECTION ( 'NONE',  ( 0.000000000000000000, 0.000000000000000000, 1.000000000000000000 ) ) ;
#2428 =( NAMED_UNIT ( * ) SI_UNIT ( $, .STERADIAN. ) SOLID_ANGLE_UNIT ( ) );
#2429 = EDGE_CURVE ( 'NONE', #150, #1238, #1867, .T. ) ;
#2430 = DIRECTION ( 'NONE',  ( 1.000000000000000000, 2.537652632417799951E-15, 0.000000000000000000 ) ) ;
#2431 = EDGE_LOOP ( 'NONE', ( #4128, #17, #521, #1557, #3615, #41 ) ) ;
#2432 = LINE ( 'NONE', #3793, #783 ) ;
#2433 = ADVANCED_FACE ( 'NONE', ( #3883 ), #3860, .F. ) ;
#2434 = EDGE_CURVE ( 'NONE', #3442, #1422, #232, .T. ) ;
#2435 = DIRECTION ( 'NONE',  ( 0.000000000000000000, 0.000000000000000000, 1.000000000000000000 ) ) ;
#2436 = VERTEX_POINT ( 'NONE', #1561 ) ;
#2437 = FACE_OUTER_BOUND ( 'NONE', #3564, .T. ) ;
#2438 = DIRECTION ( 'NONE',  ( -7.395570986446990055E-32, 1.000000000000000000, 4.930380657631318857E-32 ) ) ;
#2439 = ORIENTED_EDGE ( 'NONE', *, *, #639, .F. ) ;
#2440 = ORIENTED_EDGE ( 'NONE', *, *, #3584, .T. ) ;
#2441 = DIRECTION ( 'NONE',  ( 0.000000000000000000, 1.000000000000000000, 0.000000000000000000 ) ) ;
#2442 = CARTESIAN_POINT ( 'NONE',  ( 114.0000000000000000, -18.00000000000000000, -1.199999999999987299 ) ) ;
#2443 = VERTEX_POINT ( 'NONE', #866 ) ;
#2444 = EDGE_LOOP ( 'NONE', ( #2558, #1809, #2795, #779 ) ) ;
#2445 = EDGE_LOOP ( 'NONE', ( #2705, #1778, #687, #918 ) ) ;
#2446 = EDGE_CURVE ( 'NONE', #1351, #1629, #4266, .T. ) ;
#2447 = DIRECTION ( 'NONE',  ( 0.000000000000000000, 0.000000000000000000, 1.000000000000000000 ) ) ;
#2448 = FACE_OUTER_BOUND ( 'NONE', #2297, .T. ) ;
#2449 = DIRECTION ( 'NONE',  ( 0.000000000000000000, 0.000000000000000000, -1.000000000000000000 ) ) ;
#2450 = ORIENTED_EDGE ( 'NONE', *, *, #1212, .T. ) ;
#2451 = LINE ( 'NONE', #203, #2660 ) ;
#2452 = CARTESIAN_POINT ( 'NONE',  ( -3.330669073875470016E-15, 9.000000000000000000, -1.199999999999987965 ) ) ;
#2453 = AXIS2_PLACEMENT_3D ( 'NONE', #4308, #1328, #557 ) ;
#2454 = VERTEX_POINT ( 'NONE', #3906 ) ;
#2455 = VECTOR ( 'NONE', #2173, 1000.000000000000114 ) ;
#2456 = VERTEX_POINT ( 'NONE', #3532 ) ;
#2457 = DIRECTION ( 'NONE',  ( 0.000000000000000000, -1.000000000000000000, 0.000000000000000000 ) ) ;
#2458 = PLANE ( 'NONE',  #2351 ) ;
#2459 = CARTESIAN_POINT ( 'NONE',  ( -12.90000000000000036, -6.000000000000000000, 13.50000000000000000 ) ) ;
#2460 = VERTEX_POINT ( 'NONE', #934 ) ;
#2461 = EDGE_LOOP ( 'NONE', ( #2336, #4187, #2411, #171 ) ) ;
#2462 = FACE_OUTER_BOUND ( 'NONE', #3436, .T. ) ;
#2463 = LINE ( 'NONE', #468, #1982 ) ;
#2464 = DIRECTION ( 'NONE',  ( 1.232595164407829988E-32, -1.110223024625159992E-16, 1.000000000000000000 ) ) ;
#2465 = CARTESIAN_POINT ( 'NONE',  ( -39.00000062584880567, -4.500000000000000000, -7.500000000000000000 ) ) ;
#2466 = VERTEX_POINT ( 'NONE', #1223 ) ;
#2467 = ORIENTED_EDGE ( 'NONE', *, *, #2149, .T. ) ;
#2468 = VECTOR ( 'NONE', #3893, 1000.000000000000000 ) ;
#2469 = ADVANCED_FACE ( 'NONE', ( #576 ), #2262, .F. ) ;
#2470 = DIRECTION ( 'NONE',  ( 0.000000000000000000, -1.000000000000000000, 0.000000000000000000 ) ) ;
#2471 = PLANE ( 'NONE',  #1590 ) ;
#2472 = PLANE ( 'NONE',  #1162 ) ;
#2473 = DIRECTION ( 'NONE',  ( 0.000000000000000000, 0.000000000000000000, 1.000000000000000000 ) ) ;
#2474 = VECTOR ( 'NONE', #3223, 1000.000000000000000 ) ;
#2475 = VECTOR ( 'NONE', #1079, 1000.000000000000000 ) ;
#2476 = EDGE_CURVE ( 'NONE', #1806, #2190, #2420, .T. ) ;
#2477 = VECTOR ( 'NONE', #4063, 1000.000000000000000 ) ;
#2478 = FACE_OUTER_BOUND ( 'NONE', #3046, .T. ) ;
#2479 = ADVANCED_FACE ( 'NONE', ( #3235 ), #357, .F. ) ;
#2480 = ORIENTED_EDGE ( 'NONE', *, *, #3850, .T. ) ;
#2481 = ORIENTED_EDGE ( 'NONE', *, *, #1411, .F. ) ;
#2482 = DIRECTION ( 'NONE',  ( 0.000000000000000000, -1.000000000000000000, 0.000000000000000000 ) ) ;
#2483 = DIRECTION ( 'NONE',  ( -1.000000000000000000, -6.842277657836019882E-47, 0.000000000000000000 ) ) ;
#2484 = PLANE ( 'NONE',  #1214 ) ;
#2485 = EDGE_CURVE ( 'NONE', #3183, #442, #1308, .T. ) ;
#2486 = VECTOR ( 'NONE', #1150, 1000.000000000000000 ) ;
#2487 = EDGE_LOOP ( 'NONE', ( #852, #2274, #1990, #1874 ) ) ;
#2488 = EDGE_CURVE ( 'NONE', #3990, #2502, #2628, .T. ) ;
#2489 = CARTESIAN_POINT ( 'NONE',  ( 55.50000000001369926, 6.000000000000000000, 9.900000000000000355 ) ) ;
#2490 = EDGE_CURVE ( 'NONE', #3820, #3382, #2958, .T. ) ;
#2491 = FACE_OUTER_BOUND ( 'NONE', #79, .T. ) ;
#2492 = ORIENTED_EDGE ( 'NONE', *, *, #933, .T. ) ;
#2493 = ORIENTED_EDGE ( 'NONE', *, *, #4077, .T. ) ;
#2494 = DIRECTION ( 'NONE',  ( 0.000000000000000000, -1.000000000000000000, 0.000000000000000000 ) ) ;
#2495 = AXIS2_PLACEMENT_3D ( 'NONE', #772, #2776, #393 ) ;
#2496 = CARTESIAN_POINT ( 'NONE',  ( 4.570779167104998209, -18.00000000000000000, -5.086898224234698063 ) ) ;
#2497 = COLOUR_RGB ( '',0.7921568627450980005, 0.8196078431372548767, 0.9333333333333333481 ) ;
#2498 = CARTESIAN_POINT ( 'NONE',  ( 69.29999937415115596, -3.900000000000017231, 4.500000000000000888 ) ) ;
#2499 = DIRECTION ( 'NONE',  ( 0.000000000000000000, -1.000000000000000000, 0.000000000000000000 ) ) ;
#2500 = AXIS2_PLACEMENT_3D ( 'NONE', #4108, #47, #2137 ) ;
#2501 = VECTOR ( 'NONE', #1472, 1000.000000000000000 ) ;
#2502 = VERTEX_POINT ( 'NONE', #9 ) ;
#2503 = CYLINDRICAL_SURFACE ( 'NONE', #2309, 11.40000000000000036 ) ;
#2504 = CARTESIAN_POINT ( 'NONE',  ( 76.79999999999820659, 1.500000000000079936, 13.50000000000000000 ) ) ;
#2505 = ORIENTED_EDGE ( 'NONE', *, *, #4227, .F. ) ;
#2506 = CARTESIAN_POINT ( 'NONE',  ( 92.69999937415116165, 3.899999999999973710, -7.500000000000000000 ) ) ;
#2507 = FACE_OUTER_BOUND ( 'NONE', #214, .T. ) ;
#2508 = CARTESIAN_POINT ( 'NONE',  ( -3.330669073875470016E-15, -18.00000000000000000, 1.350000000000000089 ) ) ;
#2509 = VERTEX_POINT ( 'NONE', #3043 ) ;
#2510 = CARTESIAN_POINT ( 'NONE',  ( -39.00000062584880567, -4.500000000000000000, 4.500000000000000888 ) ) ;
#2511 = EDGE_CURVE ( 'NONE', #625, #2145, #3655, .T. ) ;
#2512 = CARTESIAN_POINT ( 'NONE',  ( 117.0000000000000000, 6.000000000000000000, 9.900000000000000355 ) ) ;
#2513 = VERTEX_POINT ( 'NONE', #316 ) ;
#2514 = VERTEX_POINT ( 'NONE', #667 ) ;
#2515 = VERTEX_POINT ( 'NONE', #3018 ) ;
#2516 = DIRECTION ( 'NONE',  ( -7.395570986446990055E-32, 1.000000000000000000, 4.930380657631319405E-32 ) ) ;
#2517 = DIRECTION ( 'NONE',  ( -7.395570986446990055E-32, 1.000000000000000000, 4.930380657631318857E-32 ) ) ;
#2518 = LINE ( 'NONE', #3851, #3396 ) ;
#2519 = ORIENTED_EDGE ( 'NONE', *, *, #1716, .T. ) ;
#2520 = CARTESIAN_POINT ( 'NONE',  ( -1.013119022161208633E-16, -9.000000000000000000, 10.20000000000001350 ) ) ;
#2521 = DIRECTION ( 'NONE',  ( 0.000000000000000000, 0.000000000000000000, -1.000000000000000000 ) ) ;
#2522 = ORIENTED_EDGE ( 'NONE', *, *, #208, .F. ) ;
#2523 = EDGE_LOOP ( 'NONE', ( #1438, #3302, #3703, #1211 ) ) ;
#2524 = LINE ( 'NONE', #800, #1292 ) ;
#2525 = AXIS2_PLACEMENT_3D ( 'NONE', #1475, #128, #2835 ) ;
#2526 = DIRECTION ( 'NONE',  ( -1.000744606038948583E-33, -0.8660254037844387076, 0.4999999999999998890 ) ) ;
#2527 = EDGE_CURVE ( 'NONE', #2258, #371, #1696, .T. ) ;
#2528 = CARTESIAN_POINT ( 'NONE',  ( -26.70000000002750085, -3.085216014206189961, 13.50000000000000000 ) ) ;
#2529 = DIRECTION ( 'NONE',  ( -2.220446049250309876E-16, 1.000000000000000000, 5.468348304142549928E-47 ) ) ;
#2530 = VECTOR ( 'NONE', #1181, 999.9999999999998863 ) ;
#2531 = VERTEX_POINT ( 'NONE', #647 ) ;
#2532 = EDGE_CURVE ( 'NONE', #2096, #3572, #342, .T. ) ;
#2533 = DIRECTION ( 'NONE',  ( 1.000000000000000000, 0.000000000000000000, 0.000000000000000000 ) ) ;
#2534 = CARTESIAN_POINT ( 'NONE',  ( -66.00000000000000000, 5.700000000000000178, -8.450062914116722856E-16 ) ) ;
#2535 = EDGE_CURVE ( 'NONE', #2343, #3365, #2711, .T. ) ;
#2536 = ORIENTED_EDGE ( 'NONE', *, *, #757, .F. ) ;
#2537 = EDGE_LOOP ( 'NONE', ( #4241, #2166, #3859, #751 ) ) ;
#2538 = CARTESIAN_POINT ( 'NONE',  ( -9.900000000000000355, 3.515454429980219953, 13.50000000000000000 ) ) ;
#2539 = DIRECTION ( 'NONE',  ( -0.8712476277444827222, 0.4908437339414767897, 0.000000000000000000 ) ) ;
#2540 = AXIS2_PLACEMENT_3D ( 'NONE', #1801, #3125, #1467 ) ;
#2541 = CARTESIAN_POINT ( 'NONE',  ( 72.46410098928900823, -1.035898384861968058, 7.500000000000000000 ) ) ;
#2542 = VERTEX_POINT ( 'NONE', #1656 ) ;
#2543 = EDGE_CURVE ( 'NONE', #1951, #842, #1675, .T. ) ;
#2544 = CIRCLE ( 'NONE', #1637, 1.000000000000000000 ) ;
#2545 = CARTESIAN_POINT ( 'NONE',  ( 52.49999999995599609, -3.433260614196565363, 13.50000000000000000 ) ) ;
#2546 = VERTEX_POINT ( 'NONE', #2673 ) ;
#2547 = CARTESIAN_POINT ( 'NONE',  ( -63.60000000000000142, 5.916457635513519731E-30, 7.518830502887701333E-31 ) ) ;
#2548 = VECTOR ( 'NONE', #2517, 1000.000000000000000 ) ;
#2549 = CARTESIAN_POINT ( 'NONE',  ( 120.0000000000000000, -9.000000000000000000, -7.500000000000000000 ) ) ;
#2550 = LINE ( 'NONE', #3884, #1824 ) ;
#2551 = CYLINDRICAL_SURFACE ( 'NONE', #1347, 11.40000000000000036 ) ;
#2552 = EDGE_CURVE ( 'NONE', #1650, #2443, #1023, .T. ) ;
#2553 = ORIENTED_EDGE ( 'NONE', *, *, #2240, .F. ) ;
#2554 = AXIS2_PLACEMENT_3D ( 'NONE', #2758, #1104, #3767 ) ;
#2555 = LINE ( 'NONE', #193, #928 ) ;
#2556 = CARTESIAN_POINT ( 'NONE',  ( 98.49894742673220094, -9.000000000000000000, -7.500000000000000000 ) ) ;
#2557 = ADVANCED_FACE ( 'NONE', ( #2366 ), #3368, .F. ) ;
#2558 = ORIENTED_EDGE ( 'NONE', *, *, #344, .F. ) ;
#2559 = VERTEX_POINT ( 'NONE', #2011 ) ;
#2560 = CARTESIAN_POINT ( 'NONE',  ( 52.49999999995599609, -3.433260614196565363, 13.50000000000000000 ) ) ;
#2561 = DIRECTION ( 'NONE',  ( 0.000000000000000000, -1.000000000000000000, -2.465190328815660250E-32 ) ) ;
#2562 = DIRECTION ( 'NONE',  ( -1.000000000000000000, 0.000000000000000000, 0.000000000000000000 ) ) ;
#2563 = CARTESIAN_POINT ( 'NONE',  ( -9.900000000000000355, 3.515454429980219953, 13.50000000000000000 ) ) ;
#2564 = ORIENTED_EDGE ( 'NONE', *, *, #3922, .T. ) ;
#2565 = LINE ( 'NONE', #2953, #480 ) ;
#2566 = EDGE_CURVE ( 'NONE', #3441, #819, #3347, .T. ) ;
#2567 = DIRECTION ( 'NONE',  ( 9.122861196634139130E-13, 1.000000000000000000, 0.000000000000000000 ) ) ;
#2568 = AXIS2_PLACEMENT_3D ( 'NONE', #243, #3191, #263 ) ;
#2569 = VECTOR ( 'NONE', #2856, 1000.000000000000000 ) ;
#2570 = PRESENTATION_LAYER_ASSIGNMENT (  '', '', ( #1862 ) ) ;
#2571 = ORIENTED_EDGE ( 'NONE', *, *, #2680, .T. ) ;
#2572 = EDGE_CURVE ( 'NONE', #1771, #3172, #714, .T. ) ;
#2573 = DIRECTION ( 'NONE',  ( -1.027984282060329919E-17, 1.000000000000000000, 0.000000000000000000 ) ) ;
#2574 = CARTESIAN_POINT ( 'NONE',  ( -39.00000062584880567, 4.500000000000000000, 1.500000000000000000 ) ) ;
#2575 = DIRECTION ( 'NONE',  ( 0.000000000000000000, 0.000000000000000000, 1.000000000000000000 ) ) ;
#2576 = VECTOR ( 'NONE', #2090, 1000.000000000000114 ) ;
#2577 = VERTEX_POINT ( 'NONE', #3394 ) ;
#2578 = FACE_OUTER_BOUND ( 'NONE', #2612, .T. ) ;
#2579 = DIRECTION ( 'NONE',  ( 1.000000000000000000, 7.395570986446990055E-32, -3.694829935231450289E-47 ) ) ;
#2580 = CARTESIAN_POINT ( 'NONE',  ( -12.90000000000000036, 6.042608007106919921, 13.50000000000000000 ) ) ;
#2581 = DIRECTION ( 'NONE',  ( 0.000000000000000000, 0.000000000000000000, 1.000000000000000000 ) ) ;
#2582 = DIRECTION ( 'NONE',  ( 0.000000000000000000, 2.465190328815659976E-32, -1.000000000000000000 ) ) ;
#2583 = VECTOR ( 'NONE', #2335, 1000.000000000000000 ) ;
#2584 = ORIENTED_EDGE ( 'NONE', *, *, #1970, .T. ) ;
#2585 = DIRECTION ( 'NONE',  ( 0.000000000000000000, 0.000000000000000000, -1.000000000000000000 ) ) ;
#2586 = LINE ( 'NONE', #909, #1735 ) ;
#2587 = DIRECTION ( 'NONE',  ( 0.000000000000000000, 2.465190328815659976E-32, -1.000000000000000000 ) ) ;
#2588 = ORIENTED_EDGE ( 'NONE', *, *, #3068, .T. ) ;
#2589 = ORIENTED_EDGE ( 'NONE', *, *, #2092, .F. ) ;
#2590 = LINE ( 'NONE', #3233, #305 ) ;
#2591 = DIRECTION ( 'NONE',  ( 1.000000000000000000, -2.965339275174028054E-16, 0.000000000000000000 ) ) ;
#2592 = CIRCLE ( 'NONE', #3707, 6.000000000000002665 ) ;
#2593 = CARTESIAN_POINT ( 'NONE',  ( -15.30000062584874954, -3.899999999999999911, 4.500000000000000888 ) ) ;
#2594 = AXIS2_PLACEMENT_3D ( 'NONE', #3888, #2906, #898 ) ;
#2595 = FACE_OUTER_BOUND ( 'NONE', #1486, .T. ) ;
#2596 = VERTEX_POINT ( 'NONE', #4051 ) ;
#2597 = ORIENTED_EDGE ( 'NONE', *, *, #3853, .F. ) ;
#2598 = VERTEX_POINT ( 'NONE', #2056 ) ;
#2599 = CARTESIAN_POINT ( 'NONE',  ( -0.8603182915188120061, -1.242272785009890024, 9.900000000000000355 ) ) ;
#2600 = LINE ( 'NONE', #2251, #759 ) ;
#2601 = FACE_OUTER_BOUND ( 'NONE', #1724, .T. ) ;
#2602 =( NAMED_UNIT ( * ) PLANE_ANGLE_UNIT ( ) SI_UNIT ( $, .RADIAN. ) );
#2603 = CARTESIAN_POINT ( 'NONE',  ( 31.20000000001019913, 3.433260614208859973, 13.50000000000000000 ) ) ;
#2604 = AXIS2_PLACEMENT_3D ( 'NONE', #377, #2691, #1062 ) ;
#2605 = FACE_OUTER_BOUND ( 'NONE', #2985, .T. ) ;
#2606 = ORIENTED_EDGE ( 'NONE', *, *, #1969, .T. ) ;
#2607 = DIRECTION ( 'NONE',  ( -1.000000000000000000, 0.000000000000000000, 0.000000000000000000 ) ) ;
#2608 = EDGE_CURVE ( 'NONE', #1751, #3551, #2387, .T. ) ;
#2609 = EDGE_CURVE ( 'NONE', #2399, #1368, #4309, .T. ) ;
#2610 = DIRECTION ( 'NONE',  ( -7.395570986446990055E-32, 1.000000000000000000, 4.930380657631319405E-32 ) ) ;
#2611 = DIRECTION ( 'NONE',  ( 7.395570986446990055E-32, -1.000000000000000000, -4.930380657631319405E-32 ) ) ;
#2612 = EDGE_LOOP ( 'NONE', ( #715, #2373, #3639 ) ) ;
#2613 = CARTESIAN_POINT ( 'NONE',  ( 31.20000000001014939, -6.000000000000000000, 13.50000000000000000 ) ) ;
#2614 = VECTOR ( 'NONE', #4228, 1000.000000000000000 ) ;
#2615 = ADVANCED_FACE ( 'NONE', ( #2298 ), #1971, .F. ) ;
#2616 = FACE_OUTER_BOUND ( 'NONE', #799, .T. ) ;
#2617 = ADVANCED_FACE ( 'NONE', ( #77, #2102, #2146, #101, #1743, #3835, #138, #1152, #1430, #4075, #2762, #4095, #777, #3438, #1109, #4117, #119 ), #2168, .T. ) ;
#2618 = ORIENTED_EDGE ( 'NONE', *, *, #1452, .F. ) ;
#2619 = EDGE_LOOP ( 'NONE', ( #3264, #314, #2693, #3395 ) ) ;
#2620 = EDGE_CURVE ( 'NONE', #3092, #625, #1404, .T. ) ;
#2621 = FACE_BOUND ( 'NONE', #679, .T. ) ;
#2622 = DIRECTION ( 'NONE',  ( -4.563968250944789488E-12, -1.000000000000000000, 0.000000000000000000 ) ) ;
#2623 = LINE ( 'NONE', #657, #540 ) ;
#2624 = CARTESIAN_POINT ( 'NONE',  ( 12.90000000000000036, 2.783369692896864755, 13.50000000000000000 ) ) ;
#2625 = DIRECTION ( 'NONE',  ( 0.000000000000000000, -1.000000000000000000, 0.000000000000000000 ) ) ;
#2626 = ORIENTED_EDGE ( 'NONE', *, *, #2342, .F. ) ;
#2627 = VECTOR ( 'NONE', #1219, 1000.000000000000000 ) ;
#2628 = LINE ( 'NONE', #2035, #3367 ) ;
#2629 = COLOUR_RGB ( '',0.7921568627450980005, 0.8196078431372548767, 0.9333333333333333481 ) ;
#2630 = ORIENTED_EDGE ( 'NONE', *, *, #1389, .F. ) ;
#2631 = VECTOR ( 'NONE', #2001, 1000.000000000000000 ) ;
#2632 = ADVANCED_FACE ( 'NONE', ( #3480 ), #2736, .F. ) ;
#2633 = CIRCLE ( 'NONE', #3676, 11.40000000000000036 ) ;
#2634 = AXIS2_PLACEMENT_3D ( 'NONE', #3646, #332, #2494 ) ;
#2635 = CARTESIAN_POINT ( 'NONE',  ( 68.99999937415140039, -4.499999999999724665, 1.500000000000000000 ) ) ;
#2636 = DIRECTION ( 'NONE',  ( -2.220446049250309876E-16, -1.000000000000000000, -5.468348304142549928E-47 ) ) ;
#2637 = ORIENTED_EDGE ( 'NONE', *, *, #2532, .F. ) ;
#2638 = ORIENTED_EDGE ( 'NONE', *, *, #2293, .F. ) ;
#2639 = EDGE_CURVE ( 'NONE', #3360, #2531, #2409, .T. ) ;
#2640 = LINE ( 'NONE', #2329, #379 ) ;
#2641 = DIRECTION ( 'NONE',  ( 0.000000000000000000, 2.465190328815659976E-32, -1.000000000000000000 ) ) ;
#2642 = CARTESIAN_POINT ( 'NONE',  ( -18.46410224098649877, 1.035898384862244059, 7.500000000000000000 ) ) ;
#2643 = DIRECTION ( 'NONE',  ( 0.000000000000000000, -1.000000000000000000, -2.465190328815659702E-32 ) ) ;
#2644 = ORIENTED_EDGE ( 'NONE', *, *, #2342, .T. ) ;
#2645 = CARTESIAN_POINT ( 'NONE',  ( 117.0000000000000000, -6.000000000000000000, 13.50000000000000000 ) ) ;
#2646 = DIRECTION ( 'NONE',  ( -0.8712476277444827222, 0.4908437339414767897, 3.219111815989698189E-47 ) ) ;
#2647 = DIRECTION ( 'NONE',  ( -6.842277657836019882E-47, 1.000000000000000000, 5.468348304142539232E-47 ) ) ;
#2648 = ORIENTED_EDGE ( 'NONE', *, *, #1065, .T. ) ;
#2649 = VERTEX_POINT ( 'NONE', #4155 ) ;
#2650 = CARTESIAN_POINT ( 'NONE',  ( 9.501052573267859458, -18.00000000000000000, -7.500000000000000000 ) ) ;
#2651 = DIRECTION ( 'NONE',  ( -0.4908437339418451617, 0.8712476277442752215, 0.000000000000000000 ) ) ;
#2652 = VERTEX_POINT ( 'NONE', #3148 ) ;
#2653 = EDGE_CURVE ( 'NONE', #2840, #565, #3296, .T. ) ;
#2654 = EDGE_CURVE ( 'NONE', #2786, #2070, #3459, .T. ) ;
#2655 = DIRECTION ( 'NONE',  ( -0.8660254037844387076, -1.232595164407828893E-32, 0.4999999999999998890 ) ) ;
#2656 = DIRECTION ( 'NONE',  ( 0.000000000000000000, 0.000000000000000000, 1.000000000000000000 ) ) ;
#2657 = VERTEX_POINT ( 'NONE', #2828 ) ;
#2658 = ADVANCED_FACE ( 'NONE', ( #3086 ), #1448, .F. ) ;
#2659 = ORIENTED_EDGE ( 'NONE', *, *, #3887, .T. ) ;
#2660 = VECTOR ( 'NONE', #2473, 1000.000000000000000 ) ;
#2661 = DIRECTION ( 'NONE',  ( 0.000000000000000000, -1.000000000000000000, 0.000000000000000000 ) ) ;
#2662 = AXIS2_PLACEMENT_3D ( 'NONE', #3908, #3176, #1613 ) ;
#2663 = DIRECTION ( 'NONE',  ( 1.000000000000000000, 3.469446951953610245E-16, -3.284293275761290010E-47 ) ) ;
#2664 = EDGE_CURVE ( 'NONE', #1376, #2901, #4206, .T. ) ;
#2665 = VECTOR ( 'NONE', #1681, 1000.000000000000114 ) ;
#2666 = VERTEX_POINT ( 'NONE', #454 ) ;
#2667 = DIRECTION ( 'NONE',  ( 1.502314598737157552E-16, -0.8660254037844387076, 0.4999999999999998890 ) ) ;
#2668 = DIRECTION ( 'NONE',  ( 0.000000000000000000, 0.000000000000000000, -1.000000000000000000 ) ) ;
#2669 = DIRECTION ( 'NONE',  ( 7.383753479102818642E-62, 1.000000000000000000, 2.465190328815659976E-32 ) ) ;
#2670 = ADVANCED_FACE ( 'NONE', ( #2478 ), #1174, .F. ) ;
#2671 = ORIENTED_EDGE ( 'NONE', *, *, #2639, .F. ) ;
#2672 = DIRECTION ( 'NONE',  ( -0.000000000000000000, 1.000000000000000000, -0.000000000000000000 ) ) ;
#2673 = CARTESIAN_POINT ( 'NONE',  ( -15.00000062584880034, -4.500000000000000000, -7.500000000000000000 ) ) ;
#2674 = VECTOR ( 'NONE', #1386, 1000.000000000000000 ) ;
#2675 = PLANE ( 'NONE',  #2155 ) ;
#2676 = CARTESIAN_POINT ( 'NONE',  ( 9.900000000000000355, -3.515454430028559951, 9.900000000000000355 ) ) ;
#2677 = ORIENTED_EDGE ( 'NONE', *, *, #3976, .T. ) ;
#2678 = ORIENTED_EDGE ( 'NONE', *, *, #2383, .T. ) ;
#2679 = ORIENTED_EDGE ( 'NONE', *, *, #1698, .F. ) ;
#2680 = EDGE_CURVE ( 'NONE', #1771, #2389, #2803, .T. ) ;
#2681 = DIRECTION ( 'NONE',  ( 0.4908437339404999600, 0.8712476277450330597, 0.000000000000000000 ) ) ;
#2682 = CARTESIAN_POINT ( 'NONE',  ( 114.0000000000000000, 18.00000000000000000, -1.199999999999987299 ) ) ;
#2683 = DIRECTION ( 'NONE',  ( 0.000000000000000000, 0.000000000000000000, -1.000000000000000000 ) ) ;
#2684 = FACE_OUTER_BOUND ( 'NONE', #930, .T. ) ;
#2685 = DIRECTION ( 'NONE',  ( -1.000000000000000000, -3.038581678643130202E-64, 1.232595164407829988E-32 ) ) ;
#2686 = CARTESIAN_POINT ( 'NONE',  ( 98.10000000000000853, 6.000000000000000000, 13.50000000000000000 ) ) ;
#2687 = ORIENTED_EDGE ( 'NONE', *, *, #2933, .F. ) ;
#2688 = ORIENTED_EDGE ( 'NONE', *, *, #2242, .T. ) ;
#2689 = DIRECTION ( 'NONE',  ( 0.000000000000000000, 4.930380657631319405E-32, -1.000000000000000000 ) ) ;
#2690 = EDGE_CURVE ( 'NONE', #2389, #2908, #817, .T. ) ;
#2691 = DIRECTION ( 'NONE',  ( 0.000000000000000000, 0.000000000000000000, -1.000000000000000000 ) ) ;
#2692 = ORIENTED_EDGE ( 'NONE', *, *, #92, .F. ) ;
#2693 = ORIENTED_EDGE ( 'NONE', *, *, #2408, .T. ) ;
#2694 = VECTOR ( 'NONE', #3342, 1000.000000000000000 ) ;
#2695 = CARTESIAN_POINT ( 'NONE',  ( -3.330669073875470016E-15, -9.000000000000000000, -1.199999999999987965 ) ) ;
#2696 = FACE_OUTER_BOUND ( 'NONE', #1989, .T. ) ;
#2697 = DIRECTION ( 'NONE',  ( -7.395570986446990055E-32, 1.000000000000000000, 4.930380657631318857E-32 ) ) ;
#2698 = VECTOR ( 'NONE', #616, 1000.000000000000000 ) ;
#2699 = VECTOR ( 'NONE', #3128, 1000.000000000000000 ) ;
#2700 = CARTESIAN_POINT ( 'NONE',  ( -47.13863134799179733, 5.684238405628970092, 13.50000000000000000 ) ) ;
#2701 = ADVANCED_FACE ( 'NONE', ( #3503 ), #3901, .T. ) ;
#2702 = DIRECTION ( 'NONE',  ( -1.000000000000000000, -3.469446951953610245E-16, 3.284293275761290010E-47 ) ) ;
#2703 = ORIENTED_EDGE ( 'NONE', *, *, #2021, .F. ) ;
#2704 = VERTEX_POINT ( 'NONE', #1927 ) ;
#2705 = ORIENTED_EDGE ( 'NONE', *, *, #3625, .F. ) ;
#2706 = CARTESIAN_POINT ( 'NONE',  ( 120.0000000000000000, -9.000000000000000000, 13.50000000000000000 ) ) ;
#2707 = CARTESIAN_POINT ( 'NONE',  ( -5.332575694955830947, -18.00000000000000000, -5.734714594940487409 ) ) ;
#2708 = DIRECTION ( 'NONE',  ( -1.000000000000000000, 0.000000000000000000, 0.000000000000000000 ) ) ;
#2709 = ORIENTED_EDGE ( 'NONE', *, *, #2159, .F. ) ;
#2710 = CARTESIAN_POINT ( 'NONE',  ( -12.90000000000000036, 3.085216014213819857, 9.900000000000000355 ) ) ;
#2711 = LINE ( 'NONE', #3677, #506 ) ;
#2712 = ORIENTED_EDGE ( 'NONE', *, *, #2446, .T. ) ;
#2713 = AXIS2_PLACEMENT_3D ( 'NONE', #1434, #4055, #1136 ) ;
#2714 = VECTOR ( 'NONE', #1555, 1000.000000000000000 ) ;
#2715 = EDGE_LOOP ( 'NONE', ( #1598, #2759, #733, #2703 ) ) ;
#2716 = EDGE_CURVE ( 'NONE', #3335, #665, #2935, .T. ) ;
#2717 = VERTEX_POINT ( 'NONE', #929 ) ;
#2718 = DIRECTION ( 'NONE',  ( 0.000000000000000000, 1.110223024625159992E-16, -1.000000000000000000 ) ) ;
#2719 = PLANE ( 'NONE',  #1000 ) ;
#2720 = VERTEX_POINT ( 'NONE', #3925 ) ;
#2721 = CARTESIAN_POINT ( 'NONE',  ( -9.900000000000000355, 1.500000000000000000, 13.50000000000000000 ) ) ;
#2722 = CARTESIAN_POINT ( 'NONE',  ( 4.582575694955828283, -18.00000000000000000, -6.396152422706633089 ) ) ;
#2723 = FACE_OUTER_BOUND ( 'NONE', #2019, .T. ) ;
#2724 = LINE ( 'NONE', #3739, #698 ) ;
#2725 = ORIENTED_EDGE ( 'NONE', *, *, #2690, .F. ) ;
#2726 = EDGE_CURVE ( 'NONE', #1853, #1054, #206, .T. ) ;
#2727 = PLANE ( 'NONE',  #967 ) ;
#2728 = CIRCLE ( 'NONE', #3568, 5.700000000000000178 ) ;
#2729 = DIRECTION ( 'NONE',  ( -1.000000000000000000, 0.000000000000000000, 0.000000000000000000 ) ) ;
#2730 = CARTESIAN_POINT ( 'NONE',  ( 73.79999999999820659, 3.433260614231660401, 13.50000000000000000 ) ) ;
#2731 = EDGE_CURVE ( 'NONE', #2179, #2966, #4198, .T. ) ;
#2732 = ORIENTED_EDGE ( 'NONE', *, *, #2804, .T. ) ;
#2733 = VECTOR ( 'NONE', #3200, 1000.000000000000000 ) ;
#2734 = ORIENTED_EDGE ( 'NONE', *, *, #3635, .F. ) ;
#2735 = FACE_OUTER_BOUND ( 'NONE', #2860, .T. ) ;
#2736 = PLANE ( 'NONE',  #1010 ) ;
#2737 = VERTEX_POINT ( 'NONE', #265 ) ;
#2738 = ORIENTED_EDGE ( 'NONE', *, *, #2077, .F. ) ;
#2739 = LINE ( 'NONE', #3397, #479 ) ;
#2740 = VECTOR ( 'NONE', #3749, 1000.000000000000000 ) ;
#2741 = CARTESIAN_POINT ( 'NONE',  ( 76.79999999999820659, 3.433260614214745043, 13.50000000000000000 ) ) ;
#2742 = ORIENTED_EDGE ( 'NONE', *, *, #1527, .F. ) ;
#2743 = AXIS2_PLACEMENT_3D ( 'NONE', #2547, #2219, #438 ) ;
#2744 = ADVANCED_FACE ( 'NONE', ( #2605 ), #3580, .F. ) ;
#2745 = APPLICATION_CONTEXT ( 'automotive_design' ) ;
#2746 = ADVANCED_FACE ( 'NONE', ( #3856 ), #2214, .F. ) ;
#2747 = LINE ( 'NONE', #3058, #3735 ) ;
#2748 = CARTESIAN_POINT ( 'NONE',  ( 12.90000000000000036, 6.000000000000000000, 13.50000000000000000 ) ) ;
#2749 = ORIENTED_EDGE ( 'NONE', *, *, #3439, .T. ) ;
#2750 = EDGE_CURVE ( 'NONE', #4189, #238, #3213, .T. ) ;
#2751 = EDGE_CURVE ( 'NONE', #4246, #2190, #3601, .T. ) ;
#2752 = ORIENTED_EDGE ( 'NONE', *, *, #382, .T. ) ;
#2753 = AXIS2_PLACEMENT_3D ( 'NONE', #534, #3199, #4223 ) ;
#2754 = CARTESIAN_POINT ( 'NONE',  ( 5.332575694955830947, -18.00000000000000000, -5.734714594940487409 ) ) ;
#2755 = CARTESIAN_POINT ( 'NONE',  ( 108.0000000000000000, -9.000000000000000000, -1.199999999999981970 ) ) ;
#2756 = VECTOR ( 'NONE', #2951, 1000.000000000000000 ) ;
#2757 = PRESENTATION_STYLE_ASSIGNMENT (( #432 ) ) ;
#2758 = CARTESIAN_POINT ( 'NONE',  ( -9.900000000000000355, -6.000000000000000000, 13.50000000000000000 ) ) ;
#2759 = ORIENTED_EDGE ( 'NONE', *, *, #3113, .T. ) ;
#2760 = FACE_OUTER_BOUND ( 'NONE', #4121, .T. ) ;
#2761 = AXIS2_PLACEMENT_3D ( 'NONE', #750, #813, #416 ) ;
#2762 = FACE_BOUND ( 'NONE', #3949, .T. ) ;
#2763 = EDGE_LOOP ( 'NONE', ( #2325, #1245, #2228, #437 ) ) ;
#2764 = ORIENTED_EDGE ( 'NONE', *, *, #1755, .T. ) ;
#2765 = EDGE_LOOP ( 'NONE', ( #59, #669, #1571, #3331 ) ) ;
#2766 = FACE_OUTER_BOUND ( 'NONE', #691, .T. ) ;
#2767 = ADVANCED_FACE ( 'NONE', ( #885 ), #1285, .F. ) ;
#2768 = ORIENTED_EDGE ( 'NONE', *, *, #2413, .F. ) ;
#2769 = ORIENTED_EDGE ( 'NONE', *, *, #3234, .T. ) ;
#2770 = DIRECTION ( 'NONE',  ( 1.000000000000000000, 7.395570986446990055E-32, -3.694829935231450289E-47 ) ) ;
#2771 = CARTESIAN_POINT ( 'NONE',  ( 117.0000000000000000, 6.000000000000000000, 9.900000000000000355 ) ) ;
#2772 = CONICAL_SURFACE ( 'NONE', #1035, 6.899999999999999467, 0.7853981633974476129 ) ;
#2773 = FACE_OUTER_BOUND ( 'NONE', #3936, .T. ) ;
#2774 = CARTESIAN_POINT ( 'NONE',  ( -15.00000062584870086, 4.500000000000000000, 4.500000000000000888 ) ) ;
#2775 = DIRECTION ( 'NONE',  ( 1.000000000000000000, 6.842277657836019882E-47, 0.000000000000000000 ) ) ;
#2776 = DIRECTION ( 'NONE',  ( 1.000000000000000000, 0.000000000000000000, 0.000000000000000000 ) ) ;
#2777 = VECTOR ( 'NONE', #744, 1000.000000000000000 ) ;
#2778 = LINE ( 'NONE', #3455, #3289 ) ;
#2779 = ORIENTED_EDGE ( 'NONE', *, *, #163, .F. ) ;
#2780 = DIRECTION ( 'NONE',  ( -3.469446951953609258E-17, 1.000000000000000000, 0.000000000000000000 ) ) ;
#2781 = CARTESIAN_POINT ( 'NONE',  ( 3.750000000006839862, 6.000000000000000000, 13.50000000000000000 ) ) ;
#2782 = LINE ( 'NONE', #2390, #1609 ) ;
#2783 = CARTESIAN_POINT ( 'NONE',  ( 68.99999937415108775, 4.499999999999984013, 4.500000000000000888 ) ) ;
#2784 = CARTESIAN_POINT ( 'NONE',  ( 117.0000000000000000, 6.000000000000000000, 9.900000000000000355 ) ) ;
#2785 = EDGE_CURVE ( 'NONE', #1684, #1221, #1514, .T. ) ;
#2786 = VERTEX_POINT ( 'NONE', #2545 ) ;
#2787 = ORIENTED_EDGE ( 'NONE', *, *, #167, .T. ) ;
#2788 = CARTESIAN_POINT ( 'NONE',  ( -3.330669073875470016E-15, -18.00000000000000000, -1.199999999999987965 ) ) ;
#2789 = FILL_AREA_STYLE ('',( #724 ) ) ;
#2790 = CARTESIAN_POINT ( 'NONE',  ( 103.4174243050441646, 18.00000000000000000, -6.396152422706645524 ) ) ;
#2791 = CARTESIAN_POINT ( 'NONE',  ( -15.00000062584880034, -4.500000000000000000, 1.500000000000000000 ) ) ;
#2792 = DIRECTION ( 'NONE',  ( 2.220446049250309876E-16, -1.000000000000000000, -5.468348304142549928E-47 ) ) ;
#2793 = VERTEX_POINT ( 'NONE', #574 ) ;
#2794 = EDGE_CURVE ( 'NONE', #966, #2737, #3527, .T. ) ;
#2795 = ORIENTED_EDGE ( 'NONE', *, *, #4116, .T. ) ;
#2796 = DIRECTION ( 'NONE',  ( -7.395570986446990055E-32, 1.000000000000000000, 4.930380657631318857E-32 ) ) ;
#2797 = EDGE_CURVE ( 'NONE', #3990, #672, #2276, .T. ) ;
#2798 = DIRECTION ( 'NONE',  ( -1.000000000000000000, -6.842277657836019882E-47, 0.000000000000000000 ) ) ;
#2799 = AXIS2_PLACEMENT_3D ( 'NONE', #3967, #983, #359 ) ;
#2800 = CARTESIAN_POINT ( 'NONE',  ( 98.10000000000000853, -3.377375036177979961, 9.900000000000000355 ) ) ;
#2801 = ORIENTED_EDGE ( 'NONE', *, *, #3701, .T. ) ;
#2802 = DIRECTION ( 'NONE',  ( 1.000000000000000000, 0.000000000000000000, 0.000000000000000000 ) ) ;
#2803 = LINE ( 'NONE', #4134, #3864 ) ;
#2804 = EDGE_CURVE ( 'NONE', #2812, #2070, #2915, .T. ) ;
#2805 = EDGE_LOOP ( 'NONE', ( #2253, #1718, #1905, #3185 ) ) ;
#2806 = VECTOR ( 'NONE', #4058, 1000.000000000000000 ) ;
#2807 = EDGE_CURVE ( 'NONE', #2704, #3827, #4220, .T. ) ;
#2808 = DIRECTION ( 'NONE',  ( 1.000000000000000000, 1.027984282060329919E-17, -3.694829935231450289E-47 ) ) ;
#2809 = LINE ( 'NONE', #3485, #2072 ) ;
#2810 = DIRECTION ( 'NONE',  ( 7.395570986446990055E-32, -1.000000000000000000, -4.930380657631319405E-32 ) ) ;
#2811 = EDGE_LOOP ( 'NONE', ( #1160, #3336, #267 ) ) ;
#2812 = VERTEX_POINT ( 'NONE', #504 ) ;
#2813 = DIRECTION ( 'NONE',  ( -1.000000000000000000, -6.842277657836019882E-47, 3.694829935231450289E-47 ) ) ;
#2814 =( NAMED_UNIT ( * ) PLANE_ANGLE_UNIT ( ) SI_UNIT ( $, .RADIAN. ) );
#2815 = FACE_OUTER_BOUND ( 'NONE', #2120, .T. ) ;
#2816 = PLANE ( 'NONE',  #3854 ) ;
#2817 = EDGE_LOOP ( 'NONE', ( #4041, #98, #477 ) ) ;
#2818 = EDGE_CURVE ( 'NONE', #2343, #3982, #4176, .T. ) ;
#2819 = ORIENTED_EDGE ( 'NONE', *, *, #4020, .T. ) ;
#2820 = ORIENTED_EDGE ( 'NONE', *, *, #2731, .F. ) ;
#2821 = FACE_OUTER_BOUND ( 'NONE', #3772, .T. ) ;
#2822 = DIRECTION ( 'NONE',  ( 0.000000000000000000, 0.000000000000000000, -1.000000000000000000 ) ) ;
#2823 = DIRECTION ( 'NONE',  ( 6.842277657836019882E-47, -1.000000000000000000, 0.000000000000000000 ) ) ;
#2824 = DIRECTION ( 'NONE',  ( 0.000000000000000000, 0.000000000000000000, -1.000000000000000000 ) ) ;
#2825 = CARTESIAN_POINT ( 'NONE',  ( 76.79999999999820659, -6.000000000000000000, 13.50000000000000000 ) ) ;
#2826 = VECTOR ( 'NONE', #68, 1000.000000000000000 ) ;
#2827 = VECTOR ( 'NONE', #1337, 1000.000000000000000 ) ;
#2828 = CARTESIAN_POINT ( 'NONE',  ( -1.013119022161208633E-16, 18.00000000000000000, 10.20000000000001350 ) ) ;
#2829 = VERTEX_POINT ( 'NONE', #554 ) ;
#2830 = ORIENTED_EDGE ( 'NONE', *, *, #435, .F. ) ;
#2831 = EDGE_CURVE ( 'NONE', #1296, #299, #1882, .T. ) ;
#2832 = LINE ( 'NONE', #2506, #3521 ) ;
#2833 = CARTESIAN_POINT ( 'NONE',  ( -42.41930241988914929, 6.000000000000000000, 13.50000000000000000 ) ) ;
#2834 = DIRECTION ( 'NONE',  ( 7.395570986446980202E-32, 1.000000000000000000, 9.251858538542969116E-17 ) ) ;
#2835 = DIRECTION ( 'NONE',  ( -1.000000000000000000, 0.000000000000000000, -0.000000000000000000 ) ) ;
#2836 = EDGE_LOOP ( 'NONE', ( #696, #3663, #2918 ) ) ;
#2837 = ORIENTED_EDGE ( 'NONE', *, *, #3571, .F. ) ;
#2838 = DIRECTION ( 'NONE',  ( 1.000000000000000000, -6.981082385088409593E-12, 0.000000000000000000 ) ) ;
#2839 = LINE ( 'NONE', #4169, #360 ) ;
#2840 = VERTEX_POINT ( 'NONE', #1966 ) ;
#2841 = FACE_OUTER_BOUND ( 'NONE', #3020, .T. ) ;
#2842 = EDGE_CURVE ( 'NONE', #2070, #4053, #995, .T. ) ;
#2843 = CARTESIAN_POINT ( 'NONE',  ( 12.90000000000000036, -3.433260614206260275, 13.50000000000000000 ) ) ;
#2844 = DIRECTION ( 'NONE',  ( 0.4657464328326229586, 0.8849182223819820337, 0.000000000000000000 ) ) ;
#2845 = VECTOR ( 'NONE', #2299, 1000.000000000000000 ) ;
#2846 = CARTESIAN_POINT ( 'NONE',  ( 103.4292208328949840, 18.00000000000000000, -5.086898224234707833 ) ) ;
#2847 = VECTOR ( 'NONE', #2663, 1000.000000000000000 ) ;
#2848 = CIRCLE ( 'NONE', #123, 11.40000000000000036 ) ;
#2849 = VERTEX_POINT ( 'NONE', #2996 ) ;
#2850 = VECTOR ( 'NONE', #2796, 1000.000000000000000 ) ;
#2851 = DIRECTION ( 'NONE',  ( -1.000000000000000000, -6.842277657836019882E-47, 3.694829935231450289E-47 ) ) ;
#2852 = ORIENTED_EDGE ( 'NONE', *, *, #3319, .T. ) ;
#2853 = EDGE_CURVE ( 'NONE', #2666, #578, #4280, .T. ) ;
#2854 = VERTEX_POINT ( 'NONE', #25 ) ;
#2855 = DIRECTION ( 'NONE',  ( 0.000000000000000000, 0.000000000000000000, -1.000000000000000000 ) ) ;
#2856 = DIRECTION ( 'NONE',  ( 0.000000000000000000, 2.465190328815659976E-32, -1.000000000000000000 ) ) ;
#2857 = DIRECTION ( 'NONE',  ( -7.395570986446990055E-32, 1.000000000000000000, 4.930380657631319405E-32 ) ) ;
#2858 = DIRECTION ( 'NONE',  ( 2.832769448823990301E-16, 0.000000000000000000, 1.000000000000000000 ) ) ;
#2859 = EDGE_CURVE ( 'NONE', #1678, #2509, #1344, .T. ) ;
#2860 = EDGE_LOOP ( 'NONE', ( #2084, #1484, #753, #2493 ) ) ;
#2861 = DIRECTION ( 'NONE',  ( 0.000000000000000000, -1.000000000000000000, -2.465190328815659976E-32 ) ) ;
#2862 = CARTESIAN_POINT ( 'NONE',  ( 31.20000000001014939, -6.000000000000000000, 9.900000000000000355 ) ) ;
#2863 = DIRECTION ( 'NONE',  ( -4.563968250944789488E-12, -1.000000000000000000, 0.000000000000000000 ) ) ;
#2864 = EDGE_CURVE ( 'NONE', #3836, #2866, #3606, .T. ) ;
#2865 = VERTEX_POINT ( 'NONE', #1323 ) ;
#2866 = VERTEX_POINT ( 'NONE', #353 ) ;
#2867 = ORIENTED_EDGE ( 'NONE', *, *, #3242, .T. ) ;
#2868 = EDGE_LOOP ( 'NONE', ( #1005, #4118, #3795, #3324 ) ) ;
#2869 = CARTESIAN_POINT ( 'NONE',  ( 72.46410098928900823, 1.035898384862525834, 7.500000000000000000 ) ) ;
#2870 = DIRECTION ( 'NONE',  ( 0.000000000000000000, 0.000000000000000000, -1.000000000000000000 ) ) ;
#2871 = DIRECTION ( 'NONE',  ( -1.000000000000000000, 0.000000000000000000, -0.000000000000000000 ) ) ;
#2872 = CARTESIAN_POINT ( 'NONE',  ( 92.99999937415138618, -6.749999999999880096, -7.500000000000000000 ) ) ;
#2873 = ADVANCED_FACE ( 'NONE', ( #2319 ), #2005, .T. ) ;
#2874 = EDGE_CURVE ( 'NONE', #3344, #247, #3649, .T. ) ;
#2875 = CARTESIAN_POINT ( 'NONE',  ( -63.60000000000000142, 3.059411708155674869, -7.500000000000000000 ) ) ;
#2876 = CARTESIAN_POINT ( 'NONE',  ( 68.99999937415140039, -4.499999999999724665, 1.500000000000000000 ) ) ;
#2877 = VECTOR ( 'NONE', #931, 1000.000000000000000 ) ;
#2878 = VECTOR ( 'NONE', #899, 1000.000000000000000 ) ;
#2879 = EDGE_CURVE ( 'NONE', #1232, #3593, #1362, .T. ) ;
#2880 = LINE ( 'NONE', #1588, #4073 ) ;
#2881 = DIRECTION ( 'NONE',  ( -0.4908437339406279687, 0.8712476277449610063, 0.000000000000000000 ) ) ;
#2882 = ORIENTED_EDGE ( 'NONE', *, *, #2680, .F. ) ;
#2883 = VECTOR ( 'NONE', #732, 1000.000000000000000 ) ;
#2884 = DIRECTION ( 'NONE',  ( -7.383753479102818642E-62, -1.000000000000000000, -2.465190328815659976E-32 ) ) ;
#2885 = CARTESIAN_POINT ( 'NONE',  ( 5.556077753235619809, 18.00000000000000000, -7.500000000000000000 ) ) ;
#2886 = ORIENTED_EDGE ( 'NONE', *, *, #3468, .F. ) ;
#2887 = ORIENTED_EDGE ( 'NONE', *, *, #2894, .T. ) ;
#2888 = VERTEX_POINT ( 'NONE', #5 ) ;
#2889 = EDGE_CURVE ( 'NONE', #722, #4246, #3253, .T. ) ;
#2890 = CARTESIAN_POINT ( 'NONE',  ( -48.00000000000000000, 18.00000000000000000, -7.500000000000000000 ) ) ;
#2891 = DIRECTION ( 'NONE',  ( -1.000000000000000000, 9.122861196634139130E-13, 0.000000000000000000 ) ) ;
#2892 = CARTESIAN_POINT ( 'NONE',  ( 113.3325756949558070, -18.00000000000000000, -5.734714594940502508 ) ) ;
#2893 = VECTOR ( 'NONE', #2979, 1000.000000000000000 ) ;
#2894 = EDGE_CURVE ( 'NONE', #2546, #3382, #640, .T. ) ;
#2895 = FACE_OUTER_BOUND ( 'NONE', #3177, .T. ) ;
#2896 = ORIENTED_EDGE ( 'NONE', *, *, #2488, .T. ) ;
#2897 = DIRECTION ( 'NONE',  ( 0.8712476277442752215, 0.4908437339418451062, -3.219111815988940245E-47 ) ) ;
#2898 = LINE ( 'NONE', #1627, #2425 ) ;
#2899 = CARTESIAN_POINT ( 'NONE',  ( 113.5560777532356127, -18.00000000000000000, -7.500000000000000000 ) ) ;
#2900 = VERTEX_POINT ( 'NONE', #1017 ) ;
#2901 = VERTEX_POINT ( 'NONE', #3956 ) ;
#2902 = DIRECTION ( 'NONE',  ( -1.903239489997469958E-15, -1.000000000000000000, 7.032146241557309742E-62 ) ) ;
#2903 = CARTESIAN_POINT ( 'NONE',  ( 102.4439222467643589, 18.00000000000000000, -7.500000000000000000 ) ) ;
#2904 = ORIENTED_EDGE ( 'NONE', *, *, #3778, .T. ) ;
#2905 = DIRECTION ( 'NONE',  ( -0.8137334712064193676, 0.5812381937195382209, 3.006606788713281292E-47 ) ) ;
#2906 = DIRECTION ( 'NONE',  ( -7.395570986446990055E-32, 1.000000000000000000, 4.930380657631319405E-32 ) ) ;
#2907 = ORIENTED_EDGE ( 'NONE', *, *, #344, .T. ) ;
#2908 = VERTEX_POINT ( 'NONE', #3693 ) ;
#2909 = DIRECTION ( 'NONE',  ( 0.000000000000000000, 2.465190328815659976E-32, -1.000000000000000000 ) ) ;
#2910 = PLANE ( 'NONE',  #1933 ) ;
#2911 = DIRECTION ( 'NONE',  ( 0.000000000000000000, 0.000000000000000000, -1.000000000000000000 ) ) ;
#2912 = DIRECTION ( 'NONE',  ( -7.395570986446990055E-32, 1.000000000000000000, 4.930380657631318857E-32 ) ) ;
#2913 = ORIENTED_EDGE ( 'NONE', *, *, #2488, .F. ) ;
#2914 = DIRECTION ( 'NONE',  ( -0.4472135954999569840, -0.4472135954999579832, 0.7745966692414839594 ) ) ;
#2915 = LINE ( 'NONE', #3232, #2627 ) ;
#2916 = VECTOR ( 'NONE', #2668, 1000.000000000000000 ) ;
#2917 = AXIS2_PLACEMENT_3D ( 'NONE', #1157, #2483, #485 ) ;
#2918 = ORIENTED_EDGE ( 'NONE', *, *, #54, .F. ) ;
#2919 = CARTESIAN_POINT ( 'NONE',  ( -39.00000062584880567, 4.500000000000000000, 4.500000000000000888 ) ) ;
#2920 = DIRECTION ( 'NONE',  ( 9.516197449410660912E-15, 1.000000000000000000, -3.516073120565569762E-61 ) ) ;
#2921 = ORIENTED_EDGE ( 'NONE', *, *, #43, .T. ) ;
#2922 = PLANE ( 'NONE',  #2106 ) ;
#2923 = ORIENTED_EDGE ( 'NONE', *, *, #166, .F. ) ;
#2924 = ORIENTED_EDGE ( 'NONE', *, *, #4018, .F. ) ;
#2925 = EDGE_LOOP ( 'NONE', ( #727, #3881, #3933, #3581 ) ) ;
#2926 = CARTESIAN_POINT ( 'NONE',  ( 117.5010525732677849, 9.000000000000000000, -7.500000000000000000 ) ) ;
#2927 = DIRECTION ( 'NONE',  ( 0.000000000000000000, -1.000000000000000000, 0.000000000000000000 ) ) ;
#2928 = CARTESIAN_POINT ( 'NONE',  ( 93.54403759036320309, -6.000000000000000000, 9.900000000000000355 ) ) ;
#2929 = CIRCLE ( 'NONE', #3272, 11.40000000000000746 ) ;
#2930 = AXIS2_PLACEMENT_3D ( 'NONE', #3254, #2255, #284 ) ;
#2931 = EDGE_CURVE ( 'NONE', #1684, #1265, #1986, .T. ) ;
#2932 = ORIENTED_EDGE ( 'NONE', *, *, #1864, .F. ) ;
#2933 = EDGE_CURVE ( 'NONE', #1183, #2187, #4022, .T. ) ;
#2934 = CARTESIAN_POINT ( 'NONE',  ( 55.49999999995510080, -3.433260614240600361, 13.50000000000000000 ) ) ;
#2935 = LINE ( 'NONE', #3257, #1972 ) ;
#2936 = ORIENTED_EDGE ( 'NONE', *, *, #2429, .F. ) ;
#2937 = EDGE_LOOP ( 'NONE', ( #1428, #120, #2687, #2589 ) ) ;
#2938 = CARTESIAN_POINT ( 'NONE',  ( 92.69999937415116165, 3.899999999999973710, 4.500000000000000888 ) ) ;
#2939 = EDGE_CURVE ( 'NONE', #4142, #2514, #1381, .T. ) ;
#2940 = EDGE_CURVE ( 'NONE', #1751, #1816, #2362, .T. ) ;
#2941 = CARTESIAN_POINT ( 'NONE',  ( 113.3325756949558070, 18.00000000000000000, -5.734714594940502508 ) ) ;
#2942 = ADVANCED_FACE ( 'NONE', ( #2338 ), #3363, .T. ) ;
#2943 = VECTOR ( 'NONE', #1097, 1000.000000000000000 ) ;
#2944 = DIRECTION ( 'NONE',  ( 0.000000000000000000, -1.000000000000000000, 0.000000000000000000 ) ) ;
#2945 = VECTOR ( 'NONE', #3266, 1000.000000000000000 ) ;
#2946 = DIRECTION ( 'NONE',  ( 0.000000000000000000, -1.000000000000000000, 0.000000000000000000 ) ) ;
#2947 = VECTOR ( 'NONE', #6, 1000.000000000000000 ) ;
#2948 = VERTEX_POINT ( 'NONE', #1714 ) ;
#2949 = FACE_OUTER_BOUND ( 'NONE', #152, .T. ) ;
#2950 = PLANE ( 'NONE',  #1378 ) ;
#2951 = DIRECTION ( 'NONE',  ( -7.395570986446990055E-32, 1.000000000000000000, 4.930380657631318857E-32 ) ) ;
#2952 = PLANE ( 'NONE',  #3757 ) ;
#2953 = CARTESIAN_POINT ( 'NONE',  ( 54.00000000001769962, -7.721668963254000317, 9.900000000000000355 ) ) ;
#2954 = AXIS2_PLACEMENT_3D ( 'NONE', #2941, #2610, #3944 ) ;
#2955 = CARTESIAN_POINT ( 'NONE',  ( 117.0000000000000000, 4.259727977354450523, 13.50000000000000000 ) ) ;
#2956 = CLOSED_SHELL ( 'NONE', ( #1583, #3528, #3170, #414, #1329, #889, #3085, #1776, #2396, #290 ) ) ;
#2957 = CARTESIAN_POINT ( 'NONE',  ( -48.00000000000000000, -9.000000000000000000, -7.500000000000000000 ) ) ;
#2958 = LINE ( 'NONE', #31, #311 ) ;
#2959 = EDGE_CURVE ( 'NONE', #1734, #650, #1374, .T. ) ;
#2960 = ORIENTED_EDGE ( 'NONE', *, *, #395, .F. ) ;
#2961 = CARTESIAN_POINT ( 'NONE',  ( 29.64403759019485207, 6.000000000000000000, 13.50000000000000000 ) ) ;
#2962 = AXIS2_PLACEMENT_3D ( 'NONE', #3516, #3779, #2116 ) ;
#2963 = PLANE ( 'NONE',  #2193 ) ;
#2964 = LINE ( 'NONE', #3241, #226 ) ;
#2965 = ORIENTED_EDGE ( 'NONE', *, *, #2429, .T. ) ;
#2966 = VERTEX_POINT ( 'NONE', #1057 ) ;
#2967 = DIRECTION ( 'NONE',  ( -1.000000000000000000, 7.474910929462109256E-62, 0.000000000000000000 ) ) ;
#2968 = PRODUCT_DEFINITION_FORMATION_WITH_SPECIFIED_SOURCE ( 'ANY', '', #4122, .NOT_KNOWN. ) ;
#2969 = CARTESIAN_POINT ( 'NONE',  ( 89.53589775901319570, -4.499999999999724665, 7.500000000000000000 ) ) ;
#2970 = CARTESIAN_POINT ( 'NONE',  ( 92.99999937415121565, -4.500000000000023981, 4.500000000000000888 ) ) ;
#2971 = DIRECTION ( 'NONE',  ( -0.8712476277450568185, -0.4908437339404578825, 0.000000000000000000 ) ) ;
#2972 = DIRECTION ( 'NONE',  ( 9.516197449410660912E-15, 1.000000000000000000, 0.000000000000000000 ) ) ;
#2973 = LINE ( 'NONE', #2363, #3505 ) ;
#2974 = ORIENTED_EDGE ( 'NONE', *, *, #3616, .F. ) ;
#2975 = EDGE_CURVE ( 'NONE', #2412, #1586, #1628, .T. ) ;
#2976 = ORIENTED_EDGE ( 'NONE', *, *, #3090, .F. ) ;
#2977 = PLANE ( 'NONE',  #2453 ) ;
#2978 = CIRCLE ( 'NONE', #3675, 1.000000000000000000 ) ;
#2979 = DIRECTION ( 'NONE',  ( 0.000000000000000000, 0.000000000000000000, 1.000000000000000000 ) ) ;
#2980 = ADVANCED_FACE ( 'NONE', ( #3299 ), #2471, .F. ) ;
#2981 = VECTOR ( 'NONE', #2914, 999.9999999999998863 ) ;
#2982 = AXIS2_PLACEMENT_3D ( 'NONE', #1319, #4275, #2643 ) ;
#2983 = ADVANCED_FACE ( 'NONE', ( #2099 ), #95, .F. ) ;
#2984 = CARTESIAN_POINT ( 'NONE',  ( 34.20000000001010676, -6.000000000000000000, 13.50000000000000000 ) ) ;
#2985 = EDGE_LOOP ( 'NONE', ( #3771, #4037, #2648, #2886 ) ) ;
#2986 = ORIENTED_EDGE ( 'NONE', *, *, #1527, .T. ) ;
#2987 = ORIENTED_EDGE ( 'NONE', *, *, #3905, .T. ) ;
#2988 = CARTESIAN_POINT ( 'NONE',  ( -5.332575694955830947, 18.00000000000000000, -5.734714594940487409 ) ) ;
#2989 = CARTESIAN_POINT ( 'NONE',  ( -62.99999999999998579, 5.872084209594836836E-30, 7.444874793023228673E-31 ) ) ;
#2990 = EDGE_CURVE ( 'NONE', #442, #826, #4112, .T. ) ;
#2991 = PLANE ( 'NONE',  #3169 ) ;
#2992 = DIRECTION ( 'NONE',  ( 0.000000000000000000, 1.000000000000000000, 2.465190328815659976E-32 ) ) ;
#2993 = CARTESIAN_POINT ( 'NONE',  ( 102.6674243050441646, 18.00000000000000000, -5.734714594940499843 ) ) ;
#2994 = ORIENTED_EDGE ( 'NONE', *, *, #4057, .T. ) ;
#2995 = LINE ( 'NONE', #3669, #3027 ) ;
#2996 = CARTESIAN_POINT ( 'NONE',  ( 78.35596240976701665, 6.000000000000000000, 13.50000000000000000 ) ) ;
#2997 = CARTESIAN_POINT ( 'NONE',  ( -29.48183067278734981, -8.758948752049260378, 13.50000000000000000 ) ) ;
#2998 = ORIENTED_EDGE ( 'NONE', *, *, #2097, .T. ) ;
#2999 = CARTESIAN_POINT ( 'NONE',  ( 95.10000000000000853, 6.000000000000000000, 13.50000000000000000 ) ) ;
#3000 = ADVANCED_FACE ( 'NONE', ( #2448 ), #812, .F. ) ;
#3001 = DIRECTION ( 'NONE',  ( 2.832769448823990301E-16, 0.000000000000000000, 1.000000000000000000 ) ) ;
#3002 = CARTESIAN_POINT ( 'NONE',  ( 69.29999937415115596, 3.899999999999984368, -7.500000000000000000 ) ) ;
#3003 = FACE_OUTER_BOUND ( 'NONE', #1210, .T. ) ;
#3004 = ORIENTED_EDGE ( 'NONE', *, *, #2864, .F. ) ;
#3005 = ORIENTED_EDGE ( 'NONE', *, *, #4098, .F. ) ;
#3006 =( NAMED_UNIT ( * ) SI_UNIT ( $, .STERADIAN. ) SOLID_ANGLE_UNIT ( ) );
#3007 = DIRECTION ( 'NONE',  ( -1.000000000000000000, -7.395570986446990055E-32, 3.694829935231450289E-47 ) ) ;
#3008 = LINE ( 'NONE', #22, #758 ) ;
#3009 = CIRCLE ( 'NONE', #287, 1.000000000000000000 ) ;
#3010 = ADVANCED_FACE ( 'NONE', ( #1490 ), #3101, .F. ) ;
#3011 = CARTESIAN_POINT ( 'NONE',  ( 92.99999937415121565, 4.499999999999973355, 4.500000000000000888 ) ) ;
#3012 = EDGE_CURVE ( 'NONE', #1816, #3137, #2978, .T. ) ;
#3013 = DIRECTION ( 'NONE',  ( -0.8137334712064193676, 0.5812381937195382209, 0.000000000000000000 ) ) ;
#3014 = CARTESIAN_POINT ( 'NONE',  ( 55.49999999995510080, -3.433260614240600361, 13.50000000000000000 ) ) ;
#3015 = ORIENTED_EDGE ( 'NONE', *, *, #4207, .T. ) ;
#3016 = EDGE_LOOP ( 'NONE', ( #2009, #209, #4188, #3520 ) ) ;
#3017 = DIRECTION ( 'NONE',  ( -7.383753479102818642E-62, -1.000000000000000000, 0.000000000000000000 ) ) ;
#3018 = CARTESIAN_POINT ( 'NONE',  ( -15.00000062584870086, 4.500000000000000000, -7.500000000000000000 ) ) ;
#3019 = AXIS2_PLACEMENT_3D ( 'NONE', #3164, #3848, #278 ) ;
#3020 = EDGE_LOOP ( 'NONE', ( #768, #1496, #2584, #2156 ) ) ;
#3021 = EDGE_CURVE ( 'NONE', #3041, #1678, #1401, .T. ) ;
#3022 = DIRECTION ( 'NONE',  ( 0.000000000000000000, -1.000000000000000000, 0.000000000000000000 ) ) ;
#3023 = CARTESIAN_POINT ( 'NONE',  ( -15.30000062584874954, -3.899999999999999911, 4.500000000000000888 ) ) ;
#3024 = ORIENTED_EDGE ( 'NONE', *, *, #1572, .F. ) ;
#3025 = VECTOR ( 'NONE', #2272, 1000.000000000000000 ) ;
#3026 = ORIENTED_EDGE ( 'NONE', *, *, #2879, .T. ) ;
#3027 = VECTOR ( 'NONE', #682, 1000.000000000000000 ) ;
#3028 = CIRCLE ( 'NONE', #3586, 1.000000000000000000 ) ;
#3029 = DIRECTION ( 'NONE',  ( 0.000000000000000000, 2.465190328815659976E-32, -1.000000000000000000 ) ) ;
#3030 = LINE ( 'NONE', #1052, #259 ) ;
#3031 = EDGE_LOOP ( 'NONE', ( #2227, #1641, #1469 ) ) ;
#3032 = ORIENTED_EDGE ( 'NONE', *, *, #2434, .F. ) ;
#3033 = EDGE_LOOP ( 'NONE', ( #1940, #1100, #2450, #2974 ) ) ;
#3034 = CARTESIAN_POINT ( 'NONE',  ( 72.24403759024619376, 6.000000000000000000, 9.900000000000000355 ) ) ;
#3035 = DIRECTION ( 'NONE',  ( 0.000000000000000000, 0.000000000000000000, -1.000000000000000000 ) ) ;
#3036 = CARTESIAN_POINT ( 'NONE',  ( -3.330669073875470016E-15, 18.00000000000000000, -1.199999999999987965 ) ) ;
#3037 = AXIS2_PLACEMENT_3D ( 'NONE', #1128, #1427, #3791 ) ;
#3038 = CARTESIAN_POINT ( 'NONE',  ( 5.332575694955830947, 18.00000000000000000, -5.734714594940487409 ) ) ;
#3039 = AXIS2_PLACEMENT_3D ( 'NONE', #2825, #4153, #859 ) ;
#3040 = MANIFOLD_SOLID_BREP ( 'Body4[1]', #867 ) ;
#3041 = VERTEX_POINT ( 'NONE', #157 ) ;
#3042 = LINE ( 'NONE', #713, #1777 ) ;
#3043 = CARTESIAN_POINT ( 'NONE',  ( 68.99999937415108775, 4.499999999999984013, 4.500000000000000888 ) ) ;
#3044 = ORIENTED_EDGE ( 'NONE', *, *, #2990, .F. ) ;
#3045 = ORIENTED_EDGE ( 'NONE', *, *, #2164, .T. ) ;
#3046 = EDGE_LOOP ( 'NONE', ( #2638, #4201, #380 ) ) ;
#3047 = VECTOR ( 'NONE', #1671, 1000.000000000000000 ) ;
#3048 = CARTESIAN_POINT ( 'NONE',  ( 12.90000000000000036, 6.000000000000000000, 9.900000000000000355 ) ) ;
#3049 = PLANE ( 'NONE',  #3660 ) ;
#3050 = DIRECTION ( 'NONE',  ( 0.000000000000000000, 0.000000000000000000, -1.000000000000000000 ) ) ;
#3051 = VECTOR ( 'NONE', #3096, 1000.000000000000000 ) ;
#3052 = VERTEX_POINT ( 'NONE', #2403 ) ;
#3053 = CIRCLE ( 'NONE', #260, 6.000000000000019540 ) ;
#3054 = EDGE_CURVE ( 'NONE', #596, #2343, #792, .T. ) ;
#3055 = ORIENTED_EDGE ( 'NONE', *, *, #3194, .F. ) ;
#3056 = VERTEX_POINT ( 'NONE', #3120 ) ;
#3057 = DIRECTION ( 'NONE',  ( 0.000000000000000000, 2.465190328815659976E-32, -1.000000000000000000 ) ) ;
#3058 = CARTESIAN_POINT ( 'NONE',  ( -15.00000062584880034, -4.500000000000000000, 1.500000000000000000 ) ) ;
#3059 = DIRECTION ( 'NONE',  ( -5.921189464667500234E-15, -1.000000000000000000, 0.000000000000000000 ) ) ;
#3060 = ORIENTED_EDGE ( 'NONE', *, *, #3301, .T. ) ;
#3061 = FILL_AREA_STYLE_COLOUR ( '', #1175 ) ;
#3062 = LINE ( 'NONE', #1244, #498 ) ;
#3063 = ORIENTED_EDGE ( 'NONE', *, *, #2490, .F. ) ;
#3064 = CARTESIAN_POINT ( 'NONE',  ( -48.00000000000000000, 9.000000000000000000, 13.50000000000000000 ) ) ;
#3065 = EDGE_CURVE ( 'NONE', #2105, #42, #3721, .T. ) ;
#3066 = ORIENTED_EDGE ( 'NONE', *, *, #3941, .T. ) ;
#3067 = ADVANCED_FACE ( 'NONE', ( #4131 ), #3433, .T. ) ;
#3068 = EDGE_CURVE ( 'NONE', #42, #4142, #1147, .T. ) ;
#3069 = EDGE_CURVE ( 'NONE', #3426, #2399, #3081, .T. ) ;
#3070 = CARTESIAN_POINT ( 'NONE',  ( 69.29999937415115596, -3.900000000000017231, -7.500000000000000000 ) ) ;
#3071 = DIRECTION ( 'NONE',  ( 1.000000000000000000, 0.000000000000000000, 0.000000000000000000 ) ) ;
#3072 = ORIENTED_EDGE ( 'NONE', *, *, #3305, .T. ) ;
#3073 = CARTESIAN_POINT ( 'NONE',  ( -1.013119022161208633E-16, -8.999999999999998224, 10.20000000000001350 ) ) ;
#3074 = CARTESIAN_POINT ( 'NONE',  ( -62.99999999999998579, 8.699999999999999289, 6.520428419717357216E-31 ) ) ;
#3075 = ORIENTED_EDGE ( 'NONE', *, *, #1879, .F. ) ;
#3076 = DIRECTION ( 'NONE',  ( -7.395570986446990055E-32, 1.000000000000000000, 4.930380657631319405E-32 ) ) ;
#3077 = VECTOR ( 'NONE', #3768, 1000.000000000000000 ) ;
#3078 = VECTOR ( 'NONE', #2415, 1000.000000000000000 ) ;
#3079 = DIRECTION ( 'NONE',  ( 1.000000000000000000, 1.027984282060329919E-17, 0.000000000000000000 ) ) ;
#3080 = CIRCLE ( 'NONE', #2594, 11.40000000000000746 ) ;
#3081 = LINE ( 'NONE', #3543, #537 ) ;
#3082 = FACE_OUTER_BOUND ( 'NONE', #403, .T. ) ;
#3083 = AXIS2_PLACEMENT_3D ( 'NONE', #3550, #2195, #3818 ) ;
#3084 = DIRECTION ( 'NONE',  ( 0.8712476277450330597, -0.4908437339404999600, 0.000000000000000000 ) ) ;
#3085 = ADVANCED_FACE ( 'NONE', ( #2185 ), #1856, .F. ) ;
#3086 = FACE_OUTER_BOUND ( 'NONE', #2068, .T. ) ;
#3087 = EDGE_LOOP ( 'NONE', ( #1630, #3369, #2994, #1540 ) ) ;
#3088 = DIRECTION ( 'NONE',  ( 1.000000000000000000, 0.000000000000000000, 0.000000000000000000 ) ) ;
#3089 = VECTOR ( 'NONE', #3171, 1000.000000000000000 ) ;
#3090 = EDGE_CURVE ( 'NONE', #1265, #4193, #4174, .T. ) ;
#3091 = DIRECTION ( 'NONE',  ( 1.000000000000000000, 0.000000000000000000, 0.000000000000000000 ) ) ;
#3092 = VERTEX_POINT ( 'NONE', #2541 ) ;
#3093 = VECTOR ( 'NONE', #2808, 1000.000000000000000 ) ;
#3094 = DIRECTION ( 'NONE',  ( 0.000000000000000000, 0.000000000000000000, -1.000000000000000000 ) ) ;
#3095 = CARTESIAN_POINT ( 'NONE',  ( -48.00000000000000000, -18.00000000000000000, -7.500000000000000000 ) ) ;
#3096 = DIRECTION ( 'NONE',  ( 1.000000000000000000, 1.027984282060329919E-17, -3.694829935231450289E-47 ) ) ;
#3097 = LINE ( 'NONE', #3518, #2367 ) ;
#3098 = ORIENTED_EDGE ( 'NONE', *, *, #1635, .T. ) ;
#3099 = ORIENTED_EDGE ( 'NONE', *, *, #11, .F. ) ;
#3100 = VECTOR ( 'NONE', #3270, 1000.000000000000000 ) ;
#3101 = PLANE ( 'NONE',  #1662 ) ;
#3102 = LINE ( 'NONE', #793, #1625 ) ;
#3103 = ORIENTED_EDGE ( 'NONE', *, *, #2609, .F. ) ;
#3104 = DIRECTION ( 'NONE',  ( 0.000000000000000000, -1.000000000000000000, 0.000000000000000000 ) ) ;
#3105 = EDGE_CURVE ( 'NONE', #270, #23, #1878, .T. ) ;
#3106 = DIRECTION ( 'NONE',  ( 7.383753479102818642E-62, 1.000000000000000000, 2.465190328815659976E-32 ) ) ;
#3107 = ADVANCED_FACE ( 'NONE', ( #3921 ), #3210, .F. ) ;
#3108 = EDGE_LOOP ( 'NONE', ( #1407, #1233, #3390, #1046 ) ) ;
#3109 = DIRECTION ( 'NONE',  ( -7.383753479102818642E-62, -1.000000000000000000, -2.465190328815659976E-32 ) ) ;
#3110 = CARTESIAN_POINT ( 'NONE',  ( -31.50000031292434599, 4.500000000000000000, -7.500000000000000000 ) ) ;
#3111 = DIRECTION ( 'NONE',  ( -7.395570986446990055E-32, 1.000000000000000000, 4.930380657631318857E-32 ) ) ;
#3112 = ORIENTED_EDGE ( 'NONE', *, *, #1342, .F. ) ;
#3113 = EDGE_CURVE ( 'NONE', #2105, #2542, #2518, .T. ) ;
#3114 = ORIENTED_EDGE ( 'NONE', *, *, #1766, .F. ) ;
#3115 = VECTOR ( 'NONE', #2582, 1000.000000000000000 ) ;
#3116 = CARTESIAN_POINT ( 'NONE',  ( 92.99999937415138618, 4.500000000000279776, 1.500000000000000000 ) ) ;
#3117 = VECTOR ( 'NONE', #4185, 1000.000000000000000 ) ;
#3118 = ORIENTED_EDGE ( 'NONE', *, *, #4288, .T. ) ;
#3119 = ORIENTED_EDGE ( 'NONE', *, *, #1101, .T. ) ;
#3120 = CARTESIAN_POINT ( 'NONE',  ( 50.94403759023950329, -6.000000000000000000, 9.900000000000000355 ) ) ;
#3121 = CIRCLE ( 'NONE', #341, 11.40000000000000036 ) ;
#3122 = CARTESIAN_POINT ( 'NONE',  ( -63.60000000000000142, 4.409081537009719831, -7.500000000000000000 ) ) ;
#3123 = ORIENTED_EDGE ( 'NONE', *, *, #2163, .T. ) ;
#3124 = CARTESIAN_POINT ( 'NONE',  ( -35.53589901071100599, 4.500000000000000000, 7.500000000000000000 ) ) ;
#3125 = DIRECTION ( 'NONE',  ( 0.000000000000000000, 0.000000000000000000, -1.000000000000000000 ) ) ;
#3126 = ORIENTED_EDGE ( 'NONE', *, *, #4165, .T. ) ;
#3127 = CARTESIAN_POINT ( 'NONE',  ( -5.332575694955830947, -18.00000000000000000, -5.734714594940487409 ) ) ;
#3128 = DIRECTION ( 'NONE',  ( -1.000000000000000000, -6.842277657836019882E-47, 0.000000000000000000 ) ) ;
#3129 = EDGE_CURVE ( 'NONE', #3279, #2786, #2232, .T. ) ;
#3130 = LINE ( 'NONE', #2903, #2455 ) ;
#3131 = FACE_OUTER_BOUND ( 'NONE', #381, .T. ) ;
#3132 = VERTEX_POINT ( 'NONE', #222 ) ;
#3133 = ORIENTED_EDGE ( 'NONE', *, *, #3616, .T. ) ;
#3134 = CARTESIAN_POINT ( 'NONE',  ( 0.000000000000000000, 0.000000000000000000, -7.500000000000000000 ) ) ;
#3135 = DIRECTION ( 'NONE',  ( -1.000000000000000000, 0.000000000000000000, -0.000000000000000000 ) ) ;
#3136 = CARTESIAN_POINT ( 'NONE',  ( 95.10000000000000853, -3.433260614248080600, 13.50000000000000000 ) ) ;
#3137 = VERTEX_POINT ( 'NONE', #3898 ) ;
#3138 = VERTEX_POINT ( 'NONE', #2252 ) ;
#3139 = CARTESIAN_POINT ( 'NONE',  ( 114.0000000000000000, -18.00000000000000000, -1.199999999999987299 ) ) ;
#3140 = CARTESIAN_POINT ( 'NONE',  ( -28.08968170848790180, 6.000000000000000000, 13.50000000000000000 ) ) ;
#3141 = DIRECTION ( 'NONE',  ( 1.000000000000000000, -7.395570986446980202E-32, -1.232595164407829988E-32 ) ) ;
#3142 = FILL_AREA_STYLE ('',( #3061 ) ) ;
#3143 = EDGE_CURVE ( 'NONE', #3172, #1863, #1835, .T. ) ;
#3144 = CARTESIAN_POINT ( 'NONE',  ( -1.013119022161208633E-16, -18.00000000000000000, 10.20000000000001350 ) ) ;
#3145 = ORIENTED_EDGE ( 'NONE', *, *, #1829, .F. ) ;
#3146 = DIRECTION ( 'NONE',  ( 2.537652632417799951E-15, -1.000000000000000000, 0.000000000000000000 ) ) ;
#3147 = VECTOR ( 'NONE', #2863, 1000.000000000000000 ) ;
#3148 = CARTESIAN_POINT ( 'NONE',  ( 55.49999999995510080, -3.433260614240600361, 9.900000000000000355 ) ) ;
#3149 = VECTOR ( 'NONE', #26, 1000.000000000000000 ) ;
#3150 = ORIENTED_EDGE ( 'NONE', *, *, #948, .F. ) ;
#3151 = CARTESIAN_POINT ( 'NONE',  ( -3.330669073875470016E-15, -9.000000000000000000, -1.199999999999987965 ) ) ;
#3152 = DIRECTION ( 'NONE',  ( 1.000000000000000000, 0.000000000000000000, 0.000000000000000000 ) ) ;
#3153 = ORIENTED_EDGE ( 'NONE', *, *, #3560, .F. ) ;
#3154 = ADVANCED_FACE ( 'NONE', ( #2895 ), #526, .T. ) ;
#3155 = VECTOR ( 'NONE', #3281, 1000.000000000000000 ) ;
#3156 = FACE_OUTER_BOUND ( 'NONE', #2487, .T. ) ;
#3157 =( NAMED_UNIT ( * ) SI_UNIT ( $, .STERADIAN. ) SOLID_ANGLE_UNIT ( ) );
#3158 = DIRECTION ( 'NONE',  ( -0.6614378277661525640, -0.000000000000000000, -0.7499999999999957812 ) ) ;
#3159 = CARTESIAN_POINT ( 'NONE',  ( 117.5010525732677849, -9.000000000000000000, -7.500000000000000000 ) ) ;
#3160 = ORIENTED_EDGE ( 'NONE', *, *, #3947, .T. ) ;
#3161 = ORIENTED_EDGE ( 'NONE', *, *, #4293, .T. ) ;
#3162 = ORIENTED_EDGE ( 'NONE', *, *, #1716, .F. ) ;
#3163 = ORIENTED_EDGE ( 'NONE', *, *, #1857, .F. ) ;
#3164 = CARTESIAN_POINT ( 'NONE',  ( 108.0000000000000000, 9.000000000000000000, -1.199999999999981970 ) ) ;
#3165 = CARTESIAN_POINT ( 'NONE',  ( 73.79999999999820659, 3.433260614231660401, 13.50000000000000000 ) ) ;
#3166 = CARTESIAN_POINT ( 'NONE',  ( 69.29999937415115596, 3.899999999999984368, 4.500000000000000888 ) ) ;
#3167 = CARTESIAN_POINT ( 'NONE',  ( -45.00000000000000000, -6.000000000000000000, 9.900000000000000355 ) ) ;
#3168 = ORIENTED_EDGE ( 'NONE', *, *, #3377, .F. ) ;
#3169 = AXIS2_PLACEMENT_3D ( 'NONE', #3317, #702, #1731 ) ;
#3170 = ADVANCED_FACE ( 'NONE', ( #2209 ), #4192, .T. ) ;
#3171 = DIRECTION ( 'NONE',  ( 1.232595164407829988E-32, -1.110223024625159992E-16, 1.000000000000000000 ) ) ;
#3172 = VERTEX_POINT ( 'NONE', #2928 ) ;
#3173 = DIRECTION ( 'NONE',  ( 1.000000000000000000, -7.474910929462109256E-62, 2.001489212077899560E-33 ) ) ;
#3174 = DIRECTION ( 'NONE',  ( 1.000000000000000000, 0.000000000000000000, 0.000000000000000000 ) ) ;
#3175 = CARTESIAN_POINT ( 'NONE',  ( -5.556077753235640238, -18.00000000000000000, -7.500000000000000000 ) ) ;
#3176 = DIRECTION ( 'NONE',  ( 0.8660254037844387076, -5.127900497022829744E-15, 0.4999999999999998890 ) ) ;
#3177 = EDGE_LOOP ( 'NONE', ( #1043, #3150, #412, #788 ) ) ;
#3178 = CARTESIAN_POINT ( 'NONE',  ( -43.71640930263565394, 6.926504916248520161, 9.900000000000000355 ) ) ;
#3179 = PLANE ( 'NONE',  #1231 ) ;
#3180 = ADVANCED_FACE ( 'NONE', ( #1236 ), #1444, .T. ) ;
#3181 = CARTESIAN_POINT ( 'NONE',  ( 120.0000000000000000, -9.000000000000000000, 7.500000000000000000 ) ) ;
#3182 = CARTESIAN_POINT ( 'NONE',  ( -9.900000000000000355, -6.000000000000000000, 13.50000000000000000 ) ) ;
#3183 = VERTEX_POINT ( 'NONE', #2563 ) ;
#3184 = ORIENTED_EDGE ( 'NONE', *, *, #1228, .T. ) ;
#3185 = ORIENTED_EDGE ( 'NONE', *, *, #1070, .F. ) ;
#3186 = EDGE_CURVE ( 'NONE', #4199, #3260, #571, .T. ) ;
#3187 = AXIS2_PLACEMENT_3D ( 'NONE', #3577, #1553, #1217 ) ;
#3188 = DIRECTION ( 'NONE',  ( -1.000000000000000000, 7.395570986446980202E-32, 1.232595164407829988E-32 ) ) ;
#3189 = CARTESIAN_POINT ( 'NONE',  ( -48.00000000000000000, 9.000000000000000000, -7.500000000000000000 ) ) ;
#3190 = AXIS2_PLACEMENT_3D ( 'NONE', #333, #2004, #2317 ) ;
#3191 = DIRECTION ( 'NONE',  ( 4.448008912761042820E-16, 1.000000000000000000, 2.465190328815659976E-32 ) ) ;
#3192 = VECTOR ( 'NONE', #2375, 1000.000000000000000 ) ;
#3193 = EDGE_LOOP ( 'NONE', ( #987, #483, #3612, #520 ) ) ;
#3194 = EDGE_CURVE ( 'NONE', #3700, #600, #3228, .T. ) ;
#3195 = CARTESIAN_POINT ( 'NONE',  ( 92.69999937415116165, 3.899999999999973710, 4.500000000000000888 ) ) ;
#3196 = CIRCLE ( 'NONE', #3403, 0.9999999999999870104 ) ;
#3197 = DIRECTION ( 'NONE',  ( -1.000000000000000000, 2.965339275174028547E-16, -0.000000000000000000 ) ) ;
#3198 = ORIENTED_EDGE ( 'NONE', *, *, #4184, .T. ) ;
#3199 = DIRECTION ( 'NONE',  ( 6.842277657836019882E-47, -1.000000000000000000, 0.000000000000000000 ) ) ;
#3200 = DIRECTION ( 'NONE',  ( -1.000000000000000000, -6.842277657836019882E-47, 0.000000000000000000 ) ) ;
#3201 = EDGE_CURVE ( 'NONE', #103, #650, #1580, .T. ) ;
#3202 = VERTEX_POINT ( 'NONE', #1924 ) ;
#3203 = DIRECTION ( 'NONE',  ( 7.395570986446990055E-32, -1.000000000000000000, -4.930380657631319405E-32 ) ) ;
#3204 = EDGE_CURVE ( 'NONE', #1238, #518, #3249, .T. ) ;
#3205 = EDGE_CURVE ( 'NONE', #3183, #2095, #2162, .T. ) ;
#3206 = CARTESIAN_POINT ( 'NONE',  ( -15.30000062584874954, 3.899999999999999911, 4.500000000000000888 ) ) ;
#3207 = CARTESIAN_POINT ( 'NONE',  ( -8.179363416975899526, 6.000000000000000000, 9.900000000000000355 ) ) ;
#3208 = ORIENTED_EDGE ( 'NONE', *, *, #3560, .T. ) ;
#3209 = LINE ( 'NONE', #1876, #4025 ) ;
#3210 = PLANE ( 'NONE',  #3752 ) ;
#3211 = ORIENTED_EDGE ( 'NONE', *, *, #2664, .T. ) ;
#3212 = CARTESIAN_POINT ( 'NONE',  ( 72.24403759024619376, 6.000000000000000000, 13.50000000000000000 ) ) ;
#3213 = LINE ( 'NONE', #1840, #235 ) ;
#3214 = VERTEX_POINT ( 'NONE', #2846 ) ;
#3215 = DIRECTION ( 'NONE',  ( 0.000000000000000000, 2.465190328815659976E-32, -1.000000000000000000 ) ) ;
#3216 = EDGE_CURVE ( 'NONE', #8, #2854, #2, .T. ) ;
#3217 = AXIS2_PLACEMENT_3D ( 'NONE', #1085, #2407, #3748 ) ;
#3218 = CARTESIAN_POINT ( 'NONE',  ( -26.70000000001915197, 6.000000000000000000, 13.50000000000000000 ) ) ;
#3219 = AXIS2_PLACEMENT_3D ( 'NONE', #1114, #2438, #781 ) ;
#3220 = DIRECTION ( 'NONE',  ( -0.5812381937186550385, 0.8137334712070501963, 0.000000000000000000 ) ) ;
#3221 = EDGE_LOOP ( 'NONE', ( #3402, #4172, #2998, #2119 ) ) ;
#3222 = CARTESIAN_POINT ( 'NONE',  ( 108.0000000000000000, -18.00000000000000000, -1.199999999999981970 ) ) ;
#3223 = DIRECTION ( 'NONE',  ( -1.268826316266689953E-15, 1.000000000000000000, 4.688097455951630236E-62 ) ) ;
#3224 = DIRECTION ( 'NONE',  ( -1.000000000000000000, 0.000000000000000000, 0.000000000000000000 ) ) ;
#3225 = ORIENTED_EDGE ( 'NONE', *, *, #2220, .T. ) ;
#3226 = CARTESIAN_POINT ( 'NONE',  ( -63.60000000000000142, 8.099999999999990763, -9.919639073093541478E-16 ) ) ;
#3227 = CARTESIAN_POINT ( 'NONE',  ( 55.50000000001369926, 6.000000000000000000, 13.50000000000000000 ) ) ;
#3228 = LINE ( 'NONE', #3166, #3115 ) ;
#3229 = ORIENTED_EDGE ( 'NONE', *, *, #3431, .T. ) ;
#3230 = CARTESIAN_POINT ( 'NONE',  ( -4.570779167104998209, 18.00000000000000000, -5.086898224234702504 ) ) ;
#3231 = DIRECTION ( 'NONE',  ( 0.000000000000000000, -1.000000000000000000, 0.000000000000000000 ) ) ;
#3232 = CARTESIAN_POINT ( 'NONE',  ( 52.50000000002179945, 6.000000000000000000, 9.900000000000000355 ) ) ;
#3233 = CARTESIAN_POINT ( 'NONE',  ( -48.00000000000000000, 18.00000000000000000, -7.500000000000000000 ) ) ;
#3234 = EDGE_CURVE ( 'NONE', #3802, #3132, #1669, .T. ) ;
#3235 = FACE_OUTER_BOUND ( 'NONE', #3903, .T. ) ;
#3236 = VERTEX_POINT ( 'NONE', #350 ) ;
#3237 = DIRECTION ( 'NONE',  ( 0.000000000000000000, 2.465190328815659976E-32, -1.000000000000000000 ) ) ;
#3238 = ADVANCED_FACE ( 'NONE', ( #2601 ), #1014, .F. ) ;
#3239 = VECTOR ( 'NONE', #2449, 1000.000000000000000 ) ;
#3240 = DIRECTION ( 'NONE',  ( 0.000000000000000000, 0.000000000000000000, -1.000000000000000000 ) ) ;
#3241 = CARTESIAN_POINT ( 'NONE',  ( -15.30000062584874954, -3.899999999999999911, -7.500000000000000000 ) ) ;
#3242 = EDGE_CURVE ( 'NONE', #2454, #1265, #2312, .T. ) ;
#3243 = EDGE_LOOP ( 'NONE', ( #3589, #2626, #3162, #3268 ) ) ;
#3244 = ORIENTED_EDGE ( 'NONE', *, *, #694, .T. ) ;
#3245 = ORIENTED_EDGE ( 'NONE', *, *, #4018, .T. ) ;
#3246 = CARTESIAN_POINT ( 'NONE',  ( 103.4292208328949840, -18.00000000000000000, -5.086898224234707833 ) ) ;
#3247 = CARTESIAN_POINT ( 'NONE',  ( -62.99999999999998579, -8.699999999999999289, 1.065442715258197840E-15 ) ) ;
#3248 = CARTESIAN_POINT ( 'NONE',  ( 5.556077753235619809, -18.00000000000000000, -7.500000000000000000 ) ) ;
#3249 = LINE ( 'NONE', #2498, #1866 ) ;
#3250 = SHAPE_DEFINITION_REPRESENTATION ( #3422, #3678 ) ;
#3251 = ADVANCED_FACE ( 'NONE', ( #1962 ), #1688, .F. ) ;
#3252 = ADVANCED_FACE ( 'NONE', ( #2025 ), #2290, .F. ) ;
#3253 = CIRCLE ( 'NONE', #1105, 8.099999999999999645 ) ;
#3254 = CARTESIAN_POINT ( 'NONE',  ( 113.3325756949558070, -18.00000000000000000, -5.734714594940502508 ) ) ;
#3255 = FACE_OUTER_BOUND ( 'NONE', #861, .T. ) ;
#3256 = EDGE_CURVE ( 'NONE', #3836, #3442, #4298, .T. ) ;
#3257 = CARTESIAN_POINT ( 'NONE',  ( 68.99999937415140039, 4.500000000000279776, 1.500000000000000000 ) ) ;
#3258 = VECTOR ( 'NONE', #2683, 1000.000000000000000 ) ;
#3259 = AXIS2_PLACEMENT_3D ( 'NONE', #3971, #2289, #991 ) ;
#3260 = VERTEX_POINT ( 'NONE', #368 ) ;
#3261 = EDGE_LOOP ( 'NONE', ( #2439, #3834, #3878, #182 ) ) ;
#3262 = CARTESIAN_POINT ( 'NONE',  ( -29.70000000002875140, -4.500000000000000000, 9.900000000000000355 ) ) ;
#3263 = PLANE ( 'NONE',  #2662 ) ;
#3264 = ORIENTED_EDGE ( 'NONE', *, *, #3610, .F. ) ;
#3265 = ADVANCED_FACE ( 'NONE', ( #974 ), #2952, .F. ) ;
#3266 = DIRECTION ( 'NONE',  ( 1.000000000000000000, -4.448008912761042820E-16, 0.000000000000000000 ) ) ;
#3267 = CARTESIAN_POINT ( 'NONE',  ( -15.00000062584870086, 4.500000000000000000, 4.500000000000000888 ) ) ;
#3268 = ORIENTED_EDGE ( 'NONE', *, *, #3194, .T. ) ;
#3269 = CARTESIAN_POINT ( 'NONE',  ( 8.179363416962399214, -6.000000000000000000, 13.50000000000000000 ) ) ;
#3270 = DIRECTION ( 'NONE',  ( 0.000000000000000000, 2.465190328815659976E-32, -1.000000000000000000 ) ) ;
#3271 = CARTESIAN_POINT ( 'NONE',  ( 117.0000000000000000, 4.259727977354445194, 13.50000000000000000 ) ) ;
#3272 = AXIS2_PLACEMENT_3D ( 'NONE', #90, #1419, #328 ) ;
#3273 = CIRCLE ( 'NONE', #2930, 0.9999999999999870104 ) ;
#3274 = FACE_OUTER_BOUND ( 'NONE', #653, .T. ) ;
#3275 = DIRECTION ( 'NONE',  ( 6.842277657836019882E-47, -1.000000000000000000, -5.468348304142539232E-47 ) ) ;
#3276 = EDGE_CURVE ( 'NONE', #1678, #2793, #3339, .T. ) ;
#3277 = DIRECTION ( 'NONE',  ( 1.000000000000000000, -7.395570986446980202E-32, -1.232595164407829988E-32 ) ) ;
#3278 = EDGE_LOOP ( 'NONE', ( #1297, #3024, #2923, #1852, #418, #3750, #1110, #919 ) ) ;
#3279 = VERTEX_POINT ( 'NONE', #3645 ) ;
#3280 = CARTESIAN_POINT ( 'NONE',  ( -5.556077753235640238, 18.00000000000000000, -7.500000000000000000 ) ) ;
#3281 = DIRECTION ( 'NONE',  ( -4.563968250944789488E-12, -1.000000000000000000, 1.686308651703670118E-58 ) ) ;
#3282 = CARTESIAN_POINT ( 'NONE',  ( 117.0000000000000000, 6.000000000000000000, 9.900000000000000355 ) ) ;
#3283 = ORIENTED_EDGE ( 'NONE', *, *, #1635, .F. ) ;
#3284 = CYLINDRICAL_SURFACE ( 'NONE', #2799, 1.000000000000000000 ) ;
#3285 = VECTOR ( 'NONE', #2303, 1000.000000000000000 ) ;
#3286 = LINE ( 'NONE', #4252, #4264 ) ;
#3287 = CARTESIAN_POINT ( 'NONE',  ( 78.35596240976701665, 6.000000000000000000, 13.50000000000000000 ) ) ;
#3288 = ORIENTED_EDGE ( 'NONE', *, *, #2716, .F. ) ;
#3289 = VECTOR ( 'NONE', #3746, 1000.000000000000000 ) ;
#3290 = EDGE_LOOP ( 'NONE', ( #3534, #2249, #2247, #4230 ) ) ;
#3291 = ORIENTED_EDGE ( 'NONE', *, *, #2939, .T. ) ;
#3292 = CARTESIAN_POINT ( 'NONE',  ( -38.70000062584874456, -3.899999999999999911, 4.500000000000000888 ) ) ;
#3293 = CARTESIAN_POINT ( 'NONE',  ( 96.61615387970999791, -7.730769740463300010, 9.900000000000000355 ) ) ;
#3294 = EDGE_CURVE ( 'NONE', #1117, #1842, #3619, .T. ) ;
#3295 = DIRECTION ( 'NONE',  ( 2.220446049250309876E-16, 1.000000000000000000, 0.000000000000000000 ) ) ;
#3296 = CIRCLE ( 'NONE', #3444, 11.40000000000000036 ) ;
#3297 = EDGE_CURVE ( 'NONE', #3041, #1586, #1031, .T. ) ;
#3298 = CARTESIAN_POINT ( 'NONE',  ( 9.900000000000000355, -3.515454430028559951, 13.50000000000000000 ) ) ;
#3299 = FACE_OUTER_BOUND ( 'NONE', #3290, .T. ) ;
#3300 = LINE ( 'NONE', #662, #2947 ) ;
#3301 = EDGE_CURVE ( 'NONE', #1942, #2598, #2333, .T. ) ;
#3302 = ORIENTED_EDGE ( 'NONE', *, *, #3741, .F. ) ;
#3303 = AXIS2_PLACEMENT_3D ( 'NONE', #248, #1587, #3904 ) ;
#3304 = CARTESIAN_POINT ( 'NONE',  ( 113.5560777532356127, 18.00000000000000000, -7.500000000000000000 ) ) ;
#3305 = EDGE_CURVE ( 'NONE', #2596, #1272, #3008, .T. ) ;
#3306 = DIRECTION ( 'NONE',  ( 0.000000000000000000, 0.000000000000000000, -1.000000000000000000 ) ) ;
#3307 = CARTESIAN_POINT ( 'NONE',  ( -6.040988840615040267, -17.54757816923364899, 13.50000000000000000 ) ) ;
#3308 = ORIENTED_EDGE ( 'NONE', *, *, #605, .T. ) ;
#3309 = EDGE_CURVE ( 'NONE', #466, #722, #2284, .T. ) ;
#3310 = VECTOR ( 'NONE', #1510, 1000.000000000000114 ) ;
#3311 = CARTESIAN_POINT ( 'NONE',  ( -30.45000000000000284, -6.000000000000000000, 13.50000000000000000 ) ) ;
#3312 = ORIENTED_EDGE ( 'NONE', *, *, #757, .T. ) ;
#3313 = ORIENTED_EDGE ( 'NONE', *, *, #2716, .T. ) ;
#3314 = CARTESIAN_POINT ( 'NONE',  ( 98.49894742673220094, 9.000000000000000000, -7.500000000000000000 ) ) ;
#3315 =( GEOMETRIC_REPRESENTATION_CONTEXT ( 3 ) GLOBAL_UNCERTAINTY_ASSIGNED_CONTEXT ( ( #1497 ) ) GLOBAL_UNIT_ASSIGNED_CONTEXT ( ( #3559, #2602, #1901 ) ) REPRESENTATION_CONTEXT ( 'NONE', 'WORKASPACE' ) );
#3316 = CARTESIAN_POINT ( 'NONE',  ( -63.60000000000000142, -3.059411708155674869, -7.500000000000000000 ) ) ;
#3317 = CARTESIAN_POINT ( 'NONE',  ( 69.29999937415115596, 3.899999999999984368, 4.500000000000000888 ) ) ;
#3318 = PLANE ( 'NONE',  #1935 ) ;
#3319 = EDGE_CURVE ( 'NONE', #4246, #786, #223, .T. ) ;
#3320 = ORIENTED_EDGE ( 'NONE', *, *, #1839, .F. ) ;
#3321 = CARTESIAN_POINT ( 'NONE',  ( 95.10000000000000853, -3.433260614248080600, 13.50000000000000000 ) ) ;
#3322 = LINE ( 'NONE', #2997, #292 ) ;
#3323 = ADVANCED_FACE ( 'NONE', ( #3972 ), #3318, .F. ) ;
#3324 = ORIENTED_EDGE ( 'NONE', *, *, #3256, .F. ) ;
#3325 = FACE_OUTER_BOUND ( 'NONE', #2537, .T. ) ;
#3326 = VECTOR ( 'NONE', #3197, 1000.000000000000000 ) ;
#3327 = AXIS2_PLACEMENT_3D ( 'NONE', #1668, #1339, #2661 ) ;
#3328 = CARTESIAN_POINT ( 'NONE',  ( -39.00000062584880567, -1.035898384862249832, 7.500000000000000000 ) ) ;
#3329 = VECTOR ( 'NONE', #1331, 1000.000000000000114 ) ;
#3330 = LINE ( 'NONE', #1004, #2845 ) ;
#3331 = ORIENTED_EDGE ( 'NONE', *, *, #2831, .T. ) ;
#3332 = CARTESIAN_POINT ( 'NONE',  ( 76.79999999999820659, -6.000000000000000000, 13.50000000000000000 ) ) ;
#3333 = EDGE_CURVE ( 'NONE', #3138, #966, #2623, .T. ) ;
#3334 = LINE ( 'NONE', #345, #2665 ) ;
#3335 = VERTEX_POINT ( 'NONE', #766 ) ;
#3336 = ORIENTED_EDGE ( 'NONE', *, *, #908, .T. ) ;
#3337 = ADVANCED_FACE ( 'NONE', ( #1143 ), #3472, .F. ) ;
#3338 = CARTESIAN_POINT ( 'NONE',  ( 52.49999999995599609, -3.433260614196565363, 9.900000000000000355 ) ) ;
#3339 = LINE ( 'NONE', #2273, #1108 ) ;
#3340 = CYLINDRICAL_SURFACE ( 'NONE', #34, 11.40000000000000036 ) ;
#3341 = VECTOR ( 'NONE', #1689, 1000.000000000000000 ) ;
#3342 = DIRECTION ( 'NONE',  ( -0.000000000000000000, 1.000000000000000000, -0.000000000000000000 ) ) ;
#3343 = CARTESIAN_POINT ( 'NONE',  ( 117.5010525732677849, -18.00000000000000000, -7.500000000000000000 ) ) ;
#3344 = VERTEX_POINT ( 'NONE', #2066 ) ;
#3345 = VERTEX_POINT ( 'NONE', #1769 ) ;
#3346 = CARTESIAN_POINT ( 'NONE',  ( -63.60000000000000142, 5.916457635513519731E-30, 7.518830502887701333E-31 ) ) ;
#3347 = LINE ( 'NONE', #4026, #2893 ) ;
#3348 = ORIENTED_EDGE ( 'NONE', *, *, #736, .T. ) ;
#3349 = ORIENTED_EDGE ( 'NONE', *, *, #3787, .T. ) ;
#3350 = DIRECTION ( 'NONE',  ( -1.423278299945381900E-32, 1.000000000000000000, 0.000000000000000000 ) ) ;
#3351 = PLANE ( 'NONE',  #589 ) ;
#3352 = DIRECTION ( 'NONE',  ( 1.000000000000000000, 1.027984282060329919E-17, 0.000000000000000000 ) ) ;
#3353 = ORIENTED_EDGE ( 'NONE', *, *, #3654, .F. ) ;
#3354 = VERTEX_POINT ( 'NONE', #3073 ) ;
#3355 = ORIENTED_EDGE ( 'NONE', *, *, #932, .F. ) ;
#3356 = CARTESIAN_POINT ( 'NONE',  ( -48.00000000000000000, 9.000000000000000000, 13.50000000000000000 ) ) ;
#3357 = DIRECTION ( 'NONE',  ( -2.220446049250309876E-16, -1.000000000000000000, 0.000000000000000000 ) ) ;
#3358 = CIRCLE ( 'NONE', #3986, 11.40000000000000036 ) ;
#3359 = ORIENTED_EDGE ( 'NONE', *, *, #11, .T. ) ;
#3360 = VERTEX_POINT ( 'NONE', #2748 ) ;
#3361 = CARTESIAN_POINT ( 'NONE',  ( -63.60000000000000142, -8.099999999999990763, 5.522026336546978066E-31 ) ) ;
#3362 = CARTESIAN_POINT ( 'NONE',  ( -29.69999999998085016, 6.000000000000000000, 9.900000000000000355 ) ) ;
#3363 = CYLINDRICAL_SURFACE ( 'NONE', #397, 8.699999999999999289 ) ;
#3364 = DIRECTION ( 'NONE',  ( 0.4472135954999569840, -0.4472135954999579832, 0.7745966692414839594 ) ) ;
#3365 = VERTEX_POINT ( 'NONE', #1787 ) ;
#3366 = ORIENTED_EDGE ( 'NONE', *, *, #3941, .F. ) ;
#3367 = VECTOR ( 'NONE', #4002, 1000.000000000000000 ) ;
#3368 = PLANE ( 'NONE',  #2604 ) ;
#3369 = ORIENTED_EDGE ( 'NONE', *, *, #1752, .F. ) ;
#3370 = ORIENTED_EDGE ( 'NONE', *, *, #1644, .F. ) ;
#3371 = LINE ( 'NONE', #383, #1264 ) ;
#3372 = LINE ( 'NONE', #405, #1064 ) ;
#3373 = ORIENTED_EDGE ( 'NONE', *, *, #547, .T. ) ;
#3374 = AXIS2_PLACEMENT_3D ( 'NONE', #4297, #1687, #1373 ) ;
#3375 = ORIENTED_EDGE ( 'NONE', *, *, #529, .F. ) ;
#3376 = DIRECTION ( 'NONE',  ( 0.000000000000000000, 0.000000000000000000, -1.000000000000000000 ) ) ;
#3377 = EDGE_CURVE ( 'NONE', #518, #3700, #3030, .T. ) ;
#3378 =( NAMED_UNIT ( * ) PLANE_ANGLE_UNIT ( ) SI_UNIT ( $, .RADIAN. ) );
#3379 = EDGE_CURVE ( 'NONE', #947, #3627, #132, .T. ) ;
#3380 = CARTESIAN_POINT ( 'NONE',  ( 102.6674243050441646, -18.00000000000000000, -5.734714594940499843 ) ) ;
#3381 = ORIENTED_EDGE ( 'NONE', *, *, #1844, .F. ) ;
#3382 = VERTEX_POINT ( 'NONE', #2791 ) ;
#3383 = ORIENTED_EDGE ( 'NONE', *, *, #3389, .T. ) ;
#3384 = DIRECTION ( 'NONE',  ( -1.027984282060329919E-17, 1.000000000000000000, 0.000000000000000000 ) ) ;
#3385 = FACE_OUTER_BOUND ( 'NONE', #4110, .T. ) ;
#3386 = DIRECTION ( 'NONE',  ( 0.7499999999999957812, 8.807818512079126157E-32, -0.6614378277661525640 ) ) ;
#3387 = EDGE_CURVE ( 'NONE', #2043, #2268, #3450, .T. ) ;
#3388 = DIRECTION ( 'NONE',  ( 0.000000000000000000, 1.000000000000000000, 0.000000000000000000 ) ) ;
#3389 = EDGE_CURVE ( 'NONE', #4199, #288, #4040, .T. ) ;
#3390 = ORIENTED_EDGE ( 'NONE', *, *, #2859, .T. ) ;
#3391 = LINE ( 'NONE', #398, #641 ) ;
#3392 = ADVANCED_FACE ( 'NONE', ( #2723 ), #2398, .T. ) ;
#3393 = EDGE_CURVE ( 'NONE', #240, #596, #1456, .T. ) ;
#3394 = CARTESIAN_POINT ( 'NONE',  ( 35.75596240978855178, 6.000000000000000000, 13.50000000000000000 ) ) ;
#3395 = ORIENTED_EDGE ( 'NONE', *, *, #4204, .F. ) ;
#3396 = VECTOR ( 'NONE', #1602, 1000.000000000000000 ) ;
#3397 = CARTESIAN_POINT ( 'NONE',  ( 68.99999937415140039, -2.249999999999859668, -7.500000000000000000 ) ) ;
#3398 = VECTOR ( 'NONE', #621, 1000.000000000000000 ) ;
#3399 = DIRECTION ( 'NONE',  ( 6.842277657836019882E-47, -1.000000000000000000, 0.000000000000000000 ) ) ;
#3400 = VECTOR ( 'NONE', #590, 1000.000000000000000 ) ;
#3401 = AXIS2_PLACEMENT_3D ( 'NONE', #4237, #2891, #2581 ) ;
#3402 = ORIENTED_EDGE ( 'NONE', *, *, #2620, .T. ) ;
#3403 = AXIS2_PLACEMENT_3D ( 'NONE', #3427, #3076, #431 ) ;
#3404 = FACE_OUTER_BOUND ( 'NONE', #1784, .T. ) ;
#3405 = LINE ( 'NONE', #3116, #3192 ) ;
#3406 = ORIENTED_EDGE ( 'NONE', *, *, #2151, .T. ) ;
#3407 = ORIENTED_EDGE ( 'NONE', *, *, #2535, .F. ) ;
#3408 = ORIENTED_EDGE ( 'NONE', *, *, #421, .F. ) ;
#3409 = ADVANCED_FACE ( 'NONE', ( #747, #2773 ), #1418, .F. ) ;
#3410 = DIRECTION ( 'NONE',  ( -1.000000000000000000, -6.842277657836019882E-47, 3.694829935231450289E-47 ) ) ;
#3411 = DIRECTION ( 'NONE',  ( 0.000000000000000000, -1.000000000000000000, 0.000000000000000000 ) ) ;
#3412 = CARTESIAN_POINT ( 'NONE',  ( 95.10000000000000853, -3.433260614248080600, 13.50000000000000000 ) ) ;
#3413 = ORIENTED_EDGE ( 'NONE', *, *, #1885, .F. ) ;
#3414 = EDGE_LOOP ( 'NONE', ( #2742, #2033, #626, #903 ) ) ;
#3415 = CARTESIAN_POINT ( 'NONE',  ( 98.10000000000000853, -3.377375036177979961, 13.50000000000000000 ) ) ;
#3416 = EDGE_CURVE ( 'NONE', #2109, #4152, #1122, .T. ) ;
#3417 = CARTESIAN_POINT ( 'NONE',  ( 92.99999937415138618, 4.500000000000279776, -7.500000000000000000 ) ) ;
#3418 = ORIENTED_EDGE ( 'NONE', *, *, #2639, .T. ) ;
#3419 = ORIENTED_EDGE ( 'NONE', *, *, #1786, .F. ) ;
#3420 = CARTESIAN_POINT ( 'NONE',  ( 34.20000000001010676, -6.000000000000000000, 13.50000000000000000 ) ) ;
#3421 = VERTEX_POINT ( 'NONE', #2442 ) ;
#3422 = PRODUCT_DEFINITION_SHAPE ( 'NONE', 'NONE',  #2081 ) ;
#3423 = LINE ( 'NONE', #2489, #2777 ) ;
#3424 = CARTESIAN_POINT ( 'NONE',  ( 92.99999937415138618, 4.500000000000279776, -7.500000000000000000 ) ) ;
#3425 = ORIENTED_EDGE ( 'NONE', *, *, #1930, .F. ) ;
#3426 = VERTEX_POINT ( 'NONE', #4087 ) ;
#3427 = CARTESIAN_POINT ( 'NONE',  ( 102.6674243050441646, -18.00000000000000000, -5.734714594940499843 ) ) ;
#3428 = CONICAL_SURFACE ( 'NONE', #3983, 8.099999999999967670, 0.7853981633974598253 ) ;
#3429 = VECTOR ( 'NONE', #406, 1000.000000000000000 ) ;
#3430 = AXIS2_PLACEMENT_3D ( 'NONE', #1092, #3111, #2371 ) ;
#3431 = EDGE_CURVE ( 'NONE', #819, #3335, #3405, .T. ) ;
#3432 = CARTESIAN_POINT ( 'NONE',  ( -39.00000062584880567, 4.500000000000000000, 1.500000000000000000 ) ) ;
#3433 = PLANE ( 'NONE',  #965 ) ;
#3434 = FACE_OUTER_BOUND ( 'NONE', #40, .T. ) ;
#3435 = VECTOR ( 'NONE', #577, 1000.000000000000000 ) ;
#3436 = EDGE_LOOP ( 'NONE', ( #324, #1326, #2732, #2372 ) ) ;
#3437 = ADVANCED_FACE ( 'NONE', ( #1099 ), #2046, .F. ) ;
#3438 = FACE_BOUND ( 'NONE', #4014, .T. ) ;
#3439 = EDGE_CURVE ( 'NONE', #104, #1478, #2094, .T. ) ;
#3440 = VERTEX_POINT ( 'NONE', #389 ) ;
#3441 = VERTEX_POINT ( 'NONE', #3424 ) ;
#3442 = VERTEX_POINT ( 'NONE', #1749 ) ;
#3443 = CARTESIAN_POINT ( 'NONE',  ( 108.0000000000000000, -9.000000000000000000, -1.199999999999981970 ) ) ;
#3444 = AXIS2_PLACEMENT_3D ( 'NONE', #2452, #2129, #481 ) ;
#3445 = DIRECTION ( 'NONE',  ( -1.000000000000000000, 0.000000000000000000, 0.000000000000000000 ) ) ;
#3446 = CARTESIAN_POINT ( 'NONE',  ( 12.90000000000000036, 6.000000000000000000, 13.50000000000000000 ) ) ;
#3447 = PLANE ( 'NONE',  #2525 ) ;
#3448 = ORIENTED_EDGE ( 'NONE', *, *, #67, .T. ) ;
#3449 = ADVANCED_FACE ( 'NONE', ( #3780 ), #2117, .F. ) ;
#3450 = LINE ( 'NONE', #469, #399 ) ;
#3451 = LINE ( 'NONE', #3182, #1960 ) ;
#3452 = ORIENTED_EDGE ( 'NONE', *, *, #1698, .T. ) ;
#3453 = LINE ( 'NONE', #810, #2074 ) ;
#3454 = CARTESIAN_POINT ( 'NONE',  ( -19.25965120995694591, -1.457391992893086075, 9.900000000000000355 ) ) ;
#3455 = CARTESIAN_POINT ( 'NONE',  ( -45.00000000000000000, -6.000000000000000000, 9.900000000000000355 ) ) ;
#3456 = ORIENTED_EDGE ( 'NONE', *, *, #2654, .T. ) ;
#3457 = LINE ( 'NONE', #1129, #3077 ) ;
#3458 = ADVANCED_FACE ( 'NONE', ( #69 ), #2153, .F. ) ;
#3459 = LINE ( 'NONE', #1494, #1489 ) ;
#3460 = ORIENTED_EDGE ( 'NONE', *, *, #1228, .F. ) ;
#3461 = ORIENTED_EDGE ( 'NONE', *, *, #3201, .T. ) ;
#3462 = LINE ( 'NONE', #142, #2699 ) ;
#3463 = PLANE ( 'NONE',  #1896 ) ;
#3464 = ORIENTED_EDGE ( 'NONE', *, *, #1393, .F. ) ;
#3465 = VECTOR ( 'NONE', #2972, 1000.000000000000000 ) ;
#3466 = ORIENTED_EDGE ( 'NONE', *, *, #2879, .F. ) ;
#3467 = DIRECTION ( 'NONE',  ( 0.000000000000000000, 0.000000000000000000, -1.000000000000000000 ) ) ;
#3468 = EDGE_CURVE ( 'NONE', #1549, #820, #564, .T. ) ;
#3469 = CARTESIAN_POINT ( 'NONE',  ( 22.82798120489644944, -1.283369692895567793, 9.900000000000000355 ) ) ;
#3470 = AXIS2_PLACEMENT_3D ( 'NONE', #246, #1585, #956 ) ;
#3471 = VECTOR ( 'NONE', #1358, 1000.000000000000000 ) ;
#3472 = PLANE ( 'NONE',  #4024 ) ;
#3473 = ORIENTED_EDGE ( 'NONE', *, *, #2608, .T. ) ;
#3474 = EDGE_LOOP ( 'NONE', ( #1657, #105, #3529, #814 ) ) ;
#3475 = DIRECTION ( 'NONE',  ( 1.000000000000000000, 1.027984282060329919E-17, -3.694829935231450289E-47 ) ) ;
#3476 = DIRECTION ( 'NONE',  ( -1.000000000000000000, -7.395570986446990055E-32, 3.694829935231450289E-47 ) ) ;
#3477 = DIRECTION ( 'NONE',  ( -1.000000000000000000, 2.891205793294664521E-16, -0.000000000000000000 ) ) ;
#3478 = PLANE ( 'NONE',  #2554 ) ;
#3479 = CARTESIAN_POINT ( 'NONE',  ( 0.8167831487005620117, -10.24070672762303857, 13.50000000000000000 ) ) ;
#3480 = FACE_OUTER_BOUND ( 'NONE', #296, .T. ) ;
#3481 = EDGE_CURVE ( 'NONE', #4152, #3820, #542, .T. ) ;
#3482 = VERTEX_POINT ( 'NONE', #2534 ) ;
#3483 = EDGE_LOOP ( 'NONE', ( #805, #3118, #1302, #532 ) ) ;
#3484 = CARTESIAN_POINT ( 'NONE',  ( 117.0000000000000000, 6.000000000000000000, 9.900000000000000355 ) ) ;
#3485 = CARTESIAN_POINT ( 'NONE',  ( 12.90000000000000036, 7.500000000000000000, 9.900000000000000355 ) ) ;
#3486 = VECTOR ( 'NONE', #4287, 1000.000000000000000 ) ;
#3487 = VECTOR ( 'NONE', #3295, 1000.000000000000000 ) ;
#3488 = CARTESIAN_POINT ( 'NONE',  ( 4.332575694955830947, -18.00000000000000000, -5.734714594940487409 ) ) ;
#3489 = ORIENTED_EDGE ( 'NONE', *, *, #2931, .T. ) ;
#3490 = ORIENTED_EDGE ( 'NONE', *, *, #2797, .F. ) ;
#3491 = DIRECTION ( 'NONE',  ( -1.000000000000000000, 0.000000000000000000, 0.000000000000000000 ) ) ;
#3492 = CARTESIAN_POINT ( 'NONE',  ( -3.330669073875467255E-15, -18.00000000000000000, -1.199999999999987965 ) ) ;
#3493 = ORIENTED_EDGE ( 'NONE', *, *, #2527, .F. ) ;
#3494 = ORIENTED_EDGE ( 'NONE', *, *, #3393, .F. ) ;
#3495 = ORIENTED_EDGE ( 'NONE', *, *, #4166, .F. ) ;
#3496 = ADVANCED_FACE ( 'NONE', ( #2244 ), #1891, .T. ) ;
#3497 = CARTESIAN_POINT ( 'NONE',  ( -42.41930241988914929, 6.000000000000000000, 13.50000000000000000 ) ) ;
#3498 = FACE_OUTER_BOUND ( 'NONE', #339, .T. ) ;
#3499 = CARTESIAN_POINT ( 'NONE',  ( -25.94789984631644941, 11.96171750698890079, 13.50000000000000000 ) ) ;
#3500 = AXIS2_PLACEMENT_3D ( 'NONE', #2593, #2861, #938 ) ;
#3501 = DIRECTION ( 'NONE',  ( 7.395570986446990055E-32, -1.000000000000000000, -4.930380657631319405E-32 ) ) ;
#3502 = VECTOR ( 'NONE', #803, 1000.000000000000000 ) ;
#3503 = FACE_OUTER_BOUND ( 'NONE', #3087, .T. ) ;
#3504 = ORIENTED_EDGE ( 'NONE', *, *, #349, .T. ) ;
#3505 = VECTOR ( 'NONE', #394, 1000.000000000000227 ) ;
#3506 = ORIENTED_EDGE ( 'NONE', *, *, #1182, .T. ) ;
#3507 = DIRECTION ( 'NONE',  ( 1.000000000000000000, 0.000000000000000000, 0.000000000000000000 ) ) ;
#3508 = ADVANCED_FACE ( 'NONE', ( #2491 ), #1568, .T. ) ;
#3509 = DIRECTION ( 'NONE',  ( 2.220446049250309876E-16, 1.000000000000000000, 5.468348304142549928E-47 ) ) ;
#3510 = CARTESIAN_POINT ( 'NONE',  ( 120.0000000000000000, 9.000000000000000000, 13.50000000000000000 ) ) ;
#3511 = LINE ( 'NONE', #3756, #4194 ) ;
#3512 = ORIENTED_EDGE ( 'NONE', *, *, #4290, .F. ) ;
#3513 = AXIS2_PLACEMENT_3D ( 'NONE', #1330, #760, #2080 ) ;
#3514 = CYLINDRICAL_SURFACE ( 'NONE', #1818, 6.000000000000019540 ) ;
#3515 = LINE ( 'NONE', #1870, #3117 ) ;
#3516 = CARTESIAN_POINT ( 'NONE',  ( 108.0000000000000000, -9.000000000000000000, -1.199999999999981970 ) ) ;
#3517 = DIRECTION ( 'NONE',  ( -7.383753479102818642E-62, -1.000000000000000000, -2.465190328815659976E-32 ) ) ;
#3518 = CARTESIAN_POINT ( 'NONE',  ( -12.90000000000000036, 7.500000000000000000, 9.900000000000000355 ) ) ;
#3519 = ORIENTED_EDGE ( 'NONE', *, *, #4161, .F. ) ;
#3520 = ORIENTED_EDGE ( 'NONE', *, *, #1654, .F. ) ;
#3521 = VECTOR ( 'NONE', #2482, 1000.000000000000000 ) ;
#3522 = VERTEX_POINT ( 'NONE', #3207 ) ;
#3523 = DIRECTION ( 'NONE',  ( -0.000000000000000000, 1.000000000000000000, -0.000000000000000000 ) ) ;
#3524 = DIRECTION ( 'NONE',  ( 0.000000000000000000, 0.000000000000000000, 1.000000000000000000 ) ) ;
#3525 = VECTOR ( 'NONE', #1531, 1000.000000000000000 ) ;
#3526 = EDGE_CURVE ( 'NONE', #1368, #2829, #1871, .T. ) ;
#3527 = LINE ( 'NONE', #1556, #2140 ) ;
#3528 = ADVANCED_FACE ( 'NONE', ( #1808 ), #1482, .T. ) ;
#3529 = ORIENTED_EDGE ( 'NONE', *, *, #3975, .T. ) ;
#3530 = ADVANCED_FACE ( 'NONE', ( #2815 ), #3825, .F. ) ;
#3531 = VECTOR ( 'NONE', #880, 1000.000000000000000 ) ;
#3532 = CARTESIAN_POINT ( 'NONE',  ( 9.501052573267859458, 18.00000000000000000, -7.500000000000000000 ) ) ;
#3533 = DIRECTION ( 'NONE',  ( 0.000000000000000000, 4.930380657631319405E-32, -1.000000000000000000 ) ) ;
#3534 = ORIENTED_EDGE ( 'NONE', *, *, #75, .F. ) ;
#3535 = LINE ( 'NONE', #2510, #3562 ) ;
#3536 = CARTESIAN_POINT ( 'NONE',  ( -63.60000000000000142, 5.916457635513519731E-30, 7.518830502887701333E-31 ) ) ;
#3537 = CARTESIAN_POINT ( 'NONE',  ( -15.00000062584870086, -4.500000000000000000, -7.500000000000000000 ) ) ;
#3538 = ORIENTED_EDGE ( 'NONE', *, *, #755, .F. ) ;
#3539 = DIRECTION ( 'NONE',  ( 0.000000000000000000, 0.000000000000000000, -1.000000000000000000 ) ) ;
#3540 = VECTOR ( 'NONE', #3624, 1000.000000000000000 ) ;
#3541 = CARTESIAN_POINT ( 'NONE',  ( 38.12984790367929833, 28.66259972181769911, 13.50000000000000000 ) ) ;
#3542 = FACE_OUTER_BOUND ( 'NONE', #1485, .T. ) ;
#3543 = CARTESIAN_POINT ( 'NONE',  ( -48.00000000000000000, -9.000000000000000000, -7.500000000000000000 ) ) ;
#3544 = EDGE_CURVE ( 'NONE', #165, #134, #516, .T. ) ;
#3545 = LINE ( 'NONE', #553, #2157 ) ;
#3546 = CARTESIAN_POINT ( 'NONE',  ( -15.00000062584870086, -4.500000000000000000, 4.500000000000000888 ) ) ;
#3547 = EDGE_LOOP ( 'NONE', ( #3348, #3672, #2659, #1508 ) ) ;
#3548 = CARTESIAN_POINT ( 'NONE',  ( 9.900000000000000355, -3.515454430028559951, 13.50000000000000000 ) ) ;
#3549 = CARTESIAN_POINT ( 'NONE',  ( -26.70000000001915197, 6.000000000000000000, 9.900000000000000355 ) ) ;
#3550 = CARTESIAN_POINT ( 'NONE',  ( 113.3325756949558070, 18.00000000000000000, -5.734714594940502508 ) ) ;
#3551 = VERTEX_POINT ( 'NONE', #2885 ) ;
#3552 = LINE ( 'NONE', #2224, #490 ) ;
#3553 = DIRECTION ( 'NONE',  ( 0.000000000000000000, 0.000000000000000000, -1.000000000000000000 ) ) ;
#3554 = ORIENTED_EDGE ( 'NONE', *, *, #3850, .F. ) ;
#3555 = ORIENTED_EDGE ( 'NONE', *, *, #790, .F. ) ;
#3556 = CARTESIAN_POINT ( 'NONE',  ( -8.399999999994900435, -6.000000000000000000, 13.50000000000000000 ) ) ;
#3557 = DIRECTION ( 'NONE',  ( 0.000000000000000000, -1.000000000000000000, 0.000000000000000000 ) ) ;
#3558 = DIRECTION ( 'NONE',  ( -1.000000000000000000, -6.842277657836019882E-47, 3.694829935231450289E-47 ) ) ;
#3559 =( LENGTH_UNIT ( ) NAMED_UNIT ( * ) SI_UNIT ( .MILLI., .METRE. ) );
#3560 = EDGE_CURVE ( 'NONE', #3690, #3132, #2839, .T. ) ;
#3561 = ORIENTED_EDGE ( 'NONE', *, *, #1970, .F. ) ;
#3562 = VECTOR ( 'NONE', #251, 1000.000000000000000 ) ;
#3563 = DIRECTION ( 'NONE',  ( 6.842277657836019882E-47, -1.000000000000000000, 0.000000000000000000 ) ) ;
#3564 = EDGE_LOOP ( 'NONE', ( #2830, #3782, #561, #4097 ) ) ;
#3565 = DIRECTION ( 'NONE',  ( -0.8137334712070509735, -0.5812381937186539282, 0.000000000000000000 ) ) ;
#3566 = EDGE_CURVE ( 'NONE', #1088, #629, #1851, .T. ) ;
#3567 = CARTESIAN_POINT ( 'NONE',  ( 31.20000000001019913, 4.499999894011939894, 9.900000000000000355 ) ) ;
#3568 = AXIS2_PLACEMENT_3D ( 'NONE', #845, #1500, #2148 ) ;
#3569 = CARTESIAN_POINT ( 'NONE',  ( -25.61930241991399981, -6.000000000000000000, 13.50000000000000000 ) ) ;
#3570 = CARTESIAN_POINT ( 'NONE',  ( -48.00000000000000000, -9.000000000000000000, 7.500000000000000000 ) ) ;
#3571 = EDGE_CURVE ( 'NONE', #2400, #510, #3867, .T. ) ;
#3572 = VERTEX_POINT ( 'NONE', #4186 ) ;
#3573 = ORIENTED_EDGE ( 'NONE', *, *, #3712, .T. ) ;
#3574 = FACE_OUTER_BOUND ( 'NONE', #451, .T. ) ;
#3575 = LINE ( 'NONE', #1981, #1247 ) ;
#3576 = CARTESIAN_POINT ( 'NONE',  ( 113.5560777532355843, -9.000000000000000000, -7.500000000000000000 ) ) ;
#3577 = CARTESIAN_POINT ( 'NONE',  ( 68.99999937415108775, -4.500000000000016875, 4.500000000000000888 ) ) ;
#3578 = CIRCLE ( 'NONE', #3019, 11.40000000000000746 ) ;
#3579 = DIRECTION ( 'NONE',  ( 1.000000000000000000, 1.027984282060329919E-17, 0.000000000000000000 ) ) ;
#3580 = PLANE ( 'NONE',  #3647 ) ;
#3581 = ORIENTED_EDGE ( 'NONE', *, *, #3309, .T. ) ;
#3582 = AXIS2_PLACEMENT_3D ( 'NONE', #3432, #924, #1579 ) ;
#3583 = ORIENTED_EDGE ( 'NONE', *, *, #3205, .F. ) ;
#3584 = EDGE_CURVE ( 'NONE', #665, #3092, #2555, .T. ) ;
#3585 = VECTOR ( 'NONE', #2971, 1000.000000000000000 ) ;
#3586 = AXIS2_PLACEMENT_3D ( 'NONE', #2988, #1958, #1999 ) ;
#3587 = CARTESIAN_POINT ( 'NONE',  ( -63.42575048715218600, -3.520749111782877971, -7.500000000000000000 ) ) ;
#3588 = FACE_OUTER_BOUND ( 'NONE', #2082, .T. ) ;
#3589 = ORIENTED_EDGE ( 'NONE', *, *, #3625, .T. ) ;
#3590 = CARTESIAN_POINT ( 'NONE',  ( -48.00000000000000000, -9.000000000000000000, -7.500000000000000000 ) ) ;
#3591 = CARTESIAN_POINT ( 'NONE',  ( -9.501052573267859458, 18.00000000000000000, -7.500000000000000000 ) ) ;
#3592 = DIRECTION ( 'NONE',  ( 1.000000000000000000, 1.027984282060329919E-17, 0.000000000000000000 ) ) ;
#3593 = VERTEX_POINT ( 'NONE', #2178 ) ;
#3594 = ORIENTED_EDGE ( 'NONE', *, *, #3701, .F. ) ;
#3595 = ORIENTED_EDGE ( 'NONE', *, *, #1774, .T. ) ;
#3596 = EDGE_CURVE ( 'NONE', #2901, #2394, #3080, .T. ) ;
#3597 = DIRECTION ( 'NONE',  ( -1.000000000000000000, 0.000000000000000000, 0.000000000000000000 ) ) ;
#3598 = CARTESIAN_POINT ( 'NONE',  ( -48.00000000000000000, 18.00000000000000000, -7.500000000000000000 ) ) ;
#3599 = CARTESIAN_POINT ( 'NONE',  ( 85.17201879518040641, -1.283369692892633918, 9.900000000000000355 ) ) ;
#3600 = CARTESIAN_POINT ( 'NONE',  ( 0.000000000000000000, 0.000000000000000000, 0.000000000000000000 ) ) ;
#3601 =( BOUNDED_CURVE ( )  B_SPLINE_CURVE ( 2, ( #2875, #2257, #183 ),
 .UNSPECIFIED., .F., .F. ) 
 B_SPLINE_CURVE_WITH_KNOTS ( ( 3, 3 ),
 ( 0.000000000000000000, 0.1039230484541329991 ),
 .UNSPECIFIED. ) 
 CURVE ( )  GEOMETRIC_REPRESENTATION_ITEM ( )  RATIONAL_B_SPLINE_CURVE ( ( 1.000000000000000000, 1.080000000000000071, 1.000000000000000000 ) ) 
 REPRESENTATION_ITEM ( '' )  );
#3602 = ORIENTED_EDGE ( 'NONE', *, *, #3186, .F. ) ;
#3603 = VECTOR ( 'NONE', #2567, 1000.000000000000000 ) ;
#3604 = DIRECTION ( 'NONE',  ( 0.000000000000000000, 0.000000000000000000, -1.000000000000000000 ) ) ;
#3605 = VECTOR ( 'NONE', #4243, 1000.000000000000000 ) ;
#3606 = LINE ( 'NONE', #685, #3465 ) ;
#3607 = VECTOR ( 'NONE', #4209, 1000.000000000000000 ) ;
#3608 = AXIS2_PLACEMENT_3D ( 'NONE', #200, #2870, #3874 ) ;
#3609 = ORIENTED_EDGE ( 'NONE', *, *, #3992, .T. ) ;
#3610 = EDGE_CURVE ( 'NONE', #3953, #2666, #1529, .T. ) ;
#3611 = LINE ( 'NONE', #3262, #3155 ) ;
#3612 = ORIENTED_EDGE ( 'NONE', *, *, #2535, .T. ) ;
#3613 = DIRECTION ( 'NONE',  ( 0.000000000000000000, 0.000000000000000000, -1.000000000000000000 ) ) ;
#3614 = PLANE ( 'NONE',  #2313 ) ;
#3615 = ORIENTED_EDGE ( 'NONE', *, *, #790, .T. ) ;
#3616 = EDGE_CURVE ( 'NONE', #3974, #3345, #1206, .T. ) ;
#3617 = PRESENTATION_STYLE_ASSIGNMENT (( #3993 ) ) ;
#3618 = FACE_OUTER_BOUND ( 'NONE', #2619, .T. ) ;
#3619 = LINE ( 'NONE', #1708, #2847 ) ;
#3620 = EDGE_CURVE ( 'NONE', #3236, #3982, #871, .T. ) ;
#3621 = ORIENTED_EDGE ( 'NONE', *, *, #3992, .F. ) ;
#3622 = LINE ( 'NONE', #2275, #1050 ) ;
#3623 = LINE ( 'NONE', #205, #4238 ) ;
#3624 = DIRECTION ( 'NONE',  ( 0.000000000000000000, -1.000000000000000000, 0.000000000000000000 ) ) ;
#3625 = EDGE_CURVE ( 'NONE', #600, #3747, #941, .T. ) ;
#3626 = ORIENTED_EDGE ( 'NONE', *, *, #1094, .T. ) ;
#3627 = VERTEX_POINT ( 'NONE', #1353 ) ;
#3628 = CARTESIAN_POINT ( 'NONE',  ( 72.24403759024619376, 6.000000000000000000, 13.50000000000000000 ) ) ;
#3629 = CARTESIAN_POINT ( 'NONE',  ( -9.900000000000000355, 3.515454429980219953, 13.50000000000000000 ) ) ;
#3630 = ADVANCED_FACE ( 'NONE', ( #298 ), #3948, .T. ) ;
#3631 = AXIS2_PLACEMENT_3D ( 'NONE', #100, #340, #3017 ) ;
#3632 = AXIS2_PLACEMENT_3D ( 'NONE', #107, #1782, #3071 ) ;
#3633 = AXIS2_PLACEMENT_3D ( 'NONE', #274, #322, #1294 ) ;
#3634 = FACE_OUTER_BOUND ( 'NONE', #4001, .T. ) ;
#3635 = EDGE_CURVE ( 'NONE', #3974, #4096, #1594, .T. ) ;
#3636 = FACE_OUTER_BOUND ( 'NONE', #945, .T. ) ;
#3637 = ORIENTED_EDGE ( 'NONE', *, *, #3887, .F. ) ;
#3638 = AXIS2_PLACEMENT_3D ( 'NONE', #3800, #535, #3152 ) ;
#3639 = ORIENTED_EDGE ( 'NONE', *, *, #3695, .F. ) ;
#3640 = ORIENTED_EDGE ( 'NONE', *, *, #3113, .F. ) ;
#3641 = LINE ( 'NONE', #365, #1715 ) ;
#3642 = CARTESIAN_POINT ( 'NONE',  ( 12.90000000000000036, 6.000000000000000000, 13.50000000000000000 ) ) ;
#3643 = EDGE_CURVE ( 'NONE', #1042, #3836, #3968, .T. ) ;
#3644 = FACE_OUTER_BOUND ( 'NONE', #2817, .T. ) ;
#3645 = CARTESIAN_POINT ( 'NONE',  ( 52.50000000002179945, 6.000000000000000000, 13.50000000000000000 ) ) ;
#3646 = CARTESIAN_POINT ( 'NONE',  ( 86.72798120488380391, 1.283369692875959922, 9.900000000000000355 ) ) ;
#3647 = AXIS2_PLACEMENT_3D ( 'NONE', #594, #4263, #2521 ) ;
#3648 = DIRECTION ( 'NONE',  ( -1.000000000000000000, -1.734723475976804876E-16, 0.000000000000000000 ) ) ;
#3649 = LINE ( 'NONE', #4303, #51 ) ;
#3650 = DIRECTION ( 'NONE',  ( 0.000000000000000000, 0.000000000000000000, -1.000000000000000000 ) ) ;
#3651 = ORIENTED_EDGE ( 'NONE', *, *, #4166, .T. ) ;
#3652 = ORIENTED_EDGE ( 'NONE', *, *, #3012, .F. ) ;
#3653 = CARTESIAN_POINT ( 'NONE',  ( 68.99999937415140039, -4.499999999999724665, -7.500000000000000000 ) ) ;
#3654 = EDGE_CURVE ( 'NONE', #609, #2179, #2964, .T. ) ;
#3655 = LINE ( 'NONE', #1041, #2184 ) ;
#3656 = ADVANCED_FACE ( 'NONE', ( #3636 ), #3614, .F. ) ;
#3657 = ADVANCED_FACE ( 'NONE', ( #1640 ), #1615, .F. ) ;
#3658 = ORIENTED_EDGE ( 'NONE', *, *, #1101, .F. ) ;
#3659 = CARTESIAN_POINT ( 'NONE',  ( 50.94403759023950329, -6.000000000000000000, 13.50000000000000000 ) ) ;
#3660 = AXIS2_PLACEMENT_3D ( 'NONE', #1394, #3987, #2718 ) ;
#3661 = DIRECTION ( 'NONE',  ( 0.000000000000000000, 0.000000000000000000, 1.000000000000000000 ) ) ;
#3662 = VERTEX_POINT ( 'NONE', #4289 ) ;
#3663 = ORIENTED_EDGE ( 'NONE', *, *, #3143, .F. ) ;
#3664 = VERTEX_POINT ( 'NONE', #3591 ) ;
#3665 = CARTESIAN_POINT ( 'NONE',  ( 68.99999937415140039, -4.499999999999724665, -7.500000000000000000 ) ) ;
#3666 = LINE ( 'NONE', #3598, #1936 ) ;
#3667 = CARTESIAN_POINT ( 'NONE',  ( 9.900000000000000355, 7.500000000000000000, 13.50000000000000000 ) ) ;
#3668 = ORIENTED_EDGE ( 'NONE', *, *, #2318, .T. ) ;
#3669 = CARTESIAN_POINT ( 'NONE',  ( -26.70000000001915197, 6.000000000000000000, 13.50000000000000000 ) ) ;
#3670 = CARTESIAN_POINT ( 'NONE',  ( -63.60000000000000142, 5.916457635513519731E-30, 7.518830502887700457E-31 ) ) ;
#3671 = CARTESIAN_POINT ( 'NONE',  ( 35.75596240978855178, 6.000000000000000000, 9.900000000000000355 ) ) ;
#3672 = ORIENTED_EDGE ( 'NONE', *, *, #20, .T. ) ;
#3673 = ORIENTED_EDGE ( 'NONE', *, *, #1755, .F. ) ;
#3674 = CARTESIAN_POINT ( 'NONE',  ( -48.00000000000000000, 9.000000000000000000, -7.500000000000000000 ) ) ;
#3675 = AXIS2_PLACEMENT_3D ( 'NONE', #1426, #1739, #2729 ) ;
#3676 = AXIS2_PLACEMENT_3D ( 'NONE', #4149, #3849, #856 ) ;
#3677 = CARTESIAN_POINT ( 'NONE',  ( -15.00000062584870086, -4.500000000000000000, 4.500000000000000888 ) ) ;
#3678 = ADVANCED_BREP_SHAPE_REPRESENTATION ( 'Solar array module modif 3x plc', ( #1611, #1604, #3040, #4009 ), #3315 ) ;
#3679 = CIRCLE ( 'NONE', #2218, 8.699999999999999289 ) ;
#3680 = DIRECTION ( 'NONE',  ( 0.000000000000000000, 0.000000000000000000, 1.000000000000000000 ) ) ;
#3681 = DIRECTION ( 'NONE',  ( 1.000000000000000000, 1.027984282060329919E-17, 0.000000000000000000 ) ) ;
#3682 = DIRECTION ( 'NONE',  ( 1.000000000000000000, 0.000000000000000000, 0.000000000000000000 ) ) ;
#3683 = VERTEX_POINT ( 'NONE', #2676 ) ;
#3684 = ORIENTED_EDGE ( 'NONE', *, *, #1593, .F. ) ;
#3685 = VERTEX_POINT ( 'NONE', #1334 ) ;
#3686 = CARTESIAN_POINT ( 'NONE',  ( 92.69999937415116165, -3.900000000000023892, 4.500000000000000888 ) ) ;
#3687 = DIRECTION ( 'NONE',  ( 7.395570986446990055E-32, -1.000000000000000000, -4.930380657631319405E-32 ) ) ;
#3688 = DIRECTION ( 'NONE',  ( 0.000000000000000000, 1.000000000000000000, 0.000000000000000000 ) ) ;
#3689 = DIRECTION ( 'NONE',  ( 1.000000000000000000, 0.000000000000000000, 0.000000000000000000 ) ) ;
#3690 = VERTEX_POINT ( 'NONE', #1916 ) ;
#3691 = DIRECTION ( 'NONE',  ( 0.000000000000000000, 0.000000000000000000, 1.000000000000000000 ) ) ;
#3692 = VECTOR ( 'NONE', #1113, 1000.000000000000000 ) ;
#3693 = CARTESIAN_POINT ( 'NONE',  ( 76.79999999999820659, 3.433260614214745043, 13.50000000000000000 ) ) ;
#3694 = CARTESIAN_POINT ( 'NONE',  ( -9.900000000000000355, -6.000000000000000000, 9.900000000000000355 ) ) ;
#3695 = EDGE_CURVE ( 'NONE', #2720, #3683, #4269, .T. ) ;
#3696 = ORIENTED_EDGE ( 'NONE', *, *, #525, .T. ) ;
#3697 = VERTEX_POINT ( 'NONE', #986 ) ;
#3698 = CARTESIAN_POINT ( 'NONE',  ( -39.00000062584880567, 4.500000000000000000, -7.500000000000000000 ) ) ;
#3699 = DIRECTION ( 'NONE',  ( 1.000000000000000000, 3.469446951953609258E-17, -4.652748807328490291E-47 ) ) ;
#3700 = VERTEX_POINT ( 'NONE', #3989 ) ;
#3701 = EDGE_CURVE ( 'NONE', #3441, #3685, #1311, .T. ) ;
#3702 = ORIENTED_EDGE ( 'NONE', *, *, #3333, .T. ) ;
#3703 = ORIENTED_EDGE ( 'NONE', *, *, #3416, .F. ) ;
#3704 = ADVANCED_FACE ( 'NONE', ( #253 ), #1661, .F. ) ;
#3705 = LINE ( 'NONE', #630, #3910 ) ;
#3706 = CARTESIAN_POINT ( 'NONE',  ( -15.30000062584874954, -3.899999999999999911, 4.500000000000000888 ) ) ;
#3707 = AXIS2_PLACEMENT_3D ( 'NONE', #1869, #3203, #1889 ) ;
#3708 = PLANE ( 'NONE',  #1963 ) ;
#3709 = ORIENTED_EDGE ( 'NONE', *, *, #3416, .T. ) ;
#3710 = VECTOR ( 'NONE', #742, 1000.000000000000000 ) ;
#3711 = LINE ( 'NONE', #302, #2265 ) ;
#3712 = EDGE_CURVE ( 'NONE', #488, #2652, #3286, .T. ) ;
#3713 = CARTESIAN_POINT ( 'NONE',  ( 108.0000000000000000, 18.00000000000000000, 1.350000000000012079 ) ) ;
#3714 = LINE ( 'NONE', #3110, #2501 ) ;
#3715 = DIRECTION ( 'NONE',  ( -1.027984282060329919E-17, 1.000000000000000000, 0.000000000000000000 ) ) ;
#3716 = VECTOR ( 'NONE', #914, 1000.000000000000000 ) ;
#3717 = ADVANCED_FACE ( 'NONE', ( #2616 ), #2922, .F. ) ;
#3718 = ORIENTED_EDGE ( 'NONE', *, *, #3205, .T. ) ;
#3719 = ORIENTED_EDGE ( 'NONE', *, *, #2108, .T. ) ;
#3720 = CARTESIAN_POINT ( 'NONE',  ( -15.00000062584870086, 4.500000000000000000, -7.500000000000000000 ) ) ;
#3721 = LINE ( 'NONE', #1462, #4234 ) ;
#3722 = DIRECTION ( 'NONE',  ( -7.395570986446990055E-32, 1.000000000000000000, 4.930380657631319405E-32 ) ) ;
#3723 = ORIENTED_EDGE ( 'NONE', *, *, #1617, .F. ) ;
#3724 = AXIS2_PLACEMENT_3D ( 'NONE', #211, #2526, #1952 ) ;
#3725 = LINE ( 'NONE', #1695, #997 ) ;
#3726 = CARTESIAN_POINT ( 'NONE',  ( 10.49999968707557940, -4.499999999999724665, -7.500000000000000000 ) ) ;
#3727 = CARTESIAN_POINT ( 'NONE',  ( 5.556077753235619809, -9.000000000000000000, -7.500000000000000000 ) ) ;
#3728 = EDGE_LOOP ( 'NONE', ( #2245, #3244, #482, #495 ) ) ;
#3729 = AXIS2_PLACEMENT_3D ( 'NONE', #3628, #912, #4222 ) ;
#3730 = EDGE_LOOP ( 'NONE', ( #4307, #1761, #3863 ) ) ;
#3731 = UNCERTAINTY_MEASURE_WITH_UNIT (LENGTH_MEASURE( 1.000000000000000082E-05 ), #4091, 'distance_accuracy_value', 'NONE');
#3732 = PLANE ( 'NONE',  #1281 ) ;
#3733 = CARTESIAN_POINT ( 'NONE',  ( 92.99999937415138618, 4.500000000000279776, 1.500000000000000000 ) ) ;
#3734 = ORIENTED_EDGE ( 'NONE', *, *, #620, .T. ) ;
#3735 = VECTOR ( 'NONE', #66, 1000.000000000000000 ) ;
#3736 = ORIENTED_EDGE ( 'NONE', *, *, #3204, .F. ) ;
#3737 = CARTESIAN_POINT ( 'NONE',  ( 8.179363416962399214, -6.000000000000000000, 13.50000000000000000 ) ) ;
#3738 = CARTESIAN_POINT ( 'NONE',  ( -15.00000062584870086, 4.500000000000000000, 1.500000000000000000 ) ) ;
#3739 = CARTESIAN_POINT ( 'NONE',  ( -45.20965120994449649, 6.000000000000000000, 13.50000000000000000 ) ) ;
#3740 = EDGE_LOOP ( 'NONE', ( #390, #91, #447, #139 ) ) ;
#3741 = EDGE_CURVE ( 'NONE', #4152, #1117, #2286, .T. ) ;
#3742 = ORIENTED_EDGE ( 'NONE', *, *, #2023, .F. ) ;
#3743 = PLANE ( 'NONE',  #2634 ) ;
#3744 = PLANE ( 'NONE',  #4101 ) ;
#3745 = CARTESIAN_POINT ( 'NONE',  ( -15.00000062584870086, 4.500000000000000000, 4.500000000000000888 ) ) ;
#3746 = DIRECTION ( 'NONE',  ( -1.000000000000000000, -6.842277657836019882E-47, 3.694829935231450289E-47 ) ) ;
#3747 = VERTEX_POINT ( 'NONE', #1995 ) ;
#3748 = DIRECTION ( 'NONE',  ( -1.000000000000000000, 0.000000000000000000, 0.000000000000000000 ) ) ;
#3749 = DIRECTION ( 'NONE',  ( 1.000000000000000000, 1.027984282060329919E-17, 0.000000000000000000 ) ) ;
#3750 = ORIENTED_EDGE ( 'NONE', *, *, #1752, .T. ) ;
#3751 = CARTESIAN_POINT ( 'NONE',  ( 73.79999999999820659, -6.000000000000000000, 13.50000000000000000 ) ) ;
#3752 = AXIS2_PLACEMENT_3D ( 'NONE', #500, #1193, #3524 ) ;
#3753 = LINE ( 'NONE', #1745, #3692 ) ;
#3754 = AXIS2_PLACEMENT_3D ( 'NONE', #3713, #3687, #700 ) ;
#3755 = CARTESIAN_POINT ( 'NONE',  ( 102.4439222467643873, 18.00000000000000000, -7.500000000000000000 ) ) ;
#3756 = CARTESIAN_POINT ( 'NONE',  ( -9.900000000000000355, 7.500000000000000000, 9.900000000000000355 ) ) ;
#3757 = AXIS2_PLACEMENT_3D ( 'NONE', #4012, #2992, #2356 ) ;
#3758 = EDGE_CURVE ( 'NONE', #1790, #3132, #3334, .T. ) ;
#3759 = AXIS2_PLACEMENT_3D ( 'NONE', #1126, #448, #3829 ) ;
#3760 = PLANE ( 'NONE',  #3500 ) ;
#3761 = DIRECTION ( 'NONE',  ( 1.000000000000000000, 1.027984282060329919E-17, 0.000000000000000000 ) ) ;
#3762 = ADVANCED_FACE ( 'NONE', ( #2595 ), #2348, .T. ) ;
#3763 = ORIENTED_EDGE ( 'NONE', *, *, #3201, .F. ) ;
#3764 = ORIENTED_EDGE ( 'NONE', *, *, #943, .F. ) ;
#3765 = ADVANCED_FACE ( 'NONE', ( #2016 ), #2719, .F. ) ;
#3766 = DIRECTION ( 'NONE',  ( -6.842277657836019882E-47, 1.000000000000000000, 0.000000000000000000 ) ) ;
#3767 = DIRECTION ( 'NONE',  ( -2.220446049250309876E-16, 1.000000000000000000, 0.000000000000000000 ) ) ;
#3768 = DIRECTION ( 'NONE',  ( 0.000000000000000000, 0.000000000000000000, -1.000000000000000000 ) ) ;
#3769 = DIRECTION ( 'NONE',  ( 1.000000000000000000, 0.000000000000000000, 0.000000000000000000 ) ) ;
#3770 = ADVANCED_FACE ( 'NONE', ( #1729 ), #3732, .F. ) ;
#3771 = ORIENTED_EDGE ( 'NONE', *, *, #295, .F. ) ;
#3772 = EDGE_LOOP ( 'NONE', ( #1565, #2139, #3902, #207 ) ) ;
#3773 = CYLINDRICAL_SURFACE ( 'NONE', #1048, 11.40000000000000036 ) ;
#3774 = DIRECTION ( 'NONE',  ( 1.000000000000000000, 1.027984282060329919E-17, -3.694829935231450289E-47 ) ) ;
#3775 = EDGE_LOOP ( 'NONE', ( #3857, #1024, #2248 ) ) ;
#3776 = LINE ( 'NONE', #4123, #130 ) ;
#3777 = DIRECTION ( 'NONE',  ( 1.000000000000000000, 1.027984282060329919E-17, -3.694829935231450289E-47 ) ) ;
#3778 = EDGE_CURVE ( 'NONE', #3426, #1548, #695, .T. ) ;
#3779 = DIRECTION ( 'NONE',  ( -4.102085266168244934E-63, 1.000000000000000000, -1.110223024625159992E-16 ) ) ;
#3780 = FACE_OUTER_BOUND ( 'NONE', #1934, .T. ) ;
#3781 = CARTESIAN_POINT ( 'NONE',  ( 50.94403759023950329, -6.000000000000000000, 13.50000000000000000 ) ) ;
#3782 = ORIENTED_EDGE ( 'NONE', *, *, #28, .F. ) ;
#3783 = ORIENTED_EDGE ( 'NONE', *, *, #2842, .T. ) ;
#3784 = LINE ( 'NONE', #4089, #1522 ) ;
#3785 = VECTOR ( 'NONE', #1307, 1000.000000000000000 ) ;
#3786 = AXIS2_PLACEMENT_3D ( 'NONE', #1290, #2611, #960 ) ;
#3787 = EDGE_CURVE ( 'NONE', #3683, #3522, #81, .T. ) ;
#3788 = DIRECTION ( 'NONE',  ( 1.000000000000000000, -0.000000000000000000, -0.000000000000000000 ) ) ;
#3789 = AXIS2_PLACEMENT_3D ( 'NONE', #16, #1271, #963 ) ;
#3790 = DIRECTION ( 'NONE',  ( 0.000000000000000000, 0.000000000000000000, -1.000000000000000000 ) ) ;
#3791 = DIRECTION ( 'NONE',  ( 0.000000000000000000, 0.000000000000000000, -1.000000000000000000 ) ) ;
#3792 = ORIENTED_EDGE ( 'NONE', *, *, #3799, .T. ) ;
#3793 = CARTESIAN_POINT ( 'NONE',  ( 73.79999999999820659, 6.216630307115999621, 13.50000000000000000 ) ) ;
#3794 = CARTESIAN_POINT ( 'NONE',  ( 68.99999937415140039, 4.500000000000279776, 1.500000000000000000 ) ) ;
#3795 = ORIENTED_EDGE ( 'NONE', *, *, #4294, .T. ) ;
#3796 = EDGE_CURVE ( 'NONE', #1816, #1968, #3372, .T. ) ;
#3797 = DIRECTION ( 'NONE',  ( -4.102085266168244934E-63, 1.000000000000000000, -1.110223024625159992E-16 ) ) ;
#3798 = LINE ( 'NONE', #2700, #3958 ) ;
#3799 = EDGE_CURVE ( 'NONE', #1951, #1232, #362, .T. ) ;
#3800 = CARTESIAN_POINT ( 'NONE',  ( -3.330669073875470016E-15, -18.00000000000000000, -1.199999999999987965 ) ) ;
#3801 = VECTOR ( 'NONE', #905, 1000.000000000000000 ) ;
#3802 = VERTEX_POINT ( 'NONE', #3755 ) ;
#3803 = PLANE ( 'NONE',  #2377 ) ;
#3804 = CARTESIAN_POINT ( 'NONE',  ( -45.00000000000000000, -6.000000000000000000, 13.50000000000000000 ) ) ;
#3805 = DIRECTION ( 'NONE',  ( 0.000000000000000000, 0.000000000000000000, -1.000000000000000000 ) ) ;
#3806 = ORIENTED_EDGE ( 'NONE', *, *, #1200, .T. ) ;
#3807 = AXIS2_PLACEMENT_3D ( 'NONE', #3720, #1379, #4042 ) ;
#3808 = ORIENTED_EDGE ( 'NONE', *, *, #560, .F. ) ;
#3809 = ORIENTED_EDGE ( 'NONE', *, *, #3297, .T. ) ;
#3810 = ADVANCED_FACE ( 'NONE', ( #4120 ), #1781, .F. ) ;
#3811 = DIRECTION ( 'NONE',  ( 1.000000000000000000, 1.027984282060329919E-17, 0.000000000000000000 ) ) ;
#3812 = DIRECTION ( 'NONE',  ( 1.000000000000000000, -7.395570986446980202E-32, -1.232595164407829988E-32 ) ) ;
#3813 = DIRECTION ( 'NONE',  ( -1.000000000000000000, -6.842277657836019882E-47, 0.000000000000000000 ) ) ;
#3814 = ORIENTED_EDGE ( 'NONE', *, *, #2818, .T. ) ;
#3815 = UNCERTAINTY_MEASURE_WITH_UNIT (LENGTH_MEASURE( 1.000000000000000082E-05 ), #1120, 'distance_accuracy_value', 'NONE');
#3816 = PLANE ( 'NONE',  #4078 ) ;
#3817 = CARTESIAN_POINT ( 'NONE',  ( -3.330669073875470016E-15, -9.000000000000000000, -1.199999999999987965 ) ) ;
#3818 = DIRECTION ( 'NONE',  ( -1.000000000000000000, 0.000000000000000000, 0.000000000000000000 ) ) ;
#3819 = AXIS2_PLACEMENT_3D ( 'NONE', #3036, #285, #49 ) ;
#3820 = VERTEX_POINT ( 'NONE', #1746 ) ;
#3821 = AXIS2_PLACEMENT_3D ( 'NONE', #1793, #1943, #1619 ) ;
#3822 = LINE ( 'NONE', #1826, #1300 ) ;
#3823 = AXIS2_PLACEMENT_3D ( 'NONE', #3380, #4124, #428 ) ;
#3824 = AXIS2_PLACEMENT_3D ( 'NONE', #2833, #1372, #824 ) ;
#3825 = PLANE ( 'NONE',  #1473 ) ;
#3826 = ORIENTED_EDGE ( 'NONE', *, *, #2804, .F. ) ;
#3827 = VERTEX_POINT ( 'NONE', #3070 ) ;
#3828 = ORIENTED_EDGE ( 'NONE', *, *, #2013, .T. ) ;
#3829 = DIRECTION ( 'NONE',  ( -0.8137334712064197006, 0.5812381937195377768, 0.000000000000000000 ) ) ;
#3830 = DIRECTION ( 'NONE',  ( -6.842277657836019882E-47, 1.000000000000000000, 0.000000000000000000 ) ) ;
#3831 = PLANE ( 'NONE',  #951 ) ;
#3832 = CARTESIAN_POINT ( 'NONE',  ( 112.3325756949558212, -18.00000000000000000, -5.734714594940502508 ) ) ;
#3833 = DIRECTION ( 'NONE',  ( 1.000000000000000000, 0.000000000000000000, 0.000000000000000000 ) ) ;
#3834 = ORIENTED_EDGE ( 'NONE', *, *, #1844, .T. ) ;
#3835 = FACE_BOUND ( 'NONE', #3031, .T. ) ;
#3836 = VERTEX_POINT ( 'NONE', #3420 ) ;
#3837 = DIRECTION ( 'NONE',  ( 7.395570986446990055E-32, -1.000000000000000000, -4.930380657631319405E-32 ) ) ;
#3838 = CARTESIAN_POINT ( 'NONE',  ( -29.69999999998085016, 6.000000000000000000, 13.50000000000000000 ) ) ;
#3839 = ADVANCED_FACE ( 'NONE', ( #1412 ), #3708, .F. ) ;
#3840 = DIRECTION ( 'NONE',  ( -7.395570986446990055E-32, 1.000000000000000000, 4.930380657631318857E-32 ) ) ;
#3841 = ORIENTED_EDGE ( 'NONE', *, *, #2402, .T. ) ;
#3842 = LINE ( 'NONE', #3178, #1276 ) ;
#3843 = DIRECTION ( 'NONE',  ( 0.4472135954999569840, 0.4472135954999579832, 0.7745966692414839594 ) ) ;
#3844 = EDGE_LOOP ( 'NONE', ( #402, #3555, #1798, #3145 ) ) ;
#3845 = ORIENTED_EDGE ( 'NONE', *, *, #1441, .T. ) ;
#3846 = ORIENTED_EDGE ( 'NONE', *, *, #1441, .F. ) ;
#3847 = ADVANCED_FACE ( 'NONE', ( #2392 ), #4033, .F. ) ;
#3848 = DIRECTION ( 'NONE',  ( -4.102085266168244934E-63, -1.000000000000000000, -1.110223024625159992E-16 ) ) ;
#3849 = DIRECTION ( 'NONE',  ( -7.395570986446990055E-32, 1.000000000000000000, 4.930380657631319405E-32 ) ) ;
#3850 = EDGE_CURVE ( 'NONE', #1719, #1575, #127, .T. ) ;
#3851 = CARTESIAN_POINT ( 'NONE',  ( -30.78069758012999912, -6.000000000000000000, 13.50000000000000000 ) ) ;
#3852 = ADVANCED_FACE ( 'NONE', ( #721 ), #2414, .F. ) ;
#3853 = EDGE_CURVE ( 'NONE', #3664, #2657, #3358, .T. ) ;
#3854 = AXIS2_PLACEMENT_3D ( 'NONE', #1164, #3868, #1569 ) ;
#3855 = AXIS2_PLACEMENT_3D ( 'NONE', #487, #2810, #462 ) ;
#3856 = FACE_OUTER_BOUND ( 'NONE', #2328, .T. ) ;
#3857 = ORIENTED_EDGE ( 'NONE', *, *, #382, .F. ) ;
#3858 = VECTOR ( 'NONE', #2647, 1000.000000000000000 ) ;
#3859 = ORIENTED_EDGE ( 'NONE', *, *, #4094, .T. ) ;
#3860 = PLANE ( 'NONE',  #1834 ) ;
#3861 = LINE ( 'NONE', #1868, #2733 ) ;
#3862 = EDGE_LOOP ( 'NONE', ( #1124, #2283, #4291, #3366 ) ) ;
#3863 = ORIENTED_EDGE ( 'NONE', *, *, #369, .T. ) ;
#3864 = VECTOR ( 'NONE', #3813, 1000.000000000000000 ) ;
#3865 = DIRECTION ( 'NONE',  ( 7.395570986446990055E-32, -1.000000000000000000, -4.930380657631319405E-32 ) ) ;
#3866 = EDGE_CURVE ( 'NONE', #2378, #3572, #106, .T. ) ;
#3867 = LINE ( 'NONE', #3181, #1623 ) ;
#3868 = DIRECTION ( 'NONE',  ( -1.000000000000000000, 7.383753479102818642E-62, 0.000000000000000000 ) ) ;
#3869 = ORIENTED_EDGE ( 'NONE', *, *, #2164, .F. ) ;
#3870 = VERTEX_POINT ( 'NONE', #1436 ) ;
#3871 = ORIENTED_EDGE ( 'NONE', *, *, #4211, .F. ) ;
#3872 = LINE ( 'NONE', #258, #2468 ) ;
#3873 = DIRECTION ( 'NONE',  ( 7.395570986446980202E-32, 1.000000000000000000, 2.465190328815659976E-32 ) ) ;
#3874 = DIRECTION ( 'NONE',  ( 0.000000000000000000, -1.000000000000000000, 0.000000000000000000 ) ) ;
#3875 = CARTESIAN_POINT ( 'NONE',  ( 103.4174243050441646, -18.00000000000000000, -6.396152422706645524 ) ) ;
#3876 = CARTESIAN_POINT ( 'NONE',  ( -64.79999999999999716, 6.093951339188219782E-30, 7.666741922616599358E-31 ) ) ;
#3877 = ADVANCED_FACE ( 'NONE', ( #2766 ), #1138, .T. ) ;
#3878 = ORIENTED_EDGE ( 'NONE', *, *, #872, .T. ) ;
#3879 = VECTOR ( 'NONE', #916, 1000.000000000000000 ) ;
#3880 = DIRECTION ( 'NONE',  ( -0.6614378277661578931, 0.000000000000000000, 0.7499999999999910072 ) ) ;
#3881 = ORIENTED_EDGE ( 'NONE', *, *, #2067, .T. ) ;
#3882 = DIRECTION ( 'NONE',  ( -0.4472135954999562069, 0.4472135954999581497, 0.7745966692414841814 ) ) ;
#3883 = FACE_OUTER_BOUND ( 'NONE', #329, .T. ) ;
#3884 = CARTESIAN_POINT ( 'NONE',  ( 9.501052573267859458, -9.000000000000000000, -7.500000000000000000 ) ) ;
#3885 = LINE ( 'NONE', #1890, #2474 ) ;
#3886 = PLANE ( 'NONE',  #873 ) ;
#3887 = EDGE_CURVE ( 'NONE', #510, #1054, #1804, .T. ) ;
#3888 = CARTESIAN_POINT ( 'NONE',  ( 108.0000000000000000, 18.00000000000000000, -1.199999999999981970 ) ) ;
#3889 = EDGE_CURVE ( 'NONE', #3137, #3440, #4137, .T. ) ;
#3890 = ORIENTED_EDGE ( 'NONE', *, *, #3758, .F. ) ;
#3891 = EDGE_LOOP ( 'NONE', ( #2201, #2677, #1517, #1096, #1178, #2692, #494, #808, #3075, #765, #3652, #1145 ) ) ;
#3892 = ORIENTED_EDGE ( 'NONE', *, *, #2151, .F. ) ;
#3893 = DIRECTION ( 'NONE',  ( -0.000000000000000000, 1.000000000000000000, -0.000000000000000000 ) ) ;
#3894 = VECTOR ( 'NONE', #2075, 1000.000000000000000 ) ;
#3895 = VECTOR ( 'NONE', #2112, 1000.000000000000000 ) ;
#3896 = LINE ( 'NONE', #1855, #3310 ) ;
#3897 = AXIS2_PLACEMENT_3D ( 'NONE', #2755, #1509, #2447 ) ;
#3898 = CARTESIAN_POINT ( 'NONE',  ( 4.332575694955830947, -18.00000000000000000, -5.734714594940487409 ) ) ;
#3899 = ADVANCED_FACE ( 'NONE', ( #2135 ), #3463, .T. ) ;
#3900 = CONICAL_SURFACE ( 'NONE', #2002, 8.099999999999967670, 0.7853981633974598253 ) ;
#3901 = PLANE ( 'NONE',  #164 ) ;
#3902 = ORIENTED_EDGE ( 'NONE', *, *, #932, .T. ) ;
#3903 = EDGE_LOOP ( 'NONE', ( #3969, #1405, #2752, #836 ) ) ;
#3904 = DIRECTION ( 'NONE',  ( 0.000000000000000000, 0.000000000000000000, -1.000000000000000000 ) ) ;
#3905 = EDGE_CURVE ( 'NONE', #103, #4035, #4061, .T. ) ;
#3906 = CARTESIAN_POINT ( 'NONE',  ( 99.55846243849740063, -6.000000000000000000, 9.900000000000000355 ) ) ;
#3907 = CARTESIAN_POINT ( 'NONE',  ( -6.000000000000006217, -18.00000000000000000, -1.199999999999987965 ) ) ;
#3908 = CARTESIAN_POINT ( 'NONE',  ( -15.00000062584870086, 4.500000000000000000, 1.500000000000000000 ) ) ;
#3909 = LINE ( 'NONE', #1912, #2027 ) ;
#3910 = VECTOR ( 'NONE', #3680, 1000.000000000000000 ) ;
#3911 = CARTESIAN_POINT ( 'NONE',  ( 98.10000000000000853, -3.377375036177979961, 13.50000000000000000 ) ) ;
#3912 = CARTESIAN_POINT ( 'NONE',  ( 0.8603182915120560770, 1.242272784985716028, 9.900000000000000355 ) ) ;
#3913 = CARTESIAN_POINT ( 'NONE',  ( 68.99999937415108775, 4.499999999999984013, 4.500000000000000888 ) ) ;
#3914 = ORIENTED_EDGE ( 'NONE', *, *, #2990, .T. ) ;
#3915 = ORIENTED_EDGE ( 'NONE', *, *, #3021, .T. ) ;
#3916 = EDGE_LOOP ( 'NONE', ( #3658, #250, #62, #3965 ) ) ;
#3917 = EDGE_LOOP ( 'NONE', ( #2154, #1125, #3915, #809 ) ) ;
#3918 = DIRECTION ( 'NONE',  ( 0.000000000000000000, -1.000000000000000000, 0.000000000000000000 ) ) ;
#3919 = LINE ( 'NONE', #2250, #2069 ) ;
#3920 = CARTESIAN_POINT ( 'NONE',  ( -48.00000000000000000, 18.00000000000000000, -7.500000000000000000 ) ) ;
#3921 = FACE_OUTER_BOUND ( 'NONE', #3740, .T. ) ;
#3922 = EDGE_CURVE ( 'NONE', #1873, #3802, #3130, .T. ) ;
#3923 = ORIENTED_EDGE ( 'NONE', *, *, #151, .F. ) ;
#3924 = AXIS2_PLACEMENT_3D ( 'NONE', #13, #1006, #319 ) ;
#3925 = CARTESIAN_POINT ( 'NONE',  ( 9.900000000000000355, 6.000000000000000000, 9.900000000000000355 ) ) ;
#3926 = VECTOR ( 'NONE', #1229, 1000.000000000000000 ) ;
#3927 = ORIENTED_EDGE ( 'NONE', *, *, #2318, .F. ) ;
#3928 = DIRECTION ( 'NONE',  ( 1.000000000000000000, -1.903239489997469958E-15, 0.000000000000000000 ) ) ;
#3929 = AXIS2_PLACEMENT_3D ( 'NONE', #1068, #39, #764 ) ;
#3930 = ADVANCED_FACE ( 'NONE', ( #1887 ), #4159, .F. ) ;
#3931 = CARTESIAN_POINT ( 'NONE',  ( -18.46410224098654851, -4.500000000000000000, 7.500000000000000000 ) ) ;
#3932 = DIRECTION ( 'NONE',  ( 0.000000000000000000, -1.000000000000000000, -2.465190328815659976E-32 ) ) ;
#3933 = ORIENTED_EDGE ( 'NONE', *, *, #1196, .T. ) ;
#3934 = AXIS2_PLACEMENT_3D ( 'NONE', #3794, #1815, #162 ) ;
#3935 = EDGE_LOOP ( 'NONE', ( #1398, #3960, #1964, #4310 ) ) ;
#3936 = EDGE_LOOP ( 'NONE', ( #4071, #3494, #927, #3407 ) ) ;
#3937 = CARTESIAN_POINT ( 'NONE',  ( -48.00000000000000000, -9.000000000000000000, -7.500000000000000000 ) ) ;
#3938 = CARTESIAN_POINT ( 'NONE',  ( -15.00000062584870086, 4.500000000000000000, 1.500000000000000000 ) ) ;
#3939 = DIRECTION ( 'NONE',  ( 1.000000000000000000, -2.220446049250309876E-16, 0.000000000000000000 ) ) ;
#3940 = EDGE_LOOP ( 'NONE', ( #555, #2211, #2921, #257 ) ) ;
#3941 = EDGE_CURVE ( 'NONE', #2121, #2191, #644, .T. ) ;
#3942 = CARTESIAN_POINT ( 'NONE',  ( 34.20000000001014939, 3.433260614206730121, 9.900000000000000355 ) ) ;
#3943 = ORIENTED_EDGE ( 'NONE', *, *, #1947, .F. ) ;
#3944 = DIRECTION ( 'NONE',  ( -1.000000000000000000, 0.000000000000000000, 0.000000000000000000 ) ) ;
#3945 = ORIENTED_EDGE ( 'NONE', *, *, #2933, .T. ) ;
#3946 = DIRECTION ( 'NONE',  ( 7.395570986446980202E-32, 1.000000000000000000, 2.465190328815659976E-32 ) ) ;
#3947 = EDGE_CURVE ( 'NONE', #3440, #1734, #3009, .T. ) ;
#3948 = PLANE ( 'NONE',  #149 ) ;
#3949 = EDGE_LOOP ( 'NONE', ( #2388, #4093, #2321 ) ) ;
#3950 = ORIENTED_EDGE ( 'NONE', *, *, #791, .T. ) ;
#3951 = CARTESIAN_POINT ( 'NONE',  ( -48.00000000000000000, 4.762748561627791788E-30, 5.595982046411485758E-31 ) ) ;
#3952 = CARTESIAN_POINT ( 'NONE',  ( 20.39076842492335118, -26.65644731547414992, 13.50000000000000000 ) ) ;
#3953 = VERTEX_POINT ( 'NONE', #3838 ) ;
#3954 = VECTOR ( 'NONE', #3766, 1000.000000000000000 ) ;
#3955 = VECTOR ( 'NONE', #3788, 1000.000000000000000 ) ;
#3956 = CARTESIAN_POINT ( 'NONE',  ( 108.0000000000000000, 18.00000000000000000, 10.20000000000001883 ) ) ;
#3957 = VECTOR ( 'NONE', #1375, 1000.000000000000000 ) ;
#3958 = VECTOR ( 'NONE', #4039, 1000.000000000000000 ) ;
#3959 = EDGE_CURVE ( 'NONE', #4292, #3482, #2728, .T. ) ;
#3960 = ORIENTED_EDGE ( 'NONE', *, *, #2750, .T. ) ;
#3961 = VECTOR ( 'NONE', #1424, 1000.000000000000000 ) ;
#3962 = LINE ( 'NONE', #3548, #2877 ) ;
#3963 = EDGE_CURVE ( 'NONE', #688, #1853, #1822, .T. ) ;
#3964 = DIRECTION ( 'NONE',  ( -1.000000000000000000, -1.734723475976809806E-16, 3.284293275761290010E-47 ) ) ;
#3965 = ORIENTED_EDGE ( 'NONE', *, *, #2894, .F. ) ;
#3966 = ADVANCED_FACE ( 'NONE', ( #1202 ), #2484, .F. ) ;
#3967 = CARTESIAN_POINT ( 'NONE',  ( 5.332575694955830947, -18.00000000000000000, -5.734714594940487409 ) ) ;
#3968 = LINE ( 'NONE', #581, #3285 ) ;
#3969 = ORIENTED_EDGE ( 'NONE', *, *, #3216, .F. ) ;
#3970 = LINE ( 'NONE', #2721, #592 ) ;
#3971 = CARTESIAN_POINT ( 'NONE',  ( 42.57201879512479792, -1.283369692896636050, 9.900000000000000355 ) ) ;
#3972 = FACE_OUTER_BOUND ( 'NONE', #3016, .T. ) ;
#3973 = EDGE_CURVE ( 'NONE', #3627, #23, #1965, .T. ) ;
#3974 = VERTEX_POINT ( 'NONE', #2459 ) ;
#3975 = EDGE_CURVE ( 'NONE', #2384, #2829, #825, .T. ) ;
#3976 = EDGE_CURVE ( 'NONE', #145, #4261, #89, .T. ) ;
#3977 = DIRECTION ( 'NONE',  ( 0.8137334712070501963, 0.5812381937186550385, -3.006606788715610061E-47 ) ) ;
#3978 = LINE ( 'NONE', #2340, #2316 ) ;
#3979 = EDGE_LOOP ( 'NONE', ( #4256, #3637, #2837, #2018 ) ) ;
#3980 = DIRECTION ( 'NONE',  ( 1.000000000000000000, -0.000000000000000000, -0.000000000000000000 ) ) ;
#3981 = DIRECTION ( 'NONE',  ( 0.000000000000000000, 0.000000000000000000, 1.000000000000000000 ) ) ;
#3982 = VERTEX_POINT ( 'NONE', #170 ) ;
#3983 = AXIS2_PLACEMENT_3D ( 'NONE', #3346, #1741, #1403 ) ;
#3984 = CIRCLE ( 'NONE', #3632, 11.40000000000000036 ) ;
#3985 = PLANE ( 'NONE',  #3924 ) ;
#3986 = AXIS2_PLACEMENT_3D ( 'NONE', #1764, #1396, #3091 ) ;
#3987 = DIRECTION ( 'NONE',  ( 0.000000000000000000, 1.000000000000000000, 1.110223024625159992E-16 ) ) ;
#3988 = DIRECTION ( 'NONE',  ( 0.000000000000000000, 2.465190328815659976E-32, -1.000000000000000000 ) ) ;
#3989 = CARTESIAN_POINT ( 'NONE',  ( 69.29999937415115596, 3.899999999999984368, 4.500000000000000888 ) ) ;
#3990 = VERTEX_POINT ( 'NONE', #2528 ) ;
#3991 = DIRECTION ( 'NONE',  ( 0.000000000000000000, -1.000000000000000000, -2.465190328815659702E-32 ) ) ;
#3992 = EDGE_CURVE ( 'NONE', #2095, #234, #3861, .T. ) ;
#3993 = SURFACE_STYLE_USAGE ( .BOTH. , #65 ) ;
#3994 = LINE ( 'NONE', #2147, #192 ) ;
#3995 = CARTESIAN_POINT ( 'NONE',  ( 34.20000000001010676, -6.000000000000000000, 13.50000000000000000 ) ) ;
#3996 = ORIENTED_EDGE ( 'NONE', *, *, #407, .T. ) ;
#3997 = LINE ( 'NONE', #2049, #1713 ) ;
#3998 = VECTOR ( 'NONE', #2902, 1000.000000000000000 ) ;
#3999 = CARTESIAN_POINT ( 'NONE',  ( 68.99999937415108775, 4.499999999999984013, 4.500000000000000888 ) ) ;
#4000 = DIRECTION ( 'NONE',  ( -0.6614378277661516758, 0.000000000000000000, -0.7499999999999963363 ) ) ;
#4001 = EDGE_LOOP ( 'NONE', ( #1554, #610, #3288, #1027 ) ) ;
#4002 = DIRECTION ( 'NONE',  ( 0.000000000000000000, 0.000000000000000000, -1.000000000000000000 ) ) ;
#4003 = ORIENTED_EDGE ( 'NONE', *, *, #3596, .T. ) ;
#4004 = DIRECTION ( 'NONE',  ( -1.000000000000000000, 1.479114197289399982E-31, 1.232595164407829988E-32 ) ) ;
#4005 = CARTESIAN_POINT ( 'NONE',  ( 9.900000000000000355, 7.500000000000000000, 9.900000000000000355 ) ) ;
#4006 = ORIENTED_EDGE ( 'NONE', *, *, #3866, .T. ) ;
#4007 = ORIENTED_EDGE ( 'NONE', *, *, #3889, .T. ) ;
#4008 = CARTESIAN_POINT ( 'NONE',  ( 12.90000000000000036, -3.433260614206260275, 9.900000000000000355 ) ) ;
#4009 = AXIS2_PLACEMENT_3D ( 'NONE', #3600, #1237, #4240 ) ;
#4010 = ADVANCED_FACE ( 'NONE', ( #4205 ), #212, .F. ) ;
#4011 = DIRECTION ( 'NONE',  ( 0.000000000000000000, -1.000000000000000000, 0.000000000000000000 ) ) ;
#4012 = CARTESIAN_POINT ( 'NONE',  ( -15.30000062584874954, 3.899999999999999911, 4.500000000000000888 ) ) ;
#4013 = CARTESIAN_POINT ( 'NONE',  ( -64.79999999999999716, -6.899999999999999467, 5.965760595733793878E-31 ) ) ;
#4014 = EDGE_LOOP ( 'NONE', ( #3609, #1286, #3718 ) ) ;
#4015 = LINE ( 'NONE', #1016, #4145 ) ;
#4016 = FACE_OUTER_BOUND ( 'NONE', #1305, .T. ) ;
#4017 = DIRECTION ( 'NONE',  ( 0.000000000000000000, 0.000000000000000000, 1.000000000000000000 ) ) ;
#4018 = EDGE_CURVE ( 'NONE', #2596, #145, #2550, .T. ) ;
#4019 = LINE ( 'NONE', #1345, #720 ) ;
#4020 = EDGE_CURVE ( 'NONE', #3052, #2460, #2222, .T. ) ;
#4021 = EDGE_LOOP ( 'NONE', ( #2196, #3456, #3783, #1596 ) ) ;
#4022 = CIRCLE ( 'NONE', #255, 8.699999999999999289 ) ;
#4023 = ORIENTED_EDGE ( 'NONE', *, *, #1526, .F. ) ;
#4024 = AXIS2_PLACEMENT_3D ( 'NONE', #3804, #411, #4065 ) ;
#4025 = VECTOR ( 'NONE', #3523, 1000.000000000000000 ) ;
#4026 = CARTESIAN_POINT ( 'NONE',  ( 92.99999937415138618, 4.500000000000279776, -7.500000000000000000 ) ) ;
#4027 = ORIENTED_EDGE ( 'NONE', *, *, #2213, .F. ) ;
#4028 = ORIENTED_EDGE ( 'NONE', *, *, #4080, .F. ) ;
#4029 = ADVANCED_FACE ( 'NONE', ( #686 ), #1284, .T. ) ;
#4030 = ORIENTED_EDGE ( 'NONE', *, *, #2097, .F. ) ;
#4031 = DIRECTION ( 'NONE',  ( 0.000000000000000000, -1.000000000000000000, 0.000000000000000000 ) ) ;
#4032 = EDGE_CURVE ( 'NONE', #3202, #247, #1058, .T. ) ;
#4033 = CYLINDRICAL_SURFACE ( 'NONE', #14, 6.000000000000019540 ) ;
#4034 = LINE ( 'NONE', #2042, #3429 ) ;
#4035 = VERTEX_POINT ( 'NONE', #3907 ) ;
#4036 = EDGE_LOOP ( 'NONE', ( #4068, #219, #4088, #2913 ) ) ;
#4037 = ORIENTED_EDGE ( 'NONE', *, *, #1076, .T. ) ;
#4038 = DIRECTION ( 'NONE',  ( 0.000000000000000000, 0.000000000000000000, -1.000000000000000000 ) ) ;
#4039 = DIRECTION ( 'NONE',  ( 0.8137334712064197006, -0.5812381937195377768, 0.000000000000000000 ) ) ;
#4040 = LINE ( 'NONE', #1440, #2143 ) ;
#4041 = ORIENTED_EDGE ( 'NONE', *, *, #4045, .F. ) ;
#4042 = DIRECTION ( 'NONE',  ( 1.000000000000000000, 3.469446951953610245E-16, 0.000000000000000000 ) ) ;
#4043 = DIRECTION ( 'NONE',  ( 6.842277657836019882E-47, -1.000000000000000000, 0.000000000000000000 ) ) ;
#4044 = CIRCLE ( 'NONE', #272, 6.000000000000019540 ) ;
#4045 = EDGE_CURVE ( 'NONE', #238, #1351, #4019, .T. ) ;
#4046 = VECTOR ( 'NONE', #1925, 1000.000000000000114 ) ;
#4047 = DIRECTION ( 'NONE',  ( 0.000000000000000000, 1.000000000000000000, 0.000000000000000000 ) ) ;
#4048 = LINE ( 'NONE', #1693, #3858 ) ;
#4049 = EDGE_LOOP ( 'NONE', ( #2932, #1364, #1920, #748 ) ) ;
#4050 = CARTESIAN_POINT ( 'NONE',  ( 112.3325756949558212, -18.00000000000000000, -5.734714594940502508 ) ) ;
#4051 = CARTESIAN_POINT ( 'NONE',  ( 9.501052573267859458, -9.000000000000000000, -7.500000000000000000 ) ) ;
#4052 = ORIENTED_EDGE ( 'NONE', *, *, #660, .T. ) ;
#4053 = VERTEX_POINT ( 'NONE', #3671 ) ;
#4054 = ORIENTED_EDGE ( 'NONE', *, *, #1973, .T. ) ;
#4055 = DIRECTION ( 'NONE',  ( -4.102085266168244934E-63, -1.000000000000000000, -1.110223024625159992E-16 ) ) ;
#4056 = FACE_OUTER_BOUND ( 'NONE', #1917, .T. ) ;
#4057 = EDGE_CURVE ( 'NONE', #982, #947, #3300, .T. ) ;
#4058 = DIRECTION ( 'NONE',  ( -1.000000000000000000, 0.000000000000000000, 0.000000000000000000 ) ) ;
#4059 = DIRECTION ( 'NONE',  ( 0.000000000000000000, 0.000000000000000000, -1.000000000000000000 ) ) ;
#4060 = ORIENTED_EDGE ( 'NONE', *, *, #853, .F. ) ;
#4061 = CIRCLE ( 'NONE', #3855, 6.000000000000002665 ) ;
#4062 = VERTEX_POINT ( 'NONE', #3014 ) ;
#4063 = DIRECTION ( 'NONE',  ( 5.921189464667500234E-15, 1.000000000000000000, 2.465190328815659976E-32 ) ) ;
#4064 = LINE ( 'NONE', #2024, #2826 ) ;
#4065 = DIRECTION ( 'NONE',  ( -6.842277657836019882E-47, 1.000000000000000000, 0.000000000000000000 ) ) ;
#4066 = AXIS2_PLACEMENT_3D ( 'NONE', #2730, #2430, #1443 ) ;
#4067 = ORIENTED_EDGE ( 'NONE', *, *, #1677, .T. ) ;
#4068 = ORIENTED_EDGE ( 'NONE', *, *, #154, .F. ) ;
#4069 = PLANE ( 'NONE',  #3807 ) ;
#4070 = CARTESIAN_POINT ( 'NONE',  ( 114.0415375615025937, 6.000000000000000000, 13.50000000000000000 ) ) ;
#4071 = ORIENTED_EDGE ( 'NONE', *, *, #3054, .F. ) ;
#4072 = VERTEX_POINT ( 'NONE', #3343 ) ;
#4073 = VECTOR ( 'NONE', #1269, 1000.000000000000000 ) ;
#4074 = PLANE ( 'NONE',  #3217 ) ;
#4075 = FACE_BOUND ( 'NONE', #2305, .T. ) ;
#4076 = ORIENTED_EDGE ( 'NONE', *, *, #1212, .F. ) ;
#4077 = EDGE_CURVE ( 'NONE', #643, #3236, #2006, .T. ) ;
#4078 = AXIS2_PLACEMENT_3D ( 'NONE', #1471, #2855, #1865 ) ;
#4079 = ORIENTED_EDGE ( 'NONE', *, *, #1309, .T. ) ;
#4080 = EDGE_CURVE ( 'NONE', #4096, #3344, #374, .T. ) ;
#4081 = DIRECTION ( 'NONE',  ( -7.395570986446990055E-32, 1.000000000000000000, 4.930380657631318857E-32 ) ) ;
#4082 = CARTESIAN_POINT ( 'NONE',  ( -3.330669073875470016E-15, -9.000000000000000000, -1.199999999999987965 ) ) ;
#4083 = AXIS2_PLACEMENT_3D ( 'NONE', #180, #2230, #1812 ) ;
#4084 = EDGE_CURVE ( 'NONE', #3335, #625, #3978, .T. ) ;
#4085 = DIRECTION ( 'NONE',  ( -6.981082385088409593E-12, -1.000000000000000000, 0.000000000000000000 ) ) ;
#4086 = EDGE_CURVE ( 'NONE', #1968, #3440, #1763, .T. ) ;
#4087 = CARTESIAN_POINT ( 'NONE',  ( -48.00000000000000000, -9.000000000000000000, -7.500000000000000000 ) ) ;
#4088 = ORIENTED_EDGE ( 'NONE', *, *, #541, .T. ) ;
#4089 = CARTESIAN_POINT ( 'NONE',  ( -28.20000000002299956, -4.156644585630335342, 9.900000000000000355 ) ) ;
#4090 = CARTESIAN_POINT ( 'NONE',  ( -15.30000062584874954, 3.899999999999999911, -7.500000000000000000 ) ) ;
#4091 =( LENGTH_UNIT ( ) NAMED_UNIT ( * ) SI_UNIT ( .MILLI., .METRE. ) );
#4092 = PLANE ( 'NONE',  #2761 ) ;
#4093 = ORIENTED_EDGE ( 'NONE', *, *, #4161, .T. ) ;
#4094 = EDGE_CURVE ( 'NONE', #1725, #819, #2320, .T. ) ;
#4095 = FACE_BOUND ( 'NONE', #218, .T. ) ;
#4096 = VERTEX_POINT ( 'NONE', #1038 ) ;
#4097 = ORIENTED_EDGE ( 'NONE', *, *, #1194, .F. ) ;
#4098 = EDGE_CURVE ( 'NONE', #3593, #1084, #2973, .T. ) ;
#4099 = VECTOR ( 'NONE', #3477, 1000.000000000000000 ) ;
#4100 = DIRECTION ( 'NONE',  ( 0.000000000000000000, 0.000000000000000000, 1.000000000000000000 ) ) ;
#4101 = AXIS2_PLACEMENT_3D ( 'NONE', #3298, #1322, #372 ) ;
#4102 = CARTESIAN_POINT ( 'NONE',  ( -11.51952551090201915, 7.757980049442419812, 9.900000000000000355 ) ) ;
#4103 = FACE_BOUND ( 'NONE', #1457, .T. ) ;
#4104 = ORIENTED_EDGE ( 'NONE', *, *, #1317, .F. ) ;
#4105 = ADVANCED_FACE ( 'NONE', ( #1987 ), #996, .T. ) ;
#4106 = ORIENTED_EDGE ( 'NONE', *, *, #2552, .T. ) ;
#4107 = DIRECTION ( 'NONE',  ( 1.000000000000000000, 0.000000000000000000, 0.000000000000000000 ) ) ;
#4108 = CARTESIAN_POINT ( 'NONE',  ( 0.000000000000000000, -2.958228394578792081E-31, 4.500000000000000888 ) ) ;
#4109 = VERTEX_POINT ( 'NONE', #3694 ) ;
#4110 = EDGE_LOOP ( 'NONE', ( #2553, #2467, #3015, #1074 ) ) ;
#4111 = DIRECTION ( 'NONE',  ( -1.000000000000000000, -6.842277657836019882E-47, 0.000000000000000000 ) ) ;
#4112 = LINE ( 'NONE', #2125, #1996 ) ;
#4113 = EDGE_CURVE ( 'NONE', #1897, #3522, #1967, .T. ) ;
#4114 = PLANE ( 'NONE',  #3037 ) ;
#4115 = FACE_OUTER_BOUND ( 'NONE', #2008, .T. ) ;
#4116 = EDGE_CURVE ( 'NONE', #4265, #2460, #4048, .T. ) ;
#4117 = FACE_BOUND ( 'NONE', #1618, .T. ) ;
#4118 = ORIENTED_EDGE ( 'NONE', *, *, #1216, .T. ) ;
#4119 = CARTESIAN_POINT ( 'NONE',  ( -15.00000062584870086, -4.500000000000000000, 4.500000000000000888 ) ) ;
#4120 = FACE_OUTER_BOUND ( 'NONE', #717, .T. ) ;
#4121 = EDGE_LOOP ( 'NONE', ( #2158, #2492, #4147, #3208, #3890, #1102, #1321, #2630, #196, #52, #3673, #1153 ) ) ;
#4122 = PRODUCT ( 'Solar array module modif 3x plc', 'Solar array module modif 3x plc', '', ( #550 ) ) ;
#4123 = CARTESIAN_POINT ( 'NONE',  ( -45.00000000000000000, -6.000000000000000000, 9.900000000000000355 ) ) ;
#4124 = DIRECTION ( 'NONE',  ( -7.395570986446990055E-32, 1.000000000000000000, 4.930380657631318857E-32 ) ) ;
#4125 = PLANE ( 'NONE',  #426 ) ;
#4126 = EDGE_LOOP ( 'NONE', ( #446, #544, #1111, #375 ) ) ;
#4127 = VERTEX_POINT ( 'NONE', #707 ) ;
#4128 = ORIENTED_EDGE ( 'NONE', *, *, #3959, .T. ) ;
#4129 = CARTESIAN_POINT ( 'NONE',  ( -15.30000062584874954, -3.899999999999999911, -7.500000000000000000 ) ) ;
#4130 = VECTOR ( 'NONE', #1956, 1000.000000000000000 ) ;
#4131 = FACE_OUTER_BOUND ( 'NONE', #3474, .T. ) ;
#4132 = CARTESIAN_POINT ( 'NONE',  ( -9.501052573267859458, -9.000000000000000000, -7.500000000000000000 ) ) ;
#4133 = DIRECTION ( 'NONE',  ( 0.000000000000000000, 0.000000000000000000, -1.000000000000000000 ) ) ;
#4134 = CARTESIAN_POINT ( 'NONE',  ( 22.77201879518150207, -6.000000000000000000, 13.50000000000000000 ) ) ;
#4135 = EDGE_LOOP ( 'NONE', ( #697, #3845, #2259, #430 ) ) ;
#4136 = CARTESIAN_POINT ( 'NONE',  ( 120.0000000000000000, 0.000000000000000000, 0.000000000000000000 ) ) ;
#4137 = LINE ( 'NONE', #3488, #3502 ) ;
#4138 = CIRCLE ( 'NONE', #1357, 1.000000000000000000 ) ;
#4139 = EDGE_LOOP ( 'NONE', ( #3763, #2987, #1095, #3283 ) ) ;
#4140 = FACE_OUTER_BOUND ( 'NONE', #710, .T. ) ;
#4141 = CARTESIAN_POINT ( 'NONE',  ( -5.556077753235640238, 18.00000000000000000, -7.500000000000000000 ) ) ;
#4142 = VERTEX_POINT ( 'NONE', #2032 ) ;
#4143 = VECTOR ( 'NONE', #1293, 1000.000000000000000 ) ;
#4144 = ORIENTED_EDGE ( 'NONE', *, *, #4086, .T. ) ;
#4145 = VECTOR ( 'NONE', #2337, 1000.000000000000000 ) ;
#4146 = VECTOR ( 'NONE', #1277, 1000.000000000000000 ) ;
#4147 = ORIENTED_EDGE ( 'NONE', *, *, #1194, .T. ) ;
#4148 = PLANE ( 'NONE',  #3759 ) ;
#4149 = CARTESIAN_POINT ( 'NONE',  ( -3.330669073875470016E-15, 18.00000000000000000, -1.199999999999987965 ) ) ;
#4150 = CARTESIAN_POINT ( 'NONE',  ( 55.50000000001369926, 6.000000000000000000, 13.50000000000000000 ) ) ;
#4151 = DIRECTION ( 'NONE',  ( -1.000000000000000000, 7.474910929462109256E-62, -2.001489212077899560E-33 ) ) ;
#4152 = VERTEX_POINT ( 'NONE', #2574 ) ;
#4153 = DIRECTION ( 'NONE',  ( -1.000000000000000000, -1.268826316266689953E-15, 0.000000000000000000 ) ) ;
#4154 = EDGE_CURVE ( 'NONE', #1575, #283, #1717, .T. ) ;
#4155 = CARTESIAN_POINT ( 'NONE',  ( -29.70000000002234941, -3.085216014201020318, 9.900000000000000355 ) ) ;
#4156 = EDGE_CURVE ( 'NONE', #424, #1351, #50, .T. ) ;
#4157 = ORIENTED_EDGE ( 'NONE', *, *, #1570, .F. ) ;
#4158 = DIRECTION ( 'NONE',  ( 1.000000000000000000, 0.000000000000000000, 0.000000000000000000 ) ) ;
#4159 = PLANE ( 'NONE',  #572 ) ;
#4160 = LINE ( 'NONE', #2174, #3078 ) ;
#4161 = EDGE_CURVE ( 'NONE', #4096, #3202, #3322, .T. ) ;
#4162 = ORIENTED_EDGE ( 'NONE', *, *, #1168, .T. ) ;
#4163 = EDGE_CURVE ( 'NONE', #1902, #3092, #3062, .T. ) ;
#4164 = VECTOR ( 'NONE', #3275, 1000.000000000000000 ) ;
#4165 = EDGE_CURVE ( 'NONE', #2191, #3214, #1067, .T. ) ;
#4166 = EDGE_CURVE ( 'NONE', #2509, #4127, #3102, .T. ) ;
#4167 = AXIS2_PLACEMENT_3D ( 'NONE', #3271, #1983, #1622 ) ;
#4168 = VECTOR ( 'NONE', #1316, 1000.000000000000000 ) ;
#4169 = CARTESIAN_POINT ( 'NONE',  ( -48.00000000000000000, -18.00000000000000000, -7.500000000000000000 ) ) ;
#4170 = ORIENTED_EDGE ( 'NONE', *, *, #43, .F. ) ;
#4171 = ORIENTED_EDGE ( 'NONE', *, *, #4156, .T. ) ;
#4172 = ORIENTED_EDGE ( 'NONE', *, *, #2511, .T. ) ;
#4173 = CARTESIAN_POINT ( 'NONE',  ( -45.00000000000000000, -6.000000000000000000, 13.50000000000000000 ) ) ;
#4174 = LINE ( 'NONE', #201, #458 ) ;
#4175 = LINE ( 'NONE', #2167, #1727 ) ;
#4176 = LINE ( 'NONE', #3546, #1860 ) ;
#4177 = ORIENTED_EDGE ( 'NONE', *, *, #102, .F. ) ;
#4178 = ADVANCED_FACE ( 'NONE', ( #3434 ), #2404, .F. ) ;
#4179 = FACE_OUTER_BOUND ( 'NONE', #2418, .T. ) ;
#4180 = CARTESIAN_POINT ( 'NONE',  ( -25.61930241991399981, -6.000000000000000000, 13.50000000000000000 ) ) ;
#4181 = CARTESIAN_POINT ( 'NONE',  ( 98.49894742673220094, 18.00000000000000000, -7.500000000000000000 ) ) ;
#4182 = ORIENTED_EDGE ( 'NONE', *, *, #552, .F. ) ;
#4183 = DIRECTION ( 'NONE',  ( 7.395570986446990055E-32, -1.000000000000000000, -4.930380657631319405E-32 ) ) ;
#4184 = EDGE_CURVE ( 'NONE', #3664, #3697, #450, .T. ) ;
#4185 = DIRECTION ( 'NONE',  ( 0.000000000000000000, -1.000000000000000000, 0.000000000000000000 ) ) ;
#4186 = CARTESIAN_POINT ( 'NONE',  ( -13.98069758012417907, 6.000000000000000000, 9.900000000000000355 ) ) ;
#4187 = ORIENTED_EDGE ( 'NONE', *, *, #1382, .T. ) ;
#4188 = ORIENTED_EDGE ( 'NONE', *, *, #827, .T. ) ;
#4189 = VERTEX_POINT ( 'NONE', #1172 ) ;
#4190 = DIRECTION ( 'NONE',  ( -1.000000000000000000, -7.395570986446990055E-32, 3.694829935231450289E-47 ) ) ;
#4191 = LINE ( 'NONE', #3165, #3525 ) ;
#4192 = PLANE ( 'NONE',  #3187 ) ;
#4193 = VERTEX_POINT ( 'NONE', #96 ) ;
#4194 = VECTOR ( 'NONE', #2529, 1000.000000000000000 ) ;
#4195 = DIRECTION ( 'NONE',  ( 0.000000000000000000, -1.000000000000000000, 0.000000000000000000 ) ) ;
#4196 = AXIS2_PLACEMENT_3D ( 'NONE', #3536, #4229, #1827 ) ;
#4197 = CARTESIAN_POINT ( 'NONE',  ( 35.75596240978855178, 6.000000000000000000, 13.50000000000000000 ) ) ;
#4198 = LINE ( 'NONE', #1197, #1220 ) ;
#4199 = VERTEX_POINT ( 'NONE', #4070 ) ;
#4200 = AXIS2_PLACEMENT_3D ( 'NONE', #1539, #2881, #1225 ) ;
#4201 = ORIENTED_EDGE ( 'NONE', *, *, #1065, .F. ) ;
#4202 = CARTESIAN_POINT ( 'NONE',  ( -42.41930241988914929, 6.000000000000000000, 9.900000000000000355 ) ) ;
#4203 = DIRECTION ( 'NONE',  ( -1.903239489997469958E-15, -1.000000000000000000, 0.000000000000000000 ) ) ;
#4204 = EDGE_CURVE ( 'NONE', #2666, #2649, #2165, .T. ) ;
#4205 = FACE_OUTER_BOUND ( 'NONE', #3935, .T. ) ;
#4206 = CIRCLE ( 'NONE', #1420, 11.40000000000000746 ) ;
#4207 = EDGE_CURVE ( 'NONE', #4193, #2454, #2778, .T. ) ;
#4208 = LINE ( 'NONE', #1567, #2614 ) ;
#4209 = DIRECTION ( 'NONE',  ( 0.000000000000000000, 0.000000000000000000, -1.000000000000000000 ) ) ;
#4210 = ORIENTED_EDGE ( 'NONE', *, *, #2026, .F. ) ;
#4211 = EDGE_CURVE ( 'NONE', #3279, #2812, #1464, .T. ) ;
#4212 = ORIENTED_EDGE ( 'NONE', *, *, #204, .T. ) ;
#4213 = ORIENTED_EDGE ( 'NONE', *, *, #2293, .T. ) ;
#4214 = DIRECTION ( 'NONE',  ( 1.000000000000000000, 1.027984282060329919E-17, 0.000000000000000000 ) ) ;
#4215 = CARTESIAN_POINT ( 'NONE',  ( -66.00000000000000000, 6.271445042862959770E-30, 7.814653342345558689E-31 ) ) ;
#4216 = CARTESIAN_POINT ( 'NONE',  ( -45.00000000000000000, -6.000000000000000000, 9.900000000000000355 ) ) ;
#4217 = ADVANCED_FACE ( 'NONE', ( #1148 ), #2472, .F. ) ;
#4218 = CARTESIAN_POINT ( 'NONE',  ( -35.53589901071100599, -1.035898384862249832, 7.500000000000000000 ) ) ;
#4219 = CIRCLE ( 'NONE', #1913, 0.9999999999999870104 ) ;
#4220 = LINE ( 'NONE', #1904, #3326 ) ;
#4221 = ORIENTED_EDGE ( 'NONE', *, *, #1570, .T. ) ;
#4222 = DIRECTION ( 'NONE',  ( 0.000000000000000000, 0.000000000000000000, -1.000000000000000000 ) ) ;
#4223 = DIRECTION ( 'NONE',  ( 0.000000000000000000, 0.000000000000000000, -1.000000000000000000 ) ) ;
#4224 = CARTESIAN_POINT ( 'NONE',  ( -3.330669073875470016E-15, 18.00000000000000000, 1.350000000000000089 ) ) ;
#4225 = ORIENTED_EDGE ( 'NONE', *, *, #294, .F. ) ;
#4226 = DIRECTION ( 'NONE',  ( 1.000000000000000000, 1.027984282060329919E-17, -3.694829935231450289E-47 ) ) ;
#4227 = EDGE_CURVE ( 'NONE', #786, #148, #1795, .T. ) ;
#4228 = DIRECTION ( 'NONE',  ( 0.000000000000000000, 2.465190328815659976E-32, -1.000000000000000000 ) ) ;
#4229 = DIRECTION ( 'NONE',  ( 1.000000000000000000, -7.395570986446980202E-32, -1.232595164407829988E-32 ) ) ;
#4230 = ORIENTED_EDGE ( 'NONE', *, *, #453, .F. ) ;
#4231 = ORIENTED_EDGE ( 'NONE', *, *, #3242, .F. ) ;
#4232 = ORIENTED_EDGE ( 'NONE', *, *, #395, .T. ) ;
#4233 = CARTESIAN_POINT ( 'NONE',  ( -26.70000000001915197, 6.000000000000000000, 13.50000000000000000 ) ) ;
#4234 = VECTOR ( 'NONE', #2798, 1000.000000000000000 ) ;
#4235 = CIRCLE ( 'NONE', #1445, 11.40000000000000036 ) ;
#4236 = CARTESIAN_POINT ( 'NONE',  ( 68.99999937415108775, 4.499999999999984013, 4.500000000000000888 ) ) ;
#4237 = CARTESIAN_POINT ( 'NONE',  ( -26.70000000002750085, -3.085216014206189961, 13.50000000000000000 ) ) ;
#4238 = VECTOR ( 'NONE', #573, 1000.000000000000000 ) ;
#4239 = CARTESIAN_POINT ( 'NONE',  ( 5.999999999999999112, -18.00000000000000000, -1.199999999999987299 ) ) ;
#4240 = DIRECTION ( 'NONE',  ( 1.000000000000000000, 0.000000000000000000, 0.000000000000000000 ) ) ;
#4241 = ORIENTED_EDGE ( 'NONE', *, *, #4311, .F. ) ;
#4242 = LINE ( 'NONE', #2212, #839 ) ;
#4243 = DIRECTION ( 'NONE',  ( 1.000000000000000000, 1.027984282060329919E-17, -3.694829935231450289E-47 ) ) ;
#4244 = ADVANCED_FACE ( 'NONE', ( #1491 ), #4114, .F. ) ;
#4245 = DIRECTION ( 'NONE',  ( 0.000000000000000000, 2.465190328815659976E-32, -1.000000000000000000 ) ) ;
#4246 = VERTEX_POINT ( 'NONE', #2076 ) ;
#4247 = CARTESIAN_POINT ( 'NONE',  ( -24.53438554347039968, -1.538348545238674925, 13.50000000000000000 ) ) ;
#4248 = CARTESIAN_POINT ( 'NONE',  ( -62.99999999999998579, -4.409081537009716278, -7.500000000000000888 ) ) ;
#4249 = ORIENTED_EDGE ( 'NONE', *, *, #2653, .F. ) ;
#4250 = CIRCLE ( 'NONE', #1397, 0.9999999999999870104 ) ;
#4251 = CARTESIAN_POINT ( 'NONE',  ( -45.00000000000000000, -6.000000000000000000, 9.900000000000000355 ) ) ;
#4252 = CARTESIAN_POINT ( 'NONE',  ( 53.99999999999259614, -4.278331036753999506, 9.900000000000000355 ) ) ;
#4253 = ADVANCED_FACE ( 'NONE', ( #3082 ), #4092, .F. ) ;
#4254 = EDGE_LOOP ( 'NONE', ( #264, #408, #3709, #2522 ) ) ;
#4255 = ORIENTED_EDGE ( 'NONE', *, *, #1342, .T. ) ;
#4256 = ORIENTED_EDGE ( 'NONE', *, *, #2726, .T. ) ;
#4257 = FILL_AREA_STYLE ('',( #1600 ) ) ;
#4258 = CARTESIAN_POINT ( 'NONE',  ( 101.9999999999999716, 18.00000000000000000, -1.199999999999987965 ) ) ;
#4259 = LINE ( 'NONE', #3875, #2756 ) ;
#4260 = CARTESIAN_POINT ( 'NONE',  ( -63.22285176498733250, 3.969350418608849740, -7.500000000000000000 ) ) ;
#4261 = VERTEX_POINT ( 'NONE', #3144 ) ;
#4262 = VECTOR ( 'NONE', #3613, 1000.000000000000000 ) ;
#4263 = DIRECTION ( 'NONE',  ( 0.4908437339412490830, -0.8712476277446110640, 0.000000000000000000 ) ) ;
#4264 = VECTOR ( 'NONE', #1009, 1000.000000000000000 ) ;
#4265 = VERTEX_POINT ( 'NONE', #2800 ) ;
#4266 = LINE ( 'NONE', #3567, #3998 ) ;
#4267 = AXIS2_PLACEMENT_3D ( 'NONE', #4305, #1324, #4000 ) ;
#4268 = CARTESIAN_POINT ( 'NONE',  ( -66.00000000000000000, 5.916457635513519731E-30, 7.765349535769259640E-31 ) ) ;
#4269 = LINE ( 'NONE', #4005, #427 ) ;
#4270 = ORIENTED_EDGE ( 'NONE', *, *, #1839, .T. ) ;
#4271 = VECTOR ( 'NONE', #3964, 1000.000000000000000 ) ;
#4272 = ADVANCED_FACE ( 'NONE', ( #2142 ), #3478, .F. ) ;
#4273 = DIRECTION ( 'NONE',  ( 1.000000000000000000, -4.563968250944789488E-12, 0.000000000000000000 ) ) ;
#4274 = LINE ( 'NONE', #878, #2332 ) ;
#4275 = DIRECTION ( 'NONE',  ( -1.000000000000000000, -3.038581678643130202E-64, 1.232595164407829988E-32 ) ) ;
#4276 = VECTOR ( 'NONE', #3882, 1000.000000000000227 ) ;
#4277 = ORIENTED_EDGE ( 'NONE', *, *, #1013, .T. ) ;
#4278 = DIRECTION ( 'NONE',  ( 0.000000000000000000, 0.000000000000000000, -1.000000000000000000 ) ) ;
#4279 = CARTESIAN_POINT ( 'NONE',  ( 90.59999937415139470, 2.100000000000279865, 5.656921938165320185 ) ) ;
#4280 = LINE ( 'NONE', #1304, #606 ) ;
#4281 = ORIENTED_EDGE ( 'NONE', *, *, #2149, .F. ) ;
#4282 = CIRCLE ( 'NONE', #2962, 11.40000000000000746 ) ;
#4283 = ORIENTED_EDGE ( 'NONE', *, *, #989, .T. ) ;
#4284 = CARTESIAN_POINT ( 'NONE',  ( 5.556077753235619809, 18.00000000000000000, -7.500000000000000000 ) ) ;
#4285 = CARTESIAN_POINT ( 'NONE',  ( -9.501052573267859458, -9.000000000000000000, -7.500000000000000000 ) ) ;
#4286 = CARTESIAN_POINT ( 'NONE',  ( -4.582575694955828283, -18.00000000000000000, -6.396152422706633089 ) ) ;
#4287 = DIRECTION ( 'NONE',  ( 0.000000000000000000, 0.000000000000000000, -1.000000000000000000 ) ) ;
#4288 = EDGE_CURVE ( 'NONE', #2369, #637, #1166, .T. ) ;
#4289 = CARTESIAN_POINT ( 'NONE',  ( -39.00000062584880567, -4.500000000000000000, -7.500000000000000000 ) ) ;
#4290 = EDGE_CURVE ( 'NONE', #8, #2737, #1082, .T. ) ;
#4291 = ORIENTED_EDGE ( 'NONE', *, *, #2208, .T. ) ;
#4292 = VERTEX_POINT ( 'NONE', #72 ) ;
#4293 = EDGE_CURVE ( 'NONE', #3426, #1814, #835, .T. ) ;
#4294 = EDGE_CURVE ( 'NONE', #3056, #3442, #1402, .T. ) ;
#4295 = DIRECTION ( 'NONE',  ( -0.000000000000000000, 1.000000000000000000, -0.000000000000000000 ) ) ;
#4296 = LINE ( 'NONE', #3642, #894 ) ;
#4297 = CARTESIAN_POINT ( 'NONE',  ( -62.99999999999998579, 5.872084209594836836E-30, 7.444874793023228673E-31 ) ) ;
#4298 = LINE ( 'NONE', #3995, #3258 ) ;
#4299 = ORIENTED_EDGE ( 'NONE', *, *, #4311, .T. ) ;
#4300 = VECTOR ( 'NONE', #706, 1000.000000000000000 ) ;
#4301 = CARTESIAN_POINT ( 'NONE',  ( 35.75596240978855178, 6.000000000000000000, 13.50000000000000000 ) ) ;
#4302 = PRESENTATION_LAYER_ASSIGNMENT (  '', '', ( #756 ) ) ;
#4303 = CARTESIAN_POINT ( 'NONE',  ( -28.20000000002494644, -7.843355414362861211, 9.900000000000000355 ) ) ;
#4304 = VECTOR ( 'NONE', #181, 1000.000000000000000 ) ;
#4305 = CARTESIAN_POINT ( 'NONE',  ( 102.4439222467643589, -18.00000000000000000, -7.500000000000000000 ) ) ;
#4306 = ORIENTED_EDGE ( 'NONE', *, *, #3234, .F. ) ;
#4307 = ORIENTED_EDGE ( 'NONE', *, *, #2785, .T. ) ;
#4308 = CARTESIAN_POINT ( 'NONE',  ( -12.90000000000000036, 3.085216014213819857, 13.50000000000000000 ) ) ;
#4309 = LINE ( 'NONE', #4285, #1073 ) ;
#4310 = ORIENTED_EDGE ( 'NONE', *, *, #4156, .F. ) ;
#4311 = EDGE_CURVE ( 'NONE', #2513, #3441, #2210, .T. ) ;
#4312 = DIRECTION ( 'NONE',  ( -1.000000000000000000, 9.516197449410660912E-15, 0.000000000000000000 ) ) ;
#4313 = ORIENTED_EDGE ( 'NONE', *, *, #1182, .F. ) ;
ENDSEC;
END-ISO-10303-21;
