ISO-10303-21;
HEADER;
/* Generated by software containing ST-Developer
 * from STEP Tools, Inc. (www.steptools.com) 
 */

FILE_DESCRIPTION(
/* description */ (''),
/* implementation_level */ '2;1');

FILE_NAME(
/* name */ 'Solar arrays - ATV.step',
/* time_stamp */ '2024-11-15T18:00:56+01:00',
/* author */ (''),
/* organization */ (''),
/* preprocessor_version */ 'ST-DEVELOPER v20',
/* originating_system */ 'Autodesk Translation Framework v13.20.0.188',

/* authorisation */ '');

FILE_SCHEMA (('AUTOMOTIVE_DESIGN { 1 0 10303 214 3 1 1 }'));
ENDSEC;

DATA;
#10=MECHANICAL_DESIGN_GEOMETRIC_PRESENTATION_REPRESENTATION('',(#13),#2471);
#11=SHAPE_REPRESENTATION_RELATIONSHIP('SRR','None',#2478,#12);
#12=ADVANCED_BREP_SHAPE_REPRESENTATION('',(#14),#2470);
#13=STYLED_ITEM('',(#2488),#14);
#14=MANIFOLD_SOLID_BREP('Body1',#1548);
#15=CYLINDRICAL_SURFACE('',#1624,11.9999996423721);
#16=CYLINDRICAL_SURFACE('',#1630,11.9999996423721);
#17=CYLINDRICAL_SURFACE('',#1632,11.9999996423721);
#18=CIRCLE('',#1567,11.9999996423721);
#19=CIRCLE('',#1568,11.9999996423721);
#20=CIRCLE('',#1569,11.9999996423721);
#21=CIRCLE('',#1575,11.9999996423721);
#22=CIRCLE('',#1576,11.9999996423721);
#23=CIRCLE('',#1586,11.9999996423721);
#24=CIRCLE('',#1587,11.9999996423721);
#25=CIRCLE('',#1631,11.9999996423721);
#26=FACE_OUTER_BOUND('',#103,.T.);
#27=FACE_OUTER_BOUND('',#104,.T.);
#28=FACE_OUTER_BOUND('',#105,.T.);
#29=FACE_OUTER_BOUND('',#106,.T.);
#30=FACE_OUTER_BOUND('',#107,.T.);
#31=FACE_OUTER_BOUND('',#108,.T.);
#32=FACE_OUTER_BOUND('',#109,.T.);
#33=FACE_OUTER_BOUND('',#110,.T.);
#34=FACE_OUTER_BOUND('',#111,.T.);
#35=FACE_OUTER_BOUND('',#112,.T.);
#36=FACE_OUTER_BOUND('',#113,.T.);
#37=FACE_OUTER_BOUND('',#114,.T.);
#38=FACE_OUTER_BOUND('',#115,.T.);
#39=FACE_OUTER_BOUND('',#116,.T.);
#40=FACE_OUTER_BOUND('',#117,.T.);
#41=FACE_OUTER_BOUND('',#118,.T.);
#42=FACE_OUTER_BOUND('',#119,.T.);
#43=FACE_OUTER_BOUND('',#120,.T.);
#44=FACE_OUTER_BOUND('',#121,.T.);
#45=FACE_OUTER_BOUND('',#122,.T.);
#46=FACE_OUTER_BOUND('',#123,.T.);
#47=FACE_OUTER_BOUND('',#124,.T.);
#48=FACE_OUTER_BOUND('',#125,.T.);
#49=FACE_OUTER_BOUND('',#126,.T.);
#50=FACE_OUTER_BOUND('',#127,.T.);
#51=FACE_OUTER_BOUND('',#128,.T.);
#52=FACE_OUTER_BOUND('',#129,.T.);
#53=FACE_OUTER_BOUND('',#130,.T.);
#54=FACE_OUTER_BOUND('',#131,.T.);
#55=FACE_OUTER_BOUND('',#132,.T.);
#56=FACE_OUTER_BOUND('',#133,.T.);
#57=FACE_OUTER_BOUND('',#134,.T.);
#58=FACE_OUTER_BOUND('',#135,.T.);
#59=FACE_OUTER_BOUND('',#136,.T.);
#60=FACE_OUTER_BOUND('',#137,.T.);
#61=FACE_OUTER_BOUND('',#138,.T.);
#62=FACE_OUTER_BOUND('',#139,.T.);
#63=FACE_OUTER_BOUND('',#140,.T.);
#64=FACE_OUTER_BOUND('',#141,.T.);
#65=FACE_OUTER_BOUND('',#142,.T.);
#66=FACE_OUTER_BOUND('',#143,.T.);
#67=FACE_OUTER_BOUND('',#144,.T.);
#68=FACE_OUTER_BOUND('',#145,.T.);
#69=FACE_OUTER_BOUND('',#146,.T.);
#70=FACE_OUTER_BOUND('',#147,.T.);
#71=FACE_OUTER_BOUND('',#148,.T.);
#72=FACE_OUTER_BOUND('',#149,.T.);
#73=FACE_OUTER_BOUND('',#150,.T.);
#74=FACE_OUTER_BOUND('',#151,.T.);
#75=FACE_OUTER_BOUND('',#152,.T.);
#76=FACE_OUTER_BOUND('',#153,.T.);
#77=FACE_OUTER_BOUND('',#154,.T.);
#78=FACE_OUTER_BOUND('',#155,.T.);
#79=FACE_OUTER_BOUND('',#156,.T.);
#80=FACE_OUTER_BOUND('',#157,.T.);
#81=FACE_OUTER_BOUND('',#158,.T.);
#82=FACE_OUTER_BOUND('',#159,.T.);
#83=FACE_OUTER_BOUND('',#160,.T.);
#84=FACE_OUTER_BOUND('',#161,.T.);
#85=FACE_OUTER_BOUND('',#162,.T.);
#86=FACE_OUTER_BOUND('',#163,.T.);
#87=FACE_OUTER_BOUND('',#164,.T.);
#88=FACE_OUTER_BOUND('',#165,.T.);
#89=FACE_OUTER_BOUND('',#166,.T.);
#90=FACE_OUTER_BOUND('',#167,.T.);
#91=FACE_OUTER_BOUND('',#168,.T.);
#92=FACE_OUTER_BOUND('',#169,.T.);
#93=FACE_OUTER_BOUND('',#170,.T.);
#94=FACE_OUTER_BOUND('',#171,.T.);
#95=FACE_OUTER_BOUND('',#172,.T.);
#96=FACE_OUTER_BOUND('',#173,.T.);
#97=FACE_OUTER_BOUND('',#174,.T.);
#98=FACE_OUTER_BOUND('',#175,.T.);
#99=FACE_OUTER_BOUND('',#176,.T.);
#100=FACE_OUTER_BOUND('',#177,.T.);
#101=FACE_OUTER_BOUND('',#178,.T.);
#102=FACE_OUTER_BOUND('',#179,.T.);
#103=EDGE_LOOP('',(#961,#962,#963,#964));
#104=EDGE_LOOP('',(#965,#966,#967,#968));
#105=EDGE_LOOP('',(#969,#970,#971,#972));
#106=EDGE_LOOP('',(#973,#974,#975,#976));
#107=EDGE_LOOP('',(#977,#978,#979,#980,#981,#982,#983,#984,#985,#986,#987, #988,#989,#990,#991,#992,#993,#994,#995,#996,#997,#998,#999,#1000,#1001, #1002,#1003,#1004,#1005,#1006,#1007,#1008,#1009));
#108=EDGE_LOOP('',(#1010,#1011,#1012,#1013));
#109=EDGE_LOOP('',(#1014,#1015,#1016,#1017));
#110=EDGE_LOOP('',(#1018,#1019,#1020,#1021));
#111=EDGE_LOOP('',(#1022,#1023,#1024,#1025,#1026,#1027,#1028,#1029,#1030, #1031,#1032,#1033,#1034,#1035));
#112=EDGE_LOOP('',(#1036,#1037,#1038,#1039,#1040,#1041,#1042,#1043,#1044, #1045,#1046));
#113=EDGE_LOOP('',(#1047,#1048,#1049,#1050));
#114=EDGE_LOOP('',(#1051,#1052,#1053,#1054));
#115=EDGE_LOOP('',(#1055,#1056,#1057,#1058,#1059,#1060,#1061,#1062,#1063, #1064,#1065,#1066,#1067));
#116=EDGE_LOOP('',(#1068,#1069,#1070,#1071));
#117=EDGE_LOOP('',(#1072,#1073,#1074,#1075));
#118=EDGE_LOOP('',(#1076,#1077,#1078,#1079));
#119=EDGE_LOOP('',(#1080,#1081,#1082,#1083));
#120=EDGE_LOOP('',(#1084,#1085,#1086,#1087,#1088,#1089,#1090,#1091,#1092, #1093,#1094,#1095,#1096));
#121=EDGE_LOOP('',(#1097,#1098,#1099,#1100,#1101,#1102,#1103,#1104,#1105, #1106,#1107));
#122=EDGE_LOOP('',(#1108,#1109,#1110,#1111));
#123=EDGE_LOOP('',(#1112,#1113,#1114,#1115));
#124=EDGE_LOOP('',(#1116,#1117,#1118,#1119));
#125=EDGE_LOOP('',(#1120,#1121,#1122,#1123));
#126=EDGE_LOOP('',(#1124,#1125,#1126,#1127));
#127=EDGE_LOOP('',(#1128,#1129,#1130,#1131));
#128=EDGE_LOOP('',(#1132,#1133,#1134,#1135));
#129=EDGE_LOOP('',(#1136,#1137,#1138,#1139));
#130=EDGE_LOOP('',(#1140,#1141,#1142,#1143));
#131=EDGE_LOOP('',(#1144,#1145,#1146,#1147));
#132=EDGE_LOOP('',(#1148,#1149,#1150,#1151,#1152,#1153,#1154,#1155,#1156, #1157,#1158,#1159,#1160));
#133=EDGE_LOOP('',(#1161,#1162,#1163,#1164));
#134=EDGE_LOOP('',(#1165,#1166,#1167,#1168));
#135=EDGE_LOOP('',(#1169,#1170,#1171,#1172));
#136=EDGE_LOOP('',(#1173,#1174,#1175,#1176,#1177,#1178,#1179,#1180,#1181, #1182,#1183,#1184,#1185));
#137=EDGE_LOOP('',(#1186,#1187,#1188,#1189));
#138=EDGE_LOOP('',(#1190,#1191,#1192,#1193));
#139=EDGE_LOOP('',(#1194,#1195,#1196,#1197));
#140=EDGE_LOOP('',(#1198,#1199,#1200,#1201));
#141=EDGE_LOOP('',(#1202,#1203,#1204,#1205));
#142=EDGE_LOOP('',(#1206,#1207,#1208,#1209));
#143=EDGE_LOOP('',(#1210,#1211,#1212,#1213));
#144=EDGE_LOOP('',(#1214,#1215,#1216,#1217));
#145=EDGE_LOOP('',(#1218,#1219,#1220,#1221));
#146=EDGE_LOOP('',(#1222,#1223,#1224,#1225));
#147=EDGE_LOOP('',(#1226,#1227,#1228,#1229,#1230,#1231,#1232,#1233,#1234, #1235,#1236,#1237,#1238));
#148=EDGE_LOOP('',(#1239,#1240,#1241,#1242));
#149=EDGE_LOOP('',(#1243,#1244,#1245,#1246));
#150=EDGE_LOOP('',(#1247,#1248,#1249,#1250));
#151=EDGE_LOOP('',(#1251,#1252,#1253,#1254));
#152=EDGE_LOOP('',(#1255,#1256,#1257,#1258));
#153=EDGE_LOOP('',(#1259,#1260,#1261,#1262));
#154=EDGE_LOOP('',(#1263,#1264,#1265,#1266));
#155=EDGE_LOOP('',(#1267,#1268,#1269,#1270));
#156=EDGE_LOOP('',(#1271,#1272,#1273,#1274));
#157=EDGE_LOOP('',(#1275,#1276,#1277,#1278));
#158=EDGE_LOOP('',(#1279,#1280,#1281,#1282));
#159=EDGE_LOOP('',(#1283,#1284,#1285,#1286));
#160=EDGE_LOOP('',(#1287,#1288,#1289,#1290,#1291,#1292,#1293,#1294,#1295, #1296,#1297,#1298,#1299,#1300));
#161=EDGE_LOOP('',(#1301,#1302,#1303,#1304));
#162=EDGE_LOOP('',(#1305,#1306,#1307,#1308));
#163=EDGE_LOOP('',(#1309,#1310,#1311,#1312));
#164=EDGE_LOOP('',(#1313,#1314,#1315,#1316,#1317,#1318,#1319,#1320));
#165=EDGE_LOOP('',(#1321,#1322,#1323,#1324));
#166=EDGE_LOOP('',(#1325,#1326,#1327,#1328,#1329,#1330,#1331,#1332,#1333, #1334,#1335,#1336,#1337,#1338));
#167=EDGE_LOOP('',(#1339,#1340,#1341,#1342));
#168=EDGE_LOOP('',(#1343,#1344,#1345,#1346));
#169=EDGE_LOOP('',(#1347,#1348,#1349,#1350));
#170=EDGE_LOOP('',(#1351,#1352,#1353,#1354));
#171=EDGE_LOOP('',(#1355,#1356,#1357,#1358));
#172=EDGE_LOOP('',(#1359,#1360,#1361,#1362));
#173=EDGE_LOOP('',(#1363,#1364,#1365,#1366));
#174=EDGE_LOOP('',(#1367,#1368,#1369,#1370,#1371));
#175=EDGE_LOOP('',(#1372,#1373,#1374,#1375,#1376));
#176=EDGE_LOOP('',(#1377,#1378,#1379,#1380));
#177=EDGE_LOOP('',(#1381,#1382,#1383,#1384));
#178=EDGE_LOOP('',(#1385,#1386,#1387,#1388));
#179=EDGE_LOOP('',(#1389,#1390,#1391,#1392,#1393,#1394,#1395,#1396));
#180=LINE('',#2033,#390);
#181=LINE('',#2035,#391);
#182=LINE('',#2037,#392);
#183=LINE('',#2038,#393);
#184=LINE('',#2041,#394);
#185=LINE('',#2043,#395);
#186=LINE('',#2044,#396);
#187=LINE('',#2048,#397);
#188=LINE('',#2050,#398);
#189=LINE('',#2052,#399);
#190=LINE('',#2053,#400);
#191=LINE('',#2056,#401);
#192=LINE('',#2058,#402);
#193=LINE('',#2059,#403);
#194=LINE('',#2062,#404);
#195=LINE('',#2066,#405);
#196=LINE('',#2068,#406);
#197=LINE('',#2070,#407);
#198=LINE('',#2072,#408);
#199=LINE('',#2074,#409);
#200=LINE('',#2076,#410);
#201=LINE('',#2078,#411);
#202=LINE('',#2082,#412);
#203=LINE('',#2084,#413);
#204=LINE('',#2086,#414);
#205=LINE('',#2088,#415);
#206=LINE('',#2089,#416);
#207=LINE('',#2091,#417);
#208=LINE('',#2093,#418);
#209=LINE('',#2095,#419);
#210=LINE('',#2097,#420);
#211=LINE('',#2101,#421);
#212=LINE('',#2103,#422);
#213=LINE('',#2105,#423);
#214=LINE('',#2107,#424);
#215=LINE('',#2109,#425);
#216=LINE('',#2111,#426);
#217=LINE('',#2113,#427);
#218=LINE('',#2115,#428);
#219=LINE('',#2116,#429);
#220=LINE('',#2119,#430);
#221=LINE('',#2121,#431);
#222=LINE('',#2122,#432);
#223=LINE('',#2125,#433);
#224=LINE('',#2126,#434);
#225=LINE('',#2130,#435);
#226=LINE('',#2131,#436);
#227=LINE('',#2132,#437);
#228=LINE('',#2135,#438);
#229=LINE('',#2137,#439);
#230=LINE('',#2139,#440);
#231=LINE('',#2141,#441);
#232=LINE('',#2143,#442);
#233=LINE('',#2145,#443);
#234=LINE('',#2147,#444);
#235=LINE('',#2149,#445);
#236=LINE('',#2151,#446);
#237=LINE('',#2153,#447);
#238=LINE('',#2155,#448);
#239=LINE('',#2156,#449);
#240=LINE('',#2159,#450);
#241=LINE('',#2165,#451);
#242=LINE('',#2167,#452);
#243=LINE('',#2168,#453);
#244=LINE('',#2169,#454);
#245=LINE('',#2173,#455);
#246=LINE('',#2175,#456);
#247=LINE('',#2177,#457);
#248=LINE('',#2178,#458);
#249=LINE('',#2181,#459);
#250=LINE('',#2183,#460);
#251=LINE('',#2184,#461);
#252=LINE('',#2187,#462);
#253=LINE('',#2189,#463);
#254=LINE('',#2191,#464);
#255=LINE('',#2193,#465);
#256=LINE('',#2195,#466);
#257=LINE('',#2197,#467);
#258=LINE('',#2199,#468);
#259=LINE('',#2200,#469);
#260=LINE('',#2201,#470);
#261=LINE('',#2204,#471);
#262=LINE('',#2205,#472);
#263=LINE('',#2209,#473);
#264=LINE('',#2211,#474);
#265=LINE('',#2213,#475);
#266=LINE('',#2214,#476);
#267=LINE('',#2217,#477);
#268=LINE('',#2219,#478);
#269=LINE('',#2221,#479);
#270=LINE('',#2222,#480);
#271=LINE('',#2224,#481);
#272=LINE('',#2225,#482);
#273=LINE('',#2228,#483);
#274=LINE('',#2230,#484);
#275=LINE('',#2232,#485);
#276=LINE('',#2234,#486);
#277=LINE('',#2236,#487);
#278=LINE('',#2238,#488);
#279=LINE('',#2240,#489);
#280=LINE('',#2241,#490);
#281=LINE('',#2243,#491);
#282=LINE('',#2245,#492);
#283=LINE('',#2247,#493);
#284=LINE('',#2252,#494);
#285=LINE('',#2255,#495);
#286=LINE('',#2257,#496);
#287=LINE('',#2258,#497);
#288=LINE('',#2261,#498);
#289=LINE('',#2262,#499);
#290=LINE('',#2264,#500);
#291=LINE('',#2268,#501);
#292=LINE('',#2270,#502);
#293=LINE('',#2272,#503);
#294=LINE('',#2273,#504);
#295=LINE('',#2277,#505);
#296=LINE('',#2279,#506);
#297=LINE('',#2281,#507);
#298=LINE('',#2282,#508);
#299=LINE('',#2284,#509);
#300=LINE('',#2285,#510);
#301=LINE('',#2288,#511);
#302=LINE('',#2290,#512);
#303=LINE('',#2291,#513);
#304=LINE('',#2294,#514);
#305=LINE('',#2296,#515);
#306=LINE('',#2297,#516);
#307=LINE('',#2300,#517);
#308=LINE('',#2302,#518);
#309=LINE('',#2303,#519);
#310=LINE('',#2305,#520);
#311=LINE('',#2308,#521);
#312=LINE('',#2310,#522);
#313=LINE('',#2312,#523);
#314=LINE('',#2313,#524);
#315=LINE('',#2314,#525);
#316=LINE('',#2316,#526);
#317=LINE('',#2319,#527);
#318=LINE('',#2321,#528);
#319=LINE('',#2322,#529);
#320=LINE('',#2325,#530);
#321=LINE('',#2326,#531);
#322=LINE('',#2329,#532);
#323=LINE('',#2331,#533);
#324=LINE('',#2333,#534);
#325=LINE('',#2335,#535);
#326=LINE('',#2336,#536);
#327=LINE('',#2337,#537);
#328=LINE('',#2338,#538);
#329=LINE('',#2341,#539);
#330=LINE('',#2343,#540);
#331=LINE('',#2344,#541);
#332=LINE('',#2347,#542);
#333=LINE('',#2348,#543);
#334=LINE('',#2350,#544);
#335=LINE('',#2352,#545);
#336=LINE('',#2353,#546);
#337=LINE('',#2355,#547);
#338=LINE('',#2356,#548);
#339=LINE('',#2362,#549);
#340=LINE('',#2364,#550);
#341=LINE('',#2366,#551);
#342=LINE('',#2367,#552);
#343=LINE('',#2370,#553);
#344=LINE('',#2372,#554);
#345=LINE('',#2373,#555);
#346=LINE('',#2375,#556);
#347=LINE('',#2376,#557);
#348=LINE('',#2378,#558);
#349=LINE('',#2379,#559);
#350=LINE('',#2381,#560);
#351=LINE('',#2383,#561);
#352=LINE('',#2384,#562);
#353=LINE('',#2388,#563);
#354=LINE('',#2389,#564);
#355=LINE('',#2392,#565);
#356=LINE('',#2393,#566);
#357=LINE('',#2395,#567);
#358=LINE('',#2397,#568);
#359=LINE('',#2399,#569);
#360=LINE('',#2402,#570);
#361=LINE('',#2403,#571);
#362=LINE('',#2406,#572);
#363=LINE('',#2408,#573);
#364=LINE('',#2409,#574);
#365=LINE('',#2411,#575);
#366=LINE('',#2413,#576);
#367=LINE('',#2415,#577);
#368=LINE('',#2416,#578);
#369=LINE('',#2418,#579);
#370=LINE('',#2420,#580);
#371=LINE('',#2426,#581);
#372=LINE('',#2429,#582);
#373=LINE('',#2430,#583);
#374=LINE('',#2432,#584);
#375=LINE('',#2433,#585);
#376=LINE('',#2435,#586);
#377=LINE('',#2443,#587);
#378=LINE('',#2445,#588);
#379=LINE('',#2446,#589);
#380=LINE('',#2449,#590);
#381=LINE('',#2450,#591);
#382=LINE('',#2452,#592);
#383=LINE('',#2455,#593);
#384=LINE('',#2456,#594);
#385=LINE('',#2459,#595);
#386=LINE('',#2460,#596);
#387=LINE('',#2463,#597);
#388=LINE('',#2464,#598);
#389=LINE('',#2466,#599);
#390=VECTOR('',#1651,60.0);
#391=VECTOR('',#1652,60.0);
#392=VECTOR('',#1653,60.0);
#393=VECTOR('',#1654,60.0);
#394=VECTOR('',#1657,60.0);
#395=VECTOR('',#1658,60.0);
#396=VECTOR('',#1659,60.0);
#397=VECTOR('',#1662,60.0);
#398=VECTOR('',#1663,60.0);
#399=VECTOR('',#1664,60.0);
#400=VECTOR('',#1665,60.0);
#401=VECTOR('',#1668,60.0);
#402=VECTOR('',#1669,60.0);
#403=VECTOR('',#1670,60.0);
#404=VECTOR('',#1673,60.0);
#405=VECTOR('',#1676,60.0);
#406=VECTOR('',#1677,60.0);
#407=VECTOR('',#1678,60.0);
#408=VECTOR('',#1679,60.0);
#409=VECTOR('',#1680,60.0);
#410=VECTOR('',#1681,60.0);
#411=VECTOR('',#1682,60.0);
#412=VECTOR('',#1685,60.0);
#413=VECTOR('',#1686,60.0);
#414=VECTOR('',#1687,60.0);
#415=VECTOR('',#1688,60.0);
#416=VECTOR('',#1689,60.0);
#417=VECTOR('',#1690,60.0);
#418=VECTOR('',#1691,60.0);
#419=VECTOR('',#1692,60.0);
#420=VECTOR('',#1693,60.0);
#421=VECTOR('',#1696,60.0);
#422=VECTOR('',#1697,60.0);
#423=VECTOR('',#1698,60.0);
#424=VECTOR('',#1699,60.0);
#425=VECTOR('',#1700,60.0);
#426=VECTOR('',#1701,60.0);
#427=VECTOR('',#1702,60.0);
#428=VECTOR('',#1703,60.0);
#429=VECTOR('',#1704,60.0);
#430=VECTOR('',#1707,60.0);
#431=VECTOR('',#1708,60.0);
#432=VECTOR('',#1709,60.0);
#433=VECTOR('',#1712,60.0);
#434=VECTOR('',#1713,60.0);
#435=VECTOR('',#1716,60.0);
#436=VECTOR('',#1717,60.0);
#437=VECTOR('',#1718,60.0);
#438=VECTOR('',#1721,60.0);
#439=VECTOR('',#1722,60.0);
#440=VECTOR('',#1723,60.0);
#441=VECTOR('',#1724,60.0);
#442=VECTOR('',#1725,60.0);
#443=VECTOR('',#1726,60.0);
#444=VECTOR('',#1727,60.0);
#445=VECTOR('',#1728,60.0);
#446=VECTOR('',#1729,60.0);
#447=VECTOR('',#1730,60.0);
#448=VECTOR('',#1731,60.0);
#449=VECTOR('',#1732,60.0);
#450=VECTOR('',#1735,60.0);
#451=VECTOR('',#1740,60.0);
#452=VECTOR('',#1741,60.0);
#453=VECTOR('',#1742,60.0);
#454=VECTOR('',#1743,60.0);
#455=VECTOR('',#1746,60.0);
#456=VECTOR('',#1747,60.0);
#457=VECTOR('',#1748,60.0);
#458=VECTOR('',#1749,60.0);
#459=VECTOR('',#1752,60.0);
#460=VECTOR('',#1753,60.0);
#461=VECTOR('',#1754,60.0);
#462=VECTOR('',#1757,60.0);
#463=VECTOR('',#1758,60.0);
#464=VECTOR('',#1759,60.0);
#465=VECTOR('',#1760,60.0);
#466=VECTOR('',#1761,60.0);
#467=VECTOR('',#1762,60.0);
#468=VECTOR('',#1763,60.0);
#469=VECTOR('',#1764,60.0);
#470=VECTOR('',#1765,60.0);
#471=VECTOR('',#1768,60.0);
#472=VECTOR('',#1769,60.0);
#473=VECTOR('',#1772,60.0);
#474=VECTOR('',#1773,60.0);
#475=VECTOR('',#1774,60.0);
#476=VECTOR('',#1775,60.0);
#477=VECTOR('',#1778,60.0);
#478=VECTOR('',#1779,60.0);
#479=VECTOR('',#1780,60.0);
#480=VECTOR('',#1781,60.0);
#481=VECTOR('',#1784,60.0);
#482=VECTOR('',#1785,60.0);
#483=VECTOR('',#1788,60.0);
#484=VECTOR('',#1789,60.0);
#485=VECTOR('',#1790,60.0);
#486=VECTOR('',#1791,60.0);
#487=VECTOR('',#1792,60.0);
#488=VECTOR('',#1793,60.0);
#489=VECTOR('',#1794,60.0);
#490=VECTOR('',#1795,60.0);
#491=VECTOR('',#1798,60.0);
#492=VECTOR('',#1799,60.0);
#493=VECTOR('',#1800,60.0);
#494=VECTOR('',#1805,60.0);
#495=VECTOR('',#1808,60.0);
#496=VECTOR('',#1809,60.0);
#497=VECTOR('',#1810,60.0);
#498=VECTOR('',#1813,60.0);
#499=VECTOR('',#1814,60.0);
#500=VECTOR('',#1817,60.0);
#501=VECTOR('',#1820,60.0);
#502=VECTOR('',#1821,60.0);
#503=VECTOR('',#1822,60.0);
#504=VECTOR('',#1823,60.0);
#505=VECTOR('',#1826,60.0);
#506=VECTOR('',#1827,60.0);
#507=VECTOR('',#1828,60.0);
#508=VECTOR('',#1829,60.0);
#509=VECTOR('',#1832,60.0);
#510=VECTOR('',#1833,60.0);
#511=VECTOR('',#1836,60.0);
#512=VECTOR('',#1837,60.0);
#513=VECTOR('',#1838,60.0);
#514=VECTOR('',#1841,60.0);
#515=VECTOR('',#1842,60.0);
#516=VECTOR('',#1843,60.0);
#517=VECTOR('',#1846,60.0);
#518=VECTOR('',#1847,60.0);
#519=VECTOR('',#1848,60.0);
#520=VECTOR('',#1851,60.0);
#521=VECTOR('',#1854,60.0);
#522=VECTOR('',#1855,60.0);
#523=VECTOR('',#1856,60.0);
#524=VECTOR('',#1857,60.0);
#525=VECTOR('',#1858,60.0);
#526=VECTOR('',#1861,60.0);
#527=VECTOR('',#1864,60.0);
#528=VECTOR('',#1865,60.0);
#529=VECTOR('',#1866,60.0);
#530=VECTOR('',#1869,60.0);
#531=VECTOR('',#1870,60.0);
#532=VECTOR('',#1873,60.0);
#533=VECTOR('',#1874,60.0);
#534=VECTOR('',#1875,60.0);
#535=VECTOR('',#1876,60.0);
#536=VECTOR('',#1877,60.0);
#537=VECTOR('',#1878,60.0);
#538=VECTOR('',#1879,60.0);
#539=VECTOR('',#1882,60.0);
#540=VECTOR('',#1883,60.0);
#541=VECTOR('',#1884,60.0);
#542=VECTOR('',#1887,60.0);
#543=VECTOR('',#1888,60.0);
#544=VECTOR('',#1891,60.0);
#545=VECTOR('',#1894,60.0);
#546=VECTOR('',#1895,60.0);
#547=VECTOR('',#1898,60.0);
#548=VECTOR('',#1899,60.0);
#549=VECTOR('',#1906,60.0);
#550=VECTOR('',#1907,60.0);
#551=VECTOR('',#1908,60.0);
#552=VECTOR('',#1909,60.0);
#553=VECTOR('',#1912,60.0);
#554=VECTOR('',#1913,60.0);
#555=VECTOR('',#1914,60.0);
#556=VECTOR('',#1917,60.0);
#557=VECTOR('',#1918,60.0);
#558=VECTOR('',#1921,60.0);
#559=VECTOR('',#1922,60.0);
#560=VECTOR('',#1923,60.0);
#561=VECTOR('',#1924,60.0);
#562=VECTOR('',#1925,60.0);
#563=VECTOR('',#1930,60.0);
#564=VECTOR('',#1931,60.0);
#565=VECTOR('',#1934,60.0);
#566=VECTOR('',#1935,60.0);
#567=VECTOR('',#1938,60.0);
#568=VECTOR('',#1941,60.0);
#569=VECTOR('',#1944,60.0);
#570=VECTOR('',#1947,60.0);
#571=VECTOR('',#1948,60.0);
#572=VECTOR('',#1951,60.0);
#573=VECTOR('',#1952,60.0);
#574=VECTOR('',#1953,60.0);
#575=VECTOR('',#1956,60.0);
#576=VECTOR('',#1959,60.0);
#577=VECTOR('',#1962,60.0);
#578=VECTOR('',#1963,60.0);
#579=VECTOR('',#1966,60.0);
#580=VECTOR('',#1969,60.0);
#581=VECTOR('',#1978,60.0);
#582=VECTOR('',#1981,60.0);
#583=VECTOR('',#1982,60.0);
#584=VECTOR('',#1985,60.0);
#585=VECTOR('',#1986,60.0);
#586=VECTOR('',#1989,60.0);
#587=VECTOR('',#2002,60.0);
#588=VECTOR('',#2003,60.0);
#589=VECTOR('',#2004,60.0);
#590=VECTOR('',#2007,60.0);
#591=VECTOR('',#2008,60.0);
#592=VECTOR('',#2011,60.0);
#593=VECTOR('',#2014,60.0);
#594=VECTOR('',#2015,60.0);
#595=VECTOR('',#2018,60.0);
#596=VECTOR('',#2019,60.0);
#597=VECTOR('',#2022,60.0);
#598=VECTOR('',#2023,60.0);
#599=VECTOR('',#2026,60.0);
#600=VERTEX_POINT('',#2031);
#601=VERTEX_POINT('',#2032);
#602=VERTEX_POINT('',#2034);
#603=VERTEX_POINT('',#2036);
#604=VERTEX_POINT('',#2040);
#605=VERTEX_POINT('',#2042);
#606=VERTEX_POINT('',#2046);
#607=VERTEX_POINT('',#2047);
#608=VERTEX_POINT('',#2049);
#609=VERTEX_POINT('',#2051);
#610=VERTEX_POINT('',#2055);
#611=VERTEX_POINT('',#2057);
#612=VERTEX_POINT('',#2061);
#613=VERTEX_POINT('',#2063);
#614=VERTEX_POINT('',#2065);
#615=VERTEX_POINT('',#2067);
#616=VERTEX_POINT('',#2069);
#617=VERTEX_POINT('',#2071);
#618=VERTEX_POINT('',#2073);
#619=VERTEX_POINT('',#2075);
#620=VERTEX_POINT('',#2077);
#621=VERTEX_POINT('',#2079);
#622=VERTEX_POINT('',#2081);
#623=VERTEX_POINT('',#2083);
#624=VERTEX_POINT('',#2085);
#625=VERTEX_POINT('',#2087);
#626=VERTEX_POINT('',#2090);
#627=VERTEX_POINT('',#2092);
#628=VERTEX_POINT('',#2094);
#629=VERTEX_POINT('',#2096);
#630=VERTEX_POINT('',#2098);
#631=VERTEX_POINT('',#2100);
#632=VERTEX_POINT('',#2102);
#633=VERTEX_POINT('',#2104);
#634=VERTEX_POINT('',#2106);
#635=VERTEX_POINT('',#2108);
#636=VERTEX_POINT('',#2110);
#637=VERTEX_POINT('',#2112);
#638=VERTEX_POINT('',#2114);
#639=VERTEX_POINT('',#2118);
#640=VERTEX_POINT('',#2120);
#641=VERTEX_POINT('',#2124);
#642=VERTEX_POINT('',#2128);
#643=VERTEX_POINT('',#2129);
#644=VERTEX_POINT('',#2134);
#645=VERTEX_POINT('',#2136);
#646=VERTEX_POINT('',#2138);
#647=VERTEX_POINT('',#2140);
#648=VERTEX_POINT('',#2142);
#649=VERTEX_POINT('',#2144);
#650=VERTEX_POINT('',#2146);
#651=VERTEX_POINT('',#2148);
#652=VERTEX_POINT('',#2150);
#653=VERTEX_POINT('',#2152);
#654=VERTEX_POINT('',#2154);
#655=VERTEX_POINT('',#2158);
#656=VERTEX_POINT('',#2160);
#657=VERTEX_POINT('',#2162);
#658=VERTEX_POINT('',#2164);
#659=VERTEX_POINT('',#2166);
#660=VERTEX_POINT('',#2171);
#661=VERTEX_POINT('',#2172);
#662=VERTEX_POINT('',#2174);
#663=VERTEX_POINT('',#2176);
#664=VERTEX_POINT('',#2180);
#665=VERTEX_POINT('',#2182);
#666=VERTEX_POINT('',#2186);
#667=VERTEX_POINT('',#2188);
#668=VERTEX_POINT('',#2190);
#669=VERTEX_POINT('',#2192);
#670=VERTEX_POINT('',#2194);
#671=VERTEX_POINT('',#2196);
#672=VERTEX_POINT('',#2198);
#673=VERTEX_POINT('',#2203);
#674=VERTEX_POINT('',#2207);
#675=VERTEX_POINT('',#2208);
#676=VERTEX_POINT('',#2210);
#677=VERTEX_POINT('',#2212);
#678=VERTEX_POINT('',#2216);
#679=VERTEX_POINT('',#2218);
#680=VERTEX_POINT('',#2220);
#681=VERTEX_POINT('',#2227);
#682=VERTEX_POINT('',#2229);
#683=VERTEX_POINT('',#2231);
#684=VERTEX_POINT('',#2233);
#685=VERTEX_POINT('',#2235);
#686=VERTEX_POINT('',#2237);
#687=VERTEX_POINT('',#2239);
#688=VERTEX_POINT('',#2244);
#689=VERTEX_POINT('',#2246);
#690=VERTEX_POINT('',#2248);
#691=VERTEX_POINT('',#2250);
#692=VERTEX_POINT('',#2254);
#693=VERTEX_POINT('',#2256);
#694=VERTEX_POINT('',#2260);
#695=VERTEX_POINT('',#2266);
#696=VERTEX_POINT('',#2267);
#697=VERTEX_POINT('',#2269);
#698=VERTEX_POINT('',#2271);
#699=VERTEX_POINT('',#2275);
#700=VERTEX_POINT('',#2276);
#701=VERTEX_POINT('',#2278);
#702=VERTEX_POINT('',#2280);
#703=VERTEX_POINT('',#2287);
#704=VERTEX_POINT('',#2289);
#705=VERTEX_POINT('',#2293);
#706=VERTEX_POINT('',#2295);
#707=VERTEX_POINT('',#2299);
#708=VERTEX_POINT('',#2301);
#709=VERTEX_POINT('',#2307);
#710=VERTEX_POINT('',#2309);
#711=VERTEX_POINT('',#2311);
#712=VERTEX_POINT('',#2318);
#713=VERTEX_POINT('',#2320);
#714=VERTEX_POINT('',#2324);
#715=VERTEX_POINT('',#2328);
#716=VERTEX_POINT('',#2330);
#717=VERTEX_POINT('',#2332);
#718=VERTEX_POINT('',#2334);
#719=VERTEX_POINT('',#2340);
#720=VERTEX_POINT('',#2342);
#721=VERTEX_POINT('',#2346);
#722=VERTEX_POINT('',#2360);
#723=VERTEX_POINT('',#2361);
#724=VERTEX_POINT('',#2363);
#725=VERTEX_POINT('',#2365);
#726=VERTEX_POINT('',#2369);
#727=VERTEX_POINT('',#2371);
#728=VERTEX_POINT('',#2380);
#729=VERTEX_POINT('',#2382);
#730=VERTEX_POINT('',#2387);
#731=VERTEX_POINT('',#2391);
#732=VERTEX_POINT('',#2401);
#733=VERTEX_POINT('',#2405);
#734=VERTEX_POINT('',#2407);
#735=VERTEX_POINT('',#2425);
#736=VERTEX_POINT('',#2427);
#737=VERTEX_POINT('',#2442);
#738=VERTEX_POINT('',#2444);
#739=VERTEX_POINT('',#2448);
#740=VERTEX_POINT('',#2454);
#741=VERTEX_POINT('',#2458);
#742=VERTEX_POINT('',#2462);
#743=EDGE_CURVE('',#600,#601,#180,.T.);
#744=EDGE_CURVE('',#601,#602,#181,.T.);
#745=EDGE_CURVE('',#602,#603,#182,.T.);
#746=EDGE_CURVE('',#603,#600,#183,.T.);
#747=EDGE_CURVE('',#604,#601,#184,.T.);
#748=EDGE_CURVE('',#604,#605,#185,.T.);
#749=EDGE_CURVE('',#602,#605,#186,.T.);
#750=EDGE_CURVE('',#606,#607,#187,.T.);
#751=EDGE_CURVE('',#607,#608,#188,.T.);
#752=EDGE_CURVE('',#608,#609,#189,.T.);
#753=EDGE_CURVE('',#609,#606,#190,.T.);
#754=EDGE_CURVE('',#610,#609,#191,.T.);
#755=EDGE_CURVE('',#610,#611,#192,.T.);
#756=EDGE_CURVE('',#606,#611,#193,.T.);
#757=EDGE_CURVE('',#612,#608,#194,.T.);
#758=EDGE_CURVE('',#612,#613,#18,.T.);
#759=EDGE_CURVE('',#614,#613,#195,.T.);
#760=EDGE_CURVE('',#615,#614,#196,.T.);
#761=EDGE_CURVE('',#616,#615,#197,.T.);
#762=EDGE_CURVE('',#617,#616,#198,.T.);
#763=EDGE_CURVE('',#617,#618,#199,.T.);
#764=EDGE_CURVE('',#618,#619,#200,.T.);
#765=EDGE_CURVE('',#619,#620,#201,.T.);
#766=EDGE_CURVE('',#620,#621,#19,.T.);
#767=EDGE_CURVE('',#621,#622,#202,.T.);
#768=EDGE_CURVE('',#623,#622,#203,.T.);
#769=EDGE_CURVE('',#624,#623,#204,.T.);
#770=EDGE_CURVE('',#625,#624,#205,.T.);
#771=EDGE_CURVE('',#604,#625,#206,.T.);
#772=EDGE_CURVE('',#626,#600,#207,.T.);
#773=EDGE_CURVE('',#626,#627,#208,.T.);
#774=EDGE_CURVE('',#627,#628,#209,.T.);
#775=EDGE_CURVE('',#628,#629,#210,.T.);
#776=EDGE_CURVE('',#630,#629,#20,.T.);
#777=EDGE_CURVE('',#631,#630,#211,.T.);
#778=EDGE_CURVE('',#632,#631,#212,.T.);
#779=EDGE_CURVE('',#633,#632,#213,.T.);
#780=EDGE_CURVE('',#633,#634,#214,.T.);
#781=EDGE_CURVE('',#635,#634,#215,.T.);
#782=EDGE_CURVE('',#636,#635,#216,.T.);
#783=EDGE_CURVE('',#636,#637,#217,.T.);
#784=EDGE_CURVE('',#637,#638,#218,.T.);
#785=EDGE_CURVE('',#638,#610,#219,.T.);
#786=EDGE_CURVE('',#634,#639,#220,.T.);
#787=EDGE_CURVE('',#639,#640,#221,.T.);
#788=EDGE_CURVE('',#640,#635,#222,.T.);
#789=EDGE_CURVE('',#633,#641,#223,.T.);
#790=EDGE_CURVE('',#639,#641,#224,.T.);
#791=EDGE_CURVE('',#642,#643,#225,.T.);
#792=EDGE_CURVE('',#643,#623,#226,.T.);
#793=EDGE_CURVE('',#622,#642,#227,.T.);
#794=EDGE_CURVE('',#644,#643,#228,.T.);
#795=EDGE_CURVE('',#644,#645,#229,.T.);
#796=EDGE_CURVE('',#646,#645,#230,.T.);
#797=EDGE_CURVE('',#647,#646,#231,.T.);
#798=EDGE_CURVE('',#648,#647,#232,.T.);
#799=EDGE_CURVE('',#648,#649,#233,.T.);
#800=EDGE_CURVE('',#650,#649,#234,.T.);
#801=EDGE_CURVE('',#651,#650,#235,.T.);
#802=EDGE_CURVE('',#652,#651,#236,.T.);
#803=EDGE_CURVE('',#652,#653,#237,.T.);
#804=EDGE_CURVE('',#654,#653,#238,.T.);
#805=EDGE_CURVE('',#624,#654,#239,.T.);
#806=EDGE_CURVE('',#642,#655,#240,.T.);
#807=EDGE_CURVE('',#655,#656,#21,.T.);
#808=EDGE_CURVE('',#657,#656,#22,.T.);
#809=EDGE_CURVE('',#657,#658,#241,.T.);
#810=EDGE_CURVE('',#658,#659,#242,.T.);
#811=EDGE_CURVE('',#659,#603,#243,.T.);
#812=EDGE_CURVE('',#605,#644,#244,.T.);
#813=EDGE_CURVE('',#660,#661,#245,.T.);
#814=EDGE_CURVE('',#660,#662,#246,.T.);
#815=EDGE_CURVE('',#663,#662,#247,.T.);
#816=EDGE_CURVE('',#661,#663,#248,.T.);
#817=EDGE_CURVE('',#662,#664,#249,.T.);
#818=EDGE_CURVE('',#664,#665,#250,.T.);
#819=EDGE_CURVE('',#665,#663,#251,.T.);
#820=EDGE_CURVE('',#666,#660,#252,.T.);
#821=EDGE_CURVE('',#666,#667,#253,.T.);
#822=EDGE_CURVE('',#668,#667,#254,.T.);
#823=EDGE_CURVE('',#669,#668,#255,.T.);
#824=EDGE_CURVE('',#670,#669,#256,.T.);
#825=EDGE_CURVE('',#670,#671,#257,.T.);
#826=EDGE_CURVE('',#672,#671,#258,.T.);
#827=EDGE_CURVE('',#641,#672,#259,.T.);
#828=EDGE_CURVE('',#632,#664,#260,.T.);
#829=EDGE_CURVE('',#661,#673,#261,.T.);
#830=EDGE_CURVE('',#673,#666,#262,.T.);
#831=EDGE_CURVE('',#674,#675,#263,.T.);
#832=EDGE_CURVE('',#674,#676,#264,.T.);
#833=EDGE_CURVE('',#677,#676,#265,.T.);
#834=EDGE_CURVE('',#675,#677,#266,.T.);
#835=EDGE_CURVE('',#611,#678,#267,.T.);
#836=EDGE_CURVE('',#611,#679,#268,.T.);
#837=EDGE_CURVE('',#680,#679,#269,.T.);
#838=EDGE_CURVE('',#678,#680,#270,.T.);
#839=EDGE_CURVE('',#679,#677,#271,.T.);
#840=EDGE_CURVE('',#676,#680,#272,.T.);
#841=EDGE_CURVE('',#638,#681,#273,.T.);
#842=EDGE_CURVE('',#682,#681,#274,.T.);
#843=EDGE_CURVE('',#683,#682,#275,.T.);
#844=EDGE_CURVE('',#684,#683,#276,.T.);
#845=EDGE_CURVE('',#684,#685,#277,.T.);
#846=EDGE_CURVE('',#686,#685,#278,.T.);
#847=EDGE_CURVE('',#687,#686,#279,.T.);
#848=EDGE_CURVE('',#675,#687,#280,.T.);
#849=EDGE_CURVE('',#678,#640,#281,.T.);
#850=EDGE_CURVE('',#641,#688,#282,.T.);
#851=EDGE_CURVE('',#688,#689,#283,.T.);
#852=EDGE_CURVE('',#690,#689,#23,.T.);
#853=EDGE_CURVE('',#690,#691,#24,.T.);
#854=EDGE_CURVE('',#691,#607,#284,.T.);
#855=EDGE_CURVE('',#647,#692,#285,.T.);
#856=EDGE_CURVE('',#693,#646,#286,.T.);
#857=EDGE_CURVE('',#692,#693,#287,.T.);
#858=EDGE_CURVE('',#605,#694,#288,.T.);
#859=EDGE_CURVE('',#645,#694,#289,.T.);
#860=EDGE_CURVE('',#694,#693,#290,.T.);
#861=EDGE_CURVE('',#695,#696,#291,.T.);
#862=EDGE_CURVE('',#695,#697,#292,.T.);
#863=EDGE_CURVE('',#698,#697,#293,.T.);
#864=EDGE_CURVE('',#696,#698,#294,.T.);
#865=EDGE_CURVE('',#699,#700,#295,.T.);
#866=EDGE_CURVE('',#699,#701,#296,.T.);
#867=EDGE_CURVE('',#702,#701,#297,.T.);
#868=EDGE_CURVE('',#700,#702,#298,.T.);
#869=EDGE_CURVE('',#701,#698,#299,.T.);
#870=EDGE_CURVE('',#697,#702,#300,.T.);
#871=EDGE_CURVE('',#700,#703,#301,.T.);
#872=EDGE_CURVE('',#703,#704,#302,.T.);
#873=EDGE_CURVE('',#704,#699,#303,.T.);
#874=EDGE_CURVE('',#705,#648,#304,.T.);
#875=EDGE_CURVE('',#705,#706,#305,.T.);
#876=EDGE_CURVE('',#649,#706,#306,.T.);
#877=EDGE_CURVE('',#651,#707,#307,.T.);
#878=EDGE_CURVE('',#708,#650,#308,.T.);
#879=EDGE_CURVE('',#707,#708,#309,.T.);
#880=EDGE_CURVE('',#706,#708,#310,.T.);
#881=EDGE_CURVE('',#625,#709,#311,.T.);
#882=EDGE_CURVE('',#710,#709,#312,.T.);
#883=EDGE_CURVE('',#711,#710,#313,.T.);
#884=EDGE_CURVE('',#707,#711,#314,.T.);
#885=EDGE_CURVE('',#692,#705,#315,.T.);
#886=EDGE_CURVE('',#711,#652,#316,.T.);
#887=EDGE_CURVE('',#683,#712,#317,.T.);
#888=EDGE_CURVE('',#713,#682,#318,.T.);
#889=EDGE_CURVE('',#712,#713,#319,.T.);
#890=EDGE_CURVE('',#681,#714,#320,.T.);
#891=EDGE_CURVE('',#714,#713,#321,.T.);
#892=EDGE_CURVE('',#715,#674,#322,.T.);
#893=EDGE_CURVE('',#715,#716,#323,.T.);
#894=EDGE_CURVE('',#717,#716,#324,.T.);
#895=EDGE_CURVE('',#718,#717,#325,.T.);
#896=EDGE_CURVE('',#712,#718,#326,.T.);
#897=EDGE_CURVE('',#637,#714,#327,.T.);
#898=EDGE_CURVE('',#636,#678,#328,.T.);
#899=EDGE_CURVE('',#669,#719,#329,.T.);
#900=EDGE_CURVE('',#720,#668,#330,.T.);
#901=EDGE_CURVE('',#719,#720,#331,.T.);
#902=EDGE_CURVE('',#673,#721,#332,.T.);
#903=EDGE_CURVE('',#667,#721,#333,.T.);
#904=EDGE_CURVE('',#721,#720,#334,.T.);
#905=EDGE_CURVE('',#718,#684,#335,.T.);
#906=EDGE_CURVE('',#685,#717,#336,.T.);
#907=EDGE_CURVE('',#687,#715,#337,.T.);
#908=EDGE_CURVE('',#716,#686,#338,.T.);
#909=EDGE_CURVE('',#722,#723,#339,.T.);
#910=EDGE_CURVE('',#722,#724,#340,.T.);
#911=EDGE_CURVE('',#725,#724,#341,.T.);
#912=EDGE_CURVE('',#723,#725,#342,.T.);
#913=EDGE_CURVE('',#658,#726,#343,.T.);
#914=EDGE_CURVE('',#727,#726,#344,.T.);
#915=EDGE_CURVE('',#659,#727,#345,.T.);
#916=EDGE_CURVE('',#726,#725,#346,.T.);
#917=EDGE_CURVE('',#724,#727,#347,.T.);
#918=EDGE_CURVE('',#626,#659,#348,.T.);
#919=EDGE_CURVE('',#696,#722,#349,.T.);
#920=EDGE_CURVE('',#704,#728,#350,.T.);
#921=EDGE_CURVE('',#729,#728,#351,.T.);
#922=EDGE_CURVE('',#627,#729,#352,.T.);
#923=EDGE_CURVE('',#703,#730,#353,.T.);
#924=EDGE_CURVE('',#728,#730,#354,.T.);
#925=EDGE_CURVE('',#730,#731,#355,.T.);
#926=EDGE_CURVE('',#731,#729,#356,.T.);
#927=EDGE_CURVE('',#723,#695,#357,.T.);
#928=EDGE_CURVE('',#653,#710,#358,.T.);
#929=EDGE_CURVE('',#709,#654,#359,.T.);
#930=EDGE_CURVE('',#732,#672,#360,.T.);
#931=EDGE_CURVE('',#688,#732,#361,.T.);
#932=EDGE_CURVE('',#733,#670,#362,.T.);
#933=EDGE_CURVE('',#733,#734,#363,.T.);
#934=EDGE_CURVE('',#671,#734,#364,.T.);
#935=EDGE_CURVE('',#734,#732,#365,.T.);
#936=EDGE_CURVE('',#719,#733,#366,.T.);
#937=EDGE_CURVE('',#620,#656,#367,.T.);
#938=EDGE_CURVE('',#621,#655,#368,.T.);
#939=EDGE_CURVE('',#628,#731,#369,.T.);
#940=EDGE_CURVE('',#629,#657,#370,.T.);
#941=EDGE_CURVE('',#656,#735,#371,.T.);
#942=EDGE_CURVE('',#736,#735,#25,.T.);
#943=EDGE_CURVE('',#690,#736,#372,.T.);
#944=EDGE_CURVE('',#689,#630,#373,.T.);
#945=EDGE_CURVE('',#613,#690,#374,.T.);
#946=EDGE_CURVE('',#612,#691,#375,.T.);
#947=EDGE_CURVE('',#631,#665,#376,.T.);
#948=EDGE_CURVE('',#617,#737,#377,.T.);
#949=EDGE_CURVE('',#738,#737,#378,.T.);
#950=EDGE_CURVE('',#618,#738,#379,.T.);
#951=EDGE_CURVE('',#739,#738,#380,.T.);
#952=EDGE_CURVE('',#619,#739,#381,.T.);
#953=EDGE_CURVE('',#735,#739,#382,.T.);
#954=EDGE_CURVE('',#740,#736,#383,.T.);
#955=EDGE_CURVE('',#614,#740,#384,.T.);
#956=EDGE_CURVE('',#741,#740,#385,.T.);
#957=EDGE_CURVE('',#615,#741,#386,.T.);
#958=EDGE_CURVE('',#742,#741,#387,.T.);
#959=EDGE_CURVE('',#616,#742,#388,.T.);
#960=EDGE_CURVE('',#737,#742,#389,.T.);
#961=ORIENTED_EDGE('',*,*,#743,.T.);
#962=ORIENTED_EDGE('',*,*,#744,.T.);
#963=ORIENTED_EDGE('',*,*,#745,.T.);
#964=ORIENTED_EDGE('',*,*,#746,.T.);
#965=ORIENTED_EDGE('',*,*,#744,.F.);
#966=ORIENTED_EDGE('',*,*,#747,.F.);
#967=ORIENTED_EDGE('',*,*,#748,.T.);
#968=ORIENTED_EDGE('',*,*,#749,.F.);
#969=ORIENTED_EDGE('',*,*,#750,.T.);
#970=ORIENTED_EDGE('',*,*,#751,.T.);
#971=ORIENTED_EDGE('',*,*,#752,.T.);
#972=ORIENTED_EDGE('',*,*,#753,.T.);
#973=ORIENTED_EDGE('',*,*,#753,.F.);
#974=ORIENTED_EDGE('',*,*,#754,.F.);
#975=ORIENTED_EDGE('',*,*,#755,.T.);
#976=ORIENTED_EDGE('',*,*,#756,.F.);
#977=ORIENTED_EDGE('',*,*,#752,.F.);
#978=ORIENTED_EDGE('',*,*,#757,.F.);
#979=ORIENTED_EDGE('',*,*,#758,.T.);
#980=ORIENTED_EDGE('',*,*,#759,.F.);
#981=ORIENTED_EDGE('',*,*,#760,.F.);
#982=ORIENTED_EDGE('',*,*,#761,.F.);
#983=ORIENTED_EDGE('',*,*,#762,.F.);
#984=ORIENTED_EDGE('',*,*,#763,.T.);
#985=ORIENTED_EDGE('',*,*,#764,.T.);
#986=ORIENTED_EDGE('',*,*,#765,.T.);
#987=ORIENTED_EDGE('',*,*,#766,.T.);
#988=ORIENTED_EDGE('',*,*,#767,.T.);
#989=ORIENTED_EDGE('',*,*,#768,.F.);
#990=ORIENTED_EDGE('',*,*,#769,.F.);
#991=ORIENTED_EDGE('',*,*,#770,.F.);
#992=ORIENTED_EDGE('',*,*,#771,.F.);
#993=ORIENTED_EDGE('',*,*,#747,.T.);
#994=ORIENTED_EDGE('',*,*,#743,.F.);
#995=ORIENTED_EDGE('',*,*,#772,.F.);
#996=ORIENTED_EDGE('',*,*,#773,.T.);
#997=ORIENTED_EDGE('',*,*,#774,.T.);
#998=ORIENTED_EDGE('',*,*,#775,.T.);
#999=ORIENTED_EDGE('',*,*,#776,.F.);
#1000=ORIENTED_EDGE('',*,*,#777,.F.);
#1001=ORIENTED_EDGE('',*,*,#778,.F.);
#1002=ORIENTED_EDGE('',*,*,#779,.F.);
#1003=ORIENTED_EDGE('',*,*,#780,.T.);
#1004=ORIENTED_EDGE('',*,*,#781,.F.);
#1005=ORIENTED_EDGE('',*,*,#782,.F.);
#1006=ORIENTED_EDGE('',*,*,#783,.T.);
#1007=ORIENTED_EDGE('',*,*,#784,.T.);
#1008=ORIENTED_EDGE('',*,*,#785,.T.);
#1009=ORIENTED_EDGE('',*,*,#754,.T.);
#1010=ORIENTED_EDGE('',*,*,#781,.T.);
#1011=ORIENTED_EDGE('',*,*,#786,.T.);
#1012=ORIENTED_EDGE('',*,*,#787,.T.);
#1013=ORIENTED_EDGE('',*,*,#788,.T.);
#1014=ORIENTED_EDGE('',*,*,#786,.F.);
#1015=ORIENTED_EDGE('',*,*,#780,.F.);
#1016=ORIENTED_EDGE('',*,*,#789,.T.);
#1017=ORIENTED_EDGE('',*,*,#790,.F.);
#1018=ORIENTED_EDGE('',*,*,#791,.T.);
#1019=ORIENTED_EDGE('',*,*,#792,.T.);
#1020=ORIENTED_EDGE('',*,*,#768,.T.);
#1021=ORIENTED_EDGE('',*,*,#793,.T.);
#1022=ORIENTED_EDGE('',*,*,#792,.F.);
#1023=ORIENTED_EDGE('',*,*,#794,.F.);
#1024=ORIENTED_EDGE('',*,*,#795,.T.);
#1025=ORIENTED_EDGE('',*,*,#796,.F.);
#1026=ORIENTED_EDGE('',*,*,#797,.F.);
#1027=ORIENTED_EDGE('',*,*,#798,.F.);
#1028=ORIENTED_EDGE('',*,*,#799,.T.);
#1029=ORIENTED_EDGE('',*,*,#800,.F.);
#1030=ORIENTED_EDGE('',*,*,#801,.F.);
#1031=ORIENTED_EDGE('',*,*,#802,.F.);
#1032=ORIENTED_EDGE('',*,*,#803,.T.);
#1033=ORIENTED_EDGE('',*,*,#804,.F.);
#1034=ORIENTED_EDGE('',*,*,#805,.F.);
#1035=ORIENTED_EDGE('',*,*,#769,.T.);
#1036=ORIENTED_EDGE('',*,*,#791,.F.);
#1037=ORIENTED_EDGE('',*,*,#806,.T.);
#1038=ORIENTED_EDGE('',*,*,#807,.T.);
#1039=ORIENTED_EDGE('',*,*,#808,.F.);
#1040=ORIENTED_EDGE('',*,*,#809,.T.);
#1041=ORIENTED_EDGE('',*,*,#810,.T.);
#1042=ORIENTED_EDGE('',*,*,#811,.T.);
#1043=ORIENTED_EDGE('',*,*,#745,.F.);
#1044=ORIENTED_EDGE('',*,*,#749,.T.);
#1045=ORIENTED_EDGE('',*,*,#812,.T.);
#1046=ORIENTED_EDGE('',*,*,#794,.T.);
#1047=ORIENTED_EDGE('',*,*,#813,.F.);
#1048=ORIENTED_EDGE('',*,*,#814,.T.);
#1049=ORIENTED_EDGE('',*,*,#815,.F.);
#1050=ORIENTED_EDGE('',*,*,#816,.F.);
#1051=ORIENTED_EDGE('',*,*,#815,.T.);
#1052=ORIENTED_EDGE('',*,*,#817,.T.);
#1053=ORIENTED_EDGE('',*,*,#818,.T.);
#1054=ORIENTED_EDGE('',*,*,#819,.T.);
#1055=ORIENTED_EDGE('',*,*,#820,.F.);
#1056=ORIENTED_EDGE('',*,*,#821,.T.);
#1057=ORIENTED_EDGE('',*,*,#822,.F.);
#1058=ORIENTED_EDGE('',*,*,#823,.F.);
#1059=ORIENTED_EDGE('',*,*,#824,.F.);
#1060=ORIENTED_EDGE('',*,*,#825,.T.);
#1061=ORIENTED_EDGE('',*,*,#826,.F.);
#1062=ORIENTED_EDGE('',*,*,#827,.F.);
#1063=ORIENTED_EDGE('',*,*,#789,.F.);
#1064=ORIENTED_EDGE('',*,*,#779,.T.);
#1065=ORIENTED_EDGE('',*,*,#828,.T.);
#1066=ORIENTED_EDGE('',*,*,#817,.F.);
#1067=ORIENTED_EDGE('',*,*,#814,.F.);
#1068=ORIENTED_EDGE('',*,*,#813,.T.);
#1069=ORIENTED_EDGE('',*,*,#829,.T.);
#1070=ORIENTED_EDGE('',*,*,#830,.T.);
#1071=ORIENTED_EDGE('',*,*,#820,.T.);
#1072=ORIENTED_EDGE('',*,*,#831,.F.);
#1073=ORIENTED_EDGE('',*,*,#832,.T.);
#1074=ORIENTED_EDGE('',*,*,#833,.F.);
#1075=ORIENTED_EDGE('',*,*,#834,.F.);
#1076=ORIENTED_EDGE('',*,*,#835,.F.);
#1077=ORIENTED_EDGE('',*,*,#836,.T.);
#1078=ORIENTED_EDGE('',*,*,#837,.F.);
#1079=ORIENTED_EDGE('',*,*,#838,.F.);
#1080=ORIENTED_EDGE('',*,*,#839,.T.);
#1081=ORIENTED_EDGE('',*,*,#833,.T.);
#1082=ORIENTED_EDGE('',*,*,#840,.T.);
#1083=ORIENTED_EDGE('',*,*,#837,.T.);
#1084=ORIENTED_EDGE('',*,*,#785,.F.);
#1085=ORIENTED_EDGE('',*,*,#841,.T.);
#1086=ORIENTED_EDGE('',*,*,#842,.F.);
#1087=ORIENTED_EDGE('',*,*,#843,.F.);
#1088=ORIENTED_EDGE('',*,*,#844,.F.);
#1089=ORIENTED_EDGE('',*,*,#845,.T.);
#1090=ORIENTED_EDGE('',*,*,#846,.F.);
#1091=ORIENTED_EDGE('',*,*,#847,.F.);
#1092=ORIENTED_EDGE('',*,*,#848,.F.);
#1093=ORIENTED_EDGE('',*,*,#834,.T.);
#1094=ORIENTED_EDGE('',*,*,#839,.F.);
#1095=ORIENTED_EDGE('',*,*,#836,.F.);
#1096=ORIENTED_EDGE('',*,*,#755,.F.);
#1097=ORIENTED_EDGE('',*,*,#750,.F.);
#1098=ORIENTED_EDGE('',*,*,#756,.T.);
#1099=ORIENTED_EDGE('',*,*,#835,.T.);
#1100=ORIENTED_EDGE('',*,*,#849,.T.);
#1101=ORIENTED_EDGE('',*,*,#787,.F.);
#1102=ORIENTED_EDGE('',*,*,#790,.T.);
#1103=ORIENTED_EDGE('',*,*,#850,.T.);
#1104=ORIENTED_EDGE('',*,*,#851,.T.);
#1105=ORIENTED_EDGE('',*,*,#852,.F.);
#1106=ORIENTED_EDGE('',*,*,#853,.T.);
#1107=ORIENTED_EDGE('',*,*,#854,.T.);
#1108=ORIENTED_EDGE('',*,*,#855,.F.);
#1109=ORIENTED_EDGE('',*,*,#797,.T.);
#1110=ORIENTED_EDGE('',*,*,#856,.F.);
#1111=ORIENTED_EDGE('',*,*,#857,.F.);
#1112=ORIENTED_EDGE('',*,*,#812,.F.);
#1113=ORIENTED_EDGE('',*,*,#858,.T.);
#1114=ORIENTED_EDGE('',*,*,#859,.F.);
#1115=ORIENTED_EDGE('',*,*,#795,.F.);
#1116=ORIENTED_EDGE('',*,*,#859,.T.);
#1117=ORIENTED_EDGE('',*,*,#860,.T.);
#1118=ORIENTED_EDGE('',*,*,#856,.T.);
#1119=ORIENTED_EDGE('',*,*,#796,.T.);
#1120=ORIENTED_EDGE('',*,*,#861,.F.);
#1121=ORIENTED_EDGE('',*,*,#862,.T.);
#1122=ORIENTED_EDGE('',*,*,#863,.F.);
#1123=ORIENTED_EDGE('',*,*,#864,.F.);
#1124=ORIENTED_EDGE('',*,*,#865,.F.);
#1125=ORIENTED_EDGE('',*,*,#866,.T.);
#1126=ORIENTED_EDGE('',*,*,#867,.F.);
#1127=ORIENTED_EDGE('',*,*,#868,.F.);
#1128=ORIENTED_EDGE('',*,*,#867,.T.);
#1129=ORIENTED_EDGE('',*,*,#869,.T.);
#1130=ORIENTED_EDGE('',*,*,#863,.T.);
#1131=ORIENTED_EDGE('',*,*,#870,.T.);
#1132=ORIENTED_EDGE('',*,*,#865,.T.);
#1133=ORIENTED_EDGE('',*,*,#871,.T.);
#1134=ORIENTED_EDGE('',*,*,#872,.T.);
#1135=ORIENTED_EDGE('',*,*,#873,.T.);
#1136=ORIENTED_EDGE('',*,*,#874,.F.);
#1137=ORIENTED_EDGE('',*,*,#875,.T.);
#1138=ORIENTED_EDGE('',*,*,#876,.F.);
#1139=ORIENTED_EDGE('',*,*,#799,.F.);
#1140=ORIENTED_EDGE('',*,*,#877,.F.);
#1141=ORIENTED_EDGE('',*,*,#801,.T.);
#1142=ORIENTED_EDGE('',*,*,#878,.F.);
#1143=ORIENTED_EDGE('',*,*,#879,.F.);
#1144=ORIENTED_EDGE('',*,*,#800,.T.);
#1145=ORIENTED_EDGE('',*,*,#876,.T.);
#1146=ORIENTED_EDGE('',*,*,#880,.T.);
#1147=ORIENTED_EDGE('',*,*,#878,.T.);
#1148=ORIENTED_EDGE('',*,*,#771,.T.);
#1149=ORIENTED_EDGE('',*,*,#881,.T.);
#1150=ORIENTED_EDGE('',*,*,#882,.F.);
#1151=ORIENTED_EDGE('',*,*,#883,.F.);
#1152=ORIENTED_EDGE('',*,*,#884,.F.);
#1153=ORIENTED_EDGE('',*,*,#879,.T.);
#1154=ORIENTED_EDGE('',*,*,#880,.F.);
#1155=ORIENTED_EDGE('',*,*,#875,.F.);
#1156=ORIENTED_EDGE('',*,*,#885,.F.);
#1157=ORIENTED_EDGE('',*,*,#857,.T.);
#1158=ORIENTED_EDGE('',*,*,#860,.F.);
#1159=ORIENTED_EDGE('',*,*,#858,.F.);
#1160=ORIENTED_EDGE('',*,*,#748,.F.);
#1161=ORIENTED_EDGE('',*,*,#877,.T.);
#1162=ORIENTED_EDGE('',*,*,#884,.T.);
#1163=ORIENTED_EDGE('',*,*,#886,.T.);
#1164=ORIENTED_EDGE('',*,*,#802,.T.);
#1165=ORIENTED_EDGE('',*,*,#887,.F.);
#1166=ORIENTED_EDGE('',*,*,#843,.T.);
#1167=ORIENTED_EDGE('',*,*,#888,.F.);
#1168=ORIENTED_EDGE('',*,*,#889,.F.);
#1169=ORIENTED_EDGE('',*,*,#842,.T.);
#1170=ORIENTED_EDGE('',*,*,#890,.T.);
#1171=ORIENTED_EDGE('',*,*,#891,.T.);
#1172=ORIENTED_EDGE('',*,*,#888,.T.);
#1173=ORIENTED_EDGE('',*,*,#892,.F.);
#1174=ORIENTED_EDGE('',*,*,#893,.T.);
#1175=ORIENTED_EDGE('',*,*,#894,.F.);
#1176=ORIENTED_EDGE('',*,*,#895,.F.);
#1177=ORIENTED_EDGE('',*,*,#896,.F.);
#1178=ORIENTED_EDGE('',*,*,#889,.T.);
#1179=ORIENTED_EDGE('',*,*,#891,.F.);
#1180=ORIENTED_EDGE('',*,*,#897,.F.);
#1181=ORIENTED_EDGE('',*,*,#783,.F.);
#1182=ORIENTED_EDGE('',*,*,#898,.T.);
#1183=ORIENTED_EDGE('',*,*,#838,.T.);
#1184=ORIENTED_EDGE('',*,*,#840,.F.);
#1185=ORIENTED_EDGE('',*,*,#832,.F.);
#1186=ORIENTED_EDGE('',*,*,#899,.F.);
#1187=ORIENTED_EDGE('',*,*,#823,.T.);
#1188=ORIENTED_EDGE('',*,*,#900,.F.);
#1189=ORIENTED_EDGE('',*,*,#901,.F.);
#1190=ORIENTED_EDGE('',*,*,#830,.F.);
#1191=ORIENTED_EDGE('',*,*,#902,.T.);
#1192=ORIENTED_EDGE('',*,*,#903,.F.);
#1193=ORIENTED_EDGE('',*,*,#821,.F.);
#1194=ORIENTED_EDGE('',*,*,#904,.T.);
#1195=ORIENTED_EDGE('',*,*,#900,.T.);
#1196=ORIENTED_EDGE('',*,*,#822,.T.);
#1197=ORIENTED_EDGE('',*,*,#903,.T.);
#1198=ORIENTED_EDGE('',*,*,#905,.F.);
#1199=ORIENTED_EDGE('',*,*,#895,.T.);
#1200=ORIENTED_EDGE('',*,*,#906,.F.);
#1201=ORIENTED_EDGE('',*,*,#845,.F.);
#1202=ORIENTED_EDGE('',*,*,#907,.F.);
#1203=ORIENTED_EDGE('',*,*,#847,.T.);
#1204=ORIENTED_EDGE('',*,*,#908,.F.);
#1205=ORIENTED_EDGE('',*,*,#893,.F.);
#1206=ORIENTED_EDGE('',*,*,#846,.T.);
#1207=ORIENTED_EDGE('',*,*,#906,.T.);
#1208=ORIENTED_EDGE('',*,*,#894,.T.);
#1209=ORIENTED_EDGE('',*,*,#908,.T.);
#1210=ORIENTED_EDGE('',*,*,#831,.T.);
#1211=ORIENTED_EDGE('',*,*,#848,.T.);
#1212=ORIENTED_EDGE('',*,*,#907,.T.);
#1213=ORIENTED_EDGE('',*,*,#892,.T.);
#1214=ORIENTED_EDGE('',*,*,#909,.F.);
#1215=ORIENTED_EDGE('',*,*,#910,.T.);
#1216=ORIENTED_EDGE('',*,*,#911,.F.);
#1217=ORIENTED_EDGE('',*,*,#912,.F.);
#1218=ORIENTED_EDGE('',*,*,#810,.F.);
#1219=ORIENTED_EDGE('',*,*,#913,.T.);
#1220=ORIENTED_EDGE('',*,*,#914,.F.);
#1221=ORIENTED_EDGE('',*,*,#915,.F.);
#1222=ORIENTED_EDGE('',*,*,#916,.T.);
#1223=ORIENTED_EDGE('',*,*,#911,.T.);
#1224=ORIENTED_EDGE('',*,*,#917,.T.);
#1225=ORIENTED_EDGE('',*,*,#914,.T.);
#1226=ORIENTED_EDGE('',*,*,#773,.F.);
#1227=ORIENTED_EDGE('',*,*,#918,.T.);
#1228=ORIENTED_EDGE('',*,*,#915,.T.);
#1229=ORIENTED_EDGE('',*,*,#917,.F.);
#1230=ORIENTED_EDGE('',*,*,#910,.F.);
#1231=ORIENTED_EDGE('',*,*,#919,.F.);
#1232=ORIENTED_EDGE('',*,*,#864,.T.);
#1233=ORIENTED_EDGE('',*,*,#869,.F.);
#1234=ORIENTED_EDGE('',*,*,#866,.F.);
#1235=ORIENTED_EDGE('',*,*,#873,.F.);
#1236=ORIENTED_EDGE('',*,*,#920,.T.);
#1237=ORIENTED_EDGE('',*,*,#921,.F.);
#1238=ORIENTED_EDGE('',*,*,#922,.F.);
#1239=ORIENTED_EDGE('',*,*,#855,.T.);
#1240=ORIENTED_EDGE('',*,*,#885,.T.);
#1241=ORIENTED_EDGE('',*,*,#874,.T.);
#1242=ORIENTED_EDGE('',*,*,#798,.T.);
#1243=ORIENTED_EDGE('',*,*,#872,.F.);
#1244=ORIENTED_EDGE('',*,*,#923,.T.);
#1245=ORIENTED_EDGE('',*,*,#924,.F.);
#1246=ORIENTED_EDGE('',*,*,#920,.F.);
#1247=ORIENTED_EDGE('',*,*,#925,.T.);
#1248=ORIENTED_EDGE('',*,*,#926,.T.);
#1249=ORIENTED_EDGE('',*,*,#921,.T.);
#1250=ORIENTED_EDGE('',*,*,#924,.T.);
#1251=ORIENTED_EDGE('',*,*,#861,.T.);
#1252=ORIENTED_EDGE('',*,*,#919,.T.);
#1253=ORIENTED_EDGE('',*,*,#909,.T.);
#1254=ORIENTED_EDGE('',*,*,#927,.T.);
#1255=ORIENTED_EDGE('',*,*,#886,.F.);
#1256=ORIENTED_EDGE('',*,*,#883,.T.);
#1257=ORIENTED_EDGE('',*,*,#928,.F.);
#1258=ORIENTED_EDGE('',*,*,#803,.F.);
#1259=ORIENTED_EDGE('',*,*,#928,.T.);
#1260=ORIENTED_EDGE('',*,*,#882,.T.);
#1261=ORIENTED_EDGE('',*,*,#929,.T.);
#1262=ORIENTED_EDGE('',*,*,#804,.T.);
#1263=ORIENTED_EDGE('',*,*,#850,.F.);
#1264=ORIENTED_EDGE('',*,*,#827,.T.);
#1265=ORIENTED_EDGE('',*,*,#930,.F.);
#1266=ORIENTED_EDGE('',*,*,#931,.F.);
#1267=ORIENTED_EDGE('',*,*,#932,.F.);
#1268=ORIENTED_EDGE('',*,*,#933,.T.);
#1269=ORIENTED_EDGE('',*,*,#934,.F.);
#1270=ORIENTED_EDGE('',*,*,#825,.F.);
#1271=ORIENTED_EDGE('',*,*,#930,.T.);
#1272=ORIENTED_EDGE('',*,*,#826,.T.);
#1273=ORIENTED_EDGE('',*,*,#934,.T.);
#1274=ORIENTED_EDGE('',*,*,#935,.T.);
#1275=ORIENTED_EDGE('',*,*,#899,.T.);
#1276=ORIENTED_EDGE('',*,*,#936,.T.);
#1277=ORIENTED_EDGE('',*,*,#932,.T.);
#1278=ORIENTED_EDGE('',*,*,#824,.T.);
#1279=ORIENTED_EDGE('',*,*,#937,.T.);
#1280=ORIENTED_EDGE('',*,*,#807,.F.);
#1281=ORIENTED_EDGE('',*,*,#938,.F.);
#1282=ORIENTED_EDGE('',*,*,#766,.F.);
#1283=ORIENTED_EDGE('',*,*,#774,.F.);
#1284=ORIENTED_EDGE('',*,*,#922,.T.);
#1285=ORIENTED_EDGE('',*,*,#926,.F.);
#1286=ORIENTED_EDGE('',*,*,#939,.F.);
#1287=ORIENTED_EDGE('',*,*,#775,.F.);
#1288=ORIENTED_EDGE('',*,*,#939,.T.);
#1289=ORIENTED_EDGE('',*,*,#925,.F.);
#1290=ORIENTED_EDGE('',*,*,#923,.F.);
#1291=ORIENTED_EDGE('',*,*,#871,.F.);
#1292=ORIENTED_EDGE('',*,*,#868,.T.);
#1293=ORIENTED_EDGE('',*,*,#870,.F.);
#1294=ORIENTED_EDGE('',*,*,#862,.F.);
#1295=ORIENTED_EDGE('',*,*,#927,.F.);
#1296=ORIENTED_EDGE('',*,*,#912,.T.);
#1297=ORIENTED_EDGE('',*,*,#916,.F.);
#1298=ORIENTED_EDGE('',*,*,#913,.F.);
#1299=ORIENTED_EDGE('',*,*,#809,.F.);
#1300=ORIENTED_EDGE('',*,*,#940,.F.);
#1301=ORIENTED_EDGE('',*,*,#793,.F.);
#1302=ORIENTED_EDGE('',*,*,#767,.F.);
#1303=ORIENTED_EDGE('',*,*,#938,.T.);
#1304=ORIENTED_EDGE('',*,*,#806,.F.);
#1305=ORIENTED_EDGE('',*,*,#770,.T.);
#1306=ORIENTED_EDGE('',*,*,#805,.T.);
#1307=ORIENTED_EDGE('',*,*,#929,.F.);
#1308=ORIENTED_EDGE('',*,*,#881,.F.);
#1309=ORIENTED_EDGE('',*,*,#746,.F.);
#1310=ORIENTED_EDGE('',*,*,#811,.F.);
#1311=ORIENTED_EDGE('',*,*,#918,.F.);
#1312=ORIENTED_EDGE('',*,*,#772,.T.);
#1313=ORIENTED_EDGE('',*,*,#940,.T.);
#1314=ORIENTED_EDGE('',*,*,#808,.T.);
#1315=ORIENTED_EDGE('',*,*,#941,.T.);
#1316=ORIENTED_EDGE('',*,*,#942,.F.);
#1317=ORIENTED_EDGE('',*,*,#943,.F.);
#1318=ORIENTED_EDGE('',*,*,#852,.T.);
#1319=ORIENTED_EDGE('',*,*,#944,.T.);
#1320=ORIENTED_EDGE('',*,*,#776,.T.);
#1321=ORIENTED_EDGE('',*,*,#945,.F.);
#1322=ORIENTED_EDGE('',*,*,#758,.F.);
#1323=ORIENTED_EDGE('',*,*,#946,.T.);
#1324=ORIENTED_EDGE('',*,*,#853,.F.);
#1325=ORIENTED_EDGE('',*,*,#777,.T.);
#1326=ORIENTED_EDGE('',*,*,#944,.F.);
#1327=ORIENTED_EDGE('',*,*,#851,.F.);
#1328=ORIENTED_EDGE('',*,*,#931,.T.);
#1329=ORIENTED_EDGE('',*,*,#935,.F.);
#1330=ORIENTED_EDGE('',*,*,#933,.F.);
#1331=ORIENTED_EDGE('',*,*,#936,.F.);
#1332=ORIENTED_EDGE('',*,*,#901,.T.);
#1333=ORIENTED_EDGE('',*,*,#904,.F.);
#1334=ORIENTED_EDGE('',*,*,#902,.F.);
#1335=ORIENTED_EDGE('',*,*,#829,.F.);
#1336=ORIENTED_EDGE('',*,*,#816,.T.);
#1337=ORIENTED_EDGE('',*,*,#819,.F.);
#1338=ORIENTED_EDGE('',*,*,#947,.F.);
#1339=ORIENTED_EDGE('',*,*,#778,.T.);
#1340=ORIENTED_EDGE('',*,*,#947,.T.);
#1341=ORIENTED_EDGE('',*,*,#818,.F.);
#1342=ORIENTED_EDGE('',*,*,#828,.F.);
#1343=ORIENTED_EDGE('',*,*,#788,.F.);
#1344=ORIENTED_EDGE('',*,*,#849,.F.);
#1345=ORIENTED_EDGE('',*,*,#898,.F.);
#1346=ORIENTED_EDGE('',*,*,#782,.T.);
#1347=ORIENTED_EDGE('',*,*,#784,.F.);
#1348=ORIENTED_EDGE('',*,*,#897,.T.);
#1349=ORIENTED_EDGE('',*,*,#890,.F.);
#1350=ORIENTED_EDGE('',*,*,#841,.F.);
#1351=ORIENTED_EDGE('',*,*,#751,.F.);
#1352=ORIENTED_EDGE('',*,*,#854,.F.);
#1353=ORIENTED_EDGE('',*,*,#946,.F.);
#1354=ORIENTED_EDGE('',*,*,#757,.T.);
#1355=ORIENTED_EDGE('',*,*,#887,.T.);
#1356=ORIENTED_EDGE('',*,*,#896,.T.);
#1357=ORIENTED_EDGE('',*,*,#905,.T.);
#1358=ORIENTED_EDGE('',*,*,#844,.T.);
#1359=ORIENTED_EDGE('',*,*,#763,.F.);
#1360=ORIENTED_EDGE('',*,*,#948,.T.);
#1361=ORIENTED_EDGE('',*,*,#949,.F.);
#1362=ORIENTED_EDGE('',*,*,#950,.F.);
#1363=ORIENTED_EDGE('',*,*,#764,.F.);
#1364=ORIENTED_EDGE('',*,*,#950,.T.);
#1365=ORIENTED_EDGE('',*,*,#951,.F.);
#1366=ORIENTED_EDGE('',*,*,#952,.F.);
#1367=ORIENTED_EDGE('',*,*,#765,.F.);
#1368=ORIENTED_EDGE('',*,*,#952,.T.);
#1369=ORIENTED_EDGE('',*,*,#953,.F.);
#1370=ORIENTED_EDGE('',*,*,#941,.F.);
#1371=ORIENTED_EDGE('',*,*,#937,.F.);
#1372=ORIENTED_EDGE('',*,*,#759,.T.);
#1373=ORIENTED_EDGE('',*,*,#945,.T.);
#1374=ORIENTED_EDGE('',*,*,#943,.T.);
#1375=ORIENTED_EDGE('',*,*,#954,.F.);
#1376=ORIENTED_EDGE('',*,*,#955,.F.);
#1377=ORIENTED_EDGE('',*,*,#760,.T.);
#1378=ORIENTED_EDGE('',*,*,#955,.T.);
#1379=ORIENTED_EDGE('',*,*,#956,.F.);
#1380=ORIENTED_EDGE('',*,*,#957,.F.);
#1381=ORIENTED_EDGE('',*,*,#761,.T.);
#1382=ORIENTED_EDGE('',*,*,#957,.T.);
#1383=ORIENTED_EDGE('',*,*,#958,.F.);
#1384=ORIENTED_EDGE('',*,*,#959,.F.);
#1385=ORIENTED_EDGE('',*,*,#762,.T.);
#1386=ORIENTED_EDGE('',*,*,#959,.T.);
#1387=ORIENTED_EDGE('',*,*,#960,.F.);
#1388=ORIENTED_EDGE('',*,*,#948,.F.);
#1389=ORIENTED_EDGE('',*,*,#960,.T.);
#1390=ORIENTED_EDGE('',*,*,#958,.T.);
#1391=ORIENTED_EDGE('',*,*,#956,.T.);
#1392=ORIENTED_EDGE('',*,*,#954,.T.);
#1393=ORIENTED_EDGE('',*,*,#942,.T.);
#1394=ORIENTED_EDGE('',*,*,#953,.T.);
#1395=ORIENTED_EDGE('',*,*,#951,.T.);
#1396=ORIENTED_EDGE('',*,*,#949,.T.);
#1397=PLANE('',#1562);
#1398=PLANE('',#1563);
#1399=PLANE('',#1564);
#1400=PLANE('',#1565);
#1401=PLANE('',#1566);
#1402=PLANE('',#1570);
#1403=PLANE('',#1571);
#1404=PLANE('',#1572);
#1405=PLANE('',#1573);
#1406=PLANE('',#1574);
#1407=PLANE('',#1577);
#1408=PLANE('',#1578);
#1409=PLANE('',#1579);
#1410=PLANE('',#1580);
#1411=PLANE('',#1581);
#1412=PLANE('',#1582);
#1413=PLANE('',#1583);
#1414=PLANE('',#1584);
#1415=PLANE('',#1585);
#1416=PLANE('',#1588);
#1417=PLANE('',#1589);
#1418=PLANE('',#1590);
#1419=PLANE('',#1591);
#1420=PLANE('',#1592);
#1421=PLANE('',#1593);
#1422=PLANE('',#1594);
#1423=PLANE('',#1595);
#1424=PLANE('',#1596);
#1425=PLANE('',#1597);
#1426=PLANE('',#1598);
#1427=PLANE('',#1599);
#1428=PLANE('',#1600);
#1429=PLANE('',#1601);
#1430=PLANE('',#1602);
#1431=PLANE('',#1603);
#1432=PLANE('',#1604);
#1433=PLANE('',#1605);
#1434=PLANE('',#1606);
#1435=PLANE('',#1607);
#1436=PLANE('',#1608);
#1437=PLANE('',#1609);
#1438=PLANE('',#1610);
#1439=PLANE('',#1611);
#1440=PLANE('',#1612);
#1441=PLANE('',#1613);
#1442=PLANE('',#1614);
#1443=PLANE('',#1615);
#1444=PLANE('',#1616);
#1445=PLANE('',#1617);
#1446=PLANE('',#1618);
#1447=PLANE('',#1619);
#1448=PLANE('',#1620);
#1449=PLANE('',#1621);
#1450=PLANE('',#1622);
#1451=PLANE('',#1623);
#1452=PLANE('',#1625);
#1453=PLANE('',#1626);
#1454=PLANE('',#1627);
#1455=PLANE('',#1628);
#1456=PLANE('',#1629);
#1457=PLANE('',#1633);
#1458=PLANE('',#1634);
#1459=PLANE('',#1635);
#1460=PLANE('',#1636);
#1461=PLANE('',#1637);
#1462=PLANE('',#1638);
#1463=PLANE('',#1639);
#1464=PLANE('',#1640);
#1465=PLANE('',#1641);
#1466=PLANE('',#1642);
#1467=PLANE('',#1643);
#1468=PLANE('',#1644);
#1469=PLANE('',#1645);
#1470=PLANE('',#1646);
#1471=ADVANCED_FACE('',(#26),#1397,.T.);
#1472=ADVANCED_FACE('',(#27),#1398,.T.);
#1473=ADVANCED_FACE('',(#28),#1399,.T.);
#1474=ADVANCED_FACE('',(#29),#1400,.T.);
#1475=ADVANCED_FACE('',(#30),#1401,.F.);
#1476=ADVANCED_FACE('',(#31),#1402,.T.);
#1477=ADVANCED_FACE('',(#32),#1403,.T.);
#1478=ADVANCED_FACE('',(#33),#1404,.T.);
#1479=ADVANCED_FACE('',(#34),#1405,.T.);
#1480=ADVANCED_FACE('',(#35),#1406,.T.);
#1481=ADVANCED_FACE('',(#36),#1407,.T.);
#1482=ADVANCED_FACE('',(#37),#1408,.T.);
#1483=ADVANCED_FACE('',(#38),#1409,.T.);
#1484=ADVANCED_FACE('',(#39),#1410,.T.);
#1485=ADVANCED_FACE('',(#40),#1411,.T.);
#1486=ADVANCED_FACE('',(#41),#1412,.T.);
#1487=ADVANCED_FACE('',(#42),#1413,.T.);
#1488=ADVANCED_FACE('',(#43),#1414,.T.);
#1489=ADVANCED_FACE('',(#44),#1415,.T.);
#1490=ADVANCED_FACE('',(#45),#1416,.T.);
#1491=ADVANCED_FACE('',(#46),#1417,.T.);
#1492=ADVANCED_FACE('',(#47),#1418,.T.);
#1493=ADVANCED_FACE('',(#48),#1419,.T.);
#1494=ADVANCED_FACE('',(#49),#1420,.T.);
#1495=ADVANCED_FACE('',(#50),#1421,.T.);
#1496=ADVANCED_FACE('',(#51),#1422,.T.);
#1497=ADVANCED_FACE('',(#52),#1423,.T.);
#1498=ADVANCED_FACE('',(#53),#1424,.T.);
#1499=ADVANCED_FACE('',(#54),#1425,.T.);
#1500=ADVANCED_FACE('',(#55),#1426,.T.);
#1501=ADVANCED_FACE('',(#56),#1427,.T.);
#1502=ADVANCED_FACE('',(#57),#1428,.T.);
#1503=ADVANCED_FACE('',(#58),#1429,.T.);
#1504=ADVANCED_FACE('',(#59),#1430,.T.);
#1505=ADVANCED_FACE('',(#60),#1431,.T.);
#1506=ADVANCED_FACE('',(#61),#1432,.T.);
#1507=ADVANCED_FACE('',(#62),#1433,.T.);
#1508=ADVANCED_FACE('',(#63),#1434,.T.);
#1509=ADVANCED_FACE('',(#64),#1435,.T.);
#1510=ADVANCED_FACE('',(#65),#1436,.T.);
#1511=ADVANCED_FACE('',(#66),#1437,.T.);
#1512=ADVANCED_FACE('',(#67),#1438,.T.);
#1513=ADVANCED_FACE('',(#68),#1439,.T.);
#1514=ADVANCED_FACE('',(#69),#1440,.T.);
#1515=ADVANCED_FACE('',(#70),#1441,.T.);
#1516=ADVANCED_FACE('',(#71),#1442,.T.);
#1517=ADVANCED_FACE('',(#72),#1443,.T.);
#1518=ADVANCED_FACE('',(#73),#1444,.T.);
#1519=ADVANCED_FACE('',(#74),#1445,.T.);
#1520=ADVANCED_FACE('',(#75),#1446,.T.);
#1521=ADVANCED_FACE('',(#76),#1447,.T.);
#1522=ADVANCED_FACE('',(#77),#1448,.T.);
#1523=ADVANCED_FACE('',(#78),#1449,.T.);
#1524=ADVANCED_FACE('',(#79),#1450,.T.);
#1525=ADVANCED_FACE('',(#80),#1451,.T.);
#1526=ADVANCED_FACE('',(#81),#15,.F.);
#1527=ADVANCED_FACE('',(#82),#1452,.T.);
#1528=ADVANCED_FACE('',(#83),#1453,.T.);
#1529=ADVANCED_FACE('',(#84),#1454,.T.);
#1530=ADVANCED_FACE('',(#85),#1455,.T.);
#1531=ADVANCED_FACE('',(#86),#1456,.T.);
#1532=ADVANCED_FACE('',(#87),#16,.T.);
#1533=ADVANCED_FACE('',(#88),#17,.F.);
#1534=ADVANCED_FACE('',(#89),#1457,.T.);
#1535=ADVANCED_FACE('',(#90),#1458,.T.);
#1536=ADVANCED_FACE('',(#91),#1459,.T.);
#1537=ADVANCED_FACE('',(#92),#1460,.T.);
#1538=ADVANCED_FACE('',(#93),#1461,.T.);
#1539=ADVANCED_FACE('',(#94),#1462,.T.);
#1540=ADVANCED_FACE('',(#95),#1463,.T.);
#1541=ADVANCED_FACE('',(#96),#1464,.T.);
#1542=ADVANCED_FACE('',(#97),#1465,.T.);
#1543=ADVANCED_FACE('',(#98),#1466,.T.);
#1544=ADVANCED_FACE('',(#99),#1467,.T.);
#1545=ADVANCED_FACE('',(#100),#1468,.T.);
#1546=ADVANCED_FACE('',(#101),#1469,.T.);
#1547=ADVANCED_FACE('',(#102),#1470,.T.);
#1548=CLOSED_SHELL('',(#1471,#1472,#1473,#1474,#1475,#1476,#1477,#1478, #1479,#1480,#1481,#1482,#1483,#1484,#1485,#1486,#1487,#1488,#1489,#1490, #1491,#1492,#1493,#1494,#1495,#1496,#1497,#1498,#1499,#1500,#1501,#1502, #1503,#1504,#1505,#1506,#1507,#1508,#1509,#1510,#1511,#1512,#1513,#1514, #1515,#1516,#1517,#1518,#1519,#1520,#1521,#1522,#1523,#1524,#1525,#1526, #1527,#1528,#1529,#1530,#1531,#1532,#1533,#1534,#1535,#1536,#1537,#1538, #1539,#1540,#1541,#1542,#1543,#1544,#1545,#1546,#1547));
#1549=DERIVED_UNIT_ELEMENT(#1551,1.);
#1550=DERIVED_UNIT_ELEMENT(#2473,-3.);
#1551=( MASS_UNIT() NAMED_UNIT(*) SI_UNIT(.KILO.,.GRAM.) );
#1552=DERIVED_UNIT((#1549,#1550));
#1553=MEASURE_REPRESENTATION_ITEM('density measure', POSITIVE_RATIO_MEASURE(7850.),#1552);
#1554=PROPERTY_DEFINITION_REPRESENTATION(#1559,#1556);
#1555=PROPERTY_DEFINITION_REPRESENTATION(#1560,#1557);
#1556=REPRESENTATION('material name',(#1558),#2470);
#1557=REPRESENTATION('density',(#1553),#2470);
#1558=DESCRIPTIVE_REPRESENTATION_ITEM('Steel','Steel');
#1559=PROPERTY_DEFINITION('material property','material name',#2480);
#1560=PROPERTY_DEFINITION('material property','density of part',#2480);
#1561=AXIS2_PLACEMENT_3D('',#2029,#1647,#1648);
#1562=AXIS2_PLACEMENT_3D('',#2030,#1649,#1650);
#1563=AXIS2_PLACEMENT_3D('',#2039,#1655,#1656);
#1564=AXIS2_PLACEMENT_3D('',#2045,#1660,#1661);
#1565=AXIS2_PLACEMENT_3D('',#2054,#1666,#1667);
#1566=AXIS2_PLACEMENT_3D('',#2060,#1671,#1672);
#1567=AXIS2_PLACEMENT_3D('',#2064,#1674,#1675);
#1568=AXIS2_PLACEMENT_3D('',#2080,#1683,#1684);
#1569=AXIS2_PLACEMENT_3D('',#2099,#1694,#1695);
#1570=AXIS2_PLACEMENT_3D('',#2117,#1705,#1706);
#1571=AXIS2_PLACEMENT_3D('',#2123,#1710,#1711);
#1572=AXIS2_PLACEMENT_3D('',#2127,#1714,#1715);
#1573=AXIS2_PLACEMENT_3D('',#2133,#1719,#1720);
#1574=AXIS2_PLACEMENT_3D('',#2157,#1733,#1734);
#1575=AXIS2_PLACEMENT_3D('',#2161,#1736,#1737);
#1576=AXIS2_PLACEMENT_3D('',#2163,#1738,#1739);
#1577=AXIS2_PLACEMENT_3D('',#2170,#1744,#1745);
#1578=AXIS2_PLACEMENT_3D('',#2179,#1750,#1751);
#1579=AXIS2_PLACEMENT_3D('',#2185,#1755,#1756);
#1580=AXIS2_PLACEMENT_3D('',#2202,#1766,#1767);
#1581=AXIS2_PLACEMENT_3D('',#2206,#1770,#1771);
#1582=AXIS2_PLACEMENT_3D('',#2215,#1776,#1777);
#1583=AXIS2_PLACEMENT_3D('',#2223,#1782,#1783);
#1584=AXIS2_PLACEMENT_3D('',#2226,#1786,#1787);
#1585=AXIS2_PLACEMENT_3D('',#2242,#1796,#1797);
#1586=AXIS2_PLACEMENT_3D('',#2249,#1801,#1802);
#1587=AXIS2_PLACEMENT_3D('',#2251,#1803,#1804);
#1588=AXIS2_PLACEMENT_3D('',#2253,#1806,#1807);
#1589=AXIS2_PLACEMENT_3D('',#2259,#1811,#1812);
#1590=AXIS2_PLACEMENT_3D('',#2263,#1815,#1816);
#1591=AXIS2_PLACEMENT_3D('',#2265,#1818,#1819);
#1592=AXIS2_PLACEMENT_3D('',#2274,#1824,#1825);
#1593=AXIS2_PLACEMENT_3D('',#2283,#1830,#1831);
#1594=AXIS2_PLACEMENT_3D('',#2286,#1834,#1835);
#1595=AXIS2_PLACEMENT_3D('',#2292,#1839,#1840);
#1596=AXIS2_PLACEMENT_3D('',#2298,#1844,#1845);
#1597=AXIS2_PLACEMENT_3D('',#2304,#1849,#1850);
#1598=AXIS2_PLACEMENT_3D('',#2306,#1852,#1853);
#1599=AXIS2_PLACEMENT_3D('',#2315,#1859,#1860);
#1600=AXIS2_PLACEMENT_3D('',#2317,#1862,#1863);
#1601=AXIS2_PLACEMENT_3D('',#2323,#1867,#1868);
#1602=AXIS2_PLACEMENT_3D('',#2327,#1871,#1872);
#1603=AXIS2_PLACEMENT_3D('',#2339,#1880,#1881);
#1604=AXIS2_PLACEMENT_3D('',#2345,#1885,#1886);
#1605=AXIS2_PLACEMENT_3D('',#2349,#1889,#1890);
#1606=AXIS2_PLACEMENT_3D('',#2351,#1892,#1893);
#1607=AXIS2_PLACEMENT_3D('',#2354,#1896,#1897);
#1608=AXIS2_PLACEMENT_3D('',#2357,#1900,#1901);
#1609=AXIS2_PLACEMENT_3D('',#2358,#1902,#1903);
#1610=AXIS2_PLACEMENT_3D('',#2359,#1904,#1905);
#1611=AXIS2_PLACEMENT_3D('',#2368,#1910,#1911);
#1612=AXIS2_PLACEMENT_3D('',#2374,#1915,#1916);
#1613=AXIS2_PLACEMENT_3D('',#2377,#1919,#1920);
#1614=AXIS2_PLACEMENT_3D('',#2385,#1926,#1927);
#1615=AXIS2_PLACEMENT_3D('',#2386,#1928,#1929);
#1616=AXIS2_PLACEMENT_3D('',#2390,#1932,#1933);
#1617=AXIS2_PLACEMENT_3D('',#2394,#1936,#1937);
#1618=AXIS2_PLACEMENT_3D('',#2396,#1939,#1940);
#1619=AXIS2_PLACEMENT_3D('',#2398,#1942,#1943);
#1620=AXIS2_PLACEMENT_3D('',#2400,#1945,#1946);
#1621=AXIS2_PLACEMENT_3D('',#2404,#1949,#1950);
#1622=AXIS2_PLACEMENT_3D('',#2410,#1954,#1955);
#1623=AXIS2_PLACEMENT_3D('',#2412,#1957,#1958);
#1624=AXIS2_PLACEMENT_3D('',#2414,#1960,#1961);
#1625=AXIS2_PLACEMENT_3D('',#2417,#1964,#1965);
#1626=AXIS2_PLACEMENT_3D('',#2419,#1967,#1968);
#1627=AXIS2_PLACEMENT_3D('',#2421,#1970,#1971);
#1628=AXIS2_PLACEMENT_3D('',#2422,#1972,#1973);
#1629=AXIS2_PLACEMENT_3D('',#2423,#1974,#1975);
#1630=AXIS2_PLACEMENT_3D('',#2424,#1976,#1977);
#1631=AXIS2_PLACEMENT_3D('',#2428,#1979,#1980);
#1632=AXIS2_PLACEMENT_3D('',#2431,#1983,#1984);
#1633=AXIS2_PLACEMENT_3D('',#2434,#1987,#1988);
#1634=AXIS2_PLACEMENT_3D('',#2436,#1990,#1991);
#1635=AXIS2_PLACEMENT_3D('',#2437,#1992,#1993);
#1636=AXIS2_PLACEMENT_3D('',#2438,#1994,#1995);
#1637=AXIS2_PLACEMENT_3D('',#2439,#1996,#1997);
#1638=AXIS2_PLACEMENT_3D('',#2440,#1998,#1999);
#1639=AXIS2_PLACEMENT_3D('',#2441,#2000,#2001);
#1640=AXIS2_PLACEMENT_3D('',#2447,#2005,#2006);
#1641=AXIS2_PLACEMENT_3D('',#2451,#2009,#2010);
#1642=AXIS2_PLACEMENT_3D('',#2453,#2012,#2013);
#1643=AXIS2_PLACEMENT_3D('',#2457,#2016,#2017);
#1644=AXIS2_PLACEMENT_3D('',#2461,#2020,#2021);
#1645=AXIS2_PLACEMENT_3D('',#2465,#2024,#2025);
#1646=AXIS2_PLACEMENT_3D('',#2467,#2027,#2028);
#1647=DIRECTION('axis',(0.,0.,1.));
#1648=DIRECTION('refdir',(1.,0.,0.));
#1649=DIRECTION('center_axis',(-1.,0.,1.07808308975225E-8));
#1650=DIRECTION('ref_axis',(1.07808308975225E-8,0.,1.));
#1651=DIRECTION('',(-1.07808308975225E-8,0.,-1.));
#1652=DIRECTION('',(0.,-1.,0.));
#1653=DIRECTION('',(1.07808308975225E-8,0.,1.));
#1654=DIRECTION('',(0.,1.,0.));
#1655=DIRECTION('center_axis',(-0.499999980233315,0.,0.86602541519674));
#1656=DIRECTION('ref_axis',(-0.866025415196739,0.,-0.499999980233315));
#1657=DIRECTION('',(0.866025415196739,0.,0.499999980233315));
#1658=DIRECTION('',(0.,-1.,0.));
#1659=DIRECTION('',(-0.866025415196739,0.,-0.499999980233315));
#1660=DIRECTION('center_axis',(-0.8660255024779,0.,-0.499999829057871));
#1661=DIRECTION('ref_axis',(-0.499999829057871,0.,0.8660255024779));
#1662=DIRECTION('',(-0.499999829057871,0.,0.8660255024779));
#1663=DIRECTION('',(0.,1.,0.));
#1664=DIRECTION('',(0.499999829057871,0.,-0.8660255024779));
#1665=DIRECTION('',(0.,-1.,0.));
#1666=DIRECTION('center_axis',(-0.499999981326691,0.,-0.866025414565478));
#1667=DIRECTION('ref_axis',(0.866025414565478,0.,-0.499999981326691));
#1668=DIRECTION('',(-0.866025414565478,0.,0.499999981326691));
#1669=DIRECTION('',(0.,-1.,0.));
#1670=DIRECTION('',(0.866025414565478,0.,-0.499999981326691));
#1671=DIRECTION('center_axis',(0.,-1.,0.));
#1672=DIRECTION('ref_axis',(1.,0.,0.));
#1673=DIRECTION('',(0.,0.,-1.));
#1674=DIRECTION('center_axis',(0.,-1.,0.));
#1675=DIRECTION('ref_axis',(1.,0.,0.));
#1676=DIRECTION('',(0.999999999999986,0.,-1.68509534549759E-7));
#1677=DIRECTION('',(7.24058341659592E-16,0.,1.));
#1678=DIRECTION('',(0.707106591525748,0.,0.707106970847296));
#1679=DIRECTION('',(1.,0.,0.));
#1680=DIRECTION('',(-0.707106591525749,0.,0.707106970847295));
#1681=DIRECTION('',(-8.44735428282537E-16,0.,1.));
#1682=DIRECTION('',(-1.,0.,-8.8995949973185E-16));
#1683=DIRECTION('center_axis',(0.,-1.,0.));
#1684=DIRECTION('ref_axis',(1.,0.,0.));
#1685=DIRECTION('',(-8.01234352666458E-17,0.,-1.));
#1686=DIRECTION('',(0.499999911219806,0.,0.866025455041701));
#1687=DIRECTION('',(0.866025414565273,0.,0.499999981327046));
#1688=DIRECTION('',(0.499999943981132,0.,-0.866025436126945));
#1689=DIRECTION('',(-0.866025414565274,0.,-0.499999981327046));
#1690=DIRECTION('',(0.866025404415909,0.,-0.499999998906262));
#1691=DIRECTION('',(-0.86602540378444,0.,0.499999999999998));
#1692=DIRECTION('',(0.499999999999998,0.,0.86602540378444));
#1693=DIRECTION('',(0.86602540378464,0.,-0.499999999999651));
#1694=DIRECTION('center_axis',(0.,-1.,0.));
#1695=DIRECTION('ref_axis',(1.,0.,0.));
#1696=DIRECTION('',(-0.866025403784439,0.,-0.499999999999999));
#1697=DIRECTION('',(-0.499999999999998,0.,0.86602540378444));
#1698=DIRECTION('',(0.866025403784439,0.,0.499999999999999));
#1699=DIRECTION('',(-0.866025404415909,0.,-0.499999998906261));
#1700=DIRECTION('',(-1.07808453304224E-8,0.,1.));
#1701=DIRECTION('',(-0.866025415196755,0.,0.499999980233288));
#1702=DIRECTION('',(0.866025403784435,0.,-0.500000000000006));
#1703=DIRECTION('',(-0.499999943981171,0.,-0.866025436126922));
#1704=DIRECTION('',(-0.866025403784434,0.,0.500000000000008));
#1705=DIRECTION('center_axis',(1.,0.,1.07808453304224E-8));
#1706=DIRECTION('ref_axis',(1.07808453304224E-8,0.,-1.));
#1707=DIRECTION('',(0.,-1.,0.));
#1708=DIRECTION('',(1.07808453304224E-8,0.,-1.));
#1709=DIRECTION('',(0.,1.,0.));
#1710=DIRECTION('center_axis',(0.499999998906261,0.,-0.866025404415909));
#1711=DIRECTION('ref_axis',(0.866025404415909,0.,0.499999998906261));
#1712=DIRECTION('',(0.,-1.,0.));
#1713=DIRECTION('',(0.866025404415909,0.,0.499999998906261));
#1714=DIRECTION('center_axis',(0.866025455041701,0.,-0.499999911219806));
#1715=DIRECTION('ref_axis',(-0.499999911219806,0.,-0.866025455041701));
#1716=DIRECTION('',(-0.499999911219806,0.,-0.866025455041701));
#1717=DIRECTION('',(0.,1.,0.));
#1718=DIRECTION('',(0.,-1.,0.));
#1719=DIRECTION('center_axis',(0.499999981327046,0.,-0.866025414565274));
#1720=DIRECTION('ref_axis',(0.866025414565273,0.,0.499999981327046));
#1721=DIRECTION('',(0.866025414565273,0.,0.499999981327046));
#1722=DIRECTION('',(0.,-1.,0.));
#1723=DIRECTION('',(0.866025414565273,0.,0.499999981327046));
#1724=DIRECTION('',(0.,-1.,0.));
#1725=DIRECTION('',(0.866025414565273,0.,0.499999981327046));
#1726=DIRECTION('',(0.,-1.,0.));
#1727=DIRECTION('',(0.866025414565273,0.,0.499999981327046));
#1728=DIRECTION('',(0.,-1.,0.));
#1729=DIRECTION('',(0.866025414565273,0.,0.499999981327046));
#1730=DIRECTION('',(0.,-1.,0.));
#1731=DIRECTION('',(0.866025414565273,0.,0.499999981327046));
#1732=DIRECTION('',(0.,-1.,0.));
#1733=DIRECTION('center_axis',(0.,-1.,0.));
#1734=DIRECTION('ref_axis',(1.,0.,0.));
#1735=DIRECTION('',(8.01234352666458E-17,0.,1.));
#1736=DIRECTION('center_axis',(0.,1.,0.));
#1737=DIRECTION('ref_axis',(1.,0.,0.));
#1738=DIRECTION('center_axis',(0.,-1.,0.));
#1739=DIRECTION('ref_axis',(1.,0.,0.));
#1740=DIRECTION('',(-0.86602540378464,0.,0.499999999999651));
#1741=DIRECTION('',(-0.499999999999999,0.,-0.866025403784439));
#1742=DIRECTION('',(0.866025404415909,0.,-0.499999998906262));
#1743=DIRECTION('',(0.499999943981133,0.,-0.866025436126944));
#1744=DIRECTION('center_axis',(-0.866025403784439,0.,-0.5));
#1745=DIRECTION('ref_axis',(0.5,0.,-0.866025403784439));
#1746=DIRECTION('',(-0.5,0.,0.866025403784439));
#1747=DIRECTION('',(0.,-1.,0.));
#1748=DIRECTION('',(0.5,0.,-0.866025403784439));
#1749=DIRECTION('',(0.,-1.,0.));
#1750=DIRECTION('center_axis',(0.,-1.,0.));
#1751=DIRECTION('ref_axis',(0.,0.,-1.));
#1752=DIRECTION('',(0.866025403784439,0.,0.499999999999999));
#1753=DIRECTION('',(-0.499999999999998,0.,0.86602540378444));
#1754=DIRECTION('',(-0.866025403784439,0.,-0.499999999999999));
#1755=DIRECTION('center_axis',(0.499999999999999,0.,-0.866025403784439));
#1756=DIRECTION('ref_axis',(0.866025403784439,0.,0.499999999999999));
#1757=DIRECTION('',(0.866025403784439,0.,0.499999999999999));
#1758=DIRECTION('',(0.,-1.,0.));
#1759=DIRECTION('',(0.866025403784439,0.,0.499999999999999));
#1760=DIRECTION('',(0.,-1.,0.));
#1761=DIRECTION('',(0.866025403784439,0.,0.499999999999999));
#1762=DIRECTION('',(0.,-1.,0.));
#1763=DIRECTION('',(0.866025403784439,0.,0.499999999999999));
#1764=DIRECTION('',(0.,-1.,0.));
#1765=DIRECTION('',(0.,-1.,0.));
#1766=DIRECTION('center_axis',(0.,-1.,0.));
#1767=DIRECTION('ref_axis',(1.,0.,0.));
#1768=DIRECTION('',(-0.866025403784439,0.,-0.499999999999999));
#1769=DIRECTION('',(0.500000000000002,0.,-0.866025403784437));
#1770=DIRECTION('center_axis',(0.866025436126949,0.,-0.499999943981124));
#1771=DIRECTION('ref_axis',(0.499999943981124,0.,0.866025436126949));
#1772=DIRECTION('',(-0.499999943981124,0.,-0.866025436126949));
#1773=DIRECTION('',(0.,-1.,0.));
#1774=DIRECTION('',(0.499999943981124,0.,0.866025436126949));
#1775=DIRECTION('',(0.,-1.,0.));
#1776=DIRECTION('center_axis',(-0.866025403784438,0.,0.500000000000001));
#1777=DIRECTION('ref_axis',(-0.500000000000001,0.,-0.866025403784438));
#1778=DIRECTION('',(0.500000000000001,0.,0.866025403784438));
#1779=DIRECTION('',(0.,-1.,0.));
#1780=DIRECTION('',(-0.500000000000001,0.,-0.866025403784438));
#1781=DIRECTION('',(0.,-1.,0.));
#1782=DIRECTION('center_axis',(0.,-1.,0.));
#1783=DIRECTION('ref_axis',(0.,0.,-1.));
#1784=DIRECTION('',(0.866025403784434,0.,-0.500000000000008));
#1785=DIRECTION('',(-0.866025403784435,0.,0.500000000000006));
#1786=DIRECTION('center_axis',(-0.500000000000008,0.,-0.866025403784434));
#1787=DIRECTION('ref_axis',(0.866025403784434,0.,-0.500000000000008));
#1788=DIRECTION('',(0.,-1.,0.));
#1789=DIRECTION('',(0.866025403784434,0.,-0.500000000000008));
#1790=DIRECTION('',(0.,-1.,0.));
#1791=DIRECTION('',(0.866025403784434,0.,-0.500000000000008));
#1792=DIRECTION('',(0.,-1.,0.));
#1793=DIRECTION('',(0.866025403784434,0.,-0.500000000000008));
#1794=DIRECTION('',(0.,-1.,0.));
#1795=DIRECTION('',(0.866025403784434,0.,-0.500000000000008));
#1796=DIRECTION('center_axis',(0.,-1.,0.));
#1797=DIRECTION('ref_axis',(1.,0.,0.));
#1798=DIRECTION('',(-0.866025415196755,0.,0.499999980233288));
#1799=DIRECTION('',(-0.500000000000001,0.,0.866025403784438));
#1800=DIRECTION('',(-0.866025403784439,0.,-0.499999999999999));
#1801=DIRECTION('center_axis',(0.,-1.,0.));
#1802=DIRECTION('ref_axis',(1.,0.,0.));
#1803=DIRECTION('center_axis',(0.,1.,0.));
#1804=DIRECTION('ref_axis',(1.,0.,0.));
#1805=DIRECTION('',(0.,0.,-1.));
#1806=DIRECTION('center_axis',(-0.866025436126945,0.,-0.499999943981132));
#1807=DIRECTION('ref_axis',(0.499999943981132,0.,-0.866025436126945));
#1808=DIRECTION('',(-0.499999943981132,0.,0.866025436126945));
#1809=DIRECTION('',(0.499999943981132,0.,-0.866025436126945));
#1810=DIRECTION('',(0.,-1.,0.));
#1811=DIRECTION('center_axis',(0.866025436126944,0.,0.499999943981133));
#1812=DIRECTION('ref_axis',(-0.499999943981133,0.,0.866025436126944));
#1813=DIRECTION('',(0.,-1.,0.));
#1814=DIRECTION('',(-0.499999943981133,0.,0.866025436126944));
#1815=DIRECTION('center_axis',(0.,-1.,0.));
#1816=DIRECTION('ref_axis',(0.,0.,-1.));
#1817=DIRECTION('',(-0.866025414565274,0.,-0.499999981327046));
#1818=DIRECTION('center_axis',(0.866025403784452,0.,-0.499999999999978));
#1819=DIRECTION('ref_axis',(0.499999999999978,0.,0.866025403784451));
#1820=DIRECTION('',(-0.499999999999978,0.,-0.866025403784451));
#1821=DIRECTION('',(0.,-1.,0.));
#1822=DIRECTION('',(0.499999999999978,0.,0.866025403784451));
#1823=DIRECTION('',(0.,-1.,0.));
#1824=DIRECTION('center_axis',(-0.866025403784439,0.,0.499999999999999));
#1825=DIRECTION('ref_axis',(-0.499999999999999,0.,-0.866025403784439));
#1826=DIRECTION('',(0.499999999999999,0.,0.866025403784439));
#1827=DIRECTION('',(0.,-1.,0.));
#1828=DIRECTION('',(-0.499999999999999,0.,-0.866025403784439));
#1829=DIRECTION('',(0.,-1.,0.));
#1830=DIRECTION('center_axis',(0.,-1.,0.));
#1831=DIRECTION('ref_axis',(0.,0.,-1.));
#1832=DIRECTION('',(0.86602540378444,0.,-0.499999999999998));
#1833=DIRECTION('',(-0.866025403784439,0.,0.499999999999999));
#1834=DIRECTION('center_axis',(0.,-1.,0.));
#1835=DIRECTION('ref_axis',(1.,0.,0.));
#1836=DIRECTION('',(-0.86602540378464,0.,0.499999999999651));
#1837=DIRECTION('',(-0.499999999999995,0.,-0.866025403784441));
#1838=DIRECTION('',(0.86602540378444,0.,-0.499999999999998));
#1839=DIRECTION('center_axis',(0.866025436126953,0.,0.499999943981118));
#1840=DIRECTION('ref_axis',(-0.499999943981118,0.,0.866025436126953));
#1841=DIRECTION('',(0.499999943981118,0.,-0.866025436126953));
#1842=DIRECTION('',(0.,-1.,0.));
#1843=DIRECTION('',(-0.499999943981118,0.,0.866025436126953));
#1844=DIRECTION('center_axis',(-0.86602543612694,0.,-0.499999943981141));
#1845=DIRECTION('ref_axis',(0.499999943981141,0.,-0.86602543612694));
#1846=DIRECTION('',(-0.499999943981141,0.,0.86602543612694));
#1847=DIRECTION('',(0.499999943981141,0.,-0.86602543612694));
#1848=DIRECTION('',(0.,-1.,0.));
#1849=DIRECTION('center_axis',(0.,-1.,0.));
#1850=DIRECTION('ref_axis',(0.,0.,-1.));
#1851=DIRECTION('',(-0.866025414565274,0.,-0.499999981327046));
#1852=DIRECTION('center_axis',(-0.499999981327046,0.,0.866025414565274));
#1853=DIRECTION('ref_axis',(-0.866025414565274,0.,-0.499999981327046));
#1854=DIRECTION('',(0.,-1.,0.));
#1855=DIRECTION('',(-0.866025414565274,0.,-0.499999981327046));
#1856=DIRECTION('',(0.,-1.,0.));
#1857=DIRECTION('',(-0.866025414565274,0.,-0.499999981327046));
#1858=DIRECTION('',(-0.866025414565274,0.,-0.499999981327046));
#1859=DIRECTION('center_axis',(0.,-1.,0.));
#1860=DIRECTION('ref_axis',(1.,0.,0.));
#1861=DIRECTION('',(0.499999943981137,0.,-0.866025436126942));
#1862=DIRECTION('center_axis',(-0.866025436126947,0.,0.499999943981129));
#1863=DIRECTION('ref_axis',(-0.499999943981129,0.,-0.866025436126947));
#1864=DIRECTION('',(0.499999943981129,0.,0.866025436126947));
#1865=DIRECTION('',(-0.499999943981129,0.,-0.866025436126947));
#1866=DIRECTION('',(0.,-1.,0.));
#1867=DIRECTION('center_axis',(0.,-1.,0.));
#1868=DIRECTION('ref_axis',(0.,0.,-1.));
#1869=DIRECTION('',(0.499999943981171,0.,0.866025436126922));
#1870=DIRECTION('',(-0.866025403784435,0.,0.500000000000006));
#1871=DIRECTION('center_axis',(0.500000000000006,0.,0.866025403784435));
#1872=DIRECTION('ref_axis',(-0.866025403784435,0.,0.500000000000006));
#1873=DIRECTION('',(-0.866025403784435,0.,0.500000000000006));
#1874=DIRECTION('',(0.,-1.,0.));
#1875=DIRECTION('',(-0.866025403784435,0.,0.500000000000006));
#1876=DIRECTION('',(0.,-1.,0.));
#1877=DIRECTION('',(-0.866025403784435,0.,0.500000000000006));
#1878=DIRECTION('',(0.,-1.,0.));
#1879=DIRECTION('',(0.,-1.,0.));
#1880=DIRECTION('center_axis',(-0.866025403784449,0.,-0.499999999999981));
#1881=DIRECTION('ref_axis',(0.499999999999981,0.,-0.866025403784449));
#1882=DIRECTION('',(-0.499999999999981,0.,0.866025403784449));
#1883=DIRECTION('',(0.499999999999981,0.,-0.866025403784449));
#1884=DIRECTION('',(0.,-1.,0.));
#1885=DIRECTION('center_axis',(0.866025403784437,0.,0.500000000000002));
#1886=DIRECTION('ref_axis',(-0.500000000000002,0.,0.866025403784437));
#1887=DIRECTION('',(0.,-1.,0.));
#1888=DIRECTION('',(-0.500000000000002,0.,0.866025403784437));
#1889=DIRECTION('center_axis',(0.,-1.,0.));
#1890=DIRECTION('ref_axis',(0.,0.,-1.));
#1891=DIRECTION('',(-0.866025403784439,0.,-0.499999999999999));
#1892=DIRECTION('center_axis',(0.866025436126945,0.,-0.499999943981132));
#1893=DIRECTION('ref_axis',(0.499999943981132,0.,0.866025436126945));
#1894=DIRECTION('',(-0.499999943981132,0.,-0.866025436126945));
#1895=DIRECTION('',(0.499999943981132,0.,0.866025436126945));
#1896=DIRECTION('center_axis',(-0.866025436126956,0.,0.499999943981112));
#1897=DIRECTION('ref_axis',(-0.499999943981112,0.,-0.866025436126956));
#1898=DIRECTION('',(0.499999943981112,0.,0.866025436126956));
#1899=DIRECTION('',(-0.499999943981112,0.,-0.866025436126956));
#1900=DIRECTION('center_axis',(0.,-1.,0.));
#1901=DIRECTION('ref_axis',(0.,0.,-1.));
#1902=DIRECTION('center_axis',(0.,-1.,0.));
#1903=DIRECTION('ref_axis',(1.,0.,0.));
#1904=DIRECTION('center_axis',(-0.866025403784443,0.,0.499999999999993));
#1905=DIRECTION('ref_axis',(-0.499999999999993,0.,-0.866025403784443));
#1906=DIRECTION('',(0.499999999999993,0.,0.866025403784443));
#1907=DIRECTION('',(0.,-1.,0.));
#1908=DIRECTION('',(-0.499999999999993,0.,-0.866025403784443));
#1909=DIRECTION('',(0.,-1.,0.));
#1910=DIRECTION('center_axis',(0.866025403784439,0.,-0.499999999999999));
#1911=DIRECTION('ref_axis',(0.499999999999999,0.,0.866025403784439));
#1912=DIRECTION('',(0.,-1.,0.));
#1913=DIRECTION('',(0.499999999999999,0.,0.866025403784439));
#1914=DIRECTION('',(0.,-1.,0.));
#1915=DIRECTION('center_axis',(0.,-1.,0.));
#1916=DIRECTION('ref_axis',(0.,0.,-1.));
#1917=DIRECTION('',(-0.866025403784439,0.,0.499999999999999));
#1918=DIRECTION('',(0.86602540378444,0.,-0.499999999999998));
#1919=DIRECTION('center_axis',(-0.499999999999998,0.,-0.86602540378444));
#1920=DIRECTION('ref_axis',(0.86602540378444,0.,-0.499999999999998));
#1921=DIRECTION('',(0.,-1.,0.));
#1922=DIRECTION('',(0.86602540378444,0.,-0.499999999999998));
#1923=DIRECTION('',(0.,-1.,0.));
#1924=DIRECTION('',(0.86602540378444,0.,-0.499999999999998));
#1925=DIRECTION('',(0.,-1.,0.));
#1926=DIRECTION('center_axis',(0.,-1.,0.));
#1927=DIRECTION('ref_axis',(1.,0.,0.));
#1928=DIRECTION('center_axis',(0.866025403784441,0.,-0.499999999999995));
#1929=DIRECTION('ref_axis',(0.499999999999995,0.,0.866025403784441));
#1930=DIRECTION('',(0.,-1.,0.));
#1931=DIRECTION('',(0.499999999999995,0.,0.866025403784441));
#1932=DIRECTION('center_axis',(0.,-1.,0.));
#1933=DIRECTION('ref_axis',(0.,0.,-1.));
#1934=DIRECTION('',(-0.866025403784439,0.,0.499999999999999));
#1935=DIRECTION('',(-0.499999999999998,0.,-0.86602540378444));
#1936=DIRECTION('center_axis',(0.,-1.,0.));
#1937=DIRECTION('ref_axis',(1.,0.,0.));
#1938=DIRECTION('',(-0.86602540378464,0.,0.499999999999651));
#1939=DIRECTION('center_axis',(0.866025436126942,0.,0.499999943981137));
#1940=DIRECTION('ref_axis',(-0.499999943981137,0.,0.866025436126942));
#1941=DIRECTION('',(-0.499999943981137,0.,0.866025436126942));
#1942=DIRECTION('center_axis',(0.,-1.,0.));
#1943=DIRECTION('ref_axis',(0.,0.,-1.));
#1944=DIRECTION('',(0.499999943981132,0.,-0.866025436126945));
#1945=DIRECTION('center_axis',(-0.866025403784438,0.,-0.500000000000001));
#1946=DIRECTION('ref_axis',(0.500000000000001,0.,-0.866025403784438));
#1947=DIRECTION('',(0.500000000000001,0.,-0.866025403784438));
#1948=DIRECTION('',(0.,-1.,0.));
#1949=DIRECTION('center_axis',(0.866025403784441,0.,0.499999999999995));
#1950=DIRECTION('ref_axis',(-0.499999999999995,0.,0.866025403784441));
#1951=DIRECTION('',(0.499999999999995,0.,-0.866025403784441));
#1952=DIRECTION('',(0.,-1.,0.));
#1953=DIRECTION('',(-0.499999999999995,0.,0.866025403784441));
#1954=DIRECTION('center_axis',(0.,-1.,0.));
#1955=DIRECTION('ref_axis',(0.,0.,-1.));
#1956=DIRECTION('',(-0.866025403784439,0.,-0.499999999999999));
#1957=DIRECTION('center_axis',(0.,-1.,0.));
#1958=DIRECTION('ref_axis',(1.,0.,0.));
#1959=DIRECTION('',(-0.866025403784439,0.,-0.499999999999999));
#1960=DIRECTION('center_axis',(0.,-1.,0.));
#1961=DIRECTION('ref_axis',(-0.990599823211426,0.,-0.13679177699515));
#1962=DIRECTION('',(0.,-1.,0.));
#1963=DIRECTION('',(0.,-1.,0.));
#1964=DIRECTION('center_axis',(-0.86602540378444,0.,0.499999999999998));
#1965=DIRECTION('ref_axis',(-0.499999999999998,0.,-0.86602540378444));
#1966=DIRECTION('',(0.,-1.,0.));
#1967=DIRECTION('center_axis',(0.499999999999651,0.,0.86602540378464));
#1968=DIRECTION('ref_axis',(-0.86602540378464,0.,0.499999999999651));
#1969=DIRECTION('',(0.,-1.,0.));
#1970=DIRECTION('center_axis',(1.,0.,-8.01234352666458E-17));
#1971=DIRECTION('ref_axis',(8.01234352666458E-17,0.,1.));
#1972=DIRECTION('center_axis',(-0.866025436126945,0.,-0.499999943981132));
#1973=DIRECTION('ref_axis',(0.499999943981132,0.,-0.866025436126945));
#1974=DIRECTION('center_axis',(-0.499999998906262,0.,-0.866025404415908));
#1975=DIRECTION('ref_axis',(0.866025404415909,0.,-0.499999998906262));
#1976=DIRECTION('center_axis',(0.,-1.,0.));
#1977=DIRECTION('ref_axis',(1.,0.,0.));
#1978=DIRECTION('',(0.,-1.,0.));
#1979=DIRECTION('center_axis',(0.,-1.,0.));
#1980=DIRECTION('ref_axis',(1.,0.,0.));
#1981=DIRECTION('',(0.,-1.,0.));
#1982=DIRECTION('',(0.,1.,0.));
#1983=DIRECTION('center_axis',(0.,-1.,0.));
#1984=DIRECTION('ref_axis',(1.,0.,0.));
#1985=DIRECTION('',(0.,-1.,0.));
#1986=DIRECTION('',(0.,-1.,0.));
#1987=DIRECTION('center_axis',(-0.499999999999999,0.,0.866025403784439));
#1988=DIRECTION('ref_axis',(-0.866025403784439,0.,-0.499999999999999));
#1989=DIRECTION('',(0.,-1.,0.));
#1990=DIRECTION('center_axis',(0.86602540378444,0.,0.499999999999998));
#1991=DIRECTION('ref_axis',(-0.499999999999998,0.,0.86602540378444));
#1992=DIRECTION('center_axis',(0.499999980233288,0.,0.866025415196755));
#1993=DIRECTION('ref_axis',(-0.866025415196755,0.,0.499999980233288));
#1994=DIRECTION('center_axis',(0.866025436126922,0.,-0.499999943981171));
#1995=DIRECTION('ref_axis',(0.499999943981171,0.,0.866025436126922));
#1996=DIRECTION('center_axis',(-1.,0.,0.));
#1997=DIRECTION('ref_axis',(0.,0.,-1.));
#1998=DIRECTION('center_axis',(0.,-1.,0.));
#1999=DIRECTION('ref_axis',(1.,0.,0.));
#2000=DIRECTION('center_axis',(-0.707106970847295,0.,-0.707106591525749));
#2001=DIRECTION('ref_axis',(0.707106591525749,0.,-0.707106970847295));
#2002=DIRECTION('',(0.,-1.,0.));
#2003=DIRECTION('',(0.707106591525749,0.,-0.707106970847295));
#2004=DIRECTION('',(0.,-1.,0.));
#2005=DIRECTION('center_axis',(-1.,0.,-8.44735428282537E-16));
#2006=DIRECTION('ref_axis',(8.44735428282537E-16,0.,-1.));
#2007=DIRECTION('',(8.44735428282537E-16,0.,-1.));
#2008=DIRECTION('',(0.,-1.,0.));
#2009=DIRECTION('center_axis',(8.8995949973185E-16,0.,-1.));
#2010=DIRECTION('ref_axis',(1.,0.,8.8995949973185E-16));
#2011=DIRECTION('',(1.,0.,8.8995949973185E-16));
#2012=DIRECTION('center_axis',(-1.68509534549759E-7,0.,-0.999999999999986));
#2013=DIRECTION('ref_axis',(0.999999999999986,0.,-1.68509534549759E-7));
#2014=DIRECTION('',(0.999999999999986,0.,-1.68509534549759E-7));
#2015=DIRECTION('',(0.,-1.,0.));
#2016=DIRECTION('center_axis',(1.,0.,-7.24058341659592E-16));
#2017=DIRECTION('ref_axis',(7.24058341659592E-16,0.,1.));
#2018=DIRECTION('',(7.24058341659592E-16,0.,1.));
#2019=DIRECTION('',(0.,-1.,0.));
#2020=DIRECTION('center_axis',(0.707106970847296,0.,-0.707106591525748));
#2021=DIRECTION('ref_axis',(0.707106591525748,0.,0.707106970847296));
#2022=DIRECTION('',(0.707106591525748,0.,0.707106970847296));
#2023=DIRECTION('',(0.,-1.,0.));
#2024=DIRECTION('center_axis',(0.,0.,-1.));
#2025=DIRECTION('ref_axis',(1.,0.,0.));
#2026=DIRECTION('',(1.,0.,0.));
#2027=DIRECTION('center_axis',(0.,-1.,0.));
#2028=DIRECTION('ref_axis',(1.,0.,0.));
#2029=CARTESIAN_POINT('',(0.0,0.0,0.0));
#2030=CARTESIAN_POINT('Origin',(-23.19615280811958,321.1115272346004,-35.99999994398118));
#2031=CARTESIAN_POINT('',(-23.19615277577706,321.1115272346004,-33.00000000656244));
#2032=CARTESIAN_POINT('',(-23.19615284046204,321.1115272346004,-38.99999988139992));
#2033=CARTESIAN_POINT('',(-23.19615279518256,321.1115272346004,-34.79999993636063));
#2034=CARTESIAN_POINT('',(-23.19615284046204,318.7115272346004,-38.99999988139992));
#2035=CARTESIAN_POINT('',(-23.19615284046204,321.1115272346004,-38.99999988139992));
#2036=CARTESIAN_POINT('',(-23.19615277577706,318.7115272346004,-33.00000000656244));
#2037=CARTESIAN_POINT('',(-23.19615280811958,318.7115272346004,-36.00000000552726));
#2038=CARTESIAN_POINT('',(-23.19615277577706,321.1115272346004,-33.00000000656244));
#2039=CARTESIAN_POINT('Origin',(-18.00000034928166,321.1115272346004,-36.0));
#2040=CARTESIAN_POINT('',(-30.48076252029048,321.1115272346004,-43.2057710192991));
#2041=CARTESIAN_POINT('',(-30.48076252029048,321.1115272346004,-43.2057710192991));
#2042=CARTESIAN_POINT('',(-30.48076252029048,318.7115272346004,-43.2057710192991));
#2043=CARTESIAN_POINT('',(-30.48076252029048,321.1115272346004,-43.2057710192991));
#2044=CARTESIAN_POINT('',(-30.48076252029048,318.7115272346004,-43.2057710192991));
#2045=CARTESIAN_POINT('Origin',(13.97193390842436,321.1115272346004,-51.45900601608204));
#2046=CARTESIAN_POINT('',(16.57000952761656,318.7115272346004,-55.95900704173464));
#2047=CARTESIAN_POINT('',(11.3738582892321,318.7115272346004,-46.95900499042944));
#2048=CARTESIAN_POINT('',(12.5556799501962,318.7115272346004,-49.00598108580978));
#2049=CARTESIAN_POINT('',(11.3738582892321,321.1115272346004,-46.95900499042944));
#2050=CARTESIAN_POINT('',(11.3738582892321,321.1115272346004,-46.95900499042944));
#2051=CARTESIAN_POINT('',(16.57000952761656,321.1115272346004,-55.95900704173464));
#2052=CARTESIAN_POINT('',(8.3588560461831,321.1115272346004,-41.73686554004514));
#2053=CARTESIAN_POINT('',(16.57000952761656,321.1115272346004,-55.95900704173464));
#2054=CARTESIAN_POINT('Origin',(11.37385704022416,321.1115272346004,-52.95900715377474));
#2055=CARTESIAN_POINT('',(21.48076075981338,321.1115272346004,-58.7942309787714));
#2056=CARTESIAN_POINT('',(21.48076131376734,321.1115272346004,-58.79423076621084));
#2057=CARTESIAN_POINT('',(21.48076075981338,318.7115272346004,-58.7942309787714));
#2058=CARTESIAN_POINT('',(21.48076075981338,321.1115272346004,-58.7942309787714));
#2059=CARTESIAN_POINT('',(21.48076131376734,318.7115272346004,-58.79423076621084));
#2060=CARTESIAN_POINT('Origin',(-1.105271107970652E-07,321.1115272346004,-33.60000017881392));
#2061=CARTESIAN_POINT('',(11.3738582892321,321.1115272346004,-39.82561616388756));
#2062=CARTESIAN_POINT('',(11.3738582892321,321.1115272346004,-32.17439529959382));
#2063=CARTESIAN_POINT('',(11.984990215575,321.1115272346004,-35.39999924322558));
#2064=CARTESIAN_POINT('Origin',(-8.326672684688701E-16,321.1115272346004,-36.0));
#2065=CARTESIAN_POINT('',(4.500000000000006,321.1115272346004,-35.39999798193336));
#2066=CARTESIAN_POINT('',(4.500000000000006,321.1115272346004,-35.39999798193336));
#2067=CARTESIAN_POINT('',(4.500000000000006,321.1115272346004,-42.29999943673608));
#2068=CARTESIAN_POINT('',(4.500000000000006,321.1115272346004,-42.29999943673608));
#2069=CARTESIAN_POINT('',(3.599999919533736,321.1115272346004,-43.2));
#2070=CARTESIAN_POINT('',(3.599999919533736,321.1115272346004,-43.2));
#2071=CARTESIAN_POINT('',(-3.59999991953373,321.1115272346004,-43.2));
#2072=CARTESIAN_POINT('',(-5.699999999999934,321.1115272346004,-43.2));
#2073=CARTESIAN_POINT('',(-4.5,321.1115272346004,-42.29999943673608));
#2074=CARTESIAN_POINT('',(-3.59999991953373,321.1115272346004,-43.2));
#2075=CARTESIAN_POINT('',(-4.500000000000006,321.1115272346004,-35.40000366985722));
#2076=CARTESIAN_POINT('',(-4.5,321.1115272346004,-42.29999943673608));
#2077=CARTESIAN_POINT('',(-11.98499043835092,321.1115272346004,-35.40000365870454));
#2078=CARTESIAN_POINT('',(-4.500000000000006,321.1115272346004,-35.40000366985722));
#2079=CARTESIAN_POINT('',(-11.3738582892321,321.1115272346004,-39.82561616388756));
#2080=CARTESIAN_POINT('Origin',(-8.326672684688701E-16,321.1115272346004,-36.0));
#2081=CARTESIAN_POINT('',(-11.3738582892321,321.1115272346004,-46.95900758432178));
#2082=CARTESIAN_POINT('',(-11.3738582892321,321.1115272346004,-32.17439529959376));
#2083=CARTESIAN_POINT('',(-16.57001009685138,321.1115272346004,-55.959008649684));
#2084=CARTESIAN_POINT('',(-8.35885487043006,321.1115272346004,-41.73686724163584));
#2085=CARTESIAN_POINT('',(-47.46152416704594,321.1115272346004,-73.7942317256892));
#2086=CARTESIAN_POINT('',(-47.46152416704594,321.1115272346004,-73.7942317256892));
#2087=CARTESIAN_POINT('',(-56.46152282259318,321.1115272346004,-58.20577445756916));
#2088=CARTESIAN_POINT('',(-56.46152282259318,321.1115272346004,-58.20577445756916));
#2089=CARTESIAN_POINT('',(-30.48075941535954,321.1115272346004,-43.20577445756904));
#2090=CARTESIAN_POINT('',(-30.4807618988166,321.1115272346004,-28.79422898070108));
#2091=CARTESIAN_POINT('',(-30.4807618988166,321.1115272346004,-28.79422898070108));
#2092=CARTESIAN_POINT('',(-56.46152090741886,321.1115272346004,-13.79422554243084));
#2093=CARTESIAN_POINT('',(-30.48075879388542,321.1115272346004,-28.79422554243096));
#2094=CARTESIAN_POINT('',(-47.46152090741886,321.1115272346004,1.794231725689056));
#2095=CARTESIAN_POINT('',(-56.46152090741886,321.1115272346004,-13.79422554243084));
#2096=CARTESIAN_POINT('',(-2.373858288350412,321.1115272346004,-24.23714370385488));
#2097=CARTESIAN_POINT('',(-21.48075934784034,321.1115272346004,-13.2057692337891));
#2098=CARTESIAN_POINT('',(2.3738582883504,321.1115272346004,-24.23714370385488));
#2099=CARTESIAN_POINT('Origin',(-8.326672684688701E-16,321.1115272346004,-36.0));
#2100=CARTESIAN_POINT('',(47.46152090741886,321.1115272346004,1.794231725689086));
#2101=CARTESIAN_POINT('',(47.46152090741886,321.1115272346004,1.794231725689086));
#2102=CARTESIAN_POINT('',(56.4615209074188,321.1115272346004,-13.79422554243084));
#2103=CARTESIAN_POINT('',(56.4615209074188,321.1115272346004,-13.79422554243084));
#2104=CARTESIAN_POINT('',(30.48076189881654,321.1115272346004,-28.79422898070114));
#2105=CARTESIAN_POINT('',(30.48075879388542,321.1115272346004,-28.7942255424309));
#2106=CARTESIAN_POINT('',(23.1961527757773,321.1115272346004,-33.00000000656232));
#2107=CARTESIAN_POINT('',(30.48076189881654,321.1115272346004,-28.79422898070114));
#2108=CARTESIAN_POINT('',(23.19615284046234,321.1115272346004,-38.99999988139962));
#2109=CARTESIAN_POINT('',(23.1961527951828,321.1115272346004,-34.7999999363604));
#2110=CARTESIAN_POINT('',(30.48076042370022,321.1115272346004,-43.20577429281654));
#2111=CARTESIAN_POINT('',(30.48076252029072,321.1115272346004,-43.2057710192985));
#2112=CARTESIAN_POINT('',(56.46152282259378,321.1115272346004,-58.20577445756964));
#2113=CARTESIAN_POINT('',(30.48076042370022,321.1115272346004,-43.20577429281654));
#2114=CARTESIAN_POINT('',(47.4615241670457,321.1115272346004,-73.7942317256892));
#2115=CARTESIAN_POINT('',(56.46152282259378,321.1115272346004,-58.20577445756964));
#2116=CARTESIAN_POINT('',(47.4615241670457,321.1115272346004,-73.7942317256892));
#2117=CARTESIAN_POINT('Origin',(23.19615280811982,321.1115272346004,-35.999999943981));
#2118=CARTESIAN_POINT('',(23.1961527757773,318.7115272346004,-33.00000000656232));
#2119=CARTESIAN_POINT('',(23.1961527757773,321.1115272346004,-33.00000000656232));
#2120=CARTESIAN_POINT('',(23.19615284046234,318.7115272346004,-38.99999988139962));
#2121=CARTESIAN_POINT('',(23.19615280811982,318.7115272346004,-36.00000000552726));
#2122=CARTESIAN_POINT('',(23.19615284046234,321.1115272346004,-38.99999988139962));
#2123=CARTESIAN_POINT('Origin',(18.00000034928184,321.1115272346004,-35.99999999999988));
#2124=CARTESIAN_POINT('',(30.48076189881654,318.7115272346004,-28.79422898070114));
#2125=CARTESIAN_POINT('',(30.48076189881654,321.1115272346004,-28.79422898070114));
#2126=CARTESIAN_POINT('',(30.48076189881654,318.7115272346004,-28.79422898070114));
#2127=CARTESIAN_POINT('Origin',(-13.97193419304174,321.1115272346004,-51.45900811700287));
#2128=CARTESIAN_POINT('',(-11.3738582892321,318.7115272346004,-46.95900758432178));
#2129=CARTESIAN_POINT('',(-16.57001009685138,318.7115272346004,-55.959008649684));
#2130=CARTESIAN_POINT('',(-12.55568001224172,318.7115272346004,-49.00598333867867));
#2131=CARTESIAN_POINT('',(-16.57001009685138,321.1115272346004,-55.959008649684));
#2132=CARTESIAN_POINT('',(-11.3738582892321,321.1115272346004,-46.95900758432178));
#2133=CARTESIAN_POINT('Origin',(-47.46152416704594,321.1115272346004,-73.7942317256892));
#2134=CARTESIAN_POINT('',(-21.4807607598123,318.7115272346004,-58.79423172568896));
#2135=CARTESIAN_POINT('',(-47.46152416704594,318.7115272346004,-73.7942317256892));
#2136=CARTESIAN_POINT('',(-21.4807607598123,316.3115272346004,-58.79423172568896));
#2137=CARTESIAN_POINT('',(-21.4807607598123,321.1115272346004,-58.79423172568896));
#2138=CARTESIAN_POINT('',(-28.40896433507484,316.3115272346004,-62.7942317256894));
#2139=CARTESIAN_POINT('',(-47.46152416704594,316.3115272346004,-73.7942317256892));
#2140=CARTESIAN_POINT('',(-28.40896433507484,318.7115272346004,-62.7942317256894));
#2141=CARTESIAN_POINT('',(-28.40896433507484,321.1115272346004,-62.7942317256894));
#2142=CARTESIAN_POINT('',(-31.00704067579824,318.7115272346004,-64.2942317256894));
#2143=CARTESIAN_POINT('',(-47.46152416704594,318.7115272346004,-73.7942317256892));
#2144=CARTESIAN_POINT('',(-31.00704067579824,316.3115272346004,-64.2942317256894));
#2145=CARTESIAN_POINT('',(-31.00704067579824,321.1115272346004,-64.2942317256894));
#2146=CARTESIAN_POINT('',(-37.93524425106084,316.3115272346004,-68.294231725689));
#2147=CARTESIAN_POINT('',(-47.46152416704594,316.3115272346004,-73.7942317256892));
#2148=CARTESIAN_POINT('',(-37.93524425106084,318.7115272346004,-68.294231725689));
#2149=CARTESIAN_POINT('',(-37.93524425106084,321.1115272346004,-68.294231725689));
#2150=CARTESIAN_POINT('',(-40.53332059178394,318.7115272346004,-69.794231725689));
#2151=CARTESIAN_POINT('',(-47.46152416704594,318.7115272346004,-73.7942317256892));
#2152=CARTESIAN_POINT('',(-40.53332059178394,316.3115272346004,-69.794231725689));
#2153=CARTESIAN_POINT('',(-40.53332059178394,321.1115272346004,-69.794231725689));
#2154=CARTESIAN_POINT('',(-47.46152416704594,316.3115272346004,-73.7942317256892));
#2155=CARTESIAN_POINT('',(-47.46152416704594,316.3115272346004,-73.7942317256892));
#2156=CARTESIAN_POINT('',(-47.46152416704594,321.1115272346004,-73.7942317256892));
#2157=CARTESIAN_POINT('Origin',(-29.41769055547182,318.7115272346004,-36.0));
#2158=CARTESIAN_POINT('',(-11.3738582892321,318.7115272346004,-39.82561616388756));
#2159=CARTESIAN_POINT('',(-11.3738582892321,318.7115272346004,-32.17439529959376));
#2160=CARTESIAN_POINT('',(-11.98499043890928,318.7115272346004,-35.40000366985722));
#2161=CARTESIAN_POINT('Origin',(-8.326672684688701E-16,318.7115272346004,-36.0));
#2162=CARTESIAN_POINT('',(-2.373858288350412,318.7115272346004,-24.23714370385488));
#2163=CARTESIAN_POINT('Origin',(-8.326672684688701E-16,318.7115272346004,-36.0));
#2164=CARTESIAN_POINT('',(-21.48075879388542,318.7115272346004,-13.20576827431104));
#2165=CARTESIAN_POINT('',(-21.48075934784034,318.7115272346004,-13.2057692337891));
#2166=CARTESIAN_POINT('',(-30.4807618988166,318.7115272346004,-28.79422898070108));
#2167=CARTESIAN_POINT('',(-31.90797119763264,318.7115272346004,-31.26622993891374));
#2168=CARTESIAN_POINT('',(-30.4807618988166,318.7115272346004,-28.79422898070108));
#2169=CARTESIAN_POINT('',(-27.4079723268984,318.7115272346004,-48.52799861067852));
#2170=CARTESIAN_POINT('Origin',(40.53331767714276,321.1115272346004,-2.205768274310778));
#2171=CARTESIAN_POINT('',(49.5333176771427,318.7115272346004,-17.79422554243062));
#2172=CARTESIAN_POINT('',(40.53331767714276,318.7115272346004,-2.205768274310778));
#2173=CARTESIAN_POINT('',(46.46053008089017,318.7115272346004,-12.47200130485374));
#2174=CARTESIAN_POINT('',(49.5333176771427,316.3115272346004,-17.79422554243062));
#2175=CARTESIAN_POINT('',(49.5333176771427,321.1115272346004,-17.79422554243062));
#2176=CARTESIAN_POINT('',(40.53331767714276,316.3115272346004,-2.205768274310778));
#2177=CARTESIAN_POINT('',(40.53331767714276,316.3115272346004,-2.205768274310778));
#2178=CARTESIAN_POINT('',(40.53331767714276,321.1115272346004,-2.205768274310778));
#2179=CARTESIAN_POINT('Origin',(48.49741929228078,316.3115272346004,-7.99999690837098));
#2180=CARTESIAN_POINT('',(56.4615209074188,316.3115272346004,-13.79422554243084));
#2181=CARTESIAN_POINT('',(30.48075879388542,316.3115272346004,-28.7942255424309));
#2182=CARTESIAN_POINT('',(47.46152090741886,316.3115272346004,1.794231725689086));
#2183=CARTESIAN_POINT('',(56.4615209074188,316.3115272346004,-13.79422554243084));
#2184=CARTESIAN_POINT('',(47.46152090741886,316.3115272346004,1.794231725689086));
#2185=CARTESIAN_POINT('Origin',(30.48075963376908,321.1115272346004,-28.79422505752386));
#2186=CARTESIAN_POINT('',(46.93524146579022,318.7115272346004,-19.29422554243044));
#2187=CARTESIAN_POINT('',(30.48075879388542,318.7115272346004,-28.7942255424309));
#2188=CARTESIAN_POINT('',(46.93524146579022,316.3115272346004,-19.29422554243044));
#2189=CARTESIAN_POINT('',(46.93524146579022,321.1115272346004,-19.29422554243044));
#2190=CARTESIAN_POINT('',(40.00703823551424,316.3115272346004,-23.29422554243082));
#2191=CARTESIAN_POINT('',(30.48075879388542,316.3115272346004,-28.7942255424309));
#2192=CARTESIAN_POINT('',(40.00703823551424,318.7115272346004,-23.29422554243082));
#2193=CARTESIAN_POINT('',(40.00703823551424,321.1115272346004,-23.29422554243082));
#2194=CARTESIAN_POINT('',(37.40896202416116,318.7115272346004,-24.79422554243076));
#2195=CARTESIAN_POINT('',(30.48075879388542,318.7115272346004,-28.7942255424309));
#2196=CARTESIAN_POINT('',(37.40896202416116,316.3115272346004,-24.7942255424307));
#2197=CARTESIAN_POINT('',(37.40896202416116,321.1115272346004,-24.7942255424307));
#2198=CARTESIAN_POINT('',(30.48075879388542,316.3115272346004,-28.7942255424309));
#2199=CARTESIAN_POINT('',(30.48075879388542,316.3115272346004,-28.7942255424309));
#2200=CARTESIAN_POINT('',(30.48075879388542,321.1115272346004,-28.7942255424309));
#2201=CARTESIAN_POINT('',(56.4615209074188,321.1115272346004,-13.79422554243084));
#2202=CARTESIAN_POINT('Origin',(29.41769055547206,318.7115272346004,-36.00000000000012));
#2203=CARTESIAN_POINT('',(37.93524146579022,318.7115272346004,-3.705768274310634));
#2204=CARTESIAN_POINT('',(47.46152090741886,318.7115272346004,1.794231725689086));
#2205=CARTESIAN_POINT('',(48.36245386953756,318.7115272346004,-21.76622993891334));
#2206=CARTESIAN_POINT('Origin',(28.40896433507604,321.1115272346004,-62.79423172569));
#2207=CARTESIAN_POINT('',(37.4089629906231,318.7115272346004,-47.20577445756978));
#2208=CARTESIAN_POINT('',(28.4089645722543,318.7115272346004,-62.794231314885));
#2209=CARTESIAN_POINT('',(34.33617598840878,318.7115272346004,-52.52799846129558));
#2210=CARTESIAN_POINT('',(37.4089629906231,316.3115272346004,-47.20577445756978));
#2211=CARTESIAN_POINT('',(37.4089629906231,321.1115272346004,-47.20577445756978));
#2212=CARTESIAN_POINT('',(28.40896433507604,316.3115272346004,-62.79423172569));
#2213=CARTESIAN_POINT('',(28.40896433507604,316.3115272346004,-62.79423172569));
#2214=CARTESIAN_POINT('',(28.40896433507604,321.1115272346004,-62.79423172569));
#2215=CARTESIAN_POINT('Origin',(30.48076042370022,321.1115272346004,-43.20577429281654));
#2216=CARTESIAN_POINT('',(30.48076042370022,318.7115272346004,-43.20577429281654));
#2217=CARTESIAN_POINT('',(31.90797258805068,318.7115272346004,-40.73377031098121));
#2218=CARTESIAN_POINT('',(21.48076075981338,316.3115272346004,-58.7942309787714));
#2219=CARTESIAN_POINT('',(21.48076075981338,321.1115272346004,-58.7942309787714));
#2220=CARTESIAN_POINT('',(30.48076042370022,316.3115272346004,-43.20577429281654));
#2221=CARTESIAN_POINT('',(21.48076075981338,316.3115272346004,-58.7942309787714));
#2222=CARTESIAN_POINT('',(30.48076042370022,321.1115272346004,-43.20577429281654));
#2223=CARTESIAN_POINT('Origin',(29.44486199380746,316.3115272346004,-53.00000300925312));
#2224=CARTESIAN_POINT('',(47.4615241670457,316.3115272346004,-73.7942317256892));
#2225=CARTESIAN_POINT('',(30.48076042370022,316.3115272346004,-43.20577429281654));
#2226=CARTESIAN_POINT('Origin',(21.48076075981338,321.1115272346004,-58.7942309787714));
#2227=CARTESIAN_POINT('',(47.4615241670457,316.3115272346004,-73.7942317256892));
#2228=CARTESIAN_POINT('',(47.4615241670457,321.1115272346004,-73.7942317256892));
#2229=CARTESIAN_POINT('',(40.53332059178532,316.3115272346004,-69.7942317256902));
#2230=CARTESIAN_POINT('',(47.4615241670457,316.3115272346004,-73.7942317256892));
#2231=CARTESIAN_POINT('',(40.53332067803184,318.7115272346004,-69.7942315763064));
#2232=CARTESIAN_POINT('',(40.53332059178532,321.1115272346004,-69.7942317256902));
#2233=CARTESIAN_POINT('',(37.93524436965102,318.7115272346004,-68.2942315202874));
#2234=CARTESIAN_POINT('',(47.4615241670457,318.7115272346004,-73.7942317256892));
#2235=CARTESIAN_POINT('',(37.93524425106197,316.3115272346004,-68.2942317256902));
#2236=CARTESIAN_POINT('',(37.93524425106197,321.1115272346004,-68.2942317256902));
#2237=CARTESIAN_POINT('',(31.00704067579938,316.3115272346004,-64.29423172569));
#2238=CARTESIAN_POINT('',(47.4615241670457,316.3115272346004,-73.7942317256892));
#2239=CARTESIAN_POINT('',(31.00704088063518,318.7115272346004,-64.294231370904));
#2240=CARTESIAN_POINT('',(31.00704067579938,321.1115272346004,-64.29423172569));
#2241=CARTESIAN_POINT('',(47.4615241670457,318.7115272346004,-73.7942317256892));
#2242=CARTESIAN_POINT('Origin',(29.41769055547206,318.7115272346004,-36.00000000000012));
#2243=CARTESIAN_POINT('',(30.48076252029072,318.7115272346004,-43.2057710192985));
#2244=CARTESIAN_POINT('',(21.48075879388542,318.7115272346004,-13.20576827431104));
#2245=CARTESIAN_POINT('',(27.4079711976327,318.7115272346004,-23.47200130485384));
#2246=CARTESIAN_POINT('',(2.3738582883504,318.7115272346004,-24.23714370385488));
#2247=CARTESIAN_POINT('',(47.46152090741886,318.7115272346004,1.794231725689086));
#2248=CARTESIAN_POINT('',(11.98499021730102,318.7115272346004,-35.39999924322558));
#2249=CARTESIAN_POINT('Origin',(-8.326672684688701E-16,318.7115272346004,-36.0));
#2250=CARTESIAN_POINT('',(11.3738582892321,318.7115272346004,-39.82561616388756));
#2251=CARTESIAN_POINT('Origin',(-8.326672684688701E-16,318.7115272346004,-36.0));
#2252=CARTESIAN_POINT('',(11.3738582892321,318.7115272346004,-32.17439529959382));
#2253=CARTESIAN_POINT('Origin',(-37.40896299062214,321.1115272346004,-47.20577445756918));
#2254=CARTESIAN_POINT('',(-37.40896299062214,318.7115272346004,-47.20577445756924));
#2255=CARTESIAN_POINT('',(-38.83617531618132,318.7115272346004,-44.73376982723508));
#2256=CARTESIAN_POINT('',(-37.40896299062214,316.3115272346004,-47.20577445756918));
#2257=CARTESIAN_POINT('',(-28.40896433507484,316.3115272346004,-62.7942317256894));
#2258=CARTESIAN_POINT('',(-37.40896299062214,321.1115272346004,-47.20577445756918));
#2259=CARTESIAN_POINT('Origin',(-21.4807607598123,321.1115272346004,-58.79423172568896));
#2260=CARTESIAN_POINT('',(-30.48075941535954,316.3115272346004,-43.20577445756904));
#2261=CARTESIAN_POINT('',(-30.48075941535954,321.1115272346004,-43.20577445756904));
#2262=CARTESIAN_POINT('',(-21.4807607598123,316.3115272346004,-58.79423172568896));
#2263=CARTESIAN_POINT('Origin',(-29.44486187521722,316.3115272346004,-53.0000030916291));
#2264=CARTESIAN_POINT('',(-30.48075941535954,316.3115272346004,-43.20577445756904));
#2265=CARTESIAN_POINT('Origin',(-40.00703823551424,321.1115272346004,-23.294225542431));
#2266=CARTESIAN_POINT('',(-31.00703823551466,318.7115272346004,-7.70576827431084));
#2267=CARTESIAN_POINT('',(-40.00703823551424,318.7115272346004,-23.294225542431));
#2268=CARTESIAN_POINT('',(-41.43425063926152,318.7115272346004,-25.76622993891396));
#2269=CARTESIAN_POINT('',(-31.00703823551466,316.3115272346004,-7.70576827431084));
#2270=CARTESIAN_POINT('',(-31.00703823551466,321.1115272346004,-7.70576827431084));
#2271=CARTESIAN_POINT('',(-40.00703823551424,316.3115272346004,-23.294225542431));
#2272=CARTESIAN_POINT('',(-31.00703823551466,316.3115272346004,-7.70576827431084));
#2273=CARTESIAN_POINT('',(-40.00703823551424,321.1115272346004,-23.294225542431));
#2274=CARTESIAN_POINT('Origin',(-37.93524146578968,321.1115272346004,-3.705768274311144));
#2275=CARTESIAN_POINT('',(-46.93524146578968,318.7115272346004,-19.29422554243104));
#2276=CARTESIAN_POINT('',(-37.93524146578968,318.7115272346004,-3.705768274311144));
#2277=CARTESIAN_POINT('',(-43.86245386953696,318.7115272346004,-13.97200130485386));
#2278=CARTESIAN_POINT('',(-46.93524146578968,316.3115272346004,-19.29422554243104));
#2279=CARTESIAN_POINT('',(-46.93524146578968,321.1115272346004,-19.29422554243104));
#2280=CARTESIAN_POINT('',(-37.93524146578968,316.3115272346004,-3.705768274311144));
#2281=CARTESIAN_POINT('',(-37.93524146578968,316.3115272346004,-3.705768274311144));
#2282=CARTESIAN_POINT('',(-37.93524146578968,321.1115272346004,-3.705768274311144));
#2283=CARTESIAN_POINT('Origin',(-38.97113985065214,316.3115272346004,-13.49999690837106));
#2284=CARTESIAN_POINT('',(-30.48075879388542,316.3115272346004,-28.79422554243096));
#2285=CARTESIAN_POINT('',(-47.46152090741886,316.3115272346004,1.794231725689056));
#2286=CARTESIAN_POINT('Origin',(-29.41769055547182,318.7115272346004,-36.0));
#2287=CARTESIAN_POINT('',(-40.53331767714306,318.7115272346004,-2.205768274311138));
#2288=CARTESIAN_POINT('',(-21.48075934784034,318.7115272346004,-13.2057692337891));
#2289=CARTESIAN_POINT('',(-49.53331767714293,318.7115272346004,-17.7942255424311));
#2290=CARTESIAN_POINT('',(-50.96053008089022,318.7115272346004,-20.26622993891388));
#2291=CARTESIAN_POINT('',(-30.48075879388542,318.7115272346004,-28.79422554243096));
#2292=CARTESIAN_POINT('Origin',(-31.00704067579824,321.1115272346004,-64.2942317256894));
#2293=CARTESIAN_POINT('',(-40.0070393313453,318.7115272346004,-48.70577445756906));
#2294=CARTESIAN_POINT('',(-36.9342523614735,318.7115272346004,-54.02799840527604));
#2295=CARTESIAN_POINT('',(-40.0070393313453,316.3115272346004,-48.70577445756906));
#2296=CARTESIAN_POINT('',(-40.0070393313453,321.1115272346004,-48.70577445756906));
#2297=CARTESIAN_POINT('',(-31.00704067579824,316.3115272346004,-64.2942317256894));
#2298=CARTESIAN_POINT('Origin',(-46.93524290660826,321.1115272346004,-52.70577445756932));
#2299=CARTESIAN_POINT('',(-46.93524290660826,318.7115272346004,-52.70577445756932));
#2300=CARTESIAN_POINT('',(-48.36245535075654,318.7115272346004,-50.23376962183283));
#2301=CARTESIAN_POINT('',(-46.93524290660826,316.3115272346004,-52.70577445756932));
#2302=CARTESIAN_POINT('',(-37.93524425106084,316.3115272346004,-68.294231725689));
#2303=CARTESIAN_POINT('',(-46.93524290660826,321.1115272346004,-52.70577445756932));
#2304=CARTESIAN_POINT('Origin',(-38.97114179120322,316.3115272346004,-58.50000309162918));
#2305=CARTESIAN_POINT('',(-30.48075941535954,316.3115272346004,-43.20577445756904));
#2306=CARTESIAN_POINT('Origin',(-30.48076025524332,321.1115272346004,-43.20577494247614));
#2307=CARTESIAN_POINT('',(-56.46152282259318,316.3115272346004,-58.20577445756916));
#2308=CARTESIAN_POINT('',(-56.46152282259318,321.1115272346004,-58.20577445756916));
#2309=CARTESIAN_POINT('',(-49.5333192473313,316.3115272346004,-54.20577445756884));
#2310=CARTESIAN_POINT('',(-30.48075941535954,316.3115272346004,-43.20577445756904));
#2311=CARTESIAN_POINT('',(-49.5333192473313,318.7115272346004,-54.20577445756884));
#2312=CARTESIAN_POINT('',(-49.5333192473313,321.1115272346004,-54.20577445756884));
#2313=CARTESIAN_POINT('',(-30.48075941535954,318.7115272346004,-43.20577445756904));
#2314=CARTESIAN_POINT('',(-30.48075941535954,318.7115272346004,-43.20577445756904));
#2315=CARTESIAN_POINT('Origin',(-29.41769055547182,318.7115272346004,-36.0));
#2316=CARTESIAN_POINT('',(-46.46053239604836,318.7115272346004,-59.52799819987349));
#2317=CARTESIAN_POINT('Origin',(49.53331924733256,321.1115272346004,-54.20577445756999));
#2318=CARTESIAN_POINT('',(49.53331933357914,318.7115272346004,-54.20577430818648));
#2319=CARTESIAN_POINT('',(50.96053172382342,318.7115272346004,-51.73376956581444));
#2320=CARTESIAN_POINT('',(49.53331924733256,316.3115272346004,-54.20577445756999));
#2321=CARTESIAN_POINT('',(40.53332059178532,316.3115272346004,-69.7942317256902));
#2322=CARTESIAN_POINT('',(49.53331924733256,321.1115272346004,-54.20577445756999));
#2323=CARTESIAN_POINT('Origin',(48.49742170718959,316.3115272346004,-64.0000030169376));
#2324=CARTESIAN_POINT('',(56.46152282259378,316.3115272346004,-58.20577445756964));
#2325=CARTESIAN_POINT('',(56.46152282259378,316.3115272346004,-58.20577445756964));
#2326=CARTESIAN_POINT('',(30.48076042370022,316.3115272346004,-43.20577429281654));
#2327=CARTESIAN_POINT('Origin',(56.46152282259378,321.1115272346004,-58.20577445756964));
#2328=CARTESIAN_POINT('',(40.00703953618212,318.7115272346004,-48.70577410278354));
#2329=CARTESIAN_POINT('',(30.48076042370022,318.7115272346004,-43.20577429281654));
#2330=CARTESIAN_POINT('',(40.00703933134632,316.3115272346004,-48.70577445756966));
#2331=CARTESIAN_POINT('',(40.00703933134632,321.1115272346004,-48.70577445756966));
#2332=CARTESIAN_POINT('',(46.93524290660922,316.3115272346004,-52.70577445757004));
#2333=CARTESIAN_POINT('',(30.48076042370022,316.3115272346004,-43.20577429281654));
#2334=CARTESIAN_POINT('',(46.93524290660922,318.7115272346004,-52.70577445757004));
#2335=CARTESIAN_POINT('',(46.93524290660922,321.1115272346004,-52.70577445757004));
#2336=CARTESIAN_POINT('',(30.48076042370022,318.7115272346004,-43.20577429281654));
#2337=CARTESIAN_POINT('',(56.46152282259378,321.1115272346004,-58.20577445756964));
#2338=CARTESIAN_POINT('',(30.48076042370022,321.1115272346004,-43.20577429281654));
#2339=CARTESIAN_POINT('Origin',(31.00703823551466,321.1115272346004,-7.70576827431084));
#2340=CARTESIAN_POINT('',(31.00703823551466,318.7115272346004,-7.70576827431084));
#2341=CARTESIAN_POINT('',(36.93425063926182,318.7115272346004,-17.97200130485388));
#2342=CARTESIAN_POINT('',(31.00703823551466,316.3115272346004,-7.70576827431084));
#2343=CARTESIAN_POINT('',(31.00703823551466,316.3115272346004,-7.70576827431084));
#2344=CARTESIAN_POINT('',(31.00703823551466,321.1115272346004,-7.70576827431084));
#2345=CARTESIAN_POINT('Origin',(46.93524146579022,321.1115272346004,-19.29422554243044));
#2346=CARTESIAN_POINT('',(37.93524146579022,316.3115272346004,-3.705768274310634));
#2347=CARTESIAN_POINT('',(37.93524146579022,321.1115272346004,-3.705768274310634));
#2348=CARTESIAN_POINT('',(37.93524146579022,316.3115272346004,-3.705768274310634));
#2349=CARTESIAN_POINT('Origin',(38.9711398506525,316.3115272346004,-13.49999690837076));
#2350=CARTESIAN_POINT('',(47.46152090741886,316.3115272346004,1.794231725689086));
#2351=CARTESIAN_POINT('Origin',(37.93524425106197,321.1115272346004,-68.2942317256902));
#2352=CARTESIAN_POINT('',(43.862456022984,318.7115272346004,-58.02799825589334));
#2353=CARTESIAN_POINT('',(37.93524425106197,316.3115272346004,-68.2942317256902));
#2354=CARTESIAN_POINT('Origin',(40.00703933134632,321.1115272346004,-48.70577445756966));
#2355=CARTESIAN_POINT('',(41.43425168924802,318.7115272346004,-46.23376977121644));
#2356=CARTESIAN_POINT('',(31.00704067579938,316.3115272346004,-64.29423172569));
#2357=CARTESIAN_POINT('Origin',(38.97114185049888,316.3115272346004,-58.50000291423677));
#2358=CARTESIAN_POINT('Origin',(29.41769055547206,318.7115272346004,-36.00000000000012));
#2359=CARTESIAN_POINT('Origin',(-28.40896202416128,321.1115272346004,-9.2057682743109));
#2360=CARTESIAN_POINT('',(-37.40896202416116,318.7115272346004,-24.79422554243088));
#2361=CARTESIAN_POINT('',(-28.40896202416128,318.7115272346004,-9.2057682743109));
#2362=CARTESIAN_POINT('',(-34.33617442790844,318.7115272346004,-19.47200130485364));
#2363=CARTESIAN_POINT('',(-37.40896202416116,316.3115272346004,-24.79422554243088));
#2364=CARTESIAN_POINT('',(-37.40896202416116,321.1115272346004,-24.79422554243088));
#2365=CARTESIAN_POINT('',(-28.40896202416128,316.3115272346004,-9.2057682743109));
#2366=CARTESIAN_POINT('',(-28.40896202416128,316.3115272346004,-9.2057682743109));
#2367=CARTESIAN_POINT('',(-28.40896202416128,321.1115272346004,-9.2057682743109));
#2368=CARTESIAN_POINT('Origin',(-30.48075879388542,321.1115272346004,-28.79422554243096));
#2369=CARTESIAN_POINT('',(-21.48075879388542,316.3115272346004,-13.20576827431104));
#2370=CARTESIAN_POINT('',(-21.48075879388542,321.1115272346004,-13.20576827431104));
#2371=CARTESIAN_POINT('',(-30.48075879388542,316.3115272346004,-28.79422554243096));
#2372=CARTESIAN_POINT('',(-21.48075879388542,316.3115272346004,-13.20576827431104));
#2373=CARTESIAN_POINT('',(-30.48075879388542,321.1115272346004,-28.79422554243096));
#2374=CARTESIAN_POINT('Origin',(-29.44486040902332,316.3115272346004,-18.9999969083709));
#2375=CARTESIAN_POINT('',(-47.46152090741886,316.3115272346004,1.794231725689056));
#2376=CARTESIAN_POINT('',(-30.48075879388542,316.3115272346004,-28.79422554243096));
#2377=CARTESIAN_POINT('Origin',(-56.46152090741886,321.1115272346004,-13.79422554243084));
#2378=CARTESIAN_POINT('',(-30.4807618988166,321.1115272346004,-28.79422898070108));
#2379=CARTESIAN_POINT('',(-30.48075879388542,318.7115272346004,-28.79422554243096));
#2380=CARTESIAN_POINT('',(-49.53331767714293,316.3115272346004,-17.7942255424311));
#2381=CARTESIAN_POINT('',(-49.53331767714293,321.1115272346004,-17.7942255424311));
#2382=CARTESIAN_POINT('',(-56.46152090741886,316.3115272346004,-13.79422554243084));
#2383=CARTESIAN_POINT('',(-30.48075879388542,316.3115272346004,-28.79422554243096));
#2384=CARTESIAN_POINT('',(-56.46152090741886,321.1115272346004,-13.79422554243084));
#2385=CARTESIAN_POINT('Origin',(-29.41769055547182,318.7115272346004,-36.0));
#2386=CARTESIAN_POINT('Origin',(-49.53331767714293,321.1115272346004,-17.7942255424311));
#2387=CARTESIAN_POINT('',(-40.53331767714306,316.3115272346004,-2.205768274311138));
#2388=CARTESIAN_POINT('',(-40.53331767714306,321.1115272346004,-2.205768274311138));
#2389=CARTESIAN_POINT('',(-40.53331767714306,316.3115272346004,-2.205768274311138));
#2390=CARTESIAN_POINT('Origin',(-48.49741929228096,316.3115272346004,-7.99999690837098));
#2391=CARTESIAN_POINT('',(-47.46152090741886,316.3115272346004,1.794231725689056));
#2392=CARTESIAN_POINT('',(-47.46152090741886,316.3115272346004,1.794231725689056));
#2393=CARTESIAN_POINT('',(-56.46152090741886,316.3115272346004,-13.79422554243084));
#2394=CARTESIAN_POINT('Origin',(-29.41769055547182,318.7115272346004,-36.0));
#2395=CARTESIAN_POINT('',(-21.48075934784034,318.7115272346004,-13.2057692337891));
#2396=CARTESIAN_POINT('Origin',(-40.53332059178394,321.1115272346004,-69.794231725689));
#2397=CARTESIAN_POINT('',(-40.53332059178394,316.3115272346004,-69.794231725689));
#2398=CARTESIAN_POINT('Origin',(-48.49742170718844,316.3115272346004,-64.0000030916292));
#2399=CARTESIAN_POINT('',(-56.46152282259318,316.3115272346004,-58.20577445756916));
#2400=CARTESIAN_POINT('Origin',(21.48075879388542,321.1115272346004,-13.20576827431104));
#2401=CARTESIAN_POINT('',(21.48075879388542,316.3115272346004,-13.20576827431104));
#2402=CARTESIAN_POINT('',(21.48075879388542,316.3115272346004,-13.20576827431104));
#2403=CARTESIAN_POINT('',(21.48075879388542,321.1115272346004,-13.20576827431104));
#2404=CARTESIAN_POINT('Origin',(37.40896202416116,321.1115272346004,-24.7942255424307));
#2405=CARTESIAN_POINT('',(28.40896202416128,318.7115272346004,-9.20576827431084));
#2406=CARTESIAN_POINT('',(38.8361744279085,318.7115272346004,-27.26622993891366));
#2407=CARTESIAN_POINT('',(28.40896202416128,316.3115272346004,-9.20576827431084));
#2408=CARTESIAN_POINT('',(28.40896202416128,321.1115272346004,-9.20576827431084));
#2409=CARTESIAN_POINT('',(28.40896202416128,316.3115272346004,-9.20576827431084));
#2410=CARTESIAN_POINT('Origin',(29.44486040902332,316.3115272346004,-18.9999969083709));
#2411=CARTESIAN_POINT('',(47.46152090741886,316.3115272346004,1.794231725689086));
#2412=CARTESIAN_POINT('Origin',(29.41769055547206,318.7115272346004,-36.00000000000012));
#2413=CARTESIAN_POINT('',(47.46152090741886,318.7115272346004,1.794231725689086));
#2414=CARTESIAN_POINT('Origin',(-8.326672684688701E-16,321.1115272346004,-36.0));
#2415=CARTESIAN_POINT('',(-11.98499043835092,321.1115272346004,-35.40000365870454));
#2416=CARTESIAN_POINT('',(-11.3738582892321,321.1115272346004,-39.82561616388756));
#2417=CARTESIAN_POINT('Origin',(-47.46152090741886,321.1115272346004,1.794231725689056));
#2418=CARTESIAN_POINT('',(-47.46152090741886,321.1115272346004,1.794231725689056));
#2419=CARTESIAN_POINT('Origin',(-2.373858288350412,321.1115272346004,-24.23714370385488));
#2420=CARTESIAN_POINT('',(-2.373858288350412,321.1115272346004,-24.23714370385488));
#2421=CARTESIAN_POINT('Origin',(-11.3738582892321,321.1115272346004,-52.95900758432177));
#2422=CARTESIAN_POINT('Origin',(-56.46152282259318,321.1115272346004,-58.20577445756916));
#2423=CARTESIAN_POINT('Origin',(-30.4807618988166,321.1115272346004,-28.79422898070108));
#2424=CARTESIAN_POINT('Origin',(-8.326672684688701E-16,321.1115272346004,-36.0));
#2425=CARTESIAN_POINT('',(-11.98499043835092,310.3115272346004,-35.40000365870454));
#2426=CARTESIAN_POINT('',(-11.98499043835092,321.1115272346004,-35.40000365870454));
#2427=CARTESIAN_POINT('',(11.984990215575,310.3115272346004,-35.39999924322558));
#2428=CARTESIAN_POINT('Origin',(-8.326672684688701E-16,310.3115272346004,-36.0));
#2429=CARTESIAN_POINT('',(11.984990215575,321.1115272346004,-35.39999924322558));
#2430=CARTESIAN_POINT('',(2.373856646461662,321.1115272346004,-24.23714337250596));
#2431=CARTESIAN_POINT('Origin',(-8.326672684688701E-16,321.1115272346004,-36.0));
#2432=CARTESIAN_POINT('',(11.984990215575,321.1115272346004,-35.39999924322558));
#2433=CARTESIAN_POINT('',(11.3738582892321,321.1115272346004,-39.82561616388756));
#2434=CARTESIAN_POINT('Origin',(47.46152090741886,321.1115272346004,1.794231725689086));
#2435=CARTESIAN_POINT('',(47.46152090741886,321.1115272346004,1.794231725689086));
#2436=CARTESIAN_POINT('Origin',(56.4615209074188,321.1115272346004,-13.79422554243084));
#2437=CARTESIAN_POINT('Origin',(30.48076236532266,321.1115272346004,-43.20577092982764));
#2438=CARTESIAN_POINT('Origin',(47.4615241670457,321.1115272346004,-73.7942317256892));
#2439=CARTESIAN_POINT('Origin',(11.3738582892321,321.1115272346004,-39.82561616388756));
#2440=CARTESIAN_POINT('Origin',(29.41769055547206,318.7115272346004,-36.00000000000012));
#2441=CARTESIAN_POINT('Origin',(-4.5,321.1115272346004,-42.29999943673608));
#2442=CARTESIAN_POINT('',(-3.59999991953373,310.3115272346004,-43.2));
#2443=CARTESIAN_POINT('',(-3.59999991953373,321.1115272346004,-43.2));
#2444=CARTESIAN_POINT('',(-4.5,310.3115272346004,-42.29999943673608));
#2445=CARTESIAN_POINT('',(-3.59999991953373,310.3115272346004,-43.2));
#2446=CARTESIAN_POINT('',(-4.5,321.1115272346004,-42.29999943673608));
#2447=CARTESIAN_POINT('Origin',(-4.500000000000006,321.1115272346004,-35.40000366985722));
#2448=CARTESIAN_POINT('',(-4.500000000000006,310.3115272346004,-35.40000366985722));
#2449=CARTESIAN_POINT('',(-4.5,310.3115272346004,-42.29999943673608));
#2450=CARTESIAN_POINT('',(-4.500000000000006,321.1115272346004,-35.40000366985722));
#2451=CARTESIAN_POINT('Origin',(-11.984990215575,321.1115272346004,-35.40000366985722));
#2452=CARTESIAN_POINT('',(-4.500000000000006,310.3115272346004,-35.40000366985722));
#2453=CARTESIAN_POINT('Origin',(4.500000000000006,321.1115272346004,-35.39999798193336));
#2454=CARTESIAN_POINT('',(4.500000000000006,310.3115272346004,-35.39999798193336));
#2455=CARTESIAN_POINT('',(4.500000000000006,310.3115272346004,-35.39999798193336));
#2456=CARTESIAN_POINT('',(4.500000000000006,321.1115272346004,-35.39999798193336));
#2457=CARTESIAN_POINT('Origin',(4.500000000000006,321.1115272346004,-42.29999943673608));
#2458=CARTESIAN_POINT('',(4.500000000000006,310.3115272346004,-42.29999943673608));
#2459=CARTESIAN_POINT('',(4.500000000000006,310.3115272346004,-42.29999943673608));
#2460=CARTESIAN_POINT('',(4.500000000000006,321.1115272346004,-42.29999943673608));
#2461=CARTESIAN_POINT('Origin',(3.599999919533736,321.1115272346004,-43.2));
#2462=CARTESIAN_POINT('',(3.599999919533736,310.3115272346004,-43.2));
#2463=CARTESIAN_POINT('',(3.599999919533736,310.3115272346004,-43.2));
#2464=CARTESIAN_POINT('',(3.599999919533736,321.1115272346004,-43.2));
#2465=CARTESIAN_POINT('Origin',(-3.59999991953373,321.1115272346004,-43.2));
#2466=CARTESIAN_POINT('',(-5.699999999999934,310.3115272346004,-43.2));
#2467=CARTESIAN_POINT('Origin',(-1.105271107970652E-07,310.3115272346004,-33.60000017881392));
#2468=UNCERTAINTY_MEASURE_WITH_UNIT(LENGTH_MEASURE(0.06),#2472, 'DISTANCE_ACCURACY_VALUE', 'Maximum model space distance between geometric entities at asserted c onnectivities');
#2469=UNCERTAINTY_MEASURE_WITH_UNIT(LENGTH_MEASURE(0.06),#2472, 'DISTANCE_ACCURACY_VALUE', 'Maximum model space distance between geometric entities at asserted c onnectivities');
#2470=( GEOMETRIC_REPRESENTATION_CONTEXT(3) GLOBAL_UNCERTAINTY_ASSIGNED_CONTEXT((#2468)) GLOBAL_UNIT_ASSIGNED_CONTEXT((#2472,#2474,#2475)) REPRESENTATION_CONTEXT('','3D') );
#2471=( GEOMETRIC_REPRESENTATION_CONTEXT(3) GLOBAL_UNCERTAINTY_ASSIGNED_CONTEXT((#2469)) GLOBAL_UNIT_ASSIGNED_CONTEXT((#2472,#2474,#2475)) REPRESENTATION_CONTEXT('','3D') );
#2472=( LENGTH_UNIT() NAMED_UNIT(*) SI_UNIT(.MILLI.,.METRE.) );
#2473=( LENGTH_UNIT() NAMED_UNIT(*) SI_UNIT($,.METRE.) );
#2474=( NAMED_UNIT(*) PLANE_ANGLE_UNIT() SI_UNIT($,.RADIAN.) );
#2475=( NAMED_UNIT(*) SI_UNIT($,.STERADIAN.) SOLID_ANGLE_UNIT() );
#2476=SHAPE_DEFINITION_REPRESENTATION(#2477,#2478);
#2477=PRODUCT_DEFINITION_SHAPE('',$,#2480);
#2478=SHAPE_REPRESENTATION('',(#1561),#2470);
#2479=PRODUCT_DEFINITION_CONTEXT('part definition',#2484,'design');
#2480=PRODUCT_DEFINITION('Solar arrays - ATV','Solar arrays - ATV',#2481, #2479);
#2481=PRODUCT_DEFINITION_FORMATION('',$,#2486);
#2482=PRODUCT_RELATED_PRODUCT_CATEGORY('Solar arrays - ATV', 'Solar arrays - ATV',(#2486));
#2483=APPLICATION_PROTOCOL_DEFINITION('international standard', 'automotive_design',2009,#2484);
#2484=APPLICATION_CONTEXT( 'Core Data for Automotive Mechanical Design Process');
#2485=PRODUCT_CONTEXT('part definition',#2484,'mechanical');
#2486=PRODUCT('Solar arrays - ATV','Solar arrays - ATV',$,(#2485));
#2487=PRESENTATION_STYLE_ASSIGNMENT((#2489));
#2488=PRESENTATION_STYLE_ASSIGNMENT((#2490));
#2489=SURFACE_STYLE_USAGE(.BOTH.,#2491);
#2490=SURFACE_STYLE_USAGE(.BOTH.,#2492);
#2491=SURFACE_SIDE_STYLE('',(#2493));
#2492=SURFACE_SIDE_STYLE('',(#2494));
#2493=SURFACE_STYLE_FILL_AREA(#2495);
#2494=SURFACE_STYLE_FILL_AREA(#2496);
#2495=FILL_AREA_STYLE('Steel - Satin',(#2497));
#2496=FILL_AREA_STYLE('ABS (White)',(#2498));
#2497=FILL_AREA_STYLE_COLOUR('Steel - Satin',#2499);
#2498=FILL_AREA_STYLE_COLOUR('ABS (White)',#2500);
#2499=COLOUR_RGB('Steel - Satin',0.627450980392157,0.627450980392157,0.627450980392157);
#2500=COLOUR_RGB('ABS (White)',0.964705882352941,0.964705882352941,0.952941176470588);
ENDSEC;
END-ISO-10303-21;
