ISO-10303-21;
HEADER;
/* Generated by software containing ST-Developer
 * from STEP Tools, Inc. (www.steptools.com) 
 */

FILE_DESCRIPTION(
/* description */ (''),
/* implementation_level */ '2;1');

FILE_NAME(
/* name */ 'Solar arrays - Zveda.step',
/* time_stamp */ '2024-11-15T18:01:03+01:00',
/* author */ (''),
/* organization */ (''),
/* preprocessor_version */ 'ST-DEVELOPER v20',
/* originating_system */ 'Autodesk Translation Framework v13.20.0.188',

/* authorisation */ '');

FILE_SCHEMA (('AUTOMOTIVE_DESIGN { 1 0 10303 214 3 1 1 }'));
ENDSEC;

DATA;
#10=MECHANICAL_DESIGN_GEOMETRIC_PRESENTATION_REPRESENTATION('',(#13),#8503);
#11=SHAPE_REPRESENTATION_RELATIONSHIP('SRR','None',#8510,#12);
#12=ADVANCED_BREP_SHAPE_REPRESENTATION('',(#14),#8502);
#13=STYLED_ITEM('',(#8520),#14);
#14=MANIFOLD_SOLID_BREP('Body1',#5379);
#15=CYLINDRICAL_SURFACE('',#5681,15.01814671396254);
#16=FACE_BOUND('',#503,.T.);
#17=FACE_BOUND('',#504,.T.);
#18=FACE_BOUND('',#505,.T.);
#19=FACE_BOUND('',#506,.T.);
#20=FACE_BOUND('',#507,.T.);
#21=FACE_BOUND('',#508,.T.);
#22=FACE_BOUND('',#509,.T.);
#23=FACE_BOUND('',#510,.T.);
#24=FACE_BOUND('',#511,.T.);
#25=FACE_BOUND('',#512,.T.);
#26=FACE_BOUND('',#513,.T.);
#27=FACE_BOUND('',#514,.T.);
#28=FACE_BOUND('',#515,.T.);
#29=FACE_BOUND('',#516,.T.);
#30=FACE_BOUND('',#517,.T.);
#31=FACE_BOUND('',#518,.T.);
#32=FACE_BOUND('',#519,.T.);
#33=FACE_BOUND('',#520,.T.);
#34=FACE_BOUND('',#521,.T.);
#35=FACE_BOUND('',#522,.T.);
#36=FACE_BOUND('',#523,.T.);
#37=FACE_BOUND('',#524,.T.);
#38=FACE_BOUND('',#525,.T.);
#39=FACE_BOUND('',#526,.T.);
#40=FACE_BOUND('',#527,.T.);
#41=FACE_BOUND('',#671,.T.);
#42=FACE_BOUND('',#672,.T.);
#43=FACE_BOUND('',#673,.T.);
#44=FACE_BOUND('',#674,.T.);
#45=FACE_BOUND('',#675,.T.);
#46=FACE_BOUND('',#676,.T.);
#47=FACE_BOUND('',#677,.T.);
#48=FACE_BOUND('',#678,.T.);
#49=FACE_BOUND('',#679,.T.);
#50=FACE_BOUND('',#680,.T.);
#51=FACE_BOUND('',#681,.T.);
#52=FACE_BOUND('',#682,.T.);
#53=FACE_BOUND('',#683,.T.);
#54=FACE_BOUND('',#684,.T.);
#55=FACE_BOUND('',#685,.T.);
#56=FACE_BOUND('',#686,.T.);
#57=FACE_BOUND('',#687,.T.);
#58=FACE_BOUND('',#688,.T.);
#59=FACE_BOUND('',#689,.T.);
#60=FACE_BOUND('',#690,.T.);
#61=FACE_BOUND('',#691,.T.);
#62=FACE_BOUND('',#692,.T.);
#63=FACE_BOUND('',#693,.T.);
#64=FACE_BOUND('',#694,.T.);
#65=FACE_BOUND('',#695,.T.);
#66=CIRCLE('',#5400,15.01814671396254);
#67=CIRCLE('',#5682,15.01814671396254);
#68=FACE_OUTER_BOUND('',#362,.T.);
#69=FACE_OUTER_BOUND('',#363,.T.);
#70=FACE_OUTER_BOUND('',#364,.T.);
#71=FACE_OUTER_BOUND('',#365,.T.);
#72=FACE_OUTER_BOUND('',#366,.T.);
#73=FACE_OUTER_BOUND('',#367,.T.);
#74=FACE_OUTER_BOUND('',#368,.T.);
#75=FACE_OUTER_BOUND('',#369,.T.);
#76=FACE_OUTER_BOUND('',#370,.T.);
#77=FACE_OUTER_BOUND('',#371,.T.);
#78=FACE_OUTER_BOUND('',#372,.T.);
#79=FACE_OUTER_BOUND('',#373,.T.);
#80=FACE_OUTER_BOUND('',#374,.T.);
#81=FACE_OUTER_BOUND('',#375,.T.);
#82=FACE_OUTER_BOUND('',#376,.T.);
#83=FACE_OUTER_BOUND('',#377,.T.);
#84=FACE_OUTER_BOUND('',#378,.T.);
#85=FACE_OUTER_BOUND('',#379,.T.);
#86=FACE_OUTER_BOUND('',#380,.T.);
#87=FACE_OUTER_BOUND('',#381,.T.);
#88=FACE_OUTER_BOUND('',#382,.T.);
#89=FACE_OUTER_BOUND('',#383,.T.);
#90=FACE_OUTER_BOUND('',#384,.T.);
#91=FACE_OUTER_BOUND('',#385,.T.);
#92=FACE_OUTER_BOUND('',#386,.T.);
#93=FACE_OUTER_BOUND('',#387,.T.);
#94=FACE_OUTER_BOUND('',#388,.T.);
#95=FACE_OUTER_BOUND('',#389,.T.);
#96=FACE_OUTER_BOUND('',#390,.T.);
#97=FACE_OUTER_BOUND('',#391,.T.);
#98=FACE_OUTER_BOUND('',#392,.T.);
#99=FACE_OUTER_BOUND('',#393,.T.);
#100=FACE_OUTER_BOUND('',#394,.T.);
#101=FACE_OUTER_BOUND('',#395,.T.);
#102=FACE_OUTER_BOUND('',#396,.T.);
#103=FACE_OUTER_BOUND('',#397,.T.);
#104=FACE_OUTER_BOUND('',#398,.T.);
#105=FACE_OUTER_BOUND('',#399,.T.);
#106=FACE_OUTER_BOUND('',#400,.T.);
#107=FACE_OUTER_BOUND('',#401,.T.);
#108=FACE_OUTER_BOUND('',#402,.T.);
#109=FACE_OUTER_BOUND('',#403,.T.);
#110=FACE_OUTER_BOUND('',#404,.T.);
#111=FACE_OUTER_BOUND('',#405,.T.);
#112=FACE_OUTER_BOUND('',#406,.T.);
#113=FACE_OUTER_BOUND('',#407,.T.);
#114=FACE_OUTER_BOUND('',#408,.T.);
#115=FACE_OUTER_BOUND('',#409,.T.);
#116=FACE_OUTER_BOUND('',#410,.T.);
#117=FACE_OUTER_BOUND('',#411,.T.);
#118=FACE_OUTER_BOUND('',#412,.T.);
#119=FACE_OUTER_BOUND('',#413,.T.);
#120=FACE_OUTER_BOUND('',#414,.T.);
#121=FACE_OUTER_BOUND('',#415,.T.);
#122=FACE_OUTER_BOUND('',#416,.T.);
#123=FACE_OUTER_BOUND('',#417,.T.);
#124=FACE_OUTER_BOUND('',#418,.T.);
#125=FACE_OUTER_BOUND('',#419,.T.);
#126=FACE_OUTER_BOUND('',#420,.T.);
#127=FACE_OUTER_BOUND('',#421,.T.);
#128=FACE_OUTER_BOUND('',#422,.T.);
#129=FACE_OUTER_BOUND('',#423,.T.);
#130=FACE_OUTER_BOUND('',#424,.T.);
#131=FACE_OUTER_BOUND('',#425,.T.);
#132=FACE_OUTER_BOUND('',#426,.T.);
#133=FACE_OUTER_BOUND('',#427,.T.);
#134=FACE_OUTER_BOUND('',#428,.T.);
#135=FACE_OUTER_BOUND('',#429,.T.);
#136=FACE_OUTER_BOUND('',#430,.T.);
#137=FACE_OUTER_BOUND('',#431,.T.);
#138=FACE_OUTER_BOUND('',#432,.T.);
#139=FACE_OUTER_BOUND('',#433,.T.);
#140=FACE_OUTER_BOUND('',#434,.T.);
#141=FACE_OUTER_BOUND('',#435,.T.);
#142=FACE_OUTER_BOUND('',#436,.T.);
#143=FACE_OUTER_BOUND('',#437,.T.);
#144=FACE_OUTER_BOUND('',#438,.T.);
#145=FACE_OUTER_BOUND('',#439,.T.);
#146=FACE_OUTER_BOUND('',#440,.T.);
#147=FACE_OUTER_BOUND('',#441,.T.);
#148=FACE_OUTER_BOUND('',#442,.T.);
#149=FACE_OUTER_BOUND('',#443,.T.);
#150=FACE_OUTER_BOUND('',#444,.T.);
#151=FACE_OUTER_BOUND('',#445,.T.);
#152=FACE_OUTER_BOUND('',#446,.T.);
#153=FACE_OUTER_BOUND('',#447,.T.);
#154=FACE_OUTER_BOUND('',#448,.T.);
#155=FACE_OUTER_BOUND('',#449,.T.);
#156=FACE_OUTER_BOUND('',#450,.T.);
#157=FACE_OUTER_BOUND('',#451,.T.);
#158=FACE_OUTER_BOUND('',#452,.T.);
#159=FACE_OUTER_BOUND('',#453,.T.);
#160=FACE_OUTER_BOUND('',#454,.T.);
#161=FACE_OUTER_BOUND('',#455,.T.);
#162=FACE_OUTER_BOUND('',#456,.T.);
#163=FACE_OUTER_BOUND('',#457,.T.);
#164=FACE_OUTER_BOUND('',#458,.T.);
#165=FACE_OUTER_BOUND('',#459,.T.);
#166=FACE_OUTER_BOUND('',#460,.T.);
#167=FACE_OUTER_BOUND('',#461,.T.);
#168=FACE_OUTER_BOUND('',#462,.T.);
#169=FACE_OUTER_BOUND('',#463,.T.);
#170=FACE_OUTER_BOUND('',#464,.T.);
#171=FACE_OUTER_BOUND('',#465,.T.);
#172=FACE_OUTER_BOUND('',#466,.T.);
#173=FACE_OUTER_BOUND('',#467,.T.);
#174=FACE_OUTER_BOUND('',#468,.T.);
#175=FACE_OUTER_BOUND('',#469,.T.);
#176=FACE_OUTER_BOUND('',#470,.T.);
#177=FACE_OUTER_BOUND('',#471,.T.);
#178=FACE_OUTER_BOUND('',#472,.T.);
#179=FACE_OUTER_BOUND('',#473,.T.);
#180=FACE_OUTER_BOUND('',#474,.T.);
#181=FACE_OUTER_BOUND('',#475,.T.);
#182=FACE_OUTER_BOUND('',#476,.T.);
#183=FACE_OUTER_BOUND('',#477,.T.);
#184=FACE_OUTER_BOUND('',#478,.T.);
#185=FACE_OUTER_BOUND('',#479,.T.);
#186=FACE_OUTER_BOUND('',#480,.T.);
#187=FACE_OUTER_BOUND('',#481,.T.);
#188=FACE_OUTER_BOUND('',#482,.T.);
#189=FACE_OUTER_BOUND('',#483,.T.);
#190=FACE_OUTER_BOUND('',#484,.T.);
#191=FACE_OUTER_BOUND('',#485,.T.);
#192=FACE_OUTER_BOUND('',#486,.T.);
#193=FACE_OUTER_BOUND('',#487,.T.);
#194=FACE_OUTER_BOUND('',#488,.T.);
#195=FACE_OUTER_BOUND('',#489,.T.);
#196=FACE_OUTER_BOUND('',#490,.T.);
#197=FACE_OUTER_BOUND('',#491,.T.);
#198=FACE_OUTER_BOUND('',#492,.T.);
#199=FACE_OUTER_BOUND('',#493,.T.);
#200=FACE_OUTER_BOUND('',#494,.T.);
#201=FACE_OUTER_BOUND('',#495,.T.);
#202=FACE_OUTER_BOUND('',#496,.T.);
#203=FACE_OUTER_BOUND('',#497,.T.);
#204=FACE_OUTER_BOUND('',#498,.T.);
#205=FACE_OUTER_BOUND('',#499,.T.);
#206=FACE_OUTER_BOUND('',#500,.T.);
#207=FACE_OUTER_BOUND('',#501,.T.);
#208=FACE_OUTER_BOUND('',#502,.T.);
#209=FACE_OUTER_BOUND('',#528,.T.);
#210=FACE_OUTER_BOUND('',#529,.T.);
#211=FACE_OUTER_BOUND('',#530,.T.);
#212=FACE_OUTER_BOUND('',#531,.T.);
#213=FACE_OUTER_BOUND('',#532,.T.);
#214=FACE_OUTER_BOUND('',#533,.T.);
#215=FACE_OUTER_BOUND('',#534,.T.);
#216=FACE_OUTER_BOUND('',#535,.T.);
#217=FACE_OUTER_BOUND('',#536,.T.);
#218=FACE_OUTER_BOUND('',#537,.T.);
#219=FACE_OUTER_BOUND('',#538,.T.);
#220=FACE_OUTER_BOUND('',#539,.T.);
#221=FACE_OUTER_BOUND('',#540,.T.);
#222=FACE_OUTER_BOUND('',#541,.T.);
#223=FACE_OUTER_BOUND('',#542,.T.);
#224=FACE_OUTER_BOUND('',#543,.T.);
#225=FACE_OUTER_BOUND('',#544,.T.);
#226=FACE_OUTER_BOUND('',#545,.T.);
#227=FACE_OUTER_BOUND('',#546,.T.);
#228=FACE_OUTER_BOUND('',#547,.T.);
#229=FACE_OUTER_BOUND('',#548,.T.);
#230=FACE_OUTER_BOUND('',#549,.T.);
#231=FACE_OUTER_BOUND('',#550,.T.);
#232=FACE_OUTER_BOUND('',#551,.T.);
#233=FACE_OUTER_BOUND('',#552,.T.);
#234=FACE_OUTER_BOUND('',#553,.T.);
#235=FACE_OUTER_BOUND('',#554,.T.);
#236=FACE_OUTER_BOUND('',#555,.T.);
#237=FACE_OUTER_BOUND('',#556,.T.);
#238=FACE_OUTER_BOUND('',#557,.T.);
#239=FACE_OUTER_BOUND('',#558,.T.);
#240=FACE_OUTER_BOUND('',#559,.T.);
#241=FACE_OUTER_BOUND('',#560,.T.);
#242=FACE_OUTER_BOUND('',#561,.T.);
#243=FACE_OUTER_BOUND('',#562,.T.);
#244=FACE_OUTER_BOUND('',#563,.T.);
#245=FACE_OUTER_BOUND('',#564,.T.);
#246=FACE_OUTER_BOUND('',#565,.T.);
#247=FACE_OUTER_BOUND('',#566,.T.);
#248=FACE_OUTER_BOUND('',#567,.T.);
#249=FACE_OUTER_BOUND('',#568,.T.);
#250=FACE_OUTER_BOUND('',#569,.T.);
#251=FACE_OUTER_BOUND('',#570,.T.);
#252=FACE_OUTER_BOUND('',#571,.T.);
#253=FACE_OUTER_BOUND('',#572,.T.);
#254=FACE_OUTER_BOUND('',#573,.T.);
#255=FACE_OUTER_BOUND('',#574,.T.);
#256=FACE_OUTER_BOUND('',#575,.T.);
#257=FACE_OUTER_BOUND('',#576,.T.);
#258=FACE_OUTER_BOUND('',#577,.T.);
#259=FACE_OUTER_BOUND('',#578,.T.);
#260=FACE_OUTER_BOUND('',#579,.T.);
#261=FACE_OUTER_BOUND('',#580,.T.);
#262=FACE_OUTER_BOUND('',#581,.T.);
#263=FACE_OUTER_BOUND('',#582,.T.);
#264=FACE_OUTER_BOUND('',#583,.T.);
#265=FACE_OUTER_BOUND('',#584,.T.);
#266=FACE_OUTER_BOUND('',#585,.T.);
#267=FACE_OUTER_BOUND('',#586,.T.);
#268=FACE_OUTER_BOUND('',#587,.T.);
#269=FACE_OUTER_BOUND('',#588,.T.);
#270=FACE_OUTER_BOUND('',#589,.T.);
#271=FACE_OUTER_BOUND('',#590,.T.);
#272=FACE_OUTER_BOUND('',#591,.T.);
#273=FACE_OUTER_BOUND('',#592,.T.);
#274=FACE_OUTER_BOUND('',#593,.T.);
#275=FACE_OUTER_BOUND('',#594,.T.);
#276=FACE_OUTER_BOUND('',#595,.T.);
#277=FACE_OUTER_BOUND('',#596,.T.);
#278=FACE_OUTER_BOUND('',#597,.T.);
#279=FACE_OUTER_BOUND('',#598,.T.);
#280=FACE_OUTER_BOUND('',#599,.T.);
#281=FACE_OUTER_BOUND('',#600,.T.);
#282=FACE_OUTER_BOUND('',#601,.T.);
#283=FACE_OUTER_BOUND('',#602,.T.);
#284=FACE_OUTER_BOUND('',#603,.T.);
#285=FACE_OUTER_BOUND('',#604,.T.);
#286=FACE_OUTER_BOUND('',#605,.T.);
#287=FACE_OUTER_BOUND('',#606,.T.);
#288=FACE_OUTER_BOUND('',#607,.T.);
#289=FACE_OUTER_BOUND('',#608,.T.);
#290=FACE_OUTER_BOUND('',#609,.T.);
#291=FACE_OUTER_BOUND('',#610,.T.);
#292=FACE_OUTER_BOUND('',#611,.T.);
#293=FACE_OUTER_BOUND('',#612,.T.);
#294=FACE_OUTER_BOUND('',#613,.T.);
#295=FACE_OUTER_BOUND('',#614,.T.);
#296=FACE_OUTER_BOUND('',#615,.T.);
#297=FACE_OUTER_BOUND('',#616,.T.);
#298=FACE_OUTER_BOUND('',#617,.T.);
#299=FACE_OUTER_BOUND('',#618,.T.);
#300=FACE_OUTER_BOUND('',#619,.T.);
#301=FACE_OUTER_BOUND('',#620,.T.);
#302=FACE_OUTER_BOUND('',#621,.T.);
#303=FACE_OUTER_BOUND('',#622,.T.);
#304=FACE_OUTER_BOUND('',#623,.T.);
#305=FACE_OUTER_BOUND('',#624,.T.);
#306=FACE_OUTER_BOUND('',#625,.T.);
#307=FACE_OUTER_BOUND('',#626,.T.);
#308=FACE_OUTER_BOUND('',#627,.T.);
#309=FACE_OUTER_BOUND('',#628,.T.);
#310=FACE_OUTER_BOUND('',#629,.T.);
#311=FACE_OUTER_BOUND('',#630,.T.);
#312=FACE_OUTER_BOUND('',#631,.T.);
#313=FACE_OUTER_BOUND('',#632,.T.);
#314=FACE_OUTER_BOUND('',#633,.T.);
#315=FACE_OUTER_BOUND('',#634,.T.);
#316=FACE_OUTER_BOUND('',#635,.T.);
#317=FACE_OUTER_BOUND('',#636,.T.);
#318=FACE_OUTER_BOUND('',#637,.T.);
#319=FACE_OUTER_BOUND('',#638,.T.);
#320=FACE_OUTER_BOUND('',#639,.T.);
#321=FACE_OUTER_BOUND('',#640,.T.);
#322=FACE_OUTER_BOUND('',#641,.T.);
#323=FACE_OUTER_BOUND('',#642,.T.);
#324=FACE_OUTER_BOUND('',#643,.T.);
#325=FACE_OUTER_BOUND('',#644,.T.);
#326=FACE_OUTER_BOUND('',#645,.T.);
#327=FACE_OUTER_BOUND('',#646,.T.);
#328=FACE_OUTER_BOUND('',#647,.T.);
#329=FACE_OUTER_BOUND('',#648,.T.);
#330=FACE_OUTER_BOUND('',#649,.T.);
#331=FACE_OUTER_BOUND('',#650,.T.);
#332=FACE_OUTER_BOUND('',#651,.T.);
#333=FACE_OUTER_BOUND('',#652,.T.);
#334=FACE_OUTER_BOUND('',#653,.T.);
#335=FACE_OUTER_BOUND('',#654,.T.);
#336=FACE_OUTER_BOUND('',#655,.T.);
#337=FACE_OUTER_BOUND('',#656,.T.);
#338=FACE_OUTER_BOUND('',#657,.T.);
#339=FACE_OUTER_BOUND('',#658,.T.);
#340=FACE_OUTER_BOUND('',#659,.T.);
#341=FACE_OUTER_BOUND('',#660,.T.);
#342=FACE_OUTER_BOUND('',#661,.T.);
#343=FACE_OUTER_BOUND('',#662,.T.);
#344=FACE_OUTER_BOUND('',#663,.T.);
#345=FACE_OUTER_BOUND('',#664,.T.);
#346=FACE_OUTER_BOUND('',#665,.T.);
#347=FACE_OUTER_BOUND('',#666,.T.);
#348=FACE_OUTER_BOUND('',#667,.T.);
#349=FACE_OUTER_BOUND('',#668,.T.);
#350=FACE_OUTER_BOUND('',#669,.T.);
#351=FACE_OUTER_BOUND('',#670,.T.);
#352=FACE_OUTER_BOUND('',#696,.T.);
#353=FACE_OUTER_BOUND('',#697,.T.);
#354=FACE_OUTER_BOUND('',#698,.T.);
#355=FACE_OUTER_BOUND('',#699,.T.);
#356=FACE_OUTER_BOUND('',#700,.T.);
#357=FACE_OUTER_BOUND('',#701,.T.);
#358=FACE_OUTER_BOUND('',#702,.T.);
#359=FACE_OUTER_BOUND('',#703,.T.);
#360=FACE_OUTER_BOUND('',#704,.T.);
#361=FACE_OUTER_BOUND('',#705,.T.);
#362=EDGE_LOOP('',(#3348,#3349,#3350,#3351,#3352));
#363=EDGE_LOOP('',(#3353,#3354,#3355,#3356));
#364=EDGE_LOOP('',(#3357,#3358,#3359,#3360,#3361));
#365=EDGE_LOOP('',(#3362,#3363,#3364,#3365));
#366=EDGE_LOOP('',(#3366,#3367,#3368,#3369));
#367=EDGE_LOOP('',(#3370,#3371,#3372,#3373));
#368=EDGE_LOOP('',(#3374,#3375,#3376,#3377,#3378,#3379,#3380,#3381,#3382, #3383,#3384,#3385,#3386,#3387,#3388,#3389,#3390,#3391,#3392,#3393));
#369=EDGE_LOOP('',(#3394,#3395,#3396,#3397,#3398));
#370=EDGE_LOOP('',(#3399,#3400,#3401,#3402));
#371=EDGE_LOOP('',(#3403,#3404,#3405,#3406));
#372=EDGE_LOOP('',(#3407,#3408,#3409,#3410));
#373=EDGE_LOOP('',(#3411,#3412,#3413,#3414));
#374=EDGE_LOOP('',(#3415,#3416,#3417,#3418));
#375=EDGE_LOOP('',(#3419,#3420,#3421,#3422));
#376=EDGE_LOOP('',(#3423,#3424,#3425,#3426));
#377=EDGE_LOOP('',(#3427,#3428,#3429,#3430));
#378=EDGE_LOOP('',(#3431,#3432,#3433,#3434));
#379=EDGE_LOOP('',(#3435,#3436,#3437,#3438));
#380=EDGE_LOOP('',(#3439,#3440,#3441,#3442));
#381=EDGE_LOOP('',(#3443,#3444,#3445,#3446));
#382=EDGE_LOOP('',(#3447,#3448,#3449,#3450));
#383=EDGE_LOOP('',(#3451,#3452,#3453,#3454));
#384=EDGE_LOOP('',(#3455,#3456,#3457,#3458));
#385=EDGE_LOOP('',(#3459,#3460,#3461,#3462));
#386=EDGE_LOOP('',(#3463,#3464,#3465,#3466));
#387=EDGE_LOOP('',(#3467,#3468,#3469,#3470));
#388=EDGE_LOOP('',(#3471,#3472,#3473,#3474));
#389=EDGE_LOOP('',(#3475,#3476,#3477,#3478));
#390=EDGE_LOOP('',(#3479,#3480,#3481,#3482));
#391=EDGE_LOOP('',(#3483,#3484,#3485,#3486));
#392=EDGE_LOOP('',(#3487,#3488,#3489,#3490));
#393=EDGE_LOOP('',(#3491,#3492,#3493,#3494));
#394=EDGE_LOOP('',(#3495,#3496,#3497,#3498));
#395=EDGE_LOOP('',(#3499,#3500,#3501,#3502));
#396=EDGE_LOOP('',(#3503,#3504,#3505,#3506));
#397=EDGE_LOOP('',(#3507,#3508,#3509,#3510));
#398=EDGE_LOOP('',(#3511,#3512,#3513,#3514));
#399=EDGE_LOOP('',(#3515,#3516,#3517,#3518));
#400=EDGE_LOOP('',(#3519,#3520,#3521,#3522));
#401=EDGE_LOOP('',(#3523,#3524,#3525,#3526));
#402=EDGE_LOOP('',(#3527,#3528,#3529,#3530));
#403=EDGE_LOOP('',(#3531,#3532,#3533,#3534));
#404=EDGE_LOOP('',(#3535,#3536,#3537,#3538));
#405=EDGE_LOOP('',(#3539,#3540,#3541,#3542));
#406=EDGE_LOOP('',(#3543,#3544,#3545,#3546));
#407=EDGE_LOOP('',(#3547,#3548,#3549,#3550));
#408=EDGE_LOOP('',(#3551,#3552,#3553,#3554));
#409=EDGE_LOOP('',(#3555,#3556,#3557,#3558));
#410=EDGE_LOOP('',(#3559,#3560,#3561,#3562));
#411=EDGE_LOOP('',(#3563,#3564,#3565,#3566));
#412=EDGE_LOOP('',(#3567,#3568,#3569,#3570));
#413=EDGE_LOOP('',(#3571,#3572,#3573,#3574));
#414=EDGE_LOOP('',(#3575,#3576,#3577,#3578));
#415=EDGE_LOOP('',(#3579,#3580,#3581,#3582));
#416=EDGE_LOOP('',(#3583,#3584,#3585,#3586));
#417=EDGE_LOOP('',(#3587,#3588,#3589,#3590));
#418=EDGE_LOOP('',(#3591,#3592,#3593,#3594));
#419=EDGE_LOOP('',(#3595,#3596,#3597,#3598));
#420=EDGE_LOOP('',(#3599,#3600,#3601,#3602));
#421=EDGE_LOOP('',(#3603,#3604,#3605,#3606));
#422=EDGE_LOOP('',(#3607,#3608,#3609,#3610));
#423=EDGE_LOOP('',(#3611,#3612,#3613,#3614));
#424=EDGE_LOOP('',(#3615,#3616,#3617,#3618));
#425=EDGE_LOOP('',(#3619,#3620,#3621,#3622));
#426=EDGE_LOOP('',(#3623,#3624,#3625,#3626));
#427=EDGE_LOOP('',(#3627,#3628,#3629,#3630));
#428=EDGE_LOOP('',(#3631,#3632,#3633,#3634));
#429=EDGE_LOOP('',(#3635,#3636,#3637,#3638));
#430=EDGE_LOOP('',(#3639,#3640,#3641,#3642));
#431=EDGE_LOOP('',(#3643,#3644,#3645,#3646));
#432=EDGE_LOOP('',(#3647,#3648,#3649,#3650));
#433=EDGE_LOOP('',(#3651,#3652,#3653,#3654));
#434=EDGE_LOOP('',(#3655,#3656,#3657,#3658));
#435=EDGE_LOOP('',(#3659,#3660,#3661,#3662));
#436=EDGE_LOOP('',(#3663,#3664,#3665,#3666));
#437=EDGE_LOOP('',(#3667,#3668,#3669,#3670));
#438=EDGE_LOOP('',(#3671,#3672,#3673,#3674));
#439=EDGE_LOOP('',(#3675,#3676,#3677,#3678));
#440=EDGE_LOOP('',(#3679,#3680,#3681,#3682));
#441=EDGE_LOOP('',(#3683,#3684,#3685,#3686));
#442=EDGE_LOOP('',(#3687,#3688,#3689,#3690));
#443=EDGE_LOOP('',(#3691,#3692,#3693,#3694));
#444=EDGE_LOOP('',(#3695,#3696,#3697,#3698));
#445=EDGE_LOOP('',(#3699,#3700,#3701,#3702));
#446=EDGE_LOOP('',(#3703,#3704,#3705,#3706));
#447=EDGE_LOOP('',(#3707,#3708,#3709,#3710));
#448=EDGE_LOOP('',(#3711,#3712,#3713,#3714));
#449=EDGE_LOOP('',(#3715,#3716,#3717,#3718));
#450=EDGE_LOOP('',(#3719,#3720,#3721,#3722));
#451=EDGE_LOOP('',(#3723,#3724,#3725,#3726));
#452=EDGE_LOOP('',(#3727,#3728,#3729,#3730));
#453=EDGE_LOOP('',(#3731,#3732,#3733,#3734));
#454=EDGE_LOOP('',(#3735,#3736,#3737,#3738));
#455=EDGE_LOOP('',(#3739,#3740,#3741,#3742));
#456=EDGE_LOOP('',(#3743,#3744,#3745,#3746));
#457=EDGE_LOOP('',(#3747,#3748,#3749,#3750));
#458=EDGE_LOOP('',(#3751,#3752,#3753,#3754));
#459=EDGE_LOOP('',(#3755,#3756,#3757,#3758));
#460=EDGE_LOOP('',(#3759,#3760,#3761,#3762));
#461=EDGE_LOOP('',(#3763,#3764,#3765,#3766));
#462=EDGE_LOOP('',(#3767,#3768,#3769,#3770));
#463=EDGE_LOOP('',(#3771,#3772,#3773,#3774));
#464=EDGE_LOOP('',(#3775,#3776,#3777,#3778));
#465=EDGE_LOOP('',(#3779,#3780,#3781,#3782));
#466=EDGE_LOOP('',(#3783,#3784,#3785,#3786));
#467=EDGE_LOOP('',(#3787,#3788,#3789,#3790));
#468=EDGE_LOOP('',(#3791,#3792,#3793,#3794));
#469=EDGE_LOOP('',(#3795,#3796,#3797,#3798));
#470=EDGE_LOOP('',(#3799,#3800,#3801,#3802));
#471=EDGE_LOOP('',(#3803,#3804,#3805,#3806));
#472=EDGE_LOOP('',(#3807,#3808,#3809,#3810));
#473=EDGE_LOOP('',(#3811,#3812,#3813,#3814));
#474=EDGE_LOOP('',(#3815,#3816,#3817,#3818));
#475=EDGE_LOOP('',(#3819,#3820,#3821,#3822));
#476=EDGE_LOOP('',(#3823,#3824,#3825,#3826));
#477=EDGE_LOOP('',(#3827,#3828,#3829,#3830));
#478=EDGE_LOOP('',(#3831,#3832,#3833,#3834));
#479=EDGE_LOOP('',(#3835,#3836,#3837,#3838));
#480=EDGE_LOOP('',(#3839,#3840,#3841,#3842));
#481=EDGE_LOOP('',(#3843,#3844,#3845,#3846));
#482=EDGE_LOOP('',(#3847,#3848,#3849,#3850));
#483=EDGE_LOOP('',(#3851,#3852,#3853,#3854));
#484=EDGE_LOOP('',(#3855,#3856,#3857,#3858));
#485=EDGE_LOOP('',(#3859,#3860,#3861,#3862));
#486=EDGE_LOOP('',(#3863,#3864,#3865,#3866));
#487=EDGE_LOOP('',(#3867,#3868,#3869,#3870));
#488=EDGE_LOOP('',(#3871,#3872,#3873,#3874));
#489=EDGE_LOOP('',(#3875,#3876,#3877,#3878));
#490=EDGE_LOOP('',(#3879,#3880,#3881,#3882));
#491=EDGE_LOOP('',(#3883,#3884,#3885,#3886));
#492=EDGE_LOOP('',(#3887,#3888,#3889,#3890));
#493=EDGE_LOOP('',(#3891,#3892,#3893,#3894));
#494=EDGE_LOOP('',(#3895,#3896,#3897,#3898));
#495=EDGE_LOOP('',(#3899,#3900,#3901,#3902));
#496=EDGE_LOOP('',(#3903,#3904,#3905,#3906));
#497=EDGE_LOOP('',(#3907,#3908,#3909,#3910));
#498=EDGE_LOOP('',(#3911,#3912,#3913,#3914));
#499=EDGE_LOOP('',(#3915,#3916,#3917,#3918));
#500=EDGE_LOOP('',(#3919,#3920,#3921,#3922));
#501=EDGE_LOOP('',(#3923,#3924,#3925,#3926));
#502=EDGE_LOOP('',(#3927,#3928,#3929,#3930,#3931,#3932,#3933,#3934,#3935, #3936,#3937,#3938));
#503=EDGE_LOOP('',(#3939,#3940,#3941,#3942));
#504=EDGE_LOOP('',(#3943,#3944,#3945,#3946));
#505=EDGE_LOOP('',(#3947,#3948,#3949,#3950));
#506=EDGE_LOOP('',(#3951,#3952,#3953,#3954));
#507=EDGE_LOOP('',(#3955,#3956,#3957,#3958));
#508=EDGE_LOOP('',(#3959,#3960,#3961,#3962));
#509=EDGE_LOOP('',(#3963,#3964,#3965,#3966));
#510=EDGE_LOOP('',(#3967,#3968,#3969,#3970));
#511=EDGE_LOOP('',(#3971,#3972,#3973,#3974));
#512=EDGE_LOOP('',(#3975,#3976,#3977,#3978));
#513=EDGE_LOOP('',(#3979,#3980,#3981,#3982));
#514=EDGE_LOOP('',(#3983,#3984,#3985,#3986));
#515=EDGE_LOOP('',(#3987,#3988,#3989,#3990));
#516=EDGE_LOOP('',(#3991,#3992,#3993,#3994));
#517=EDGE_LOOP('',(#3995,#3996,#3997,#3998));
#518=EDGE_LOOP('',(#3999,#4000,#4001,#4002));
#519=EDGE_LOOP('',(#4003,#4004,#4005,#4006));
#520=EDGE_LOOP('',(#4007,#4008,#4009,#4010));
#521=EDGE_LOOP('',(#4011,#4012,#4013,#4014));
#522=EDGE_LOOP('',(#4015,#4016,#4017,#4018));
#523=EDGE_LOOP('',(#4019,#4020,#4021,#4022));
#524=EDGE_LOOP('',(#4023,#4024,#4025,#4026));
#525=EDGE_LOOP('',(#4027,#4028,#4029,#4030));
#526=EDGE_LOOP('',(#4031,#4032,#4033,#4034));
#527=EDGE_LOOP('',(#4035,#4036,#4037,#4038));
#528=EDGE_LOOP('',(#4039,#4040,#4041,#4042));
#529=EDGE_LOOP('',(#4043,#4044,#4045,#4046));
#530=EDGE_LOOP('',(#4047,#4048,#4049,#4050));
#531=EDGE_LOOP('',(#4051,#4052,#4053,#4054));
#532=EDGE_LOOP('',(#4055,#4056,#4057,#4058));
#533=EDGE_LOOP('',(#4059,#4060,#4061,#4062));
#534=EDGE_LOOP('',(#4063,#4064,#4065,#4066,#4067,#4068,#4069,#4070,#4071, #4072,#4073,#4074,#4075));
#535=EDGE_LOOP('',(#4076,#4077,#4078,#4079));
#536=EDGE_LOOP('',(#4080,#4081,#4082,#4083));
#537=EDGE_LOOP('',(#4084,#4085,#4086,#4087,#4088));
#538=EDGE_LOOP('',(#4089,#4090,#4091,#4092));
#539=EDGE_LOOP('',(#4093,#4094,#4095,#4096));
#540=EDGE_LOOP('',(#4097,#4098,#4099,#4100));
#541=EDGE_LOOP('',(#4101,#4102,#4103,#4104));
#542=EDGE_LOOP('',(#4105,#4106,#4107,#4108));
#543=EDGE_LOOP('',(#4109,#4110,#4111,#4112));
#544=EDGE_LOOP('',(#4113,#4114,#4115,#4116));
#545=EDGE_LOOP('',(#4117,#4118,#4119,#4120));
#546=EDGE_LOOP('',(#4121,#4122,#4123,#4124));
#547=EDGE_LOOP('',(#4125,#4126,#4127,#4128));
#548=EDGE_LOOP('',(#4129,#4130,#4131,#4132));
#549=EDGE_LOOP('',(#4133,#4134,#4135,#4136));
#550=EDGE_LOOP('',(#4137,#4138,#4139,#4140));
#551=EDGE_LOOP('',(#4141,#4142,#4143,#4144));
#552=EDGE_LOOP('',(#4145,#4146,#4147,#4148));
#553=EDGE_LOOP('',(#4149,#4150,#4151,#4152));
#554=EDGE_LOOP('',(#4153,#4154,#4155,#4156));
#555=EDGE_LOOP('',(#4157,#4158,#4159,#4160));
#556=EDGE_LOOP('',(#4161,#4162,#4163,#4164));
#557=EDGE_LOOP('',(#4165,#4166,#4167,#4168));
#558=EDGE_LOOP('',(#4169,#4170,#4171,#4172));
#559=EDGE_LOOP('',(#4173,#4174,#4175,#4176));
#560=EDGE_LOOP('',(#4177,#4178,#4179,#4180));
#561=EDGE_LOOP('',(#4181,#4182,#4183,#4184));
#562=EDGE_LOOP('',(#4185,#4186,#4187,#4188));
#563=EDGE_LOOP('',(#4189,#4190,#4191,#4192));
#564=EDGE_LOOP('',(#4193,#4194,#4195,#4196));
#565=EDGE_LOOP('',(#4197,#4198,#4199,#4200));
#566=EDGE_LOOP('',(#4201,#4202,#4203,#4204));
#567=EDGE_LOOP('',(#4205,#4206,#4207,#4208));
#568=EDGE_LOOP('',(#4209,#4210,#4211,#4212));
#569=EDGE_LOOP('',(#4213,#4214,#4215,#4216));
#570=EDGE_LOOP('',(#4217,#4218,#4219,#4220));
#571=EDGE_LOOP('',(#4221,#4222,#4223,#4224));
#572=EDGE_LOOP('',(#4225,#4226,#4227,#4228));
#573=EDGE_LOOP('',(#4229,#4230,#4231,#4232));
#574=EDGE_LOOP('',(#4233,#4234,#4235,#4236));
#575=EDGE_LOOP('',(#4237,#4238,#4239,#4240));
#576=EDGE_LOOP('',(#4241,#4242,#4243,#4244));
#577=EDGE_LOOP('',(#4245,#4246,#4247,#4248));
#578=EDGE_LOOP('',(#4249,#4250,#4251,#4252));
#579=EDGE_LOOP('',(#4253,#4254,#4255,#4256));
#580=EDGE_LOOP('',(#4257,#4258,#4259,#4260));
#581=EDGE_LOOP('',(#4261,#4262,#4263,#4264));
#582=EDGE_LOOP('',(#4265,#4266,#4267,#4268));
#583=EDGE_LOOP('',(#4269,#4270,#4271,#4272));
#584=EDGE_LOOP('',(#4273,#4274,#4275,#4276));
#585=EDGE_LOOP('',(#4277,#4278,#4279,#4280));
#586=EDGE_LOOP('',(#4281,#4282,#4283,#4284));
#587=EDGE_LOOP('',(#4285,#4286,#4287,#4288));
#588=EDGE_LOOP('',(#4289,#4290,#4291,#4292));
#589=EDGE_LOOP('',(#4293,#4294,#4295,#4296));
#590=EDGE_LOOP('',(#4297,#4298,#4299,#4300));
#591=EDGE_LOOP('',(#4301,#4302,#4303,#4304));
#592=EDGE_LOOP('',(#4305,#4306,#4307,#4308));
#593=EDGE_LOOP('',(#4309,#4310,#4311,#4312));
#594=EDGE_LOOP('',(#4313,#4314,#4315,#4316));
#595=EDGE_LOOP('',(#4317,#4318,#4319,#4320));
#596=EDGE_LOOP('',(#4321,#4322,#4323,#4324));
#597=EDGE_LOOP('',(#4325,#4326,#4327,#4328));
#598=EDGE_LOOP('',(#4329,#4330,#4331,#4332));
#599=EDGE_LOOP('',(#4333,#4334,#4335,#4336));
#600=EDGE_LOOP('',(#4337,#4338,#4339,#4340));
#601=EDGE_LOOP('',(#4341,#4342,#4343,#4344));
#602=EDGE_LOOP('',(#4345,#4346,#4347,#4348));
#603=EDGE_LOOP('',(#4349,#4350,#4351,#4352));
#604=EDGE_LOOP('',(#4353,#4354,#4355,#4356));
#605=EDGE_LOOP('',(#4357,#4358,#4359,#4360));
#606=EDGE_LOOP('',(#4361,#4362,#4363,#4364));
#607=EDGE_LOOP('',(#4365,#4366,#4367,#4368));
#608=EDGE_LOOP('',(#4369,#4370,#4371,#4372));
#609=EDGE_LOOP('',(#4373,#4374,#4375,#4376));
#610=EDGE_LOOP('',(#4377,#4378,#4379,#4380));
#611=EDGE_LOOP('',(#4381,#4382,#4383,#4384));
#612=EDGE_LOOP('',(#4385,#4386,#4387,#4388));
#613=EDGE_LOOP('',(#4389,#4390,#4391,#4392));
#614=EDGE_LOOP('',(#4393,#4394,#4395,#4396));
#615=EDGE_LOOP('',(#4397,#4398,#4399,#4400));
#616=EDGE_LOOP('',(#4401,#4402,#4403,#4404));
#617=EDGE_LOOP('',(#4405,#4406,#4407,#4408));
#618=EDGE_LOOP('',(#4409,#4410,#4411,#4412));
#619=EDGE_LOOP('',(#4413,#4414,#4415,#4416));
#620=EDGE_LOOP('',(#4417,#4418,#4419,#4420));
#621=EDGE_LOOP('',(#4421,#4422,#4423,#4424));
#622=EDGE_LOOP('',(#4425,#4426,#4427,#4428));
#623=EDGE_LOOP('',(#4429,#4430,#4431,#4432));
#624=EDGE_LOOP('',(#4433,#4434,#4435,#4436));
#625=EDGE_LOOP('',(#4437,#4438,#4439,#4440));
#626=EDGE_LOOP('',(#4441,#4442,#4443,#4444));
#627=EDGE_LOOP('',(#4445,#4446,#4447,#4448));
#628=EDGE_LOOP('',(#4449,#4450,#4451,#4452));
#629=EDGE_LOOP('',(#4453,#4454,#4455,#4456));
#630=EDGE_LOOP('',(#4457,#4458,#4459,#4460));
#631=EDGE_LOOP('',(#4461,#4462,#4463,#4464));
#632=EDGE_LOOP('',(#4465,#4466,#4467,#4468));
#633=EDGE_LOOP('',(#4469,#4470,#4471,#4472));
#634=EDGE_LOOP('',(#4473,#4474,#4475,#4476));
#635=EDGE_LOOP('',(#4477,#4478,#4479,#4480));
#636=EDGE_LOOP('',(#4481,#4482,#4483,#4484));
#637=EDGE_LOOP('',(#4485,#4486,#4487,#4488));
#638=EDGE_LOOP('',(#4489,#4490,#4491,#4492));
#639=EDGE_LOOP('',(#4493,#4494,#4495,#4496));
#640=EDGE_LOOP('',(#4497,#4498,#4499,#4500));
#641=EDGE_LOOP('',(#4501,#4502,#4503,#4504));
#642=EDGE_LOOP('',(#4505,#4506,#4507,#4508));
#643=EDGE_LOOP('',(#4509,#4510,#4511,#4512));
#644=EDGE_LOOP('',(#4513,#4514,#4515,#4516));
#645=EDGE_LOOP('',(#4517,#4518,#4519,#4520));
#646=EDGE_LOOP('',(#4521,#4522,#4523,#4524));
#647=EDGE_LOOP('',(#4525,#4526,#4527,#4528));
#648=EDGE_LOOP('',(#4529,#4530,#4531,#4532));
#649=EDGE_LOOP('',(#4533,#4534,#4535,#4536));
#650=EDGE_LOOP('',(#4537,#4538,#4539,#4540));
#651=EDGE_LOOP('',(#4541,#4542,#4543,#4544));
#652=EDGE_LOOP('',(#4545,#4546,#4547,#4548));
#653=EDGE_LOOP('',(#4549,#4550,#4551,#4552));
#654=EDGE_LOOP('',(#4553,#4554,#4555,#4556));
#655=EDGE_LOOP('',(#4557,#4558,#4559,#4560));
#656=EDGE_LOOP('',(#4561,#4562,#4563,#4564));
#657=EDGE_LOOP('',(#4565,#4566,#4567,#4568));
#658=EDGE_LOOP('',(#4569,#4570,#4571,#4572));
#659=EDGE_LOOP('',(#4573,#4574,#4575,#4576));
#660=EDGE_LOOP('',(#4577,#4578,#4579,#4580));
#661=EDGE_LOOP('',(#4581,#4582,#4583,#4584));
#662=EDGE_LOOP('',(#4585,#4586,#4587,#4588));
#663=EDGE_LOOP('',(#4589,#4590,#4591,#4592));
#664=EDGE_LOOP('',(#4593,#4594,#4595,#4596));
#665=EDGE_LOOP('',(#4597,#4598,#4599,#4600));
#666=EDGE_LOOP('',(#4601,#4602,#4603,#4604));
#667=EDGE_LOOP('',(#4605,#4606,#4607,#4608));
#668=EDGE_LOOP('',(#4609,#4610,#4611,#4612));
#669=EDGE_LOOP('',(#4613,#4614,#4615,#4616));
#670=EDGE_LOOP('',(#4617,#4618,#4619,#4620,#4621,#4622,#4623,#4624,#4625, #4626,#4627,#4628));
#671=EDGE_LOOP('',(#4629,#4630,#4631,#4632));
#672=EDGE_LOOP('',(#4633,#4634,#4635,#4636));
#673=EDGE_LOOP('',(#4637,#4638,#4639,#4640));
#674=EDGE_LOOP('',(#4641,#4642,#4643,#4644));
#675=EDGE_LOOP('',(#4645,#4646,#4647,#4648));
#676=EDGE_LOOP('',(#4649,#4650,#4651,#4652));
#677=EDGE_LOOP('',(#4653,#4654,#4655,#4656));
#678=EDGE_LOOP('',(#4657,#4658,#4659,#4660));
#679=EDGE_LOOP('',(#4661,#4662,#4663,#4664));
#680=EDGE_LOOP('',(#4665,#4666,#4667,#4668));
#681=EDGE_LOOP('',(#4669,#4670,#4671,#4672));
#682=EDGE_LOOP('',(#4673,#4674,#4675,#4676));
#683=EDGE_LOOP('',(#4677,#4678,#4679,#4680));
#684=EDGE_LOOP('',(#4681,#4682,#4683,#4684));
#685=EDGE_LOOP('',(#4685,#4686,#4687,#4688));
#686=EDGE_LOOP('',(#4689,#4690,#4691,#4692));
#687=EDGE_LOOP('',(#4693,#4694,#4695,#4696));
#688=EDGE_LOOP('',(#4697,#4698,#4699,#4700));
#689=EDGE_LOOP('',(#4701,#4702,#4703,#4704));
#690=EDGE_LOOP('',(#4705,#4706,#4707,#4708));
#691=EDGE_LOOP('',(#4709,#4710,#4711,#4712));
#692=EDGE_LOOP('',(#4713,#4714,#4715,#4716));
#693=EDGE_LOOP('',(#4717,#4718,#4719,#4720));
#694=EDGE_LOOP('',(#4721,#4722,#4723,#4724));
#695=EDGE_LOOP('',(#4725,#4726,#4727,#4728));
#696=EDGE_LOOP('',(#4729,#4730,#4731,#4732));
#697=EDGE_LOOP('',(#4733,#4734,#4735,#4736));
#698=EDGE_LOOP('',(#4737,#4738,#4739,#4740,#4741,#4742,#4743,#4744,#4745, #4746,#4747,#4748,#4749));
#699=EDGE_LOOP('',(#4750,#4751,#4752,#4753));
#700=EDGE_LOOP('',(#4754,#4755,#4756,#4757));
#701=EDGE_LOOP('',(#4758,#4759,#4760,#4761));
#702=EDGE_LOOP('',(#4762,#4763,#4764,#4765));
#703=EDGE_LOOP('',(#4766,#4767,#4768,#4769));
#704=EDGE_LOOP('',(#4770,#4771,#4772,#4773));
#705=EDGE_LOOP('',(#4774,#4775,#4776,#4777,#4778,#4779,#4780,#4781,#4782, #4783,#4784,#4785,#4786,#4787,#4788,#4789,#4790,#4791));
#706=LINE('',#7007,#1426);
#707=LINE('',#7009,#1427);
#708=LINE('',#7011,#1428);
#709=LINE('',#7013,#1429);
#710=LINE('',#7014,#1430);
#711=LINE('',#7017,#1431);
#712=LINE('',#7019,#1432);
#713=LINE('',#7020,#1433);
#714=LINE('',#7024,#1434);
#715=LINE('',#7026,#1435);
#716=LINE('',#7028,#1436);
#717=LINE('',#7030,#1437);
#718=LINE('',#7031,#1438);
#719=LINE('',#7034,#1439);
#720=LINE('',#7036,#1440);
#721=LINE('',#7037,#1441);
#722=LINE('',#7040,#1442);
#723=LINE('',#7042,#1443);
#724=LINE('',#7043,#1444);
#725=LINE('',#7046,#1445);
#726=LINE('',#7048,#1446);
#727=LINE('',#7049,#1447);
#728=LINE('',#7052,#1448);
#729=LINE('',#7054,#1449);
#730=LINE('',#7056,#1450);
#731=LINE('',#7058,#1451);
#732=LINE('',#7060,#1452);
#733=LINE('',#7062,#1453);
#734=LINE('',#7064,#1454);
#735=LINE('',#7066,#1455);
#736=LINE('',#7068,#1456);
#737=LINE('',#7070,#1457);
#738=LINE('',#7072,#1458);
#739=LINE('',#7074,#1459);
#740=LINE('',#7076,#1460);
#741=LINE('',#7078,#1461);
#742=LINE('',#7080,#1462);
#743=LINE('',#7082,#1463);
#744=LINE('',#7084,#1464);
#745=LINE('',#7087,#1465);
#746=LINE('',#7090,#1466);
#747=LINE('',#7092,#1467);
#748=LINE('',#7093,#1468);
#749=LINE('',#7096,#1469);
#750=LINE('',#7098,#1470);
#751=LINE('',#7099,#1471);
#752=LINE('',#7103,#1472);
#753=LINE('',#7105,#1473);
#754=LINE('',#7107,#1474);
#755=LINE('',#7108,#1475);
#756=LINE('',#7111,#1476);
#757=LINE('',#7113,#1477);
#758=LINE('',#7114,#1478);
#759=LINE('',#7117,#1479);
#760=LINE('',#7119,#1480);
#761=LINE('',#7120,#1481);
#762=LINE('',#7122,#1482);
#763=LINE('',#7123,#1483);
#764=LINE('',#7128,#1484);
#765=LINE('',#7130,#1485);
#766=LINE('',#7132,#1486);
#767=LINE('',#7133,#1487);
#768=LINE('',#7136,#1488);
#769=LINE('',#7138,#1489);
#770=LINE('',#7139,#1490);
#771=LINE('',#7142,#1491);
#772=LINE('',#7144,#1492);
#773=LINE('',#7145,#1493);
#774=LINE('',#7147,#1494);
#775=LINE('',#7148,#1495);
#776=LINE('',#7153,#1496);
#777=LINE('',#7155,#1497);
#778=LINE('',#7157,#1498);
#779=LINE('',#7158,#1499);
#780=LINE('',#7161,#1500);
#781=LINE('',#7163,#1501);
#782=LINE('',#7164,#1502);
#783=LINE('',#7167,#1503);
#784=LINE('',#7169,#1504);
#785=LINE('',#7170,#1505);
#786=LINE('',#7172,#1506);
#787=LINE('',#7173,#1507);
#788=LINE('',#7178,#1508);
#789=LINE('',#7180,#1509);
#790=LINE('',#7182,#1510);
#791=LINE('',#7183,#1511);
#792=LINE('',#7186,#1512);
#793=LINE('',#7188,#1513);
#794=LINE('',#7189,#1514);
#795=LINE('',#7192,#1515);
#796=LINE('',#7194,#1516);
#797=LINE('',#7195,#1517);
#798=LINE('',#7197,#1518);
#799=LINE('',#7198,#1519);
#800=LINE('',#7203,#1520);
#801=LINE('',#7205,#1521);
#802=LINE('',#7207,#1522);
#803=LINE('',#7208,#1523);
#804=LINE('',#7211,#1524);
#805=LINE('',#7213,#1525);
#806=LINE('',#7214,#1526);
#807=LINE('',#7217,#1527);
#808=LINE('',#7219,#1528);
#809=LINE('',#7220,#1529);
#810=LINE('',#7222,#1530);
#811=LINE('',#7223,#1531);
#812=LINE('',#7228,#1532);
#813=LINE('',#7230,#1533);
#814=LINE('',#7232,#1534);
#815=LINE('',#7233,#1535);
#816=LINE('',#7236,#1536);
#817=LINE('',#7238,#1537);
#818=LINE('',#7239,#1538);
#819=LINE('',#7242,#1539);
#820=LINE('',#7244,#1540);
#821=LINE('',#7245,#1541);
#822=LINE('',#7247,#1542);
#823=LINE('',#7248,#1543);
#824=LINE('',#7253,#1544);
#825=LINE('',#7255,#1545);
#826=LINE('',#7257,#1546);
#827=LINE('',#7258,#1547);
#828=LINE('',#7261,#1548);
#829=LINE('',#7263,#1549);
#830=LINE('',#7264,#1550);
#831=LINE('',#7267,#1551);
#832=LINE('',#7269,#1552);
#833=LINE('',#7270,#1553);
#834=LINE('',#7272,#1554);
#835=LINE('',#7273,#1555);
#836=LINE('',#7278,#1556);
#837=LINE('',#7280,#1557);
#838=LINE('',#7282,#1558);
#839=LINE('',#7283,#1559);
#840=LINE('',#7286,#1560);
#841=LINE('',#7288,#1561);
#842=LINE('',#7289,#1562);
#843=LINE('',#7292,#1563);
#844=LINE('',#7294,#1564);
#845=LINE('',#7295,#1565);
#846=LINE('',#7297,#1566);
#847=LINE('',#7298,#1567);
#848=LINE('',#7303,#1568);
#849=LINE('',#7305,#1569);
#850=LINE('',#7307,#1570);
#851=LINE('',#7308,#1571);
#852=LINE('',#7311,#1572);
#853=LINE('',#7313,#1573);
#854=LINE('',#7314,#1574);
#855=LINE('',#7317,#1575);
#856=LINE('',#7319,#1576);
#857=LINE('',#7320,#1577);
#858=LINE('',#7322,#1578);
#859=LINE('',#7323,#1579);
#860=LINE('',#7328,#1580);
#861=LINE('',#7330,#1581);
#862=LINE('',#7332,#1582);
#863=LINE('',#7333,#1583);
#864=LINE('',#7336,#1584);
#865=LINE('',#7338,#1585);
#866=LINE('',#7339,#1586);
#867=LINE('',#7342,#1587);
#868=LINE('',#7344,#1588);
#869=LINE('',#7345,#1589);
#870=LINE('',#7347,#1590);
#871=LINE('',#7348,#1591);
#872=LINE('',#7353,#1592);
#873=LINE('',#7355,#1593);
#874=LINE('',#7357,#1594);
#875=LINE('',#7358,#1595);
#876=LINE('',#7361,#1596);
#877=LINE('',#7363,#1597);
#878=LINE('',#7364,#1598);
#879=LINE('',#7367,#1599);
#880=LINE('',#7369,#1600);
#881=LINE('',#7370,#1601);
#882=LINE('',#7372,#1602);
#883=LINE('',#7373,#1603);
#884=LINE('',#7378,#1604);
#885=LINE('',#7380,#1605);
#886=LINE('',#7382,#1606);
#887=LINE('',#7383,#1607);
#888=LINE('',#7386,#1608);
#889=LINE('',#7388,#1609);
#890=LINE('',#7389,#1610);
#891=LINE('',#7392,#1611);
#892=LINE('',#7394,#1612);
#893=LINE('',#7395,#1613);
#894=LINE('',#7397,#1614);
#895=LINE('',#7398,#1615);
#896=LINE('',#7403,#1616);
#897=LINE('',#7405,#1617);
#898=LINE('',#7407,#1618);
#899=LINE('',#7408,#1619);
#900=LINE('',#7411,#1620);
#901=LINE('',#7413,#1621);
#902=LINE('',#7414,#1622);
#903=LINE('',#7417,#1623);
#904=LINE('',#7419,#1624);
#905=LINE('',#7420,#1625);
#906=LINE('',#7422,#1626);
#907=LINE('',#7423,#1627);
#908=LINE('',#7428,#1628);
#909=LINE('',#7430,#1629);
#910=LINE('',#7432,#1630);
#911=LINE('',#7433,#1631);
#912=LINE('',#7436,#1632);
#913=LINE('',#7438,#1633);
#914=LINE('',#7439,#1634);
#915=LINE('',#7442,#1635);
#916=LINE('',#7444,#1636);
#917=LINE('',#7445,#1637);
#918=LINE('',#7447,#1638);
#919=LINE('',#7448,#1639);
#920=LINE('',#7453,#1640);
#921=LINE('',#7455,#1641);
#922=LINE('',#7457,#1642);
#923=LINE('',#7458,#1643);
#924=LINE('',#7461,#1644);
#925=LINE('',#7463,#1645);
#926=LINE('',#7464,#1646);
#927=LINE('',#7467,#1647);
#928=LINE('',#7469,#1648);
#929=LINE('',#7470,#1649);
#930=LINE('',#7472,#1650);
#931=LINE('',#7473,#1651);
#932=LINE('',#7478,#1652);
#933=LINE('',#7480,#1653);
#934=LINE('',#7482,#1654);
#935=LINE('',#7483,#1655);
#936=LINE('',#7486,#1656);
#937=LINE('',#7488,#1657);
#938=LINE('',#7489,#1658);
#939=LINE('',#7492,#1659);
#940=LINE('',#7494,#1660);
#941=LINE('',#7495,#1661);
#942=LINE('',#7497,#1662);
#943=LINE('',#7498,#1663);
#944=LINE('',#7503,#1664);
#945=LINE('',#7505,#1665);
#946=LINE('',#7507,#1666);
#947=LINE('',#7508,#1667);
#948=LINE('',#7511,#1668);
#949=LINE('',#7513,#1669);
#950=LINE('',#7514,#1670);
#951=LINE('',#7517,#1671);
#952=LINE('',#7519,#1672);
#953=LINE('',#7520,#1673);
#954=LINE('',#7522,#1674);
#955=LINE('',#7523,#1675);
#956=LINE('',#7528,#1676);
#957=LINE('',#7530,#1677);
#958=LINE('',#7532,#1678);
#959=LINE('',#7533,#1679);
#960=LINE('',#7536,#1680);
#961=LINE('',#7538,#1681);
#962=LINE('',#7539,#1682);
#963=LINE('',#7542,#1683);
#964=LINE('',#7544,#1684);
#965=LINE('',#7545,#1685);
#966=LINE('',#7547,#1686);
#967=LINE('',#7548,#1687);
#968=LINE('',#7553,#1688);
#969=LINE('',#7555,#1689);
#970=LINE('',#7557,#1690);
#971=LINE('',#7558,#1691);
#972=LINE('',#7561,#1692);
#973=LINE('',#7563,#1693);
#974=LINE('',#7564,#1694);
#975=LINE('',#7567,#1695);
#976=LINE('',#7569,#1696);
#977=LINE('',#7570,#1697);
#978=LINE('',#7572,#1698);
#979=LINE('',#7573,#1699);
#980=LINE('',#7578,#1700);
#981=LINE('',#7580,#1701);
#982=LINE('',#7582,#1702);
#983=LINE('',#7583,#1703);
#984=LINE('',#7586,#1704);
#985=LINE('',#7588,#1705);
#986=LINE('',#7589,#1706);
#987=LINE('',#7592,#1707);
#988=LINE('',#7594,#1708);
#989=LINE('',#7595,#1709);
#990=LINE('',#7597,#1710);
#991=LINE('',#7598,#1711);
#992=LINE('',#7603,#1712);
#993=LINE('',#7605,#1713);
#994=LINE('',#7607,#1714);
#995=LINE('',#7608,#1715);
#996=LINE('',#7611,#1716);
#997=LINE('',#7613,#1717);
#998=LINE('',#7614,#1718);
#999=LINE('',#7617,#1719);
#1000=LINE('',#7619,#1720);
#1001=LINE('',#7620,#1721);
#1002=LINE('',#7622,#1722);
#1003=LINE('',#7623,#1723);
#1004=LINE('',#7628,#1724);
#1005=LINE('',#7630,#1725);
#1006=LINE('',#7632,#1726);
#1007=LINE('',#7633,#1727);
#1008=LINE('',#7636,#1728);
#1009=LINE('',#7638,#1729);
#1010=LINE('',#7639,#1730);
#1011=LINE('',#7642,#1731);
#1012=LINE('',#7644,#1732);
#1013=LINE('',#7645,#1733);
#1014=LINE('',#7647,#1734);
#1015=LINE('',#7648,#1735);
#1016=LINE('',#7653,#1736);
#1017=LINE('',#7655,#1737);
#1018=LINE('',#7657,#1738);
#1019=LINE('',#7658,#1739);
#1020=LINE('',#7661,#1740);
#1021=LINE('',#7663,#1741);
#1022=LINE('',#7664,#1742);
#1023=LINE('',#7667,#1743);
#1024=LINE('',#7669,#1744);
#1025=LINE('',#7670,#1745);
#1026=LINE('',#7672,#1746);
#1027=LINE('',#7673,#1747);
#1028=LINE('',#7678,#1748);
#1029=LINE('',#7680,#1749);
#1030=LINE('',#7682,#1750);
#1031=LINE('',#7683,#1751);
#1032=LINE('',#7686,#1752);
#1033=LINE('',#7688,#1753);
#1034=LINE('',#7689,#1754);
#1035=LINE('',#7692,#1755);
#1036=LINE('',#7694,#1756);
#1037=LINE('',#7695,#1757);
#1038=LINE('',#7697,#1758);
#1039=LINE('',#7698,#1759);
#1040=LINE('',#7703,#1760);
#1041=LINE('',#7705,#1761);
#1042=LINE('',#7707,#1762);
#1043=LINE('',#7708,#1763);
#1044=LINE('',#7711,#1764);
#1045=LINE('',#7713,#1765);
#1046=LINE('',#7714,#1766);
#1047=LINE('',#7717,#1767);
#1048=LINE('',#7719,#1768);
#1049=LINE('',#7720,#1769);
#1050=LINE('',#7722,#1770);
#1051=LINE('',#7723,#1771);
#1052=LINE('',#7728,#1772);
#1053=LINE('',#7730,#1773);
#1054=LINE('',#7732,#1774);
#1055=LINE('',#7733,#1775);
#1056=LINE('',#7737,#1776);
#1057=LINE('',#7738,#1777);
#1058=LINE('',#7739,#1778);
#1059=LINE('',#7742,#1779);
#1060=LINE('',#7744,#1780);
#1061=LINE('',#7745,#1781);
#1062=LINE('',#7748,#1782);
#1063=LINE('',#7750,#1783);
#1064=LINE('',#7751,#1784);
#1065=LINE('',#7753,#1785);
#1066=LINE('',#7754,#1786);
#1067=LINE('',#7756,#1787);
#1068=LINE('',#7757,#1788);
#1069=LINE('',#7761,#1789);
#1070=LINE('',#7762,#1790);
#1071=LINE('',#7765,#1791);
#1072=LINE('',#7767,#1792);
#1073=LINE('',#7768,#1793);
#1074=LINE('',#7771,#1794);
#1075=LINE('',#7772,#1795);
#1076=LINE('',#7775,#1796);
#1077=LINE('',#7776,#1797);
#1078=LINE('',#7779,#1798);
#1079=LINE('',#7780,#1799);
#1080=LINE('',#7783,#1800);
#1081=LINE('',#7784,#1801);
#1082=LINE('',#7786,#1802);
#1083=LINE('',#7789,#1803);
#1084=LINE('',#7791,#1804);
#1085=LINE('',#7792,#1805);
#1086=LINE('',#7794,#1806);
#1087=LINE('',#7795,#1807);
#1088=LINE('',#7798,#1808);
#1089=LINE('',#7800,#1809);
#1090=LINE('',#7801,#1810);
#1091=LINE('',#7805,#1811);
#1092=LINE('',#7807,#1812);
#1093=LINE('',#7809,#1813);
#1094=LINE('',#7810,#1814);
#1095=LINE('',#7813,#1815);
#1096=LINE('',#7815,#1816);
#1097=LINE('',#7816,#1817);
#1098=LINE('',#7819,#1818);
#1099=LINE('',#7821,#1819);
#1100=LINE('',#7822,#1820);
#1101=LINE('',#7824,#1821);
#1102=LINE('',#7825,#1822);
#1103=LINE('',#7830,#1823);
#1104=LINE('',#7832,#1824);
#1105=LINE('',#7834,#1825);
#1106=LINE('',#7835,#1826);
#1107=LINE('',#7838,#1827);
#1108=LINE('',#7840,#1828);
#1109=LINE('',#7841,#1829);
#1110=LINE('',#7844,#1830);
#1111=LINE('',#7846,#1831);
#1112=LINE('',#7847,#1832);
#1113=LINE('',#7849,#1833);
#1114=LINE('',#7850,#1834);
#1115=LINE('',#7855,#1835);
#1116=LINE('',#7857,#1836);
#1117=LINE('',#7859,#1837);
#1118=LINE('',#7860,#1838);
#1119=LINE('',#7863,#1839);
#1120=LINE('',#7865,#1840);
#1121=LINE('',#7866,#1841);
#1122=LINE('',#7869,#1842);
#1123=LINE('',#7871,#1843);
#1124=LINE('',#7872,#1844);
#1125=LINE('',#7874,#1845);
#1126=LINE('',#7875,#1846);
#1127=LINE('',#7880,#1847);
#1128=LINE('',#7882,#1848);
#1129=LINE('',#7884,#1849);
#1130=LINE('',#7885,#1850);
#1131=LINE('',#7888,#1851);
#1132=LINE('',#7890,#1852);
#1133=LINE('',#7891,#1853);
#1134=LINE('',#7894,#1854);
#1135=LINE('',#7896,#1855);
#1136=LINE('',#7897,#1856);
#1137=LINE('',#7899,#1857);
#1138=LINE('',#7900,#1858);
#1139=LINE('',#7905,#1859);
#1140=LINE('',#7907,#1860);
#1141=LINE('',#7909,#1861);
#1142=LINE('',#7910,#1862);
#1143=LINE('',#7913,#1863);
#1144=LINE('',#7915,#1864);
#1145=LINE('',#7916,#1865);
#1146=LINE('',#7919,#1866);
#1147=LINE('',#7921,#1867);
#1148=LINE('',#7922,#1868);
#1149=LINE('',#7924,#1869);
#1150=LINE('',#7925,#1870);
#1151=LINE('',#7930,#1871);
#1152=LINE('',#7932,#1872);
#1153=LINE('',#7934,#1873);
#1154=LINE('',#7935,#1874);
#1155=LINE('',#7938,#1875);
#1156=LINE('',#7940,#1876);
#1157=LINE('',#7941,#1877);
#1158=LINE('',#7944,#1878);
#1159=LINE('',#7946,#1879);
#1160=LINE('',#7947,#1880);
#1161=LINE('',#7949,#1881);
#1162=LINE('',#7950,#1882);
#1163=LINE('',#7955,#1883);
#1164=LINE('',#7957,#1884);
#1165=LINE('',#7959,#1885);
#1166=LINE('',#7960,#1886);
#1167=LINE('',#7963,#1887);
#1168=LINE('',#7965,#1888);
#1169=LINE('',#7966,#1889);
#1170=LINE('',#7969,#1890);
#1171=LINE('',#7971,#1891);
#1172=LINE('',#7972,#1892);
#1173=LINE('',#7974,#1893);
#1174=LINE('',#7975,#1894);
#1175=LINE('',#7980,#1895);
#1176=LINE('',#7982,#1896);
#1177=LINE('',#7984,#1897);
#1178=LINE('',#7985,#1898);
#1179=LINE('',#7988,#1899);
#1180=LINE('',#7990,#1900);
#1181=LINE('',#7991,#1901);
#1182=LINE('',#7994,#1902);
#1183=LINE('',#7996,#1903);
#1184=LINE('',#7997,#1904);
#1185=LINE('',#7999,#1905);
#1186=LINE('',#8000,#1906);
#1187=LINE('',#8005,#1907);
#1188=LINE('',#8007,#1908);
#1189=LINE('',#8009,#1909);
#1190=LINE('',#8010,#1910);
#1191=LINE('',#8013,#1911);
#1192=LINE('',#8015,#1912);
#1193=LINE('',#8016,#1913);
#1194=LINE('',#8019,#1914);
#1195=LINE('',#8021,#1915);
#1196=LINE('',#8022,#1916);
#1197=LINE('',#8024,#1917);
#1198=LINE('',#8025,#1918);
#1199=LINE('',#8030,#1919);
#1200=LINE('',#8032,#1920);
#1201=LINE('',#8034,#1921);
#1202=LINE('',#8035,#1922);
#1203=LINE('',#8038,#1923);
#1204=LINE('',#8040,#1924);
#1205=LINE('',#8041,#1925);
#1206=LINE('',#8044,#1926);
#1207=LINE('',#8046,#1927);
#1208=LINE('',#8047,#1928);
#1209=LINE('',#8049,#1929);
#1210=LINE('',#8050,#1930);
#1211=LINE('',#8055,#1931);
#1212=LINE('',#8057,#1932);
#1213=LINE('',#8059,#1933);
#1214=LINE('',#8060,#1934);
#1215=LINE('',#8063,#1935);
#1216=LINE('',#8065,#1936);
#1217=LINE('',#8066,#1937);
#1218=LINE('',#8069,#1938);
#1219=LINE('',#8071,#1939);
#1220=LINE('',#8072,#1940);
#1221=LINE('',#8074,#1941);
#1222=LINE('',#8075,#1942);
#1223=LINE('',#8080,#1943);
#1224=LINE('',#8082,#1944);
#1225=LINE('',#8084,#1945);
#1226=LINE('',#8085,#1946);
#1227=LINE('',#8088,#1947);
#1228=LINE('',#8090,#1948);
#1229=LINE('',#8091,#1949);
#1230=LINE('',#8094,#1950);
#1231=LINE('',#8096,#1951);
#1232=LINE('',#8097,#1952);
#1233=LINE('',#8099,#1953);
#1234=LINE('',#8100,#1954);
#1235=LINE('',#8105,#1955);
#1236=LINE('',#8107,#1956);
#1237=LINE('',#8109,#1957);
#1238=LINE('',#8110,#1958);
#1239=LINE('',#8113,#1959);
#1240=LINE('',#8115,#1960);
#1241=LINE('',#8116,#1961);
#1242=LINE('',#8119,#1962);
#1243=LINE('',#8121,#1963);
#1244=LINE('',#8122,#1964);
#1245=LINE('',#8124,#1965);
#1246=LINE('',#8125,#1966);
#1247=LINE('',#8130,#1967);
#1248=LINE('',#8132,#1968);
#1249=LINE('',#8134,#1969);
#1250=LINE('',#8135,#1970);
#1251=LINE('',#8138,#1971);
#1252=LINE('',#8140,#1972);
#1253=LINE('',#8141,#1973);
#1254=LINE('',#8144,#1974);
#1255=LINE('',#8146,#1975);
#1256=LINE('',#8147,#1976);
#1257=LINE('',#8149,#1977);
#1258=LINE('',#8150,#1978);
#1259=LINE('',#8155,#1979);
#1260=LINE('',#8157,#1980);
#1261=LINE('',#8159,#1981);
#1262=LINE('',#8160,#1982);
#1263=LINE('',#8163,#1983);
#1264=LINE('',#8165,#1984);
#1265=LINE('',#8166,#1985);
#1266=LINE('',#8169,#1986);
#1267=LINE('',#8171,#1987);
#1268=LINE('',#8172,#1988);
#1269=LINE('',#8174,#1989);
#1270=LINE('',#8175,#1990);
#1271=LINE('',#8180,#1991);
#1272=LINE('',#8182,#1992);
#1273=LINE('',#8184,#1993);
#1274=LINE('',#8185,#1994);
#1275=LINE('',#8188,#1995);
#1276=LINE('',#8190,#1996);
#1277=LINE('',#8191,#1997);
#1278=LINE('',#8194,#1998);
#1279=LINE('',#8196,#1999);
#1280=LINE('',#8197,#2000);
#1281=LINE('',#8199,#2001);
#1282=LINE('',#8200,#2002);
#1283=LINE('',#8205,#2003);
#1284=LINE('',#8207,#2004);
#1285=LINE('',#8209,#2005);
#1286=LINE('',#8210,#2006);
#1287=LINE('',#8213,#2007);
#1288=LINE('',#8215,#2008);
#1289=LINE('',#8216,#2009);
#1290=LINE('',#8219,#2010);
#1291=LINE('',#8221,#2011);
#1292=LINE('',#8222,#2012);
#1293=LINE('',#8224,#2013);
#1294=LINE('',#8225,#2014);
#1295=LINE('',#8230,#2015);
#1296=LINE('',#8232,#2016);
#1297=LINE('',#8234,#2017);
#1298=LINE('',#8235,#2018);
#1299=LINE('',#8238,#2019);
#1300=LINE('',#8240,#2020);
#1301=LINE('',#8241,#2021);
#1302=LINE('',#8244,#2022);
#1303=LINE('',#8246,#2023);
#1304=LINE('',#8247,#2024);
#1305=LINE('',#8249,#2025);
#1306=LINE('',#8250,#2026);
#1307=LINE('',#8255,#2027);
#1308=LINE('',#8257,#2028);
#1309=LINE('',#8259,#2029);
#1310=LINE('',#8260,#2030);
#1311=LINE('',#8263,#2031);
#1312=LINE('',#8265,#2032);
#1313=LINE('',#8266,#2033);
#1314=LINE('',#8269,#2034);
#1315=LINE('',#8271,#2035);
#1316=LINE('',#8272,#2036);
#1317=LINE('',#8274,#2037);
#1318=LINE('',#8275,#2038);
#1319=LINE('',#8280,#2039);
#1320=LINE('',#8282,#2040);
#1321=LINE('',#8284,#2041);
#1322=LINE('',#8285,#2042);
#1323=LINE('',#8288,#2043);
#1324=LINE('',#8290,#2044);
#1325=LINE('',#8291,#2045);
#1326=LINE('',#8294,#2046);
#1327=LINE('',#8296,#2047);
#1328=LINE('',#8297,#2048);
#1329=LINE('',#8299,#2049);
#1330=LINE('',#8300,#2050);
#1331=LINE('',#8305,#2051);
#1332=LINE('',#8307,#2052);
#1333=LINE('',#8309,#2053);
#1334=LINE('',#8310,#2054);
#1335=LINE('',#8313,#2055);
#1336=LINE('',#8315,#2056);
#1337=LINE('',#8316,#2057);
#1338=LINE('',#8319,#2058);
#1339=LINE('',#8321,#2059);
#1340=LINE('',#8322,#2060);
#1341=LINE('',#8324,#2061);
#1342=LINE('',#8325,#2062);
#1343=LINE('',#8330,#2063);
#1344=LINE('',#8332,#2064);
#1345=LINE('',#8334,#2065);
#1346=LINE('',#8335,#2066);
#1347=LINE('',#8338,#2067);
#1348=LINE('',#8340,#2068);
#1349=LINE('',#8341,#2069);
#1350=LINE('',#8344,#2070);
#1351=LINE('',#8346,#2071);
#1352=LINE('',#8347,#2072);
#1353=LINE('',#8349,#2073);
#1354=LINE('',#8350,#2074);
#1355=LINE('',#8355,#2075);
#1356=LINE('',#8357,#2076);
#1357=LINE('',#8359,#2077);
#1358=LINE('',#8360,#2078);
#1359=LINE('',#8363,#2079);
#1360=LINE('',#8365,#2080);
#1361=LINE('',#8366,#2081);
#1362=LINE('',#8369,#2082);
#1363=LINE('',#8371,#2083);
#1364=LINE('',#8372,#2084);
#1365=LINE('',#8374,#2085);
#1366=LINE('',#8375,#2086);
#1367=LINE('',#8380,#2087);
#1368=LINE('',#8382,#2088);
#1369=LINE('',#8384,#2089);
#1370=LINE('',#8385,#2090);
#1371=LINE('',#8388,#2091);
#1372=LINE('',#8390,#2092);
#1373=LINE('',#8391,#2093);
#1374=LINE('',#8394,#2094);
#1375=LINE('',#8396,#2095);
#1376=LINE('',#8397,#2096);
#1377=LINE('',#8399,#2097);
#1378=LINE('',#8400,#2098);
#1379=LINE('',#8405,#2099);
#1380=LINE('',#8407,#2100);
#1381=LINE('',#8409,#2101);
#1382=LINE('',#8410,#2102);
#1383=LINE('',#8413,#2103);
#1384=LINE('',#8415,#2104);
#1385=LINE('',#8416,#2105);
#1386=LINE('',#8419,#2106);
#1387=LINE('',#8421,#2107);
#1388=LINE('',#8422,#2108);
#1389=LINE('',#8424,#2109);
#1390=LINE('',#8425,#2110);
#1391=LINE('',#8429,#2111);
#1392=LINE('',#8431,#2112);
#1393=LINE('',#8432,#2113);
#1394=LINE('',#8436,#2114);
#1395=LINE('',#8438,#2115);
#1396=LINE('',#8440,#2116);
#1397=LINE('',#8441,#2117);
#1398=LINE('',#8445,#2118);
#1399=LINE('',#8446,#2119);
#1400=LINE('',#8447,#2120);
#1401=LINE('',#8450,#2121);
#1402=LINE('',#8452,#2122);
#1403=LINE('',#8453,#2123);
#1404=LINE('',#8455,#2124);
#1405=LINE('',#8456,#2125);
#1406=LINE('',#8459,#2126);
#1407=LINE('',#8461,#2127);
#1408=LINE('',#8462,#2128);
#1409=LINE('',#8464,#2129);
#1410=LINE('',#8465,#2130);
#1411=LINE('',#8469,#2131);
#1412=LINE('',#8470,#2132);
#1413=LINE('',#8473,#2133);
#1414=LINE('',#8475,#2134);
#1415=LINE('',#8476,#2135);
#1416=LINE('',#8478,#2136);
#1417=LINE('',#8483,#2137);
#1418=LINE('',#8484,#2138);
#1419=LINE('',#8487,#2139);
#1420=LINE('',#8488,#2140);
#1421=LINE('',#8491,#2141);
#1422=LINE('',#8492,#2142);
#1423=LINE('',#8495,#2143);
#1424=LINE('',#8496,#2144);
#1425=LINE('',#8498,#2145);
#1426=VECTOR('',#5693,60.0);
#1427=VECTOR('',#5694,60.0);
#1428=VECTOR('',#5695,60.0);
#1429=VECTOR('',#5696,60.0);
#1430=VECTOR('',#5697,60.0);
#1431=VECTOR('',#5700,60.0);
#1432=VECTOR('',#5701,60.0);
#1433=VECTOR('',#5702,60.0);
#1434=VECTOR('',#5705,60.0);
#1435=VECTOR('',#5706,60.0);
#1436=VECTOR('',#5707,60.0);
#1437=VECTOR('',#5708,60.0);
#1438=VECTOR('',#5709,60.0);
#1439=VECTOR('',#5712,60.0);
#1440=VECTOR('',#5713,60.0);
#1441=VECTOR('',#5714,60.0);
#1442=VECTOR('',#5717,60.0);
#1443=VECTOR('',#5718,60.0);
#1444=VECTOR('',#5719,60.0);
#1445=VECTOR('',#5722,60.0);
#1446=VECTOR('',#5723,60.0);
#1447=VECTOR('',#5724,60.0);
#1448=VECTOR('',#5727,60.0);
#1449=VECTOR('',#5728,60.0);
#1450=VECTOR('',#5729,60.0);
#1451=VECTOR('',#5730,60.0);
#1452=VECTOR('',#5731,60.0);
#1453=VECTOR('',#5732,60.0);
#1454=VECTOR('',#5733,60.0);
#1455=VECTOR('',#5734,60.0);
#1456=VECTOR('',#5735,60.0);
#1457=VECTOR('',#5736,60.0);
#1458=VECTOR('',#5737,60.0);
#1459=VECTOR('',#5738,60.0);
#1460=VECTOR('',#5739,60.0);
#1461=VECTOR('',#5740,60.0);
#1462=VECTOR('',#5741,60.0);
#1463=VECTOR('',#5742,60.0);
#1464=VECTOR('',#5743,60.0);
#1465=VECTOR('',#5746,60.0);
#1466=VECTOR('',#5749,60.0);
#1467=VECTOR('',#5750,60.0);
#1468=VECTOR('',#5751,60.0);
#1469=VECTOR('',#5754,60.0);
#1470=VECTOR('',#5755,60.0);
#1471=VECTOR('',#5756,60.0);
#1472=VECTOR('',#5759,60.0);
#1473=VECTOR('',#5760,60.0);
#1474=VECTOR('',#5761,60.0);
#1475=VECTOR('',#5762,60.0);
#1476=VECTOR('',#5765,60.0);
#1477=VECTOR('',#5766,60.0);
#1478=VECTOR('',#5767,60.0);
#1479=VECTOR('',#5770,60.0);
#1480=VECTOR('',#5771,60.0);
#1481=VECTOR('',#5772,60.0);
#1482=VECTOR('',#5775,60.0);
#1483=VECTOR('',#5776,60.0);
#1484=VECTOR('',#5781,60.0);
#1485=VECTOR('',#5782,60.0);
#1486=VECTOR('',#5783,60.0);
#1487=VECTOR('',#5784,60.0);
#1488=VECTOR('',#5787,60.0);
#1489=VECTOR('',#5788,60.0);
#1490=VECTOR('',#5789,60.0);
#1491=VECTOR('',#5792,60.0);
#1492=VECTOR('',#5793,60.0);
#1493=VECTOR('',#5794,60.0);
#1494=VECTOR('',#5797,60.0);
#1495=VECTOR('',#5798,60.0);
#1496=VECTOR('',#5803,60.0);
#1497=VECTOR('',#5804,60.0);
#1498=VECTOR('',#5805,60.0);
#1499=VECTOR('',#5806,60.0);
#1500=VECTOR('',#5809,60.0);
#1501=VECTOR('',#5810,60.0);
#1502=VECTOR('',#5811,60.0);
#1503=VECTOR('',#5814,60.0);
#1504=VECTOR('',#5815,60.0);
#1505=VECTOR('',#5816,60.0);
#1506=VECTOR('',#5819,60.0);
#1507=VECTOR('',#5820,60.0);
#1508=VECTOR('',#5825,60.0);
#1509=VECTOR('',#5826,60.0);
#1510=VECTOR('',#5827,60.0);
#1511=VECTOR('',#5828,60.0);
#1512=VECTOR('',#5831,60.0);
#1513=VECTOR('',#5832,60.0);
#1514=VECTOR('',#5833,60.0);
#1515=VECTOR('',#5836,60.0);
#1516=VECTOR('',#5837,60.0);
#1517=VECTOR('',#5838,60.0);
#1518=VECTOR('',#5841,60.0);
#1519=VECTOR('',#5842,60.0);
#1520=VECTOR('',#5847,60.0);
#1521=VECTOR('',#5848,60.0);
#1522=VECTOR('',#5849,60.0);
#1523=VECTOR('',#5850,60.0);
#1524=VECTOR('',#5853,60.0);
#1525=VECTOR('',#5854,60.0);
#1526=VECTOR('',#5855,60.0);
#1527=VECTOR('',#5858,60.0);
#1528=VECTOR('',#5859,60.0);
#1529=VECTOR('',#5860,60.0);
#1530=VECTOR('',#5863,60.0);
#1531=VECTOR('',#5864,60.0);
#1532=VECTOR('',#5869,60.0);
#1533=VECTOR('',#5870,60.0);
#1534=VECTOR('',#5871,60.0);
#1535=VECTOR('',#5872,60.0);
#1536=VECTOR('',#5875,60.0);
#1537=VECTOR('',#5876,60.0);
#1538=VECTOR('',#5877,60.0);
#1539=VECTOR('',#5880,60.0);
#1540=VECTOR('',#5881,60.0);
#1541=VECTOR('',#5882,60.0);
#1542=VECTOR('',#5885,60.0);
#1543=VECTOR('',#5886,60.0);
#1544=VECTOR('',#5891,60.0);
#1545=VECTOR('',#5892,60.0);
#1546=VECTOR('',#5893,60.0);
#1547=VECTOR('',#5894,60.0);
#1548=VECTOR('',#5897,60.0);
#1549=VECTOR('',#5898,60.0);
#1550=VECTOR('',#5899,60.0);
#1551=VECTOR('',#5902,60.0);
#1552=VECTOR('',#5903,60.0);
#1553=VECTOR('',#5904,60.0);
#1554=VECTOR('',#5907,60.0);
#1555=VECTOR('',#5908,60.0);
#1556=VECTOR('',#5913,60.0);
#1557=VECTOR('',#5914,60.0);
#1558=VECTOR('',#5915,60.0);
#1559=VECTOR('',#5916,60.0);
#1560=VECTOR('',#5919,60.0);
#1561=VECTOR('',#5920,60.0);
#1562=VECTOR('',#5921,60.0);
#1563=VECTOR('',#5924,60.0);
#1564=VECTOR('',#5925,60.0);
#1565=VECTOR('',#5926,60.0);
#1566=VECTOR('',#5929,60.0);
#1567=VECTOR('',#5930,60.0);
#1568=VECTOR('',#5935,60.0);
#1569=VECTOR('',#5936,60.0);
#1570=VECTOR('',#5937,60.0);
#1571=VECTOR('',#5938,60.0);
#1572=VECTOR('',#5941,60.0);
#1573=VECTOR('',#5942,60.0);
#1574=VECTOR('',#5943,60.0);
#1575=VECTOR('',#5946,60.0);
#1576=VECTOR('',#5947,60.0);
#1577=VECTOR('',#5948,60.0);
#1578=VECTOR('',#5951,60.0);
#1579=VECTOR('',#5952,60.0);
#1580=VECTOR('',#5957,60.0);
#1581=VECTOR('',#5958,60.0);
#1582=VECTOR('',#5959,60.0);
#1583=VECTOR('',#5960,60.0);
#1584=VECTOR('',#5963,60.0);
#1585=VECTOR('',#5964,60.0);
#1586=VECTOR('',#5965,60.0);
#1587=VECTOR('',#5968,60.0);
#1588=VECTOR('',#5969,60.0);
#1589=VECTOR('',#5970,60.0);
#1590=VECTOR('',#5973,60.0);
#1591=VECTOR('',#5974,60.0);
#1592=VECTOR('',#5979,60.0);
#1593=VECTOR('',#5980,60.0);
#1594=VECTOR('',#5981,60.0);
#1595=VECTOR('',#5982,60.0);
#1596=VECTOR('',#5985,60.0);
#1597=VECTOR('',#5986,60.0);
#1598=VECTOR('',#5987,60.0);
#1599=VECTOR('',#5990,60.0);
#1600=VECTOR('',#5991,60.0);
#1601=VECTOR('',#5992,60.0);
#1602=VECTOR('',#5995,60.0);
#1603=VECTOR('',#5996,60.0);
#1604=VECTOR('',#6001,60.0);
#1605=VECTOR('',#6002,60.0);
#1606=VECTOR('',#6003,60.0);
#1607=VECTOR('',#6004,60.0);
#1608=VECTOR('',#6007,60.0);
#1609=VECTOR('',#6008,60.0);
#1610=VECTOR('',#6009,60.0);
#1611=VECTOR('',#6012,60.0);
#1612=VECTOR('',#6013,60.0);
#1613=VECTOR('',#6014,60.0);
#1614=VECTOR('',#6017,60.0);
#1615=VECTOR('',#6018,60.0);
#1616=VECTOR('',#6023,60.0);
#1617=VECTOR('',#6024,60.0);
#1618=VECTOR('',#6025,60.0);
#1619=VECTOR('',#6026,60.0);
#1620=VECTOR('',#6029,60.0);
#1621=VECTOR('',#6030,60.0);
#1622=VECTOR('',#6031,60.0);
#1623=VECTOR('',#6034,60.0);
#1624=VECTOR('',#6035,60.0);
#1625=VECTOR('',#6036,60.0);
#1626=VECTOR('',#6039,60.0);
#1627=VECTOR('',#6040,60.0);
#1628=VECTOR('',#6045,60.0);
#1629=VECTOR('',#6046,60.0);
#1630=VECTOR('',#6047,60.0);
#1631=VECTOR('',#6048,60.0);
#1632=VECTOR('',#6051,60.0);
#1633=VECTOR('',#6052,60.0);
#1634=VECTOR('',#6053,60.0);
#1635=VECTOR('',#6056,60.0);
#1636=VECTOR('',#6057,60.0);
#1637=VECTOR('',#6058,60.0);
#1638=VECTOR('',#6061,60.0);
#1639=VECTOR('',#6062,60.0);
#1640=VECTOR('',#6067,60.0);
#1641=VECTOR('',#6068,60.0);
#1642=VECTOR('',#6069,60.0);
#1643=VECTOR('',#6070,60.0);
#1644=VECTOR('',#6073,60.0);
#1645=VECTOR('',#6074,60.0);
#1646=VECTOR('',#6075,60.0);
#1647=VECTOR('',#6078,60.0);
#1648=VECTOR('',#6079,60.0);
#1649=VECTOR('',#6080,60.0);
#1650=VECTOR('',#6083,60.0);
#1651=VECTOR('',#6084,60.0);
#1652=VECTOR('',#6089,60.0);
#1653=VECTOR('',#6090,60.0);
#1654=VECTOR('',#6091,60.0);
#1655=VECTOR('',#6092,60.0);
#1656=VECTOR('',#6095,60.0);
#1657=VECTOR('',#6096,60.0);
#1658=VECTOR('',#6097,60.0);
#1659=VECTOR('',#6100,60.0);
#1660=VECTOR('',#6101,60.0);
#1661=VECTOR('',#6102,60.0);
#1662=VECTOR('',#6105,60.0);
#1663=VECTOR('',#6106,60.0);
#1664=VECTOR('',#6111,60.0);
#1665=VECTOR('',#6112,60.0);
#1666=VECTOR('',#6113,60.0);
#1667=VECTOR('',#6114,60.0);
#1668=VECTOR('',#6117,60.0);
#1669=VECTOR('',#6118,60.0);
#1670=VECTOR('',#6119,60.0);
#1671=VECTOR('',#6122,60.0);
#1672=VECTOR('',#6123,60.0);
#1673=VECTOR('',#6124,60.0);
#1674=VECTOR('',#6127,60.0);
#1675=VECTOR('',#6128,60.0);
#1676=VECTOR('',#6133,60.0);
#1677=VECTOR('',#6134,60.0);
#1678=VECTOR('',#6135,60.0);
#1679=VECTOR('',#6136,60.0);
#1680=VECTOR('',#6139,60.0);
#1681=VECTOR('',#6140,60.0);
#1682=VECTOR('',#6141,60.0);
#1683=VECTOR('',#6144,60.0);
#1684=VECTOR('',#6145,60.0);
#1685=VECTOR('',#6146,60.0);
#1686=VECTOR('',#6149,60.0);
#1687=VECTOR('',#6150,60.0);
#1688=VECTOR('',#6155,60.0);
#1689=VECTOR('',#6156,60.0);
#1690=VECTOR('',#6157,60.0);
#1691=VECTOR('',#6158,60.0);
#1692=VECTOR('',#6161,60.0);
#1693=VECTOR('',#6162,60.0);
#1694=VECTOR('',#6163,60.0);
#1695=VECTOR('',#6166,60.0);
#1696=VECTOR('',#6167,60.0);
#1697=VECTOR('',#6168,60.0);
#1698=VECTOR('',#6171,60.0);
#1699=VECTOR('',#6172,60.0);
#1700=VECTOR('',#6177,60.0);
#1701=VECTOR('',#6178,60.0);
#1702=VECTOR('',#6179,60.0);
#1703=VECTOR('',#6180,60.0);
#1704=VECTOR('',#6183,60.0);
#1705=VECTOR('',#6184,60.0);
#1706=VECTOR('',#6185,60.0);
#1707=VECTOR('',#6188,60.0);
#1708=VECTOR('',#6189,60.0);
#1709=VECTOR('',#6190,60.0);
#1710=VECTOR('',#6193,60.0);
#1711=VECTOR('',#6194,60.0);
#1712=VECTOR('',#6199,60.0);
#1713=VECTOR('',#6200,60.0);
#1714=VECTOR('',#6201,60.0);
#1715=VECTOR('',#6202,60.0);
#1716=VECTOR('',#6205,60.0);
#1717=VECTOR('',#6206,60.0);
#1718=VECTOR('',#6207,60.0);
#1719=VECTOR('',#6210,60.0);
#1720=VECTOR('',#6211,60.0);
#1721=VECTOR('',#6212,60.0);
#1722=VECTOR('',#6215,60.0);
#1723=VECTOR('',#6216,60.0);
#1724=VECTOR('',#6221,60.0);
#1725=VECTOR('',#6222,60.0);
#1726=VECTOR('',#6223,60.0);
#1727=VECTOR('',#6224,60.0);
#1728=VECTOR('',#6227,60.0);
#1729=VECTOR('',#6228,60.0);
#1730=VECTOR('',#6229,60.0);
#1731=VECTOR('',#6232,60.0);
#1732=VECTOR('',#6233,60.0);
#1733=VECTOR('',#6234,60.0);
#1734=VECTOR('',#6237,60.0);
#1735=VECTOR('',#6238,60.0);
#1736=VECTOR('',#6243,60.0);
#1737=VECTOR('',#6244,60.0);
#1738=VECTOR('',#6245,60.0);
#1739=VECTOR('',#6246,60.0);
#1740=VECTOR('',#6249,60.0);
#1741=VECTOR('',#6250,60.0);
#1742=VECTOR('',#6251,60.0);
#1743=VECTOR('',#6254,60.0);
#1744=VECTOR('',#6255,60.0);
#1745=VECTOR('',#6256,60.0);
#1746=VECTOR('',#6259,60.0);
#1747=VECTOR('',#6260,60.0);
#1748=VECTOR('',#6265,60.0);
#1749=VECTOR('',#6266,60.0);
#1750=VECTOR('',#6267,60.0);
#1751=VECTOR('',#6268,60.0);
#1752=VECTOR('',#6271,60.0);
#1753=VECTOR('',#6272,60.0);
#1754=VECTOR('',#6273,60.0);
#1755=VECTOR('',#6276,60.0);
#1756=VECTOR('',#6277,60.0);
#1757=VECTOR('',#6278,60.0);
#1758=VECTOR('',#6281,60.0);
#1759=VECTOR('',#6282,60.0);
#1760=VECTOR('',#6287,60.0);
#1761=VECTOR('',#6288,60.0);
#1762=VECTOR('',#6289,60.0);
#1763=VECTOR('',#6290,60.0);
#1764=VECTOR('',#6293,60.0);
#1765=VECTOR('',#6294,60.0);
#1766=VECTOR('',#6295,60.0);
#1767=VECTOR('',#6298,60.0);
#1768=VECTOR('',#6299,60.0);
#1769=VECTOR('',#6300,60.0);
#1770=VECTOR('',#6303,60.0);
#1771=VECTOR('',#6304,60.0);
#1772=VECTOR('',#6309,60.0);
#1773=VECTOR('',#6310,60.0);
#1774=VECTOR('',#6311,60.0);
#1775=VECTOR('',#6312,60.0);
#1776=VECTOR('',#6315,60.0);
#1777=VECTOR('',#6316,60.0);
#1778=VECTOR('',#6317,60.0);
#1779=VECTOR('',#6320,60.0);
#1780=VECTOR('',#6321,60.0);
#1781=VECTOR('',#6322,60.0);
#1782=VECTOR('',#6325,60.0);
#1783=VECTOR('',#6326,60.0);
#1784=VECTOR('',#6327,60.0);
#1785=VECTOR('',#6330,60.0);
#1786=VECTOR('',#6331,60.0);
#1787=VECTOR('',#6334,60.0);
#1788=VECTOR('',#6335,60.0);
#1789=VECTOR('',#6340,60.0);
#1790=VECTOR('',#6341,60.0);
#1791=VECTOR('',#6344,60.0);
#1792=VECTOR('',#6345,60.0);
#1793=VECTOR('',#6346,60.0);
#1794=VECTOR('',#6349,60.0);
#1795=VECTOR('',#6350,60.0);
#1796=VECTOR('',#6353,60.0);
#1797=VECTOR('',#6354,60.0);
#1798=VECTOR('',#6357,60.0);
#1799=VECTOR('',#6358,60.0);
#1800=VECTOR('',#6361,60.0);
#1801=VECTOR('',#6362,60.0);
#1802=VECTOR('',#6365,60.0);
#1803=VECTOR('',#6368,60.0);
#1804=VECTOR('',#6369,60.0);
#1805=VECTOR('',#6370,60.0);
#1806=VECTOR('',#6373,60.0);
#1807=VECTOR('',#6374,60.0);
#1808=VECTOR('',#6377,60.0);
#1809=VECTOR('',#6378,60.0);
#1810=VECTOR('',#6379,60.0);
#1811=VECTOR('',#6382,60.0);
#1812=VECTOR('',#6383,60.0);
#1813=VECTOR('',#6384,60.0);
#1814=VECTOR('',#6385,60.0);
#1815=VECTOR('',#6388,60.0);
#1816=VECTOR('',#6389,60.0);
#1817=VECTOR('',#6390,60.0);
#1818=VECTOR('',#6393,60.0);
#1819=VECTOR('',#6394,60.0);
#1820=VECTOR('',#6395,60.0);
#1821=VECTOR('',#6398,60.0);
#1822=VECTOR('',#6399,60.0);
#1823=VECTOR('',#6404,60.0);
#1824=VECTOR('',#6405,60.0);
#1825=VECTOR('',#6406,60.0);
#1826=VECTOR('',#6407,60.0);
#1827=VECTOR('',#6410,60.0);
#1828=VECTOR('',#6411,60.0);
#1829=VECTOR('',#6412,60.0);
#1830=VECTOR('',#6415,60.0);
#1831=VECTOR('',#6416,60.0);
#1832=VECTOR('',#6417,60.0);
#1833=VECTOR('',#6420,60.0);
#1834=VECTOR('',#6421,60.0);
#1835=VECTOR('',#6426,60.0);
#1836=VECTOR('',#6427,60.0);
#1837=VECTOR('',#6428,60.0);
#1838=VECTOR('',#6429,60.0);
#1839=VECTOR('',#6432,60.0);
#1840=VECTOR('',#6433,60.0);
#1841=VECTOR('',#6434,60.0);
#1842=VECTOR('',#6437,60.0);
#1843=VECTOR('',#6438,60.0);
#1844=VECTOR('',#6439,60.0);
#1845=VECTOR('',#6442,60.0);
#1846=VECTOR('',#6443,60.0);
#1847=VECTOR('',#6448,60.0);
#1848=VECTOR('',#6449,60.0);
#1849=VECTOR('',#6450,60.0);
#1850=VECTOR('',#6451,60.0);
#1851=VECTOR('',#6454,60.0);
#1852=VECTOR('',#6455,60.0);
#1853=VECTOR('',#6456,60.0);
#1854=VECTOR('',#6459,60.0);
#1855=VECTOR('',#6460,60.0);
#1856=VECTOR('',#6461,60.0);
#1857=VECTOR('',#6464,60.0);
#1858=VECTOR('',#6465,60.0);
#1859=VECTOR('',#6470,60.0);
#1860=VECTOR('',#6471,60.0);
#1861=VECTOR('',#6472,60.0);
#1862=VECTOR('',#6473,60.0);
#1863=VECTOR('',#6476,60.0);
#1864=VECTOR('',#6477,60.0);
#1865=VECTOR('',#6478,60.0);
#1866=VECTOR('',#6481,60.0);
#1867=VECTOR('',#6482,60.0);
#1868=VECTOR('',#6483,60.0);
#1869=VECTOR('',#6486,60.0);
#1870=VECTOR('',#6487,60.0);
#1871=VECTOR('',#6492,60.0);
#1872=VECTOR('',#6493,60.0);
#1873=VECTOR('',#6494,60.0);
#1874=VECTOR('',#6495,60.0);
#1875=VECTOR('',#6498,60.0);
#1876=VECTOR('',#6499,60.0);
#1877=VECTOR('',#6500,60.0);
#1878=VECTOR('',#6503,60.0);
#1879=VECTOR('',#6504,60.0);
#1880=VECTOR('',#6505,60.0);
#1881=VECTOR('',#6508,60.0);
#1882=VECTOR('',#6509,60.0);
#1883=VECTOR('',#6514,60.0);
#1884=VECTOR('',#6515,60.0);
#1885=VECTOR('',#6516,60.0);
#1886=VECTOR('',#6517,60.0);
#1887=VECTOR('',#6520,60.0);
#1888=VECTOR('',#6521,60.0);
#1889=VECTOR('',#6522,60.0);
#1890=VECTOR('',#6525,60.0);
#1891=VECTOR('',#6526,60.0);
#1892=VECTOR('',#6527,60.0);
#1893=VECTOR('',#6530,60.0);
#1894=VECTOR('',#6531,60.0);
#1895=VECTOR('',#6536,60.0);
#1896=VECTOR('',#6537,60.0);
#1897=VECTOR('',#6538,60.0);
#1898=VECTOR('',#6539,60.0);
#1899=VECTOR('',#6542,60.0);
#1900=VECTOR('',#6543,60.0);
#1901=VECTOR('',#6544,60.0);
#1902=VECTOR('',#6547,60.0);
#1903=VECTOR('',#6548,60.0);
#1904=VECTOR('',#6549,60.0);
#1905=VECTOR('',#6552,60.0);
#1906=VECTOR('',#6553,60.0);
#1907=VECTOR('',#6558,60.0);
#1908=VECTOR('',#6559,60.0);
#1909=VECTOR('',#6560,60.0);
#1910=VECTOR('',#6561,60.0);
#1911=VECTOR('',#6564,60.0);
#1912=VECTOR('',#6565,60.0);
#1913=VECTOR('',#6566,60.0);
#1914=VECTOR('',#6569,60.0);
#1915=VECTOR('',#6570,60.0);
#1916=VECTOR('',#6571,60.0);
#1917=VECTOR('',#6574,60.0);
#1918=VECTOR('',#6575,60.0);
#1919=VECTOR('',#6580,60.0);
#1920=VECTOR('',#6581,60.0);
#1921=VECTOR('',#6582,60.0);
#1922=VECTOR('',#6583,60.0);
#1923=VECTOR('',#6586,60.0);
#1924=VECTOR('',#6587,60.0);
#1925=VECTOR('',#6588,60.0);
#1926=VECTOR('',#6591,60.0);
#1927=VECTOR('',#6592,60.0);
#1928=VECTOR('',#6593,60.0);
#1929=VECTOR('',#6596,60.0);
#1930=VECTOR('',#6597,60.0);
#1931=VECTOR('',#6602,60.0);
#1932=VECTOR('',#6603,60.0);
#1933=VECTOR('',#6604,60.0);
#1934=VECTOR('',#6605,60.0);
#1935=VECTOR('',#6608,60.0);
#1936=VECTOR('',#6609,60.0);
#1937=VECTOR('',#6610,60.0);
#1938=VECTOR('',#6613,60.0);
#1939=VECTOR('',#6614,60.0);
#1940=VECTOR('',#6615,60.0);
#1941=VECTOR('',#6618,60.0);
#1942=VECTOR('',#6619,60.0);
#1943=VECTOR('',#6624,60.0);
#1944=VECTOR('',#6625,60.0);
#1945=VECTOR('',#6626,60.0);
#1946=VECTOR('',#6627,60.0);
#1947=VECTOR('',#6630,60.0);
#1948=VECTOR('',#6631,60.0);
#1949=VECTOR('',#6632,60.0);
#1950=VECTOR('',#6635,60.0);
#1951=VECTOR('',#6636,60.0);
#1952=VECTOR('',#6637,60.0);
#1953=VECTOR('',#6640,60.0);
#1954=VECTOR('',#6641,60.0);
#1955=VECTOR('',#6646,60.0);
#1956=VECTOR('',#6647,60.0);
#1957=VECTOR('',#6648,60.0);
#1958=VECTOR('',#6649,60.0);
#1959=VECTOR('',#6652,60.0);
#1960=VECTOR('',#6653,60.0);
#1961=VECTOR('',#6654,60.0);
#1962=VECTOR('',#6657,60.0);
#1963=VECTOR('',#6658,60.0);
#1964=VECTOR('',#6659,60.0);
#1965=VECTOR('',#6662,60.0);
#1966=VECTOR('',#6663,60.0);
#1967=VECTOR('',#6668,60.0);
#1968=VECTOR('',#6669,60.0);
#1969=VECTOR('',#6670,60.0);
#1970=VECTOR('',#6671,60.0);
#1971=VECTOR('',#6674,60.0);
#1972=VECTOR('',#6675,60.0);
#1973=VECTOR('',#6676,60.0);
#1974=VECTOR('',#6679,60.0);
#1975=VECTOR('',#6680,60.0);
#1976=VECTOR('',#6681,60.0);
#1977=VECTOR('',#6684,60.0);
#1978=VECTOR('',#6685,60.0);
#1979=VECTOR('',#6690,60.0);
#1980=VECTOR('',#6691,60.0);
#1981=VECTOR('',#6692,60.0);
#1982=VECTOR('',#6693,60.0);
#1983=VECTOR('',#6696,60.0);
#1984=VECTOR('',#6697,60.0);
#1985=VECTOR('',#6698,60.0);
#1986=VECTOR('',#6701,60.0);
#1987=VECTOR('',#6702,60.0);
#1988=VECTOR('',#6703,60.0);
#1989=VECTOR('',#6706,60.0);
#1990=VECTOR('',#6707,60.0);
#1991=VECTOR('',#6712,60.0);
#1992=VECTOR('',#6713,60.0);
#1993=VECTOR('',#6714,60.0);
#1994=VECTOR('',#6715,60.0);
#1995=VECTOR('',#6718,60.0);
#1996=VECTOR('',#6719,60.0);
#1997=VECTOR('',#6720,60.0);
#1998=VECTOR('',#6723,60.0);
#1999=VECTOR('',#6724,60.0);
#2000=VECTOR('',#6725,60.0);
#2001=VECTOR('',#6728,60.0);
#2002=VECTOR('',#6729,60.0);
#2003=VECTOR('',#6734,60.0);
#2004=VECTOR('',#6735,60.0);
#2005=VECTOR('',#6736,60.0);
#2006=VECTOR('',#6737,60.0);
#2007=VECTOR('',#6740,60.0);
#2008=VECTOR('',#6741,60.0);
#2009=VECTOR('',#6742,60.0);
#2010=VECTOR('',#6745,60.0);
#2011=VECTOR('',#6746,60.0);
#2012=VECTOR('',#6747,60.0);
#2013=VECTOR('',#6750,60.0);
#2014=VECTOR('',#6751,60.0);
#2015=VECTOR('',#6756,60.0);
#2016=VECTOR('',#6757,60.0);
#2017=VECTOR('',#6758,60.0);
#2018=VECTOR('',#6759,60.0);
#2019=VECTOR('',#6762,60.0);
#2020=VECTOR('',#6763,60.0);
#2021=VECTOR('',#6764,60.0);
#2022=VECTOR('',#6767,60.0);
#2023=VECTOR('',#6768,60.0);
#2024=VECTOR('',#6769,60.0);
#2025=VECTOR('',#6772,60.0);
#2026=VECTOR('',#6773,60.0);
#2027=VECTOR('',#6778,60.0);
#2028=VECTOR('',#6779,60.0);
#2029=VECTOR('',#6780,60.0);
#2030=VECTOR('',#6781,60.0);
#2031=VECTOR('',#6784,60.0);
#2032=VECTOR('',#6785,60.0);
#2033=VECTOR('',#6786,60.0);
#2034=VECTOR('',#6789,60.0);
#2035=VECTOR('',#6790,60.0);
#2036=VECTOR('',#6791,60.0);
#2037=VECTOR('',#6794,60.0);
#2038=VECTOR('',#6795,60.0);
#2039=VECTOR('',#6800,60.0);
#2040=VECTOR('',#6801,60.0);
#2041=VECTOR('',#6802,60.0);
#2042=VECTOR('',#6803,60.0);
#2043=VECTOR('',#6806,60.0);
#2044=VECTOR('',#6807,60.0);
#2045=VECTOR('',#6808,60.0);
#2046=VECTOR('',#6811,60.0);
#2047=VECTOR('',#6812,60.0);
#2048=VECTOR('',#6813,60.0);
#2049=VECTOR('',#6816,60.0);
#2050=VECTOR('',#6817,60.0);
#2051=VECTOR('',#6822,60.0);
#2052=VECTOR('',#6823,60.0);
#2053=VECTOR('',#6824,60.0);
#2054=VECTOR('',#6825,60.0);
#2055=VECTOR('',#6828,60.0);
#2056=VECTOR('',#6829,60.0);
#2057=VECTOR('',#6830,60.0);
#2058=VECTOR('',#6833,60.0);
#2059=VECTOR('',#6834,60.0);
#2060=VECTOR('',#6835,60.0);
#2061=VECTOR('',#6838,60.0);
#2062=VECTOR('',#6839,60.0);
#2063=VECTOR('',#6844,60.0);
#2064=VECTOR('',#6845,60.0);
#2065=VECTOR('',#6846,60.0);
#2066=VECTOR('',#6847,60.0);
#2067=VECTOR('',#6850,60.0);
#2068=VECTOR('',#6851,60.0);
#2069=VECTOR('',#6852,60.0);
#2070=VECTOR('',#6855,60.0);
#2071=VECTOR('',#6856,60.0);
#2072=VECTOR('',#6857,60.0);
#2073=VECTOR('',#6860,60.0);
#2074=VECTOR('',#6861,60.0);
#2075=VECTOR('',#6866,60.0);
#2076=VECTOR('',#6867,60.0);
#2077=VECTOR('',#6868,60.0);
#2078=VECTOR('',#6869,60.0);
#2079=VECTOR('',#6872,60.0);
#2080=VECTOR('',#6873,60.0);
#2081=VECTOR('',#6874,60.0);
#2082=VECTOR('',#6877,60.0);
#2083=VECTOR('',#6878,60.0);
#2084=VECTOR('',#6879,60.0);
#2085=VECTOR('',#6882,60.0);
#2086=VECTOR('',#6883,60.0);
#2087=VECTOR('',#6888,60.0);
#2088=VECTOR('',#6889,60.0);
#2089=VECTOR('',#6890,60.0);
#2090=VECTOR('',#6891,60.0);
#2091=VECTOR('',#6894,60.0);
#2092=VECTOR('',#6895,60.0);
#2093=VECTOR('',#6896,60.0);
#2094=VECTOR('',#6899,60.0);
#2095=VECTOR('',#6900,60.0);
#2096=VECTOR('',#6901,60.0);
#2097=VECTOR('',#6904,60.0);
#2098=VECTOR('',#6905,60.0);
#2099=VECTOR('',#6910,60.0);
#2100=VECTOR('',#6911,60.0);
#2101=VECTOR('',#6912,60.0);
#2102=VECTOR('',#6913,60.0);
#2103=VECTOR('',#6916,60.0);
#2104=VECTOR('',#6917,60.0);
#2105=VECTOR('',#6918,60.0);
#2106=VECTOR('',#6921,60.0);
#2107=VECTOR('',#6922,60.0);
#2108=VECTOR('',#6923,60.0);
#2109=VECTOR('',#6926,60.0);
#2110=VECTOR('',#6927,60.0);
#2111=VECTOR('',#6932,60.0);
#2112=VECTOR('',#6933,60.0);
#2113=VECTOR('',#6934,60.0);
#2114=VECTOR('',#6937,60.0);
#2115=VECTOR('',#6938,60.0);
#2116=VECTOR('',#6939,60.0);
#2117=VECTOR('',#6940,60.0);
#2118=VECTOR('',#6943,60.0);
#2119=VECTOR('',#6944,60.0);
#2120=VECTOR('',#6945,60.0);
#2121=VECTOR('',#6948,60.0);
#2122=VECTOR('',#6949,60.0);
#2123=VECTOR('',#6950,60.0);
#2124=VECTOR('',#6953,60.0);
#2125=VECTOR('',#6954,60.0);
#2126=VECTOR('',#6957,60.0);
#2127=VECTOR('',#6958,60.0);
#2128=VECTOR('',#6959,60.0);
#2129=VECTOR('',#6962,60.0);
#2130=VECTOR('',#6963,60.0);
#2131=VECTOR('',#6968,60.0);
#2132=VECTOR('',#6969,60.0);
#2133=VECTOR('',#6972,60.0);
#2134=VECTOR('',#6973,60.0);
#2135=VECTOR('',#6974,60.0);
#2136=VECTOR('',#6977,60.0);
#2137=VECTOR('',#6984,60.0);
#2138=VECTOR('',#6985,60.0);
#2139=VECTOR('',#6988,60.0);
#2140=VECTOR('',#6989,60.0);
#2141=VECTOR('',#6992,60.0);
#2142=VECTOR('',#6993,60.0);
#2143=VECTOR('',#6996,60.0);
#2144=VECTOR('',#6997,60.0);
#2145=VECTOR('',#7000,60.0);
#2146=VERTEX_POINT('',#7005);
#2147=VERTEX_POINT('',#7006);
#2148=VERTEX_POINT('',#7008);
#2149=VERTEX_POINT('',#7010);
#2150=VERTEX_POINT('',#7012);
#2151=VERTEX_POINT('',#7016);
#2152=VERTEX_POINT('',#7018);
#2153=VERTEX_POINT('',#7022);
#2154=VERTEX_POINT('',#7023);
#2155=VERTEX_POINT('',#7025);
#2156=VERTEX_POINT('',#7027);
#2157=VERTEX_POINT('',#7029);
#2158=VERTEX_POINT('',#7033);
#2159=VERTEX_POINT('',#7035);
#2160=VERTEX_POINT('',#7039);
#2161=VERTEX_POINT('',#7041);
#2162=VERTEX_POINT('',#7045);
#2163=VERTEX_POINT('',#7047);
#2164=VERTEX_POINT('',#7051);
#2165=VERTEX_POINT('',#7053);
#2166=VERTEX_POINT('',#7055);
#2167=VERTEX_POINT('',#7057);
#2168=VERTEX_POINT('',#7059);
#2169=VERTEX_POINT('',#7061);
#2170=VERTEX_POINT('',#7063);
#2171=VERTEX_POINT('',#7065);
#2172=VERTEX_POINT('',#7067);
#2173=VERTEX_POINT('',#7069);
#2174=VERTEX_POINT('',#7071);
#2175=VERTEX_POINT('',#7073);
#2176=VERTEX_POINT('',#7075);
#2177=VERTEX_POINT('',#7077);
#2178=VERTEX_POINT('',#7079);
#2179=VERTEX_POINT('',#7081);
#2180=VERTEX_POINT('',#7083);
#2181=VERTEX_POINT('',#7085);
#2182=VERTEX_POINT('',#7089);
#2183=VERTEX_POINT('',#7091);
#2184=VERTEX_POINT('',#7095);
#2185=VERTEX_POINT('',#7097);
#2186=VERTEX_POINT('',#7101);
#2187=VERTEX_POINT('',#7102);
#2188=VERTEX_POINT('',#7104);
#2189=VERTEX_POINT('',#7106);
#2190=VERTEX_POINT('',#7110);
#2191=VERTEX_POINT('',#7112);
#2192=VERTEX_POINT('',#7116);
#2193=VERTEX_POINT('',#7118);
#2194=VERTEX_POINT('',#7126);
#2195=VERTEX_POINT('',#7127);
#2196=VERTEX_POINT('',#7129);
#2197=VERTEX_POINT('',#7131);
#2198=VERTEX_POINT('',#7135);
#2199=VERTEX_POINT('',#7137);
#2200=VERTEX_POINT('',#7141);
#2201=VERTEX_POINT('',#7143);
#2202=VERTEX_POINT('',#7151);
#2203=VERTEX_POINT('',#7152);
#2204=VERTEX_POINT('',#7154);
#2205=VERTEX_POINT('',#7156);
#2206=VERTEX_POINT('',#7160);
#2207=VERTEX_POINT('',#7162);
#2208=VERTEX_POINT('',#7166);
#2209=VERTEX_POINT('',#7168);
#2210=VERTEX_POINT('',#7176);
#2211=VERTEX_POINT('',#7177);
#2212=VERTEX_POINT('',#7179);
#2213=VERTEX_POINT('',#7181);
#2214=VERTEX_POINT('',#7185);
#2215=VERTEX_POINT('',#7187);
#2216=VERTEX_POINT('',#7191);
#2217=VERTEX_POINT('',#7193);
#2218=VERTEX_POINT('',#7201);
#2219=VERTEX_POINT('',#7202);
#2220=VERTEX_POINT('',#7204);
#2221=VERTEX_POINT('',#7206);
#2222=VERTEX_POINT('',#7210);
#2223=VERTEX_POINT('',#7212);
#2224=VERTEX_POINT('',#7216);
#2225=VERTEX_POINT('',#7218);
#2226=VERTEX_POINT('',#7226);
#2227=VERTEX_POINT('',#7227);
#2228=VERTEX_POINT('',#7229);
#2229=VERTEX_POINT('',#7231);
#2230=VERTEX_POINT('',#7235);
#2231=VERTEX_POINT('',#7237);
#2232=VERTEX_POINT('',#7241);
#2233=VERTEX_POINT('',#7243);
#2234=VERTEX_POINT('',#7251);
#2235=VERTEX_POINT('',#7252);
#2236=VERTEX_POINT('',#7254);
#2237=VERTEX_POINT('',#7256);
#2238=VERTEX_POINT('',#7260);
#2239=VERTEX_POINT('',#7262);
#2240=VERTEX_POINT('',#7266);
#2241=VERTEX_POINT('',#7268);
#2242=VERTEX_POINT('',#7276);
#2243=VERTEX_POINT('',#7277);
#2244=VERTEX_POINT('',#7279);
#2245=VERTEX_POINT('',#7281);
#2246=VERTEX_POINT('',#7285);
#2247=VERTEX_POINT('',#7287);
#2248=VERTEX_POINT('',#7291);
#2249=VERTEX_POINT('',#7293);
#2250=VERTEX_POINT('',#7301);
#2251=VERTEX_POINT('',#7302);
#2252=VERTEX_POINT('',#7304);
#2253=VERTEX_POINT('',#7306);
#2254=VERTEX_POINT('',#7310);
#2255=VERTEX_POINT('',#7312);
#2256=VERTEX_POINT('',#7316);
#2257=VERTEX_POINT('',#7318);
#2258=VERTEX_POINT('',#7326);
#2259=VERTEX_POINT('',#7327);
#2260=VERTEX_POINT('',#7329);
#2261=VERTEX_POINT('',#7331);
#2262=VERTEX_POINT('',#7335);
#2263=VERTEX_POINT('',#7337);
#2264=VERTEX_POINT('',#7341);
#2265=VERTEX_POINT('',#7343);
#2266=VERTEX_POINT('',#7351);
#2267=VERTEX_POINT('',#7352);
#2268=VERTEX_POINT('',#7354);
#2269=VERTEX_POINT('',#7356);
#2270=VERTEX_POINT('',#7360);
#2271=VERTEX_POINT('',#7362);
#2272=VERTEX_POINT('',#7366);
#2273=VERTEX_POINT('',#7368);
#2274=VERTEX_POINT('',#7376);
#2275=VERTEX_POINT('',#7377);
#2276=VERTEX_POINT('',#7379);
#2277=VERTEX_POINT('',#7381);
#2278=VERTEX_POINT('',#7385);
#2279=VERTEX_POINT('',#7387);
#2280=VERTEX_POINT('',#7391);
#2281=VERTEX_POINT('',#7393);
#2282=VERTEX_POINT('',#7401);
#2283=VERTEX_POINT('',#7402);
#2284=VERTEX_POINT('',#7404);
#2285=VERTEX_POINT('',#7406);
#2286=VERTEX_POINT('',#7410);
#2287=VERTEX_POINT('',#7412);
#2288=VERTEX_POINT('',#7416);
#2289=VERTEX_POINT('',#7418);
#2290=VERTEX_POINT('',#7426);
#2291=VERTEX_POINT('',#7427);
#2292=VERTEX_POINT('',#7429);
#2293=VERTEX_POINT('',#7431);
#2294=VERTEX_POINT('',#7435);
#2295=VERTEX_POINT('',#7437);
#2296=VERTEX_POINT('',#7441);
#2297=VERTEX_POINT('',#7443);
#2298=VERTEX_POINT('',#7451);
#2299=VERTEX_POINT('',#7452);
#2300=VERTEX_POINT('',#7454);
#2301=VERTEX_POINT('',#7456);
#2302=VERTEX_POINT('',#7460);
#2303=VERTEX_POINT('',#7462);
#2304=VERTEX_POINT('',#7466);
#2305=VERTEX_POINT('',#7468);
#2306=VERTEX_POINT('',#7476);
#2307=VERTEX_POINT('',#7477);
#2308=VERTEX_POINT('',#7479);
#2309=VERTEX_POINT('',#7481);
#2310=VERTEX_POINT('',#7485);
#2311=VERTEX_POINT('',#7487);
#2312=VERTEX_POINT('',#7491);
#2313=VERTEX_POINT('',#7493);
#2314=VERTEX_POINT('',#7501);
#2315=VERTEX_POINT('',#7502);
#2316=VERTEX_POINT('',#7504);
#2317=VERTEX_POINT('',#7506);
#2318=VERTEX_POINT('',#7510);
#2319=VERTEX_POINT('',#7512);
#2320=VERTEX_POINT('',#7516);
#2321=VERTEX_POINT('',#7518);
#2322=VERTEX_POINT('',#7526);
#2323=VERTEX_POINT('',#7527);
#2324=VERTEX_POINT('',#7529);
#2325=VERTEX_POINT('',#7531);
#2326=VERTEX_POINT('',#7535);
#2327=VERTEX_POINT('',#7537);
#2328=VERTEX_POINT('',#7541);
#2329=VERTEX_POINT('',#7543);
#2330=VERTEX_POINT('',#7551);
#2331=VERTEX_POINT('',#7552);
#2332=VERTEX_POINT('',#7554);
#2333=VERTEX_POINT('',#7556);
#2334=VERTEX_POINT('',#7560);
#2335=VERTEX_POINT('',#7562);
#2336=VERTEX_POINT('',#7566);
#2337=VERTEX_POINT('',#7568);
#2338=VERTEX_POINT('',#7576);
#2339=VERTEX_POINT('',#7577);
#2340=VERTEX_POINT('',#7579);
#2341=VERTEX_POINT('',#7581);
#2342=VERTEX_POINT('',#7585);
#2343=VERTEX_POINT('',#7587);
#2344=VERTEX_POINT('',#7591);
#2345=VERTEX_POINT('',#7593);
#2346=VERTEX_POINT('',#7601);
#2347=VERTEX_POINT('',#7602);
#2348=VERTEX_POINT('',#7604);
#2349=VERTEX_POINT('',#7606);
#2350=VERTEX_POINT('',#7610);
#2351=VERTEX_POINT('',#7612);
#2352=VERTEX_POINT('',#7616);
#2353=VERTEX_POINT('',#7618);
#2354=VERTEX_POINT('',#7626);
#2355=VERTEX_POINT('',#7627);
#2356=VERTEX_POINT('',#7629);
#2357=VERTEX_POINT('',#7631);
#2358=VERTEX_POINT('',#7635);
#2359=VERTEX_POINT('',#7637);
#2360=VERTEX_POINT('',#7641);
#2361=VERTEX_POINT('',#7643);
#2362=VERTEX_POINT('',#7651);
#2363=VERTEX_POINT('',#7652);
#2364=VERTEX_POINT('',#7654);
#2365=VERTEX_POINT('',#7656);
#2366=VERTEX_POINT('',#7660);
#2367=VERTEX_POINT('',#7662);
#2368=VERTEX_POINT('',#7666);
#2369=VERTEX_POINT('',#7668);
#2370=VERTEX_POINT('',#7676);
#2371=VERTEX_POINT('',#7677);
#2372=VERTEX_POINT('',#7679);
#2373=VERTEX_POINT('',#7681);
#2374=VERTEX_POINT('',#7685);
#2375=VERTEX_POINT('',#7687);
#2376=VERTEX_POINT('',#7691);
#2377=VERTEX_POINT('',#7693);
#2378=VERTEX_POINT('',#7701);
#2379=VERTEX_POINT('',#7702);
#2380=VERTEX_POINT('',#7704);
#2381=VERTEX_POINT('',#7706);
#2382=VERTEX_POINT('',#7710);
#2383=VERTEX_POINT('',#7712);
#2384=VERTEX_POINT('',#7716);
#2385=VERTEX_POINT('',#7718);
#2386=VERTEX_POINT('',#7726);
#2387=VERTEX_POINT('',#7727);
#2388=VERTEX_POINT('',#7729);
#2389=VERTEX_POINT('',#7731);
#2390=VERTEX_POINT('',#7735);
#2391=VERTEX_POINT('',#7736);
#2392=VERTEX_POINT('',#7741);
#2393=VERTEX_POINT('',#7743);
#2394=VERTEX_POINT('',#7747);
#2395=VERTEX_POINT('',#7749);
#2396=VERTEX_POINT('',#7760);
#2397=VERTEX_POINT('',#7764);
#2398=VERTEX_POINT('',#7766);
#2399=VERTEX_POINT('',#7770);
#2400=VERTEX_POINT('',#7774);
#2401=VERTEX_POINT('',#7778);
#2402=VERTEX_POINT('',#7782);
#2403=VERTEX_POINT('',#7788);
#2404=VERTEX_POINT('',#7790);
#2405=VERTEX_POINT('',#7797);
#2406=VERTEX_POINT('',#7799);
#2407=VERTEX_POINT('',#7803);
#2408=VERTEX_POINT('',#7804);
#2409=VERTEX_POINT('',#7806);
#2410=VERTEX_POINT('',#7808);
#2411=VERTEX_POINT('',#7812);
#2412=VERTEX_POINT('',#7814);
#2413=VERTEX_POINT('',#7818);
#2414=VERTEX_POINT('',#7820);
#2415=VERTEX_POINT('',#7828);
#2416=VERTEX_POINT('',#7829);
#2417=VERTEX_POINT('',#7831);
#2418=VERTEX_POINT('',#7833);
#2419=VERTEX_POINT('',#7837);
#2420=VERTEX_POINT('',#7839);
#2421=VERTEX_POINT('',#7843);
#2422=VERTEX_POINT('',#7845);
#2423=VERTEX_POINT('',#7853);
#2424=VERTEX_POINT('',#7854);
#2425=VERTEX_POINT('',#7856);
#2426=VERTEX_POINT('',#7858);
#2427=VERTEX_POINT('',#7862);
#2428=VERTEX_POINT('',#7864);
#2429=VERTEX_POINT('',#7868);
#2430=VERTEX_POINT('',#7870);
#2431=VERTEX_POINT('',#7878);
#2432=VERTEX_POINT('',#7879);
#2433=VERTEX_POINT('',#7881);
#2434=VERTEX_POINT('',#7883);
#2435=VERTEX_POINT('',#7887);
#2436=VERTEX_POINT('',#7889);
#2437=VERTEX_POINT('',#7893);
#2438=VERTEX_POINT('',#7895);
#2439=VERTEX_POINT('',#7903);
#2440=VERTEX_POINT('',#7904);
#2441=VERTEX_POINT('',#7906);
#2442=VERTEX_POINT('',#7908);
#2443=VERTEX_POINT('',#7912);
#2444=VERTEX_POINT('',#7914);
#2445=VERTEX_POINT('',#7918);
#2446=VERTEX_POINT('',#7920);
#2447=VERTEX_POINT('',#7928);
#2448=VERTEX_POINT('',#7929);
#2449=VERTEX_POINT('',#7931);
#2450=VERTEX_POINT('',#7933);
#2451=VERTEX_POINT('',#7937);
#2452=VERTEX_POINT('',#7939);
#2453=VERTEX_POINT('',#7943);
#2454=VERTEX_POINT('',#7945);
#2455=VERTEX_POINT('',#7953);
#2456=VERTEX_POINT('',#7954);
#2457=VERTEX_POINT('',#7956);
#2458=VERTEX_POINT('',#7958);
#2459=VERTEX_POINT('',#7962);
#2460=VERTEX_POINT('',#7964);
#2461=VERTEX_POINT('',#7968);
#2462=VERTEX_POINT('',#7970);
#2463=VERTEX_POINT('',#7978);
#2464=VERTEX_POINT('',#7979);
#2465=VERTEX_POINT('',#7981);
#2466=VERTEX_POINT('',#7983);
#2467=VERTEX_POINT('',#7987);
#2468=VERTEX_POINT('',#7989);
#2469=VERTEX_POINT('',#7993);
#2470=VERTEX_POINT('',#7995);
#2471=VERTEX_POINT('',#8003);
#2472=VERTEX_POINT('',#8004);
#2473=VERTEX_POINT('',#8006);
#2474=VERTEX_POINT('',#8008);
#2475=VERTEX_POINT('',#8012);
#2476=VERTEX_POINT('',#8014);
#2477=VERTEX_POINT('',#8018);
#2478=VERTEX_POINT('',#8020);
#2479=VERTEX_POINT('',#8028);
#2480=VERTEX_POINT('',#8029);
#2481=VERTEX_POINT('',#8031);
#2482=VERTEX_POINT('',#8033);
#2483=VERTEX_POINT('',#8037);
#2484=VERTEX_POINT('',#8039);
#2485=VERTEX_POINT('',#8043);
#2486=VERTEX_POINT('',#8045);
#2487=VERTEX_POINT('',#8053);
#2488=VERTEX_POINT('',#8054);
#2489=VERTEX_POINT('',#8056);
#2490=VERTEX_POINT('',#8058);
#2491=VERTEX_POINT('',#8062);
#2492=VERTEX_POINT('',#8064);
#2493=VERTEX_POINT('',#8068);
#2494=VERTEX_POINT('',#8070);
#2495=VERTEX_POINT('',#8078);
#2496=VERTEX_POINT('',#8079);
#2497=VERTEX_POINT('',#8081);
#2498=VERTEX_POINT('',#8083);
#2499=VERTEX_POINT('',#8087);
#2500=VERTEX_POINT('',#8089);
#2501=VERTEX_POINT('',#8093);
#2502=VERTEX_POINT('',#8095);
#2503=VERTEX_POINT('',#8103);
#2504=VERTEX_POINT('',#8104);
#2505=VERTEX_POINT('',#8106);
#2506=VERTEX_POINT('',#8108);
#2507=VERTEX_POINT('',#8112);
#2508=VERTEX_POINT('',#8114);
#2509=VERTEX_POINT('',#8118);
#2510=VERTEX_POINT('',#8120);
#2511=VERTEX_POINT('',#8128);
#2512=VERTEX_POINT('',#8129);
#2513=VERTEX_POINT('',#8131);
#2514=VERTEX_POINT('',#8133);
#2515=VERTEX_POINT('',#8137);
#2516=VERTEX_POINT('',#8139);
#2517=VERTEX_POINT('',#8143);
#2518=VERTEX_POINT('',#8145);
#2519=VERTEX_POINT('',#8153);
#2520=VERTEX_POINT('',#8154);
#2521=VERTEX_POINT('',#8156);
#2522=VERTEX_POINT('',#8158);
#2523=VERTEX_POINT('',#8162);
#2524=VERTEX_POINT('',#8164);
#2525=VERTEX_POINT('',#8168);
#2526=VERTEX_POINT('',#8170);
#2527=VERTEX_POINT('',#8178);
#2528=VERTEX_POINT('',#8179);
#2529=VERTEX_POINT('',#8181);
#2530=VERTEX_POINT('',#8183);
#2531=VERTEX_POINT('',#8187);
#2532=VERTEX_POINT('',#8189);
#2533=VERTEX_POINT('',#8193);
#2534=VERTEX_POINT('',#8195);
#2535=VERTEX_POINT('',#8203);
#2536=VERTEX_POINT('',#8204);
#2537=VERTEX_POINT('',#8206);
#2538=VERTEX_POINT('',#8208);
#2539=VERTEX_POINT('',#8212);
#2540=VERTEX_POINT('',#8214);
#2541=VERTEX_POINT('',#8218);
#2542=VERTEX_POINT('',#8220);
#2543=VERTEX_POINT('',#8228);
#2544=VERTEX_POINT('',#8229);
#2545=VERTEX_POINT('',#8231);
#2546=VERTEX_POINT('',#8233);
#2547=VERTEX_POINT('',#8237);
#2548=VERTEX_POINT('',#8239);
#2549=VERTEX_POINT('',#8243);
#2550=VERTEX_POINT('',#8245);
#2551=VERTEX_POINT('',#8253);
#2552=VERTEX_POINT('',#8254);
#2553=VERTEX_POINT('',#8256);
#2554=VERTEX_POINT('',#8258);
#2555=VERTEX_POINT('',#8262);
#2556=VERTEX_POINT('',#8264);
#2557=VERTEX_POINT('',#8268);
#2558=VERTEX_POINT('',#8270);
#2559=VERTEX_POINT('',#8278);
#2560=VERTEX_POINT('',#8279);
#2561=VERTEX_POINT('',#8281);
#2562=VERTEX_POINT('',#8283);
#2563=VERTEX_POINT('',#8287);
#2564=VERTEX_POINT('',#8289);
#2565=VERTEX_POINT('',#8293);
#2566=VERTEX_POINT('',#8295);
#2567=VERTEX_POINT('',#8303);
#2568=VERTEX_POINT('',#8304);
#2569=VERTEX_POINT('',#8306);
#2570=VERTEX_POINT('',#8308);
#2571=VERTEX_POINT('',#8312);
#2572=VERTEX_POINT('',#8314);
#2573=VERTEX_POINT('',#8318);
#2574=VERTEX_POINT('',#8320);
#2575=VERTEX_POINT('',#8328);
#2576=VERTEX_POINT('',#8329);
#2577=VERTEX_POINT('',#8331);
#2578=VERTEX_POINT('',#8333);
#2579=VERTEX_POINT('',#8337);
#2580=VERTEX_POINT('',#8339);
#2581=VERTEX_POINT('',#8343);
#2582=VERTEX_POINT('',#8345);
#2583=VERTEX_POINT('',#8353);
#2584=VERTEX_POINT('',#8354);
#2585=VERTEX_POINT('',#8356);
#2586=VERTEX_POINT('',#8358);
#2587=VERTEX_POINT('',#8362);
#2588=VERTEX_POINT('',#8364);
#2589=VERTEX_POINT('',#8368);
#2590=VERTEX_POINT('',#8370);
#2591=VERTEX_POINT('',#8378);
#2592=VERTEX_POINT('',#8379);
#2593=VERTEX_POINT('',#8381);
#2594=VERTEX_POINT('',#8383);
#2595=VERTEX_POINT('',#8387);
#2596=VERTEX_POINT('',#8389);
#2597=VERTEX_POINT('',#8393);
#2598=VERTEX_POINT('',#8395);
#2599=VERTEX_POINT('',#8403);
#2600=VERTEX_POINT('',#8404);
#2601=VERTEX_POINT('',#8406);
#2602=VERTEX_POINT('',#8408);
#2603=VERTEX_POINT('',#8412);
#2604=VERTEX_POINT('',#8414);
#2605=VERTEX_POINT('',#8418);
#2606=VERTEX_POINT('',#8420);
#2607=VERTEX_POINT('',#8428);
#2608=VERTEX_POINT('',#8430);
#2609=VERTEX_POINT('',#8434);
#2610=VERTEX_POINT('',#8435);
#2611=VERTEX_POINT('',#8437);
#2612=VERTEX_POINT('',#8439);
#2613=VERTEX_POINT('',#8443);
#2614=VERTEX_POINT('',#8444);
#2615=VERTEX_POINT('',#8449);
#2616=VERTEX_POINT('',#8451);
#2617=VERTEX_POINT('',#8458);
#2618=VERTEX_POINT('',#8460);
#2619=VERTEX_POINT('',#8468);
#2620=VERTEX_POINT('',#8472);
#2621=VERTEX_POINT('',#8474);
#2622=VERTEX_POINT('',#8482);
#2623=VERTEX_POINT('',#8486);
#2624=VERTEX_POINT('',#8490);
#2625=VERTEX_POINT('',#8494);
#2626=EDGE_CURVE('',#2146,#2147,#706,.T.);
#2627=EDGE_CURVE('',#2147,#2148,#707,.T.);
#2628=EDGE_CURVE('',#2148,#2149,#708,.T.);
#2629=EDGE_CURVE('',#2149,#2150,#709,.T.);
#2630=EDGE_CURVE('',#2150,#2146,#710,.T.);
#2631=EDGE_CURVE('',#2151,#2149,#711,.T.);
#2632=EDGE_CURVE('',#2152,#2151,#712,.T.);
#2633=EDGE_CURVE('',#2150,#2152,#713,.T.);
#2634=EDGE_CURVE('',#2153,#2154,#714,.T.);
#2635=EDGE_CURVE('',#2154,#2155,#715,.T.);
#2636=EDGE_CURVE('',#2155,#2156,#716,.T.);
#2637=EDGE_CURVE('',#2157,#2156,#717,.T.);
#2638=EDGE_CURVE('',#2157,#2153,#718,.T.);
#2639=EDGE_CURVE('',#2154,#2158,#719,.T.);
#2640=EDGE_CURVE('',#2158,#2159,#720,.T.);
#2641=EDGE_CURVE('',#2159,#2155,#721,.T.);
#2642=EDGE_CURVE('',#2160,#2147,#722,.T.);
#2643=EDGE_CURVE('',#2146,#2161,#723,.F.);
#2644=EDGE_CURVE('',#2161,#2160,#724,.T.);
#2645=EDGE_CURVE('',#2161,#2162,#725,.T.);
#2646=EDGE_CURVE('',#2162,#2163,#726,.T.);
#2647=EDGE_CURVE('',#2163,#2160,#727,.T.);
#2648=EDGE_CURVE('',#2164,#2163,#728,.T.);
#2649=EDGE_CURVE('',#2164,#2165,#729,.T.);
#2650=EDGE_CURVE('',#2166,#2165,#730,.T.);
#2651=EDGE_CURVE('',#2166,#2167,#731,.T.);
#2652=EDGE_CURVE('',#2167,#2168,#732,.T.);
#2653=EDGE_CURVE('',#2168,#2169,#733,.T.);
#2654=EDGE_CURVE('',#2169,#2170,#734,.T.);
#2655=EDGE_CURVE('',#2171,#2170,#735,.T.);
#2656=EDGE_CURVE('',#2172,#2171,#736,.T.);
#2657=EDGE_CURVE('',#2173,#2172,#737,.T.);
#2658=EDGE_CURVE('',#2174,#2173,#738,.T.);
#2659=EDGE_CURVE('',#2175,#2174,#739,.T.);
#2660=EDGE_CURVE('',#2175,#2176,#740,.T.);
#2661=EDGE_CURVE('',#2177,#2176,#741,.T.);
#2662=EDGE_CURVE('',#2178,#2177,#742,.T.);
#2663=EDGE_CURVE('',#2179,#2178,#743,.T.);
#2664=EDGE_CURVE('',#2179,#2180,#744,.T.);
#2665=EDGE_CURVE('',#2180,#2181,#66,.T.);
#2666=EDGE_CURVE('',#2160,#2181,#745,.T.);
#2667=EDGE_CURVE('',#2162,#2182,#746,.T.);
#2668=EDGE_CURVE('',#2182,#2183,#747,.T.);
#2669=EDGE_CURVE('',#2183,#2164,#748,.T.);
#2670=EDGE_CURVE('',#2184,#2182,#749,.T.);
#2671=EDGE_CURVE('',#2184,#2185,#750,.T.);
#2672=EDGE_CURVE('',#2185,#2183,#751,.T.);
#2673=EDGE_CURVE('',#2186,#2187,#752,.T.);
#2674=EDGE_CURVE('',#2186,#2188,#753,.T.);
#2675=EDGE_CURVE('',#2189,#2188,#754,.T.);
#2676=EDGE_CURVE('',#2187,#2189,#755,.T.);
#2677=EDGE_CURVE('',#2187,#2190,#756,.T.);
#2678=EDGE_CURVE('',#2191,#2189,#757,.T.);
#2679=EDGE_CURVE('',#2190,#2191,#758,.T.);
#2680=EDGE_CURVE('',#2190,#2192,#759,.T.);
#2681=EDGE_CURVE('',#2193,#2191,#760,.T.);
#2682=EDGE_CURVE('',#2192,#2193,#761,.T.);
#2683=EDGE_CURVE('',#2192,#2186,#762,.T.);
#2684=EDGE_CURVE('',#2188,#2193,#763,.T.);
#2685=EDGE_CURVE('',#2194,#2195,#764,.T.);
#2686=EDGE_CURVE('',#2194,#2196,#765,.T.);
#2687=EDGE_CURVE('',#2197,#2196,#766,.T.);
#2688=EDGE_CURVE('',#2195,#2197,#767,.T.);
#2689=EDGE_CURVE('',#2195,#2198,#768,.T.);
#2690=EDGE_CURVE('',#2199,#2197,#769,.T.);
#2691=EDGE_CURVE('',#2198,#2199,#770,.T.);
#2692=EDGE_CURVE('',#2198,#2200,#771,.T.);
#2693=EDGE_CURVE('',#2201,#2199,#772,.T.);
#2694=EDGE_CURVE('',#2200,#2201,#773,.T.);
#2695=EDGE_CURVE('',#2200,#2194,#774,.T.);
#2696=EDGE_CURVE('',#2196,#2201,#775,.T.);
#2697=EDGE_CURVE('',#2202,#2203,#776,.T.);
#2698=EDGE_CURVE('',#2202,#2204,#777,.T.);
#2699=EDGE_CURVE('',#2205,#2204,#778,.T.);
#2700=EDGE_CURVE('',#2203,#2205,#779,.T.);
#2701=EDGE_CURVE('',#2203,#2206,#780,.T.);
#2702=EDGE_CURVE('',#2207,#2205,#781,.T.);
#2703=EDGE_CURVE('',#2206,#2207,#782,.T.);
#2704=EDGE_CURVE('',#2206,#2208,#783,.T.);
#2705=EDGE_CURVE('',#2209,#2207,#784,.T.);
#2706=EDGE_CURVE('',#2208,#2209,#785,.T.);
#2707=EDGE_CURVE('',#2208,#2202,#786,.T.);
#2708=EDGE_CURVE('',#2204,#2209,#787,.T.);
#2709=EDGE_CURVE('',#2210,#2211,#788,.T.);
#2710=EDGE_CURVE('',#2210,#2212,#789,.T.);
#2711=EDGE_CURVE('',#2213,#2212,#790,.T.);
#2712=EDGE_CURVE('',#2211,#2213,#791,.T.);
#2713=EDGE_CURVE('',#2211,#2214,#792,.T.);
#2714=EDGE_CURVE('',#2215,#2213,#793,.T.);
#2715=EDGE_CURVE('',#2214,#2215,#794,.T.);
#2716=EDGE_CURVE('',#2214,#2216,#795,.T.);
#2717=EDGE_CURVE('',#2217,#2215,#796,.T.);
#2718=EDGE_CURVE('',#2216,#2217,#797,.T.);
#2719=EDGE_CURVE('',#2216,#2210,#798,.T.);
#2720=EDGE_CURVE('',#2212,#2217,#799,.T.);
#2721=EDGE_CURVE('',#2218,#2219,#800,.T.);
#2722=EDGE_CURVE('',#2218,#2220,#801,.T.);
#2723=EDGE_CURVE('',#2221,#2220,#802,.T.);
#2724=EDGE_CURVE('',#2219,#2221,#803,.T.);
#2725=EDGE_CURVE('',#2219,#2222,#804,.T.);
#2726=EDGE_CURVE('',#2223,#2221,#805,.T.);
#2727=EDGE_CURVE('',#2222,#2223,#806,.T.);
#2728=EDGE_CURVE('',#2222,#2224,#807,.T.);
#2729=EDGE_CURVE('',#2225,#2223,#808,.T.);
#2730=EDGE_CURVE('',#2224,#2225,#809,.T.);
#2731=EDGE_CURVE('',#2224,#2218,#810,.T.);
#2732=EDGE_CURVE('',#2220,#2225,#811,.T.);
#2733=EDGE_CURVE('',#2226,#2227,#812,.T.);
#2734=EDGE_CURVE('',#2226,#2228,#813,.T.);
#2735=EDGE_CURVE('',#2229,#2228,#814,.T.);
#2736=EDGE_CURVE('',#2227,#2229,#815,.T.);
#2737=EDGE_CURVE('',#2227,#2230,#816,.T.);
#2738=EDGE_CURVE('',#2231,#2229,#817,.T.);
#2739=EDGE_CURVE('',#2230,#2231,#818,.T.);
#2740=EDGE_CURVE('',#2230,#2232,#819,.T.);
#2741=EDGE_CURVE('',#2233,#2231,#820,.T.);
#2742=EDGE_CURVE('',#2232,#2233,#821,.T.);
#2743=EDGE_CURVE('',#2232,#2226,#822,.T.);
#2744=EDGE_CURVE('',#2228,#2233,#823,.T.);
#2745=EDGE_CURVE('',#2234,#2235,#824,.T.);
#2746=EDGE_CURVE('',#2234,#2236,#825,.T.);
#2747=EDGE_CURVE('',#2237,#2236,#826,.T.);
#2748=EDGE_CURVE('',#2235,#2237,#827,.T.);
#2749=EDGE_CURVE('',#2235,#2238,#828,.T.);
#2750=EDGE_CURVE('',#2239,#2237,#829,.T.);
#2751=EDGE_CURVE('',#2238,#2239,#830,.T.);
#2752=EDGE_CURVE('',#2238,#2240,#831,.T.);
#2753=EDGE_CURVE('',#2241,#2239,#832,.T.);
#2754=EDGE_CURVE('',#2240,#2241,#833,.T.);
#2755=EDGE_CURVE('',#2240,#2234,#834,.T.);
#2756=EDGE_CURVE('',#2236,#2241,#835,.T.);
#2757=EDGE_CURVE('',#2242,#2243,#836,.T.);
#2758=EDGE_CURVE('',#2242,#2244,#837,.T.);
#2759=EDGE_CURVE('',#2245,#2244,#838,.T.);
#2760=EDGE_CURVE('',#2243,#2245,#839,.T.);
#2761=EDGE_CURVE('',#2243,#2246,#840,.T.);
#2762=EDGE_CURVE('',#2247,#2245,#841,.T.);
#2763=EDGE_CURVE('',#2246,#2247,#842,.T.);
#2764=EDGE_CURVE('',#2246,#2248,#843,.T.);
#2765=EDGE_CURVE('',#2249,#2247,#844,.T.);
#2766=EDGE_CURVE('',#2248,#2249,#845,.T.);
#2767=EDGE_CURVE('',#2248,#2242,#846,.T.);
#2768=EDGE_CURVE('',#2244,#2249,#847,.T.);
#2769=EDGE_CURVE('',#2250,#2251,#848,.T.);
#2770=EDGE_CURVE('',#2250,#2252,#849,.T.);
#2771=EDGE_CURVE('',#2253,#2252,#850,.T.);
#2772=EDGE_CURVE('',#2251,#2253,#851,.T.);
#2773=EDGE_CURVE('',#2251,#2254,#852,.T.);
#2774=EDGE_CURVE('',#2255,#2253,#853,.T.);
#2775=EDGE_CURVE('',#2254,#2255,#854,.T.);
#2776=EDGE_CURVE('',#2254,#2256,#855,.T.);
#2777=EDGE_CURVE('',#2257,#2255,#856,.T.);
#2778=EDGE_CURVE('',#2256,#2257,#857,.T.);
#2779=EDGE_CURVE('',#2256,#2250,#858,.T.);
#2780=EDGE_CURVE('',#2252,#2257,#859,.T.);
#2781=EDGE_CURVE('',#2258,#2259,#860,.T.);
#2782=EDGE_CURVE('',#2258,#2260,#861,.T.);
#2783=EDGE_CURVE('',#2261,#2260,#862,.T.);
#2784=EDGE_CURVE('',#2259,#2261,#863,.T.);
#2785=EDGE_CURVE('',#2259,#2262,#864,.T.);
#2786=EDGE_CURVE('',#2263,#2261,#865,.T.);
#2787=EDGE_CURVE('',#2262,#2263,#866,.T.);
#2788=EDGE_CURVE('',#2262,#2264,#867,.T.);
#2789=EDGE_CURVE('',#2265,#2263,#868,.T.);
#2790=EDGE_CURVE('',#2264,#2265,#869,.T.);
#2791=EDGE_CURVE('',#2264,#2258,#870,.T.);
#2792=EDGE_CURVE('',#2260,#2265,#871,.T.);
#2793=EDGE_CURVE('',#2266,#2267,#872,.T.);
#2794=EDGE_CURVE('',#2266,#2268,#873,.T.);
#2795=EDGE_CURVE('',#2269,#2268,#874,.T.);
#2796=EDGE_CURVE('',#2267,#2269,#875,.T.);
#2797=EDGE_CURVE('',#2267,#2270,#876,.T.);
#2798=EDGE_CURVE('',#2271,#2269,#877,.T.);
#2799=EDGE_CURVE('',#2270,#2271,#878,.T.);
#2800=EDGE_CURVE('',#2270,#2272,#879,.T.);
#2801=EDGE_CURVE('',#2273,#2271,#880,.T.);
#2802=EDGE_CURVE('',#2272,#2273,#881,.T.);
#2803=EDGE_CURVE('',#2272,#2266,#882,.T.);
#2804=EDGE_CURVE('',#2268,#2273,#883,.T.);
#2805=EDGE_CURVE('',#2274,#2275,#884,.T.);
#2806=EDGE_CURVE('',#2274,#2276,#885,.T.);
#2807=EDGE_CURVE('',#2277,#2276,#886,.T.);
#2808=EDGE_CURVE('',#2275,#2277,#887,.T.);
#2809=EDGE_CURVE('',#2275,#2278,#888,.T.);
#2810=EDGE_CURVE('',#2279,#2277,#889,.T.);
#2811=EDGE_CURVE('',#2278,#2279,#890,.T.);
#2812=EDGE_CURVE('',#2278,#2280,#891,.T.);
#2813=EDGE_CURVE('',#2281,#2279,#892,.T.);
#2814=EDGE_CURVE('',#2280,#2281,#893,.T.);
#2815=EDGE_CURVE('',#2280,#2274,#894,.T.);
#2816=EDGE_CURVE('',#2276,#2281,#895,.T.);
#2817=EDGE_CURVE('',#2282,#2283,#896,.T.);
#2818=EDGE_CURVE('',#2282,#2284,#897,.T.);
#2819=EDGE_CURVE('',#2285,#2284,#898,.T.);
#2820=EDGE_CURVE('',#2283,#2285,#899,.T.);
#2821=EDGE_CURVE('',#2283,#2286,#900,.T.);
#2822=EDGE_CURVE('',#2287,#2285,#901,.T.);
#2823=EDGE_CURVE('',#2286,#2287,#902,.T.);
#2824=EDGE_CURVE('',#2286,#2288,#903,.T.);
#2825=EDGE_CURVE('',#2289,#2287,#904,.T.);
#2826=EDGE_CURVE('',#2288,#2289,#905,.T.);
#2827=EDGE_CURVE('',#2288,#2282,#906,.T.);
#2828=EDGE_CURVE('',#2284,#2289,#907,.T.);
#2829=EDGE_CURVE('',#2290,#2291,#908,.T.);
#2830=EDGE_CURVE('',#2290,#2292,#909,.T.);
#2831=EDGE_CURVE('',#2293,#2292,#910,.T.);
#2832=EDGE_CURVE('',#2291,#2293,#911,.T.);
#2833=EDGE_CURVE('',#2291,#2294,#912,.T.);
#2834=EDGE_CURVE('',#2295,#2293,#913,.T.);
#2835=EDGE_CURVE('',#2294,#2295,#914,.T.);
#2836=EDGE_CURVE('',#2294,#2296,#915,.T.);
#2837=EDGE_CURVE('',#2297,#2295,#916,.T.);
#2838=EDGE_CURVE('',#2296,#2297,#917,.T.);
#2839=EDGE_CURVE('',#2296,#2290,#918,.T.);
#2840=EDGE_CURVE('',#2292,#2297,#919,.T.);
#2841=EDGE_CURVE('',#2298,#2299,#920,.T.);
#2842=EDGE_CURVE('',#2298,#2300,#921,.T.);
#2843=EDGE_CURVE('',#2301,#2300,#922,.T.);
#2844=EDGE_CURVE('',#2299,#2301,#923,.T.);
#2845=EDGE_CURVE('',#2299,#2302,#924,.T.);
#2846=EDGE_CURVE('',#2303,#2301,#925,.T.);
#2847=EDGE_CURVE('',#2302,#2303,#926,.T.);
#2848=EDGE_CURVE('',#2302,#2304,#927,.T.);
#2849=EDGE_CURVE('',#2305,#2303,#928,.T.);
#2850=EDGE_CURVE('',#2304,#2305,#929,.T.);
#2851=EDGE_CURVE('',#2304,#2298,#930,.T.);
#2852=EDGE_CURVE('',#2300,#2305,#931,.T.);
#2853=EDGE_CURVE('',#2306,#2307,#932,.T.);
#2854=EDGE_CURVE('',#2306,#2308,#933,.T.);
#2855=EDGE_CURVE('',#2309,#2308,#934,.T.);
#2856=EDGE_CURVE('',#2307,#2309,#935,.T.);
#2857=EDGE_CURVE('',#2307,#2310,#936,.T.);
#2858=EDGE_CURVE('',#2311,#2309,#937,.T.);
#2859=EDGE_CURVE('',#2310,#2311,#938,.T.);
#2860=EDGE_CURVE('',#2310,#2312,#939,.T.);
#2861=EDGE_CURVE('',#2313,#2311,#940,.T.);
#2862=EDGE_CURVE('',#2312,#2313,#941,.T.);
#2863=EDGE_CURVE('',#2312,#2306,#942,.T.);
#2864=EDGE_CURVE('',#2308,#2313,#943,.T.);
#2865=EDGE_CURVE('',#2314,#2315,#944,.T.);
#2866=EDGE_CURVE('',#2314,#2316,#945,.T.);
#2867=EDGE_CURVE('',#2317,#2316,#946,.T.);
#2868=EDGE_CURVE('',#2315,#2317,#947,.T.);
#2869=EDGE_CURVE('',#2315,#2318,#948,.T.);
#2870=EDGE_CURVE('',#2319,#2317,#949,.T.);
#2871=EDGE_CURVE('',#2318,#2319,#950,.T.);
#2872=EDGE_CURVE('',#2318,#2320,#951,.T.);
#2873=EDGE_CURVE('',#2321,#2319,#952,.T.);
#2874=EDGE_CURVE('',#2320,#2321,#953,.T.);
#2875=EDGE_CURVE('',#2320,#2314,#954,.T.);
#2876=EDGE_CURVE('',#2316,#2321,#955,.T.);
#2877=EDGE_CURVE('',#2322,#2323,#956,.T.);
#2878=EDGE_CURVE('',#2322,#2324,#957,.T.);
#2879=EDGE_CURVE('',#2325,#2324,#958,.T.);
#2880=EDGE_CURVE('',#2323,#2325,#959,.T.);
#2881=EDGE_CURVE('',#2323,#2326,#960,.T.);
#2882=EDGE_CURVE('',#2327,#2325,#961,.T.);
#2883=EDGE_CURVE('',#2326,#2327,#962,.T.);
#2884=EDGE_CURVE('',#2326,#2328,#963,.T.);
#2885=EDGE_CURVE('',#2329,#2327,#964,.T.);
#2886=EDGE_CURVE('',#2328,#2329,#965,.T.);
#2887=EDGE_CURVE('',#2328,#2322,#966,.T.);
#2888=EDGE_CURVE('',#2324,#2329,#967,.T.);
#2889=EDGE_CURVE('',#2330,#2331,#968,.T.);
#2890=EDGE_CURVE('',#2330,#2332,#969,.T.);
#2891=EDGE_CURVE('',#2333,#2332,#970,.T.);
#2892=EDGE_CURVE('',#2331,#2333,#971,.T.);
#2893=EDGE_CURVE('',#2331,#2334,#972,.T.);
#2894=EDGE_CURVE('',#2335,#2333,#973,.T.);
#2895=EDGE_CURVE('',#2334,#2335,#974,.T.);
#2896=EDGE_CURVE('',#2334,#2336,#975,.T.);
#2897=EDGE_CURVE('',#2337,#2335,#976,.T.);
#2898=EDGE_CURVE('',#2336,#2337,#977,.T.);
#2899=EDGE_CURVE('',#2336,#2330,#978,.T.);
#2900=EDGE_CURVE('',#2332,#2337,#979,.T.);
#2901=EDGE_CURVE('',#2338,#2339,#980,.T.);
#2902=EDGE_CURVE('',#2338,#2340,#981,.T.);
#2903=EDGE_CURVE('',#2341,#2340,#982,.T.);
#2904=EDGE_CURVE('',#2339,#2341,#983,.T.);
#2905=EDGE_CURVE('',#2339,#2342,#984,.T.);
#2906=EDGE_CURVE('',#2343,#2341,#985,.T.);
#2907=EDGE_CURVE('',#2342,#2343,#986,.T.);
#2908=EDGE_CURVE('',#2342,#2344,#987,.T.);
#2909=EDGE_CURVE('',#2345,#2343,#988,.T.);
#2910=EDGE_CURVE('',#2344,#2345,#989,.T.);
#2911=EDGE_CURVE('',#2344,#2338,#990,.T.);
#2912=EDGE_CURVE('',#2340,#2345,#991,.T.);
#2913=EDGE_CURVE('',#2346,#2347,#992,.T.);
#2914=EDGE_CURVE('',#2346,#2348,#993,.T.);
#2915=EDGE_CURVE('',#2349,#2348,#994,.T.);
#2916=EDGE_CURVE('',#2347,#2349,#995,.T.);
#2917=EDGE_CURVE('',#2347,#2350,#996,.T.);
#2918=EDGE_CURVE('',#2351,#2349,#997,.T.);
#2919=EDGE_CURVE('',#2350,#2351,#998,.T.);
#2920=EDGE_CURVE('',#2350,#2352,#999,.T.);
#2921=EDGE_CURVE('',#2353,#2351,#1000,.T.);
#2922=EDGE_CURVE('',#2352,#2353,#1001,.T.);
#2923=EDGE_CURVE('',#2352,#2346,#1002,.T.);
#2924=EDGE_CURVE('',#2348,#2353,#1003,.T.);
#2925=EDGE_CURVE('',#2354,#2355,#1004,.T.);
#2926=EDGE_CURVE('',#2354,#2356,#1005,.T.);
#2927=EDGE_CURVE('',#2357,#2356,#1006,.T.);
#2928=EDGE_CURVE('',#2355,#2357,#1007,.T.);
#2929=EDGE_CURVE('',#2355,#2358,#1008,.T.);
#2930=EDGE_CURVE('',#2359,#2357,#1009,.T.);
#2931=EDGE_CURVE('',#2358,#2359,#1010,.T.);
#2932=EDGE_CURVE('',#2358,#2360,#1011,.T.);
#2933=EDGE_CURVE('',#2361,#2359,#1012,.T.);
#2934=EDGE_CURVE('',#2360,#2361,#1013,.T.);
#2935=EDGE_CURVE('',#2360,#2354,#1014,.T.);
#2936=EDGE_CURVE('',#2356,#2361,#1015,.T.);
#2937=EDGE_CURVE('',#2362,#2363,#1016,.T.);
#2938=EDGE_CURVE('',#2362,#2364,#1017,.T.);
#2939=EDGE_CURVE('',#2365,#2364,#1018,.T.);
#2940=EDGE_CURVE('',#2363,#2365,#1019,.T.);
#2941=EDGE_CURVE('',#2363,#2366,#1020,.T.);
#2942=EDGE_CURVE('',#2367,#2365,#1021,.T.);
#2943=EDGE_CURVE('',#2366,#2367,#1022,.T.);
#2944=EDGE_CURVE('',#2366,#2368,#1023,.T.);
#2945=EDGE_CURVE('',#2369,#2367,#1024,.T.);
#2946=EDGE_CURVE('',#2368,#2369,#1025,.T.);
#2947=EDGE_CURVE('',#2368,#2362,#1026,.T.);
#2948=EDGE_CURVE('',#2364,#2369,#1027,.T.);
#2949=EDGE_CURVE('',#2370,#2371,#1028,.T.);
#2950=EDGE_CURVE('',#2370,#2372,#1029,.T.);
#2951=EDGE_CURVE('',#2373,#2372,#1030,.T.);
#2952=EDGE_CURVE('',#2371,#2373,#1031,.T.);
#2953=EDGE_CURVE('',#2371,#2374,#1032,.T.);
#2954=EDGE_CURVE('',#2375,#2373,#1033,.T.);
#2955=EDGE_CURVE('',#2374,#2375,#1034,.T.);
#2956=EDGE_CURVE('',#2374,#2376,#1035,.T.);
#2957=EDGE_CURVE('',#2377,#2375,#1036,.T.);
#2958=EDGE_CURVE('',#2376,#2377,#1037,.T.);
#2959=EDGE_CURVE('',#2376,#2370,#1038,.T.);
#2960=EDGE_CURVE('',#2372,#2377,#1039,.T.);
#2961=EDGE_CURVE('',#2378,#2379,#1040,.T.);
#2962=EDGE_CURVE('',#2378,#2380,#1041,.T.);
#2963=EDGE_CURVE('',#2381,#2380,#1042,.T.);
#2964=EDGE_CURVE('',#2379,#2381,#1043,.T.);
#2965=EDGE_CURVE('',#2379,#2382,#1044,.T.);
#2966=EDGE_CURVE('',#2383,#2381,#1045,.T.);
#2967=EDGE_CURVE('',#2382,#2383,#1046,.T.);
#2968=EDGE_CURVE('',#2382,#2384,#1047,.T.);
#2969=EDGE_CURVE('',#2385,#2383,#1048,.T.);
#2970=EDGE_CURVE('',#2384,#2385,#1049,.T.);
#2971=EDGE_CURVE('',#2384,#2378,#1050,.T.);
#2972=EDGE_CURVE('',#2380,#2385,#1051,.T.);
#2973=EDGE_CURVE('',#2386,#2387,#1052,.T.);
#2974=EDGE_CURVE('',#2388,#2387,#1053,.T.);
#2975=EDGE_CURVE('',#2388,#2389,#1054,.T.);
#2976=EDGE_CURVE('',#2389,#2386,#1055,.T.);
#2977=EDGE_CURVE('',#2390,#2391,#1056,.T.);
#2978=EDGE_CURVE('',#2389,#2390,#1057,.T.);
#2979=EDGE_CURVE('',#2391,#2388,#1058,.T.);
#2980=EDGE_CURVE('',#2151,#2392,#1059,.T.);
#2981=EDGE_CURVE('',#2392,#2393,#1060,.T.);
#2982=EDGE_CURVE('',#2152,#2393,#1061,.T.);
#2983=EDGE_CURVE('',#2390,#2394,#1062,.T.);
#2984=EDGE_CURVE('',#2395,#2391,#1063,.T.);
#2985=EDGE_CURVE('',#2395,#2394,#1064,.T.);
#2986=EDGE_CURVE('',#2393,#2395,#1065,.T.);
#2987=EDGE_CURVE('',#2394,#2392,#1066,.T.);
#2988=EDGE_CURVE('',#2185,#2386,#1067,.T.);
#2989=EDGE_CURVE('',#2387,#2184,#1068,.T.);
#2990=EDGE_CURVE('',#2181,#2396,#1069,.T.);
#2991=EDGE_CURVE('',#2396,#2147,#1070,.T.);
#2992=EDGE_CURVE('',#2169,#2397,#1071,.T.);
#2993=EDGE_CURVE('',#2397,#2398,#1072,.T.);
#2994=EDGE_CURVE('',#2170,#2398,#1073,.T.);
#2995=EDGE_CURVE('',#2168,#2399,#1074,.T.);
#2996=EDGE_CURVE('',#2399,#2397,#1075,.T.);
#2997=EDGE_CURVE('',#2167,#2400,#1076,.T.);
#2998=EDGE_CURVE('',#2400,#2399,#1077,.T.);
#2999=EDGE_CURVE('',#2166,#2401,#1078,.T.);
#3000=EDGE_CURVE('',#2401,#2400,#1079,.T.);
#3001=EDGE_CURVE('',#2165,#2402,#1080,.T.);
#3002=EDGE_CURVE('',#2402,#2401,#1081,.T.);
#3003=EDGE_CURVE('',#2148,#2402,#1082,.T.);
#3004=EDGE_CURVE('',#2178,#2403,#1083,.T.);
#3005=EDGE_CURVE('',#2403,#2404,#1084,.T.);
#3006=EDGE_CURVE('',#2404,#2179,#1085,.T.);
#3007=EDGE_CURVE('',#2404,#2153,#1086,.T.);
#3008=EDGE_CURVE('',#2179,#2157,#1087,.T.);
#3009=EDGE_CURVE('',#2177,#2405,#1088,.T.);
#3010=EDGE_CURVE('',#2405,#2406,#1089,.T.);
#3011=EDGE_CURVE('',#2403,#2406,#1090,.F.);
#3012=EDGE_CURVE('',#2407,#2408,#1091,.T.);
#3013=EDGE_CURVE('',#2407,#2409,#1092,.T.);
#3014=EDGE_CURVE('',#2409,#2410,#1093,.T.);
#3015=EDGE_CURVE('',#2408,#2410,#1094,.T.);
#3016=EDGE_CURVE('',#2411,#2407,#1095,.T.);
#3017=EDGE_CURVE('',#2411,#2412,#1096,.T.);
#3018=EDGE_CURVE('',#2412,#2409,#1097,.T.);
#3019=EDGE_CURVE('',#2413,#2411,#1098,.T.);
#3020=EDGE_CURVE('',#2413,#2414,#1099,.T.);
#3021=EDGE_CURVE('',#2414,#2412,#1100,.T.);
#3022=EDGE_CURVE('',#2408,#2413,#1101,.T.);
#3023=EDGE_CURVE('',#2410,#2414,#1102,.T.);
#3024=EDGE_CURVE('',#2415,#2416,#1103,.T.);
#3025=EDGE_CURVE('',#2415,#2417,#1104,.T.);
#3026=EDGE_CURVE('',#2417,#2418,#1105,.T.);
#3027=EDGE_CURVE('',#2416,#2418,#1106,.T.);
#3028=EDGE_CURVE('',#2419,#2415,#1107,.T.);
#3029=EDGE_CURVE('',#2419,#2420,#1108,.T.);
#3030=EDGE_CURVE('',#2420,#2417,#1109,.T.);
#3031=EDGE_CURVE('',#2421,#2419,#1110,.T.);
#3032=EDGE_CURVE('',#2421,#2422,#1111,.T.);
#3033=EDGE_CURVE('',#2422,#2420,#1112,.T.);
#3034=EDGE_CURVE('',#2416,#2421,#1113,.T.);
#3035=EDGE_CURVE('',#2418,#2422,#1114,.T.);
#3036=EDGE_CURVE('',#2423,#2424,#1115,.T.);
#3037=EDGE_CURVE('',#2423,#2425,#1116,.T.);
#3038=EDGE_CURVE('',#2425,#2426,#1117,.T.);
#3039=EDGE_CURVE('',#2424,#2426,#1118,.T.);
#3040=EDGE_CURVE('',#2427,#2423,#1119,.T.);
#3041=EDGE_CURVE('',#2427,#2428,#1120,.T.);
#3042=EDGE_CURVE('',#2428,#2425,#1121,.T.);
#3043=EDGE_CURVE('',#2429,#2427,#1122,.T.);
#3044=EDGE_CURVE('',#2429,#2430,#1123,.T.);
#3045=EDGE_CURVE('',#2430,#2428,#1124,.T.);
#3046=EDGE_CURVE('',#2424,#2429,#1125,.T.);
#3047=EDGE_CURVE('',#2426,#2430,#1126,.T.);
#3048=EDGE_CURVE('',#2431,#2432,#1127,.T.);
#3049=EDGE_CURVE('',#2431,#2433,#1128,.T.);
#3050=EDGE_CURVE('',#2433,#2434,#1129,.T.);
#3051=EDGE_CURVE('',#2432,#2434,#1130,.T.);
#3052=EDGE_CURVE('',#2435,#2431,#1131,.T.);
#3053=EDGE_CURVE('',#2435,#2436,#1132,.T.);
#3054=EDGE_CURVE('',#2436,#2433,#1133,.T.);
#3055=EDGE_CURVE('',#2437,#2435,#1134,.T.);
#3056=EDGE_CURVE('',#2437,#2438,#1135,.T.);
#3057=EDGE_CURVE('',#2438,#2436,#1136,.T.);
#3058=EDGE_CURVE('',#2432,#2437,#1137,.T.);
#3059=EDGE_CURVE('',#2434,#2438,#1138,.T.);
#3060=EDGE_CURVE('',#2439,#2440,#1139,.T.);
#3061=EDGE_CURVE('',#2439,#2441,#1140,.T.);
#3062=EDGE_CURVE('',#2441,#2442,#1141,.T.);
#3063=EDGE_CURVE('',#2440,#2442,#1142,.T.);
#3064=EDGE_CURVE('',#2443,#2439,#1143,.T.);
#3065=EDGE_CURVE('',#2443,#2444,#1144,.T.);
#3066=EDGE_CURVE('',#2444,#2441,#1145,.T.);
#3067=EDGE_CURVE('',#2445,#2443,#1146,.T.);
#3068=EDGE_CURVE('',#2445,#2446,#1147,.T.);
#3069=EDGE_CURVE('',#2446,#2444,#1148,.T.);
#3070=EDGE_CURVE('',#2440,#2445,#1149,.T.);
#3071=EDGE_CURVE('',#2442,#2446,#1150,.T.);
#3072=EDGE_CURVE('',#2447,#2448,#1151,.T.);
#3073=EDGE_CURVE('',#2447,#2449,#1152,.T.);
#3074=EDGE_CURVE('',#2449,#2450,#1153,.T.);
#3075=EDGE_CURVE('',#2448,#2450,#1154,.T.);
#3076=EDGE_CURVE('',#2451,#2447,#1155,.T.);
#3077=EDGE_CURVE('',#2451,#2452,#1156,.T.);
#3078=EDGE_CURVE('',#2452,#2449,#1157,.T.);
#3079=EDGE_CURVE('',#2453,#2451,#1158,.T.);
#3080=EDGE_CURVE('',#2453,#2454,#1159,.T.);
#3081=EDGE_CURVE('',#2454,#2452,#1160,.T.);
#3082=EDGE_CURVE('',#2448,#2453,#1161,.T.);
#3083=EDGE_CURVE('',#2450,#2454,#1162,.T.);
#3084=EDGE_CURVE('',#2455,#2456,#1163,.T.);
#3085=EDGE_CURVE('',#2455,#2457,#1164,.T.);
#3086=EDGE_CURVE('',#2457,#2458,#1165,.T.);
#3087=EDGE_CURVE('',#2456,#2458,#1166,.T.);
#3088=EDGE_CURVE('',#2459,#2455,#1167,.T.);
#3089=EDGE_CURVE('',#2459,#2460,#1168,.T.);
#3090=EDGE_CURVE('',#2460,#2457,#1169,.T.);
#3091=EDGE_CURVE('',#2461,#2459,#1170,.T.);
#3092=EDGE_CURVE('',#2461,#2462,#1171,.T.);
#3093=EDGE_CURVE('',#2462,#2460,#1172,.T.);
#3094=EDGE_CURVE('',#2456,#2461,#1173,.T.);
#3095=EDGE_CURVE('',#2458,#2462,#1174,.T.);
#3096=EDGE_CURVE('',#2463,#2464,#1175,.T.);
#3097=EDGE_CURVE('',#2463,#2465,#1176,.T.);
#3098=EDGE_CURVE('',#2465,#2466,#1177,.T.);
#3099=EDGE_CURVE('',#2464,#2466,#1178,.T.);
#3100=EDGE_CURVE('',#2467,#2463,#1179,.T.);
#3101=EDGE_CURVE('',#2467,#2468,#1180,.T.);
#3102=EDGE_CURVE('',#2468,#2465,#1181,.T.);
#3103=EDGE_CURVE('',#2469,#2467,#1182,.T.);
#3104=EDGE_CURVE('',#2469,#2470,#1183,.T.);
#3105=EDGE_CURVE('',#2470,#2468,#1184,.T.);
#3106=EDGE_CURVE('',#2464,#2469,#1185,.T.);
#3107=EDGE_CURVE('',#2466,#2470,#1186,.T.);
#3108=EDGE_CURVE('',#2471,#2472,#1187,.T.);
#3109=EDGE_CURVE('',#2471,#2473,#1188,.T.);
#3110=EDGE_CURVE('',#2473,#2474,#1189,.T.);
#3111=EDGE_CURVE('',#2472,#2474,#1190,.T.);
#3112=EDGE_CURVE('',#2475,#2471,#1191,.T.);
#3113=EDGE_CURVE('',#2475,#2476,#1192,.T.);
#3114=EDGE_CURVE('',#2476,#2473,#1193,.T.);
#3115=EDGE_CURVE('',#2477,#2475,#1194,.T.);
#3116=EDGE_CURVE('',#2477,#2478,#1195,.T.);
#3117=EDGE_CURVE('',#2478,#2476,#1196,.T.);
#3118=EDGE_CURVE('',#2472,#2477,#1197,.T.);
#3119=EDGE_CURVE('',#2474,#2478,#1198,.T.);
#3120=EDGE_CURVE('',#2479,#2480,#1199,.T.);
#3121=EDGE_CURVE('',#2479,#2481,#1200,.T.);
#3122=EDGE_CURVE('',#2481,#2482,#1201,.T.);
#3123=EDGE_CURVE('',#2480,#2482,#1202,.T.);
#3124=EDGE_CURVE('',#2483,#2479,#1203,.T.);
#3125=EDGE_CURVE('',#2483,#2484,#1204,.T.);
#3126=EDGE_CURVE('',#2484,#2481,#1205,.T.);
#3127=EDGE_CURVE('',#2485,#2483,#1206,.T.);
#3128=EDGE_CURVE('',#2485,#2486,#1207,.T.);
#3129=EDGE_CURVE('',#2486,#2484,#1208,.T.);
#3130=EDGE_CURVE('',#2480,#2485,#1209,.T.);
#3131=EDGE_CURVE('',#2482,#2486,#1210,.T.);
#3132=EDGE_CURVE('',#2487,#2488,#1211,.T.);
#3133=EDGE_CURVE('',#2487,#2489,#1212,.T.);
#3134=EDGE_CURVE('',#2489,#2490,#1213,.T.);
#3135=EDGE_CURVE('',#2488,#2490,#1214,.T.);
#3136=EDGE_CURVE('',#2491,#2487,#1215,.T.);
#3137=EDGE_CURVE('',#2491,#2492,#1216,.T.);
#3138=EDGE_CURVE('',#2492,#2489,#1217,.T.);
#3139=EDGE_CURVE('',#2493,#2491,#1218,.T.);
#3140=EDGE_CURVE('',#2493,#2494,#1219,.T.);
#3141=EDGE_CURVE('',#2494,#2492,#1220,.T.);
#3142=EDGE_CURVE('',#2488,#2493,#1221,.T.);
#3143=EDGE_CURVE('',#2490,#2494,#1222,.T.);
#3144=EDGE_CURVE('',#2495,#2496,#1223,.T.);
#3145=EDGE_CURVE('',#2495,#2497,#1224,.T.);
#3146=EDGE_CURVE('',#2497,#2498,#1225,.T.);
#3147=EDGE_CURVE('',#2496,#2498,#1226,.T.);
#3148=EDGE_CURVE('',#2499,#2495,#1227,.T.);
#3149=EDGE_CURVE('',#2499,#2500,#1228,.T.);
#3150=EDGE_CURVE('',#2500,#2497,#1229,.T.);
#3151=EDGE_CURVE('',#2501,#2499,#1230,.T.);
#3152=EDGE_CURVE('',#2501,#2502,#1231,.T.);
#3153=EDGE_CURVE('',#2502,#2500,#1232,.T.);
#3154=EDGE_CURVE('',#2496,#2501,#1233,.T.);
#3155=EDGE_CURVE('',#2498,#2502,#1234,.T.);
#3156=EDGE_CURVE('',#2503,#2504,#1235,.T.);
#3157=EDGE_CURVE('',#2503,#2505,#1236,.T.);
#3158=EDGE_CURVE('',#2505,#2506,#1237,.T.);
#3159=EDGE_CURVE('',#2504,#2506,#1238,.T.);
#3160=EDGE_CURVE('',#2507,#2503,#1239,.T.);
#3161=EDGE_CURVE('',#2507,#2508,#1240,.T.);
#3162=EDGE_CURVE('',#2508,#2505,#1241,.T.);
#3163=EDGE_CURVE('',#2509,#2507,#1242,.T.);
#3164=EDGE_CURVE('',#2509,#2510,#1243,.T.);
#3165=EDGE_CURVE('',#2510,#2508,#1244,.T.);
#3166=EDGE_CURVE('',#2504,#2509,#1245,.T.);
#3167=EDGE_CURVE('',#2506,#2510,#1246,.T.);
#3168=EDGE_CURVE('',#2511,#2512,#1247,.T.);
#3169=EDGE_CURVE('',#2511,#2513,#1248,.T.);
#3170=EDGE_CURVE('',#2513,#2514,#1249,.T.);
#3171=EDGE_CURVE('',#2512,#2514,#1250,.T.);
#3172=EDGE_CURVE('',#2515,#2511,#1251,.T.);
#3173=EDGE_CURVE('',#2515,#2516,#1252,.T.);
#3174=EDGE_CURVE('',#2516,#2513,#1253,.T.);
#3175=EDGE_CURVE('',#2517,#2515,#1254,.T.);
#3176=EDGE_CURVE('',#2517,#2518,#1255,.T.);
#3177=EDGE_CURVE('',#2518,#2516,#1256,.T.);
#3178=EDGE_CURVE('',#2512,#2517,#1257,.T.);
#3179=EDGE_CURVE('',#2514,#2518,#1258,.T.);
#3180=EDGE_CURVE('',#2519,#2520,#1259,.T.);
#3181=EDGE_CURVE('',#2519,#2521,#1260,.T.);
#3182=EDGE_CURVE('',#2521,#2522,#1261,.T.);
#3183=EDGE_CURVE('',#2520,#2522,#1262,.T.);
#3184=EDGE_CURVE('',#2523,#2519,#1263,.T.);
#3185=EDGE_CURVE('',#2523,#2524,#1264,.T.);
#3186=EDGE_CURVE('',#2524,#2521,#1265,.T.);
#3187=EDGE_CURVE('',#2525,#2523,#1266,.T.);
#3188=EDGE_CURVE('',#2525,#2526,#1267,.T.);
#3189=EDGE_CURVE('',#2526,#2524,#1268,.T.);
#3190=EDGE_CURVE('',#2520,#2525,#1269,.T.);
#3191=EDGE_CURVE('',#2522,#2526,#1270,.T.);
#3192=EDGE_CURVE('',#2527,#2528,#1271,.T.);
#3193=EDGE_CURVE('',#2527,#2529,#1272,.T.);
#3194=EDGE_CURVE('',#2529,#2530,#1273,.T.);
#3195=EDGE_CURVE('',#2528,#2530,#1274,.T.);
#3196=EDGE_CURVE('',#2531,#2527,#1275,.T.);
#3197=EDGE_CURVE('',#2531,#2532,#1276,.T.);
#3198=EDGE_CURVE('',#2532,#2529,#1277,.T.);
#3199=EDGE_CURVE('',#2533,#2531,#1278,.T.);
#3200=EDGE_CURVE('',#2533,#2534,#1279,.T.);
#3201=EDGE_CURVE('',#2534,#2532,#1280,.T.);
#3202=EDGE_CURVE('',#2528,#2533,#1281,.T.);
#3203=EDGE_CURVE('',#2530,#2534,#1282,.T.);
#3204=EDGE_CURVE('',#2535,#2536,#1283,.T.);
#3205=EDGE_CURVE('',#2535,#2537,#1284,.T.);
#3206=EDGE_CURVE('',#2537,#2538,#1285,.T.);
#3207=EDGE_CURVE('',#2536,#2538,#1286,.T.);
#3208=EDGE_CURVE('',#2539,#2535,#1287,.T.);
#3209=EDGE_CURVE('',#2539,#2540,#1288,.T.);
#3210=EDGE_CURVE('',#2540,#2537,#1289,.T.);
#3211=EDGE_CURVE('',#2541,#2539,#1290,.T.);
#3212=EDGE_CURVE('',#2541,#2542,#1291,.T.);
#3213=EDGE_CURVE('',#2542,#2540,#1292,.T.);
#3214=EDGE_CURVE('',#2536,#2541,#1293,.T.);
#3215=EDGE_CURVE('',#2538,#2542,#1294,.T.);
#3216=EDGE_CURVE('',#2543,#2544,#1295,.T.);
#3217=EDGE_CURVE('',#2543,#2545,#1296,.T.);
#3218=EDGE_CURVE('',#2545,#2546,#1297,.T.);
#3219=EDGE_CURVE('',#2544,#2546,#1298,.T.);
#3220=EDGE_CURVE('',#2547,#2543,#1299,.T.);
#3221=EDGE_CURVE('',#2547,#2548,#1300,.T.);
#3222=EDGE_CURVE('',#2548,#2545,#1301,.T.);
#3223=EDGE_CURVE('',#2549,#2547,#1302,.T.);
#3224=EDGE_CURVE('',#2549,#2550,#1303,.T.);
#3225=EDGE_CURVE('',#2550,#2548,#1304,.T.);
#3226=EDGE_CURVE('',#2544,#2549,#1305,.T.);
#3227=EDGE_CURVE('',#2546,#2550,#1306,.T.);
#3228=EDGE_CURVE('',#2551,#2552,#1307,.T.);
#3229=EDGE_CURVE('',#2551,#2553,#1308,.T.);
#3230=EDGE_CURVE('',#2553,#2554,#1309,.T.);
#3231=EDGE_CURVE('',#2552,#2554,#1310,.T.);
#3232=EDGE_CURVE('',#2555,#2551,#1311,.T.);
#3233=EDGE_CURVE('',#2555,#2556,#1312,.T.);
#3234=EDGE_CURVE('',#2556,#2553,#1313,.T.);
#3235=EDGE_CURVE('',#2557,#2555,#1314,.T.);
#3236=EDGE_CURVE('',#2557,#2558,#1315,.T.);
#3237=EDGE_CURVE('',#2558,#2556,#1316,.T.);
#3238=EDGE_CURVE('',#2552,#2557,#1317,.T.);
#3239=EDGE_CURVE('',#2554,#2558,#1318,.T.);
#3240=EDGE_CURVE('',#2559,#2560,#1319,.T.);
#3241=EDGE_CURVE('',#2559,#2561,#1320,.T.);
#3242=EDGE_CURVE('',#2561,#2562,#1321,.T.);
#3243=EDGE_CURVE('',#2560,#2562,#1322,.T.);
#3244=EDGE_CURVE('',#2563,#2559,#1323,.T.);
#3245=EDGE_CURVE('',#2563,#2564,#1324,.T.);
#3246=EDGE_CURVE('',#2564,#2561,#1325,.T.);
#3247=EDGE_CURVE('',#2565,#2563,#1326,.T.);
#3248=EDGE_CURVE('',#2565,#2566,#1327,.T.);
#3249=EDGE_CURVE('',#2566,#2564,#1328,.T.);
#3250=EDGE_CURVE('',#2560,#2565,#1329,.T.);
#3251=EDGE_CURVE('',#2562,#2566,#1330,.T.);
#3252=EDGE_CURVE('',#2567,#2568,#1331,.T.);
#3253=EDGE_CURVE('',#2567,#2569,#1332,.T.);
#3254=EDGE_CURVE('',#2569,#2570,#1333,.T.);
#3255=EDGE_CURVE('',#2568,#2570,#1334,.T.);
#3256=EDGE_CURVE('',#2571,#2567,#1335,.T.);
#3257=EDGE_CURVE('',#2571,#2572,#1336,.T.);
#3258=EDGE_CURVE('',#2572,#2569,#1337,.T.);
#3259=EDGE_CURVE('',#2573,#2571,#1338,.T.);
#3260=EDGE_CURVE('',#2573,#2574,#1339,.T.);
#3261=EDGE_CURVE('',#2574,#2572,#1340,.T.);
#3262=EDGE_CURVE('',#2568,#2573,#1341,.T.);
#3263=EDGE_CURVE('',#2570,#2574,#1342,.T.);
#3264=EDGE_CURVE('',#2575,#2576,#1343,.T.);
#3265=EDGE_CURVE('',#2575,#2577,#1344,.T.);
#3266=EDGE_CURVE('',#2577,#2578,#1345,.T.);
#3267=EDGE_CURVE('',#2576,#2578,#1346,.T.);
#3268=EDGE_CURVE('',#2579,#2575,#1347,.T.);
#3269=EDGE_CURVE('',#2579,#2580,#1348,.T.);
#3270=EDGE_CURVE('',#2580,#2577,#1349,.T.);
#3271=EDGE_CURVE('',#2581,#2579,#1350,.T.);
#3272=EDGE_CURVE('',#2581,#2582,#1351,.T.);
#3273=EDGE_CURVE('',#2582,#2580,#1352,.T.);
#3274=EDGE_CURVE('',#2576,#2581,#1353,.T.);
#3275=EDGE_CURVE('',#2578,#2582,#1354,.T.);
#3276=EDGE_CURVE('',#2583,#2584,#1355,.T.);
#3277=EDGE_CURVE('',#2583,#2585,#1356,.T.);
#3278=EDGE_CURVE('',#2585,#2586,#1357,.T.);
#3279=EDGE_CURVE('',#2584,#2586,#1358,.T.);
#3280=EDGE_CURVE('',#2587,#2583,#1359,.T.);
#3281=EDGE_CURVE('',#2587,#2588,#1360,.T.);
#3282=EDGE_CURVE('',#2588,#2585,#1361,.T.);
#3283=EDGE_CURVE('',#2589,#2587,#1362,.T.);
#3284=EDGE_CURVE('',#2589,#2590,#1363,.T.);
#3285=EDGE_CURVE('',#2590,#2588,#1364,.T.);
#3286=EDGE_CURVE('',#2584,#2589,#1365,.T.);
#3287=EDGE_CURVE('',#2586,#2590,#1366,.T.);
#3288=EDGE_CURVE('',#2591,#2592,#1367,.T.);
#3289=EDGE_CURVE('',#2591,#2593,#1368,.T.);
#3290=EDGE_CURVE('',#2593,#2594,#1369,.T.);
#3291=EDGE_CURVE('',#2592,#2594,#1370,.T.);
#3292=EDGE_CURVE('',#2595,#2591,#1371,.T.);
#3293=EDGE_CURVE('',#2595,#2596,#1372,.T.);
#3294=EDGE_CURVE('',#2596,#2593,#1373,.T.);
#3295=EDGE_CURVE('',#2597,#2595,#1374,.T.);
#3296=EDGE_CURVE('',#2597,#2598,#1375,.T.);
#3297=EDGE_CURVE('',#2598,#2596,#1376,.T.);
#3298=EDGE_CURVE('',#2592,#2597,#1377,.T.);
#3299=EDGE_CURVE('',#2594,#2598,#1378,.T.);
#3300=EDGE_CURVE('',#2599,#2600,#1379,.T.);
#3301=EDGE_CURVE('',#2599,#2601,#1380,.T.);
#3302=EDGE_CURVE('',#2601,#2602,#1381,.T.);
#3303=EDGE_CURVE('',#2600,#2602,#1382,.T.);
#3304=EDGE_CURVE('',#2603,#2599,#1383,.T.);
#3305=EDGE_CURVE('',#2603,#2604,#1384,.T.);
#3306=EDGE_CURVE('',#2604,#2601,#1385,.T.);
#3307=EDGE_CURVE('',#2605,#2603,#1386,.T.);
#3308=EDGE_CURVE('',#2605,#2606,#1387,.T.);
#3309=EDGE_CURVE('',#2606,#2604,#1388,.T.);
#3310=EDGE_CURVE('',#2600,#2605,#1389,.T.);
#3311=EDGE_CURVE('',#2602,#2606,#1390,.T.);
#3312=EDGE_CURVE('',#2158,#2607,#1391,.T.);
#3313=EDGE_CURVE('',#2608,#2607,#1392,.T.);
#3314=EDGE_CURVE('',#2159,#2608,#1393,.T.);
#3315=EDGE_CURVE('',#2609,#2610,#1394,.T.);
#3316=EDGE_CURVE('',#2610,#2611,#1395,.T.);
#3317=EDGE_CURVE('',#2611,#2612,#1396,.T.);
#3318=EDGE_CURVE('',#2612,#2609,#1397,.T.);
#3319=EDGE_CURVE('',#2613,#2614,#1398,.T.);
#3320=EDGE_CURVE('',#2612,#2613,#1399,.T.);
#3321=EDGE_CURVE('',#2611,#2614,#1400,.T.);
#3322=EDGE_CURVE('',#2609,#2615,#1401,.T.);
#3323=EDGE_CURVE('',#2616,#2615,#1402,.T.);
#3324=EDGE_CURVE('',#2616,#2610,#1403,.T.);
#3325=EDGE_CURVE('',#2615,#2608,#1404,.T.);
#3326=EDGE_CURVE('',#2607,#2616,#1405,.T.);
#3327=EDGE_CURVE('',#2617,#2405,#1406,.T.);
#3328=EDGE_CURVE('',#2618,#2617,#1407,.T.);
#3329=EDGE_CURVE('',#2618,#2406,#1408,.T.);
#3330=EDGE_CURVE('',#2614,#2618,#1409,.T.);
#3331=EDGE_CURVE('',#2617,#2613,#1410,.T.);
#3332=EDGE_CURVE('',#2619,#2157,#1411,.T.);
#3333=EDGE_CURVE('',#2180,#2619,#1412,.T.);
#3334=EDGE_CURVE('',#2175,#2620,#1413,.T.);
#3335=EDGE_CURVE('',#2621,#2620,#1414,.T.);
#3336=EDGE_CURVE('',#2176,#2621,#1415,.T.);
#3337=EDGE_CURVE('',#2156,#2621,#1416,.T.);
#3338=EDGE_CURVE('',#2619,#2396,#67,.T.);
#3339=EDGE_CURVE('',#2622,#2398,#1417,.T.);
#3340=EDGE_CURVE('',#2171,#2622,#1418,.T.);
#3341=EDGE_CURVE('',#2623,#2622,#1419,.T.);
#3342=EDGE_CURVE('',#2172,#2623,#1420,.T.);
#3343=EDGE_CURVE('',#2624,#2623,#1421,.T.);
#3344=EDGE_CURVE('',#2173,#2624,#1422,.T.);
#3345=EDGE_CURVE('',#2625,#2624,#1423,.T.);
#3346=EDGE_CURVE('',#2174,#2625,#1424,.T.);
#3347=EDGE_CURVE('',#2620,#2625,#1425,.T.);
#3348=ORIENTED_EDGE('',*,*,#2626,.T.);
#3349=ORIENTED_EDGE('',*,*,#2627,.T.);
#3350=ORIENTED_EDGE('',*,*,#2628,.T.);
#3351=ORIENTED_EDGE('',*,*,#2629,.T.);
#3352=ORIENTED_EDGE('',*,*,#2630,.T.);
#3353=ORIENTED_EDGE('',*,*,#2629,.F.);
#3354=ORIENTED_EDGE('',*,*,#2631,.F.);
#3355=ORIENTED_EDGE('',*,*,#2632,.F.);
#3356=ORIENTED_EDGE('',*,*,#2633,.F.);
#3357=ORIENTED_EDGE('',*,*,#2634,.T.);
#3358=ORIENTED_EDGE('',*,*,#2635,.T.);
#3359=ORIENTED_EDGE('',*,*,#2636,.T.);
#3360=ORIENTED_EDGE('',*,*,#2637,.F.);
#3361=ORIENTED_EDGE('',*,*,#2638,.T.);
#3362=ORIENTED_EDGE('',*,*,#2635,.F.);
#3363=ORIENTED_EDGE('',*,*,#2639,.T.);
#3364=ORIENTED_EDGE('',*,*,#2640,.T.);
#3365=ORIENTED_EDGE('',*,*,#2641,.T.);
#3366=ORIENTED_EDGE('',*,*,#2642,.T.);
#3367=ORIENTED_EDGE('',*,*,#2626,.F.);
#3368=ORIENTED_EDGE('',*,*,#2643,.T.);
#3369=ORIENTED_EDGE('',*,*,#2644,.T.);
#3370=ORIENTED_EDGE('',*,*,#2645,.T.);
#3371=ORIENTED_EDGE('',*,*,#2646,.T.);
#3372=ORIENTED_EDGE('',*,*,#2647,.T.);
#3373=ORIENTED_EDGE('',*,*,#2644,.F.);
#3374=ORIENTED_EDGE('',*,*,#2647,.F.);
#3375=ORIENTED_EDGE('',*,*,#2648,.F.);
#3376=ORIENTED_EDGE('',*,*,#2649,.T.);
#3377=ORIENTED_EDGE('',*,*,#2650,.F.);
#3378=ORIENTED_EDGE('',*,*,#2651,.T.);
#3379=ORIENTED_EDGE('',*,*,#2652,.T.);
#3380=ORIENTED_EDGE('',*,*,#2653,.T.);
#3381=ORIENTED_EDGE('',*,*,#2654,.T.);
#3382=ORIENTED_EDGE('',*,*,#2655,.F.);
#3383=ORIENTED_EDGE('',*,*,#2656,.F.);
#3384=ORIENTED_EDGE('',*,*,#2657,.F.);
#3385=ORIENTED_EDGE('',*,*,#2658,.F.);
#3386=ORIENTED_EDGE('',*,*,#2659,.F.);
#3387=ORIENTED_EDGE('',*,*,#2660,.T.);
#3388=ORIENTED_EDGE('',*,*,#2661,.F.);
#3389=ORIENTED_EDGE('',*,*,#2662,.F.);
#3390=ORIENTED_EDGE('',*,*,#2663,.F.);
#3391=ORIENTED_EDGE('',*,*,#2664,.T.);
#3392=ORIENTED_EDGE('',*,*,#2665,.T.);
#3393=ORIENTED_EDGE('',*,*,#2666,.F.);
#3394=ORIENTED_EDGE('',*,*,#2667,.T.);
#3395=ORIENTED_EDGE('',*,*,#2668,.T.);
#3396=ORIENTED_EDGE('',*,*,#2669,.T.);
#3397=ORIENTED_EDGE('',*,*,#2648,.T.);
#3398=ORIENTED_EDGE('',*,*,#2646,.F.);
#3399=ORIENTED_EDGE('',*,*,#2668,.F.);
#3400=ORIENTED_EDGE('',*,*,#2670,.F.);
#3401=ORIENTED_EDGE('',*,*,#2671,.T.);
#3402=ORIENTED_EDGE('',*,*,#2672,.T.);
#3403=ORIENTED_EDGE('',*,*,#2673,.F.);
#3404=ORIENTED_EDGE('',*,*,#2674,.T.);
#3405=ORIENTED_EDGE('',*,*,#2675,.F.);
#3406=ORIENTED_EDGE('',*,*,#2676,.F.);
#3407=ORIENTED_EDGE('',*,*,#2677,.F.);
#3408=ORIENTED_EDGE('',*,*,#2676,.T.);
#3409=ORIENTED_EDGE('',*,*,#2678,.F.);
#3410=ORIENTED_EDGE('',*,*,#2679,.F.);
#3411=ORIENTED_EDGE('',*,*,#2680,.F.);
#3412=ORIENTED_EDGE('',*,*,#2679,.T.);
#3413=ORIENTED_EDGE('',*,*,#2681,.F.);
#3414=ORIENTED_EDGE('',*,*,#2682,.F.);
#3415=ORIENTED_EDGE('',*,*,#2683,.F.);
#3416=ORIENTED_EDGE('',*,*,#2682,.T.);
#3417=ORIENTED_EDGE('',*,*,#2684,.F.);
#3418=ORIENTED_EDGE('',*,*,#2674,.F.);
#3419=ORIENTED_EDGE('',*,*,#2684,.T.);
#3420=ORIENTED_EDGE('',*,*,#2681,.T.);
#3421=ORIENTED_EDGE('',*,*,#2678,.T.);
#3422=ORIENTED_EDGE('',*,*,#2675,.T.);
#3423=ORIENTED_EDGE('',*,*,#2685,.F.);
#3424=ORIENTED_EDGE('',*,*,#2686,.T.);
#3425=ORIENTED_EDGE('',*,*,#2687,.F.);
#3426=ORIENTED_EDGE('',*,*,#2688,.F.);
#3427=ORIENTED_EDGE('',*,*,#2689,.F.);
#3428=ORIENTED_EDGE('',*,*,#2688,.T.);
#3429=ORIENTED_EDGE('',*,*,#2690,.F.);
#3430=ORIENTED_EDGE('',*,*,#2691,.F.);
#3431=ORIENTED_EDGE('',*,*,#2692,.F.);
#3432=ORIENTED_EDGE('',*,*,#2691,.T.);
#3433=ORIENTED_EDGE('',*,*,#2693,.F.);
#3434=ORIENTED_EDGE('',*,*,#2694,.F.);
#3435=ORIENTED_EDGE('',*,*,#2695,.F.);
#3436=ORIENTED_EDGE('',*,*,#2694,.T.);
#3437=ORIENTED_EDGE('',*,*,#2696,.F.);
#3438=ORIENTED_EDGE('',*,*,#2686,.F.);
#3439=ORIENTED_EDGE('',*,*,#2696,.T.);
#3440=ORIENTED_EDGE('',*,*,#2693,.T.);
#3441=ORIENTED_EDGE('',*,*,#2690,.T.);
#3442=ORIENTED_EDGE('',*,*,#2687,.T.);
#3443=ORIENTED_EDGE('',*,*,#2697,.F.);
#3444=ORIENTED_EDGE('',*,*,#2698,.T.);
#3445=ORIENTED_EDGE('',*,*,#2699,.F.);
#3446=ORIENTED_EDGE('',*,*,#2700,.F.);
#3447=ORIENTED_EDGE('',*,*,#2701,.F.);
#3448=ORIENTED_EDGE('',*,*,#2700,.T.);
#3449=ORIENTED_EDGE('',*,*,#2702,.F.);
#3450=ORIENTED_EDGE('',*,*,#2703,.F.);
#3451=ORIENTED_EDGE('',*,*,#2704,.F.);
#3452=ORIENTED_EDGE('',*,*,#2703,.T.);
#3453=ORIENTED_EDGE('',*,*,#2705,.F.);
#3454=ORIENTED_EDGE('',*,*,#2706,.F.);
#3455=ORIENTED_EDGE('',*,*,#2707,.F.);
#3456=ORIENTED_EDGE('',*,*,#2706,.T.);
#3457=ORIENTED_EDGE('',*,*,#2708,.F.);
#3458=ORIENTED_EDGE('',*,*,#2698,.F.);
#3459=ORIENTED_EDGE('',*,*,#2708,.T.);
#3460=ORIENTED_EDGE('',*,*,#2705,.T.);
#3461=ORIENTED_EDGE('',*,*,#2702,.T.);
#3462=ORIENTED_EDGE('',*,*,#2699,.T.);
#3463=ORIENTED_EDGE('',*,*,#2709,.F.);
#3464=ORIENTED_EDGE('',*,*,#2710,.T.);
#3465=ORIENTED_EDGE('',*,*,#2711,.F.);
#3466=ORIENTED_EDGE('',*,*,#2712,.F.);
#3467=ORIENTED_EDGE('',*,*,#2713,.F.);
#3468=ORIENTED_EDGE('',*,*,#2712,.T.);
#3469=ORIENTED_EDGE('',*,*,#2714,.F.);
#3470=ORIENTED_EDGE('',*,*,#2715,.F.);
#3471=ORIENTED_EDGE('',*,*,#2716,.F.);
#3472=ORIENTED_EDGE('',*,*,#2715,.T.);
#3473=ORIENTED_EDGE('',*,*,#2717,.F.);
#3474=ORIENTED_EDGE('',*,*,#2718,.F.);
#3475=ORIENTED_EDGE('',*,*,#2719,.F.);
#3476=ORIENTED_EDGE('',*,*,#2718,.T.);
#3477=ORIENTED_EDGE('',*,*,#2720,.F.);
#3478=ORIENTED_EDGE('',*,*,#2710,.F.);
#3479=ORIENTED_EDGE('',*,*,#2720,.T.);
#3480=ORIENTED_EDGE('',*,*,#2717,.T.);
#3481=ORIENTED_EDGE('',*,*,#2714,.T.);
#3482=ORIENTED_EDGE('',*,*,#2711,.T.);
#3483=ORIENTED_EDGE('',*,*,#2721,.F.);
#3484=ORIENTED_EDGE('',*,*,#2722,.T.);
#3485=ORIENTED_EDGE('',*,*,#2723,.F.);
#3486=ORIENTED_EDGE('',*,*,#2724,.F.);
#3487=ORIENTED_EDGE('',*,*,#2725,.F.);
#3488=ORIENTED_EDGE('',*,*,#2724,.T.);
#3489=ORIENTED_EDGE('',*,*,#2726,.F.);
#3490=ORIENTED_EDGE('',*,*,#2727,.F.);
#3491=ORIENTED_EDGE('',*,*,#2728,.F.);
#3492=ORIENTED_EDGE('',*,*,#2727,.T.);
#3493=ORIENTED_EDGE('',*,*,#2729,.F.);
#3494=ORIENTED_EDGE('',*,*,#2730,.F.);
#3495=ORIENTED_EDGE('',*,*,#2731,.F.);
#3496=ORIENTED_EDGE('',*,*,#2730,.T.);
#3497=ORIENTED_EDGE('',*,*,#2732,.F.);
#3498=ORIENTED_EDGE('',*,*,#2722,.F.);
#3499=ORIENTED_EDGE('',*,*,#2732,.T.);
#3500=ORIENTED_EDGE('',*,*,#2729,.T.);
#3501=ORIENTED_EDGE('',*,*,#2726,.T.);
#3502=ORIENTED_EDGE('',*,*,#2723,.T.);
#3503=ORIENTED_EDGE('',*,*,#2733,.F.);
#3504=ORIENTED_EDGE('',*,*,#2734,.T.);
#3505=ORIENTED_EDGE('',*,*,#2735,.F.);
#3506=ORIENTED_EDGE('',*,*,#2736,.F.);
#3507=ORIENTED_EDGE('',*,*,#2737,.F.);
#3508=ORIENTED_EDGE('',*,*,#2736,.T.);
#3509=ORIENTED_EDGE('',*,*,#2738,.F.);
#3510=ORIENTED_EDGE('',*,*,#2739,.F.);
#3511=ORIENTED_EDGE('',*,*,#2740,.F.);
#3512=ORIENTED_EDGE('',*,*,#2739,.T.);
#3513=ORIENTED_EDGE('',*,*,#2741,.F.);
#3514=ORIENTED_EDGE('',*,*,#2742,.F.);
#3515=ORIENTED_EDGE('',*,*,#2743,.F.);
#3516=ORIENTED_EDGE('',*,*,#2742,.T.);
#3517=ORIENTED_EDGE('',*,*,#2744,.F.);
#3518=ORIENTED_EDGE('',*,*,#2734,.F.);
#3519=ORIENTED_EDGE('',*,*,#2744,.T.);
#3520=ORIENTED_EDGE('',*,*,#2741,.T.);
#3521=ORIENTED_EDGE('',*,*,#2738,.T.);
#3522=ORIENTED_EDGE('',*,*,#2735,.T.);
#3523=ORIENTED_EDGE('',*,*,#2745,.F.);
#3524=ORIENTED_EDGE('',*,*,#2746,.T.);
#3525=ORIENTED_EDGE('',*,*,#2747,.F.);
#3526=ORIENTED_EDGE('',*,*,#2748,.F.);
#3527=ORIENTED_EDGE('',*,*,#2749,.F.);
#3528=ORIENTED_EDGE('',*,*,#2748,.T.);
#3529=ORIENTED_EDGE('',*,*,#2750,.F.);
#3530=ORIENTED_EDGE('',*,*,#2751,.F.);
#3531=ORIENTED_EDGE('',*,*,#2752,.F.);
#3532=ORIENTED_EDGE('',*,*,#2751,.T.);
#3533=ORIENTED_EDGE('',*,*,#2753,.F.);
#3534=ORIENTED_EDGE('',*,*,#2754,.F.);
#3535=ORIENTED_EDGE('',*,*,#2755,.F.);
#3536=ORIENTED_EDGE('',*,*,#2754,.T.);
#3537=ORIENTED_EDGE('',*,*,#2756,.F.);
#3538=ORIENTED_EDGE('',*,*,#2746,.F.);
#3539=ORIENTED_EDGE('',*,*,#2756,.T.);
#3540=ORIENTED_EDGE('',*,*,#2753,.T.);
#3541=ORIENTED_EDGE('',*,*,#2750,.T.);
#3542=ORIENTED_EDGE('',*,*,#2747,.T.);
#3543=ORIENTED_EDGE('',*,*,#2757,.F.);
#3544=ORIENTED_EDGE('',*,*,#2758,.T.);
#3545=ORIENTED_EDGE('',*,*,#2759,.F.);
#3546=ORIENTED_EDGE('',*,*,#2760,.F.);
#3547=ORIENTED_EDGE('',*,*,#2761,.F.);
#3548=ORIENTED_EDGE('',*,*,#2760,.T.);
#3549=ORIENTED_EDGE('',*,*,#2762,.F.);
#3550=ORIENTED_EDGE('',*,*,#2763,.F.);
#3551=ORIENTED_EDGE('',*,*,#2764,.F.);
#3552=ORIENTED_EDGE('',*,*,#2763,.T.);
#3553=ORIENTED_EDGE('',*,*,#2765,.F.);
#3554=ORIENTED_EDGE('',*,*,#2766,.F.);
#3555=ORIENTED_EDGE('',*,*,#2767,.F.);
#3556=ORIENTED_EDGE('',*,*,#2766,.T.);
#3557=ORIENTED_EDGE('',*,*,#2768,.F.);
#3558=ORIENTED_EDGE('',*,*,#2758,.F.);
#3559=ORIENTED_EDGE('',*,*,#2768,.T.);
#3560=ORIENTED_EDGE('',*,*,#2765,.T.);
#3561=ORIENTED_EDGE('',*,*,#2762,.T.);
#3562=ORIENTED_EDGE('',*,*,#2759,.T.);
#3563=ORIENTED_EDGE('',*,*,#2769,.F.);
#3564=ORIENTED_EDGE('',*,*,#2770,.T.);
#3565=ORIENTED_EDGE('',*,*,#2771,.F.);
#3566=ORIENTED_EDGE('',*,*,#2772,.F.);
#3567=ORIENTED_EDGE('',*,*,#2773,.F.);
#3568=ORIENTED_EDGE('',*,*,#2772,.T.);
#3569=ORIENTED_EDGE('',*,*,#2774,.F.);
#3570=ORIENTED_EDGE('',*,*,#2775,.F.);
#3571=ORIENTED_EDGE('',*,*,#2776,.F.);
#3572=ORIENTED_EDGE('',*,*,#2775,.T.);
#3573=ORIENTED_EDGE('',*,*,#2777,.F.);
#3574=ORIENTED_EDGE('',*,*,#2778,.F.);
#3575=ORIENTED_EDGE('',*,*,#2779,.F.);
#3576=ORIENTED_EDGE('',*,*,#2778,.T.);
#3577=ORIENTED_EDGE('',*,*,#2780,.F.);
#3578=ORIENTED_EDGE('',*,*,#2770,.F.);
#3579=ORIENTED_EDGE('',*,*,#2780,.T.);
#3580=ORIENTED_EDGE('',*,*,#2777,.T.);
#3581=ORIENTED_EDGE('',*,*,#2774,.T.);
#3582=ORIENTED_EDGE('',*,*,#2771,.T.);
#3583=ORIENTED_EDGE('',*,*,#2781,.F.);
#3584=ORIENTED_EDGE('',*,*,#2782,.T.);
#3585=ORIENTED_EDGE('',*,*,#2783,.F.);
#3586=ORIENTED_EDGE('',*,*,#2784,.F.);
#3587=ORIENTED_EDGE('',*,*,#2785,.F.);
#3588=ORIENTED_EDGE('',*,*,#2784,.T.);
#3589=ORIENTED_EDGE('',*,*,#2786,.F.);
#3590=ORIENTED_EDGE('',*,*,#2787,.F.);
#3591=ORIENTED_EDGE('',*,*,#2788,.F.);
#3592=ORIENTED_EDGE('',*,*,#2787,.T.);
#3593=ORIENTED_EDGE('',*,*,#2789,.F.);
#3594=ORIENTED_EDGE('',*,*,#2790,.F.);
#3595=ORIENTED_EDGE('',*,*,#2791,.F.);
#3596=ORIENTED_EDGE('',*,*,#2790,.T.);
#3597=ORIENTED_EDGE('',*,*,#2792,.F.);
#3598=ORIENTED_EDGE('',*,*,#2782,.F.);
#3599=ORIENTED_EDGE('',*,*,#2792,.T.);
#3600=ORIENTED_EDGE('',*,*,#2789,.T.);
#3601=ORIENTED_EDGE('',*,*,#2786,.T.);
#3602=ORIENTED_EDGE('',*,*,#2783,.T.);
#3603=ORIENTED_EDGE('',*,*,#2793,.F.);
#3604=ORIENTED_EDGE('',*,*,#2794,.T.);
#3605=ORIENTED_EDGE('',*,*,#2795,.F.);
#3606=ORIENTED_EDGE('',*,*,#2796,.F.);
#3607=ORIENTED_EDGE('',*,*,#2797,.F.);
#3608=ORIENTED_EDGE('',*,*,#2796,.T.);
#3609=ORIENTED_EDGE('',*,*,#2798,.F.);
#3610=ORIENTED_EDGE('',*,*,#2799,.F.);
#3611=ORIENTED_EDGE('',*,*,#2800,.F.);
#3612=ORIENTED_EDGE('',*,*,#2799,.T.);
#3613=ORIENTED_EDGE('',*,*,#2801,.F.);
#3614=ORIENTED_EDGE('',*,*,#2802,.F.);
#3615=ORIENTED_EDGE('',*,*,#2803,.F.);
#3616=ORIENTED_EDGE('',*,*,#2802,.T.);
#3617=ORIENTED_EDGE('',*,*,#2804,.F.);
#3618=ORIENTED_EDGE('',*,*,#2794,.F.);
#3619=ORIENTED_EDGE('',*,*,#2804,.T.);
#3620=ORIENTED_EDGE('',*,*,#2801,.T.);
#3621=ORIENTED_EDGE('',*,*,#2798,.T.);
#3622=ORIENTED_EDGE('',*,*,#2795,.T.);
#3623=ORIENTED_EDGE('',*,*,#2805,.F.);
#3624=ORIENTED_EDGE('',*,*,#2806,.T.);
#3625=ORIENTED_EDGE('',*,*,#2807,.F.);
#3626=ORIENTED_EDGE('',*,*,#2808,.F.);
#3627=ORIENTED_EDGE('',*,*,#2809,.F.);
#3628=ORIENTED_EDGE('',*,*,#2808,.T.);
#3629=ORIENTED_EDGE('',*,*,#2810,.F.);
#3630=ORIENTED_EDGE('',*,*,#2811,.F.);
#3631=ORIENTED_EDGE('',*,*,#2812,.F.);
#3632=ORIENTED_EDGE('',*,*,#2811,.T.);
#3633=ORIENTED_EDGE('',*,*,#2813,.F.);
#3634=ORIENTED_EDGE('',*,*,#2814,.F.);
#3635=ORIENTED_EDGE('',*,*,#2815,.F.);
#3636=ORIENTED_EDGE('',*,*,#2814,.T.);
#3637=ORIENTED_EDGE('',*,*,#2816,.F.);
#3638=ORIENTED_EDGE('',*,*,#2806,.F.);
#3639=ORIENTED_EDGE('',*,*,#2816,.T.);
#3640=ORIENTED_EDGE('',*,*,#2813,.T.);
#3641=ORIENTED_EDGE('',*,*,#2810,.T.);
#3642=ORIENTED_EDGE('',*,*,#2807,.T.);
#3643=ORIENTED_EDGE('',*,*,#2817,.F.);
#3644=ORIENTED_EDGE('',*,*,#2818,.T.);
#3645=ORIENTED_EDGE('',*,*,#2819,.F.);
#3646=ORIENTED_EDGE('',*,*,#2820,.F.);
#3647=ORIENTED_EDGE('',*,*,#2821,.F.);
#3648=ORIENTED_EDGE('',*,*,#2820,.T.);
#3649=ORIENTED_EDGE('',*,*,#2822,.F.);
#3650=ORIENTED_EDGE('',*,*,#2823,.F.);
#3651=ORIENTED_EDGE('',*,*,#2824,.F.);
#3652=ORIENTED_EDGE('',*,*,#2823,.T.);
#3653=ORIENTED_EDGE('',*,*,#2825,.F.);
#3654=ORIENTED_EDGE('',*,*,#2826,.F.);
#3655=ORIENTED_EDGE('',*,*,#2827,.F.);
#3656=ORIENTED_EDGE('',*,*,#2826,.T.);
#3657=ORIENTED_EDGE('',*,*,#2828,.F.);
#3658=ORIENTED_EDGE('',*,*,#2818,.F.);
#3659=ORIENTED_EDGE('',*,*,#2828,.T.);
#3660=ORIENTED_EDGE('',*,*,#2825,.T.);
#3661=ORIENTED_EDGE('',*,*,#2822,.T.);
#3662=ORIENTED_EDGE('',*,*,#2819,.T.);
#3663=ORIENTED_EDGE('',*,*,#2829,.F.);
#3664=ORIENTED_EDGE('',*,*,#2830,.T.);
#3665=ORIENTED_EDGE('',*,*,#2831,.F.);
#3666=ORIENTED_EDGE('',*,*,#2832,.F.);
#3667=ORIENTED_EDGE('',*,*,#2833,.F.);
#3668=ORIENTED_EDGE('',*,*,#2832,.T.);
#3669=ORIENTED_EDGE('',*,*,#2834,.F.);
#3670=ORIENTED_EDGE('',*,*,#2835,.F.);
#3671=ORIENTED_EDGE('',*,*,#2836,.F.);
#3672=ORIENTED_EDGE('',*,*,#2835,.T.);
#3673=ORIENTED_EDGE('',*,*,#2837,.F.);
#3674=ORIENTED_EDGE('',*,*,#2838,.F.);
#3675=ORIENTED_EDGE('',*,*,#2839,.F.);
#3676=ORIENTED_EDGE('',*,*,#2838,.T.);
#3677=ORIENTED_EDGE('',*,*,#2840,.F.);
#3678=ORIENTED_EDGE('',*,*,#2830,.F.);
#3679=ORIENTED_EDGE('',*,*,#2840,.T.);
#3680=ORIENTED_EDGE('',*,*,#2837,.T.);
#3681=ORIENTED_EDGE('',*,*,#2834,.T.);
#3682=ORIENTED_EDGE('',*,*,#2831,.T.);
#3683=ORIENTED_EDGE('',*,*,#2841,.F.);
#3684=ORIENTED_EDGE('',*,*,#2842,.T.);
#3685=ORIENTED_EDGE('',*,*,#2843,.F.);
#3686=ORIENTED_EDGE('',*,*,#2844,.F.);
#3687=ORIENTED_EDGE('',*,*,#2845,.F.);
#3688=ORIENTED_EDGE('',*,*,#2844,.T.);
#3689=ORIENTED_EDGE('',*,*,#2846,.F.);
#3690=ORIENTED_EDGE('',*,*,#2847,.F.);
#3691=ORIENTED_EDGE('',*,*,#2848,.F.);
#3692=ORIENTED_EDGE('',*,*,#2847,.T.);
#3693=ORIENTED_EDGE('',*,*,#2849,.F.);
#3694=ORIENTED_EDGE('',*,*,#2850,.F.);
#3695=ORIENTED_EDGE('',*,*,#2851,.F.);
#3696=ORIENTED_EDGE('',*,*,#2850,.T.);
#3697=ORIENTED_EDGE('',*,*,#2852,.F.);
#3698=ORIENTED_EDGE('',*,*,#2842,.F.);
#3699=ORIENTED_EDGE('',*,*,#2852,.T.);
#3700=ORIENTED_EDGE('',*,*,#2849,.T.);
#3701=ORIENTED_EDGE('',*,*,#2846,.T.);
#3702=ORIENTED_EDGE('',*,*,#2843,.T.);
#3703=ORIENTED_EDGE('',*,*,#2853,.F.);
#3704=ORIENTED_EDGE('',*,*,#2854,.T.);
#3705=ORIENTED_EDGE('',*,*,#2855,.F.);
#3706=ORIENTED_EDGE('',*,*,#2856,.F.);
#3707=ORIENTED_EDGE('',*,*,#2857,.F.);
#3708=ORIENTED_EDGE('',*,*,#2856,.T.);
#3709=ORIENTED_EDGE('',*,*,#2858,.F.);
#3710=ORIENTED_EDGE('',*,*,#2859,.F.);
#3711=ORIENTED_EDGE('',*,*,#2860,.F.);
#3712=ORIENTED_EDGE('',*,*,#2859,.T.);
#3713=ORIENTED_EDGE('',*,*,#2861,.F.);
#3714=ORIENTED_EDGE('',*,*,#2862,.F.);
#3715=ORIENTED_EDGE('',*,*,#2863,.F.);
#3716=ORIENTED_EDGE('',*,*,#2862,.T.);
#3717=ORIENTED_EDGE('',*,*,#2864,.F.);
#3718=ORIENTED_EDGE('',*,*,#2854,.F.);
#3719=ORIENTED_EDGE('',*,*,#2864,.T.);
#3720=ORIENTED_EDGE('',*,*,#2861,.T.);
#3721=ORIENTED_EDGE('',*,*,#2858,.T.);
#3722=ORIENTED_EDGE('',*,*,#2855,.T.);
#3723=ORIENTED_EDGE('',*,*,#2865,.F.);
#3724=ORIENTED_EDGE('',*,*,#2866,.T.);
#3725=ORIENTED_EDGE('',*,*,#2867,.F.);
#3726=ORIENTED_EDGE('',*,*,#2868,.F.);
#3727=ORIENTED_EDGE('',*,*,#2869,.F.);
#3728=ORIENTED_EDGE('',*,*,#2868,.T.);
#3729=ORIENTED_EDGE('',*,*,#2870,.F.);
#3730=ORIENTED_EDGE('',*,*,#2871,.F.);
#3731=ORIENTED_EDGE('',*,*,#2872,.F.);
#3732=ORIENTED_EDGE('',*,*,#2871,.T.);
#3733=ORIENTED_EDGE('',*,*,#2873,.F.);
#3734=ORIENTED_EDGE('',*,*,#2874,.F.);
#3735=ORIENTED_EDGE('',*,*,#2875,.F.);
#3736=ORIENTED_EDGE('',*,*,#2874,.T.);
#3737=ORIENTED_EDGE('',*,*,#2876,.F.);
#3738=ORIENTED_EDGE('',*,*,#2866,.F.);
#3739=ORIENTED_EDGE('',*,*,#2876,.T.);
#3740=ORIENTED_EDGE('',*,*,#2873,.T.);
#3741=ORIENTED_EDGE('',*,*,#2870,.T.);
#3742=ORIENTED_EDGE('',*,*,#2867,.T.);
#3743=ORIENTED_EDGE('',*,*,#2877,.F.);
#3744=ORIENTED_EDGE('',*,*,#2878,.T.);
#3745=ORIENTED_EDGE('',*,*,#2879,.F.);
#3746=ORIENTED_EDGE('',*,*,#2880,.F.);
#3747=ORIENTED_EDGE('',*,*,#2881,.F.);
#3748=ORIENTED_EDGE('',*,*,#2880,.T.);
#3749=ORIENTED_EDGE('',*,*,#2882,.F.);
#3750=ORIENTED_EDGE('',*,*,#2883,.F.);
#3751=ORIENTED_EDGE('',*,*,#2884,.F.);
#3752=ORIENTED_EDGE('',*,*,#2883,.T.);
#3753=ORIENTED_EDGE('',*,*,#2885,.F.);
#3754=ORIENTED_EDGE('',*,*,#2886,.F.);
#3755=ORIENTED_EDGE('',*,*,#2887,.F.);
#3756=ORIENTED_EDGE('',*,*,#2886,.T.);
#3757=ORIENTED_EDGE('',*,*,#2888,.F.);
#3758=ORIENTED_EDGE('',*,*,#2878,.F.);
#3759=ORIENTED_EDGE('',*,*,#2888,.T.);
#3760=ORIENTED_EDGE('',*,*,#2885,.T.);
#3761=ORIENTED_EDGE('',*,*,#2882,.T.);
#3762=ORIENTED_EDGE('',*,*,#2879,.T.);
#3763=ORIENTED_EDGE('',*,*,#2889,.F.);
#3764=ORIENTED_EDGE('',*,*,#2890,.T.);
#3765=ORIENTED_EDGE('',*,*,#2891,.F.);
#3766=ORIENTED_EDGE('',*,*,#2892,.F.);
#3767=ORIENTED_EDGE('',*,*,#2893,.F.);
#3768=ORIENTED_EDGE('',*,*,#2892,.T.);
#3769=ORIENTED_EDGE('',*,*,#2894,.F.);
#3770=ORIENTED_EDGE('',*,*,#2895,.F.);
#3771=ORIENTED_EDGE('',*,*,#2896,.F.);
#3772=ORIENTED_EDGE('',*,*,#2895,.T.);
#3773=ORIENTED_EDGE('',*,*,#2897,.F.);
#3774=ORIENTED_EDGE('',*,*,#2898,.F.);
#3775=ORIENTED_EDGE('',*,*,#2899,.F.);
#3776=ORIENTED_EDGE('',*,*,#2898,.T.);
#3777=ORIENTED_EDGE('',*,*,#2900,.F.);
#3778=ORIENTED_EDGE('',*,*,#2890,.F.);
#3779=ORIENTED_EDGE('',*,*,#2900,.T.);
#3780=ORIENTED_EDGE('',*,*,#2897,.T.);
#3781=ORIENTED_EDGE('',*,*,#2894,.T.);
#3782=ORIENTED_EDGE('',*,*,#2891,.T.);
#3783=ORIENTED_EDGE('',*,*,#2901,.F.);
#3784=ORIENTED_EDGE('',*,*,#2902,.T.);
#3785=ORIENTED_EDGE('',*,*,#2903,.F.);
#3786=ORIENTED_EDGE('',*,*,#2904,.F.);
#3787=ORIENTED_EDGE('',*,*,#2905,.F.);
#3788=ORIENTED_EDGE('',*,*,#2904,.T.);
#3789=ORIENTED_EDGE('',*,*,#2906,.F.);
#3790=ORIENTED_EDGE('',*,*,#2907,.F.);
#3791=ORIENTED_EDGE('',*,*,#2908,.F.);
#3792=ORIENTED_EDGE('',*,*,#2907,.T.);
#3793=ORIENTED_EDGE('',*,*,#2909,.F.);
#3794=ORIENTED_EDGE('',*,*,#2910,.F.);
#3795=ORIENTED_EDGE('',*,*,#2911,.F.);
#3796=ORIENTED_EDGE('',*,*,#2910,.T.);
#3797=ORIENTED_EDGE('',*,*,#2912,.F.);
#3798=ORIENTED_EDGE('',*,*,#2902,.F.);
#3799=ORIENTED_EDGE('',*,*,#2912,.T.);
#3800=ORIENTED_EDGE('',*,*,#2909,.T.);
#3801=ORIENTED_EDGE('',*,*,#2906,.T.);
#3802=ORIENTED_EDGE('',*,*,#2903,.T.);
#3803=ORIENTED_EDGE('',*,*,#2913,.F.);
#3804=ORIENTED_EDGE('',*,*,#2914,.T.);
#3805=ORIENTED_EDGE('',*,*,#2915,.F.);
#3806=ORIENTED_EDGE('',*,*,#2916,.F.);
#3807=ORIENTED_EDGE('',*,*,#2917,.F.);
#3808=ORIENTED_EDGE('',*,*,#2916,.T.);
#3809=ORIENTED_EDGE('',*,*,#2918,.F.);
#3810=ORIENTED_EDGE('',*,*,#2919,.F.);
#3811=ORIENTED_EDGE('',*,*,#2920,.F.);
#3812=ORIENTED_EDGE('',*,*,#2919,.T.);
#3813=ORIENTED_EDGE('',*,*,#2921,.F.);
#3814=ORIENTED_EDGE('',*,*,#2922,.F.);
#3815=ORIENTED_EDGE('',*,*,#2923,.F.);
#3816=ORIENTED_EDGE('',*,*,#2922,.T.);
#3817=ORIENTED_EDGE('',*,*,#2924,.F.);
#3818=ORIENTED_EDGE('',*,*,#2914,.F.);
#3819=ORIENTED_EDGE('',*,*,#2924,.T.);
#3820=ORIENTED_EDGE('',*,*,#2921,.T.);
#3821=ORIENTED_EDGE('',*,*,#2918,.T.);
#3822=ORIENTED_EDGE('',*,*,#2915,.T.);
#3823=ORIENTED_EDGE('',*,*,#2925,.F.);
#3824=ORIENTED_EDGE('',*,*,#2926,.T.);
#3825=ORIENTED_EDGE('',*,*,#2927,.F.);
#3826=ORIENTED_EDGE('',*,*,#2928,.F.);
#3827=ORIENTED_EDGE('',*,*,#2929,.F.);
#3828=ORIENTED_EDGE('',*,*,#2928,.T.);
#3829=ORIENTED_EDGE('',*,*,#2930,.F.);
#3830=ORIENTED_EDGE('',*,*,#2931,.F.);
#3831=ORIENTED_EDGE('',*,*,#2932,.F.);
#3832=ORIENTED_EDGE('',*,*,#2931,.T.);
#3833=ORIENTED_EDGE('',*,*,#2933,.F.);
#3834=ORIENTED_EDGE('',*,*,#2934,.F.);
#3835=ORIENTED_EDGE('',*,*,#2935,.F.);
#3836=ORIENTED_EDGE('',*,*,#2934,.T.);
#3837=ORIENTED_EDGE('',*,*,#2936,.F.);
#3838=ORIENTED_EDGE('',*,*,#2926,.F.);
#3839=ORIENTED_EDGE('',*,*,#2936,.T.);
#3840=ORIENTED_EDGE('',*,*,#2933,.T.);
#3841=ORIENTED_EDGE('',*,*,#2930,.T.);
#3842=ORIENTED_EDGE('',*,*,#2927,.T.);
#3843=ORIENTED_EDGE('',*,*,#2937,.F.);
#3844=ORIENTED_EDGE('',*,*,#2938,.T.);
#3845=ORIENTED_EDGE('',*,*,#2939,.F.);
#3846=ORIENTED_EDGE('',*,*,#2940,.F.);
#3847=ORIENTED_EDGE('',*,*,#2941,.F.);
#3848=ORIENTED_EDGE('',*,*,#2940,.T.);
#3849=ORIENTED_EDGE('',*,*,#2942,.F.);
#3850=ORIENTED_EDGE('',*,*,#2943,.F.);
#3851=ORIENTED_EDGE('',*,*,#2944,.F.);
#3852=ORIENTED_EDGE('',*,*,#2943,.T.);
#3853=ORIENTED_EDGE('',*,*,#2945,.F.);
#3854=ORIENTED_EDGE('',*,*,#2946,.F.);
#3855=ORIENTED_EDGE('',*,*,#2947,.F.);
#3856=ORIENTED_EDGE('',*,*,#2946,.T.);
#3857=ORIENTED_EDGE('',*,*,#2948,.F.);
#3858=ORIENTED_EDGE('',*,*,#2938,.F.);
#3859=ORIENTED_EDGE('',*,*,#2948,.T.);
#3860=ORIENTED_EDGE('',*,*,#2945,.T.);
#3861=ORIENTED_EDGE('',*,*,#2942,.T.);
#3862=ORIENTED_EDGE('',*,*,#2939,.T.);
#3863=ORIENTED_EDGE('',*,*,#2949,.F.);
#3864=ORIENTED_EDGE('',*,*,#2950,.T.);
#3865=ORIENTED_EDGE('',*,*,#2951,.F.);
#3866=ORIENTED_EDGE('',*,*,#2952,.F.);
#3867=ORIENTED_EDGE('',*,*,#2953,.F.);
#3868=ORIENTED_EDGE('',*,*,#2952,.T.);
#3869=ORIENTED_EDGE('',*,*,#2954,.F.);
#3870=ORIENTED_EDGE('',*,*,#2955,.F.);
#3871=ORIENTED_EDGE('',*,*,#2956,.F.);
#3872=ORIENTED_EDGE('',*,*,#2955,.T.);
#3873=ORIENTED_EDGE('',*,*,#2957,.F.);
#3874=ORIENTED_EDGE('',*,*,#2958,.F.);
#3875=ORIENTED_EDGE('',*,*,#2959,.F.);
#3876=ORIENTED_EDGE('',*,*,#2958,.T.);
#3877=ORIENTED_EDGE('',*,*,#2960,.F.);
#3878=ORIENTED_EDGE('',*,*,#2950,.F.);
#3879=ORIENTED_EDGE('',*,*,#2960,.T.);
#3880=ORIENTED_EDGE('',*,*,#2957,.T.);
#3881=ORIENTED_EDGE('',*,*,#2954,.T.);
#3882=ORIENTED_EDGE('',*,*,#2951,.T.);
#3883=ORIENTED_EDGE('',*,*,#2961,.F.);
#3884=ORIENTED_EDGE('',*,*,#2962,.T.);
#3885=ORIENTED_EDGE('',*,*,#2963,.F.);
#3886=ORIENTED_EDGE('',*,*,#2964,.F.);
#3887=ORIENTED_EDGE('',*,*,#2965,.F.);
#3888=ORIENTED_EDGE('',*,*,#2964,.T.);
#3889=ORIENTED_EDGE('',*,*,#2966,.F.);
#3890=ORIENTED_EDGE('',*,*,#2967,.F.);
#3891=ORIENTED_EDGE('',*,*,#2968,.F.);
#3892=ORIENTED_EDGE('',*,*,#2967,.T.);
#3893=ORIENTED_EDGE('',*,*,#2969,.F.);
#3894=ORIENTED_EDGE('',*,*,#2970,.F.);
#3895=ORIENTED_EDGE('',*,*,#2971,.F.);
#3896=ORIENTED_EDGE('',*,*,#2970,.T.);
#3897=ORIENTED_EDGE('',*,*,#2972,.F.);
#3898=ORIENTED_EDGE('',*,*,#2962,.F.);
#3899=ORIENTED_EDGE('',*,*,#2972,.T.);
#3900=ORIENTED_EDGE('',*,*,#2969,.T.);
#3901=ORIENTED_EDGE('',*,*,#2966,.T.);
#3902=ORIENTED_EDGE('',*,*,#2963,.T.);
#3903=ORIENTED_EDGE('',*,*,#2973,.T.);
#3904=ORIENTED_EDGE('',*,*,#2974,.F.);
#3905=ORIENTED_EDGE('',*,*,#2975,.T.);
#3906=ORIENTED_EDGE('',*,*,#2976,.T.);
#3907=ORIENTED_EDGE('',*,*,#2977,.F.);
#3908=ORIENTED_EDGE('',*,*,#2978,.F.);
#3909=ORIENTED_EDGE('',*,*,#2975,.F.);
#3910=ORIENTED_EDGE('',*,*,#2979,.F.);
#3911=ORIENTED_EDGE('',*,*,#2632,.T.);
#3912=ORIENTED_EDGE('',*,*,#2980,.T.);
#3913=ORIENTED_EDGE('',*,*,#2981,.T.);
#3914=ORIENTED_EDGE('',*,*,#2982,.F.);
#3915=ORIENTED_EDGE('',*,*,#2983,.F.);
#3916=ORIENTED_EDGE('',*,*,#2977,.T.);
#3917=ORIENTED_EDGE('',*,*,#2984,.F.);
#3918=ORIENTED_EDGE('',*,*,#2985,.T.);
#3919=ORIENTED_EDGE('',*,*,#2985,.F.);
#3920=ORIENTED_EDGE('',*,*,#2986,.F.);
#3921=ORIENTED_EDGE('',*,*,#2981,.F.);
#3922=ORIENTED_EDGE('',*,*,#2987,.F.);
#3923=ORIENTED_EDGE('',*,*,#2973,.F.);
#3924=ORIENTED_EDGE('',*,*,#2988,.F.);
#3925=ORIENTED_EDGE('',*,*,#2671,.F.);
#3926=ORIENTED_EDGE('',*,*,#2989,.F.);
#3927=ORIENTED_EDGE('',*,*,#2643,.F.);
#3928=ORIENTED_EDGE('',*,*,#2630,.F.);
#3929=ORIENTED_EDGE('',*,*,#2633,.T.);
#3930=ORIENTED_EDGE('',*,*,#2982,.T.);
#3931=ORIENTED_EDGE('',*,*,#2986,.T.);
#3932=ORIENTED_EDGE('',*,*,#2984,.T.);
#3933=ORIENTED_EDGE('',*,*,#2979,.T.);
#3934=ORIENTED_EDGE('',*,*,#2974,.T.);
#3935=ORIENTED_EDGE('',*,*,#2989,.T.);
#3936=ORIENTED_EDGE('',*,*,#2670,.T.);
#3937=ORIENTED_EDGE('',*,*,#2667,.F.);
#3938=ORIENTED_EDGE('',*,*,#2645,.F.);
#3939=ORIENTED_EDGE('',*,*,#2673,.T.);
#3940=ORIENTED_EDGE('',*,*,#2677,.T.);
#3941=ORIENTED_EDGE('',*,*,#2680,.T.);
#3942=ORIENTED_EDGE('',*,*,#2683,.T.);
#3943=ORIENTED_EDGE('',*,*,#2685,.T.);
#3944=ORIENTED_EDGE('',*,*,#2689,.T.);
#3945=ORIENTED_EDGE('',*,*,#2692,.T.);
#3946=ORIENTED_EDGE('',*,*,#2695,.T.);
#3947=ORIENTED_EDGE('',*,*,#2697,.T.);
#3948=ORIENTED_EDGE('',*,*,#2701,.T.);
#3949=ORIENTED_EDGE('',*,*,#2704,.T.);
#3950=ORIENTED_EDGE('',*,*,#2707,.T.);
#3951=ORIENTED_EDGE('',*,*,#2709,.T.);
#3952=ORIENTED_EDGE('',*,*,#2713,.T.);
#3953=ORIENTED_EDGE('',*,*,#2716,.T.);
#3954=ORIENTED_EDGE('',*,*,#2719,.T.);
#3955=ORIENTED_EDGE('',*,*,#2721,.T.);
#3956=ORIENTED_EDGE('',*,*,#2725,.T.);
#3957=ORIENTED_EDGE('',*,*,#2728,.T.);
#3958=ORIENTED_EDGE('',*,*,#2731,.T.);
#3959=ORIENTED_EDGE('',*,*,#2733,.T.);
#3960=ORIENTED_EDGE('',*,*,#2737,.T.);
#3961=ORIENTED_EDGE('',*,*,#2740,.T.);
#3962=ORIENTED_EDGE('',*,*,#2743,.T.);
#3963=ORIENTED_EDGE('',*,*,#2745,.T.);
#3964=ORIENTED_EDGE('',*,*,#2749,.T.);
#3965=ORIENTED_EDGE('',*,*,#2752,.T.);
#3966=ORIENTED_EDGE('',*,*,#2755,.T.);
#3967=ORIENTED_EDGE('',*,*,#2757,.T.);
#3968=ORIENTED_EDGE('',*,*,#2761,.T.);
#3969=ORIENTED_EDGE('',*,*,#2764,.T.);
#3970=ORIENTED_EDGE('',*,*,#2767,.T.);
#3971=ORIENTED_EDGE('',*,*,#2769,.T.);
#3972=ORIENTED_EDGE('',*,*,#2773,.T.);
#3973=ORIENTED_EDGE('',*,*,#2776,.T.);
#3974=ORIENTED_EDGE('',*,*,#2779,.T.);
#3975=ORIENTED_EDGE('',*,*,#2781,.T.);
#3976=ORIENTED_EDGE('',*,*,#2785,.T.);
#3977=ORIENTED_EDGE('',*,*,#2788,.T.);
#3978=ORIENTED_EDGE('',*,*,#2791,.T.);
#3979=ORIENTED_EDGE('',*,*,#2793,.T.);
#3980=ORIENTED_EDGE('',*,*,#2797,.T.);
#3981=ORIENTED_EDGE('',*,*,#2800,.T.);
#3982=ORIENTED_EDGE('',*,*,#2803,.T.);
#3983=ORIENTED_EDGE('',*,*,#2805,.T.);
#3984=ORIENTED_EDGE('',*,*,#2809,.T.);
#3985=ORIENTED_EDGE('',*,*,#2812,.T.);
#3986=ORIENTED_EDGE('',*,*,#2815,.T.);
#3987=ORIENTED_EDGE('',*,*,#2817,.T.);
#3988=ORIENTED_EDGE('',*,*,#2821,.T.);
#3989=ORIENTED_EDGE('',*,*,#2824,.T.);
#3990=ORIENTED_EDGE('',*,*,#2827,.T.);
#3991=ORIENTED_EDGE('',*,*,#2829,.T.);
#3992=ORIENTED_EDGE('',*,*,#2833,.T.);
#3993=ORIENTED_EDGE('',*,*,#2836,.T.);
#3994=ORIENTED_EDGE('',*,*,#2839,.T.);
#3995=ORIENTED_EDGE('',*,*,#2841,.T.);
#3996=ORIENTED_EDGE('',*,*,#2845,.T.);
#3997=ORIENTED_EDGE('',*,*,#2848,.T.);
#3998=ORIENTED_EDGE('',*,*,#2851,.T.);
#3999=ORIENTED_EDGE('',*,*,#2853,.T.);
#4000=ORIENTED_EDGE('',*,*,#2857,.T.);
#4001=ORIENTED_EDGE('',*,*,#2860,.T.);
#4002=ORIENTED_EDGE('',*,*,#2863,.T.);
#4003=ORIENTED_EDGE('',*,*,#2865,.T.);
#4004=ORIENTED_EDGE('',*,*,#2869,.T.);
#4005=ORIENTED_EDGE('',*,*,#2872,.T.);
#4006=ORIENTED_EDGE('',*,*,#2875,.T.);
#4007=ORIENTED_EDGE('',*,*,#2877,.T.);
#4008=ORIENTED_EDGE('',*,*,#2881,.T.);
#4009=ORIENTED_EDGE('',*,*,#2884,.T.);
#4010=ORIENTED_EDGE('',*,*,#2887,.T.);
#4011=ORIENTED_EDGE('',*,*,#2889,.T.);
#4012=ORIENTED_EDGE('',*,*,#2893,.T.);
#4013=ORIENTED_EDGE('',*,*,#2896,.T.);
#4014=ORIENTED_EDGE('',*,*,#2899,.T.);
#4015=ORIENTED_EDGE('',*,*,#2901,.T.);
#4016=ORIENTED_EDGE('',*,*,#2905,.T.);
#4017=ORIENTED_EDGE('',*,*,#2908,.T.);
#4018=ORIENTED_EDGE('',*,*,#2911,.T.);
#4019=ORIENTED_EDGE('',*,*,#2913,.T.);
#4020=ORIENTED_EDGE('',*,*,#2917,.T.);
#4021=ORIENTED_EDGE('',*,*,#2920,.T.);
#4022=ORIENTED_EDGE('',*,*,#2923,.T.);
#4023=ORIENTED_EDGE('',*,*,#2925,.T.);
#4024=ORIENTED_EDGE('',*,*,#2929,.T.);
#4025=ORIENTED_EDGE('',*,*,#2932,.T.);
#4026=ORIENTED_EDGE('',*,*,#2935,.T.);
#4027=ORIENTED_EDGE('',*,*,#2937,.T.);
#4028=ORIENTED_EDGE('',*,*,#2941,.T.);
#4029=ORIENTED_EDGE('',*,*,#2944,.T.);
#4030=ORIENTED_EDGE('',*,*,#2947,.T.);
#4031=ORIENTED_EDGE('',*,*,#2949,.T.);
#4032=ORIENTED_EDGE('',*,*,#2953,.T.);
#4033=ORIENTED_EDGE('',*,*,#2956,.T.);
#4034=ORIENTED_EDGE('',*,*,#2959,.T.);
#4035=ORIENTED_EDGE('',*,*,#2961,.T.);
#4036=ORIENTED_EDGE('',*,*,#2965,.T.);
#4037=ORIENTED_EDGE('',*,*,#2968,.T.);
#4038=ORIENTED_EDGE('',*,*,#2971,.T.);
#4039=ORIENTED_EDGE('',*,*,#2666,.T.);
#4040=ORIENTED_EDGE('',*,*,#2990,.T.);
#4041=ORIENTED_EDGE('',*,*,#2991,.T.);
#4042=ORIENTED_EDGE('',*,*,#2642,.F.);
#4043=ORIENTED_EDGE('',*,*,#2654,.F.);
#4044=ORIENTED_EDGE('',*,*,#2992,.T.);
#4045=ORIENTED_EDGE('',*,*,#2993,.T.);
#4046=ORIENTED_EDGE('',*,*,#2994,.F.);
#4047=ORIENTED_EDGE('',*,*,#2653,.F.);
#4048=ORIENTED_EDGE('',*,*,#2995,.T.);
#4049=ORIENTED_EDGE('',*,*,#2996,.T.);
#4050=ORIENTED_EDGE('',*,*,#2992,.F.);
#4051=ORIENTED_EDGE('',*,*,#2652,.F.);
#4052=ORIENTED_EDGE('',*,*,#2997,.T.);
#4053=ORIENTED_EDGE('',*,*,#2998,.T.);
#4054=ORIENTED_EDGE('',*,*,#2995,.F.);
#4055=ORIENTED_EDGE('',*,*,#2651,.F.);
#4056=ORIENTED_EDGE('',*,*,#2999,.T.);
#4057=ORIENTED_EDGE('',*,*,#3000,.T.);
#4058=ORIENTED_EDGE('',*,*,#2997,.F.);
#4059=ORIENTED_EDGE('',*,*,#2650,.T.);
#4060=ORIENTED_EDGE('',*,*,#3001,.T.);
#4061=ORIENTED_EDGE('',*,*,#3002,.T.);
#4062=ORIENTED_EDGE('',*,*,#2999,.F.);
#4063=ORIENTED_EDGE('',*,*,#2669,.F.);
#4064=ORIENTED_EDGE('',*,*,#2672,.F.);
#4065=ORIENTED_EDGE('',*,*,#2988,.T.);
#4066=ORIENTED_EDGE('',*,*,#2976,.F.);
#4067=ORIENTED_EDGE('',*,*,#2978,.T.);
#4068=ORIENTED_EDGE('',*,*,#2983,.T.);
#4069=ORIENTED_EDGE('',*,*,#2987,.T.);
#4070=ORIENTED_EDGE('',*,*,#2980,.F.);
#4071=ORIENTED_EDGE('',*,*,#2631,.T.);
#4072=ORIENTED_EDGE('',*,*,#2628,.F.);
#4073=ORIENTED_EDGE('',*,*,#3003,.T.);
#4074=ORIENTED_EDGE('',*,*,#3001,.F.);
#4075=ORIENTED_EDGE('',*,*,#2649,.F.);
#4076=ORIENTED_EDGE('',*,*,#2663,.T.);
#4077=ORIENTED_EDGE('',*,*,#3004,.T.);
#4078=ORIENTED_EDGE('',*,*,#3005,.T.);
#4079=ORIENTED_EDGE('',*,*,#3006,.T.);
#4080=ORIENTED_EDGE('',*,*,#3007,.T.);
#4081=ORIENTED_EDGE('',*,*,#2638,.F.);
#4082=ORIENTED_EDGE('',*,*,#3008,.F.);
#4083=ORIENTED_EDGE('',*,*,#3006,.F.);
#4084=ORIENTED_EDGE('',*,*,#2662,.T.);
#4085=ORIENTED_EDGE('',*,*,#3009,.T.);
#4086=ORIENTED_EDGE('',*,*,#3010,.T.);
#4087=ORIENTED_EDGE('',*,*,#3011,.F.);
#4088=ORIENTED_EDGE('',*,*,#3004,.F.);
#4089=ORIENTED_EDGE('',*,*,#3012,.F.);
#4090=ORIENTED_EDGE('',*,*,#3013,.T.);
#4091=ORIENTED_EDGE('',*,*,#3014,.T.);
#4092=ORIENTED_EDGE('',*,*,#3015,.F.);
#4093=ORIENTED_EDGE('',*,*,#3016,.F.);
#4094=ORIENTED_EDGE('',*,*,#3017,.T.);
#4095=ORIENTED_EDGE('',*,*,#3018,.T.);
#4096=ORIENTED_EDGE('',*,*,#3013,.F.);
#4097=ORIENTED_EDGE('',*,*,#3019,.F.);
#4098=ORIENTED_EDGE('',*,*,#3020,.T.);
#4099=ORIENTED_EDGE('',*,*,#3021,.T.);
#4100=ORIENTED_EDGE('',*,*,#3017,.F.);
#4101=ORIENTED_EDGE('',*,*,#3022,.F.);
#4102=ORIENTED_EDGE('',*,*,#3015,.T.);
#4103=ORIENTED_EDGE('',*,*,#3023,.T.);
#4104=ORIENTED_EDGE('',*,*,#3020,.F.);
#4105=ORIENTED_EDGE('',*,*,#3023,.F.);
#4106=ORIENTED_EDGE('',*,*,#3014,.F.);
#4107=ORIENTED_EDGE('',*,*,#3018,.F.);
#4108=ORIENTED_EDGE('',*,*,#3021,.F.);
#4109=ORIENTED_EDGE('',*,*,#3024,.F.);
#4110=ORIENTED_EDGE('',*,*,#3025,.T.);
#4111=ORIENTED_EDGE('',*,*,#3026,.T.);
#4112=ORIENTED_EDGE('',*,*,#3027,.F.);
#4113=ORIENTED_EDGE('',*,*,#3028,.F.);
#4114=ORIENTED_EDGE('',*,*,#3029,.T.);
#4115=ORIENTED_EDGE('',*,*,#3030,.T.);
#4116=ORIENTED_EDGE('',*,*,#3025,.F.);
#4117=ORIENTED_EDGE('',*,*,#3031,.F.);
#4118=ORIENTED_EDGE('',*,*,#3032,.T.);
#4119=ORIENTED_EDGE('',*,*,#3033,.T.);
#4120=ORIENTED_EDGE('',*,*,#3029,.F.);
#4121=ORIENTED_EDGE('',*,*,#3034,.F.);
#4122=ORIENTED_EDGE('',*,*,#3027,.T.);
#4123=ORIENTED_EDGE('',*,*,#3035,.T.);
#4124=ORIENTED_EDGE('',*,*,#3032,.F.);
#4125=ORIENTED_EDGE('',*,*,#3035,.F.);
#4126=ORIENTED_EDGE('',*,*,#3026,.F.);
#4127=ORIENTED_EDGE('',*,*,#3030,.F.);
#4128=ORIENTED_EDGE('',*,*,#3033,.F.);
#4129=ORIENTED_EDGE('',*,*,#3036,.F.);
#4130=ORIENTED_EDGE('',*,*,#3037,.T.);
#4131=ORIENTED_EDGE('',*,*,#3038,.T.);
#4132=ORIENTED_EDGE('',*,*,#3039,.F.);
#4133=ORIENTED_EDGE('',*,*,#3040,.F.);
#4134=ORIENTED_EDGE('',*,*,#3041,.T.);
#4135=ORIENTED_EDGE('',*,*,#3042,.T.);
#4136=ORIENTED_EDGE('',*,*,#3037,.F.);
#4137=ORIENTED_EDGE('',*,*,#3043,.F.);
#4138=ORIENTED_EDGE('',*,*,#3044,.T.);
#4139=ORIENTED_EDGE('',*,*,#3045,.T.);
#4140=ORIENTED_EDGE('',*,*,#3041,.F.);
#4141=ORIENTED_EDGE('',*,*,#3046,.F.);
#4142=ORIENTED_EDGE('',*,*,#3039,.T.);
#4143=ORIENTED_EDGE('',*,*,#3047,.T.);
#4144=ORIENTED_EDGE('',*,*,#3044,.F.);
#4145=ORIENTED_EDGE('',*,*,#3047,.F.);
#4146=ORIENTED_EDGE('',*,*,#3038,.F.);
#4147=ORIENTED_EDGE('',*,*,#3042,.F.);
#4148=ORIENTED_EDGE('',*,*,#3045,.F.);
#4149=ORIENTED_EDGE('',*,*,#3048,.F.);
#4150=ORIENTED_EDGE('',*,*,#3049,.T.);
#4151=ORIENTED_EDGE('',*,*,#3050,.T.);
#4152=ORIENTED_EDGE('',*,*,#3051,.F.);
#4153=ORIENTED_EDGE('',*,*,#3052,.F.);
#4154=ORIENTED_EDGE('',*,*,#3053,.T.);
#4155=ORIENTED_EDGE('',*,*,#3054,.T.);
#4156=ORIENTED_EDGE('',*,*,#3049,.F.);
#4157=ORIENTED_EDGE('',*,*,#3055,.F.);
#4158=ORIENTED_EDGE('',*,*,#3056,.T.);
#4159=ORIENTED_EDGE('',*,*,#3057,.T.);
#4160=ORIENTED_EDGE('',*,*,#3053,.F.);
#4161=ORIENTED_EDGE('',*,*,#3058,.F.);
#4162=ORIENTED_EDGE('',*,*,#3051,.T.);
#4163=ORIENTED_EDGE('',*,*,#3059,.T.);
#4164=ORIENTED_EDGE('',*,*,#3056,.F.);
#4165=ORIENTED_EDGE('',*,*,#3059,.F.);
#4166=ORIENTED_EDGE('',*,*,#3050,.F.);
#4167=ORIENTED_EDGE('',*,*,#3054,.F.);
#4168=ORIENTED_EDGE('',*,*,#3057,.F.);
#4169=ORIENTED_EDGE('',*,*,#3060,.F.);
#4170=ORIENTED_EDGE('',*,*,#3061,.T.);
#4171=ORIENTED_EDGE('',*,*,#3062,.T.);
#4172=ORIENTED_EDGE('',*,*,#3063,.F.);
#4173=ORIENTED_EDGE('',*,*,#3064,.F.);
#4174=ORIENTED_EDGE('',*,*,#3065,.T.);
#4175=ORIENTED_EDGE('',*,*,#3066,.T.);
#4176=ORIENTED_EDGE('',*,*,#3061,.F.);
#4177=ORIENTED_EDGE('',*,*,#3067,.F.);
#4178=ORIENTED_EDGE('',*,*,#3068,.T.);
#4179=ORIENTED_EDGE('',*,*,#3069,.T.);
#4180=ORIENTED_EDGE('',*,*,#3065,.F.);
#4181=ORIENTED_EDGE('',*,*,#3070,.F.);
#4182=ORIENTED_EDGE('',*,*,#3063,.T.);
#4183=ORIENTED_EDGE('',*,*,#3071,.T.);
#4184=ORIENTED_EDGE('',*,*,#3068,.F.);
#4185=ORIENTED_EDGE('',*,*,#3071,.F.);
#4186=ORIENTED_EDGE('',*,*,#3062,.F.);
#4187=ORIENTED_EDGE('',*,*,#3066,.F.);
#4188=ORIENTED_EDGE('',*,*,#3069,.F.);
#4189=ORIENTED_EDGE('',*,*,#3072,.F.);
#4190=ORIENTED_EDGE('',*,*,#3073,.T.);
#4191=ORIENTED_EDGE('',*,*,#3074,.T.);
#4192=ORIENTED_EDGE('',*,*,#3075,.F.);
#4193=ORIENTED_EDGE('',*,*,#3076,.F.);
#4194=ORIENTED_EDGE('',*,*,#3077,.T.);
#4195=ORIENTED_EDGE('',*,*,#3078,.T.);
#4196=ORIENTED_EDGE('',*,*,#3073,.F.);
#4197=ORIENTED_EDGE('',*,*,#3079,.F.);
#4198=ORIENTED_EDGE('',*,*,#3080,.T.);
#4199=ORIENTED_EDGE('',*,*,#3081,.T.);
#4200=ORIENTED_EDGE('',*,*,#3077,.F.);
#4201=ORIENTED_EDGE('',*,*,#3082,.F.);
#4202=ORIENTED_EDGE('',*,*,#3075,.T.);
#4203=ORIENTED_EDGE('',*,*,#3083,.T.);
#4204=ORIENTED_EDGE('',*,*,#3080,.F.);
#4205=ORIENTED_EDGE('',*,*,#3083,.F.);
#4206=ORIENTED_EDGE('',*,*,#3074,.F.);
#4207=ORIENTED_EDGE('',*,*,#3078,.F.);
#4208=ORIENTED_EDGE('',*,*,#3081,.F.);
#4209=ORIENTED_EDGE('',*,*,#3084,.F.);
#4210=ORIENTED_EDGE('',*,*,#3085,.T.);
#4211=ORIENTED_EDGE('',*,*,#3086,.T.);
#4212=ORIENTED_EDGE('',*,*,#3087,.F.);
#4213=ORIENTED_EDGE('',*,*,#3088,.F.);
#4214=ORIENTED_EDGE('',*,*,#3089,.T.);
#4215=ORIENTED_EDGE('',*,*,#3090,.T.);
#4216=ORIENTED_EDGE('',*,*,#3085,.F.);
#4217=ORIENTED_EDGE('',*,*,#3091,.F.);
#4218=ORIENTED_EDGE('',*,*,#3092,.T.);
#4219=ORIENTED_EDGE('',*,*,#3093,.T.);
#4220=ORIENTED_EDGE('',*,*,#3089,.F.);
#4221=ORIENTED_EDGE('',*,*,#3094,.F.);
#4222=ORIENTED_EDGE('',*,*,#3087,.T.);
#4223=ORIENTED_EDGE('',*,*,#3095,.T.);
#4224=ORIENTED_EDGE('',*,*,#3092,.F.);
#4225=ORIENTED_EDGE('',*,*,#3095,.F.);
#4226=ORIENTED_EDGE('',*,*,#3086,.F.);
#4227=ORIENTED_EDGE('',*,*,#3090,.F.);
#4228=ORIENTED_EDGE('',*,*,#3093,.F.);
#4229=ORIENTED_EDGE('',*,*,#3096,.F.);
#4230=ORIENTED_EDGE('',*,*,#3097,.T.);
#4231=ORIENTED_EDGE('',*,*,#3098,.T.);
#4232=ORIENTED_EDGE('',*,*,#3099,.F.);
#4233=ORIENTED_EDGE('',*,*,#3100,.F.);
#4234=ORIENTED_EDGE('',*,*,#3101,.T.);
#4235=ORIENTED_EDGE('',*,*,#3102,.T.);
#4236=ORIENTED_EDGE('',*,*,#3097,.F.);
#4237=ORIENTED_EDGE('',*,*,#3103,.F.);
#4238=ORIENTED_EDGE('',*,*,#3104,.T.);
#4239=ORIENTED_EDGE('',*,*,#3105,.T.);
#4240=ORIENTED_EDGE('',*,*,#3101,.F.);
#4241=ORIENTED_EDGE('',*,*,#3106,.F.);
#4242=ORIENTED_EDGE('',*,*,#3099,.T.);
#4243=ORIENTED_EDGE('',*,*,#3107,.T.);
#4244=ORIENTED_EDGE('',*,*,#3104,.F.);
#4245=ORIENTED_EDGE('',*,*,#3107,.F.);
#4246=ORIENTED_EDGE('',*,*,#3098,.F.);
#4247=ORIENTED_EDGE('',*,*,#3102,.F.);
#4248=ORIENTED_EDGE('',*,*,#3105,.F.);
#4249=ORIENTED_EDGE('',*,*,#3108,.F.);
#4250=ORIENTED_EDGE('',*,*,#3109,.T.);
#4251=ORIENTED_EDGE('',*,*,#3110,.T.);
#4252=ORIENTED_EDGE('',*,*,#3111,.F.);
#4253=ORIENTED_EDGE('',*,*,#3112,.F.);
#4254=ORIENTED_EDGE('',*,*,#3113,.T.);
#4255=ORIENTED_EDGE('',*,*,#3114,.T.);
#4256=ORIENTED_EDGE('',*,*,#3109,.F.);
#4257=ORIENTED_EDGE('',*,*,#3115,.F.);
#4258=ORIENTED_EDGE('',*,*,#3116,.T.);
#4259=ORIENTED_EDGE('',*,*,#3117,.T.);
#4260=ORIENTED_EDGE('',*,*,#3113,.F.);
#4261=ORIENTED_EDGE('',*,*,#3118,.F.);
#4262=ORIENTED_EDGE('',*,*,#3111,.T.);
#4263=ORIENTED_EDGE('',*,*,#3119,.T.);
#4264=ORIENTED_EDGE('',*,*,#3116,.F.);
#4265=ORIENTED_EDGE('',*,*,#3119,.F.);
#4266=ORIENTED_EDGE('',*,*,#3110,.F.);
#4267=ORIENTED_EDGE('',*,*,#3114,.F.);
#4268=ORIENTED_EDGE('',*,*,#3117,.F.);
#4269=ORIENTED_EDGE('',*,*,#3120,.F.);
#4270=ORIENTED_EDGE('',*,*,#3121,.T.);
#4271=ORIENTED_EDGE('',*,*,#3122,.T.);
#4272=ORIENTED_EDGE('',*,*,#3123,.F.);
#4273=ORIENTED_EDGE('',*,*,#3124,.F.);
#4274=ORIENTED_EDGE('',*,*,#3125,.T.);
#4275=ORIENTED_EDGE('',*,*,#3126,.T.);
#4276=ORIENTED_EDGE('',*,*,#3121,.F.);
#4277=ORIENTED_EDGE('',*,*,#3127,.F.);
#4278=ORIENTED_EDGE('',*,*,#3128,.T.);
#4279=ORIENTED_EDGE('',*,*,#3129,.T.);
#4280=ORIENTED_EDGE('',*,*,#3125,.F.);
#4281=ORIENTED_EDGE('',*,*,#3130,.F.);
#4282=ORIENTED_EDGE('',*,*,#3123,.T.);
#4283=ORIENTED_EDGE('',*,*,#3131,.T.);
#4284=ORIENTED_EDGE('',*,*,#3128,.F.);
#4285=ORIENTED_EDGE('',*,*,#3131,.F.);
#4286=ORIENTED_EDGE('',*,*,#3122,.F.);
#4287=ORIENTED_EDGE('',*,*,#3126,.F.);
#4288=ORIENTED_EDGE('',*,*,#3129,.F.);
#4289=ORIENTED_EDGE('',*,*,#3132,.F.);
#4290=ORIENTED_EDGE('',*,*,#3133,.T.);
#4291=ORIENTED_EDGE('',*,*,#3134,.T.);
#4292=ORIENTED_EDGE('',*,*,#3135,.F.);
#4293=ORIENTED_EDGE('',*,*,#3136,.F.);
#4294=ORIENTED_EDGE('',*,*,#3137,.T.);
#4295=ORIENTED_EDGE('',*,*,#3138,.T.);
#4296=ORIENTED_EDGE('',*,*,#3133,.F.);
#4297=ORIENTED_EDGE('',*,*,#3139,.F.);
#4298=ORIENTED_EDGE('',*,*,#3140,.T.);
#4299=ORIENTED_EDGE('',*,*,#3141,.T.);
#4300=ORIENTED_EDGE('',*,*,#3137,.F.);
#4301=ORIENTED_EDGE('',*,*,#3142,.F.);
#4302=ORIENTED_EDGE('',*,*,#3135,.T.);
#4303=ORIENTED_EDGE('',*,*,#3143,.T.);
#4304=ORIENTED_EDGE('',*,*,#3140,.F.);
#4305=ORIENTED_EDGE('',*,*,#3143,.F.);
#4306=ORIENTED_EDGE('',*,*,#3134,.F.);
#4307=ORIENTED_EDGE('',*,*,#3138,.F.);
#4308=ORIENTED_EDGE('',*,*,#3141,.F.);
#4309=ORIENTED_EDGE('',*,*,#3144,.F.);
#4310=ORIENTED_EDGE('',*,*,#3145,.T.);
#4311=ORIENTED_EDGE('',*,*,#3146,.T.);
#4312=ORIENTED_EDGE('',*,*,#3147,.F.);
#4313=ORIENTED_EDGE('',*,*,#3148,.F.);
#4314=ORIENTED_EDGE('',*,*,#3149,.T.);
#4315=ORIENTED_EDGE('',*,*,#3150,.T.);
#4316=ORIENTED_EDGE('',*,*,#3145,.F.);
#4317=ORIENTED_EDGE('',*,*,#3151,.F.);
#4318=ORIENTED_EDGE('',*,*,#3152,.T.);
#4319=ORIENTED_EDGE('',*,*,#3153,.T.);
#4320=ORIENTED_EDGE('',*,*,#3149,.F.);
#4321=ORIENTED_EDGE('',*,*,#3154,.F.);
#4322=ORIENTED_EDGE('',*,*,#3147,.T.);
#4323=ORIENTED_EDGE('',*,*,#3155,.T.);
#4324=ORIENTED_EDGE('',*,*,#3152,.F.);
#4325=ORIENTED_EDGE('',*,*,#3155,.F.);
#4326=ORIENTED_EDGE('',*,*,#3146,.F.);
#4327=ORIENTED_EDGE('',*,*,#3150,.F.);
#4328=ORIENTED_EDGE('',*,*,#3153,.F.);
#4329=ORIENTED_EDGE('',*,*,#3156,.F.);
#4330=ORIENTED_EDGE('',*,*,#3157,.T.);
#4331=ORIENTED_EDGE('',*,*,#3158,.T.);
#4332=ORIENTED_EDGE('',*,*,#3159,.F.);
#4333=ORIENTED_EDGE('',*,*,#3160,.F.);
#4334=ORIENTED_EDGE('',*,*,#3161,.T.);
#4335=ORIENTED_EDGE('',*,*,#3162,.T.);
#4336=ORIENTED_EDGE('',*,*,#3157,.F.);
#4337=ORIENTED_EDGE('',*,*,#3163,.F.);
#4338=ORIENTED_EDGE('',*,*,#3164,.T.);
#4339=ORIENTED_EDGE('',*,*,#3165,.T.);
#4340=ORIENTED_EDGE('',*,*,#3161,.F.);
#4341=ORIENTED_EDGE('',*,*,#3166,.F.);
#4342=ORIENTED_EDGE('',*,*,#3159,.T.);
#4343=ORIENTED_EDGE('',*,*,#3167,.T.);
#4344=ORIENTED_EDGE('',*,*,#3164,.F.);
#4345=ORIENTED_EDGE('',*,*,#3167,.F.);
#4346=ORIENTED_EDGE('',*,*,#3158,.F.);
#4347=ORIENTED_EDGE('',*,*,#3162,.F.);
#4348=ORIENTED_EDGE('',*,*,#3165,.F.);
#4349=ORIENTED_EDGE('',*,*,#3168,.F.);
#4350=ORIENTED_EDGE('',*,*,#3169,.T.);
#4351=ORIENTED_EDGE('',*,*,#3170,.T.);
#4352=ORIENTED_EDGE('',*,*,#3171,.F.);
#4353=ORIENTED_EDGE('',*,*,#3172,.F.);
#4354=ORIENTED_EDGE('',*,*,#3173,.T.);
#4355=ORIENTED_EDGE('',*,*,#3174,.T.);
#4356=ORIENTED_EDGE('',*,*,#3169,.F.);
#4357=ORIENTED_EDGE('',*,*,#3175,.F.);
#4358=ORIENTED_EDGE('',*,*,#3176,.T.);
#4359=ORIENTED_EDGE('',*,*,#3177,.T.);
#4360=ORIENTED_EDGE('',*,*,#3173,.F.);
#4361=ORIENTED_EDGE('',*,*,#3178,.F.);
#4362=ORIENTED_EDGE('',*,*,#3171,.T.);
#4363=ORIENTED_EDGE('',*,*,#3179,.T.);
#4364=ORIENTED_EDGE('',*,*,#3176,.F.);
#4365=ORIENTED_EDGE('',*,*,#3179,.F.);
#4366=ORIENTED_EDGE('',*,*,#3170,.F.);
#4367=ORIENTED_EDGE('',*,*,#3174,.F.);
#4368=ORIENTED_EDGE('',*,*,#3177,.F.);
#4369=ORIENTED_EDGE('',*,*,#3180,.F.);
#4370=ORIENTED_EDGE('',*,*,#3181,.T.);
#4371=ORIENTED_EDGE('',*,*,#3182,.T.);
#4372=ORIENTED_EDGE('',*,*,#3183,.F.);
#4373=ORIENTED_EDGE('',*,*,#3184,.F.);
#4374=ORIENTED_EDGE('',*,*,#3185,.T.);
#4375=ORIENTED_EDGE('',*,*,#3186,.T.);
#4376=ORIENTED_EDGE('',*,*,#3181,.F.);
#4377=ORIENTED_EDGE('',*,*,#3187,.F.);
#4378=ORIENTED_EDGE('',*,*,#3188,.T.);
#4379=ORIENTED_EDGE('',*,*,#3189,.T.);
#4380=ORIENTED_EDGE('',*,*,#3185,.F.);
#4381=ORIENTED_EDGE('',*,*,#3190,.F.);
#4382=ORIENTED_EDGE('',*,*,#3183,.T.);
#4383=ORIENTED_EDGE('',*,*,#3191,.T.);
#4384=ORIENTED_EDGE('',*,*,#3188,.F.);
#4385=ORIENTED_EDGE('',*,*,#3191,.F.);
#4386=ORIENTED_EDGE('',*,*,#3182,.F.);
#4387=ORIENTED_EDGE('',*,*,#3186,.F.);
#4388=ORIENTED_EDGE('',*,*,#3189,.F.);
#4389=ORIENTED_EDGE('',*,*,#3192,.F.);
#4390=ORIENTED_EDGE('',*,*,#3193,.T.);
#4391=ORIENTED_EDGE('',*,*,#3194,.T.);
#4392=ORIENTED_EDGE('',*,*,#3195,.F.);
#4393=ORIENTED_EDGE('',*,*,#3196,.F.);
#4394=ORIENTED_EDGE('',*,*,#3197,.T.);
#4395=ORIENTED_EDGE('',*,*,#3198,.T.);
#4396=ORIENTED_EDGE('',*,*,#3193,.F.);
#4397=ORIENTED_EDGE('',*,*,#3199,.F.);
#4398=ORIENTED_EDGE('',*,*,#3200,.T.);
#4399=ORIENTED_EDGE('',*,*,#3201,.T.);
#4400=ORIENTED_EDGE('',*,*,#3197,.F.);
#4401=ORIENTED_EDGE('',*,*,#3202,.F.);
#4402=ORIENTED_EDGE('',*,*,#3195,.T.);
#4403=ORIENTED_EDGE('',*,*,#3203,.T.);
#4404=ORIENTED_EDGE('',*,*,#3200,.F.);
#4405=ORIENTED_EDGE('',*,*,#3203,.F.);
#4406=ORIENTED_EDGE('',*,*,#3194,.F.);
#4407=ORIENTED_EDGE('',*,*,#3198,.F.);
#4408=ORIENTED_EDGE('',*,*,#3201,.F.);
#4409=ORIENTED_EDGE('',*,*,#3204,.F.);
#4410=ORIENTED_EDGE('',*,*,#3205,.T.);
#4411=ORIENTED_EDGE('',*,*,#3206,.T.);
#4412=ORIENTED_EDGE('',*,*,#3207,.F.);
#4413=ORIENTED_EDGE('',*,*,#3208,.F.);
#4414=ORIENTED_EDGE('',*,*,#3209,.T.);
#4415=ORIENTED_EDGE('',*,*,#3210,.T.);
#4416=ORIENTED_EDGE('',*,*,#3205,.F.);
#4417=ORIENTED_EDGE('',*,*,#3211,.F.);
#4418=ORIENTED_EDGE('',*,*,#3212,.T.);
#4419=ORIENTED_EDGE('',*,*,#3213,.T.);
#4420=ORIENTED_EDGE('',*,*,#3209,.F.);
#4421=ORIENTED_EDGE('',*,*,#3214,.F.);
#4422=ORIENTED_EDGE('',*,*,#3207,.T.);
#4423=ORIENTED_EDGE('',*,*,#3215,.T.);
#4424=ORIENTED_EDGE('',*,*,#3212,.F.);
#4425=ORIENTED_EDGE('',*,*,#3215,.F.);
#4426=ORIENTED_EDGE('',*,*,#3206,.F.);
#4427=ORIENTED_EDGE('',*,*,#3210,.F.);
#4428=ORIENTED_EDGE('',*,*,#3213,.F.);
#4429=ORIENTED_EDGE('',*,*,#3216,.F.);
#4430=ORIENTED_EDGE('',*,*,#3217,.T.);
#4431=ORIENTED_EDGE('',*,*,#3218,.T.);
#4432=ORIENTED_EDGE('',*,*,#3219,.F.);
#4433=ORIENTED_EDGE('',*,*,#3220,.F.);
#4434=ORIENTED_EDGE('',*,*,#3221,.T.);
#4435=ORIENTED_EDGE('',*,*,#3222,.T.);
#4436=ORIENTED_EDGE('',*,*,#3217,.F.);
#4437=ORIENTED_EDGE('',*,*,#3223,.F.);
#4438=ORIENTED_EDGE('',*,*,#3224,.T.);
#4439=ORIENTED_EDGE('',*,*,#3225,.T.);
#4440=ORIENTED_EDGE('',*,*,#3221,.F.);
#4441=ORIENTED_EDGE('',*,*,#3226,.F.);
#4442=ORIENTED_EDGE('',*,*,#3219,.T.);
#4443=ORIENTED_EDGE('',*,*,#3227,.T.);
#4444=ORIENTED_EDGE('',*,*,#3224,.F.);
#4445=ORIENTED_EDGE('',*,*,#3227,.F.);
#4446=ORIENTED_EDGE('',*,*,#3218,.F.);
#4447=ORIENTED_EDGE('',*,*,#3222,.F.);
#4448=ORIENTED_EDGE('',*,*,#3225,.F.);
#4449=ORIENTED_EDGE('',*,*,#3228,.F.);
#4450=ORIENTED_EDGE('',*,*,#3229,.T.);
#4451=ORIENTED_EDGE('',*,*,#3230,.T.);
#4452=ORIENTED_EDGE('',*,*,#3231,.F.);
#4453=ORIENTED_EDGE('',*,*,#3232,.F.);
#4454=ORIENTED_EDGE('',*,*,#3233,.T.);
#4455=ORIENTED_EDGE('',*,*,#3234,.T.);
#4456=ORIENTED_EDGE('',*,*,#3229,.F.);
#4457=ORIENTED_EDGE('',*,*,#3235,.F.);
#4458=ORIENTED_EDGE('',*,*,#3236,.T.);
#4459=ORIENTED_EDGE('',*,*,#3237,.T.);
#4460=ORIENTED_EDGE('',*,*,#3233,.F.);
#4461=ORIENTED_EDGE('',*,*,#3238,.F.);
#4462=ORIENTED_EDGE('',*,*,#3231,.T.);
#4463=ORIENTED_EDGE('',*,*,#3239,.T.);
#4464=ORIENTED_EDGE('',*,*,#3236,.F.);
#4465=ORIENTED_EDGE('',*,*,#3239,.F.);
#4466=ORIENTED_EDGE('',*,*,#3230,.F.);
#4467=ORIENTED_EDGE('',*,*,#3234,.F.);
#4468=ORIENTED_EDGE('',*,*,#3237,.F.);
#4469=ORIENTED_EDGE('',*,*,#3240,.F.);
#4470=ORIENTED_EDGE('',*,*,#3241,.T.);
#4471=ORIENTED_EDGE('',*,*,#3242,.T.);
#4472=ORIENTED_EDGE('',*,*,#3243,.F.);
#4473=ORIENTED_EDGE('',*,*,#3244,.F.);
#4474=ORIENTED_EDGE('',*,*,#3245,.T.);
#4475=ORIENTED_EDGE('',*,*,#3246,.T.);
#4476=ORIENTED_EDGE('',*,*,#3241,.F.);
#4477=ORIENTED_EDGE('',*,*,#3247,.F.);
#4478=ORIENTED_EDGE('',*,*,#3248,.T.);
#4479=ORIENTED_EDGE('',*,*,#3249,.T.);
#4480=ORIENTED_EDGE('',*,*,#3245,.F.);
#4481=ORIENTED_EDGE('',*,*,#3250,.F.);
#4482=ORIENTED_EDGE('',*,*,#3243,.T.);
#4483=ORIENTED_EDGE('',*,*,#3251,.T.);
#4484=ORIENTED_EDGE('',*,*,#3248,.F.);
#4485=ORIENTED_EDGE('',*,*,#3251,.F.);
#4486=ORIENTED_EDGE('',*,*,#3242,.F.);
#4487=ORIENTED_EDGE('',*,*,#3246,.F.);
#4488=ORIENTED_EDGE('',*,*,#3249,.F.);
#4489=ORIENTED_EDGE('',*,*,#3252,.F.);
#4490=ORIENTED_EDGE('',*,*,#3253,.T.);
#4491=ORIENTED_EDGE('',*,*,#3254,.T.);
#4492=ORIENTED_EDGE('',*,*,#3255,.F.);
#4493=ORIENTED_EDGE('',*,*,#3256,.F.);
#4494=ORIENTED_EDGE('',*,*,#3257,.T.);
#4495=ORIENTED_EDGE('',*,*,#3258,.T.);
#4496=ORIENTED_EDGE('',*,*,#3253,.F.);
#4497=ORIENTED_EDGE('',*,*,#3259,.F.);
#4498=ORIENTED_EDGE('',*,*,#3260,.T.);
#4499=ORIENTED_EDGE('',*,*,#3261,.T.);
#4500=ORIENTED_EDGE('',*,*,#3257,.F.);
#4501=ORIENTED_EDGE('',*,*,#3262,.F.);
#4502=ORIENTED_EDGE('',*,*,#3255,.T.);
#4503=ORIENTED_EDGE('',*,*,#3263,.T.);
#4504=ORIENTED_EDGE('',*,*,#3260,.F.);
#4505=ORIENTED_EDGE('',*,*,#3263,.F.);
#4506=ORIENTED_EDGE('',*,*,#3254,.F.);
#4507=ORIENTED_EDGE('',*,*,#3258,.F.);
#4508=ORIENTED_EDGE('',*,*,#3261,.F.);
#4509=ORIENTED_EDGE('',*,*,#3264,.F.);
#4510=ORIENTED_EDGE('',*,*,#3265,.T.);
#4511=ORIENTED_EDGE('',*,*,#3266,.T.);
#4512=ORIENTED_EDGE('',*,*,#3267,.F.);
#4513=ORIENTED_EDGE('',*,*,#3268,.F.);
#4514=ORIENTED_EDGE('',*,*,#3269,.T.);
#4515=ORIENTED_EDGE('',*,*,#3270,.T.);
#4516=ORIENTED_EDGE('',*,*,#3265,.F.);
#4517=ORIENTED_EDGE('',*,*,#3271,.F.);
#4518=ORIENTED_EDGE('',*,*,#3272,.T.);
#4519=ORIENTED_EDGE('',*,*,#3273,.T.);
#4520=ORIENTED_EDGE('',*,*,#3269,.F.);
#4521=ORIENTED_EDGE('',*,*,#3274,.F.);
#4522=ORIENTED_EDGE('',*,*,#3267,.T.);
#4523=ORIENTED_EDGE('',*,*,#3275,.T.);
#4524=ORIENTED_EDGE('',*,*,#3272,.F.);
#4525=ORIENTED_EDGE('',*,*,#3275,.F.);
#4526=ORIENTED_EDGE('',*,*,#3266,.F.);
#4527=ORIENTED_EDGE('',*,*,#3270,.F.);
#4528=ORIENTED_EDGE('',*,*,#3273,.F.);
#4529=ORIENTED_EDGE('',*,*,#3276,.F.);
#4530=ORIENTED_EDGE('',*,*,#3277,.T.);
#4531=ORIENTED_EDGE('',*,*,#3278,.T.);
#4532=ORIENTED_EDGE('',*,*,#3279,.F.);
#4533=ORIENTED_EDGE('',*,*,#3280,.F.);
#4534=ORIENTED_EDGE('',*,*,#3281,.T.);
#4535=ORIENTED_EDGE('',*,*,#3282,.T.);
#4536=ORIENTED_EDGE('',*,*,#3277,.F.);
#4537=ORIENTED_EDGE('',*,*,#3283,.F.);
#4538=ORIENTED_EDGE('',*,*,#3284,.T.);
#4539=ORIENTED_EDGE('',*,*,#3285,.T.);
#4540=ORIENTED_EDGE('',*,*,#3281,.F.);
#4541=ORIENTED_EDGE('',*,*,#3286,.F.);
#4542=ORIENTED_EDGE('',*,*,#3279,.T.);
#4543=ORIENTED_EDGE('',*,*,#3287,.T.);
#4544=ORIENTED_EDGE('',*,*,#3284,.F.);
#4545=ORIENTED_EDGE('',*,*,#3287,.F.);
#4546=ORIENTED_EDGE('',*,*,#3278,.F.);
#4547=ORIENTED_EDGE('',*,*,#3282,.F.);
#4548=ORIENTED_EDGE('',*,*,#3285,.F.);
#4549=ORIENTED_EDGE('',*,*,#3288,.F.);
#4550=ORIENTED_EDGE('',*,*,#3289,.T.);
#4551=ORIENTED_EDGE('',*,*,#3290,.T.);
#4552=ORIENTED_EDGE('',*,*,#3291,.F.);
#4553=ORIENTED_EDGE('',*,*,#3292,.F.);
#4554=ORIENTED_EDGE('',*,*,#3293,.T.);
#4555=ORIENTED_EDGE('',*,*,#3294,.T.);
#4556=ORIENTED_EDGE('',*,*,#3289,.F.);
#4557=ORIENTED_EDGE('',*,*,#3295,.F.);
#4558=ORIENTED_EDGE('',*,*,#3296,.T.);
#4559=ORIENTED_EDGE('',*,*,#3297,.T.);
#4560=ORIENTED_EDGE('',*,*,#3293,.F.);
#4561=ORIENTED_EDGE('',*,*,#3298,.F.);
#4562=ORIENTED_EDGE('',*,*,#3291,.T.);
#4563=ORIENTED_EDGE('',*,*,#3299,.T.);
#4564=ORIENTED_EDGE('',*,*,#3296,.F.);
#4565=ORIENTED_EDGE('',*,*,#3299,.F.);
#4566=ORIENTED_EDGE('',*,*,#3290,.F.);
#4567=ORIENTED_EDGE('',*,*,#3294,.F.);
#4568=ORIENTED_EDGE('',*,*,#3297,.F.);
#4569=ORIENTED_EDGE('',*,*,#3300,.F.);
#4570=ORIENTED_EDGE('',*,*,#3301,.T.);
#4571=ORIENTED_EDGE('',*,*,#3302,.T.);
#4572=ORIENTED_EDGE('',*,*,#3303,.F.);
#4573=ORIENTED_EDGE('',*,*,#3304,.F.);
#4574=ORIENTED_EDGE('',*,*,#3305,.T.);
#4575=ORIENTED_EDGE('',*,*,#3306,.T.);
#4576=ORIENTED_EDGE('',*,*,#3301,.F.);
#4577=ORIENTED_EDGE('',*,*,#3307,.F.);
#4578=ORIENTED_EDGE('',*,*,#3308,.T.);
#4579=ORIENTED_EDGE('',*,*,#3309,.T.);
#4580=ORIENTED_EDGE('',*,*,#3305,.F.);
#4581=ORIENTED_EDGE('',*,*,#3310,.F.);
#4582=ORIENTED_EDGE('',*,*,#3303,.T.);
#4583=ORIENTED_EDGE('',*,*,#3311,.T.);
#4584=ORIENTED_EDGE('',*,*,#3308,.F.);
#4585=ORIENTED_EDGE('',*,*,#3311,.F.);
#4586=ORIENTED_EDGE('',*,*,#3302,.F.);
#4587=ORIENTED_EDGE('',*,*,#3306,.F.);
#4588=ORIENTED_EDGE('',*,*,#3309,.F.);
#4589=ORIENTED_EDGE('',*,*,#2640,.F.);
#4590=ORIENTED_EDGE('',*,*,#3312,.T.);
#4591=ORIENTED_EDGE('',*,*,#3313,.F.);
#4592=ORIENTED_EDGE('',*,*,#3314,.F.);
#4593=ORIENTED_EDGE('',*,*,#3315,.T.);
#4594=ORIENTED_EDGE('',*,*,#3316,.T.);
#4595=ORIENTED_EDGE('',*,*,#3317,.T.);
#4596=ORIENTED_EDGE('',*,*,#3318,.T.);
#4597=ORIENTED_EDGE('',*,*,#3319,.F.);
#4598=ORIENTED_EDGE('',*,*,#3320,.F.);
#4599=ORIENTED_EDGE('',*,*,#3317,.F.);
#4600=ORIENTED_EDGE('',*,*,#3321,.T.);
#4601=ORIENTED_EDGE('',*,*,#3322,.T.);
#4602=ORIENTED_EDGE('',*,*,#3323,.F.);
#4603=ORIENTED_EDGE('',*,*,#3324,.T.);
#4604=ORIENTED_EDGE('',*,*,#3315,.F.);
#4605=ORIENTED_EDGE('',*,*,#3323,.T.);
#4606=ORIENTED_EDGE('',*,*,#3325,.T.);
#4607=ORIENTED_EDGE('',*,*,#3313,.T.);
#4608=ORIENTED_EDGE('',*,*,#3326,.T.);
#4609=ORIENTED_EDGE('',*,*,#3010,.F.);
#4610=ORIENTED_EDGE('',*,*,#3327,.F.);
#4611=ORIENTED_EDGE('',*,*,#3328,.F.);
#4612=ORIENTED_EDGE('',*,*,#3329,.T.);
#4613=ORIENTED_EDGE('',*,*,#3319,.T.);
#4614=ORIENTED_EDGE('',*,*,#3330,.T.);
#4615=ORIENTED_EDGE('',*,*,#3328,.T.);
#4616=ORIENTED_EDGE('',*,*,#3331,.T.);
#4617=ORIENTED_EDGE('',*,*,#3005,.F.);
#4618=ORIENTED_EDGE('',*,*,#3011,.T.);
#4619=ORIENTED_EDGE('',*,*,#3329,.F.);
#4620=ORIENTED_EDGE('',*,*,#3330,.F.);
#4621=ORIENTED_EDGE('',*,*,#3321,.F.);
#4622=ORIENTED_EDGE('',*,*,#3316,.F.);
#4623=ORIENTED_EDGE('',*,*,#3324,.F.);
#4624=ORIENTED_EDGE('',*,*,#3326,.F.);
#4625=ORIENTED_EDGE('',*,*,#3312,.F.);
#4626=ORIENTED_EDGE('',*,*,#2639,.F.);
#4627=ORIENTED_EDGE('',*,*,#2634,.F.);
#4628=ORIENTED_EDGE('',*,*,#3007,.F.);
#4629=ORIENTED_EDGE('',*,*,#3012,.T.);
#4630=ORIENTED_EDGE('',*,*,#3022,.T.);
#4631=ORIENTED_EDGE('',*,*,#3019,.T.);
#4632=ORIENTED_EDGE('',*,*,#3016,.T.);
#4633=ORIENTED_EDGE('',*,*,#3024,.T.);
#4634=ORIENTED_EDGE('',*,*,#3034,.T.);
#4635=ORIENTED_EDGE('',*,*,#3031,.T.);
#4636=ORIENTED_EDGE('',*,*,#3028,.T.);
#4637=ORIENTED_EDGE('',*,*,#3036,.T.);
#4638=ORIENTED_EDGE('',*,*,#3046,.T.);
#4639=ORIENTED_EDGE('',*,*,#3043,.T.);
#4640=ORIENTED_EDGE('',*,*,#3040,.T.);
#4641=ORIENTED_EDGE('',*,*,#3048,.T.);
#4642=ORIENTED_EDGE('',*,*,#3058,.T.);
#4643=ORIENTED_EDGE('',*,*,#3055,.T.);
#4644=ORIENTED_EDGE('',*,*,#3052,.T.);
#4645=ORIENTED_EDGE('',*,*,#3060,.T.);
#4646=ORIENTED_EDGE('',*,*,#3070,.T.);
#4647=ORIENTED_EDGE('',*,*,#3067,.T.);
#4648=ORIENTED_EDGE('',*,*,#3064,.T.);
#4649=ORIENTED_EDGE('',*,*,#3072,.T.);
#4650=ORIENTED_EDGE('',*,*,#3082,.T.);
#4651=ORIENTED_EDGE('',*,*,#3079,.T.);
#4652=ORIENTED_EDGE('',*,*,#3076,.T.);
#4653=ORIENTED_EDGE('',*,*,#3084,.T.);
#4654=ORIENTED_EDGE('',*,*,#3094,.T.);
#4655=ORIENTED_EDGE('',*,*,#3091,.T.);
#4656=ORIENTED_EDGE('',*,*,#3088,.T.);
#4657=ORIENTED_EDGE('',*,*,#3096,.T.);
#4658=ORIENTED_EDGE('',*,*,#3106,.T.);
#4659=ORIENTED_EDGE('',*,*,#3103,.T.);
#4660=ORIENTED_EDGE('',*,*,#3100,.T.);
#4661=ORIENTED_EDGE('',*,*,#3108,.T.);
#4662=ORIENTED_EDGE('',*,*,#3118,.T.);
#4663=ORIENTED_EDGE('',*,*,#3115,.T.);
#4664=ORIENTED_EDGE('',*,*,#3112,.T.);
#4665=ORIENTED_EDGE('',*,*,#3120,.T.);
#4666=ORIENTED_EDGE('',*,*,#3130,.T.);
#4667=ORIENTED_EDGE('',*,*,#3127,.T.);
#4668=ORIENTED_EDGE('',*,*,#3124,.T.);
#4669=ORIENTED_EDGE('',*,*,#3132,.T.);
#4670=ORIENTED_EDGE('',*,*,#3142,.T.);
#4671=ORIENTED_EDGE('',*,*,#3139,.T.);
#4672=ORIENTED_EDGE('',*,*,#3136,.T.);
#4673=ORIENTED_EDGE('',*,*,#3144,.T.);
#4674=ORIENTED_EDGE('',*,*,#3154,.T.);
#4675=ORIENTED_EDGE('',*,*,#3151,.T.);
#4676=ORIENTED_EDGE('',*,*,#3148,.T.);
#4677=ORIENTED_EDGE('',*,*,#3156,.T.);
#4678=ORIENTED_EDGE('',*,*,#3166,.T.);
#4679=ORIENTED_EDGE('',*,*,#3163,.T.);
#4680=ORIENTED_EDGE('',*,*,#3160,.T.);
#4681=ORIENTED_EDGE('',*,*,#3168,.T.);
#4682=ORIENTED_EDGE('',*,*,#3178,.T.);
#4683=ORIENTED_EDGE('',*,*,#3175,.T.);
#4684=ORIENTED_EDGE('',*,*,#3172,.T.);
#4685=ORIENTED_EDGE('',*,*,#3180,.T.);
#4686=ORIENTED_EDGE('',*,*,#3190,.T.);
#4687=ORIENTED_EDGE('',*,*,#3187,.T.);
#4688=ORIENTED_EDGE('',*,*,#3184,.T.);
#4689=ORIENTED_EDGE('',*,*,#3192,.T.);
#4690=ORIENTED_EDGE('',*,*,#3202,.T.);
#4691=ORIENTED_EDGE('',*,*,#3199,.T.);
#4692=ORIENTED_EDGE('',*,*,#3196,.T.);
#4693=ORIENTED_EDGE('',*,*,#3204,.T.);
#4694=ORIENTED_EDGE('',*,*,#3214,.T.);
#4695=ORIENTED_EDGE('',*,*,#3211,.T.);
#4696=ORIENTED_EDGE('',*,*,#3208,.T.);
#4697=ORIENTED_EDGE('',*,*,#3216,.T.);
#4698=ORIENTED_EDGE('',*,*,#3226,.T.);
#4699=ORIENTED_EDGE('',*,*,#3223,.T.);
#4700=ORIENTED_EDGE('',*,*,#3220,.T.);
#4701=ORIENTED_EDGE('',*,*,#3228,.T.);
#4702=ORIENTED_EDGE('',*,*,#3238,.T.);
#4703=ORIENTED_EDGE('',*,*,#3235,.T.);
#4704=ORIENTED_EDGE('',*,*,#3232,.T.);
#4705=ORIENTED_EDGE('',*,*,#3240,.T.);
#4706=ORIENTED_EDGE('',*,*,#3250,.T.);
#4707=ORIENTED_EDGE('',*,*,#3247,.T.);
#4708=ORIENTED_EDGE('',*,*,#3244,.T.);
#4709=ORIENTED_EDGE('',*,*,#3252,.T.);
#4710=ORIENTED_EDGE('',*,*,#3262,.T.);
#4711=ORIENTED_EDGE('',*,*,#3259,.T.);
#4712=ORIENTED_EDGE('',*,*,#3256,.T.);
#4713=ORIENTED_EDGE('',*,*,#3264,.T.);
#4714=ORIENTED_EDGE('',*,*,#3274,.T.);
#4715=ORIENTED_EDGE('',*,*,#3271,.T.);
#4716=ORIENTED_EDGE('',*,*,#3268,.T.);
#4717=ORIENTED_EDGE('',*,*,#3276,.T.);
#4718=ORIENTED_EDGE('',*,*,#3286,.T.);
#4719=ORIENTED_EDGE('',*,*,#3283,.T.);
#4720=ORIENTED_EDGE('',*,*,#3280,.T.);
#4721=ORIENTED_EDGE('',*,*,#3288,.T.);
#4722=ORIENTED_EDGE('',*,*,#3298,.T.);
#4723=ORIENTED_EDGE('',*,*,#3295,.T.);
#4724=ORIENTED_EDGE('',*,*,#3292,.T.);
#4725=ORIENTED_EDGE('',*,*,#3300,.T.);
#4726=ORIENTED_EDGE('',*,*,#3310,.T.);
#4727=ORIENTED_EDGE('',*,*,#3307,.T.);
#4728=ORIENTED_EDGE('',*,*,#3304,.T.);
#4729=ORIENTED_EDGE('',*,*,#2664,.F.);
#4730=ORIENTED_EDGE('',*,*,#3008,.T.);
#4731=ORIENTED_EDGE('',*,*,#3332,.F.);
#4732=ORIENTED_EDGE('',*,*,#3333,.F.);
#4733=ORIENTED_EDGE('',*,*,#2660,.F.);
#4734=ORIENTED_EDGE('',*,*,#3334,.T.);
#4735=ORIENTED_EDGE('',*,*,#3335,.F.);
#4736=ORIENTED_EDGE('',*,*,#3336,.F.);
#4737=ORIENTED_EDGE('',*,*,#2661,.T.);
#4738=ORIENTED_EDGE('',*,*,#3336,.T.);
#4739=ORIENTED_EDGE('',*,*,#3337,.F.);
#4740=ORIENTED_EDGE('',*,*,#2636,.F.);
#4741=ORIENTED_EDGE('',*,*,#2641,.F.);
#4742=ORIENTED_EDGE('',*,*,#3314,.T.);
#4743=ORIENTED_EDGE('',*,*,#3325,.F.);
#4744=ORIENTED_EDGE('',*,*,#3322,.F.);
#4745=ORIENTED_EDGE('',*,*,#3318,.F.);
#4746=ORIENTED_EDGE('',*,*,#3320,.T.);
#4747=ORIENTED_EDGE('',*,*,#3331,.F.);
#4748=ORIENTED_EDGE('',*,*,#3327,.T.);
#4749=ORIENTED_EDGE('',*,*,#3009,.F.);
#4750=ORIENTED_EDGE('',*,*,#3333,.T.);
#4751=ORIENTED_EDGE('',*,*,#3338,.T.);
#4752=ORIENTED_EDGE('',*,*,#2990,.F.);
#4753=ORIENTED_EDGE('',*,*,#2665,.F.);
#4754=ORIENTED_EDGE('',*,*,#2655,.T.);
#4755=ORIENTED_EDGE('',*,*,#2994,.T.);
#4756=ORIENTED_EDGE('',*,*,#3339,.F.);
#4757=ORIENTED_EDGE('',*,*,#3340,.F.);
#4758=ORIENTED_EDGE('',*,*,#2656,.T.);
#4759=ORIENTED_EDGE('',*,*,#3340,.T.);
#4760=ORIENTED_EDGE('',*,*,#3341,.F.);
#4761=ORIENTED_EDGE('',*,*,#3342,.F.);
#4762=ORIENTED_EDGE('',*,*,#2657,.T.);
#4763=ORIENTED_EDGE('',*,*,#3342,.T.);
#4764=ORIENTED_EDGE('',*,*,#3343,.F.);
#4765=ORIENTED_EDGE('',*,*,#3344,.F.);
#4766=ORIENTED_EDGE('',*,*,#2658,.T.);
#4767=ORIENTED_EDGE('',*,*,#3344,.T.);
#4768=ORIENTED_EDGE('',*,*,#3345,.F.);
#4769=ORIENTED_EDGE('',*,*,#3346,.F.);
#4770=ORIENTED_EDGE('',*,*,#2659,.T.);
#4771=ORIENTED_EDGE('',*,*,#3346,.T.);
#4772=ORIENTED_EDGE('',*,*,#3347,.F.);
#4773=ORIENTED_EDGE('',*,*,#3334,.F.);
#4774=ORIENTED_EDGE('',*,*,#3338,.F.);
#4775=ORIENTED_EDGE('',*,*,#3332,.T.);
#4776=ORIENTED_EDGE('',*,*,#2637,.T.);
#4777=ORIENTED_EDGE('',*,*,#3337,.T.);
#4778=ORIENTED_EDGE('',*,*,#3335,.T.);
#4779=ORIENTED_EDGE('',*,*,#3347,.T.);
#4780=ORIENTED_EDGE('',*,*,#3345,.T.);
#4781=ORIENTED_EDGE('',*,*,#3343,.T.);
#4782=ORIENTED_EDGE('',*,*,#3341,.T.);
#4783=ORIENTED_EDGE('',*,*,#3339,.T.);
#4784=ORIENTED_EDGE('',*,*,#2993,.F.);
#4785=ORIENTED_EDGE('',*,*,#2996,.F.);
#4786=ORIENTED_EDGE('',*,*,#2998,.F.);
#4787=ORIENTED_EDGE('',*,*,#3000,.F.);
#4788=ORIENTED_EDGE('',*,*,#3002,.F.);
#4789=ORIENTED_EDGE('',*,*,#3003,.F.);
#4790=ORIENTED_EDGE('',*,*,#2627,.F.);
#4791=ORIENTED_EDGE('',*,*,#2991,.F.);
#4792=PLANE('',#5393);
#4793=PLANE('',#5394);
#4794=PLANE('',#5395);
#4795=PLANE('',#5396);
#4796=PLANE('',#5397);
#4797=PLANE('',#5398);
#4798=PLANE('',#5399);
#4799=PLANE('',#5401);
#4800=PLANE('',#5402);
#4801=PLANE('',#5403);
#4802=PLANE('',#5404);
#4803=PLANE('',#5405);
#4804=PLANE('',#5406);
#4805=PLANE('',#5407);
#4806=PLANE('',#5408);
#4807=PLANE('',#5409);
#4808=PLANE('',#5410);
#4809=PLANE('',#5411);
#4810=PLANE('',#5412);
#4811=PLANE('',#5413);
#4812=PLANE('',#5414);
#4813=PLANE('',#5415);
#4814=PLANE('',#5416);
#4815=PLANE('',#5417);
#4816=PLANE('',#5418);
#4817=PLANE('',#5419);
#4818=PLANE('',#5420);
#4819=PLANE('',#5421);
#4820=PLANE('',#5422);
#4821=PLANE('',#5423);
#4822=PLANE('',#5424);
#4823=PLANE('',#5425);
#4824=PLANE('',#5426);
#4825=PLANE('',#5427);
#4826=PLANE('',#5428);
#4827=PLANE('',#5429);
#4828=PLANE('',#5430);
#4829=PLANE('',#5431);
#4830=PLANE('',#5432);
#4831=PLANE('',#5433);
#4832=PLANE('',#5434);
#4833=PLANE('',#5435);
#4834=PLANE('',#5436);
#4835=PLANE('',#5437);
#4836=PLANE('',#5438);
#4837=PLANE('',#5439);
#4838=PLANE('',#5440);
#4839=PLANE('',#5441);
#4840=PLANE('',#5442);
#4841=PLANE('',#5443);
#4842=PLANE('',#5444);
#4843=PLANE('',#5445);
#4844=PLANE('',#5446);
#4845=PLANE('',#5447);
#4846=PLANE('',#5448);
#4847=PLANE('',#5449);
#4848=PLANE('',#5450);
#4849=PLANE('',#5451);
#4850=PLANE('',#5452);
#4851=PLANE('',#5453);
#4852=PLANE('',#5454);
#4853=PLANE('',#5455);
#4854=PLANE('',#5456);
#4855=PLANE('',#5457);
#4856=PLANE('',#5458);
#4857=PLANE('',#5459);
#4858=PLANE('',#5460);
#4859=PLANE('',#5461);
#4860=PLANE('',#5462);
#4861=PLANE('',#5463);
#4862=PLANE('',#5464);
#4863=PLANE('',#5465);
#4864=PLANE('',#5466);
#4865=PLANE('',#5467);
#4866=PLANE('',#5468);
#4867=PLANE('',#5469);
#4868=PLANE('',#5470);
#4869=PLANE('',#5471);
#4870=PLANE('',#5472);
#4871=PLANE('',#5473);
#4872=PLANE('',#5474);
#4873=PLANE('',#5475);
#4874=PLANE('',#5476);
#4875=PLANE('',#5477);
#4876=PLANE('',#5478);
#4877=PLANE('',#5479);
#4878=PLANE('',#5480);
#4879=PLANE('',#5481);
#4880=PLANE('',#5482);
#4881=PLANE('',#5483);
#4882=PLANE('',#5484);
#4883=PLANE('',#5485);
#4884=PLANE('',#5486);
#4885=PLANE('',#5487);
#4886=PLANE('',#5488);
#4887=PLANE('',#5489);
#4888=PLANE('',#5490);
#4889=PLANE('',#5491);
#4890=PLANE('',#5492);
#4891=PLANE('',#5493);
#4892=PLANE('',#5494);
#4893=PLANE('',#5495);
#4894=PLANE('',#5496);
#4895=PLANE('',#5497);
#4896=PLANE('',#5498);
#4897=PLANE('',#5499);
#4898=PLANE('',#5500);
#4899=PLANE('',#5501);
#4900=PLANE('',#5502);
#4901=PLANE('',#5503);
#4902=PLANE('',#5504);
#4903=PLANE('',#5505);
#4904=PLANE('',#5506);
#4905=PLANE('',#5507);
#4906=PLANE('',#5508);
#4907=PLANE('',#5509);
#4908=PLANE('',#5510);
#4909=PLANE('',#5511);
#4910=PLANE('',#5512);
#4911=PLANE('',#5513);
#4912=PLANE('',#5514);
#4913=PLANE('',#5515);
#4914=PLANE('',#5516);
#4915=PLANE('',#5517);
#4916=PLANE('',#5518);
#4917=PLANE('',#5519);
#4918=PLANE('',#5520);
#4919=PLANE('',#5521);
#4920=PLANE('',#5522);
#4921=PLANE('',#5523);
#4922=PLANE('',#5524);
#4923=PLANE('',#5525);
#4924=PLANE('',#5526);
#4925=PLANE('',#5527);
#4926=PLANE('',#5528);
#4927=PLANE('',#5529);
#4928=PLANE('',#5530);
#4929=PLANE('',#5531);
#4930=PLANE('',#5532);
#4931=PLANE('',#5533);
#4932=PLANE('',#5534);
#4933=PLANE('',#5535);
#4934=PLANE('',#5536);
#4935=PLANE('',#5537);
#4936=PLANE('',#5538);
#4937=PLANE('',#5539);
#4938=PLANE('',#5540);
#4939=PLANE('',#5541);
#4940=PLANE('',#5542);
#4941=PLANE('',#5543);
#4942=PLANE('',#5544);
#4943=PLANE('',#5545);
#4944=PLANE('',#5546);
#4945=PLANE('',#5547);
#4946=PLANE('',#5548);
#4947=PLANE('',#5549);
#4948=PLANE('',#5550);
#4949=PLANE('',#5551);
#4950=PLANE('',#5552);
#4951=PLANE('',#5553);
#4952=PLANE('',#5554);
#4953=PLANE('',#5555);
#4954=PLANE('',#5556);
#4955=PLANE('',#5557);
#4956=PLANE('',#5558);
#4957=PLANE('',#5559);
#4958=PLANE('',#5560);
#4959=PLANE('',#5561);
#4960=PLANE('',#5562);
#4961=PLANE('',#5563);
#4962=PLANE('',#5564);
#4963=PLANE('',#5565);
#4964=PLANE('',#5566);
#4965=PLANE('',#5567);
#4966=PLANE('',#5568);
#4967=PLANE('',#5569);
#4968=PLANE('',#5570);
#4969=PLANE('',#5571);
#4970=PLANE('',#5572);
#4971=PLANE('',#5573);
#4972=PLANE('',#5574);
#4973=PLANE('',#5575);
#4974=PLANE('',#5576);
#4975=PLANE('',#5577);
#4976=PLANE('',#5578);
#4977=PLANE('',#5579);
#4978=PLANE('',#5580);
#4979=PLANE('',#5581);
#4980=PLANE('',#5582);
#4981=PLANE('',#5583);
#4982=PLANE('',#5584);
#4983=PLANE('',#5585);
#4984=PLANE('',#5586);
#4985=PLANE('',#5587);
#4986=PLANE('',#5588);
#4987=PLANE('',#5589);
#4988=PLANE('',#5590);
#4989=PLANE('',#5591);
#4990=PLANE('',#5592);
#4991=PLANE('',#5593);
#4992=PLANE('',#5594);
#4993=PLANE('',#5595);
#4994=PLANE('',#5596);
#4995=PLANE('',#5597);
#4996=PLANE('',#5598);
#4997=PLANE('',#5599);
#4998=PLANE('',#5600);
#4999=PLANE('',#5601);
#5000=PLANE('',#5602);
#5001=PLANE('',#5603);
#5002=PLANE('',#5604);
#5003=PLANE('',#5605);
#5004=PLANE('',#5606);
#5005=PLANE('',#5607);
#5006=PLANE('',#5608);
#5007=PLANE('',#5609);
#5008=PLANE('',#5610);
#5009=PLANE('',#5611);
#5010=PLANE('',#5612);
#5011=PLANE('',#5613);
#5012=PLANE('',#5614);
#5013=PLANE('',#5615);
#5014=PLANE('',#5616);
#5015=PLANE('',#5617);
#5016=PLANE('',#5618);
#5017=PLANE('',#5619);
#5018=PLANE('',#5620);
#5019=PLANE('',#5621);
#5020=PLANE('',#5622);
#5021=PLANE('',#5623);
#5022=PLANE('',#5624);
#5023=PLANE('',#5625);
#5024=PLANE('',#5626);
#5025=PLANE('',#5627);
#5026=PLANE('',#5628);
#5027=PLANE('',#5629);
#5028=PLANE('',#5630);
#5029=PLANE('',#5631);
#5030=PLANE('',#5632);
#5031=PLANE('',#5633);
#5032=PLANE('',#5634);
#5033=PLANE('',#5635);
#5034=PLANE('',#5636);
#5035=PLANE('',#5637);
#5036=PLANE('',#5638);
#5037=PLANE('',#5639);
#5038=PLANE('',#5640);
#5039=PLANE('',#5641);
#5040=PLANE('',#5642);
#5041=PLANE('',#5643);
#5042=PLANE('',#5644);
#5043=PLANE('',#5645);
#5044=PLANE('',#5646);
#5045=PLANE('',#5647);
#5046=PLANE('',#5648);
#5047=PLANE('',#5649);
#5048=PLANE('',#5650);
#5049=PLANE('',#5651);
#5050=PLANE('',#5652);
#5051=PLANE('',#5653);
#5052=PLANE('',#5654);
#5053=PLANE('',#5655);
#5054=PLANE('',#5656);
#5055=PLANE('',#5657);
#5056=PLANE('',#5658);
#5057=PLANE('',#5659);
#5058=PLANE('',#5660);
#5059=PLANE('',#5661);
#5060=PLANE('',#5662);
#5061=PLANE('',#5663);
#5062=PLANE('',#5664);
#5063=PLANE('',#5665);
#5064=PLANE('',#5666);
#5065=PLANE('',#5667);
#5066=PLANE('',#5668);
#5067=PLANE('',#5669);
#5068=PLANE('',#5670);
#5069=PLANE('',#5671);
#5070=PLANE('',#5672);
#5071=PLANE('',#5673);
#5072=PLANE('',#5674);
#5073=PLANE('',#5675);
#5074=PLANE('',#5676);
#5075=PLANE('',#5677);
#5076=PLANE('',#5678);
#5077=PLANE('',#5679);
#5078=PLANE('',#5680);
#5079=PLANE('',#5683);
#5080=PLANE('',#5684);
#5081=PLANE('',#5685);
#5082=PLANE('',#5686);
#5083=PLANE('',#5687);
#5084=PLANE('',#5688);
#5085=ADVANCED_FACE('',(#68),#4792,.T.);
#5086=ADVANCED_FACE('',(#69),#4793,.F.);
#5087=ADVANCED_FACE('',(#70),#4794,.T.);
#5088=ADVANCED_FACE('',(#71),#4795,.T.);
#5089=ADVANCED_FACE('',(#72),#4796,.T.);
#5090=ADVANCED_FACE('',(#73),#4797,.T.);
#5091=ADVANCED_FACE('',(#74),#4798,.F.);
#5092=ADVANCED_FACE('',(#75),#4799,.T.);
#5093=ADVANCED_FACE('',(#76),#4800,.F.);
#5094=ADVANCED_FACE('',(#77),#4801,.T.);
#5095=ADVANCED_FACE('',(#78),#4802,.T.);
#5096=ADVANCED_FACE('',(#79),#4803,.T.);
#5097=ADVANCED_FACE('',(#80),#4804,.T.);
#5098=ADVANCED_FACE('',(#81),#4805,.T.);
#5099=ADVANCED_FACE('',(#82),#4806,.T.);
#5100=ADVANCED_FACE('',(#83),#4807,.T.);
#5101=ADVANCED_FACE('',(#84),#4808,.T.);
#5102=ADVANCED_FACE('',(#85),#4809,.T.);
#5103=ADVANCED_FACE('',(#86),#4810,.T.);
#5104=ADVANCED_FACE('',(#87),#4811,.T.);
#5105=ADVANCED_FACE('',(#88),#4812,.T.);
#5106=ADVANCED_FACE('',(#89),#4813,.T.);
#5107=ADVANCED_FACE('',(#90),#4814,.T.);
#5108=ADVANCED_FACE('',(#91),#4815,.T.);
#5109=ADVANCED_FACE('',(#92),#4816,.T.);
#5110=ADVANCED_FACE('',(#93),#4817,.T.);
#5111=ADVANCED_FACE('',(#94),#4818,.T.);
#5112=ADVANCED_FACE('',(#95),#4819,.T.);
#5113=ADVANCED_FACE('',(#96),#4820,.T.);
#5114=ADVANCED_FACE('',(#97),#4821,.T.);
#5115=ADVANCED_FACE('',(#98),#4822,.T.);
#5116=ADVANCED_FACE('',(#99),#4823,.T.);
#5117=ADVANCED_FACE('',(#100),#4824,.T.);
#5118=ADVANCED_FACE('',(#101),#4825,.T.);
#5119=ADVANCED_FACE('',(#102),#4826,.T.);
#5120=ADVANCED_FACE('',(#103),#4827,.T.);
#5121=ADVANCED_FACE('',(#104),#4828,.T.);
#5122=ADVANCED_FACE('',(#105),#4829,.T.);
#5123=ADVANCED_FACE('',(#106),#4830,.T.);
#5124=ADVANCED_FACE('',(#107),#4831,.T.);
#5125=ADVANCED_FACE('',(#108),#4832,.T.);
#5126=ADVANCED_FACE('',(#109),#4833,.T.);
#5127=ADVANCED_FACE('',(#110),#4834,.T.);
#5128=ADVANCED_FACE('',(#111),#4835,.T.);
#5129=ADVANCED_FACE('',(#112),#4836,.T.);
#5130=ADVANCED_FACE('',(#113),#4837,.T.);
#5131=ADVANCED_FACE('',(#114),#4838,.T.);
#5132=ADVANCED_FACE('',(#115),#4839,.T.);
#5133=ADVANCED_FACE('',(#116),#4840,.T.);
#5134=ADVANCED_FACE('',(#117),#4841,.T.);
#5135=ADVANCED_FACE('',(#118),#4842,.T.);
#5136=ADVANCED_FACE('',(#119),#4843,.T.);
#5137=ADVANCED_FACE('',(#120),#4844,.T.);
#5138=ADVANCED_FACE('',(#121),#4845,.T.);
#5139=ADVANCED_FACE('',(#122),#4846,.T.);
#5140=ADVANCED_FACE('',(#123),#4847,.T.);
#5141=ADVANCED_FACE('',(#124),#4848,.T.);
#5142=ADVANCED_FACE('',(#125),#4849,.T.);
#5143=ADVANCED_FACE('',(#126),#4850,.T.);
#5144=ADVANCED_FACE('',(#127),#4851,.T.);
#5145=ADVANCED_FACE('',(#128),#4852,.T.);
#5146=ADVANCED_FACE('',(#129),#4853,.T.);
#5147=ADVANCED_FACE('',(#130),#4854,.T.);
#5148=ADVANCED_FACE('',(#131),#4855,.T.);
#5149=ADVANCED_FACE('',(#132),#4856,.T.);
#5150=ADVANCED_FACE('',(#133),#4857,.T.);
#5151=ADVANCED_FACE('',(#134),#4858,.T.);
#5152=ADVANCED_FACE('',(#135),#4859,.T.);
#5153=ADVANCED_FACE('',(#136),#4860,.T.);
#5154=ADVANCED_FACE('',(#137),#4861,.T.);
#5155=ADVANCED_FACE('',(#138),#4862,.T.);
#5156=ADVANCED_FACE('',(#139),#4863,.T.);
#5157=ADVANCED_FACE('',(#140),#4864,.T.);
#5158=ADVANCED_FACE('',(#141),#4865,.T.);
#5159=ADVANCED_FACE('',(#142),#4866,.T.);
#5160=ADVANCED_FACE('',(#143),#4867,.T.);
#5161=ADVANCED_FACE('',(#144),#4868,.T.);
#5162=ADVANCED_FACE('',(#145),#4869,.T.);
#5163=ADVANCED_FACE('',(#146),#4870,.T.);
#5164=ADVANCED_FACE('',(#147),#4871,.T.);
#5165=ADVANCED_FACE('',(#148),#4872,.T.);
#5166=ADVANCED_FACE('',(#149),#4873,.T.);
#5167=ADVANCED_FACE('',(#150),#4874,.T.);
#5168=ADVANCED_FACE('',(#151),#4875,.T.);
#5169=ADVANCED_FACE('',(#152),#4876,.T.);
#5170=ADVANCED_FACE('',(#153),#4877,.T.);
#5171=ADVANCED_FACE('',(#154),#4878,.T.);
#5172=ADVANCED_FACE('',(#155),#4879,.T.);
#5173=ADVANCED_FACE('',(#156),#4880,.T.);
#5174=ADVANCED_FACE('',(#157),#4881,.T.);
#5175=ADVANCED_FACE('',(#158),#4882,.T.);
#5176=ADVANCED_FACE('',(#159),#4883,.T.);
#5177=ADVANCED_FACE('',(#160),#4884,.T.);
#5178=ADVANCED_FACE('',(#161),#4885,.T.);
#5179=ADVANCED_FACE('',(#162),#4886,.T.);
#5180=ADVANCED_FACE('',(#163),#4887,.T.);
#5181=ADVANCED_FACE('',(#164),#4888,.T.);
#5182=ADVANCED_FACE('',(#165),#4889,.T.);
#5183=ADVANCED_FACE('',(#166),#4890,.T.);
#5184=ADVANCED_FACE('',(#167),#4891,.T.);
#5185=ADVANCED_FACE('',(#168),#4892,.T.);
#5186=ADVANCED_FACE('',(#169),#4893,.T.);
#5187=ADVANCED_FACE('',(#170),#4894,.T.);
#5188=ADVANCED_FACE('',(#171),#4895,.T.);
#5189=ADVANCED_FACE('',(#172),#4896,.T.);
#5190=ADVANCED_FACE('',(#173),#4897,.T.);
#5191=ADVANCED_FACE('',(#174),#4898,.T.);
#5192=ADVANCED_FACE('',(#175),#4899,.T.);
#5193=ADVANCED_FACE('',(#176),#4900,.T.);
#5194=ADVANCED_FACE('',(#177),#4901,.T.);
#5195=ADVANCED_FACE('',(#178),#4902,.T.);
#5196=ADVANCED_FACE('',(#179),#4903,.T.);
#5197=ADVANCED_FACE('',(#180),#4904,.T.);
#5198=ADVANCED_FACE('',(#181),#4905,.T.);
#5199=ADVANCED_FACE('',(#182),#4906,.T.);
#5200=ADVANCED_FACE('',(#183),#4907,.T.);
#5201=ADVANCED_FACE('',(#184),#4908,.T.);
#5202=ADVANCED_FACE('',(#185),#4909,.T.);
#5203=ADVANCED_FACE('',(#186),#4910,.T.);
#5204=ADVANCED_FACE('',(#187),#4911,.T.);
#5205=ADVANCED_FACE('',(#188),#4912,.T.);
#5206=ADVANCED_FACE('',(#189),#4913,.T.);
#5207=ADVANCED_FACE('',(#190),#4914,.T.);
#5208=ADVANCED_FACE('',(#191),#4915,.T.);
#5209=ADVANCED_FACE('',(#192),#4916,.T.);
#5210=ADVANCED_FACE('',(#193),#4917,.T.);
#5211=ADVANCED_FACE('',(#194),#4918,.T.);
#5212=ADVANCED_FACE('',(#195),#4919,.T.);
#5213=ADVANCED_FACE('',(#196),#4920,.T.);
#5214=ADVANCED_FACE('',(#197),#4921,.T.);
#5215=ADVANCED_FACE('',(#198),#4922,.T.);
#5216=ADVANCED_FACE('',(#199),#4923,.T.);
#5217=ADVANCED_FACE('',(#200),#4924,.T.);
#5218=ADVANCED_FACE('',(#201),#4925,.T.);
#5219=ADVANCED_FACE('',(#202),#4926,.F.);
#5220=ADVANCED_FACE('',(#203),#4927,.F.);
#5221=ADVANCED_FACE('',(#204),#4928,.F.);
#5222=ADVANCED_FACE('',(#205),#4929,.F.);
#5223=ADVANCED_FACE('',(#206),#4930,.F.);
#5224=ADVANCED_FACE('',(#207),#4931,.F.);
#5225=ADVANCED_FACE('',(#208,#16,#17,#18,#19,#20,#21,#22,#23,#24,#25,#26, #27,#28,#29,#30,#31,#32,#33,#34,#35,#36,#37,#38,#39,#40),#4932,.F.);
#5226=ADVANCED_FACE('',(#209),#4933,.F.);
#5227=ADVANCED_FACE('',(#210),#4934,.F.);
#5228=ADVANCED_FACE('',(#211),#4935,.F.);
#5229=ADVANCED_FACE('',(#212),#4936,.F.);
#5230=ADVANCED_FACE('',(#213),#4937,.F.);
#5231=ADVANCED_FACE('',(#214),#4938,.F.);
#5232=ADVANCED_FACE('',(#215),#4939,.F.);
#5233=ADVANCED_FACE('',(#216),#4940,.T.);
#5234=ADVANCED_FACE('',(#217),#4941,.T.);
#5235=ADVANCED_FACE('',(#218),#4942,.T.);
#5236=ADVANCED_FACE('',(#219),#4943,.F.);
#5237=ADVANCED_FACE('',(#220),#4944,.F.);
#5238=ADVANCED_FACE('',(#221),#4945,.F.);
#5239=ADVANCED_FACE('',(#222),#4946,.F.);
#5240=ADVANCED_FACE('',(#223),#4947,.F.);
#5241=ADVANCED_FACE('',(#224),#4948,.F.);
#5242=ADVANCED_FACE('',(#225),#4949,.F.);
#5243=ADVANCED_FACE('',(#226),#4950,.F.);
#5244=ADVANCED_FACE('',(#227),#4951,.F.);
#5245=ADVANCED_FACE('',(#228),#4952,.F.);
#5246=ADVANCED_FACE('',(#229),#4953,.F.);
#5247=ADVANCED_FACE('',(#230),#4954,.F.);
#5248=ADVANCED_FACE('',(#231),#4955,.F.);
#5249=ADVANCED_FACE('',(#232),#4956,.F.);
#5250=ADVANCED_FACE('',(#233),#4957,.F.);
#5251=ADVANCED_FACE('',(#234),#4958,.F.);
#5252=ADVANCED_FACE('',(#235),#4959,.F.);
#5253=ADVANCED_FACE('',(#236),#4960,.F.);
#5254=ADVANCED_FACE('',(#237),#4961,.F.);
#5255=ADVANCED_FACE('',(#238),#4962,.F.);
#5256=ADVANCED_FACE('',(#239),#4963,.F.);
#5257=ADVANCED_FACE('',(#240),#4964,.F.);
#5258=ADVANCED_FACE('',(#241),#4965,.F.);
#5259=ADVANCED_FACE('',(#242),#4966,.F.);
#5260=ADVANCED_FACE('',(#243),#4967,.F.);
#5261=ADVANCED_FACE('',(#244),#4968,.F.);
#5262=ADVANCED_FACE('',(#245),#4969,.F.);
#5263=ADVANCED_FACE('',(#246),#4970,.F.);
#5264=ADVANCED_FACE('',(#247),#4971,.F.);
#5265=ADVANCED_FACE('',(#248),#4972,.F.);
#5266=ADVANCED_FACE('',(#249),#4973,.F.);
#5267=ADVANCED_FACE('',(#250),#4974,.F.);
#5268=ADVANCED_FACE('',(#251),#4975,.F.);
#5269=ADVANCED_FACE('',(#252),#4976,.F.);
#5270=ADVANCED_FACE('',(#253),#4977,.F.);
#5271=ADVANCED_FACE('',(#254),#4978,.F.);
#5272=ADVANCED_FACE('',(#255),#4979,.F.);
#5273=ADVANCED_FACE('',(#256),#4980,.F.);
#5274=ADVANCED_FACE('',(#257),#4981,.F.);
#5275=ADVANCED_FACE('',(#258),#4982,.F.);
#5276=ADVANCED_FACE('',(#259),#4983,.F.);
#5277=ADVANCED_FACE('',(#260),#4984,.F.);
#5278=ADVANCED_FACE('',(#261),#4985,.F.);
#5279=ADVANCED_FACE('',(#262),#4986,.F.);
#5280=ADVANCED_FACE('',(#263),#4987,.F.);
#5281=ADVANCED_FACE('',(#264),#4988,.F.);
#5282=ADVANCED_FACE('',(#265),#4989,.F.);
#5283=ADVANCED_FACE('',(#266),#4990,.F.);
#5284=ADVANCED_FACE('',(#267),#4991,.F.);
#5285=ADVANCED_FACE('',(#268),#4992,.F.);
#5286=ADVANCED_FACE('',(#269),#4993,.F.);
#5287=ADVANCED_FACE('',(#270),#4994,.F.);
#5288=ADVANCED_FACE('',(#271),#4995,.F.);
#5289=ADVANCED_FACE('',(#272),#4996,.F.);
#5290=ADVANCED_FACE('',(#273),#4997,.F.);
#5291=ADVANCED_FACE('',(#274),#4998,.F.);
#5292=ADVANCED_FACE('',(#275),#4999,.F.);
#5293=ADVANCED_FACE('',(#276),#5000,.F.);
#5294=ADVANCED_FACE('',(#277),#5001,.F.);
#5295=ADVANCED_FACE('',(#278),#5002,.F.);
#5296=ADVANCED_FACE('',(#279),#5003,.F.);
#5297=ADVANCED_FACE('',(#280),#5004,.F.);
#5298=ADVANCED_FACE('',(#281),#5005,.F.);
#5299=ADVANCED_FACE('',(#282),#5006,.F.);
#5300=ADVANCED_FACE('',(#283),#5007,.F.);
#5301=ADVANCED_FACE('',(#284),#5008,.F.);
#5302=ADVANCED_FACE('',(#285),#5009,.F.);
#5303=ADVANCED_FACE('',(#286),#5010,.F.);
#5304=ADVANCED_FACE('',(#287),#5011,.F.);
#5305=ADVANCED_FACE('',(#288),#5012,.F.);
#5306=ADVANCED_FACE('',(#289),#5013,.F.);
#5307=ADVANCED_FACE('',(#290),#5014,.F.);
#5308=ADVANCED_FACE('',(#291),#5015,.F.);
#5309=ADVANCED_FACE('',(#292),#5016,.F.);
#5310=ADVANCED_FACE('',(#293),#5017,.F.);
#5311=ADVANCED_FACE('',(#294),#5018,.F.);
#5312=ADVANCED_FACE('',(#295),#5019,.F.);
#5313=ADVANCED_FACE('',(#296),#5020,.F.);
#5314=ADVANCED_FACE('',(#297),#5021,.F.);
#5315=ADVANCED_FACE('',(#298),#5022,.F.);
#5316=ADVANCED_FACE('',(#299),#5023,.F.);
#5317=ADVANCED_FACE('',(#300),#5024,.F.);
#5318=ADVANCED_FACE('',(#301),#5025,.F.);
#5319=ADVANCED_FACE('',(#302),#5026,.F.);
#5320=ADVANCED_FACE('',(#303),#5027,.F.);
#5321=ADVANCED_FACE('',(#304),#5028,.F.);
#5322=ADVANCED_FACE('',(#305),#5029,.F.);
#5323=ADVANCED_FACE('',(#306),#5030,.F.);
#5324=ADVANCED_FACE('',(#307),#5031,.F.);
#5325=ADVANCED_FACE('',(#308),#5032,.F.);
#5326=ADVANCED_FACE('',(#309),#5033,.F.);
#5327=ADVANCED_FACE('',(#310),#5034,.F.);
#5328=ADVANCED_FACE('',(#311),#5035,.F.);
#5329=ADVANCED_FACE('',(#312),#5036,.F.);
#5330=ADVANCED_FACE('',(#313),#5037,.F.);
#5331=ADVANCED_FACE('',(#314),#5038,.F.);
#5332=ADVANCED_FACE('',(#315),#5039,.F.);
#5333=ADVANCED_FACE('',(#316),#5040,.F.);
#5334=ADVANCED_FACE('',(#317),#5041,.F.);
#5335=ADVANCED_FACE('',(#318),#5042,.F.);
#5336=ADVANCED_FACE('',(#319),#5043,.F.);
#5337=ADVANCED_FACE('',(#320),#5044,.F.);
#5338=ADVANCED_FACE('',(#321),#5045,.F.);
#5339=ADVANCED_FACE('',(#322),#5046,.F.);
#5340=ADVANCED_FACE('',(#323),#5047,.F.);
#5341=ADVANCED_FACE('',(#324),#5048,.F.);
#5342=ADVANCED_FACE('',(#325),#5049,.F.);
#5343=ADVANCED_FACE('',(#326),#5050,.F.);
#5344=ADVANCED_FACE('',(#327),#5051,.F.);
#5345=ADVANCED_FACE('',(#328),#5052,.F.);
#5346=ADVANCED_FACE('',(#329),#5053,.F.);
#5347=ADVANCED_FACE('',(#330),#5054,.F.);
#5348=ADVANCED_FACE('',(#331),#5055,.F.);
#5349=ADVANCED_FACE('',(#332),#5056,.F.);
#5350=ADVANCED_FACE('',(#333),#5057,.F.);
#5351=ADVANCED_FACE('',(#334),#5058,.F.);
#5352=ADVANCED_FACE('',(#335),#5059,.F.);
#5353=ADVANCED_FACE('',(#336),#5060,.F.);
#5354=ADVANCED_FACE('',(#337),#5061,.F.);
#5355=ADVANCED_FACE('',(#338),#5062,.F.);
#5356=ADVANCED_FACE('',(#339),#5063,.F.);
#5357=ADVANCED_FACE('',(#340),#5064,.F.);
#5358=ADVANCED_FACE('',(#341),#5065,.F.);
#5359=ADVANCED_FACE('',(#342),#5066,.F.);
#5360=ADVANCED_FACE('',(#343),#5067,.F.);
#5361=ADVANCED_FACE('',(#344),#5068,.T.);
#5362=ADVANCED_FACE('',(#345),#5069,.T.);
#5363=ADVANCED_FACE('',(#346),#5070,.T.);
#5364=ADVANCED_FACE('',(#347),#5071,.T.);
#5365=ADVANCED_FACE('',(#348),#5072,.T.);
#5366=ADVANCED_FACE('',(#349),#5073,.T.);
#5367=ADVANCED_FACE('',(#350),#5074,.T.);
#5368=ADVANCED_FACE('',(#351,#41,#42,#43,#44,#45,#46,#47,#48,#49,#50,#51, #52,#53,#54,#55,#56,#57,#58,#59,#60,#61,#62,#63,#64,#65),#5075,.T.);
#5369=ADVANCED_FACE('',(#352),#5076,.T.);
#5370=ADVANCED_FACE('',(#353),#5077,.T.);
#5371=ADVANCED_FACE('',(#354),#5078,.T.);
#5372=ADVANCED_FACE('',(#355),#15,.T.);
#5373=ADVANCED_FACE('',(#356),#5079,.T.);
#5374=ADVANCED_FACE('',(#357),#5080,.T.);
#5375=ADVANCED_FACE('',(#358),#5081,.T.);
#5376=ADVANCED_FACE('',(#359),#5082,.T.);
#5377=ADVANCED_FACE('',(#360),#5083,.T.);
#5378=ADVANCED_FACE('',(#361),#5084,.T.);
#5379=CLOSED_SHELL('',(#5085,#5086,#5087,#5088,#5089,#5090,#5091,#5092, #5093,#5094,#5095,#5096,#5097,#5098,#5099,#5100,#5101,#5102,#5103,#5104, #5105,#5106,#5107,#5108,#5109,#5110,#5111,#5112,#5113,#5114,#5115,#5116, #5117,#5118,#5119,#5120,#5121,#5122,#5123,#5124,#5125,#5126,#5127,#5128, #5129,#5130,#5131,#5132,#5133,#5134,#5135,#5136,#5137,#5138,#5139,#5140, #5141,#5142,#5143,#5144,#5145,#5146,#5147,#5148,#5149,#5150,#5151,#5152, #5153,#5154,#5155,#5156,#5157,#5158,#5159,#5160,#5161,#5162,#5163,#5164, #5165,#5166,#5167,#5168,#5169,#5170,#5171,#5172,#5173,#5174,#5175,#5176, #5177,#5178,#5179,#5180,#5181,#5182,#5183,#5184,#5185,#5186,#5187,#5188, #5189,#5190,#5191,#5192,#5193,#5194,#5195,#5196,#5197,#5198,#5199,#5200, #5201,#5202,#5203,#5204,#5205,#5206,#5207,#5208,#5209,#5210,#5211,#5212, #5213,#5214,#5215,#5216,#5217,#5218,#5219,#5220,#5221,#5222,#5223,#5224, #5225,#5226,#5227,#5228,#5229,#5230,#5231,#5232,#5233,#5234,#5235,#5236, #5237,#5238,#5239,#5240,#5241,#5242,#5243,#5244,#5245,#5246,#5247,#5248, #5249,#5250,#5251,#5252,#5253,#5254,#5255,#5256,#5257,#5258,#5259,#5260, #5261,#5262,#5263,#5264,#5265,#5266,#5267,#5268,#5269,#5270,#5271,#5272, #5273,#5274,#5275,#5276,#5277,#5278,#5279,#5280,#5281,#5282,#5283,#5284, #5285,#5286,#5287,#5288,#5289,#5290,#5291,#5292,#5293,#5294,#5295,#5296, #5297,#5298,#5299,#5300,#5301,#5302,#5303,#5304,#5305,#5306,#5307,#5308, #5309,#5310,#5311,#5312,#5313,#5314,#5315,#5316,#5317,#5318,#5319,#5320, #5321,#5322,#5323,#5324,#5325,#5326,#5327,#5328,#5329,#5330,#5331,#5332, #5333,#5334,#5335,#5336,#5337,#5338,#5339,#5340,#5341,#5342,#5343,#5344, #5345,#5346,#5347,#5348,#5349,#5350,#5351,#5352,#5353,#5354,#5355,#5356, #5357,#5358,#5359,#5360,#5361,#5362,#5363,#5364,#5365,#5366,#5367,#5368, #5369,#5370,#5371,#5372,#5373,#5374,#5375,#5376,#5377,#5378));
#5380=DERIVED_UNIT_ELEMENT(#5382,1.);
#5381=DERIVED_UNIT_ELEMENT(#8505,-3.);
#5382=( MASS_UNIT() NAMED_UNIT(*) SI_UNIT(.KILO.,.GRAM.) );
#5383=DERIVED_UNIT((#5380,#5381));
#5384=MEASURE_REPRESENTATION_ITEM('density measure', POSITIVE_RATIO_MEASURE(7850.),#5383);
#5385=PROPERTY_DEFINITION_REPRESENTATION(#5390,#5387);
#5386=PROPERTY_DEFINITION_REPRESENTATION(#5391,#5388);
#5387=REPRESENTATION('material name',(#5389),#8502);
#5388=REPRESENTATION('density',(#5384),#8502);
#5389=DESCRIPTIVE_REPRESENTATION_ITEM('Steel','Steel');
#5390=PROPERTY_DEFINITION('material property','material name',#8512);
#5391=PROPERTY_DEFINITION('material property','density of part',#8512);
#5392=AXIS2_PLACEMENT_3D('',#7003,#5689,#5690);
#5393=AXIS2_PLACEMENT_3D('',#7004,#5691,#5692);
#5394=AXIS2_PLACEMENT_3D('',#7015,#5698,#5699);
#5395=AXIS2_PLACEMENT_3D('',#7021,#5703,#5704);
#5396=AXIS2_PLACEMENT_3D('',#7032,#5710,#5711);
#5397=AXIS2_PLACEMENT_3D('',#7038,#5715,#5716);
#5398=AXIS2_PLACEMENT_3D('',#7044,#5720,#5721);
#5399=AXIS2_PLACEMENT_3D('',#7050,#5725,#5726);
#5400=AXIS2_PLACEMENT_3D('',#7086,#5744,#5745);
#5401=AXIS2_PLACEMENT_3D('',#7088,#5747,#5748);
#5402=AXIS2_PLACEMENT_3D('',#7094,#5752,#5753);
#5403=AXIS2_PLACEMENT_3D('',#7100,#5757,#5758);
#5404=AXIS2_PLACEMENT_3D('',#7109,#5763,#5764);
#5405=AXIS2_PLACEMENT_3D('',#7115,#5768,#5769);
#5406=AXIS2_PLACEMENT_3D('',#7121,#5773,#5774);
#5407=AXIS2_PLACEMENT_3D('',#7124,#5777,#5778);
#5408=AXIS2_PLACEMENT_3D('',#7125,#5779,#5780);
#5409=AXIS2_PLACEMENT_3D('',#7134,#5785,#5786);
#5410=AXIS2_PLACEMENT_3D('',#7140,#5790,#5791);
#5411=AXIS2_PLACEMENT_3D('',#7146,#5795,#5796);
#5412=AXIS2_PLACEMENT_3D('',#7149,#5799,#5800);
#5413=AXIS2_PLACEMENT_3D('',#7150,#5801,#5802);
#5414=AXIS2_PLACEMENT_3D('',#7159,#5807,#5808);
#5415=AXIS2_PLACEMENT_3D('',#7165,#5812,#5813);
#5416=AXIS2_PLACEMENT_3D('',#7171,#5817,#5818);
#5417=AXIS2_PLACEMENT_3D('',#7174,#5821,#5822);
#5418=AXIS2_PLACEMENT_3D('',#7175,#5823,#5824);
#5419=AXIS2_PLACEMENT_3D('',#7184,#5829,#5830);
#5420=AXIS2_PLACEMENT_3D('',#7190,#5834,#5835);
#5421=AXIS2_PLACEMENT_3D('',#7196,#5839,#5840);
#5422=AXIS2_PLACEMENT_3D('',#7199,#5843,#5844);
#5423=AXIS2_PLACEMENT_3D('',#7200,#5845,#5846);
#5424=AXIS2_PLACEMENT_3D('',#7209,#5851,#5852);
#5425=AXIS2_PLACEMENT_3D('',#7215,#5856,#5857);
#5426=AXIS2_PLACEMENT_3D('',#7221,#5861,#5862);
#5427=AXIS2_PLACEMENT_3D('',#7224,#5865,#5866);
#5428=AXIS2_PLACEMENT_3D('',#7225,#5867,#5868);
#5429=AXIS2_PLACEMENT_3D('',#7234,#5873,#5874);
#5430=AXIS2_PLACEMENT_3D('',#7240,#5878,#5879);
#5431=AXIS2_PLACEMENT_3D('',#7246,#5883,#5884);
#5432=AXIS2_PLACEMENT_3D('',#7249,#5887,#5888);
#5433=AXIS2_PLACEMENT_3D('',#7250,#5889,#5890);
#5434=AXIS2_PLACEMENT_3D('',#7259,#5895,#5896);
#5435=AXIS2_PLACEMENT_3D('',#7265,#5900,#5901);
#5436=AXIS2_PLACEMENT_3D('',#7271,#5905,#5906);
#5437=AXIS2_PLACEMENT_3D('',#7274,#5909,#5910);
#5438=AXIS2_PLACEMENT_3D('',#7275,#5911,#5912);
#5439=AXIS2_PLACEMENT_3D('',#7284,#5917,#5918);
#5440=AXIS2_PLACEMENT_3D('',#7290,#5922,#5923);
#5441=AXIS2_PLACEMENT_3D('',#7296,#5927,#5928);
#5442=AXIS2_PLACEMENT_3D('',#7299,#5931,#5932);
#5443=AXIS2_PLACEMENT_3D('',#7300,#5933,#5934);
#5444=AXIS2_PLACEMENT_3D('',#7309,#5939,#5940);
#5445=AXIS2_PLACEMENT_3D('',#7315,#5944,#5945);
#5446=AXIS2_PLACEMENT_3D('',#7321,#5949,#5950);
#5447=AXIS2_PLACEMENT_3D('',#7324,#5953,#5954);
#5448=AXIS2_PLACEMENT_3D('',#7325,#5955,#5956);
#5449=AXIS2_PLACEMENT_3D('',#7334,#5961,#5962);
#5450=AXIS2_PLACEMENT_3D('',#7340,#5966,#5967);
#5451=AXIS2_PLACEMENT_3D('',#7346,#5971,#5972);
#5452=AXIS2_PLACEMENT_3D('',#7349,#5975,#5976);
#5453=AXIS2_PLACEMENT_3D('',#7350,#5977,#5978);
#5454=AXIS2_PLACEMENT_3D('',#7359,#5983,#5984);
#5455=AXIS2_PLACEMENT_3D('',#7365,#5988,#5989);
#5456=AXIS2_PLACEMENT_3D('',#7371,#5993,#5994);
#5457=AXIS2_PLACEMENT_3D('',#7374,#5997,#5998);
#5458=AXIS2_PLACEMENT_3D('',#7375,#5999,#6000);
#5459=AXIS2_PLACEMENT_3D('',#7384,#6005,#6006);
#5460=AXIS2_PLACEMENT_3D('',#7390,#6010,#6011);
#5461=AXIS2_PLACEMENT_3D('',#7396,#6015,#6016);
#5462=AXIS2_PLACEMENT_3D('',#7399,#6019,#6020);
#5463=AXIS2_PLACEMENT_3D('',#7400,#6021,#6022);
#5464=AXIS2_PLACEMENT_3D('',#7409,#6027,#6028);
#5465=AXIS2_PLACEMENT_3D('',#7415,#6032,#6033);
#5466=AXIS2_PLACEMENT_3D('',#7421,#6037,#6038);
#5467=AXIS2_PLACEMENT_3D('',#7424,#6041,#6042);
#5468=AXIS2_PLACEMENT_3D('',#7425,#6043,#6044);
#5469=AXIS2_PLACEMENT_3D('',#7434,#6049,#6050);
#5470=AXIS2_PLACEMENT_3D('',#7440,#6054,#6055);
#5471=AXIS2_PLACEMENT_3D('',#7446,#6059,#6060);
#5472=AXIS2_PLACEMENT_3D('',#7449,#6063,#6064);
#5473=AXIS2_PLACEMENT_3D('',#7450,#6065,#6066);
#5474=AXIS2_PLACEMENT_3D('',#7459,#6071,#6072);
#5475=AXIS2_PLACEMENT_3D('',#7465,#6076,#6077);
#5476=AXIS2_PLACEMENT_3D('',#7471,#6081,#6082);
#5477=AXIS2_PLACEMENT_3D('',#7474,#6085,#6086);
#5478=AXIS2_PLACEMENT_3D('',#7475,#6087,#6088);
#5479=AXIS2_PLACEMENT_3D('',#7484,#6093,#6094);
#5480=AXIS2_PLACEMENT_3D('',#7490,#6098,#6099);
#5481=AXIS2_PLACEMENT_3D('',#7496,#6103,#6104);
#5482=AXIS2_PLACEMENT_3D('',#7499,#6107,#6108);
#5483=AXIS2_PLACEMENT_3D('',#7500,#6109,#6110);
#5484=AXIS2_PLACEMENT_3D('',#7509,#6115,#6116);
#5485=AXIS2_PLACEMENT_3D('',#7515,#6120,#6121);
#5486=AXIS2_PLACEMENT_3D('',#7521,#6125,#6126);
#5487=AXIS2_PLACEMENT_3D('',#7524,#6129,#6130);
#5488=AXIS2_PLACEMENT_3D('',#7525,#6131,#6132);
#5489=AXIS2_PLACEMENT_3D('',#7534,#6137,#6138);
#5490=AXIS2_PLACEMENT_3D('',#7540,#6142,#6143);
#5491=AXIS2_PLACEMENT_3D('',#7546,#6147,#6148);
#5492=AXIS2_PLACEMENT_3D('',#7549,#6151,#6152);
#5493=AXIS2_PLACEMENT_3D('',#7550,#6153,#6154);
#5494=AXIS2_PLACEMENT_3D('',#7559,#6159,#6160);
#5495=AXIS2_PLACEMENT_3D('',#7565,#6164,#6165);
#5496=AXIS2_PLACEMENT_3D('',#7571,#6169,#6170);
#5497=AXIS2_PLACEMENT_3D('',#7574,#6173,#6174);
#5498=AXIS2_PLACEMENT_3D('',#7575,#6175,#6176);
#5499=AXIS2_PLACEMENT_3D('',#7584,#6181,#6182);
#5500=AXIS2_PLACEMENT_3D('',#7590,#6186,#6187);
#5501=AXIS2_PLACEMENT_3D('',#7596,#6191,#6192);
#5502=AXIS2_PLACEMENT_3D('',#7599,#6195,#6196);
#5503=AXIS2_PLACEMENT_3D('',#7600,#6197,#6198);
#5504=AXIS2_PLACEMENT_3D('',#7609,#6203,#6204);
#5505=AXIS2_PLACEMENT_3D('',#7615,#6208,#6209);
#5506=AXIS2_PLACEMENT_3D('',#7621,#6213,#6214);
#5507=AXIS2_PLACEMENT_3D('',#7624,#6217,#6218);
#5508=AXIS2_PLACEMENT_3D('',#7625,#6219,#6220);
#5509=AXIS2_PLACEMENT_3D('',#7634,#6225,#6226);
#5510=AXIS2_PLACEMENT_3D('',#7640,#6230,#6231);
#5511=AXIS2_PLACEMENT_3D('',#7646,#6235,#6236);
#5512=AXIS2_PLACEMENT_3D('',#7649,#6239,#6240);
#5513=AXIS2_PLACEMENT_3D('',#7650,#6241,#6242);
#5514=AXIS2_PLACEMENT_3D('',#7659,#6247,#6248);
#5515=AXIS2_PLACEMENT_3D('',#7665,#6252,#6253);
#5516=AXIS2_PLACEMENT_3D('',#7671,#6257,#6258);
#5517=AXIS2_PLACEMENT_3D('',#7674,#6261,#6262);
#5518=AXIS2_PLACEMENT_3D('',#7675,#6263,#6264);
#5519=AXIS2_PLACEMENT_3D('',#7684,#6269,#6270);
#5520=AXIS2_PLACEMENT_3D('',#7690,#6274,#6275);
#5521=AXIS2_PLACEMENT_3D('',#7696,#6279,#6280);
#5522=AXIS2_PLACEMENT_3D('',#7699,#6283,#6284);
#5523=AXIS2_PLACEMENT_3D('',#7700,#6285,#6286);
#5524=AXIS2_PLACEMENT_3D('',#7709,#6291,#6292);
#5525=AXIS2_PLACEMENT_3D('',#7715,#6296,#6297);
#5526=AXIS2_PLACEMENT_3D('',#7721,#6301,#6302);
#5527=AXIS2_PLACEMENT_3D('',#7724,#6305,#6306);
#5528=AXIS2_PLACEMENT_3D('',#7725,#6307,#6308);
#5529=AXIS2_PLACEMENT_3D('',#7734,#6313,#6314);
#5530=AXIS2_PLACEMENT_3D('',#7740,#6318,#6319);
#5531=AXIS2_PLACEMENT_3D('',#7746,#6323,#6324);
#5532=AXIS2_PLACEMENT_3D('',#7752,#6328,#6329);
#5533=AXIS2_PLACEMENT_3D('',#7755,#6332,#6333);
#5534=AXIS2_PLACEMENT_3D('',#7758,#6336,#6337);
#5535=AXIS2_PLACEMENT_3D('',#7759,#6338,#6339);
#5536=AXIS2_PLACEMENT_3D('',#7763,#6342,#6343);
#5537=AXIS2_PLACEMENT_3D('',#7769,#6347,#6348);
#5538=AXIS2_PLACEMENT_3D('',#7773,#6351,#6352);
#5539=AXIS2_PLACEMENT_3D('',#7777,#6355,#6356);
#5540=AXIS2_PLACEMENT_3D('',#7781,#6359,#6360);
#5541=AXIS2_PLACEMENT_3D('',#7785,#6363,#6364);
#5542=AXIS2_PLACEMENT_3D('',#7787,#6366,#6367);
#5543=AXIS2_PLACEMENT_3D('',#7793,#6371,#6372);
#5544=AXIS2_PLACEMENT_3D('',#7796,#6375,#6376);
#5545=AXIS2_PLACEMENT_3D('',#7802,#6380,#6381);
#5546=AXIS2_PLACEMENT_3D('',#7811,#6386,#6387);
#5547=AXIS2_PLACEMENT_3D('',#7817,#6391,#6392);
#5548=AXIS2_PLACEMENT_3D('',#7823,#6396,#6397);
#5549=AXIS2_PLACEMENT_3D('',#7826,#6400,#6401);
#5550=AXIS2_PLACEMENT_3D('',#7827,#6402,#6403);
#5551=AXIS2_PLACEMENT_3D('',#7836,#6408,#6409);
#5552=AXIS2_PLACEMENT_3D('',#7842,#6413,#6414);
#5553=AXIS2_PLACEMENT_3D('',#7848,#6418,#6419);
#5554=AXIS2_PLACEMENT_3D('',#7851,#6422,#6423);
#5555=AXIS2_PLACEMENT_3D('',#7852,#6424,#6425);
#5556=AXIS2_PLACEMENT_3D('',#7861,#6430,#6431);
#5557=AXIS2_PLACEMENT_3D('',#7867,#6435,#6436);
#5558=AXIS2_PLACEMENT_3D('',#7873,#6440,#6441);
#5559=AXIS2_PLACEMENT_3D('',#7876,#6444,#6445);
#5560=AXIS2_PLACEMENT_3D('',#7877,#6446,#6447);
#5561=AXIS2_PLACEMENT_3D('',#7886,#6452,#6453);
#5562=AXIS2_PLACEMENT_3D('',#7892,#6457,#6458);
#5563=AXIS2_PLACEMENT_3D('',#7898,#6462,#6463);
#5564=AXIS2_PLACEMENT_3D('',#7901,#6466,#6467);
#5565=AXIS2_PLACEMENT_3D('',#7902,#6468,#6469);
#5566=AXIS2_PLACEMENT_3D('',#7911,#6474,#6475);
#5567=AXIS2_PLACEMENT_3D('',#7917,#6479,#6480);
#5568=AXIS2_PLACEMENT_3D('',#7923,#6484,#6485);
#5569=AXIS2_PLACEMENT_3D('',#7926,#6488,#6489);
#5570=AXIS2_PLACEMENT_3D('',#7927,#6490,#6491);
#5571=AXIS2_PLACEMENT_3D('',#7936,#6496,#6497);
#5572=AXIS2_PLACEMENT_3D('',#7942,#6501,#6502);
#5573=AXIS2_PLACEMENT_3D('',#7948,#6506,#6507);
#5574=AXIS2_PLACEMENT_3D('',#7951,#6510,#6511);
#5575=AXIS2_PLACEMENT_3D('',#7952,#6512,#6513);
#5576=AXIS2_PLACEMENT_3D('',#7961,#6518,#6519);
#5577=AXIS2_PLACEMENT_3D('',#7967,#6523,#6524);
#5578=AXIS2_PLACEMENT_3D('',#7973,#6528,#6529);
#5579=AXIS2_PLACEMENT_3D('',#7976,#6532,#6533);
#5580=AXIS2_PLACEMENT_3D('',#7977,#6534,#6535);
#5581=AXIS2_PLACEMENT_3D('',#7986,#6540,#6541);
#5582=AXIS2_PLACEMENT_3D('',#7992,#6545,#6546);
#5583=AXIS2_PLACEMENT_3D('',#7998,#6550,#6551);
#5584=AXIS2_PLACEMENT_3D('',#8001,#6554,#6555);
#5585=AXIS2_PLACEMENT_3D('',#8002,#6556,#6557);
#5586=AXIS2_PLACEMENT_3D('',#8011,#6562,#6563);
#5587=AXIS2_PLACEMENT_3D('',#8017,#6567,#6568);
#5588=AXIS2_PLACEMENT_3D('',#8023,#6572,#6573);
#5589=AXIS2_PLACEMENT_3D('',#8026,#6576,#6577);
#5590=AXIS2_PLACEMENT_3D('',#8027,#6578,#6579);
#5591=AXIS2_PLACEMENT_3D('',#8036,#6584,#6585);
#5592=AXIS2_PLACEMENT_3D('',#8042,#6589,#6590);
#5593=AXIS2_PLACEMENT_3D('',#8048,#6594,#6595);
#5594=AXIS2_PLACEMENT_3D('',#8051,#6598,#6599);
#5595=AXIS2_PLACEMENT_3D('',#8052,#6600,#6601);
#5596=AXIS2_PLACEMENT_3D('',#8061,#6606,#6607);
#5597=AXIS2_PLACEMENT_3D('',#8067,#6611,#6612);
#5598=AXIS2_PLACEMENT_3D('',#8073,#6616,#6617);
#5599=AXIS2_PLACEMENT_3D('',#8076,#6620,#6621);
#5600=AXIS2_PLACEMENT_3D('',#8077,#6622,#6623);
#5601=AXIS2_PLACEMENT_3D('',#8086,#6628,#6629);
#5602=AXIS2_PLACEMENT_3D('',#8092,#6633,#6634);
#5603=AXIS2_PLACEMENT_3D('',#8098,#6638,#6639);
#5604=AXIS2_PLACEMENT_3D('',#8101,#6642,#6643);
#5605=AXIS2_PLACEMENT_3D('',#8102,#6644,#6645);
#5606=AXIS2_PLACEMENT_3D('',#8111,#6650,#6651);
#5607=AXIS2_PLACEMENT_3D('',#8117,#6655,#6656);
#5608=AXIS2_PLACEMENT_3D('',#8123,#6660,#6661);
#5609=AXIS2_PLACEMENT_3D('',#8126,#6664,#6665);
#5610=AXIS2_PLACEMENT_3D('',#8127,#6666,#6667);
#5611=AXIS2_PLACEMENT_3D('',#8136,#6672,#6673);
#5612=AXIS2_PLACEMENT_3D('',#8142,#6677,#6678);
#5613=AXIS2_PLACEMENT_3D('',#8148,#6682,#6683);
#5614=AXIS2_PLACEMENT_3D('',#8151,#6686,#6687);
#5615=AXIS2_PLACEMENT_3D('',#8152,#6688,#6689);
#5616=AXIS2_PLACEMENT_3D('',#8161,#6694,#6695);
#5617=AXIS2_PLACEMENT_3D('',#8167,#6699,#6700);
#5618=AXIS2_PLACEMENT_3D('',#8173,#6704,#6705);
#5619=AXIS2_PLACEMENT_3D('',#8176,#6708,#6709);
#5620=AXIS2_PLACEMENT_3D('',#8177,#6710,#6711);
#5621=AXIS2_PLACEMENT_3D('',#8186,#6716,#6717);
#5622=AXIS2_PLACEMENT_3D('',#8192,#6721,#6722);
#5623=AXIS2_PLACEMENT_3D('',#8198,#6726,#6727);
#5624=AXIS2_PLACEMENT_3D('',#8201,#6730,#6731);
#5625=AXIS2_PLACEMENT_3D('',#8202,#6732,#6733);
#5626=AXIS2_PLACEMENT_3D('',#8211,#6738,#6739);
#5627=AXIS2_PLACEMENT_3D('',#8217,#6743,#6744);
#5628=AXIS2_PLACEMENT_3D('',#8223,#6748,#6749);
#5629=AXIS2_PLACEMENT_3D('',#8226,#6752,#6753);
#5630=AXIS2_PLACEMENT_3D('',#8227,#6754,#6755);
#5631=AXIS2_PLACEMENT_3D('',#8236,#6760,#6761);
#5632=AXIS2_PLACEMENT_3D('',#8242,#6765,#6766);
#5633=AXIS2_PLACEMENT_3D('',#8248,#6770,#6771);
#5634=AXIS2_PLACEMENT_3D('',#8251,#6774,#6775);
#5635=AXIS2_PLACEMENT_3D('',#8252,#6776,#6777);
#5636=AXIS2_PLACEMENT_3D('',#8261,#6782,#6783);
#5637=AXIS2_PLACEMENT_3D('',#8267,#6787,#6788);
#5638=AXIS2_PLACEMENT_3D('',#8273,#6792,#6793);
#5639=AXIS2_PLACEMENT_3D('',#8276,#6796,#6797);
#5640=AXIS2_PLACEMENT_3D('',#8277,#6798,#6799);
#5641=AXIS2_PLACEMENT_3D('',#8286,#6804,#6805);
#5642=AXIS2_PLACEMENT_3D('',#8292,#6809,#6810);
#5643=AXIS2_PLACEMENT_3D('',#8298,#6814,#6815);
#5644=AXIS2_PLACEMENT_3D('',#8301,#6818,#6819);
#5645=AXIS2_PLACEMENT_3D('',#8302,#6820,#6821);
#5646=AXIS2_PLACEMENT_3D('',#8311,#6826,#6827);
#5647=AXIS2_PLACEMENT_3D('',#8317,#6831,#6832);
#5648=AXIS2_PLACEMENT_3D('',#8323,#6836,#6837);
#5649=AXIS2_PLACEMENT_3D('',#8326,#6840,#6841);
#5650=AXIS2_PLACEMENT_3D('',#8327,#6842,#6843);
#5651=AXIS2_PLACEMENT_3D('',#8336,#6848,#6849);
#5652=AXIS2_PLACEMENT_3D('',#8342,#6853,#6854);
#5653=AXIS2_PLACEMENT_3D('',#8348,#6858,#6859);
#5654=AXIS2_PLACEMENT_3D('',#8351,#6862,#6863);
#5655=AXIS2_PLACEMENT_3D('',#8352,#6864,#6865);
#5656=AXIS2_PLACEMENT_3D('',#8361,#6870,#6871);
#5657=AXIS2_PLACEMENT_3D('',#8367,#6875,#6876);
#5658=AXIS2_PLACEMENT_3D('',#8373,#6880,#6881);
#5659=AXIS2_PLACEMENT_3D('',#8376,#6884,#6885);
#5660=AXIS2_PLACEMENT_3D('',#8377,#6886,#6887);
#5661=AXIS2_PLACEMENT_3D('',#8386,#6892,#6893);
#5662=AXIS2_PLACEMENT_3D('',#8392,#6897,#6898);
#5663=AXIS2_PLACEMENT_3D('',#8398,#6902,#6903);
#5664=AXIS2_PLACEMENT_3D('',#8401,#6906,#6907);
#5665=AXIS2_PLACEMENT_3D('',#8402,#6908,#6909);
#5666=AXIS2_PLACEMENT_3D('',#8411,#6914,#6915);
#5667=AXIS2_PLACEMENT_3D('',#8417,#6919,#6920);
#5668=AXIS2_PLACEMENT_3D('',#8423,#6924,#6925);
#5669=AXIS2_PLACEMENT_3D('',#8426,#6928,#6929);
#5670=AXIS2_PLACEMENT_3D('',#8427,#6930,#6931);
#5671=AXIS2_PLACEMENT_3D('',#8433,#6935,#6936);
#5672=AXIS2_PLACEMENT_3D('',#8442,#6941,#6942);
#5673=AXIS2_PLACEMENT_3D('',#8448,#6946,#6947);
#5674=AXIS2_PLACEMENT_3D('',#8454,#6951,#6952);
#5675=AXIS2_PLACEMENT_3D('',#8457,#6955,#6956);
#5676=AXIS2_PLACEMENT_3D('',#8463,#6960,#6961);
#5677=AXIS2_PLACEMENT_3D('',#8466,#6964,#6965);
#5678=AXIS2_PLACEMENT_3D('',#8467,#6966,#6967);
#5679=AXIS2_PLACEMENT_3D('',#8471,#6970,#6971);
#5680=AXIS2_PLACEMENT_3D('',#8477,#6975,#6976);
#5681=AXIS2_PLACEMENT_3D('',#8479,#6978,#6979);
#5682=AXIS2_PLACEMENT_3D('',#8480,#6980,#6981);
#5683=AXIS2_PLACEMENT_3D('',#8481,#6982,#6983);
#5684=AXIS2_PLACEMENT_3D('',#8485,#6986,#6987);
#5685=AXIS2_PLACEMENT_3D('',#8489,#6990,#6991);
#5686=AXIS2_PLACEMENT_3D('',#8493,#6994,#6995);
#5687=AXIS2_PLACEMENT_3D('',#8497,#6998,#6999);
#5688=AXIS2_PLACEMENT_3D('',#8499,#7001,#7002);
#5689=DIRECTION('axis',(0.,0.,1.));
#5690=DIRECTION('refdir',(1.,0.,0.));
#5691=DIRECTION('center_axis',(0.707106781186547,-0.707106781186548,0.));
#5692=DIRECTION('ref_axis',(0.,0.,-1.));
#5693=DIRECTION('',(-0.348155311911396,-0.348155311911395,0.87038827977849));
#5694=DIRECTION('',(0.,0.,-1.));
#5695=DIRECTION('',(0.707106781186548,0.707106781186547,0.));
#5696=DIRECTION('',(0.,0.,1.));
#5697=DIRECTION('',(-0.707106781186548,-0.707106781186547,0.));
#5698=DIRECTION('center_axis',(0.,1.,0.));
#5699=DIRECTION('ref_axis',(0.,0.,-1.));
#5700=DIRECTION('',(-1.,0.,0.));
#5701=DIRECTION('',(0.,0.,-1.));
#5702=DIRECTION('',(1.,0.,0.));
#5703=DIRECTION('center_axis',(-0.707106781186547,-0.707106781186548,0.));
#5704=DIRECTION('ref_axis',(0.,0.,1.));
#5705=DIRECTION('',(-0.707106781186548,0.707106781186547,0.));
#5706=DIRECTION('',(0.,0.,-1.));
#5707=DIRECTION('',(0.707106781186548,-0.707106781186547,0.));
#5708=DIRECTION('',(0.,0.,-1.));
#5709=DIRECTION('',(-0.348155311911396,0.348155311911395,-0.87038827977849));
#5710=DIRECTION('center_axis',(0.,-1.,0.));
#5711=DIRECTION('ref_axis',(0.,0.,-1.));
#5712=DIRECTION('',(-1.,0.,0.));
#5713=DIRECTION('',(0.,0.,-1.));
#5714=DIRECTION('',(1.,0.,0.));
#5715=DIRECTION('center_axis',(0.928476690885259,0.,0.371390676354103));
#5716=DIRECTION('ref_axis',(0.371390676354103,0.,-0.928476690885259));
#5717=DIRECTION('',(0.,-1.,0.));
#5718=DIRECTION('',(0.,-1.,0.));
#5719=DIRECTION('',(-0.348155311911396,-0.348155311911396,0.870388279778489));
#5720=DIRECTION('center_axis',(0.,0.928476690885259,0.371390676354104));
#5721=DIRECTION('ref_axis',(0.,-0.371390676354104,0.928476690885259));
#5722=DIRECTION('',(-1.,0.,0.));
#5723=DIRECTION('',(-0.348155311911395,-0.348155311911396,0.870388279778489));
#5724=DIRECTION('',(1.,0.,0.));
#5725=DIRECTION('center_axis',(0.,-1.,0.));
#5726=DIRECTION('ref_axis',(1.,0.,0.));
#5727=DIRECTION('',(0.,0.,1.));
#5728=DIRECTION('',(-1.,0.,0.));
#5729=DIRECTION('',(8.54017628381881E-16,0.,-1.));
#5730=DIRECTION('',(-0.866025506230592,0.,0.499999822558016));
#5731=DIRECTION('',(-0.866025108077968,0.,-0.500000512178282));
#5732=DIRECTION('',(-8.44735428282537E-16,0.,-1.));
#5733=DIRECTION('',(-0.707106591525749,0.,-0.707106970847295));
#5734=DIRECTION('',(1.,0.,0.));
#5735=DIRECTION('',(0.707106591525749,0.,-0.707106970847295));
#5736=DIRECTION('',(8.44735428282537E-16,0.,-1.));
#5737=DIRECTION('',(0.866025108077968,0.,-0.500000512178282));
#5738=DIRECTION('',(0.866025506230592,0.,0.499999822558016));
#5739=DIRECTION('',(-8.54017628381881E-16,0.,-1.));
#5740=DIRECTION('',(1.,0.,0.));
#5741=DIRECTION('',(0.,0.,-1.));
#5742=DIRECTION('',(1.,0.,0.));
#5743=DIRECTION('',(0.858029149360232,0.,0.513600991868353));
#5744=DIRECTION('center_axis',(0.,1.,0.));
#5745=DIRECTION('ref_axis',(-1.,0.,4.43552608362643E-16));
#5746=DIRECTION('',(-0.858029149360232,0.,0.513600991868353));
#5747=DIRECTION('center_axis',(-0.707106781186548,0.707106781186547,0.));
#5748=DIRECTION('ref_axis',(0.,0.,1.));
#5749=DIRECTION('',(0.707106781186547,0.707106781186548,0.));
#5750=DIRECTION('',(0.,0.,-1.));
#5751=DIRECTION('',(-0.707106781186547,-0.707106781186548,0.));
#5752=DIRECTION('center_axis',(1.,0.,0.));
#5753=DIRECTION('ref_axis',(0.,0.,1.));
#5754=DIRECTION('',(0.,-1.,0.));
#5755=DIRECTION('',(0.,0.,-1.));
#5756=DIRECTION('',(0.,-1.,0.));
#5757=DIRECTION('center_axis',(1.,0.,0.));
#5758=DIRECTION('ref_axis',(0.,-1.,0.));
#5759=DIRECTION('',(0.,1.,0.));
#5760=DIRECTION('',(0.,0.,-1.));
#5761=DIRECTION('',(0.,-1.,0.));
#5762=DIRECTION('',(0.,0.,-1.));
#5763=DIRECTION('center_axis',(0.,-1.,0.));
#5764=DIRECTION('ref_axis',(-1.,0.,0.));
#5765=DIRECTION('',(1.,0.,0.));
#5766=DIRECTION('',(-1.,0.,0.));
#5767=DIRECTION('',(0.,0.,-1.));
#5768=DIRECTION('center_axis',(-1.,0.,0.));
#5769=DIRECTION('ref_axis',(0.,1.,0.));
#5770=DIRECTION('',(0.,-1.,0.));
#5771=DIRECTION('',(0.,1.,0.));
#5772=DIRECTION('',(0.,0.,-1.));
#5773=DIRECTION('center_axis',(0.,1.,0.));
#5774=DIRECTION('ref_axis',(1.,0.,0.));
#5775=DIRECTION('',(-1.,0.,0.));
#5776=DIRECTION('',(1.,0.,0.));
#5777=DIRECTION('center_axis',(0.,0.,1.));
#5778=DIRECTION('ref_axis',(1.,0.,0.));
#5779=DIRECTION('center_axis',(1.,0.,0.));
#5780=DIRECTION('ref_axis',(0.,-1.,0.));
#5781=DIRECTION('',(0.,1.,0.));
#5782=DIRECTION('',(0.,0.,-1.));
#5783=DIRECTION('',(0.,-1.,0.));
#5784=DIRECTION('',(0.,0.,-1.));
#5785=DIRECTION('center_axis',(0.,-1.,0.));
#5786=DIRECTION('ref_axis',(-1.,0.,0.));
#5787=DIRECTION('',(1.,0.,0.));
#5788=DIRECTION('',(-1.,0.,0.));
#5789=DIRECTION('',(0.,0.,-1.));
#5790=DIRECTION('center_axis',(-1.,0.,0.));
#5791=DIRECTION('ref_axis',(0.,1.,0.));
#5792=DIRECTION('',(0.,-1.,0.));
#5793=DIRECTION('',(0.,1.,0.));
#5794=DIRECTION('',(0.,0.,-1.));
#5795=DIRECTION('center_axis',(0.,1.,0.));
#5796=DIRECTION('ref_axis',(1.,0.,0.));
#5797=DIRECTION('',(-1.,0.,0.));
#5798=DIRECTION('',(1.,0.,0.));
#5799=DIRECTION('center_axis',(0.,0.,1.));
#5800=DIRECTION('ref_axis',(1.,0.,0.));
#5801=DIRECTION('center_axis',(1.,0.,0.));
#5802=DIRECTION('ref_axis',(0.,-1.,0.));
#5803=DIRECTION('',(0.,1.,0.));
#5804=DIRECTION('',(0.,0.,-1.));
#5805=DIRECTION('',(0.,-1.,0.));
#5806=DIRECTION('',(0.,0.,-1.));
#5807=DIRECTION('center_axis',(0.,-1.,0.));
#5808=DIRECTION('ref_axis',(-1.,0.,0.));
#5809=DIRECTION('',(1.,0.,0.));
#5810=DIRECTION('',(-1.,0.,0.));
#5811=DIRECTION('',(0.,0.,-1.));
#5812=DIRECTION('center_axis',(-1.,0.,0.));
#5813=DIRECTION('ref_axis',(0.,1.,0.));
#5814=DIRECTION('',(0.,-1.,0.));
#5815=DIRECTION('',(0.,1.,0.));
#5816=DIRECTION('',(0.,0.,-1.));
#5817=DIRECTION('center_axis',(0.,1.,0.));
#5818=DIRECTION('ref_axis',(1.,0.,0.));
#5819=DIRECTION('',(-1.,0.,0.));
#5820=DIRECTION('',(1.,0.,0.));
#5821=DIRECTION('center_axis',(0.,0.,1.));
#5822=DIRECTION('ref_axis',(1.,0.,0.));
#5823=DIRECTION('center_axis',(1.,0.,0.));
#5824=DIRECTION('ref_axis',(0.,-1.,0.));
#5825=DIRECTION('',(0.,1.,0.));
#5826=DIRECTION('',(0.,0.,-1.));
#5827=DIRECTION('',(0.,-1.,0.));
#5828=DIRECTION('',(0.,0.,-1.));
#5829=DIRECTION('center_axis',(0.,-1.,0.));
#5830=DIRECTION('ref_axis',(-1.,0.,0.));
#5831=DIRECTION('',(1.,0.,0.));
#5832=DIRECTION('',(-1.,0.,0.));
#5833=DIRECTION('',(0.,0.,-1.));
#5834=DIRECTION('center_axis',(-1.,0.,0.));
#5835=DIRECTION('ref_axis',(0.,1.,0.));
#5836=DIRECTION('',(0.,-1.,0.));
#5837=DIRECTION('',(0.,1.,0.));
#5838=DIRECTION('',(0.,0.,-1.));
#5839=DIRECTION('center_axis',(0.,1.,0.));
#5840=DIRECTION('ref_axis',(1.,0.,0.));
#5841=DIRECTION('',(-1.,0.,0.));
#5842=DIRECTION('',(1.,0.,0.));
#5843=DIRECTION('center_axis',(0.,0.,1.));
#5844=DIRECTION('ref_axis',(1.,0.,0.));
#5845=DIRECTION('center_axis',(1.,0.,0.));
#5846=DIRECTION('ref_axis',(0.,-1.,0.));
#5847=DIRECTION('',(0.,1.,0.));
#5848=DIRECTION('',(0.,0.,-1.));
#5849=DIRECTION('',(0.,-1.,0.));
#5850=DIRECTION('',(0.,0.,-1.));
#5851=DIRECTION('center_axis',(0.,-1.,0.));
#5852=DIRECTION('ref_axis',(-1.,0.,0.));
#5853=DIRECTION('',(1.,0.,0.));
#5854=DIRECTION('',(-1.,0.,0.));
#5855=DIRECTION('',(0.,0.,-1.));
#5856=DIRECTION('center_axis',(-1.,0.,0.));
#5857=DIRECTION('ref_axis',(0.,1.,0.));
#5858=DIRECTION('',(0.,-1.,0.));
#5859=DIRECTION('',(0.,1.,0.));
#5860=DIRECTION('',(0.,0.,-1.));
#5861=DIRECTION('center_axis',(0.,1.,0.));
#5862=DIRECTION('ref_axis',(1.,0.,0.));
#5863=DIRECTION('',(-1.,0.,0.));
#5864=DIRECTION('',(1.,0.,0.));
#5865=DIRECTION('center_axis',(0.,0.,1.));
#5866=DIRECTION('ref_axis',(1.,0.,0.));
#5867=DIRECTION('center_axis',(1.,0.,0.));
#5868=DIRECTION('ref_axis',(0.,-1.,0.));
#5869=DIRECTION('',(0.,1.,0.));
#5870=DIRECTION('',(0.,0.,-1.));
#5871=DIRECTION('',(0.,-1.,0.));
#5872=DIRECTION('',(0.,0.,-1.));
#5873=DIRECTION('center_axis',(0.,-1.,0.));
#5874=DIRECTION('ref_axis',(-1.,0.,0.));
#5875=DIRECTION('',(1.,0.,0.));
#5876=DIRECTION('',(-1.,0.,0.));
#5877=DIRECTION('',(0.,0.,-1.));
#5878=DIRECTION('center_axis',(-1.,0.,0.));
#5879=DIRECTION('ref_axis',(0.,1.,0.));
#5880=DIRECTION('',(0.,-1.,0.));
#5881=DIRECTION('',(0.,1.,0.));
#5882=DIRECTION('',(0.,0.,-1.));
#5883=DIRECTION('center_axis',(0.,1.,0.));
#5884=DIRECTION('ref_axis',(1.,0.,0.));
#5885=DIRECTION('',(-1.,0.,0.));
#5886=DIRECTION('',(1.,0.,0.));
#5887=DIRECTION('center_axis',(0.,0.,1.));
#5888=DIRECTION('ref_axis',(1.,0.,0.));
#5889=DIRECTION('center_axis',(1.,0.,0.));
#5890=DIRECTION('ref_axis',(0.,-1.,0.));
#5891=DIRECTION('',(0.,1.,0.));
#5892=DIRECTION('',(0.,0.,-1.));
#5893=DIRECTION('',(0.,-1.,0.));
#5894=DIRECTION('',(0.,0.,-1.));
#5895=DIRECTION('center_axis',(0.,-1.,0.));
#5896=DIRECTION('ref_axis',(-1.,0.,0.));
#5897=DIRECTION('',(1.,0.,0.));
#5898=DIRECTION('',(-1.,0.,0.));
#5899=DIRECTION('',(0.,0.,-1.));
#5900=DIRECTION('center_axis',(-1.,0.,0.));
#5901=DIRECTION('ref_axis',(0.,1.,0.));
#5902=DIRECTION('',(0.,-1.,0.));
#5903=DIRECTION('',(0.,1.,0.));
#5904=DIRECTION('',(0.,0.,-1.));
#5905=DIRECTION('center_axis',(0.,1.,0.));
#5906=DIRECTION('ref_axis',(1.,0.,0.));
#5907=DIRECTION('',(-1.,0.,0.));
#5908=DIRECTION('',(1.,0.,0.));
#5909=DIRECTION('center_axis',(0.,0.,1.));
#5910=DIRECTION('ref_axis',(1.,0.,0.));
#5911=DIRECTION('center_axis',(1.,0.,0.));
#5912=DIRECTION('ref_axis',(0.,-1.,0.));
#5913=DIRECTION('',(0.,1.,0.));
#5914=DIRECTION('',(0.,0.,-1.));
#5915=DIRECTION('',(0.,-1.,0.));
#5916=DIRECTION('',(0.,0.,-1.));
#5917=DIRECTION('center_axis',(0.,-1.,0.));
#5918=DIRECTION('ref_axis',(-1.,0.,0.));
#5919=DIRECTION('',(1.,0.,0.));
#5920=DIRECTION('',(-1.,0.,0.));
#5921=DIRECTION('',(0.,0.,-1.));
#5922=DIRECTION('center_axis',(-1.,0.,0.));
#5923=DIRECTION('ref_axis',(0.,1.,0.));
#5924=DIRECTION('',(0.,-1.,0.));
#5925=DIRECTION('',(0.,1.,0.));
#5926=DIRECTION('',(0.,0.,-1.));
#5927=DIRECTION('center_axis',(0.,1.,0.));
#5928=DIRECTION('ref_axis',(1.,0.,0.));
#5929=DIRECTION('',(-1.,0.,0.));
#5930=DIRECTION('',(1.,0.,0.));
#5931=DIRECTION('center_axis',(0.,0.,1.));
#5932=DIRECTION('ref_axis',(1.,0.,0.));
#5933=DIRECTION('center_axis',(1.,0.,0.));
#5934=DIRECTION('ref_axis',(0.,-1.,0.));
#5935=DIRECTION('',(0.,1.,0.));
#5936=DIRECTION('',(0.,0.,-1.));
#5937=DIRECTION('',(0.,-1.,0.));
#5938=DIRECTION('',(0.,0.,-1.));
#5939=DIRECTION('center_axis',(0.,-1.,0.));
#5940=DIRECTION('ref_axis',(-1.,0.,0.));
#5941=DIRECTION('',(1.,0.,0.));
#5942=DIRECTION('',(-1.,0.,0.));
#5943=DIRECTION('',(0.,0.,-1.));
#5944=DIRECTION('center_axis',(-1.,0.,0.));
#5945=DIRECTION('ref_axis',(0.,1.,0.));
#5946=DIRECTION('',(0.,-1.,0.));
#5947=DIRECTION('',(0.,1.,0.));
#5948=DIRECTION('',(0.,0.,-1.));
#5949=DIRECTION('center_axis',(0.,1.,0.));
#5950=DIRECTION('ref_axis',(1.,0.,0.));
#5951=DIRECTION('',(-1.,0.,0.));
#5952=DIRECTION('',(1.,0.,0.));
#5953=DIRECTION('center_axis',(0.,0.,1.));
#5954=DIRECTION('ref_axis',(1.,0.,0.));
#5955=DIRECTION('center_axis',(1.,0.,0.));
#5956=DIRECTION('ref_axis',(0.,-1.,0.));
#5957=DIRECTION('',(0.,1.,0.));
#5958=DIRECTION('',(0.,0.,-1.));
#5959=DIRECTION('',(0.,-1.,0.));
#5960=DIRECTION('',(0.,0.,-1.));
#5961=DIRECTION('center_axis',(0.,-1.,0.));
#5962=DIRECTION('ref_axis',(-1.,0.,0.));
#5963=DIRECTION('',(1.,0.,0.));
#5964=DIRECTION('',(-1.,0.,0.));
#5965=DIRECTION('',(0.,0.,-1.));
#5966=DIRECTION('center_axis',(-1.,0.,0.));
#5967=DIRECTION('ref_axis',(0.,1.,0.));
#5968=DIRECTION('',(0.,-1.,0.));
#5969=DIRECTION('',(0.,1.,0.));
#5970=DIRECTION('',(0.,0.,-1.));
#5971=DIRECTION('center_axis',(0.,1.,0.));
#5972=DIRECTION('ref_axis',(1.,0.,0.));
#5973=DIRECTION('',(-1.,0.,0.));
#5974=DIRECTION('',(1.,0.,0.));
#5975=DIRECTION('center_axis',(0.,0.,1.));
#5976=DIRECTION('ref_axis',(1.,0.,0.));
#5977=DIRECTION('center_axis',(1.,0.,0.));
#5978=DIRECTION('ref_axis',(0.,-1.,0.));
#5979=DIRECTION('',(0.,1.,0.));
#5980=DIRECTION('',(0.,0.,-1.));
#5981=DIRECTION('',(0.,-1.,0.));
#5982=DIRECTION('',(0.,0.,-1.));
#5983=DIRECTION('center_axis',(0.,-1.,0.));
#5984=DIRECTION('ref_axis',(-1.,0.,0.));
#5985=DIRECTION('',(1.,0.,0.));
#5986=DIRECTION('',(-1.,0.,0.));
#5987=DIRECTION('',(0.,0.,-1.));
#5988=DIRECTION('center_axis',(-1.,0.,0.));
#5989=DIRECTION('ref_axis',(0.,1.,0.));
#5990=DIRECTION('',(0.,-1.,0.));
#5991=DIRECTION('',(0.,1.,0.));
#5992=DIRECTION('',(0.,0.,-1.));
#5993=DIRECTION('center_axis',(0.,1.,0.));
#5994=DIRECTION('ref_axis',(1.,0.,0.));
#5995=DIRECTION('',(-1.,0.,0.));
#5996=DIRECTION('',(1.,0.,0.));
#5997=DIRECTION('center_axis',(0.,0.,1.));
#5998=DIRECTION('ref_axis',(1.,0.,0.));
#5999=DIRECTION('center_axis',(1.,0.,0.));
#6000=DIRECTION('ref_axis',(0.,-1.,0.));
#6001=DIRECTION('',(0.,1.,0.));
#6002=DIRECTION('',(0.,0.,-1.));
#6003=DIRECTION('',(0.,-1.,0.));
#6004=DIRECTION('',(0.,0.,-1.));
#6005=DIRECTION('center_axis',(0.,-1.,0.));
#6006=DIRECTION('ref_axis',(-1.,0.,0.));
#6007=DIRECTION('',(1.,0.,0.));
#6008=DIRECTION('',(-1.,0.,0.));
#6009=DIRECTION('',(0.,0.,-1.));
#6010=DIRECTION('center_axis',(-1.,0.,0.));
#6011=DIRECTION('ref_axis',(0.,1.,0.));
#6012=DIRECTION('',(0.,-1.,0.));
#6013=DIRECTION('',(0.,1.,0.));
#6014=DIRECTION('',(0.,0.,-1.));
#6015=DIRECTION('center_axis',(0.,1.,0.));
#6016=DIRECTION('ref_axis',(1.,0.,0.));
#6017=DIRECTION('',(-1.,0.,0.));
#6018=DIRECTION('',(1.,0.,0.));
#6019=DIRECTION('center_axis',(0.,0.,1.));
#6020=DIRECTION('ref_axis',(1.,0.,0.));
#6021=DIRECTION('center_axis',(1.,0.,0.));
#6022=DIRECTION('ref_axis',(0.,-1.,0.));
#6023=DIRECTION('',(0.,1.,0.));
#6024=DIRECTION('',(0.,0.,-1.));
#6025=DIRECTION('',(0.,-1.,0.));
#6026=DIRECTION('',(0.,0.,-1.));
#6027=DIRECTION('center_axis',(0.,-1.,0.));
#6028=DIRECTION('ref_axis',(-1.,0.,0.));
#6029=DIRECTION('',(1.,0.,0.));
#6030=DIRECTION('',(-1.,0.,0.));
#6031=DIRECTION('',(0.,0.,-1.));
#6032=DIRECTION('center_axis',(-1.,0.,0.));
#6033=DIRECTION('ref_axis',(0.,1.,0.));
#6034=DIRECTION('',(0.,-1.,0.));
#6035=DIRECTION('',(0.,1.,0.));
#6036=DIRECTION('',(0.,0.,-1.));
#6037=DIRECTION('center_axis',(0.,1.,0.));
#6038=DIRECTION('ref_axis',(1.,0.,0.));
#6039=DIRECTION('',(-1.,0.,0.));
#6040=DIRECTION('',(1.,0.,0.));
#6041=DIRECTION('center_axis',(0.,0.,1.));
#6042=DIRECTION('ref_axis',(1.,0.,0.));
#6043=DIRECTION('center_axis',(1.,0.,0.));
#6044=DIRECTION('ref_axis',(0.,-1.,0.));
#6045=DIRECTION('',(0.,1.,0.));
#6046=DIRECTION('',(0.,0.,-1.));
#6047=DIRECTION('',(0.,-1.,0.));
#6048=DIRECTION('',(0.,0.,-1.));
#6049=DIRECTION('center_axis',(0.,-1.,0.));
#6050=DIRECTION('ref_axis',(-1.,0.,0.));
#6051=DIRECTION('',(1.,0.,0.));
#6052=DIRECTION('',(-1.,0.,0.));
#6053=DIRECTION('',(0.,0.,-1.));
#6054=DIRECTION('center_axis',(-1.,0.,0.));
#6055=DIRECTION('ref_axis',(0.,1.,0.));
#6056=DIRECTION('',(0.,-1.,0.));
#6057=DIRECTION('',(0.,1.,0.));
#6058=DIRECTION('',(0.,0.,-1.));
#6059=DIRECTION('center_axis',(0.,1.,0.));
#6060=DIRECTION('ref_axis',(1.,0.,0.));
#6061=DIRECTION('',(-1.,0.,0.));
#6062=DIRECTION('',(1.,0.,0.));
#6063=DIRECTION('center_axis',(0.,0.,1.));
#6064=DIRECTION('ref_axis',(1.,0.,0.));
#6065=DIRECTION('center_axis',(1.,0.,0.));
#6066=DIRECTION('ref_axis',(0.,-1.,0.));
#6067=DIRECTION('',(0.,1.,0.));
#6068=DIRECTION('',(0.,0.,-1.));
#6069=DIRECTION('',(0.,-1.,0.));
#6070=DIRECTION('',(0.,0.,-1.));
#6071=DIRECTION('center_axis',(0.,-1.,0.));
#6072=DIRECTION('ref_axis',(-1.,0.,0.));
#6073=DIRECTION('',(1.,0.,0.));
#6074=DIRECTION('',(-1.,0.,0.));
#6075=DIRECTION('',(0.,0.,-1.));
#6076=DIRECTION('center_axis',(-1.,0.,0.));
#6077=DIRECTION('ref_axis',(0.,1.,0.));
#6078=DIRECTION('',(0.,-1.,0.));
#6079=DIRECTION('',(0.,1.,0.));
#6080=DIRECTION('',(0.,0.,-1.));
#6081=DIRECTION('center_axis',(0.,1.,0.));
#6082=DIRECTION('ref_axis',(1.,0.,0.));
#6083=DIRECTION('',(-1.,0.,0.));
#6084=DIRECTION('',(1.,0.,0.));
#6085=DIRECTION('center_axis',(0.,0.,1.));
#6086=DIRECTION('ref_axis',(1.,0.,0.));
#6087=DIRECTION('center_axis',(1.,0.,0.));
#6088=DIRECTION('ref_axis',(0.,-1.,0.));
#6089=DIRECTION('',(0.,1.,0.));
#6090=DIRECTION('',(0.,0.,-1.));
#6091=DIRECTION('',(0.,-1.,0.));
#6092=DIRECTION('',(0.,0.,-1.));
#6093=DIRECTION('center_axis',(0.,-1.,0.));
#6094=DIRECTION('ref_axis',(-1.,0.,0.));
#6095=DIRECTION('',(1.,0.,0.));
#6096=DIRECTION('',(-1.,0.,0.));
#6097=DIRECTION('',(0.,0.,-1.));
#6098=DIRECTION('center_axis',(-1.,0.,0.));
#6099=DIRECTION('ref_axis',(0.,1.,0.));
#6100=DIRECTION('',(0.,-1.,0.));
#6101=DIRECTION('',(0.,1.,0.));
#6102=DIRECTION('',(0.,0.,-1.));
#6103=DIRECTION('center_axis',(0.,1.,0.));
#6104=DIRECTION('ref_axis',(1.,0.,0.));
#6105=DIRECTION('',(-1.,0.,0.));
#6106=DIRECTION('',(1.,0.,0.));
#6107=DIRECTION('center_axis',(0.,0.,1.));
#6108=DIRECTION('ref_axis',(1.,0.,0.));
#6109=DIRECTION('center_axis',(1.,0.,0.));
#6110=DIRECTION('ref_axis',(0.,-1.,0.));
#6111=DIRECTION('',(0.,1.,0.));
#6112=DIRECTION('',(0.,0.,-1.));
#6113=DIRECTION('',(0.,-1.,0.));
#6114=DIRECTION('',(0.,0.,-1.));
#6115=DIRECTION('center_axis',(0.,-1.,0.));
#6116=DIRECTION('ref_axis',(-1.,0.,0.));
#6117=DIRECTION('',(1.,0.,0.));
#6118=DIRECTION('',(-1.,0.,0.));
#6119=DIRECTION('',(0.,0.,-1.));
#6120=DIRECTION('center_axis',(-1.,0.,0.));
#6121=DIRECTION('ref_axis',(0.,1.,0.));
#6122=DIRECTION('',(0.,-1.,0.));
#6123=DIRECTION('',(0.,1.,0.));
#6124=DIRECTION('',(0.,0.,-1.));
#6125=DIRECTION('center_axis',(0.,1.,0.));
#6126=DIRECTION('ref_axis',(1.,0.,0.));
#6127=DIRECTION('',(-1.,0.,0.));
#6128=DIRECTION('',(1.,0.,0.));
#6129=DIRECTION('center_axis',(0.,0.,1.));
#6130=DIRECTION('ref_axis',(1.,0.,0.));
#6131=DIRECTION('center_axis',(1.,0.,0.));
#6132=DIRECTION('ref_axis',(0.,-1.,0.));
#6133=DIRECTION('',(0.,1.,0.));
#6134=DIRECTION('',(0.,0.,-1.));
#6135=DIRECTION('',(0.,-1.,0.));
#6136=DIRECTION('',(0.,0.,-1.));
#6137=DIRECTION('center_axis',(0.,-1.,0.));
#6138=DIRECTION('ref_axis',(-1.,0.,0.));
#6139=DIRECTION('',(1.,0.,0.));
#6140=DIRECTION('',(-1.,0.,0.));
#6141=DIRECTION('',(0.,0.,-1.));
#6142=DIRECTION('center_axis',(-1.,0.,0.));
#6143=DIRECTION('ref_axis',(0.,1.,0.));
#6144=DIRECTION('',(0.,-1.,0.));
#6145=DIRECTION('',(0.,1.,0.));
#6146=DIRECTION('',(0.,0.,-1.));
#6147=DIRECTION('center_axis',(0.,1.,0.));
#6148=DIRECTION('ref_axis',(1.,0.,0.));
#6149=DIRECTION('',(-1.,0.,0.));
#6150=DIRECTION('',(1.,0.,0.));
#6151=DIRECTION('center_axis',(0.,0.,1.));
#6152=DIRECTION('ref_axis',(1.,0.,0.));
#6153=DIRECTION('center_axis',(1.,0.,0.));
#6154=DIRECTION('ref_axis',(0.,-1.,0.));
#6155=DIRECTION('',(0.,1.,0.));
#6156=DIRECTION('',(0.,0.,-1.));
#6157=DIRECTION('',(0.,-1.,0.));
#6158=DIRECTION('',(0.,0.,-1.));
#6159=DIRECTION('center_axis',(0.,-1.,0.));
#6160=DIRECTION('ref_axis',(-1.,0.,0.));
#6161=DIRECTION('',(1.,0.,0.));
#6162=DIRECTION('',(-1.,0.,0.));
#6163=DIRECTION('',(0.,0.,-1.));
#6164=DIRECTION('center_axis',(-1.,0.,0.));
#6165=DIRECTION('ref_axis',(0.,1.,0.));
#6166=DIRECTION('',(0.,-1.,0.));
#6167=DIRECTION('',(0.,1.,0.));
#6168=DIRECTION('',(0.,0.,-1.));
#6169=DIRECTION('center_axis',(0.,1.,0.));
#6170=DIRECTION('ref_axis',(1.,0.,0.));
#6171=DIRECTION('',(-1.,0.,0.));
#6172=DIRECTION('',(1.,0.,0.));
#6173=DIRECTION('center_axis',(0.,0.,1.));
#6174=DIRECTION('ref_axis',(1.,0.,0.));
#6175=DIRECTION('center_axis',(1.,0.,0.));
#6176=DIRECTION('ref_axis',(0.,-1.,0.));
#6177=DIRECTION('',(0.,1.,0.));
#6178=DIRECTION('',(0.,0.,-1.));
#6179=DIRECTION('',(0.,-1.,0.));
#6180=DIRECTION('',(0.,0.,-1.));
#6181=DIRECTION('center_axis',(0.,-1.,0.));
#6182=DIRECTION('ref_axis',(-1.,0.,0.));
#6183=DIRECTION('',(1.,0.,0.));
#6184=DIRECTION('',(-1.,0.,0.));
#6185=DIRECTION('',(0.,0.,-1.));
#6186=DIRECTION('center_axis',(-1.,0.,0.));
#6187=DIRECTION('ref_axis',(0.,1.,0.));
#6188=DIRECTION('',(0.,-1.,0.));
#6189=DIRECTION('',(0.,1.,0.));
#6190=DIRECTION('',(0.,0.,-1.));
#6191=DIRECTION('center_axis',(0.,1.,0.));
#6192=DIRECTION('ref_axis',(1.,0.,0.));
#6193=DIRECTION('',(-1.,0.,0.));
#6194=DIRECTION('',(1.,0.,0.));
#6195=DIRECTION('center_axis',(0.,0.,1.));
#6196=DIRECTION('ref_axis',(1.,0.,0.));
#6197=DIRECTION('center_axis',(1.,0.,0.));
#6198=DIRECTION('ref_axis',(0.,-1.,0.));
#6199=DIRECTION('',(0.,1.,0.));
#6200=DIRECTION('',(0.,0.,-1.));
#6201=DIRECTION('',(0.,-1.,0.));
#6202=DIRECTION('',(0.,0.,-1.));
#6203=DIRECTION('center_axis',(0.,-1.,0.));
#6204=DIRECTION('ref_axis',(-1.,0.,0.));
#6205=DIRECTION('',(1.,0.,0.));
#6206=DIRECTION('',(-1.,0.,0.));
#6207=DIRECTION('',(0.,0.,-1.));
#6208=DIRECTION('center_axis',(-1.,0.,0.));
#6209=DIRECTION('ref_axis',(0.,1.,0.));
#6210=DIRECTION('',(0.,-1.,0.));
#6211=DIRECTION('',(0.,1.,0.));
#6212=DIRECTION('',(0.,0.,-1.));
#6213=DIRECTION('center_axis',(0.,1.,0.));
#6214=DIRECTION('ref_axis',(1.,0.,0.));
#6215=DIRECTION('',(-1.,0.,0.));
#6216=DIRECTION('',(1.,0.,0.));
#6217=DIRECTION('center_axis',(0.,0.,1.));
#6218=DIRECTION('ref_axis',(1.,0.,0.));
#6219=DIRECTION('center_axis',(1.,0.,0.));
#6220=DIRECTION('ref_axis',(0.,-1.,0.));
#6221=DIRECTION('',(0.,1.,0.));
#6222=DIRECTION('',(0.,0.,-1.));
#6223=DIRECTION('',(0.,-1.,0.));
#6224=DIRECTION('',(0.,0.,-1.));
#6225=DIRECTION('center_axis',(0.,-1.,0.));
#6226=DIRECTION('ref_axis',(-1.,0.,0.));
#6227=DIRECTION('',(1.,0.,0.));
#6228=DIRECTION('',(-1.,0.,0.));
#6229=DIRECTION('',(0.,0.,-1.));
#6230=DIRECTION('center_axis',(-1.,0.,0.));
#6231=DIRECTION('ref_axis',(0.,1.,0.));
#6232=DIRECTION('',(0.,-1.,0.));
#6233=DIRECTION('',(0.,1.,0.));
#6234=DIRECTION('',(0.,0.,-1.));
#6235=DIRECTION('center_axis',(0.,1.,0.));
#6236=DIRECTION('ref_axis',(1.,0.,0.));
#6237=DIRECTION('',(-1.,0.,0.));
#6238=DIRECTION('',(1.,0.,0.));
#6239=DIRECTION('center_axis',(0.,0.,1.));
#6240=DIRECTION('ref_axis',(1.,0.,0.));
#6241=DIRECTION('center_axis',(1.,0.,0.));
#6242=DIRECTION('ref_axis',(0.,-1.,0.));
#6243=DIRECTION('',(0.,1.,0.));
#6244=DIRECTION('',(0.,0.,-1.));
#6245=DIRECTION('',(0.,-1.,0.));
#6246=DIRECTION('',(0.,0.,-1.));
#6247=DIRECTION('center_axis',(0.,-1.,0.));
#6248=DIRECTION('ref_axis',(-1.,0.,0.));
#6249=DIRECTION('',(1.,0.,0.));
#6250=DIRECTION('',(-1.,0.,0.));
#6251=DIRECTION('',(0.,0.,-1.));
#6252=DIRECTION('center_axis',(-1.,0.,0.));
#6253=DIRECTION('ref_axis',(0.,1.,0.));
#6254=DIRECTION('',(0.,-1.,0.));
#6255=DIRECTION('',(0.,1.,0.));
#6256=DIRECTION('',(0.,0.,-1.));
#6257=DIRECTION('center_axis',(0.,1.,0.));
#6258=DIRECTION('ref_axis',(1.,0.,0.));
#6259=DIRECTION('',(-1.,0.,0.));
#6260=DIRECTION('',(1.,0.,0.));
#6261=DIRECTION('center_axis',(0.,0.,1.));
#6262=DIRECTION('ref_axis',(1.,0.,0.));
#6263=DIRECTION('center_axis',(1.,0.,0.));
#6264=DIRECTION('ref_axis',(0.,-1.,0.));
#6265=DIRECTION('',(0.,1.,0.));
#6266=DIRECTION('',(0.,0.,-1.));
#6267=DIRECTION('',(0.,-1.,0.));
#6268=DIRECTION('',(0.,0.,-1.));
#6269=DIRECTION('center_axis',(0.,-1.,0.));
#6270=DIRECTION('ref_axis',(-1.,0.,0.));
#6271=DIRECTION('',(1.,0.,0.));
#6272=DIRECTION('',(-1.,0.,0.));
#6273=DIRECTION('',(0.,0.,-1.));
#6274=DIRECTION('center_axis',(-1.,0.,0.));
#6275=DIRECTION('ref_axis',(0.,1.,0.));
#6276=DIRECTION('',(0.,-1.,0.));
#6277=DIRECTION('',(0.,1.,0.));
#6278=DIRECTION('',(0.,0.,-1.));
#6279=DIRECTION('center_axis',(0.,1.,0.));
#6280=DIRECTION('ref_axis',(1.,0.,0.));
#6281=DIRECTION('',(-1.,0.,0.));
#6282=DIRECTION('',(1.,0.,0.));
#6283=DIRECTION('center_axis',(0.,0.,1.));
#6284=DIRECTION('ref_axis',(1.,0.,0.));
#6285=DIRECTION('center_axis',(1.,0.,0.));
#6286=DIRECTION('ref_axis',(0.,-1.,0.));
#6287=DIRECTION('',(0.,1.,0.));
#6288=DIRECTION('',(0.,0.,-1.));
#6289=DIRECTION('',(0.,-1.,0.));
#6290=DIRECTION('',(0.,0.,-1.));
#6291=DIRECTION('center_axis',(0.,-1.,0.));
#6292=DIRECTION('ref_axis',(-1.,0.,0.));
#6293=DIRECTION('',(1.,0.,0.));
#6294=DIRECTION('',(-1.,0.,0.));
#6295=DIRECTION('',(0.,0.,-1.));
#6296=DIRECTION('center_axis',(-1.,0.,0.));
#6297=DIRECTION('ref_axis',(0.,1.,0.));
#6298=DIRECTION('',(0.,-1.,0.));
#6299=DIRECTION('',(0.,1.,0.));
#6300=DIRECTION('',(0.,0.,-1.));
#6301=DIRECTION('center_axis',(0.,1.,0.));
#6302=DIRECTION('ref_axis',(1.,0.,0.));
#6303=DIRECTION('',(-1.,0.,0.));
#6304=DIRECTION('',(1.,0.,0.));
#6305=DIRECTION('center_axis',(0.,0.,1.));
#6306=DIRECTION('ref_axis',(1.,0.,0.));
#6307=DIRECTION('center_axis',(1.,0.,0.));
#6308=DIRECTION('ref_axis',(0.,0.,1.));
#6309=DIRECTION('',(0.,0.,1.));
#6310=DIRECTION('',(0.,-1.,0.));
#6311=DIRECTION('',(0.,0.,-1.));
#6312=DIRECTION('',(0.,-1.,0.));
#6313=DIRECTION('center_axis',(0.,-1.,0.));
#6314=DIRECTION('ref_axis',(0.,0.,1.));
#6315=DIRECTION('',(0.,0.,1.));
#6316=DIRECTION('',(1.,0.,0.));
#6317=DIRECTION('',(-1.,0.,0.));
#6318=DIRECTION('center_axis',(1.,0.,0.));
#6319=DIRECTION('ref_axis',(0.,0.,1.));
#6320=DIRECTION('',(0.,-1.,0.));
#6321=DIRECTION('',(0.,0.,1.));
#6322=DIRECTION('',(0.,-1.,0.));
#6323=DIRECTION('center_axis',(-1.,0.,0.));
#6324=DIRECTION('ref_axis',(0.,0.,-1.));
#6325=DIRECTION('',(0.,-1.,0.));
#6326=DIRECTION('',(0.,1.,0.));
#6327=DIRECTION('',(0.,0.,-1.));
#6328=DIRECTION('center_axis',(0.,1.,0.));
#6329=DIRECTION('ref_axis',(0.,0.,-1.));
#6330=DIRECTION('',(1.,0.,0.));
#6331=DIRECTION('',(-1.,0.,0.));
#6332=DIRECTION('center_axis',(0.,-1.,0.));
#6333=DIRECTION('ref_axis',(0.,0.,1.));
#6334=DIRECTION('',(1.,0.,0.));
#6335=DIRECTION('',(-1.,0.,0.));
#6336=DIRECTION('center_axis',(0.,0.,-1.));
#6337=DIRECTION('ref_axis',(1.,0.,0.));
#6338=DIRECTION('center_axis',(-0.513600991868353,0.,-0.858029149360232));
#6339=DIRECTION('ref_axis',(0.858029149360232,0.,-0.513600991868353));
#6340=DIRECTION('',(0.,-1.,0.));
#6341=DIRECTION('',(0.858029149360232,0.,-0.513600991868353));
#6342=DIRECTION('center_axis',(-0.707106970847295,0.,0.707106591525749));
#6343=DIRECTION('ref_axis',(-0.707106591525749,0.,-0.707106970847295));
#6344=DIRECTION('',(0.,-1.,0.));
#6345=DIRECTION('',(-0.707106591525749,0.,-0.707106970847295));
#6346=DIRECTION('',(0.,-1.,0.));
#6347=DIRECTION('center_axis',(-1.,0.,8.44735428282537E-16));
#6348=DIRECTION('ref_axis',(-8.44735428282537E-16,0.,-1.));
#6349=DIRECTION('',(0.,-1.,0.));
#6350=DIRECTION('',(-8.44735428282537E-16,0.,-1.));
#6351=DIRECTION('center_axis',(-0.500000512178282,0.,0.866025108077968));
#6352=DIRECTION('ref_axis',(-0.866025108077968,0.,-0.500000512178282));
#6353=DIRECTION('',(0.,-1.,0.));
#6354=DIRECTION('',(-0.866025108077968,0.,-0.500000512178282));
#6355=DIRECTION('center_axis',(0.499999822558016,0.,0.866025506230592));
#6356=DIRECTION('ref_axis',(-0.866025506230592,0.,0.499999822558016));
#6357=DIRECTION('',(0.,-1.,0.));
#6358=DIRECTION('',(-0.866025506230592,0.,0.499999822558016));
#6359=DIRECTION('center_axis',(1.,0.,8.54017628381881E-16));
#6360=DIRECTION('ref_axis',(-8.54017628381881E-16,0.,1.));
#6361=DIRECTION('',(0.,-1.,0.));
#6362=DIRECTION('',(-8.54017628381881E-16,0.,1.));
#6363=DIRECTION('center_axis',(0.,0.,1.));
#6364=DIRECTION('ref_axis',(-1.,0.,0.));
#6365=DIRECTION('',(-1.,0.,0.));
#6366=DIRECTION('center_axis',(0.,0.928476690885259,0.371390676354104));
#6367=DIRECTION('ref_axis',(0.,-0.371390676354104,0.928476690885259));
#6368=DIRECTION('',(-0.348155311911395,0.348155311911396,-0.870388279778489));
#6369=DIRECTION('',(-1.,0.,0.));
#6370=DIRECTION('',(0.348155311911396,-0.348155311911396,0.870388279778489));
#6371=DIRECTION('center_axis',(-0.928476690885259,0.,0.371390676354103));
#6372=DIRECTION('ref_axis',(0.371390676354103,0.,0.928476690885259));
#6373=DIRECTION('',(0.,-1.,0.));
#6374=DIRECTION('',(0.,-1.,0.));
#6375=DIRECTION('center_axis',(0.707106781186548,0.707106781186547,0.));
#6376=DIRECTION('ref_axis',(0.,0.,-1.));
#6377=DIRECTION('',(-0.707106781186547,0.707106781186548,0.));
#6378=DIRECTION('',(0.,0.,1.));
#6379=DIRECTION('',(0.707106781186547,-0.707106781186548,0.));
#6380=DIRECTION('center_axis',(1.,0.,0.));
#6381=DIRECTION('ref_axis',(0.,-1.,0.));
#6382=DIRECTION('',(0.,-1.,0.));
#6383=DIRECTION('',(0.,0.,-1.));
#6384=DIRECTION('',(0.,-1.,0.));
#6385=DIRECTION('',(0.,0.,-1.));
#6386=DIRECTION('center_axis',(0.,1.,0.));
#6387=DIRECTION('ref_axis',(1.,0.,0.));
#6388=DIRECTION('',(1.,0.,0.));
#6389=DIRECTION('',(0.,0.,-1.));
#6390=DIRECTION('',(1.,0.,0.));
#6391=DIRECTION('center_axis',(-1.,0.,0.));
#6392=DIRECTION('ref_axis',(0.,1.,0.));
#6393=DIRECTION('',(0.,1.,0.));
#6394=DIRECTION('',(0.,0.,-1.));
#6395=DIRECTION('',(0.,1.,0.));
#6396=DIRECTION('center_axis',(0.,-1.,0.));
#6397=DIRECTION('ref_axis',(-1.,0.,0.));
#6398=DIRECTION('',(-1.,0.,0.));
#6399=DIRECTION('',(-1.,0.,0.));
#6400=DIRECTION('center_axis',(0.,0.,-1.));
#6401=DIRECTION('ref_axis',(-1.,0.,0.));
#6402=DIRECTION('center_axis',(1.,0.,0.));
#6403=DIRECTION('ref_axis',(0.,-1.,0.));
#6404=DIRECTION('',(0.,-1.,0.));
#6405=DIRECTION('',(0.,0.,-1.));
#6406=DIRECTION('',(0.,-1.,0.));
#6407=DIRECTION('',(0.,0.,-1.));
#6408=DIRECTION('center_axis',(0.,1.,0.));
#6409=DIRECTION('ref_axis',(1.,0.,0.));
#6410=DIRECTION('',(1.,0.,0.));
#6411=DIRECTION('',(0.,0.,-1.));
#6412=DIRECTION('',(1.,0.,0.));
#6413=DIRECTION('center_axis',(-1.,0.,0.));
#6414=DIRECTION('ref_axis',(0.,1.,0.));
#6415=DIRECTION('',(0.,1.,0.));
#6416=DIRECTION('',(0.,0.,-1.));
#6417=DIRECTION('',(0.,1.,0.));
#6418=DIRECTION('center_axis',(0.,-1.,0.));
#6419=DIRECTION('ref_axis',(-1.,0.,0.));
#6420=DIRECTION('',(-1.,0.,0.));
#6421=DIRECTION('',(-1.,0.,0.));
#6422=DIRECTION('center_axis',(0.,0.,-1.));
#6423=DIRECTION('ref_axis',(-1.,0.,0.));
#6424=DIRECTION('center_axis',(1.,0.,0.));
#6425=DIRECTION('ref_axis',(0.,-1.,0.));
#6426=DIRECTION('',(0.,-1.,0.));
#6427=DIRECTION('',(0.,0.,-1.));
#6428=DIRECTION('',(0.,-1.,0.));
#6429=DIRECTION('',(0.,0.,-1.));
#6430=DIRECTION('center_axis',(0.,1.,0.));
#6431=DIRECTION('ref_axis',(1.,0.,0.));
#6432=DIRECTION('',(1.,0.,0.));
#6433=DIRECTION('',(0.,0.,-1.));
#6434=DIRECTION('',(1.,0.,0.));
#6435=DIRECTION('center_axis',(-1.,0.,0.));
#6436=DIRECTION('ref_axis',(0.,1.,0.));
#6437=DIRECTION('',(0.,1.,0.));
#6438=DIRECTION('',(0.,0.,-1.));
#6439=DIRECTION('',(0.,1.,0.));
#6440=DIRECTION('center_axis',(0.,-1.,0.));
#6441=DIRECTION('ref_axis',(-1.,0.,0.));
#6442=DIRECTION('',(-1.,0.,0.));
#6443=DIRECTION('',(-1.,0.,0.));
#6444=DIRECTION('center_axis',(0.,0.,-1.));
#6445=DIRECTION('ref_axis',(-1.,0.,0.));
#6446=DIRECTION('center_axis',(1.,0.,0.));
#6447=DIRECTION('ref_axis',(0.,-1.,0.));
#6448=DIRECTION('',(0.,-1.,0.));
#6449=DIRECTION('',(0.,0.,-1.));
#6450=DIRECTION('',(0.,-1.,0.));
#6451=DIRECTION('',(0.,0.,-1.));
#6452=DIRECTION('center_axis',(0.,1.,0.));
#6453=DIRECTION('ref_axis',(1.,0.,0.));
#6454=DIRECTION('',(1.,0.,0.));
#6455=DIRECTION('',(0.,0.,-1.));
#6456=DIRECTION('',(1.,0.,0.));
#6457=DIRECTION('center_axis',(-1.,0.,0.));
#6458=DIRECTION('ref_axis',(0.,1.,0.));
#6459=DIRECTION('',(0.,1.,0.));
#6460=DIRECTION('',(0.,0.,-1.));
#6461=DIRECTION('',(0.,1.,0.));
#6462=DIRECTION('center_axis',(0.,-1.,0.));
#6463=DIRECTION('ref_axis',(-1.,0.,0.));
#6464=DIRECTION('',(-1.,0.,0.));
#6465=DIRECTION('',(-1.,0.,0.));
#6466=DIRECTION('center_axis',(0.,0.,-1.));
#6467=DIRECTION('ref_axis',(-1.,0.,0.));
#6468=DIRECTION('center_axis',(1.,0.,0.));
#6469=DIRECTION('ref_axis',(0.,-1.,0.));
#6470=DIRECTION('',(0.,-1.,0.));
#6471=DIRECTION('',(0.,0.,-1.));
#6472=DIRECTION('',(0.,-1.,0.));
#6473=DIRECTION('',(0.,0.,-1.));
#6474=DIRECTION('center_axis',(0.,1.,0.));
#6475=DIRECTION('ref_axis',(1.,0.,0.));
#6476=DIRECTION('',(1.,0.,0.));
#6477=DIRECTION('',(0.,0.,-1.));
#6478=DIRECTION('',(1.,0.,0.));
#6479=DIRECTION('center_axis',(-1.,0.,0.));
#6480=DIRECTION('ref_axis',(0.,1.,0.));
#6481=DIRECTION('',(0.,1.,0.));
#6482=DIRECTION('',(0.,0.,-1.));
#6483=DIRECTION('',(0.,1.,0.));
#6484=DIRECTION('center_axis',(0.,-1.,0.));
#6485=DIRECTION('ref_axis',(-1.,0.,0.));
#6486=DIRECTION('',(-1.,0.,0.));
#6487=DIRECTION('',(-1.,0.,0.));
#6488=DIRECTION('center_axis',(0.,0.,-1.));
#6489=DIRECTION('ref_axis',(-1.,0.,0.));
#6490=DIRECTION('center_axis',(1.,0.,0.));
#6491=DIRECTION('ref_axis',(0.,-1.,0.));
#6492=DIRECTION('',(0.,-1.,0.));
#6493=DIRECTION('',(0.,0.,-1.));
#6494=DIRECTION('',(0.,-1.,0.));
#6495=DIRECTION('',(0.,0.,-1.));
#6496=DIRECTION('center_axis',(0.,1.,0.));
#6497=DIRECTION('ref_axis',(1.,0.,0.));
#6498=DIRECTION('',(1.,0.,0.));
#6499=DIRECTION('',(0.,0.,-1.));
#6500=DIRECTION('',(1.,0.,0.));
#6501=DIRECTION('center_axis',(-1.,0.,0.));
#6502=DIRECTION('ref_axis',(0.,1.,0.));
#6503=DIRECTION('',(0.,1.,0.));
#6504=DIRECTION('',(0.,0.,-1.));
#6505=DIRECTION('',(0.,1.,0.));
#6506=DIRECTION('center_axis',(0.,-1.,0.));
#6507=DIRECTION('ref_axis',(-1.,0.,0.));
#6508=DIRECTION('',(-1.,0.,0.));
#6509=DIRECTION('',(-1.,0.,0.));
#6510=DIRECTION('center_axis',(0.,0.,-1.));
#6511=DIRECTION('ref_axis',(-1.,0.,0.));
#6512=DIRECTION('center_axis',(1.,0.,0.));
#6513=DIRECTION('ref_axis',(0.,-1.,0.));
#6514=DIRECTION('',(0.,-1.,0.));
#6515=DIRECTION('',(0.,0.,-1.));
#6516=DIRECTION('',(0.,-1.,0.));
#6517=DIRECTION('',(0.,0.,-1.));
#6518=DIRECTION('center_axis',(0.,1.,0.));
#6519=DIRECTION('ref_axis',(1.,0.,0.));
#6520=DIRECTION('',(1.,0.,0.));
#6521=DIRECTION('',(0.,0.,-1.));
#6522=DIRECTION('',(1.,0.,0.));
#6523=DIRECTION('center_axis',(-1.,0.,0.));
#6524=DIRECTION('ref_axis',(0.,1.,0.));
#6525=DIRECTION('',(0.,1.,0.));
#6526=DIRECTION('',(0.,0.,-1.));
#6527=DIRECTION('',(0.,1.,0.));
#6528=DIRECTION('center_axis',(0.,-1.,0.));
#6529=DIRECTION('ref_axis',(-1.,0.,0.));
#6530=DIRECTION('',(-1.,0.,0.));
#6531=DIRECTION('',(-1.,0.,0.));
#6532=DIRECTION('center_axis',(0.,0.,-1.));
#6533=DIRECTION('ref_axis',(-1.,0.,0.));
#6534=DIRECTION('center_axis',(1.,0.,0.));
#6535=DIRECTION('ref_axis',(0.,-1.,0.));
#6536=DIRECTION('',(0.,-1.,0.));
#6537=DIRECTION('',(0.,0.,-1.));
#6538=DIRECTION('',(0.,-1.,0.));
#6539=DIRECTION('',(0.,0.,-1.));
#6540=DIRECTION('center_axis',(0.,1.,0.));
#6541=DIRECTION('ref_axis',(1.,0.,0.));
#6542=DIRECTION('',(1.,0.,0.));
#6543=DIRECTION('',(0.,0.,-1.));
#6544=DIRECTION('',(1.,0.,0.));
#6545=DIRECTION('center_axis',(-1.,0.,0.));
#6546=DIRECTION('ref_axis',(0.,1.,0.));
#6547=DIRECTION('',(0.,1.,0.));
#6548=DIRECTION('',(0.,0.,-1.));
#6549=DIRECTION('',(0.,1.,0.));
#6550=DIRECTION('center_axis',(0.,-1.,0.));
#6551=DIRECTION('ref_axis',(-1.,0.,0.));
#6552=DIRECTION('',(-1.,0.,0.));
#6553=DIRECTION('',(-1.,0.,0.));
#6554=DIRECTION('center_axis',(0.,0.,-1.));
#6555=DIRECTION('ref_axis',(-1.,0.,0.));
#6556=DIRECTION('center_axis',(1.,0.,0.));
#6557=DIRECTION('ref_axis',(0.,-1.,0.));
#6558=DIRECTION('',(0.,-1.,0.));
#6559=DIRECTION('',(0.,0.,-1.));
#6560=DIRECTION('',(0.,-1.,0.));
#6561=DIRECTION('',(0.,0.,-1.));
#6562=DIRECTION('center_axis',(0.,1.,0.));
#6563=DIRECTION('ref_axis',(1.,0.,0.));
#6564=DIRECTION('',(1.,0.,0.));
#6565=DIRECTION('',(0.,0.,-1.));
#6566=DIRECTION('',(1.,0.,0.));
#6567=DIRECTION('center_axis',(-1.,0.,0.));
#6568=DIRECTION('ref_axis',(0.,1.,0.));
#6569=DIRECTION('',(0.,1.,0.));
#6570=DIRECTION('',(0.,0.,-1.));
#6571=DIRECTION('',(0.,1.,0.));
#6572=DIRECTION('center_axis',(0.,-1.,0.));
#6573=DIRECTION('ref_axis',(-1.,0.,0.));
#6574=DIRECTION('',(-1.,0.,0.));
#6575=DIRECTION('',(-1.,0.,0.));
#6576=DIRECTION('center_axis',(0.,0.,-1.));
#6577=DIRECTION('ref_axis',(-1.,0.,0.));
#6578=DIRECTION('center_axis',(1.,0.,0.));
#6579=DIRECTION('ref_axis',(0.,-1.,0.));
#6580=DIRECTION('',(0.,-1.,0.));
#6581=DIRECTION('',(0.,0.,-1.));
#6582=DIRECTION('',(0.,-1.,0.));
#6583=DIRECTION('',(0.,0.,-1.));
#6584=DIRECTION('center_axis',(0.,1.,0.));
#6585=DIRECTION('ref_axis',(1.,0.,0.));
#6586=DIRECTION('',(1.,0.,0.));
#6587=DIRECTION('',(0.,0.,-1.));
#6588=DIRECTION('',(1.,0.,0.));
#6589=DIRECTION('center_axis',(-1.,0.,0.));
#6590=DIRECTION('ref_axis',(0.,1.,0.));
#6591=DIRECTION('',(0.,1.,0.));
#6592=DIRECTION('',(0.,0.,-1.));
#6593=DIRECTION('',(0.,1.,0.));
#6594=DIRECTION('center_axis',(0.,-1.,0.));
#6595=DIRECTION('ref_axis',(-1.,0.,0.));
#6596=DIRECTION('',(-1.,0.,0.));
#6597=DIRECTION('',(-1.,0.,0.));
#6598=DIRECTION('center_axis',(0.,0.,-1.));
#6599=DIRECTION('ref_axis',(-1.,0.,0.));
#6600=DIRECTION('center_axis',(1.,0.,0.));
#6601=DIRECTION('ref_axis',(0.,-1.,0.));
#6602=DIRECTION('',(0.,-1.,0.));
#6603=DIRECTION('',(0.,0.,-1.));
#6604=DIRECTION('',(0.,-1.,0.));
#6605=DIRECTION('',(0.,0.,-1.));
#6606=DIRECTION('center_axis',(0.,1.,0.));
#6607=DIRECTION('ref_axis',(1.,0.,0.));
#6608=DIRECTION('',(1.,0.,0.));
#6609=DIRECTION('',(0.,0.,-1.));
#6610=DIRECTION('',(1.,0.,0.));
#6611=DIRECTION('center_axis',(-1.,0.,0.));
#6612=DIRECTION('ref_axis',(0.,1.,0.));
#6613=DIRECTION('',(0.,1.,0.));
#6614=DIRECTION('',(0.,0.,-1.));
#6615=DIRECTION('',(0.,1.,0.));
#6616=DIRECTION('center_axis',(0.,-1.,0.));
#6617=DIRECTION('ref_axis',(-1.,0.,0.));
#6618=DIRECTION('',(-1.,0.,0.));
#6619=DIRECTION('',(-1.,0.,0.));
#6620=DIRECTION('center_axis',(0.,0.,-1.));
#6621=DIRECTION('ref_axis',(-1.,0.,0.));
#6622=DIRECTION('center_axis',(1.,0.,0.));
#6623=DIRECTION('ref_axis',(0.,-1.,0.));
#6624=DIRECTION('',(0.,-1.,0.));
#6625=DIRECTION('',(0.,0.,-1.));
#6626=DIRECTION('',(0.,-1.,0.));
#6627=DIRECTION('',(0.,0.,-1.));
#6628=DIRECTION('center_axis',(0.,1.,0.));
#6629=DIRECTION('ref_axis',(1.,0.,0.));
#6630=DIRECTION('',(1.,0.,0.));
#6631=DIRECTION('',(0.,0.,-1.));
#6632=DIRECTION('',(1.,0.,0.));
#6633=DIRECTION('center_axis',(-1.,0.,0.));
#6634=DIRECTION('ref_axis',(0.,1.,0.));
#6635=DIRECTION('',(0.,1.,0.));
#6636=DIRECTION('',(0.,0.,-1.));
#6637=DIRECTION('',(0.,1.,0.));
#6638=DIRECTION('center_axis',(0.,-1.,0.));
#6639=DIRECTION('ref_axis',(-1.,0.,0.));
#6640=DIRECTION('',(-1.,0.,0.));
#6641=DIRECTION('',(-1.,0.,0.));
#6642=DIRECTION('center_axis',(0.,0.,-1.));
#6643=DIRECTION('ref_axis',(-1.,0.,0.));
#6644=DIRECTION('center_axis',(1.,0.,0.));
#6645=DIRECTION('ref_axis',(0.,-1.,0.));
#6646=DIRECTION('',(0.,-1.,0.));
#6647=DIRECTION('',(0.,0.,-1.));
#6648=DIRECTION('',(0.,-1.,0.));
#6649=DIRECTION('',(0.,0.,-1.));
#6650=DIRECTION('center_axis',(0.,1.,0.));
#6651=DIRECTION('ref_axis',(1.,0.,0.));
#6652=DIRECTION('',(1.,0.,0.));
#6653=DIRECTION('',(0.,0.,-1.));
#6654=DIRECTION('',(1.,0.,0.));
#6655=DIRECTION('center_axis',(-1.,0.,0.));
#6656=DIRECTION('ref_axis',(0.,1.,0.));
#6657=DIRECTION('',(0.,1.,0.));
#6658=DIRECTION('',(0.,0.,-1.));
#6659=DIRECTION('',(0.,1.,0.));
#6660=DIRECTION('center_axis',(0.,-1.,0.));
#6661=DIRECTION('ref_axis',(-1.,0.,0.));
#6662=DIRECTION('',(-1.,0.,0.));
#6663=DIRECTION('',(-1.,0.,0.));
#6664=DIRECTION('center_axis',(0.,0.,-1.));
#6665=DIRECTION('ref_axis',(-1.,0.,0.));
#6666=DIRECTION('center_axis',(1.,0.,0.));
#6667=DIRECTION('ref_axis',(0.,-1.,0.));
#6668=DIRECTION('',(0.,-1.,0.));
#6669=DIRECTION('',(0.,0.,-1.));
#6670=DIRECTION('',(0.,-1.,0.));
#6671=DIRECTION('',(0.,0.,-1.));
#6672=DIRECTION('center_axis',(0.,1.,0.));
#6673=DIRECTION('ref_axis',(1.,0.,0.));
#6674=DIRECTION('',(1.,0.,0.));
#6675=DIRECTION('',(0.,0.,-1.));
#6676=DIRECTION('',(1.,0.,0.));
#6677=DIRECTION('center_axis',(-1.,0.,0.));
#6678=DIRECTION('ref_axis',(0.,1.,0.));
#6679=DIRECTION('',(0.,1.,0.));
#6680=DIRECTION('',(0.,0.,-1.));
#6681=DIRECTION('',(0.,1.,0.));
#6682=DIRECTION('center_axis',(0.,-1.,0.));
#6683=DIRECTION('ref_axis',(-1.,0.,0.));
#6684=DIRECTION('',(-1.,0.,0.));
#6685=DIRECTION('',(-1.,0.,0.));
#6686=DIRECTION('center_axis',(0.,0.,-1.));
#6687=DIRECTION('ref_axis',(-1.,0.,0.));
#6688=DIRECTION('center_axis',(1.,0.,0.));
#6689=DIRECTION('ref_axis',(0.,-1.,0.));
#6690=DIRECTION('',(0.,-1.,0.));
#6691=DIRECTION('',(0.,0.,-1.));
#6692=DIRECTION('',(0.,-1.,0.));
#6693=DIRECTION('',(0.,0.,-1.));
#6694=DIRECTION('center_axis',(0.,1.,0.));
#6695=DIRECTION('ref_axis',(1.,0.,0.));
#6696=DIRECTION('',(1.,0.,0.));
#6697=DIRECTION('',(0.,0.,-1.));
#6698=DIRECTION('',(1.,0.,0.));
#6699=DIRECTION('center_axis',(-1.,0.,0.));
#6700=DIRECTION('ref_axis',(0.,1.,0.));
#6701=DIRECTION('',(0.,1.,0.));
#6702=DIRECTION('',(0.,0.,-1.));
#6703=DIRECTION('',(0.,1.,0.));
#6704=DIRECTION('center_axis',(0.,-1.,0.));
#6705=DIRECTION('ref_axis',(-1.,0.,0.));
#6706=DIRECTION('',(-1.,0.,0.));
#6707=DIRECTION('',(-1.,0.,0.));
#6708=DIRECTION('center_axis',(0.,0.,-1.));
#6709=DIRECTION('ref_axis',(-1.,0.,0.));
#6710=DIRECTION('center_axis',(1.,0.,0.));
#6711=DIRECTION('ref_axis',(0.,-1.,0.));
#6712=DIRECTION('',(0.,-1.,0.));
#6713=DIRECTION('',(0.,0.,-1.));
#6714=DIRECTION('',(0.,-1.,0.));
#6715=DIRECTION('',(0.,0.,-1.));
#6716=DIRECTION('center_axis',(0.,1.,0.));
#6717=DIRECTION('ref_axis',(1.,0.,0.));
#6718=DIRECTION('',(1.,0.,0.));
#6719=DIRECTION('',(0.,0.,-1.));
#6720=DIRECTION('',(1.,0.,0.));
#6721=DIRECTION('center_axis',(-1.,0.,0.));
#6722=DIRECTION('ref_axis',(0.,1.,0.));
#6723=DIRECTION('',(0.,1.,0.));
#6724=DIRECTION('',(0.,0.,-1.));
#6725=DIRECTION('',(0.,1.,0.));
#6726=DIRECTION('center_axis',(0.,-1.,0.));
#6727=DIRECTION('ref_axis',(-1.,0.,0.));
#6728=DIRECTION('',(-1.,0.,0.));
#6729=DIRECTION('',(-1.,0.,0.));
#6730=DIRECTION('center_axis',(0.,0.,-1.));
#6731=DIRECTION('ref_axis',(-1.,0.,0.));
#6732=DIRECTION('center_axis',(1.,0.,0.));
#6733=DIRECTION('ref_axis',(0.,-1.,0.));
#6734=DIRECTION('',(0.,-1.,0.));
#6735=DIRECTION('',(0.,0.,-1.));
#6736=DIRECTION('',(0.,-1.,0.));
#6737=DIRECTION('',(0.,0.,-1.));
#6738=DIRECTION('center_axis',(0.,1.,0.));
#6739=DIRECTION('ref_axis',(1.,0.,0.));
#6740=DIRECTION('',(1.,0.,0.));
#6741=DIRECTION('',(0.,0.,-1.));
#6742=DIRECTION('',(1.,0.,0.));
#6743=DIRECTION('center_axis',(-1.,0.,0.));
#6744=DIRECTION('ref_axis',(0.,1.,0.));
#6745=DIRECTION('',(0.,1.,0.));
#6746=DIRECTION('',(0.,0.,-1.));
#6747=DIRECTION('',(0.,1.,0.));
#6748=DIRECTION('center_axis',(0.,-1.,0.));
#6749=DIRECTION('ref_axis',(-1.,0.,0.));
#6750=DIRECTION('',(-1.,0.,0.));
#6751=DIRECTION('',(-1.,0.,0.));
#6752=DIRECTION('center_axis',(0.,0.,-1.));
#6753=DIRECTION('ref_axis',(-1.,0.,0.));
#6754=DIRECTION('center_axis',(1.,0.,0.));
#6755=DIRECTION('ref_axis',(0.,-1.,0.));
#6756=DIRECTION('',(0.,-1.,0.));
#6757=DIRECTION('',(0.,0.,-1.));
#6758=DIRECTION('',(0.,-1.,0.));
#6759=DIRECTION('',(0.,0.,-1.));
#6760=DIRECTION('center_axis',(0.,1.,0.));
#6761=DIRECTION('ref_axis',(1.,0.,0.));
#6762=DIRECTION('',(1.,0.,0.));
#6763=DIRECTION('',(0.,0.,-1.));
#6764=DIRECTION('',(1.,0.,0.));
#6765=DIRECTION('center_axis',(-1.,0.,0.));
#6766=DIRECTION('ref_axis',(0.,1.,0.));
#6767=DIRECTION('',(0.,1.,0.));
#6768=DIRECTION('',(0.,0.,-1.));
#6769=DIRECTION('',(0.,1.,0.));
#6770=DIRECTION('center_axis',(0.,-1.,0.));
#6771=DIRECTION('ref_axis',(-1.,0.,0.));
#6772=DIRECTION('',(-1.,0.,0.));
#6773=DIRECTION('',(-1.,0.,0.));
#6774=DIRECTION('center_axis',(0.,0.,-1.));
#6775=DIRECTION('ref_axis',(-1.,0.,0.));
#6776=DIRECTION('center_axis',(1.,0.,0.));
#6777=DIRECTION('ref_axis',(0.,-1.,0.));
#6778=DIRECTION('',(0.,-1.,0.));
#6779=DIRECTION('',(0.,0.,-1.));
#6780=DIRECTION('',(0.,-1.,0.));
#6781=DIRECTION('',(0.,0.,-1.));
#6782=DIRECTION('center_axis',(0.,1.,0.));
#6783=DIRECTION('ref_axis',(1.,0.,0.));
#6784=DIRECTION('',(1.,0.,0.));
#6785=DIRECTION('',(0.,0.,-1.));
#6786=DIRECTION('',(1.,0.,0.));
#6787=DIRECTION('center_axis',(-1.,0.,0.));
#6788=DIRECTION('ref_axis',(0.,1.,0.));
#6789=DIRECTION('',(0.,1.,0.));
#6790=DIRECTION('',(0.,0.,-1.));
#6791=DIRECTION('',(0.,1.,0.));
#6792=DIRECTION('center_axis',(0.,-1.,0.));
#6793=DIRECTION('ref_axis',(-1.,0.,0.));
#6794=DIRECTION('',(-1.,0.,0.));
#6795=DIRECTION('',(-1.,0.,0.));
#6796=DIRECTION('center_axis',(0.,0.,-1.));
#6797=DIRECTION('ref_axis',(-1.,0.,0.));
#6798=DIRECTION('center_axis',(1.,0.,0.));
#6799=DIRECTION('ref_axis',(0.,-1.,0.));
#6800=DIRECTION('',(0.,-1.,0.));
#6801=DIRECTION('',(0.,0.,-1.));
#6802=DIRECTION('',(0.,-1.,0.));
#6803=DIRECTION('',(0.,0.,-1.));
#6804=DIRECTION('center_axis',(0.,1.,0.));
#6805=DIRECTION('ref_axis',(1.,0.,0.));
#6806=DIRECTION('',(1.,0.,0.));
#6807=DIRECTION('',(0.,0.,-1.));
#6808=DIRECTION('',(1.,0.,0.));
#6809=DIRECTION('center_axis',(-1.,0.,0.));
#6810=DIRECTION('ref_axis',(0.,1.,0.));
#6811=DIRECTION('',(0.,1.,0.));
#6812=DIRECTION('',(0.,0.,-1.));
#6813=DIRECTION('',(0.,1.,0.));
#6814=DIRECTION('center_axis',(0.,-1.,0.));
#6815=DIRECTION('ref_axis',(-1.,0.,0.));
#6816=DIRECTION('',(-1.,0.,0.));
#6817=DIRECTION('',(-1.,0.,0.));
#6818=DIRECTION('center_axis',(0.,0.,-1.));
#6819=DIRECTION('ref_axis',(-1.,0.,0.));
#6820=DIRECTION('center_axis',(1.,0.,0.));
#6821=DIRECTION('ref_axis',(0.,-1.,0.));
#6822=DIRECTION('',(0.,-1.,0.));
#6823=DIRECTION('',(0.,0.,-1.));
#6824=DIRECTION('',(0.,-1.,0.));
#6825=DIRECTION('',(0.,0.,-1.));
#6826=DIRECTION('center_axis',(0.,1.,0.));
#6827=DIRECTION('ref_axis',(1.,0.,0.));
#6828=DIRECTION('',(1.,0.,0.));
#6829=DIRECTION('',(0.,0.,-1.));
#6830=DIRECTION('',(1.,0.,0.));
#6831=DIRECTION('center_axis',(-1.,0.,0.));
#6832=DIRECTION('ref_axis',(0.,1.,0.));
#6833=DIRECTION('',(0.,1.,0.));
#6834=DIRECTION('',(0.,0.,-1.));
#6835=DIRECTION('',(0.,1.,0.));
#6836=DIRECTION('center_axis',(0.,-1.,0.));
#6837=DIRECTION('ref_axis',(-1.,0.,0.));
#6838=DIRECTION('',(-1.,0.,0.));
#6839=DIRECTION('',(-1.,0.,0.));
#6840=DIRECTION('center_axis',(0.,0.,-1.));
#6841=DIRECTION('ref_axis',(-1.,0.,0.));
#6842=DIRECTION('center_axis',(1.,0.,0.));
#6843=DIRECTION('ref_axis',(0.,-1.,0.));
#6844=DIRECTION('',(0.,-1.,0.));
#6845=DIRECTION('',(0.,0.,-1.));
#6846=DIRECTION('',(0.,-1.,0.));
#6847=DIRECTION('',(0.,0.,-1.));
#6848=DIRECTION('center_axis',(0.,1.,0.));
#6849=DIRECTION('ref_axis',(1.,0.,0.));
#6850=DIRECTION('',(1.,0.,0.));
#6851=DIRECTION('',(0.,0.,-1.));
#6852=DIRECTION('',(1.,0.,0.));
#6853=DIRECTION('center_axis',(-1.,0.,0.));
#6854=DIRECTION('ref_axis',(0.,1.,0.));
#6855=DIRECTION('',(0.,1.,0.));
#6856=DIRECTION('',(0.,0.,-1.));
#6857=DIRECTION('',(0.,1.,0.));
#6858=DIRECTION('center_axis',(0.,-1.,0.));
#6859=DIRECTION('ref_axis',(-1.,0.,0.));
#6860=DIRECTION('',(-1.,0.,0.));
#6861=DIRECTION('',(-1.,0.,0.));
#6862=DIRECTION('center_axis',(0.,0.,-1.));
#6863=DIRECTION('ref_axis',(-1.,0.,0.));
#6864=DIRECTION('center_axis',(1.,0.,0.));
#6865=DIRECTION('ref_axis',(0.,-1.,0.));
#6866=DIRECTION('',(0.,-1.,0.));
#6867=DIRECTION('',(0.,0.,-1.));
#6868=DIRECTION('',(0.,-1.,0.));
#6869=DIRECTION('',(0.,0.,-1.));
#6870=DIRECTION('center_axis',(0.,1.,0.));
#6871=DIRECTION('ref_axis',(1.,0.,0.));
#6872=DIRECTION('',(1.,0.,0.));
#6873=DIRECTION('',(0.,0.,-1.));
#6874=DIRECTION('',(1.,0.,0.));
#6875=DIRECTION('center_axis',(-1.,0.,0.));
#6876=DIRECTION('ref_axis',(0.,1.,0.));
#6877=DIRECTION('',(0.,1.,0.));
#6878=DIRECTION('',(0.,0.,-1.));
#6879=DIRECTION('',(0.,1.,0.));
#6880=DIRECTION('center_axis',(0.,-1.,0.));
#6881=DIRECTION('ref_axis',(-1.,0.,0.));
#6882=DIRECTION('',(-1.,0.,0.));
#6883=DIRECTION('',(-1.,0.,0.));
#6884=DIRECTION('center_axis',(0.,0.,-1.));
#6885=DIRECTION('ref_axis',(-1.,0.,0.));
#6886=DIRECTION('center_axis',(1.,0.,0.));
#6887=DIRECTION('ref_axis',(0.,-1.,0.));
#6888=DIRECTION('',(0.,-1.,0.));
#6889=DIRECTION('',(0.,0.,-1.));
#6890=DIRECTION('',(0.,-1.,0.));
#6891=DIRECTION('',(0.,0.,-1.));
#6892=DIRECTION('center_axis',(0.,1.,0.));
#6893=DIRECTION('ref_axis',(1.,0.,0.));
#6894=DIRECTION('',(1.,0.,0.));
#6895=DIRECTION('',(0.,0.,-1.));
#6896=DIRECTION('',(1.,0.,0.));
#6897=DIRECTION('center_axis',(-1.,0.,0.));
#6898=DIRECTION('ref_axis',(0.,1.,0.));
#6899=DIRECTION('',(0.,1.,0.));
#6900=DIRECTION('',(0.,0.,-1.));
#6901=DIRECTION('',(0.,1.,0.));
#6902=DIRECTION('center_axis',(0.,-1.,0.));
#6903=DIRECTION('ref_axis',(-1.,0.,0.));
#6904=DIRECTION('',(-1.,0.,0.));
#6905=DIRECTION('',(-1.,0.,0.));
#6906=DIRECTION('center_axis',(0.,0.,-1.));
#6907=DIRECTION('ref_axis',(-1.,0.,0.));
#6908=DIRECTION('center_axis',(1.,0.,0.));
#6909=DIRECTION('ref_axis',(0.,-1.,0.));
#6910=DIRECTION('',(0.,-1.,0.));
#6911=DIRECTION('',(0.,0.,-1.));
#6912=DIRECTION('',(0.,-1.,0.));
#6913=DIRECTION('',(0.,0.,-1.));
#6914=DIRECTION('center_axis',(0.,1.,0.));
#6915=DIRECTION('ref_axis',(1.,0.,0.));
#6916=DIRECTION('',(1.,0.,0.));
#6917=DIRECTION('',(0.,0.,-1.));
#6918=DIRECTION('',(1.,0.,0.));
#6919=DIRECTION('center_axis',(-1.,0.,0.));
#6920=DIRECTION('ref_axis',(0.,1.,0.));
#6921=DIRECTION('',(0.,1.,0.));
#6922=DIRECTION('',(0.,0.,-1.));
#6923=DIRECTION('',(0.,1.,0.));
#6924=DIRECTION('center_axis',(0.,-1.,0.));
#6925=DIRECTION('ref_axis',(-1.,0.,0.));
#6926=DIRECTION('',(-1.,0.,0.));
#6927=DIRECTION('',(-1.,0.,0.));
#6928=DIRECTION('center_axis',(0.,0.,-1.));
#6929=DIRECTION('ref_axis',(-1.,0.,0.));
#6930=DIRECTION('center_axis',(1.,0.,0.));
#6931=DIRECTION('ref_axis',(0.,0.,1.));
#6932=DIRECTION('',(0.,-1.,0.));
#6933=DIRECTION('',(0.,0.,1.));
#6934=DIRECTION('',(0.,-1.,0.));
#6935=DIRECTION('center_axis',(0.,1.,0.));
#6936=DIRECTION('ref_axis',(0.,0.,1.));
#6937=DIRECTION('',(0.,0.,1.));
#6938=DIRECTION('',(1.,0.,0.));
#6939=DIRECTION('',(0.,0.,-1.));
#6940=DIRECTION('',(-1.,0.,0.));
#6941=DIRECTION('center_axis',(1.,0.,0.));
#6942=DIRECTION('ref_axis',(0.,0.,1.));
#6943=DIRECTION('',(0.,0.,1.));
#6944=DIRECTION('',(0.,-1.,0.));
#6945=DIRECTION('',(0.,-1.,0.));
#6946=DIRECTION('center_axis',(-1.,0.,0.));
#6947=DIRECTION('ref_axis',(0.,0.,-1.));
#6948=DIRECTION('',(0.,-1.,0.));
#6949=DIRECTION('',(0.,0.,-1.));
#6950=DIRECTION('',(0.,1.,0.));
#6951=DIRECTION('center_axis',(0.,-1.,0.));
#6952=DIRECTION('ref_axis',(0.,0.,-1.));
#6953=DIRECTION('',(1.,0.,0.));
#6954=DIRECTION('',(-1.,0.,0.));
#6955=DIRECTION('center_axis',(1.,0.,0.));
#6956=DIRECTION('ref_axis',(0.,0.,1.));
#6957=DIRECTION('',(0.,-1.,0.));
#6958=DIRECTION('',(0.,0.,-1.));
#6959=DIRECTION('',(0.,-1.,0.));
#6960=DIRECTION('center_axis',(0.,1.,0.));
#6961=DIRECTION('ref_axis',(0.,0.,1.));
#6962=DIRECTION('',(1.,0.,0.));
#6963=DIRECTION('',(-1.,0.,0.));
#6964=DIRECTION('center_axis',(0.,0.,1.));
#6965=DIRECTION('ref_axis',(-1.,0.,0.));
#6966=DIRECTION('center_axis',(-0.513600991868353,0.,0.858029149360232));
#6967=DIRECTION('ref_axis',(-0.858029149360232,0.,-0.513600991868353));
#6968=DIRECTION('',(-0.858029149360232,0.,-0.513600991868353));
#6969=DIRECTION('',(0.,-1.,0.));
#6970=DIRECTION('center_axis',(1.,0.,-8.54017628381881E-16));
#6971=DIRECTION('ref_axis',(8.54017628381881E-16,0.,1.));
#6972=DIRECTION('',(0.,-1.,0.));
#6973=DIRECTION('',(8.54017628381881E-16,0.,1.));
#6974=DIRECTION('',(0.,-1.,0.));
#6975=DIRECTION('center_axis',(0.,0.,-1.));
#6976=DIRECTION('ref_axis',(1.,0.,0.));
#6977=DIRECTION('',(1.,0.,0.));
#6978=DIRECTION('center_axis',(0.,-1.,0.));
#6979=DIRECTION('ref_axis',(1.,0.,4.43552608362643E-16));
#6980=DIRECTION('center_axis',(0.,1.,0.));
#6981=DIRECTION('ref_axis',(-1.,0.,4.43552608362643E-16));
#6982=DIRECTION('center_axis',(0.,0.,-1.));
#6983=DIRECTION('ref_axis',(1.,0.,0.));
#6984=DIRECTION('',(1.,0.,0.));
#6985=DIRECTION('',(0.,-1.,0.));
#6986=DIRECTION('center_axis',(-0.707106970847295,0.,-0.707106591525749));
#6987=DIRECTION('ref_axis',(0.707106591525749,0.,-0.707106970847295));
#6988=DIRECTION('',(0.707106591525749,0.,-0.707106970847295));
#6989=DIRECTION('',(0.,-1.,0.));
#6990=DIRECTION('center_axis',(-1.,0.,-8.44735428282537E-16));
#6991=DIRECTION('ref_axis',(8.44735428282537E-16,0.,-1.));
#6992=DIRECTION('',(8.44735428282537E-16,0.,-1.));
#6993=DIRECTION('',(0.,-1.,0.));
#6994=DIRECTION('center_axis',(-0.500000512178282,0.,-0.866025108077968));
#6995=DIRECTION('ref_axis',(0.866025108077968,0.,-0.500000512178282));
#6996=DIRECTION('',(0.866025108077968,0.,-0.500000512178282));
#6997=DIRECTION('',(0.,-1.,0.));
#6998=DIRECTION('center_axis',(0.499999822558016,0.,-0.866025506230592));
#6999=DIRECTION('ref_axis',(0.866025506230592,0.,0.499999822558016));
#7000=DIRECTION('',(0.866025506230592,0.,0.499999822558016));
#7001=DIRECTION('center_axis',(0.,-1.,0.));
#7002=DIRECTION('ref_axis',(1.,0.,0.));
#7003=CARTESIAN_POINT('',(0.0,0.0,0.0));
#7004=CARTESIAN_POINT('Origin',(24.92430343276254,197.5102658621328,-36.9));
#7005=CARTESIAN_POINT('',(25.82430343276254,198.4102658621328,-40.8));
#7006=CARTESIAN_POINT('',(22.22430343276254,194.8102658621328,-31.8));
#7007=CARTESIAN_POINT('',(24.80612161458072,197.3920840439508,-38.25454545454542));
#7008=CARTESIAN_POINT('',(22.22430343276254,194.8102658621328,-43.2));
#7009=CARTESIAN_POINT('',(22.22430343276254,194.8102658621328,-40.8));
#7010=CARTESIAN_POINT('',(27.62430343276254,200.2102658621328,-43.2));
#7011=CARTESIAN_POINT('',(26.42430343276254,199.0102658621328,-43.2));
#7012=CARTESIAN_POINT('',(27.62430343276254,200.2102658621328,-40.8));
#7013=CARTESIAN_POINT('',(27.62430343276254,200.2102658621328,-36.9));
#7014=CARTESIAN_POINT('',(26.42430343276254,199.0102658621328,-40.8));
#7015=CARTESIAN_POINT('Origin',(47.11215171638124,200.2102658621328,-42.0));
#7016=CARTESIAN_POINT('',(72.0,200.2102658621328,-43.2));
#7017=CARTESIAN_POINT('',(114.0,200.2102658621328,-43.2));
#7018=CARTESIAN_POINT('',(72.0,200.2102658621328,-40.8));
#7019=CARTESIAN_POINT('',(72.0,200.2102658621328,-40.8));
#7020=CARTESIAN_POINT('',(22.22430343276254,200.2102658621328,-40.8));
#7021=CARTESIAN_POINT('Origin',(-24.92430343276254,197.5102658621328,-36.9));
#7022=CARTESIAN_POINT('',(-25.82430343276254,198.4102658621328,-40.8));
#7023=CARTESIAN_POINT('',(-27.62430343276254,200.2102658621328,-40.8));
#7024=CARTESIAN_POINT('',(-26.42430343276254,199.0102658621328,-40.8));
#7025=CARTESIAN_POINT('',(-27.62430343276254,200.2102658621328,-43.2));
#7026=CARTESIAN_POINT('',(-27.62430343276254,200.2102658621328,-36.9));
#7027=CARTESIAN_POINT('',(-22.22430343276254,194.8102658621328,-43.2));
#7028=CARTESIAN_POINT('',(-26.42430343276254,199.0102658621328,-43.2));
#7029=CARTESIAN_POINT('',(-22.22430343276254,194.8102658621328,-31.8));
#7030=CARTESIAN_POINT('',(-22.22430343276254,194.8102658621328,-40.8));
#7031=CARTESIAN_POINT('',(-24.80612161458072,197.3920840439508,-38.25454545454542));
#7032=CARTESIAN_POINT('Origin',(-47.11215171638124,200.2102658621328,-42.0));
#7033=CARTESIAN_POINT('',(-72.0,200.2102658621328,-40.8));
#7034=CARTESIAN_POINT('',(-22.22430343276254,200.2102658621328,-40.8));
#7035=CARTESIAN_POINT('',(-72.0,200.2102658621328,-43.2));
#7036=CARTESIAN_POINT('',(-72.0,200.2102658621328,-40.8));
#7037=CARTESIAN_POINT('',(-114.0,200.2102658621328,-43.2));
#7038=CARTESIAN_POINT('Origin',(24.02430343276254,206.2102658621328,-36.3));
#7039=CARTESIAN_POINT('',(22.22430343276254,206.2102658621328,-31.8));
#7040=CARTESIAN_POINT('',(22.22430343276254,206.2102658621328,-31.8));
#7041=CARTESIAN_POINT('',(25.82430343276254,209.8102658621328,-40.8));
#7042=CARTESIAN_POINT('',(25.82430343276254,206.2102658621328,-40.8));
#7043=CARTESIAN_POINT('',(25.82430343276254,209.8102658621328,-40.8));
#7044=CARTESIAN_POINT('Origin',(-17.38784828361876,208.0102658621328,-36.3));
#7045=CARTESIAN_POINT('',(19.82430343276254,209.8102658621328,-40.8));
#7046=CARTESIAN_POINT('',(-17.38784828361876,209.8102658621328,-40.8));
#7047=CARTESIAN_POINT('',(16.22430343276248,206.2102658621328,-31.8));
#7048=CARTESIAN_POINT('',(16.2274250441196,206.2133874734898,-31.80780402839274));
#7049=CARTESIAN_POINT('',(-17.38784828361876,206.2102658621328,-31.8));
#7050=CARTESIAN_POINT('Origin',(-57.0,206.2102658621328,-32.09092664301876));
#7051=CARTESIAN_POINT('',(16.22430343276254,206.2102658621328,-43.2));
#7052=CARTESIAN_POINT('',(16.22430343276254,206.2102658621328,-37.64546332150938));
#7053=CARTESIAN_POINT('',(15.61814671396254,206.2102658621328,-43.2));
#7054=CARTESIAN_POINT('',(22.22430343276254,206.2102658621328,-43.2));
#7055=CARTESIAN_POINT('',(15.61814671396254,206.2102658621328,-35.39999924313942));
#7056=CARTESIAN_POINT('',(15.61814671396254,206.2102658621328,-35.39999924313942));
#7057=CARTESIAN_POINT('',(10.05907207909734,206.2102658621328,-32.19046752493703));
#7058=CARTESIAN_POINT('',(15.61814671396254,206.2102658621328,-35.39999924313942));
#7059=CARTESIAN_POINT('',(4.500000000000006,206.2102658621328,-35.40000366985722));
#7060=CARTESIAN_POINT('',(10.05907207909734,206.2102658621328,-32.19046752493703));
#7061=CARTESIAN_POINT('',(4.5,206.2102658621328,-42.29999943673608));
#7062=CARTESIAN_POINT('',(4.500000000000006,206.2102658621328,-35.40000366985722));
#7063=CARTESIAN_POINT('',(3.59999991953373,206.2102658621328,-43.2));
#7064=CARTESIAN_POINT('',(4.5,206.2102658621328,-42.29999943673608));
#7065=CARTESIAN_POINT('',(-3.59999991953373,206.2102658621328,-43.2));
#7066=CARTESIAN_POINT('',(-3.59999991953373,206.2102658621328,-43.2));
#7067=CARTESIAN_POINT('',(-4.5,206.2102658621328,-42.29999943673608));
#7068=CARTESIAN_POINT('',(-4.5,206.2102658621328,-42.29999943673608));
#7069=CARTESIAN_POINT('',(-4.500000000000006,206.2102658621328,-35.40000366985722));
#7070=CARTESIAN_POINT('',(-4.500000000000006,206.2102658621328,-35.40000366985722));
#7071=CARTESIAN_POINT('',(-10.05907207909734,206.2102658621328,-32.19046752493703));
#7072=CARTESIAN_POINT('',(-10.05907207909734,206.2102658621328,-32.19046752493703));
#7073=CARTESIAN_POINT('',(-15.61814671396254,206.2102658621328,-35.39999924313942));
#7074=CARTESIAN_POINT('',(-15.61814671396254,206.2102658621328,-35.39999924313942));
#7075=CARTESIAN_POINT('',(-15.61814671396254,206.2102658621328,-43.2));
#7076=CARTESIAN_POINT('',(-15.61814671396254,206.2102658621328,-35.39999924313942));
#7077=CARTESIAN_POINT('',(-16.22430343276254,206.2102658621328,-43.2));
#7078=CARTESIAN_POINT('',(-22.22430343276254,206.2102658621328,-43.2));
#7079=CARTESIAN_POINT('',(-16.22430343276254,206.2102658621328,-31.8));
#7080=CARTESIAN_POINT('',(-16.22430343276254,206.2102658621328,-37.64546332150938));
#7081=CARTESIAN_POINT('',(-22.22430343276254,206.2102658621328,-31.8));
#7082=CARTESIAN_POINT('',(-39.61215171638124,206.2102658621328,-31.8));
#7083=CARTESIAN_POINT('',(-7.71333504831468,206.2102658621328,-23.11399235005104));
#7084=CARTESIAN_POINT('',(-22.22430343276254,206.2102658621328,-31.8));
#7085=CARTESIAN_POINT('',(7.71333504831468,206.2102658621328,-23.11399235005104));
#7086=CARTESIAN_POINT('Origin',(0.0,206.2102658621328,-36.0));
#7087=CARTESIAN_POINT('',(22.22430343276254,206.2102658621328,-31.8));
#7088=CARTESIAN_POINT('Origin',(19.22430343276254,209.2102658621328,-37.64546332150938));
#7089=CARTESIAN_POINT('',(22.22430343276254,212.2102658621328,-40.8));
#7090=CARTESIAN_POINT('',(19.22430343276254,209.2102658621328,-40.8));
#7091=CARTESIAN_POINT('',(22.22430343276254,212.2102658621328,-43.2));
#7092=CARTESIAN_POINT('',(22.22430343276254,212.2102658621328,-37.64546332150938));
#7093=CARTESIAN_POINT('',(19.22430343276254,209.2102658621328,-43.2));
#7094=CARTESIAN_POINT('Origin',(22.22430343276254,206.2102658621328,-43.2));
#7095=CARTESIAN_POINT('',(22.22430343276254,224.2102658621328,-40.8));
#7096=CARTESIAN_POINT('',(22.22430343276254,206.2102658621328,-40.8));
#7097=CARTESIAN_POINT('',(22.22430343276254,224.2102658621328,-43.2));
#7098=CARTESIAN_POINT('',(22.22430343276254,224.2102658621328,-43.2));
#7099=CARTESIAN_POINT('',(22.22430343276254,206.2102658621328,-43.2));
#7100=CARTESIAN_POINT('Origin',(37.2,207.2110658621328,-40.8));
#7101=CARTESIAN_POINT('',(37.2,203.2150658621328,-40.8));
#7102=CARTESIAN_POINT('',(37.2,207.2110658621328,-40.8));
#7103=CARTESIAN_POINT('',(37.2,206.7106658621328,-40.8));
#7104=CARTESIAN_POINT('',(37.2,203.2150658621328,-42.0));
#7105=CARTESIAN_POINT('',(37.2,203.2150658621328,-40.8));
#7106=CARTESIAN_POINT('',(37.2,207.2110658621328,-42.0));
#7107=CARTESIAN_POINT('',(37.2,207.2110658621328,-42.0));
#7108=CARTESIAN_POINT('',(37.2,207.2110658621328,-40.8));
#7109=CARTESIAN_POINT('Origin',(46.8,207.2110658621328,-40.8));
#7110=CARTESIAN_POINT('',(46.8,207.2110658621328,-40.8));
#7111=CARTESIAN_POINT('',(34.51215171638124,207.2110658621328,-40.8));
#7112=CARTESIAN_POINT('',(46.8,207.2110658621328,-42.0));
#7113=CARTESIAN_POINT('',(46.8,207.2110658621328,-42.0));
#7114=CARTESIAN_POINT('',(46.8,207.2110658621328,-40.8));
#7115=CARTESIAN_POINT('Origin',(46.8,203.2150658621328,-40.8));
#7116=CARTESIAN_POINT('',(46.8,203.2150658621328,-40.8));
#7117=CARTESIAN_POINT('',(46.8,204.7126658621328,-40.8));
#7118=CARTESIAN_POINT('',(46.8,203.2150658621328,-42.0));
#7119=CARTESIAN_POINT('',(46.8,203.2150658621328,-42.0));
#7120=CARTESIAN_POINT('',(46.8,203.2150658621328,-40.8));
#7121=CARTESIAN_POINT('Origin',(37.2,203.2150658621328,-40.8));
#7122=CARTESIAN_POINT('',(29.7121517163813,203.2150658621328,-40.8));
#7123=CARTESIAN_POINT('',(37.2,203.2150658621328,-42.0));
#7124=CARTESIAN_POINT('Origin',(42.0,205.2130658621328,-42.0));
#7125=CARTESIAN_POINT('Origin',(49.8,207.2110658621328,-40.8));
#7126=CARTESIAN_POINT('',(49.8,203.2150658621328,-40.8));
#7127=CARTESIAN_POINT('',(49.8,207.2110658621328,-40.8));
#7128=CARTESIAN_POINT('',(49.8,206.7106658621328,-40.8));
#7129=CARTESIAN_POINT('',(49.8,203.2150658621328,-42.0));
#7130=CARTESIAN_POINT('',(49.8,203.2150658621328,-40.8));
#7131=CARTESIAN_POINT('',(49.8,207.2110658621328,-42.0));
#7132=CARTESIAN_POINT('',(49.8,207.2110658621328,-42.0));
#7133=CARTESIAN_POINT('',(49.8,207.2110658621328,-40.8));
#7134=CARTESIAN_POINT('Origin',(59.4,207.2110658621328,-40.8));
#7135=CARTESIAN_POINT('',(59.4,207.2110658621328,-40.8));
#7136=CARTESIAN_POINT('',(40.81215171638124,207.2110658621328,-40.8));
#7137=CARTESIAN_POINT('',(59.4,207.2110658621328,-42.0));
#7138=CARTESIAN_POINT('',(59.4,207.2110658621328,-42.0));
#7139=CARTESIAN_POINT('',(59.4,207.2110658621328,-40.8));
#7140=CARTESIAN_POINT('Origin',(59.4,203.2150658621328,-40.8));
#7141=CARTESIAN_POINT('',(59.4,203.2150658621328,-40.8));
#7142=CARTESIAN_POINT('',(59.4,204.7126658621328,-40.8));
#7143=CARTESIAN_POINT('',(59.4,203.2150658621328,-42.0));
#7144=CARTESIAN_POINT('',(59.4,203.2150658621328,-42.0));
#7145=CARTESIAN_POINT('',(59.4,203.2150658621328,-40.8));
#7146=CARTESIAN_POINT('Origin',(49.8,203.2150658621328,-40.8));
#7147=CARTESIAN_POINT('',(36.0121517163813,203.2150658621328,-40.8));
#7148=CARTESIAN_POINT('',(49.8,203.2150658621328,-42.0));
#7149=CARTESIAN_POINT('Origin',(54.6,205.2130658621328,-42.0));
#7150=CARTESIAN_POINT('Origin',(62.4,207.2110658621328,-40.8));
#7151=CARTESIAN_POINT('',(62.4,203.2150658621328,-40.8));
#7152=CARTESIAN_POINT('',(62.4,207.2110658621328,-40.8));
#7153=CARTESIAN_POINT('',(62.4,206.7106658621328,-40.8));
#7154=CARTESIAN_POINT('',(62.4,203.2150658621328,-42.0));
#7155=CARTESIAN_POINT('',(62.4,203.2150658621328,-40.8));
#7156=CARTESIAN_POINT('',(62.4,207.2110658621328,-42.0));
#7157=CARTESIAN_POINT('',(62.4,207.2110658621328,-42.0));
#7158=CARTESIAN_POINT('',(62.4,207.2110658621328,-40.8));
#7159=CARTESIAN_POINT('Origin',(72.0,207.2110658621328,-40.8));
#7160=CARTESIAN_POINT('',(72.0,207.2110658621328,-40.8));
#7161=CARTESIAN_POINT('',(47.11215171638124,207.2110658621328,-40.8));
#7162=CARTESIAN_POINT('',(72.0,207.2110658621328,-42.0));
#7163=CARTESIAN_POINT('',(72.0,207.2110658621328,-42.0));
#7164=CARTESIAN_POINT('',(72.0,207.2110658621328,-40.8));
#7165=CARTESIAN_POINT('Origin',(72.0,203.2150658621328,-40.8));
#7166=CARTESIAN_POINT('',(72.0,203.2150658621328,-40.8));
#7167=CARTESIAN_POINT('',(72.0,204.7126658621328,-40.8));
#7168=CARTESIAN_POINT('',(72.0,203.2150658621328,-42.0));
#7169=CARTESIAN_POINT('',(72.0,203.2150658621328,-42.0));
#7170=CARTESIAN_POINT('',(72.0,203.2150658621328,-40.8));
#7171=CARTESIAN_POINT('Origin',(62.4,203.2150658621328,-40.8));
#7172=CARTESIAN_POINT('',(42.31215171638124,203.2150658621328,-40.8));
#7173=CARTESIAN_POINT('',(62.4,203.2150658621328,-42.0));
#7174=CARTESIAN_POINT('Origin',(67.2,205.2130658621328,-42.0));
#7175=CARTESIAN_POINT('Origin',(37.2,214.2106658621328,-40.8));
#7176=CARTESIAN_POINT('',(37.2,210.2146658621328,-40.8));
#7177=CARTESIAN_POINT('',(37.2,214.2106658621328,-40.8));
#7178=CARTESIAN_POINT('',(37.2,210.2104658621328,-40.8));
#7179=CARTESIAN_POINT('',(37.2,210.2146658621328,-42.0));
#7180=CARTESIAN_POINT('',(37.2,210.2146658621328,-40.8));
#7181=CARTESIAN_POINT('',(37.2,214.2106658621328,-42.0));
#7182=CARTESIAN_POINT('',(37.2,214.2106658621328,-42.0));
#7183=CARTESIAN_POINT('',(37.2,214.2106658621328,-40.8));
#7184=CARTESIAN_POINT('Origin',(46.8,214.2106658621328,-40.8));
#7185=CARTESIAN_POINT('',(46.8,214.2106658621328,-40.8));
#7186=CARTESIAN_POINT('',(34.51215171638124,214.2106658621328,-40.8));
#7187=CARTESIAN_POINT('',(46.8,214.2106658621328,-42.0));
#7188=CARTESIAN_POINT('',(46.8,214.2106658621328,-42.0));
#7189=CARTESIAN_POINT('',(46.8,214.2106658621328,-40.8));
#7190=CARTESIAN_POINT('Origin',(46.8,210.2146658621328,-40.8));
#7191=CARTESIAN_POINT('',(46.8,210.2146658621328,-40.8));
#7192=CARTESIAN_POINT('',(46.8,208.2124658621328,-40.8));
#7193=CARTESIAN_POINT('',(46.8,210.2146658621328,-42.0));
#7194=CARTESIAN_POINT('',(46.8,210.2146658621328,-42.0));
#7195=CARTESIAN_POINT('',(46.8,210.2146658621328,-40.8));
#7196=CARTESIAN_POINT('Origin',(37.2,210.2146658621328,-40.8));
#7197=CARTESIAN_POINT('',(29.7121517163813,210.2146658621328,-40.8));
#7198=CARTESIAN_POINT('',(37.2,210.2146658621328,-42.0));
#7199=CARTESIAN_POINT('Origin',(42.0,212.2126658621328,-42.0));
#7200=CARTESIAN_POINT('Origin',(49.8,214.2106658621328,-40.8));
#7201=CARTESIAN_POINT('',(49.8,210.2146658621328,-40.8));
#7202=CARTESIAN_POINT('',(49.8,214.2106658621328,-40.8));
#7203=CARTESIAN_POINT('',(49.8,210.2104658621328,-40.8));
#7204=CARTESIAN_POINT('',(49.8,210.2146658621328,-42.0));
#7205=CARTESIAN_POINT('',(49.8,210.2146658621328,-40.8));
#7206=CARTESIAN_POINT('',(49.8,214.2106658621328,-42.0));
#7207=CARTESIAN_POINT('',(49.8,214.2106658621328,-42.0));
#7208=CARTESIAN_POINT('',(49.8,214.2106658621328,-40.8));
#7209=CARTESIAN_POINT('Origin',(59.4,214.2106658621328,-40.8));
#7210=CARTESIAN_POINT('',(59.4,214.2106658621328,-40.8));
#7211=CARTESIAN_POINT('',(40.81215171638124,214.2106658621328,-40.8));
#7212=CARTESIAN_POINT('',(59.4,214.2106658621328,-42.0));
#7213=CARTESIAN_POINT('',(59.4,214.2106658621328,-42.0));
#7214=CARTESIAN_POINT('',(59.4,214.2106658621328,-40.8));
#7215=CARTESIAN_POINT('Origin',(59.4,210.2146658621328,-40.8));
#7216=CARTESIAN_POINT('',(59.4,210.2146658621328,-40.8));
#7217=CARTESIAN_POINT('',(59.4,208.2124658621328,-40.8));
#7218=CARTESIAN_POINT('',(59.4,210.2146658621328,-42.0));
#7219=CARTESIAN_POINT('',(59.4,210.2146658621328,-42.0));
#7220=CARTESIAN_POINT('',(59.4,210.2146658621328,-40.8));
#7221=CARTESIAN_POINT('Origin',(49.8,210.2146658621328,-40.8));
#7222=CARTESIAN_POINT('',(36.0121517163813,210.2146658621328,-40.8));
#7223=CARTESIAN_POINT('',(49.8,210.2146658621328,-42.0));
#7224=CARTESIAN_POINT('Origin',(54.6,212.2126658621328,-42.0));
#7225=CARTESIAN_POINT('Origin',(62.4,214.2106658621328,-40.8));
#7226=CARTESIAN_POINT('',(62.4,210.2146658621328,-40.8));
#7227=CARTESIAN_POINT('',(62.4,214.2106658621328,-40.8));
#7228=CARTESIAN_POINT('',(62.4,210.2104658621328,-40.8));
#7229=CARTESIAN_POINT('',(62.4,210.2146658621328,-42.0));
#7230=CARTESIAN_POINT('',(62.4,210.2146658621328,-40.8));
#7231=CARTESIAN_POINT('',(62.4,214.2106658621328,-42.0));
#7232=CARTESIAN_POINT('',(62.4,214.2106658621328,-42.0));
#7233=CARTESIAN_POINT('',(62.4,214.2106658621328,-40.8));
#7234=CARTESIAN_POINT('Origin',(72.0,214.2106658621328,-40.8));
#7235=CARTESIAN_POINT('',(72.0,214.2106658621328,-40.8));
#7236=CARTESIAN_POINT('',(47.11215171638124,214.2106658621328,-40.8));
#7237=CARTESIAN_POINT('',(72.0,214.2106658621328,-42.0));
#7238=CARTESIAN_POINT('',(72.0,214.2106658621328,-42.0));
#7239=CARTESIAN_POINT('',(72.0,214.2106658621328,-40.8));
#7240=CARTESIAN_POINT('Origin',(72.0,210.2146658621328,-40.8));
#7241=CARTESIAN_POINT('',(72.0,210.2146658621328,-40.8));
#7242=CARTESIAN_POINT('',(72.0,208.2124658621328,-40.8));
#7243=CARTESIAN_POINT('',(72.0,210.2146658621328,-42.0));
#7244=CARTESIAN_POINT('',(72.0,210.2146658621328,-42.0));
#7245=CARTESIAN_POINT('',(72.0,210.2146658621328,-40.8));
#7246=CARTESIAN_POINT('Origin',(62.4,210.2146658621328,-40.8));
#7247=CARTESIAN_POINT('',(42.31215171638124,210.2146658621328,-40.8));
#7248=CARTESIAN_POINT('',(62.4,210.2146658621328,-42.0));
#7249=CARTESIAN_POINT('Origin',(67.2,212.2126658621328,-42.0));
#7250=CARTESIAN_POINT('Origin',(37.2,221.2102658621328,-40.8));
#7251=CARTESIAN_POINT('',(37.2,217.2142658621328,-40.8));
#7252=CARTESIAN_POINT('',(37.2,221.2102658621328,-40.8));
#7253=CARTESIAN_POINT('',(37.2,213.7102658621328,-40.8));
#7254=CARTESIAN_POINT('',(37.2,217.2142658621328,-42.0));
#7255=CARTESIAN_POINT('',(37.2,217.2142658621328,-40.8));
#7256=CARTESIAN_POINT('',(37.2,221.2102658621328,-42.0));
#7257=CARTESIAN_POINT('',(37.2,221.2102658621328,-42.0));
#7258=CARTESIAN_POINT('',(37.2,221.2102658621328,-40.8));
#7259=CARTESIAN_POINT('Origin',(46.8,221.2102658621328,-40.8));
#7260=CARTESIAN_POINT('',(46.8,221.2102658621328,-40.8));
#7261=CARTESIAN_POINT('',(34.51215171638124,221.2102658621328,-40.8));
#7262=CARTESIAN_POINT('',(46.8,221.2102658621328,-42.0));
#7263=CARTESIAN_POINT('',(46.8,221.2102658621328,-42.0));
#7264=CARTESIAN_POINT('',(46.8,221.2102658621328,-40.8));
#7265=CARTESIAN_POINT('Origin',(46.8,217.2142658621328,-40.8));
#7266=CARTESIAN_POINT('',(46.8,217.2142658621328,-40.8));
#7267=CARTESIAN_POINT('',(46.8,211.7122658621328,-40.8));
#7268=CARTESIAN_POINT('',(46.8,217.2142658621328,-42.0));
#7269=CARTESIAN_POINT('',(46.8,217.2142658621328,-42.0));
#7270=CARTESIAN_POINT('',(46.8,217.2142658621328,-40.8));
#7271=CARTESIAN_POINT('Origin',(37.2,217.2142658621328,-40.8));
#7272=CARTESIAN_POINT('',(29.7121517163813,217.2142658621328,-40.8));
#7273=CARTESIAN_POINT('',(37.2,217.2142658621328,-42.0));
#7274=CARTESIAN_POINT('Origin',(42.0,219.2122658621328,-42.0));
#7275=CARTESIAN_POINT('Origin',(49.8,221.2102658621328,-40.8));
#7276=CARTESIAN_POINT('',(49.8,217.2142658621328,-40.8));
#7277=CARTESIAN_POINT('',(49.8,221.2102658621328,-40.8));
#7278=CARTESIAN_POINT('',(49.8,213.7102658621328,-40.8));
#7279=CARTESIAN_POINT('',(49.8,217.2142658621328,-42.0));
#7280=CARTESIAN_POINT('',(49.8,217.2142658621328,-40.8));
#7281=CARTESIAN_POINT('',(49.8,221.2102658621328,-42.0));
#7282=CARTESIAN_POINT('',(49.8,221.2102658621328,-42.0));
#7283=CARTESIAN_POINT('',(49.8,221.2102658621328,-40.8));
#7284=CARTESIAN_POINT('Origin',(59.4,221.2102658621328,-40.8));
#7285=CARTESIAN_POINT('',(59.4,221.2102658621328,-40.8));
#7286=CARTESIAN_POINT('',(40.81215171638124,221.2102658621328,-40.8));
#7287=CARTESIAN_POINT('',(59.4,221.2102658621328,-42.0));
#7288=CARTESIAN_POINT('',(59.4,221.2102658621328,-42.0));
#7289=CARTESIAN_POINT('',(59.4,221.2102658621328,-40.8));
#7290=CARTESIAN_POINT('Origin',(59.4,217.2142658621328,-40.8));
#7291=CARTESIAN_POINT('',(59.4,217.2142658621328,-40.8));
#7292=CARTESIAN_POINT('',(59.4,211.7122658621328,-40.8));
#7293=CARTESIAN_POINT('',(59.4,217.2142658621328,-42.0));
#7294=CARTESIAN_POINT('',(59.4,217.2142658621328,-42.0));
#7295=CARTESIAN_POINT('',(59.4,217.2142658621328,-40.8));
#7296=CARTESIAN_POINT('Origin',(49.8,217.2142658621328,-40.8));
#7297=CARTESIAN_POINT('',(36.0121517163813,217.2142658621328,-40.8));
#7298=CARTESIAN_POINT('',(49.8,217.2142658621328,-42.0));
#7299=CARTESIAN_POINT('Origin',(54.6,219.2122658621328,-42.0));
#7300=CARTESIAN_POINT('Origin',(62.4,221.2102658621328,-40.8));
#7301=CARTESIAN_POINT('',(62.4,217.2142658621328,-40.8));
#7302=CARTESIAN_POINT('',(62.4,221.2102658621328,-40.8));
#7303=CARTESIAN_POINT('',(62.4,213.7102658621328,-40.8));
#7304=CARTESIAN_POINT('',(62.4,217.2142658621328,-42.0));
#7305=CARTESIAN_POINT('',(62.4,217.2142658621328,-40.8));
#7306=CARTESIAN_POINT('',(62.4,221.2102658621328,-42.0));
#7307=CARTESIAN_POINT('',(62.4,221.2102658621328,-42.0));
#7308=CARTESIAN_POINT('',(62.4,221.2102658621328,-40.8));
#7309=CARTESIAN_POINT('Origin',(72.0,221.2102658621328,-40.8));
#7310=CARTESIAN_POINT('',(72.0,221.2102658621328,-40.8));
#7311=CARTESIAN_POINT('',(47.11215171638124,221.2102658621328,-40.8));
#7312=CARTESIAN_POINT('',(72.0,221.2102658621328,-42.0));
#7313=CARTESIAN_POINT('',(72.0,221.2102658621328,-42.0));
#7314=CARTESIAN_POINT('',(72.0,221.2102658621328,-40.8));
#7315=CARTESIAN_POINT('Origin',(72.0,217.2142658621328,-40.8));
#7316=CARTESIAN_POINT('',(72.0,217.2142658621328,-40.8));
#7317=CARTESIAN_POINT('',(72.0,211.7122658621328,-40.8));
#7318=CARTESIAN_POINT('',(72.0,217.2142658621328,-42.0));
#7319=CARTESIAN_POINT('',(72.0,217.2142658621328,-42.0));
#7320=CARTESIAN_POINT('',(72.0,217.2142658621328,-40.8));
#7321=CARTESIAN_POINT('Origin',(62.4,217.2142658621328,-40.8));
#7322=CARTESIAN_POINT('',(42.31215171638124,217.2142658621328,-40.8));
#7323=CARTESIAN_POINT('',(62.4,217.2142658621328,-42.0));
#7324=CARTESIAN_POINT('Origin',(67.2,219.2122658621328,-42.0));
#7325=CARTESIAN_POINT('Origin',(75.0,202.4602658621328,-40.8));
#7326=CARTESIAN_POINT('',(75.0,197.2102658621328,-40.8));
#7327=CARTESIAN_POINT('',(75.0,202.4602658621328,-40.8));
#7328=CARTESIAN_POINT('',(75.0,204.3352658621328,-40.8));
#7329=CARTESIAN_POINT('',(75.0,197.2102658621328,-42.0));
#7330=CARTESIAN_POINT('',(75.0,197.2102658621328,-40.8));
#7331=CARTESIAN_POINT('',(75.0,202.4602658621328,-42.0));
#7332=CARTESIAN_POINT('',(75.0,202.4602658621328,-42.0));
#7333=CARTESIAN_POINT('',(75.0,202.4602658621328,-40.8));
#7334=CARTESIAN_POINT('Origin',(81.75,202.4602658621328,-40.8));
#7335=CARTESIAN_POINT('',(81.75,202.4602658621328,-40.8));
#7336=CARTESIAN_POINT('',(51.98715171638124,202.4602658621328,-40.8));
#7337=CARTESIAN_POINT('',(81.75,202.4602658621328,-42.0));
#7338=CARTESIAN_POINT('',(81.75,202.4602658621328,-42.0));
#7339=CARTESIAN_POINT('',(81.75,202.4602658621328,-40.8));
#7340=CARTESIAN_POINT('Origin',(81.75,197.2102658621328,-40.8));
#7341=CARTESIAN_POINT('',(81.75,197.2102658621328,-40.8));
#7342=CARTESIAN_POINT('',(81.75,201.7102658621328,-40.8));
#7343=CARTESIAN_POINT('',(81.75,197.2102658621328,-42.0));
#7344=CARTESIAN_POINT('',(81.75,197.2102658621328,-42.0));
#7345=CARTESIAN_POINT('',(81.75,197.2102658621328,-40.8));
#7346=CARTESIAN_POINT('Origin',(75.0,197.2102658621328,-40.8));
#7347=CARTESIAN_POINT('',(48.61215171638124,197.2102658621328,-40.8));
#7348=CARTESIAN_POINT('',(75.0,197.2102658621328,-42.0));
#7349=CARTESIAN_POINT('Origin',(78.375,199.8352658621328,-42.0));
#7350=CARTESIAN_POINT('Origin',(84.75,202.4602658621328,-40.8));
#7351=CARTESIAN_POINT('',(84.75,197.2102658621328,-40.8));
#7352=CARTESIAN_POINT('',(84.75,202.4602658621328,-40.8));
#7353=CARTESIAN_POINT('',(84.75,204.3352658621328,-40.8));
#7354=CARTESIAN_POINT('',(84.75,197.2102658621328,-42.0));
#7355=CARTESIAN_POINT('',(84.75,197.2102658621328,-40.8));
#7356=CARTESIAN_POINT('',(84.75,202.4602658621328,-42.0));
#7357=CARTESIAN_POINT('',(84.75,202.4602658621328,-42.0));
#7358=CARTESIAN_POINT('',(84.75,202.4602658621328,-40.8));
#7359=CARTESIAN_POINT('Origin',(91.5,202.4602658621328,-40.8));
#7360=CARTESIAN_POINT('',(91.5,202.4602658621328,-40.8));
#7361=CARTESIAN_POINT('',(56.86215171638124,202.4602658621328,-40.8));
#7362=CARTESIAN_POINT('',(91.5,202.4602658621328,-42.0));
#7363=CARTESIAN_POINT('',(91.5,202.4602658621328,-42.0));
#7364=CARTESIAN_POINT('',(91.5,202.4602658621328,-40.8));
#7365=CARTESIAN_POINT('Origin',(91.5,197.2102658621328,-40.8));
#7366=CARTESIAN_POINT('',(91.5,197.2102658621328,-40.8));
#7367=CARTESIAN_POINT('',(91.5,201.7102658621328,-40.8));
#7368=CARTESIAN_POINT('',(91.5,197.2102658621328,-42.0));
#7369=CARTESIAN_POINT('',(91.5,197.2102658621328,-42.0));
#7370=CARTESIAN_POINT('',(91.5,197.2102658621328,-40.8));
#7371=CARTESIAN_POINT('Origin',(84.75,197.2102658621328,-40.8));
#7372=CARTESIAN_POINT('',(53.48715171638124,197.2102658621328,-40.8));
#7373=CARTESIAN_POINT('',(84.75,197.2102658621328,-42.0));
#7374=CARTESIAN_POINT('Origin',(88.125,199.8352658621328,-42.0));
#7375=CARTESIAN_POINT('Origin',(94.5,202.4602658621328,-40.8));
#7376=CARTESIAN_POINT('',(94.5,197.2102658621328,-40.8));
#7377=CARTESIAN_POINT('',(94.5,202.4602658621328,-40.8));
#7378=CARTESIAN_POINT('',(94.5,204.3352658621328,-40.8));
#7379=CARTESIAN_POINT('',(94.5,197.2102658621328,-42.0));
#7380=CARTESIAN_POINT('',(94.5,197.2102658621328,-40.8));
#7381=CARTESIAN_POINT('',(94.5,202.4602658621328,-42.0));
#7382=CARTESIAN_POINT('',(94.5,202.4602658621328,-42.0));
#7383=CARTESIAN_POINT('',(94.5,202.4602658621328,-40.8));
#7384=CARTESIAN_POINT('Origin',(101.25,202.4602658621328,-40.8));
#7385=CARTESIAN_POINT('',(101.25,202.4602658621328,-40.8));
#7386=CARTESIAN_POINT('',(61.737151716381,202.4602658621328,-40.8));
#7387=CARTESIAN_POINT('',(101.25,202.4602658621328,-42.0));
#7388=CARTESIAN_POINT('',(101.25,202.4602658621328,-42.0));
#7389=CARTESIAN_POINT('',(101.25,202.4602658621328,-40.8));
#7390=CARTESIAN_POINT('Origin',(101.25,197.2102658621328,-40.8));
#7391=CARTESIAN_POINT('',(101.25,197.2102658621328,-40.8));
#7392=CARTESIAN_POINT('',(101.25,201.7102658621328,-40.8));
#7393=CARTESIAN_POINT('',(101.25,197.2102658621328,-42.0));
#7394=CARTESIAN_POINT('',(101.25,197.2102658621328,-42.0));
#7395=CARTESIAN_POINT('',(101.25,197.2102658621328,-40.8));
#7396=CARTESIAN_POINT('Origin',(94.5,197.2102658621328,-40.8));
#7397=CARTESIAN_POINT('',(58.36215171638124,197.2102658621328,-40.8));
#7398=CARTESIAN_POINT('',(94.5,197.2102658621328,-42.0));
#7399=CARTESIAN_POINT('Origin',(97.875,199.8352658621328,-42.0));
#7400=CARTESIAN_POINT('Origin',(104.25,202.4602658621328,-40.8));
#7401=CARTESIAN_POINT('',(104.25,197.2102658621328,-40.8));
#7402=CARTESIAN_POINT('',(104.25,202.4602658621328,-40.8));
#7403=CARTESIAN_POINT('',(104.25,204.3352658621328,-40.8));
#7404=CARTESIAN_POINT('',(104.25,197.2102658621328,-42.0));
#7405=CARTESIAN_POINT('',(104.25,197.2102658621328,-40.8));
#7406=CARTESIAN_POINT('',(104.25,202.4602658621328,-42.0));
#7407=CARTESIAN_POINT('',(104.25,202.4602658621328,-42.0));
#7408=CARTESIAN_POINT('',(104.25,202.4602658621328,-40.8));
#7409=CARTESIAN_POINT('Origin',(111.0,202.4602658621328,-40.8));
#7410=CARTESIAN_POINT('',(111.0,202.4602658621328,-40.8));
#7411=CARTESIAN_POINT('',(66.612151716381,202.4602658621328,-40.8));
#7412=CARTESIAN_POINT('',(111.0,202.4602658621328,-42.0));
#7413=CARTESIAN_POINT('',(111.0,202.4602658621328,-42.0));
#7414=CARTESIAN_POINT('',(111.0,202.4602658621328,-40.8));
#7415=CARTESIAN_POINT('Origin',(111.0,197.2102658621328,-40.8));
#7416=CARTESIAN_POINT('',(111.0,197.2102658621328,-40.8));
#7417=CARTESIAN_POINT('',(111.0,201.7102658621328,-40.8));
#7418=CARTESIAN_POINT('',(111.0,197.2102658621328,-42.0));
#7419=CARTESIAN_POINT('',(111.0,197.2102658621328,-42.0));
#7420=CARTESIAN_POINT('',(111.0,197.2102658621328,-40.8));
#7421=CARTESIAN_POINT('Origin',(104.25,197.2102658621328,-40.8));
#7422=CARTESIAN_POINT('',(63.237151716381,197.2102658621328,-40.8));
#7423=CARTESIAN_POINT('',(104.25,197.2102658621328,-42.0));
#7424=CARTESIAN_POINT('Origin',(107.625,199.8352658621328,-42.0));
#7425=CARTESIAN_POINT('Origin',(75.0,210.7102658621328,-40.8));
#7426=CARTESIAN_POINT('',(75.0,205.4602658621328,-40.8));
#7427=CARTESIAN_POINT('',(75.0,210.7102658621328,-40.8));
#7428=CARTESIAN_POINT('',(75.0,208.4602658621328,-40.8));
#7429=CARTESIAN_POINT('',(75.0,205.4602658621328,-42.0));
#7430=CARTESIAN_POINT('',(75.0,205.4602658621328,-40.8));
#7431=CARTESIAN_POINT('',(75.0,210.7102658621328,-42.0));
#7432=CARTESIAN_POINT('',(75.0,210.7102658621328,-42.0));
#7433=CARTESIAN_POINT('',(75.0,210.7102658621328,-40.8));
#7434=CARTESIAN_POINT('Origin',(81.75,210.7102658621328,-40.8));
#7435=CARTESIAN_POINT('',(81.75,210.7102658621328,-40.8));
#7436=CARTESIAN_POINT('',(51.98715171638124,210.7102658621328,-40.8));
#7437=CARTESIAN_POINT('',(81.75,210.7102658621328,-42.0));
#7438=CARTESIAN_POINT('',(81.75,210.7102658621328,-42.0));
#7439=CARTESIAN_POINT('',(81.75,210.7102658621328,-40.8));
#7440=CARTESIAN_POINT('Origin',(81.75,205.4602658621328,-40.8));
#7441=CARTESIAN_POINT('',(81.75,205.4602658621328,-40.8));
#7442=CARTESIAN_POINT('',(81.75,205.8352658621328,-40.8));
#7443=CARTESIAN_POINT('',(81.75,205.4602658621328,-42.0));
#7444=CARTESIAN_POINT('',(81.75,205.4602658621328,-42.0));
#7445=CARTESIAN_POINT('',(81.75,205.4602658621328,-40.8));
#7446=CARTESIAN_POINT('Origin',(75.0,205.4602658621328,-40.8));
#7447=CARTESIAN_POINT('',(48.61215171638124,205.4602658621328,-40.8));
#7448=CARTESIAN_POINT('',(75.0,205.4602658621328,-42.0));
#7449=CARTESIAN_POINT('Origin',(78.375,208.0852658621328,-42.0));
#7450=CARTESIAN_POINT('Origin',(84.75,210.7102658621328,-40.8));
#7451=CARTESIAN_POINT('',(84.75,205.4602658621328,-40.8));
#7452=CARTESIAN_POINT('',(84.75,210.7102658621328,-40.8));
#7453=CARTESIAN_POINT('',(84.75,208.4602658621328,-40.8));
#7454=CARTESIAN_POINT('',(84.75,205.4602658621328,-42.0));
#7455=CARTESIAN_POINT('',(84.75,205.4602658621328,-40.8));
#7456=CARTESIAN_POINT('',(84.75,210.7102658621328,-42.0));
#7457=CARTESIAN_POINT('',(84.75,210.7102658621328,-42.0));
#7458=CARTESIAN_POINT('',(84.75,210.7102658621328,-40.8));
#7459=CARTESIAN_POINT('Origin',(91.5,210.7102658621328,-40.8));
#7460=CARTESIAN_POINT('',(91.5,210.7102658621328,-40.8));
#7461=CARTESIAN_POINT('',(56.86215171638124,210.7102658621328,-40.8));
#7462=CARTESIAN_POINT('',(91.5,210.7102658621328,-42.0));
#7463=CARTESIAN_POINT('',(91.5,210.7102658621328,-42.0));
#7464=CARTESIAN_POINT('',(91.5,210.7102658621328,-40.8));
#7465=CARTESIAN_POINT('Origin',(91.5,205.4602658621328,-40.8));
#7466=CARTESIAN_POINT('',(91.5,205.4602658621328,-40.8));
#7467=CARTESIAN_POINT('',(91.5,205.8352658621328,-40.8));
#7468=CARTESIAN_POINT('',(91.5,205.4602658621328,-42.0));
#7469=CARTESIAN_POINT('',(91.5,205.4602658621328,-42.0));
#7470=CARTESIAN_POINT('',(91.5,205.4602658621328,-40.8));
#7471=CARTESIAN_POINT('Origin',(84.75,205.4602658621328,-40.8));
#7472=CARTESIAN_POINT('',(53.48715171638124,205.4602658621328,-40.8));
#7473=CARTESIAN_POINT('',(84.75,205.4602658621328,-42.0));
#7474=CARTESIAN_POINT('Origin',(88.125,208.0852658621328,-42.0));
#7475=CARTESIAN_POINT('Origin',(94.5,210.7102658621328,-40.8));
#7476=CARTESIAN_POINT('',(94.5,205.4602658621328,-40.8));
#7477=CARTESIAN_POINT('',(94.5,210.7102658621328,-40.8));
#7478=CARTESIAN_POINT('',(94.5,208.4602658621328,-40.8));
#7479=CARTESIAN_POINT('',(94.5,205.4602658621328,-42.0));
#7480=CARTESIAN_POINT('',(94.5,205.4602658621328,-40.8));
#7481=CARTESIAN_POINT('',(94.5,210.7102658621328,-42.0));
#7482=CARTESIAN_POINT('',(94.5,210.7102658621328,-42.0));
#7483=CARTESIAN_POINT('',(94.5,210.7102658621328,-40.8));
#7484=CARTESIAN_POINT('Origin',(101.25,210.7102658621328,-40.8));
#7485=CARTESIAN_POINT('',(101.25,210.7102658621328,-40.8));
#7486=CARTESIAN_POINT('',(61.737151716381,210.7102658621328,-40.8));
#7487=CARTESIAN_POINT('',(101.25,210.7102658621328,-42.0));
#7488=CARTESIAN_POINT('',(101.25,210.7102658621328,-42.0));
#7489=CARTESIAN_POINT('',(101.25,210.7102658621328,-40.8));
#7490=CARTESIAN_POINT('Origin',(101.25,205.4602658621328,-40.8));
#7491=CARTESIAN_POINT('',(101.25,205.4602658621328,-40.8));
#7492=CARTESIAN_POINT('',(101.25,205.8352658621328,-40.8));
#7493=CARTESIAN_POINT('',(101.25,205.4602658621328,-42.0));
#7494=CARTESIAN_POINT('',(101.25,205.4602658621328,-42.0));
#7495=CARTESIAN_POINT('',(101.25,205.4602658621328,-40.8));
#7496=CARTESIAN_POINT('Origin',(94.5,205.4602658621328,-40.8));
#7497=CARTESIAN_POINT('',(58.36215171638124,205.4602658621328,-40.8));
#7498=CARTESIAN_POINT('',(94.5,205.4602658621328,-42.0));
#7499=CARTESIAN_POINT('Origin',(97.875,208.0852658621328,-42.0));
#7500=CARTESIAN_POINT('Origin',(104.25,210.7102658621328,-40.8));
#7501=CARTESIAN_POINT('',(104.25,205.4602658621328,-40.8));
#7502=CARTESIAN_POINT('',(104.25,210.7102658621328,-40.8));
#7503=CARTESIAN_POINT('',(104.25,208.4602658621328,-40.8));
#7504=CARTESIAN_POINT('',(104.25,205.4602658621328,-42.0));
#7505=CARTESIAN_POINT('',(104.25,205.4602658621328,-40.8));
#7506=CARTESIAN_POINT('',(104.25,210.7102658621328,-42.0));
#7507=CARTESIAN_POINT('',(104.25,210.7102658621328,-42.0));
#7508=CARTESIAN_POINT('',(104.25,210.7102658621328,-40.8));
#7509=CARTESIAN_POINT('Origin',(111.0,210.7102658621328,-40.8));
#7510=CARTESIAN_POINT('',(111.0,210.7102658621328,-40.8));
#7511=CARTESIAN_POINT('',(66.612151716381,210.7102658621328,-40.8));
#7512=CARTESIAN_POINT('',(111.0,210.7102658621328,-42.0));
#7513=CARTESIAN_POINT('',(111.0,210.7102658621328,-42.0));
#7514=CARTESIAN_POINT('',(111.0,210.7102658621328,-40.8));
#7515=CARTESIAN_POINT('Origin',(111.0,205.4602658621328,-40.8));
#7516=CARTESIAN_POINT('',(111.0,205.4602658621328,-40.8));
#7517=CARTESIAN_POINT('',(111.0,205.8352658621328,-40.8));
#7518=CARTESIAN_POINT('',(111.0,205.4602658621328,-42.0));
#7519=CARTESIAN_POINT('',(111.0,205.4602658621328,-42.0));
#7520=CARTESIAN_POINT('',(111.0,205.4602658621328,-40.8));
#7521=CARTESIAN_POINT('Origin',(104.25,205.4602658621328,-40.8));
#7522=CARTESIAN_POINT('',(63.237151716381,205.4602658621328,-40.8));
#7523=CARTESIAN_POINT('',(104.25,205.4602658621328,-42.0));
#7524=CARTESIAN_POINT('Origin',(107.625,208.0852658621328,-42.0));
#7525=CARTESIAN_POINT('Origin',(75.0,218.9602658621328,-40.8));
#7526=CARTESIAN_POINT('',(75.0,213.7102658621328,-40.8));
#7527=CARTESIAN_POINT('',(75.0,218.9602658621328,-40.8));
#7528=CARTESIAN_POINT('',(75.0,212.5852658621328,-40.8));
#7529=CARTESIAN_POINT('',(75.0,213.7102658621328,-42.0));
#7530=CARTESIAN_POINT('',(75.0,213.7102658621328,-40.8));
#7531=CARTESIAN_POINT('',(75.0,218.9602658621328,-42.0));
#7532=CARTESIAN_POINT('',(75.0,218.9602658621328,-42.0));
#7533=CARTESIAN_POINT('',(75.0,218.9602658621328,-40.8));
#7534=CARTESIAN_POINT('Origin',(81.75,218.9602658621328,-40.8));
#7535=CARTESIAN_POINT('',(81.75,218.9602658621328,-40.8));
#7536=CARTESIAN_POINT('',(51.98715171638124,218.9602658621328,-40.8));
#7537=CARTESIAN_POINT('',(81.75,218.9602658621328,-42.0));
#7538=CARTESIAN_POINT('',(81.75,218.9602658621328,-42.0));
#7539=CARTESIAN_POINT('',(81.75,218.9602658621328,-40.8));
#7540=CARTESIAN_POINT('Origin',(81.75,213.7102658621328,-40.8));
#7541=CARTESIAN_POINT('',(81.75,213.7102658621328,-40.8));
#7542=CARTESIAN_POINT('',(81.75,209.9602658621328,-40.8));
#7543=CARTESIAN_POINT('',(81.75,213.7102658621328,-42.0));
#7544=CARTESIAN_POINT('',(81.75,213.7102658621328,-42.0));
#7545=CARTESIAN_POINT('',(81.75,213.7102658621328,-40.8));
#7546=CARTESIAN_POINT('Origin',(75.0,213.7102658621328,-40.8));
#7547=CARTESIAN_POINT('',(48.61215171638124,213.7102658621328,-40.8));
#7548=CARTESIAN_POINT('',(75.0,213.7102658621328,-42.0));
#7549=CARTESIAN_POINT('Origin',(78.375,216.3352658621328,-42.0));
#7550=CARTESIAN_POINT('Origin',(84.75,218.9602658621328,-40.8));
#7551=CARTESIAN_POINT('',(84.75,213.7102658621328,-40.8));
#7552=CARTESIAN_POINT('',(84.75,218.9602658621328,-40.8));
#7553=CARTESIAN_POINT('',(84.75,212.5852658621328,-40.8));
#7554=CARTESIAN_POINT('',(84.75,213.7102658621328,-42.0));
#7555=CARTESIAN_POINT('',(84.75,213.7102658621328,-40.8));
#7556=CARTESIAN_POINT('',(84.75,218.9602658621328,-42.0));
#7557=CARTESIAN_POINT('',(84.75,218.9602658621328,-42.0));
#7558=CARTESIAN_POINT('',(84.75,218.9602658621328,-40.8));
#7559=CARTESIAN_POINT('Origin',(91.5,218.9602658621328,-40.8));
#7560=CARTESIAN_POINT('',(91.5,218.9602658621328,-40.8));
#7561=CARTESIAN_POINT('',(56.86215171638124,218.9602658621328,-40.8));
#7562=CARTESIAN_POINT('',(91.5,218.9602658621328,-42.0));
#7563=CARTESIAN_POINT('',(91.5,218.9602658621328,-42.0));
#7564=CARTESIAN_POINT('',(91.5,218.9602658621328,-40.8));
#7565=CARTESIAN_POINT('Origin',(91.5,213.7102658621328,-40.8));
#7566=CARTESIAN_POINT('',(91.5,213.7102658621328,-40.8));
#7567=CARTESIAN_POINT('',(91.5,209.9602658621328,-40.8));
#7568=CARTESIAN_POINT('',(91.5,213.7102658621328,-42.0));
#7569=CARTESIAN_POINT('',(91.5,213.7102658621328,-42.0));
#7570=CARTESIAN_POINT('',(91.5,213.7102658621328,-40.8));
#7571=CARTESIAN_POINT('Origin',(84.75,213.7102658621328,-40.8));
#7572=CARTESIAN_POINT('',(53.48715171638124,213.7102658621328,-40.8));
#7573=CARTESIAN_POINT('',(84.75,213.7102658621328,-42.0));
#7574=CARTESIAN_POINT('Origin',(88.125,216.3352658621328,-42.0));
#7575=CARTESIAN_POINT('Origin',(94.5,218.9602658621328,-40.8));
#7576=CARTESIAN_POINT('',(94.5,213.7102658621328,-40.8));
#7577=CARTESIAN_POINT('',(94.5,218.9602658621328,-40.8));
#7578=CARTESIAN_POINT('',(94.5,212.5852658621328,-40.8));
#7579=CARTESIAN_POINT('',(94.5,213.7102658621328,-42.0));
#7580=CARTESIAN_POINT('',(94.5,213.7102658621328,-40.8));
#7581=CARTESIAN_POINT('',(94.5,218.9602658621328,-42.0));
#7582=CARTESIAN_POINT('',(94.5,218.9602658621328,-42.0));
#7583=CARTESIAN_POINT('',(94.5,218.9602658621328,-40.8));
#7584=CARTESIAN_POINT('Origin',(101.25,218.9602658621328,-40.8));
#7585=CARTESIAN_POINT('',(101.25,218.9602658621328,-40.8));
#7586=CARTESIAN_POINT('',(61.737151716381,218.9602658621328,-40.8));
#7587=CARTESIAN_POINT('',(101.25,218.9602658621328,-42.0));
#7588=CARTESIAN_POINT('',(101.25,218.9602658621328,-42.0));
#7589=CARTESIAN_POINT('',(101.25,218.9602658621328,-40.8));
#7590=CARTESIAN_POINT('Origin',(101.25,213.7102658621328,-40.8));
#7591=CARTESIAN_POINT('',(101.25,213.7102658621328,-40.8));
#7592=CARTESIAN_POINT('',(101.25,209.9602658621328,-40.8));
#7593=CARTESIAN_POINT('',(101.25,213.7102658621328,-42.0));
#7594=CARTESIAN_POINT('',(101.25,213.7102658621328,-42.0));
#7595=CARTESIAN_POINT('',(101.25,213.7102658621328,-40.8));
#7596=CARTESIAN_POINT('Origin',(94.5,213.7102658621328,-40.8));
#7597=CARTESIAN_POINT('',(58.36215171638124,213.7102658621328,-40.8));
#7598=CARTESIAN_POINT('',(94.5,213.7102658621328,-42.0));
#7599=CARTESIAN_POINT('Origin',(97.875,216.3352658621328,-42.0));
#7600=CARTESIAN_POINT('Origin',(104.25,218.9602658621328,-40.8));
#7601=CARTESIAN_POINT('',(104.25,213.7102658621328,-40.8));
#7602=CARTESIAN_POINT('',(104.25,218.9602658621328,-40.8));
#7603=CARTESIAN_POINT('',(104.25,212.5852658621328,-40.8));
#7604=CARTESIAN_POINT('',(104.25,213.7102658621328,-42.0));
#7605=CARTESIAN_POINT('',(104.25,213.7102658621328,-40.8));
#7606=CARTESIAN_POINT('',(104.25,218.9602658621328,-42.0));
#7607=CARTESIAN_POINT('',(104.25,218.9602658621328,-42.0));
#7608=CARTESIAN_POINT('',(104.25,218.9602658621328,-40.8));
#7609=CARTESIAN_POINT('Origin',(111.0,218.9602658621328,-40.8));
#7610=CARTESIAN_POINT('',(111.0,218.9602658621328,-40.8));
#7611=CARTESIAN_POINT('',(66.612151716381,218.9602658621328,-40.8));
#7612=CARTESIAN_POINT('',(111.0,218.9602658621328,-42.0));
#7613=CARTESIAN_POINT('',(111.0,218.9602658621328,-42.0));
#7614=CARTESIAN_POINT('',(111.0,218.9602658621328,-40.8));
#7615=CARTESIAN_POINT('Origin',(111.0,213.7102658621328,-40.8));
#7616=CARTESIAN_POINT('',(111.0,213.7102658621328,-40.8));
#7617=CARTESIAN_POINT('',(111.0,209.9602658621328,-40.8));
#7618=CARTESIAN_POINT('',(111.0,213.7102658621328,-42.0));
#7619=CARTESIAN_POINT('',(111.0,213.7102658621328,-42.0));
#7620=CARTESIAN_POINT('',(111.0,213.7102658621328,-40.8));
#7621=CARTESIAN_POINT('Origin',(104.25,213.7102658621328,-40.8));
#7622=CARTESIAN_POINT('',(63.237151716381,213.7102658621328,-40.8));
#7623=CARTESIAN_POINT('',(104.25,213.7102658621328,-42.0));
#7624=CARTESIAN_POINT('Origin',(107.625,216.3352658621328,-42.0));
#7625=CARTESIAN_POINT('Origin',(75.0,227.2102658621328,-40.8));
#7626=CARTESIAN_POINT('',(75.0,221.9602658621328,-40.8));
#7627=CARTESIAN_POINT('',(75.0,227.2102658621328,-40.8));
#7628=CARTESIAN_POINT('',(75.0,216.7102658621328,-40.8));
#7629=CARTESIAN_POINT('',(75.0,221.9602658621328,-42.0));
#7630=CARTESIAN_POINT('',(75.0,221.9602658621328,-40.8));
#7631=CARTESIAN_POINT('',(75.0,227.2102658621328,-42.0));
#7632=CARTESIAN_POINT('',(75.0,227.2102658621328,-42.0));
#7633=CARTESIAN_POINT('',(75.0,227.2102658621328,-40.8));
#7634=CARTESIAN_POINT('Origin',(81.75,227.2102658621328,-40.8));
#7635=CARTESIAN_POINT('',(81.75,227.2102658621328,-40.8));
#7636=CARTESIAN_POINT('',(51.98715171638124,227.2102658621328,-40.8));
#7637=CARTESIAN_POINT('',(81.75,227.2102658621328,-42.0));
#7638=CARTESIAN_POINT('',(81.75,227.2102658621328,-42.0));
#7639=CARTESIAN_POINT('',(81.75,227.2102658621328,-40.8));
#7640=CARTESIAN_POINT('Origin',(81.75,221.9602658621328,-40.8));
#7641=CARTESIAN_POINT('',(81.75,221.9602658621328,-40.8));
#7642=CARTESIAN_POINT('',(81.75,214.0852658621328,-40.8));
#7643=CARTESIAN_POINT('',(81.75,221.9602658621328,-42.0));
#7644=CARTESIAN_POINT('',(81.75,221.9602658621328,-42.0));
#7645=CARTESIAN_POINT('',(81.75,221.9602658621328,-40.8));
#7646=CARTESIAN_POINT('Origin',(75.0,221.9602658621328,-40.8));
#7647=CARTESIAN_POINT('',(48.61215171638124,221.9602658621328,-40.8));
#7648=CARTESIAN_POINT('',(75.0,221.9602658621328,-42.0));
#7649=CARTESIAN_POINT('Origin',(78.375,224.5852658621328,-42.0));
#7650=CARTESIAN_POINT('Origin',(84.75,227.2102658621328,-40.8));
#7651=CARTESIAN_POINT('',(84.75,221.9602658621328,-40.8));
#7652=CARTESIAN_POINT('',(84.75,227.2102658621328,-40.8));
#7653=CARTESIAN_POINT('',(84.75,216.7102658621328,-40.8));
#7654=CARTESIAN_POINT('',(84.75,221.9602658621328,-42.0));
#7655=CARTESIAN_POINT('',(84.75,221.9602658621328,-40.8));
#7656=CARTESIAN_POINT('',(84.75,227.2102658621328,-42.0));
#7657=CARTESIAN_POINT('',(84.75,227.2102658621328,-42.0));
#7658=CARTESIAN_POINT('',(84.75,227.2102658621328,-40.8));
#7659=CARTESIAN_POINT('Origin',(91.5,227.2102658621328,-40.8));
#7660=CARTESIAN_POINT('',(91.5,227.2102658621328,-40.8));
#7661=CARTESIAN_POINT('',(56.86215171638124,227.2102658621328,-40.8));
#7662=CARTESIAN_POINT('',(91.5,227.2102658621328,-42.0));
#7663=CARTESIAN_POINT('',(91.5,227.2102658621328,-42.0));
#7664=CARTESIAN_POINT('',(91.5,227.2102658621328,-40.8));
#7665=CARTESIAN_POINT('Origin',(91.5,221.9602658621328,-40.8));
#7666=CARTESIAN_POINT('',(91.5,221.9602658621328,-40.8));
#7667=CARTESIAN_POINT('',(91.5,214.0852658621328,-40.8));
#7668=CARTESIAN_POINT('',(91.5,221.9602658621328,-42.0));
#7669=CARTESIAN_POINT('',(91.5,221.9602658621328,-42.0));
#7670=CARTESIAN_POINT('',(91.5,221.9602658621328,-40.8));
#7671=CARTESIAN_POINT('Origin',(84.75,221.9602658621328,-40.8));
#7672=CARTESIAN_POINT('',(53.48715171638124,221.9602658621328,-40.8));
#7673=CARTESIAN_POINT('',(84.75,221.9602658621328,-42.0));
#7674=CARTESIAN_POINT('Origin',(88.125,224.5852658621328,-42.0));
#7675=CARTESIAN_POINT('Origin',(94.5,227.2102658621328,-40.8));
#7676=CARTESIAN_POINT('',(94.5,221.9602658621328,-40.8));
#7677=CARTESIAN_POINT('',(94.5,227.2102658621328,-40.8));
#7678=CARTESIAN_POINT('',(94.5,216.7102658621328,-40.8));
#7679=CARTESIAN_POINT('',(94.5,221.9602658621328,-42.0));
#7680=CARTESIAN_POINT('',(94.5,221.9602658621328,-40.8));
#7681=CARTESIAN_POINT('',(94.5,227.2102658621328,-42.0));
#7682=CARTESIAN_POINT('',(94.5,227.2102658621328,-42.0));
#7683=CARTESIAN_POINT('',(94.5,227.2102658621328,-40.8));
#7684=CARTESIAN_POINT('Origin',(101.25,227.2102658621328,-40.8));
#7685=CARTESIAN_POINT('',(101.25,227.2102658621328,-40.8));
#7686=CARTESIAN_POINT('',(61.737151716381,227.2102658621328,-40.8));
#7687=CARTESIAN_POINT('',(101.25,227.2102658621328,-42.0));
#7688=CARTESIAN_POINT('',(101.25,227.2102658621328,-42.0));
#7689=CARTESIAN_POINT('',(101.25,227.2102658621328,-40.8));
#7690=CARTESIAN_POINT('Origin',(101.25,221.9602658621328,-40.8));
#7691=CARTESIAN_POINT('',(101.25,221.9602658621328,-40.8));
#7692=CARTESIAN_POINT('',(101.25,214.0852658621328,-40.8));
#7693=CARTESIAN_POINT('',(101.25,221.9602658621328,-42.0));
#7694=CARTESIAN_POINT('',(101.25,221.9602658621328,-42.0));
#7695=CARTESIAN_POINT('',(101.25,221.9602658621328,-40.8));
#7696=CARTESIAN_POINT('Origin',(94.5,221.9602658621328,-40.8));
#7697=CARTESIAN_POINT('',(58.36215171638124,221.9602658621328,-40.8));
#7698=CARTESIAN_POINT('',(94.5,221.9602658621328,-42.0));
#7699=CARTESIAN_POINT('Origin',(97.875,224.5852658621328,-42.0));
#7700=CARTESIAN_POINT('Origin',(104.25,227.2102658621328,-40.8));
#7701=CARTESIAN_POINT('',(104.25,221.9602658621328,-40.8));
#7702=CARTESIAN_POINT('',(104.25,227.2102658621328,-40.8));
#7703=CARTESIAN_POINT('',(104.25,216.7102658621328,-40.8));
#7704=CARTESIAN_POINT('',(104.25,221.9602658621328,-42.0));
#7705=CARTESIAN_POINT('',(104.25,221.9602658621328,-40.8));
#7706=CARTESIAN_POINT('',(104.25,227.2102658621328,-42.0));
#7707=CARTESIAN_POINT('',(104.25,227.2102658621328,-42.0));
#7708=CARTESIAN_POINT('',(104.25,227.2102658621328,-40.8));
#7709=CARTESIAN_POINT('Origin',(111.0,227.2102658621328,-40.8));
#7710=CARTESIAN_POINT('',(111.0,227.2102658621328,-40.8));
#7711=CARTESIAN_POINT('',(66.612151716381,227.2102658621328,-40.8));
#7712=CARTESIAN_POINT('',(111.0,227.2102658621328,-42.0));
#7713=CARTESIAN_POINT('',(111.0,227.2102658621328,-42.0));
#7714=CARTESIAN_POINT('',(111.0,227.2102658621328,-40.8));
#7715=CARTESIAN_POINT('Origin',(111.0,221.9602658621328,-40.8));
#7716=CARTESIAN_POINT('',(111.0,221.9602658621328,-40.8));
#7717=CARTESIAN_POINT('',(111.0,214.0852658621328,-40.8));
#7718=CARTESIAN_POINT('',(111.0,221.9602658621328,-42.0));
#7719=CARTESIAN_POINT('',(111.0,221.9602658621328,-42.0));
#7720=CARTESIAN_POINT('',(111.0,221.9602658621328,-40.8));
#7721=CARTESIAN_POINT('Origin',(104.25,221.9602658621328,-40.8));
#7722=CARTESIAN_POINT('',(63.237151716381,221.9602658621328,-40.8));
#7723=CARTESIAN_POINT('',(104.25,221.9602658621328,-42.0));
#7724=CARTESIAN_POINT('Origin',(107.625,224.5852658621328,-42.0));
#7725=CARTESIAN_POINT('Origin',(72.0,206.2102658621328,-43.2));
#7726=CARTESIAN_POINT('',(72.0,224.2102658621328,-43.2));
#7727=CARTESIAN_POINT('',(72.0,224.2102658621328,-40.8));
#7728=CARTESIAN_POINT('',(72.0,224.2102658621328,-40.8));
#7729=CARTESIAN_POINT('',(72.0,230.2102658621328,-40.8));
#7730=CARTESIAN_POINT('',(72.0,206.2102658621328,-40.8));
#7731=CARTESIAN_POINT('',(72.0,230.2102658621328,-43.2));
#7732=CARTESIAN_POINT('',(72.0,230.2102658621328,-40.8));
#7733=CARTESIAN_POINT('',(72.0,206.2102658621328,-43.2));
#7734=CARTESIAN_POINT('Origin',(93.0,230.2102658621328,-42.0));
#7735=CARTESIAN_POINT('',(114.0,230.2102658621328,-43.2));
#7736=CARTESIAN_POINT('',(114.0,230.2102658621328,-40.8));
#7737=CARTESIAN_POINT('',(114.0,230.2102658621328,-40.8));
#7738=CARTESIAN_POINT('',(114.0,230.2102658621328,-43.2));
#7739=CARTESIAN_POINT('',(22.22430343276254,230.2102658621328,-40.8));
#7740=CARTESIAN_POINT('Origin',(72.0,206.2102658621328,-43.2));
#7741=CARTESIAN_POINT('',(72.0,194.2102658621328,-43.2));
#7742=CARTESIAN_POINT('',(72.0,206.2102658621328,-43.2));
#7743=CARTESIAN_POINT('',(72.0,194.2102658621328,-40.8));
#7744=CARTESIAN_POINT('',(72.0,194.2102658621328,-40.8));
#7745=CARTESIAN_POINT('',(72.0,206.2102658621328,-40.8));
#7746=CARTESIAN_POINT('Origin',(114.0,206.2102658621328,-40.8));
#7747=CARTESIAN_POINT('',(114.0,194.2102658621328,-43.2));
#7748=CARTESIAN_POINT('',(114.0,206.2102658621328,-43.2));
#7749=CARTESIAN_POINT('',(114.0,194.2102658621328,-40.8));
#7750=CARTESIAN_POINT('',(114.0,206.2102658621328,-40.8));
#7751=CARTESIAN_POINT('',(114.0,194.2102658621328,-40.8));
#7752=CARTESIAN_POINT('Origin',(93.0,194.2102658621328,-42.0));
#7753=CARTESIAN_POINT('',(22.22430343276254,194.2102658621328,-40.8));
#7754=CARTESIAN_POINT('',(114.0,194.2102658621328,-43.2));
#7755=CARTESIAN_POINT('Origin',(47.11215171638124,224.2102658621328,-42.0));
#7756=CARTESIAN_POINT('',(114.0,224.2102658621328,-43.2));
#7757=CARTESIAN_POINT('',(22.22430343276254,224.2102658621328,-40.8));
#7758=CARTESIAN_POINT('Origin',(22.22430343276254,206.2102658621328,-40.8));
#7759=CARTESIAN_POINT('Origin',(7.71333504831498,206.2102658621328,-23.11399235005056));
#7760=CARTESIAN_POINT('',(7.71333504831468,194.8102658621328,-23.11399235005104));
#7761=CARTESIAN_POINT('',(7.71333504831468,206.2102658621328,-23.11399235005104));
#7762=CARTESIAN_POINT('',(22.22430343276254,194.8102658621328,-31.8));
#7763=CARTESIAN_POINT('Origin',(4.5,206.2102658621328,-42.29999943673608));
#7764=CARTESIAN_POINT('',(4.5,194.8102658621328,-42.29999943673608));
#7765=CARTESIAN_POINT('',(4.5,206.2102658621328,-42.29999943673608));
#7766=CARTESIAN_POINT('',(3.59999991953373,194.8102658621328,-43.2));
#7767=CARTESIAN_POINT('',(4.5,194.8102658621328,-42.29999943673608));
#7768=CARTESIAN_POINT('',(3.59999991953373,206.2102658621328,-43.2));
#7769=CARTESIAN_POINT('Origin',(4.500000000000006,206.2102658621328,-35.40000366985722));
#7770=CARTESIAN_POINT('',(4.500000000000006,194.8102658621328,-35.40000366985722));
#7771=CARTESIAN_POINT('',(4.500000000000006,206.2102658621328,-35.40000366985722));
#7772=CARTESIAN_POINT('',(4.500000000000006,194.8102658621328,-35.40000366985722));
#7773=CARTESIAN_POINT('Origin',(10.05907207909734,206.2102658621328,-32.19046752493703));
#7774=CARTESIAN_POINT('',(10.05907207909734,194.8102658621328,-32.19046752493703));
#7775=CARTESIAN_POINT('',(10.05907207909734,206.2102658621328,-32.19046752493703));
#7776=CARTESIAN_POINT('',(10.05907207909734,194.8102658621328,-32.19046752493703));
#7777=CARTESIAN_POINT('Origin',(15.61814671396254,206.2102658621328,-35.39999924313942));
#7778=CARTESIAN_POINT('',(15.61814671396254,194.8102658621328,-35.39999924313942));
#7779=CARTESIAN_POINT('',(15.61814671396254,206.2102658621328,-35.39999924313942));
#7780=CARTESIAN_POINT('',(15.61814671396254,194.8102658621328,-35.39999924313942));
#7781=CARTESIAN_POINT('Origin',(15.61814671396254,206.2102658621328,-43.2));
#7782=CARTESIAN_POINT('',(15.61814671396254,194.8102658621328,-43.2));
#7783=CARTESIAN_POINT('',(15.61814671396254,206.2102658621328,-43.2));
#7784=CARTESIAN_POINT('',(15.61814671396254,194.8102658621328,-35.39999924313942));
#7785=CARTESIAN_POINT('Origin',(22.22430343276254,206.2102658621328,-43.2));
#7786=CARTESIAN_POINT('',(22.22430343276254,194.8102658621328,-43.2));
#7787=CARTESIAN_POINT('Origin',(-39.61215171638124,208.0102658621328,-36.3));
#7788=CARTESIAN_POINT('',(-19.82430343276254,209.8102658621328,-40.8));
#7789=CARTESIAN_POINT('',(-19.68197049866508,209.6679329280354,-40.44416766475638));
#7790=CARTESIAN_POINT('',(-25.82430343276254,209.8102658621328,-40.8));
#7791=CARTESIAN_POINT('',(-39.61215171638124,209.8102658621328,-40.8));
#7792=CARTESIAN_POINT('',(-25.82430343276254,209.8102658621328,-40.8));
#7793=CARTESIAN_POINT('Origin',(-24.02430343276254,206.2102658621328,-36.3));
#7794=CARTESIAN_POINT('',(-25.82430343276254,206.2102658621328,-40.8));
#7795=CARTESIAN_POINT('',(-22.22430343276254,206.2102658621328,-31.8));
#7796=CARTESIAN_POINT('Origin',(-19.22430343276254,209.2102658621328,-37.64546332150938));
#7797=CARTESIAN_POINT('',(-22.22430343276254,212.2102658621328,-43.2));
#7798=CARTESIAN_POINT('',(-19.22430343276254,209.2102658621328,-43.2));
#7799=CARTESIAN_POINT('',(-22.22430343276254,212.2102658621328,-40.8));
#7800=CARTESIAN_POINT('',(-22.22430343276254,212.2102658621328,-37.64546332150938));
#7801=CARTESIAN_POINT('',(-19.22430343276254,209.2102658621328,-40.8));
#7802=CARTESIAN_POINT('Origin',(-37.2,207.2110658621328,-40.8));
#7803=CARTESIAN_POINT('',(-37.2,207.2110658621328,-40.8));
#7804=CARTESIAN_POINT('',(-37.2,203.2150658621328,-40.8));
#7805=CARTESIAN_POINT('',(-37.2,206.7106658621328,-40.8));
#7806=CARTESIAN_POINT('',(-37.2,207.2110658621328,-42.0));
#7807=CARTESIAN_POINT('',(-37.2,207.2110658621328,-40.8));
#7808=CARTESIAN_POINT('',(-37.2,203.2150658621328,-42.0));
#7809=CARTESIAN_POINT('',(-37.2,207.2110658621328,-42.0));
#7810=CARTESIAN_POINT('',(-37.2,203.2150658621328,-40.8));
#7811=CARTESIAN_POINT('Origin',(-46.8,207.2110658621328,-40.8));
#7812=CARTESIAN_POINT('',(-46.8,207.2110658621328,-40.8));
#7813=CARTESIAN_POINT('',(-34.51215171638124,207.2110658621328,-40.8));
#7814=CARTESIAN_POINT('',(-46.8,207.2110658621328,-42.0));
#7815=CARTESIAN_POINT('',(-46.8,207.2110658621328,-40.8));
#7816=CARTESIAN_POINT('',(-46.8,207.2110658621328,-42.0));
#7817=CARTESIAN_POINT('Origin',(-46.8,203.2150658621328,-40.8));
#7818=CARTESIAN_POINT('',(-46.8,203.2150658621328,-40.8));
#7819=CARTESIAN_POINT('',(-46.8,204.7126658621328,-40.8));
#7820=CARTESIAN_POINT('',(-46.8,203.2150658621328,-42.0));
#7821=CARTESIAN_POINT('',(-46.8,203.2150658621328,-40.8));
#7822=CARTESIAN_POINT('',(-46.8,203.2150658621328,-42.0));
#7823=CARTESIAN_POINT('Origin',(-37.2,203.2150658621328,-40.8));
#7824=CARTESIAN_POINT('',(-29.7121517163813,203.2150658621328,-40.8));
#7825=CARTESIAN_POINT('',(-37.2,203.2150658621328,-42.0));
#7826=CARTESIAN_POINT('Origin',(-42.0,205.2130658621328,-42.0));
#7827=CARTESIAN_POINT('Origin',(-49.8,207.2110658621328,-40.8));
#7828=CARTESIAN_POINT('',(-49.8,207.2110658621328,-40.8));
#7829=CARTESIAN_POINT('',(-49.8,203.2150658621328,-40.8));
#7830=CARTESIAN_POINT('',(-49.8,206.7106658621328,-40.8));
#7831=CARTESIAN_POINT('',(-49.8,207.2110658621328,-42.0));
#7832=CARTESIAN_POINT('',(-49.8,207.2110658621328,-40.8));
#7833=CARTESIAN_POINT('',(-49.8,203.2150658621328,-42.0));
#7834=CARTESIAN_POINT('',(-49.8,207.2110658621328,-42.0));
#7835=CARTESIAN_POINT('',(-49.8,203.2150658621328,-40.8));
#7836=CARTESIAN_POINT('Origin',(-59.4,207.2110658621328,-40.8));
#7837=CARTESIAN_POINT('',(-59.4,207.2110658621328,-40.8));
#7838=CARTESIAN_POINT('',(-40.81215171638124,207.2110658621328,-40.8));
#7839=CARTESIAN_POINT('',(-59.4,207.2110658621328,-42.0));
#7840=CARTESIAN_POINT('',(-59.4,207.2110658621328,-40.8));
#7841=CARTESIAN_POINT('',(-59.4,207.2110658621328,-42.0));
#7842=CARTESIAN_POINT('Origin',(-59.4,203.2150658621328,-40.8));
#7843=CARTESIAN_POINT('',(-59.4,203.2150658621328,-40.8));
#7844=CARTESIAN_POINT('',(-59.4,204.7126658621328,-40.8));
#7845=CARTESIAN_POINT('',(-59.4,203.2150658621328,-42.0));
#7846=CARTESIAN_POINT('',(-59.4,203.2150658621328,-40.8));
#7847=CARTESIAN_POINT('',(-59.4,203.2150658621328,-42.0));
#7848=CARTESIAN_POINT('Origin',(-49.8,203.2150658621328,-40.8));
#7849=CARTESIAN_POINT('',(-36.0121517163813,203.2150658621328,-40.8));
#7850=CARTESIAN_POINT('',(-49.8,203.2150658621328,-42.0));
#7851=CARTESIAN_POINT('Origin',(-54.6,205.2130658621328,-42.0));
#7852=CARTESIAN_POINT('Origin',(-62.4,207.2110658621328,-40.8));
#7853=CARTESIAN_POINT('',(-62.4,207.2110658621328,-40.8));
#7854=CARTESIAN_POINT('',(-62.4,203.2150658621328,-40.8));
#7855=CARTESIAN_POINT('',(-62.4,206.7106658621328,-40.8));
#7856=CARTESIAN_POINT('',(-62.4,207.2110658621328,-42.0));
#7857=CARTESIAN_POINT('',(-62.4,207.2110658621328,-40.8));
#7858=CARTESIAN_POINT('',(-62.4,203.2150658621328,-42.0));
#7859=CARTESIAN_POINT('',(-62.4,207.2110658621328,-42.0));
#7860=CARTESIAN_POINT('',(-62.4,203.2150658621328,-40.8));
#7861=CARTESIAN_POINT('Origin',(-72.0,207.2110658621328,-40.8));
#7862=CARTESIAN_POINT('',(-72.0,207.2110658621328,-40.8));
#7863=CARTESIAN_POINT('',(-47.11215171638124,207.2110658621328,-40.8));
#7864=CARTESIAN_POINT('',(-72.0,207.2110658621328,-42.0));
#7865=CARTESIAN_POINT('',(-72.0,207.2110658621328,-40.8));
#7866=CARTESIAN_POINT('',(-72.0,207.2110658621328,-42.0));
#7867=CARTESIAN_POINT('Origin',(-72.0,203.2150658621328,-40.8));
#7868=CARTESIAN_POINT('',(-72.0,203.2150658621328,-40.8));
#7869=CARTESIAN_POINT('',(-72.0,204.7126658621328,-40.8));
#7870=CARTESIAN_POINT('',(-72.0,203.2150658621328,-42.0));
#7871=CARTESIAN_POINT('',(-72.0,203.2150658621328,-40.8));
#7872=CARTESIAN_POINT('',(-72.0,203.2150658621328,-42.0));
#7873=CARTESIAN_POINT('Origin',(-62.4,203.2150658621328,-40.8));
#7874=CARTESIAN_POINT('',(-42.31215171638124,203.2150658621328,-40.8));
#7875=CARTESIAN_POINT('',(-62.4,203.2150658621328,-42.0));
#7876=CARTESIAN_POINT('Origin',(-67.2,205.2130658621328,-42.0));
#7877=CARTESIAN_POINT('Origin',(-37.2,214.2106658621328,-40.8));
#7878=CARTESIAN_POINT('',(-37.2,214.2106658621328,-40.8));
#7879=CARTESIAN_POINT('',(-37.2,210.2146658621328,-40.8));
#7880=CARTESIAN_POINT('',(-37.2,210.2104658621328,-40.8));
#7881=CARTESIAN_POINT('',(-37.2,214.2106658621328,-42.0));
#7882=CARTESIAN_POINT('',(-37.2,214.2106658621328,-40.8));
#7883=CARTESIAN_POINT('',(-37.2,210.2146658621328,-42.0));
#7884=CARTESIAN_POINT('',(-37.2,214.2106658621328,-42.0));
#7885=CARTESIAN_POINT('',(-37.2,210.2146658621328,-40.8));
#7886=CARTESIAN_POINT('Origin',(-46.8,214.2106658621328,-40.8));
#7887=CARTESIAN_POINT('',(-46.8,214.2106658621328,-40.8));
#7888=CARTESIAN_POINT('',(-34.51215171638124,214.2106658621328,-40.8));
#7889=CARTESIAN_POINT('',(-46.8,214.2106658621328,-42.0));
#7890=CARTESIAN_POINT('',(-46.8,214.2106658621328,-40.8));
#7891=CARTESIAN_POINT('',(-46.8,214.2106658621328,-42.0));
#7892=CARTESIAN_POINT('Origin',(-46.8,210.2146658621328,-40.8));
#7893=CARTESIAN_POINT('',(-46.8,210.2146658621328,-40.8));
#7894=CARTESIAN_POINT('',(-46.8,208.2124658621328,-40.8));
#7895=CARTESIAN_POINT('',(-46.8,210.2146658621328,-42.0));
#7896=CARTESIAN_POINT('',(-46.8,210.2146658621328,-40.8));
#7897=CARTESIAN_POINT('',(-46.8,210.2146658621328,-42.0));
#7898=CARTESIAN_POINT('Origin',(-37.2,210.2146658621328,-40.8));
#7899=CARTESIAN_POINT('',(-29.7121517163813,210.2146658621328,-40.8));
#7900=CARTESIAN_POINT('',(-37.2,210.2146658621328,-42.0));
#7901=CARTESIAN_POINT('Origin',(-42.0,212.2126658621328,-42.0));
#7902=CARTESIAN_POINT('Origin',(-49.8,214.2106658621328,-40.8));
#7903=CARTESIAN_POINT('',(-49.8,214.2106658621328,-40.8));
#7904=CARTESIAN_POINT('',(-49.8,210.2146658621328,-40.8));
#7905=CARTESIAN_POINT('',(-49.8,210.2104658621328,-40.8));
#7906=CARTESIAN_POINT('',(-49.8,214.2106658621328,-42.0));
#7907=CARTESIAN_POINT('',(-49.8,214.2106658621328,-40.8));
#7908=CARTESIAN_POINT('',(-49.8,210.2146658621328,-42.0));
#7909=CARTESIAN_POINT('',(-49.8,214.2106658621328,-42.0));
#7910=CARTESIAN_POINT('',(-49.8,210.2146658621328,-40.8));
#7911=CARTESIAN_POINT('Origin',(-59.4,214.2106658621328,-40.8));
#7912=CARTESIAN_POINT('',(-59.4,214.2106658621328,-40.8));
#7913=CARTESIAN_POINT('',(-40.81215171638124,214.2106658621328,-40.8));
#7914=CARTESIAN_POINT('',(-59.4,214.2106658621328,-42.0));
#7915=CARTESIAN_POINT('',(-59.4,214.2106658621328,-40.8));
#7916=CARTESIAN_POINT('',(-59.4,214.2106658621328,-42.0));
#7917=CARTESIAN_POINT('Origin',(-59.4,210.2146658621328,-40.8));
#7918=CARTESIAN_POINT('',(-59.4,210.2146658621328,-40.8));
#7919=CARTESIAN_POINT('',(-59.4,208.2124658621328,-40.8));
#7920=CARTESIAN_POINT('',(-59.4,210.2146658621328,-42.0));
#7921=CARTESIAN_POINT('',(-59.4,210.2146658621328,-40.8));
#7922=CARTESIAN_POINT('',(-59.4,210.2146658621328,-42.0));
#7923=CARTESIAN_POINT('Origin',(-49.8,210.2146658621328,-40.8));
#7924=CARTESIAN_POINT('',(-36.0121517163813,210.2146658621328,-40.8));
#7925=CARTESIAN_POINT('',(-49.8,210.2146658621328,-42.0));
#7926=CARTESIAN_POINT('Origin',(-54.6,212.2126658621328,-42.0));
#7927=CARTESIAN_POINT('Origin',(-62.4,214.2106658621328,-40.8));
#7928=CARTESIAN_POINT('',(-62.4,214.2106658621328,-40.8));
#7929=CARTESIAN_POINT('',(-62.4,210.2146658621328,-40.8));
#7930=CARTESIAN_POINT('',(-62.4,210.2104658621328,-40.8));
#7931=CARTESIAN_POINT('',(-62.4,214.2106658621328,-42.0));
#7932=CARTESIAN_POINT('',(-62.4,214.2106658621328,-40.8));
#7933=CARTESIAN_POINT('',(-62.4,210.2146658621328,-42.0));
#7934=CARTESIAN_POINT('',(-62.4,214.2106658621328,-42.0));
#7935=CARTESIAN_POINT('',(-62.4,210.2146658621328,-40.8));
#7936=CARTESIAN_POINT('Origin',(-72.0,214.2106658621328,-40.8));
#7937=CARTESIAN_POINT('',(-72.0,214.2106658621328,-40.8));
#7938=CARTESIAN_POINT('',(-47.11215171638124,214.2106658621328,-40.8));
#7939=CARTESIAN_POINT('',(-72.0,214.2106658621328,-42.0));
#7940=CARTESIAN_POINT('',(-72.0,214.2106658621328,-40.8));
#7941=CARTESIAN_POINT('',(-72.0,214.2106658621328,-42.0));
#7942=CARTESIAN_POINT('Origin',(-72.0,210.2146658621328,-40.8));
#7943=CARTESIAN_POINT('',(-72.0,210.2146658621328,-40.8));
#7944=CARTESIAN_POINT('',(-72.0,208.2124658621328,-40.8));
#7945=CARTESIAN_POINT('',(-72.0,210.2146658621328,-42.0));
#7946=CARTESIAN_POINT('',(-72.0,210.2146658621328,-40.8));
#7947=CARTESIAN_POINT('',(-72.0,210.2146658621328,-42.0));
#7948=CARTESIAN_POINT('Origin',(-62.4,210.2146658621328,-40.8));
#7949=CARTESIAN_POINT('',(-42.31215171638124,210.2146658621328,-40.8));
#7950=CARTESIAN_POINT('',(-62.4,210.2146658621328,-42.0));
#7951=CARTESIAN_POINT('Origin',(-67.2,212.2126658621328,-42.0));
#7952=CARTESIAN_POINT('Origin',(-37.2,221.2102658621328,-40.8));
#7953=CARTESIAN_POINT('',(-37.2,221.2102658621328,-40.8));
#7954=CARTESIAN_POINT('',(-37.2,217.2142658621328,-40.8));
#7955=CARTESIAN_POINT('',(-37.2,213.7102658621328,-40.8));
#7956=CARTESIAN_POINT('',(-37.2,221.2102658621328,-42.0));
#7957=CARTESIAN_POINT('',(-37.2,221.2102658621328,-40.8));
#7958=CARTESIAN_POINT('',(-37.2,217.2142658621328,-42.0));
#7959=CARTESIAN_POINT('',(-37.2,221.2102658621328,-42.0));
#7960=CARTESIAN_POINT('',(-37.2,217.2142658621328,-40.8));
#7961=CARTESIAN_POINT('Origin',(-46.8,221.2102658621328,-40.8));
#7962=CARTESIAN_POINT('',(-46.8,221.2102658621328,-40.8));
#7963=CARTESIAN_POINT('',(-34.51215171638124,221.2102658621328,-40.8));
#7964=CARTESIAN_POINT('',(-46.8,221.2102658621328,-42.0));
#7965=CARTESIAN_POINT('',(-46.8,221.2102658621328,-40.8));
#7966=CARTESIAN_POINT('',(-46.8,221.2102658621328,-42.0));
#7967=CARTESIAN_POINT('Origin',(-46.8,217.2142658621328,-40.8));
#7968=CARTESIAN_POINT('',(-46.8,217.2142658621328,-40.8));
#7969=CARTESIAN_POINT('',(-46.8,211.7122658621328,-40.8));
#7970=CARTESIAN_POINT('',(-46.8,217.2142658621328,-42.0));
#7971=CARTESIAN_POINT('',(-46.8,217.2142658621328,-40.8));
#7972=CARTESIAN_POINT('',(-46.8,217.2142658621328,-42.0));
#7973=CARTESIAN_POINT('Origin',(-37.2,217.2142658621328,-40.8));
#7974=CARTESIAN_POINT('',(-29.7121517163813,217.2142658621328,-40.8));
#7975=CARTESIAN_POINT('',(-37.2,217.2142658621328,-42.0));
#7976=CARTESIAN_POINT('Origin',(-42.0,219.2122658621328,-42.0));
#7977=CARTESIAN_POINT('Origin',(-49.8,221.2102658621328,-40.8));
#7978=CARTESIAN_POINT('',(-49.8,221.2102658621328,-40.8));
#7979=CARTESIAN_POINT('',(-49.8,217.2142658621328,-40.8));
#7980=CARTESIAN_POINT('',(-49.8,213.7102658621328,-40.8));
#7981=CARTESIAN_POINT('',(-49.8,221.2102658621328,-42.0));
#7982=CARTESIAN_POINT('',(-49.8,221.2102658621328,-40.8));
#7983=CARTESIAN_POINT('',(-49.8,217.2142658621328,-42.0));
#7984=CARTESIAN_POINT('',(-49.8,221.2102658621328,-42.0));
#7985=CARTESIAN_POINT('',(-49.8,217.2142658621328,-40.8));
#7986=CARTESIAN_POINT('Origin',(-59.4,221.2102658621328,-40.8));
#7987=CARTESIAN_POINT('',(-59.4,221.2102658621328,-40.8));
#7988=CARTESIAN_POINT('',(-40.81215171638124,221.2102658621328,-40.8));
#7989=CARTESIAN_POINT('',(-59.4,221.2102658621328,-42.0));
#7990=CARTESIAN_POINT('',(-59.4,221.2102658621328,-40.8));
#7991=CARTESIAN_POINT('',(-59.4,221.2102658621328,-42.0));
#7992=CARTESIAN_POINT('Origin',(-59.4,217.2142658621328,-40.8));
#7993=CARTESIAN_POINT('',(-59.4,217.2142658621328,-40.8));
#7994=CARTESIAN_POINT('',(-59.4,211.7122658621328,-40.8));
#7995=CARTESIAN_POINT('',(-59.4,217.2142658621328,-42.0));
#7996=CARTESIAN_POINT('',(-59.4,217.2142658621328,-40.8));
#7997=CARTESIAN_POINT('',(-59.4,217.2142658621328,-42.0));
#7998=CARTESIAN_POINT('Origin',(-49.8,217.2142658621328,-40.8));
#7999=CARTESIAN_POINT('',(-36.0121517163813,217.2142658621328,-40.8));
#8000=CARTESIAN_POINT('',(-49.8,217.2142658621328,-42.0));
#8001=CARTESIAN_POINT('Origin',(-54.6,219.2122658621328,-42.0));
#8002=CARTESIAN_POINT('Origin',(-62.4,221.2102658621328,-40.8));
#8003=CARTESIAN_POINT('',(-62.4,221.2102658621328,-40.8));
#8004=CARTESIAN_POINT('',(-62.4,217.2142658621328,-40.8));
#8005=CARTESIAN_POINT('',(-62.4,213.7102658621328,-40.8));
#8006=CARTESIAN_POINT('',(-62.4,221.2102658621328,-42.0));
#8007=CARTESIAN_POINT('',(-62.4,221.2102658621328,-40.8));
#8008=CARTESIAN_POINT('',(-62.4,217.2142658621328,-42.0));
#8009=CARTESIAN_POINT('',(-62.4,221.2102658621328,-42.0));
#8010=CARTESIAN_POINT('',(-62.4,217.2142658621328,-40.8));
#8011=CARTESIAN_POINT('Origin',(-72.0,221.2102658621328,-40.8));
#8012=CARTESIAN_POINT('',(-72.0,221.2102658621328,-40.8));
#8013=CARTESIAN_POINT('',(-47.11215171638124,221.2102658621328,-40.8));
#8014=CARTESIAN_POINT('',(-72.0,221.2102658621328,-42.0));
#8015=CARTESIAN_POINT('',(-72.0,221.2102658621328,-40.8));
#8016=CARTESIAN_POINT('',(-72.0,221.2102658621328,-42.0));
#8017=CARTESIAN_POINT('Origin',(-72.0,217.2142658621328,-40.8));
#8018=CARTESIAN_POINT('',(-72.0,217.2142658621328,-40.8));
#8019=CARTESIAN_POINT('',(-72.0,211.7122658621328,-40.8));
#8020=CARTESIAN_POINT('',(-72.0,217.2142658621328,-42.0));
#8021=CARTESIAN_POINT('',(-72.0,217.2142658621328,-40.8));
#8022=CARTESIAN_POINT('',(-72.0,217.2142658621328,-42.0));
#8023=CARTESIAN_POINT('Origin',(-62.4,217.2142658621328,-40.8));
#8024=CARTESIAN_POINT('',(-42.31215171638124,217.2142658621328,-40.8));
#8025=CARTESIAN_POINT('',(-62.4,217.2142658621328,-42.0));
#8026=CARTESIAN_POINT('Origin',(-67.2,219.2122658621328,-42.0));
#8027=CARTESIAN_POINT('Origin',(-75.0,202.4602658621328,-40.8));
#8028=CARTESIAN_POINT('',(-75.0,202.4602658621328,-40.8));
#8029=CARTESIAN_POINT('',(-75.0,197.2102658621328,-40.8));
#8030=CARTESIAN_POINT('',(-75.0,204.3352658621328,-40.8));
#8031=CARTESIAN_POINT('',(-75.0,202.4602658621328,-42.0));
#8032=CARTESIAN_POINT('',(-75.0,202.4602658621328,-40.8));
#8033=CARTESIAN_POINT('',(-75.0,197.2102658621328,-42.0));
#8034=CARTESIAN_POINT('',(-75.0,202.4602658621328,-42.0));
#8035=CARTESIAN_POINT('',(-75.0,197.2102658621328,-40.8));
#8036=CARTESIAN_POINT('Origin',(-81.75,202.4602658621328,-40.8));
#8037=CARTESIAN_POINT('',(-81.75,202.4602658621328,-40.8));
#8038=CARTESIAN_POINT('',(-51.98715171638124,202.4602658621328,-40.8));
#8039=CARTESIAN_POINT('',(-81.75,202.4602658621328,-42.0));
#8040=CARTESIAN_POINT('',(-81.75,202.4602658621328,-40.8));
#8041=CARTESIAN_POINT('',(-81.75,202.4602658621328,-42.0));
#8042=CARTESIAN_POINT('Origin',(-81.75,197.2102658621328,-40.8));
#8043=CARTESIAN_POINT('',(-81.75,197.2102658621328,-40.8));
#8044=CARTESIAN_POINT('',(-81.75,201.7102658621328,-40.8));
#8045=CARTESIAN_POINT('',(-81.75,197.2102658621328,-42.0));
#8046=CARTESIAN_POINT('',(-81.75,197.2102658621328,-40.8));
#8047=CARTESIAN_POINT('',(-81.75,197.2102658621328,-42.0));
#8048=CARTESIAN_POINT('Origin',(-75.0,197.2102658621328,-40.8));
#8049=CARTESIAN_POINT('',(-48.61215171638124,197.2102658621328,-40.8));
#8050=CARTESIAN_POINT('',(-75.0,197.2102658621328,-42.0));
#8051=CARTESIAN_POINT('Origin',(-78.375,199.8352658621328,-42.0));
#8052=CARTESIAN_POINT('Origin',(-84.75,202.4602658621328,-40.8));
#8053=CARTESIAN_POINT('',(-84.75,202.4602658621328,-40.8));
#8054=CARTESIAN_POINT('',(-84.75,197.2102658621328,-40.8));
#8055=CARTESIAN_POINT('',(-84.75,204.3352658621328,-40.8));
#8056=CARTESIAN_POINT('',(-84.75,202.4602658621328,-42.0));
#8057=CARTESIAN_POINT('',(-84.75,202.4602658621328,-40.8));
#8058=CARTESIAN_POINT('',(-84.75,197.2102658621328,-42.0));
#8059=CARTESIAN_POINT('',(-84.75,202.4602658621328,-42.0));
#8060=CARTESIAN_POINT('',(-84.75,197.2102658621328,-40.8));
#8061=CARTESIAN_POINT('Origin',(-91.5,202.4602658621328,-40.8));
#8062=CARTESIAN_POINT('',(-91.5,202.4602658621328,-40.8));
#8063=CARTESIAN_POINT('',(-56.86215171638124,202.4602658621328,-40.8));
#8064=CARTESIAN_POINT('',(-91.5,202.4602658621328,-42.0));
#8065=CARTESIAN_POINT('',(-91.5,202.4602658621328,-40.8));
#8066=CARTESIAN_POINT('',(-91.5,202.4602658621328,-42.0));
#8067=CARTESIAN_POINT('Origin',(-91.5,197.2102658621328,-40.8));
#8068=CARTESIAN_POINT('',(-91.5,197.2102658621328,-40.8));
#8069=CARTESIAN_POINT('',(-91.5,201.7102658621328,-40.8));
#8070=CARTESIAN_POINT('',(-91.5,197.2102658621328,-42.0));
#8071=CARTESIAN_POINT('',(-91.5,197.2102658621328,-40.8));
#8072=CARTESIAN_POINT('',(-91.5,197.2102658621328,-42.0));
#8073=CARTESIAN_POINT('Origin',(-84.75,197.2102658621328,-40.8));
#8074=CARTESIAN_POINT('',(-53.48715171638124,197.2102658621328,-40.8));
#8075=CARTESIAN_POINT('',(-84.75,197.2102658621328,-42.0));
#8076=CARTESIAN_POINT('Origin',(-88.125,199.8352658621328,-42.0));
#8077=CARTESIAN_POINT('Origin',(-94.5,202.4602658621328,-40.8));
#8078=CARTESIAN_POINT('',(-94.5,202.4602658621328,-40.8));
#8079=CARTESIAN_POINT('',(-94.5,197.2102658621328,-40.8));
#8080=CARTESIAN_POINT('',(-94.5,204.3352658621328,-40.8));
#8081=CARTESIAN_POINT('',(-94.5,202.4602658621328,-42.0));
#8082=CARTESIAN_POINT('',(-94.5,202.4602658621328,-40.8));
#8083=CARTESIAN_POINT('',(-94.5,197.2102658621328,-42.0));
#8084=CARTESIAN_POINT('',(-94.5,202.4602658621328,-42.0));
#8085=CARTESIAN_POINT('',(-94.5,197.2102658621328,-40.8));
#8086=CARTESIAN_POINT('Origin',(-101.25,202.4602658621328,-40.8));
#8087=CARTESIAN_POINT('',(-101.25,202.4602658621328,-40.8));
#8088=CARTESIAN_POINT('',(-61.737151716381,202.4602658621328,-40.8));
#8089=CARTESIAN_POINT('',(-101.25,202.4602658621328,-42.0));
#8090=CARTESIAN_POINT('',(-101.25,202.4602658621328,-40.8));
#8091=CARTESIAN_POINT('',(-101.25,202.4602658621328,-42.0));
#8092=CARTESIAN_POINT('Origin',(-101.25,197.2102658621328,-40.8));
#8093=CARTESIAN_POINT('',(-101.25,197.2102658621328,-40.8));
#8094=CARTESIAN_POINT('',(-101.25,201.7102658621328,-40.8));
#8095=CARTESIAN_POINT('',(-101.25,197.2102658621328,-42.0));
#8096=CARTESIAN_POINT('',(-101.25,197.2102658621328,-40.8));
#8097=CARTESIAN_POINT('',(-101.25,197.2102658621328,-42.0));
#8098=CARTESIAN_POINT('Origin',(-94.5,197.2102658621328,-40.8));
#8099=CARTESIAN_POINT('',(-58.36215171638124,197.2102658621328,-40.8));
#8100=CARTESIAN_POINT('',(-94.5,197.2102658621328,-42.0));
#8101=CARTESIAN_POINT('Origin',(-97.875,199.8352658621328,-42.0));
#8102=CARTESIAN_POINT('Origin',(-104.25,202.4602658621328,-40.8));
#8103=CARTESIAN_POINT('',(-104.25,202.4602658621328,-40.8));
#8104=CARTESIAN_POINT('',(-104.25,197.2102658621328,-40.8));
#8105=CARTESIAN_POINT('',(-104.25,204.3352658621328,-40.8));
#8106=CARTESIAN_POINT('',(-104.25,202.4602658621328,-42.0));
#8107=CARTESIAN_POINT('',(-104.25,202.4602658621328,-40.8));
#8108=CARTESIAN_POINT('',(-104.25,197.2102658621328,-42.0));
#8109=CARTESIAN_POINT('',(-104.25,202.4602658621328,-42.0));
#8110=CARTESIAN_POINT('',(-104.25,197.2102658621328,-40.8));
#8111=CARTESIAN_POINT('Origin',(-111.0,202.4602658621328,-40.8));
#8112=CARTESIAN_POINT('',(-111.0,202.4602658621328,-40.8));
#8113=CARTESIAN_POINT('',(-66.612151716381,202.4602658621328,-40.8));
#8114=CARTESIAN_POINT('',(-111.0,202.4602658621328,-42.0));
#8115=CARTESIAN_POINT('',(-111.0,202.4602658621328,-40.8));
#8116=CARTESIAN_POINT('',(-111.0,202.4602658621328,-42.0));
#8117=CARTESIAN_POINT('Origin',(-111.0,197.2102658621328,-40.8));
#8118=CARTESIAN_POINT('',(-111.0,197.2102658621328,-40.8));
#8119=CARTESIAN_POINT('',(-111.0,201.7102658621328,-40.8));
#8120=CARTESIAN_POINT('',(-111.0,197.2102658621328,-42.0));
#8121=CARTESIAN_POINT('',(-111.0,197.2102658621328,-40.8));
#8122=CARTESIAN_POINT('',(-111.0,197.2102658621328,-42.0));
#8123=CARTESIAN_POINT('Origin',(-104.25,197.2102658621328,-40.8));
#8124=CARTESIAN_POINT('',(-63.237151716381,197.2102658621328,-40.8));
#8125=CARTESIAN_POINT('',(-104.25,197.2102658621328,-42.0));
#8126=CARTESIAN_POINT('Origin',(-107.625,199.8352658621328,-42.0));
#8127=CARTESIAN_POINT('Origin',(-75.0,210.7102658621328,-40.8));
#8128=CARTESIAN_POINT('',(-75.0,210.7102658621328,-40.8));
#8129=CARTESIAN_POINT('',(-75.0,205.4602658621328,-40.8));
#8130=CARTESIAN_POINT('',(-75.0,208.4602658621328,-40.8));
#8131=CARTESIAN_POINT('',(-75.0,210.7102658621328,-42.0));
#8132=CARTESIAN_POINT('',(-75.0,210.7102658621328,-40.8));
#8133=CARTESIAN_POINT('',(-75.0,205.4602658621328,-42.0));
#8134=CARTESIAN_POINT('',(-75.0,210.7102658621328,-42.0));
#8135=CARTESIAN_POINT('',(-75.0,205.4602658621328,-40.8));
#8136=CARTESIAN_POINT('Origin',(-81.75,210.7102658621328,-40.8));
#8137=CARTESIAN_POINT('',(-81.75,210.7102658621328,-40.8));
#8138=CARTESIAN_POINT('',(-51.98715171638124,210.7102658621328,-40.8));
#8139=CARTESIAN_POINT('',(-81.75,210.7102658621328,-42.0));
#8140=CARTESIAN_POINT('',(-81.75,210.7102658621328,-40.8));
#8141=CARTESIAN_POINT('',(-81.75,210.7102658621328,-42.0));
#8142=CARTESIAN_POINT('Origin',(-81.75,205.4602658621328,-40.8));
#8143=CARTESIAN_POINT('',(-81.75,205.4602658621328,-40.8));
#8144=CARTESIAN_POINT('',(-81.75,205.8352658621328,-40.8));
#8145=CARTESIAN_POINT('',(-81.75,205.4602658621328,-42.0));
#8146=CARTESIAN_POINT('',(-81.75,205.4602658621328,-40.8));
#8147=CARTESIAN_POINT('',(-81.75,205.4602658621328,-42.0));
#8148=CARTESIAN_POINT('Origin',(-75.0,205.4602658621328,-40.8));
#8149=CARTESIAN_POINT('',(-48.61215171638124,205.4602658621328,-40.8));
#8150=CARTESIAN_POINT('',(-75.0,205.4602658621328,-42.0));
#8151=CARTESIAN_POINT('Origin',(-78.375,208.0852658621328,-42.0));
#8152=CARTESIAN_POINT('Origin',(-84.75,210.7102658621328,-40.8));
#8153=CARTESIAN_POINT('',(-84.75,210.7102658621328,-40.8));
#8154=CARTESIAN_POINT('',(-84.75,205.4602658621328,-40.8));
#8155=CARTESIAN_POINT('',(-84.75,208.4602658621328,-40.8));
#8156=CARTESIAN_POINT('',(-84.75,210.7102658621328,-42.0));
#8157=CARTESIAN_POINT('',(-84.75,210.7102658621328,-40.8));
#8158=CARTESIAN_POINT('',(-84.75,205.4602658621328,-42.0));
#8159=CARTESIAN_POINT('',(-84.75,210.7102658621328,-42.0));
#8160=CARTESIAN_POINT('',(-84.75,205.4602658621328,-40.8));
#8161=CARTESIAN_POINT('Origin',(-91.5,210.7102658621328,-40.8));
#8162=CARTESIAN_POINT('',(-91.5,210.7102658621328,-40.8));
#8163=CARTESIAN_POINT('',(-56.86215171638124,210.7102658621328,-40.8));
#8164=CARTESIAN_POINT('',(-91.5,210.7102658621328,-42.0));
#8165=CARTESIAN_POINT('',(-91.5,210.7102658621328,-40.8));
#8166=CARTESIAN_POINT('',(-91.5,210.7102658621328,-42.0));
#8167=CARTESIAN_POINT('Origin',(-91.5,205.4602658621328,-40.8));
#8168=CARTESIAN_POINT('',(-91.5,205.4602658621328,-40.8));
#8169=CARTESIAN_POINT('',(-91.5,205.8352658621328,-40.8));
#8170=CARTESIAN_POINT('',(-91.5,205.4602658621328,-42.0));
#8171=CARTESIAN_POINT('',(-91.5,205.4602658621328,-40.8));
#8172=CARTESIAN_POINT('',(-91.5,205.4602658621328,-42.0));
#8173=CARTESIAN_POINT('Origin',(-84.75,205.4602658621328,-40.8));
#8174=CARTESIAN_POINT('',(-53.48715171638124,205.4602658621328,-40.8));
#8175=CARTESIAN_POINT('',(-84.75,205.4602658621328,-42.0));
#8176=CARTESIAN_POINT('Origin',(-88.125,208.0852658621328,-42.0));
#8177=CARTESIAN_POINT('Origin',(-94.5,210.7102658621328,-40.8));
#8178=CARTESIAN_POINT('',(-94.5,210.7102658621328,-40.8));
#8179=CARTESIAN_POINT('',(-94.5,205.4602658621328,-40.8));
#8180=CARTESIAN_POINT('',(-94.5,208.4602658621328,-40.8));
#8181=CARTESIAN_POINT('',(-94.5,210.7102658621328,-42.0));
#8182=CARTESIAN_POINT('',(-94.5,210.7102658621328,-40.8));
#8183=CARTESIAN_POINT('',(-94.5,205.4602658621328,-42.0));
#8184=CARTESIAN_POINT('',(-94.5,210.7102658621328,-42.0));
#8185=CARTESIAN_POINT('',(-94.5,205.4602658621328,-40.8));
#8186=CARTESIAN_POINT('Origin',(-101.25,210.7102658621328,-40.8));
#8187=CARTESIAN_POINT('',(-101.25,210.7102658621328,-40.8));
#8188=CARTESIAN_POINT('',(-61.737151716381,210.7102658621328,-40.8));
#8189=CARTESIAN_POINT('',(-101.25,210.7102658621328,-42.0));
#8190=CARTESIAN_POINT('',(-101.25,210.7102658621328,-40.8));
#8191=CARTESIAN_POINT('',(-101.25,210.7102658621328,-42.0));
#8192=CARTESIAN_POINT('Origin',(-101.25,205.4602658621328,-40.8));
#8193=CARTESIAN_POINT('',(-101.25,205.4602658621328,-40.8));
#8194=CARTESIAN_POINT('',(-101.25,205.8352658621328,-40.8));
#8195=CARTESIAN_POINT('',(-101.25,205.4602658621328,-42.0));
#8196=CARTESIAN_POINT('',(-101.25,205.4602658621328,-40.8));
#8197=CARTESIAN_POINT('',(-101.25,205.4602658621328,-42.0));
#8198=CARTESIAN_POINT('Origin',(-94.5,205.4602658621328,-40.8));
#8199=CARTESIAN_POINT('',(-58.36215171638124,205.4602658621328,-40.8));
#8200=CARTESIAN_POINT('',(-94.5,205.4602658621328,-42.0));
#8201=CARTESIAN_POINT('Origin',(-97.875,208.0852658621328,-42.0));
#8202=CARTESIAN_POINT('Origin',(-104.25,210.7102658621328,-40.8));
#8203=CARTESIAN_POINT('',(-104.25,210.7102658621328,-40.8));
#8204=CARTESIAN_POINT('',(-104.25,205.4602658621328,-40.8));
#8205=CARTESIAN_POINT('',(-104.25,208.4602658621328,-40.8));
#8206=CARTESIAN_POINT('',(-104.25,210.7102658621328,-42.0));
#8207=CARTESIAN_POINT('',(-104.25,210.7102658621328,-40.8));
#8208=CARTESIAN_POINT('',(-104.25,205.4602658621328,-42.0));
#8209=CARTESIAN_POINT('',(-104.25,210.7102658621328,-42.0));
#8210=CARTESIAN_POINT('',(-104.25,205.4602658621328,-40.8));
#8211=CARTESIAN_POINT('Origin',(-111.0,210.7102658621328,-40.8));
#8212=CARTESIAN_POINT('',(-111.0,210.7102658621328,-40.8));
#8213=CARTESIAN_POINT('',(-66.612151716381,210.7102658621328,-40.8));
#8214=CARTESIAN_POINT('',(-111.0,210.7102658621328,-42.0));
#8215=CARTESIAN_POINT('',(-111.0,210.7102658621328,-40.8));
#8216=CARTESIAN_POINT('',(-111.0,210.7102658621328,-42.0));
#8217=CARTESIAN_POINT('Origin',(-111.0,205.4602658621328,-40.8));
#8218=CARTESIAN_POINT('',(-111.0,205.4602658621328,-40.8));
#8219=CARTESIAN_POINT('',(-111.0,205.8352658621328,-40.8));
#8220=CARTESIAN_POINT('',(-111.0,205.4602658621328,-42.0));
#8221=CARTESIAN_POINT('',(-111.0,205.4602658621328,-40.8));
#8222=CARTESIAN_POINT('',(-111.0,205.4602658621328,-42.0));
#8223=CARTESIAN_POINT('Origin',(-104.25,205.4602658621328,-40.8));
#8224=CARTESIAN_POINT('',(-63.237151716381,205.4602658621328,-40.8));
#8225=CARTESIAN_POINT('',(-104.25,205.4602658621328,-42.0));
#8226=CARTESIAN_POINT('Origin',(-107.625,208.0852658621328,-42.0));
#8227=CARTESIAN_POINT('Origin',(-75.0,218.9602658621328,-40.8));
#8228=CARTESIAN_POINT('',(-75.0,218.9602658621328,-40.8));
#8229=CARTESIAN_POINT('',(-75.0,213.7102658621328,-40.8));
#8230=CARTESIAN_POINT('',(-75.0,212.5852658621328,-40.8));
#8231=CARTESIAN_POINT('',(-75.0,218.9602658621328,-42.0));
#8232=CARTESIAN_POINT('',(-75.0,218.9602658621328,-40.8));
#8233=CARTESIAN_POINT('',(-75.0,213.7102658621328,-42.0));
#8234=CARTESIAN_POINT('',(-75.0,218.9602658621328,-42.0));
#8235=CARTESIAN_POINT('',(-75.0,213.7102658621328,-40.8));
#8236=CARTESIAN_POINT('Origin',(-81.75,218.9602658621328,-40.8));
#8237=CARTESIAN_POINT('',(-81.75,218.9602658621328,-40.8));
#8238=CARTESIAN_POINT('',(-51.98715171638124,218.9602658621328,-40.8));
#8239=CARTESIAN_POINT('',(-81.75,218.9602658621328,-42.0));
#8240=CARTESIAN_POINT('',(-81.75,218.9602658621328,-40.8));
#8241=CARTESIAN_POINT('',(-81.75,218.9602658621328,-42.0));
#8242=CARTESIAN_POINT('Origin',(-81.75,213.7102658621328,-40.8));
#8243=CARTESIAN_POINT('',(-81.75,213.7102658621328,-40.8));
#8244=CARTESIAN_POINT('',(-81.75,209.9602658621328,-40.8));
#8245=CARTESIAN_POINT('',(-81.75,213.7102658621328,-42.0));
#8246=CARTESIAN_POINT('',(-81.75,213.7102658621328,-40.8));
#8247=CARTESIAN_POINT('',(-81.75,213.7102658621328,-42.0));
#8248=CARTESIAN_POINT('Origin',(-75.0,213.7102658621328,-40.8));
#8249=CARTESIAN_POINT('',(-48.61215171638124,213.7102658621328,-40.8));
#8250=CARTESIAN_POINT('',(-75.0,213.7102658621328,-42.0));
#8251=CARTESIAN_POINT('Origin',(-78.375,216.3352658621328,-42.0));
#8252=CARTESIAN_POINT('Origin',(-84.75,218.9602658621328,-40.8));
#8253=CARTESIAN_POINT('',(-84.75,218.9602658621328,-40.8));
#8254=CARTESIAN_POINT('',(-84.75,213.7102658621328,-40.8));
#8255=CARTESIAN_POINT('',(-84.75,212.5852658621328,-40.8));
#8256=CARTESIAN_POINT('',(-84.75,218.9602658621328,-42.0));
#8257=CARTESIAN_POINT('',(-84.75,218.9602658621328,-40.8));
#8258=CARTESIAN_POINT('',(-84.75,213.7102658621328,-42.0));
#8259=CARTESIAN_POINT('',(-84.75,218.9602658621328,-42.0));
#8260=CARTESIAN_POINT('',(-84.75,213.7102658621328,-40.8));
#8261=CARTESIAN_POINT('Origin',(-91.5,218.9602658621328,-40.8));
#8262=CARTESIAN_POINT('',(-91.5,218.9602658621328,-40.8));
#8263=CARTESIAN_POINT('',(-56.86215171638124,218.9602658621328,-40.8));
#8264=CARTESIAN_POINT('',(-91.5,218.9602658621328,-42.0));
#8265=CARTESIAN_POINT('',(-91.5,218.9602658621328,-40.8));
#8266=CARTESIAN_POINT('',(-91.5,218.9602658621328,-42.0));
#8267=CARTESIAN_POINT('Origin',(-91.5,213.7102658621328,-40.8));
#8268=CARTESIAN_POINT('',(-91.5,213.7102658621328,-40.8));
#8269=CARTESIAN_POINT('',(-91.5,209.9602658621328,-40.8));
#8270=CARTESIAN_POINT('',(-91.5,213.7102658621328,-42.0));
#8271=CARTESIAN_POINT('',(-91.5,213.7102658621328,-40.8));
#8272=CARTESIAN_POINT('',(-91.5,213.7102658621328,-42.0));
#8273=CARTESIAN_POINT('Origin',(-84.75,213.7102658621328,-40.8));
#8274=CARTESIAN_POINT('',(-53.48715171638124,213.7102658621328,-40.8));
#8275=CARTESIAN_POINT('',(-84.75,213.7102658621328,-42.0));
#8276=CARTESIAN_POINT('Origin',(-88.125,216.3352658621328,-42.0));
#8277=CARTESIAN_POINT('Origin',(-94.5,218.9602658621328,-40.8));
#8278=CARTESIAN_POINT('',(-94.5,218.9602658621328,-40.8));
#8279=CARTESIAN_POINT('',(-94.5,213.7102658621328,-40.8));
#8280=CARTESIAN_POINT('',(-94.5,212.5852658621328,-40.8));
#8281=CARTESIAN_POINT('',(-94.5,218.9602658621328,-42.0));
#8282=CARTESIAN_POINT('',(-94.5,218.9602658621328,-40.8));
#8283=CARTESIAN_POINT('',(-94.5,213.7102658621328,-42.0));
#8284=CARTESIAN_POINT('',(-94.5,218.9602658621328,-42.0));
#8285=CARTESIAN_POINT('',(-94.5,213.7102658621328,-40.8));
#8286=CARTESIAN_POINT('Origin',(-101.25,218.9602658621328,-40.8));
#8287=CARTESIAN_POINT('',(-101.25,218.9602658621328,-40.8));
#8288=CARTESIAN_POINT('',(-61.737151716381,218.9602658621328,-40.8));
#8289=CARTESIAN_POINT('',(-101.25,218.9602658621328,-42.0));
#8290=CARTESIAN_POINT('',(-101.25,218.9602658621328,-40.8));
#8291=CARTESIAN_POINT('',(-101.25,218.9602658621328,-42.0));
#8292=CARTESIAN_POINT('Origin',(-101.25,213.7102658621328,-40.8));
#8293=CARTESIAN_POINT('',(-101.25,213.7102658621328,-40.8));
#8294=CARTESIAN_POINT('',(-101.25,209.9602658621328,-40.8));
#8295=CARTESIAN_POINT('',(-101.25,213.7102658621328,-42.0));
#8296=CARTESIAN_POINT('',(-101.25,213.7102658621328,-40.8));
#8297=CARTESIAN_POINT('',(-101.25,213.7102658621328,-42.0));
#8298=CARTESIAN_POINT('Origin',(-94.5,213.7102658621328,-40.8));
#8299=CARTESIAN_POINT('',(-58.36215171638124,213.7102658621328,-40.8));
#8300=CARTESIAN_POINT('',(-94.5,213.7102658621328,-42.0));
#8301=CARTESIAN_POINT('Origin',(-97.875,216.3352658621328,-42.0));
#8302=CARTESIAN_POINT('Origin',(-104.25,218.9602658621328,-40.8));
#8303=CARTESIAN_POINT('',(-104.25,218.9602658621328,-40.8));
#8304=CARTESIAN_POINT('',(-104.25,213.7102658621328,-40.8));
#8305=CARTESIAN_POINT('',(-104.25,212.5852658621328,-40.8));
#8306=CARTESIAN_POINT('',(-104.25,218.9602658621328,-42.0));
#8307=CARTESIAN_POINT('',(-104.25,218.9602658621328,-40.8));
#8308=CARTESIAN_POINT('',(-104.25,213.7102658621328,-42.0));
#8309=CARTESIAN_POINT('',(-104.25,218.9602658621328,-42.0));
#8310=CARTESIAN_POINT('',(-104.25,213.7102658621328,-40.8));
#8311=CARTESIAN_POINT('Origin',(-111.0,218.9602658621328,-40.8));
#8312=CARTESIAN_POINT('',(-111.0,218.9602658621328,-40.8));
#8313=CARTESIAN_POINT('',(-66.612151716381,218.9602658621328,-40.8));
#8314=CARTESIAN_POINT('',(-111.0,218.9602658621328,-42.0));
#8315=CARTESIAN_POINT('',(-111.0,218.9602658621328,-40.8));
#8316=CARTESIAN_POINT('',(-111.0,218.9602658621328,-42.0));
#8317=CARTESIAN_POINT('Origin',(-111.0,213.7102658621328,-40.8));
#8318=CARTESIAN_POINT('',(-111.0,213.7102658621328,-40.8));
#8319=CARTESIAN_POINT('',(-111.0,209.9602658621328,-40.8));
#8320=CARTESIAN_POINT('',(-111.0,213.7102658621328,-42.0));
#8321=CARTESIAN_POINT('',(-111.0,213.7102658621328,-40.8));
#8322=CARTESIAN_POINT('',(-111.0,213.7102658621328,-42.0));
#8323=CARTESIAN_POINT('Origin',(-104.25,213.7102658621328,-40.8));
#8324=CARTESIAN_POINT('',(-63.237151716381,213.7102658621328,-40.8));
#8325=CARTESIAN_POINT('',(-104.25,213.7102658621328,-42.0));
#8326=CARTESIAN_POINT('Origin',(-107.625,216.3352658621328,-42.0));
#8327=CARTESIAN_POINT('Origin',(-75.0,227.2102658621328,-40.8));
#8328=CARTESIAN_POINT('',(-75.0,227.2102658621328,-40.8));
#8329=CARTESIAN_POINT('',(-75.0,221.9602658621328,-40.8));
#8330=CARTESIAN_POINT('',(-75.0,216.7102658621328,-40.8));
#8331=CARTESIAN_POINT('',(-75.0,227.2102658621328,-42.0));
#8332=CARTESIAN_POINT('',(-75.0,227.2102658621328,-40.8));
#8333=CARTESIAN_POINT('',(-75.0,221.9602658621328,-42.0));
#8334=CARTESIAN_POINT('',(-75.0,227.2102658621328,-42.0));
#8335=CARTESIAN_POINT('',(-75.0,221.9602658621328,-40.8));
#8336=CARTESIAN_POINT('Origin',(-81.75,227.2102658621328,-40.8));
#8337=CARTESIAN_POINT('',(-81.75,227.2102658621328,-40.8));
#8338=CARTESIAN_POINT('',(-51.98715171638124,227.2102658621328,-40.8));
#8339=CARTESIAN_POINT('',(-81.75,227.2102658621328,-42.0));
#8340=CARTESIAN_POINT('',(-81.75,227.2102658621328,-40.8));
#8341=CARTESIAN_POINT('',(-81.75,227.2102658621328,-42.0));
#8342=CARTESIAN_POINT('Origin',(-81.75,221.9602658621328,-40.8));
#8343=CARTESIAN_POINT('',(-81.75,221.9602658621328,-40.8));
#8344=CARTESIAN_POINT('',(-81.75,214.0852658621328,-40.8));
#8345=CARTESIAN_POINT('',(-81.75,221.9602658621328,-42.0));
#8346=CARTESIAN_POINT('',(-81.75,221.9602658621328,-40.8));
#8347=CARTESIAN_POINT('',(-81.75,221.9602658621328,-42.0));
#8348=CARTESIAN_POINT('Origin',(-75.0,221.9602658621328,-40.8));
#8349=CARTESIAN_POINT('',(-48.61215171638124,221.9602658621328,-40.8));
#8350=CARTESIAN_POINT('',(-75.0,221.9602658621328,-42.0));
#8351=CARTESIAN_POINT('Origin',(-78.375,224.5852658621328,-42.0));
#8352=CARTESIAN_POINT('Origin',(-84.75,227.2102658621328,-40.8));
#8353=CARTESIAN_POINT('',(-84.75,227.2102658621328,-40.8));
#8354=CARTESIAN_POINT('',(-84.75,221.9602658621328,-40.8));
#8355=CARTESIAN_POINT('',(-84.75,216.7102658621328,-40.8));
#8356=CARTESIAN_POINT('',(-84.75,227.2102658621328,-42.0));
#8357=CARTESIAN_POINT('',(-84.75,227.2102658621328,-40.8));
#8358=CARTESIAN_POINT('',(-84.75,221.9602658621328,-42.0));
#8359=CARTESIAN_POINT('',(-84.75,227.2102658621328,-42.0));
#8360=CARTESIAN_POINT('',(-84.75,221.9602658621328,-40.8));
#8361=CARTESIAN_POINT('Origin',(-91.5,227.2102658621328,-40.8));
#8362=CARTESIAN_POINT('',(-91.5,227.2102658621328,-40.8));
#8363=CARTESIAN_POINT('',(-56.86215171638124,227.2102658621328,-40.8));
#8364=CARTESIAN_POINT('',(-91.5,227.2102658621328,-42.0));
#8365=CARTESIAN_POINT('',(-91.5,227.2102658621328,-40.8));
#8366=CARTESIAN_POINT('',(-91.5,227.2102658621328,-42.0));
#8367=CARTESIAN_POINT('Origin',(-91.5,221.9602658621328,-40.8));
#8368=CARTESIAN_POINT('',(-91.5,221.9602658621328,-40.8));
#8369=CARTESIAN_POINT('',(-91.5,214.0852658621328,-40.8));
#8370=CARTESIAN_POINT('',(-91.5,221.9602658621328,-42.0));
#8371=CARTESIAN_POINT('',(-91.5,221.9602658621328,-40.8));
#8372=CARTESIAN_POINT('',(-91.5,221.9602658621328,-42.0));
#8373=CARTESIAN_POINT('Origin',(-84.75,221.9602658621328,-40.8));
#8374=CARTESIAN_POINT('',(-53.48715171638124,221.9602658621328,-40.8));
#8375=CARTESIAN_POINT('',(-84.75,221.9602658621328,-42.0));
#8376=CARTESIAN_POINT('Origin',(-88.125,224.5852658621328,-42.0));
#8377=CARTESIAN_POINT('Origin',(-94.5,227.2102658621328,-40.8));
#8378=CARTESIAN_POINT('',(-94.5,227.2102658621328,-40.8));
#8379=CARTESIAN_POINT('',(-94.5,221.9602658621328,-40.8));
#8380=CARTESIAN_POINT('',(-94.5,216.7102658621328,-40.8));
#8381=CARTESIAN_POINT('',(-94.5,227.2102658621328,-42.0));
#8382=CARTESIAN_POINT('',(-94.5,227.2102658621328,-40.8));
#8383=CARTESIAN_POINT('',(-94.5,221.9602658621328,-42.0));
#8384=CARTESIAN_POINT('',(-94.5,227.2102658621328,-42.0));
#8385=CARTESIAN_POINT('',(-94.5,221.9602658621328,-40.8));
#8386=CARTESIAN_POINT('Origin',(-101.25,227.2102658621328,-40.8));
#8387=CARTESIAN_POINT('',(-101.25,227.2102658621328,-40.8));
#8388=CARTESIAN_POINT('',(-61.737151716381,227.2102658621328,-40.8));
#8389=CARTESIAN_POINT('',(-101.25,227.2102658621328,-42.0));
#8390=CARTESIAN_POINT('',(-101.25,227.2102658621328,-40.8));
#8391=CARTESIAN_POINT('',(-101.25,227.2102658621328,-42.0));
#8392=CARTESIAN_POINT('Origin',(-101.25,221.9602658621328,-40.8));
#8393=CARTESIAN_POINT('',(-101.25,221.9602658621328,-40.8));
#8394=CARTESIAN_POINT('',(-101.25,214.0852658621328,-40.8));
#8395=CARTESIAN_POINT('',(-101.25,221.9602658621328,-42.0));
#8396=CARTESIAN_POINT('',(-101.25,221.9602658621328,-40.8));
#8397=CARTESIAN_POINT('',(-101.25,221.9602658621328,-42.0));
#8398=CARTESIAN_POINT('Origin',(-94.5,221.9602658621328,-40.8));
#8399=CARTESIAN_POINT('',(-58.36215171638124,221.9602658621328,-40.8));
#8400=CARTESIAN_POINT('',(-94.5,221.9602658621328,-42.0));
#8401=CARTESIAN_POINT('Origin',(-97.875,224.5852658621328,-42.0));
#8402=CARTESIAN_POINT('Origin',(-104.25,227.2102658621328,-40.8));
#8403=CARTESIAN_POINT('',(-104.25,227.2102658621328,-40.8));
#8404=CARTESIAN_POINT('',(-104.25,221.9602658621328,-40.8));
#8405=CARTESIAN_POINT('',(-104.25,216.7102658621328,-40.8));
#8406=CARTESIAN_POINT('',(-104.25,227.2102658621328,-42.0));
#8407=CARTESIAN_POINT('',(-104.25,227.2102658621328,-40.8));
#8408=CARTESIAN_POINT('',(-104.25,221.9602658621328,-42.0));
#8409=CARTESIAN_POINT('',(-104.25,227.2102658621328,-42.0));
#8410=CARTESIAN_POINT('',(-104.25,221.9602658621328,-40.8));
#8411=CARTESIAN_POINT('Origin',(-111.0,227.2102658621328,-40.8));
#8412=CARTESIAN_POINT('',(-111.0,227.2102658621328,-40.8));
#8413=CARTESIAN_POINT('',(-66.612151716381,227.2102658621328,-40.8));
#8414=CARTESIAN_POINT('',(-111.0,227.2102658621328,-42.0));
#8415=CARTESIAN_POINT('',(-111.0,227.2102658621328,-40.8));
#8416=CARTESIAN_POINT('',(-111.0,227.2102658621328,-42.0));
#8417=CARTESIAN_POINT('Origin',(-111.0,221.9602658621328,-40.8));
#8418=CARTESIAN_POINT('',(-111.0,221.9602658621328,-40.8));
#8419=CARTESIAN_POINT('',(-111.0,214.0852658621328,-40.8));
#8420=CARTESIAN_POINT('',(-111.0,221.9602658621328,-42.0));
#8421=CARTESIAN_POINT('',(-111.0,221.9602658621328,-40.8));
#8422=CARTESIAN_POINT('',(-111.0,221.9602658621328,-42.0));
#8423=CARTESIAN_POINT('Origin',(-104.25,221.9602658621328,-40.8));
#8424=CARTESIAN_POINT('',(-63.237151716381,221.9602658621328,-40.8));
#8425=CARTESIAN_POINT('',(-104.25,221.9602658621328,-42.0));
#8426=CARTESIAN_POINT('Origin',(-107.625,224.5852658621328,-42.0));
#8427=CARTESIAN_POINT('Origin',(-72.0,206.2102658621328,-43.2));
#8428=CARTESIAN_POINT('',(-72.0,194.2102658621328,-40.8));
#8429=CARTESIAN_POINT('',(-72.0,206.2102658621328,-40.8));
#8430=CARTESIAN_POINT('',(-72.0,194.2102658621328,-43.2));
#8431=CARTESIAN_POINT('',(-72.0,194.2102658621328,-40.8));
#8432=CARTESIAN_POINT('',(-72.0,206.2102658621328,-43.2));
#8433=CARTESIAN_POINT('Origin',(-93.0,230.2102658621328,-42.0));
#8434=CARTESIAN_POINT('',(-114.0,230.2102658621328,-43.2));
#8435=CARTESIAN_POINT('',(-114.0,230.2102658621328,-40.8));
#8436=CARTESIAN_POINT('',(-114.0,230.2102658621328,-40.8));
#8437=CARTESIAN_POINT('',(-72.0,230.2102658621328,-40.8));
#8438=CARTESIAN_POINT('',(-22.22430343276254,230.2102658621328,-40.8));
#8439=CARTESIAN_POINT('',(-72.0,230.2102658621328,-43.2));
#8440=CARTESIAN_POINT('',(-72.0,230.2102658621328,-40.8));
#8441=CARTESIAN_POINT('',(-114.0,230.2102658621328,-43.2));
#8442=CARTESIAN_POINT('Origin',(-72.0,206.2102658621328,-43.2));
#8443=CARTESIAN_POINT('',(-72.0,224.2102658621328,-43.2));
#8444=CARTESIAN_POINT('',(-72.0,224.2102658621328,-40.8));
#8445=CARTESIAN_POINT('',(-72.0,224.2102658621328,-40.8));
#8446=CARTESIAN_POINT('',(-72.0,206.2102658621328,-43.2));
#8447=CARTESIAN_POINT('',(-72.0,206.2102658621328,-40.8));
#8448=CARTESIAN_POINT('Origin',(-114.0,206.2102658621328,-40.8));
#8449=CARTESIAN_POINT('',(-114.0,194.2102658621328,-43.2));
#8450=CARTESIAN_POINT('',(-114.0,206.2102658621328,-43.2));
#8451=CARTESIAN_POINT('',(-114.0,194.2102658621328,-40.8));
#8452=CARTESIAN_POINT('',(-114.0,194.2102658621328,-40.8));
#8453=CARTESIAN_POINT('',(-114.0,206.2102658621328,-40.8));
#8454=CARTESIAN_POINT('Origin',(-93.0,194.2102658621328,-42.0));
#8455=CARTESIAN_POINT('',(-114.0,194.2102658621328,-43.2));
#8456=CARTESIAN_POINT('',(-22.22430343276254,194.2102658621328,-40.8));
#8457=CARTESIAN_POINT('Origin',(-22.22430343276254,206.2102658621328,-43.2));
#8458=CARTESIAN_POINT('',(-22.22430343276254,224.2102658621328,-43.2));
#8459=CARTESIAN_POINT('',(-22.22430343276254,206.2102658621328,-43.2));
#8460=CARTESIAN_POINT('',(-22.22430343276254,224.2102658621328,-40.8));
#8461=CARTESIAN_POINT('',(-22.22430343276254,224.2102658621328,-43.2));
#8462=CARTESIAN_POINT('',(-22.22430343276254,206.2102658621328,-40.8));
#8463=CARTESIAN_POINT('Origin',(-47.11215171638124,224.2102658621328,-42.0));
#8464=CARTESIAN_POINT('',(-22.22430343276254,224.2102658621328,-40.8));
#8465=CARTESIAN_POINT('',(-114.0,224.2102658621328,-43.2));
#8466=CARTESIAN_POINT('Origin',(-22.22430343276254,206.2102658621328,-40.8));
#8467=CARTESIAN_POINT('Origin',(-7.71333504831498,206.2102658621328,-23.11399235005056));
#8468=CARTESIAN_POINT('',(-7.71333504831468,194.8102658621328,-23.11399235005104));
#8469=CARTESIAN_POINT('',(-22.22430343276254,194.8102658621328,-31.8));
#8470=CARTESIAN_POINT('',(-7.71333504831588,206.2102658621328,-23.1139923500511));
#8471=CARTESIAN_POINT('Origin',(-15.61814671396254,206.2102658621328,-43.2));
#8472=CARTESIAN_POINT('',(-15.61814671396254,194.8102658621328,-35.39999924313942));
#8473=CARTESIAN_POINT('',(-15.61814671396254,206.2102658621328,-35.39999924313942));
#8474=CARTESIAN_POINT('',(-15.61814671396254,194.8102658621328,-43.2));
#8475=CARTESIAN_POINT('',(-15.61814671396254,194.8102658621328,-35.39999924313942));
#8476=CARTESIAN_POINT('',(-15.61814671396254,206.2102658621328,-43.2));
#8477=CARTESIAN_POINT('Origin',(-22.22430343276254,206.2102658621328,-43.2));
#8478=CARTESIAN_POINT('',(-22.22430343276254,194.8102658621328,-43.2));
#8479=CARTESIAN_POINT('Origin',(0.0,206.2102658621328,-36.0));
#8480=CARTESIAN_POINT('Origin',(0.0,194.8102658621328,-36.0));
#8481=CARTESIAN_POINT('Origin',(-3.59999991953373,206.2102658621328,-43.2));
#8482=CARTESIAN_POINT('',(-3.59999991953373,194.8102658621328,-43.2));
#8483=CARTESIAN_POINT('',(-3.59999991953373,194.8102658621328,-43.2));
#8484=CARTESIAN_POINT('',(-3.59999991953373,206.2102658621328,-43.2));
#8485=CARTESIAN_POINT('Origin',(-4.5,206.2102658621328,-42.29999943673608));
#8486=CARTESIAN_POINT('',(-4.5,194.8102658621328,-42.29999943673608));
#8487=CARTESIAN_POINT('',(-4.5,194.8102658621328,-42.29999943673608));
#8488=CARTESIAN_POINT('',(-4.5,206.2102658621328,-42.29999943673608));
#8489=CARTESIAN_POINT('Origin',(-4.500000000000006,206.2102658621328,-35.40000366985722));
#8490=CARTESIAN_POINT('',(-4.500000000000006,194.8102658621328,-35.40000366985722));
#8491=CARTESIAN_POINT('',(-4.500000000000006,194.8102658621328,-35.40000366985722));
#8492=CARTESIAN_POINT('',(-4.500000000000006,206.2102658621328,-35.40000366985722));
#8493=CARTESIAN_POINT('Origin',(-10.05907207909734,206.2102658621328,-32.19046752493703));
#8494=CARTESIAN_POINT('',(-10.05907207909734,194.8102658621328,-32.19046752493703));
#8495=CARTESIAN_POINT('',(-10.05907207909734,194.8102658621328,-32.19046752493703));
#8496=CARTESIAN_POINT('',(-10.05907207909734,206.2102658621328,-32.19046752493703));
#8497=CARTESIAN_POINT('Origin',(-14.9871561735648,206.2102658621328,-35.03569685716482));
#8498=CARTESIAN_POINT('',(-15.61814671396254,194.8102658621328,-35.39999924313942));
#8499=CARTESIAN_POINT('Origin',(-57.0,194.8102658621328,-32.09092664301876));
#8500=UNCERTAINTY_MEASURE_WITH_UNIT(LENGTH_MEASURE(0.06),#8504, 'DISTANCE_ACCURACY_VALUE', 'Maximum model space distance between geometric entities at asserted c onnectivities');
#8501=UNCERTAINTY_MEASURE_WITH_UNIT(LENGTH_MEASURE(0.06),#8504, 'DISTANCE_ACCURACY_VALUE', 'Maximum model space distance between geometric entities at asserted c onnectivities');
#8502=( GEOMETRIC_REPRESENTATION_CONTEXT(3) GLOBAL_UNCERTAINTY_ASSIGNED_CONTEXT((#8500)) GLOBAL_UNIT_ASSIGNED_CONTEXT((#8504,#8506,#8507)) REPRESENTATION_CONTEXT('','3D') );
#8503=( GEOMETRIC_REPRESENTATION_CONTEXT(3) GLOBAL_UNCERTAINTY_ASSIGNED_CONTEXT((#8501)) GLOBAL_UNIT_ASSIGNED_CONTEXT((#8504,#8506,#8507)) REPRESENTATION_CONTEXT('','3D') );
#8504=( LENGTH_UNIT() NAMED_UNIT(*) SI_UNIT(.MILLI.,.METRE.) );
#8505=( LENGTH_UNIT() NAMED_UNIT(*) SI_UNIT($,.METRE.) );
#8506=( NAMED_UNIT(*) PLANE_ANGLE_UNIT() SI_UNIT($,.RADIAN.) );
#8507=( NAMED_UNIT(*) SI_UNIT($,.STERADIAN.) SOLID_ANGLE_UNIT() );
#8508=SHAPE_DEFINITION_REPRESENTATION(#8509,#8510);
#8509=PRODUCT_DEFINITION_SHAPE('',$,#8512);
#8510=SHAPE_REPRESENTATION('',(#5392),#8502);
#8511=PRODUCT_DEFINITION_CONTEXT('part definition',#8516,'design');
#8512=PRODUCT_DEFINITION('Solar arrays - Zveda','Solar arrays - Zveda', #8513,#8511);
#8513=PRODUCT_DEFINITION_FORMATION('',$,#8518);
#8514=PRODUCT_RELATED_PRODUCT_CATEGORY('Solar arrays - Zveda', 'Solar arrays - Zveda',(#8518));
#8515=APPLICATION_PROTOCOL_DEFINITION('international standard', 'automotive_design',2009,#8516);
#8516=APPLICATION_CONTEXT( 'Core Data for Automotive Mechanical Design Process');
#8517=PRODUCT_CONTEXT('part definition',#8516,'mechanical');
#8518=PRODUCT('Solar arrays - Zveda','Solar arrays - Zveda',$,(#8517));
#8519=PRESENTATION_STYLE_ASSIGNMENT((#8521));
#8520=PRESENTATION_STYLE_ASSIGNMENT((#8522));
#8521=SURFACE_STYLE_USAGE(.BOTH.,#8523);
#8522=SURFACE_STYLE_USAGE(.BOTH.,#8524);
#8523=SURFACE_SIDE_STYLE('',(#8525));
#8524=SURFACE_SIDE_STYLE('',(#8526));
#8525=SURFACE_STYLE_FILL_AREA(#8527);
#8526=SURFACE_STYLE_FILL_AREA(#8528);
#8527=FILL_AREA_STYLE('Steel - Satin',(#8529));
#8528=FILL_AREA_STYLE('ABS (White)',(#8530));
#8529=FILL_AREA_STYLE_COLOUR('Steel - Satin',#8531);
#8530=FILL_AREA_STYLE_COLOUR('ABS (White)',#8532);
#8531=COLOUR_RGB('Steel - Satin',0.627450980392157,0.627450980392157,0.627450980392157);
#8532=COLOUR_RGB('ABS (White)',0.964705882352941,0.964705882352941,0.952941176470588);
ENDSEC;
END-ISO-10303-21;
