ISO-10303-21;
HEADER;
FILE_DESCRIPTION (( 'STEP AP214' ),
    '1' );
FILE_NAME ('Solar array module modif12.STEP',
    '2026-08-04T10:37:50',
    ( '' ),
    ( '' ),
    'SwSTEP 2.0',
    'SolidWorks 2026',
    '' );
FILE_SCHEMA (( 'AUTOMOTIVE_DESIGN' ));
ENDSEC;

DATA;
#1 = CARTESIAN_POINT ( 'NONE',  ( -45.00000000000000000, 4.156644585633049616, 13.50000000000000000 ) ) ;
#2 = CARTESIAN_POINT ( 'NONE',  ( 96.61615387970999791, -7.730769740463300010, 9.900000000000000355 ) ) ;
#3 = VECTOR ( 'NONE', #2773, 1000.000000000000000 ) ;
#4 = EDGE_LOOP ( 'NONE', ( #721, #1428, #523, #2617 ) ) ;
#5 = EDGE_CURVE ( 'NONE', #1328, #501, #2115, .T. ) ;
#6 = CARTESIAN_POINT ( 'NONE',  ( 102.6674243050441646, -18.00000000000000000, -5.734714594940499843 ) ) ;
#7 = LINE ( 'NONE', #2713, #2457 ) ;
#8 = CARTESIAN_POINT ( 'NONE',  ( -12.90000000000000036, 3.085216014213819857, 13.50000000000000000 ) ) ;
#9 = VERTEX_POINT ( 'NONE', #3441 ) ;
#10 = ORIENTED_EDGE ( 'NONE', *, *, #1090, .T. ) ;
#11 = DIRECTION ( 'NONE',  ( -1.000000000000000000, -6.842277657836019882E-47, 0.000000000000000000 ) ) ;
#12 = ORIENTED_EDGE ( 'NONE', *, *, #1802, .T. ) ;
#13 = CARTESIAN_POINT ( 'NONE',  ( -29.69999999998085016, 6.000000000000000000, 13.50000000000000000 ) ) ;
#14 = AXIS2_PLACEMENT_3D ( 'NONE', #203, #256, #1571 ) ;
#15 = CARTESIAN_POINT ( 'NONE',  ( -25.94789984631644941, 11.96171750698890079, 13.50000000000000000 ) ) ;
#16 = CARTESIAN_POINT ( 'NONE',  ( 55.50000000001369926, 6.000000000000000000, 13.50000000000000000 ) ) ;
#17 = EDGE_CURVE ( 'NONE', #335, #1077, #2098, .T. ) ;
#18 = ORIENTED_EDGE ( 'NONE', *, *, #668, .T. ) ;
#19 = AXIS2_PLACEMENT_3D ( 'NONE', #1971, #1681, #294 ) ;
#20 = ORIENTED_EDGE ( 'NONE', *, *, #3342, .T. ) ;
#21 = CARTESIAN_POINT ( 'NONE',  ( -48.00000000000000000, -18.00000000000000000, -7.500000000000000000 ) ) ;
#22 = DIRECTION ( 'NONE',  ( 1.000000000000000000, -4.563968250944789488E-12, 0.000000000000000000 ) ) ;
#23 = LINE ( 'NONE', #231, #2720 ) ;
#24 = EDGE_CURVE ( 'NONE', #242, #2251, #704, .T. ) ;
#25 = CIRCLE ( 'NONE', #2860, 0.9999999999999870104 ) ;
#26 = ORIENTED_EDGE ( 'NONE', *, *, #2943, .T. ) ;
#27 = VECTOR ( 'NONE', #2161, 1000.000000000000000 ) ;
#28 = CARTESIAN_POINT ( 'NONE',  ( -12.90000000000000036, 3.085216014213819857, 13.50000000000000000 ) ) ;
#29 = EDGE_CURVE ( 'NONE', #2121, #818, #429, .T. ) ;
#30 = VECTOR ( 'NONE', #3324, 1000.000000000000000 ) ;
#31 = ORIENTED_EDGE ( 'NONE', *, *, #130, .F. ) ;
#32 = VERTEX_POINT ( 'NONE', #3163 ) ;
#33 = VECTOR ( 'NONE', #1271, 1000.000000000000000 ) ;
#34 = ADVANCED_FACE ( 'NONE', ( #725 ), #2934, .T. ) ;
#35 = CARTESIAN_POINT ( 'NONE',  ( 29.64403759019485207, 6.000000000000000000, 13.50000000000000000 ) ) ;
#36 = DIRECTION ( 'NONE',  ( 0.000000000000000000, 0.000000000000000000, -1.000000000000000000 ) ) ;
#37 = DIRECTION ( 'NONE',  ( 0.000000000000000000, 0.000000000000000000, -1.000000000000000000 ) ) ;
#38 = DIRECTION ( 'NONE',  ( 1.502314598737157552E-16, -0.8660254037844387076, 0.4999999999999998890 ) ) ;
#39 = ORIENTED_EDGE ( 'NONE', *, *, #2434, .T. ) ;
#40 = VERTEX_POINT ( 'NONE', #493 ) ;
#41 = LINE ( 'NONE', #858, #1467 ) ;
#42 = DIRECTION ( 'NONE',  ( 0.000000000000000000, 0.000000000000000000, -1.000000000000000000 ) ) ;
#43 = FACE_BOUND ( 'NONE', #3442, .T. ) ;
#44 = ADVANCED_FACE ( 'NONE', ( #2143 ), #1084, .F. ) ;
#45 = FACE_OUTER_BOUND ( 'NONE', #3315, .T. ) ;
#46 = DIRECTION ( 'NONE',  ( -7.395570986446990055E-32, 1.000000000000000000, 4.930380657631319405E-32 ) ) ;
#47 = VERTEX_POINT ( 'NONE', #1625 ) ;
#48 = EDGE_CURVE ( 'NONE', #1763, #2470, #3260, .T. ) ;
#49 = ORIENTED_EDGE ( 'NONE', *, *, #2903, .T. ) ;
#50 = DIRECTION ( 'NONE',  ( -1.000000000000000000, 0.000000000000000000, 0.000000000000000000 ) ) ;
#51 = ADVANCED_FACE ( 'NONE', ( #768 ), #3245, .T. ) ;
#52 = CYLINDRICAL_SURFACE ( 'NONE', #2870, 11.40000000000000036 ) ;
#53 = FACE_OUTER_BOUND ( 'NONE', #2883, .T. ) ;
#54 = EDGE_LOOP ( 'NONE', ( #2175, #1148, #3472, #211, #2708 ) ) ;
#55 = EDGE_LOOP ( 'NONE', ( #2559, #2074, #2370, #2155, #1264, #84, #1089, #434, #3150, #1164, #1035, #647 ) ) ;
#56 = VECTOR ( 'NONE', #3480, 1000.000000000000000 ) ;
#57 = DIRECTION ( 'NONE',  ( 0.000000000000000000, -1.000000000000000000, -2.465190328815661071E-32 ) ) ;
#58 = CARTESIAN_POINT ( 'NONE',  ( 73.79999999999820659, -6.000000000000000000, 13.50000000000000000 ) ) ;
#59 = CARTESIAN_POINT ( 'NONE',  ( -48.00000000000000000, -9.000000000000000000, 7.500000000000000000 ) ) ;
#60 = ORIENTED_EDGE ( 'NONE', *, *, #3593, .T. ) ;
#61 = VECTOR ( 'NONE', #499, 999.9999999999998863 ) ;
#62 = VECTOR ( 'NONE', #2858, 1000.000000000000000 ) ;
#63 = PLANE ( 'NONE',  #2105 ) ;
#64 = DIRECTION ( 'NONE',  ( 1.000000000000000000, 0.000000000000000000, 0.000000000000000000 ) ) ;
#65 = VECTOR ( 'NONE', #2207, 1000.000000000000227 ) ;
#66 = ORIENTED_EDGE ( 'NONE', *, *, #1552, .F. ) ;
#67 = ORIENTED_EDGE ( 'NONE', *, *, #414, .F. ) ;
#68 = DIRECTION ( 'NONE',  ( -2.220446049250309876E-16, -1.000000000000000000, 0.000000000000000000 ) ) ;
#69 = EDGE_CURVE ( 'NONE', #2201, #3596, #2458, .T. ) ;
#70 = ORIENTED_EDGE ( 'NONE', *, *, #2898, .F. ) ;
#71 = DIRECTION ( 'NONE',  ( 2.537652632417799951E-15, -1.000000000000000000, -9.376194911476189846E-62 ) ) ;
#72 = CARTESIAN_POINT ( 'NONE',  ( 34.20000000001010676, -6.000000000000000000, 13.50000000000000000 ) ) ;
#73 = ADVANCED_FACE ( 'NONE', ( #1607 ), #1898, .F. ) ;
#74 = EDGE_LOOP ( 'NONE', ( #1995, #1147, #2310, #1125 ) ) ;
#75 = ORIENTED_EDGE ( 'NONE', *, *, #2726, .T. ) ;
#76 = DIRECTION ( 'NONE',  ( -7.474910929462109256E-62, -1.000000000000000000, 0.000000000000000000 ) ) ;
#77 = CARTESIAN_POINT ( 'NONE',  ( 55.49999999999369749, 2.783369692558614883, 13.50000000000000000 ) ) ;
#78 = DIRECTION ( 'NONE',  ( -0.8712476277444827222, 0.4908437339414767897, 3.219111815989698189E-47 ) ) ;
#79 = ORIENTED_EDGE ( 'NONE', *, *, #2638, .T. ) ;
#80 = VECTOR ( 'NONE', #947, 1000.000000000000000 ) ;
#81 = AXIS2_PLACEMENT_3D ( 'NONE', #1397, #182, #1551 ) ;
#82 = CARTESIAN_POINT ( 'NONE',  ( 98.10000000000000853, -3.377375036177979961, 13.50000000000000000 ) ) ;
#83 = STYLED_ITEM ( 'NONE', ( #1026 ), #1488 ) ;
#84 = ORIENTED_EDGE ( 'NONE', *, *, #1063, .F. ) ;
#85 = VECTOR ( 'NONE', #244, 1000.000000000000000 ) ;
#86 = DIRECTION ( 'NONE',  ( 1.000000000000000000, -2.220446049250309876E-16, 0.000000000000000000 ) ) ;
#87 = VECTOR ( 'NONE', #3511, 1000.000000000000000 ) ;
#88 = EDGE_CURVE ( 'NONE', #197, #2607, #710, .T. ) ;
#89 = CARTESIAN_POINT ( 'NONE',  ( 73.79999999999820659, -6.000000000000000000, 13.50000000000000000 ) ) ;
#90 = DIRECTION ( 'NONE',  ( 1.000000000000000000, 0.000000000000000000, 0.000000000000000000 ) ) ;
#91 = VERTEX_POINT ( 'NONE', #3282 ) ;
#92 = ORIENTED_EDGE ( 'NONE', *, *, #2434, .F. ) ;
#93 = ADVANCED_FACE ( 'NONE', ( #2405 ), #236, .F. ) ;
#94 = CARTESIAN_POINT ( 'NONE',  ( 92.99999937415138618, 4.500000000000279776, 1.500000000000000000 ) ) ;
#95 = LINE ( 'NONE', #602, #3105 ) ;
#96 = CARTESIAN_POINT ( 'NONE',  ( 93.54403759036320309, -6.000000000000000000, 13.50000000000000000 ) ) ;
#97 = ORIENTED_EDGE ( 'NONE', *, *, #1668, .T. ) ;
#98 = EDGE_CURVE ( 'NONE', #2437, #1922, #1354, .T. ) ;
#99 = DIRECTION ( 'NONE',  ( -0.4472135954999600371, -0.4472135954999580387, 0.7745966692414820720 ) ) ;
#100 = CARTESIAN_POINT ( 'NONE',  ( 4.570779167104998209, -18.00000000000000000, -5.086898224234698063 ) ) ;
#101 = ORIENTED_EDGE ( 'NONE', *, *, #3140, .T. ) ;
#102 = DIRECTION ( 'NONE',  ( 1.000000000000000000, 0.000000000000000000, 0.000000000000000000 ) ) ;
#103 = DIRECTION ( 'NONE',  ( 0.000000000000000000, 0.000000000000000000, -1.000000000000000000 ) ) ;
#104 = EDGE_LOOP ( 'NONE', ( #2407, #398, #1383, #1024 ) ) ;
#105 = PLANE ( 'NONE',  #1310 ) ;
#106 = CARTESIAN_POINT ( 'NONE',  ( -3.330669073875470016E-15, -9.000000000000000000, -1.199999999999987965 ) ) ;
#107 = ADVANCED_FACE ( 'NONE', ( #2181 ), #2475, .F. ) ;
#108 = ORIENTED_EDGE ( 'NONE', *, *, #3247, .F. ) ;
#109 = EDGE_LOOP ( 'NONE', ( #2557, #2087, #3490, #2999, #3360, #711, #612, #1666, #3363, #3309, #2856, #2016 ) ) ;
#110 = CARTESIAN_POINT ( 'NONE',  ( -1.013119022161208633E-16, -9.000000000000000000, 10.20000000000001350 ) ) ;
#111 = CARTESIAN_POINT ( 'NONE',  ( 68.99999937415140039, -2.249999999999859668, -7.500000000000000000 ) ) ;
#112 = LINE ( 'NONE', #1989, #1855 ) ;
#113 = EDGE_CURVE ( 'NONE', #1464, #2433, #737, .T. ) ;
#114 = VERTEX_POINT ( 'NONE', #183 ) ;
#115 = DIRECTION ( 'NONE',  ( -1.000000000000000000, -3.469446951953610245E-16, 3.284293275761290010E-47 ) ) ;
#116 = AXIS2_PLACEMENT_3D ( 'NONE', #3440, #1189, #3108 ) ;
#117 = EDGE_CURVE ( 'NONE', #2183, #2356, #1306, .T. ) ;
#118 = AXIS2_PLACEMENT_3D ( 'NONE', #1185, #3382, #3417 ) ;
#119 = DIRECTION ( 'NONE',  ( 0.000000000000000000, 0.000000000000000000, -1.000000000000000000 ) ) ;
#120 = ORIENTED_EDGE ( 'NONE', *, *, #1601, .F. ) ;
#121 = ORIENTED_EDGE ( 'NONE', *, *, #488, .T. ) ;
#122 = CARTESIAN_POINT ( 'NONE',  ( 95.10000000000000853, 6.000000000000000000, 9.900000000000000355 ) ) ;
#123 = DIRECTION ( 'NONE',  ( -0.6614378277661449035, 0.000000000000000000, 0.7500000000000024425 ) ) ;
#124 = CARTESIAN_POINT ( 'NONE',  ( 52.50000000002179945, 6.000000000000000000, 9.900000000000000355 ) ) ;
#125 = ORIENTED_EDGE ( 'NONE', *, *, #3538, .F. ) ;
#126 = DIRECTION ( 'NONE',  ( 0.000000000000000000, 0.000000000000000000, -1.000000000000000000 ) ) ;
#127 = DIRECTION ( 'NONE',  ( -0.8712476277441552064, 0.4908437339420581025, 5.902825394190500329E-47 ) ) ;
#128 = DIRECTION ( 'NONE',  ( 0.000000000000000000, 1.000000000000000000, 0.000000000000000000 ) ) ;
#129 = EDGE_LOOP ( 'NONE', ( #178, #2209, #2533, #3081 ) ) ;
#130 = EDGE_CURVE ( 'NONE', #1237, #690, #753, .T. ) ;
#131 = DIRECTION ( 'NONE',  ( -1.000000000000000000, -6.842277657836019882E-47, 0.000000000000000000 ) ) ;
#132 = VECTOR ( 'NONE', #1260, 1000.000000000000000 ) ;
#133 = VECTOR ( 'NONE', #2782, 1000.000000000000000 ) ;
#134 = EDGE_CURVE ( 'NONE', #2200, #3071, #1146, .T. ) ;
#135 = LINE ( 'NONE', #2141, #2394 ) ;
#136 = VECTOR ( 'NONE', #2704, 1000.000000000000000 ) ;
#137 = VERTEX_POINT ( 'NONE', #2825 ) ;
#138 = EDGE_CURVE ( 'NONE', #2611, #2043, #1101, .T. ) ;
#139 = VECTOR ( 'NONE', #1231, 1000.000000000000000 ) ;
#140 = CARTESIAN_POINT ( 'NONE',  ( 117.0000000000000000, -6.000000000000000000, 13.50000000000000000 ) ) ;
#141 = PLANE ( 'NONE',  #2428 ) ;
#142 = VERTEX_POINT ( 'NONE', #1936 ) ;
#143 = LINE ( 'NONE', #687, #1997 ) ;
#144 = DIRECTION ( 'NONE',  ( -0.6614378277661517869, -0.000000000000000000, -0.7499999999999963363 ) ) ;
#145 = DIRECTION ( 'NONE',  ( 1.000000000000000000, -5.921189464667500234E-15, 0.000000000000000000 ) ) ;
#146 = VERTEX_POINT ( 'NONE', #2199 ) ;
#147 = CARTESIAN_POINT ( 'NONE',  ( -47.13863134799179733, 5.684238405628970092, 13.50000000000000000 ) ) ;
#148 = CARTESIAN_POINT ( 'NONE',  ( 112.3325756949558212, -18.00000000000000000, -5.734714594940502508 ) ) ;
#149 = ADVANCED_FACE ( 'NONE', ( #2259 ), #3358, .F. ) ;
#150 = CARTESIAN_POINT ( 'NONE',  ( 38.12984790367929833, 28.66259972181769911, 13.50000000000000000 ) ) ;
#151 = DIRECTION ( 'NONE',  ( -7.395570986446990055E-32, 1.000000000000000000, 4.930380657631318857E-32 ) ) ;
#152 = ADVANCED_FACE ( 'NONE', ( #553 ), #610, .F. ) ;
#153 = EDGE_LOOP ( 'NONE', ( #2577, #2165, #1050, #554 ) ) ;
#154 = CARTESIAN_POINT ( 'NONE',  ( 14.45596240978277969, -6.000000000000000000, 13.50000000000000000 ) ) ;
#155 = LINE ( 'NONE', #1289, #3015 ) ;
#156 = ORIENTED_EDGE ( 'NONE', *, *, #1028, .F. ) ;
#157 = EDGE_CURVE ( 'NONE', #229, #2437, #2532, .T. ) ;
#158 = DIRECTION ( 'NONE',  ( -0.8712476277446110640, -0.4908437339412490830, 3.872058346492730535E-47 ) ) ;
#159 = FACE_OUTER_BOUND ( 'NONE', #1286, .T. ) ;
#160 = CARTESIAN_POINT ( 'NONE',  ( -45.00000000000000000, -6.000000000000000000, 9.900000000000000355 ) ) ;
#161 = ORIENTED_EDGE ( 'NONE', *, *, #3330, .T. ) ;
#162 = ORIENTED_EDGE ( 'NONE', *, *, #2506, .F. ) ;
#163 = CARTESIAN_POINT ( 'NONE',  ( -15.00000062584880034, -4.500000000000000000, -7.500000000000000000 ) ) ;
#164 = VECTOR ( 'NONE', #1405, 1000.000000000000000 ) ;
#165 = DIRECTION ( 'NONE',  ( -7.395570986446990055E-32, 1.000000000000000000, 4.930380657631319405E-32 ) ) ;
#166 = CIRCLE ( 'NONE', #2664, 1.000000000000000000 ) ;
#167 = ORIENTED_EDGE ( 'NONE', *, *, #2491, .T. ) ;
#168 = ADVANCED_FACE ( 'NONE', ( #3061 ), #1433, .T. ) ;
#169 = PRODUCT_DEFINITION_FORMATION_WITH_SPECIFIED_SOURCE ( 'ANY', '', #1904, .NOT_KNOWN. ) ;
#170 = CARTESIAN_POINT ( 'NONE',  ( 31.20000000001014939, -6.000000000000000000, 13.50000000000000000 ) ) ;
#171 = LINE ( 'NONE', #3459, #1106 ) ;
#172 = ORIENTED_EDGE ( 'NONE', *, *, #1273, .T. ) ;
#173 = LINE ( 'NONE', #3010, #773 ) ;
#174 = EDGE_CURVE ( 'NONE', #9, #1449, #1583, .T. ) ;
#175 = LINE ( 'NONE', #2375, #1424 ) ;
#176 = CARTESIAN_POINT ( 'NONE',  ( 113.5560777532356127, -18.00000000000000000, -7.500000000000000000 ) ) ;
#177 = ORIENTED_EDGE ( 'NONE', *, *, #157, .T. ) ;
#178 = ORIENTED_EDGE ( 'NONE', *, *, #2011, .F. ) ;
#179 = LINE ( 'NONE', #2890, #1647 ) ;
#180 = DIRECTION ( 'NONE',  ( 7.395570986446990055E-32, -1.000000000000000000, -4.930380657631319405E-32 ) ) ;
#181 = DIRECTION ( 'NONE',  ( -1.000000000000000000, 0.000000000000000000, 0.000000000000000000 ) ) ;
#182 = DIRECTION ( 'NONE',  ( -0.7500000000000024425, -2.285537967591383010E-32, -0.6614378277661449035 ) ) ;
#183 = CARTESIAN_POINT ( 'NONE',  ( 113.5560777532356127, -18.00000000000000000, -7.500000000000000000 ) ) ;
#184 = ORIENTED_EDGE ( 'NONE', *, *, #1735, .T. ) ;
#185 = AXIS2_PLACEMENT_3D ( 'NONE', #1288, #1574, #2113 ) ;
#186 = VECTOR ( 'NONE', #2956, 1000.000000000000000 ) ;
#187 = CARTESIAN_POINT ( 'NONE',  ( 9.900000000000000355, 6.000000000000000000, 9.900000000000000355 ) ) ;
#188 = EDGE_CURVE ( 'NONE', #267, #2702, #3378, .T. ) ;
#189 = AXIS2_PLACEMENT_3D ( 'NONE', #2474, #1352, #3598 ) ;
#190 = ORIENTED_EDGE ( 'NONE', *, *, #640, .F. ) ;
#191 = DIRECTION ( 'NONE',  ( 0.000000000000000000, 0.000000000000000000, -1.000000000000000000 ) ) ;
#192 = CARTESIAN_POINT ( 'NONE',  ( -45.00000000000000000, 4.156644585633049616, 9.900000000000000355 ) ) ;
#193 = PLANE ( 'NONE',  #1628 ) ;
#194 = VECTOR ( 'NONE', #1852, 1000.000000000000000 ) ;
#195 = ORIENTED_EDGE ( 'NONE', *, *, #2244, .T. ) ;
#196 = EDGE_CURVE ( 'NONE', #1221, #970, #570, .T. ) ;
#197 = VERTEX_POINT ( 'NONE', #2769 ) ;
#198 = CIRCLE ( 'NONE', #2700, 11.40000000000000036 ) ;
#199 = CYLINDRICAL_SURFACE ( 'NONE', #2633, 6.000000000000002665 ) ;
#200 = CARTESIAN_POINT ( 'NONE',  ( -35.53589901071100599, 1.035898384862244059, 7.500000000000000000 ) ) ;
#201 = EDGE_CURVE ( 'NONE', #1791, #146, #881, .T. ) ;
#202 = DIRECTION ( 'NONE',  ( 0.000000000000000000, 0.000000000000000000, 1.000000000000000000 ) ) ;
#203 = CARTESIAN_POINT ( 'NONE',  ( 93.54403759036320309, -6.000000000000000000, 13.50000000000000000 ) ) ;
#204 = ORIENTED_EDGE ( 'NONE', *, *, #2011, .T. ) ;
#205 = ORIENTED_EDGE ( 'NONE', *, *, #2805, .T. ) ;
#206 = DIRECTION ( 'NONE',  ( 0.000000000000000000, 0.000000000000000000, -1.000000000000000000 ) ) ;
#207 = DIRECTION ( 'NONE',  ( -4.102085266168244934E-63, -1.000000000000000000, -1.110223024625159992E-16 ) ) ;
#208 = DIRECTION ( 'NONE',  ( 2.832769448823990301E-16, 0.000000000000000000, 1.000000000000000000 ) ) ;
#209 = LINE ( 'NONE', #3552, #2724 ) ;
#210 = EDGE_LOOP ( 'NONE', ( #2754, #605, #2179, #3262, #3446, #3561, #2800, #3110 ) ) ;
#211 = ORIENTED_EDGE ( 'NONE', *, *, #2657, .F. ) ;
#212 = FACE_BOUND ( 'NONE', #1990, .T. ) ;
#213 = CARTESIAN_POINT ( 'NONE',  ( 55.50000000001369926, 6.000000000000000000, 13.50000000000000000 ) ) ;
#214 = EDGE_CURVE ( 'NONE', #3554, #3481, #1992, .T. ) ;
#215 = EDGE_LOOP ( 'NONE', ( #502, #2572, #31 ) ) ;
#216 = CARTESIAN_POINT ( 'NONE',  ( 28.24358230251430157, 30.78898889426855234, 13.50000000000000000 ) ) ;
#217 = EDGE_CURVE ( 'NONE', #1965, #959, #1389, .T. ) ;
#218 = CARTESIAN_POINT ( 'NONE',  ( 55.50000000001369926, 6.000000000000000000, 13.50000000000000000 ) ) ;
#219 = ORIENTED_EDGE ( 'NONE', *, *, #1723, .T. ) ;
#220 = AXIS2_PLACEMENT_3D ( 'NONE', #2042, #2887, #1158 ) ;
#221 = ORIENTED_EDGE ( 'NONE', *, *, #821, .T. ) ;
#222 = CARTESIAN_POINT ( 'NONE',  ( -25.61930241991399981, -6.000000000000000000, 13.50000000000000000 ) ) ;
#223 = CARTESIAN_POINT ( 'NONE',  ( -63.60000000000000142, -3.059411708155674869, -7.500000000000000000 ) ) ;
#224 = CARTESIAN_POINT ( 'NONE',  ( 92.09999937415139470, -3.599999999999724754, 3.058845726812004617 ) ) ;
#225 = DIRECTION ( 'NONE',  ( 0.000000000000000000, 0.000000000000000000, 1.000000000000000000 ) ) ;
#226 = FACE_OUTER_BOUND ( 'NONE', #487, .T. ) ;
#227 = ORIENTED_EDGE ( 'NONE', *, *, #3264, .F. ) ;
#228 = CIRCLE ( 'NONE', #2265, 11.40000000000000746 ) ;
#229 = VERTEX_POINT ( 'NONE', #2276 ) ;
#230 = CARTESIAN_POINT ( 'NONE',  ( -48.00000000000000000, 5.916457635513519731E-30, 5.916456789157509718E-31 ) ) ;
#231 = CARTESIAN_POINT ( 'NONE',  ( -26.70000000001915197, 6.000000000000000000, 13.50000000000000000 ) ) ;
#232 = VERTEX_POINT ( 'NONE', #901 ) ;
#233 = FACE_OUTER_BOUND ( 'NONE', #1725, .T. ) ;
#234 = EDGE_CURVE ( 'NONE', #3560, #248, #946, .T. ) ;
#235 = FACE_OUTER_BOUND ( 'NONE', #273, .T. ) ;
#236 = PLANE ( 'NONE',  #472 ) ;
#237 = ORIENTED_EDGE ( 'NONE', *, *, #2190, .T. ) ;
#238 = EDGE_CURVE ( 'NONE', #2377, #495, #2841, .T. ) ;
#239 = ORIENTED_EDGE ( 'NONE', *, *, #113, .T. ) ;
#240 = DIRECTION ( 'NONE',  ( 1.000000000000000000, 0.000000000000000000, 0.000000000000000000 ) ) ;
#241 = PLANE ( 'NONE',  #2333 ) ;
#242 = VERTEX_POINT ( 'NONE', #1806 ) ;
#243 = CARTESIAN_POINT ( 'NONE',  ( 34.20000000001010676, -6.000000000000000000, 9.900000000000000355 ) ) ;
#244 = DIRECTION ( 'NONE',  ( 0.000000000000000000, -1.000000000000000000, 0.000000000000000000 ) ) ;
#245 = CARTESIAN_POINT ( 'NONE',  ( 112.5825756949558070, 18.00000000000000000, -6.396152422706641083 ) ) ;
#246 = VERTEX_POINT ( 'NONE', #2926 ) ;
#247 = VECTOR ( 'NONE', #2875, 1000.000000000000000 ) ;
#248 = VERTEX_POINT ( 'NONE', #3415 ) ;
#249 = AXIS2_PLACEMENT_3D ( 'NONE', #620, #1157, #2835 ) ;
#250 = CARTESIAN_POINT ( 'NONE',  ( -1.013119022161208633E-16, -18.00000000000000000, 10.20000000000001350 ) ) ;
#251 = LINE ( 'NONE', #586, #522 ) ;
#252 = ORIENTED_EDGE ( 'NONE', *, *, #117, .F. ) ;
#253 = VECTOR ( 'NONE', #1848, 1000.000000000000000 ) ;
#254 = LINE ( 'NONE', #3004, #27 ) ;
#255 = EDGE_CURVE ( 'NONE', #2628, #1776, #2603, .T. ) ;
#256 = DIRECTION ( 'NONE',  ( 6.842277657836019882E-47, -1.000000000000000000, 0.000000000000000000 ) ) ;
#257 = ORIENTED_EDGE ( 'NONE', *, *, #2283, .T. ) ;
#258 = ORIENTED_EDGE ( 'NONE', *, *, #3158, .T. ) ;
#259 = PLANE ( 'NONE',  #1336 ) ;
#260 = EDGE_CURVE ( 'NONE', #527, #1095, #1873, .T. ) ;
#261 = CARTESIAN_POINT ( 'NONE',  ( -15.00000062584880034, -4.500000000000000000, -7.500000000000000000 ) ) ;
#262 = ORIENTED_EDGE ( 'NONE', *, *, #2171, .F. ) ;
#263 = LINE ( 'NONE', #2048, #1588 ) ;
#264 = DIRECTION ( 'NONE',  ( -1.000000000000000000, -6.842277657836019882E-47, 0.000000000000000000 ) ) ;
#265 = CARTESIAN_POINT ( 'NONE',  ( -39.00000062584880567, -4.500000000000000000, -7.500000000000000000 ) ) ;
#266 = ADVANCED_FACE ( 'NONE', ( #3485 ), #992, .F. ) ;
#267 = VERTEX_POINT ( 'NONE', #1201 ) ;
#268 = VERTEX_POINT ( 'NONE', #100 ) ;
#269 = DIRECTION ( 'NONE',  ( -1.000000000000000000, -2.220446049250309876E-16, 0.000000000000000000 ) ) ;
#270 = LINE ( 'NONE', #2747, #3011 ) ;
#271 = VERTEX_POINT ( 'NONE', #3432 ) ;
#272 = DIRECTION ( 'NONE',  ( 0.000000000000000000, 0.000000000000000000, 1.000000000000000000 ) ) ;
#273 = EDGE_LOOP ( 'NONE', ( #342, #2104, #1291, #2729 ) ) ;
#274 = ORIENTED_EDGE ( 'NONE', *, *, #892, .T. ) ;
#275 = EDGE_CURVE ( 'NONE', #1471, #731, #935, .T. ) ;
#276 = LINE ( 'NONE', #3248, #517 ) ;
#277 = DIRECTION ( 'NONE',  ( 0.000000000000000000, -1.000000000000000000, 0.000000000000000000 ) ) ;
#278 = ORIENTED_EDGE ( 'NONE', *, *, #1466, .T. ) ;
#279 = EDGE_CURVE ( 'NONE', #1375, #2489, #3566, .T. ) ;
#280 = PLANE ( 'NONE',  #81 ) ;
#281 = AXIS2_PLACEMENT_3D ( 'NONE', #3093, #3114, #3411 ) ;
#282 = PLANE ( 'NONE',  #1430 ) ;
#283 = CARTESIAN_POINT ( 'NONE',  ( -3.330669073875470016E-15, -9.000000000000000000, -1.199999999999987965 ) ) ;
#284 = FACE_OUTER_BOUND ( 'NONE', #521, .T. ) ;
#285 = ORIENTED_EDGE ( 'NONE', *, *, #844, .T. ) ;
#286 = VECTOR ( 'NONE', #684, 1000.000000000000000 ) ;
#287 = ORIENTED_EDGE ( 'NONE', *, *, #2185, .T. ) ;
#288 = ADVANCED_FACE ( 'NONE', ( #1302 ), #491, .T. ) ;
#289 = CARTESIAN_POINT ( 'NONE',  ( 95.10000000000000853, 6.000000000000000000, 13.50000000000000000 ) ) ;
#290 = CARTESIAN_POINT ( 'NONE',  ( 72.24403759024619376, 6.000000000000000000, 9.900000000000000355 ) ) ;
#291 = CARTESIAN_POINT ( 'NONE',  ( -4.570779167104998209, -18.00000000000000000, -5.086898224234702504 ) ) ;
#292 = VECTOR ( 'NONE', #2945, 1000.000000000000000 ) ;
#293 = ORIENTED_EDGE ( 'NONE', *, *, #2361, .T. ) ;
#294 = DIRECTION ( 'NONE',  ( 0.000000000000000000, -1.000000000000000000, -2.465190328815659702E-32 ) ) ;
#295 = EDGE_CURVE ( 'NONE', #3221, #3016, #788, .T. ) ;
#296 = CARTESIAN_POINT ( 'NONE',  ( -15.34928019704119961, 9.773640410577000281, 13.50000000000000000 ) ) ;
#297 = CARTESIAN_POINT ( 'NONE',  ( 92.99999937415138618, 4.500000000000279776, -7.500000000000000000 ) ) ;
#298 = ORIENTED_EDGE ( 'NONE', *, *, #1827, .T. ) ;
#299 = ORIENTED_EDGE ( 'NONE', *, *, #1144, .T. ) ;
#300 = DIRECTION ( 'NONE',  ( 6.204560680321970560E-12, 1.000000000000000000, -2.292479653661370044E-58 ) ) ;
#301 = DIRECTION ( 'NONE',  ( -1.000000000000000000, 0.000000000000000000, 0.000000000000000000 ) ) ;
#302 = AXIS2_PLACEMENT_3D ( 'NONE', #716, #2046, #2566 ) ;
#303 = CARTESIAN_POINT ( 'NONE',  ( 108.0000000000000000, -9.000000000000000000, -1.199999999999981970 ) ) ;
#304 = PLANE ( 'NONE',  #3249 ) ;
#305 = EDGE_CURVE ( 'NONE', #1033, #2780, #1350, .T. ) ;
#306 = ORIENTED_EDGE ( 'NONE', *, *, #2247, .T. ) ;
#307 = VECTOR ( 'NONE', #1716, 1000.000000000000000 ) ;
#308 = ORIENTED_EDGE ( 'NONE', *, *, #3264, .T. ) ;
#309 = CARTESIAN_POINT ( 'NONE',  ( -15.00000062584880034, -4.500000000000000000, 1.500000000000000000 ) ) ;
#310 = DIRECTION ( 'NONE',  ( 6.204560680321970560E-12, 1.000000000000000000, 0.000000000000000000 ) ) ;
#311 = CARTESIAN_POINT ( 'NONE',  ( 117.5010525732677849, -18.00000000000000000, -7.500000000000000000 ) ) ;
#312 = VECTOR ( 'NONE', #1917, 1000.000000000000000 ) ;
#313 = ADVANCED_FACE ( 'NONE', ( #749 ), #2453, .T. ) ;
#314 = ORIENTED_EDGE ( 'NONE', *, *, #1697, .F. ) ;
#315 = VECTOR ( 'NONE', #3396, 1000.000000000000000 ) ;
#316 = DIRECTION ( 'NONE',  ( -3.469446951953610245E-16, 1.000000000000000000, 0.000000000000000000 ) ) ;
#317 = EDGE_CURVE ( 'NONE', #1562, #1077, #418, .T. ) ;
#318 = VECTOR ( 'NONE', #1312, 1000.000000000000000 ) ;
#319 = ORIENTED_EDGE ( 'NONE', *, *, #2506, .T. ) ;
#320 = ORIENTED_EDGE ( 'NONE', *, *, #214, .F. ) ;
#321 = AXIS2_PLACEMENT_3D ( 'NONE', #3474, #2035, #2912 ) ;
#322 = CARTESIAN_POINT ( 'NONE',  ( 12.90000000000000036, 6.000000000000000000, 13.50000000000000000 ) ) ;
#323 = ORIENTED_EDGE ( 'NONE', *, *, #852, .T. ) ;
#324 = CARTESIAN_POINT ( 'NONE',  ( -8.179363416975899526, 6.000000000000000000, 13.50000000000000000 ) ) ;
#325 = FACE_OUTER_BOUND ( 'NONE', #1864, .T. ) ;
#326 = VERTEX_POINT ( 'NONE', #588 ) ;
#327 = ORIENTED_EDGE ( 'NONE', *, *, #48, .F. ) ;
#328 = DIRECTION ( 'NONE',  ( 1.000000000000000000, 0.000000000000000000, 0.000000000000000000 ) ) ;
#329 = ADVANCED_FACE ( 'NONE', ( #1179 ), #898, .T. ) ;
#330 = PLANE ( 'NONE',  #1884 ) ;
#331 = LINE ( 'NONE', #383, #2730 ) ;
#332 = ADVANCED_FACE ( 'NONE', ( #823 ), #3039, .T. ) ;
#333 = CYLINDRICAL_SURFACE ( 'NONE', #426, 11.40000000000000036 ) ;
#334 = DIRECTION ( 'NONE',  ( 0.000000000000000000, 1.000000000000000000, 1.110223024625159992E-16 ) ) ;
#335 = VERTEX_POINT ( 'NONE', #223 ) ;
#336 = ORIENTED_EDGE ( 'NONE', *, *, #821, .F. ) ;
#337 = EDGE_CURVE ( 'NONE', #3531, #2406, #2168, .T. ) ;
#338 = DIRECTION ( 'NONE',  ( -1.000000000000000000, 0.000000000000000000, 0.000000000000000000 ) ) ;
#339 = VERTEX_POINT ( 'NONE', #1903 ) ;
#340 = CARTESIAN_POINT ( 'NONE',  ( 34.20000000001010676, -6.000000000000000000, 13.50000000000000000 ) ) ;
#341 = CARTESIAN_POINT ( 'NONE',  ( 31.20000000001019913, 3.433260614208859973, 13.50000000000000000 ) ) ;
#342 = ORIENTED_EDGE ( 'NONE', *, *, #3368, .T. ) ;
#343 = VERTEX_POINT ( 'NONE', #261 ) ;
#344 = VECTOR ( 'NONE', #1800, 1000.000000000000114 ) ;
#345 = DIRECTION ( 'NONE',  ( 7.395570986446990055E-32, -1.000000000000000000, -4.930380657631319405E-32 ) ) ;
#346 = FACE_OUTER_BOUND ( 'NONE', #2288, .T. ) ;
#347 = LINE ( 'NONE', #96, #634 ) ;
#348 = EDGE_LOOP ( 'NONE', ( #533, #2342, #415, #638, #538, #738, #568, #1241, #2039, #3408, #2930, #172 ) ) ;
#349 = VECTOR ( 'NONE', #3179, 1000.000000000000000 ) ;
#350 = LINE ( 'NONE', #82, #2224 ) ;
#351 = ADVANCED_FACE ( 'NONE', ( #515 ), #2479, .F. ) ;
#352 = ORIENTED_EDGE ( 'NONE', *, *, #3158, .F. ) ;
#353 = LINE ( 'NONE', #1485, #3437 ) ;
#354 = ADVANCED_FACE ( 'NONE', ( #1669 ), #241, .F. ) ;
#355 = DIRECTION ( 'NONE',  ( 0.000000000000000000, -1.000000000000000000, 0.000000000000000000 ) ) ;
#356 = DIRECTION ( 'NONE',  ( -1.000000000000000000, 0.000000000000000000, 1.027162637006529939E-32 ) ) ;
#357 = ORIENTED_EDGE ( 'NONE', *, *, #1186, .F. ) ;
#358 = ORIENTED_EDGE ( 'NONE', *, *, #279, .T. ) ;
#359 = VECTOR ( 'NONE', #3180, 1000.000000000000000 ) ;
#360 = CARTESIAN_POINT ( 'NONE',  ( 99.55846243849740063, -6.000000000000000000, 13.50000000000000000 ) ) ;
#361 = DIRECTION ( 'NONE',  ( -0.8660254037844387076, -1.232595164407828893E-32, 0.4999999999999998890 ) ) ;
#362 = PLANE ( 'NONE',  #699 ) ;
#363 = ORIENTED_EDGE ( 'NONE', *, *, #3247, .T. ) ;
#364 = AXIS2_PLACEMENT_3D ( 'NONE', #1508, #3463, #2885 ) ;
#365 = AXIS2_PLACEMENT_3D ( 'NONE', #2908, #3529, #736 ) ;
#366 = CARTESIAN_POINT ( 'NONE',  ( -48.00000000000000000, 5.916457635513519731E-30, 5.916456789157509718E-31 ) ) ;
#367 = VECTOR ( 'NONE', #2177, 1000.000000000000000 ) ;
#368 = ORIENTED_EDGE ( 'NONE', *, *, #664, .T. ) ;
#369 = CARTESIAN_POINT ( 'NONE',  ( -39.00000062584880567, -4.500000000000000000, -7.500000000000000000 ) ) ;
#370 = ADVANCED_FACE ( 'NONE', ( #3585 ), #3303, .F. ) ;
#371 = VECTOR ( 'NONE', #1509, 1000.000000000000000 ) ;
#372 = DIRECTION ( 'NONE',  ( 0.000000000000000000, -1.000000000000000000, 0.000000000000000000 ) ) ;
#373 = VECTOR ( 'NONE', #2067, 1000.000000000000000 ) ;
#374 = ORIENTED_EDGE ( 'NONE', *, *, #399, .T. ) ;
#375 = EDGE_CURVE ( 'NONE', #730, #2378, #1649, .T. ) ;
#376 = CYLINDRICAL_SURFACE ( 'NONE', #2816, 6.000000000000002665 ) ;
#377 = CARTESIAN_POINT ( 'NONE',  ( 117.0000000000000000, 6.000000000000000000, 9.900000000000000355 ) ) ;
#378 = ORIENTED_EDGE ( 'NONE', *, *, #3070, .F. ) ;
#379 = ORIENTED_EDGE ( 'NONE', *, *, #3583, .F. ) ;
#380 = CARTESIAN_POINT ( 'NONE',  ( 50.94403759023950329, -6.000000000000000000, 9.900000000000000355 ) ) ;
#381 = EDGE_CURVE ( 'NONE', #1684, #1537, #851, .T. ) ;
#382 = CARTESIAN_POINT ( 'NONE',  ( -39.00000062584880567, -4.500000000000000000, 1.500000000000000000 ) ) ;
#383 = CARTESIAN_POINT ( 'NONE',  ( -45.20965120994449649, 6.000000000000000000, 13.50000000000000000 ) ) ;
#384 = ORIENTED_EDGE ( 'NONE', *, *, #422, .T. ) ;
#385 = DIRECTION ( 'NONE',  ( -1.000000000000000000, 0.000000000000000000, 1.027162637006529939E-32 ) ) ;
#386 = CARTESIAN_POINT ( 'NONE',  ( -3.330669073875467255E-15, -18.00000000000000000, -1.199999999999987965 ) ) ;
#387 = LINE ( 'NONE', #1945, #1530 ) ;
#388 = CARTESIAN_POINT ( 'NONE',  ( 117.0000000000000000, 4.259727977354450523, 9.900000000000000355 ) ) ;
#389 = ORIENTED_EDGE ( 'NONE', *, *, #1427, .F. ) ;
#390 = DIRECTION ( 'NONE',  ( 0.000000000000000000, 0.000000000000000000, 1.000000000000000000 ) ) ;
#391 = CARTESIAN_POINT ( 'NONE',  ( 103.4174243050441646, -18.00000000000000000, -6.396152422706645524 ) ) ;
#392 = ORIENTED_EDGE ( 'NONE', *, *, #2662, .T. ) ;
#393 = ADVANCED_FACE ( 'NONE', ( #3345 ), #3066, .T. ) ;
#394 = ORIENTED_EDGE ( 'NONE', *, *, #848, .F. ) ;
#395 = DIRECTION ( 'NONE',  ( 0.8712476277442752215, 0.4908437339418451062, 0.000000000000000000 ) ) ;
#396 = LINE ( 'NONE', #1275, #371 ) ;
#397 = DIRECTION ( 'NONE',  ( 0.8712476277442752215, 0.4908437339418451062, -3.219111815988940245E-47 ) ) ;
#398 = ORIENTED_EDGE ( 'NONE', *, *, #852, .F. ) ;
#399 = EDGE_CURVE ( 'NONE', #543, #1492, #3423, .T. ) ;
#400 = VECTOR ( 'NONE', #1890, 1000.000000000000000 ) ;
#401 = DIRECTION ( 'NONE',  ( 0.000000000000000000, 1.000000000000000000, 0.000000000000000000 ) ) ;
#402 = VECTOR ( 'NONE', #2897, 1000.000000000000000 ) ;
#403 = CARTESIAN_POINT ( 'NONE',  ( -36.60000062584880709, -2.100000000000000089, 5.656921938165320185 ) ) ;
#404 = FACE_OUTER_BOUND ( 'NONE', #1977, .T. ) ;
#405 = ORIENTED_EDGE ( 'NONE', *, *, #1493, .T. ) ;
#406 = ORIENTED_EDGE ( 'NONE', *, *, #1251, .F. ) ;
#407 = DIRECTION ( 'NONE',  ( -1.000000000000000000, 1.155560335373305821E-33, 0.000000000000000000 ) ) ;
#408 = FACE_OUTER_BOUND ( 'NONE', #210, .T. ) ;
#409 = EDGE_LOOP ( 'NONE', ( #3284, #121, #975, #3230 ) ) ;
#410 = CARTESIAN_POINT ( 'NONE',  ( -5.556077753235634908, -18.00000000000000000, -7.499999999999998224 ) ) ;
#411 = LINE ( 'NONE', #382, #1535 ) ;
#412 = LINE ( 'NONE', #1413, #2216 ) ;
#413 = DIRECTION ( 'NONE',  ( -1.000000000000000000, -6.842277657836019882E-47, 3.694829935231450289E-47 ) ) ;
#414 = EDGE_CURVE ( 'NONE', #3145, #1538, #3266, .T. ) ;
#415 = ORIENTED_EDGE ( 'NONE', *, *, #1893, .F. ) ;
#416 = LINE ( 'NONE', #2359, #2032 ) ;
#417 = EDGE_CURVE ( 'NONE', #527, #271, #1868, .T. ) ;
#418 = CIRCLE ( 'NONE', #19, 8.099999999999999645 ) ;
#419 = AXIS2_PLACEMENT_3D ( 'NONE', #2071, #126, #2338 ) ;
#420 = DIRECTION ( 'NONE',  ( -0.6614378277661578931, 0.000000000000000000, 0.7499999999999910072 ) ) ;
#421 = DIRECTION ( 'NONE',  ( -1.027984282060329919E-17, 1.000000000000000000, 0.000000000000000000 ) ) ;
#422 = EDGE_CURVE ( 'NONE', #2356, #2043, #3275, .T. ) ;
#423 = VECTOR ( 'NONE', #454, 1000.000000000000227 ) ;
#424 = ORIENTED_EDGE ( 'NONE', *, *, #255, .T. ) ;
#425 = ORIENTED_EDGE ( 'NONE', *, *, #3177, .F. ) ;
#426 = AXIS2_PLACEMENT_3D ( 'NONE', #2012, #1499, #2839 ) ;
#427 = PLANE ( 'NONE',  #2232 ) ;
#428 = DIRECTION ( 'NONE',  ( -7.395570986446990055E-32, 1.000000000000000000, 4.930380657631318857E-32 ) ) ;
#429 = LINE ( 'NONE', #2952, #3388 ) ;
#430 = VECTOR ( 'NONE', #1982, 1000.000000000000000 ) ;
#431 = DIRECTION ( 'NONE',  ( -7.395570986446990055E-32, 1.000000000000000000, 4.930380657631319405E-32 ) ) ;
#432 = LINE ( 'NONE', #1021, #3165 ) ;
#433 = LINE ( 'NONE', #1545, #3431 ) ;
#434 = ORIENTED_EDGE ( 'NONE', *, *, #2283, .F. ) ;
#435 = ORIENTED_EDGE ( 'NONE', *, *, #563, .F. ) ;
#436 = LINE ( 'NONE', #2653, #1477 ) ;
#437 = CARTESIAN_POINT ( 'NONE',  ( 75.29999999997480131, 4.278331036756239492, 9.900000000000000355 ) ) ;
#438 = ADVANCED_FACE ( 'NONE', ( #3006 ), #509, .F. ) ;
#439 = CARTESIAN_POINT ( 'NONE',  ( 112.3325756949558212, 18.00000000000000000, -5.734714594940502508 ) ) ;
#440 =( LENGTH_UNIT ( ) NAMED_UNIT ( * ) SI_UNIT ( .MILLI., .METRE. ) );
#441 = EDGE_CURVE ( 'NONE', #2868, #343, #412, .T. ) ;
#442 = ORIENTED_EDGE ( 'NONE', *, *, #1401, .T. ) ;
#443 = PLANE ( 'NONE',  #1656 ) ;
#444 = CARTESIAN_POINT ( 'NONE',  ( -12.90000000000000036, -6.000000000000000000, 13.50000000000000000 ) ) ;
#445 = CARTESIAN_POINT ( 'NONE',  ( 108.0000000000000000, -9.000000000000000000, -1.199999999999981970 ) ) ;
#446 = PLANE ( 'NONE',  #1994 ) ;
#447 = CYLINDRICAL_SURFACE ( 'NONE', #2813, 11.40000000000000036 ) ;
#448 = CARTESIAN_POINT ( 'NONE',  ( 98.10000000000000853, -3.377375036177979961, 13.50000000000000000 ) ) ;
#449 = VERTEX_POINT ( 'NONE', #3142 ) ;
#450 = ORIENTED_EDGE ( 'NONE', *, *, #2616, .T. ) ;
#451 = LINE ( 'NONE', #1565, #139 ) ;
#452 = CARTESIAN_POINT ( 'NONE',  ( 108.0000000000000000, -18.00000000000000000, -1.199999999999981970 ) ) ;
#453 = AXIS2_PLACEMENT_3D ( 'NONE', #1370, #1098, #526 ) ;
#454 = DIRECTION ( 'NONE',  ( -0.8712476277441552064, 0.4908437339420581025, 0.000000000000000000 ) ) ;
#455 = DIRECTION ( 'NONE',  ( 1.000000000000000000, 0.000000000000000000, 0.000000000000000000 ) ) ;
#456 = EDGE_CURVE ( 'NONE', #2670, #3545, #3090, .T. ) ;
#457 = DIRECTION ( 'NONE',  ( 1.000000000000000000, 0.000000000000000000, 0.000000000000000000 ) ) ;
#458 = AXIS2_PLACEMENT_3D ( 'NONE', #1594, #3321, #2422 ) ;
#459 = ORIENTED_EDGE ( 'NONE', *, *, #2616, .F. ) ;
#460 = ORIENTED_EDGE ( 'NONE', *, *, #2090, .F. ) ;
#461 = CIRCLE ( 'NONE', #697, 6.000000000000002665 ) ;
#462 = LINE ( 'NONE', #2383, #87 ) ;
#463 = DIRECTION ( 'NONE',  ( 7.395570986446980202E-32, 1.000000000000000000, 2.465190328815659976E-32 ) ) ;
#464 = ADVANCED_FACE ( 'NONE', ( #284 ), #1694, .F. ) ;
#465 = CARTESIAN_POINT ( 'NONE',  ( 14.45596240978277969, -6.000000000000000000, 13.50000000000000000 ) ) ;
#466 = CARTESIAN_POINT ( 'NONE',  ( -45.00000000000000000, -6.000000000000000000, 13.50000000000000000 ) ) ;
#467 = CARTESIAN_POINT ( 'NONE',  ( 98.49894742673220094, -9.000000000000000000, -7.500000000000000000 ) ) ;
#468 = VERTEX_POINT ( 'NONE', #1576 ) ;
#469 = EDGE_LOOP ( 'NONE', ( #2322, #392, #2464, #3209 ) ) ;
#470 = DIRECTION ( 'NONE',  ( 1.000000000000000000, 0.000000000000000000, 6.009258394948620348E-16 ) ) ;
#471 = CARTESIAN_POINT ( 'NONE',  ( -3.330669073875470016E-15, 18.00000000000000000, -1.199999999999987965 ) ) ;
#472 = AXIS2_PLACEMENT_3D ( 'NONE', #530, #3005, #508 ) ;
#473 = CARTESIAN_POINT ( 'NONE',  ( 76.79999999999820659, -6.000000000000000000, 13.50000000000000000 ) ) ;
#474 = DIRECTION ( 'NONE',  ( 0.8712476277450330597, -0.4908437339404999600, -3.237267228903779819E-47 ) ) ;
#475 = VECTOR ( 'NONE', #838, 1000.000000000000000 ) ;
#476 = ORIENTED_EDGE ( 'NONE', *, *, #1118, .T. ) ;
#477 = ORIENTED_EDGE ( 'NONE', *, *, #260, .T. ) ;
#478 = AXIS2_PLACEMENT_3D ( 'NONE', #2973, #1311, #1293 ) ;
#479 = DIRECTION ( 'NONE',  ( 1.000000000000000000, 1.027984282060329919E-17, 0.000000000000000000 ) ) ;
#480 = VECTOR ( 'NONE', #99, 1000.000000000000227 ) ;
#481 = ADVANCED_FACE ( 'NONE', ( #233 ), #911, .F. ) ;
#482 = CARTESIAN_POINT ( 'NONE',  ( 117.0000000000000000, -6.000000000000000000, 13.50000000000000000 ) ) ;
#483 = DIRECTION ( 'NONE',  ( 0.000000000000000000, -1.000000000000000000, 0.000000000000000000 ) ) ;
#484 = DIRECTION ( 'NONE',  ( -0.4908437339414767897, -0.8712476277444827222, 0.000000000000000000 ) ) ;
#485 = VECTOR ( 'NONE', #1699, 1000.000000000000000 ) ;
#486 = ORIENTED_EDGE ( 'NONE', *, *, #98, .T. ) ;
#487 = EDGE_LOOP ( 'NONE', ( #3328, #2826, #190, #2442 ) ) ;
#488 = EDGE_CURVE ( 'NONE', #2174, #242, #1698, .T. ) ;
#489 = DIRECTION ( 'NONE',  ( 0.000000000000000000, 2.465190328815659976E-32, -1.000000000000000000 ) ) ;
#490 = CARTESIAN_POINT ( 'NONE',  ( 68.99999937415140039, 4.500000000000279776, 1.500000000000000000 ) ) ;
#491 = PLANE ( 'NONE',  #1009 ) ;
#492 = DIRECTION ( 'NONE',  ( -1.000000000000000000, 9.122861196634139130E-13, 0.000000000000000000 ) ) ;
#493 = CARTESIAN_POINT ( 'NONE',  ( 34.20000000001014939, 3.433260614206730121, 13.50000000000000000 ) ) ;
#494 = EDGE_LOOP ( 'NONE', ( #1345, #3054, #3380, #3233 ) ) ;
#495 = VERTEX_POINT ( 'NONE', #1156 ) ;
#496 = CARTESIAN_POINT ( 'NONE',  ( 8.179363416962399214, -6.000000000000000000, 13.50000000000000000 ) ) ;
#497 = FACE_OUTER_BOUND ( 'NONE', #1367, .T. ) ;
#498 = CARTESIAN_POINT ( 'NONE',  ( -39.00000062584880567, 4.500000000000000000, -7.500000000000000000 ) ) ;
#499 = DIRECTION ( 'NONE',  ( 0.4472135954999569840, 0.4472135954999579832, 0.7745966692414839594 ) ) ;
#500 = EDGE_CURVE ( 'NONE', #835, #3311, #2050, .T. ) ;
#501 = VERTEX_POINT ( 'NONE', #1193 ) ;
#502 = ORIENTED_EDGE ( 'NONE', *, *, #1005, .F. ) ;
#503 = DIRECTION ( 'NONE',  ( -2.220446049250309876E-16, 1.000000000000000000, 0.000000000000000000 ) ) ;
#504 = CARTESIAN_POINT ( 'NONE',  ( -9.501052573267859458, 18.00000000000000000, -7.500000000000000000 ) ) ;
#505 = EDGE_CURVE ( 'NONE', #1958, #918, #1951, .T. ) ;
#506 = VERTEX_POINT ( 'NONE', #3352 ) ;
#507 = FACE_OUTER_BOUND ( 'NONE', #1060, .T. ) ;
#508 = DIRECTION ( 'NONE',  ( 0.000000000000000000, -1.000000000000000000, 0.000000000000000000 ) ) ;
#509 = PLANE ( 'NONE',  #1814 ) ;
#510 = EDGE_LOOP ( 'NONE', ( #516, #1315, #3543, #3008 ) ) ;
#511 = VECTOR ( 'NONE', #3535, 1000.000000000000000 ) ;
#512 = ORIENTED_EDGE ( 'NONE', *, *, #3089, .F. ) ;
#513 = DIRECTION ( 'NONE',  ( 0.000000000000000000, 0.000000000000000000, -1.000000000000000000 ) ) ;
#514 = AXIS2_PLACEMENT_3D ( 'NONE', #1712, #872, #2848 ) ;
#515 = FACE_OUTER_BOUND ( 'NONE', #3576, .T. ) ;
#516 = ORIENTED_EDGE ( 'NONE', *, *, #1052, .F. ) ;
#517 = VECTOR ( 'NONE', #1629, 1000.000000000000000 ) ;
#518 = DIRECTION ( 'NONE',  ( 1.000000000000000000, 0.000000000000000000, 0.000000000000000000 ) ) ;
#519 = DIRECTION ( 'NONE',  ( -1.000000000000000000, -6.842277657836019882E-47, 0.000000000000000000 ) ) ;
#520 = DIRECTION ( 'NONE',  ( 1.000000000000000000, 0.000000000000000000, 6.009258394948640316E-17 ) ) ;
#521 = EDGE_LOOP ( 'NONE', ( #357, #1874, #60, #1966 ) ) ;
#522 = VECTOR ( 'NONE', #1386, 1000.000000000000000 ) ;
#523 = ORIENTED_EDGE ( 'NONE', *, *, #238, .T. ) ;
#524 = EDGE_CURVE ( 'NONE', #2935, #2868, #2292, .T. ) ;
#525 = PLANE ( 'NONE',  #546 ) ;
#526 = DIRECTION ( 'NONE',  ( 1.000000000000000000, 0.000000000000000000, 0.000000000000000000 ) ) ;
#527 = VERTEX_POINT ( 'NONE', #635 ) ;
#528 = EDGE_CURVE ( 'NONE', #809, #2121, #41, .T. ) ;
#529 = FACE_OUTER_BOUND ( 'NONE', #1675, .T. ) ;
#530 = CARTESIAN_POINT ( 'NONE',  ( 42.57201879512479792, -1.283369692896636050, 9.900000000000000355 ) ) ;
#531 = ORIENTED_EDGE ( 'NONE', *, *, #417, .T. ) ;
#532 = AXIS2_PLACEMENT_3D ( 'NONE', #8, #3079, #2242 ) ;
#533 = ORIENTED_EDGE ( 'NONE', *, *, #2752, .T. ) ;
#534 = EDGE_CURVE ( 'NONE', #3610, #2382, #2253, .T. ) ;
#535 = CARTESIAN_POINT ( 'NONE',  ( 27.24854041416714878, -19.34957587382584876, 13.50000000000000000 ) ) ;
#536 = AXIS2_PLACEMENT_3D ( 'NONE', #1731, #1986, #1174 ) ;
#537 = DIRECTION ( 'NONE',  ( -7.383753479102818642E-62, -1.000000000000000000, 0.000000000000000000 ) ) ;
#538 = ORIENTED_EDGE ( 'NONE', *, *, #958, .F. ) ;
#539 = CIRCLE ( 'NONE', #1765, 0.9999999999999870104 ) ;
#540 = CARTESIAN_POINT ( 'NONE',  ( -63.60000000000000142, 3.059411708155674869, -7.500000000000000000 ) ) ;
#541 = LINE ( 'NONE', #1654, #1828 ) ;
#542 = LINE ( 'NONE', #16, #578 ) ;
#543 = VERTEX_POINT ( 'NONE', #1748 ) ;
#544 = VECTOR ( 'NONE', #916, 1000.000000000000000 ) ;
#545 = EDGE_LOOP ( 'NONE', ( #1277, #3175, #1747 ) ) ;
#546 = AXIS2_PLACEMENT_3D ( 'NONE', #1636, #1116, #2138 ) ;
#547 = CARTESIAN_POINT ( 'NONE',  ( -48.00000000000000000, 0.000000000000000000, 5.916456789157529861E-31 ) ) ;
#548 = CARTESIAN_POINT ( 'NONE',  ( 12.90000000000000036, -3.433260614206260275, 13.50000000000000000 ) ) ;
#549 = ORIENTED_EDGE ( 'NONE', *, *, #1908, .F. ) ;
#550 = AXIS2_PLACEMENT_3D ( 'NONE', #3211, #977, #2591 ) ;
#551 = CYLINDRICAL_SURFACE ( 'NONE', #189, 0.9999999999999870104 ) ;
#552 = EDGE_CURVE ( 'NONE', #2910, #2702, #2834, .T. ) ;
#553 = FACE_OUTER_BOUND ( 'NONE', #3094, .T. ) ;
#554 = ORIENTED_EDGE ( 'NONE', *, *, #1673, .F. ) ;
#555 = ORIENTED_EDGE ( 'NONE', *, *, #584, .F. ) ;
#556 = LINE ( 'NONE', #1667, #3 ) ;
#557 = EDGE_CURVE ( 'NONE', #575, #2406, #3056, .T. ) ;
#558 = DIRECTION ( 'NONE',  ( -1.000000000000000000, 0.000000000000000000, 0.000000000000000000 ) ) ;
#559 = DIRECTION ( 'NONE',  ( 0.000000000000000000, 0.000000000000000000, 1.000000000000000000 ) ) ;
#560 = CARTESIAN_POINT ( 'NONE',  ( -3.330669073875467255E-15, -18.00000000000000000, -1.199999999999987965 ) ) ;
#561 = CARTESIAN_POINT ( 'NONE',  ( -15.00000062584880034, -4.500000000000000000, 1.500000000000000000 ) ) ;
#562 = ORIENTED_EDGE ( 'NONE', *, *, #1605, .F. ) ;
#563 = EDGE_CURVE ( 'NONE', #2382, #1081, #3409, .T. ) ;
#564 = VERTEX_POINT ( 'NONE', #565 ) ;
#565 = CARTESIAN_POINT ( 'NONE',  ( -13.98069758012417907, 6.000000000000000000, 9.900000000000000355 ) ) ;
#566 = CARTESIAN_POINT ( 'NONE',  ( -12.90000000000000036, -6.000000000000000000, 9.900000000000000355 ) ) ;
#567 = FACE_BOUND ( 'NONE', #883, .T. ) ;
#568 = ORIENTED_EDGE ( 'NONE', *, *, #2347, .F. ) ;
#569 = PLANE ( 'NONE',  #836 ) ;
#570 = LINE ( 'NONE', #1664, #3095 ) ;
#571 = ORIENTED_EDGE ( 'NONE', *, *, #3546, .F. ) ;
#572 = VERTEX_POINT ( 'NONE', #289 ) ;
#573 = EDGE_CURVE ( 'NONE', #1638, #1033, #619, .T. ) ;
#574 = FACE_OUTER_BOUND ( 'NONE', #3014, .T. ) ;
#575 = VERTEX_POINT ( 'NONE', #1403 ) ;
#576 = LINE ( 'NONE', #2481, #2336 ) ;
#577 = ADVANCED_FACE ( 'NONE', ( #877 ), #3091, .F. ) ;
#578 = VECTOR ( 'NONE', #1947, 1000.000000000000000 ) ;
#579 = CARTESIAN_POINT ( 'NONE',  ( 117.0000000000000000, 6.629863988677199949, 13.50000000000000000 ) ) ;
#580 = DIRECTION ( 'NONE',  ( 0.000000000000000000, 0.000000000000000000, 1.000000000000000000 ) ) ;
#581 = VERTEX_POINT ( 'NONE', #1115 ) ;
#582 = VERTEX_POINT ( 'NONE', #2851 ) ;
#583 = DIRECTION ( 'NONE',  ( 0.4908437339412490830, -0.8712476277446110640, 0.000000000000000000 ) ) ;
#584 = EDGE_CURVE ( 'NONE', #271, #731, #3389, .T. ) ;
#585 = FACE_OUTER_BOUND ( 'NONE', #2861, .T. ) ;
#586 = CARTESIAN_POINT ( 'NONE',  ( 31.20000000001019913, 6.216630307104359154, 13.50000000000000000 ) ) ;
#587 = EDGE_LOOP ( 'NONE', ( #2127, #2837, #1705, #1183 ) ) ;
#588 = CARTESIAN_POINT ( 'NONE',  ( 117.5010525732677849, -9.000000000000000000, -7.500000000000000000 ) ) ;
#589 = CARTESIAN_POINT ( 'NONE',  ( -15.00000062584870086, 4.500000000000000000, -7.500000000000000000 ) ) ;
#590 = DIRECTION ( 'NONE',  ( 0.000000000000000000, 1.110223024625159992E-16, -1.000000000000000000 ) ) ;
#591 = ORIENTED_EDGE ( 'NONE', *, *, #2530, .F. ) ;
#592 = EDGE_LOOP ( 'NONE', ( #3387, #882, #2414, #49, #2939, #2683, #1856 ) ) ;
#593 = CARTESIAN_POINT ( 'NONE',  ( -9.900000000000000355, 7.500000000000000000, 9.900000000000000355 ) ) ;
#594 = ORIENTED_EDGE ( 'NONE', *, *, #1539, .F. ) ;
#595 = FACE_OUTER_BOUND ( 'NONE', #1356, .T. ) ;
#596 = CARTESIAN_POINT ( 'NONE',  ( 117.5010525732677849, 9.000000000000000000, -7.500000000000000000 ) ) ;
#597 = ORIENTED_EDGE ( 'NONE', *, *, #1273, .F. ) ;
#598 = EDGE_CURVE ( 'NONE', #2378, #1626, #769, .T. ) ;
#599 = AXIS2_PLACEMENT_3D ( 'NONE', #2819, #345, #328 ) ;
#600 = ORIENTED_EDGE ( 'NONE', *, *, #1075, .F. ) ;
#601 = CARTESIAN_POINT ( 'NONE',  ( 68.99999937415140039, -4.499999999999724665, -7.500000000000000000 ) ) ;
#602 = CARTESIAN_POINT ( 'NONE',  ( -5.556077753235640238, 18.00000000000000000, -7.500000000000000000 ) ) ;
#603 = CARTESIAN_POINT ( 'NONE',  ( 95.10000000000000853, -3.433260614248080600, 13.50000000000000000 ) ) ;
#604 = VECTOR ( 'NONE', #2418, 1000.000000000000000 ) ;
#605 = ORIENTED_EDGE ( 'NONE', *, *, #1319, .F. ) ;
#606 = EDGE_CURVE ( 'NONE', #3536, #1081, #1442, .T. ) ;
#607 = VECTOR ( 'NONE', #1265, 1000.000000000000000 ) ;
#608 = LINE ( 'NONE', #2061, #2915 ) ;
#609 = VECTOR ( 'NONE', #948, 1000.000000000000000 ) ;
#610 = PLANE ( 'NONE',  #3152 ) ;
#611 = ORIENTED_EDGE ( 'NONE', *, *, #505, .F. ) ;
#612 = ORIENTED_EDGE ( 'NONE', *, *, #279, .F. ) ;
#613 = CARTESIAN_POINT ( 'NONE',  ( 35.75596240978855178, 6.000000000000000000, 13.50000000000000000 ) ) ;
#614 = VERTEX_POINT ( 'NONE', #1138 ) ;
#615 = FACE_OUTER_BOUND ( 'NONE', #817, .T. ) ;
#616 = DIRECTION ( 'NONE',  ( -1.000000000000000000, -1.734723475976804876E-16, 0.000000000000000000 ) ) ;
#617 = ORIENTED_EDGE ( 'NONE', *, *, #134, .T. ) ;
#618 = ORIENTED_EDGE ( 'NONE', *, *, #2553, .T. ) ;
#619 = LINE ( 'NONE', #2526, #886 ) ;
#620 = CARTESIAN_POINT ( 'NONE',  ( 107.9999999999999858, -18.00000000000000000, -1.199999999999987965 ) ) ;
#621 = CARTESIAN_POINT ( 'NONE',  ( 103.4292208328949840, -18.00000000000000000, -5.086898224234707833 ) ) ;
#622 = ADVANCED_FACE ( 'NONE', ( #2541 ), #1065, .T. ) ;
#623 = ORIENTED_EDGE ( 'NONE', *, *, #777, .T. ) ;
#624 = LINE ( 'NONE', #1463, #1821 ) ;
#625 = DIRECTION ( 'NONE',  ( 1.000000000000000000, 1.027984282060329919E-17, 0.000000000000000000 ) ) ;
#626 = EDGE_CURVE ( 'NONE', #2459, #527, #2235, .T. ) ;
#627 = CARTESIAN_POINT ( 'NONE',  ( -29.69999999997394724, 7.499999999958239627, 13.50000000000000000 ) ) ;
#628 = ORIENTED_EDGE ( 'NONE', *, *, #2684, .T. ) ;
#629 = CARTESIAN_POINT ( 'NONE',  ( 114.0415375615025937, 6.000000000000000000, 13.50000000000000000 ) ) ;
#630 = DIRECTION ( 'NONE',  ( 1.000000000000000000, 6.842277657836019882E-47, 0.000000000000000000 ) ) ;
#631 = DIRECTION ( 'NONE',  ( 0.000000000000000000, 0.000000000000000000, 1.000000000000000000 ) ) ;
#632 = ORIENTED_EDGE ( 'NONE', *, *, #1184, .F. ) ;
#633 = VERTEX_POINT ( 'NONE', #3498 ) ;
#634 = VECTOR ( 'NONE', #2058, 1000.000000000000000 ) ;
#635 = CARTESIAN_POINT ( 'NONE',  ( -9.501052573267859458, -9.000000000000000000, -7.500000000000000000 ) ) ;
#636 = CARTESIAN_POINT ( 'NONE',  ( -35.53589901071100599, -1.035898384862249832, 7.500000000000000000 ) ) ;
#637 = CARTESIAN_POINT ( 'NONE',  ( -3.330669073875470016E-15, 18.00000000000000000, -1.199999999999987965 ) ) ;
#638 = ORIENTED_EDGE ( 'NONE', *, *, #381, .T. ) ;
#639 = VECTOR ( 'NONE', #3475, 1000.000000000000000 ) ;
#640 = EDGE_CURVE ( 'NONE', #146, #2377, #1767, .T. ) ;
#641 = DIRECTION ( 'NONE',  ( 0.000000000000000000, 0.000000000000000000, -1.000000000000000000 ) ) ;
#642 = VERTEX_POINT ( 'NONE', #2648 ) ;
#643 = ADVANCED_FACE ( 'NONE', ( #2084 ), #3197, .F. ) ;
#644 = CARTESIAN_POINT ( 'NONE',  ( 107.9999999999999858, -18.00000000000000000, -1.199999999999987965 ) ) ;
#645 = CARTESIAN_POINT ( 'NONE',  ( 76.79999999999820659, -6.000000000000000000, 9.900000000000000355 ) ) ;
#646 = EDGE_CURVE ( 'NONE', #2356, #2833, #705, .T. ) ;
#647 = ORIENTED_EDGE ( 'NONE', *, *, #2772, .F. ) ;
#648 = CARTESIAN_POINT ( 'NONE',  ( 113.5560777532356127, 18.00000000000000000, -7.500000000000000000 ) ) ;
#649 = CARTESIAN_POINT ( 'NONE',  ( -48.00000000000000000, 3.059411708155674869, -7.500000000000000000 ) ) ;
#650 = ORIENTED_EDGE ( 'NONE', *, *, #732, .F. ) ;
#651 = ORIENTED_EDGE ( 'NONE', *, *, #2600, .T. ) ;
#652 = DIRECTION ( 'NONE',  ( 0.000000000000000000, 0.000000000000000000, 1.000000000000000000 ) ) ;
#653 = CARTESIAN_POINT ( 'NONE',  ( -42.41930241988914929, 6.000000000000000000, 13.50000000000000000 ) ) ;
#654 = LINE ( 'NONE', #2615, #1563 ) ;
#655 = EDGE_LOOP ( 'NONE', ( #2252, #1891, #2940, #3047 ) ) ;
#656 = VECTOR ( 'NONE', #1782, 1000.000000000000000 ) ;
#657 = VECTOR ( 'NONE', #1826, 1000.000000000000114 ) ;
#658 = DIRECTION ( 'NONE',  ( 0.000000000000000000, 0.000000000000000000, -1.000000000000000000 ) ) ;
#659 = CARTESIAN_POINT ( 'NONE',  ( -5.556077753235640238, -9.000000000000000000, -7.500000000000000000 ) ) ;
#660 = AXIS2_PLACEMENT_3D ( 'NONE', #1280, #3504, #1007 ) ;
#661 = CYLINDRICAL_SURFACE ( 'NONE', #717, 11.40000000000000036 ) ;
#662 = AXIS2_PLACEMENT_3D ( 'NONE', #498, #1889, #225 ) ;
#663 = DIRECTION ( 'NONE',  ( 0.000000000000000000, 0.000000000000000000, 1.000000000000000000 ) ) ;
#664 = EDGE_CURVE ( 'NONE', #142, #1965, #143, .T. ) ;
#665 = VECTOR ( 'NONE', #71, 1000.000000000000000 ) ;
#666 = LINE ( 'NONE', #1540, #2404 ) ;
#667 = DIRECTION ( 'NONE',  ( -7.395570986446990055E-32, 1.000000000000000000, 4.930380657631318857E-32 ) ) ;
#668 = EDGE_CURVE ( 'NONE', #1441, #32, #1261, .T. ) ;
#669 = ORIENTED_EDGE ( 'NONE', *, *, #3608, .F. ) ;
#670 = ORIENTED_EDGE ( 'NONE', *, *, #2737, .T. ) ;
#671 = FACE_OUTER_BOUND ( 'NONE', #2005, .T. ) ;
#672 = DIRECTION ( 'NONE',  ( -6.842277657836019882E-47, 1.000000000000000000, 5.468348304142539232E-47 ) ) ;
#673 = CARTESIAN_POINT ( 'NONE',  ( -26.70000000002875140, -4.500000000000000000, 9.900000000000000355 ) ) ;
#674 = EDGE_CURVE ( 'NONE', #1375, #1078, #2869, .T. ) ;
#675 = ORIENTED_EDGE ( 'NONE', *, *, #3201, .F. ) ;
#676 = DIRECTION ( 'NONE',  ( 7.395570986446980202E-32, 1.000000000000000000, 2.465190328815659976E-32 ) ) ;
#677 = CARTESIAN_POINT ( 'NONE',  ( 68.99999937415140039, 4.500000000000279776, 1.500000000000000000 ) ) ;
#678 = LINE ( 'NONE', #3189, #2454 ) ;
#679 = CARTESIAN_POINT ( 'NONE',  ( 117.0000000000000000, 6.000000000000000000, 9.900000000000000355 ) ) ;
#680 = EDGE_LOOP ( 'NONE', ( #1833, #3592, #2501, #2223 ) ) ;
#681 = ORIENTED_EDGE ( 'NONE', *, *, #1401, .F. ) ;
#682 = EDGE_CURVE ( 'NONE', #2988, #3428, #2040, .T. ) ;
#683 = CARTESIAN_POINT ( 'NONE',  ( 52.49999999995599609, -3.433260614196565363, 9.900000000000000355 ) ) ;
#684 = DIRECTION ( 'NONE',  ( 2.220446049250309876E-16, -1.000000000000000000, 0.000000000000000000 ) ) ;
#685 = CARTESIAN_POINT ( 'NONE',  ( -48.00000000000000000, -3.059411708155674869, -7.500000000000000000 ) ) ;
#686 = ADVANCED_FACE ( 'NONE', ( #2373 ), #1209, .F. ) ;
#687 = CARTESIAN_POINT ( 'NONE',  ( -39.39034879006499779, -6.000000000000000000, 13.50000000000000000 ) ) ;
#688 = DIRECTION ( 'NONE',  ( 1.000000000000000000, 1.027984282060329919E-17, 0.000000000000000000 ) ) ;
#689 = LINE ( 'NONE', #969, #344 ) ;
#690 = VERTEX_POINT ( 'NONE', #380 ) ;
#691 = AXIS2_PLACEMENT_3D ( 'NONE', #1823, #180, #1266 ) ;
#692 = ADVANCED_FACE ( 'NONE', ( #1815 ), #446, .F. ) ;
#693 = CARTESIAN_POINT ( 'NONE',  ( -5.556077753235640238, 18.00000000000000000, -7.500000000000000000 ) ) ;
#694 = CARTESIAN_POINT ( 'NONE',  ( 108.2792312192490130, -0.8701360113227760706, 9.900000000000000355 ) ) ;
#695 = VECTOR ( 'NONE', #3086, 1000.000000000000000 ) ;
#696 = DIRECTION ( 'NONE',  ( -7.383753479102818642E-62, -1.000000000000000000, -2.465190328815659976E-32 ) ) ;
#697 = AXIS2_PLACEMENT_3D ( 'NONE', #3104, #3121, #338 ) ;
#698 = FACE_OUTER_BOUND ( 'NONE', #864, .T. ) ;
#699 = AXIS2_PLACEMENT_3D ( 'NONE', #603, #2821, #913 ) ;
#700 = ORIENTED_EDGE ( 'NONE', *, *, #2511, .T. ) ;
#701 = VERTEX_POINT ( 'NONE', #3181 ) ;
#702 = FACE_OUTER_BOUND ( 'NONE', #469, .T. ) ;
#703 = DIRECTION ( 'NONE',  ( -1.000000000000000000, 0.000000000000000000, 0.000000000000000000 ) ) ;
#704 = LINE ( 'NONE', #124, #2623 ) ;
#705 = LINE ( 'NONE', #3424, #2972 ) ;
#706 = DIRECTION ( 'NONE',  ( 1.000000000000000000, 1.734723475976809806E-16, -3.284293275761290010E-47 ) ) ;
#707 = FACE_OUTER_BOUND ( 'NONE', #3586, .T. ) ;
#708 = EDGE_CURVE ( 'NONE', #1095, #1626, #928, .T. ) ;
#709 = ORIENTED_EDGE ( 'NONE', *, *, #1251, .T. ) ;
#710 = CIRCLE ( 'NONE', #2215, 6.000000000000019540 ) ;
#711 = ORIENTED_EDGE ( 'NONE', *, *, #3308, .F. ) ;
#712 = LINE ( 'NONE', #2398, #3041 ) ;
#713 = CARTESIAN_POINT ( 'NONE',  ( -3.330669073875470016E-15, 18.00000000000000000, 1.350000000000000089 ) ) ;
#714 = AXIS2_PLACEMENT_3D ( 'NONE', #1088, #1630, #1107 ) ;
#715 = ADVANCED_FACE ( 'NONE', ( #3478 ), #2916, .T. ) ;
#716 = CARTESIAN_POINT ( 'NONE',  ( 73.79999999999820659, 3.433260614231660401, 13.50000000000000000 ) ) ;
#717 = AXIS2_PLACEMENT_3D ( 'NONE', #1653, #832, #3451 ) ;
#718 = CARTESIAN_POINT ( 'NONE',  ( 92.99999937415138618, 4.500000000000279776, 1.500000000000000000 ) ) ;
#719 = DIRECTION ( 'NONE',  ( -0.8137334712070509735, -0.5812381937186539282, 3.029993329095009146E-47 ) ) ;
#720 = ORIENTED_EDGE ( 'NONE', *, *, #275, .T. ) ;
#721 = ORIENTED_EDGE ( 'NONE', *, *, #1818, .F. ) ;
#722 = VECTOR ( 'NONE', #2631, 1000.000000000000000 ) ;
#723 = LINE ( 'NONE', #1554, #1764 ) ;
#724 = CARTESIAN_POINT ( 'NONE',  ( 50.94403759023950329, -6.000000000000000000, 13.50000000000000000 ) ) ;
#725 = FACE_OUTER_BOUND ( 'NONE', #3600, .T. ) ;
#726 = CIRCLE ( 'NONE', #3222, 1.000000000000000000 ) ;
#727 = CARTESIAN_POINT ( 'NONE',  ( -26.70000000001915197, 6.000000000000000000, 13.50000000000000000 ) ) ;
#728 = DIRECTION ( 'NONE',  ( -1.000000000000000000, 0.000000000000000000, 0.000000000000000000 ) ) ;
#729 = FACE_OUTER_BOUND ( 'NONE', #1410, .T. ) ;
#730 = VERTEX_POINT ( 'NONE', #1543 ) ;
#731 = VERTEX_POINT ( 'NONE', #410 ) ;
#732 = EDGE_CURVE ( 'NONE', #2563, #3102, #2613, .T. ) ;
#733 = DIRECTION ( 'NONE',  ( 0.8660254037844387076, -5.127900497022829744E-15, 0.4999999999999998890 ) ) ;
#734 = DIRECTION ( 'NONE',  ( -0.6614378277661449035, 0.000000000000000000, 0.7500000000000024425 ) ) ;
#735 = EDGE_CURVE ( 'NONE', #506, #3560, #1068, .T. ) ;
#736 = DIRECTION ( 'NONE',  ( 0.000000000000000000, 4.930380657631319405E-32, -1.000000000000000000 ) ) ;
#737 = LINE ( 'NONE', #1845, #2804 ) ;
#738 = ORIENTED_EDGE ( 'NONE', *, *, #1842, .F. ) ;
#739 = CARTESIAN_POINT ( 'NONE',  ( -48.00000000000000000, -9.000000000000000000, -7.500000000000000000 ) ) ;
#740 = CARTESIAN_POINT ( 'NONE',  ( 108.0000000000000000, 9.000000000000000000, -1.199999999999981970 ) ) ;
#741 = DIRECTION ( 'NONE',  ( -6.981082385088409593E-12, -1.000000000000000000, 2.579391217674160165E-58 ) ) ;
#742 = FACE_OUTER_BOUND ( 'NONE', #680, .T. ) ;
#743 = CARTESIAN_POINT ( 'NONE',  ( 1.472018795119770074, -6.000000000000000000, 13.50000000000000000 ) ) ;
#744 = PLANE ( 'NONE',  #1973 ) ;
#745 = ORIENTED_EDGE ( 'NONE', *, *, #2846, .T. ) ;
#746 = ORIENTED_EDGE ( 'NONE', *, *, #1818, .T. ) ;
#747 = DIRECTION ( 'NONE',  ( 7.395570986446990055E-32, -1.000000000000000000, -4.930380657631319405E-32 ) ) ;
#748 = EDGE_CURVE ( 'NONE', #2850, #1123, #539, .T. ) ;
#749 = FACE_OUTER_BOUND ( 'NONE', #1674, .T. ) ;
#750 = AXIS2_PLACEMENT_3D ( 'NONE', #2018, #888, #3162 ) ;
#751 = DIRECTION ( 'NONE',  ( 1.000000000000000000, -7.474910929462109256E-62, -1.842707813206850113E-93 ) ) ;
#752 = ADVANCED_FACE ( 'NONE', ( #671 ), #2056, .F. ) ;
#753 = LINE ( 'NONE', #2966, #3205 ) ;
#754 = VECTOR ( 'NONE', #206, 1000.000000000000000 ) ;
#755 = ORIENTED_EDGE ( 'NONE', *, *, #3040, .T. ) ;
#756 = VERTEX_POINT ( 'NONE', #1559 ) ;
#757 = AXIS2_PLACEMENT_3D ( 'NONE', #2536, #884, #50 ) ;
#758 = FACE_BOUND ( 'NONE', #2529, .T. ) ;
#759 = EDGE_CURVE ( 'NONE', #1734, #3076, #1416, .T. ) ;
#760 = CARTESIAN_POINT ( 'NONE',  ( -1.013119022161208633E-16, 18.00000000000000000, 10.20000000000001350 ) ) ;
#761 = CARTESIAN_POINT ( 'NONE',  ( -39.00000062584880567, -4.500000000000000000, -7.500000000000000000 ) ) ;
#762 = DIRECTION ( 'NONE',  ( -0.6614378277661578931, 0.000000000000000000, 0.7499999999999910072 ) ) ;
#763 = ORIENTED_EDGE ( 'NONE', *, *, #234, .F. ) ;
#764 = ORIENTED_EDGE ( 'NONE', *, *, #2027, .T. ) ;
#765 = CARTESIAN_POINT ( 'NONE',  ( 72.24403759024619376, 6.000000000000000000, 13.50000000000000000 ) ) ;
#766 = CARTESIAN_POINT ( 'NONE',  ( 98.10000000000000853, 6.000000000000000000, 13.50000000000000000 ) ) ;
#767 = DIRECTION ( 'NONE',  ( 0.000000000000000000, -1.000000000000000000, 0.000000000000000000 ) ) ;
#768 = FACE_OUTER_BOUND ( 'NONE', #109, .T. ) ;
#769 = CIRCLE ( 'NONE', #599, 11.40000000000000036 ) ;
#770 = EDGE_LOOP ( 'NONE', ( #2484, #961, #3320 ) ) ;
#771 = ORIENTED_EDGE ( 'NONE', *, *, #3449, .F. ) ;
#772 = EDGE_CURVE ( 'NONE', #1123, #2433, #25, .T. ) ;
#773 = VECTOR ( 'NONE', #2443, 1000.000000000000000 ) ;
#774 = CARTESIAN_POINT ( 'NONE',  ( 52.49999999995599609, -3.433260614196565363, 13.50000000000000000 ) ) ;
#775 = ORIENTED_EDGE ( 'NONE', *, *, #3608, .T. ) ;
#776 = LINE ( 'NONE', #1888, #3571 ) ;
#777 = EDGE_CURVE ( 'NONE', #865, #2682, #1644, .T. ) ;
#778 = DIRECTION ( 'NONE',  ( 1.000000000000000000, 1.027984282060329919E-17, -3.694829935231450289E-47 ) ) ;
#779 = DIRECTION ( 'NONE',  ( -7.383753479102818642E-62, -1.000000000000000000, -2.465190328815659976E-32 ) ) ;
#780 = AXIS2_PLACEMENT_3D ( 'NONE', #2254, #2852, #2504 ) ;
#781 = VERTEX_POINT ( 'NONE', #1597 ) ;
#782 = ORIENTED_EDGE ( 'NONE', *, *, #1987, .T. ) ;
#783 = AXIS2_PLACEMENT_3D ( 'NONE', #962, #1792, #2096 ) ;
#784 = CARTESIAN_POINT ( 'NONE',  ( 57.05596240978479727, -6.000000000000000000, 13.50000000000000000 ) ) ;
#785 = CARTESIAN_POINT ( 'NONE',  ( -9.900000000000000355, -6.000000000000000000, 13.50000000000000000 ) ) ;
#786 = DIRECTION ( 'NONE',  ( -7.395570986446990055E-32, 1.000000000000000000, 4.930380657631318857E-32 ) ) ;
#787 = ORIENTED_EDGE ( 'NONE', *, *, #2752, .F. ) ;
#788 = LINE ( 'NONE', #2401, #830 ) ;
#789 = DIRECTION ( 'NONE',  ( 0.4657464328326229586, 0.8849182223819820337, 0.000000000000000000 ) ) ;
#790 = ORIENTED_EDGE ( 'NONE', *, *, #505, .T. ) ;
#791 = ORIENTED_EDGE ( 'NONE', *, *, #524, .F. ) ;
#792 = CARTESIAN_POINT ( 'NONE',  ( -45.00000000000000000, -6.000000000000000000, 9.900000000000000355 ) ) ;
#793 = DIRECTION ( 'NONE',  ( 0.000000000000000000, 0.000000000000000000, -1.000000000000000000 ) ) ;
#794 = EDGE_CURVE ( 'NONE', #701, #1328, #2186, .T. ) ;
#795 = ORIENTED_EDGE ( 'NONE', *, *, #1913, .F. ) ;
#796 = CARTESIAN_POINT ( 'NONE',  ( 5.332575694955830947, -18.00000000000000000, -5.734714594940487409 ) ) ;
#797 = FACE_OUTER_BOUND ( 'NONE', #1766, .T. ) ;
#798 = CYLINDRICAL_SURFACE ( 'NONE', #3548, 11.40000000000000036 ) ;
#799 = VERTEX_POINT ( 'NONE', #1578 ) ;
#800 = ADVANCED_FACE ( 'NONE', ( #3267 ), #1036, .T. ) ;
#801 = EDGE_LOOP ( 'NONE', ( #287, #1901, #67, #902 ) ) ;
#802 = DIRECTION ( 'NONE',  ( -7.395570986446990055E-32, 1.000000000000000000, 4.930380657631318857E-32 ) ) ;
#803 = FACE_OUTER_BOUND ( 'NONE', #1558, .T. ) ;
#804 = ORIENTED_EDGE ( 'NONE', *, *, #3065, .F. ) ;
#805 = ADVANCED_FACE ( 'NONE', ( #2423 ), #1631, .F. ) ;
#806 = DIRECTION ( 'NONE',  ( 0.8712476277465551755, -0.4908437339377980657, 0.000000000000000000 ) ) ;
#807 = VERTEX_POINT ( 'NONE', #760 ) ;
#808 = AXIS2_PLACEMENT_3D ( 'NONE', #2528, #3575, #3313 ) ;
#809 = VERTEX_POINT ( 'NONE', #1072 ) ;
#810 = DIRECTION ( 'NONE',  ( -1.000000000000000000, 0.000000000000000000, 0.000000000000000000 ) ) ;
#811 = VECTOR ( 'NONE', #356, 1000.000000000000000 ) ;
#812 = CARTESIAN_POINT ( 'NONE',  ( 92.99999937415138618, -4.499999999999724665, -7.500000000000000000 ) ) ;
#813 = AXIS2_PLACEMENT_3D ( 'NONE', #1150, #86, #68 ) ;
#814 = CARTESIAN_POINT ( 'NONE',  ( 9.501052573267859458, 9.000000000000000000, -7.500000000000000000 ) ) ;
#815 = DIRECTION ( 'NONE',  ( 1.000000000000000000, 3.469446951953609258E-17, -4.652748807328490291E-47 ) ) ;
#816 = CARTESIAN_POINT ( 'NONE',  ( 11.69809063813757888, 19.55373057560350247, 13.50000000000000000 ) ) ;
#817 = EDGE_LOOP ( 'NONE', ( #1661, #1883, #1527 ) ) ;
#818 = VERTEX_POINT ( 'NONE', #3029 ) ;
#819 = CARTESIAN_POINT ( 'NONE',  ( 117.0000000000000000, 4.259727977354450523, 13.50000000000000000 ) ) ;
#820 = CARTESIAN_POINT ( 'NONE',  ( 114.0000000000000000, -18.00000000000000000, -1.199999999999987299 ) ) ;
#821 = EDGE_CURVE ( 'NONE', #2641, #1221, #173, .T. ) ;
#822 = ORIENTED_EDGE ( 'NONE', *, *, #2171, .T. ) ;
#823 = FACE_OUTER_BOUND ( 'NONE', #876, .T. ) ;
#824 = LINE ( 'NONE', #3022, #3397 ) ;
#825 = EDGE_CURVE ( 'NONE', #2677, #1215, #2390, .T. ) ;
#826 = CARTESIAN_POINT ( 'NONE',  ( -45.00000000000000000, -6.000000000000000000, 9.900000000000000355 ) ) ;
#827 = ORIENTED_EDGE ( 'NONE', *, *, #1539, .T. ) ;
#828 = ORIENTED_EDGE ( 'NONE', *, *, #825, .F. ) ;
#829 = DIRECTION ( 'NONE',  ( 0.000000000000000000, 0.000000000000000000, -1.000000000000000000 ) ) ;
#830 = VECTOR ( 'NONE', #1082, 1000.000000000000000 ) ;
#831 = AXIS2_PLACEMENT_3D ( 'NONE', #1524, #982, #3168 ) ;
#832 = DIRECTION ( 'NONE',  ( 0.000000000000000000, -1.000000000000000000, 0.000000000000000000 ) ) ;
#833 = CARTESIAN_POINT ( 'NONE',  ( 50.94403759023950329, -6.000000000000000000, 13.50000000000000000 ) ) ;
#834 = CARTESIAN_POINT ( 'NONE',  ( -11.28047448910842121, 4.242019950563610031, 9.900000000000000355 ) ) ;
#835 = VERTEX_POINT ( 'NONE', #3533 ) ;
#836 = AXIS2_PLACEMENT_3D ( 'NONE', #2788, #789, #1372 ) ;
#837 = ORIENTED_EDGE ( 'NONE', *, *, #2553, .F. ) ;
#838 = DIRECTION ( 'NONE',  ( 0.8137334712064197006, -0.5812381937195377768, -3.006606788713278375E-47 ) ) ;
#839 = VECTOR ( 'NONE', #127, 1000.000000000000227 ) ;
#840 = FACE_OUTER_BOUND ( 'NONE', #1780, .T. ) ;
#841 = FACE_BOUND ( 'NONE', #1190, .T. ) ;
#842 = ORIENTED_EDGE ( 'NONE', *, *, #456, .T. ) ;
#843 = AXIS2_PLACEMENT_3D ( 'NONE', #713, #3257, #2963 ) ;
#844 = EDGE_CURVE ( 'NONE', #3386, #889, #776, .T. ) ;
#845 = CARTESIAN_POINT ( 'NONE',  ( -26.70000000002750085, -3.085216014206189961, 13.50000000000000000 ) ) ;
#846 = CARTESIAN_POINT ( 'NONE',  ( -6.040988840615040267, -17.54757816923364899, 13.50000000000000000 ) ) ;
#847 = EDGE_LOOP ( 'NONE', ( #156, #3416, #669 ) ) ;
#848 = EDGE_CURVE ( 'NONE', #2274, #468, #1867, .T. ) ;
#849 = ORIENTED_EDGE ( 'NONE', *, *, #399, .F. ) ;
#850 = LINE ( 'NONE', #613, #1283 ) ;
#851 = LINE ( 'NONE', #1961, #1709 ) ;
#852 = EDGE_CURVE ( 'NONE', #1215, #3116, #2993, .T. ) ;
#853 = LINE ( 'NONE', #1755, #1710 ) ;
#854 = CARTESIAN_POINT ( 'NONE',  ( 76.79999999999820659, 3.433260614214745043, 13.50000000000000000 ) ) ;
#855 = DIRECTION ( 'NONE',  ( -1.000000000000000000, 0.000000000000000000, 0.000000000000000000 ) ) ;
#856 = ORIENTED_EDGE ( 'NONE', *, *, #3096, .F. ) ;
#857 = ORIENTED_EDGE ( 'NONE', *, *, #3564, .F. ) ;
#858 = CARTESIAN_POINT ( 'NONE',  ( 76.79999999999820659, 1.500000000000079936, 13.50000000000000000 ) ) ;
#859 = CARTESIAN_POINT ( 'NONE',  ( 14.45596240978277969, -6.000000000000000000, 9.900000000000000355 ) ) ;
#860 = FACE_BOUND ( 'NONE', #1349, .T. ) ;
#861 = ORIENTED_EDGE ( 'NONE', *, *, #2196, .F. ) ;
#862 = LINE ( 'NONE', #2275, #247 ) ;
#863 = DIRECTION ( 'NONE',  ( 0.8712476277449610063, 0.4908437339406279687, 0.000000000000000000 ) ) ;
#864 = EDGE_LOOP ( 'NONE', ( #1483, #1665, #3126, #1206 ) ) ;
#865 = VERTEX_POINT ( 'NONE', #814 ) ;
#866 = LINE ( 'NONE', #1740, #933 ) ;
#867 = ADVANCED_FACE ( 'NONE', ( #497 ), #1342, .F. ) ;
#868 = CIRCLE ( 'NONE', #1278, 6.000000000000019540 ) ;
#869 = VERTEX_POINT ( 'NONE', #243 ) ;
#870 = VECTOR ( 'NONE', #2350, 1000.000000000000114 ) ;
#871 = DIRECTION ( 'NONE',  ( 0.000000000000000000, 0.000000000000000000, -1.000000000000000000 ) ) ;
#872 = DIRECTION ( 'NONE',  ( 1.000000000000000000, -6.981082385088409593E-12, 0.000000000000000000 ) ) ;
#873 = EDGE_CURVE ( 'NONE', #2677, #1791, #2170, .T. ) ;
#874 = ORIENTED_EDGE ( 'NONE', *, *, #1360, .F. ) ;
#875 = CIRCLE ( 'NONE', #1047, 8.099999999999999645 ) ;
#876 = EDGE_LOOP ( 'NONE', ( #763, #2182, #964, #308 ) ) ;
#877 = FACE_OUTER_BOUND ( 'NONE', #2715, .T. ) ;
#878 = PLANE ( 'NONE',  #3279 ) ;
#879 = FACE_OUTER_BOUND ( 'NONE', #2019, .T. ) ;
#880 = DIRECTION ( 'NONE',  ( -1.000000000000000000, -6.842277657836019882E-47, 0.000000000000000000 ) ) ;
#881 = LINE ( 'NONE', #297, #1523 ) ;
#882 = ORIENTED_EDGE ( 'NONE', *, *, #317, .T. ) ;
#883 = EDGE_LOOP ( 'NONE', ( #3087, #2305, #2525 ) ) ;
#884 = DIRECTION ( 'NONE',  ( -7.395570986446990055E-32, 1.000000000000000000, 4.930380657631318857E-32 ) ) ;
#885 = EDGE_CURVE ( 'NONE', #114, #2534, #2117, .T. ) ;
#886 = VECTOR ( 'NONE', #2271, 1000.000000000000000 ) ;
#887 = DIRECTION ( 'NONE',  ( 0.000000000000000000, -1.000000000000000000, 0.000000000000000000 ) ) ;
#888 = DIRECTION ( 'NONE',  ( -0.4908437339418451617, 0.8712476277442752215, 0.000000000000000000 ) ) ;
#889 = VERTEX_POINT ( 'NONE', #3587 ) ;
#890 = AXIS2_PLACEMENT_3D ( 'NONE', #2149, #207, #518 ) ;
#891 = ORIENTED_EDGE ( 'NONE', *, *, #3243, .T. ) ;
#892 = EDGE_CURVE ( 'NONE', #1776, #2351, #1091, .T. ) ;
#893 = CARTESIAN_POINT ( 'NONE',  ( 52.50000000002179945, 6.000000000000000000, 13.50000000000000000 ) ) ;
#894 = DIRECTION ( 'NONE',  ( 0.000000000000000000, 0.000000000000000000, -1.000000000000000000 ) ) ;
#895 = DIRECTION ( 'NONE',  ( -4.102085266168244934E-63, 1.000000000000000000, -1.110223024625159992E-16 ) ) ;
#896 = CIRCLE ( 'NONE', #1999, 11.40000000000000746 ) ;
#897 = VERTEX_POINT ( 'NONE', #540 ) ;
#898 = CYLINDRICAL_SURFACE ( 'NONE', #1877, 1.000000000000000000 ) ;
#899 = CYLINDRICAL_SURFACE ( 'NONE', #2003, 8.099999999999999645 ) ;
#900 = AXIS2_PLACEMENT_3D ( 'NONE', #3198, #984, #2057 ) ;
#901 = CARTESIAN_POINT ( 'NONE',  ( -13.98069758012417907, 6.000000000000000000, 13.50000000000000000 ) ) ;
#902 = ORIENTED_EDGE ( 'NONE', *, *, #2297, .F. ) ;
#903 = ORIENTED_EDGE ( 'NONE', *, *, #1010, .F. ) ;
#904 = DIRECTION ( 'NONE',  ( -2.220446049250309876E-16, 1.000000000000000000, 5.468348304142549928E-47 ) ) ;
#905 = DIRECTION ( 'NONE',  ( 1.000000000000000000, 1.734723475976809806E-16, 4.276423536147509995E-48 ) ) ;
#906 = CARTESIAN_POINT ( 'NONE',  ( 52.50000000002179945, 6.000000000000000000, 13.50000000000000000 ) ) ;
#907 = CARTESIAN_POINT ( 'NONE',  ( 108.0000000000000000, -9.000000000000000000, 10.20000000000001883 ) ) ;
#908 = ADVANCED_FACE ( 'NONE', ( #742 ), #1851, .F. ) ;
#909 = ORIENTED_EDGE ( 'NONE', *, *, #2884, .T. ) ;
#910 = ORIENTED_EDGE ( 'NONE', *, *, #1144, .F. ) ;
#911 = PLANE ( 'NONE',  #1587 ) ;
#912 = LINE ( 'NONE', #2527, #485 ) ;
#913 = DIRECTION ( 'NONE',  ( -0.8712476277441552064, 0.4908437339420581025, 0.000000000000000000 ) ) ;
#914 = EDGE_CURVE ( 'NONE', #3467, #1464, #2808, .T. ) ;
#915 = EDGE_LOOP ( 'NONE', ( #2371, #2895, #1198, #1254 ) ) ;
#916 = DIRECTION ( 'NONE',  ( -7.383753479102818642E-62, -1.000000000000000000, -2.465190328815659976E-32 ) ) ;
#917 = EDGE_CURVE ( 'NONE', #229, #3326, #1691, .T. ) ;
#918 = VERTEX_POINT ( 'NONE', #3434 ) ;
#919 = DIRECTION ( 'NONE',  ( -7.395570986446990055E-32, 1.000000000000000000, 4.930380657631318857E-32 ) ) ;
#920 = CARTESIAN_POINT ( 'NONE',  ( 9.501052573267859458, 18.00000000000000000, -7.500000000000000000 ) ) ;
#921 = ORIENTED_EDGE ( 'NONE', *, *, #3225, .F. ) ;
#922 = DIRECTION ( 'NONE',  ( 0.000000000000000000, 0.000000000000000000, -1.000000000000000000 ) ) ;
#923 = CARTESIAN_POINT ( 'NONE',  ( 114.0000000000000000, 18.00000000000000000, -1.199999999999987299 ) ) ;
#924 = VERTEX_POINT ( 'NONE', #937 ) ;
#925 = ORIENTED_EDGE ( 'NONE', *, *, #3115, .T. ) ;
#926 = CIRCLE ( 'NONE', #691, 6.000000000000019540 ) ;
#927 = DIRECTION ( 'NONE',  ( -1.000000000000000000, 0.000000000000000000, 0.000000000000000000 ) ) ;
#928 = LINE ( 'NONE', #110, #80 ) ;
#929 = LINE ( 'NONE', #653, #722 ) ;
#930 = CARTESIAN_POINT ( 'NONE',  ( 73.79999999999820659, -6.000000000000000000, 9.900000000000000355 ) ) ;
#931 = VECTOR ( 'NONE', #829, 1000.000000000000000 ) ;
#932 = ADVANCED_FACE ( 'NONE', ( #2248 ), #661, .T. ) ;
#933 = VECTOR ( 'NONE', #103, 1000.000000000000000 ) ;
#934 = LINE ( 'NONE', #3078, #2919 ) ;
#935 = LINE ( 'NONE', #659, #2806 ) ;
#936 = EDGE_CURVE ( 'NONE', #2833, #2183, #263, .T. ) ;
#937 = CARTESIAN_POINT ( 'NONE',  ( -45.00000000000000000, -6.000000000000000000, 9.900000000000000355 ) ) ;
#938 = DIRECTION ( 'NONE',  ( 7.395570986446990055E-32, -1.000000000000000000, -4.930380657631319405E-32 ) ) ;
#939 = EDGE_LOOP ( 'NONE', ( #2326, #827, #790, #2033 ) ) ;
#940 = EDGE_LOOP ( 'NONE', ( #2469, #92, #2809, #903 ) ) ;
#941 = ADVANCED_FACE ( 'NONE', ( #3347 ), #1379, .F. ) ;
#942 = CARTESIAN_POINT ( 'NONE',  ( -63.60000000000000142, -8.099999999999990763, 5.522026336546978066E-31 ) ) ;
#943 = LINE ( 'NONE', #377, #3489 ) ;
#944 = ORIENTED_EDGE ( 'NONE', *, *, #3177, .T. ) ;
#945 = ORIENTED_EDGE ( 'NONE', *, *, #1720, .T. ) ;
#946 = CIRCLE ( 'NONE', #2971, 0.9999999999999870104 ) ;
#947 = DIRECTION ( 'NONE',  ( 0.000000000000000000, -1.000000000000000000, 0.000000000000000000 ) ) ;
#948 = DIRECTION ( 'NONE',  ( -1.000000000000000000, 7.474910929462109256E-62, -2.001489212077899560E-33 ) ) ;
#949 = CARTESIAN_POINT ( 'NONE',  ( 108.0000000000000000, -9.000000000000000000, -1.199999999999981970 ) ) ;
#950 = ORIENTED_EDGE ( 'NONE', *, *, #1314, .T. ) ;
#951 = AXIS2_PLACEMENT_3D ( 'NONE', #967, #3443, #652 ) ;
#952 = AXIS2_PLACEMENT_3D ( 'NONE', #2110, #2094, #2381 ) ;
#953 = DIRECTION ( 'NONE',  ( 0.000000000000000000, -1.000000000000000000, 0.000000000000000000 ) ) ;
#954 = EDGE_CURVE ( 'NONE', #1322, #1538, #576, .T. ) ;
#955 = VECTOR ( 'NONE', #131, 1000.000000000000000 ) ;
#956 = DIRECTION ( 'NONE',  ( 1.000000000000000000, 1.027984282060329919E-17, -3.694829935231450289E-47 ) ) ;
#957 = AXIS2_PLACEMENT_3D ( 'NONE', #1718, #1749, #3410 ) ;
#958 = EDGE_CURVE ( 'NONE', #449, #1537, #2313, .T. ) ;
#959 = VERTEX_POINT ( 'NONE', #3067 ) ;
#960 = VECTOR ( 'NONE', #734, 1000.000000000000000 ) ;
#961 = ORIENTED_EDGE ( 'NONE', *, *, #1186, .T. ) ;
#962 = CARTESIAN_POINT ( 'NONE',  ( 107.9999999999999858, -18.00000000000000000, -1.199999999999987965 ) ) ;
#963 = DIRECTION ( 'NONE',  ( -0.4472135954999562069, 0.4472135954999581497, 0.7745966692414841814 ) ) ;
#964 = ORIENTED_EDGE ( 'NONE', *, *, #1063, .T. ) ;
#965 = ADVANCED_FACE ( 'NONE', ( #2776 ), #2604, .F. ) ;
#966 = ORIENTED_EDGE ( 'NONE', *, *, #1928, .F. ) ;
#967 = CARTESIAN_POINT ( 'NONE',  ( 55.49999999995510080, -3.433260614240600361, 13.50000000000000000 ) ) ;
#968 = LINE ( 'NONE', #1225, #1366 ) ;
#969 = CARTESIAN_POINT ( 'NONE',  ( 48.02324952753879472, -36.31483112409324576, 13.50000000000000000 ) ) ;
#970 = VERTEX_POINT ( 'NONE', #1962 ) ;
#971 =( NAMED_UNIT ( * ) SI_UNIT ( $, .STERADIAN. ) SOLID_ANGLE_UNIT ( ) );
#972 = DIRECTION ( 'NONE',  ( -3.469446951953609258E-17, 1.000000000000000000, 0.000000000000000000 ) ) ;
#973 = LINE ( 'NONE', #2605, #292 ) ;
#974 = ORIENTED_EDGE ( 'NONE', *, *, #2824, .F. ) ;
#975 = ORIENTED_EDGE ( 'NONE', *, *, #24, .T. ) ;
#976 = EDGE_CURVE ( 'NONE', #572, #2194, #2063, .T. ) ;
#977 = DIRECTION ( 'NONE',  ( 1.000000000000000000, -1.903239489997469958E-15, 0.000000000000000000 ) ) ;
#978 = CARTESIAN_POINT ( 'NONE',  ( -45.00000000000000000, 6.000000000000000000, 9.900000000000000355 ) ) ;
#979 = ORIENTED_EDGE ( 'NONE', *, *, #1796, .F. ) ;
#980 = ORIENTED_EDGE ( 'NONE', *, *, #3136, .T. ) ;
#981 = CARTESIAN_POINT ( 'NONE',  ( 78.35596240976701665, 6.000000000000000000, 13.50000000000000000 ) ) ;
#982 = DIRECTION ( 'NONE',  ( 7.395570986446990055E-32, -1.000000000000000000, -4.930380657631319405E-32 ) ) ;
#983 = ADVANCED_FACE ( 'NONE', ( #1108 ), #2760, .T. ) ;
#984 = DIRECTION ( 'NONE',  ( -0.4657464328342027504, -0.8849182223811506987, 0.000000000000000000 ) ) ;
#985 = CARTESIAN_POINT ( 'NONE',  ( 76.79999999999820659, -6.000000000000000000, 13.50000000000000000 ) ) ;
#986 = ORIENTED_EDGE ( 'NONE', *, *, #1292, .T. ) ;
#987 = VECTOR ( 'NONE', #3466, 1000.000000000000000 ) ;
#988 = ORIENTED_EDGE ( 'NONE', *, *, #1940, .F. ) ;
#989 = PLANE ( 'NONE',  #2573 ) ;
#990 = LINE ( 'NONE', #437, #3370 ) ;
#991 = AXIS2_PLACEMENT_3D ( 'NONE', #740, #2627, #3532 ) ;
#992 = PLANE ( 'NONE',  #302 ) ;
#993 =( GEOMETRIC_REPRESENTATION_CONTEXT ( 3 ) GLOBAL_UNCERTAINTY_ASSIGNED_CONTEXT ( ( #1137 ) ) GLOBAL_UNIT_ASSIGNED_CONTEXT ( ( #440, #1285, #1536 ) ) REPRESENTATION_CONTEXT ( 'NONE', 'WORKASPACE' ) );
#994 = DIRECTION ( 'NONE',  ( 0.000000000000000000, 0.000000000000000000, -1.000000000000000000 ) ) ;
#995 = AXIS2_PLACEMENT_3D ( 'NONE', #694, #3556, #1059 ) ;
#996 = ORIENTED_EDGE ( 'NONE', *, *, #2879, .F. ) ;
#997 = ORIENTED_EDGE ( 'NONE', *, *, #2400, .T. ) ;
#998 = DIRECTION ( 'NONE',  ( -7.395570986446990055E-32, 1.000000000000000000, 4.930380657631319405E-32 ) ) ;
#999 = CARTESIAN_POINT ( 'NONE',  ( -48.00000000000000000, -9.000000000000000000, -7.500000000000000000 ) ) ;
#1000 = EDGE_CURVE ( 'NONE', #2495, #970, #387, .T. ) ;
#1001 = DIRECTION ( 'NONE',  ( 1.000000000000000000, 0.000000000000000000, 0.000000000000000000 ) ) ;
#1002 = DIRECTION ( 'NONE',  ( 0.4908437339404578825, -0.8712476277450568185, 0.000000000000000000 ) ) ;
#1003 = CARTESIAN_POINT ( 'NONE',  ( 52.49999999995599609, -3.433260614196565363, 13.50000000000000000 ) ) ;
#1004 = ORIENTED_EDGE ( 'NONE', *, *, #2244, .F. ) ;
#1005 = EDGE_CURVE ( 'NONE', #869, #1237, #853, .T. ) ;
#1006 = ORIENTED_EDGE ( 'NONE', *, *, #2714, .F. ) ;
#1007 = DIRECTION ( 'NONE',  ( 0.000000000000000000, 0.000000000000000000, -1.000000000000000000 ) ) ;
#1008 = CARTESIAN_POINT ( 'NONE',  ( 9.501052573267859458, -18.00000000000000000, -7.500000000000000000 ) ) ;
#1009 = AXIS2_PLACEMENT_3D ( 'NONE', #1061, #2697, #1621 ) ;
#1010 = EDGE_CURVE ( 'NONE', #2682, #3016, #1248, .T. ) ;
#1011 = AXIS2_PLACEMENT_3D ( 'NONE', #482, #3567, #1020 ) ;
#1012 = CARTESIAN_POINT ( 'NONE',  ( -26.70000000001915197, 6.000000000000000000, 13.50000000000000000 ) ) ;
#1013 = VECTOR ( 'NONE', #1616, 1000.000000000000000 ) ;
#1014 = CARTESIAN_POINT ( 'NONE',  ( 12.90000000000000036, 6.000000000000000000, 13.50000000000000000 ) ) ;
#1015 = VECTOR ( 'NONE', #310, 1000.000000000000000 ) ;
#1016 = LINE ( 'NONE', #2679, #2522 ) ;
#1017 = DIRECTION ( 'NONE',  ( 0.000000000000000000, 2.465190328815659976E-32, -1.000000000000000000 ) ) ;
#1018 = EDGE_LOOP ( 'NONE', ( #406, #1600, #1473, #1440 ) ) ;
#1019 = VECTOR ( 'NONE', #2637, 1000.000000000000000 ) ;
#1020 = DIRECTION ( 'NONE',  ( 0.000000000000000000, 0.000000000000000000, -1.000000000000000000 ) ) ;
#1021 = CARTESIAN_POINT ( 'NONE',  ( -48.00000000000000000, 18.00000000000000000, -7.500000000000000000 ) ) ;
#1022 = CARTESIAN_POINT ( 'NONE',  ( 86.72798120488380391, 1.283369692875959922, 9.900000000000000355 ) ) ;
#1023 = ADVANCED_FACE ( 'NONE', ( #1500 ), #3050, .F. ) ;
#1024 = ORIENTED_EDGE ( 'NONE', *, *, #2953, .T. ) ;
#1025 = ORIENTED_EDGE ( 'NONE', *, *, #2884, .F. ) ;
#1026 = PRESENTATION_STYLE_ASSIGNMENT (( #1822 ) ) ;
#1027 = CARTESIAN_POINT ( 'NONE',  ( 22.82798120489644944, -1.283369692895567793, 9.900000000000000355 ) ) ;
#1028 = EDGE_CURVE ( 'NONE', #47, #564, #1234, .T. ) ;
#1029 = DIRECTION ( 'NONE',  ( 0.000000000000000000, -1.000000000000000000, -2.465190328815659702E-32 ) ) ;
#1030 = ADVANCED_FACE ( 'NONE', ( #3174 ), #280, .T. ) ;
#1031 = CARTESIAN_POINT ( 'NONE',  ( 12.89999999999898073, -6.000000000000000000, 13.50000000000000000 ) ) ;
#1032 = ORIENTED_EDGE ( 'NONE', *, *, #138, .T. ) ;
#1033 = VERTEX_POINT ( 'NONE', #3244 ) ;
#1034 = LINE ( 'NONE', #2129, #2894 ) ;
#1035 = ORIENTED_EDGE ( 'NONE', *, *, #3368, .F. ) ;
#1036 = CYLINDRICAL_SURFACE ( 'NONE', #1130, 1.000000000000000000 ) ;
#1037 = CARTESIAN_POINT ( 'NONE',  ( 117.0000000000000000, 6.000000000000000000, 9.900000000000000355 ) ) ;
#1038 = FACE_OUTER_BOUND ( 'NONE', #2755, .T. ) ;
#1039 = ORIENTED_EDGE ( 'NONE', *, *, #201, .T. ) ;
#1040 = EDGE_LOOP ( 'NONE', ( #1420, #363, #1374, #120 ) ) ;
#1041 = CARTESIAN_POINT ( 'NONE',  ( 4.582575694955828283, -18.00000000000000000, -6.396152422706633089 ) ) ;
#1042 = CARTESIAN_POINT ( 'NONE',  ( 114.0415375615025937, 6.000000000000000000, 9.900000000000000355 ) ) ;
#1043 = ADVANCED_FACE ( 'NONE', ( #404 ), #2655, .F. ) ;
#1044 = CIRCLE ( 'NONE', #116, 6.000000000000002665 ) ;
#1045 = CARTESIAN_POINT ( 'NONE',  ( 35.75596240978855178, 6.000000000000000000, 13.50000000000000000 ) ) ;
#1046 = DIRECTION ( 'NONE',  ( 0.000000000000000000, 0.000000000000000000, 1.000000000000000000 ) ) ;
#1047 = AXIS2_PLACEMENT_3D ( 'NONE', #2517, #1708, #1979 ) ;
#1048 = ORIENTED_EDGE ( 'NONE', *, *, #3527, .T. ) ;
#1049 = EDGE_CURVE ( 'NONE', #756, #9, #896, .T. ) ;
#1050 = ORIENTED_EDGE ( 'NONE', *, *, #674, .T. ) ;
#1051 = CARTESIAN_POINT ( 'NONE',  ( -30.78069758012999912, -6.000000000000000000, 13.50000000000000000 ) ) ;
#1052 = EDGE_CURVE ( 'NONE', #2316, #2850, #2403, .T. ) ;
#1053 = CARTESIAN_POINT ( 'NONE',  ( -26.70000000002750085, -3.085216014206189961, 13.50000000000000000 ) ) ;
#1054 = FACE_OUTER_BOUND ( 'NONE', #1984, .T. ) ;
#1055 = DIRECTION ( 'NONE',  ( 0.000000000000000000, 0.000000000000000000, 1.000000000000000000 ) ) ;
#1056 = ORIENTED_EDGE ( 'NONE', *, *, #2268, .T. ) ;
#1057 = ORIENTED_EDGE ( 'NONE', *, *, #936, .T. ) ;
#1058 = CARTESIAN_POINT ( 'NONE',  ( -26.70000000002195151, 2.957391992887190124, 13.50000000000000000 ) ) ;
#1059 = DIRECTION ( 'NONE',  ( 0.000000000000000000, -1.000000000000000000, 0.000000000000000000 ) ) ;
#1060 = EDGE_LOOP ( 'NONE', ( #2494, #3278, #2764, #2646 ) ) ;
#1061 = CARTESIAN_POINT ( 'NONE',  ( -5.556077753235640238, -18.00000000000000000, -7.500000000000000000 ) ) ;
#1062 = CARTESIAN_POINT ( 'NONE',  ( -27.00000062584879856, -8.326672684688699691E-16, 7.500000000000000000 ) ) ;
#1063 = EDGE_CURVE ( 'NONE', #2607, #3125, #3210, .T. ) ;
#1064 = DIRECTION ( 'NONE',  ( -1.027984282060329919E-17, 1.000000000000000000, 0.000000000000000000 ) ) ;
#1065 = CONICAL_SURFACE ( 'NONE', #1351, 6.899999999999999467, 0.7853981633974476129 ) ;
#1066 = ORIENTED_EDGE ( 'NONE', *, *, #1723, .F. ) ;
#1067 = ORIENTED_EDGE ( 'NONE', *, *, #708, .F. ) ;
#1068 = CIRCLE ( 'NONE', #831, 6.000000000000019540 ) ;
#1069 = LINE ( 'NONE', #1648, #3609 ) ;
#1070 = ADVANCED_FACE ( 'NONE', ( #698 ), #2639, .F. ) ;
#1071 = AXIS2_PLACEMENT_3D ( 'NONE', #785, #269, #503 ) ;
#1072 = CARTESIAN_POINT ( 'NONE',  ( 76.79999999999820659, -6.000000000000000000, 13.50000000000000000 ) ) ;
#1073 = CARTESIAN_POINT ( 'NONE',  ( -3.330669073875470016E-15, -9.000000000000000000, -1.199999999999987965 ) ) ;
#1074 = PLANE ( 'NONE',  #2083 ) ;
#1075 = EDGE_CURVE ( 'NONE', #2208, #2677, #1589, .T. ) ;
#1076 = CIRCLE ( 'NONE', #3578, 1.000000000000000000 ) ;
#1077 = VERTEX_POINT ( 'NONE', #2621 ) ;
#1078 = VERTEX_POINT ( 'NONE', #3506 ) ;
#1079 = CYLINDRICAL_SURFACE ( 'NONE', #3514, 8.099999999999999645 ) ;
#1080 = CARTESIAN_POINT ( 'NONE',  ( -5.332575694955830947, -18.00000000000000000, -5.734714594940487409 ) ) ;
#1081 = VERTEX_POINT ( 'NONE', #1304 ) ;
#1082 = DIRECTION ( 'NONE',  ( 1.000000000000000000, 0.000000000000000000, 0.000000000000000000 ) ) ;
#1083 = DIRECTION ( 'NONE',  ( 0.000000000000000000, -1.000000000000000000, 0.000000000000000000 ) ) ;
#1084 = PLANE ( 'NONE',  #14 ) ;
#1085 = EDGE_LOOP ( 'NONE', ( #3130, #1447, #1057 ) ) ;
#1086 = ORIENTED_EDGE ( 'NONE', *, *, #1928, .T. ) ;
#1087 = CARTESIAN_POINT ( 'NONE',  ( 117.0000000000000000, 4.259727977354445194, 13.50000000000000000 ) ) ;
#1088 = CARTESIAN_POINT ( 'NONE',  ( -13.98069758012417907, 6.000000000000000000, 13.50000000000000000 ) ) ;
#1089 = ORIENTED_EDGE ( 'NONE', *, *, #88, .F. ) ;
#1090 = EDGE_CURVE ( 'NONE', #2277, #2066, #2571, .T. ) ;
#1091 = LINE ( 'NONE', #3235, #186 ) ;
#1092 = CARTESIAN_POINT ( 'NONE',  ( 92.99999937415138618, 1.035898384862525834, 7.500000000000000000 ) ) ;
#1093 = CARTESIAN_POINT ( 'NONE',  ( 68.99999937415140039, 4.500000000000279776, 1.500000000000000000 ) ) ;
#1094 = VERTEX_POINT ( 'NONE', #1012 ) ;
#1095 = VERTEX_POINT ( 'NONE', #2673 ) ;
#1096 = ADVANCED_FACE ( 'NONE', ( #3206 ), #3226, .T. ) ;
#1097 = PLANE ( 'NONE',  #3519 ) ;
#1098 = DIRECTION ( 'NONE',  ( -4.102085266168244934E-63, -1.000000000000000000, -1.110223024625159992E-16 ) ) ;
#1099 = VERTEX_POINT ( 'NONE', #2964 ) ;
#1100 = FACE_OUTER_BOUND ( 'NONE', #1437, .T. ) ;
#1101 = LINE ( 'NONE', #826, #1124 ) ;
#1102 = EDGE_LOOP ( 'NONE', ( #2290, #651, #1182, #3350 ) ) ;
#1103 = VECTOR ( 'NONE', #1733, 999.9999999999998863 ) ;
#1104 = ORIENTED_EDGE ( 'NONE', *, *, #2400, .F. ) ;
#1105 = CARTESIAN_POINT ( 'NONE',  ( 5.332575694955830947, 18.00000000000000000, -5.734714594940487409 ) ) ;
#1106 = VECTOR ( 'NONE', #2384, 1000.000000000000000 ) ;
#1107 = DIRECTION ( 'NONE',  ( 0.000000000000000000, 0.000000000000000000, -1.000000000000000000 ) ) ;
#1108 = FACE_OUTER_BOUND ( 'NONE', #510, .T. ) ;
#1109 = FACE_OUTER_BOUND ( 'NONE', #3101, .T. ) ;
#1110 = LINE ( 'NONE', #3031, #2091 ) ;
#1111 = EDGE_CURVE ( 'NONE', #3531, #2670, #1843, .T. ) ;
#1112 = ORIENTED_EDGE ( 'NONE', *, *, #2662, .F. ) ;
#1113 = VERTEX_POINT ( 'NONE', #2699 ) ;
#1114 = CARTESIAN_POINT ( 'NONE',  ( 98.10000000000000853, 2.811312481911005356, 13.50000000000000000 ) ) ;
#1115 = CARTESIAN_POINT ( 'NONE',  ( 4.582575694955828283, -18.00000000000000000, -6.396152422706633089 ) ) ;
#1116 = DIRECTION ( 'NONE',  ( 0.000000000000000000, 0.000000000000000000, -1.000000000000000000 ) ) ;
#1117 = PLANE ( 'NONE',  #1915 ) ;
#1118 = EDGE_CURVE ( 'NONE', #809, #3428, #1320, .T. ) ;
#1119 = ORIENTED_EDGE ( 'NONE', *, *, #1646, .T. ) ;
#1120 = DIRECTION ( 'NONE',  ( -0.8849182223811503656, 0.4657464328342031390, 0.000000000000000000 ) ) ;
#1121 = EDGE_CURVE ( 'NONE', #2967, #543, #1568, .T. ) ;
#1122 = CARTESIAN_POINT ( 'NONE',  ( -15.00000062584870086, 4.500000000000000000, -7.500000000000000000 ) ) ;
#1123 = VERTEX_POINT ( 'NONE', #439 ) ;
#1124 = VECTOR ( 'NONE', #1162, 1000.000000000000000 ) ;
#1125 = ORIENTED_EDGE ( 'NONE', *, *, #113, .F. ) ;
#1126 = FACE_OUTER_BOUND ( 'NONE', #1909, .T. ) ;
#1127 = VECTOR ( 'NONE', #1223, 1000.000000000000000 ) ;
#1128 = CARTESIAN_POINT ( 'NONE',  ( 108.0000000000000000, -9.000000000000000000, -1.199999999999981970 ) ) ;
#1129 = VERTEX_POINT ( 'NONE', #1045 ) ;
#1130 = AXIS2_PLACEMENT_3D ( 'NONE', #796, #1611, #1325 ) ;
#1131 = DIRECTION ( 'NONE',  ( 2.537652632417799951E-15, -1.000000000000000000, 0.000000000000000000 ) ) ;
#1132 = DIRECTION ( 'NONE',  ( 0.8849182223819820337, -0.4657464328326229586, 0.000000000000000000 ) ) ;
#1133 = DIRECTION ( 'NONE',  ( -1.000000000000000000, -6.842277657836019882E-47, 3.694829935231450289E-47 ) ) ;
#1134 = ORIENTED_EDGE ( 'NONE', *, *, #2352, .F. ) ;
#1135 = CIRCLE ( 'NONE', #2862, 11.40000000000000746 ) ;
#1136 = ORIENTED_EDGE ( 'NONE', *, *, #1624, .F. ) ;
#1137 = UNCERTAINTY_MEASURE_WITH_UNIT (LENGTH_MEASURE( 1.000000000000000082E-05 ), #440, 'distance_accuracy_value', 'NONE');
#1138 = CARTESIAN_POINT ( 'NONE',  ( 95.10000000000000853, -3.433260614248080600, 9.900000000000000355 ) ) ;
#1139 = VECTOR ( 'NONE', #1598, 1000.000000000000000 ) ;
#1140 = DIRECTION ( 'NONE',  ( -1.423278299945381900E-32, 1.000000000000000000, 0.000000000000000000 ) ) ;
#1141 = DIRECTION ( 'NONE',  ( 0.8619342151577699118, 0.5070201265633930143, -4.897486197684698871E-48 ) ) ;
#1142 = ORIENTED_EDGE ( 'NONE', *, *, #188, .F. ) ;
#1143 = AXIS2_PLACEMENT_3D ( 'NONE', #2814, #871, #355 ) ;
#1144 = EDGE_CURVE ( 'NONE', #2935, #633, #135, .T. ) ;
#1145 = LINE ( 'NONE', #296, #2284 ) ;
#1146 = LINE ( 'NONE', #846, #1639 ) ;
#1147 = ORIENTED_EDGE ( 'NONE', *, *, #732, .T. ) ;
#1148 = ORIENTED_EDGE ( 'NONE', *, *, #1824, .T. ) ;
#1149 = EDGE_CURVE ( 'NONE', #2183, #2611, #678, .T. ) ;
#1150 = CARTESIAN_POINT ( 'NONE',  ( 9.900000000000000355, 6.000000000000000000, 13.50000000000000000 ) ) ;
#1151 = DIRECTION ( 'NONE',  ( -0.7499999999999910072, -2.285537967591235765E-32, -0.6614378277661578931 ) ) ;
#1152 = CARTESIAN_POINT ( 'NONE',  ( 55.49999999995510080, -3.433260614240600361, 9.900000000000000355 ) ) ;
#1153 = CARTESIAN_POINT ( 'NONE',  ( -66.00000000000000000, -5.700000000000000178, 6.409494854920632462E-31 ) ) ;
#1154 = ORIENTED_EDGE ( 'NONE', *, *, #196, .T. ) ;
#1155 = ORIENTED_EDGE ( 'NONE', *, *, #3201, .T. ) ;
#1156 = CARTESIAN_POINT ( 'NONE',  ( 68.99999937415140039, -4.499999999999724665, 1.500000000000000000 ) ) ;
#1157 = DIRECTION ( 'NONE',  ( -7.395570986446990055E-32, 1.000000000000000000, 4.930380657631318857E-32 ) ) ;
#1158 = DIRECTION ( 'NONE',  ( 1.000000000000000000, 0.000000000000000000, 0.000000000000000000 ) ) ;
#1159 = VERTEX_POINT ( 'NONE', #2892 ) ;
#1160 = PLANE ( 'NONE',  #3160 ) ;
#1161 = ADVANCED_FACE ( 'NONE', ( #1252 ), #2346, .F. ) ;
#1162 = DIRECTION ( 'NONE',  ( -1.000000000000000000, -6.842277657836019882E-47, 3.694829935231450289E-47 ) ) ;
#1163 = ORIENTED_EDGE ( 'NONE', *, *, #5, .F. ) ;
#1164 = ORIENTED_EDGE ( 'NONE', *, *, #914, .F. ) ;
#1165 = DIRECTION ( 'NONE',  ( 2.220446049250309876E-16, 1.000000000000000000, 5.468348304142549928E-47 ) ) ;
#1166 = EDGE_CURVE ( 'NONE', #2204, #246, #1533, .T. ) ;
#1167 = ORIENTED_EDGE ( 'NONE', *, *, #1466, .F. ) ;
#1168 = VECTOR ( 'NONE', #428, 1000.000000000000000 ) ;
#1169 = LINE ( 'NONE', #1692, #2062 ) ;
#1170 = CARTESIAN_POINT ( 'NONE',  ( 93.54403759036320309, -6.000000000000000000, 9.900000000000000355 ) ) ;
#1171 = ORIENTED_EDGE ( 'NONE', *, *, #3046, .F. ) ;
#1172 = VECTOR ( 'NONE', #2552, 1000.000000000000000 ) ;
#1173 = VERTEX_POINT ( 'NONE', #3337 ) ;
#1174 = DIRECTION ( 'NONE',  ( 1.000000000000000000, 0.000000000000000000, 0.000000000000000000 ) ) ;
#1175 = CARTESIAN_POINT ( 'NONE',  ( -39.00000062584880567, -4.500000000000000000, 1.500000000000000000 ) ) ;
#1176 = CARTESIAN_POINT ( 'NONE',  ( 32.69999999999264872, 7.721668963268519370, 9.900000000000000355 ) ) ;
#1177 = VECTOR ( 'NONE', #2392, 999.9999999999998863 ) ;
#1178 = ORIENTED_EDGE ( 'NONE', *, *, #1376, .F. ) ;
#1179 = FACE_OUTER_BOUND ( 'NONE', #1040, .T. ) ;
#1180 = FACE_OUTER_BOUND ( 'NONE', #1018, .T. ) ;
#1181 = DIRECTION ( 'NONE',  ( 7.395570986446980202E-32, 1.000000000000000000, 9.251858538542969116E-17 ) ) ;
#1182 = ORIENTED_EDGE ( 'NONE', *, *, #682, .T. ) ;
#1183 = ORIENTED_EDGE ( 'NONE', *, *, #2642, .T. ) ;
#1184 = EDGE_CURVE ( 'NONE', #2439, #1619, #3558, .T. ) ;
#1185 = CARTESIAN_POINT ( 'NONE',  ( 107.9999999999999858, -18.00000000000000000, -1.199999999999987965 ) ) ;
#1186 = EDGE_CURVE ( 'NONE', #1129, #2174, #824, .T. ) ;
#1187 = VECTOR ( 'NONE', #1459, 1000.000000000000000 ) ;
#1188 = DIRECTION ( 'NONE',  ( 0.000000000000000000, 0.000000000000000000, 1.000000000000000000 ) ) ;
#1189 = DIRECTION ( 'NONE',  ( 7.395570986446990055E-32, -1.000000000000000000, -4.930380657631319405E-32 ) ) ;
#1190 = EDGE_LOOP ( 'NONE', ( #1257, #195, #925 ) ) ;
#1191 = AXIS2_PLACEMENT_3D ( 'NONE', #718, #2928, #3487 ) ;
#1192 = ORIENTED_EDGE ( 'NONE', *, *, #2777, .F. ) ;
#1193 = CARTESIAN_POINT ( 'NONE',  ( -9.900000000000000355, 3.515454429980219953, 9.900000000000000355 ) ) ;
#1194 = ADVANCED_FACE ( 'NONE', ( #529 ), #1935, .F. ) ;
#1195 = PLANE ( 'NONE',  #957 ) ;
#1196 = CARTESIAN_POINT ( 'NONE',  ( 69.89999937415139186, 3.600000000000279865, 3.058845726812004617 ) ) ;
#1197 = VECTOR ( 'NONE', #3060, 1000.000000000000000 ) ;
#1198 = ORIENTED_EDGE ( 'NONE', *, *, #3588, .T. ) ;
#1199 = DIRECTION ( 'NONE',  ( 0.000000000000000000, 0.000000000000000000, -1.000000000000000000 ) ) ;
#1200 = AXIS2_PLACEMENT_3D ( 'NONE', #2537, #3348, #2830 ) ;
#1201 = CARTESIAN_POINT ( 'NONE',  ( -15.00000062584870086, 4.500000000000000000, -7.500000000000000000 ) ) ;
#1202 = ORIENTED_EDGE ( 'NONE', *, *, #1049, .F. ) ;
#1203 = LINE ( 'NONE', #3344, #3549 ) ;
#1204 = DIRECTION ( 'NONE',  ( 0.000000000000000000, -1.000000000000000000, 0.000000000000000000 ) ) ;
#1205 = LINE ( 'NONE', #2302, #1222 ) ;
#1206 = ORIENTED_EDGE ( 'NONE', *, *, #1805, .T. ) ;
#1207 = EDGE_CURVE ( 'NONE', #3088, #40, #254, .T. ) ;
#1208 = ORIENTED_EDGE ( 'NONE', *, *, #422, .F. ) ;
#1209 = PLANE ( 'NONE',  #419 ) ;
#1210 = LINE ( 'NONE', #3128, #1717 ) ;
#1211 = FACE_OUTER_BOUND ( 'NONE', #2502, .T. ) ;
#1212 = ORIENTED_EDGE ( 'NONE', *, *, #3292, .F. ) ;
#1213 = ADVANCED_FACE ( 'NONE', ( #3579 ), #569, .F. ) ;
#1214 = DIRECTION ( 'NONE',  ( 6.842277657836019882E-47, -1.000000000000000000, 0.000000000000000000 ) ) ;
#1215 = VERTEX_POINT ( 'NONE', #2732 ) ;
#1216 = CARTESIAN_POINT ( 'NONE',  ( -45.00000000000000000, 4.156644585633049616, 13.50000000000000000 ) ) ;
#1217 = ORIENTED_EDGE ( 'NONE', *, *, #2374, .T. ) ;
#1218 = CARTESIAN_POINT ( 'NONE',  ( -25.61930241991399981, -6.000000000000000000, 13.50000000000000000 ) ) ;
#1219 = DIRECTION ( 'NONE',  ( -4.102085266168244934E-63, 1.000000000000000000, -1.110223024625159992E-16 ) ) ;
#1220 = ORIENTED_EDGE ( 'NONE', *, *, #3538, .T. ) ;
#1221 = VERTEX_POINT ( 'NONE', #1388 ) ;
#1222 = VECTOR ( 'NONE', #3420, 1000.000000000000000 ) ;
#1223 = DIRECTION ( 'NONE',  ( 0.000000000000000000, 0.000000000000000000, -1.000000000000000000 ) ) ;
#1224 = DIRECTION ( 'NONE',  ( -1.000000000000000000, 0.000000000000000000, 0.000000000000000000 ) ) ;
#1225 = CARTESIAN_POINT ( 'NONE',  ( -48.00000000000000000, -4.093104553440176810E-15, 8.099999999999999645 ) ) ;
#1226 = DIRECTION ( 'NONE',  ( 1.000000000000000000, -7.474910929462109256E-62, 2.001489212077899560E-33 ) ) ;
#1227 = ADVANCED_FACE ( 'NONE', ( #235 ), #551, .T. ) ;
#1228 = EDGE_LOOP ( 'NONE', ( #108, #2136, #3053, #2116 ) ) ;
#1229 = AXIS2_PLACEMENT_3D ( 'NONE', #2738, #240, #1359 ) ;
#1230 = AXIS2_PLACEMENT_3D ( 'NONE', #2300, #2031, #3138 ) ;
#1231 = DIRECTION ( 'NONE',  ( 0.000000000000000000, 0.000000000000000000, -1.000000000000000000 ) ) ;
#1232 = DIRECTION ( 'NONE',  ( -1.027984282060329919E-17, 1.000000000000000000, 0.000000000000000000 ) ) ;
#1233 = ADVANCED_FACE ( 'NONE', ( #1100 ), #2198, .F. ) ;
#1234 = LINE ( 'NONE', #2329, #1303 ) ;
#1235 = ADVANCED_FACE ( 'NONE', ( #1897 ), #1682, .T. ) ;
#1236 = DIRECTION ( 'NONE',  ( 0.000000000000000000, 0.000000000000000000, -1.000000000000000000 ) ) ;
#1237 = VERTEX_POINT ( 'NONE', #2493 ) ;
#1238 = CARTESIAN_POINT ( 'NONE',  ( 98.49894742673220094, -9.000000000000000000, -7.500000000000000000 ) ) ;
#1239 = CARTESIAN_POINT ( 'NONE',  ( -4.570779167104998209, -18.00000000000000000, -5.086898224234702504 ) ) ;
#1240 = ORIENTED_EDGE ( 'NONE', *, *, #3070, .T. ) ;
#1241 = ORIENTED_EDGE ( 'NONE', *, *, #375, .T. ) ;
#1242 = AXIS2_PLACEMENT_3D ( 'NONE', #2789, #334, #590 ) ;
#1243 = DIRECTION ( 'NONE',  ( -0.5812381937195377768, -0.8137334712064197006, 0.000000000000000000 ) ) ;
#1244 = FACE_OUTER_BOUND ( 'NONE', #1795, .T. ) ;
#1245 = LINE ( 'NONE', #2086, #2195 ) ;
#1246 = ORIENTED_EDGE ( 'NONE', *, *, #1452, .F. ) ;
#1247 = AXIS2_PLACEMENT_3D ( 'NONE', #812, #3027, #537 ) ;
#1248 = CIRCLE ( 'NONE', #1878, 11.40000000000000036 ) ;
#1249 =( LENGTH_UNIT ( ) NAMED_UNIT ( * ) SI_UNIT ( .MILLI., .METRE. ) );
#1250 = AXIS2_PLACEMENT_3D ( 'NONE', #3042, #1606, #1083 ) ;
#1251 = EDGE_CURVE ( 'NONE', #2121, #1882, #3297, .T. ) ;
#1252 = FACE_OUTER_BOUND ( 'NONE', #2775, .T. ) ;
#1253 = VECTOR ( 'NONE', #2784, 1000.000000000000000 ) ;
#1254 = ORIENTED_EDGE ( 'NONE', *, *, #1330, .F. ) ;
#1255 = EDGE_CURVE ( 'NONE', #1813, #2780, #1662, .T. ) ;
#1256 = VECTOR ( 'NONE', #3178, 1000.000000000000000 ) ;
#1257 = ORIENTED_EDGE ( 'NONE', *, *, #1287, .T. ) ;
#1258 = DIRECTION ( 'NONE',  ( -1.000000000000000000, 0.000000000000000000, 0.000000000000000000 ) ) ;
#1259 = DIRECTION ( 'NONE',  ( 1.000000000000000000, 3.469446951953610245E-16, -3.284293275761290010E-47 ) ) ;
#1260 = DIRECTION ( 'NONE',  ( 1.000000000000000000, 0.000000000000000000, -1.027162637006529939E-32 ) ) ;
#1261 = LINE ( 'NONE', #3215, #3208 ) ;
#1262 = CARTESIAN_POINT ( 'NONE',  ( 75.30000000001319904, 7.721668963247520168, 9.900000000000000355 ) ) ;
#1263 = CARTESIAN_POINT ( 'NONE',  ( 12.90000000000000036, 6.000000000000000000, 9.900000000000000355 ) ) ;
#1264 = ORIENTED_EDGE ( 'NONE', *, *, #1827, .F. ) ;
#1265 = DIRECTION ( 'NONE',  ( 0.8137334712064197006, -0.5812381937195377768, 0.000000000000000000 ) ) ;
#1266 = DIRECTION ( 'NONE',  ( 1.000000000000000000, 0.000000000000000000, 0.000000000000000000 ) ) ;
#1267 = DIRECTION ( 'NONE',  ( 0.000000000000000000, 0.000000000000000000, 1.000000000000000000 ) ) ;
#1268 = APPLICATION_PROTOCOL_DEFINITION ( 'draft international standard', 'automotive_design', 1998, #3237 ) ;
#1269 = ADVANCED_FACE ( 'NONE', ( #507 ), #2768, .F. ) ;
#1270 = ORIENTED_EDGE ( 'NONE', *, *, #777, .F. ) ;
#1271 = DIRECTION ( 'NONE',  ( 0.000000000000000000, -1.000000000000000000, 0.000000000000000000 ) ) ;
#1272 = DIRECTION ( 'NONE',  ( -2.220446049250309876E-16, -1.000000000000000000, 0.000000000000000000 ) ) ;
#1273 = EDGE_CURVE ( 'NONE', #3521, #865, #7, .T. ) ;
#1274 = DIRECTION ( 'NONE',  ( -7.395570986446990055E-32, 1.000000000000000000, 4.930380657631318857E-32 ) ) ;
#1275 = CARTESIAN_POINT ( 'NONE',  ( -39.00000062584880567, -1.035898384862249832, 7.500000000000000000 ) ) ;
#1276 = FACE_OUTER_BOUND ( 'NONE', #1422, .T. ) ;
#1277 = ORIENTED_EDGE ( 'NONE', *, *, #2004, .F. ) ;
#1278 = AXIS2_PLACEMENT_3D ( 'NONE', #2488, #1912, #1637 ) ;
#1279 = ORIENTED_EDGE ( 'NONE', *, *, #2907, .T. ) ;
#1280 = CARTESIAN_POINT ( 'NONE',  ( 114.0415375615025937, 6.000000000000000000, 13.50000000000000000 ) ) ;
#1281 = LINE ( 'NONE', #1300, #1803 ) ;
#1282 = AXIS2_PLACEMENT_3D ( 'NONE', #2970, #3601, #1377 ) ;
#1283 = VECTOR ( 'NONE', #2828, 1000.000000000000000 ) ;
#1284 = CARTESIAN_POINT ( 'NONE',  ( 113.5560777532356127, 18.00000000000000000, -7.500000000000000000 ) ) ;
#1285 =( NAMED_UNIT ( * ) PLANE_ANGLE_UNIT ( ) SI_UNIT ( $, .RADIAN. ) );
#1286 = EDGE_LOOP ( 'NONE', ( #512, #2014, #3557, #2145 ) ) ;
#1287 = EDGE_CURVE ( 'NONE', #2201, #2130, #1145, .T. ) ;
#1288 = CARTESIAN_POINT ( 'NONE',  ( 12.90000000000000036, -3.433260614206260275, 13.50000000000000000 ) ) ;
#1289 = CARTESIAN_POINT ( 'NONE',  ( 76.79999999999820659, 4.499999980061569538, 9.900000000000000355 ) ) ;
#1290 = ORIENTED_EDGE ( 'NONE', *, *, #2946, .T. ) ;
#1291 = ORIENTED_EDGE ( 'NONE', *, *, #748, .F. ) ;
#1292 = EDGE_CURVE ( 'NONE', #232, #564, #2217, .T. ) ;
#1293 = DIRECTION ( 'NONE',  ( 0.000000000000000000, -1.000000000000000000, -2.465190328815660250E-32 ) ) ;
#1294 = CARTESIAN_POINT ( 'NONE',  ( 102.4439222467643589, -18.00000000000000000, -7.500000000000000000 ) ) ;
#1295 = DIRECTION ( 'NONE',  ( -1.000000000000000000, -6.842277657836019882E-47, 3.694829935231450289E-47 ) ) ;
#1296 = VERTEX_POINT ( 'NONE', #2510 ) ;
#1297 = ORIENTED_EDGE ( 'NONE', *, *, #759, .T. ) ;
#1298 = ADVANCED_FACE ( 'NONE', ( #3258 ), #1337, .F. ) ;
#1299 = DIRECTION ( 'NONE',  ( 0.000000000000000000, -1.000000000000000000, 0.000000000000000000 ) ) ;
#1300 = CARTESIAN_POINT ( 'NONE',  ( -48.00000000000000000, 9.000000000000000000, 13.50000000000000000 ) ) ;
#1301 = AXIS2_PLACEMENT_3D ( 'NONE', #3497, #3167, #927 ) ;
#1302 = FACE_OUTER_BOUND ( 'NONE', #1402, .T. ) ;
#1303 = VECTOR ( 'NONE', #956, 1000.000000000000000 ) ;
#1304 = CARTESIAN_POINT ( 'NONE',  ( 99.55846243849740063, -6.000000000000000000, 9.900000000000000355 ) ) ;
#1305 = AXIS2_PLACEMENT_3D ( 'NONE', #2180, #3317, #2455 ) ;
#1306 = LINE ( 'NONE', #1031, #2740 ) ;
#1307 = ORIENTED_EDGE ( 'NONE', *, *, #2638, .F. ) ;
#1308 = AXIS2_PLACEMENT_3D ( 'NONE', #1612, #1632, #2444 ) ;
#1309 = DIRECTION ( 'NONE',  ( -1.000000000000000000, -3.469446951953609258E-17, -8.552847072295018471E-49 ) ) ;
#1310 = AXIS2_PLACEMENT_3D ( 'NONE', #1218, #2660, #390 ) ;
#1311 = DIRECTION ( 'NONE',  ( 1.000000000000000000, -1.479114197289399982E-31, -1.232595164407829988E-32 ) ) ;
#1312 = DIRECTION ( 'NONE',  ( -7.395570986446990055E-32, 1.000000000000000000, 4.930380657631318857E-32 ) ) ;
#1313 = DIRECTION ( 'NONE',  ( 0.000000000000000000, 0.000000000000000000, -1.000000000000000000 ) ) ;
#1314 = EDGE_CURVE ( 'NONE', #3374, #1813, #624, .T. ) ;
#1315 = ORIENTED_EDGE ( 'NONE', *, *, #1470, .F. ) ;
#1316 = ORIENTED_EDGE ( 'NONE', *, *, #552, .T. ) ;
#1317 = DIRECTION ( 'NONE',  ( 0.000000000000000000, 0.000000000000000000, 1.000000000000000000 ) ) ;
#1318 = DIRECTION ( 'NONE',  ( 1.000000000000000000, 0.000000000000000000, 0.000000000000000000 ) ) ;
#1319 = EDGE_CURVE ( 'NONE', #1914, #2495, #1446, .T. ) ;
#1320 = LINE ( 'NONE', #473, #604 ) ;
#1321 = DIRECTION ( 'NONE',  ( 0.8712476277449610063, 0.4908437339406279687, -3.890599957729189434E-47 ) ) ;
#1322 = VERTEX_POINT ( 'NONE', #1752 ) ;
#1323 = ORIENTED_EDGE ( 'NONE', *, *, #2047, .T. ) ;
#1324 = DIRECTION ( 'NONE',  ( -0.8712476277450568185, -0.4908437339404578825, 0.000000000000000000 ) ) ;
#1325 = DIRECTION ( 'NONE',  ( -1.000000000000000000, 0.000000000000000000, 0.000000000000000000 ) ) ;
#1326 = CARTESIAN_POINT ( 'NONE',  ( 57.05596240978479727, -6.000000000000000000, 9.900000000000000355 ) ) ;
#1327 = DIRECTION ( 'NONE',  ( 2.832769448823990301E-16, 0.000000000000000000, 1.000000000000000000 ) ) ;
#1328 = VERTEX_POINT ( 'NONE', #3356 ) ;
#1329 = ORIENTED_EDGE ( 'NONE', *, *, #748, .T. ) ;
#1330 = EDGE_CURVE ( 'NONE', #1478, #2363, #2311, .T. ) ;
#1331 = PLANE ( 'NONE',  #2461 ) ;
#1332 = CARTESIAN_POINT ( 'NONE',  ( -9.900000000000000355, -6.000000000000000000, 9.900000000000000355 ) ) ;
#1333 = EDGE_LOOP ( 'NONE', ( #2786, #2791, #3106 ) ) ;
#1334 = VECTOR ( 'NONE', #1141, 1000.000000000000114 ) ;
#1335 = ADVANCED_FACE ( 'NONE', ( #1180 ), #63, .F. ) ;
#1336 = AXIS2_PLACEMENT_3D ( 'NONE', #1087, #3562, #2184 ) ;
#1337 = PLANE ( 'NONE',  #1590 ) ;
#1338 = ORIENTED_EDGE ( 'NONE', *, *, #1981, .T. ) ;
#1339 = ORIENTED_EDGE ( 'NONE', *, *, #441, .F. ) ;
#1340 = EDGE_CURVE ( 'NONE', #2702, #1099, #3151, .T. ) ;
#1341 = LINE ( 'NONE', #792, #2038 ) ;
#1342 = PLANE ( 'NONE',  #1011 ) ;
#1343 = LINE ( 'NONE', #3306, #3219 ) ;
#1344 = DIRECTION ( 'NONE',  ( 0.000000000000000000, 0.000000000000000000, -1.000000000000000000 ) ) ;
#1345 = ORIENTED_EDGE ( 'NONE', *, *, #98, .F. ) ;
#1346 = ORIENTED_EDGE ( 'NONE', *, *, #2480, .T. ) ;
#1347 = CARTESIAN_POINT ( 'NONE',  ( 55.49999999995510080, -3.433260614240600361, 13.50000000000000000 ) ) ;
#1348 = LINE ( 'NONE', #2, #1334 ) ;
#1349 = EDGE_LOOP ( 'NONE', ( #3346, #950, #1975 ) ) ;
#1350 = LINE ( 'NONE', #3528, #1642 ) ;
#1351 = AXIS2_PLACEMENT_3D ( 'NONE', #2006, #2580, #57 ) ;
#1352 = DIRECTION ( 'NONE',  ( -7.395570986446990055E-32, 1.000000000000000000, 4.930380657631318857E-32 ) ) ;
#1353 = EDGE_CURVE ( 'NONE', #40, #3200, #934, .T. ) ;
#1354 = LINE ( 'NONE', #3580, #2681 ) ;
#1355 = VECTOR ( 'NONE', #2519, 1000.000000000000000 ) ;
#1356 = EDGE_LOOP ( 'NONE', ( #3513, #1202, #1627, #837 ) ) ;
#1357 = ORIENTED_EDGE ( 'NONE', *, *, #1713, .F. ) ;
#1358 = PRESENTATION_LAYER_ASSIGNMENT (  '', '', ( #83 ) ) ;
#1359 = DIRECTION ( 'NONE',  ( 0.000000000000000000, 1.000000000000000000, 0.000000000000000000 ) ) ;
#1360 = EDGE_CURVE ( 'NONE', #3250, #3596, #862, .T. ) ;
#1361 = DIRECTION ( 'NONE',  ( 1.000000000000000000, 1.027984282060329919E-17, 0.000000000000000000 ) ) ;
#1362 = VECTOR ( 'NONE', #115, 1000.000000000000000 ) ;
#1363 = DIRECTION ( 'NONE',  ( 1.000000000000000000, 7.395570986446990055E-32, -3.694829935231450289E-47 ) ) ;
#1364 = PLANE ( 'NONE',  #662 ) ;
#1365 = LINE ( 'NONE', #1925, #1797 ) ;
#1366 = VECTOR ( 'NONE', #2871, 1000.000000000000000 ) ;
#1367 = EDGE_LOOP ( 'NONE', ( #2169, #3220, #1591, #2798 ) ) ;
#1368 = ORIENTED_EDGE ( 'NONE', *, *, #1292, .F. ) ;
#1369 = DIRECTION ( 'NONE',  ( -7.395570986446980202E-32, -1.000000000000000000, 0.000000000000000000 ) ) ;
#1370 = CARTESIAN_POINT ( 'NONE',  ( 108.0000000000000000, 9.000000000000000000, -1.199999999999981970 ) ) ;
#1371 = ORIENTED_EDGE ( 'NONE', *, *, #1579, .T. ) ;
#1372 = DIRECTION ( 'NONE',  ( 0.000000000000000000, 0.000000000000000000, -1.000000000000000000 ) ) ;
#1373 = DIRECTION ( 'NONE',  ( -0.8137334712064193676, 0.5812381937195382209, 0.000000000000000000 ) ) ;
#1374 = ORIENTED_EDGE ( 'NONE', *, *, #2268, .F. ) ;
#1375 = VERTEX_POINT ( 'NONE', #1703 ) ;
#1376 = EDGE_CURVE ( 'NONE', #633, #2628, #1736, .T. ) ;
#1377 = DIRECTION ( 'NONE',  ( 0.000000000000000000, -1.000000000000000000, -2.465190328815659702E-32 ) ) ;
#1378 = CARTESIAN_POINT ( 'NONE',  ( 114.0415375615025937, 6.000000000000000000, 13.50000000000000000 ) ) ;
#1379 = PLANE ( 'NONE',  #2221 ) ;
#1380 = ADVANCED_FACE ( 'NONE', ( #2545 ), #899, .T. ) ;
#1381 = DIRECTION ( 'NONE',  ( -4.102085266168244934E-63, 1.000000000000000000, -1.110223024625159992E-16 ) ) ;
#1382 = DIRECTION ( 'NONE',  ( 0.000000000000000000, 0.000000000000000000, -1.000000000000000000 ) ) ;
#1383 = ORIENTED_EDGE ( 'NONE', *, *, #2594, .F. ) ;
#1384 = ORIENTED_EDGE ( 'NONE', *, *, #2969, .T. ) ;
#1385 = LINE ( 'NONE', #1058, #2811 ) ;
#1386 = DIRECTION ( 'NONE',  ( -1.903239489997469958E-15, -1.000000000000000000, 0.000000000000000000 ) ) ;
#1387 = ORIENTED_EDGE ( 'NONE', *, *, #500, .T. ) ;
#1388 = CARTESIAN_POINT ( 'NONE',  ( 120.0000000000000000, -9.000000000000000000, 13.50000000000000000 ) ) ;
#1389 = LINE ( 'NONE', #3339, #2508 ) ;
#1390 = ORIENTED_EDGE ( 'NONE', *, *, #552, .F. ) ;
#1391 = VECTOR ( 'NONE', #2231, 1000.000000000000000 ) ;
#1392 = ORIENTED_EDGE ( 'NONE', *, *, #674, .F. ) ;
#1393 = LINE ( 'NONE', #2496, #1688 ) ;
#1394 = AXIS2_PLACEMENT_3D ( 'NONE', #1942, #1885, #2990 ) ;
#1395 = CARTESIAN_POINT ( 'NONE',  ( 98.10000000000000853, 6.000000000000000000, 13.50000000000000000 ) ) ;
#1396 = ADVANCED_FACE ( 'NONE', ( #2807 ), #333, .T. ) ;
#1397 = CARTESIAN_POINT ( 'NONE',  ( 5.556077753235619809, -18.00000000000000000, -7.500000000000000000 ) ) ;
#1398 = DIRECTION ( 'NONE',  ( -1.000000000000000000, 0.000000000000000000, 0.000000000000000000 ) ) ;
#1399 = LINE ( 'NONE', #1964, #1976 ) ;
#1400 = EDGE_LOOP ( 'NONE', ( #3462, #3351, #909, #3355 ) ) ;
#1401 = EDGE_CURVE ( 'NONE', #2670, #3537, #350, .T. ) ;
#1402 = EDGE_LOOP ( 'NONE', ( #1357, #314, #1217, #1993 ) ) ;
#1403 = CARTESIAN_POINT ( 'NONE',  ( 98.10000000000000853, 6.000000000000000000, 9.900000000000000355 ) ) ;
#1404 = DIRECTION ( 'NONE',  ( 6.842277657836019882E-47, -1.000000000000000000, 0.000000000000000000 ) ) ;
#1405 = DIRECTION ( 'NONE',  ( 0.000000000000000000, 0.000000000000000000, -1.000000000000000000 ) ) ;
#1406 = ORIENTED_EDGE ( 'NONE', *, *, #528, .T. ) ;
#1407 = ADVANCED_FACE ( 'NONE', ( #1972 ), #2298, .F. ) ;
#1408 = DIRECTION ( 'NONE',  ( 0.000000000000000000, 0.000000000000000000, -1.000000000000000000 ) ) ;
#1409 = DIRECTION ( 'NONE',  ( 0.000000000000000000, 0.000000000000000000, 1.000000000000000000 ) ) ;
#1410 = EDGE_LOOP ( 'NONE', ( #2658, #442, #2448, #3122 ) ) ;
#1411 = VECTOR ( 'NONE', #696, 1000.000000000000000 ) ;
#1412 = ORIENTED_EDGE ( 'NONE', *, *, #528, .F. ) ;
#1413 = CARTESIAN_POINT ( 'NONE',  ( -43.50000031292434954, -4.500000000000000000, -7.500000000000000000 ) ) ;
#1414 = CARTESIAN_POINT ( 'NONE',  ( 98.10000000000000853, 6.000000000000000000, 13.50000000000000000 ) ) ;
#1415 = VECTOR ( 'NONE', #1274, 1000.000000000000000 ) ;
#1416 = CIRCLE ( 'NONE', #478, 5.700000000000000178 ) ;
#1417 = DIRECTION ( 'NONE',  ( -0.4908437339406279687, 0.8712476277449610063, 0.000000000000000000 ) ) ;
#1418 = CARTESIAN_POINT ( 'NONE',  ( -30.45000000000000284, -6.000000000000000000, 13.50000000000000000 ) ) ;
#1419 = DIRECTION ( 'NONE',  ( 0.000000000000000000, 0.000000000000000000, -1.000000000000000000 ) ) ;
#1420 = ORIENTED_EDGE ( 'NONE', *, *, #1871, .T. ) ;
#1421 = AXIS2_PLACEMENT_3D ( 'NONE', #589, #316, #2823 ) ;
#1422 = EDGE_LOOP ( 'NONE', ( #3254, #2228, #2736, #771 ) ) ;
#1423 = DIRECTION ( 'NONE',  ( -1.000000000000000000, -6.842277657836019882E-47, 3.694829935231450289E-47 ) ) ;
#1424 = VECTOR ( 'NONE', #672, 1000.000000000000000 ) ;
#1425 = DIRECTION ( 'NONE',  ( -1.000000000000000000, -3.038581678643130202E-64, 1.232595164407829988E-32 ) ) ;
#1426 = FACE_OUTER_BOUND ( 'NONE', #3438, .T. ) ;
#1427 = EDGE_CURVE ( 'NONE', #2702, #633, #2586, .T. ) ;
#1428 = ORIENTED_EDGE ( 'NONE', *, *, #3471, .T. ) ;
#1429 = DIRECTION ( 'NONE',  ( -7.395570986446990055E-32, 1.000000000000000000, 4.930380657631318857E-32 ) ) ;
#1430 = AXIS2_PLACEMENT_3D ( 'NONE', #2266, #630, #2230 ) ;
#1431 = CARTESIAN_POINT ( 'NONE',  ( 76.79999999999820659, 3.433260614214745043, 13.50000000000000000 ) ) ;
#1432 = ADVANCED_FACE ( 'NONE', ( #2241 ), #2257, .F. ) ;
#1433 = PLANE ( 'NONE',  #1242 ) ;
#1434 = EDGE_LOOP ( 'NONE', ( #2877, #1657, #1270, #597 ) ) ;
#1435 = EDGE_LOOP ( 'NONE', ( #3111, #1119, #822, #2899 ) ) ;
#1436 = FACE_OUTER_BOUND ( 'NONE', #2866, .T. ) ;
#1437 = EDGE_LOOP ( 'NONE', ( #979, #2745, #1892 ) ) ;
#1438 = LINE ( 'NONE', #579, #430 ) ;
#1439 = CARTESIAN_POINT ( 'NONE',  ( -37.89034879006499779, -0.9216777071834759694, 9.900000000000000355 ) ) ;
#1440 = ORIENTED_EDGE ( 'NONE', *, *, #2600, .F. ) ;
#1441 = VERTEX_POINT ( 'NONE', #2531 ) ;
#1442 = LINE ( 'NONE', #360, #1934 ) ;
#1443 = LINE ( 'NONE', #77, #1015 ) ;
#1444 = DIRECTION ( 'NONE',  ( 1.000000000000000000, 1.027984282060329919E-17, 0.000000000000000000 ) ) ;
#1445 = ADVANCED_FACE ( 'NONE', ( #45 ), #1160, .F. ) ;
#1446 = LINE ( 'NONE', #3117, #315 ) ;
#1447 = ORIENTED_EDGE ( 'NONE', *, *, #646, .T. ) ;
#1448 = EDGE_CURVE ( 'NONE', #9, #2524, #608, .T. ) ;
#1449 = VERTEX_POINT ( 'NONE', #2092 ) ;
#1450 = CARTESIAN_POINT ( 'NONE',  ( 14.45596240978277969, -6.000000000000000000, 13.50000000000000000 ) ) ;
#1451 = VECTOR ( 'NONE', #78, 1000.000000000000227 ) ;
#1452 = EDGE_CURVE ( 'NONE', #2534, #3379, #1135, .T. ) ;
#1453 = ORIENTED_EDGE ( 'NONE', *, *, #1893, .T. ) ;
#1454 = VECTOR ( 'NONE', #463, 1000.000000000000000 ) ;
#1455 = DIRECTION ( 'NONE',  ( 0.000000000000000000, 0.000000000000000000, -1.000000000000000000 ) ) ;
#1456 = LINE ( 'NONE', #2864, #2550 ) ;
#1457 = ORIENTED_EDGE ( 'NONE', *, *, #2707, .T. ) ;
#1458 = ORIENTED_EDGE ( 'NONE', *, *, #1111, .T. ) ;
#1459 = DIRECTION ( 'NONE',  ( 5.921189464667500234E-15, 1.000000000000000000, 2.465190328815659976E-32 ) ) ;
#1460 = CARTESIAN_POINT ( 'NONE',  ( -0.8603182915188120061, -1.242272785009890024, 9.900000000000000355 ) ) ;
#1461 = LINE ( 'NONE', #1786, #1620 ) ;
#1462 = ORIENTED_EDGE ( 'NONE', *, *, #534, .T. ) ;
#1463 = CARTESIAN_POINT ( 'NONE',  ( -29.48183067278734981, -8.758948752049260378, 13.50000000000000000 ) ) ;
#1464 = VERTEX_POINT ( 'NONE', #2905 ) ;
#1465 = CYLINDRICAL_SURFACE ( 'NONE', #757, 0.9999999999999870104 ) ;
#1466 = EDGE_CURVE ( 'NONE', #3386, #701, #3241, .T. ) ;
#1467 = VECTOR ( 'NONE', #3112, 1000.000000000000000 ) ;
#1468 = LINE ( 'NONE', #2000, #2689 ) ;
#1469 = CARTESIAN_POINT ( 'NONE',  ( 12.90000000000000036, 6.000000000000000000, 13.50000000000000000 ) ) ;
#1470 = EDGE_CURVE ( 'NONE', #114, #2316, #179, .T. ) ;
#1471 = VERTEX_POINT ( 'NONE', #693 ) ;
#1472 = VECTOR ( 'NONE', #2229, 1000.000000000000000 ) ;
#1473 = ORIENTED_EDGE ( 'NONE', *, *, #2468, .T. ) ;
#1474 = DIRECTION ( 'NONE',  ( 0.000000000000000000, 0.000000000000000000, -1.000000000000000000 ) ) ;
#1475 = DIRECTION ( 'NONE',  ( 0.000000000000000000, 0.000000000000000000, -1.000000000000000000 ) ) ;
#1476 = DIRECTION ( 'NONE',  ( 9.122861196634139130E-13, 1.000000000000000000, -3.370742064428529897E-59 ) ) ;
#1477 = VECTOR ( 'NONE', #953, 1000.000000000000000 ) ;
#1478 = VERTEX_POINT ( 'NONE', #3203 ) ;
#1479 = AXIS2_PLACEMENT_3D ( 'NONE', #1460, #1475, #2561 ) ;
#1480 = DIRECTION ( 'NONE',  ( 0.8137334712070501963, 0.5812381937186550385, 0.000000000000000000 ) ) ;
#1481 = AXIS2_PLACEMENT_3D ( 'NONE', #452, #747, #3540 ) ;
#1482 = DIRECTION ( 'NONE',  ( 1.000000000000000000, 0.000000000000000000, 0.000000000000000000 ) ) ;
#1483 = ORIENTED_EDGE ( 'NONE', *, *, #1166, .T. ) ;
#1484 = CARTESIAN_POINT ( 'NONE',  ( -48.00000000000000000, -18.00000000000000000, -7.500000000000000000 ) ) ;
#1485 = CARTESIAN_POINT ( 'NONE',  ( 55.50000000001369926, 6.000000000000000000, 9.900000000000000355 ) ) ;
#1486 = EDGE_LOOP ( 'NONE', ( #1759, #745, #3166, #2279, #1695, #2152 ) ) ;
#1487 = EDGE_CURVE ( 'NONE', #2459, #1077, #712, .T. ) ;
#1488 = MANIFOLD_SOLID_BREP ( 'Body4[1]', #1932 ) ;
#1489 = FACE_OUTER_BOUND ( 'NONE', #801, .T. ) ;
#1490 = LINE ( 'NONE', #907, #695 ) ;
#1491 = ORIENTED_EDGE ( 'NONE', *, *, #295, .T. ) ;
#1492 = VERTEX_POINT ( 'NONE', #2636 ) ;
#1493 = EDGE_CURVE ( 'NONE', #959, #142, #1548, .T. ) ;
#1494 = CARTESIAN_POINT ( 'NONE',  ( -29.70000000002234941, -3.085216014201020318, 13.50000000000000000 ) ) ;
#1495 = LINE ( 'NONE', #1262, #839 ) ;
#1496 = FACE_OUTER_BOUND ( 'NONE', #3501, .T. ) ;
#1497 = ORIENTED_EDGE ( 'NONE', *, *, #1690, .T. ) ;
#1498 = EDGE_CURVE ( 'NONE', #2567, #3016, #436, .T. ) ;
#1499 = DIRECTION ( 'NONE',  ( 0.000000000000000000, -1.000000000000000000, 0.000000000000000000 ) ) ;
#1500 = FACE_OUTER_BOUND ( 'NONE', #939, .T. ) ;
#1501 = SHAPE_DEFINITION_REPRESENTATION ( #3299, #3523 ) ;
#1502 = FACE_OUTER_BOUND ( 'NONE', #129, .T. ) ;
#1503 = CARTESIAN_POINT ( 'NONE',  ( -15.00000062584870086, 1.035898384862249832, 7.500000000000000000 ) ) ;
#1504 = VECTOR ( 'NONE', #1853, 1000.000000000000000 ) ;
#1505 = ORIENTED_EDGE ( 'NONE', *, *, #3314, .T. ) ;
#1506 = ORIENTED_EDGE ( 'NONE', *, *, #2213, .F. ) ;
#1507 = VECTOR ( 'NONE', #1793, 1000.000000000000227 ) ;
#1508 = CARTESIAN_POINT ( 'NONE',  ( -3.330669073875470016E-15, -9.000000000000000000, -1.199999999999987965 ) ) ;
#1509 = DIRECTION ( 'NONE',  ( -1.000000000000000000, -1.734723475976809806E-16, 3.284293275761290010E-47 ) ) ;
#1510 = CARTESIAN_POINT ( 'NONE',  ( 92.99999937415138618, -4.499999999999724665, -7.500000000000000000 ) ) ;
#1511 = ADVANCED_FACE ( 'NONE', ( #2358 ), #989, .F. ) ;
#1512 = ORIENTED_EDGE ( 'NONE', *, *, #1601, .T. ) ;
#1513 = CARTESIAN_POINT ( 'NONE',  ( -39.00000062584880567, 4.500000000000000000, 1.500000000000000000 ) ) ;
#1514 = ADVANCED_FACE ( 'NONE', ( #1585 ), #2106, .F. ) ;
#1515 = DIRECTION ( 'NONE',  ( 0.4472135954999581497, 0.4472135954999581497, 0.7745966692414831822 ) ) ;
#1516 = DIRECTION ( 'NONE',  ( -1.000000000000000000, -3.038581678643130202E-64, 1.232595164407829988E-32 ) ) ;
#1517 = CARTESIAN_POINT ( 'NONE',  ( -3.330669073875467255E-15, -18.00000000000000000, -1.199999999999987965 ) ) ;
#1518 = ORIENTED_EDGE ( 'NONE', *, *, #214, .T. ) ;
#1519 = EDGE_LOOP ( 'NONE', ( #1634, #2587, #319, #2585 ) ) ;
#1520 = CARTESIAN_POINT ( 'NONE',  ( -26.70000000002750085, -3.085216014206189961, 13.50000000000000000 ) ) ;
#1521 = LINE ( 'NONE', #978, #1622 ) ;
#1522 = AXIS2_PLACEMENT_3D ( 'NONE', #2028, #2620, #1482 ) ;
#1523 = VECTOR ( 'NONE', #1409, 1000.000000000000000 ) ;
#1524 = CARTESIAN_POINT ( 'NONE',  ( 107.9999999999999858, 18.00000000000000000, -1.199999999999987965 ) ) ;
#1525 = CARTESIAN_POINT ( 'NONE',  ( 78.35596240976701665, 6.000000000000000000, 13.50000000000000000 ) ) ;
#1526 = LINE ( 'NONE', #2632, #3021 ) ;
#1527 = ORIENTED_EDGE ( 'NONE', *, *, #2468, .F. ) ;
#1528 = VECTOR ( 'NONE', #277, 1000.000000000000000 ) ;
#1529 = ADVANCED_FACE ( 'NONE', ( #2075 ), #2695, .F. ) ;
#1530 = VECTOR ( 'NONE', #3137, 1000.000000000000000 ) ;
#1531 = PLANE ( 'NONE',  #2986 ) ;
#1532 = EDGE_CURVE ( 'NONE', #1965, #924, #451, .T. ) ;
#1533 = LINE ( 'NONE', #2750, #312 ) ;
#1534 = DIRECTION ( 'NONE',  ( 1.000000000000000000, 1.027984282060329919E-17, 0.000000000000000000 ) ) ;
#1535 = VECTOR ( 'NONE', #706, 1000.000000000000000 ) ;
#1536 =( NAMED_UNIT ( * ) SI_UNIT ( $, .STERADIAN. ) SOLID_ANGLE_UNIT ( ) );
#1537 = VERTEX_POINT ( 'NONE', #2671 ) ;
#1538 = VERTEX_POINT ( 'NONE', #3447 ) ;
#1539 = EDGE_CURVE ( 'NONE', #959, #1958, #2618, .T. ) ;
#1540 = CARTESIAN_POINT ( 'NONE',  ( 90.59999937415139470, 2.100000000000279865, 5.656921938165320185 ) ) ;
#1541 = CARTESIAN_POINT ( 'NONE',  ( 4.332575694955830947, -18.00000000000000000, -5.734714594940487409 ) ) ;
#1542 = VERTEX_POINT ( 'NONE', #819 ) ;
#1543 = CARTESIAN_POINT ( 'NONE',  ( 9.501052573267859458, -9.000000000000000000, -7.500000000000000000 ) ) ;
#1544 = LINE ( 'NONE', #1816, #1651 ) ;
#1545 = CARTESIAN_POINT ( 'NONE',  ( 120.0000000000000000, -9.000000000000000000, 7.500000000000000000 ) ) ;
#1546 = ORIENTED_EDGE ( 'NONE', *, *, #1532, .T. ) ;
#1547 = VERTEX_POINT ( 'NONE', #1929 ) ;
#1548 = LINE ( 'NONE', #147, #607 ) ;
#1549 = DIRECTION ( 'NONE',  ( 0.8712476277465551755, -0.4908437339377980657, -5.980391088664020423E-47 ) ) ;
#1550 = ADVANCED_FACE ( 'NONE', ( #2765 ), #3539, .F. ) ;
#1551 = DIRECTION ( 'NONE',  ( -0.6614378277661449035, 0.000000000000000000, 0.7500000000000024425 ) ) ;
#1552 = EDGE_CURVE ( 'NONE', #267, #2935, #3276, .T. ) ;
#1553 = ORIENTED_EDGE ( 'NONE', *, *, #2044, .T. ) ;
#1554 = CARTESIAN_POINT ( 'NONE',  ( 4.570779167104998209, -18.00000000000000000, -5.086898224234698063 ) ) ;
#1555 = LINE ( 'NONE', #1811, #870 ) ;
#1556 = DIRECTION ( 'NONE',  ( 0.000000000000000000, -1.000000000000000000, 0.000000000000000000 ) ) ;
#1557 = ADVANCED_FACE ( 'NONE', ( #3256 ), #199, .F. ) ;
#1558 = EDGE_LOOP ( 'NONE', ( #3300, #352, #1707, #3367 ) ) ;
#1559 = CARTESIAN_POINT ( 'NONE',  ( 98.49894742673220094, 18.00000000000000000, -7.500000000000000000 ) ) ;
#1560 = DIRECTION ( 'NONE',  ( -1.000000000000000000, -7.395570986446990055E-32, 3.694829935231450289E-47 ) ) ;
#1561 = LINE ( 'NONE', #1599, #3604 ) ;
#1562 = VERTEX_POINT ( 'NONE', #2211 ) ;
#1563 = VECTOR ( 'NONE', #2255, 1000.000000000000000 ) ;
#1564 = ORIENTED_EDGE ( 'NONE', *, *, #794, .F. ) ;
#1565 = CARTESIAN_POINT ( 'NONE',  ( -45.00000000000000000, -6.000000000000000000, 13.50000000000000000 ) ) ;
#1566 = DIRECTION ( 'NONE',  ( 0.000000000000000000, 0.000000000000000000, -1.000000000000000000 ) ) ;
#1567 = VECTOR ( 'NONE', #1259, 1000.000000000000000 ) ;
#1568 = LINE ( 'NONE', #150, #423 ) ;
#1569 = ADVANCED_FACE ( 'NONE', ( #3331 ), #3293, .F. ) ;
#1570 = CARTESIAN_POINT ( 'NONE',  ( 9.900000000000000355, -3.515454430028559951, 9.900000000000000355 ) ) ;
#1571 = DIRECTION ( 'NONE',  ( 0.000000000000000000, 0.000000000000000000, -1.000000000000000000 ) ) ;
#1572 = ORIENTED_EDGE ( 'NONE', *, *, #3362, .T. ) ;
#1573 = ADVANCED_FACE ( 'NONE', ( #1894 ), #1079, .T. ) ;
#1574 = DIRECTION ( 'NONE',  ( -1.000000000000000000, 2.220446049250309876E-16, 0.000000000000000000 ) ) ;
#1575 = LINE ( 'NONE', #1541, #1168 ) ;
#1576 = CARTESIAN_POINT ( 'NONE',  ( -26.70000000002750085, -3.085216014206189961, 9.900000000000000355 ) ) ;
#1577 = ORIENTED_EDGE ( 'NONE', *, *, #2991, .T. ) ;
#1578 = CARTESIAN_POINT ( 'NONE',  ( 68.99999937415140039, 4.500000000000279776, -7.500000000000000000 ) ) ;
#1579 = EDGE_CURVE ( 'NONE', #2208, #495, #3574, .T. ) ;
#1580 = LINE ( 'NONE', #761, #1139 ) ;
#1581 = LINE ( 'NONE', #3184, #987 ) ;
#1582 = EDGE_LOOP ( 'NONE', ( #1801, #1406, #709 ) ) ;
#1583 = CIRCLE ( 'NONE', #2331, 11.40000000000000746 ) ;
#1584 = EDGE_LOOP ( 'NONE', ( #1998, #2931, #1553, #562 ) ) ;
#1585 = FACE_OUTER_BOUND ( 'NONE', #2920, .T. ) ;
#1586 = LINE ( 'NONE', #3526, #3281 ) ;
#1587 = AXIS2_PLACEMENT_3D ( 'NONE', #2021, #583, #2560 ) ;
#1588 = VECTOR ( 'NONE', #1131, 1000.000000000000000 ) ;
#1589 = LINE ( 'NONE', #1860, #2054 ) ;
#1590 = AXIS2_PLACEMENT_3D ( 'NONE', #1879, #1214, #658 ) ;
#1591 = ORIENTED_EDGE ( 'NONE', *, *, #563, .T. ) ;
#1592 = ORIENTED_EDGE ( 'NONE', *, *, #69, .F. ) ;
#1593 = AXIS2_PLACEMENT_3D ( 'NONE', #2150, #2575, #2847 ) ;
#1594 = CARTESIAN_POINT ( 'NONE',  ( -48.00000000000000000, -9.000000000000000000, -7.500000000000000000 ) ) ;
#1595 = CIRCLE ( 'NONE', #2111, 6.000000000000002665 ) ;
#1596 = EDGE_CURVE ( 'NONE', #2274, #1094, #1385, .T. ) ;
#1597 = CARTESIAN_POINT ( 'NONE',  ( -29.70000000002234941, -3.085216014201020318, 9.900000000000000355 ) ) ;
#1598 = DIRECTION ( 'NONE',  ( 0.000000000000000000, 0.000000000000000000, 1.000000000000000000 ) ) ;
#1599 = CARTESIAN_POINT ( 'NONE',  ( 5.556077753235619809, -9.000000000000000000, -7.500000000000000000 ) ) ;
#1600 = ORIENTED_EDGE ( 'NONE', *, *, #29, .T. ) ;
#1601 = EDGE_CURVE ( 'NONE', #581, #1113, #3017, .T. ) ;
#1602 = EDGE_LOOP ( 'NONE', ( #2233, #2647, #2332, #424 ) ) ;
#1603 = LINE ( 'NONE', #2430, #2922 ) ;
#1604 = CARTESIAN_POINT ( 'NONE',  ( -29.70000000002234941, -3.085216014201020318, 13.50000000000000000 ) ) ;
#1605 = EDGE_CURVE ( 'NONE', #1896, #2164, #3057, .T. ) ;
#1606 = DIRECTION ( 'NONE',  ( 0.000000000000000000, 0.000000000000000000, -1.000000000000000000 ) ) ;
#1607 = FACE_OUTER_BOUND ( 'NONE', #3454, .T. ) ;
#1608 = ORIENTED_EDGE ( 'NONE', *, *, #2805, .F. ) ;
#1609 = VERTEX_POINT ( 'NONE', #1911 ) ;
#1610 = FACE_OUTER_BOUND ( 'NONE', #2690, .T. ) ;
#1611 = DIRECTION ( 'NONE',  ( -7.395570986446990055E-32, 1.000000000000000000, 4.930380657631318857E-32 ) ) ;
#1612 = CARTESIAN_POINT ( 'NONE',  ( -19.25965120995694591, -1.457391992893086075, 9.900000000000000355 ) ) ;
#1613 = LINE ( 'NONE', #3052, #1391 ) ;
#1614 = ORIENTED_EDGE ( 'NONE', *, *, #1448, .T. ) ;
#1615 = ORIENTED_EDGE ( 'NONE', *, *, #174, .T. ) ;
#1616 = DIRECTION ( 'NONE',  ( 0.000000000000000000, 0.000000000000000000, -1.000000000000000000 ) ) ;
#1617 = FACE_BOUND ( 'NONE', #2763, .T. ) ;
#1618 = ADVANCED_FACE ( 'NONE', ( #840 ), #525, .F. ) ;
#1619 = VERTEX_POINT ( 'NONE', #765 ) ;
#1620 = VECTOR ( 'NONE', #2543, 1000.000000000000000 ) ;
#1621 = DIRECTION ( 'NONE',  ( -0.6614378277661525640, 0.000000000000000000, -0.7499999999999957812 ) ) ;
#1622 = VECTOR ( 'NONE', #2661, 1000.000000000000000 ) ;
#1623 = DIRECTION ( 'NONE',  ( 1.000000000000000000, 0.000000000000000000, 0.000000000000000000 ) ) ;
#1624 = EDGE_CURVE ( 'NONE', #3422, #1730, #1952, .T. ) ;
#1625 = CARTESIAN_POINT ( 'NONE',  ( -26.70000000001915197, 6.000000000000000000, 9.900000000000000355 ) ) ;
#1626 = VERTEX_POINT ( 'NONE', #250 ) ;
#1627 = ORIENTED_EDGE ( 'NONE', *, *, #2240, .T. ) ;
#1628 = AXIS2_PLACEMENT_3D ( 'NONE', #1022, #1313, #2938 ) ;
#1629 = DIRECTION ( 'NONE',  ( -1.000000000000000000, -6.842277657836019882E-47, 0.000000000000000000 ) ) ;
#1630 = DIRECTION ( 'NONE',  ( 0.5812381937186540393, -0.8137334712070510845, 0.000000000000000000 ) ) ;
#1631 = PLANE ( 'NONE',  #3510 ) ;
#1632 = DIRECTION ( 'NONE',  ( 0.000000000000000000, 0.000000000000000000, -1.000000000000000000 ) ) ;
#1633 = CARTESIAN_POINT ( 'NONE',  ( 95.10000000000000853, -3.433260614248080600, 13.50000000000000000 ) ) ;
#1634 = ORIENTED_EDGE ( 'NONE', *, *, #3164, .F. ) ;
#1635 = ORIENTED_EDGE ( 'NONE', *, *, #1149, .T. ) ;
#1636 = CARTESIAN_POINT ( 'NONE',  ( 63.87201879510060110, 1.283369692879698043, 9.900000000000000355 ) ) ;
#1637 = DIRECTION ( 'NONE',  ( 1.000000000000000000, 0.000000000000000000, 0.000000000000000000 ) ) ;
#1638 = VERTEX_POINT ( 'NONE', #566 ) ;
#1639 = VECTOR ( 'NONE', #863, 1000.000000000000114 ) ;
#1640 = DIRECTION ( 'NONE',  ( -1.000000000000000000, 0.000000000000000000, 0.000000000000000000 ) ) ;
#1641 = ADVANCED_FACE ( 'NONE', ( #212, #2981 ), #1331, .T. ) ;
#1642 = VECTOR ( 'NONE', #3296, 1000.000000000000114 ) ;
#1643 = DIRECTION ( 'NONE',  ( 0.000000000000000000, 0.000000000000000000, 1.000000000000000000 ) ) ;
#1644 = CIRCLE ( 'NONE', #890, 11.40000000000000036 ) ;
#1645 = ORIENTED_EDGE ( 'NONE', *, *, #414, .T. ) ;
#1646 = EDGE_CURVE ( 'NONE', #2833, #642, #1603, .T. ) ;
#1647 = VECTOR ( 'NONE', #401, 1000.000000000000000 ) ;
#1648 = CARTESIAN_POINT ( 'NONE',  ( 15.17798120488369840, 6.000000000000000000, 13.50000000000000000 ) ) ;
#1649 = LINE ( 'NONE', #2203, #1528 ) ;
#1650 = ADVANCED_FACE ( 'NONE', ( #3594 ), #1097, .F. ) ;
#1651 = VECTOR ( 'NONE', #1560, 1000.000000000000000 ) ;
#1652 = ORIENTED_EDGE ( 'NONE', *, *, #1987, .F. ) ;
#1653 = CARTESIAN_POINT ( 'NONE',  ( 108.0000000000000000, -9.000000000000000000, -1.199999999999981970 ) ) ;
#1654 = CARTESIAN_POINT ( 'NONE',  ( 117.0000000000000000, 6.000000000000000000, 9.900000000000000355 ) ) ;
#1655 = LINE ( 'NONE', #3590, #2554 ) ;
#1656 = AXIS2_PLACEMENT_3D ( 'NONE', #170, #2301, #922 ) ;
#1657 = ORIENTED_EDGE ( 'NONE', *, *, #2303, .T. ) ;
#1658 = ORIENTED_EDGE ( 'NONE', *, *, #2903, .F. ) ;
#1659 = DIRECTION ( 'NONE',  ( -7.395570986446990055E-32, 1.000000000000000000, 4.930380657631318857E-32 ) ) ;
#1660 = FACE_BOUND ( 'NONE', #2770, .T. ) ;
#1661 = ORIENTED_EDGE ( 'NONE', *, *, #3195, .F. ) ;
#1662 = LINE ( 'NONE', #28, #1197 ) ;
#1663 = ADVANCED_FACE ( 'NONE', ( #3391 ), #1195, .F. ) ;
#1664 = CARTESIAN_POINT ( 'NONE',  ( 120.0000000000000000, 9.000000000000000000, 13.50000000000000000 ) ) ;
#1665 = ORIENTED_EDGE ( 'NONE', *, *, #1978, .T. ) ;
#1666 = ORIENTED_EDGE ( 'NONE', *, *, #3435, .F. ) ;
#1667 = CARTESIAN_POINT ( 'NONE',  ( -48.00000000000000000, -18.00000000000000000, -7.500000000000000000 ) ) ;
#1668 = EDGE_CURVE ( 'NONE', #1094, #232, #912, .T. ) ;
#1669 = FACE_OUTER_BOUND ( 'NONE', #3261, .T. ) ;
#1670 = DIRECTION ( 'NONE',  ( 0.5812381937195377768, 0.8137334712064197006, 0.000000000000000000 ) ) ;
#1671 = DIRECTION ( 'NONE',  ( 7.395570986446990055E-32, -1.000000000000000000, -4.930380657631319405E-32 ) ) ;
#1672 = CARTESIAN_POINT ( 'NONE',  ( 99.55846243849740063, -6.000000000000000000, 13.50000000000000000 ) ) ;
#1673 = EDGE_CURVE ( 'NONE', #1538, #1078, #2060, .T. ) ;
#1674 = EDGE_LOOP ( 'NONE', ( #460, #3522 ) ) ;
#1675 = EDGE_LOOP ( 'NONE', ( #79, #3020, #274, #980 ) ) ;
#1676 = UNCERTAINTY_MEASURE_WITH_UNIT (LENGTH_MEASURE( 1.000000000000000082E-05 ), #1249, 'distance_accuracy_value', 'NONE');
#1677 = DIRECTION ( 'NONE',  ( -7.383753479102818642E-62, -1.000000000000000000, -2.465190328815659976E-32 ) ) ;
#1678 = DIRECTION ( 'NONE',  ( -1.000000000000000000, 0.000000000000000000, 0.000000000000000000 ) ) ;
#1679 = LINE ( 'NONE', #2450, #2891 ) ;
#1680 = ORIENTED_EDGE ( 'NONE', *, *, #1010, .T. ) ;
#1681 = DIRECTION ( 'NONE',  ( 1.000000000000000000, 3.038581678643130202E-64, -1.232595164407829988E-32 ) ) ;
#1682 = PLANE ( 'NONE',  #1305 ) ;
#1683 = DIRECTION ( 'NONE',  ( 0.000000000000000000, 0.000000000000000000, 1.000000000000000000 ) ) ;
#1684 = VERTEX_POINT ( 'NONE', #2307 ) ;
#1685 = VECTOR ( 'NONE', #963, 1000.000000000000227 ) ;
#1686 = ORIENTED_EDGE ( 'NONE', *, *, #1735, .F. ) ;
#1687 = LINE ( 'NONE', #2570, #62 ) ;
#1688 = VECTOR ( 'NONE', #11, 1000.000000000000000 ) ;
#1689 = ORIENTED_EDGE ( 'NONE', *, *, #626, .T. ) ;
#1690 = EDGE_CURVE ( 'NONE', #3481, #1441, #2041, .T. ) ;
#1691 = LINE ( 'NONE', #13, #1355 ) ;
#1692 = CARTESIAN_POINT ( 'NONE',  ( 95.10000000000000853, 7.500000000000000000, 9.900000000000000355 ) ) ;
#1693 = FACE_OUTER_BOUND ( 'NONE', #409, .T. ) ;
#1694 = PLANE ( 'NONE',  #3154 ) ;
#1695 = ORIENTED_EDGE ( 'NONE', *, *, #2657, .T. ) ;
#1696 = ORIENTED_EDGE ( 'NONE', *, *, #2594, .T. ) ;
#1697 = EDGE_CURVE ( 'NONE', #1173, #3311, #1210, .T. ) ;
#1698 = LINE ( 'NONE', #893, #133 ) ;
#1699 = DIRECTION ( 'NONE',  ( 1.000000000000000000, 1.027984282060329919E-17, 0.000000000000000000 ) ) ;
#1700 = CARTESIAN_POINT ( 'NONE',  ( 31.20000000001019913, 3.433260614208859973, 9.900000000000000355 ) ) ;
#1701 = ORIENTED_EDGE ( 'NONE', *, *, #735, .T. ) ;
#1702 = ADVANCED_FACE ( 'NONE', ( #3372 ), #878, .F. ) ;
#1703 = CARTESIAN_POINT ( 'NONE',  ( -6.000000000000006217, -18.00000000000000000, -1.199999999999987965 ) ) ;
#1704 = CARTESIAN_POINT ( 'NONE',  ( 108.0000000000000000, 18.00000000000000000, -1.199999999999981970 ) ) ;
#1705 = ORIENTED_EDGE ( 'NONE', *, *, #238, .F. ) ;
#1706 = VECTOR ( 'NONE', #1321, 1000.000000000000114 ) ;
#1707 = ORIENTED_EDGE ( 'NONE', *, *, #3308, .T. ) ;
#1708 = DIRECTION ( 'NONE',  ( 1.000000000000000000, 3.038581678643130202E-64, -1.232595164407829988E-32 ) ) ;
#1709 = VECTOR ( 'NONE', #2226, 1000.000000000000000 ) ;
#1710 = VECTOR ( 'NONE', #3322, 1000.000000000000000 ) ;
#1711 = DIRECTION ( 'NONE',  ( 6.842277657836019882E-47, -1.000000000000000000, -5.468348304142539232E-47 ) ) ;
#1712 = CARTESIAN_POINT ( 'NONE',  ( 52.50000000002179945, 6.000000000000000000, 13.50000000000000000 ) ) ;
#1713 = EDGE_CURVE ( 'NONE', #3311, #1471, #95, .T. ) ;
#1714 = ORIENTED_EDGE ( 'NONE', *, *, #2865, .F. ) ;
#1715 = ORIENTED_EDGE ( 'NONE', *, *, #2712, .F. ) ;
#1716 = DIRECTION ( 'NONE',  ( 1.000000000000000000, 7.395570986446990055E-32, -3.694829935231450289E-47 ) ) ;
#1717 = VECTOR ( 'NONE', #2022, 1000.000000000000000 ) ;
#1718 = CARTESIAN_POINT ( 'NONE',  ( 68.99999937415140039, -4.499999999999724665, 1.500000000000000000 ) ) ;
#1719 = PLANE ( 'NONE',  #220 ) ;
#1720 = EDGE_CURVE ( 'NONE', #1896, #2439, #1443, .T. ) ;
#1721 = ORIENTED_EDGE ( 'NONE', *, *, #626, .F. ) ;
#1722 = CARTESIAN_POINT ( 'NONE',  ( -15.00000062584870086, 4.500000000000000000, 1.500000000000000000 ) ) ;
#1723 = EDGE_CURVE ( 'NONE', #2066, #582, #3043, .T. ) ;
#1724 = ORIENTED_EDGE ( 'NONE', *, *, #3040, .F. ) ;
#1725 = EDGE_LOOP ( 'NONE', ( #3399, #1497, #18, #591 ) ) ;
#1726 = FACE_OUTER_BOUND ( 'NONE', #3139, .T. ) ;
#1727 = CARTESIAN_POINT ( 'NONE',  ( 85.17201879518040641, -1.283369692892633918, 9.900000000000000355 ) ) ;
#1728 = PLANE ( 'NONE',  #3433 ) ;
#1729 = ORIENTED_EDGE ( 'NONE', *, *, #573, .F. ) ;
#1730 = VERTEX_POINT ( 'NONE', #290 ) ;
#1731 = CARTESIAN_POINT ( 'NONE',  ( -5.332575694955830947, 18.00000000000000000, -5.734714594940487409 ) ) ;
#1732 = CARTESIAN_POINT ( 'NONE',  ( -66.00000000000000000, 5.700000000000000178, -8.450062914116722856E-16 ) ) ;
#1733 = DIRECTION ( 'NONE',  ( 0.4472135954999569840, -0.4472135954999579832, 0.7745966692414839594 ) ) ;
#1734 = VERTEX_POINT ( 'NONE', #1732 ) ;
#1735 = EDGE_CURVE ( 'NONE', #40, #1237, #2542, .T. ) ;
#1736 = LINE ( 'NONE', #2564, #544 ) ;
#1737 = DIRECTION ( 'NONE',  ( 1.000000000000000000, 0.000000000000000000, 0.000000000000000000 ) ) ;
#1738 = VERTEX_POINT ( 'NONE', #2272 ) ;
#1739 = ADVANCED_FACE ( 'NONE', ( #2820 ), #330, .F. ) ;
#1740 = CARTESIAN_POINT ( 'NONE',  ( 9.900000000000000355, 6.000000000000000000, 13.50000000000000000 ) ) ;
#1741 = AXIS2_PLACEMENT_3D ( 'NONE', #59, #2273, #3392 ) ;
#1742 = AXIS2_PLACEMENT_3D ( 'NONE', #2478, #3285, #3302 ) ;
#1743 = DIRECTION ( 'NONE',  ( 0.000000000000000000, -1.000000000000000000, 0.000000000000000000 ) ) ;
#1744 = CARTESIAN_POINT ( 'NONE',  ( -8.179363416975899526, 6.000000000000000000, 13.50000000000000000 ) ) ;
#1745 = ORIENTED_EDGE ( 'NONE', *, *, #2328, .F. ) ;
#1746 = AXIS2_PLACEMENT_3D ( 'NONE', #3470, #663, #3452 ) ;
#1747 = ORIENTED_EDGE ( 'NONE', *, *, #2124, .F. ) ;
#1748 = CARTESIAN_POINT ( 'NONE',  ( 78.35596240976701665, 6.000000000000000000, 13.50000000000000000 ) ) ;
#1749 = DIRECTION ( 'NONE',  ( -0.8660254037844387076, -1.232595164407828893E-32, 0.4999999999999998890 ) ) ;
#1750 = DIRECTION ( 'NONE',  ( -7.395570986446990055E-32, 1.000000000000000000, 4.930380657631319405E-32 ) ) ;
#1751 = ORIENTED_EDGE ( 'NONE', *, *, #2064, .F. ) ;
#1752 = CARTESIAN_POINT ( 'NONE',  ( 5.999999999999999112, -18.00000000000000000, -1.199999999999987299 ) ) ;
#1753 = ADVANCED_FACE ( 'NONE', ( #2236 ), #2008, .F. ) ;
#1754 = ORIENTED_EDGE ( 'NONE', *, *, #573, .T. ) ;
#1755 = CARTESIAN_POINT ( 'NONE',  ( 34.20000000001019913, 4.499999894648275323, 9.900000000000000355 ) ) ;
#1756 = LINE ( 'NONE', #1996, #1172 ) ;
#1757 = ADVANCED_FACE ( 'NONE', ( #585 ), #3113, .F. ) ;
#1758 = AXIS2_PLACEMENT_3D ( 'NONE', #218, #1064, #2163 ) ;
#1759 = ORIENTED_EDGE ( 'NONE', *, *, #2090, .T. ) ;
#1760 = AXIS2_PLACEMENT_3D ( 'NONE', #386, #2983, #181 ) ;
#1761 = FACE_OUTER_BOUND ( 'NONE', #3482, .T. ) ;
#1762 = PLANE ( 'NONE',  #2197 ) ;
#1763 = VERTEX_POINT ( 'NONE', #859 ) ;
#1764 = VECTOR ( 'NONE', #2896, 1000.000000000000000 ) ;
#1765 = AXIS2_PLACEMENT_3D ( 'NONE', #2306, #431, #1224 ) ;
#1766 = EDGE_LOOP ( 'NONE', ( #791, #299, #2551, #966 ) ) ;
#1767 = LINE ( 'NONE', #94, #2278 ) ;
#1768 = CARTESIAN_POINT ( 'NONE',  ( 98.49894742673220094, -9.000000000000000000, -7.500000000000000000 ) ) ;
#1769 = LINE ( 'NONE', #2325, #3196 ) ;
#1770 = VECTOR ( 'NONE', #264, 1000.000000000000000 ) ;
#1771 = DIRECTION ( 'NONE',  ( 0.000000000000000000, 0.000000000000000000, -1.000000000000000000 ) ) ;
#1772 = CIRCLE ( 'NONE', #783, 6.000000000000019540 ) ;
#1773 = DIRECTION ( 'NONE',  ( 0.000000000000000000, -1.000000000000000000, 0.000000000000000000 ) ) ;
#1774 = CARTESIAN_POINT ( 'NONE',  ( 113.5560777532356127, -18.00000000000000000, -7.500000000000000000 ) ) ;
#1775 = PRODUCT_CONTEXT ( 'NONE', #2365, 'mechanical' ) ;
#1776 = VERTEX_POINT ( 'NONE', #636 ) ;
#1777 = ADVANCED_FACE ( 'NONE', ( #346 ), #3074, .F. ) ;
#1778 = DIRECTION ( 'NONE',  ( -1.000000000000000000, 0.000000000000000000, 0.000000000000000000 ) ) ;
#1779 = CARTESIAN_POINT ( 'NONE',  ( -48.00000000000000000, -9.000000000000000000, -7.500000000000000000 ) ) ;
#1780 = EDGE_LOOP ( 'NONE', ( #2652, #3063, #1136 ) ) ;
#1781 = ORIENTED_EDGE ( 'NONE', *, *, #2969, .F. ) ;
#1782 = DIRECTION ( 'NONE',  ( -6.842277657836019882E-47, 1.000000000000000000, 0.000000000000000000 ) ) ;
#1783 = DIRECTION ( 'NONE',  ( 1.000000000000000000, 1.027984282060329919E-17, 0.000000000000000000 ) ) ;
#1784 = EDGE_CURVE ( 'NONE', #1922, #91, #929, .T. ) ;
#1785 = LINE ( 'NONE', #2886, #609 ) ;
#1786 = CARTESIAN_POINT ( 'NONE',  ( -18.46410224098654851, -4.500000000000000000, 7.500000000000000000 ) ) ;
#1787 = ORIENTED_EDGE ( 'NONE', *, *, #130, .T. ) ;
#1788 = SURFACE_STYLE_FILL_AREA ( #3525 ) ;
#1789 = DIRECTION ( 'NONE',  ( 1.000000000000000000, 0.000000000000000000, 0.000000000000000000 ) ) ;
#1790 = DIRECTION ( 'NONE',  ( -1.000000000000000000, 0.000000000000000000, 0.000000000000000000 ) ) ;
#1791 = VERTEX_POINT ( 'NONE', #2324 ) ;
#1792 = DIRECTION ( 'NONE',  ( 7.395570986446990055E-32, -1.000000000000000000, -4.930380657631319405E-32 ) ) ;
#1793 = DIRECTION ( 'NONE',  ( -0.8137334712070509735, -0.5812381937186539282, 0.000000000000000000 ) ) ;
#1794 = CIRCLE ( 'NONE', #808, 1.000000000000000000 ) ;
#1795 = EDGE_LOOP ( 'NONE', ( #2515, #3570, #3072, #1724 ) ) ;
#1796 = EDGE_CURVE ( 'NONE', #3537, #575, #175, .T. ) ;
#1797 = VECTOR ( 'NONE', #1382, 1000.000000000000000 ) ;
#1798 = CARTESIAN_POINT ( 'NONE',  ( 114.0000000000000000, -18.00000000000000000, -1.199999999999987299 ) ) ;
#1799 = FACE_OUTER_BOUND ( 'NONE', #1939, .T. ) ;
#1800 = DIRECTION ( 'NONE',  ( 0.8619342151577699118, 0.5070201265633930143, 0.000000000000000000 ) ) ;
#1801 = ORIENTED_EDGE ( 'NONE', *, *, #3383, .T. ) ;
#1802 = EDGE_CURVE ( 'NONE', #614, #1492, #1495, .T. ) ;
#1803 = VECTOR ( 'NONE', #2416, 1000.000000000000000 ) ;
#1804 = DIRECTION ( 'NONE',  ( 0.000000000000000000, 0.000000000000000000, -1.000000000000000000 ) ) ;
#1805 = EDGE_CURVE ( 'NONE', #3116, #2204, #1785, .T. ) ;
#1806 = CARTESIAN_POINT ( 'NONE',  ( 52.50000000002179945, 6.000000000000000000, 9.900000000000000355 ) ) ;
#1807 = CARTESIAN_POINT ( 'NONE',  ( -63.60000000000000142, 5.916457635513519731E-30, 7.518830502887700457E-31 ) ) ;
#1808 = EDGE_LOOP ( 'NONE', ( #320, #1240, #2159, #2716 ) ) ;
#1809 = ORIENTED_EDGE ( 'NONE', *, *, #2347, .T. ) ;
#1810 = CARTESIAN_POINT ( 'NONE',  ( -48.00000000000000000, 18.00000000000000000, -7.500000000000000000 ) ) ;
#1811 = CARTESIAN_POINT ( 'NONE',  ( 96.58384612033499650, -4.269230259510214509, 9.900000000000000355 ) ) ;
#1812 = AXIS2_PLACEMENT_3D ( 'NONE', #2436, #1881, #2733 ) ;
#1813 = VERTEX_POINT ( 'NONE', #3216 ) ;
#1814 = AXIS2_PLACEMENT_3D ( 'NONE', #2734, #1232, #625 ) ;
#1815 = FACE_OUTER_BOUND ( 'NONE', #494, .T. ) ;
#1816 = CARTESIAN_POINT ( 'NONE',  ( -48.00000000000000000, 18.00000000000000000, -7.500000000000000000 ) ) ;
#1817 = DIRECTION ( 'NONE',  ( -5.921189464667500234E-15, -1.000000000000000000, 0.000000000000000000 ) ) ;
#1818 = EDGE_CURVE ( 'NONE', #799, #2208, #2118, .T. ) ;
#1819 = ORIENTED_EDGE ( 'NONE', *, *, #1000, .F. ) ;
#1820 = ORIENTED_EDGE ( 'NONE', *, *, #2907, .F. ) ;
#1821 = VECTOR ( 'NONE', #1480, 1000.000000000000114 ) ;
#1822 = SURFACE_STYLE_USAGE ( .BOTH. , #2379 ) ;
#1823 = CARTESIAN_POINT ( 'NONE',  ( 107.9999999999999858, 18.00000000000000000, -1.199999999999987965 ) ) ;
#1824 = EDGE_CURVE ( 'NONE', #1562, #2066, #968, .T. ) ;
#1825 = VECTOR ( 'NONE', #3092, 1000.000000000000000 ) ;
#1826 = DIRECTION ( 'NONE',  ( -0.8619342151577699118, -0.5070201265633930143, 0.000000000000000000 ) ) ;
#1827 = EDGE_CURVE ( 'NONE', #3125, #1537, #3236, .T. ) ;
#1828 = VECTOR ( 'NONE', #778, 1000.000000000000000 ) ;
#1829 = CARTESIAN_POINT ( 'NONE',  ( 103.4292208328949840, 18.00000000000000000, -5.086898224234707833 ) ) ;
#1830 = ORIENTED_EDGE ( 'NONE', *, *, #138, .F. ) ;
#1831 = DIRECTION ( 'NONE',  ( -0.4472135954999569840, -0.4472135954999579832, 0.7745966692414839594 ) ) ;
#1832 = LINE ( 'NONE', #1239, #639 ) ;
#1833 = ORIENTED_EDGE ( 'NONE', *, *, #134, .F. ) ;
#1834 = CARTESIAN_POINT ( 'NONE',  ( -6.000000000000006217, -18.00000000000000000, -1.199999999999987965 ) ) ;
#1835 = PLANE ( 'NONE',  #2402 ) ;
#1836 = PLANE ( 'NONE',  #2840 ) ;
#1837 = ORIENTED_EDGE ( 'NONE', *, *, #1720, .F. ) ;
#1838 = EDGE_LOOP ( 'NONE', ( #944, #618, #787, #623, #1680, #3059, #1863, #3421, #1819, #2829 ) ) ;
#1839 = EDGE_CURVE ( 'NONE', #1738, #1776, #396, .T. ) ;
#1840 = CARTESIAN_POINT ( 'NONE',  ( -19.91031829151879862, -6.000000000000000000, 13.50000000000000000 ) ) ;
#1841 = FACE_OUTER_BOUND ( 'NONE', #1985, .T. ) ;
#1842 = EDGE_CURVE ( 'NONE', #2749, #449, #2597, .T. ) ;
#1843 = LINE ( 'NONE', #2944, #657 ) ;
#1844 = LINE ( 'NONE', #679, #2432 ) ;
#1845 = CARTESIAN_POINT ( 'NONE',  ( 112.5707791671049876, -18.00000000000000000, -5.086898224234718491 ) ) ;
#1846 = ADVANCED_FACE ( 'NONE', ( #1799 ), #1835, .F. ) ;
#1847 = ORIENTED_EDGE ( 'NONE', *, *, #914, .T. ) ;
#1848 = DIRECTION ( 'NONE',  ( 1.000000000000000000, 0.000000000000000000, 0.000000000000000000 ) ) ;
#1849 = LINE ( 'NONE', #999, #1454 ) ;
#1850 = VERTEX_POINT ( 'NONE', #2354 ) ;
#1851 = PLANE ( 'NONE',  #3395 ) ;
#1852 = DIRECTION ( 'NONE',  ( -0.8712476277450568185, -0.4908437339404578825, 3.146490164343679510E-47 ) ) ;
#1853 = DIRECTION ( 'NONE',  ( 1.000000000000000000, 0.000000000000000000, 0.000000000000000000 ) ) ;
#1854 = VERTEX_POINT ( 'NONE', #2391 ) ;
#1855 = VECTOR ( 'NONE', #1226, 1000.000000000000000 ) ;
#1856 = ORIENTED_EDGE ( 'NONE', *, *, #3243, .F. ) ;
#1857 = DIRECTION ( 'NONE',  ( -0.6614378277661525640, -0.000000000000000000, -0.7499999999999957812 ) ) ;
#1858 = VECTOR ( 'NONE', #855, 1000.000000000000000 ) ;
#1859 = VECTOR ( 'NONE', #1236, 1000.000000000000000 ) ;
#1860 = CARTESIAN_POINT ( 'NONE',  ( 10.49999968707557940, -4.499999999999724665, -7.500000000000000000 ) ) ;
#1861 = ADVANCED_FACE ( 'NONE', ( #1244 ), #2901, .F. ) ;
#1862 = DIRECTION ( 'NONE',  ( 0.000000000000000000, 0.000000000000000000, -1.000000000000000000 ) ) ;
#1863 = ORIENTED_EDGE ( 'NONE', *, *, #2799, .T. ) ;
#1864 = EDGE_LOOP ( 'NONE', ( #2144, #2997, #611 ) ) ;
#1865 = CARTESIAN_POINT ( 'NONE',  ( -4.582575694955828283, 18.00000000000000000, -6.396152422706633089 ) ) ;
#1866 = ADVANCED_FACE ( 'NONE', ( #2614 ), #3170, .F. ) ;
#1867 = LINE ( 'NONE', #1053, #2281 ) ;
#1868 = LINE ( 'NONE', #2994, #2909 ) ;
#1869 = LINE ( 'NONE', #743, #2227 ) ;
#1870 = LINE ( 'NONE', #160, #2369 ) ;
#1871 = EDGE_CURVE ( 'NONE', #581, #2348, #1076, .T. ) ;
#1872 = ORIENTED_EDGE ( 'NONE', *, *, #234, .T. ) ;
#1873 = CIRCLE ( 'NONE', #1522, 11.40000000000000036 ) ;
#1874 = ORIENTED_EDGE ( 'NONE', *, *, #3449, .T. ) ;
#1875 = DIRECTION ( 'NONE',  ( 1.000000000000000000, 1.027984282060329919E-17, -3.694829935231450289E-47 ) ) ;
#1876 = DIRECTION ( 'NONE',  ( -7.395570986446990055E-32, 1.000000000000000000, 4.930380657631319405E-32 ) ) ;
#1877 = AXIS2_PLACEMENT_3D ( 'NONE', #3316, #1429, #1640 ) ;
#1878 = AXIS2_PLACEMENT_3D ( 'NONE', #2205, #2588, #102 ) ;
#1879 = CARTESIAN_POINT ( 'NONE',  ( -30.78069758012999912, -6.000000000000000000, 13.50000000000000000 ) ) ;
#1880 = VECTOR ( 'NONE', #1199, 1000.000000000000000 ) ;
#1881 = DIRECTION ( 'NONE',  ( 7.395570986446990055E-32, -1.000000000000000000, -4.930380657631319405E-32 ) ) ;
#1882 = VERTEX_POINT ( 'NONE', #2072 ) ;
#1883 = ORIENTED_EDGE ( 'NONE', *, *, #682, .F. ) ;
#1884 = AXIS2_PLACEMENT_3D ( 'NONE', #58, #1404, #42 ) ;
#1885 = DIRECTION ( 'NONE',  ( -7.395570986446990055E-32, 1.000000000000000000, 4.930380657631319405E-32 ) ) ;
#1886 = CIRCLE ( 'NONE', #321, 6.000000000000019540 ) ;
#1887 = EDGE_CURVE ( 'NONE', #2628, #2910, #411, .T. ) ;
#1888 = CARTESIAN_POINT ( 'NONE',  ( 8.179363416962399214, -6.000000000000000000, 13.50000000000000000 ) ) ;
#1889 = DIRECTION ( 'NONE',  ( -1.000000000000000000, 7.383753479102818642E-62, 0.000000000000000000 ) ) ;
#1890 = DIRECTION ( 'NONE',  ( 0.8849182223819820337, -0.4657464328326229586, -2.613232679281770153E-47 ) ) ;
#1891 = ORIENTED_EDGE ( 'NONE', *, *, #976, .T. ) ;
#1892 = ORIENTED_EDGE ( 'NONE', *, *, #557, .F. ) ;
#1893 = EDGE_CURVE ( 'NONE', #1684, #756, #1544, .T. ) ;
#1894 = FACE_OUTER_BOUND ( 'NONE', #3283, .T. ) ;
#1895 = FACE_BOUND ( 'NONE', #2992, .T. ) ;
#1896 = VERTEX_POINT ( 'NONE', #3517 ) ;
#1897 = FACE_OUTER_BOUND ( 'NONE', #1920, .T. ) ;
#1898 = PLANE ( 'NONE',  #1758 ) ;
#1899 = DIRECTION ( 'NONE',  ( 0.000000000000000000, 0.000000000000000000, -1.000000000000000000 ) ) ;
#1900 = EDGE_LOOP ( 'NONE', ( #2676, #3007, #389, #2888 ) ) ;
#1901 = ORIENTED_EDGE ( 'NONE', *, *, #954, .T. ) ;
#1902 = DIRECTION ( 'NONE',  ( -1.000000000000000000, -6.842277657836019882E-47, 3.694829935231450289E-47 ) ) ;
#1903 = CARTESIAN_POINT ( 'NONE',  ( 4.332575694955830947, 18.00000000000000000, -5.734714594940487409 ) ) ;
#1904 = PRODUCT ( 'Solar array module modif12', 'Solar array module modif12', '', ( #1775 ) ) ;
#1905 = CARTESIAN_POINT ( 'NONE',  ( 92.99999937415138618, -6.749999999999880096, -7.500000000000000000 ) ) ;
#1906 = CARTESIAN_POINT ( 'NONE',  ( 117.5010525732677849, -9.000000000000000000, -7.500000000000000000 ) ) ;
#1907 = DIRECTION ( 'NONE',  ( -3.004629197474319542E-17, 0.8660254037844387076, 0.4999999999999998890 ) ) ;
#1908 = EDGE_CURVE ( 'NONE', #2549, #3554, #2917, .T. ) ;
#1909 = EDGE_LOOP ( 'NONE', ( #3334, #2025, #1608, #3359 ) ) ;
#1910 = EDGE_LOOP ( 'NONE', ( #1307, #3291, #1390, #3301 ) ) ;
#1911 = CARTESIAN_POINT ( 'NONE',  ( 108.0000000000000000, -8.999999999999998224, 10.20000000000001883 ) ) ;
#1912 = DIRECTION ( 'NONE',  ( 7.395570986446990055E-32, -1.000000000000000000, -4.930380657631319405E-32 ) ) ;
#1913 = EDGE_CURVE ( 'NONE', #1471, #2567, #432, .T. ) ;
#1914 = VERTEX_POINT ( 'NONE', #2649 ) ;
#1915 = AXIS2_PLACEMENT_3D ( 'NONE', #2237, #2212, #3595 ) ;
#1916 = AXIS2_PLACEMENT_3D ( 'NONE', #2757, #3049, #513 ) ;
#1917 = DIRECTION ( 'NONE',  ( 7.383753479102818642E-62, 1.000000000000000000, 2.465190328815659976E-32 ) ) ;
#1918 = ADVANCED_FACE ( 'NONE', ( #159 ), #447, .T. ) ;
#1919 = ORIENTED_EDGE ( 'NONE', *, *, #3195, .T. ) ;
#1920 = EDGE_LOOP ( 'NONE', ( #1714, #227, #298, #2595 ) ) ;
#1921 = FACE_OUTER_BOUND ( 'NONE', #3319, .T. ) ;
#1922 = VERTEX_POINT ( 'NONE', #2995 ) ;
#1923 = DIRECTION ( 'NONE',  ( 0.000000000000000000, 0.000000000000000000, -1.000000000000000000 ) ) ;
#1924 = CARTESIAN_POINT ( 'NONE',  ( -48.00000000000000000, 18.00000000000000000, -7.500000000000000000 ) ) ;
#1925 = CARTESIAN_POINT ( 'NONE',  ( -29.70000000002234941, -3.085216014201020318, 13.50000000000000000 ) ) ;
#1926 = ORIENTED_EDGE ( 'NONE', *, *, #3089, .T. ) ;
#1927 = VERTEX_POINT ( 'NONE', #2172 ) ;
#1928 = EDGE_CURVE ( 'NONE', #2868, #2628, #1580, .T. ) ;
#1929 = CARTESIAN_POINT ( 'NONE',  ( 98.49894742673220094, 9.000000000000000000, -7.500000000000000000 ) ) ;
#1930 = FACE_BOUND ( 'NONE', #2189, .T. ) ;
#1931 = ORIENTED_EDGE ( 'NONE', *, *, #2558, .F. ) ;
#1932 = CLOSED_SHELL ( 'NONE', ( #1227, #965, #1757, #2264, #1557, #329, #1380, #622, #932, #1918, #715, #393, #1550, #3413, #3336, #3227, #2693, #168, #1641, #1096, #2547, #2122, #51, #1396, #2417, #2927, #34, #2574, #313, #2069, #577, #370, #1161, #3492, #1432, #2024, #941, #2731, #686, #152, #1650, #692, #1618, #643, #73, #1866, #3003, #1445, #1023, #1298, #93, #2980, #3286, #2108, #2456, #867, #2923, #3270, #2387, #908, #2291, #2312, #2147, #438, #3476, #1861, #2783, #1846, #2142, #2678, #2128, #752, #351, #1269, #1753, #464, #2998, #2838, #1960, #2309, #149, #1407, #805, #3023, #266, #1739, #2176, #2822, #1335, #44, #1777, #1569, #1213, #2581, #3520, #2327, #107, #481, #1233, #2843, #354, #1514, #1573, #1070, #2218, #1043, #2965, #1663, #1194, #1511, #1702, #3019, #1529, #800, #1030, #288, #2500, #3602, #1235, #332, #3503, #3430, #983 ) ) ;
#1933 = EDGE_CURVE ( 'NONE', #326, #2534, #1343, .T. ) ;
#1934 = VECTOR ( 'NONE', #1474, 1000.000000000000000 ) ;
#1935 = PLANE ( 'NONE',  #2397 ) ;
#1936 = CARTESIAN_POINT ( 'NONE',  ( -30.78069758012999912, -6.000000000000000000, 13.50000000000000000 ) ) ;
#1937 = AXIS2_PLACEMENT_3D ( 'NONE', #1807, #1516, #1029 ) ;
#1938 = ORIENTED_EDGE ( 'NONE', *, *, #1052, .T. ) ;
#1939 = EDGE_LOOP ( 'NONE', ( #2473, #374, #2874, #2817 ) ) ;
#1940 = EDGE_CURVE ( 'NONE', #1449, #2979, #3589, .T. ) ;
#1941 = VECTOR ( 'NONE', #1317, 1000.000000000000000 ) ;
#1942 = CARTESIAN_POINT ( 'NONE',  ( 113.3325756949558070, -18.00000000000000000, -5.734714594940502508 ) ) ;
#1943 = VECTOR ( 'NONE', #3465, 1000.000000000000000 ) ;
#1944 = ORIENTED_EDGE ( 'NONE', *, *, #2027, .F. ) ;
#1945 = CARTESIAN_POINT ( 'NONE',  ( 120.0000000000000000, 9.000000000000000000, -7.500000000000000000 ) ) ;
#1946 = PLANE ( 'NONE',  #1948 ) ;
#1947 = DIRECTION ( 'NONE',  ( 0.000000000000000000, 0.000000000000000000, -1.000000000000000000 ) ) ;
#1948 = AXIS2_PLACEMENT_3D ( 'NONE', #1727, #3051, #1743 ) ;
#1949 = ORIENTED_EDGE ( 'NONE', *, *, #1121, .F. ) ;
#1950 = ORIENTED_EDGE ( 'NONE', *, *, #3541, .T. ) ;
#1951 = LINE ( 'NONE', #2210, #475 ) ;
#1952 = LINE ( 'NONE', #2746, #2578 ) ;
#1953 = FACE_BOUND ( 'NONE', #770, .T. ) ;
#1954 = ORIENTED_EDGE ( 'NONE', *, *, #1498, .F. ) ;
#1955 = CARTESIAN_POINT ( 'NONE',  ( -13.98069758012417907, 6.000000000000000000, 13.50000000000000000 ) ) ;
#1956 = EDGE_CURVE ( 'NONE', #633, #2351, #2466, .T. ) ;
#1957 = VERTEX_POINT ( 'NONE', #3012 ) ;
#1958 = VERTEX_POINT ( 'NONE', #192 ) ;
#1959 = FACE_OUTER_BOUND ( 'NONE', #4, .T. ) ;
#1960 = ADVANCED_FACE ( 'NONE', ( #1109 ), #2187, .F. ) ;
#1961 = CARTESIAN_POINT ( 'NONE',  ( 102.4439222467643873, -9.000000000000000000, -7.500000000000000000 ) ) ;
#1962 = CARTESIAN_POINT ( 'NONE',  ( 120.0000000000000000, 9.000000000000000000, 13.50000000000000000 ) ) ;
#1963 = FACE_OUTER_BOUND ( 'NONE', #3255, .T. ) ;
#1964 = CARTESIAN_POINT ( 'NONE',  ( -45.00000000000000000, -6.000000000000000000, 9.900000000000000355 ) ) ;
#1965 = VERTEX_POINT ( 'NONE', #466 ) ;
#1966 = ORIENTED_EDGE ( 'NONE', *, *, #488, .F. ) ;
#1967 = CARTESIAN_POINT ( 'NONE',  ( 117.0000000000000000, 6.000000000000000000, 9.900000000000000355 ) ) ;
#1968 = DIRECTION ( 'NONE',  ( -0.6614378277661525640, -0.000000000000000000, -0.7499999999999957812 ) ) ;
#1969 = FACE_BOUND ( 'NONE', #1085, .T. ) ;
#1970 = ORIENTED_EDGE ( 'NONE', *, *, #3115, .F. ) ;
#1971 = CARTESIAN_POINT ( 'NONE',  ( -48.00000000000000000, 5.916457635513519731E-30, 5.916456789157509718E-31 ) ) ;
#1972 = FACE_OUTER_BOUND ( 'NONE', #2262, .T. ) ;
#1973 = AXIS2_PLACEMENT_3D ( 'NONE', #2073, #145, #1817 ) ;
#1974 = DIRECTION ( 'NONE',  ( -4.563968250944789488E-12, -1.000000000000000000, 0.000000000000000000 ) ) ;
#1975 = ORIENTED_EDGE ( 'NONE', *, *, #3164, .T. ) ;
#1976 = VECTOR ( 'NONE', #1133, 1000.000000000000000 ) ;
#1977 = EDGE_LOOP ( 'NONE', ( #996, #861, #1715, #323 ) ) ;
#1978 = EDGE_CURVE ( 'NONE', #246, #1159, #3568, .T. ) ;
#1979 = DIRECTION ( 'NONE',  ( 0.000000000000000000, -1.000000000000000000, -2.465190328815659702E-32 ) ) ;
#1980 = AXIS2_PLACEMENT_3D ( 'NONE', #2929, #938, #455 ) ;
#1981 = EDGE_CURVE ( 'NONE', #1449, #2316, #2721, .T. ) ;
#1982 = DIRECTION ( 'NONE',  ( 6.842277657836019882E-47, -1.000000000000000000, 0.000000000000000000 ) ) ;
#1983 = CARTESIAN_POINT ( 'NONE',  ( -15.00000062584880034, -4.500000000000000000, 1.500000000000000000 ) ) ;
#1984 = EDGE_LOOP ( 'NONE', ( #2725, #1297, #3473, #10, #219 ) ) ;
#1985 = EDGE_LOOP ( 'NONE', ( #306, #3418, #1056, #161, #1645, #2954, #2544, #1387, #2191, #2386, #39, #1457 ) ) ;
#1986 = DIRECTION ( 'NONE',  ( -7.395570986446990055E-32, 1.000000000000000000, 4.930380657631319405E-32 ) ) ;
#1987 = EDGE_CURVE ( 'NONE', #197, #506, #3252, .T. ) ;
#1988 = DIRECTION ( 'NONE',  ( 0.000000000000000000, -1.000000000000000000, -2.465190328815659702E-32 ) ) ;
#1989 = CARTESIAN_POINT ( 'NONE',  ( 68.99999937415140039, -4.499999999999724665, 1.500000000000000000 ) ) ;
#1990 = EDGE_LOOP ( 'NONE', ( #746, #2429, #2514, #3191 ) ) ;
#1991 = DIRECTION ( 'NONE',  ( 0.000000000000000000, -5.053215498074299930E-16, 1.000000000000000000 ) ) ;
#1992 = LINE ( 'NONE', #3099, #3563 ) ;
#1993 = ORIENTED_EDGE ( 'NONE', *, *, #275, .F. ) ;
#1994 = AXIS2_PLACEMENT_3D ( 'NONE', #1494, #1243, #2099 ) ;
#1995 = ORIENTED_EDGE ( 'NONE', *, *, #2486, .T. ) ;
#1996 = CARTESIAN_POINT ( 'NONE',  ( 68.99999937415140039, 4.500000000000279776, -7.500000000000000000 ) ) ;
#1997 = VECTOR ( 'NONE', #2323, 1000.000000000000000 ) ;
#1998 = ORIENTED_EDGE ( 'NONE', *, *, #3342, .F. ) ;
#1999 = AXIS2_PLACEMENT_3D ( 'NONE', #2125, #165, #1789 ) ;
#2000 = CARTESIAN_POINT ( 'NONE',  ( -48.00000000000000000, 9.000000000000000000, -7.500000000000000000 ) ) ;
#2001 = LINE ( 'NONE', #649, #811 ) ;
#2002 = ORIENTED_EDGE ( 'NONE', *, *, #1596, .T. ) ;
#2003 = AXIS2_PLACEMENT_3D ( 'NONE', #366, #385, #1991 ) ;
#2004 = EDGE_CURVE ( 'NONE', #1492, #2194, #541, .T. ) ;
#2005 = EDGE_LOOP ( 'NONE', ( #3491, #1346, #2421, #1368 ) ) ;
#2006 = CARTESIAN_POINT ( 'NONE',  ( -64.79999999999999716, 6.093951339188219782E-30, 7.666741922616599358E-31 ) ) ;
#2007 = CONICAL_SURFACE ( 'NONE', #1593, 6.899999999999999467, 0.7853981633974476129 ) ;
#2008 = PLANE ( 'NONE',  #2289 ) ;
#2009 = CARTESIAN_POINT ( 'NONE',  ( 8.179363416962399214, -6.000000000000000000, 13.50000000000000000 ) ) ;
#2010 = ORIENTED_EDGE ( 'NONE', *, *, #2077, .T. ) ;
#2011 = EDGE_CURVE ( 'NONE', #1478, #2200, #2705, .T. ) ;
#2012 = CARTESIAN_POINT ( 'NONE',  ( -3.330669073875470016E-15, -9.000000000000000000, -1.199999999999987965 ) ) ;
#2013 = CARTESIAN_POINT ( 'NONE',  ( 102.6674243050441646, 18.00000000000000000, -5.734714594940499843 ) ) ;
#2014 = ORIENTED_EDGE ( 'NONE', *, *, #708, .T. ) ;
#2015 = PLANE ( 'NONE',  #1230 ) ;
#2016 = ORIENTED_EDGE ( 'NONE', *, *, #2395, .F. ) ;
#2017 = DIRECTION ( 'NONE',  ( 6.842277657836019882E-47, -1.000000000000000000, 0.000000000000000000 ) ) ;
#2018 = CARTESIAN_POINT ( 'NONE',  ( 57.05596240978479727, -6.000000000000000000, 13.50000000000000000 ) ) ;
#2019 = EDGE_LOOP ( 'NONE', ( #1167, #285, #26, #1781 ) ) ;
#2020 = EDGE_LOOP ( 'NONE', ( #1837, #2593, #1950, #1820 ) ) ;
#2021 = CARTESIAN_POINT ( 'NONE',  ( 29.64403759019485207, 6.000000000000000000, 13.50000000000000000 ) ) ;
#2022 = DIRECTION ( 'NONE',  ( -7.395570986446990055E-32, 1.000000000000000000, 4.930380657631318857E-32 ) ) ;
#2023 = CARTESIAN_POINT ( 'NONE',  ( -1.013119022161208633E-16, 8.999999999999998224, 10.20000000000001350 ) ) ;
#2024 = ADVANCED_FACE ( 'NONE', ( #797 ), #1364, .F. ) ;
#2025 = ORIENTED_EDGE ( 'NONE', *, *, #196, .F. ) ;
#2026 = CARTESIAN_POINT ( 'NONE',  ( -12.90000000000000036, -6.000000000000000000, 13.50000000000000000 ) ) ;
#2027 = EDGE_CURVE ( 'NONE', #1609, #326, #2109, .T. ) ;
#2028 = CARTESIAN_POINT ( 'NONE',  ( -3.330669073875470016E-15, -9.000000000000000000, -1.199999999999987965 ) ) ;
#2029 = ORIENTED_EDGE ( 'NONE', *, *, #640, .T. ) ;
#2030 = DIRECTION ( 'NONE',  ( -0.6614378277661578931, 0.000000000000000000, 0.7499999999999910072 ) ) ;
#2031 = DIRECTION ( 'NONE',  ( -1.000000000000000000, 7.383753479102818642E-62, 0.000000000000000000 ) ) ;
#2032 = VECTOR ( 'NONE', #3484, 1000.000000000000000 ) ;
#2033 = ORIENTED_EDGE ( 'NONE', *, *, #3362, .F. ) ;
#2034 = VECTOR ( 'NONE', #1344, 1000.000000000000000 ) ;
#2035 = DIRECTION ( 'NONE',  ( 7.395570986446990055E-32, -1.000000000000000000, -4.930380657631319405E-32 ) ) ;
#2036 = CARTESIAN_POINT ( 'NONE',  ( 9.900000000000000355, 7.500000000000000000, 13.50000000000000000 ) ) ;
#2037 = ORIENTED_EDGE ( 'NONE', *, *, #3153, .F. ) ;
#2038 = VECTOR ( 'NONE', #1902, 1000.000000000000000 ) ;
#2039 = ORIENTED_EDGE ( 'NONE', *, *, #3381, .F. ) ;
#2040 = LINE ( 'NONE', #2353, #3450 ) ;
#2041 = LINE ( 'NONE', #2802, #1253 ) ;
#2042 = CARTESIAN_POINT ( 'NONE',  ( -48.00000000000000000, 9.000000000000000000, 13.50000000000000000 ) ) ;
#2043 = VERTEX_POINT ( 'NONE', #1326 ) ;
#2044 = EDGE_CURVE ( 'NONE', #1730, #2164, #2741, .T. ) ;
#2045 = DIRECTION ( 'NONE',  ( 0.8712476277450330597, -0.4908437339404999600, 0.000000000000000000 ) ) ;
#2046 = DIRECTION ( 'NONE',  ( 1.000000000000000000, 2.537652632417799951E-15, 0.000000000000000000 ) ) ;
#2047 = EDGE_CURVE ( 'NONE', #2607, #3560, #2206, .T. ) ;
#2048 = CARTESIAN_POINT ( 'NONE',  ( 73.79999999999820659, 6.216630307115999621, 13.50000000000000000 ) ) ;
#2049 = EDGE_CURVE ( 'NONE', #3200, #3088, #1869, .T. ) ;
#2050 = CIRCLE ( 'NONE', #536, 1.000000000000000000 ) ;
#2051 = DIRECTION ( 'NONE',  ( -1.000744606038948583E-33, -0.8660254037844387076, 0.4999999999999998890 ) ) ;
#2052 = DIRECTION ( 'NONE',  ( 1.000000000000000000, 1.027984282060329919E-17, -3.694829935231450289E-47 ) ) ;
#2053 = ORIENTED_EDGE ( 'NONE', *, *, #3455, .T. ) ;
#2054 = VECTOR ( 'NONE', #751, 1000.000000000000000 ) ;
#2055 = EDGE_LOOP ( 'NONE', ( #2243, #997, #1462, #2701 ) ) ;
#2056 = PLANE ( 'NONE',  #2978 ) ;
#2057 = DIRECTION ( 'NONE',  ( -0.8849182223811506987, 0.4657464328342027504, 0.000000000000000000 ) ) ;
#2058 = DIRECTION ( 'NONE',  ( 0.000000000000000000, 0.000000000000000000, -1.000000000000000000 ) ) ;
#2059 = AXIS2_PLACEMENT_3D ( 'NONE', #3223, #733, #2941 ) ;
#2060 = CIRCLE ( 'NONE', #780, 6.000000000000002665 ) ;
#2061 = CARTESIAN_POINT ( 'NONE',  ( 108.0000000000000000, -9.000000000000000000, 10.20000000000001883 ) ) ;
#2062 = VECTOR ( 'NONE', #1711, 1000.000000000000000 ) ;
#2063 = LINE ( 'NONE', #3155, #2629 ) ;
#2064 = EDGE_CURVE ( 'NONE', #1296, #3250, #2410, .T. ) ;
#2065 = ORIENTED_EDGE ( 'NONE', *, *, #1049, .T. ) ;
#2066 = VERTEX_POINT ( 'NONE', #2975 ) ;
#2067 = DIRECTION ( 'NONE',  ( 1.000000000000000000, 1.027984282060329919E-17, 0.000000000000000000 ) ) ;
#2068 = CARTESIAN_POINT ( 'NONE',  ( 5.556077753235619809, 18.00000000000000000, -7.500000000000000000 ) ) ;
#2069 = ADVANCED_FACE ( 'NONE', ( #1054 ), #2007, .T. ) ;
#2070 = ORIENTED_EDGE ( 'NONE', *, *, #2530, .T. ) ;
#2071 = CARTESIAN_POINT ( 'NONE',  ( -36.05965120993499795, 1.457391992899488065, 9.900000000000000355 ) ) ;
#2072 = CARTESIAN_POINT ( 'NONE',  ( 93.54403759036320309, -6.000000000000000000, 13.50000000000000000 ) ) ;
#2073 = CARTESIAN_POINT ( 'NONE',  ( -15.00000062584880034, -4.500000000000000000, -7.500000000000000000 ) ) ;
#2074 = ORIENTED_EDGE ( 'NONE', *, *, #1452, .T. ) ;
#2075 = FACE_OUTER_BOUND ( 'NONE', #1910, .T. ) ;
#2076 = DIRECTION ( 'NONE',  ( 1.000000000000000000, 3.469446951953609258E-17, 0.000000000000000000 ) ) ;
#2077 = EDGE_CURVE ( 'NONE', #1542, #2245, #1438, .T. ) ;
#2078 = LINE ( 'NONE', #3192, #2293 ) ;
#2079 = LINE ( 'NONE', #2068, #2317 ) ;
#2080 = VECTOR ( 'NONE', #762, 1000.000000000000000 ) ;
#2081 = ORIENTED_EDGE ( 'NONE', *, *, #2102, .T. ) ;
#2082 = EDGE_CURVE ( 'NONE', #3159, #3374, #3085, .T. ) ;
#2083 = AXIS2_PLACEMENT_3D ( 'NONE', #1093, #1907, #520 ) ;
#2084 = FACE_OUTER_BOUND ( 'NONE', #2020, .T. ) ;
#2085 = CARTESIAN_POINT ( 'NONE',  ( 5.332575694955830947, -18.00000000000000000, -5.734714594940487409 ) ) ;
#2086 = CARTESIAN_POINT ( 'NONE',  ( 112.5825756949558070, -18.00000000000000000, -6.396152422706641083 ) ) ;
#2087 = ORIENTED_EDGE ( 'NONE', *, *, #598, .T. ) ;
#2088 = VECTOR ( 'NONE', #904, 1000.000000000000000 ) ;
#2089 = ORIENTED_EDGE ( 'NONE', *, *, #2345, .T. ) ;
#2090 = EDGE_CURVE ( 'NONE', #3076, #1734, #3048, .T. ) ;
#2091 = VECTOR ( 'NONE', #2762, 1000.000000000000114 ) ;
#2092 = CARTESIAN_POINT ( 'NONE',  ( 117.5010525732677849, 18.00000000000000000, -7.500000000000000000 ) ) ;
#2093 = CARTESIAN_POINT ( 'NONE',  ( 112.5707791671049876, 18.00000000000000000, -5.086898224234718491 ) ) ;
#2094 = DIRECTION ( 'NONE',  ( -7.395570986446990055E-32, 1.000000000000000000, 4.930380657631319405E-32 ) ) ;
#2095 = EDGE_LOOP ( 'NONE', ( #3002, #2599, #2446, #3045 ) ) ;
#2096 = DIRECTION ( 'NONE',  ( 1.000000000000000000, 0.000000000000000000, 0.000000000000000000 ) ) ;
#2097 = CARTESIAN_POINT ( 'NONE',  ( 89.53589775901319570, -1.035898384861968058, 7.500000000000000000 ) ) ;
#2098 = LINE ( 'NONE', #685, #132 ) ;
#2099 = DIRECTION ( 'NONE',  ( -0.8137334712064197006, 0.5812381937195377768, 0.000000000000000000 ) ) ;
#2100 = DIRECTION ( 'NONE',  ( 2.220446049250309876E-16, 1.000000000000000000, 0.000000000000000000 ) ) ;
#2101 = DIRECTION ( 'NONE',  ( -0.8712476277444827222, 0.4908437339414767897, 0.000000000000000000 ) ) ;
#2102 = EDGE_CURVE ( 'NONE', #3088, #869, #3384, .T. ) ;
#2103 = ORIENTED_EDGE ( 'NONE', *, *, #174, .F. ) ;
#2104 = ORIENTED_EDGE ( 'NONE', *, *, #2352, .T. ) ;
#2105 = AXIS2_PLACEMENT_3D ( 'NONE', #1431, #3414, #1771 ) ;
#2106 = PLANE ( 'NONE',  #660 ) ;
#2107 = CARTESIAN_POINT ( 'NONE',  ( 4.332575694955830947, -18.00000000000000000, -5.734714594940487409 ) ) ;
#2108 = ADVANCED_FACE ( 'NONE', ( #3365 ), #2796, .F. ) ;
#2109 = CIRCLE ( 'NONE', #3461, 11.40000000000000746 ) ;
#2110 = CARTESIAN_POINT ( 'NONE',  ( 102.6674243050441646, -18.00000000000000000, -5.734714594940499843 ) ) ;
#2111 = AXIS2_PLACEMENT_3D ( 'NONE', #560, #1671, #1398 ) ;
#2112 = ORIENTED_EDGE ( 'NONE', *, *, #3096, .T. ) ;
#2113 = DIRECTION ( 'NONE',  ( 0.000000000000000000, 0.000000000000000000, 1.000000000000000000 ) ) ;
#2114 = DIRECTION ( 'NONE',  ( -1.268826316266689953E-15, 1.000000000000000000, 4.688097455951630236E-62 ) ) ;
#2115 = LINE ( 'NONE', #3194, #359 ) ;
#2116 = ORIENTED_EDGE ( 'NONE', *, *, #3330, .F. ) ;
#2117 = LINE ( 'NONE', #2665, #3157 ) ;
#2118 = LINE ( 'NONE', #111, #1943 ) ;
#2119 = CARTESIAN_POINT ( 'NONE',  ( 92.99999937415138618, -4.499999999999724665, 1.500000000000000000 ) ) ;
#2120 = EDGE_LOOP ( 'NONE', ( #1392, #358, #258, #804 ) ) ;
#2121 = VERTEX_POINT ( 'NONE', #854 ) ;
#2122 = ADVANCED_FACE ( 'NONE', ( #595 ), #52, .T. ) ;
#2123 = LINE ( 'NONE', #2672, #960 ) ;
#2124 = EDGE_CURVE ( 'NONE', #2194, #614, #1169, .T. ) ;
#2125 = CARTESIAN_POINT ( 'NONE',  ( 108.0000000000000000, 18.00000000000000000, -1.199999999999981970 ) ) ;
#2126 = DIRECTION ( 'NONE',  ( -1.000000000000000000, -6.842277657836019882E-47, 0.000000000000000000 ) ) ;
#2127 = ORIENTED_EDGE ( 'NONE', *, *, #1166, .F. ) ;
#2128 = ADVANCED_FACE ( 'NONE', ( #2778 ), #2249, .F. ) ;
#2129 = CARTESIAN_POINT ( 'NONE',  ( 103.4174243050441646, -18.00000000000000000, -6.396152422706645524 ) ) ;
#2130 = VERTEX_POINT ( 'NONE', #324 ) ;
#2131 = DIRECTION ( 'NONE',  ( -7.395570986446990055E-32, 1.000000000000000000, 4.930380657631319405E-32 ) ) ;
#2132 = DIRECTION ( 'NONE',  ( -7.395570986446990055E-32, 1.000000000000000000, 4.930380657631318857E-32 ) ) ;
#2133 = PLANE ( 'NONE',  #3486 ) ;
#2134 = EDGE_LOOP ( 'NONE', ( #2968, #1830, #262 ) ) ;
#2135 = CIRCLE ( 'NONE', #991, 11.40000000000000746 ) ;
#2136 = ORIENTED_EDGE ( 'NONE', *, *, #2535, .T. ) ;
#2137 = DIRECTION ( 'NONE',  ( 0.000000000000000000, -1.000000000000000000, 0.000000000000000000 ) ) ;
#2138 = DIRECTION ( 'NONE',  ( 0.000000000000000000, -1.000000000000000000, 0.000000000000000000 ) ) ;
#2139 = DIRECTION ( 'NONE',  ( 0.000000000000000000, -1.000000000000000000, 0.000000000000000000 ) ) ;
#2140 = AXIS2_PLACEMENT_3D ( 'NONE', #2280, #2792, #372 ) ;
#2141 = CARTESIAN_POINT ( 'NONE',  ( -39.00000062584880567, 4.500000000000000000, -7.500000000000000000 ) ) ;
#2142 = ADVANCED_FACE ( 'NONE', ( #2286 ), #282, .F. ) ;
#2143 = FACE_OUTER_BOUND ( 'NONE', #1102, .T. ) ;
#2144 = ORIENTED_EDGE ( 'NONE', *, *, #3182, .F. ) ;
#2145 = ORIENTED_EDGE ( 'NONE', *, *, #375, .F. ) ;
#2146 = PLANE ( 'NONE',  #1916 ) ;
#2147 = ADVANCED_FACE ( 'NONE', ( #1963 ), #2520, .F. ) ;
#2148 = ORIENTED_EDGE ( 'NONE', *, *, #3471, .F. ) ;
#2149 = CARTESIAN_POINT ( 'NONE',  ( -3.330669073875470016E-15, 9.000000000000000000, -1.199999999999987965 ) ) ;
#2150 = CARTESIAN_POINT ( 'NONE',  ( -64.79999999999999716, 6.093951339188219782E-30, 7.666741922616599358E-31 ) ) ;
#2151 = LINE ( 'NONE', #816, #65 ) ;
#2152 = ORIENTED_EDGE ( 'NONE', *, *, #3084, .F. ) ;
#2153 =( BOUNDED_CURVE ( )  B_SPLINE_CURVE ( 2, ( #3488, #3207, #2330 ),
 .UNSPECIFIED., .F., .T. ) 
 B_SPLINE_CURVE_WITH_KNOTS ( ( 3, 3 ),
 ( 0.000000000000000000, 0.1039230484541329991 ),
 .UNSPECIFIED. ) 
 CURVE ( )  GEOMETRIC_REPRESENTATION_ITEM ( )  RATIONAL_B_SPLINE_CURVE ( ( 1.000000000000000000, 1.080000000000000071, 1.000000000000000000 ) ) 
 REPRESENTATION_ITEM ( '' )  );
#2154 = VECTOR ( 'NONE', #1683, 1000.000000000000000 ) ;
#2155 = ORIENTED_EDGE ( 'NONE', *, *, #958, .T. ) ;
#2156 = DIRECTION ( 'NONE',  ( 0.000000000000000000, 0.000000000000000000, -1.000000000000000000 ) ) ;
#2157 = DIRECTION ( 'NONE',  ( -6.981082385088409593E-12, -1.000000000000000000, 0.000000000000000000 ) ) ;
#2158 = VECTOR ( 'NONE', #1423, 1000.000000000000000 ) ;
#2159 = ORIENTED_EDGE ( 'NONE', *, *, #3109, .T. ) ;
#2160 = AXIS2_PLACEMENT_3D ( 'NONE', #3542, #202, #2360 ) ;
#2161 = DIRECTION ( 'NONE',  ( 9.516197449410660912E-15, 1.000000000000000000, 0.000000000000000000 ) ) ;
#2162 =( GEOMETRIC_REPRESENTATION_CONTEXT ( 3 ) GLOBAL_UNCERTAINTY_ASSIGNED_CONTEXT ( ( #1676 ) ) GLOBAL_UNIT_ASSIGNED_CONTEXT ( ( #1249, #2924, #971 ) ) REPRESENTATION_CONTEXT ( 'NONE', 'WORKASPACE' ) );
#2163 = DIRECTION ( 'NONE',  ( 1.000000000000000000, 1.027984282060329919E-17, 0.000000000000000000 ) ) ;
#2164 = VERTEX_POINT ( 'NONE', #1152 ) ;
#2165 = ORIENTED_EDGE ( 'NONE', *, *, #3435, .T. ) ;
#2166 = EDGE_CURVE ( 'NONE', #2979, #2495, #1468, .T. ) ;
#2167 = LINE ( 'NONE', #1051, #754 ) ;
#2168 = LINE ( 'NONE', #1378, #2685 ) ;
#2169 = ORIENTED_EDGE ( 'NONE', *, *, #3390, .F. ) ;
#2170 = LINE ( 'NONE', #1905, #3333 ) ;
#2171 = EDGE_CURVE ( 'NONE', #642, #2611, #3068, .T. ) ;
#2172 = CARTESIAN_POINT ( 'NONE',  ( 52.49999999995599609, -3.433260614196565363, 13.50000000000000000 ) ) ;
#2173 = LINE ( 'NONE', #2483, #3544 ) ;
#2174 = VERTEX_POINT ( 'NONE', #906 ) ;
#2175 = ORIENTED_EDGE ( 'NONE', *, *, #317, .F. ) ;
#2176 = ADVANCED_FACE ( 'NONE', ( #615 ), #1946, .F. ) ;
#2177 = DIRECTION ( 'NONE',  ( 0.000000000000000000, 0.000000000000000000, -1.000000000000000000 ) ) ;
#2178 = DIRECTION ( 'NONE',  ( 2.220446049250309876E-16, -1.000000000000000000, -5.468348304142549928E-47 ) ) ;
#2179 = ORIENTED_EDGE ( 'NONE', *, *, #2974, .F. ) ;
#2180 = CARTESIAN_POINT ( 'NONE',  ( 102.4439222467643589, -18.00000000000000000, -7.500000000000000000 ) ) ;
#2181 = FACE_OUTER_BOUND ( 'NONE', #1808, .T. ) ;
#2182 = ORIENTED_EDGE ( 'NONE', *, *, #2047, .F. ) ;
#2183 = VERTEX_POINT ( 'NONE', #89 ) ;
#2184 = DIRECTION ( 'NONE',  ( -6.842277657836019882E-47, 1.000000000000000000, 0.000000000000000000 ) ) ;
#2185 = EDGE_CURVE ( 'NONE', #268, #1322, #1595, .T. ) ;
#2186 = LINE ( 'NONE', #3550, #136 ) ;
#2187 = PLANE ( 'NONE',  #1308 ) ;
#2188 = LINE ( 'NONE', #2742, #2606 ) ;
#2189 = EDGE_LOOP ( 'NONE', ( #486, #628, #177 ) ) ;
#2190 = EDGE_CURVE ( 'NONE', #1328, #3386, #2498, .T. ) ;
#2191 = ORIENTED_EDGE ( 'NONE', *, *, #1713, .T. ) ;
#2192 = CARTESIAN_POINT ( 'NONE',  ( -31.50000031292434599, 4.500000000000000000, -7.500000000000000000 ) ) ;
#2193 = DIRECTION ( 'NONE',  ( -0.8849182223811503656, 0.4657464328342031390, 2.633399511845520441E-47 ) ) ;
#2194 = VERTEX_POINT ( 'NONE', #122 ) ;
#2195 = VECTOR ( 'NONE', #2340, 1000.000000000000000 ) ;
#2196 = EDGE_CURVE ( 'NONE', #146, #1159, #666, .T. ) ;
#2197 = AXIS2_PLACEMENT_3D ( 'NONE', #1439, #3405, #2815 ) ;
#2198 = PLANE ( 'NONE',  #1250 ) ;
#2199 = CARTESIAN_POINT ( 'NONE',  ( 92.99999937415138618, 4.500000000000279776, 1.500000000000000000 ) ) ;
#2200 = VERTEX_POINT ( 'NONE', #154 ) ;
#2201 = VERTEX_POINT ( 'NONE', #3161 ) ;
#2202 = DIRECTION ( 'NONE',  ( -7.395570986446990055E-32, 1.000000000000000000, 4.930380657631319405E-32 ) ) ;
#2203 = CARTESIAN_POINT ( 'NONE',  ( 9.501052573267859458, -9.000000000000000000, -7.500000000000000000 ) ) ;
#2204 = VERTEX_POINT ( 'NONE', #3439 ) ;
#2205 = CARTESIAN_POINT ( 'NONE',  ( -3.330669073875470016E-15, 9.000000000000000000, -1.199999999999987965 ) ) ;
#2206 = LINE ( 'NONE', #3605, #2343 ) ;
#2207 = DIRECTION ( 'NONE',  ( -0.8712476277444827222, 0.4908437339414767897, 0.000000000000000000 ) ) ;
#2208 = VERTEX_POINT ( 'NONE', #2334 ) ;
#2209 = ORIENTED_EDGE ( 'NONE', *, *, #1330, .T. ) ;
#2210 = CARTESIAN_POINT ( 'NONE',  ( -46.07413764873579964, 4.923885763302379814, 9.900000000000000355 ) ) ;
#2211 = CARTESIAN_POINT ( 'NONE',  ( -48.00000000000000000, -4.093104553440176810E-15, 8.099999999999999645 ) ) ;
#2212 = DIRECTION ( 'NONE',  ( 7.395570986446990055E-32, -1.000000000000000000, -4.930380657631319405E-32 ) ) ;
#2213 = EDGE_CURVE ( 'NONE', #3102, #506, #1886, .T. ) ;
#2214 = EDGE_LOOP ( 'NONE', ( #2103, #1614, #425, #988 ) ) ;
#2215 = AXIS2_PLACEMENT_3D ( 'NONE', #3298, #2753, #457 ) ;
#2216 = VECTOR ( 'NONE', #905, 1000.000000000000000 ) ;
#2217 = LINE ( 'NONE', #1955, #2694 ) ;
#2218 = ADVANCED_FACE ( 'NONE', ( #2644 ), #427, .F. ) ;
#2219 = VECTOR ( 'NONE', #2380, 1000.000000000000000 ) ;
#2220 = DIRECTION ( 'NONE',  ( 1.000000000000000000, 1.027984282060329919E-17, 0.000000000000000000 ) ) ;
#2221 = AXIS2_PLACEMENT_3D ( 'NONE', #369, #3364, #2876 ) ;
#2222 = EDGE_LOOP ( 'NONE', ( #3185, #3271, #1178, #2810 ) ) ;
#2223 = ORIENTED_EDGE ( 'NONE', *, *, #3559, .F. ) ;
#2224 = VECTOR ( 'NONE', #2601, 1000.000000000000000 ) ;
#2225 = DIRECTION ( 'NONE',  ( 0.000000000000000000, 0.000000000000000000, -1.000000000000000000 ) ) ;
#2226 = DIRECTION ( 'NONE',  ( 0.000000000000000000, -1.000000000000000000, 0.000000000000000000 ) ) ;
#2227 = VECTOR ( 'NONE', #519, 1000.000000000000000 ) ;
#2228 = ORIENTED_EDGE ( 'NONE', *, *, #3357, .T. ) ;
#2229 = DIRECTION ( 'NONE',  ( 1.000000000000000000, 7.395570986446990055E-32, -3.694829935231450289E-47 ) ) ;
#2230 = DIRECTION ( 'NONE',  ( -6.842277657836019882E-47, 1.000000000000000000, 0.000000000000000000 ) ) ;
#2231 = DIRECTION ( 'NONE',  ( 0.7071067811865480168, 0.7071067811865470176, -8.659560562354926695E-17 ) ) ;
#2232 = AXIS2_PLACEMENT_3D ( 'NONE', #2367, #2051, #407 ) ;
#2233 = ORIENTED_EDGE ( 'NONE', *, *, #1839, .F. ) ;
#2234 = EDGE_LOOP ( 'NONE', ( #66, #2781, #2759, #910 ) ) ;
#2235 = LINE ( 'NONE', #2630, #3097 ) ;
#2236 = FACE_OUTER_BOUND ( 'NONE', #3028, .T. ) ;
#2237 = CARTESIAN_POINT ( 'NONE',  ( 108.0000000000000000, 18.00000000000000000, 1.350000000000012079 ) ) ;
#2238 = ORIENTED_EDGE ( 'NONE', *, *, #2991, .F. ) ;
#2239 = DIRECTION ( 'NONE',  ( 1.232595164407829988E-32, 0.000000000000000000, 1.000000000000000000 ) ) ;
#2240 = EDGE_CURVE ( 'NONE', #756, #1547, #2626, .T. ) ;
#2241 = FACE_OUTER_BOUND ( 'NONE', #2234, .T. ) ;
#2242 = DIRECTION ( 'NONE',  ( -2.220446049250309876E-16, 1.000000000000000000, 0.000000000000000000 ) ) ;
#2243 = ORIENTED_EDGE ( 'NONE', *, *, #2077, .F. ) ;
#2244 = EDGE_CURVE ( 'NONE', #2130, #3553, #3419, .T. ) ;
#2245 = VERTEX_POINT ( 'NONE', #140 ) ;
#2246 = CYLINDRICAL_SURFACE ( 'NONE', #118, 6.000000000000019540 ) ;
#2247 = EDGE_CURVE ( 'NONE', #3521, #1850, #2318, .T. ) ;
#2248 = FACE_OUTER_BOUND ( 'NONE', #2771, .T. ) ;
#2249 = PLANE ( 'NONE',  #1143 ) ;
#2250 = LINE ( 'NONE', #2036, #2372 ) ;
#2251 = VERTEX_POINT ( 'NONE', #683 ) ;
#2252 = ORIENTED_EDGE ( 'NONE', *, *, #2463, .F. ) ;
#2253 = LINE ( 'NONE', #3371, #2509 ) ;
#2254 = CARTESIAN_POINT ( 'NONE',  ( -3.330669073875470016E-15, 18.00000000000000000, -1.199999999999987965 ) ) ;
#2255 = DIRECTION ( 'NONE',  ( 0.000000000000000000, 0.000000000000000000, -1.000000000000000000 ) ) ;
#2256 = ORIENTED_EDGE ( 'NONE', *, *, #2102, .F. ) ;
#2257 = PLANE ( 'NONE',  #1421 ) ;
#2258 = AXIS2_PLACEMENT_3D ( 'NONE', #637, #1750, #3500 ) ;
#2259 = FACE_OUTER_BOUND ( 'NONE', #1519, .T. ) ;
#2260 = ORIENTED_EDGE ( 'NONE', *, *, #2064, .T. ) ;
#2261 = VECTOR ( 'NONE', #2576, 1000.000000000000000 ) ;
#2262 = EDGE_LOOP ( 'NONE', ( #2413, #2089, #1754, #1112 ) ) ;
#2263 = PLANE ( 'NONE',  #813 ) ;
#2264 = ADVANCED_FACE ( 'NONE', ( #1489 ), #376, .F. ) ;
#2265 = AXIS2_PLACEMENT_3D ( 'NONE', #949, #895, #2853 ) ;
#2266 = CARTESIAN_POINT ( 'NONE',  ( 95.10000000000000853, 6.000000000000000000, 13.50000000000000000 ) ) ;
#2267 = PLANE ( 'NONE',  #750 ) ;
#2268 = EDGE_CURVE ( 'NONE', #1113, #339, #726, .T. ) ;
#2269 = EDGE_LOOP ( 'NONE', ( #1339, #1086, #2832, #3340 ) ) ;
#2270 = ORIENTED_EDGE ( 'NONE', *, *, #441, .T. ) ;
#2271 = DIRECTION ( 'NONE',  ( -1.000000000000000000, -6.842277657836019882E-47, 3.694829935231450289E-47 ) ) ;
#2272 = CARTESIAN_POINT ( 'NONE',  ( -18.46410224098649877, -1.035898384862249832, 7.500000000000000000 ) ) ;
#2273 = DIRECTION ( 'NONE',  ( 0.000000000000000000, -1.000000000000000000, 1.110223024625159992E-16 ) ) ;
#2274 = VERTEX_POINT ( 'NONE', #1520 ) ;
#2275 = CARTESIAN_POINT ( 'NONE',  ( 9.900000000000000355, 7.500000000000000000, 9.900000000000000355 ) ) ;
#2276 = CARTESIAN_POINT ( 'NONE',  ( -29.69999999998085016, 6.000000000000000000, 13.50000000000000000 ) ) ;
#2277 = VERTEX_POINT ( 'NONE', #942 ) ;
#2278 = VECTOR ( 'NONE', #3147, 1000.000000000000000 ) ;
#2279 = ORIENTED_EDGE ( 'NONE', *, *, #3564, .T. ) ;
#2280 = CARTESIAN_POINT ( 'NONE',  ( 21.27201879509740223, 1.283369692896870085, 9.900000000000000355 ) ) ;
#2281 = VECTOR ( 'NONE', #3516, 1000.000000000000000 ) ;
#2282 = ORIENTED_EDGE ( 'NONE', *, *, #794, .T. ) ;
#2283 = EDGE_CURVE ( 'NONE', #2563, #197, #1772, .T. ) ;
#2284 = VECTOR ( 'NONE', #1120, 1000.000000000000114 ) ;
#2285 = DIRECTION ( 'NONE',  ( 0.000000000000000000, 0.000000000000000000, 1.000000000000000000 ) ) ;
#2286 = FACE_OUTER_BOUND ( 'NONE', #655, .T. ) ;
#2287 = DIRECTION ( 'NONE',  ( -1.000000000000000000, 9.516197449410660912E-15, 0.000000000000000000 ) ) ;
#2288 = EDGE_LOOP ( 'NONE', ( #2634, #3273, #1025 ) ) ;
#2289 = AXIS2_PLACEMENT_3D ( 'NONE', #3353, #894, #3425 ) ;
#2290 = ORIENTED_EDGE ( 'NONE', *, *, #3383, .F. ) ;
#2291 = ADVANCED_FACE ( 'NONE', ( #2349 ), #2880, .F. ) ;
#2292 = LINE ( 'NONE', #3073, #2744 ) ;
#2293 = VECTOR ( 'NONE', #2932, 1000.000000000000000 ) ;
#2294 = DIRECTION ( 'NONE',  ( -4.563968250944789488E-12, -1.000000000000000000, 0.000000000000000000 ) ) ;
#2295 = PLANE ( 'NONE',  #2546 ) ;
#2296 = ORIENTED_EDGE ( 'NONE', *, *, #2619, .F. ) ;
#2297 = EDGE_CURVE ( 'NONE', #268, #3145, #723, .T. ) ;
#2298 = PLANE ( 'NONE',  #3214 ) ;
#2299 = ORIENTED_EDGE ( 'NONE', *, *, #3182, .T. ) ;
#2300 = CARTESIAN_POINT ( 'NONE',  ( 68.99999937415140039, 4.500000000000279776, -7.500000000000000000 ) ) ;
#2301 = DIRECTION ( 'NONE',  ( 6.842277657836019882E-47, -1.000000000000000000, 0.000000000000000000 ) ) ;
#2302 = CARTESIAN_POINT ( 'NONE',  ( -15.00000062584880034, -6.750000000000119904, -7.500000000000000000 ) ) ;
#2303 = EDGE_CURVE ( 'NONE', #807, #2682, #2078, .T. ) ;
#2304 = ORIENTED_EDGE ( 'NONE', *, *, #337, .T. ) ;
#2305 = ORIENTED_EDGE ( 'NONE', *, *, #1207, .T. ) ;
#2306 = CARTESIAN_POINT ( 'NONE',  ( 113.3325756949558070, 18.00000000000000000, -5.734714594940502508 ) ) ;
#2307 = CARTESIAN_POINT ( 'NONE',  ( 102.4439222467643873, 18.00000000000000000, -7.500000000000000000 ) ) ;
#2308 = DIRECTION ( 'NONE',  ( 6.842277657836019882E-47, -1.000000000000000000, 0.000000000000000000 ) ) ;
#2309 = ADVANCED_FACE ( 'NONE', ( #702 ), #105, .F. ) ;
#2310 = ORIENTED_EDGE ( 'NONE', *, *, #2438, .F. ) ;
#2311 = LINE ( 'NONE', #2855, #1880 ) ;
#2312 = ADVANCED_FACE ( 'NONE', ( #1502 ), #443, .F. ) ;
#2313 = LINE ( 'NONE', #1484, #1472 ) ;
#2314 = CARTESIAN_POINT ( 'NONE',  ( -28.20000000002299956, -4.156644585630335342, 9.900000000000000355 ) ) ;
#2315 = AXIS2_PLACEMENT_3D ( 'NONE', #1672, #3289, #580 ) ;
#2316 = VERTEX_POINT ( 'NONE', #648 ) ;
#2317 = VECTOR ( 'NONE', #123, 1000.000000000000000 ) ;
#2318 = LINE ( 'NONE', #1810, #1256 ) ;
#2319 = LINE ( 'NONE', #1744, #2787 ) ;
#2320 = EDGE_LOOP ( 'NONE', ( #3509, #2904, #700, #1104 ) ) ;
#2321 = AXIS2_PLACEMENT_3D ( 'NONE', #1517, #151, #1790 ) ;
#2322 = ORIENTED_EDGE ( 'NONE', *, *, #1314, .F. ) ;
#2323 = DIRECTION ( 'NONE',  ( -1.000000000000000000, -6.842277657836019882E-47, 0.000000000000000000 ) ) ;
#2324 = CARTESIAN_POINT ( 'NONE',  ( 92.99999937415138618, 4.500000000000279776, -7.500000000000000000 ) ) ;
#2325 = CARTESIAN_POINT ( 'NONE',  ( 54.00000000001769962, -7.721668963254000317, 9.900000000000000355 ) ) ;
#2326 = ORIENTED_EDGE ( 'NONE', *, *, #1493, .F. ) ;
#2327 = ADVANCED_FACE ( 'NONE', ( #1761 ), #2863, .F. ) ;
#2328 = EDGE_CURVE ( 'NONE', #3326, #781, #462, .T. ) ;
#2329 = CARTESIAN_POINT ( 'NONE',  ( 117.0000000000000000, 6.000000000000000000, 9.900000000000000355 ) ) ;
#2330 = CARTESIAN_POINT ( 'NONE',  ( -63.60000000000000142, -3.059411708155674869, -7.500000000000000000 ) ) ;
#2331 = AXIS2_PLACEMENT_3D ( 'NONE', #1704, #46, #64 ) ;
#2332 = ORIENTED_EDGE ( 'NONE', *, *, #1887, .F. ) ;
#2333 = AXIS2_PLACEMENT_3D ( 'NONE', #1395, #2774, #1361 ) ;
#2334 = CARTESIAN_POINT ( 'NONE',  ( 68.99999937415140039, -4.499999999999724665, -7.500000000000000000 ) ) ;
#2335 = LINE ( 'NONE', #2950, #1507 ) ;
#2336 = VECTOR ( 'NONE', #919, 1000.000000000000000 ) ;
#2337 = ORIENTED_EDGE ( 'NONE', *, *, #1360, .T. ) ;
#2338 = DIRECTION ( 'NONE',  ( 0.000000000000000000, -1.000000000000000000, 0.000000000000000000 ) ) ;
#2339 = DIRECTION ( 'NONE',  ( 0.000000000000000000, 0.000000000000000000, -1.000000000000000000 ) ) ;
#2340 = DIRECTION ( 'NONE',  ( -7.395570986446990055E-32, 1.000000000000000000, 4.930380657631318857E-32 ) ) ;
#2341 = MECHANICAL_DESIGN_GEOMETRIC_PRESENTATION_REPRESENTATION (  '', ( #83 ), #2162 ) ;
#2342 = ORIENTED_EDGE ( 'NONE', *, *, #2240, .F. ) ;
#2343 = VECTOR ( 'NONE', #2132, 1000.000000000000000 ) ;
#2344 = AXIS2_PLACEMENT_3D ( 'NONE', #833, #2017, #1455 ) ;
#2345 = EDGE_CURVE ( 'NONE', #3159, #1638, #1016, .T. ) ;
#2346 = PLANE ( 'NONE',  #2513 ) ;
#2347 = EDGE_CURVE ( 'NONE', #730, #2749, #2949, .T. ) ;
#2348 = VERTEX_POINT ( 'NONE', #2107 ) ;
#2349 = FACE_OUTER_BOUND ( 'NONE', #915, .T. ) ;
#2350 = DIRECTION ( 'NONE',  ( -0.8619342151577699118, -0.5070201265633930143, 3.115970526589669262E-48 ) ) ;
#2351 = VERTEX_POINT ( 'NONE', #200 ) ;
#2352 = EDGE_CURVE ( 'NONE', #3467, #1123, #3224, .T. ) ;
#2353 = CARTESIAN_POINT ( 'NONE',  ( -45.00000000000000000, -6.000000000000000000, 9.900000000000000355 ) ) ;
#2354 = CARTESIAN_POINT ( 'NONE',  ( 5.556077753235619809, 18.00000000000000000, -7.500000000000000000 ) ) ;
#2355 = CARTESIAN_POINT ( 'NONE',  ( 0.8167831487005620117, -10.24070672762303857, 13.50000000000000000 ) ) ;
#2356 = VERTEX_POINT ( 'NONE', #3505 ) ;
#2357 = ORIENTED_EDGE ( 'NONE', *, *, #3259, .F. ) ;
#2358 = FACE_OUTER_BOUND ( 'NONE', #1900, .T. ) ;
#2359 = CARTESIAN_POINT ( 'NONE',  ( 95.10000000000000853, 7.500000000000000000, 13.50000000000000000 ) ) ;
#2360 = DIRECTION ( 'NONE',  ( 1.000000000000000000, 0.000000000000000000, 0.000000000000000000 ) ) ;
#2361 = EDGE_CURVE ( 'NONE', #343, #2910, #3242, .T. ) ;
#2362 = CARTESIAN_POINT ( 'NONE',  ( 31.20000000001019913, 3.433260614208859973, 13.50000000000000000 ) ) ;
#2363 = VERTEX_POINT ( 'NONE', #2399 ) ;
#2364 = ORIENTED_EDGE ( 'NONE', *, *, #2777, .T. ) ;
#2365 = APPLICATION_CONTEXT ( 'automotive_design' ) ;
#2366 = EDGE_CURVE ( 'NONE', #3379, #449, #2582, .T. ) ;
#2367 = CARTESIAN_POINT ( 'NONE',  ( 92.99999937415138618, -4.499999999999724665, 1.500000000000000000 ) ) ;
#2368 = LINE ( 'NONE', #3494, #3375 ) ;
#2369 = VECTOR ( 'NONE', #413, 1000.000000000000000 ) ;
#2370 = ORIENTED_EDGE ( 'NONE', *, *, #2366, .T. ) ;
#2371 = ORIENTED_EDGE ( 'NONE', *, *, #2491, .F. ) ;
#2372 = VECTOR ( 'NONE', #1272, 1000.000000000000000 ) ;
#2373 = FACE_OUTER_BOUND ( 'NONE', #3341, .T. ) ;
#2374 = EDGE_CURVE ( 'NONE', #1173, #731, #1586, .T. ) ;
#2375 = CARTESIAN_POINT ( 'NONE',  ( 98.10000000000000853, 7.500000000000000000, 9.900000000000000355 ) ) ;
#2376 = PLANE ( 'NONE',  #2663 ) ;
#2377 = VERTEX_POINT ( 'NONE', #490 ) ;
#2378 = VERTEX_POINT ( 'NONE', #1008 ) ;
#2379 = SURFACE_SIDE_STYLE ('',( #1788 ) ) ;
#2380 = DIRECTION ( 'NONE',  ( -7.395570986446990055E-32, 1.000000000000000000, 4.930380657631318857E-32 ) ) ;
#2381 = DIRECTION ( 'NONE',  ( 1.000000000000000000, 0.000000000000000000, 0.000000000000000000 ) ) ;
#2382 = VERTEX_POINT ( 'NONE', #2696 ) ;
#2383 = CARTESIAN_POINT ( 'NONE',  ( -29.70000000002875140, -4.500000000000000000, 9.900000000000000355 ) ) ;
#2384 = DIRECTION ( 'NONE',  ( 0.000000000000000000, 0.000000000000000000, -1.000000000000000000 ) ) ;
#2385 = AXIS2_PLACEMENT_3D ( 'NONE', #445, #1556, #1046 ) ;
#2386 = ORIENTED_EDGE ( 'NONE', *, *, #1913, .T. ) ;
#2387 = ADVANCED_FACE ( 'NONE', ( #2982 ), #1531, .F. ) ;
#2388 = ORIENTED_EDGE ( 'NONE', *, *, #534, .F. ) ;
#2389 = AXIS2_PLACEMENT_3D ( 'NONE', #3577, #3597, #2239 ) ;
#2390 = LINE ( 'NONE', #2686, #2911 ) ;
#2391 = CARTESIAN_POINT ( 'NONE',  ( -48.00000000000000000, 3.059411708155674869, -7.500000000000000000 ) ) ;
#2392 = DIRECTION ( 'NONE',  ( -0.8712476277446110640, -0.4908437339412490830, 0.000000000000000000 ) ) ;
#2393 = ORIENTED_EDGE ( 'NONE', *, *, #2684, .F. ) ;
#2394 = VECTOR ( 'NONE', #1267, 1000.000000000000000 ) ;
#2395 = EDGE_CURVE ( 'NONE', #137, #581, #2123, .T. ) ;
#2396 = ORIENTED_EDGE ( 'NONE', *, *, #2438, .T. ) ;
#2397 = AXIS2_PLACEMENT_3D ( 'NONE', #1062, #1643, #1623 ) ;
#2398 = CARTESIAN_POINT ( 'NONE',  ( -48.00000000000000000, -9.000000000000000000, -7.500000000000000000 ) ) ;
#2399 = CARTESIAN_POINT ( 'NONE',  ( 31.20000000001014939, -6.000000000000000000, 9.900000000000000355 ) ) ;
#2400 = EDGE_CURVE ( 'NONE', #1542, #3610, #3204, .T. ) ;
#2401 = CARTESIAN_POINT ( 'NONE',  ( -48.00000000000000000, 9.000000000000000000, -7.500000000000000000 ) ) ;
#2402 = AXIS2_PLACEMENT_3D ( 'NONE', #1525, #3444, #688 ) ;
#2403 = LINE ( 'NONE', #1284, #3272 ) ;
#2404 = VECTOR ( 'NONE', #1831, 999.9999999999998863 ) ;
#2405 = FACE_OUTER_BOUND ( 'NONE', #215, .T. ) ;
#2406 = VERTEX_POINT ( 'NONE', #1042 ) ;
#2407 = ORIENTED_EDGE ( 'NONE', *, *, #1805, .F. ) ;
#2408 = LINE ( 'NONE', #1503, #1567 ) ;
#2409 = CARTESIAN_POINT ( 'NONE',  ( 113.3325756949558070, 18.00000000000000000, -5.734714594940502508 ) ) ;
#2410 = LINE ( 'NONE', #1037, #2698 ) ;
#2411 = CARTESIAN_POINT ( 'NONE',  ( -48.00000000000000000, 9.000000000000000000, -7.500000000000000000 ) ) ;
#2412 = PRODUCT_RELATED_PRODUCT_CATEGORY ( 'part', '', ( #1904 ) ) ;
#2413 = ORIENTED_EDGE ( 'NONE', *, *, #2082, .F. ) ;
#2414 = ORIENTED_EDGE ( 'NONE', *, *, #1487, .F. ) ;
#2415 = DIRECTION ( 'NONE',  ( -1.000000000000000000, 0.000000000000000000, 0.000000000000000000 ) ) ;
#2416 = DIRECTION ( 'NONE',  ( -7.395570986446980202E-32, -1.000000000000000000, -9.251858538542969116E-17 ) ) ;
#2417 = ADVANCED_FACE ( 'NONE', ( #1841 ), #2906, .F. ) ;
#2418 = DIRECTION ( 'NONE',  ( 0.000000000000000000, 0.000000000000000000, -1.000000000000000000 ) ) ;
#2419 = EDGE_CURVE ( 'NONE', #3545, #575, #2942, .T. ) ;
#2420 = ORIENTED_EDGE ( 'NONE', *, *, #3131, .T. ) ;
#2421 = ORIENTED_EDGE ( 'NONE', *, *, #1028, .T. ) ;
#2422 = DIRECTION ( 'NONE',  ( -1.000000000000000000, 0.000000000000000000, 0.000000000000000000 ) ) ;
#2423 = FACE_OUTER_BOUND ( 'NONE', #2134, .T. ) ;
#2424 = AXIS2_PLACEMENT_3D ( 'NONE', #1080, #786, #3036 ) ;
#2425 = DIRECTION ( 'NONE',  ( 1.000000000000000000, 1.027984282060329919E-17, -3.694829935231450289E-47 ) ) ;
#2426 = LINE ( 'NONE', #2996, #61 ) ;
#2427 = ORIENTED_EDGE ( 'NONE', *, *, #1824, .F. ) ;
#2428 = AXIS2_PLACEMENT_3D ( 'NONE', #1779, #1017, #703 ) ;
#2429 = ORIENTED_EDGE ( 'NONE', *, *, #1075, .T. ) ;
#2430 = CARTESIAN_POINT ( 'NONE',  ( 73.79999999999820659, 3.433260614231660401, 13.50000000000000000 ) ) ;
#2431 = FACE_OUTER_BOUND ( 'NONE', #2961, .T. ) ;
#2432 = VECTOR ( 'NONE', #2656, 1000.000000000000000 ) ;
#2433 = VERTEX_POINT ( 'NONE', #2093 ) ;
#2434 = EDGE_CURVE ( 'NONE', #2567, #807, #198, .T. ) ;
#2435 = CARTESIAN_POINT ( 'NONE',  ( 3.750000000006839862, 6.000000000000000000, 13.50000000000000000 ) ) ;
#2436 = CARTESIAN_POINT ( 'NONE',  ( -3.330669073875470016E-15, -18.00000000000000000, 1.350000000000000089 ) ) ;
#2437 = VERTEX_POINT ( 'NONE', #1604 ) ;
#2438 = EDGE_CURVE ( 'NONE', #2433, #3102, #926, .T. ) ;
#2439 = VERTEX_POINT ( 'NONE', #213 ) ;
#2440 = CARTESIAN_POINT ( 'NONE',  ( 108.0000000000000000, -18.00000000000000000, 10.20000000000001883 ) ) ;
#2441 = EDGE_CURVE ( 'NONE', #3591, #2641, #1281, .T. ) ;
#2442 = ORIENTED_EDGE ( 'NONE', *, *, #2196, .T. ) ;
#2443 = DIRECTION ( 'NONE',  ( 1.000000000000000000, 0.000000000000000000, 0.000000000000000000 ) ) ;
#2444 = DIRECTION ( 'NONE',  ( 0.000000000000000000, -1.000000000000000000, 0.000000000000000000 ) ) ;
#2445 = PLANE ( 'NONE',  #2315 ) ;
#2446 = ORIENTED_EDGE ( 'NONE', *, *, #2328, .T. ) ;
#2447 = VECTOR ( 'NONE', #3329, 1000.000000000000000 ) ;
#2448 = ORIENTED_EDGE ( 'NONE', *, *, #1796, .T. ) ;
#2449 = DIRECTION ( 'NONE',  ( -1.000000000000000000, 0.000000000000000000, 1.027162637006529939E-32 ) ) ;
#2450 = CARTESIAN_POINT ( 'NONE',  ( -12.90000000000000036, 7.500000000000000000, 9.900000000000000355 ) ) ;
#2451 = VECTOR ( 'NONE', #2985, 1000.000000000000000 ) ;
#2452 = VERTEX_POINT ( 'NONE', #1332 ) ;
#2453 = PLANE ( 'NONE',  #2389 ) ;
#2454 = VECTOR ( 'NONE', #994, 1000.000000000000000 ) ;
#2455 = DIRECTION ( 'NONE',  ( -0.6614378277661516758, 0.000000000000000000, -0.7499999999999963363 ) ) ;
#2456 = ADVANCED_FACE ( 'NONE', ( #2431 ), #2925, .F. ) ;
#2457 = VECTOR ( 'NONE', #767, 1000.000000000000000 ) ;
#2458 = LINE ( 'NONE', #2987, #3323 ) ;
#2459 = VERTEX_POINT ( 'NONE', #3187 ) ;
#2460 = EDGE_LOOP ( 'NONE', ( #3295, #1572, #75, #2767 ) ) ;
#2461 = AXIS2_PLACEMENT_3D ( 'NONE', #2471, #489, #1678 ) ;
#2462 = CARTESIAN_POINT ( 'NONE',  ( 55.50000000001369926, 6.000000000000000000, 9.900000000000000355 ) ) ;
#2463 = EDGE_CURVE ( 'NONE', #572, #2967, #416, .T. ) ;
#2464 = ORIENTED_EDGE ( 'NONE', *, *, #305, .T. ) ;
#2465 = DIRECTION ( 'NONE',  ( 7.383753479102818642E-62, 1.000000000000000000, 2.465190328815659976E-32 ) ) ;
#2466 = LINE ( 'NONE', #3551, #3403 ) ;
#2467 = DIRECTION ( 'NONE',  ( 0.000000000000000000, 0.000000000000000000, -1.000000000000000000 ) ) ;
#2468 = EDGE_CURVE ( 'NONE', #818, #2988, #990, .T. ) ;
#2469 = ORIENTED_EDGE ( 'NONE', *, *, #2303, .F. ) ;
#2470 = VERTEX_POINT ( 'NONE', #1700 ) ;
#2471 = CARTESIAN_POINT ( 'NONE',  ( -48.00000000000000000, -9.000000000000000000, -7.500000000000000000 ) ) ;
#2472 = CARTESIAN_POINT ( 'NONE',  ( 120.0000000000000000, 9.000000000000000000, -7.500000000000000000 ) ) ;
#2473 = ORIENTED_EDGE ( 'NONE', *, *, #3314, .F. ) ;
#2474 = CARTESIAN_POINT ( 'NONE',  ( 113.3325756949558070, -18.00000000000000000, -5.734714594940502508 ) ) ;
#2475 = PLANE ( 'NONE',  #3265 ) ;
#2476 = ORIENTED_EDGE ( 'NONE', *, *, #2213, .T. ) ;
#2477 = EDGE_LOOP ( 'NONE', ( #2037, #1006, #2878, #1512 ) ) ;
#2478 = CARTESIAN_POINT ( 'NONE',  ( -5.332575694955830947, -18.00000000000000000, -5.734714594940487409 ) ) ;
#2479 = PLANE ( 'NONE',  #714 ) ;
#2480 = EDGE_CURVE ( 'NONE', #1094, #47, #23, .T. ) ;
#2481 = CARTESIAN_POINT ( 'NONE',  ( 5.999999999999999112, -18.00000000000000000, -1.199999999999987299 ) ) ;
#2482 = DIRECTION ( 'NONE',  ( 1.000000000000000000, 0.000000000000000000, 0.000000000000000000 ) ) ;
#2483 = CARTESIAN_POINT ( 'NONE',  ( 89.53589775901319570, -4.499999999999724665, 7.500000000000000000 ) ) ;
#2484 = ORIENTED_EDGE ( 'NONE', *, *, #2859, .T. ) ;
#2485 = ORIENTED_EDGE ( 'NONE', *, *, #217, .T. ) ;
#2486 = EDGE_CURVE ( 'NONE', #1464, #2563, #868, .T. ) ;
#2487 = CARTESIAN_POINT ( 'NONE',  ( -3.330669073875467255E-15, -18.00000000000000000, -1.199999999999987965 ) ) ;
#2488 = CARTESIAN_POINT ( 'NONE',  ( 107.9999999999999858, -18.00000000000000000, -1.199999999999987965 ) ) ;
#2489 = VERTEX_POINT ( 'NONE', #291 ) ;
#2490 = VECTOR ( 'NONE', #2157, 1000.000000000000000 ) ;
#2491 = EDGE_CURVE ( 'NONE', #3071, #1478, #251, .T. ) ;
#2492 = VECTOR ( 'NONE', #1324, 1000.000000000000000 ) ;
#2493 = CARTESIAN_POINT ( 'NONE',  ( 34.20000000001014939, 3.433260614206730121, 9.900000000000000355 ) ) ;
#2494 = ORIENTED_EDGE ( 'NONE', *, *, #1596, .F. ) ;
#2495 = VERTEX_POINT ( 'NONE', #2472 ) ;
#2496 = CARTESIAN_POINT ( 'NONE',  ( 34.50000000000000000, -6.000000000000000000, 13.50000000000000000 ) ) ;
#2497 = DIRECTION ( 'NONE',  ( -7.395570986446990055E-32, 1.000000000000000000, 4.930380657631319405E-32 ) ) ;
#2498 = LINE ( 'NONE', #15, #3464 ) ;
#2499 = DIRECTION ( 'NONE',  ( -6.842277657836019882E-47, 1.000000000000000000, 0.000000000000000000 ) ) ;
#2500 = ADVANCED_FACE ( 'NONE', ( #803 ), #3277, .T. ) ;
#2501 = ORIENTED_EDGE ( 'NONE', *, *, #48, .T. ) ;
#2502 = EDGE_LOOP ( 'NONE', ( #3038, #221, #1154, #1290 ) ) ;
#2503 = DIRECTION ( 'NONE',  ( -1.000000000000000000, 7.474910929462109256E-62, 0.000000000000000000 ) ) ;
#2504 = DIRECTION ( 'NONE',  ( -1.000000000000000000, 0.000000000000000000, 0.000000000000000000 ) ) ;
#2505 = CARTESIAN_POINT ( 'NONE',  ( 12.90000000000000036, -3.433260614206260275, 13.50000000000000000 ) ) ;
#2506 = EDGE_CURVE ( 'NONE', #2780, #1638, #1679, .T. ) ;
#2507 = ORIENTED_EDGE ( 'NONE', *, *, #1842, .T. ) ;
#2508 = VECTOR ( 'NONE', #2512, 1000.000000000000000 ) ;
#2509 = VECTOR ( 'NONE', #3127, 1000.000000000000000 ) ;
#2510 = CARTESIAN_POINT ( 'NONE',  ( -8.179363416975899526, 6.000000000000000000, 9.900000000000000355 ) ) ;
#2511 = EDGE_CURVE ( 'NONE', #1081, #3610, #1348, .T. ) ;
#2512 = DIRECTION ( 'NONE',  ( -6.842277657836019882E-47, 1.000000000000000000, 0.000000000000000000 ) ) ;
#2513 = AXIS2_PLACEMENT_3D ( 'NONE', #3469, #972, #2076 ) ;
#2514 = ORIENTED_EDGE ( 'NONE', *, *, #873, .T. ) ;
#2515 = ORIENTED_EDGE ( 'NONE', *, *, #1287, .F. ) ;
#2516 = VECTOR ( 'NONE', #3555, 1000.000000000000000 ) ;
#2517 = CARTESIAN_POINT ( 'NONE',  ( -48.00000000000000000, 5.916457635513519731E-30, 5.916456789157509718E-31 ) ) ;
#2518 = VECTOR ( 'NONE', #3499, 1000.000000000000000 ) ;
#2519 = DIRECTION ( 'NONE',  ( 0.000000000000000000, 0.000000000000000000, -1.000000000000000000 ) ) ;
#2520 = PLANE ( 'NONE',  #3524 ) ;
#2521 = FACE_OUTER_BOUND ( 'NONE', #1602, .T. ) ;
#2522 = VECTOR ( 'NONE', #3231, 1000.000000000000000 ) ;
#2523 = CARTESIAN_POINT ( 'NONE',  ( 35.75596240978855178, 6.000000000000000000, 13.50000000000000000 ) ) ;
#2524 = VERTEX_POINT ( 'NONE', #2785 ) ;
#2525 = ORIENTED_EDGE ( 'NONE', *, *, #1353, .T. ) ;
#2526 = CARTESIAN_POINT ( 'NONE',  ( -45.00000000000000000, -6.000000000000000000, 9.900000000000000355 ) ) ;
#2527 = CARTESIAN_POINT ( 'NONE',  ( -37.35000000000960796, 6.000000000000000000, 13.50000000000000000 ) ) ;
#2528 = CARTESIAN_POINT ( 'NONE',  ( 5.332575694955830947, -18.00000000000000000, -5.734714594940487409 ) ) ;
#2529 = EDGE_LOOP ( 'NONE', ( #2112, #2959, #3565, #2270 ) ) ;
#2530 = EDGE_CURVE ( 'NONE', #2549, #32, #2803, .T. ) ;
#2531 = CARTESIAN_POINT ( 'NONE',  ( 29.64403759019485207, 6.000000000000000000, 9.900000000000000355 ) ) ;
#2532 = LINE ( 'NONE', #627, #2565 ) ;
#2533 = ORIENTED_EDGE ( 'NONE', *, *, #2824, .T. ) ;
#2534 = VERTEX_POINT ( 'NONE', #311 ) ;
#2535 = EDGE_CURVE ( 'NONE', #2348, #268, #1794, .T. ) ;
#2536 = CARTESIAN_POINT ( 'NONE',  ( 113.3325756949558070, -18.00000000000000000, -5.734714594940502508 ) ) ;
#2537 = CARTESIAN_POINT ( 'NONE',  ( -66.00000000000000000, 6.271445042862959770E-30, 7.814653342345558689E-31 ) ) ;
#2538 = CARTESIAN_POINT ( 'NONE',  ( -9.501052573267859458, 9.000000000000000000, -7.500000000000000000 ) ) ;
#2539 = ORIENTED_EDGE ( 'NONE', *, *, #772, .T. ) ;
#2540 = ORIENTED_EDGE ( 'NONE', *, *, #1646, .F. ) ;
#2541 = FACE_OUTER_BOUND ( 'NONE', #1486, .T. ) ;
#2542 = LINE ( 'NONE', #2583, #1825 ) ;
#2543 = DIRECTION ( 'NONE',  ( -5.921189464667500234E-15, -1.000000000000000000, -2.465190328815659976E-32 ) ) ;
#2544 = ORIENTED_EDGE ( 'NONE', *, *, #3065, .T. ) ;
#2545 = FACE_OUTER_BOUND ( 'NONE', #54, .T. ) ;
#2546 = AXIS2_PLACEMENT_3D ( 'NONE', #2009, #2308, #3149 ) ;
#2547 = ADVANCED_FACE ( 'NONE', ( #1426 ), #1117, .F. ) ;
#2548 = CARTESIAN_POINT ( 'NONE',  ( -42.41930241988914929, 6.000000000000000000, 13.50000000000000000 ) ) ;
#2549 = VERTEX_POINT ( 'NONE', #548 ) ;
#2550 = VECTOR ( 'NONE', #2556, 1000.000000000000000 ) ;
#2551 = ORIENTED_EDGE ( 'NONE', *, *, #1376, .T. ) ;
#2552 = DIRECTION ( 'NONE',  ( 0.000000000000000000, 0.000000000000000000, 1.000000000000000000 ) ) ;
#2553 = EDGE_CURVE ( 'NONE', #2524, #1547, #3188, .T. ) ;
#2554 = VECTOR ( 'NONE', #3269, 1000.000000000000000 ) ;
#2555 = CARTESIAN_POINT ( 'NONE',  ( 0.8603182915120560770, 1.242272784985716028, 9.900000000000000355 ) ) ;
#2556 = DIRECTION ( 'NONE',  ( 0.7071067811865480168, -0.7071067811865470176, -2.614729197631571095E-32 ) ) ;
#2557 = ORIENTED_EDGE ( 'NONE', *, *, #3381, .T. ) ;
#2558 = EDGE_CURVE ( 'NONE', #3596, #1296, #270, .T. ) ;
#2559 = ORIENTED_EDGE ( 'NONE', *, *, #885, .T. ) ;
#2560 = DIRECTION ( 'NONE',  ( 0.000000000000000000, 0.000000000000000000, -1.000000000000000000 ) ) ;
#2561 = DIRECTION ( 'NONE',  ( 0.000000000000000000, -1.000000000000000000, 0.000000000000000000 ) ) ;
#2562 = CARTESIAN_POINT ( 'NONE',  ( -48.00000000000000000, -9.000000000000000000, 13.50000000000000000 ) ) ;
#2563 = VERTEX_POINT ( 'NONE', #820 ) ;
#2564 = CARTESIAN_POINT ( 'NONE',  ( -39.00000062584880567, 4.500000000000000000, 1.500000000000000000 ) ) ;
#2565 = VECTOR ( 'NONE', #1974, 1000.000000000000000 ) ;
#2566 = DIRECTION ( 'NONE',  ( -2.537652632417799951E-15, 1.000000000000000000, 0.000000000000000000 ) ) ;
#2567 = VERTEX_POINT ( 'NONE', #504 ) ;
#2568 = AXIS2_PLACEMENT_3D ( 'NONE', #6, #2718, #558 ) ;
#2569 = EDGE_CURVE ( 'NONE', #2174, #1927, #3058, .T. ) ;
#2570 = CARTESIAN_POINT ( 'NONE',  ( 117.0000000000000000, -6.000000000000000000, 13.50000000000000000 ) ) ;
#2571 = CIRCLE ( 'NONE', #1937, 8.099999999999999645 ) ;
#2572 = ORIENTED_EDGE ( 'NONE', *, *, #3407, .F. ) ;
#2573 = AXIS2_PLACEMENT_3D ( 'NONE', #1513, #3483, #470 ) ;
#2574 = ADVANCED_FACE ( 'NONE', ( #1930, #1660, #2766, #567, #43, #3332, #841, #1895, #3354, #1953, #860, #1969, #3001, #1617, #2728, #3018, #1211 ), #1719, .T. ) ;
#2575 = DIRECTION ( 'NONE',  ( 1.000000000000000000, -6.109384727934459621E-32, -1.232595164407829988E-32 ) ) ;
#2576 = DIRECTION ( 'NONE',  ( 0.000000000000000000, 0.000000000000000000, -1.000000000000000000 ) ) ;
#2577 = ORIENTED_EDGE ( 'NONE', *, *, #954, .F. ) ;
#2578 = VECTOR ( 'NONE', #1875, 1000.000000000000000 ) ;
#2579 = EDGE_LOOP ( 'NONE', ( #3024, #2081, #3369, #1686 ) ) ;
#2580 = DIRECTION ( 'NONE',  ( 1.000000000000000000, -6.109384727934459621E-32, -1.232595164407829988E-32 ) ) ;
#2581 = ADVANCED_FACE ( 'NONE', ( #879 ), #2295, .F. ) ;
#2582 = CIRCLE ( 'NONE', #1481, 11.40000000000000746 ) ;
#2583 = CARTESIAN_POINT ( 'NONE',  ( 34.20000000001014939, 3.433260614206730121, 13.50000000000000000 ) ) ;
#2584 = LINE ( 'NONE', #673, #3305 ) ;
#2585 = ORIENTED_EDGE ( 'NONE', *, *, #2345, .F. ) ;
#2586 = LINE ( 'NONE', #1722, #1362 ) ;
#2587 = ORIENTED_EDGE ( 'NONE', *, *, #1255, .T. ) ;
#2588 = DIRECTION ( 'NONE',  ( -4.102085266168244934E-63, -1.000000000000000000, -1.110223024625159992E-16 ) ) ;
#2589 = PLANE ( 'NONE',  #2140 ) ;
#2590 = ORIENTED_EDGE ( 'NONE', *, *, #3588, .F. ) ;
#2591 = DIRECTION ( 'NONE',  ( -1.903239489997469958E-15, -1.000000000000000000, 0.000000000000000000 ) ) ;
#2592 = DIRECTION ( 'NONE',  ( 1.000000000000000000, 0.000000000000000000, 0.000000000000000000 ) ) ;
#2593 = ORIENTED_EDGE ( 'NONE', *, *, #1605, .T. ) ;
#2594 = EDGE_CURVE ( 'NONE', #495, #1215, #112, .T. ) ;
#2595 = ORIENTED_EDGE ( 'NONE', *, *, #381, .F. ) ;
#2596 = DIRECTION ( 'NONE',  ( -7.395570986446990055E-32, 1.000000000000000000, 4.930380657631318857E-32 ) ) ;
#2597 = LINE ( 'NONE', #1768, #2518 ) ;
#2598 = PLANE ( 'NONE',  #1741 ) ;
#2599 = ORIENTED_EDGE ( 'NONE', *, *, #917, .T. ) ;
#2600 = EDGE_CURVE ( 'NONE', #1882, #2988, #347, .T. ) ;
#2601 = DIRECTION ( 'NONE',  ( 0.000000000000000000, 0.000000000000000000, -1.000000000000000000 ) ) ;
#2602 = EDGE_CURVE ( 'NONE', #2043, #642, #1769, .T. ) ;
#2603 = LINE ( 'NONE', #403, #3448 ) ;
#2604 = CYLINDRICAL_SURFACE ( 'NONE', #3037, 6.000000000000019540 ) ;
#2605 = CARTESIAN_POINT ( 'NONE',  ( 31.20000000001019913, 4.499999894011939894, 9.900000000000000355 ) ) ;
#2606 = VECTOR ( 'NONE', #2467, 1000.000000000000000 ) ;
#2607 = VERTEX_POINT ( 'NONE', #621 ) ;
#2608 = EDGE_LOOP ( 'NONE', ( #1949, #2420, #12, #849 ) ) ;
#2609 = CARTESIAN_POINT ( 'NONE',  ( -28.08968170848790180, 6.000000000000000000, 13.50000000000000000 ) ) ;
#2610 = LINE ( 'NONE', #2645, #349 ) ;
#2611 = VERTEX_POINT ( 'NONE', #930 ) ;
#2612 = VERTEX_POINT ( 'NONE', #3445 ) ;
#2613 = LINE ( 'NONE', #1798, #3508 ) ;
#2614 = FACE_OUTER_BOUND ( 'NONE', #1584, .T. ) ;
#2615 = CARTESIAN_POINT ( 'NONE',  ( -25.61930241991399981, -6.000000000000000000, 13.50000000000000000 ) ) ;
#2616 = EDGE_CURVE ( 'NONE', #2749, #1609, #228, .T. ) ;
#2617 = ORIENTED_EDGE ( 'NONE', *, *, #1579, .F. ) ;
#2618 = LINE ( 'NONE', #1, #1013 ) ;
#2619 = EDGE_CURVE ( 'NONE', #2251, #1957, #3171, .T. ) ;
#2620 = DIRECTION ( 'NONE',  ( -4.102085266168244934E-63, 1.000000000000000000, -1.110223024625159992E-16 ) ) ;
#2621 = CARTESIAN_POINT ( 'NONE',  ( -48.00000000000000000, -3.059411708155674869, -7.500000000000000000 ) ) ;
#2622 = EDGE_CURVE ( 'NONE', #468, #47, #2584, .T. ) ;
#2623 = VECTOR ( 'NONE', #741, 1000.000000000000000 ) ;
#2624 = EDGE_LOOP ( 'NONE', ( #1004, #755, #2260, #125 ) ) ;
#2625 = ORIENTED_EDGE ( 'NONE', *, *, #2366, .F. ) ;
#2626 = LINE ( 'NONE', #1238, #33 ) ;
#2627 = DIRECTION ( 'NONE',  ( -4.102085266168244934E-63, -1.000000000000000000, -1.110223024625159992E-16 ) ) ;
#2628 = VERTEX_POINT ( 'NONE', #2872 ) ;
#2629 = VECTOR ( 'NONE', #36, 1000.000000000000000 ) ;
#2630 = CARTESIAN_POINT ( 'NONE',  ( -48.00000000000000000, -9.000000000000000000, -7.500000000000000000 ) ) ;
#2631 = DIRECTION ( 'NONE',  ( 0.000000000000000000, 0.000000000000000000, -1.000000000000000000 ) ) ;
#2632 = CARTESIAN_POINT ( 'NONE',  ( -45.00000000000000000, -6.000000000000000000, 9.900000000000000355 ) ) ;
#2633 = AXIS2_PLACEMENT_3D ( 'NONE', #2487, #1659, #2415 ) ;
#2634 = ORIENTED_EDGE ( 'NONE', *, *, #3527, .F. ) ;
#2635 = AXIS2_PLACEMENT_3D ( 'NONE', #3148, #1425, #1988 ) ;
#2636 = CARTESIAN_POINT ( 'NONE',  ( 78.35596240976701665, 6.000000000000000000, 9.900000000000000355 ) ) ;
#2637 = DIRECTION ( 'NONE',  ( 0.000000000000000000, 0.000000000000000000, -1.000000000000000000 ) ) ;
#2638 = EDGE_CURVE ( 'NONE', #1099, #1738, #1461, .T. ) ;
#2639 = PLANE ( 'NONE',  #2160 ) ;
#2640 = CYLINDRICAL_SURFACE ( 'NONE', #2321, 6.000000000000002665 ) ;
#2641 = VERTEX_POINT ( 'NONE', #2562 ) ;
#2642 = EDGE_CURVE ( 'NONE', #2377, #246, #3426, .T. ) ;
#2643 = ORIENTED_EDGE ( 'NONE', *, *, #260, .F. ) ;
#2644 = FACE_OUTER_BOUND ( 'NONE', #104, .T. ) ;
#2645 = CARTESIAN_POINT ( 'NONE',  ( 95.10000000000000853, -3.433260614248080600, 13.50000000000000000 ) ) ;
#2646 = ORIENTED_EDGE ( 'NONE', *, *, #2480, .F. ) ;
#2647 = ORIENTED_EDGE ( 'NONE', *, *, #3118, .F. ) ;
#2648 = CARTESIAN_POINT ( 'NONE',  ( 73.79999999999820659, 3.433260614231660401, 9.900000000000000355 ) ) ;
#2649 = CARTESIAN_POINT ( 'NONE',  ( 120.0000000000000000, -9.000000000000000000, -7.500000000000000000 ) ) ;
#2650 = DIRECTION ( 'NONE',  ( 0.000000000000000000, 0.000000000000000000, 1.000000000000000000 ) ) ;
#2651 = ORIENTED_EDGE ( 'NONE', *, *, #2419, .T. ) ;
#2652 = ORIENTED_EDGE ( 'NONE', *, *, #3541, .F. ) ;
#2653 = CARTESIAN_POINT ( 'NONE',  ( -9.501052573267859458, -9.000000000000000000, -7.500000000000000000 ) ) ;
#2654 = DIRECTION ( 'NONE',  ( 0.000000000000000000, 0.000000000000000000, 1.000000000000000000 ) ) ;
#2655 = PLANE ( 'NONE',  #1191 ) ;
#2656 = DIRECTION ( 'NONE',  ( 1.000000000000000000, 1.027984282060329919E-17, -3.694829935231450289E-47 ) ) ;
#2657 = EDGE_CURVE ( 'NONE', #335, #2277, #3133, .T. ) ;
#2658 = ORIENTED_EDGE ( 'NONE', *, *, #456, .F. ) ;
#2659 = EDGE_LOOP ( 'NONE', ( #327, #974, #2590 ) ) ;
#2660 = DIRECTION ( 'NONE',  ( -0.5812381937186550385, 0.8137334712070501963, 0.000000000000000000 ) ) ;
#2661 = DIRECTION ( 'NONE',  ( -6.842277657836019882E-47, 1.000000000000000000, 2.732537706885350182E-78 ) ) ;
#2662 = EDGE_CURVE ( 'NONE', #3374, #1033, #654, .T. ) ;
#2663 = AXIS2_PLACEMENT_3D ( 'NONE', #1003, #484, #2101 ) ;
#2664 = AXIS2_PLACEMENT_3D ( 'NONE', #1105, #2202, #810 ) ;
#2665 = CARTESIAN_POINT ( 'NONE',  ( -48.00000000000000000, -18.00000000000000000, -7.500000000000000000 ) ) ;
#2666 = CARTESIAN_POINT ( 'NONE',  ( 12.90000000000000036, 2.783369692896864755, 13.50000000000000000 ) ) ;
#2667 = CARTESIAN_POINT ( 'NONE',  ( -48.00000000000000000, 9.000000000000000000, -7.500000000000000000 ) ) ;
#2668 = ORIENTED_EDGE ( 'NONE', *, *, #646, .F. ) ;
#2669 = VECTOR ( 'NONE', #2225, 1000.000000000000000 ) ;
#2670 = VERTEX_POINT ( 'NONE', #2836 ) ;
#2671 = CARTESIAN_POINT ( 'NONE',  ( 102.4439222467643589, -18.00000000000000000, -7.500000000000000000 ) ) ;
#2672 = CARTESIAN_POINT ( 'NONE',  ( 5.556077753235619809, -18.00000000000000000, -7.500000000000000000 ) ) ;
#2673 = CARTESIAN_POINT ( 'NONE',  ( -1.013119022161208633E-16, -8.999999999999998224, 10.20000000000001350 ) ) ;
#2674 = LINE ( 'NONE', #2314, #3376 ) ;
#2675 = CARTESIAN_POINT ( 'NONE',  ( 11.42440779420222086, -7.707918093284160221, 9.900000000000000355 ) ) ;
#2676 = ORIENTED_EDGE ( 'NONE', *, *, #3136, .F. ) ;
#2677 = VERTEX_POINT ( 'NONE', #1510 ) ;
#2678 = ADVANCED_FACE ( 'NONE', ( #3373 ), #362, .F. ) ;
#2679 = CARTESIAN_POINT ( 'NONE',  ( -12.90000000000000036, -6.000000000000000000, 13.50000000000000000 ) ) ;
#2680 = CARTESIAN_POINT ( 'NONE',  ( 4.570779167104998209, 18.00000000000000000, -5.086898224234698063 ) ) ;
#2681 = VECTOR ( 'NONE', #1373, 1000.000000000000000 ) ;
#2682 = VERTEX_POINT ( 'NONE', #2023 ) ;
#2683 = ORIENTED_EDGE ( 'NONE', *, *, #2799, .F. ) ;
#2684 = EDGE_CURVE ( 'NONE', #1922, #229, #331, .T. ) ;
#2685 = VECTOR ( 'NONE', #793, 1000.000000000000000 ) ;
#2686 = CARTESIAN_POINT ( 'NONE',  ( 92.99999937415138618, -4.499999999999724665, -7.500000000000000000 ) ) ;
#2687 = DIRECTION ( 'NONE',  ( 0.000000000000000000, -1.000000000000000000, 0.000000000000000000 ) ) ;
#2688 = FACE_OUTER_BOUND ( 'NONE', #545, .T. ) ;
#2689 = VECTOR ( 'NONE', #3404, 1000.000000000000000 ) ;
#2690 = EDGE_LOOP ( 'NONE', ( #2977, #184, #1787, #2849 ) ) ;
#2691 = AXIS2_PLACEMENT_3D ( 'NONE', #1774, #1151, #2030 ) ;
#2692 = ORIENTED_EDGE ( 'NONE', *, *, #2712, .T. ) ;
#2693 = ADVANCED_FACE ( 'NONE', ( #1496 ), #2598, .T. ) ;
#2694 = VECTOR ( 'NONE', #1408, 1000.000000000000000 ) ;
#2695 = PLANE ( 'NONE',  #2059 ) ;
#2696 = CARTESIAN_POINT ( 'NONE',  ( 117.0000000000000000, -6.000000000000000000, 9.900000000000000355 ) ) ;
#2697 = DIRECTION ( 'NONE',  ( 0.7499999999999957812, 8.807818512079126157E-32, -0.6614378277661525640 ) ) ;
#2698 = VECTOR ( 'NONE', #2425, 1000.000000000000000 ) ;
#2699 = CARTESIAN_POINT ( 'NONE',  ( 4.582575694955828283, 18.00000000000000000, -6.396152422706633089 ) ) ;
#2700 = AXIS2_PLACEMENT_3D ( 'NONE', #471, #1876, #1318 ) ;
#2701 = ORIENTED_EDGE ( 'NONE', *, *, #3496, .F. ) ;
#2702 = VERTEX_POINT ( 'NONE', #3129 ) ;
#2703 = LINE ( 'NONE', #774, #931 ) ;
#2704 = DIRECTION ( 'NONE',  ( -2.220446049250309876E-16, 1.000000000000000000, 0.000000000000000000 ) ) ;
#2705 = LINE ( 'NONE', #2761, #1770 ) ;
#2706 = DIRECTION ( 'NONE',  ( -1.000000000000000000, -6.842277657836019882E-47, 0.000000000000000000 ) ) ;
#2707 = EDGE_CURVE ( 'NONE', #807, #3521, #2951, .T. ) ;
#2708 = ORIENTED_EDGE ( 'NONE', *, *, #17, .T. ) ;
#2709 = EDGE_LOOP ( 'NONE', ( #1458, #842, #3172 ) ) ;
#2710 = DIRECTION ( 'NONE',  ( 9.122861196634139130E-13, 1.000000000000000000, 0.000000000000000000 ) ) ;
#2711 = CARTESIAN_POINT ( 'NONE',  ( 117.0000000000000000, 4.259727977354450523, 13.50000000000000000 ) ) ;
#2712 = EDGE_CURVE ( 'NONE', #1215, #146, #3199, .T. ) ;
#2713 = CARTESIAN_POINT ( 'NONE',  ( 9.501052573267859458, -9.000000000000000000, -7.500000000000000000 ) ) ;
#2714 = EDGE_CURVE ( 'NONE', #137, #1850, #1561, .T. ) ;
#2715 = EDGE_LOOP ( 'NONE', ( #600, #1371, #1696, #828 ) ) ;
#2716 = ORIENTED_EDGE ( 'NONE', *, *, #1690, .F. ) ;
#2717 = LINE ( 'NONE', #535, #2492 ) ;
#2718 = DIRECTION ( 'NONE',  ( -7.395570986446990055E-32, 1.000000000000000000, 4.930380657631318857E-32 ) ) ;
#2719 = DIRECTION ( 'NONE',  ( -1.000000000000000000, 0.000000000000000000, 0.000000000000000000 ) ) ;
#2720 = VECTOR ( 'NONE', #3075, 1000.000000000000000 ) ;
#2721 = LINE ( 'NONE', #1924, #2984 ) ;
#2722 = FACE_OUTER_BOUND ( 'NONE', #2320, .T. ) ;
#2723 = ORIENTED_EDGE ( 'NONE', *, *, #24, .F. ) ;
#2724 = VECTOR ( 'NONE', #1055, 1000.000000000000000 ) ;
#2725 = ORIENTED_EDGE ( 'NONE', *, *, #2846, .F. ) ;
#2726 = EDGE_CURVE ( 'NONE', #918, #924, #1526, .T. ) ;
#2727 = CARTESIAN_POINT ( 'NONE',  ( 68.99999937415140039, -4.499999999999724665, -7.500000000000000000 ) ) ;
#2728 = FACE_BOUND ( 'NONE', #2818, .T. ) ;
#2729 = ORIENTED_EDGE ( 'NONE', *, *, #2758, .F. ) ;
#2730 = VECTOR ( 'NONE', #1444, 1000.000000000000000 ) ;
#2731 = ADVANCED_FACE ( 'NONE', ( #707 ), #744, .F. ) ;
#2732 = CARTESIAN_POINT ( 'NONE',  ( 92.99999937415138618, -4.499999999999724665, 1.500000000000000000 ) ) ;
#2733 = DIRECTION ( 'NONE',  ( 0.000000000000000000, 4.930380657631319405E-32, -1.000000000000000000 ) ) ;
#2734 = CARTESIAN_POINT ( 'NONE',  ( -8.179363416975899526, 6.000000000000000000, 13.50000000000000000 ) ) ;
#2735 = ORIENTED_EDGE ( 'NONE', *, *, #337, .F. ) ;
#2736 = ORIENTED_EDGE ( 'NONE', *, *, #2619, .T. ) ;
#2737 = EDGE_CURVE ( 'NONE', #3481, #2549, #3238, .T. ) ;
#2738 = CARTESIAN_POINT ( 'NONE',  ( 120.0000000000000000, 0.000000000000000000, 0.000000000000000000 ) ) ;
#2739 = DIRECTION ( 'NONE',  ( 0.000000000000000000, 0.000000000000000000, 1.000000000000000000 ) ) ;
#2740 = VECTOR ( 'NONE', #2126, 1000.000000000000000 ) ;
#2741 = LINE ( 'NONE', #2957, #194 ) ;
#2742 = CARTESIAN_POINT ( 'NONE',  ( -9.900000000000000355, -6.000000000000000000, 13.50000000000000000 ) ) ;
#2743 = ORIENTED_EDGE ( 'NONE', *, *, #2511, .F. ) ;
#2744 = VECTOR ( 'NONE', #1677, 1000.000000000000000 ) ;
#2745 = ORIENTED_EDGE ( 'NONE', *, *, #3140, .F. ) ;
#2746 = CARTESIAN_POINT ( 'NONE',  ( 117.0000000000000000, 6.000000000000000000, 9.900000000000000355 ) ) ;
#2747 = CARTESIAN_POINT ( 'NONE',  ( -11.51952551090201915, 7.757980049442419812, 9.900000000000000355 ) ) ;
#2748 = AXIS2_PLACEMENT_3D ( 'NONE', #1216, #1670, #119 ) ;
#2749 = VERTEX_POINT ( 'NONE', #467 ) ;
#2750 = CARTESIAN_POINT ( 'NONE',  ( 72.46410098928900823, 4.500000000000279776, 7.500000000000000000 ) ) ;
#2751 = VECTOR ( 'NONE', #144, 1000.000000000000114 ) ;
#2752 = EDGE_CURVE ( 'NONE', #865, #1547, #3518, .T. ) ;
#2753 = DIRECTION ( 'NONE',  ( 7.395570986446990055E-32, -1.000000000000000000, -4.930380657631319405E-32 ) ) ;
#2754 = ORIENTED_EDGE ( 'NONE', *, *, #2166, .T. ) ;
#2755 = EDGE_LOOP ( 'NONE', ( #1412, #476, #1919, #2790 ) ) ;
#2756 = VECTOR ( 'NONE', #2654, 1000.000000000000000 ) ;
#2757 = CARTESIAN_POINT ( 'NONE',  ( 34.20000000001014939, 3.433260614206730121, 13.50000000000000000 ) ) ;
#2758 = EDGE_CURVE ( 'NONE', #2612, #2850, #1245, .T. ) ;
#2759 = ORIENTED_EDGE ( 'NONE', *, *, #1427, .T. ) ;
#2760 = PLANE ( 'NONE',  #2691 ) ;
#2761 = CARTESIAN_POINT ( 'NONE',  ( -8.399999999994900435, -6.000000000000000000, 13.50000000000000000 ) ) ;
#2762 = DIRECTION ( 'NONE',  ( -0.6614378277661517869, -0.000000000000000000, -0.7499999999999963363 ) ) ;
#2763 = EDGE_LOOP ( 'NONE', ( #278, #2282, #237 ) ) ;
#2764 = ORIENTED_EDGE ( 'NONE', *, *, #2622, .T. ) ;
#2765 = FACE_OUTER_BOUND ( 'NONE', #592, .T. ) ;
#2766 = FACE_BOUND ( 'NONE', #3176, .T. ) ;
#2767 = ORIENTED_EDGE ( 'NONE', *, *, #1532, .F. ) ;
#2768 = PLANE ( 'NONE',  #3335 ) ;
#2769 = CARTESIAN_POINT ( 'NONE',  ( 101.9999999999999716, -18.00000000000000000, -1.199999999999987965 ) ) ;
#2770 = EDGE_LOOP ( 'NONE', ( #20, #945, #2827 ) ) ;
#2771 = EDGE_LOOP ( 'NONE', ( #1944, #1577, #1246, #3515 ) ) ;
#2772 = EDGE_CURVE ( 'NONE', #114, #2612, #2958, .T. ) ;
#2773 = DIRECTION ( 'NONE',  ( 1.000000000000000000, 7.395570986446990055E-32, -3.694829935231450289E-47 ) ) ;
#2774 = DIRECTION ( 'NONE',  ( -1.027984282060329919E-17, 1.000000000000000000, 0.000000000000000000 ) ) ;
#2775 = EDGE_LOOP ( 'NONE', ( #2357, #1039, #2029, #2148 ) ) ;
#2776 = FACE_OUTER_BOUND ( 'NONE', #74, .T. ) ;
#2777 = EDGE_CURVE ( 'NONE', #91, #3326, #1581, .T. ) ;
#2778 = FACE_OUTER_BOUND ( 'NONE', #847, .T. ) ;
#2779 = FACE_OUTER_BOUND ( 'NONE', #3502, .T. ) ;
#2780 = VERTEX_POINT ( 'NONE', #2918 ) ;
#2781 = ORIENTED_EDGE ( 'NONE', *, *, #188, .T. ) ;
#2782 = DIRECTION ( 'NONE',  ( 0.000000000000000000, 0.000000000000000000, -1.000000000000000000 ) ) ;
#2783 = ADVANCED_FACE ( 'NONE', ( #2688 ), #193, .F. ) ;
#2784 = DIRECTION ( 'NONE',  ( 0.000000000000000000, 0.000000000000000000, -1.000000000000000000 ) ) ;
#2785 = CARTESIAN_POINT ( 'NONE',  ( 108.0000000000000000, 8.999999999999998224, 10.20000000000001883 ) ) ;
#2786 = ORIENTED_EDGE ( 'NONE', *, *, #3455, .F. ) ;
#2787 = VECTOR ( 'NONE', #1419, 1000.000000000000000 ) ;
#2788 = CARTESIAN_POINT ( 'NONE',  ( -9.900000000000000355, 3.515454429980219953, 13.50000000000000000 ) ) ;
#2789 = CARTESIAN_POINT ( 'NONE',  ( -48.00000000000000000, 9.000000000000000000, -7.500000000000000000 ) ) ;
#2790 = ORIENTED_EDGE ( 'NONE', *, *, #29, .F. ) ;
#2791 = ORIENTED_EDGE ( 'NONE', *, *, #668, .F. ) ;
#2792 = DIRECTION ( 'NONE',  ( 0.000000000000000000, 0.000000000000000000, -1.000000000000000000 ) ) ;
#2793 = EDGE_CURVE ( 'NONE', #3536, #1542, #689, .T. ) ;
#2794 = VERTEX_POINT ( 'NONE', #1263 ) ;
#2795 = CARTESIAN_POINT ( 'NONE',  ( 113.3325756949558070, -18.00000000000000000, -5.734714594940502508 ) ) ;
#2796 = PLANE ( 'NONE',  #2344 ) ;
#2797 = PLANE ( 'NONE',  #514 ) ;
#2798 = ORIENTED_EDGE ( 'NONE', *, *, #606, .F. ) ;
#2799 = EDGE_CURVE ( 'NONE', #3221, #3591, #3217, .T. ) ;
#2800 = ORIENTED_EDGE ( 'NONE', *, *, #1981, .F. ) ;
#2801 = CARTESIAN_POINT ( 'NONE',  ( -45.00000000000000000, -6.000000000000000000, 9.900000000000000355 ) ) ;
#2802 = CARTESIAN_POINT ( 'NONE',  ( 29.64403759019485207, 6.000000000000000000, 13.50000000000000000 ) ) ;
#2803 = LINE ( 'NONE', #2505, #164 ) ;
#2804 = VECTOR ( 'NONE', #2947, 1000.000000000000000 ) ;
#2805 = EDGE_CURVE ( 'NONE', #1914, #1221, #433, .T. ) ;
#2806 = VECTOR ( 'NONE', #1773, 1000.000000000000000 ) ;
#2807 = FACE_OUTER_BOUND ( 'NONE', #940, .T. ) ;
#2808 = CIRCLE ( 'NONE', #3453, 0.9999999999999870104 ) ;
#2809 = ORIENTED_EDGE ( 'NONE', *, *, #1498, .T. ) ;
#2810 = ORIENTED_EDGE ( 'NONE', *, *, #1956, .T. ) ;
#2811 = VECTOR ( 'NONE', #2710, 1000.000000000000000 ) ;
#2812 = LINE ( 'NONE', #593, #2088 ) ;
#2813 = AXIS2_PLACEMENT_3D ( 'NONE', #1073, #483, #208 ) ;
#2814 = CARTESIAN_POINT ( 'NONE',  ( -20.34034879007580088, 1.457391992896908128, 9.900000000000000355 ) ) ;
#2815 = DIRECTION ( 'NONE',  ( 0.000000000000000000, -1.000000000000000000, 0.000000000000000000 ) ) ;
#2816 = AXIS2_PLACEMENT_3D ( 'NONE', #3458, #3493, #1258 ) ;
#2817 = ORIENTED_EDGE ( 'NONE', *, *, #976, .F. ) ;
#2818 = EDGE_LOOP ( 'NONE', ( #670, #3246, #1518 ) ) ;
#2819 = CARTESIAN_POINT ( 'NONE',  ( -3.330669073875470016E-15, -18.00000000000000000, -1.199999999999987965 ) ) ;
#2820 = FACE_OUTER_BOUND ( 'NONE', #3240, .T. ) ;
#2821 = DIRECTION ( 'NONE',  ( -0.4908437339420581025, -0.8712476277441552064, 0.000000000000000000 ) ) ;
#2822 = ADVANCED_FACE ( 'NONE', ( #1038 ), #2133, .F. ) ;
#2823 = DIRECTION ( 'NONE',  ( 1.000000000000000000, 3.469446951953610245E-16, 0.000000000000000000 ) ) ;
#2824 = EDGE_CURVE ( 'NONE', #2363, #1763, #1870, .T. ) ;
#2825 = CARTESIAN_POINT ( 'NONE',  ( 5.556077753235619809, -18.00000000000000000, -7.500000000000000000 ) ) ;
#2826 = ORIENTED_EDGE ( 'NONE', *, *, #2642, .F. ) ;
#2827 = ORIENTED_EDGE ( 'NONE', *, *, #1184, .T. ) ;
#2828 = DIRECTION ( 'NONE',  ( 0.000000000000000000, 0.000000000000000000, -1.000000000000000000 ) ) ;
#2829 = ORIENTED_EDGE ( 'NONE', *, *, #2166, .F. ) ;
#2830 = DIRECTION ( 'NONE',  ( 0.000000000000000000, -1.000000000000000000, -2.465190328815660250E-32 ) ) ;
#2831 = LINE ( 'NONE', #1469, #2261 ) ;
#2832 = ORIENTED_EDGE ( 'NONE', *, *, #1887, .T. ) ;
#2833 = VERTEX_POINT ( 'NONE', #2976 ) ;
#2834 = LINE ( 'NONE', #309, #1187 ) ;
#2835 = DIRECTION ( 'NONE',  ( -1.000000000000000000, 0.000000000000000000, 0.000000000000000000 ) ) ;
#2836 = CARTESIAN_POINT ( 'NONE',  ( 98.10000000000000853, -3.377375036177979961, 13.50000000000000000 ) ) ;
#2837 = ORIENTED_EDGE ( 'NONE', *, *, #2953, .F. ) ;
#2838 = ADVANCED_FACE ( 'NONE', ( #1276 ), #2376, .F. ) ;
#2839 = DIRECTION ( 'NONE',  ( 2.832769448823990301E-16, 0.000000000000000000, 1.000000000000000000 ) ) ;
#2840 = AXIS2_PLACEMENT_3D ( 'NONE', #448, #2706, #2499 ) ;
#2841 = LINE ( 'NONE', #677, #1411 ) ;
#2842 = ORIENTED_EDGE ( 'NONE', *, *, #772, .F. ) ;
#2843 = ADVANCED_FACE ( 'NONE', ( #729 ), #1836, .F. ) ;
#2844 = CIRCLE ( 'NONE', #1282, 8.099999999999999645 ) ;
#2845 = CARTESIAN_POINT ( 'NONE',  ( 98.10000000000000853, -3.377375036177979961, 9.900000000000000355 ) ) ;
#2846 = EDGE_CURVE ( 'NONE', #1734, #582, #1613, .T. ) ;
#2847 = DIRECTION ( 'NONE',  ( 0.000000000000000000, -1.000000000000000000, -2.465190328815661071E-32 ) ) ;
#2848 = DIRECTION ( 'NONE',  ( -6.981082385088409593E-12, -1.000000000000000000, 0.000000000000000000 ) ) ;
#2849 = ORIENTED_EDGE ( 'NONE', *, *, #3218, .F. ) ;
#2850 = VERTEX_POINT ( 'NONE', #245 ) ;
#2851 = CARTESIAN_POINT ( 'NONE',  ( -63.60000000000000142, 8.099999999999990763, -9.919639073093541478E-16 ) ) ;
#2852 = DIRECTION ( 'NONE',  ( 7.395570986446990055E-32, -1.000000000000000000, -4.930380657631319405E-32 ) ) ;
#2853 = DIRECTION ( 'NONE',  ( 1.000000000000000000, 0.000000000000000000, 0.000000000000000000 ) ) ;
#2854 = ORIENTED_EDGE ( 'NONE', *, *, #557, .T. ) ;
#2855 = CARTESIAN_POINT ( 'NONE',  ( 31.20000000001014939, -6.000000000000000000, 13.50000000000000000 ) ) ;
#2856 = ORIENTED_EDGE ( 'NONE', *, *, #1871, .F. ) ;
#2857 = DIRECTION ( 'NONE',  ( -1.000000000000000000, 0.000000000000000000, 0.000000000000000000 ) ) ;
#2858 = DIRECTION ( 'NONE',  ( 0.000000000000000000, 0.000000000000000000, -1.000000000000000000 ) ) ;
#2859 = EDGE_CURVE ( 'NONE', #1927, #1129, #2151, .T. ) ;
#2860 = AXIS2_PLACEMENT_3D ( 'NONE', #2409, #2131, #2719 ) ;
#2861 = EDGE_LOOP ( 'NONE', ( #650, #257, #782, #1506 ) ) ;
#2862 = AXIS2_PLACEMENT_3D ( 'NONE', #3173, #2962, #3186 ) ;
#2863 = PLANE ( 'NONE',  #185 ) ;
#2864 = CARTESIAN_POINT ( 'NONE',  ( -64.79999999999999716, -6.899999999999999467, 5.965760595733793878E-31 ) ) ;
#2865 = EDGE_CURVE ( 'NONE', #248, #1684, #1110, .T. ) ;
#2866 = EDGE_LOOP ( 'NONE', ( #1134, #1847, #239, #2842 ) ) ;
#2867 = VECTOR ( 'NONE', #2100, 1000.000000000000000 ) ;
#2868 = VERTEX_POINT ( 'NONE', #265 ) ;
#2869 = LINE ( 'NONE', #1834, #1415 ) ;
#2870 = AXIS2_PLACEMENT_3D ( 'NONE', #303, #1204, #1188 ) ;
#2871 = DIRECTION ( 'NONE',  ( -1.000000000000000000, 0.000000000000000000, 1.027162637006529939E-32 ) ) ;
#2872 = CARTESIAN_POINT ( 'NONE',  ( -39.00000062584880567, -4.500000000000000000, 1.500000000000000000 ) ) ;
#2873 = EDGE_CURVE ( 'NONE', #781, #91, #1655, .T. ) ;
#2874 = ORIENTED_EDGE ( 'NONE', *, *, #2004, .T. ) ;
#2875 = DIRECTION ( 'NONE',  ( -2.220446049250309876E-16, -1.000000000000000000, -5.468348304142549928E-47 ) ) ;
#2876 = DIRECTION ( 'NONE',  ( 0.000000000000000000, 0.000000000000000000, -1.000000000000000000 ) ) ;
#2877 = ORIENTED_EDGE ( 'NONE', *, *, #2707, .F. ) ;
#2878 = ORIENTED_EDGE ( 'NONE', *, *, #2395, .T. ) ;
#2879 = EDGE_CURVE ( 'NONE', #1159, #3116, #2173, .T. ) ;
#2880 = PLANE ( 'NONE',  #550 ) ;
#2881 = CARTESIAN_POINT ( 'NONE',  ( -12.90000000000000036, 6.042608007106919921, 13.50000000000000000 ) ) ;
#2882 = ORIENTED_EDGE ( 'NONE', *, *, #1121, .T. ) ;
#2883 = EDGE_LOOP ( 'NONE', ( #2668, #384, #3599, #2540 ) ) ;
#2884 = EDGE_CURVE ( 'NONE', #501, #889, #3325, .T. ) ;
#2885 = DIRECTION ( 'NONE',  ( 2.832769448823990301E-16, 0.000000000000000000, 1.000000000000000000 ) ) ;
#2886 = CARTESIAN_POINT ( 'NONE',  ( 68.99999937415140039, -1.035898384861968058, 7.500000000000000000 ) ) ;
#2887 = DIRECTION ( 'NONE',  ( 0.000000000000000000, 0.000000000000000000, 1.000000000000000000 ) ) ;
#2888 = ORIENTED_EDGE ( 'NONE', *, *, #1340, .T. ) ;
#2889 = EDGE_CURVE ( 'NONE', #2437, #781, #1365, .T. ) ;
#2890 = CARTESIAN_POINT ( 'NONE',  ( 113.5560777532355843, -9.000000000000000000, -7.500000000000000000 ) ) ;
#2891 = VECTOR ( 'NONE', #2178, 1000.000000000000000 ) ;
#2892 = CARTESIAN_POINT ( 'NONE',  ( 89.53589775901319570, 1.035898384862525834, 7.500000000000000000 ) ) ;
#2893 = CARTESIAN_POINT ( 'NONE',  ( -48.00000000000000000, 9.000000000000000000, 13.50000000000000000 ) ) ;
#2894 = VECTOR ( 'NONE', #667, 1000.000000000000000 ) ;
#2895 = ORIENTED_EDGE ( 'NONE', *, *, #3559, .T. ) ;
#2896 = DIRECTION ( 'NONE',  ( -7.395570986446990055E-32, 1.000000000000000000, 4.930380657631318857E-32 ) ) ;
#2897 = DIRECTION ( 'NONE',  ( 1.000000000000000000, 1.027984282060329919E-17, 0.000000000000000000 ) ) ;
#2898 = EDGE_CURVE ( 'NONE', #1619, #1730, #3606, .T. ) ;
#2899 = ORIENTED_EDGE ( 'NONE', *, *, #1149, .F. ) ;
#2900 = DIRECTION ( 'NONE',  ( -1.000000000000000000, -6.842277657836019882E-47, 3.694829935231450289E-47 ) ) ;
#2901 = PLANE ( 'NONE',  #900 ) ;
#2902 = DIRECTION ( 'NONE',  ( -1.000000000000000000, -1.268826316266689953E-15, 0.000000000000000000 ) ) ;
#2903 = EDGE_CURVE ( 'NONE', #2459, #2641, #209, .T. ) ;
#2904 = ORIENTED_EDGE ( 'NONE', *, *, #606, .T. ) ;
#2905 = CARTESIAN_POINT ( 'NONE',  ( 112.5707791671049876, -18.00000000000000000, -5.086898224234718491 ) ) ;
#2906 = PLANE ( 'NONE',  #843 ) ;
#2907 = EDGE_CURVE ( 'NONE', #2439, #3422, #542, .T. ) ;
#2908 = CARTESIAN_POINT ( 'NONE',  ( 108.0000000000000000, -18.00000000000000000, 1.350000000000012079 ) ) ;
#2909 = VECTOR ( 'NONE', #2137, 1000.000000000000000 ) ;
#2910 = VERTEX_POINT ( 'NONE', #561 ) ;
#2911 = VECTOR ( 'NONE', #2739, 1000.000000000000000 ) ;
#2912 = DIRECTION ( 'NONE',  ( 1.000000000000000000, 0.000000000000000000, 0.000000000000000000 ) ) ;
#2913 = LINE ( 'NONE', #3512, #402 ) ;
#2914 = ORIENTED_EDGE ( 'NONE', *, *, #917, .F. ) ;
#2915 = VECTOR ( 'NONE', #1299, 1000.000000000000000 ) ;
#2916 = CYLINDRICAL_SURFACE ( 'NONE', #364, 11.40000000000000036 ) ;
#2917 = LINE ( 'NONE', #2666, #2867 ) ;
#2918 = CARTESIAN_POINT ( 'NONE',  ( -12.90000000000000036, 3.085216014213819857, 9.900000000000000355 ) ) ;
#2919 = VECTOR ( 'NONE', #2045, 1000.000000000000000 ) ;
#2920 = EDGE_LOOP ( 'NONE', ( #3034, #2304, #101, #681 ) ) ;
#2921 = ORIENTED_EDGE ( 'NONE', *, *, #3593, .F. ) ;
#2922 = VECTOR ( 'NONE', #2156, 1000.000000000000000 ) ;
#2923 = ADVANCED_FACE ( 'NONE', ( #2722 ), #2445, .F. ) ;
#2924 =( NAMED_UNIT ( * ) PLANE_ANGLE_UNIT ( ) SI_UNIT ( $, .RADIAN. ) );
#2925 = PLANE ( 'NONE',  #995 ) ;
#2926 = CARTESIAN_POINT ( 'NONE',  ( 72.46410098928900823, 1.035898384862525834, 7.500000000000000000 ) ) ;
#2927 = ADVANCED_FACE ( 'NONE', ( #2779 ), #798, .T. ) ;
#2928 = DIRECTION ( 'NONE',  ( 0.8660254037844387076, -1.232595164407832314E-32, 0.4999999999999998890 ) ) ;
#2929 = CARTESIAN_POINT ( 'NONE',  ( -3.330669073875470016E-15, -18.00000000000000000, -1.199999999999987965 ) ) ;
#2930 = ORIENTED_EDGE ( 'NONE', *, *, #2247, .F. ) ;
#2931 = ORIENTED_EDGE ( 'NONE', *, *, #2898, .T. ) ;
#2932 = DIRECTION ( 'NONE',  ( 0.000000000000000000, -1.000000000000000000, 0.000000000000000000 ) ) ;
#2933 = LINE ( 'NONE', #3232, #1685 ) ;
#2934 = CYLINDRICAL_SURFACE ( 'NONE', #2385, 11.40000000000000036 ) ;
#2935 = VERTEX_POINT ( 'NONE', #3069 ) ;
#2936 = DIRECTION ( 'NONE',  ( -1.027984282060329919E-17, 1.000000000000000000, 0.000000000000000000 ) ) ;
#2937 = DIRECTION ( 'NONE',  ( -1.000000000000000000, -7.395570986446990055E-32, 3.694829935231450289E-47 ) ) ;
#2938 = DIRECTION ( 'NONE',  ( 0.000000000000000000, -1.000000000000000000, 0.000000000000000000 ) ) ;
#2939 = ORIENTED_EDGE ( 'NONE', *, *, #2441, .F. ) ;
#2940 = ORIENTED_EDGE ( 'NONE', *, *, #2124, .T. ) ;
#2941 = DIRECTION ( 'NONE',  ( 0.000000000000000000, -1.000000000000000000, -1.025580099404566107E-14 ) ) ;
#2942 = LINE ( 'NONE', #766, #3343 ) ;
#2943 = EDGE_CURVE ( 'NONE', #889, #2452, #1399, .T. ) ;
#2944 = CARTESIAN_POINT ( 'NONE',  ( 54.50425689919629235, -29.02192980135659894, 13.50000000000000000 ) ) ;
#2945 = DIRECTION ( 'NONE',  ( -1.903239489997469958E-15, -1.000000000000000000, 7.032146241557309742E-62 ) ) ;
#2946 = EDGE_CURVE ( 'NONE', #970, #3591, #3013, .T. ) ;
#2947 = DIRECTION ( 'NONE',  ( -7.395570986446990055E-32, 1.000000000000000000, 4.930380657631318857E-32 ) ) ;
#2948 = ORIENTED_EDGE ( 'NONE', *, *, #305, .F. ) ;
#2949 = LINE ( 'NONE', #739, #253 ) ;
#2950 = CARTESIAN_POINT ( 'NONE',  ( -24.53438554347039968, -1.538348545238674925, 13.50000000000000000 ) ) ;
#2951 = CIRCLE ( 'NONE', #2258, 11.40000000000000036 ) ;
#2952 = CARTESIAN_POINT ( 'NONE',  ( 76.79999999999820659, 3.433260614214745043, 13.50000000000000000 ) ) ;
#2953 = EDGE_CURVE ( 'NONE', #495, #2204, #2426, .T. ) ;
#2954 = ORIENTED_EDGE ( 'NONE', *, *, #1673, .T. ) ;
#2955 = CIRCLE ( 'NONE', #1394, 0.9999999999999870104 ) ;
#2956 = DIRECTION ( 'NONE',  ( 7.383753479102818642E-62, 1.000000000000000000, 2.465190328815659976E-32 ) ) ;
#2957 = CARTESIAN_POINT ( 'NONE',  ( 53.99999999999259614, -4.278331036753999506, 9.900000000000000355 ) ) ;
#2958 = LINE ( 'NONE', #176, #2080 ) ;
#2959 = ORIENTED_EDGE ( 'NONE', *, *, #1552, .T. ) ;
#2960 = CIRCLE ( 'NONE', #1980, 11.40000000000000036 ) ;
#2961 = EDGE_LOOP ( 'NONE', ( #435, #2388, #2743 ) ) ;
#2962 = DIRECTION ( 'NONE',  ( 7.395570986446990055E-32, -1.000000000000000000, -4.930380657631319405E-32 ) ) ;
#2963 = DIRECTION ( 'NONE',  ( 0.000000000000000000, 4.930380657631319405E-32, -1.000000000000000000 ) ) ;
#2964 = CARTESIAN_POINT ( 'NONE',  ( -18.46410224098649877, 1.035898384862244059, 7.500000000000000000 ) ) ;
#2965 = ADVANCED_FACE ( 'NONE', ( #226 ), #1074, .F. ) ;
#2966 = CARTESIAN_POINT ( 'NONE',  ( 32.70000000000804619, 4.278331036742519800, 9.900000000000000355 ) ) ;
#2967 = VERTEX_POINT ( 'NONE', #1633 ) ;
#2968 = ORIENTED_EDGE ( 'NONE', *, *, #2602, .F. ) ;
#2969 = EDGE_CURVE ( 'NONE', #701, #2452, #2188, .T. ) ;
#2970 = CARTESIAN_POINT ( 'NONE',  ( -63.60000000000000142, 5.916457635513519731E-30, 7.518830502887700457E-31 ) ) ;
#2971 = AXIS2_PLACEMENT_3D ( 'NONE', #2013, #3119, #1737 ) ;
#2972 = VECTOR ( 'NONE', #395, 1000.000000000000000 ) ;
#2973 = CARTESIAN_POINT ( 'NONE',  ( -66.00000000000000000, 6.271445042862959770E-30, 7.814653342345558689E-31 ) ) ;
#2974 = EDGE_CURVE ( 'NONE', #326, #1914, #3144, .T. ) ;
#2975 = CARTESIAN_POINT ( 'NONE',  ( -63.60000000000000142, -4.093104553440176810E-15, 8.099999999999999645 ) ) ;
#2976 = CARTESIAN_POINT ( 'NONE',  ( 73.79999999999820659, 3.433260614231660401, 13.50000000000000000 ) ) ;
#2977 = ORIENTED_EDGE ( 'NONE', *, *, #1353, .F. ) ;
#2978 = AXIS2_PLACEMENT_3D ( 'NONE', #727, #2936, #1783 ) ;
#2979 = VERTEX_POINT ( 'NONE', #596 ) ;
#2980 = ADVANCED_FACE ( 'NONE', ( #3385 ), #1728, .F. ) ;
#2981 = FACE_OUTER_BOUND ( 'NONE', #348, .T. ) ;
#2982 = FACE_OUTER_BOUND ( 'NONE', #2659, .T. ) ;
#2983 = DIRECTION ( 'NONE',  ( 7.395570986446990055E-32, -1.000000000000000000, -4.930380657631319405E-32 ) ) ;
#2984 = VECTOR ( 'NONE', #3030, 1000.000000000000000 ) ;
#2985 = DIRECTION ( 'NONE',  ( 1.000000000000000000, 1.027984282060329919E-17, 0.000000000000000000 ) ) ;
#2986 = AXIS2_PLACEMENT_3D ( 'NONE', #1027, #1804, #2139 ) ;
#2987 = CARTESIAN_POINT ( 'NONE',  ( 9.900000000000000355, -3.515454430028559951, 13.50000000000000000 ) ) ;
#2988 = VERTEX_POINT ( 'NONE', #1170 ) ;
#2989 = ORIENTED_EDGE ( 'NONE', *, *, #88, .T. ) ;
#2990 = DIRECTION ( 'NONE',  ( -1.000000000000000000, 0.000000000000000000, 0.000000000000000000 ) ) ;
#2991 = EDGE_CURVE ( 'NONE', #1609, #3379, #1490, .T. ) ;
#2992 = EDGE_LOOP ( 'NONE', ( #2882, #1505, #3134 ) ) ;
#2993 = LINE ( 'NONE', #224, #3100 ) ;
#2994 = CARTESIAN_POINT ( 'NONE',  ( -9.501052573267859458, -9.000000000000000000, -7.500000000000000000 ) ) ;
#2995 = CARTESIAN_POINT ( 'NONE',  ( -42.41930241988914929, 6.000000000000000000, 13.50000000000000000 ) ) ;
#2996 = CARTESIAN_POINT ( 'NONE',  ( 71.39999937415139186, -2.099999999999724754, 5.656921938165320185 ) ) ;
#2997 = ORIENTED_EDGE ( 'NONE', *, *, #2726, .F. ) ;
#2998 = ADVANCED_FACE ( 'NONE', ( #1693 ), #2797, .F. ) ;
#2999 = ORIENTED_EDGE ( 'NONE', *, *, #584, .T. ) ;
#3000 = DIRECTION ( 'NONE',  ( 0.000000000000000000, -5.053215498074299930E-16, 1.000000000000000000 ) ) ;
#3001 = FACE_BOUND ( 'NONE', #1582, .T. ) ;
#3002 = ORIENTED_EDGE ( 'NONE', *, *, #157, .F. ) ;
#3003 = ADVANCED_FACE ( 'NONE', ( #325 ), #1762, .F. ) ;
#3004 = CARTESIAN_POINT ( 'NONE',  ( 34.20000000001014939, 1.499999999999609868, 13.50000000000000000 ) ) ;
#3005 = DIRECTION ( 'NONE',  ( 0.000000000000000000, 0.000000000000000000, -1.000000000000000000 ) ) ;
#3006 = FACE_OUTER_BOUND ( 'NONE', #2624, .T. ) ;
#3007 = ORIENTED_EDGE ( 'NONE', *, *, #1956, .F. ) ;
#3008 = ORIENTED_EDGE ( 'NONE', *, *, #2758, .T. ) ;
#3009 = PLANE ( 'NONE',  #1229 ) ;
#3010 = CARTESIAN_POINT ( 'NONE',  ( -48.00000000000000000, -9.000000000000000000, 13.50000000000000000 ) ) ;
#3011 = VECTOR ( 'NONE', #2193, 1000.000000000000114 ) ;
#3012 = CARTESIAN_POINT ( 'NONE',  ( 35.75596240978855178, 6.000000000000000000, 9.900000000000000355 ) ) ;
#3013 = LINE ( 'NONE', #3349, #1858 ) ;
#3014 = EDGE_LOOP ( 'NONE', ( #1970, #1220, #2337, #1592 ) ) ;
#3015 = VECTOR ( 'NONE', #2114, 1000.000000000000000 ) ;
#3016 = VERTEX_POINT ( 'NONE', #2538 ) ;
#3017 = LINE ( 'NONE', #1041, #3274 ) ;
#3018 = FACE_BOUND ( 'NONE', #2709, .T. ) ;
#3019 = ADVANCED_FACE ( 'NONE', ( #2521 ), #304, .F. ) ;
#3020 = ORIENTED_EDGE ( 'NONE', *, *, #1839, .T. ) ;
#3021 = VECTOR ( 'NONE', #1295, 1000.000000000000000 ) ;
#3022 = CARTESIAN_POINT ( 'NONE',  ( -6.122018795105700129, 6.000000000000000000, 13.50000000000000000 ) ) ;
#3023 = ADVANCED_FACE ( 'NONE', ( #53 ), #2267, .F. ) ;
#3024 = ORIENTED_EDGE ( 'NONE', *, *, #1207, .F. ) ;
#3025 = EDGE_LOOP ( 'NONE', ( #2002, #97, #1155 ) ) ;
#3026 = PLANE ( 'NONE',  #458 ) ;
#3027 = DIRECTION ( 'NONE',  ( 1.000000000000000000, -7.383753479102818642E-62, 0.000000000000000000 ) ) ;
#3028 = EDGE_LOOP ( 'NONE', ( #2921, #2296, #2723 ) ) ;
#3029 = CARTESIAN_POINT ( 'NONE',  ( 76.79999999999820659, 3.433260614214745043, 9.900000000000000355 ) ) ;
#3030 = DIRECTION ( 'NONE',  ( -1.000000000000000000, -7.395570986446990055E-32, 3.694829935231450289E-47 ) ) ;
#3031 = CARTESIAN_POINT ( 'NONE',  ( 102.4439222467643589, 18.00000000000000000, -7.500000000000000000 ) ) ;
#3032 = ORIENTED_EDGE ( 'NONE', *, *, #417, .F. ) ;
#3033 = VECTOR ( 'NONE', #1899, 1000.000000000000000 ) ;
#3034 = ORIENTED_EDGE ( 'NONE', *, *, #1111, .F. ) ;
#3035 = DIRECTION ( 'NONE',  ( 1.000000000000000000, -7.395570986446980202E-32, -1.232595164407829988E-32 ) ) ;
#3036 = DIRECTION ( 'NONE',  ( -1.000000000000000000, 0.000000000000000000, 0.000000000000000000 ) ) ;
#3037 = AXIS2_PLACEMENT_3D ( 'NONE', #644, #3603, #301 ) ;
#3038 = ORIENTED_EDGE ( 'NONE', *, *, #2441, .T. ) ;
#3039 = CYLINDRICAL_SURFACE ( 'NONE', #2568, 0.9999999999999870104 ) ;
#3040 = EDGE_CURVE ( 'NONE', #2130, #1296, #2319, .T. ) ;
#3041 = VECTOR ( 'NONE', #676, 1000.000000000000000 ) ;
#3042 = CARTESIAN_POINT ( 'NONE',  ( 106.0707687807515924, 1.311312481911012018, 9.900000000000000355 ) ) ;
#3043 = CIRCLE ( 'NONE', #2635, 8.099999999999999645 ) ;
#3044 = DIRECTION ( 'NONE',  ( 1.000000000000000000, 1.027984282060329919E-17, 0.000000000000000000 ) ) ;
#3045 = ORIENTED_EDGE ( 'NONE', *, *, #2889, .F. ) ;
#3046 = EDGE_CURVE ( 'NONE', #1854, #897, #2001, .T. ) ;
#3047 = ORIENTED_EDGE ( 'NONE', *, *, #3131, .F. ) ;
#3048 = CIRCLE ( 'NONE', #1200, 5.700000000000000178 ) ;
#3049 = DIRECTION ( 'NONE',  ( 0.4908437339404999600, 0.8712476277450330597, 0.000000000000000000 ) ) ;
#3050 = PLANE ( 'NONE',  #2748 ) ;
#3051 = DIRECTION ( 'NONE',  ( 0.000000000000000000, 0.000000000000000000, -1.000000000000000000 ) ) ;
#3052 = CARTESIAN_POINT ( 'NONE',  ( -64.79999999999999716, 6.899999999999999467, -8.450062914116727786E-16 ) ) ;
#3053 = ORIENTED_EDGE ( 'NONE', *, *, #2297, .T. ) ;
#3054 = ORIENTED_EDGE ( 'NONE', *, *, #2889, .T. ) ;
#3055 = PRODUCT_DEFINITION_CONTEXT ( 'detailed design', #3237, 'design' ) ;
#3056 = LINE ( 'NONE', #1967, #2447 ) ;
#3057 = LINE ( 'NONE', #1347, #367 ) ;
#3058 = LINE ( 'NONE', #3294, #2490 ) ;
#3059 = ORIENTED_EDGE ( 'NONE', *, *, #295, .F. ) ;
#3060 = DIRECTION ( 'NONE',  ( 0.000000000000000000, 0.000000000000000000, -1.000000000000000000 ) ) ;
#3061 = FACE_OUTER_BOUND ( 'NONE', #1838, .T. ) ;
#3062 = ORIENTED_EDGE ( 'NONE', *, *, #1624, .T. ) ;
#3063 = ORIENTED_EDGE ( 'NONE', *, *, #2044, .F. ) ;
#3064 = FACE_OUTER_BOUND ( 'NONE', #1333, .T. ) ;
#3065 = EDGE_CURVE ( 'NONE', #1078, #835, #1044, .T. ) ;
#3066 = CYLINDRICAL_SURFACE ( 'NONE', #3327, 11.40000000000000036 ) ;
#3067 = CARTESIAN_POINT ( 'NONE',  ( -45.00000000000000000, 4.156644585633049616, 13.50000000000000000 ) ) ;
#3068 = LINE ( 'NONE', #3107, #665 ) ;
#3069 = CARTESIAN_POINT ( 'NONE',  ( -39.00000062584880567, 4.500000000000000000, -7.500000000000000000 ) ) ;
#3070 = EDGE_CURVE ( 'NONE', #3554, #2794, #2831, .T. ) ;
#3071 = VERTEX_POINT ( 'NONE', #341 ) ;
#3072 = ORIENTED_EDGE ( 'NONE', *, *, #2558, .T. ) ;
#3073 = CARTESIAN_POINT ( 'NONE',  ( -39.00000062584880567, -2.250000000000000000, -7.500000000000000000 ) ) ;
#3074 = PLANE ( 'NONE',  #1479 ) ;
#3075 = DIRECTION ( 'NONE',  ( 0.000000000000000000, 0.000000000000000000, -1.000000000000000000 ) ) ;
#3076 = VERTEX_POINT ( 'NONE', #1153 ) ;
#3077 = AXIS2_PLACEMENT_3D ( 'NONE', #106, #1219, #90 ) ;
#3078 = CARTESIAN_POINT ( 'NONE',  ( 1.811825037214955136, 21.68011974816234755, 13.50000000000000000 ) ) ;
#3079 = DIRECTION ( 'NONE',  ( 1.000000000000000000, 2.220446049250309876E-16, 0.000000000000000000 ) ) ;
#3080 = EDGE_LOOP ( 'NONE', ( #1564, #1384, #1048, #1163 ) ) ;
#3081 = ORIENTED_EDGE ( 'NONE', *, *, #3427, .F. ) ;
#3082 = CARTESIAN_POINT ( 'NONE',  ( 9.900000000000000355, 6.000000000000000000, 13.50000000000000000 ) ) ;
#3083 = ORIENTED_EDGE ( 'NONE', *, *, #3046, .T. ) ;
#3084 = EDGE_CURVE ( 'NONE', #3076, #2277, #1456, .T. ) ;
#3085 = LINE ( 'NONE', #1418, #30 ) ;
#3086 = DIRECTION ( 'NONE',  ( 0.000000000000000000, -1.000000000000000000, 0.000000000000000000 ) ) ;
#3087 = ORIENTED_EDGE ( 'NONE', *, *, #2049, .T. ) ;
#3088 = VERTEX_POINT ( 'NONE', #72 ) ;
#3089 = EDGE_CURVE ( 'NONE', #1095, #730, #3135, .T. ) ;
#3090 = LINE ( 'NONE', #1114, #656 ) ;
#3091 = PLANE ( 'NONE',  #3394 ) ;
#3092 = DIRECTION ( 'NONE',  ( 0.000000000000000000, 0.000000000000000000, -1.000000000000000000 ) ) ;
#3093 = CARTESIAN_POINT ( 'NONE',  ( -63.60000000000000142, 5.916457635513519731E-30, 7.518830502887700457E-31 ) ) ;
#3094 = EDGE_LOOP ( 'NONE', ( #2393, #3495, #2364, #2914 ) ) ;
#3095 = VECTOR ( 'NONE', #1181, 1000.000000000000000 ) ;
#3096 = EDGE_CURVE ( 'NONE', #343, #267, #1205, .T. ) ;
#3097 = VECTOR ( 'NONE', #1001, 1000.000000000000000 ) ;
#3098 = DIRECTION ( 'NONE',  ( -6.842277657836019882E-47, 1.000000000000000000, 0.000000000000000000 ) ) ;
#3099 = CARTESIAN_POINT ( 'NONE',  ( -17.55000000000000071, 6.000000000000000000, 13.50000000000000000 ) ) ;
#3100 = VECTOR ( 'NONE', #3287, 999.9999999999998863 ) ;
#3101 = EDGE_LOOP ( 'NONE', ( #2948, #1729, #162 ) ) ;
#3102 = VERTEX_POINT ( 'NONE', #923 ) ;
#3103 = VECTOR ( 'NONE', #806, 1000.000000000000114 ) ;
#3104 = CARTESIAN_POINT ( 'NONE',  ( -3.330669073875467255E-15, -18.00000000000000000, -1.199999999999987965 ) ) ;
#3105 = VECTOR ( 'NONE', #1968, 999.9999999999998863 ) ;
#3106 = ORIENTED_EDGE ( 'NONE', *, *, #3109, .F. ) ;
#3107 = CARTESIAN_POINT ( 'NONE',  ( 73.79999999999820659, 4.499999980539829636, 9.900000000000000355 ) ) ;
#3108 = DIRECTION ( 'NONE',  ( -1.000000000000000000, 0.000000000000000000, 0.000000000000000000 ) ) ;
#3109 = EDGE_CURVE ( 'NONE', #2794, #1441, #943, .T. ) ;
#3110 = ORIENTED_EDGE ( 'NONE', *, *, #1940, .T. ) ;
#3111 = ORIENTED_EDGE ( 'NONE', *, *, #936, .F. ) ;
#3112 = DIRECTION ( 'NONE',  ( -1.268826316266689953E-15, 1.000000000000000000, 0.000000000000000000 ) ) ;
#3113 = CYLINDRICAL_SURFACE ( 'NONE', #249, 6.000000000000019540 ) ;
#3114 = DIRECTION ( 'NONE',  ( -1.000000000000000000, -3.038581678643130202E-64, 1.232595164407829988E-32 ) ) ;
#3115 = EDGE_CURVE ( 'NONE', #3553, #2201, #2250, .T. ) ;
#3116 = VERTEX_POINT ( 'NONE', #2097 ) ;
#3117 = CARTESIAN_POINT ( 'NONE',  ( 120.0000000000000000, -9.000000000000000000, -7.500000000000000000 ) ) ;
#3118 = EDGE_CURVE ( 'NONE', #2910, #1738, #2933, .T. ) ;
#3119 = DIRECTION ( 'NONE',  ( -7.395570986446990055E-32, 1.000000000000000000, 4.930380657631319405E-32 ) ) ;
#3120 = ORIENTED_EDGE ( 'NONE', *, *, #735, .F. ) ;
#3121 = DIRECTION ( 'NONE',  ( 7.395570986446990055E-32, -1.000000000000000000, -4.930380657631319405E-32 ) ) ;
#3122 = ORIENTED_EDGE ( 'NONE', *, *, #2419, .F. ) ;
#3123 = DIRECTION ( 'NONE',  ( 0.000000000000000000, 0.000000000000000000, -1.000000000000000000 ) ) ;
#3124 = CARTESIAN_POINT ( 'NONE',  ( 34.20000000001010676, -6.000000000000000000, 13.50000000000000000 ) ) ;
#3125 = VERTEX_POINT ( 'NONE', #391 ) ;
#3126 = ORIENTED_EDGE ( 'NONE', *, *, #2879, .T. ) ;
#3127 = DIRECTION ( 'NONE',  ( 6.842277657836019882E-47, -1.000000000000000000, -2.732537706885350182E-78 ) ) ;
#3128 = CARTESIAN_POINT ( 'NONE',  ( -4.582575694955828283, -18.00000000000000000, -6.396152422706633089 ) ) ;
#3129 = CARTESIAN_POINT ( 'NONE',  ( -15.00000062584870086, 4.500000000000000000, 1.500000000000000000 ) ) ;
#3130 = ORIENTED_EDGE ( 'NONE', *, *, #117, .T. ) ;
#3131 = EDGE_CURVE ( 'NONE', #2967, #614, #2610, .T. ) ;
#3132 = DIRECTION ( 'NONE',  ( 6.842277657836019882E-47, -1.000000000000000000, 0.000000000000000000 ) ) ;
#3133 = CIRCLE ( 'NONE', #281, 8.099999999999999645 ) ;
#3134 = ORIENTED_EDGE ( 'NONE', *, *, #2463, .T. ) ;
#3135 = CIRCLE ( 'NONE', #3077, 11.40000000000000036 ) ;
#3136 = EDGE_CURVE ( 'NONE', #2351, #1099, #2408, .T. ) ;
#3137 = DIRECTION ( 'NONE',  ( 1.232595164407829988E-32, -1.110223024625159992E-16, 1.000000000000000000 ) ) ;
#3138 = DIRECTION ( 'NONE',  ( 0.000000000000000000, 0.000000000000000000, 1.000000000000000000 ) ) ;
#3139 = EDGE_LOOP ( 'NONE', ( #1652, #2989, #1323, #3120 ) ) ;
#3140 = EDGE_CURVE ( 'NONE', #2406, #3537, #1555, .T. ) ;
#3141 = DIRECTION ( 'NONE',  ( 0.000000000000000000, -1.000000000000000000, 0.000000000000000000 ) ) ;
#3142 = CARTESIAN_POINT ( 'NONE',  ( 98.49894742673220094, -18.00000000000000000, -7.500000000000000000 ) ) ;
#3143 = CARTESIAN_POINT ( 'NONE',  ( 5.332575694955830947, 18.00000000000000000, -5.734714594940487409 ) ) ;
#3144 = LINE ( 'NONE', #3366, #3190 ) ;
#3145 = VERTEX_POINT ( 'NONE', #2680 ) ;
#3146 = ORIENTED_EDGE ( 'NONE', *, *, #217, .F. ) ;
#3147 = DIRECTION ( 'NONE',  ( -1.000000000000000000, -3.469446951953609258E-17, 4.652748807328490291E-47 ) ) ;
#3148 = CARTESIAN_POINT ( 'NONE',  ( -63.60000000000000142, 5.916457635513519731E-30, 7.518830502887700457E-31 ) ) ;
#3149 = DIRECTION ( 'NONE',  ( 0.000000000000000000, 0.000000000000000000, -1.000000000000000000 ) ) ;
#3150 = ORIENTED_EDGE ( 'NONE', *, *, #2486, .F. ) ;
#3151 = LINE ( 'NONE', #3429, #480 ) ;
#3152 = AXIS2_PLACEMENT_3D ( 'NONE', #2548, #3318, #3044 ) ;
#3153 = EDGE_CURVE ( 'NONE', #1850, #1113, #2079, .T. ) ;
#3154 = AXIS2_PLACEMENT_3D ( 'NONE', #2523, #421, #1534 ) ;
#3155 = CARTESIAN_POINT ( 'NONE',  ( 95.10000000000000853, 6.000000000000000000, 13.50000000000000000 ) ) ;
#3156 = FACE_OUTER_BOUND ( 'NONE', #2120, .T. ) ;
#3157 = VECTOR ( 'NONE', #1363, 1000.000000000000000 ) ;
#3158 = EDGE_CURVE ( 'NONE', #2489, #835, #1832, .T. ) ;
#3159 = VERTEX_POINT ( 'NONE', #444 ) ;
#3160 = AXIS2_PLACEMENT_3D ( 'NONE', #3377, #880, #3098 ) ;
#3161 = CARTESIAN_POINT ( 'NONE',  ( 9.900000000000000355, -3.515454430028559951, 13.50000000000000000 ) ) ;
#3162 = DIRECTION ( 'NONE',  ( 0.000000000000000000, 0.000000000000000000, 1.000000000000000000 ) ) ;
#3163 = CARTESIAN_POINT ( 'NONE',  ( 12.90000000000000036, -3.433260614206260275, 9.900000000000000355 ) ) ;
#3164 = EDGE_CURVE ( 'NONE', #1813, #3159, #3212, .T. ) ;
#3165 = VECTOR ( 'NONE', #2937, 1000.000000000000000 ) ;
#3166 = ORIENTED_EDGE ( 'NONE', *, *, #3292, .T. ) ;
#3167 = DIRECTION ( 'NONE',  ( 7.395570986446990055E-32, -1.000000000000000000, -4.930380657631319405E-32 ) ) ;
#3168 = DIRECTION ( 'NONE',  ( 1.000000000000000000, 0.000000000000000000, 0.000000000000000000 ) ) ;
#3169 = VECTOR ( 'NONE', #3123, 1000.000000000000000 ) ;
#3170 = PLANE ( 'NONE',  #3400 ) ;
#3171 = LINE ( 'NONE', #1176, #1451 ) ;
#3172 = ORIENTED_EDGE ( 'NONE', *, *, #3225, .T. ) ;
#3173 = CARTESIAN_POINT ( 'NONE',  ( 108.0000000000000000, -18.00000000000000000, -1.199999999999981970 ) ) ;
#3174 = FACE_OUTER_BOUND ( 'NONE', #2477, .T. ) ;
#3175 = ORIENTED_EDGE ( 'NONE', *, *, #1802, .F. ) ;
#3176 = EDGE_LOOP ( 'NONE', ( #368, #2485, #405 ) ) ;
#3177 = EDGE_CURVE ( 'NONE', #2979, #2524, #2135, .T. ) ;
#3178 = DIRECTION ( 'NONE',  ( -1.000000000000000000, -7.395570986446990055E-32, 3.694829935231450289E-47 ) ) ;
#3179 = DIRECTION ( 'NONE',  ( 0.000000000000000000, 0.000000000000000000, -1.000000000000000000 ) ) ;
#3180 = DIRECTION ( 'NONE',  ( 0.000000000000000000, 0.000000000000000000, -1.000000000000000000 ) ) ;
#3181 = CARTESIAN_POINT ( 'NONE',  ( -9.900000000000000355, -6.000000000000000000, 13.50000000000000000 ) ) ;
#3182 = EDGE_CURVE ( 'NONE', #924, #1958, #1521, .T. ) ;
#3183 = DIRECTION ( 'NONE',  ( -7.395570986446990055E-32, 1.000000000000000000, 4.930380657631319405E-32 ) ) ;
#3184 = CARTESIAN_POINT ( 'NONE',  ( 117.0000000000000000, 6.000000000000000000, 9.900000000000000355 ) ) ;
#3185 = ORIENTED_EDGE ( 'NONE', *, *, #892, .F. ) ;
#3186 = DIRECTION ( 'NONE',  ( 1.000000000000000000, 0.000000000000000000, 0.000000000000000000 ) ) ;
#3187 = CARTESIAN_POINT ( 'NONE',  ( -48.00000000000000000, -9.000000000000000000, -7.500000000000000000 ) ) ;
#3188 = CIRCLE ( 'NONE', #453, 11.40000000000000746 ) ;
#3189 = CARTESIAN_POINT ( 'NONE',  ( 73.79999999999820659, -6.000000000000000000, 13.50000000000000000 ) ) ;
#3190 = VECTOR ( 'NONE', #2592, 1000.000000000000000 ) ;
#3191 = ORIENTED_EDGE ( 'NONE', *, *, #3259, .T. ) ;
#3192 = CARTESIAN_POINT ( 'NONE',  ( -1.013119022161208633E-16, -9.000000000000000000, 10.20000000000001350 ) ) ;
#3193 = CARTESIAN_POINT ( 'NONE',  ( -48.00000000000000000, 9.000000000000000000, -7.500000000000000000 ) ) ;
#3194 = CARTESIAN_POINT ( 'NONE',  ( -9.900000000000000355, 3.515454429980219953, 13.50000000000000000 ) ) ;
#3195 = EDGE_CURVE ( 'NONE', #3428, #818, #155, .T. ) ;
#3196 = VECTOR ( 'NONE', #397, 1000.000000000000000 ) ;
#3197 = PLANE ( 'NONE',  #951 ) ;
#3198 = CARTESIAN_POINT ( 'NONE',  ( 9.900000000000000355, -3.515454430028559951, 13.50000000000000000 ) ) ;
#3199 = LINE ( 'NONE', #2119, #56 ) ;
#3200 = VERTEX_POINT ( 'NONE', #724 ) ;
#3201 = EDGE_CURVE ( 'NONE', #232, #2274, #2335, .T. ) ;
#3202 = ORIENTED_EDGE ( 'NONE', *, *, #2873, .F. ) ;
#3203 = CARTESIAN_POINT ( 'NONE',  ( 31.20000000001014939, -6.000000000000000000, 13.50000000000000000 ) ) ;
#3204 = LINE ( 'NONE', #2711, #1019 ) ;
#3205 = VECTOR ( 'NONE', #474, 1000.000000000000000 ) ;
#3206 = FACE_OUTER_BOUND ( 'NONE', #55, .T. ) ;
#3207 = CARTESIAN_POINT ( 'NONE',  ( -64.75555555555554577, 0.000000000000000000, -7.499999999999999112 ) ) ;
#3208 = VECTOR ( 'NONE', #158, 999.9999999999998863 ) ;
#3209 = ORIENTED_EDGE ( 'NONE', *, *, #1255, .F. ) ;
#3210 = CIRCLE ( 'NONE', #952, 0.9999999999999870104 ) ;
#3211 = CARTESIAN_POINT ( 'NONE',  ( 31.20000000001019913, 3.433260614208859973, 13.50000000000000000 ) ) ;
#3212 = LINE ( 'NONE', #2881, #286 ) ;
#3213 = DIRECTION ( 'NONE',  ( 0.000000000000000000, 0.000000000000000000, -1.000000000000000000 ) ) ;
#3214 = AXIS2_PLACEMENT_3D ( 'NONE', #2026, #3132, #641 ) ;
#3215 = CARTESIAN_POINT ( 'NONE',  ( 11.37559220575007934, -4.292081906742505559, 9.900000000000000355 ) ) ;
#3216 = CARTESIAN_POINT ( 'NONE',  ( -12.90000000000000036, 3.085216014213819857, 13.50000000000000000 ) ) ;
#3217 = LINE ( 'NONE', #2411, #511 ) ;
#3218 = EDGE_CURVE ( 'NONE', #3200, #690, #171, .T. ) ;
#3219 = VECTOR ( 'NONE', #2687, 1000.000000000000000 ) ;
#3220 = ORIENTED_EDGE ( 'NONE', *, *, #3496, .T. ) ;
#3221 = VERTEX_POINT ( 'NONE', #3193 ) ;
#3222 = AXIS2_PLACEMENT_3D ( 'NONE', #3143, #998, #1778 ) ;
#3223 = CARTESIAN_POINT ( 'NONE',  ( -15.00000062584870086, 4.500000000000000000, 1.500000000000000000 ) ) ;
#3224 = LINE ( 'NONE', #148, #2219 ) ;
#3225 = EDGE_CURVE ( 'NONE', #3545, #3531, #2913, .T. ) ;
#3226 = PLANE ( 'NONE',  #365 ) ;
#3227 = ADVANCED_FACE ( 'NONE', ( #408 ), #141, .T. ) ;
#3228 = DIRECTION ( 'NONE',  ( 1.000000000000000000, 1.027984282060329919E-17, 0.000000000000000000 ) ) ;
#3229 = ORIENTED_EDGE ( 'NONE', *, *, #17, .F. ) ;
#3230 = ORIENTED_EDGE ( 'NONE', *, *, #3357, .F. ) ;
#3231 = DIRECTION ( 'NONE',  ( 0.000000000000000000, 0.000000000000000000, -1.000000000000000000 ) ) ;
#3232 = CARTESIAN_POINT ( 'NONE',  ( -15.90000062584880069, -3.600000000000000089, 3.058845726812000176 ) ) ;
#3233 = ORIENTED_EDGE ( 'NONE', *, *, #1784, .F. ) ;
#3234 = ORIENTED_EDGE ( 'NONE', *, *, #3407, .T. ) ;
#3235 = CARTESIAN_POINT ( 'NONE',  ( -35.53589901071100599, 4.500000000000000000, 7.500000000000000000 ) ) ;
#3236 = LINE ( 'NONE', #1294, #2751 ) ;
#3237 = APPLICATION_CONTEXT ( 'automotive_design' ) ;
#3238 = LINE ( 'NONE', #2355, #1177 ) ;
#3239 = EDGE_LOOP ( 'NONE', ( #204, #617, #167 ) ) ;
#3240 = EDGE_LOOP ( 'NONE', ( #252, #1635, #1032, #1208 ) ) ;
#3241 = LINE ( 'NONE', #1840, #955 ) ;
#3242 = LINE ( 'NONE', #163, #2756 ) ;
#3243 = EDGE_CURVE ( 'NONE', #1854, #3221, #1849, .T. ) ;
#3244 = CARTESIAN_POINT ( 'NONE',  ( -25.61930241991399981, -6.000000000000000000, 9.900000000000000355 ) ) ;
#3245 = PLANE ( 'NONE',  #1812 ) ;
#3246 = ORIENTED_EDGE ( 'NONE', *, *, #1908, .T. ) ;
#3247 = EDGE_CURVE ( 'NONE', #2348, #339, #1575, .T. ) ;
#3248 = CARTESIAN_POINT ( 'NONE',  ( 22.77201879518150207, -6.000000000000000000, 13.50000000000000000 ) ) ;
#3249 = AXIS2_PLACEMENT_3D ( 'NONE', #1983, #38, #616 ) ;
#3250 = VERTEX_POINT ( 'NONE', #187 ) ;
#3251 = CARTESIAN_POINT ( 'NONE',  ( 65.42798120489159430, -1.283369692884174018, 9.900000000000000355 ) ) ;
#3252 = LINE ( 'NONE', #3534, #318 ) ;
#3253 = DIRECTION ( 'NONE',  ( -1.268826316266689953E-15, 1.000000000000000000, 0.000000000000000000 ) ) ;
#3254 = ORIENTED_EDGE ( 'NONE', *, *, #2859, .F. ) ;
#3255 = EDGE_LOOP ( 'NONE', ( #1751, #1931, #874 ) ) ;
#3256 = FACE_OUTER_BOUND ( 'NONE', #153, .T. ) ;
#3257 = DIRECTION ( 'NONE',  ( 7.395570986446990055E-32, -1.000000000000000000, -4.930380657631319405E-32 ) ) ;
#3258 = FACE_OUTER_BOUND ( 'NONE', #2460, .T. ) ;
#3259 = EDGE_CURVE ( 'NONE', #1791, #799, #2368, .T. ) ;
#3260 = LINE ( 'NONE', #2675, #1706 ) ;
#3261 = EDGE_LOOP ( 'NONE', ( #921, #2651, #2854, #2735 ) ) ;
#3262 = ORIENTED_EDGE ( 'NONE', *, *, #1933, .T. ) ;
#3263 = CARTESIAN_POINT ( 'NONE',  ( -29.69999999998085016, 6.000000000000000000, 9.900000000000000355 ) ) ;
#3264 = EDGE_CURVE ( 'NONE', #3125, #248, #1034, .T. ) ;
#3265 = AXIS2_PLACEMENT_3D ( 'NONE', #1014, #3530, #3228 ) ;
#3266 = CIRCLE ( 'NONE', #1301, 6.000000000000002665 ) ;
#3267 = FACE_OUTER_BOUND ( 'NONE', #1228, .T. ) ;
#3268 = CARTESIAN_POINT ( 'NONE',  ( 108.0000000000000000, -9.000000000000000000, -1.199999999999981970 ) ) ;
#3269 = DIRECTION ( 'NONE',  ( -0.8137334712064193676, 0.5812381937195382209, 3.006606788713281292E-47 ) ) ;
#3270 = ADVANCED_FACE ( 'NONE', ( #3547 ), #259, .F. ) ;
#3271 = ORIENTED_EDGE ( 'NONE', *, *, #255, .F. ) ;
#3272 = VECTOR ( 'NONE', #420, 1000.000000000000000 ) ;
#3273 = ORIENTED_EDGE ( 'NONE', *, *, #2943, .F. ) ;
#3274 = VECTOR ( 'NONE', #802, 1000.000000000000000 ) ;
#3275 = LINE ( 'NONE', #784, #3033 ) ;
#3276 = LINE ( 'NONE', #2192, #2516 ) ;
#3277 = CYLINDRICAL_SURFACE ( 'NONE', #2424, 1.000000000000000000 ) ;
#3278 = ORIENTED_EDGE ( 'NONE', *, *, #848, .T. ) ;
#3279 = AXIS2_PLACEMENT_3D ( 'NONE', #1175, #361, #1140 ) ;
#3280 = DIRECTION ( 'NONE',  ( 1.000000000000000000, 1.027984282060329919E-17, 0.000000000000000000 ) ) ;
#3281 = VECTOR ( 'NONE', #1857, 999.9999999999998863 ) ;
#3282 = CARTESIAN_POINT ( 'NONE',  ( -42.41930241988914929, 6.000000000000000000, 9.900000000000000355 ) ) ;
#3283 = EDGE_LOOP ( 'NONE', ( #2427, #571, #3083, #1212, #1066 ) ) ;
#3284 = ORIENTED_EDGE ( 'NONE', *, *, #2569, .F. ) ;
#3285 = DIRECTION ( 'NONE',  ( -7.395570986446990055E-32, 1.000000000000000000, 4.930380657631319405E-32 ) ) ;
#3286 = ADVANCED_FACE ( 'NONE', ( #1610 ), #2146, .F. ) ;
#3287 = DIRECTION ( 'NONE',  ( -0.4472135954999569840, 0.4472135954999579832, 0.7745966692414839594 ) ) ;
#3288 = DIRECTION ( 'NONE',  ( 0.4472135954999581497, -0.4472135954999581497, 0.7745966692414831822 ) ) ;
#3289 = DIRECTION ( 'NONE',  ( -0.5070201265633931254, 0.8619342151577700228, 0.000000000000000000 ) ) ;
#3290 = ORIENTED_EDGE ( 'NONE', *, *, #873, .F. ) ;
#3291 = ORIENTED_EDGE ( 'NONE', *, *, #1340, .F. ) ;
#3292 = EDGE_CURVE ( 'NONE', #582, #897, #2844, .T. ) ;
#3293 = PLANE ( 'NONE',  #1071 ) ;
#3294 = CARTESIAN_POINT ( 'NONE',  ( 52.50000000003230127, 7.499999999649179294, 13.50000000000000000 ) ) ;
#3295 = ORIENTED_EDGE ( 'NONE', *, *, #664, .F. ) ;
#3296 = DIRECTION ( 'NONE',  ( 0.8137334712070501963, 0.5812381937186550385, -3.006606788715610061E-47 ) ) ;
#3297 = LINE ( 'NONE', #216, #3103 ) ;
#3298 = CARTESIAN_POINT ( 'NONE',  ( 107.9999999999999858, -18.00000000000000000, -1.199999999999987965 ) ) ;
#3299 = PRODUCT_DEFINITION_SHAPE ( 'NONE', 'NONE',  #3402 ) ;
#3300 = ORIENTED_EDGE ( 'NONE', *, *, #500, .F. ) ;
#3301 = ORIENTED_EDGE ( 'NONE', *, *, #3118, .T. ) ;
#3302 = DIRECTION ( 'NONE',  ( 1.000000000000000000, 0.000000000000000000, 0.000000000000000000 ) ) ;
#3303 = PLANE ( 'NONE',  #1247 ) ;
#3304 = DIRECTION ( 'NONE',  ( 0.000000000000000000, -1.000000000000000000, 0.000000000000000000 ) ) ;
#3305 = VECTOR ( 'NONE', #1476, 1000.000000000000000 ) ;
#3306 = CARTESIAN_POINT ( 'NONE',  ( 117.5010525732677849, -9.000000000000000000, -7.500000000000000000 ) ) ;
#3307 = CARTESIAN_POINT ( 'NONE',  ( 72.24403759024619376, 6.000000000000000000, 13.50000000000000000 ) ) ;
#3308 = EDGE_CURVE ( 'NONE', #2489, #1173, #3310, .T. ) ;
#3309 = ORIENTED_EDGE ( 'NONE', *, *, #2535, .F. ) ;
#3310 = CIRCLE ( 'NONE', #1742, 1.000000000000000000 ) ;
#3311 = VERTEX_POINT ( 'NONE', #1865 ) ;
#3312 = CARTESIAN_POINT ( 'NONE',  ( -29.69999999998085016, 6.000000000000000000, 13.50000000000000000 ) ) ;
#3313 = DIRECTION ( 'NONE',  ( -1.000000000000000000, 0.000000000000000000, 0.000000000000000000 ) ) ;
#3314 = EDGE_CURVE ( 'NONE', #543, #572, #1069, .T. ) ;
#3315 = EDGE_LOOP ( 'NONE', ( #3146, #1546, #2299, #594 ) ) ;
#3316 = CARTESIAN_POINT ( 'NONE',  ( 5.332575694955830947, -18.00000000000000000, -5.734714594940487409 ) ) ;
#3317 = DIRECTION ( 'NONE',  ( 0.7499999999999964473, 8.807818512079127251E-32, -0.6614378277661517869 ) ) ;
#3318 = DIRECTION ( 'NONE',  ( -1.027984282060329919E-17, 1.000000000000000000, 0.000000000000000000 ) ) ;
#3319 = EDGE_LOOP ( 'NONE', ( #1721, #3607, #3229, #857, #1171, #891, #1491, #1954, #795, #720, #555, #3032 ) ) ;
#3320 = ORIENTED_EDGE ( 'NONE', *, *, #2569, .T. ) ;
#3321 = DIRECTION ( 'NONE',  ( 0.000000000000000000, 2.465190328815659976E-32, -1.000000000000000000 ) ) ;
#3322 = DIRECTION ( 'NONE',  ( 9.516197449410660912E-15, 1.000000000000000000, -3.516073120565569762E-61 ) ) ;
#3323 = VECTOR ( 'NONE', #1862, 1000.000000000000000 ) ;
#3324 = DIRECTION ( 'NONE',  ( -1.000000000000000000, -6.842277657836019882E-47, 0.000000000000000000 ) ) ;
#3325 = LINE ( 'NONE', #834, #400 ) ;
#3326 = VERTEX_POINT ( 'NONE', #3263 ) ;
#3327 = AXIS2_PLACEMENT_3D ( 'NONE', #1128, #3141, #2285 ) ;
#3328 = ORIENTED_EDGE ( 'NONE', *, *, #1978, .F. ) ;
#3329 = DIRECTION ( 'NONE',  ( 1.000000000000000000, 1.027984282060329919E-17, -3.694829935231450289E-47 ) ) ;
#3330 = EDGE_CURVE ( 'NONE', #339, #3145, #166, .T. ) ;
#3331 = FACE_OUTER_BOUND ( 'NONE', #3080, .T. ) ;
#3332 = FACE_BOUND ( 'NONE', #3239, .T. ) ;
#3333 = VECTOR ( 'NONE', #2465, 1000.000000000000000 ) ;
#3334 = ORIENTED_EDGE ( 'NONE', *, *, #1000, .T. ) ;
#3335 = AXIS2_PLACEMENT_3D ( 'NONE', #845, #492, #272 ) ;
#3336 = ADVANCED_FACE ( 'NONE', ( #758, #1921 ), #3026, .T. ) ;
#3337 = CARTESIAN_POINT ( 'NONE',  ( -4.582575694955828283, -18.00000000000000000, -6.396152422706633089 ) ) ;
#3338 = VECTOR ( 'NONE', #815, 1000.000000000000000 ) ;
#3339 = CARTESIAN_POINT ( 'NONE',  ( -45.00000000000000000, 1.500000000000000000, 13.50000000000000000 ) ) ;
#3340 = ORIENTED_EDGE ( 'NONE', *, *, #2361, .F. ) ;
#3341 = EDGE_LOOP ( 'NONE', ( #1192, #3202, #1745 ) ) ;
#3342 = EDGE_CURVE ( 'NONE', #1619, #1896, #2717, .T. ) ;
#3343 = VECTOR ( 'NONE', #1566, 1000.000000000000000 ) ;
#3344 = CARTESIAN_POINT ( 'NONE',  ( 12.90000000000000036, 7.500000000000000000, 9.900000000000000355 ) ) ;
#3345 = FACE_OUTER_BOUND ( 'NONE', #2214, .T. ) ;
#3346 = ORIENTED_EDGE ( 'NONE', *, *, #2082, .T. ) ;
#3347 = FACE_OUTER_BOUND ( 'NONE', #2269, .T. ) ;
#3348 = DIRECTION ( 'NONE',  ( 1.000000000000000000, -1.479114197289399982E-31, -1.232595164407829988E-32 ) ) ;
#3349 = CARTESIAN_POINT ( 'NONE',  ( -48.00000000000000000, 9.000000000000000000, 13.50000000000000000 ) ) ;
#3350 = ORIENTED_EDGE ( 'NONE', *, *, #1118, .F. ) ;
#3351 = ORIENTED_EDGE ( 'NONE', *, *, #5, .T. ) ;
#3352 = CARTESIAN_POINT ( 'NONE',  ( 101.9999999999999716, 18.00000000000000000, -1.199999999999987965 ) ) ;
#3353 = CARTESIAN_POINT ( 'NONE',  ( 44.12798120490515430, 1.283369692901717984, 9.900000000000000355 ) ) ;
#3354 = FACE_BOUND ( 'NONE', #3025, .T. ) ;
#3355 = ORIENTED_EDGE ( 'NONE', *, *, #844, .F. ) ;
#3356 = CARTESIAN_POINT ( 'NONE',  ( -9.900000000000000355, 3.515454429980219953, 13.50000000000000000 ) ) ;
#3357 = EDGE_CURVE ( 'NONE', #1927, #2251, #2703, .T. ) ;
#3358 = PLANE ( 'NONE',  #532 ) ;
#3359 = ORIENTED_EDGE ( 'NONE', *, *, #1319, .T. ) ;
#3360 = ORIENTED_EDGE ( 'NONE', *, *, #2374, .F. ) ;
#3361 = CARTESIAN_POINT ( 'NONE',  ( 99.55846243849740063, -6.000000000000000000, 13.50000000000000000 ) ) ;
#3362 = EDGE_CURVE ( 'NONE', #142, #918, #2167, .T. ) ;
#3363 = ORIENTED_EDGE ( 'NONE', *, *, #2185, .F. ) ;
#3364 = DIRECTION ( 'NONE',  ( 1.734723475976809806E-16, -1.000000000000000000, 0.000000000000000000 ) ) ;
#3365 = FACE_OUTER_BOUND ( 'NONE', #3412, .T. ) ;
#3366 = CARTESIAN_POINT ( 'NONE',  ( -48.00000000000000000, -9.000000000000000000, -7.500000000000000000 ) ) ;
#3367 = ORIENTED_EDGE ( 'NONE', *, *, #1697, .T. ) ;
#3368 = EDGE_CURVE ( 'NONE', #2612, #3467, #2955, .T. ) ;
#3369 = ORIENTED_EDGE ( 'NONE', *, *, #1005, .T. ) ;
#3370 = VECTOR ( 'NONE', #1549, 1000.000000000000114 ) ;
#3371 = CARTESIAN_POINT ( 'NONE',  ( 117.0000000000000000, -6.000000000000000000, 9.900000000000000355 ) ) ;
#3372 = FACE_OUTER_BOUND ( 'NONE', #2222, .T. ) ;
#3373 = FACE_OUTER_BOUND ( 'NONE', #2608, .T. ) ;
#3374 = VERTEX_POINT ( 'NONE', #222 ) ;
#3375 = VECTOR ( 'NONE', #1309, 1000.000000000000000 ) ;
#3376 = VECTOR ( 'NONE', #719, 1000.000000000000227 ) ;
#3377 = CARTESIAN_POINT ( 'NONE',  ( -45.00000000000000000, -6.000000000000000000, 13.50000000000000000 ) ) ;
#3378 = LINE ( 'NONE', #1122, #2154 ) ;
#3379 = VERTEX_POINT ( 'NONE', #2440 ) ;
#3380 = ORIENTED_EDGE ( 'NONE', *, *, #2873, .T. ) ;
#3381 = EDGE_CURVE ( 'NONE', #137, #2378, #556, .T. ) ;
#3382 = DIRECTION ( 'NONE',  ( -7.395570986446990055E-32, 1.000000000000000000, 4.930380657631318857E-32 ) ) ;
#3383 = EDGE_CURVE ( 'NONE', #1882, #809, #276, .T. ) ;
#3384 = LINE ( 'NONE', #340, #3169 ) ;
#3385 = FACE_OUTER_BOUND ( 'NONE', #2579, .T. ) ;
#3386 = VERTEX_POINT ( 'NONE', #496 ) ;
#3387 = ORIENTED_EDGE ( 'NONE', *, *, #3546, .T. ) ;
#3388 = VECTOR ( 'NONE', #3213, 1000.000000000000000 ) ;
#3389 = LINE ( 'NONE', #21, #307 ) ;
#3390 = EDGE_CURVE ( 'NONE', #2245, #3536, #1393, .T. ) ;
#3391 = FACE_OUTER_BOUND ( 'NONE', #587, .T. ) ;
#3392 = DIRECTION ( 'NONE',  ( -1.000000000000000000, 0.000000000000000000, 0.000000000000000000 ) ) ;
#3393 = EDGE_LOOP ( 'NONE', ( #3290, #3477, #2692, #3460 ) ) ;
#3394 = AXIS2_PLACEMENT_3D ( 'NONE', #601, #76, #2503 ) ;
#3395 = AXIS2_PLACEMENT_3D ( 'NONE', #465, #1417, #559 ) ;
#3396 = DIRECTION ( 'NONE',  ( 7.395570986446980202E-32, 1.000000000000000000, 2.465190328815659976E-32 ) ) ;
#3397 = VECTOR ( 'NONE', #3280, 1000.000000000000000 ) ;
#3398 = ORIENTED_EDGE ( 'NONE', *, *, #3390, .T. ) ;
#3399 = ORIENTED_EDGE ( 'NONE', *, *, #2737, .F. ) ;
#3400 = AXIS2_PLACEMENT_3D ( 'NONE', #3479, #1002, #2339 ) ;
#3401 = CARTESIAN_POINT ( 'NONE',  ( 112.3325756949558212, -18.00000000000000000, -5.734714594940502508 ) ) ;
#3402 = PRODUCT_DEFINITION ( 'UNKNOWN', '', #169, #3055 ) ;
#3403 = VECTOR ( 'NONE', #3288, 1000.000000000000000 ) ;
#3404 = DIRECTION ( 'NONE',  ( 1.000000000000000000, 0.000000000000000000, 0.000000000000000000 ) ) ;
#3405 = DIRECTION ( 'NONE',  ( 0.000000000000000000, 0.000000000000000000, -1.000000000000000000 ) ) ;
#3406 = ORIENTED_EDGE ( 'NONE', *, *, #2974, .T. ) ;
#3407 = EDGE_CURVE ( 'NONE', #690, #869, #1341, .T. ) ;
#3408 = ORIENTED_EDGE ( 'NONE', *, *, #2714, .T. ) ;
#3409 = LINE ( 'NONE', #2801, #2158 ) ;
#3410 = DIRECTION ( 'NONE',  ( -1.423278299945381900E-32, 1.000000000000000000, 0.000000000000000000 ) ) ;
#3411 = DIRECTION ( 'NONE',  ( 0.000000000000000000, -1.000000000000000000, -2.465190328815659702E-32 ) ) ;
#3412 = EDGE_LOOP ( 'NONE', ( #3582, #3581, #3234, #2256 ) ) ;
#3413 = ADVANCED_FACE ( 'NONE', ( #1126 ), #3009, .T. ) ;
#3414 = DIRECTION ( 'NONE',  ( 0.4908437339377981212, 0.8712476277465552865, 0.000000000000000000 ) ) ;
#3415 = CARTESIAN_POINT ( 'NONE',  ( 103.4174243050441646, 18.00000000000000000, -6.396152422706645524 ) ) ;
#3416 = ORIENTED_EDGE ( 'NONE', *, *, #2622, .F. ) ;
#3417 = DIRECTION ( 'NONE',  ( -1.000000000000000000, 0.000000000000000000, 0.000000000000000000 ) ) ;
#3418 = ORIENTED_EDGE ( 'NONE', *, *, #3153, .T. ) ;
#3419 = LINE ( 'NONE', #2609, #373 ) ;
#3420 = DIRECTION ( 'NONE',  ( 5.921189464667500234E-15, 1.000000000000000000, 2.465190328815659976E-32 ) ) ;
#3421 = ORIENTED_EDGE ( 'NONE', *, *, #2946, .F. ) ;
#3422 = VERTEX_POINT ( 'NONE', #2462 ) ;
#3423 = LINE ( 'NONE', #981, #1127 ) ;
#3424 = CARTESIAN_POINT ( 'NONE',  ( 20.39076842492335118, -26.65644731547414992, 13.50000000000000000 ) ) ;
#3425 = DIRECTION ( 'NONE',  ( 0.000000000000000000, -1.000000000000000000, 0.000000000000000000 ) ) ;
#3426 = LINE ( 'NONE', #1196, #1103 ) ;
#3427 = EDGE_CURVE ( 'NONE', #2200, #1763, #3584, .T. ) ;
#3428 = VERTEX_POINT ( 'NONE', #645 ) ;
#3429 = CARTESIAN_POINT ( 'NONE',  ( -17.40000062584880069, 2.100000000000000089, 5.656921938165340613 ) ) ;
#3430 = ADVANCED_FACE ( 'NONE', ( #1436 ), #1465, .T. ) ;
#3431 = VECTOR ( 'NONE', #2650, 1000.000000000000000 ) ;
#3432 = CARTESIAN_POINT ( 'NONE',  ( -9.501052573267859458, -18.00000000000000000, -7.500000000000000000 ) ) ;
#3433 = AXIS2_PLACEMENT_3D ( 'NONE', #3124, #2287, #631 ) ;
#3434 = CARTESIAN_POINT ( 'NONE',  ( -30.78069758012999912, -6.000000000000000000, 9.900000000000000355 ) ) ;
#3435 = EDGE_CURVE ( 'NONE', #1322, #1375, #461, .T. ) ;
#3436 = LINE ( 'NONE', #2362, #1859 ) ;
#3437 = VECTOR ( 'NONE', #300, 1000.000000000000000 ) ;
#3438 = EDGE_LOOP ( 'NONE', ( #1338, #1938, #1329, #2539, #2396, #2476, #1701, #1872, #3572, #1453, #2065, #1615 ) ) ;
#3439 = CARTESIAN_POINT ( 'NONE',  ( 72.46410098928900823, -1.035898384861968058, 7.500000000000000000 ) ) ;
#3440 = CARTESIAN_POINT ( 'NONE',  ( -3.330669073875470016E-15, 18.00000000000000000, -1.199999999999987965 ) ) ;
#3441 = CARTESIAN_POINT ( 'NONE',  ( 108.0000000000000000, 18.00000000000000000, 10.20000000000001883 ) ) ;
#3442 = EDGE_LOOP ( 'NONE', ( #2010, #3398, #3456 ) ) ;
#3443 = DIRECTION ( 'NONE',  ( -1.000000000000000000, 6.204560680321970560E-12, 0.000000000000000000 ) ) ;
#3444 = DIRECTION ( 'NONE',  ( -1.027984282060329919E-17, 1.000000000000000000, 0.000000000000000000 ) ) ;
#3445 = CARTESIAN_POINT ( 'NONE',  ( 112.5825756949558070, -18.00000000000000000, -6.396152422706641083 ) ) ;
#3446 = ORIENTED_EDGE ( 'NONE', *, *, #885, .F. ) ;
#3447 = CARTESIAN_POINT ( 'NONE',  ( 5.999999999999999112, 18.00000000000000000, -1.199999999999987299 ) ) ;
#3448 = VECTOR ( 'NONE', #1515, 1000.000000000000000 ) ;
#3449 = EDGE_CURVE ( 'NONE', #1129, #1957, #850, .T. ) ;
#3450 = VECTOR ( 'NONE', #2900, 1000.000000000000000 ) ;
#3451 = DIRECTION ( 'NONE',  ( 0.000000000000000000, 0.000000000000000000, 1.000000000000000000 ) ) ;
#3452 = DIRECTION ( 'NONE',  ( 1.000000000000000000, 0.000000000000000000, 0.000000000000000000 ) ) ;
#3453 = AXIS2_PLACEMENT_3D ( 'NONE', #2795, #2497, #2857 ) ;
#3454 = EDGE_LOOP ( 'NONE', ( #632, #1279, #3062, #70 ) ) ;
#3455 = EDGE_CURVE ( 'NONE', #32, #2794, #1203, .T. ) ;
#3456 = ORIENTED_EDGE ( 'NONE', *, *, #2793, .T. ) ;
#3457 = COLOUR_RGB ( '',0.7921568627450980005, 0.8196078431372548767, 0.9333333333333333481 ) ;
#3458 = CARTESIAN_POINT ( 'NONE',  ( -3.330669073875467255E-15, -18.00000000000000000, -1.199999999999987965 ) ) ;
#3459 = CARTESIAN_POINT ( 'NONE',  ( 50.94403759023950329, -6.000000000000000000, 13.50000000000000000 ) ) ;
#3460 = ORIENTED_EDGE ( 'NONE', *, *, #201, .F. ) ;
#3461 = AXIS2_PLACEMENT_3D ( 'NONE', #3268, #1381, #2482 ) ;
#3462 = ORIENTED_EDGE ( 'NONE', *, *, #2190, .F. ) ;
#3463 = DIRECTION ( 'NONE',  ( 0.000000000000000000, -1.000000000000000000, 0.000000000000000000 ) ) ;
#3464 = VECTOR ( 'NONE', #1132, 1000.000000000000000 ) ;
#3465 = DIRECTION ( 'NONE',  ( -7.383753479102818642E-62, -1.000000000000000000, -2.465190328815659976E-32 ) ) ;
#3466 = DIRECTION ( 'NONE',  ( 1.000000000000000000, 1.027984282060329919E-17, -3.694829935231450289E-47 ) ) ;
#3467 = VERTEX_POINT ( 'NONE', #3401 ) ;
#3468 = FILL_AREA_STYLE_COLOUR ( '', #3457 ) ;
#3469 = CARTESIAN_POINT ( 'NONE',  ( 92.99999937415138618, 4.500000000000279776, -7.500000000000000000 ) ) ;
#3470 = CARTESIAN_POINT ( 'NONE',  ( 0.000000000000000000, 0.000000000000000000, 0.000000000000000000 ) ) ;
#3471 = EDGE_CURVE ( 'NONE', #799, #2377, #1756, .T. ) ;
#3472 = ORIENTED_EDGE ( 'NONE', *, *, #1090, .F. ) ;
#3473 = ORIENTED_EDGE ( 'NONE', *, *, #3084, .T. ) ;
#3474 = CARTESIAN_POINT ( 'NONE',  ( 107.9999999999999858, 18.00000000000000000, -1.199999999999987965 ) ) ;
#3475 = DIRECTION ( 'NONE',  ( -7.395570986446990055E-32, 1.000000000000000000, 4.930380657631318857E-32 ) ) ;
#3476 = ADVANCED_FACE ( 'NONE', ( #574 ), #2263, .F. ) ;
#3477 = ORIENTED_EDGE ( 'NONE', *, *, #825, .T. ) ;
#3478 = FACE_OUTER_BOUND ( 'NONE', #1434, .T. ) ;
#3479 = CARTESIAN_POINT ( 'NONE',  ( 72.24403759024619376, 6.000000000000000000, 13.50000000000000000 ) ) ;
#3480 = DIRECTION ( 'NONE',  ( 7.383753479102818642E-62, 1.000000000000000000, 2.465190328815659976E-32 ) ) ;
#3481 = VERTEX_POINT ( 'NONE', #35 ) ;
#3482 = EDGE_LOOP ( 'NONE', ( #549, #2070, #2053, #378 ) ) ;
#3483 = DIRECTION ( 'NONE',  ( -3.004629197474309681E-16, 0.8660254037844387076, 0.4999999999999998890 ) ) ;
#3484 = DIRECTION ( 'NONE',  ( 6.842277657836019882E-47, -1.000000000000000000, 0.000000000000000000 ) ) ;
#3485 = FACE_OUTER_BOUND ( 'NONE', #1435, .T. ) ;
#3486 = AXIS2_PLACEMENT_3D ( 'NONE', #985, #2902, #3253 ) ;
#3487 = DIRECTION ( 'NONE',  ( 0.000000000000000000, -1.000000000000000000, -2.465190328815665176E-32 ) ) ;
#3488 = CARTESIAN_POINT ( 'NONE',  ( -63.60000000000000142, 3.059411708155674869, -7.500000000000000000 ) ) ;
#3489 = VECTOR ( 'NONE', #2052, 1000.000000000000000 ) ;
#3490 = ORIENTED_EDGE ( 'NONE', *, *, #3583, .T. ) ;
#3491 = ORIENTED_EDGE ( 'NONE', *, *, #1668, .F. ) ;
#3492 = ADVANCED_FACE ( 'NONE', ( #1959 ), #2015, .F. ) ;
#3493 = DIRECTION ( 'NONE',  ( -7.395570986446990055E-32, 1.000000000000000000, 4.930380657631318857E-32 ) ) ;
#3494 = CARTESIAN_POINT ( 'NONE',  ( 22.49999968707565046, 4.500000000000279776, -7.500000000000000000 ) ) ;
#3495 = ORIENTED_EDGE ( 'NONE', *, *, #1784, .T. ) ;
#3496 = EDGE_CURVE ( 'NONE', #2245, #2382, #1687, .T. ) ;
#3497 = CARTESIAN_POINT ( 'NONE',  ( -3.330669073875470016E-15, 18.00000000000000000, -1.199999999999987965 ) ) ;
#3498 = CARTESIAN_POINT ( 'NONE',  ( -39.00000062584880567, 4.500000000000000000, 1.500000000000000000 ) ) ;
#3499 = DIRECTION ( 'NONE',  ( 0.000000000000000000, -1.000000000000000000, 0.000000000000000000 ) ) ;
#3500 = DIRECTION ( 'NONE',  ( 1.000000000000000000, 0.000000000000000000, 0.000000000000000000 ) ) ;
#3501 = EDGE_LOOP ( 'NONE', ( #450, #764, #3406, #205, #336, #1658, #1689, #477, #1926, #1809 ) ) ;
#3502 = EDGE_LOOP ( 'NONE', ( #1067, #2643, #531, #379 ) ) ;
#3503 = ADVANCED_FACE ( 'NONE', ( #1726 ), #2246, .F. ) ;
#3504 = DIRECTION ( 'NONE',  ( 0.5070201265633931254, -0.8619342151577700228, 0.000000000000000000 ) ) ;
#3505 = CARTESIAN_POINT ( 'NONE',  ( 57.05596240978479727, -6.000000000000000000, 13.50000000000000000 ) ) ;
#3506 = CARTESIAN_POINT ( 'NONE',  ( -6.000000000000006217, 18.00000000000000000, -1.199999999999987965 ) ) ;
#3507 = APPLICATION_PROTOCOL_DEFINITION ( 'draft international standard', 'automotive_design', 1998, #2365 ) ;
#3508 = VECTOR ( 'NONE', #2596, 1000.000000000000000 ) ;
#3509 = ORIENTED_EDGE ( 'NONE', *, *, #2793, .F. ) ;
#3510 = AXIS2_PLACEMENT_3D ( 'NONE', #3251, #1923, #3304 ) ;
#3511 = DIRECTION ( 'NONE',  ( -4.563968250944789488E-12, -1.000000000000000000, 1.686308651703670118E-58 ) ) ;
#3512 = CARTESIAN_POINT ( 'NONE',  ( 25.05000000000000071, 6.000000000000000000, 13.50000000000000000 ) ) ;
#3513 = ORIENTED_EDGE ( 'NONE', *, *, #1448, .F. ) ;
#3514 = AXIS2_PLACEMENT_3D ( 'NONE', #230, #2449, #3000 ) ;
#3515 = ORIENTED_EDGE ( 'NONE', *, *, #1933, .F. ) ;
#3516 = DIRECTION ( 'NONE',  ( 0.000000000000000000, 0.000000000000000000, -1.000000000000000000 ) ) ;
#3517 = CARTESIAN_POINT ( 'NONE',  ( 55.49999999995510080, -3.433260614240600361, 13.50000000000000000 ) ) ;
#3518 = LINE ( 'NONE', #2667, #1504 ) ;
#3519 = AXIS2_PLACEMENT_3D ( 'NONE', #3312, #22, #2294 ) ;
#3520 = ADVANCED_FACE ( 'NONE', ( #3064 ), #2589, .F. ) ;
#3521 = VERTEX_POINT ( 'NONE', #920 ) ;
#3522 = ORIENTED_EDGE ( 'NONE', *, *, #759, .F. ) ;
#3523 = ADVANCED_BREP_SHAPE_REPRESENTATION ( 'Solar array module modif12', ( #1488, #1746 ), #993 ) ;
#3524 = AXIS2_PLACEMENT_3D ( 'NONE', #2555, #37, #887 ) ;
#3525 = FILL_AREA_STYLE ('',( #3468 ) ) ;
#3526 = CARTESIAN_POINT ( 'NONE',  ( -5.556077753235640238, -18.00000000000000000, -7.500000000000000000 ) ) ;
#3527 = EDGE_CURVE ( 'NONE', #2452, #501, #2812, .T. ) ;
#3528 = CARTESIAN_POINT ( 'NONE',  ( -28.20000000002494644, -7.843355414362861211, 9.900000000000000355 ) ) ;
#3529 = DIRECTION ( 'NONE',  ( 7.395570986446990055E-32, -1.000000000000000000, -4.930380657631319405E-32 ) ) ;
#3530 = DIRECTION ( 'NONE',  ( -1.027984282060329919E-17, 1.000000000000000000, 0.000000000000000000 ) ) ;
#3531 = VERTEX_POINT ( 'NONE', #629 ) ;
#3532 = DIRECTION ( 'NONE',  ( 1.000000000000000000, 0.000000000000000000, 0.000000000000000000 ) ) ;
#3533 = CARTESIAN_POINT ( 'NONE',  ( -4.570779167104998209, 18.00000000000000000, -5.086898224234702504 ) ) ;
#3534 = CARTESIAN_POINT ( 'NONE',  ( 101.9999999999999716, -18.00000000000000000, -1.199999999999987965 ) ) ;
#3535 = DIRECTION ( 'NONE',  ( 1.232595164407829988E-32, -1.110223024625159992E-16, 1.000000000000000000 ) ) ;
#3536 = VERTEX_POINT ( 'NONE', #3361 ) ;
#3537 = VERTEX_POINT ( 'NONE', #2845 ) ;
#3538 = EDGE_CURVE ( 'NONE', #3553, #3250, #866, .T. ) ;
#3539 = PLANE ( 'NONE',  #3573 ) ;
#3540 = DIRECTION ( 'NONE',  ( 1.000000000000000000, 0.000000000000000000, 0.000000000000000000 ) ) ;
#3541 = EDGE_CURVE ( 'NONE', #2164, #3422, #353, .T. ) ;
#3542 = CARTESIAN_POINT ( 'NONE',  ( 80.99999937415140039, 2.806088694740080127E-13, 7.500000000000000000 ) ) ;
#3543 = ORIENTED_EDGE ( 'NONE', *, *, #2772, .T. ) ;
#3544 = VECTOR ( 'NONE', #779, 1000.000000000000000 ) ;
#3545 = VERTEX_POINT ( 'NONE', #1414 ) ;
#3546 = EDGE_CURVE ( 'NONE', #1854, #1562, #875, .T. ) ;
#3547 = FACE_OUTER_BOUND ( 'NONE', #2055, .T. ) ;
#3548 = AXIS2_PLACEMENT_3D ( 'NONE', #283, #3569, #1327 ) ;
#3549 = VECTOR ( 'NONE', #1165, 1000.000000000000000 ) ;
#3550 = CARTESIAN_POINT ( 'NONE',  ( -9.900000000000000355, 1.500000000000000000, 13.50000000000000000 ) ) ;
#3551 = CARTESIAN_POINT ( 'NONE',  ( -38.10000062584880709, 3.600000000000000089, 3.058845726812004617 ) ) ;
#3552 = CARTESIAN_POINT ( 'NONE',  ( -48.00000000000000000, -9.000000000000000000, 7.500000000000000000 ) ) ;
#3553 = VERTEX_POINT ( 'NONE', #3082 ) ;
#3554 = VERTEX_POINT ( 'NONE', #322 ) ;
#3555 = DIRECTION ( 'NONE',  ( -1.000000000000000000, -3.469446951953610245E-16, -8.552847072295009052E-48 ) ) ;
#3556 = DIRECTION ( 'NONE',  ( 0.000000000000000000, 0.000000000000000000, -1.000000000000000000 ) ) ;
#3557 = ORIENTED_EDGE ( 'NONE', *, *, #598, .F. ) ;
#3558 = LINE ( 'NONE', #2435, #2451 ) ;
#3559 = EDGE_CURVE ( 'NONE', #3071, #2470, #3436, .T. ) ;
#3560 = VERTEX_POINT ( 'NONE', #1829 ) ;
#3561 = ORIENTED_EDGE ( 'NONE', *, *, #1470, .T. ) ;
#3562 = DIRECTION ( 'NONE',  ( 1.000000000000000000, 6.842277657836019882E-47, 0.000000000000000000 ) ) ;
#3563 = VECTOR ( 'NONE', #2220, 1000.000000000000000 ) ;
#3564 = EDGE_CURVE ( 'NONE', #897, #335, #2153, .T. ) ;
#3565 = ORIENTED_EDGE ( 'NONE', *, *, #524, .T. ) ;
#3566 = CIRCLE ( 'NONE', #1760, 6.000000000000002665 ) ;
#3567 = DIRECTION ( 'NONE',  ( 6.842277657836019882E-47, -1.000000000000000000, 0.000000000000000000 ) ) ;
#3568 = LINE ( 'NONE', #1092, #3338 ) ;
#3569 = DIRECTION ( 'NONE',  ( 0.000000000000000000, -1.000000000000000000, 0.000000000000000000 ) ) ;
#3570 = ORIENTED_EDGE ( 'NONE', *, *, #69, .T. ) ;
#3571 = VECTOR ( 'NONE', #191, 1000.000000000000000 ) ;
#3572 = ORIENTED_EDGE ( 'NONE', *, *, #2865, .T. ) ;
#3573 = AXIS2_PLACEMENT_3D ( 'NONE', #547, #3035, #1369 ) ;
#3574 = LINE ( 'NONE', #2727, #1941 ) ;
#3575 = DIRECTION ( 'NONE',  ( -7.395570986446990055E-32, 1.000000000000000000, 4.930380657631319405E-32 ) ) ;
#3576 = EDGE_LOOP ( 'NONE', ( #675, #986, #775, #394 ) ) ;
#3577 = CARTESIAN_POINT ( 'NONE',  ( -66.00000000000000000, 5.916457635513519731E-30, 7.765349535769259640E-31 ) ) ;
#3578 = AXIS2_PLACEMENT_3D ( 'NONE', #2085, #3183, #728 ) ;
#3579 = FACE_OUTER_BOUND ( 'NONE', #1400, .T. ) ;
#3580 = CARTESIAN_POINT ( 'NONE',  ( -38.61677405742364755, 3.283908312521559569, 13.50000000000000000 ) ) ;
#3581 = ORIENTED_EDGE ( 'NONE', *, *, #3218, .T. ) ;
#3582 = ORIENTED_EDGE ( 'NONE', *, *, #2049, .F. ) ;
#3583 = EDGE_CURVE ( 'NONE', #1626, #271, #2960, .T. ) ;
#3584 = LINE ( 'NONE', #1450, #2669 ) ;
#3585 = FACE_OUTER_BOUND ( 'NONE', #3393, .T. ) ;
#3586 = EDGE_LOOP ( 'NONE', ( #856, #293, #1316, #1142 ) ) ;
#3587 = CARTESIAN_POINT ( 'NONE',  ( 8.179363416962399214, -6.000000000000000000, 9.900000000000000355 ) ) ;
#3588 = EDGE_CURVE ( 'NONE', #2470, #2363, #973, .T. ) ;
#3589 = LINE ( 'NONE', #1906, #85 ) ;
#3590 = CARTESIAN_POINT ( 'NONE',  ( -43.71640930263565394, 6.926504916248520161, 9.900000000000000355 ) ) ;
#3591 = VERTEX_POINT ( 'NONE', #2893 ) ;
#3592 = ORIENTED_EDGE ( 'NONE', *, *, #3427, .T. ) ;
#3593 = EDGE_CURVE ( 'NONE', #1957, #242, #1844, .T. ) ;
#3594 = FACE_OUTER_BOUND ( 'NONE', #2095, .T. ) ;
#3595 = DIRECTION ( 'NONE',  ( 0.000000000000000000, 4.930380657631319405E-32, -1.000000000000000000 ) ) ;
#3596 = VERTEX_POINT ( 'NONE', #1570 ) ;
#3597 = DIRECTION ( 'NONE',  ( -1.000000000000000000, 1.479114197289399982E-31, 1.232595164407829988E-32 ) ) ;
#3598 = DIRECTION ( 'NONE',  ( -1.000000000000000000, 0.000000000000000000, 0.000000000000000000 ) ) ;
#3599 = ORIENTED_EDGE ( 'NONE', *, *, #2602, .T. ) ;
#3600 = EDGE_LOOP ( 'NONE', ( #2238, #459, #2507, #2625 ) ) ;
#3601 = DIRECTION ( 'NONE',  ( -1.000000000000000000, -3.038581678643130202E-64, 1.232595164407829988E-32 ) ) ;
#3602 = ADVANCED_FACE ( 'NONE', ( #3156 ), #2640, .F. ) ;
#3603 = DIRECTION ( 'NONE',  ( -7.395570986446990055E-32, 1.000000000000000000, 4.930380657631318857E-32 ) ) ;
#3604 = VECTOR ( 'NONE', #128, 1000.000000000000000 ) ;
#3605 = CARTESIAN_POINT ( 'NONE',  ( 103.4292208328949840, -18.00000000000000000, -5.086898224234707833 ) ) ;
#3606 = LINE ( 'NONE', #3307, #2034 ) ;
#3607 = ORIENTED_EDGE ( 'NONE', *, *, #1487, .T. ) ;
#3608 = EDGE_CURVE ( 'NONE', #564, #468, #2674, .T. ) ;
#3609 = VECTOR ( 'NONE', #479, 1000.000000000000000 ) ;
#3610 = VERTEX_POINT ( 'NONE', #388 ) ;
ENDSEC;
END-ISO-10303-21;
