ISO-10303-21;
HEADER;
FILE_DESCRIPTION (( 'STEP AP214' ),
    '1' );
FILE_NAME ('Stand stem modif.STEP',
    '2026-08-17T07:57:13',
    ( '' ),
    ( '' ),
    'SwSTEP 2.0',
    'SolidWorks 2026',
    '' );
FILE_SCHEMA (( 'AUTOMOTIVE_DESIGN' ));
ENDSEC;

DATA;
#1 = ORIENTED_EDGE ( 'NONE', *, *, #1284, .T. ) ;
#2 = LINE ( 'NONE', #1295, #1312 ) ;
#3 = CARTESIAN_POINT ( 'NONE',  ( 8.000000000000181188, 28.00251399663261509, -245.8880361816634945 ) ) ;
#4 = CIRCLE ( 'NONE', #622, 9.000000000000000000 ) ;
#5 = EDGE_LOOP ( 'NONE', ( #489, #61, #220, #163 ) ) ;
#6 = DIRECTION ( 'NONE',  ( 1.000000000000000000, 0.000000000000000000, 0.000000000000000000 ) ) ;
#7 = EDGE_CURVE ( 'NONE', #539, #1184, #1003, .T. ) ;
#8 = ORIENTED_EDGE ( 'NONE', *, *, #400, .T. ) ;
#9 = LINE ( 'NONE', #987, #506 ) ;
#10 = DIRECTION ( 'NONE',  ( -0.000000000000000000, 2.738767609123399819E-17, 1.000000000000000000 ) ) ;
#11 = DIRECTION ( 'NONE',  ( -1.000000000000000000, 0.000000000000000000, 0.000000000000000000 ) ) ;
#12 = LINE ( 'NONE', #137, #298 ) ;
#13 = ORIENTED_EDGE ( 'NONE', *, *, #194, .T. ) ;
#14 = CARTESIAN_POINT ( 'NONE',  ( -8.682751306123860147, 0.8799246670809396376, -369.0000000000000000 ) ) ;
#15 = ORIENTED_EDGE ( 'NONE', *, *, #499, .T. ) ;
#16 = DIRECTION ( 'NONE',  ( 0.000000000000000000, 0.000000000000000000, -1.000000000000000000 ) ) ;
#17 = DIRECTION ( 'NONE',  ( 1.000000000000000000, 1.445602896647315251E-15, 0.000000000000000000 ) ) ;
#18 = VECTOR ( 'NONE', #892, 1000.000000000000000 ) ;
#19 = CARTESIAN_POINT ( 'NONE',  ( 8.000000000000182965, 72.60251399663269467, -369.0000000000000000 ) ) ;
#20 = CARTESIAN_POINT ( 'NONE',  ( -8.799999999999819522, 72.00251399663279983, -369.0000000000000000 ) ) ;
#21 = ORIENTED_EDGE ( 'NONE', *, *, #541, .T. ) ;
#22 = LINE ( 'NONE', #675, #286 ) ;
#23 = AXIS2_PLACEMENT_3D ( 'NONE', #742, #180, #731 ) ;
#24 = ORIENTED_EDGE ( 'NONE', *, *, #1384, .F. ) ;
#25 = CYLINDRICAL_SURFACE ( 'NONE', #676, 1.000000000000000888 ) ;
#26 = AXIS2_PLACEMENT_3D ( 'NONE', #736, #843, #505 ) ;
#27 = CARTESIAN_POINT ( 'NONE',  ( 9.000000000000179412, 27.00251399663260088, -98.77607236332720220 ) ) ;
#28 = EDGE_CURVE ( 'NONE', #921, #943, #1337, .T. ) ;
#29 = CARTESIAN_POINT ( 'NONE',  ( -7.799999999999821299, 62.47067336535787518, -368.1719655081133737 ) ) ;
#30 = AXIS2_PLACEMENT_3D ( 'NONE', #313, #1291, #11 ) ;
#31 = ORIENTED_EDGE ( 'NONE', *, *, #1134, .F. ) ;
#32 = DIRECTION ( 'NONE',  ( 1.000000000000000000, 0.000000000000000000, 0.000000000000000000 ) ) ;
#33 = ORIENTED_EDGE ( 'NONE', *, *, #739, .T. ) ;
#34 = VECTOR ( 'NONE', #274, 1000.000000000000000 ) ;
#35 = PRODUCT_CONTEXT ( 'NONE', #1053, 'mechanical' ) ;
#36 = FACE_OUTER_BOUND ( 'NONE', #5, .T. ) ;
#37 = FACE_OUTER_BOUND ( 'NONE', #1061, .T. ) ;
#38 = ADVANCED_FACE ( 'NONE', ( #855 ), #1390, .T. ) ;
#39 = CARTESIAN_POINT ( 'NONE',  ( -8.799999999999819522, 72.00251399663279983, -369.0000000000000000 ) ) ;
#40 = VERTEX_POINT ( 'NONE', #1176 ) ;
#41 = CARTESIAN_POINT ( 'NONE',  ( -8.999999999999818812, 72.60251399663269467, -381.0000000000000000 ) ) ;
#42 = ADVANCED_FACE ( 'NONE', ( #226 ), #339, .T. ) ;
#43 = ORIENTED_EDGE ( 'NONE', *, *, #895, .F. ) ;
#44 = FACE_OUTER_BOUND ( 'NONE', #179, .T. ) ;
#45 = CARTESIAN_POINT ( 'NONE',  ( 9.000000000000179412, 27.00251399663260088, -342.0000000000000000 ) ) ;
#46 = LINE ( 'NONE', #235, #224 ) ;
#47 = AXIS2_PLACEMENT_3D ( 'NONE', #888, #896, #1014 ) ;
#48 = ORIENTED_EDGE ( 'NONE', *, *, #1017, .F. ) ;
#49 = ADVANCED_FACE ( 'NONE', ( #540 ), #1292, .T. ) ;
#50 = AXIS2_PLACEMENT_3D ( 'NONE', #175, #405, #281 ) ;
#51 = B_SPLINE_CURVE_WITH_KNOTS ( 'NONE', 3,
 ( #325, #1169, #1185, #218 ),
 .UNSPECIFIED., .F., .F.,
 ( 4, 4 ),
 ( 0.000000000000000000, 0.003394112549695431878 ),
 .UNSPECIFIED. ) ;
#52 = ORIENTED_EDGE ( 'NONE', *, *, #1265, .F. ) ;
#53 = CARTESIAN_POINT ( 'NONE',  ( 0.6000000000002099210, 36.00251399663270035, -80.17607236332720788 ) ) ;
#54 = VERTEX_POINT ( 'NONE', #761 ) ;
#55 = DIRECTION ( 'NONE',  ( 0.000000000000000000, 0.000000000000000000, 1.000000000000000000 ) ) ;
#56 = AXIS2_PLACEMENT_3D ( 'NONE', #27, #998, #885 ) ;
#57 = ORIENTED_EDGE ( 'NONE', *, *, #1040, .T. ) ;
#58 = EDGE_CURVE ( 'NONE', #760, #1252, #776, .T. ) ;
#59 = ORIENTED_EDGE ( 'NONE', *, *, #777, .T. ) ;
#60 = CARTESIAN_POINT ( 'NONE',  ( -7.799999999999820410, 32.28804468579102860, -80.34960765732238031 ) ) ;
#61 = ORIENTED_EDGE ( 'NONE', *, *, #442, .T. ) ;
#62 = DIRECTION ( 'NONE',  ( 0.000000000000000000, 0.000000000000000000, 1.000000000000000000 ) ) ;
#63 = ORIENTED_EDGE ( 'NONE', *, *, #922, .T. ) ;
#64 = DIRECTION ( 'NONE',  ( 1.000000000000000000, 0.000000000000000000, 0.000000000000000000 ) ) ;
#65 = EDGE_LOOP ( 'NONE', ( #891, #1132, #1122, #367 ) ) ;
#66 = CARTESIAN_POINT ( 'NONE',  ( 9.000000000000179412, 32.28804468579118492, -80.34960765732220977 ) ) ;
#67 = CARTESIAN_POINT ( 'NONE',  ( -7.799999999999525535, 32.77141511235131333, -80.17607236332720788 ) ) ;
#68 = PLANE ( 'NONE',  #757 ) ;
#69 = B_SPLINE_CURVE_WITH_KNOTS ( 'NONE', 2,
 ( #618, #1360, #1054 ),
 .UNSPECIFIED., .F., .F.,
 ( 3, 3 ),
 ( 0.009025131178422421407, 0.1289017501192669946 ),
 .UNSPECIFIED. ) ;
#70 = AXIS2_PLACEMENT_3D ( 'NONE', #1170, #734, #624 ) ;
#71 = CARTESIAN_POINT ( 'NONE',  ( -8.999999999999818812, -0.5974860033672868553, -381.0000000000000000 ) ) ;
#72 = VERTEX_POINT ( 'NONE', #744 ) ;
#73 = DIRECTION ( 'NONE',  ( 0.000000000000000000, 1.000000000000000000, 0.000000000000000000 ) ) ;
#74 = EDGE_CURVE ( 'NONE', #597, #921, #938, .T. ) ;
#75 = CARTESIAN_POINT ( 'NONE',  ( 1.749473932971326029, 45.00251399663272878, -80.17607236332720788 ) ) ;
#76 = CIRCLE ( 'NONE', #805, 1.000000000000000000 ) ;
#77 = CARTESIAN_POINT ( 'NONE',  ( 8.000000000000181188, 0.002513996632655945106, -342.0000000000000000 ) ) ;
#78 = EDGE_CURVE ( 'NONE', #558, #924, #740, .T. ) ;
#79 = CARTESIAN_POINT ( 'NONE',  ( -2.740658617697798949, 45.00251399663270035, -98.77607236332720220 ) ) ;
#80 = AXIS2_PLACEMENT_3D ( 'NONE', #1313, #1096, #664 ) ;
#81 = AXIS2_PLACEMENT_3D ( 'NONE', #1343, #1249, #284 ) ;
#82 = ORIENTED_EDGE ( 'NONE', *, *, #1345, .T. ) ;
#83 = CARTESIAN_POINT ( 'NONE',  ( 8.000000000000181188, 44.00251399663279983, -342.0000000000000000 ) ) ;
#84 =( BOUNDED_SURFACE ( )  B_SPLINE_SURFACE ( 3, 2, ( 
 ( #898, #360, #1231 ),
 ( #354, #255, #1010 ),
 ( #482, #683, #1210 ),
 ( #151, #812, #700 ),
 ( #237, #1305, #904 ),
 ( #890, #344, #581 ),
 ( #125, #880, #667 ),
 ( #804, #1223, #985 ),
 ( #263, #1316, #1121 ),
 ( #557, #913, #993 ),
 ( #14, #447, #457 ),
 ( #1029, #1355, #608 ) ),
 .UNSPECIFIED., .F., .F., .T. ) 
 B_SPLINE_SURFACE_WITH_KNOTS ( ( 4, 2, 2, 2, 2, 4 ),
 ( 3, 3 ),
 ( -4.770489558936219510E-18, 0.001357107337669562859, 0.002714214675339130488, 0.005428429350678265312, 0.008142644026017401004, 0.01085685870135653583 ),
 ( 0.000000000000000000, 1.000000000000000000 ),
 .UNSPECIFIED. ) 
 GEOMETRIC_REPRESENTATION_ITEM ( )  RATIONAL_B_SPLINE_SURFACE ( (
 ( 1.000000000000000000, 0.7071067811865657804, 1.000000000000000000),
 ( 1.000000000000000000, 0.7348704993084342885, 1.000000000000000000),
 ( 1.000000000000000000, 0.7597281628782849294, 1.000000000000000000),
 ( 1.000000000000000000, 0.8049144138943710169, 1.000000000000000000),
 ( 1.000000000000000000, 0.8252413241871856542, 1.000000000000000000),
 ( 1.000000000000000000, 0.8805393909176698619, 1.000000000000000000),
 ( 1.000000000000000000, 0.9099177948457231047, 1.000000000000000000),
 ( 1.000000000000000000, 0.9557840569286670807, 1.000000000000000000),
 ( 1.000000000000000000, 0.9724031586673366201, 1.000000000000000000),
 ( 1.000000000000000000, 0.9945203228920432847, 1.000000000000000000),
 ( 1.000000000000000000, 1.000000000000000000, 1.000000000000000000),
 ( 1.000000000000000000, 1.000000000000000000, 1.000000000000000000) ) ) 
 REPRESENTATION_ITEM ( '' )  SURFACE ( )  );
#85 = CARTESIAN_POINT ( 'NONE',  ( 0.5999999999999694467, 36.00251399663235929, -80.17607236332720788 ) ) ;
#86 = CARTESIAN_POINT ( 'NONE',  ( 9.000000000000179412, 36.00251399663265062, -245.8880361816634945 ) ) ;
#87 = EDGE_CURVE ( 'NONE', #546, #669, #51, .T. ) ;
#88 = EDGE_CURVE ( 'NONE', #879, #1347, #754, .T. ) ;
#89 = DIRECTION ( 'NONE',  ( 0.000000000000000000, 0.000000000000000000, -1.000000000000000000 ) ) ;
#90 = LINE ( 'NONE', #437, #18 ) ;
#91 = CARTESIAN_POINT ( 'NONE',  ( -3.730568939872589862, 38.47793850401510696, -77.82658524531420596 ) ) ;
#92 = ADVANCED_FACE ( 'NONE', ( #438 ), #1251, .T. ) ;
#93 = DIRECTION ( 'NONE',  ( -0.000000000000000000, -0.000000000000000000, -1.000000000000000000 ) ) ;
#94 = AXIS2_PLACEMENT_3D ( 'NONE', #492, #486, #923 ) ;
#95 = CARTESIAN_POINT ( 'NONE',  ( -8.220567437378679898, 2.111276080881570483, -368.9208303936209745 ) ) ;
#96 = DIRECTION ( 'NONE',  ( -1.000000000000000000, 0.000000000000000000, 0.000000000000000000 ) ) ;
#97 = DIRECTION ( 'NONE',  ( -0.000000000000000000, 0.000000000000000000, 1.000000000000000000 ) ) ;
#98 = CARTESIAN_POINT ( 'NONE',  ( 2.764617092752239991, 27.00251399663260088, -76.57607236332721357 ) ) ;
#99 = EDGE_CURVE ( 'NONE', #705, #648, #649, .T. ) ;
#100 = ORIENTED_EDGE ( 'NONE', *, *, #687, .T. ) ;
#101 = PLANE ( 'NONE',  #688 ) ;
#102 = VECTOR ( 'NONE', #1141, 1000.000000000000000 ) ;
#103 = DIRECTION ( 'NONE',  ( -1.000000000000000000, 0.000000000000000000, 0.000000000000000000 ) ) ;
#104 = ORIENTED_EDGE ( 'NONE', *, *, #1284, .F. ) ;
#105 = CARTESIAN_POINT ( 'NONE',  ( -7.799999999999766231, 39.23361288091346211, -80.17607236332720788 ) ) ;
#106 = LINE ( 'NONE', #1205, #598 ) ;
#107 = CARTESIAN_POINT ( 'NONE',  ( -8.565858263106793657, 0.8473002411917401888, -368.9900817389819849 ) ) ;
#108 = FACE_OUTER_BOUND ( 'NONE', #174, .T. ) ;
#109 = DIRECTION ( 'NONE',  ( 0.000000000000000000, -1.000000000000000000, 0.000000000000000000 ) ) ;
#110 = AXIS2_PLACEMENT_3D ( 'NONE', #206, #1072, #1162 ) ;
#111 = DIRECTION ( 'NONE',  ( 0.000000000000000000, 0.000000000000000000, -1.000000000000000000 ) ) ;
#112 = CARTESIAN_POINT ( 'NONE',  ( -1.564617092751829919, 45.00251399663270035, -76.57607236332721357 ) ) ;
#113 = VECTOR ( 'NONE', #1250, 1000.000000000000000 ) ;
#114 = EDGE_CURVE ( 'NONE', #287, #571, #877, .T. ) ;
#115 = VERTEX_POINT ( 'NONE', #1090 ) ;
#116 = CARTESIAN_POINT ( 'NONE',  ( 9.000000000000179412, -0.5974860033672868553, -370.0000000000000000 ) ) ;
#117 = ORIENTED_EDGE ( 'NONE', *, *, #7, .F. ) ;
#118 = DIRECTION ( 'NONE',  ( 0.000000000000000000, 0.000000000000000000, 1.000000000000000000 ) ) ;
#119 = FILL_AREA_STYLE_COLOUR ( '', #251 ) ;
#120 = CARTESIAN_POINT ( 'NONE',  ( -8.999999999999818812, 72.60251399663269467, -369.0000000000000000 ) ) ;
#121 = CIRCLE ( 'NONE', #80, 28.00000000000002487 ) ;
#122 = CARTESIAN_POINT ( 'NONE',  ( -8.447242064328534639, 70.27371771922726396, -368.9579500325305048 ) ) ;
#123 = ORIENTED_EDGE ( 'NONE', *, *, #399, .F. ) ;
#124 = ADVANCED_FACE ( 'NONE', ( #1386 ), #420, .T. ) ;
#125 = CARTESIAN_POINT ( 'NONE',  ( -8.048063043459087851, 6.100542631495053492, -368.6711020412028006 ) ) ;
#126 = ADVANCED_FACE ( 'NONE', ( #1070 ), #101, .T. ) ;
#127 = ORIENTED_EDGE ( 'NONE', *, *, #747, .T. ) ;
#128 = APPLICATION_PROTOCOL_DEFINITION ( 'draft international standard', 'automotive_design', 1998, #1053 ) ;
#129 = PLANE ( 'NONE',  #1224 ) ;
#130 = CARTESIAN_POINT ( 'NONE',  ( -7.743802282320036312, 66.01358154018858215, -368.3423687450349462 ) ) ;
#131 = VERTEX_POINT ( 'NONE', #19 ) ;
#132 = CARTESIAN_POINT ( 'NONE',  ( 9.000000000000179412, 39.23361288091344790, -80.17607236332720788 ) ) ;
#133 = ORIENTED_EDGE ( 'NONE', *, *, #58, .F. ) ;
#134 = ADVANCED_FACE ( 'NONE', ( #37 ), #453, .T. ) ;
#135 = VECTOR ( 'NONE', #1153, 1000.000000000000000 ) ;
#136 = CARTESIAN_POINT ( 'NONE',  ( -8.999999999999818812, -0.5974860033672868553, -369.0000000000000000 ) ) ;
#137 = CARTESIAN_POINT ( 'NONE',  ( 9.000000000000179412, 72.60251399663269467, -369.0000000000000000 ) ) ;
#138 = ORIENTED_EDGE ( 'NONE', *, *, #1270, .T. ) ;
#139 = LINE ( 'NONE', #1100, #942 ) ;
#140 = AXIS2_PLACEMENT_3D ( 'NONE', #623, #720, #1156 ) ;
#141 = ORIENTED_EDGE ( 'NONE', *, *, #874, .T. ) ;
#142 = DIRECTION ( 'NONE',  ( 0.000000000000000000, 0.000000000000000000, 1.000000000000000000 ) ) ;
#143 = DIRECTION ( 'NONE',  ( 0.000000000000000000, 0.000000000000000000, -1.000000000000000000 ) ) ;
#144 = B_SPLINE_CURVE_WITH_KNOTS ( 'NONE', 3,
 ( #1160, #66, #725, #195 ),
 .UNSPECIFIED., .F., .F.,
 ( 4, 4 ),
 ( 1.185718710066886779E-16, 0.001538316870789578975 ),
 .UNSPECIFIED. ) ;
#145 = ADVANCED_FACE ( 'NONE', ( #1220 ), #129, .T. ) ;
#146 = PRODUCT_DEFINITION_FORMATION_WITH_SPECIFIED_SOURCE ( 'ANY', '', #712, .NOT_KNOWN. ) ;
#147 = FACE_OUTER_BOUND ( 'NONE', #1024, .T. ) ;
#148 = EDGE_CURVE ( 'NONE', #751, #273, #121, .T. ) ;
#149 = CARTESIAN_POINT ( 'NONE',  ( -8.345841592644640983, 68.52949319617664514, -368.8987189987059878 ) ) ;
#150 = ORIENTED_EDGE ( 'NONE', *, *, #691, .F. ) ;
#151 = CARTESIAN_POINT ( 'NONE',  ( -7.846400897752634052, 8.693513556078128701, -368.3104291986379621 ) ) ;
#152 = ORIENTED_EDGE ( 'NONE', *, *, #1286, .F. ) ;
#153 = TOROIDAL_SURFACE ( 'NONE', #1179, 28.00000000000000000, 1.000000000000000000 ) ;
#154 = DIRECTION ( 'NONE',  ( -1.000000000000000000, 0.000000000000000000, 0.000000000000000000 ) ) ;
#155 = DIRECTION ( 'NONE',  ( -1.000000000000000000, 0.000000000000000000, 0.000000000000000000 ) ) ;
#156 = EDGE_CURVE ( 'NONE', #40, #1294, #584, .T. ) ;
#157 = CARTESIAN_POINT ( 'NONE',  ( -7.674917271187913670, 67.79779942095890988, -368.6842198221905278 ) ) ;
#158 = ORIENTED_EDGE ( 'NONE', *, *, #535, .T. ) ;
#159 = CARTESIAN_POINT ( 'NONE',  ( 2.764617092752225336, 37.72226412711750498, -76.57607236332721357 ) ) ;
#160 = ORIENTED_EDGE ( 'NONE', *, *, #1200, .T. ) ;
#161 = FACE_OUTER_BOUND ( 'NONE', #1225, .T. ) ;
#162 = DIRECTION ( 'NONE',  ( 1.000000000000000000, 7.228014483236695569E-16, 0.000000000000000000 ) ) ;
#163 = ORIENTED_EDGE ( 'NONE', *, *, #578, .F. ) ;
#164 = CARTESIAN_POINT ( 'NONE',  ( -8.999999999999818812, 12.00251399663262042, -393.0000000000000000 ) ) ;
#165 = CIRCLE ( 'NONE', #632, 1.000000000000014211 ) ;
#166 = ORIENTED_EDGE ( 'NONE', *, *, #1017, .T. ) ;
#167 = ORIENTED_EDGE ( 'NONE', *, *, #1052, .F. ) ;
#168 = DIRECTION ( 'NONE',  ( -1.000000000000000000, 0.000000000000000000, 0.000000000000000000 ) ) ;
#169 = EDGE_LOOP ( 'NONE', ( #1069, #24, #13, #394, #666 ) ) ;
#170 = CARTESIAN_POINT ( 'NONE',  ( 9.000000000000179412, 45.00251399663270035, -98.77607236332720220 ) ) ;
#171 = ORIENTED_EDGE ( 'NONE', *, *, #1134, .T. ) ;
#172 = FACE_OUTER_BOUND ( 'NONE', #1240, .T. ) ;
#173 = VECTOR ( 'NONE', #303, 1000.000000000000000 ) ;
#174 = EDGE_LOOP ( 'NONE', ( #380, #369, #232, #1145 ) ) ;
#175 = CARTESIAN_POINT ( 'NONE',  ( 0.6000000000002099210, 36.00251399663270035, -76.57607236332721357 ) ) ;
#176 = ORIENTED_EDGE ( 'NONE', *, *, #247, .T. ) ;
#177 = FACE_OUTER_BOUND ( 'NONE', #378, .T. ) ;
#178 = CYLINDRICAL_SURFACE ( 'NONE', #703, 9.600000000000159517 ) ;
#179 = EDGE_LOOP ( 'NONE', ( #1374, #634, #306, #919, #474 ) ) ;
#180 = DIRECTION ( 'NONE',  ( -1.000000000000000000, 0.000000000000000000, 0.000000000000000000 ) ) ;
#181 = CARTESIAN_POINT ( 'NONE',  ( 8.000000000000181188, 45.00251399663269325, -342.0000000000000000 ) ) ;
#182 = LINE ( 'NONE', #1377, #34 ) ;
#183 = CIRCLE ( 'NONE', #970, 1.000000000000010880 ) ;
#184 = CARTESIAN_POINT ( 'NONE',  ( 8.000000000000181188, -0.5974860033672868553, -370.0000000000000000 ) ) ;
#185 = VECTOR ( 'NONE', #64, 1000.000000000000000 ) ;
#186 = ORIENTED_EDGE ( 'NONE', *, *, #1352, .F. ) ;
#187 = CARTESIAN_POINT ( 'NONE',  ( 9.000000000000179412, 27.00251399663260088, -80.17607236332720788 ) ) ;
#188 = EDGE_CURVE ( 'NONE', #256, #1026, #864, .T. ) ;
#189 = CARTESIAN_POINT ( 'NONE',  ( 9.000000000000179412, 44.00251399663279983, -342.0000000000000000 ) ) ;
#190 = DIRECTION ( 'NONE',  ( 0.000000000000000000, 1.000000000000000000, 0.000000000000000000 ) ) ;
#191 = DIRECTION ( 'NONE',  ( -1.000000000000000000, 0.000000000000000000, 0.000000000000000000 ) ) ;
#192 = FILL_AREA_STYLE ('',( #119 ) ) ;
#193 = DIRECTION ( 'NONE',  ( 1.000000000000000000, 0.000000000000000000, 0.000000000000000000 ) ) ;
#194 = EDGE_CURVE ( 'NONE', #701, #921, #4, .T. ) ;
#195 = CARTESIAN_POINT ( 'NONE',  ( 9.000000000000179412, 31.35493398118374841, -80.77607236332725904 ) ) ;
#196 = EDGE_LOOP ( 'NONE', ( #1282, #293, #382, #867, #926, #493, #8, #1274, #765 ) ) ;
#197 = CARTESIAN_POINT ( 'NONE',  ( -8.567799585506545412, 1.740146764869668683, -368.9999999999999432 ) ) ;
#198 = PRODUCT_RELATED_PRODUCT_CATEGORY ( 'part', '', ( #712 ) ) ;
#199 = DIRECTION ( 'NONE',  ( 0.000000000000000000, 0.000000000000000000, 1.000000000000000000 ) ) ;
#200 = AXIS2_PLACEMENT_3D ( 'NONE', #560, #1182, #215 ) ;
#201 = ADVANCED_FACE ( 'NONE', ( #1320 ), #561, .T. ) ;
#202 = LINE ( 'NONE', #633, #1243 ) ;
#203 = AXIS2_PLACEMENT_3D ( 'NONE', #184, #616, #1044 ) ;
#204 = ORIENTED_EDGE ( 'NONE', *, *, #148, .F. ) ;
#205 = CARTESIAN_POINT ( 'NONE',  ( -7.674552159967872100, 4.208746456033455097, -368.6839702619909076 ) ) ;
#206 = CARTESIAN_POINT ( 'NONE',  ( 8.000000000000181188, 72.00251399663279983, -370.0000000000000000 ) ) ;
#207 = DIRECTION ( 'NONE',  ( 0.000000000000000000, 0.000000000000000000, -1.000000000000000000 ) ) ;
#208 = CARTESIAN_POINT ( 'NONE',  ( -6.799999999999822187, 45.00251399663279983, -342.0000000000000000 ) ) ;
#209 = CLOSED_SHELL ( 'NONE', ( #134, #145, #988, #126, #517, #473, #788, #795, #1228, #201, #350, #1025, #1077, #249, #899, #483, #941, #275, #216, #1083, #292, #1365, #92, #49, #931, #915, #340, #229, #124, #238, #386, #1373, #707, #1247, #550, #500, #814, #1164, #510, #452, #42, #631, #38 ) ) ;
#210 = ORIENTED_EDGE ( 'NONE', *, *, #850, .T. ) ;
#211 = CARTESIAN_POINT ( 'NONE',  ( -1.658800798430406953, 27.00251399663263285, -80.39960177509198047 ) ) ;
#212 = AXIS2_PLACEMENT_3D ( 'NONE', #269, #1113, #472 ) ;
#213 = LINE ( 'NONE', #116, #1094 ) ;
#214 = CARTESIAN_POINT ( 'NONE',  ( -8.999999999999818812, 72.60251399663269467, -369.0000000000000000 ) ) ;
#215 = DIRECTION ( 'NONE',  ( -1.000000000000000000, 0.000000000000000000, 0.000000000000000000 ) ) ;
#216 = ADVANCED_FACE ( 'NONE', ( #478 ), #791, .T. ) ;
#217 = VERTEX_POINT ( 'NONE', #990 ) ;
#218 = CARTESIAN_POINT ( 'NONE',  ( 0.6000000000002099210, 45.00251399663270035, -80.17607236332720788 ) ) ;
#219 = UNCERTAINTY_MEASURE_WITH_UNIT (LENGTH_MEASURE( 1.000000000000000082E-05 ), #868, 'distance_accuracy_value', 'NONE');
#220 = ORIENTED_EDGE ( 'NONE', *, *, #1218, .F. ) ;
#221 = DIRECTION ( 'NONE',  ( -1.000000000000000000, 0.000000000000000000, 0.000000000000000000 ) ) ;
#222 = ORIENTED_EDGE ( 'NONE', *, *, #770, .F. ) ;
#223 = CARTESIAN_POINT ( 'NONE',  ( 8.000000000000181188, 28.00251399663260443, -342.0000000000000000 ) ) ;
#224 = VECTOR ( 'NONE', #445, 1000.000000000000000 ) ;
#225 = DIRECTION ( 'NONE',  ( -0.000000000000000000, 2.738767609123399819E-17, 1.000000000000000000 ) ) ;
#226 = FACE_OUTER_BOUND ( 'NONE', #779, .T. ) ;
#227 = EDGE_CURVE ( 'NONE', #1294, #949, #1103, .T. ) ;
#228 = CIRCLE ( 'NONE', #50, 2.764617092752060135 ) ;
#229 = ADVANCED_FACE ( 'NONE', ( #1336 ), #364, .T. ) ;
#230 = ORIENTED_EDGE ( 'NONE', *, *, #78, .T. ) ;
#231 = DIRECTION ( 'NONE',  ( 0.000000000000000000, -1.000000000000000000, 0.000000000000000000 ) ) ;
#232 = ORIENTED_EDGE ( 'NONE', *, *, #905, .F. ) ;
#233 = SURFACE_STYLE_FILL_AREA ( #192 ) ;
#234 = CARTESIAN_POINT ( 'NONE',  ( -6.881876433441334484, 8.384697924470946973, -367.6804738470622738 ) ) ;
#235 = CARTESIAN_POINT ( 'NONE',  ( -7.799999999999820410, 0.002513996632633186401, -368.0000000000000000 ) ) ;
#236 = ORIENTED_EDGE ( 'NONE', *, *, #188, .F. ) ;
#237 = CARTESIAN_POINT ( 'NONE',  ( -7.871742458163841327, 8.265050610055297398, -368.3784498764021009 ) ) ;
#238 = ADVANCED_FACE ( 'NONE', ( #147 ), #577, .T. ) ;
#239 = VERTEX_POINT ( 'NONE', #660 ) ;
#240 = FACE_OUTER_BOUND ( 'NONE', #384, .T. ) ;
#241 = LINE ( 'NONE', #1197, #906 ) ;
#242 = VECTOR ( 'NONE', #959, 1000.000000000000000 ) ;
#243 = DIRECTION ( 'NONE',  ( -1.000000000000000000, 0.000000000000000000, 0.000000000000000000 ) ) ;
#244 = CARTESIAN_POINT ( 'NONE',  ( -6.821128882983168218, 62.79917483965631675, -367.3867650972138108 ) ) ;
#245 = ORIENTED_EDGE ( 'NONE', *, *, #1265, .T. ) ;
#246 = CARTESIAN_POINT ( 'NONE',  ( 9.000000000000179412, 39.71698330747439343, -80.34960765732222399 ) ) ;
#247 = EDGE_CURVE ( 'NONE', #217, #648, #315, .T. ) ;
#248 = ORIENTED_EDGE ( 'NONE', *, *, #1093, .F. ) ;
#249 = ADVANCED_FACE ( 'NONE', ( #440 ), #1049, .T. ) ;
#250 = CARTESIAN_POINT ( 'NONE',  ( -7.674533002196510800, 67.79620232067327379, -368.6839574203135612 ) ) ;
#251 = COLOUR_RGB ( '',0.7921568627450980005, 0.8196078431372548767, 0.9333333333333333481 ) ;
#252 = DIRECTION ( 'NONE',  ( 0.000000000000000000, 1.000000000000000000, 0.000000000000000000 ) ) ;
#253 = CARTESIAN_POINT ( 'NONE',  ( -7.842139801101679630, 63.33273712217526707, -368.3195842424267425 ) ) ;
#254 = ORIENTED_EDGE ( 'NONE', *, *, #442, .F. ) ;
#255 = CARTESIAN_POINT ( 'NONE',  ( -7.724371598783372761, 9.658758133781269350, -367.2172833569673003 ) ) ;
#256 = VERTEX_POINT ( 'NONE', #1279 ) ;
#257 = CARTESIAN_POINT ( 'NONE',  ( 9.000000000000179412, 72.00251399663279983, -370.0000000000000000 ) ) ;
#258 = VECTOR ( 'NONE', #426, 1000.000000000000000 ) ;
#259 = DIRECTION ( 'NONE',  ( 0.000000000000000000, 0.000000000000000000, 1.000000000000000000 ) ) ;
#260 = AXIS2_PLACEMENT_3D ( 'NONE', #136, #1327, #1110 ) ;
#261 = DIRECTION ( 'NONE',  ( -0.000000000000000000, -0.000000000000000000, 1.000000000000000000 ) ) ;
#262 = VERTEX_POINT ( 'NONE', #1393 ) ;
#263 = CARTESIAN_POINT ( 'NONE',  ( -8.343474144771903411, 3.494541968594357062, -368.8975775114928979 ) ) ;
#264 = ORIENTED_EDGE ( 'NONE', *, *, #74, .T. ) ;
#265 = LINE ( 'NONE', #257, #1060 ) ;
#266 = EDGE_CURVE ( 'NONE', #273, #1011, #213, .T. ) ;
#267 = DIRECTION ( 'NONE',  ( -0.000000000000000000, 1.000000000000000000, -0.000000000000000000 ) ) ;
#268 = ORIENTED_EDGE ( 'NONE', *, *, #850, .F. ) ;
#269 = CARTESIAN_POINT ( 'NONE',  ( 8.000000000000181188, 36.00251399663265062, -370.0000000000000000 ) ) ;
#270 = VERTEX_POINT ( 'NONE', #741 ) ;
#271 = PRESENTATION_LAYER_ASSIGNMENT (  '', '', ( #1037 ) ) ;
#272 = CARTESIAN_POINT ( 'NONE',  ( -2.740658617697536936, 27.00251399663260088, -80.77607236332710272 ) ) ;
#273 = VERTEX_POINT ( 'NONE', #522 ) ;
#274 = DIRECTION ( 'NONE',  ( 1.000000000000000000, 0.000000000000000000, 0.000000000000000000 ) ) ;
#275 = ADVANCED_FACE ( 'NONE', ( #1172 ), #852, .T. ) ;
#276 = CIRCLE ( 'NONE', #365, 9.600000000000139977 ) ;
#277 = ORIENTED_EDGE ( 'NONE', *, *, #604, .F. ) ;
#278 = DIRECTION ( 'NONE',  ( 0.000000000000000000, 0.000000000000000000, 1.000000000000000000 ) ) ;
#279 = ORIENTED_EDGE ( 'NONE', *, *, #589, .T. ) ;
#280 = CIRCLE ( 'NONE', #806, 1.000000000000000888 ) ;
#281 = DIRECTION ( 'NONE',  ( -1.000000000000000000, 0.000000000000000000, 0.000000000000000000 ) ) ;
#282 = VERTEX_POINT ( 'NONE', #1092 ) ;
#283 = CARTESIAN_POINT ( 'NONE',  ( 9.000000000000179412, 45.00251399663270035, -98.77607236332720220 ) ) ;
#284 = DIRECTION ( 'NONE',  ( 0.000000000000000000, 0.000000000000000000, 1.000000000000000000 ) ) ;
#285 = DIRECTION ( 'NONE',  ( 0.000000000000000000, 0.3711537444790364293, -0.9285714285714320448 ) ) ;
#286 = VECTOR ( 'NONE', #1002, 1000.000000000000000 ) ;
#287 = VERTEX_POINT ( 'NONE', #1079 ) ;
#288 = CARTESIAN_POINT ( 'NONE',  ( 0.6000000000002099210, 36.00251399663270035, -80.17607236332720788 ) ) ;
#289 = CARTESIAN_POINT ( 'NONE',  ( -2.740658617697798949, 45.00251399663270035, -80.17607236332720788 ) ) ;
#290 = DIRECTION ( 'NONE',  ( 1.000000000000000000, -0.000000000000000000, -0.000000000000000000 ) ) ;
#291 = DIRECTION ( 'NONE',  ( -1.000000000000000000, 0.000000000000000000, 0.000000000000000000 ) ) ;
#292 = ADVANCED_FACE ( 'NONE', ( #108 ), #373, .T. ) ;
#293 = ORIENTED_EDGE ( 'NONE', *, *, #668, .T. ) ;
#294 = CARTESIAN_POINT ( 'NONE',  ( 3.940658617697955890, 27.00251399663260088, -80.17607236332720788 ) ) ;
#295 = EDGE_CURVE ( 'NONE', #1259, #464, #1307, .T. ) ;
#296 = LINE ( 'NONE', #1353, #592 ) ;
#297 = LINE ( 'NONE', #601, #352 ) ;
#298 = VECTOR ( 'NONE', #261, 1000.000000000000000 ) ;
#299 = AXIS2_PLACEMENT_3D ( 'NONE', #948, #1253, #1146 ) ;
#300 = ORIENTED_EDGE ( 'NONE', *, *, #747, .F. ) ;
#301 = CARTESIAN_POINT ( 'NONE',  ( 9.000000000000179412, 60.00251399663279983, -393.0000000000000000 ) ) ;
#302 = FACE_OUTER_BOUND ( 'NONE', #816, .T. ) ;
#303 = DIRECTION ( 'NONE',  ( 0.000000000000000000, -1.000000000000000000, 0.000000000000000000 ) ) ;
#304 = LINE ( 'NONE', #1151, #479 ) ;
#305 = ORIENTED_EDGE ( 'NONE', *, *, #691, .T. ) ;
#306 = ORIENTED_EDGE ( 'NONE', *, *, #1183, .T. ) ;
#307 = EDGE_CURVE ( 'NONE', #256, #1354, #76, .T. ) ;
#308 = LINE ( 'NONE', #314, #1329 ) ;
#309 = CARTESIAN_POINT ( 'NONE',  ( -8.999999999999818812, -0.5974860033672868553, -381.0000000000000000 ) ) ;
#310 = LINE ( 'NONE', #1165, #1338 ) ;
#311 = ORIENTED_EDGE ( 'NONE', *, *, #809, .T. ) ;
#312 = VERTEX_POINT ( 'NONE', #1194 ) ;
#313 = CARTESIAN_POINT ( 'NONE',  ( 0.6000000000000856870, 36.00251399663279273, -80.17607236332720788 ) ) ;
#314 = CARTESIAN_POINT ( 'NONE',  ( 9.000000000000179412, 45.00251399663279983, -342.0000000000000000 ) ) ;
#315 = LINE ( 'NONE', #1187, #1342 ) ;
#316 = CIRCLE ( 'NONE', #1018, 9.600000000000385114 ) ;
#317 = CARTESIAN_POINT ( 'NONE',  ( 3.940658617697955890, 27.00251399663260088, -80.77607236332725904 ) ) ;
#318 = CARTESIAN_POINT ( 'NONE',  ( -0.5494739329707960529, 27.00251399663269325, -80.17607236332720788 ) ) ;
#319 = DIRECTION ( 'NONE',  ( 1.000000000000000000, 0.000000000000000000, 0.000000000000000000 ) ) ;
#320 = EDGE_CURVE ( 'NONE', #1184, #1392, #965, .T. ) ;
#321 = LINE ( 'NONE', #646, #636 ) ;
#322 = AXIS2_PLACEMENT_3D ( 'NONE', #554, #1190, #969 ) ;
#323 =( NAMED_UNIT ( * ) SI_UNIT ( $, .STERADIAN. ) SOLID_ANGLE_UNIT ( ) );
#324 = EDGE_LOOP ( 'NONE', ( #1047, #1030, #695, #600 ) ) ;
#325 = CARTESIAN_POINT ( 'NONE',  ( -2.740658617697798949, 45.00251399663270035, -80.77607236332724483 ) ) ;
#326 = ORIENTED_EDGE ( 'NONE', *, *, #1093, .T. ) ;
#327 = DIRECTION ( 'NONE',  ( -1.000000000000000000, 0.000000000000000000, 0.000000000000000000 ) ) ;
#328 = VERTEX_POINT ( 'NONE', #954 ) ;
#329 = DIRECTION ( 'NONE',  ( -1.000000000000000000, 0.000000000000000000, 0.000000000000000000 ) ) ;
#330 = EDGE_CURVE ( 'NONE', #723, #456, #1400, .T. ) ;
#331 = DIRECTION ( 'NONE',  ( 0.000000000000000000, 0.3711537444790289908, 0.9285714285714351535 ) ) ;
#332 = EDGE_CURVE ( 'NONE', #456, #115, #396, .T. ) ;
#333 = CARTESIAN_POINT ( 'NONE',  ( -6.799999999999820410, 9.206616060576747529, -367.3980063662766611 ) ) ;
#334 = EDGE_LOOP ( 'NONE', ( #1, #1167, #152, #204 ) ) ;
#335 = LINE ( 'NONE', #772, #242 ) ;
#336 = VERTEX_POINT ( 'NONE', #434 ) ;
#337 = DIRECTION ( 'NONE',  ( -1.000000000000000000, 0.000000000000000000, 0.000000000000000000 ) ) ;
#338 = LINE ( 'NONE', #733, #1084 ) ;
#339 = CYLINDRICAL_SURFACE ( 'NONE', #1368, 1.000000000000000888 ) ;
#340 = ADVANCED_FACE ( 'NONE', ( #1272 ), #872, .T. ) ;
#341 = CIRCLE ( 'NONE', #995, 9.000000000000000000 ) ;
#342 = DIRECTION ( 'NONE',  ( -1.000000000000000000, 0.000000000000000000, 0.000000000000000000 ) ) ;
#343 = VERTEX_POINT ( 'NONE', #1178 ) ;
#344 = CARTESIAN_POINT ( 'NONE',  ( -7.659458608745064900, 6.849847689726303201, -368.1304007604773574 ) ) ;
#345 = CIRCLE ( 'NONE', #887, 9.600000000000388667 ) ;
#346 = ORIENTED_EDGE ( 'NONE', *, *, #858, .T. ) ;
#347 = CARTESIAN_POINT ( 'NONE',  ( 0.6000000000002099210, 36.00251399663270035, -80.17607236332720788 ) ) ;
#348 = DIRECTION ( 'NONE',  ( 1.000000000000000000, 0.000000000000000000, 0.000000000000000000 ) ) ;
#349 = DIRECTION ( 'NONE',  ( 0.000000000000000000, 0.000000000000000000, 1.000000000000000000 ) ) ;
#350 = ADVANCED_FACE ( 'NONE', ( #1293 ), #978, .T. ) ;
#351 = CARTESIAN_POINT ( 'NONE',  ( -6.943484916796056616, 64.03506797653523108, -367.8012961899995048 ) ) ;
#352 = VECTOR ( 'NONE', #190, 1000.000000000000000 ) ;
#353 = ORIENTED_EDGE ( 'NONE', *, *, #866, .F. ) ;
#354 = CARTESIAN_POINT ( 'NONE',  ( -7.799999999999820410, 9.971456796487784047, -368.0846097583187202 ) ) ;
#355 = EDGE_LOOP ( 'NONE', ( #881, #123, #1308, #573, #730 ) ) ;
#356 = CARTESIAN_POINT ( 'NONE',  ( 9.000000000000179412, 27.00251399663260088, -98.77607236332720220 ) ) ;
#357 = DIRECTION ( 'NONE',  ( 0.000000000000000000, -1.000000000000000000, 1.232445424105530119E-16 ) ) ;
#358 = CARTESIAN_POINT ( 'NONE',  ( -8.050558811231733003, 65.92919386002489546, -368.6738152475493848 ) ) ;
#359 = VERTEX_POINT ( 'NONE', #1065 ) ;
#360 = CARTESIAN_POINT ( 'NONE',  ( -7.799999999999768008, 10.02366509756696900, -367.0714285714285552 ) ) ;
#361 = VERTEX_POINT ( 'NONE', #1298 ) ;
#362 = CARTESIAN_POINT ( 'NONE',  ( -7.886526164441883147, 68.63357090693449436, -368.8022788173672666 ) ) ;
#363 = VECTOR ( 'NONE', #10, 1000.000000000000000 ) ;
#364 = PLANE ( 'NONE',  #260 ) ;
#365 = AXIS2_PLACEMENT_3D ( 'NONE', #1376, #1266, #918 ) ;
#366 = DIRECTION ( 'NONE',  ( -1.000000000000000000, 0.000000000000000000, 0.000000000000000000 ) ) ;
#367 = ORIENTED_EDGE ( 'NONE', *, *, #640, .F. ) ;
#368 = LINE ( 'NONE', #41, #893 ) ;
#369 = ORIENTED_EDGE ( 'NONE', *, *, #1277, .F. ) ;
#370 = APPLICATION_PROTOCOL_DEFINITION ( 'draft international standard', 'automotive_design', 1998, #574 ) ;
#371 = EDGE_CURVE ( 'NONE', #1155, #343, #335, .T. ) ;
#372 = CARTESIAN_POINT ( 'NONE',  ( -8.799999999999819522, 72.00251399663279983, -369.0000000000000000 ) ) ;
#373 = CONICAL_SURFACE ( 'NONE', #1045, 9.000000000000365930, 0.7853981633974528309 ) ;
#374 = CARTESIAN_POINT ( 'NONE',  ( 0.6000000000000856870, 36.00251399663279273, -80.17607236332720788 ) ) ;
#375 = B_SPLINE_CURVE_WITH_KNOTS ( 'NONE', 2,
 ( #1080, #544, #559 ),
 .UNSPECIFIED., .F., .F.,
 ( 3, 3 ),
 ( 0.009025131178422339875, 0.1289017501192669946 ),
 .UNSPECIFIED. ) ;
#376 = VECTOR ( 'NONE', #901, 1000.000000000000000 ) ;
#377 = CARTESIAN_POINT ( 'NONE',  ( -8.799999999999819522, 72.00251399663279983, -369.0000000000000000 ) ) ;
#378 = EDGE_LOOP ( 'NONE', ( #587, #52, #763, #248 ) ) ;
#379 = CARTESIAN_POINT ( 'NONE',  ( 3.940658617697955890, 27.00251399663260088, -80.77607236332725904 ) ) ;
#380 = ORIENTED_EDGE ( 'NONE', *, *, #433, .F. ) ;
#381 = DIRECTION ( 'NONE',  ( 1.000000000000000000, 0.000000000000000000, 0.000000000000000000 ) ) ;
#382 = ORIENTED_EDGE ( 'NONE', *, *, #886, .F. ) ;
#383 = CARTESIAN_POINT ( 'NONE',  ( 8.000000000000181188, 45.00251399663279983, -342.0000000000000000 ) ) ;
#384 = EDGE_LOOP ( 'NONE', ( #556, #771, #441, #487 ) ) ;
#385 = AXIS2_PLACEMENT_3D ( 'NONE', #536, #964, #521 ) ;
#386 = ADVANCED_FACE ( 'NONE', ( #1388 ), #422, .T. ) ;
#387 = CARTESIAN_POINT ( 'NONE',  ( 0.6000000000002099210, 36.00251399663270035, -76.57607236332721357 ) ) ;
#388 = ORIENTED_EDGE ( 'NONE', *, *, #1324, .T. ) ;
#389 = PLANE ( 'NONE',  #1006 ) ;
#390 = B_SPLINE_CURVE_WITH_KNOTS ( 'NONE', 3,
 ( #1203, #465, #246, #694 ),
 .UNSPECIFIED., .F., .F.,
 ( 4, 4 ),
 ( 0.000000000000000000, 0.001538316870789497876 ),
 .UNSPECIFIED. ) ;
#391 = AXIS2_PLACEMENT_3D ( 'NONE', #709, #278, #1136 ) ;
#392 = ORIENTED_EDGE ( 'NONE', *, *, #1183, .F. ) ;
#393 = DIRECTION ( 'NONE',  ( 0.000000000000000000, -1.000000000000000000, 0.000000000000000000 ) ) ;
#394 = ORIENTED_EDGE ( 'NONE', *, *, #74, .F. ) ;
#395 = DIRECTION ( 'NONE',  ( 0.000000000000000000, 0.7241379310344799869, -0.6896551724137961470 ) ) ;
#396 = CIRCLE ( 'NONE', #1363, 1.000000000000000888 ) ;
#397 = DIRECTION ( 'NONE',  ( 0.000000000000000000, 0.000000000000000000, 1.000000000000000000 ) ) ;
#398 = CARTESIAN_POINT ( 'NONE',  ( -6.799999999999820410, 44.00251399663270035, -245.8880361816634945 ) ) ;
#399 = EDGE_CURVE ( 'NONE', #336, #1350, #759, .T. ) ;
#400 = EDGE_CURVE ( 'NONE', #580, #72, #22, .T. ) ;
#401 = LINE ( 'NONE', #71, #185 ) ;
#402 = AXIS2_PLACEMENT_3D ( 'NONE', #508, #516, #1262 ) ;
#403 = ORIENTED_EDGE ( 'NONE', *, *, #1218, .T. ) ;
#404 = CARTESIAN_POINT ( 'NONE',  ( -6.799999999999822187, 27.00251399663260088, -342.0000000000000000 ) ) ;
#405 = DIRECTION ( 'NONE',  ( 0.000000000000000000, 0.000000000000000000, -1.000000000000000000 ) ) ;
#406 = CARTESIAN_POINT ( 'NONE',  ( -2.740658617697798949, 45.00251399663270035, -80.77607236332724483 ) ) ;
#407 = EDGE_CURVE ( 'NONE', #343, #54, #368, .T. ) ;
#408 = ORIENTED_EDGE ( 'NONE', *, *, #114, .F. ) ;
#409 = FACE_OUTER_BOUND ( 'NONE', #1127, .T. ) ;
#410 = PLANE ( 'NONE',  #523 ) ;
#411 = DIRECTION ( 'NONE',  ( 0.000000000000000000, -2.738767609123399819E-17, -1.000000000000000000 ) ) ;
#412 = AXIS2_PLACEMENT_3D ( 'NONE', #387, #835, #168 ) ;
#413 = CYLINDRICAL_SURFACE ( 'NONE', #26, 1.000000000000000888 ) ;
#414 = PRODUCT_DEFINITION ( 'UNKNOWN', '', #146, #658 ) ;
#415 = EDGE_LOOP ( 'NONE', ( #1217, #346, #1073, #1304 ) ) ;
#416 = CARTESIAN_POINT ( 'NONE',  ( -1.564617092751810157, 37.72226412711750498, -76.57607236332721357 ) ) ;
#417 = CARTESIAN_POINT ( 'NONE',  ( 8.000000000000181188, 28.00251399663263285, -98.77607236332718799 ) ) ;
#418 = DIRECTION ( 'NONE',  ( -1.000000000000000000, 0.000000000000000000, 0.000000000000000000 ) ) ;
#419 = ORIENTED_EDGE ( 'NONE', *, *, #307, .F. ) ;
#420 = PLANE ( 'NONE',  #511 ) ;
#421 = EDGE_CURVE ( 'NONE', #262, #72, #1323, .T. ) ;
#422 = CYLINDRICAL_SURFACE ( 'NONE', #212, 1.000000000000000888 ) ;
#423 = CARTESIAN_POINT ( 'NONE',  ( -8.799999999999819522, 72.00251399663279983, -369.0000000000000000 ) ) ;
#424 = CARTESIAN_POINT ( 'NONE',  ( 0.6000000000002099210, 27.00251399663270035, -80.17607236332720788 ) ) ;
#425 = EDGE_CURVE ( 'NONE', #1347, #921, #831, .T. ) ;
#426 = DIRECTION ( 'NONE',  ( -1.000000000000000000, 0.000000000000000000, 0.000000000000000000 ) ) ;
#427 = MECHANICAL_DESIGN_GEOMETRIC_PRESENTATION_REPRESENTATION (  '', ( #1037 ), #565 ) ;
#428 = LINE ( 'NONE', #98, #1248 ) ;
#429 = FACE_OUTER_BOUND ( 'NONE', #1130, .T. ) ;
#430 = EDGE_LOOP ( 'NONE', ( #57, #643, #605 ) ) ;
#431 = DIRECTION ( 'NONE',  ( 1.000000000000000000, 0.000000000000000000, 0.000000000000000000 ) ) ;
#432 = VECTOR ( 'NONE', #1285, 1000.000000000000000 ) ;
#433 = EDGE_CURVE ( 'NONE', #217, #336, #390, .T. ) ;
#434 = CARTESIAN_POINT ( 'NONE',  ( 9.000000000000179412, 39.23361288091344790, -80.17607236332720788 ) ) ;
#435 = EDGE_CURVE ( 'NONE', #924, #1392, #1107, .T. ) ;
#436 = ORIENTED_EDGE ( 'NONE', *, *, #1101, .T. ) ;
#437 = CARTESIAN_POINT ( 'NONE',  ( 8.000000000000181188, 72.60251399663269467, -369.0000000000000000 ) ) ;
#438 = FACE_OUTER_BOUND ( 'NONE', #1085, .T. ) ;
#439 = ORIENTED_EDGE ( 'NONE', *, *, #837, .T. ) ;
#440 = FACE_OUTER_BOUND ( 'NONE', #355, .T. ) ;
#441 = ORIENTED_EDGE ( 'NONE', *, *, #295, .F. ) ;
#442 = EDGE_CURVE ( 'NONE', #484, #1155, #139, .T. ) ;
#443 = CARTESIAN_POINT ( 'NONE',  ( -6.799999999999822187, 45.00251399663270035, -98.77607236332720220 ) ) ;
#444 = DIRECTION ( 'NONE',  ( 0.000000000000000000, -1.000000000000000000, 0.000000000000000000 ) ) ;
#445 = DIRECTION ( 'NONE',  ( -0.000000000000000000, -1.000000000000000000, -0.000000000000000000 ) ) ;
#446 = ORIENTED_EDGE ( 'NONE', *, *, #1144, .T. ) ;
#447 = CARTESIAN_POINT ( 'NONE',  ( -8.624131013123038869, 0.8642367559231560747, -369.0000000001007834 ) ) ;
#448 = CIRCLE ( 'NONE', #839, 28.00000000000002487 ) ;
#449 = ORIENTED_EDGE ( 'NONE', *, *, #947, .F. ) ;
#450 = DIRECTION ( 'NONE',  ( 0.000000000000000000, -1.000000000000000000, 0.000000000000000000 ) ) ;
#451 = DIRECTION ( 'NONE',  ( 0.000000000000000000, 0.9285714285714327110, -0.3711537444790349305 ) ) ;
#452 = ADVANCED_FACE ( 'NONE', ( #564 ), #84, .T. ) ;
#453 = PLANE ( 'NONE',  #56 ) ;
#454 = VECTOR ( 'NONE', #93, 1000.000000000000000 ) ;
#455 = CARTESIAN_POINT ( 'NONE',  ( 8.000000000000181188, 0.002513996632633186401, -369.0000000000000000 ) ) ;
#456 = VERTEX_POINT ( 'NONE', #1256 ) ;
#457 = CARTESIAN_POINT ( 'NONE',  ( -8.565503906169903203, 0.8485839031958954948, -369.0000000000000000 ) ) ;
#458 = AXIS2_PLACEMENT_3D ( 'NONE', #524, #955, #1273 ) ;
#459 = ORIENTED_EDGE ( 'NONE', *, *, #678, .T. ) ;
#460 = CARTESIAN_POINT ( 'NONE',  ( 8.000000000000181188, 44.00251399663270035, -98.77607236332720220 ) ) ;
#461 = DIRECTION ( 'NONE',  ( 1.000000000000000000, -0.000000000000000000, -0.000000000000000000 ) ) ;
#462 = CARTESIAN_POINT ( 'NONE',  ( -7.676031865663556886, 62.74028832840745906, -367.3653783050569928 ) ) ;
#463 = TOROIDAL_SURFACE ( 'NONE', #402, 28.00000000000000000, 1.000000000000000000 ) ;
#464 = VERTEX_POINT ( 'NONE', #1267 ) ;
#465 = CARTESIAN_POINT ( 'NONE',  ( 9.000000000000191847, 40.18798088112465194, -80.55235280579466917 ) ) ;
#466 = VERTEX_POINT ( 'NONE', #728 ) ;
#467 = B_SPLINE_CURVE_WITH_KNOTS ( 'NONE', 3,
 ( #488, #197, #851, #637, #746, #629, #1159, #952 ),
 .UNSPECIFIED., .F., .F.,
 ( 4, 2, 2, 4 ),
 ( -3.351514026881477232E-05, 0.005225720511136795754, 0.007855338336839604724, 0.01048495616254241716 ),
 .UNSPECIFIED. ) ;
#468 = CARTESIAN_POINT ( 'NONE',  ( -6.800000003108674917, 62.38960321248674035, -367.2346038722844241 ) ) ;
#469 = DIRECTION ( 'NONE',  ( -1.000000000000000000, 0.000000000000000000, -0.000000000000000000 ) ) ;
#470 = CARTESIAN_POINT ( 'NONE',  ( -8.048063043459979582, 65.90448536176921834, -368.6711020412035964 ) ) ;
#471 = ORIENTED_EDGE ( 'NONE', *, *, #433, .T. ) ;
#472 = DIRECTION ( 'NONE',  ( 0.000000000000000000, 0.000000000000000000, 1.000000000000000000 ) ) ;
#473 = ADVANCED_FACE ( 'NONE', ( #621 ), #389, .T. ) ;
#474 = ORIENTED_EDGE ( 'NONE', *, *, #7, .T. ) ;
#475 = CARTESIAN_POINT ( 'NONE',  ( 0.000000000000000000, 0.000000000000000000, 0.000000000000000000 ) ) ;
#476 = CARTESIAN_POINT ( 'NONE',  ( -8.565915293735814728, 71.15792822186217848, -369.0000000000001137 ) ) ;
#477 = VECTOR ( 'NONE', #1111, 1000.000000000000000 ) ;
#478 = FACE_OUTER_BOUND ( 'NONE', #1108, .T. ) ;
#479 = VECTOR ( 'NONE', #418, 1000.000000000000000 ) ;
#480 = CARTESIAN_POINT ( 'NONE',  ( -7.810564441072463282, 62.45831042644952191, -368.1635078282698714 ) ) ;
#481 = ORIENTED_EDGE ( 'NONE', *, *, #407, .T. ) ;
#482 = CARTESIAN_POINT ( 'NONE',  ( -7.810564441075288578, 9.546717566815544842, -368.1635078282815243 ) ) ;
#483 = ADVANCED_FACE ( 'NONE', ( #920 ), #68, .F. ) ;
#484 = VERTEX_POINT ( 'NONE', #164 ) ;
#485 = AXIS2_PLACEMENT_3D ( 'NONE', #45, #357, #243 ) ;
#486 = DIRECTION ( 'NONE',  ( -0.000000000000000000, 1.000000000000000000, 0.000000000000000000 ) ) ;
#487 = ORIENTED_EDGE ( 'NONE', *, *, #1125, .T. ) ;
#488 = CARTESIAN_POINT ( 'NONE',  ( -8.799999999999819522, 0.002513996632632629988, -369.0000000000000000 ) ) ;
#489 = ORIENTED_EDGE ( 'NONE', *, *, #535, .F. ) ;
#490 = EDGE_CURVE ( 'NONE', #723, #627, #706, .T. ) ;
#491 = AXIS2_PLACEMENT_3D ( 'NONE', #630, #199, #6 ) ;
#492 = CARTESIAN_POINT ( 'NONE',  ( -8.999999999999818812, 72.60251399663269467, -369.0000000000000000 ) ) ;
#493 = ORIENTED_EDGE ( 'NONE', *, *, #905, .T. ) ;
#494 = DIRECTION ( 'NONE',  ( -1.000000000000000000, 0.000000000000000000, 0.000000000000000000 ) ) ;
#495 = EDGE_LOOP ( 'NONE', ( #1211, #929, #871, #661, #59, #781, #1032, #1317, #21 ) ) ;
#496 = PLANE ( 'NONE',  #972 ) ;
#497 = EDGE_LOOP ( 'NONE', ( #548, #1232, #133, #566 ) ) ;
#498 = CYLINDRICAL_SURFACE ( 'NONE', #710, 27.00000000000000000 ) ;
#499 = EDGE_CURVE ( 'NONE', #1340, #723, #531, .T. ) ;
#500 = ADVANCED_FACE ( 'NONE', ( #502 ), #463, .T. ) ;
#501 = CARTESIAN_POINT ( 'NONE',  ( 9.000000000000179412, 27.00251399663260088, -98.77607236332720220 ) ) ;
#502 = FACE_OUTER_BOUND ( 'NONE', #1202, .T. ) ;
#503 = DIRECTION ( 'NONE',  ( 0.4999999999999998890, 0.000000000000000000, 0.8660254037844387076 ) ) ;
#504 = ORIENTED_EDGE ( 'NONE', *, *, #596, .F. ) ;
#505 = DIRECTION ( 'NONE',  ( 0.000000000000000000, 0.000000000000000000, -1.000000000000000000 ) ) ;
#506 = VECTOR ( 'NONE', #1173, 1000.000000000000000 ) ;
#507 = CARTESIAN_POINT ( 'NONE',  ( 2.858800798431050172, 45.00251399663270035, -80.39960177509193784 ) ) ;
#508 = CARTESIAN_POINT ( 'NONE',  ( -6.799999999999822187, 72.00251399663279983, -342.0000000000000000 ) ) ;
#509 = ORIENTED_EDGE ( 'NONE', *, *, #371, .F. ) ;
#510 = ADVANCED_FACE ( 'NONE', ( #177 ), #153, .T. ) ;
#511 = AXIS2_PLACEMENT_3D ( 'NONE', #120, #1275, #635 ) ;
#512 = CARTESIAN_POINT ( 'NONE',  ( -7.799999999999820410, 61.61020915121944341, -368.0000000000000000 ) ) ;
#513 = ORIENTED_EDGE ( 'NONE', *, *, #837, .F. ) ;
#514 = LINE ( 'NONE', #187, #729 ) ;
#515 = DIRECTION ( 'NONE',  ( 0.000000000000000000, 0.000000000000000000, -1.000000000000000000 ) ) ;
#516 = DIRECTION ( 'NONE',  ( -1.000000000000000000, 0.000000000000000000, 0.000000000000000000 ) ) ;
#517 = ADVANCED_FACE ( 'NONE', ( #1348 ), #940, .T. ) ;
#518 = LINE ( 'NONE', #404, #800 ) ;
#519 = ORIENTED_EDGE ( 'NONE', *, *, #266, .T. ) ;
#520 = PRESENTATION_STYLE_ASSIGNMENT (( #1081 ) ) ;
#521 = DIRECTION ( 'NONE',  ( 0.000000000000000000, 0.000000000000000000, 1.000000000000000000 ) ) ;
#522 = CARTESIAN_POINT ( 'NONE',  ( 9.000000000000179412, 0.002513996632632629988, -370.0000000000000568 ) ) ;
#523 = AXIS2_PLACEMENT_3D ( 'NONE', #501, #397, #381 ) ;
#524 = CARTESIAN_POINT ( 'NONE',  ( -7.799999999999820410, 0.002513996632655945106, -342.0000000000000000 ) ) ;
#525 = ORIENTED_EDGE ( 'NONE', *, *, #732, .F. ) ;
#526 = CARTESIAN_POINT ( 'NONE',  ( -7.886549346789025527, 3.371366474149707138, -368.8022905630287482 ) ) ;
#527 = AXIS2_PLACEMENT_3D ( 'NONE', #347, #782, #639 ) ;
#528 = CARTESIAN_POINT ( 'NONE',  ( -8.999999999999818812, 72.60251399663269467, -369.0000000000000000 ) ) ;
#529 = CARTESIAN_POINT ( 'NONE',  ( 0.5999999999999694467, 36.00251399663235929, -80.17607236332720788 ) ) ;
#530 =( BOUNDED_SURFACE ( )  B_SPLINE_SURFACE ( 3, 2, ( 
 ( #696, #1124, #1109 ),
 ( #468, #799, #1219 ),
 ( #244, #462, #480 ),
 ( #1201, #681, #802 ),
 ( #351, #785, #991 ),
 ( #810, #1229, #1119 ),
 ( #579, #130, #470 ),
 ( #157, #562, #1214 ),
 ( #586, #570, #1208 ),
 ( #673, #122, #1328 ),
 ( #555, #1221, #1104 ),
 ( #20, #377, #983 ) ),
 .UNSPECIFIED., .F., .F., .T. ) 
 B_SPLINE_SURFACE_WITH_KNOTS ( ( 4, 2, 2, 2, 2, 4 ),
 ( 3, 3 ),
 ( 0.000000000000000000, 0.001357107337669568063, 0.002714214675339136126, 0.005428429350678272251, 0.008142644026017407943, 0.01085685870135654450 ),
 ( 0.000000000000000000, 1.000000000000000000 ),
 .UNSPECIFIED. ) 
 GEOMETRIC_REPRESENTATION_ITEM ( )  RATIONAL_B_SPLINE_SURFACE ( (
 ( 1.000000000000000000, 0.7071067811865657804, 1.000000000000000000),
 ( 1.000000000000000000, 0.7348704993085276582, 1.000000000000000000),
 ( 1.000000000000000000, 0.7597281628781592522, 1.000000000000000000),
 ( 1.000000000000000000, 0.8049144138944966942, 1.000000000000000000),
 ( 1.000000000000000000, 0.8252413241872359473, 1.000000000000000000),
 ( 1.000000000000000000, 0.8805393909175693867, 1.000000000000000000),
 ( 1.000000000000000000, 0.9099177948458734289, 1.000000000000000000),
 ( 1.000000000000000000, 0.9557840569285160903, 1.000000000000000000),
 ( 1.000000000000000000, 0.9724031586672864380, 1.000000000000000000),
 ( 1.000000000000000000, 0.9945203228920934668, 1.000000000000000000),
 ( 1.000000000000000000, 1.000000000000000000, 1.000000000000000000),
 ( 1.000000000000000000, 1.000000000000000000, 1.000000000000000000) ) ) 
 REPRESENTATION_ITEM ( '' )  SURFACE ( )  );
#531 = CIRCLE ( 'NONE', #829, 27.00000000000002487 ) ;
#532 = EDGE_CURVE ( 'NONE', #1385, #115, #1372, .T. ) ;
#533 = ORIENTED_EDGE ( 'NONE', *, *, #768, .T. ) ;
#534 = CARTESIAN_POINT ( 'NONE',  ( -7.128513616889791571, 6.724281556987158126, -368.1642042736697817 ) ) ;
#535 = EDGE_CURVE ( 'NONE', #484, #270, #182, .T. ) ;
#536 = CARTESIAN_POINT ( 'NONE',  ( 8.000000000000181188, 0.002513996632655945106, -342.0000000000000000 ) ) ;
#537 = CARTESIAN_POINT ( 'NONE',  ( -6.799999999999820410, 44.00251399663270035, -342.0000000000000000 ) ) ;
#538 = CARTESIAN_POINT ( 'NONE',  ( 9.000000000000179412, 31.35493398118374841, -98.77607236332720220 ) ) ;
#539 = VERTEX_POINT ( 'NONE', #383 ) ;
#540 = FACE_OUTER_BOUND ( 'NONE', #617, .T. ) ;
#541 = EDGE_CURVE ( 'NONE', #943, #1315, #925, .T. ) ;
#542 = CARTESIAN_POINT ( 'NONE',  ( 0.6000000000002099210, 36.00251399663270035, -80.17607236332720788 ) ) ;
#543 = VECTOR ( 'NONE', #103, 1000.000000000000000 ) ;
#544 = CARTESIAN_POINT ( 'NONE',  ( -3.730568939872594747, 33.52708948925025112, -77.82658524531420596 ) ) ;
#545 = CARTESIAN_POINT ( 'NONE',  ( -7.799999999999525535, 32.77141511235131333, -80.17607236332720788 ) ) ;
#546 = VERTEX_POINT ( 'NONE', #406 ) ;
#547 = CARTESIAN_POINT ( 'NONE',  ( -7.295951884661840303, 5.883623724976676961, -368.3654927662750538 ) ) ;
#548 = ORIENTED_EDGE ( 'NONE', *, *, #886, .T. ) ;
#549 = DIRECTION ( 'NONE',  ( -0.000000000000000000, -0.000000000000000000, -1.000000000000000000 ) ) ;
#550 = ADVANCED_FACE ( 'NONE', ( #1042 ), #1246, .T. ) ;
#551 = ORIENTED_EDGE ( 'NONE', *, *, #1391, .F. ) ;
#552 = VECTOR ( 'NONE', #252, 1000.000000000000000 ) ;
#553 = CARTESIAN_POINT ( 'NONE',  ( 0.6000000000004699352, 36.00251399663294194, -80.77607236332710272 ) ) ;
#554 = CARTESIAN_POINT ( 'NONE',  ( 0.6000000000004699352, 36.00251399663294194, -80.17607236332720788 ) ) ;
#555 = CARTESIAN_POINT ( 'NONE',  ( -8.565503906170906845, 71.15644409006104354, -369.0000000000000000 ) ) ;
#556 = ORIENTED_EDGE ( 'NONE', *, *, #87, .F. ) ;
#557 = CARTESIAN_POINT ( 'NONE',  ( -8.566052760432132374, 1.753050243075398695, -368.9794538961726857 ) ) ;
#558 = VERTEX_POINT ( 'NONE', #828 ) ;
#559 = CARTESIAN_POINT ( 'NONE',  ( -1.564617092751810157, 34.28276386614780336, -76.57607236332721357 ) ) ;
#560 = CARTESIAN_POINT ( 'NONE',  ( 0.6000000000002099210, 36.00251399663270035, -98.77607236332720220 ) ) ;
#561 = PLANE ( 'NONE',  #485 ) ;
#562 = CARTESIAN_POINT ( 'NONE',  ( -7.976777890574064500, 67.70598015946994508, -368.6693024028436412 ) ) ;
#563 = ORIENTED_EDGE ( 'NONE', *, *, #188, .T. ) ;
#564 = FACE_OUTER_BOUND ( 'NONE', #430, .T. ) ;
#565 =( GEOMETRIC_REPRESENTATION_CONTEXT ( 3 ) GLOBAL_UNCERTAINTY_ASSIGNED_CONTEXT ( ( #762 ) ) GLOBAL_UNIT_ASSIGNED_CONTEXT ( ( #981, #663, #323 ) ) REPRESENTATION_CONTEXT ( 'NONE', 'WORKASPACE' ) );
#566 = ORIENTED_EDGE ( 'NONE', *, *, #687, .F. ) ;
#567 = CARTESIAN_POINT ( 'NONE',  ( -8.999999999999818812, -0.5974860033672868553, -369.0000000000000000 ) ) ;
#568 = CARTESIAN_POINT ( 'NONE',  ( 9.000000000000179412, 27.00251399663260088, -98.77607236332720220 ) ) ;
#569 = AXIS2_PLACEMENT_3D ( 'NONE', #83, #1375, #1264 ) ;
#570 = CARTESIAN_POINT ( 'NONE',  ( -8.125135230448227830, 68.56633965849302115, -368.7945546564870369 ) ) ;
#571 = VERTEX_POINT ( 'NONE', #836 ) ;
#572 = CARTESIAN_POINT ( 'NONE',  ( 9.000000000000179412, 45.00251399663270035, -98.77607236332720220 ) ) ;
#573 = ORIENTED_EDGE ( 'NONE', *, *, #1125, .F. ) ;
#574 = APPLICATION_CONTEXT ( 'automotive_design' ) ;
#575 = DIRECTION ( 'NONE',  ( 0.000000000000000000, 0.000000000000000000, -1.000000000000000000 ) ) ;
#576 = AXIS2_PLACEMENT_3D ( 'NONE', #1082, #1296, #870 ) ;
#577 = PLANE ( 'NONE',  #1269 ) ;
#578 = EDGE_CURVE ( 'NONE', #270, #1175, #297, .T. ) ;
#579 = CARTESIAN_POINT ( 'NONE',  ( -7.296126087268222093, 66.12227209870287936, -368.3656967934416002 ) ) ;
#580 = VERTEX_POINT ( 'NONE', #1154 ) ;
#581 = CARTESIAN_POINT ( 'NONE',  ( -7.128523396326173156, 6.724167531535904629, -368.1642446561277211 ) ) ;
#582 = EDGE_LOOP ( 'NONE', ( #1188, #1236, #171, #1359 ) ) ;
#583 = CARTESIAN_POINT ( 'NONE',  ( -8.331875813715468482, 70.31366829952125386, -368.9603361914660695 ) ) ;
#584 = LINE ( 'NONE', #1013, #376 ) ;
#585 = EDGE_CURVE ( 'NONE', #131, #466, #1370, .T. ) ;
#586 = CARTESIAN_POINT ( 'NONE',  ( -7.886948289605204110, 68.63520130937223485, -368.8024709148671150 ) ) ;
#587 = ORIENTED_EDGE ( 'NONE', *, *, #697, .T. ) ;
#588 = CARTESIAN_POINT ( 'NONE',  ( 2.858800798430880530, 27.00251399663259022, -80.39960177509200889 ) ) ;
#589 = EDGE_CURVE ( 'NONE', #924, #708, #467, .T. ) ;
#590 = ORIENTED_EDGE ( 'NONE', *, *, #371, .T. ) ;
#591 = CARTESIAN_POINT ( 'NONE',  ( 9.000000000000179412, 72.00251399663279983, -342.0000000000000000 ) ) ;
#592 = VECTOR ( 'NONE', #1362, 1000.000000000000000 ) ;
#593 = CYLINDRICAL_SURFACE ( 'NONE', #1020, 9.600000000000385114 ) ;
#594 = VERTEX_POINT ( 'NONE', #1276 ) ;
#595 = CARTESIAN_POINT ( 'NONE',  ( 8.000000000000181188, 72.60251399663269467, -370.0000000000000000 ) ) ;
#596 = EDGE_CURVE ( 'NONE', #312, #131, #1381, .T. ) ;
#597 = VERTEX_POINT ( 'NONE', #738 ) ;
#598 = VECTOR ( 'NONE', #109, 1000.000000000000000 ) ;
#599 = DIRECTION ( 'NONE',  ( -0.000000000000000000, -0.000000000000000000, -1.000000000000000000 ) ) ;
#600 = ORIENTED_EDGE ( 'NONE', *, *, #266, .F. ) ;
#601 = CARTESIAN_POINT ( 'NONE',  ( 9.000000000000179412, 0.002513996632632629988, -393.0000000000000000 ) ) ;
#602 = ORIENTED_EDGE ( 'NONE', *, *, #895, .T. ) ;
#603 = DIRECTION ( 'NONE',  ( -1.000000000000000000, 0.000000000000000000, 0.000000000000000000 ) ) ;
#604 = EDGE_CURVE ( 'NONE', #968, #1184, #1278, .T. ) ;
#605 = ORIENTED_EDGE ( 'NONE', *, *, #78, .F. ) ;
#606 = CARTESIAN_POINT ( 'NONE',  ( -7.799999999999820410, 32.77141511235189597, -80.17607236332720788 ) ) ;
#607 = ORIENTED_EDGE ( 'NONE', *, *, #435, .F. ) ;
#608 = CARTESIAN_POINT ( 'NONE',  ( -8.799999999999819522, 0.002513996632655945106, -369.0000000000000000 ) ) ;
#609 = EDGE_LOOP ( 'NONE', ( #1297, #1241, #607, #279 ) ) ;
#610 = CARTESIAN_POINT ( 'NONE',  ( 0.6000000000004699352, 36.00251399663294194, -80.17607236332720788 ) ) ;
#611 = CARTESIAN_POINT ( 'NONE',  ( -8.999999999999818812, -0.5974860033672868553, -369.0000000000000000 ) ) ;
#612 = AXIS2_PLACEMENT_3D ( 'NONE', #553, #1089, #17 ) ;
#613 = CARTESIAN_POINT ( 'NONE',  ( 0.6000000000002099210, 36.00251399663270035, -80.77607236332724483 ) ) ;
#614 = DIRECTION ( 'NONE',  ( 0.000000000000000000, 1.000000000000000000, -2.738767609123399819E-17 ) ) ;
#615 = CIRCLE ( 'NONE', #412, 2.764617092752060135 ) ;
#616 = DIRECTION ( 'NONE',  ( 0.000000000000000000, -1.000000000000000000, 0.000000000000000000 ) ) ;
#617 = EDGE_LOOP ( 'NONE', ( #43, #525, #1230, #936 ) ) ;
#618 = CARTESIAN_POINT ( 'NONE',  ( 9.000000000000179412, 32.77141511235189597, -80.17607236332720788 ) ) ;
#619 = EDGE_CURVE ( 'NONE', #1315, #594, #1271, .T. ) ;
#620 = FACE_OUTER_BOUND ( 'NONE', #497, .T. ) ;
#621 = FACE_OUTER_BOUND ( 'NONE', #196, .T. ) ;
#622 = AXIS2_PLACEMENT_3D ( 'NONE', #894, #1117, #155 ) ;
#623 = CARTESIAN_POINT ( 'NONE',  ( -6.799999999999820410, 28.00251399663263285, -98.77607236332718799 ) ) ;
#624 = DIRECTION ( 'NONE',  ( 1.000000000000000000, 0.000000000000000000, 0.000000000000000000 ) ) ;
#625 = EDGE_CURVE ( 'NONE', #539, #1354, #308, .T. ) ;
#626 = CARTESIAN_POINT ( 'NONE',  ( -7.799999999999820410, 44.00251399663270746, -98.77607236332720220 ) ) ;
#627 = VERTEX_POINT ( 'NONE', #958 ) ;
#628 = AXIS2_PLACEMENT_3D ( 'NONE', #606, #932, #840 ) ;
#629 = CARTESIAN_POINT ( 'NONE',  ( -7.842139510005385006, 8.672297062283643498, -368.3195831815763768 ) ) ;
#630 = CARTESIAN_POINT ( 'NONE',  ( 0.6000000000002099210, 36.00251399663270035, -76.57607236332721357 ) ) ;
#631 = ADVANCED_FACE ( 'NONE', ( #1387 ), #1395, .T. ) ;
#632 = AXIS2_PLACEMENT_3D ( 'NONE', #1031, #927, #285 ) ;
#633 = CARTESIAN_POINT ( 'NONE',  ( 9.000000000000179412, 31.35493398118374841, -80.17607236332720788 ) ) ;
#634 = ORIENTED_EDGE ( 'NONE', *, *, #798, .T. ) ;
#635 = DIRECTION ( 'NONE',  ( 1.000000000000000000, 0.000000000000000000, 0.000000000000000000 ) ) ;
#636 = VECTOR ( 'NONE', #859, 1000.000000000000000 ) ;
#637 = CARTESIAN_POINT ( 'NONE',  ( -8.050557276285818631, 6.075849691932704744, -368.6738134706405390 ) ) ;
#638 = CARTESIAN_POINT ( 'NONE',  ( -7.799999999999764455, 39.71698330747408079, -80.34960765732218135 ) ) ;
#639 = DIRECTION ( 'NONE',  ( -1.000000000000000000, 0.000000000000000000, 0.000000000000000000 ) ) ;
#640 = EDGE_CURVE ( 'NONE', #949, #1315, #928, .T. ) ;
#641 = VECTOR ( 'NONE', #787, 1000.000000000000000 ) ;
#642 = EDGE_CURVE ( 'NONE', #1259, #571, #1239, .T. ) ;
#643 = ORIENTED_EDGE ( 'NONE', *, *, #589, .F. ) ;
#644 = DIRECTION ( 'NONE',  ( 0.000000000000000000, 1.232445424105530119E-16, 1.000000000000000000 ) ) ;
#645 = CARTESIAN_POINT ( 'NONE',  ( 0.6000000000002099210, 36.00251399663270035, -80.17607236332720788 ) ) ;
#646 = CARTESIAN_POINT ( 'NONE',  ( 9.000000000000179412, 0.002513996632632629988, -369.0000000000000000 ) ) ;
#647 = CARTESIAN_POINT ( 'NONE',  ( -6.799999999999820410, 61.98136289569848856, -367.0714285714285552 ) ) ;
#648 = VERTEX_POINT ( 'NONE', #845 ) ;
#649 = LINE ( 'NONE', #849, #1177 ) ;
#650 = EDGE_CURVE ( 'NONE', #359, #361, #1129, .T. ) ;
#651 = VERTEX_POINT ( 'NONE', #1396 ) ;
#652 = DIRECTION ( 'NONE',  ( 0.000000000000000000, 0.000000000000000000, -1.000000000000000000 ) ) ;
#653 = CIRCLE ( 'NONE', #47, 1.000000000000000888 ) ;
#654 = EDGE_LOOP ( 'NONE', ( #873, #699, #1087, #1330, #737, #33, #504, #823 ) ) ;
#655 = CARTESIAN_POINT ( 'NONE',  ( -7.799999999999820410, 28.00251399663263285, -98.77607236332720220 ) ) ;
#656 = CARTESIAN_POINT ( 'NONE',  ( -6.799999999999820410, 28.00251399663260088, -342.0000000000000000 ) ) ;
#657 = CARTESIAN_POINT ( 'NONE',  ( -6.799999999999820410, 10.02366509756695478, -367.0714285714285552 ) ) ;
#658 = PRODUCT_DEFINITION_CONTEXT ( 'detailed design', #574, 'design' ) ;
#659 = ORIENTED_EDGE ( 'NONE', *, *, #1181, .F. ) ;
#660 = CARTESIAN_POINT ( 'NONE',  ( -6.799999999999822187, 45.00251399663270035, -98.77607236332720220 ) ) ;
#661 = ORIENTED_EDGE ( 'NONE', *, *, #330, .T. ) ;
#662 = AXIS2_PLACEMENT_3D ( 'NONE', #645, #748, #1382 ) ;
#663 =( NAMED_UNIT ( * ) PLANE_ANGLE_UNIT ( ) SI_UNIT ( $, .RADIAN. ) );
#664 = DIRECTION ( 'NONE',  ( 0.000000000000000000, 0.000000000000000000, 1.000000000000000000 ) ) ;
#665 = CARTESIAN_POINT ( 'NONE',  ( 9.000000000000179412, 72.00251399663279983, -342.0000000000000000 ) ) ;
#666 = ORIENTED_EDGE ( 'NONE', *, *, #1234, .T. ) ;
#667 = CARTESIAN_POINT ( 'NONE',  ( -7.296126087266652682, 5.882755894557280207, -368.3656967934426234 ) ) ;
#668 = EDGE_CURVE ( 'NONE', #1354, #239, #758, .T. ) ;
#669 = VERTEX_POINT ( 'NONE', #989 ) ;
#670 = B_SPLINE_CURVE_WITH_KNOTS ( 'NONE', 3,
 ( #1131, #75, #507, #727 ),
 .UNSPECIFIED., .F., .F.,
 ( 4, 4 ),
 ( 2.366855061353924406E-16, 0.003394112549695658693 ),
 .UNSPECIFIED. ) ;
#671 = DIRECTION ( 'NONE',  ( -0.000000000000000000, -0.000000000000000000, -1.000000000000000000 ) ) ;
#672 = CARTESIAN_POINT ( 'NONE',  ( -7.799999999999820410, 72.00251399663279983, -342.0000000000000000 ) ) ;
#673 = CARTESIAN_POINT ( 'NONE',  ( -8.332105520803214205, 70.31449690186050816, -368.9603753713452647 ) ) ;
#674 = ORIENTED_EDGE ( 'NONE', *, *, #596, .T. ) ;
#675 = CARTESIAN_POINT ( 'NONE',  ( 3.940658617698214350, 45.00251399663270035, -80.17607236332720788 ) ) ;
#676 = AXIS2_PLACEMENT_3D ( 'NONE', #460, #783, #1301 ) ;
#677 = ORIENTED_EDGE ( 'NONE', *, *, #156, .F. ) ;
#678 = EDGE_CURVE ( 'NONE', #648, #72, #316, .T. ) ;
#679 = CYLINDRICAL_SURFACE ( 'NONE', #1150, 27.00000000000002487 ) ;
#680 = DIRECTION ( 'NONE',  ( 1.000000000000000000, 0.000000000000000000, 0.000000000000000000 ) ) ;
#681 = CARTESIAN_POINT ( 'NONE',  ( -7.626701094164634043, 63.53853333600716269, -367.6424437596778603 ) ) ;
#682 = ORIENTED_EDGE ( 'NONE', *, *, #1191, .T. ) ;
#683 = CARTESIAN_POINT ( 'NONE',  ( -7.676031865662137577, 9.264739664859940049, -367.3653783050699531 ) ) ;
#684 = AXIS2_PLACEMENT_3D ( 'NONE', #1076, #337, #118 ) ;
#685 = VERTEX_POINT ( 'NONE', #647 ) ;
#686 = CARTESIAN_POINT ( 'NONE',  ( -7.295940342634605891, 66.12134767257198575, -368.3654797831019323 ) ) ;
#687 = EDGE_CURVE ( 'NONE', #1102, #760, #726, .T. ) ;
#688 = AXIS2_PLACEMENT_3D ( 'NONE', #568, #1207, #680 ) ;
#689 = AXIS2_PLACEMENT_3D ( 'NONE', #1199, #982, #975 ) ;
#690 = DIRECTION ( 'NONE',  ( 1.000000000000000000, 0.000000000000000000, 0.000000000000000000 ) ) ;
#691 = EDGE_CURVE ( 'NONE', #1011, #651, #241, .T. ) ;
#692 = LINE ( 'NONE', #1000, #477 ) ;
#693 = ORIENTED_EDGE ( 'NONE', *, *, #697, .F. ) ;
#694 = CARTESIAN_POINT ( 'NONE',  ( 9.000000000000179412, 39.23361288091344790, -80.17607236332720788 ) ) ;
#695 = ORIENTED_EDGE ( 'NONE', *, *, #1101, .F. ) ;
#696 = CARTESIAN_POINT ( 'NONE',  ( -6.799999999999820410, 61.98136289569849566, -367.0714285714285552 ) ) ;
#697 = EDGE_CURVE ( 'NONE', #627, #40, #1105, .T. ) ;
#698 = DIRECTION ( 'NONE',  ( 0.000000000000000000, 0.000000000000000000, 1.000000000000000000 ) ) ;
#699 = ORIENTED_EDGE ( 'NONE', *, *, #830, .T. ) ;
#700 = CARTESIAN_POINT ( 'NONE',  ( -6.892801794672838156, 8.383120714657765760, -367.6701134547013794 ) ) ;
#701 = VERTEX_POINT ( 'NONE', #545 ) ;
#702 = ORIENTED_EDGE ( 'NONE', *, *, #585, .F. ) ;
#703 = AXIS2_PLACEMENT_3D ( 'NONE', #610, #1367, #291 ) ;
#704 = CARTESIAN_POINT ( 'NONE',  ( -8.799999999999819522, 0.002513996632632629988, -369.0000000000000000 ) ) ;
#705 = VERTEX_POINT ( 'NONE', #951 ) ;
#706 = LINE ( 'NONE', #715, #1138 ) ;
#707 = ADVANCED_FACE ( 'NONE', ( #429 ), #25, .T. ) ;
#708 = VERTEX_POINT ( 'NONE', #1206 ) ;
#709 = CARTESIAN_POINT ( 'NONE',  ( -6.799999999999820410, 44.00251399663270746, -98.77607236332718799 ) ) ;
#710 = AXIS2_PLACEMENT_3D ( 'NONE', #1369, #191, #73 ) ;
#711 = ORIENTED_EDGE ( 'NONE', *, *, #425, .F. ) ;
#712 = PRODUCT ( 'Stand stem modif', 'Stand stem modif', '', ( #35 ) ) ;
#713 = PLANE ( 'NONE',  #819 ) ;
#714 = ORIENTED_EDGE ( 'NONE', *, *, #1118, .F. ) ;
#715 = CARTESIAN_POINT ( 'NONE',  ( 9.000000000000179412, 27.00251399663260088, -342.0000000000000000 ) ) ;
#716 = VECTOR ( 'NONE', #193, 1000.000000000000000 ) ;
#717 = ORIENTED_EDGE ( 'NONE', *, *, #1067, .F. ) ;
#718 = CARTESIAN_POINT ( 'NONE',  ( 0.6000000000002099210, 36.00251399663270035, -80.17607236332720788 ) ) ;
#719 = ORIENTED_EDGE ( 'NONE', *, *, #874, .F. ) ;
#720 = DIRECTION ( 'NONE',  ( 0.000000000000000000, 0.000000000000000000, 1.000000000000000000 ) ) ;
#721 = FACE_OUTER_BOUND ( 'NONE', #1140, .T. ) ;
#722 = DIRECTION ( 'NONE',  ( -1.000000000000000000, 0.000000000000000000, 0.000000000000000000 ) ) ;
#723 = VERTEX_POINT ( 'NONE', #1311 ) ;
#724 = DIRECTION ( 'NONE',  ( -1.000000000000000000, 0.000000000000000000, 0.000000000000000000 ) ) ;
#725 = CARTESIAN_POINT ( 'NONE',  ( 9.000000000000179412, 31.81704711214074877, -80.55235280579472601 ) ) ;
#726 = CIRCLE ( 'NONE', #200, 9.600000000000001421 ) ;
#727 = CARTESIAN_POINT ( 'NONE',  ( 3.940658617698214350, 45.00251399663270035, -80.77607236332721641 ) ) ;
#728 = CARTESIAN_POINT ( 'NONE',  ( 9.000000000000179412, 72.60251399663269467, -370.0000000000000000 ) ) ;
#729 = VECTOR ( 'NONE', #838, 1000.000000000000000 ) ;
#730 = ORIENTED_EDGE ( 'NONE', *, *, #642, .T. ) ;
#731 = DIRECTION ( 'NONE',  ( 0.000000000000000000, 0.000000000000000000, 1.000000000000000000 ) ) ;
#732 = EDGE_CURVE ( 'NONE', #943, #328, #1166, .T. ) ;
#733 = CARTESIAN_POINT ( 'NONE',  ( -8.999999999999818812, -0.5974860033672868553, -381.0000000000000000 ) ) ;
#734 = DIRECTION ( 'NONE',  ( 0.000000000000000000, 0.000000000000000000, 1.000000000000000000 ) ) ;
#735 = AXIS2_PLACEMENT_3D ( 'NONE', #374, #801, #910 ) ;
#736 = CARTESIAN_POINT ( 'NONE',  ( -8.799999999999819522, 72.60251399663269467, -368.0000000000000000 ) ) ;
#737 = ORIENTED_EDGE ( 'NONE', *, *, #320, .F. ) ;
#738 = CARTESIAN_POINT ( 'NONE',  ( 9.000000000000179412, 32.77141511235189597, -80.17607236332720788 ) ) ;
#739 = EDGE_CURVE ( 'NONE', #1184, #131, #90, .T. ) ;
#740 = B_SPLINE_CURVE_WITH_KNOTS ( 'NONE', 3,
 ( #657, #333, #234, #534, #547, #205, #526, #95, #752, #107, #862, #957 ),
 .UNSPECIFIED., .F., .F.,
 ( 4, 2, 2, 2, 2, 4 ),
 ( 0.000000000000000000, 0.002617987219293625798, 0.005235974438587251596, 0.007853961657880877828, 0.009162955267527696582, 0.01047194887717451707 ),
 .UNSPECIFIED. ) ;
#741 = CARTESIAN_POINT ( 'NONE',  ( 9.000000000000179412, 12.00251399663262042, -393.0000000000000000 ) ) ;
#742 = CARTESIAN_POINT ( 'NONE',  ( -6.799999999999822187, 72.00251399663279983, -342.0000000000000000 ) ) ;
#743 = EDGE_LOOP ( 'NONE', ( #408, #449, #1322, #1397 ) ) ;
#744 = CARTESIAN_POINT ( 'NONE',  ( 3.940658617698214350, 45.00251399663270035, -98.77607236332720220 ) ) ;
#745 = VECTOR ( 'NONE', #154, 1000.000000000000000 ) ;
#746 = CARTESIAN_POINT ( 'NONE',  ( -7.966849328069458558, 6.943303187287232170, -368.5705173845736908 ) ) ;
#747 = EDGE_CURVE ( 'NONE', #907, #484, #338, .T. ) ;
#748 = DIRECTION ( 'NONE',  ( 0.000000000000000000, 0.000000000000000000, -1.000000000000000000 ) ) ;
#749 = CIRCLE ( 'NONE', #140, 1.000000000000000000 ) ;
#750 = DIRECTION ( 'NONE',  ( 0.000000000000000000, -1.000000000000000000, 0.000000000000000000 ) ) ;
#751 = VERTEX_POINT ( 'NONE', #1189 ) ;
#752 = CARTESIAN_POINT ( 'NONE',  ( -8.334651368285625139, 1.690589223982147393, -368.9504838194555987 ) ) ;
#753 = DIRECTION ( 'NONE',  ( 0.000000000000000000, 0.7241379310344799869, -0.6896551724137961470 ) ) ;
#754 = CIRCLE ( 'NONE', #689, 9.600000000000139977 ) ;
#755 = MANIFOLD_SOLID_BREP ( 'Body1[1]', #209 ) ;
#756 = DIRECTION ( 'NONE',  ( 0.000000000000000000, -1.000000000000000000, 0.000000000000000000 ) ) ;
#757 = AXIS2_PLACEMENT_3D ( 'NONE', #86, #1051, #817 ) ;
#758 = LINE ( 'NONE', #443, #856 ) ;
#759 = B_SPLINE_CURVE_WITH_KNOTS ( 'NONE', 2,
 ( #132, #1341, #159 ),
 .UNSPECIFIED., .F., .F.,
 ( 3, 3 ),
 ( 0.009025131178422421407, 0.1289017501192669946 ),
 .UNSPECIFIED. ) ;
#760 = VERTEX_POINT ( 'NONE', #869 ) ;
#761 = CARTESIAN_POINT ( 'NONE',  ( 9.000000000000179412, 72.60251399663269467, -381.0000000000000000 ) ) ;
#762 = UNCERTAINTY_MEASURE_WITH_UNIT (LENGTH_MEASURE( 1.000000000000000082E-05 ), #981, 'distance_accuracy_value', 'NONE');
#763 = ORIENTED_EDGE ( 'NONE', *, *, #1040, .F. ) ;
#764 = DIRECTION ( 'NONE',  ( -0.000000000000000000, -0.000000000000000000, -1.000000000000000000 ) ) ;
#765 = ORIENTED_EDGE ( 'NONE', *, *, #979, .T. ) ;
#766 = CARTESIAN_POINT ( 'NONE',  ( 8.000000000000181188, 0.002513996632632629988, -370.0000000000000568 ) ) ;
#767 = CARTESIAN_POINT ( 'NONE',  ( 9.000000000000179412, 44.00251399663270035, -98.77607236332720220 ) ) ;
#768 = EDGE_CURVE ( 'NONE', #1026, #685, #183, .T. ) ;
#769 = DIRECTION ( 'NONE',  ( 0.000000000000000000, 1.000000000000000000, 0.000000000000000000 ) ) ;
#770 = EDGE_CURVE ( 'NONE', #980, #705, #1319, .T. ) ;
#771 = ORIENTED_EDGE ( 'NONE', *, *, #997, .F. ) ;
#772 = CARTESIAN_POINT ( 'NONE',  ( -8.999999999999818812, 72.60251399663269467, -381.0000000000000000 ) ) ;
#773 = ORIENTED_EDGE ( 'NONE', *, *, #88, .T. ) ;
#774 = CONICAL_SURFACE ( 'NONE', #953, 9.000000000000000000, 1.047197551196598297 ) ;
#775 = DIRECTION ( 'NONE',  ( 0.000000000000000000, 0.7241379310344799869, -0.6896551724137961470 ) ) ;
#776 = LINE ( 'NONE', #1398, #865 ) ;
#777 = EDGE_CURVE ( 'NONE', #456, #282, #1326, .T. ) ;
#778 = FACE_OUTER_BOUND ( 'NONE', #1135, .T. ) ;
#779 = EDGE_LOOP ( 'NONE', ( #1299, #914, #104, #551 ) ) ;
#780 = DIRECTION ( 'NONE',  ( -0.000000000000000000, 1.000000000000000000, -0.000000000000000000 ) ) ;
#781 = ORIENTED_EDGE ( 'NONE', *, *, #1144, .F. ) ;
#782 = DIRECTION ( 'NONE',  ( 0.000000000000000000, 0.000000000000000000, -1.000000000000000000 ) ) ;
#783 = DIRECTION ( 'NONE',  ( 0.000000000000000000, 2.738767609123399819E-17, 1.000000000000000000 ) ) ;
#784 = CARTESIAN_POINT ( 'NONE',  ( 9.000000000000179412, 27.00251399663260088, -98.77607236332720220 ) ) ;
#785 = CARTESIAN_POINT ( 'NONE',  ( -7.622814824108025356, 63.94666609164319482, -367.7740625278587459 ) ) ;
#786 = ORIENTED_EDGE ( 'NONE', *, *, #604, .T. ) ;
#787 = DIRECTION ( 'NONE',  ( 0.000000000000000000, 1.000000000000000000, -0.000000000000000000 ) ) ;
#788 = ADVANCED_FACE ( 'NONE', ( #44 ), #679, .F. ) ;
#789 = ORIENTED_EDGE ( 'NONE', *, *, #1191, .F. ) ;
#790 = PLANE ( 'NONE',  #1263 ) ;
#791 = CYLINDRICAL_SURFACE ( 'NONE', #735, 9.600000000000139977 ) ;
#792 = CARTESIAN_POINT ( 'NONE',  ( -8.239903162939279824, 67.66263682556865433, -368.8378428351230696 ) ) ;
#793 = ORIENTED_EDGE ( 'NONE', *, *, #1052, .T. ) ;
#794 = CARTESIAN_POINT ( 'NONE',  ( -8.799999999999819522, 72.00251399663279983, -369.0000000000000000 ) ) ;
#795 = ADVANCED_FACE ( 'NONE', ( #36 ), #790, .T. ) ;
#796 = VECTOR ( 'NONE', #348, 1000.000000000000000 ) ;
#797 = ORIENTED_EDGE ( 'NONE', *, *, #770, .T. ) ;
#798 = EDGE_CURVE ( 'NONE', #1392, #685, #966, .T. ) ;
#799 = CARTESIAN_POINT ( 'NONE',  ( -7.724371598783645432, 62.34626985948732170, -367.2172833569656518 ) ) ;
#800 = VECTOR ( 'NONE', #834, 1000.000000000000000 ) ;
#801 = DIRECTION ( 'NONE',  ( -0.000000000000000000, -0.000000000000000000, -1.000000000000000000 ) ) ;
#802 = CARTESIAN_POINT ( 'NONE',  ( -7.846400897755460235, 63.31151443718773209, -368.3104291986495582 ) ) ;
#803 = EDGE_LOOP ( 'NONE', ( #1038, #1233, #176, #459 ) ) ;
#804 = CARTESIAN_POINT ( 'NONE',  ( -8.237458635768804882, 4.362958741803840468, -368.8362621298656450 ) ) ;
#805 = AXIS2_PLACEMENT_3D ( 'NONE', #537, #652, #1163 ) ;
#806 = AXIS2_PLACEMENT_3D ( 'NONE', #766, #750, #967 ) ;
#807 = EDGE_LOOP ( 'NONE', ( #326, #230, #186, #15, #974 ) ) ;
#808 = DIRECTION ( 'NONE',  ( 0.000000000000000000, -1.000000000000000000, 0.000000000000000000 ) ) ;
#809 = EDGE_CURVE ( 'NONE', #466, #968, #265, .T. ) ;
#810 = CARTESIAN_POINT ( 'NONE',  ( -7.128523396325779693, 65.28086046173932289, -368.1642446561306201 ) ) ;
#811 = ORIENTED_EDGE ( 'NONE', *, *, #585, .T. ) ;
#812 = CARTESIAN_POINT ( 'NONE',  ( -7.626701094165965422, 8.466494657256330214, -367.6424437596656958 ) ) ;
#813 = ORIENTED_EDGE ( 'NONE', *, *, #1181, .T. ) ;
#814 = ADVANCED_FACE ( 'NONE', ( #161 ), #530, .T. ) ;
#815 = CARTESIAN_POINT ( 'NONE',  ( -8.999999999999818812, 72.60251399663269467, -381.0000000000000000 ) ) ;
#816 = EDGE_LOOP ( 'NONE', ( #1334, #403, #590, #481 ) ) ;
#817 = DIRECTION ( 'NONE',  ( 0.000000000000000000, 0.000000000000000000, 1.000000000000000000 ) ) ;
#818 = ORIENTED_EDGE ( 'NONE', *, *, #1200, .F. ) ;
#819 = AXIS2_PLACEMENT_3D ( 'NONE', #815, #1027, #1139 ) ;
#820 = LINE ( 'NONE', #181, #842 ) ;
#821 = ORIENTED_EDGE ( 'NONE', *, *, #739, .F. ) ;
#822 = DIRECTION ( 'NONE',  ( 0.000000000000000000, 0.000000000000000000, 1.000000000000000000 ) ) ;
#823 = ORIENTED_EDGE ( 'NONE', *, *, #1378, .T. ) ;
#824 = CARTESIAN_POINT ( 'NONE',  ( -7.799999999999614353, 31.35493398118386565, -80.17607236332720788 ) ) ;
#825 = TOROIDAL_SURFACE ( 'NONE', #684, 28.00000000000000000, 1.000000000000000000 ) ;
#826 = CARTESIAN_POINT ( 'NONE',  ( 0.5999999999999694467, 36.00251399663235929, -80.77607236332721641 ) ) ;
#827 = FACE_OUTER_BOUND ( 'NONE', #803, .T. ) ;
#828 = CARTESIAN_POINT ( 'NONE',  ( -6.799999999999820410, 10.02366509756695478, -367.0714285714285552 ) ) ;
#829 = AXIS2_PLACEMENT_3D ( 'NONE', #77, #290, #1035 ) ;
#830 = EDGE_CURVE ( 'NONE', #361, #1340, #902, .T. ) ;
#831 = B_SPLINE_CURVE_WITH_KNOTS ( 'NONE', 3,
 ( #379, #588, #1016, #1216 ),
 .UNSPECIFIED., .F., .F.,
 ( 4, 4 ),
 ( 4.336808689942017736E-18, 0.003394112549695179476 ),
 .UNSPECIFIED. ) ;
#832 = DIRECTION ( 'NONE',  ( 0.000000000000000000, 0.000000000000000000, 1.000000000000000000 ) ) ;
#833 = EDGE_LOOP ( 'NONE', ( #150, #436, #1356, #160, #793 ) ) ;
#834 = DIRECTION ( 'NONE',  ( -0.000000000000000000, -1.232445424105530119E-16, -1.000000000000000000 ) ) ;
#835 = DIRECTION ( 'NONE',  ( 0.000000000000000000, 0.000000000000000000, -1.000000000000000000 ) ) ;
#836 = CARTESIAN_POINT ( 'NONE',  ( -1.564617092751810157, 37.72226412711750498, -76.57607236332721357 ) ) ;
#837 = EDGE_CURVE ( 'NONE', #54, #466, #12, .T. ) ;
#838 = DIRECTION ( 'NONE',  ( 0.000000000000000000, 1.000000000000000000, 0.000000000000000000 ) ) ;
#839 = AXIS2_PLACEMENT_3D ( 'NONE', #665, #366, #698 ) ;
#840 = DIRECTION ( 'NONE',  ( 0.000000000000000000, 1.000000000000000000, 0.000000000000000000 ) ) ;
#841 = DIRECTION ( 'NONE',  ( 0.000000000000000000, -2.738767609123399819E-17, -1.000000000000000000 ) ) ;
#842 = VECTOR ( 'NONE', #1033, 1000.000000000000000 ) ;
#843 = DIRECTION ( 'NONE',  ( 0.000000000000000000, -1.000000000000000000, 0.000000000000000000 ) ) ;
#844 = ORIENTED_EDGE ( 'NONE', *, *, #1384, .T. ) ;
#845 = CARTESIAN_POINT ( 'NONE',  ( 9.000000000000191847, 40.65009401208165940, -98.77607236332720220 ) ) ;
#846 = DIRECTION ( 'NONE',  ( 0.000000000000000000, 0.000000000000000000, 1.000000000000000000 ) ) ;
#847 = CYLINDRICAL_SURFACE ( 'NONE', #299, 1.000000000000000888 ) ;
#848 = ORIENTED_EDGE ( 'NONE', *, *, #777, .F. ) ;
#849 = CARTESIAN_POINT ( 'NONE',  ( 9.000000000000179412, 45.00251399663270035, -98.77607236332720220 ) ) ;
#850 = EDGE_CURVE ( 'NONE', #1252, #256, #692, .T. ) ;
#851 = CARTESIAN_POINT ( 'NONE',  ( -8.334572289912772547, 3.475694584800294695, -368.9198548820666588 ) ) ;
#852 = CYLINDRICAL_SURFACE ( 'NONE', #1287, 9.600000000000001421 ) ;
#853 = DIRECTION ( 'NONE',  ( 1.000000000000000000, 3.614007241618201648E-15, 0.000000000000000000 ) ) ;
#854 = ORIENTED_EDGE ( 'NONE', *, *, #99, .T. ) ;
#855 = FACE_OUTER_BOUND ( 'NONE', #324, .T. ) ;
#856 = VECTOR ( 'NONE', #225, 1000.000000000000000 ) ;
#857 = CARTESIAN_POINT ( 'NONE',  ( 8.000000000000181188, 27.00251399663263285, -98.77607236332718799 ) ) ;
#858 = EDGE_CURVE ( 'NONE', #705, #262, #653, .T. ) ;
#859 = DIRECTION ( 'NONE',  ( -1.000000000000000000, 0.000000000000000000, 0.000000000000000000 ) ) ;
#860 = DIRECTION ( 'NONE',  ( -1.000000000000000000, 0.000000000000000000, 0.000000000000000000 ) ) ;
#861 = ORIENTED_EDGE ( 'NONE', *, *, #114, .T. ) ;
#862 = CARTESIAN_POINT ( 'NONE',  ( -8.683460104573063276, 0.4229939991134178956, -369.0000000000001137 ) ) ;
#863 = DIRECTION ( 'NONE',  ( 0.000000000000000000, -0.6896551724137961470, -0.7241379310344799869 ) ) ;
#864 = CIRCLE ( 'NONE', #917, 28.00000000000002487 ) ;
#865 = VECTOR ( 'NONE', #1078, 1000.000000000000000 ) ;
#866 = EDGE_CURVE ( 'NONE', #1026, #1392, #1058, .T. ) ;
#867 = ORIENTED_EDGE ( 'NONE', *, *, #922, .F. ) ;
#868 =( LENGTH_UNIT ( ) NAMED_UNIT ( * ) SI_UNIT ( .MILLI., .METRE. ) );
#869 = CARTESIAN_POINT ( 'NONE',  ( -7.799999999999819522, 40.65009401208154571, -98.77607236332720220 ) ) ;
#870 = DIRECTION ( 'NONE',  ( 0.000000000000000000, 0.000000000000000000, 1.000000000000000000 ) ) ;
#871 = ORIENTED_EDGE ( 'NONE', *, *, #490, .F. ) ;
#872 = PLANE ( 'NONE',  #1098 ) ;
#873 = ORIENTED_EDGE ( 'NONE', *, *, #650, .T. ) ;
#874 = EDGE_CURVE ( 'NONE', #968, #980, #448, .T. ) ;
#875 = CARTESIAN_POINT ( 'NONE',  ( 0.5999999999999694467, 36.00251399663235929, -98.77607236332720220 ) ) ;
#876 = EDGE_CURVE ( 'NONE', #1026, #708, #46, .T. ) ;
#877 = LINE ( 'NONE', #112, #1114 ) ;
#878 = LINE ( 'NONE', #1303, #1238 ) ;
#879 = VERTEX_POINT ( 'NONE', #911 ) ;
#880 = CARTESIAN_POINT ( 'NONE',  ( -7.743802282317604480, 5.991446453075009337, -368.3423687450348893 ) ) ;
#881 = ORIENTED_EDGE ( 'NONE', *, *, #956, .T. ) ;
#882 = CARTESIAN_POINT ( 'NONE',  ( 8.000000000000181188, 0.002513996632632629988, -369.0000000000000000 ) ) ;
#883 = CIRCLE ( 'NONE', #1064, 9.000000000000000000 ) ;
#884 = SURFACE_SIDE_STYLE ('',( #233 ) ) ;
#885 = DIRECTION ( 'NONE',  ( 1.000000000000000000, 0.000000000000000000, 0.000000000000000000 ) ) ;
#886 = EDGE_CURVE ( 'NONE', #1102, #239, #878, .T. ) ;
#887 = AXIS2_PLACEMENT_3D ( 'NONE', #826, #16, #853 ) ;
#888 = CARTESIAN_POINT ( 'NONE',  ( 8.000000000000181188, 44.00251399663270035, -98.77607236332720220 ) ) ;
#889 = ORIENTED_EDGE ( 'NONE', *, *, #1157, .F. ) ;
#890 = CARTESIAN_POINT ( 'NONE',  ( -7.964261698630995312, 6.973117662471870482, -368.5666453770407998 ) ) ;
#891 = ORIENTED_EDGE ( 'NONE', *, *, #227, .F. ) ;
#892 = DIRECTION ( 'NONE',  ( -0.000000000000000000, 1.000000000000000000, -0.000000000000000000 ) ) ;
#893 = VECTOR ( 'NONE', #32, 1000.000000000000000 ) ;
#894 = CARTESIAN_POINT ( 'NONE',  ( 0.6000000000002099210, 36.00251399663270035, -80.17607236332720788 ) ) ;
#895 = EDGE_CURVE ( 'NONE', #328, #701, #1242, .T. ) ;
#896 = DIRECTION ( 'NONE',  ( 0.000000000000000000, 0.000000000000000000, 1.000000000000000000 ) ) ;
#897 = ORIENTED_EDGE ( 'NONE', *, *, #1157, .T. ) ;
#898 = CARTESIAN_POINT ( 'NONE',  ( -7.799999999999820410, 10.39481884204599815, -368.0000000000000000 ) ) ;
#899 = ADVANCED_FACE ( 'NONE', ( #778 ), #1371, .T. ) ;
#900 = ORIENTED_EDGE ( 'NONE', *, *, #532, .T. ) ;
#901 = DIRECTION ( 'NONE',  ( 0.000000000000000000, 1.232445424105530119E-16, 1.000000000000000000 ) ) ;
#902 = LINE ( 'NONE', #455, #1192 ) ;
#903 = EDGE_LOOP ( 'NONE', ( #210, #563, #1112, #245, #950, #1001, #717, #602, #1290, #1161, #388, #1357 ) ) ;
#904 = CARTESIAN_POINT ( 'NONE',  ( -6.943484916795860329, 7.969960016725343266, -367.8012961900009827 ) ) ;
#905 = EDGE_CURVE ( 'NONE', #669, #580, #670, .T. ) ;
#906 = VECTOR ( 'NONE', #111, 1000.000000000000000 ) ;
#907 = VERTEX_POINT ( 'NONE', #939 ) ;
#908 = CARTESIAN_POINT ( 'NONE',  ( -6.799999999999821299, 62.79840089055739583, -367.3980019526923684 ) ) ;
#909 = CIRCLE ( 'NONE', #1306, 27.00000000000002487 ) ;
#910 = DIRECTION ( 'NONE',  ( -1.000000000000000000, 0.000000000000000000, 0.000000000000000000 ) ) ;
#911 = CARTESIAN_POINT ( 'NONE',  ( 9.000000000000179412, 31.35493398118374841, -80.77607236332725904 ) ) ;
#912 = ORIENTED_EDGE ( 'NONE', *, *, #1332, .T. ) ;
#913 = CARTESIAN_POINT ( 'NONE',  ( -8.447242064327763700, 1.731310274050526399, -368.9579500325305617 ) ) ;
#914 = ORIENTED_EDGE ( 'NONE', *, *, #330, .F. ) ;
#915 = ADVANCED_FACE ( 'NONE', ( #302 ), #713, .T. ) ;
#916 = PRODUCT_DEFINITION_SHAPE ( 'NONE', 'NONE',  #414 ) ;
#917 = AXIS2_PLACEMENT_3D ( 'NONE', #672, #461, #259 ) ;
#918 = DIRECTION ( 'NONE',  ( 1.000000000000000000, 0.000000000000000000, 0.000000000000000000 ) ) ;
#919 = ORIENTED_EDGE ( 'NONE', *, *, #625, .F. ) ;
#920 = FACE_OUTER_BOUND ( 'NONE', #1034, .T. ) ;
#921 = VERTEX_POINT ( 'NONE', #1235 ) ;
#922 = EDGE_CURVE ( 'NONE', #546, #1102, #1050, .T. ) ;
#923 = DIRECTION ( 'NONE',  ( 0.000000000000000000, -0.000000000000000000, 1.000000000000000000 ) ) ;
#924 = VERTEX_POINT ( 'NONE', #704 ) ;
#925 = LINE ( 'NONE', #1148, #102 ) ;
#926 = ORIENTED_EDGE ( 'NONE', *, *, #87, .T. ) ;
#927 = DIRECTION ( 'NONE',  ( 6.443258625056720630E-15, -0.9285714285714298244, -0.3711537444790424245 ) ) ;
#928 = CIRCLE ( 'NONE', #70, 9.600000000000159517 ) ;
#929 = ORIENTED_EDGE ( 'NONE', *, *, #1128, .T. ) ;
#930 = LINE ( 'NONE', #611, #1361 ) ;
#931 = ADVANCED_FACE ( 'NONE', ( #721 ), #1244, .T. ) ;
#932 = DIRECTION ( 'NONE',  ( -0.4999999999999998890, 0.000000000000000000, 0.8660254037844387076 ) ) ;
#933 = CARTESIAN_POINT ( 'NONE',  ( -7.799999999999820410, 36.00251399663265062, -245.8880361816634945 ) ) ;
#934 = EDGE_LOOP ( 'NONE', ( #1245, #167, #127, #158 ) ) ;
#935 = DIRECTION ( 'NONE',  ( -1.000000000000000000, 0.000000000000000000, 0.000000000000000000 ) ) ;
#936 = ORIENTED_EDGE ( 'NONE', *, *, #194, .F. ) ;
#937 = FACE_OUTER_BOUND ( 'NONE', #807, .T. ) ;
#938 = CIRCLE ( 'NONE', #1071, 9.000000000000000000 ) ;
#939 = CARTESIAN_POINT ( 'NONE',  ( -8.999999999999818812, -0.5974860033672868553, -381.0000000000000000 ) ) ;
#940 = PLANE ( 'NONE',  #1254 ) ;
#941 = ADVANCED_FACE ( 'NONE', ( #827 ), #593, .T. ) ;
#942 = VECTOR ( 'NONE', #780, 1000.000000000000000 ) ;
#943 = VERTEX_POINT ( 'NONE', #272 ) ;
#944 = DIRECTION ( 'NONE',  ( 1.000000000000000000, 0.000000000000000000, 0.000000000000000000 ) ) ;
#945 = CARTESIAN_POINT ( 'NONE',  ( 9.000000000000179412, -0.5974860033672868553, -370.0000000000000000 ) ) ;
#946 = CARTESIAN_POINT ( 'NONE',  ( -6.799999999999822187, 0.002513996632655945106, -342.0000000000000000 ) ) ;
#947 = EDGE_CURVE ( 'NONE', #1009, #287, #615, .T. ) ;
#948 = CARTESIAN_POINT ( 'NONE',  ( -6.799999999999820410, 28.00251399663261509, -245.8880361816634945 ) ) ;
#949 = VERTEX_POINT ( 'NONE', #1261 ) ;
#950 = ORIENTED_EDGE ( 'NONE', *, *, #156, .T. ) ;
#951 = CARTESIAN_POINT ( 'NONE',  ( 9.000000000000179412, 44.00251399663270035, -98.77607236332720220 ) ) ;
#952 = CARTESIAN_POINT ( 'NONE',  ( -7.799999999999820410, 10.39481884204599815, -368.0000000000000000 ) ) ;
#953 = AXIS2_PLACEMENT_3D ( 'NONE', #53, #1346, #603 ) ;
#954 = CARTESIAN_POINT ( 'NONE',  ( -7.799999999999614353, 31.35493398118386565, -80.77607236332710272 ) ) ;
#955 = DIRECTION ( 'NONE',  ( 1.000000000000000000, -0.000000000000000000, -0.000000000000000000 ) ) ;
#956 = EDGE_CURVE ( 'NONE', #571, #1350, #228, .T. ) ;
#957 = CARTESIAN_POINT ( 'NONE',  ( -8.799999999999819522, 0.002513996632632629988, -369.0000000000000000 ) ) ;
#958 = CARTESIAN_POINT ( 'NONE',  ( -6.799999999999822187, 27.00251399663260088, -342.0000000000000000 ) ) ;
#959 = DIRECTION ( 'NONE',  ( -0.000000000000000000, 0.7241379310344798759, 0.6896551724137962580 ) ) ;
#960 = AXIS2_PLACEMENT_3D ( 'NONE', #398, #841, #1237 ) ;
#961 = CARTESIAN_POINT ( 'NONE',  ( -2.740658617697536936, 27.00251399663260088, -98.77607236332720220 ) ) ;
#962 = ORIENTED_EDGE ( 'NONE', *, *, #1391, .T. ) ;
#963 = CARTESIAN_POINT ( 'NONE',  ( 0.6000000000002099210, 36.00251399663270035, -80.17607236332720788 ) ) ;
#964 = DIRECTION ( 'NONE',  ( -1.000000000000000000, 0.000000000000000000, 0.000000000000000000 ) ) ;
#965 = LINE ( 'NONE', #971, #258 ) ;
#966 = B_SPLINE_CURVE_WITH_KNOTS ( 'NONE', 3,
 ( #372, #476, #583, #362, #250, #686, #1012, #1226, #908, #1335 ),
 .UNSPECIFIED., .F., .F.,
 ( 4, 2, 2, 2, 4 ),
 ( -3.286371298239020266E-05, 0.002596410867141890795, 0.005225685447266171894, 0.007854960027390453861, 0.01048423460751473496 ),
 .UNSPECIFIED. ) ;
#967 = DIRECTION ( 'NONE',  ( 0.000000000000000000, 0.000000000000000000, -1.000000000000000000 ) ) ;
#968 = VERTEX_POINT ( 'NONE', #1147 ) ;
#969 = DIRECTION ( 'NONE',  ( -1.000000000000000000, 0.000000000000000000, 0.000000000000000000 ) ) ;
#970 = AXIS2_PLACEMENT_3D ( 'NONE', #1055, #451, #331 ) ;
#971 = CARTESIAN_POINT ( 'NONE',  ( 9.000000000000179412, 72.00251399663279983, -369.0000000000000000 ) ) ;
#972 = AXIS2_PLACEMENT_3D ( 'NONE', #1358, #503, #393 ) ;
#973 = DIRECTION ( 'NONE',  ( -0.000000000000000000, -0.000000000000000000, 1.000000000000000000 ) ) ;
#974 = ORIENTED_EDGE ( 'NONE', *, *, #490, .T. ) ;
#975 = DIRECTION ( 'NONE',  ( 1.000000000000000000, 7.228014483236591045E-16, 0.000000000000000000 ) ) ;
#976 = ORIENTED_EDGE ( 'NONE', *, *, #640, .T. ) ;
#977 = EDGE_CURVE ( 'NONE', #1175, #54, #296, .T. ) ;
#978 = PLANE ( 'NONE',  #491 ) ;
#979 = EDGE_CURVE ( 'NONE', #262, #539, #820, .T. ) ;
#980 = VERTEX_POINT ( 'NONE', #189 ) ;
#981 =( LENGTH_UNIT ( ) NAMED_UNIT ( * ) SI_UNIT ( .MILLI., .METRE. ) );
#982 = DIRECTION ( 'NONE',  ( 0.000000000000000000, 0.000000000000000000, -1.000000000000000000 ) ) ;
#983 = CARTESIAN_POINT ( 'NONE',  ( -8.799999999999819522, 72.00251399663279983, -369.0000000000000000 ) ) ;
#984 = ORIENTED_EDGE ( 'NONE', *, *, #532, .F. ) ;
#985 = CARTESIAN_POINT ( 'NONE',  ( -7.674917271189483081, 4.207228572311843884, -368.6842198221895046 ) ) ;
#986 = ORIENTED_EDGE ( 'NONE', *, *, #977, .T. ) ;
#987 = CARTESIAN_POINT ( 'NONE',  ( -7.799999999999819522, 40.65009401208154571, -80.17607236332720788 ) ) ;
#988 = ADVANCED_FACE ( 'NONE', ( #620 ), #410, .T. ) ;
#989 = CARTESIAN_POINT ( 'NONE',  ( 0.6000000000002099210, 45.00251399663270035, -80.17607236332720788 ) ) ;
#990 = CARTESIAN_POINT ( 'NONE',  ( 9.000000000000191847, 40.65009401208165940, -80.77607236332721641 ) ) ;
#991 = CARTESIAN_POINT ( 'NONE',  ( -7.871742458163917711, 63.73997738320741036, -368.3784498764022146 ) ) ;
#992 = ORIENTED_EDGE ( 'NONE', *, *, #858, .F. ) ;
#993 = CARTESIAN_POINT ( 'NONE',  ( -8.332105520799300891, 1.690531091414840592, -368.9603753713442984 ) ) ;
#994 = ORIENTED_EDGE ( 'NONE', *, *, #1227, .F. ) ;
#995 = AXIS2_PLACEMENT_3D ( 'NONE', #718, #832, #724 ) ;
#996 = DIRECTION ( 'NONE',  ( -1.000000000000000000, 0.000000000000000000, 0.000000000000000000 ) ) ;
#997 = EDGE_CURVE ( 'NONE', #464, #546, #1195, .T. ) ;
#998 = DIRECTION ( 'NONE',  ( 0.000000000000000000, 0.000000000000000000, 1.000000000000000000 ) ) ;
#999 = CIRCLE ( 'NONE', #458, 28.00000000000002487 ) ;
#1000 = CARTESIAN_POINT ( 'NONE',  ( -7.799999999999820410, 44.00251399663270035, -245.8880361816634945 ) ) ;
#1001 = ORIENTED_EDGE ( 'NONE', *, *, #227, .T. ) ;
#1002 = DIRECTION ( 'NONE',  ( -0.000000000000000000, -0.000000000000000000, -1.000000000000000000 ) ) ;
#1003 = CIRCLE ( 'NONE', #81, 27.00000000000002487 ) ;
#1004 = ORIENTED_EDGE ( 'NONE', *, *, #407, .F. ) ;
#1005 = CARTESIAN_POINT ( 'NONE',  ( 9.000000000000179412, 72.00251399663279983, -393.0000000000000000 ) ) ;
#1006 = AXIS2_PLACEMENT_3D ( 'NONE', #283, #614, #411 ) ;
#1007 = CARTESIAN_POINT ( 'NONE',  ( -8.999999999999818812, 0.000000000000000000, 0.000000000000000000 ) ) ;
#1008 = CARTESIAN_POINT ( 'NONE',  ( -8.567759728794007046, 70.26484050330459752, -368.9798061818731867 ) ) ;
#1009 = VERTEX_POINT ( 'NONE', #1041 ) ;
#1010 = CARTESIAN_POINT ( 'NONE',  ( -6.800000003108674917, 9.615424780780848835, -367.2346038722835146 ) ) ;
#1011 = VERTEX_POINT ( 'NONE', #945 ) ;
#1012 = CARTESIAN_POINT ( 'NONE',  ( -7.128505749746630649, 65.28070133862236446, -368.1641923048074432 ) ) ;
#1013 = CARTESIAN_POINT ( 'NONE',  ( -7.799999999999820410, 28.00251399663261509, -245.8880361816634945 ) ) ;
#1014 = DIRECTION ( 'NONE',  ( 1.000000000000000000, 0.000000000000000000, 0.000000000000000000 ) ) ;
#1015 = ORIENTED_EDGE ( 'NONE', *, *, #768, .F. ) ;
#1016 = CARTESIAN_POINT ( 'NONE',  ( 1.749473932971347123, 27.00251399663263285, -80.17607236332725051 ) ) ;
#1017 = EDGE_CURVE ( 'NONE', #282, #1385, #276, .T. ) ;
#1018 = AXIS2_PLACEMENT_3D ( 'NONE', #875, #1158, #996 ) ;
#1019 = EDGE_LOOP ( 'NONE', ( #702, #821, #277, #1215 ) ) ;
#1020 = AXIS2_PLACEMENT_3D ( 'NONE', #85, #599, #1126 ) ;
#1021 = FACE_OUTER_BOUND ( 'NONE', #169, .T. ) ;
#1022 = ORIENTED_EDGE ( 'NONE', *, *, #1324, .F. ) ;
#1023 = DIRECTION ( 'NONE',  ( -0.000000000000000000, 1.000000000000000000, 0.000000000000000000 ) ) ;
#1024 = EDGE_LOOP ( 'NONE', ( #1196, #509, #254, #300, #818, #1043 ) ) ;
#1025 = ADVANCED_FACE ( 'NONE', ( #1021 ), #774, .T. ) ;
#1026 = VERTEX_POINT ( 'NONE', #512 ) ;
#1027 = DIRECTION ( 'NONE',  ( 0.000000000000000000, 0.6896551724137961470, -0.7241379310344798759 ) ) ;
#1028 = ORIENTED_EDGE ( 'NONE', *, *, #1067, .T. ) ;
#1029 = CARTESIAN_POINT ( 'NONE',  ( -8.799999999999819522, 0.002513996632655945106, -369.0000000000000000 ) ) ;
#1030 = ORIENTED_EDGE ( 'NONE', *, *, #830, .F. ) ;
#1031 = CARTESIAN_POINT ( 'NONE',  ( -6.799999999999820410, 10.39481884204600348, -368.0000000000000000 ) ) ;
#1032 = ORIENTED_EDGE ( 'NONE', *, *, #425, .T. ) ;
#1033 = DIRECTION ( 'NONE',  ( 0.000000000000000000, -2.738767609123399819E-17, -1.000000000000000000 ) ) ;
#1034 = EDGE_LOOP ( 'NONE', ( #1099, #519, #305, #138, #1106, #986, #439, #311, #141, #797, #854, #1115, #471, #31, #897, #813, #900, #962 ) ) ;
#1035 = DIRECTION ( 'NONE',  ( 0.000000000000000000, 1.776353576754822375E-15, 1.000000000000000000 ) ) ;
#1036 = CARTESIAN_POINT ( 'NONE',  ( -6.799999999999822187, 0.002513996632655945106, -342.0000000000000000 ) ) ;
#1037 = STYLED_ITEM ( 'NONE', ( #520 ), #755 ) ;
#1038 = ORIENTED_EDGE ( 'NONE', *, *, #400, .F. ) ;
#1039 = CARTESIAN_POINT ( 'NONE',  ( 8.000000000000181188, 72.00251399663279983, -369.0000000000000000 ) ) ;
#1040 = EDGE_CURVE ( 'NONE', #558, #708, #165, .T. ) ;
#1041 = CARTESIAN_POINT ( 'NONE',  ( 2.764617092752225336, 34.28276386614780336, -76.57607236332721357 ) ) ;
#1042 = FACE_OUTER_BOUND ( 'NONE', #1091, .T. ) ;
#1043 = ORIENTED_EDGE ( 'NONE', *, *, #1378, .F. ) ;
#1044 = DIRECTION ( 'NONE',  ( 0.000000000000000000, 0.000000000000000000, -1.000000000000000000 ) ) ;
#1045 = AXIS2_PLACEMENT_3D ( 'NONE', #529, #207, #221 ) ;
#1046 =( GEOMETRIC_REPRESENTATION_CONTEXT ( 3 ) GLOBAL_UNCERTAINTY_ASSIGNED_CONTEXT ( ( #219 ) ) GLOBAL_UNIT_ASSIGNED_CONTEXT ( ( #868, #1389, #1300 ) ) REPRESENTATION_CONTEXT ( 'NONE', 'WORKASPACE' ) );
#1047 = ORIENTED_EDGE ( 'NONE', *, *, #1286, .T. ) ;
#1048 = DIRECTION ( 'NONE',  ( -0.000000000000000000, -0.000000000000000000, -1.000000000000000000 ) ) ;
#1049 = CONICAL_SURFACE ( 'NONE', #662, 9.000000000000000000, 1.047197551196598297 ) ;
#1050 = LINE ( 'NONE', #289, #135 ) ;
#1051 = DIRECTION ( 'NONE',  ( -1.000000000000000000, 0.000000000000000000, 0.000000000000000000 ) ) ;
#1052 = EDGE_CURVE ( 'NONE', #907, #651, #401, .T. ) ;
#1053 = APPLICATION_CONTEXT ( 'automotive_design' ) ;
#1054 = CARTESIAN_POINT ( 'NONE',  ( 2.764617092752225336, 34.28276386614780336, -76.57607236332721357 ) ) ;
#1055 = CARTESIAN_POINT ( 'NONE',  ( -6.799999999999820410, 61.61020915121944341, -368.0000000000000000 ) ) ;
#1056 = CARTESIAN_POINT ( 'NONE',  ( -7.799999999999766231, 39.23361288091346211, -80.17607236332720788 ) ) ;
#1057 = EDGE_CURVE ( 'NONE', #336, #669, #341, .T. ) ;
#1058 = B_SPLINE_CURVE_WITH_KNOTS ( 'NONE', 3,
 ( #1314, #29, #253, #1321, #358, #792, #149, #1008, #1339, #39 ),
 .UNSPECIFIED., .F., .F.,
 ( 4, 2, 2, 2, 4 ),
 ( 0.000000000000000000, 0.002626667292968496315, 0.005253334585936992630, 0.007880001878905489379, 0.01050666917187398526 ),
 .UNSPECIFIED. ) ;
#1059 = CARTESIAN_POINT ( 'NONE',  ( -7.799999999999766231, 39.23361288091346211, -80.17607236332720788 ) ) ;
#1060 = VECTOR ( 'NONE', #808, 1000.000000000000000 ) ;
#1061 = EDGE_LOOP ( 'NONE', ( #848, #1325, #984, #48 ) ) ;
#1062 = CARTESIAN_POINT ( 'NONE',  ( -2.740658617697536936, 27.00251399663260088, -80.77607236332710272 ) ) ;
#1063 = CARTESIAN_POINT ( 'NONE',  ( 9.000000000000179412, 27.00251399663260088, -98.77607236332720220 ) ) ;
#1064 = AXIS2_PLACEMENT_3D ( 'NONE', #288, #1048, #944 ) ;
#1065 = CARTESIAN_POINT ( 'NONE',  ( -8.999999999999818812, -0.5974860033672868553, -369.0000000000000000 ) ) ;
#1066 = DIRECTION ( 'NONE',  ( 0.000000000000000000, -1.232445424105530119E-16, -1.000000000000000000 ) ) ;
#1067 = EDGE_CURVE ( 'NONE', #328, #949, #1143, .T. ) ;
#1068 = AXIS2_PLACEMENT_3D ( 'NONE', #223, #1280, #329 ) ;
#1069 = ORIENTED_EDGE ( 'NONE', *, *, #947, .T. ) ;
#1070 = FACE_OUTER_BOUND ( 'NONE', #65, .T. ) ;
#1071 = AXIS2_PLACEMENT_3D ( 'NONE', #963, #1283, #431 ) ;
#1072 = DIRECTION ( 'NONE',  ( 0.000000000000000000, -1.000000000000000000, 0.000000000000000000 ) ) ;
#1073 = ORIENTED_EDGE ( 'NONE', *, *, #421, .T. ) ;
#1074 = CARTESIAN_POINT ( 'NONE',  ( -7.799999999999820410, 40.18798088112455957, -80.55235280579474022 ) ) ;
#1075 = VECTOR ( 'NONE', #1331, 1000.000000000000000 ) ;
#1076 = CARTESIAN_POINT ( 'NONE',  ( 8.000000000000181188, 72.00251399663279983, -342.0000000000000000 ) ) ;
#1077 = ADVANCED_FACE ( 'NONE', ( #1258 ), #496, .T. ) ;
#1078 = DIRECTION ( 'NONE',  ( 0.000000000000000000, 1.000000000000000000, 0.000000000000000000 ) ) ;
#1079 = CARTESIAN_POINT ( 'NONE',  ( -1.564617092751810157, 34.28276386614780336, -76.57607236332721357 ) ) ;
#1080 = CARTESIAN_POINT ( 'NONE',  ( -7.799999999999525535, 32.77141511235131333, -80.17607236332720788 ) ) ;
#1081 = SURFACE_STYLE_USAGE ( .BOTH. , #884 ) ;
#1082 = CARTESIAN_POINT ( 'NONE',  ( 8.000000000000181188, 36.00251399663265062, -370.0000000000000000 ) ) ;
#1083 = ADVANCED_FACE ( 'NONE', ( #172 ), #178, .T. ) ;
#1084 = VECTOR ( 'NONE', #775, 1000.000000000000000 ) ;
#1085 = EDGE_LOOP ( 'NONE', ( #711, #1257, #889, #264 ) ) ;
#1086 = CARTESIAN_POINT ( 'NONE',  ( -7.799999999999819522, 40.65009401208154571, -80.77607236332724483 ) ) ;
#1087 = ORIENTED_EDGE ( 'NONE', *, *, #1352, .T. ) ;
#1088 = FACE_OUTER_BOUND ( 'NONE', #1095, .T. ) ;
#1089 = DIRECTION ( 'NONE',  ( 0.000000000000000000, 0.000000000000000000, -1.000000000000000000 ) ) ;
#1090 = CARTESIAN_POINT ( 'NONE',  ( 9.000000000000179412, 28.00251399663263641, -98.77607236332720220 ) ) ;
#1091 = EDGE_LOOP ( 'NONE', ( #714, #1168, #419, #268 ) ) ;
#1092 = CARTESIAN_POINT ( 'NONE',  ( 3.940658617697955890, 27.00251399663260088, -98.77607236332720220 ) ) ;
#1093 = EDGE_CURVE ( 'NONE', #627, #558, #909, .T. ) ;
#1094 = VECTOR ( 'NONE', #231, 1000.000000000000000 ) ;
#1095 = EDGE_LOOP ( 'NONE', ( #786, #117, #789, #719 ) ) ;
#1096 = DIRECTION ( 'NONE',  ( -1.000000000000000000, 0.000000000000000000, 0.000000000000000000 ) ) ;
#1097 = CARTESIAN_POINT ( 'NONE',  ( -7.799999999999614353, 31.35493398118386565, -80.77607236332710272 ) ) ;
#1098 = AXIS2_PLACEMENT_3D ( 'NONE', #309, #863, #753 ) ;
#1099 = ORIENTED_EDGE ( 'NONE', *, *, #148, .T. ) ;
#1100 = CARTESIAN_POINT ( 'NONE',  ( -8.999999999999818812, 60.00251399663279983, -393.0000000000000000 ) ) ;
#1101 = EDGE_CURVE ( 'NONE', #1011, #361, #1399, .T. ) ;
#1102 = VERTEX_POINT ( 'NONE', #79 ) ;
#1103 = LINE ( 'NONE', #1213, #552 ) ;
#1104 = CARTESIAN_POINT ( 'NONE',  ( -8.682751306124526280, 71.12510332617934239, -369.0000000000000000 ) ) ;
#1105 = CIRCLE ( 'NONE', #1281, 1.000000000000000000 ) ;
#1106 = ORIENTED_EDGE ( 'NONE', *, *, #578, .T. ) ;
#1107 = LINE ( 'NONE', #794, #641 ) ;
#1108 = EDGE_LOOP ( 'NONE', ( #659, #773, #446, #166 ) ) ;
#1109 = CARTESIAN_POINT ( 'NONE',  ( -7.799999999999820410, 61.61020915121944341, -368.0000000000000000 ) ) ;
#1110 = DIRECTION ( 'NONE',  ( 0.000000000000000000, -0.000000000000000000, -1.000000000000000000 ) ) ;
#1111 = DIRECTION ( 'NONE',  ( 0.000000000000000000, -2.738767609123399819E-17, -1.000000000000000000 ) ) ;
#1112 = ORIENTED_EDGE ( 'NONE', *, *, #876, .T. ) ;
#1113 = DIRECTION ( 'NONE',  ( 0.000000000000000000, 1.000000000000000000, 0.000000000000000000 ) ) ;
#1114 = VECTOR ( 'NONE', #769, 1000.000000000000000 ) ;
#1115 = ORIENTED_EDGE ( 'NONE', *, *, #247, .F. ) ;
#1116 = DIRECTION ( 'NONE',  ( -1.000000000000000000, 0.000000000000000000, 0.000000000000000000 ) ) ;
#1117 = DIRECTION ( 'NONE',  ( 0.000000000000000000, 0.000000000000000000, 1.000000000000000000 ) ) ;
#1118 = EDGE_CURVE ( 'NONE', #239, #1252, #1152, .T. ) ;
#1119 = CARTESIAN_POINT ( 'NONE',  ( -7.964261698630842545, 65.03191033079907868, -368.5666453770404587 ) ) ;
#1120 = ORIENTED_EDGE ( 'NONE', *, *, #1128, .F. ) ;
#1121 = CARTESIAN_POINT ( 'NONE',  ( -7.886948289609117424, 3.369826683883327068, -368.8024709148680813 ) ) ;
#1122 = ORIENTED_EDGE ( 'NONE', *, *, #619, .F. ) ;
#1123 = DIRECTION ( 'NONE',  ( 1.000000000000000000, 0.000000000000000000, 0.000000000000000000 ) ) ;
#1124 = CARTESIAN_POINT ( 'NONE',  ( -7.799999999999768008, 61.98136289569846724, -367.0714285714285552 ) ) ;
#1125 = EDGE_CURVE ( 'NONE', #1259, #669, #883, .T. ) ;
#1126 = DIRECTION ( 'NONE',  ( -1.000000000000000000, 0.000000000000000000, 0.000000000000000000 ) ) ;
#1127 = EDGE_LOOP ( 'NONE', ( #994, #677, #693, #1120 ) ) ;
#1128 = EDGE_CURVE ( 'NONE', #594, #627, #518, .T. ) ;
#1129 = LINE ( 'NONE', #567, #796 ) ;
#1130 = EDGE_LOOP ( 'NONE', ( #992, #222, #682, #1349 ) ) ;
#1131 = CARTESIAN_POINT ( 'NONE',  ( 0.6000000000002099210, 45.00251399663270035, -80.17607236332720788 ) ) ;
#1132 = ORIENTED_EDGE ( 'NONE', *, *, #1227, .T. ) ;
#1133 = CONICAL_SURFACE ( 'NONE', #527, 8.999999999999921840, 0.7853981633974772558 ) ;
#1134 = EDGE_CURVE ( 'NONE', #597, #336, #514, .T. ) ;
#1135 = EDGE_LOOP ( 'NONE', ( #861, #1222, #912, #844 ) ) ;
#1136 = DIRECTION ( 'NONE',  ( 1.000000000000000000, 0.000000000000000000, 0.000000000000000000 ) ) ;
#1137 = ORIENTED_EDGE ( 'NONE', *, *, #732, .T. ) ;
#1138 = VECTOR ( 'NONE', #494, 1000.000000000000000 ) ;
#1139 = DIRECTION ( 'NONE',  ( 0.000000000000000000, 0.7241379310344798759, 0.6896551724137961470 ) ) ;
#1140 = EDGE_LOOP ( 'NONE', ( #674, #811, #513, #1004, #82 ) ) ;
#1141 = DIRECTION ( 'NONE',  ( -0.000000000000000000, -0.000000000000000000, -1.000000000000000000 ) ) ;
#1142 = ORIENTED_EDGE ( 'NONE', *, *, #997, .T. ) ;
#1143 = LINE ( 'NONE', #824, #113 ) ;
#1144 = EDGE_CURVE ( 'NONE', #1347, #282, #1260, .T. ) ;
#1145 = ORIENTED_EDGE ( 'NONE', *, *, #1057, .F. ) ;
#1146 = DIRECTION ( 'NONE',  ( 0.000000000000000000, -1.000000000000000000, 0.000000000000000000 ) ) ;
#1147 = CARTESIAN_POINT ( 'NONE',  ( 9.000000000000179412, 72.00251399663279983, -370.0000000000000000 ) ) ;
#1148 = CARTESIAN_POINT ( 'NONE',  ( -2.740658617697536936, 27.00251399663260088, -80.17607236332720788 ) ) ;
#1149 = DIRECTION ( 'NONE',  ( 0.000000000000000000, 0.000000000000000000, 1.000000000000000000 ) ) ;
#1150 = AXIS2_PLACEMENT_3D ( 'NONE', #591, #1116, #143 ) ;
#1151 = CARTESIAN_POINT ( 'NONE',  ( 9.000000000000179412, 60.00251399663279983, -393.0000000000000000 ) ) ;
#1152 = CIRCLE ( 'NONE', #391, 1.000000000000000000 ) ;
#1153 = DIRECTION ( 'NONE',  ( -0.000000000000000000, -0.000000000000000000, -1.000000000000000000 ) ) ;
#1154 = CARTESIAN_POINT ( 'NONE',  ( 3.940658617698214350, 45.00251399663270035, -80.77607236332721641 ) ) ;
#1155 = VERTEX_POINT ( 'NONE', #1268 ) ;
#1156 = DIRECTION ( 'NONE',  ( 1.000000000000000000, 0.000000000000000000, 0.000000000000000000 ) ) ;
#1157 = EDGE_CURVE ( 'NONE', #597, #879, #144, .T. ) ;
#1158 = DIRECTION ( 'NONE',  ( 0.000000000000000000, 0.000000000000000000, 1.000000000000000000 ) ) ;
#1159 = CARTESIAN_POINT ( 'NONE',  ( -7.799999999999818634, 9.534357717510067332, -368.1719648906500879 ) ) ;
#1160 = CARTESIAN_POINT ( 'NONE',  ( 9.000000000000179412, 32.77141511235189597, -80.17607236332720788 ) ) ;
#1161 = ORIENTED_EDGE ( 'NONE', *, *, #295, .T. ) ;
#1162 = DIRECTION ( 'NONE',  ( 0.000000000000000000, 0.000000000000000000, -1.000000000000000000 ) ) ;
#1163 = DIRECTION ( 'NONE',  ( -1.000000000000000000, 0.000000000000000000, 0.000000000000000000 ) ) ;
#1164 = ADVANCED_FACE ( 'NONE', ( #409 ), #847, .T. ) ;
#1165 = CARTESIAN_POINT ( 'NONE',  ( 9.000000000000179412, -0.5974860033672868553, -381.0000000000000000 ) ) ;
#1166 = CIRCLE ( 'NONE', #612, 9.600000000000159517 ) ;
#1167 = ORIENTED_EDGE ( 'NONE', *, *, #499, .F. ) ;
#1168 = ORIENTED_EDGE ( 'NONE', *, *, #668, .F. ) ;
#1169 = CARTESIAN_POINT ( 'NONE',  ( -1.658800798430630330, 45.00251399663270035, -80.39960177509198047 ) ) ;
#1170 = CARTESIAN_POINT ( 'NONE',  ( 0.6000000000004699352, 36.00251399663294194, -98.77607236332720220 ) ) ;
#1171 = CIRCLE ( 'NONE', #569, 1.000000000000000888 ) ;
#1172 = FACE_OUTER_BOUND ( 'NONE', #1209, .T. ) ;
#1173 = DIRECTION ( 'NONE',  ( -0.000000000000000000, -0.000000000000000000, -1.000000000000000000 ) ) ;
#1174 = VECTOR ( 'NONE', #973, 1000.000000000000000 ) ;
#1175 = VERTEX_POINT ( 'NONE', #301 ) ;
#1176 = CARTESIAN_POINT ( 'NONE',  ( -7.799999999999820410, 28.00251399663260088, -342.0000000000000000 ) ) ;
#1177 = VECTOR ( 'NONE', #444, 1000.000000000000000 ) ;
#1178 = CARTESIAN_POINT ( 'NONE',  ( -8.999999999999818812, 72.60251399663269467, -381.0000000000000000 ) ) ;
#1179 = AXIS2_PLACEMENT_3D ( 'NONE', #946, #1364, #822 ) ;
#1180 = LINE ( 'NONE', #214, #1174 ) ;
#1181 = EDGE_CURVE ( 'NONE', #879, #1385, #202, .T. ) ;
#1182 = DIRECTION ( 'NONE',  ( 0.000000000000000000, 0.000000000000000000, 1.000000000000000000 ) ) ;
#1183 = EDGE_CURVE ( 'NONE', #685, #1354, #1333, .T. ) ;
#1184 = VERTEX_POINT ( 'NONE', #1039 ) ;
#1185 = CARTESIAN_POINT ( 'NONE',  ( -0.5494739329711221254, 45.00251399663270035, -80.17607236332727894 ) ) ;
#1186 = ORIENTED_EDGE ( 'NONE', *, *, #541, .F. ) ;
#1187 = CARTESIAN_POINT ( 'NONE',  ( 9.000000000000191847, 40.65009401208165940, -80.17607236332720788 ) ) ;
#1188 = ORIENTED_EDGE ( 'NONE', *, *, #1351, .T. ) ;
#1189 = CARTESIAN_POINT ( 'NONE',  ( 9.000000000000179412, 28.00251399663265772, -342.0000000000000000 ) ) ;
#1190 = DIRECTION ( 'NONE',  ( 0.000000000000000000, 0.000000000000000000, -1.000000000000000000 ) ) ;
#1191 = EDGE_CURVE ( 'NONE', #980, #539, #1171, .T. ) ;
#1192 = VECTOR ( 'NONE', #267, 1000.000000000000000 ) ;
#1193 = ORIENTED_EDGE ( 'NONE', *, *, #307, .T. ) ;
#1194 = CARTESIAN_POINT ( 'NONE',  ( -8.999999999999818812, 72.60251399663269467, -369.0000000000000000 ) ) ;
#1195 = CIRCLE ( 'NONE', #1380, 9.600000000000001421 ) ;
#1196 = ORIENTED_EDGE ( 'NONE', *, *, #1345, .F. ) ;
#1197 = CARTESIAN_POINT ( 'NONE',  ( 9.000000000000179412, -0.5974860033672868553, -369.0000000000000000 ) ) ;
#1198 = VECTOR ( 'NONE', #450, 1000.000000000000000 ) ;
#1199 = CARTESIAN_POINT ( 'NONE',  ( 0.6000000000000856870, 36.00251399663279273, -80.77607236332725904 ) ) ;
#1200 = EDGE_CURVE ( 'NONE', #359, #907, #930, .T. ) ;
#1201 = CARTESIAN_POINT ( 'NONE',  ( -6.892801794673034443, 63.62190727861051442, -367.6701134547023457 ) ) ;
#1202 = EDGE_LOOP ( 'NONE', ( #1193, #392, #1015, #236 ) ) ;
#1203 = CARTESIAN_POINT ( 'NONE',  ( 9.000000000000191847, 40.65009401208165940, -80.77607236332721641 ) ) ;
#1204 = ORIENTED_EDGE ( 'NONE', *, *, #798, .F. ) ;
#1205 = CARTESIAN_POINT ( 'NONE',  ( -8.999999999999818812, 72.60251399663269467, -369.0000000000000000 ) ) ;
#1206 = CARTESIAN_POINT ( 'NONE',  ( -7.799999999999820410, 10.39481884204599815, -368.0000000000000000 ) ) ;
#1207 = DIRECTION ( 'NONE',  ( 0.000000000000000000, 0.000000000000000000, 1.000000000000000000 ) ) ;
#1208 = CARTESIAN_POINT ( 'NONE',  ( -8.343474144769835732, 68.51048602466464388, -368.8975775114921021 ) ) ;
#1209 = EDGE_LOOP ( 'NONE', ( #1022, #1142, #63, #100 ) ) ;
#1210 = CARTESIAN_POINT ( 'NONE',  ( -6.821128882983364505, 9.205853153606323502, -367.3867650972147771 ) ) ;
#1211 = ORIENTED_EDGE ( 'NONE', *, *, #619, .T. ) ;
#1212 = DIRECTION ( 'NONE',  ( 0.000000000000000000, -1.000000000000000000, 0.000000000000000000 ) ) ;
#1213 = CARTESIAN_POINT ( 'NONE',  ( -7.799999999999820410, 45.00251399663270035, -98.77607236332720220 ) ) ;
#1214 = CARTESIAN_POINT ( 'NONE',  ( -8.237458635767913151, 67.64206925146278593, -368.8362621298648492 ) ) ;
#1215 = ORIENTED_EDGE ( 'NONE', *, *, #809, .F. ) ;
#1216 = CARTESIAN_POINT ( 'NONE',  ( 0.6000000000002099210, 27.00251399663270035, -80.17607236332720788 ) ) ;
#1217 = ORIENTED_EDGE ( 'NONE', *, *, #99, .F. ) ;
#1218 = EDGE_CURVE ( 'NONE', #1175, #1155, #304, .T. ) ;
#1219 = CARTESIAN_POINT ( 'NONE',  ( -7.799999999999820410, 62.03357119677981046, -368.0846097583182086 ) ) ;
#1220 = FACE_OUTER_BOUND ( 'NONE', #415, .T. ) ;
#1221 = CARTESIAN_POINT ( 'NONE',  ( -8.624131013121168365, 71.14079123733317545, -368.9999999999495799 ) ) ;
#1222 = ORIENTED_EDGE ( 'NONE', *, *, #642, .F. ) ;
#1223 = CARTESIAN_POINT ( 'NONE',  ( -7.976777890576345342, 4.299047833797555285, -368.6693024028436412 ) ) ;
#1224 = AXIS2_PLACEMENT_3D ( 'NONE', #784, #349, #690 ) ;
#1225 = EDGE_LOOP ( 'NONE', ( #1204, #353, #533 ) ) ;
#1226 = CARTESIAN_POINT ( 'NONE',  ( -6.881874300987986359, 63.62030784662386651, -367.6804662035384581 ) ) ;
#1227 = EDGE_CURVE ( 'NONE', #1294, #594, #749, .T. ) ;
#1228 = ADVANCED_FACE ( 'NONE', ( #937 ), #498, .F. ) ;
#1229 = CARTESIAN_POINT ( 'NONE',  ( -7.659458608743938690, 65.15518030354414236, -368.1304007604531989 ) ) ;
#1230 = ORIENTED_EDGE ( 'NONE', *, *, #28, .F. ) ;
#1231 = CARTESIAN_POINT ( 'NONE',  ( -6.799999999999820410, 10.02366509756694946, -367.0714285714285552 ) ) ;
#1232 = ORIENTED_EDGE ( 'NONE', *, *, #1118, .T. ) ;
#1233 = ORIENTED_EDGE ( 'NONE', *, *, #1277, .T. ) ;
#1234 = EDGE_CURVE ( 'NONE', #597, #1009, #69, .T. ) ;
#1235 = CARTESIAN_POINT ( 'NONE',  ( 0.6000000000002099210, 27.00251399663270035, -80.17607236332720788 ) ) ;
#1236 = ORIENTED_EDGE ( 'NONE', *, *, #1234, .F. ) ;
#1237 = DIRECTION ( 'NONE',  ( 0.000000000000000000, 1.000000000000000000, 0.000000000000000000 ) ) ;
#1238 = VECTOR ( 'NONE', #342, 1000.000000000000000 ) ;
#1239 = B_SPLINE_CURVE_WITH_KNOTS ( 'NONE', 2,
 ( #1056, #91, #416 ),
 .UNSPECIFIED., .F., .F.,
 ( 3, 3 ),
 ( 0.009025131178422339875, 0.1289017501192669946 ),
 .UNSPECIFIED. ) ;
#1240 = EDGE_LOOP ( 'NONE', ( #1186, #1137, #1028, #976 ) ) ;
#1241 = ORIENTED_EDGE ( 'NONE', *, *, #866, .T. ) ;
#1242 = B_SPLINE_CURVE_WITH_KNOTS ( 'NONE', 3,
 ( #1097, #1255, #60, #67 ),
 .UNSPECIFIED., .F., .F.,
 ( 4, 4 ),
 ( 0.000000000000000000, 0.001538316870788750861 ),
 .UNSPECIFIED. ) ;
#1243 = VECTOR ( 'NONE', #1383, 1000.000000000000000 ) ;
#1244 = PLANE ( 'NONE',  #94 ) ;
#1245 = ORIENTED_EDGE ( 'NONE', *, *, #1270, .F. ) ;
#1246 = CYLINDRICAL_SURFACE ( 'NONE', #960, 1.000000000000000888 ) ;
#1247 = ADVANCED_FACE ( 'NONE', ( #1379 ), #413, .F. ) ;
#1248 = VECTOR ( 'NONE', #756, 1000.000000000000000 ) ;
#1249 = DIRECTION ( 'NONE',  ( 1.000000000000000000, -0.000000000000000000, -0.000000000000000000 ) ) ;
#1250 = DIRECTION ( 'NONE',  ( -0.000000000000000000, -0.000000000000000000, -1.000000000000000000 ) ) ;
#1251 = CONICAL_SURFACE ( 'NONE', #30, 9.000000000000108358, 0.7853981633974251864 ) ;
#1252 = VERTEX_POINT ( 'NONE', #626 ) ;
#1253 = DIRECTION ( 'NONE',  ( 0.000000000000000000, 1.232445424105530119E-16, 1.000000000000000000 ) ) ;
#1254 = AXIS2_PLACEMENT_3D ( 'NONE', #933, #722, #62 ) ;
#1255 = CARTESIAN_POINT ( 'NONE',  ( -7.799999999999612577, 31.81704711214065284, -80.55235280579466917 ) ) ;
#1256 = CARTESIAN_POINT ( 'NONE',  ( 8.000000000000181188, 27.00251399663260088, -98.77607236332720220 ) ) ;
#1257 = ORIENTED_EDGE ( 'NONE', *, *, #88, .F. ) ;
#1258 = FACE_OUTER_BOUND ( 'NONE', #582, .T. ) ;
#1259 = VERTEX_POINT ( 'NONE', #1059 ) ;
#1260 = LINE ( 'NONE', #294, #454 ) ;
#1261 = CARTESIAN_POINT ( 'NONE',  ( -7.799999999999614353, 31.35493398118386565, -98.77607236332720220 ) ) ;
#1262 = DIRECTION ( 'NONE',  ( 0.000000000000000000, 0.000000000000000000, 1.000000000000000000 ) ) ;
#1263 = AXIS2_PLACEMENT_3D ( 'NONE', #1005, #575, #1212 ) ;
#1264 = DIRECTION ( 'NONE',  ( 1.000000000000000000, 0.000000000000000000, 0.000000000000000000 ) ) ;
#1265 = EDGE_CURVE ( 'NONE', #708, #40, #999, .T. ) ;
#1266 = DIRECTION ( 'NONE',  ( 0.000000000000000000, 0.000000000000000000, 1.000000000000000000 ) ) ;
#1267 = CARTESIAN_POINT ( 'NONE',  ( -7.799999999999819522, 40.65009401208154571, -80.77607236332724483 ) ) ;
#1268 = CARTESIAN_POINT ( 'NONE',  ( -8.999999999999818812, 60.00251399663279983, -393.0000000000000000 ) ) ;
#1269 = AXIS2_PLACEMENT_3D ( 'NONE', #1007, #469, #97 ) ;
#1270 = EDGE_CURVE ( 'NONE', #651, #270, #310, .T. ) ;
#1271 = LINE ( 'NONE', #1063, #543 ) ;
#1272 = FACE_OUTER_BOUND ( 'NONE', #934, .T. ) ;
#1273 = DIRECTION ( 'NONE',  ( 0.000000000000000000, 0.000000000000000000, 1.000000000000000000 ) ) ;
#1274 = ORIENTED_EDGE ( 'NONE', *, *, #421, .F. ) ;
#1275 = DIRECTION ( 'NONE',  ( -0.000000000000000000, 0.000000000000000000, 1.000000000000000000 ) ) ;
#1276 = CARTESIAN_POINT ( 'NONE',  ( -6.799999999999822187, 27.00251399663260088, -98.77607236332720220 ) ) ;
#1277 = EDGE_CURVE ( 'NONE', #580, #217, #345, .T. ) ;
#1278 = CIRCLE ( 'NONE', #110, 1.000000000000000888 ) ;
#1279 = CARTESIAN_POINT ( 'NONE',  ( -7.799999999999820410, 44.00251399663270035, -342.0000000000000000 ) ) ;
#1280 = DIRECTION ( 'NONE',  ( 0.000000000000000000, 0.000000000000000000, -1.000000000000000000 ) ) ;
#1281 = AXIS2_PLACEMENT_3D ( 'NONE', #656, #671, #860 ) ;
#1282 = ORIENTED_EDGE ( 'NONE', *, *, #625, .T. ) ;
#1283 = DIRECTION ( 'NONE',  ( -0.000000000000000000, -0.000000000000000000, -1.000000000000000000 ) ) ;
#1284 = EDGE_CURVE ( 'NONE', #751, #723, #1366, .T. ) ;
#1285 = DIRECTION ( 'NONE',  ( -0.000000000000000000, 1.232445424105530119E-16, 1.000000000000000000 ) ) ;
#1286 = EDGE_CURVE ( 'NONE', #273, #1340, #280, .T. ) ;
#1287 = AXIS2_PLACEMENT_3D ( 'NONE', #542, #764, #327 ) ;
#1288 = CARTESIAN_POINT ( 'NONE',  ( -7.799999999999820410, 45.00251399663270035, -80.17607236332720788 ) ) ;
#1289 = AXIS2_PLACEMENT_3D ( 'NONE', #475, #142, #1123 ) ;
#1290 = ORIENTED_EDGE ( 'NONE', *, *, #1332, .F. ) ;
#1291 = DIRECTION ( 'NONE',  ( 0.000000000000000000, 0.000000000000000000, -1.000000000000000000 ) ) ;
#1292 = CONICAL_SURFACE ( 'NONE', #322, 9.000000000000248690, 0.7853981633974511656 ) ;
#1293 = FACE_OUTER_BOUND ( 'NONE', #743, .T. ) ;
#1294 = VERTEX_POINT ( 'NONE', #655 ) ;
#1295 = CARTESIAN_POINT ( 'NONE',  ( 9.000000000000179412, 28.00251399663260443, -342.0000000000000000 ) ) ;
#1296 = DIRECTION ( 'NONE',  ( 0.000000000000000000, 1.000000000000000000, 0.000000000000000000 ) ) ;
#1297 = ORIENTED_EDGE ( 'NONE', *, *, #876, .F. ) ;
#1298 = CARTESIAN_POINT ( 'NONE',  ( 8.000000000000182965, -0.5974860033672868553, -369.0000000000000000 ) ) ;
#1299 = ORIENTED_EDGE ( 'NONE', *, *, #332, .F. ) ;
#1300 =( NAMED_UNIT ( * ) SI_UNIT ( $, .STERADIAN. ) SOLID_ANGLE_UNIT ( ) );
#1301 = DIRECTION ( 'NONE',  ( 0.000000000000000000, -1.000000000000000000, 0.000000000000000000 ) ) ;
#1302 = DIRECTION ( 'NONE',  ( 0.000000000000000000, -1.000000000000000000, 0.000000000000000000 ) ) ;
#1303 = CARTESIAN_POINT ( 'NONE',  ( 9.000000000000179412, 45.00251399663270035, -98.77607236332720220 ) ) ;
#1304 = ORIENTED_EDGE ( 'NONE', *, *, #678, .F. ) ;
#1305 = CARTESIAN_POINT ( 'NONE',  ( -7.622814824107421394, 8.058361901619688794, -367.7740625278459561 ) ) ;
#1306 = AXIS2_PLACEMENT_3D ( 'NONE', #1036, #935, #1149 ) ;
#1307 = B_SPLINE_CURVE_WITH_KNOTS ( 'NONE', 3,
 ( #105, #638, #1074, #1086 ),
 .UNSPECIFIED., .F., .F.,
 ( 4, 4 ),
 ( 1.986996825864055988E-16, 0.001538316870789593720 ),
 .UNSPECIFIED. ) ;
#1308 = ORIENTED_EDGE ( 'NONE', *, *, #1057, .T. ) ;
#1309 = CARTESIAN_POINT ( 'NONE',  ( 2.764617092752225336, 37.72226412711750498, -76.57607236332721357 ) ) ;
#1310 = ADVANCED_BREP_SHAPE_REPRESENTATION ( 'Stand stem modif', ( #755, #1289 ), #1046 ) ;
#1311 = CARTESIAN_POINT ( 'NONE',  ( 8.000000000000181188, 27.00251399663260088, -342.0000000000000000 ) ) ;
#1312 = VECTOR ( 'NONE', #1066, 1000.000000000000000 ) ;
#1313 = CARTESIAN_POINT ( 'NONE',  ( 9.000000000000179412, 0.002513996632655945106, -342.0000000000000000 ) ) ;
#1314 = CARTESIAN_POINT ( 'NONE',  ( -7.799999999999820410, 61.61020915121944341, -368.0000000000000000 ) ) ;
#1315 = VERTEX_POINT ( 'NONE', #961 ) ;
#1316 = CARTESIAN_POINT ( 'NONE',  ( -8.125135230449025414, 3.438688334759720799, -368.7945546564869801 ) ) ;
#1317 = ORIENTED_EDGE ( 'NONE', *, *, #28, .T. ) ;
#1318 = AXIS2_PLACEMENT_3D ( 'NONE', #595, #1023, #55 ) ;
#1319 = LINE ( 'NONE', #767, #363 ) ;
#1320 = FACE_OUTER_BOUND ( 'NONE', #495, .T. ) ;
#1321 = CARTESIAN_POINT ( 'NONE',  ( -7.966850380337445081, 65.06173723934666953, -368.5705190267616445 ) ) ;
#1322 = ORIENTED_EDGE ( 'NONE', *, *, #1351, .F. ) ;
#1323 = LINE ( 'NONE', #572, #1075 ) ;
#1324 = EDGE_CURVE ( 'NONE', #464, #760, #9, .T. ) ;
#1325 = ORIENTED_EDGE ( 'NONE', *, *, #332, .T. ) ;
#1326 = LINE ( 'NONE', #356, #745 ) ;
#1327 = DIRECTION ( 'NONE',  ( 0.000000000000000000, -1.000000000000000000, 0.000000000000000000 ) ) ;
#1328 = CARTESIAN_POINT ( 'NONE',  ( -8.566052760434200053, 70.25197775019650237, -368.9794538961734816 ) ) ;
#1329 = VECTOR ( 'NONE', #96, 1000.000000000000000 ) ;
#1330 = ORIENTED_EDGE ( 'NONE', *, *, #435, .T. ) ;
#1331 = DIRECTION ( 'NONE',  ( -1.000000000000000000, 0.000000000000000000, 0.000000000000000000 ) ) ;
#1332 = EDGE_CURVE ( 'NONE', #1259, #701, #1394, .T. ) ;
#1333 = CIRCLE ( 'NONE', #23, 27.00000000000002487 ) ;
#1334 = ORIENTED_EDGE ( 'NONE', *, *, #977, .F. ) ;
#1335 = CARTESIAN_POINT ( 'NONE',  ( -6.799999999999820410, 61.98136289569848856, -367.0714285714285552 ) ) ;
#1336 = FACE_OUTER_BOUND ( 'NONE', #833, .T. ) ;
#1337 = B_SPLINE_CURVE_WITH_KNOTS ( 'NONE', 3,
 ( #424, #318, #211, #1062 ),
 .UNSPECIFIED., .F., .F.,
 ( 4, 4 ),
 ( 2.552780435069442991E-16, 0.003394112549695403255 ),
 .UNSPECIFIED. ) ;
#1338 = VECTOR ( 'NONE', #395, 1000.000000000000000 ) ;
#1339 = CARTESIAN_POINT ( 'NONE',  ( -8.684030061668403633, 71.13467245804373817, -369.0000000000000568 ) ) ;
#1340 = VERTEX_POINT ( 'NONE', #882 ) ;
#1341 = CARTESIAN_POINT ( 'NONE',  ( 4.930568939873039902, 38.47793850401510696, -77.82658524531420596 ) ) ;
#1342 = VECTOR ( 'NONE', #549, 1000.000000000000000 ) ;
#1343 = CARTESIAN_POINT ( 'NONE',  ( 8.000000000000181188, 72.00251399663279983, -342.0000000000000000 ) ) ;
#1344 = SHAPE_DEFINITION_REPRESENTATION ( #916, #1310 ) ;
#1345 = EDGE_CURVE ( 'NONE', #343, #312, #1180, .T. ) ;
#1346 = DIRECTION ( 'NONE',  ( 0.000000000000000000, 0.000000000000000000, -1.000000000000000000 ) ) ;
#1347 = VERTEX_POINT ( 'NONE', #317 ) ;
#1348 = FACE_OUTER_BOUND ( 'NONE', #903, .T. ) ;
#1349 = ORIENTED_EDGE ( 'NONE', *, *, #979, .F. ) ;
#1350 = VERTEX_POINT ( 'NONE', #1309 ) ;
#1351 = EDGE_CURVE ( 'NONE', #1350, #1009, #428, .T. ) ;
#1352 = EDGE_CURVE ( 'NONE', #1340, #924, #321, .T. ) ;
#1353 = CARTESIAN_POINT ( 'NONE',  ( 9.000000000000179412, 72.60251399663269467, -381.0000000000000000 ) ) ;
#1354 = VERTEX_POINT ( 'NONE', #208 ) ;
#1355 = CARTESIAN_POINT ( 'NONE',  ( -8.799999999999819522, 0.002513996632655945106, -369.0000000000000000 ) ) ;
#1356 = ORIENTED_EDGE ( 'NONE', *, *, #650, .F. ) ;
#1357 = ORIENTED_EDGE ( 'NONE', *, *, #58, .T. ) ;
#1358 = CARTESIAN_POINT ( 'NONE',  ( 9.000000000000179412, 39.23361288091344790, -80.17607236332720788 ) ) ;
#1359 = ORIENTED_EDGE ( 'NONE', *, *, #399, .T. ) ;
#1360 = CARTESIAN_POINT ( 'NONE',  ( 4.930568939873039902, 33.52708948925025112, -77.82658524531420596 ) ) ;
#1361 = VECTOR ( 'NONE', #89, 1000.000000000000000 ) ;
#1362 = DIRECTION ( 'NONE',  ( -0.000000000000000000, 0.7241379310344798759, 0.6896551724137962580 ) ) ;
#1363 = AXIS2_PLACEMENT_3D ( 'NONE', #417, #846, #319 ) ;
#1364 = DIRECTION ( 'NONE',  ( -1.000000000000000000, 0.000000000000000000, 0.000000000000000000 ) ) ;
#1365 = ADVANCED_FACE ( 'NONE', ( #240 ), #1133, .T. ) ;
#1366 = CIRCLE ( 'NONE', #1068, 1.000000000000000000 ) ;
#1367 = DIRECTION ( 'NONE',  ( -0.000000000000000000, -0.000000000000000000, -1.000000000000000000 ) ) ;
#1368 = AXIS2_PLACEMENT_3D ( 'NONE', #3, #644, #1302 ) ;
#1369 = CARTESIAN_POINT ( 'NONE',  ( 9.000000000000179412, 0.002513996632655945106, -342.0000000000000000 ) ) ;
#1370 = CIRCLE ( 'NONE', #1318, 1.000000000000000888 ) ;
#1371 = PLANE ( 'NONE',  #628 ) ;
#1372 = LINE ( 'NONE', #170, #173 ) ;
#1373 = ADVANCED_FACE ( 'NONE', ( #1088 ), #825, .T. ) ;
#1374 = ORIENTED_EDGE ( 'NONE', *, *, #320, .T. ) ;
#1375 = DIRECTION ( 'NONE',  ( 0.000000000000000000, 0.000000000000000000, 1.000000000000000000 ) ) ;
#1376 = CARTESIAN_POINT ( 'NONE',  ( 0.6000000000000856870, 36.00251399663279273, -98.77607236332720220 ) ) ;
#1377 = CARTESIAN_POINT ( 'NONE',  ( 9.000000000000179412, 12.00251399663262042, -393.0000000000000000 ) ) ;
#1378 = EDGE_CURVE ( 'NONE', #312, #359, #106, .T. ) ;
#1379 = FACE_OUTER_BOUND ( 'NONE', #609, .T. ) ;
#1380 = AXIS2_PLACEMENT_3D ( 'NONE', #613, #515, #162 ) ;
#1381 = LINE ( 'NONE', #528, #716 ) ;
#1382 = DIRECTION ( 'NONE',  ( -1.000000000000000000, 0.000000000000000000, 0.000000000000000000 ) ) ;
#1383 = DIRECTION ( 'NONE',  ( -0.000000000000000000, -0.000000000000000000, -1.000000000000000000 ) ) ;
#1384 = EDGE_CURVE ( 'NONE', #701, #287, #375, .T. ) ;
#1385 = VERTEX_POINT ( 'NONE', #538 ) ;
#1386 = FACE_OUTER_BOUND ( 'NONE', #654, .T. ) ;
#1387 = FACE_OUTER_BOUND ( 'NONE', #334, .T. ) ;
#1388 = FACE_OUTER_BOUND ( 'NONE', #1019, .T. ) ;
#1389 =( NAMED_UNIT ( * ) PLANE_ANGLE_UNIT ( ) SI_UNIT ( $, .RADIAN. ) );
#1390 = CYLINDRICAL_SURFACE ( 'NONE', #576, 1.000000000000000888 ) ;
#1391 = EDGE_CURVE ( 'NONE', #115, #751, #2, .T. ) ;
#1392 = VERTEX_POINT ( 'NONE', #423 ) ;
#1393 = CARTESIAN_POINT ( 'NONE',  ( 8.000000000000181188, 45.00251399663270035, -98.77607236332720220 ) ) ;
#1394 = LINE ( 'NONE', #1288, #1198 ) ;
#1395 = TOROIDAL_SURFACE ( 'NONE', #385, 28.00000000000000000, 1.000000000000000000 ) ;
#1396 = CARTESIAN_POINT ( 'NONE',  ( 9.000000000000179412, -0.5974860033672868553, -381.0000000000000000 ) ) ;
#1397 = ORIENTED_EDGE ( 'NONE', *, *, #956, .F. ) ;
#1398 = CARTESIAN_POINT ( 'NONE',  ( -7.799999999999820410, 45.00251399663270035, -98.77607236332720220 ) ) ;
#1399 = CIRCLE ( 'NONE', #203, 1.000000000000000888 ) ;
#1400 = LINE ( 'NONE', #857, #432 ) ;
ENDSEC;
END-ISO-10303-21;
