ISO-10303-21;
HEADER;
FILE_DESCRIPTION (( 'STEP AP203' ),
    '1' );
FILE_NAME ('small02.stp',
    '2026-09-09T08:22:49',
    ( '' ),
    ( '' ),
    'SwSTEP 2.0',
    'SolidWorks 2024',
    '' );
FILE_SCHEMA (( 'CONFIG_CONTROL_DESIGN' ));
ENDSEC;

DATA;
#1 = ORIENTED_EDGE ( 'NONE', *, *, #2627, .F. ) ;
#2 = CARTESIAN_POINT ( 'NONE',  ( 116.2985601806640119, 99.20369191267897691, 3.464101791381868800 ) ) ;
#3 = DIRECTION ( 'NONE',  ( 0.1305212769253620286, 0.000000000000000000, 0.9914455084722372247 ) ) ;
#4 = VECTOR ( 'NONE', #2977, 1000.000000000000000 ) ;
#5 = DIRECTION ( 'NONE',  ( 0.000000000000000000, 1.000000000000000000, 0.000000000000000000 ) ) ;
#6 = EDGE_LOOP ( 'NONE', ( #1057, #17, #3429, #288 ) ) ;
#7 = EDGE_CURVE ( 'NONE', #3859, #3716, #1704, .T. ) ;
#8 = DIRECTION ( 'NONE',  ( 1.000000000000000000, 0.000000000000000000, -2.585739412628463625E-16 ) ) ;
#9 = CARTESIAN_POINT ( 'NONE',  ( 83.40784134328865207, 109.7866973876949999, 3.464101703259801823 ) ) ;
#10 = AXIS2_PLACEMENT_3D ( 'NONE', #3643, #1820, #8 ) ;
#11 = DIRECTION ( 'NONE',  ( -0.1305356407156809950, 0.000000000000000000, -0.9914436174099597876 ) ) ;
#12 = LINE ( 'NONE', #913, #2526 ) ;
#13 = PLANE ( 'NONE',  #100 ) ;
#14 = ORIENTED_EDGE ( 'NONE', *, *, #435, .T. ) ;
#15 = PLANE ( 'NONE',  #2761 ) ;
#16 = EDGE_CURVE ( 'NONE', #107, #289, #822, .T. ) ;
#17 = ORIENTED_EDGE ( 'NONE', *, *, #724, .T. ) ;
#18 = ORIENTED_EDGE ( 'NONE', *, *, #904, .T. ) ;
#19 = CARTESIAN_POINT ( 'NONE',  ( 110.3667135620120092, 101.7866973876950141, 3.981739997863770419 ) ) ;
#20 = ADVANCED_FACE ( 'NONE', ( #3211 ), #1152, .T. ) ;
#21 = CARTESIAN_POINT ( 'NONE',  ( 74.51279113769530227, 103.0119571686189914, 22.70369815819989867 ) ) ;
#22 = LINE ( 'NONE', #3024, #811 ) ;
#23 = ORIENTED_EDGE ( 'NONE', *, *, #1860, .F. ) ;
#24 = VERTEX_POINT ( 'NONE', #2342 ) ;
#25 = DIRECTION ( 'NONE',  ( 0.000000000000000000, 1.000000000000000000, -1.942890293094029862E-15 ) ) ;
#26 = PLANE ( 'NONE',  #2116 ) ;
#27 = ADVANCED_FACE ( 'NONE', ( #3551 ), #837, .F. ) ;
#28 = FACE_OUTER_BOUND ( 'NONE', #2707, .T. ) ;
#29 = CARTESIAN_POINT ( 'NONE',  ( 75.55343627929690342, 101.7866973876950141, 14.96409320828180078 ) ) ;
#30 = LINE ( 'NONE', #2142, #1297 ) ;
#31 = ORIENTED_EDGE ( 'NONE', *, *, #2769, .F. ) ;
#32 = CARTESIAN_POINT ( 'NONE',  ( 110.2985601806640119, 109.7866973876949999, 6.928203582763694079 ) ) ;
#33 = EDGE_LOOP ( 'NONE', ( #3712, #2903, #777, #1727, #1576, #3542, #2104, #991, #2092, #445 ) ) ;
#34 = ORIENTED_EDGE ( 'NONE', *, *, #3330, .F. ) ;
#35 = AXIS2_PLACEMENT_3D ( 'NONE', #1840, #1280, #2487 ) ;
#36 = DIRECTION ( 'NONE',  ( 0.8660254147996923058, 1.055463145796609119E-15, 0.4999999809210205481 ) ) ;
#37 = FACE_OUTER_BOUND ( 'NONE', #1278, .T. ) ;
#38 = EDGE_CURVE ( 'NONE', #3582, #1726, #2956, .T. ) ;
#39 = ORIENTED_EDGE ( 'NONE', *, *, #3155, .T. ) ;
#40 = VERTEX_POINT ( 'NONE', #2358 ) ;
#41 = CARTESIAN_POINT ( 'NONE',  ( 101.0697129464119968, 103.4866973876950027, 10.96409320826379918 ) ) ;
#42 = VECTOR ( 'NONE', #1863, 1000.000000000000000 ) ;
#43 = DIRECTION ( 'NONE',  ( -0.8660254037844380415, -1.055463186070932336E-15, -0.5000000000000011102 ) ) ;
#44 = PLANE ( 'NONE',  #1408 ) ;
#45 = CARTESIAN_POINT ( 'NONE',  ( 79.05343627929688921, 101.7866973876950141, 5.196151733398440165 ) ) ;
#46 = DIRECTION ( 'NONE',  ( 1.000000000000000000, 0.000000000000000000, 0.000000000000000000 ) ) ;
#47 = ORIENTED_EDGE ( 'NONE', *, *, #263, .F. ) ;
#48 = VECTOR ( 'NONE', #2548, 1000.000000000000000 ) ;
#49 = VECTOR ( 'NONE', #1658, 1000.000000000000114 ) ;
#50 = CARTESIAN_POINT ( 'NONE',  ( 61.05588096930830488, 109.7866973876949999, -35.25062931324013960 ) ) ;
#51 = VECTOR ( 'NONE', #439, 1000.000000000000000 ) ;
#52 = ADVANCED_FACE ( 'NONE', ( #1411 ), #855, .T. ) ;
#53 = ORIENTED_EDGE ( 'NONE', *, *, #311, .T. ) ;
#54 = ADVANCED_FACE ( 'NONE', ( #3270 ), #2081, .T. ) ;
#55 = VERTEX_POINT ( 'NONE', #500 ) ;
#56 = CARTESIAN_POINT ( 'NONE',  ( 110.6213576486681518, 112.7866973876950141, 6.369101703259631542 ) ) ;
#57 = DIRECTION ( 'NONE',  ( -0.7933494551558792907, 0.000000000000000000, -0.6087664921822402153 ) ) ;
#58 = EDGE_LOOP ( 'NONE', ( #3563, #1521, #221, #926, #200, #324 ) ) ;
#59 = LINE ( 'NONE', #3346, #507 ) ;
#60 = VECTOR ( 'NONE', #2608, 1000.000000000000000 ) ;
#61 = LINE ( 'NONE', #928, #3379 ) ;
#62 = EDGE_CURVE ( 'NONE', #1761, #1850, #2677, .T. ) ;
#63 = DIRECTION ( 'NONE',  ( 0.000000000000000000, -0.7933565189577292953, 0.6087572864675002693 ) ) ;
#64 = LINE ( 'NONE', #3311, #1811 ) ;
#65 = DIRECTION ( 'NONE',  ( -0.9238788260947661257, 0.000000000000000000, 0.3826851378009821225 ) ) ;
#66 = ORIENTED_EDGE ( 'NONE', *, *, #2778, .F. ) ;
#67 = VECTOR ( 'NONE', #1134, 1000.000000000000000 ) ;
#68 = DIRECTION ( 'NONE',  ( -1.000000000000000000, 0.000000000000000000, -7.894919286223320169E-16 ) ) ;
#69 = ORIENTED_EDGE ( 'NONE', *, *, #560, .T. ) ;
#70 = EDGE_CURVE ( 'NONE', #3039, #3804, #3589, .T. ) ;
#71 = EDGE_LOOP ( 'NONE', ( #34, #685, #3631, #2523 ) ) ;
#72 = FACE_OUTER_BOUND ( 'NONE', #1982, .T. ) ;
#73 = CARTESIAN_POINT ( 'NONE',  ( 79.05343627929688921, 109.7866973876949999, 1.732050895690919967 ) ) ;
#74 = CC_DESIGN_PERSON_AND_ORGANIZATION_ASSIGNMENT ( #2008, #2382, ( #3016 ) ) ;
#75 = VERTEX_POINT ( 'NONE', #3291 ) ;
#76 = CARTESIAN_POINT ( 'NONE',  ( 111.7809210205080035, 101.7866973876950141, 5.395953178405759942 ) ) ;
#77 = CARTESIAN_POINT ( 'NONE',  ( 113.7127752685550064, 101.7866973876950141, 2.049888610839839753 ) ) ;
#78 = AXIS2_PLACEMENT_3D ( 'NONE', #1393, #2023, #801 ) ;
#79 = CARTESIAN_POINT ( 'NONE',  ( 79.05343627929688921, 109.7866973876949999, 1.732050895690919967 ) ) ;
#80 = ORIENTED_EDGE ( 'NONE', *, *, #1860, .T. ) ;
#81 = DIRECTION ( 'NONE',  ( 0.000000000000000000, 1.000000000000000000, -6.661338147750950089E-16 ) ) ;
#82 = LINE ( 'NONE', #2458, #42 ) ;
#83 = ORIENTED_EDGE ( 'NONE', *, *, #2703, .T. ) ;
#84 = CARTESIAN_POINT ( 'NONE',  ( 112.2985601806639977, 101.7866973876950141, 5.464101791381819950 ) ) ;
#85 = ADVANCED_FACE ( 'NONE', ( #2901 ), #191, .T. ) ;
#86 = CARTESIAN_POINT ( 'NONE',  ( 1.646883729715795671E-15, 112.7866973876949999, 6.369101703259805625 ) ) ;
#87 = ORIENTED_EDGE ( 'NONE', *, *, #1291, .F. ) ;
#88 = LINE ( 'NONE', #1774, #3848 ) ;
#89 = ORIENTED_EDGE ( 'NONE', *, *, #582, .F. ) ;
#90 = CARTESIAN_POINT ( 'NONE',  ( 114.2985601806640119, 109.7866973876949999, 3.464101791381839934 ) ) ;
#91 = DIRECTION ( 'NONE',  ( 0.000000000000000000, 1.000000000000000000, 0.000000000000000000 ) ) ;
#92 = AXIS2_PLACEMENT_3D ( 'NONE', #3209, #2936, #3308 ) ;
#93 = ORIENTED_EDGE ( 'NONE', *, *, #861, .F. ) ;
#94 = CARTESIAN_POINT ( 'NONE',  ( 116.7985601806640119, 107.7866973876949999, 14.96409320831480017 ) ) ;
#95 = EDGE_CURVE ( 'NONE', #1231, #1850, #2001, .T. ) ;
#96 = DIRECTION ( 'NONE',  ( -1.000000000000000000, 6.890925942754160213E-16, 0.000000000000000000 ) ) ;
#97 = AXIS2_PLACEMENT_3D ( 'NONE', #2651, #219, #3523 ) ;
#98 = EDGE_CURVE ( 'NONE', #1562, #2667, #3831, .T. ) ;
#99 = DIRECTION ( 'NONE',  ( -0.7933548705567958770, 0.000000000000000000, -0.6087594347226248370 ) ) ;
#100 = AXIS2_PLACEMENT_3D ( 'NONE', #1215, #3630, #2215 ) ;
#101 = VERTEX_POINT ( 'NONE', #2698 ) ;
#102 = CARTESIAN_POINT ( 'NONE',  ( 113.2985601806639977, 109.7866973876949999, 1.732050895690919967 ) ) ;
#103 = DIRECTION ( 'NONE',  ( -0.000000000000000000, 0.4067565431084181893, 0.9135365973175292309 ) ) ;
#104 = ORIENTED_EDGE ( 'NONE', *, *, #2974, .T. ) ;
#105 = CYLINDRICAL_SURFACE ( 'NONE', #183, 2.750000000000002665 ) ;
#106 = FACE_BOUND ( 'NONE', #2000, .T. ) ;
#107 = VERTEX_POINT ( 'NONE', #1265 ) ;
#108 = EDGE_CURVE ( 'NONE', #1231, #593, #655, .T. ) ;
#109 = VECTOR ( 'NONE', #2604, 1000.000000000000000 ) ;
#110 = CC_DESIGN_APPROVAL ( #1585, ( #3016 ) ) ;
#111 = VECTOR ( 'NONE', #3442, 1000.000000000000114 ) ;
#112 = LINE ( 'NONE', #1398, #2655 ) ;
#113 = ORIENTED_EDGE ( 'NONE', *, *, #16, .F. ) ;
#114 = PLANE ( 'NONE',  #1183 ) ;
#115 = CARTESIAN_POINT ( 'NONE',  ( 84.55343627929690342, 107.7866973876949999, 22.99834838098309930 ) ) ;
#116 = VERTEX_POINT ( 'NONE', #2138 ) ;
#117 = LINE ( 'NONE', #2825, #2063 ) ;
#118 = LINE ( 'NONE', #3464, #226 ) ;
#119 = ADVANCED_FACE ( 'NONE', ( #28 ), #3628, .F. ) ;
#120 = DIRECTION ( 'NONE',  ( 0.000000000000000000, 0.000000000000000000, -1.000000000000000000 ) ) ;
#121 = ORIENTED_EDGE ( 'NONE', *, *, #2733, .T. ) ;
#122 = DIRECTION ( 'NONE',  ( 1.000000000000000000, 0.000000000000000000, 0.000000000000000000 ) ) ;
#123 = ORIENTED_EDGE ( 'NONE', *, *, #395, .F. ) ;
#124 = DIRECTION ( 'NONE',  ( 0.6542513732184979114, -0.5347687073097139310, -0.5347687073156088822 ) ) ;
#125 = ORIENTED_EDGE ( 'NONE', *, *, #2843, .F. ) ;
#126 = AXIS2_PLACEMENT_3D ( 'NONE', #3633, #3036, #2124 ) ;
#127 = CARTESIAN_POINT ( 'NONE',  ( 110.5665121459960005, 101.7866973876950141, 4.464101791381840378 ) ) ;
#128 = DIRECTION ( 'NONE',  ( 0.000000000000000000, 1.000000000000000000, -7.771561172376110574E-16 ) ) ;
#129 = ORIENTED_EDGE ( 'NONE', *, *, #1700, .T. ) ;
#130 = VECTOR ( 'NONE', #2036, 1000.000000000000114 ) ;
#131 = LINE ( 'NONE', #2564, #3348 ) ;
#132 = VERTEX_POINT ( 'NONE', #912 ) ;
#133 = LINE ( 'NONE', #1602, #1673 ) ;
#134 = DIRECTION ( 'NONE',  ( -0.9914448304674222667, 0.000000000000000000, 0.1305264269771610197 ) ) ;
#135 = ADVANCED_FACE ( 'NONE', ( #2118 ), #44, .T. ) ;
#136 = ORIENTED_EDGE ( 'NONE', *, *, #3889, .T. ) ;
#137 = DIRECTION ( 'NONE',  ( -0.3826922874341529002, -2.721829519406329219E-14, 0.9238758645718676554 ) ) ;
#138 = LINE ( 'NONE', #3441, #1422 ) ;
#139 = DIRECTION ( 'NONE',  ( -1.000000000000000000, 0.000000000000000000, 0.000000000000000000 ) ) ;
#140 = ORIENTED_EDGE ( 'NONE', *, *, #2029, .F. ) ;
#141 = FACE_OUTER_BOUND ( 'NONE', #2720, .T. ) ;
#142 = CARTESIAN_POINT ( 'NONE',  ( 108.9441551166722775, 99.20369191267897691, 3.464101703259661491 ) ) ;
#143 = ORIENTED_EDGE ( 'NONE', *, *, #799, .F. ) ;
#144 = EDGE_CURVE ( 'NONE', #2271, #1508, #1250, .T. ) ;
#145 = CARTESIAN_POINT ( 'NONE',  ( 110.1783721745929796, 110.2335731595149468, 6.720031839197074142 ) ) ;
#146 = FACE_OUTER_BOUND ( 'NONE', #2407, .T. ) ;
#147 = EDGE_LOOP ( 'NONE', ( #3306, #3566, #770, #865 ) ) ;
#148 = CYLINDRICAL_SURFACE ( 'NONE', #2899, 3.000000000000002665 ) ;
#149 = ADVANCED_FACE ( 'NONE', ( #1802 ), #3331, .T. ) ;
#150 = DIRECTION ( 'NONE',  ( 0.000000000000000000, 1.000000000000000000, 1.137978600240789990E-15 ) ) ;
#151 = ORIENTED_EDGE ( 'NONE', *, *, #2482, .F. ) ;
#152 = LINE ( 'NONE', #3675, #1682 ) ;
#153 = LINE ( 'NONE', #1583, #1358 ) ;
#154 = VERTEX_POINT ( 'NONE', #338 ) ;
#155 = DIRECTION ( 'NONE',  ( -0.9238788260947659037, 0.000000000000000000, 0.3826851378009829552 ) ) ;
#156 = DIRECTION ( 'NONE',  ( -0.1305212769253910332, -2.721840834488461012E-14, 0.9914455084722333389 ) ) ;
#157 = EDGE_CURVE ( 'NONE', #3187, #3674, #1481, .T. ) ;
#158 = VECTOR ( 'NONE', #3145, 1000.000000000000000 ) ;
#159 = EDGE_CURVE ( 'NONE', #2231, #304, #2472, .T. ) ;
#160 = FACE_OUTER_BOUND ( 'NONE', #3655, .T. ) ;
#161 = ORIENTED_EDGE ( 'NONE', *, *, #3023, .T. ) ;
#162 = DIRECTION ( 'NONE',  ( 0.000000000000000000, 1.000000000000000000, 0.000000000000000000 ) ) ;
#163 = ORIENTED_EDGE ( 'NONE', *, *, #3193, .T. ) ;
#164 = AXIS2_PLACEMENT_3D ( 'NONE', #3117, #2504, #3159 ) ;
#165 = DIRECTION ( 'NONE',  ( 1.776356839400250070E-15, 1.000000000000000000, -4.440892098500630106E-16 ) ) ;
#166 = ORIENTED_EDGE ( 'NONE', *, *, #552, .T. ) ;
#167 = VECTOR ( 'NONE', #1047, 1000.000000000000000 ) ;
#168 = PLANE ( 'NONE',  #2069 ) ;
#169 = CARTESIAN_POINT ( 'NONE',  ( 111.7809210205080035, 109.7866973876949999, 5.395953178405759942 ) ) ;
#170 = VERTEX_POINT ( 'NONE', #1859 ) ;
#171 = DIRECTION ( 'NONE',  ( 0.000000000000000000, -0.9135365973175252341, 0.4067565431084271266 ) ) ;
#172 = EDGE_CURVE ( 'NONE', #3491, #3168, #3009, .T. ) ;
#173 = DIRECTION ( 'NONE',  ( 0.000000000000000000, -1.000000000000000000, 0.000000000000000000 ) ) ;
#174 = EDGE_LOOP ( 'NONE', ( #1830, #1655, #2338, #1368 ) ) ;
#175 = EDGE_CURVE ( 'NONE', #834, #2464, #637, .T. ) ;
#176 = CARTESIAN_POINT ( 'NONE',  ( 113.9757627126598578, 99.20369191267897691, 0.5591017032596637959 ) ) ;
#177 = CARTESIAN_POINT ( 'NONE',  ( 107.7985601806639977, 103.4866973876950027, 10.96409320826379918 ) ) ;
#178 = VECTOR ( 'NONE', #3085, 1000.000000000000000 ) ;
#179 = VECTOR ( 'NONE', #1440, 1000.000000000000000 ) ;
#180 = VECTOR ( 'NONE', #2379, 1000.000000000000114 ) ;
#181 = ORIENTED_EDGE ( 'NONE', *, *, #815, .T. ) ;
#182 = CARTESIAN_POINT ( 'NONE',  ( 74.51279113769530227, 108.7919330597279952, 17.84175968169499882 ) ) ;
#183 = AXIS2_PLACEMENT_3D ( 'NONE', #739, #1058, #3152 ) ;
#184 = DIRECTION ( 'NONE',  ( 0.9914450668446498360, 0.000000000000000000, 0.1305246315045849592 ) ) ;
#185 = LINE ( 'NONE', #2966, #869 ) ;
#186 = ORIENTED_EDGE ( 'NONE', *, *, #1448, .F. ) ;
#187 = DIRECTION ( 'NONE',  ( -1.000000000000000000, 0.000000000000000000, 0.000000000000000000 ) ) ;
#188 = EDGE_CURVE ( 'NONE', #116, #402, #1842, .T. ) ;
#189 = CARTESIAN_POINT ( 'NONE',  ( 78.05343627929690342, 109.7866973876949999, 3.464101791381839934 ) ) ;
#190 = ORIENTED_EDGE ( 'NONE', *, *, #1737, .T. ) ;
#191 = PLANE ( 'NONE',  #78 ) ;
#192 = LINE ( 'NONE', #1961, #109 ) ;
#193 = ORIENTED_EDGE ( 'NONE', *, *, #3241, .F. ) ;
#194 = VECTOR ( 'NONE', #1923, 1000.000000000000000 ) ;
#195 = CARTESIAN_POINT ( 'NONE',  ( 81.78548431396480112, 101.7866973876950141, 4.464101791381840378 ) ) ;
#196 = CARTESIAN_POINT ( 'NONE',  ( 84.55343627929690342, 111.1757812500000142, 8.920721054077150214 ) ) ;
#197 = LINE ( 'NONE', #1666, #3268 ) ;
#198 = CARTESIAN_POINT ( 'NONE',  ( 80.05343627929690342, 109.7866973876949999, 5.464101791381840378 ) ) ;
#199 = EDGE_CURVE ( 'NONE', #1848, #1148, #1780, .T. ) ;
#200 = ORIENTED_EDGE ( 'NONE', *, *, #2079, .F. ) ;
#201 = CARTESIAN_POINT ( 'NONE',  ( 107.7985601806639977, 111.1757812500000142, 8.920721054077150214 ) ) ;
#202 = CARTESIAN_POINT ( 'NONE',  ( 110.8843527221680034, 109.7866973876949999, 2.049888610839839753 ) ) ;
#203 = DIRECTION ( 'NONE',  ( 0.000000000000000000, 1.000000000000000000, -6.661338147750950089E-16 ) ) ;
#204 = ORIENTED_EDGE ( 'NONE', *, *, #3164, .T. ) ;
#205 = CARTESIAN_POINT ( 'NONE',  ( 74.51279113769530227, 107.0923862457719906, 20.37159252163879941 ) ) ;
#206 = DIRECTION ( 'NONE',  ( -0.5000000000000011102, 4.137183060205601754E-15, 0.8660254037844379305 ) ) ;
#207 = ORIENTED_EDGE ( 'NONE', *, *, #2397, .F. ) ;
#208 = VERTEX_POINT ( 'NONE', #1501 ) ;
#209 = LINE ( 'NONE', #1121, #2505 ) ;
#210 = VERTEX_POINT ( 'NONE', #277 ) ;
#211 = PERSON_AND_ORGANIZATION ( #2108, #2327 ) ;
#212 = VECTOR ( 'NONE', #2096, 1000.000000000000000 ) ;
#213 = EDGE_CURVE ( 'NONE', #794, #1293, #3368, .T. ) ;
#214 = LINE ( 'NONE', #1415, #3725 ) ;
#215 = DIRECTION ( 'NONE',  ( -0.000000000000000000, 1.000000000000000000, 0.000000000000000000 ) ) ;
#216 = DIRECTION ( 'NONE',  ( 0.000000000000000000, -0.7071067811904440115, 0.7071067811826510230 ) ) ;
#217 = ORIENTED_EDGE ( 'NONE', *, *, #3879, .F. ) ;
#218 = DIRECTION ( 'NONE',  ( 1.000000000000000000, 0.000000000000000000, -3.288788408979890074E-16 ) ) ;
#219 = DIRECTION ( 'NONE',  ( -0.000000000000000000, 1.000000000000000000, 0.000000000000000000 ) ) ;
#220 = CARTESIAN_POINT ( 'NONE',  ( 114.0306158447269951, 109.7866973876949999, 4.464101791381840378 ) ) ;
#221 = ORIENTED_EDGE ( 'NONE', *, *, #38, .F. ) ;
#222 = ADVANCED_FACE ( 'NONE', ( #1212 ), #3310, .T. ) ;
#223 = FACE_OUTER_BOUND ( 'NONE', #2819, .T. ) ;
#224 = PLANE ( 'NONE',  #2492 ) ;
#225 = EDGE_LOOP ( 'NONE', ( #1902, #204, #2062, #3489 ) ) ;
#226 = VECTOR ( 'NONE', #2868, 1000.000000000000000 ) ;
#227 = CARTESIAN_POINT ( 'NONE',  ( 81.78548431396480112, 101.7866973876950141, 4.464101791381840378 ) ) ;
#228 = VERTEX_POINT ( 'NONE', #3049 ) ;
#229 = APPLICATION_PROTOCOL_DEFINITION ( 'international standard', 'config_control_design', 1994, #1650 ) ;
#230 = CARTESIAN_POINT ( 'NONE',  ( 116.7985601806640119, 108.1757812500000000, 8.920721054077150214 ) ) ;
#231 = VECTOR ( 'NONE', #476, 1000.000000000000000 ) ;
#232 = EDGE_CURVE ( 'NONE', #2888, #1208, #2770, .T. ) ;
#233 = EDGE_CURVE ( 'NONE', #3827, #1161, #1169, .T. ) ;
#234 = DIRECTION ( 'NONE',  ( 1.000000000000000000, 0.000000000000000000, 0.000000000000000000 ) ) ;
#235 = VERTEX_POINT ( 'NONE', #1518 ) ;
#236 = VERTEX_POINT ( 'NONE', #1050 ) ;
#237 = LINE ( 'NONE', #2889, #2758 ) ;
#238 = CARTESIAN_POINT ( 'NONE',  ( 74.51279113769530227, 107.9337940216470031, 19.17189693449130061 ) ) ;
#239 = VECTOR ( 'NONE', #3666, 1000.000000000000114 ) ;
#240 = AXIS2_PLACEMENT_3D ( 'NONE', #3199, #487, #1692 ) ;
#241 = PLANE ( 'NONE',  #3397 ) ;
#242 = ORIENTED_EDGE ( 'NONE', *, *, #1248, .F. ) ;
#243 = FACE_OUTER_BOUND ( 'NONE', #818, .T. ) ;
#244 = LINE ( 'NONE', #820, #3061 ) ;
#245 = ORIENTED_EDGE ( 'NONE', *, *, #1192, .T. ) ;
#246 = ADVANCED_FACE ( 'NONE', ( #160 ), #2849, .T. ) ;
#247 = CARTESIAN_POINT ( 'NONE',  ( 0.000000000000000000, 109.7866973876949999, 0.5591017032597904723 ) ) ;
#248 = CARTESIAN_POINT ( 'NONE',  ( 80.57107543945309658, 109.7866973876949999, 1.532249450683589975 ) ) ;
#249 = ORIENTED_EDGE ( 'NONE', *, *, #2911, .T. ) ;
#250 = PERSON_AND_ORGANIZATION ( #2108, #2327 ) ;
#251 = BREP_WITH_VOIDS ( 'NONE', #875, ( #1765, #1020, #2058, #486 ) );
#252 = DIRECTION ( 'NONE',  ( -0.000000000000000000, 0.5856545783588591458, 0.8105607409980493117 ) ) ;
#253 = EDGE_LOOP ( 'NONE', ( #3057, #69, #2229, #1920 ) ) ;
#254 = DIRECTION ( 'NONE',  ( 0.4999999999999999445, 0.000000000000000000, -0.8660254037844387076 ) ) ;
#255 = DIRECTION ( 'NONE',  ( 1.000000000000000000, 0.000000000000000000, 0.000000000000000000 ) ) ;
#256 = VECTOR ( 'NONE', #162, 1000.000000000000000 ) ;
#257 = DIRECTION ( 'NONE',  ( -0.6087657977602108916, 2.721830677425748872E-14, 0.7933499880112017122 ) ) ;
#258 = ORIENTED_EDGE ( 'NONE', *, *, #1418, .F. ) ;
#259 = LINE ( 'NONE', #3811, #697 ) ;
#260 = PLANE ( 'NONE',  #792 ) ;
#261 = DIRECTION ( 'NONE',  ( -0.000000000000000000, 0.2224526363621350533, 0.9749434981451672311 ) ) ;
#262 = DIRECTION ( 'NONE',  ( 0.000000000000000000, -0.7933529235767839971, -0.6087619720811819901 ) ) ;
#263 = EDGE_CURVE ( 'NONE', #2741, #2084, #2252, .T. ) ;
#264 = ORIENTED_EDGE ( 'NONE', *, *, #1158, .F. ) ;
#265 = CARTESIAN_POINT ( 'NONE',  ( 82.05343627929690342, 101.7866973876950141, 3.464101791381839934 ) ) ;
#266 = EDGE_CURVE ( 'NONE', #1498, #2231, #1008, .T. ) ;
#267 = ORIENTED_EDGE ( 'NONE', *, *, #591, .F. ) ;
#268 = LINE ( 'NONE', #2393, #1743 ) ;
#269 = DIRECTION ( 'NONE',  ( 0.000000000000000000, 0.000000000000000000, -1.000000000000000000 ) ) ;
#270 = DIRECTION ( 'NONE',  ( 2.585739412628516873E-16, 2.110926372141859940E-15, 1.000000000000000000 ) ) ;
#271 = EDGE_LOOP ( 'NONE', ( #3261, #1528, #962, #2045 ) ) ;
#272 = ORIENTED_EDGE ( 'NONE', *, *, #287, .F. ) ;
#273 = CARTESIAN_POINT ( 'NONE',  ( 76.69903121530518320, 112.7866973876949999, 3.464101703259812037 ) ) ;
#274 = LINE ( 'NONE', #3266, #3319 ) ;
#275 = ORIENTED_EDGE ( 'NONE', *, *, #1989, .F. ) ;
#276 = EDGE_CURVE ( 'NONE', #2160, #116, #1589, .T. ) ;
#277 = CARTESIAN_POINT ( 'NONE',  ( 116.7985601806640119, 111.1757812500000142, 8.920721054077150214 ) ) ;
#278 = DIRECTION ( 'NONE',  ( 0.1305356407157059195, 0.000000000000000000, -0.9914436174099564569 ) ) ;
#279 = CARTESIAN_POINT ( 'NONE',  ( 111.7809210205080035, 101.7866973876950141, 1.532249450683589975 ) ) ;
#280 = ORIENTED_EDGE ( 'NONE', *, *, #1315, .F. ) ;
#281 = VECTOR ( 'NONE', #3229, 1000.000000000000000 ) ;
#282 = DIRECTION ( 'NONE',  ( 0.000000000000000000, 1.000000000000000000, 0.000000000000000000 ) ) ;
#283 = ORIENTED_EDGE ( 'NONE', *, *, #1383, .T. ) ;
#284 = AXIS2_PLACEMENT_3D ( 'NONE', #2728, #329, #2689 ) ;
#285 = EDGE_CURVE ( 'NONE', #1088, #2259, #1281, .T. ) ;
#286 = AXIS2_PLACEMENT_3D ( 'NONE', #182, #3841, #3823 ) ;
#287 = EDGE_CURVE ( 'NONE', #2088, #3674, #1932, .T. ) ;
#288 = ORIENTED_EDGE ( 'NONE', *, *, #2909, .F. ) ;
#289 = VERTEX_POINT ( 'NONE', #3087 ) ;
#290 = CARTESIAN_POINT ( 'NONE',  ( 117.7227911376949976, 103.4956226349320048, 22.95279979699569850 ) ) ;
#291 = FACE_OUTER_BOUND ( 'NONE', #2381, .T. ) ;
#292 = LINE ( 'NONE', #2818, #3412 ) ;
#293 = ORIENTED_EDGE ( 'NONE', *, *, #1584, .T. ) ;
#294 = EDGE_LOOP ( 'NONE', ( #3215, #3620, #453, #2355, #151, #1454 ) ) ;
#295 = DIRECTION ( 'NONE',  ( 0.000000000000000000, 1.000000000000000000, 5.506064073066170470E-12 ) ) ;
#296 = DIRECTION ( 'NONE',  ( 0.9238788260947646824, 0.000000000000000000, 0.3826851378009858418 ) ) ;
#297 = ORIENTED_EDGE ( 'NONE', *, *, #3317, .F. ) ;
#298 = AXIS2_PLACEMENT_3D ( 'NONE', #3272, #1153, #2359 ) ;
#299 = VECTOR ( 'NONE', #2111, 1000.000000000000000 ) ;
#300 = DIRECTION ( 'NONE',  ( -0.9238788260947626840, 2.721843625684479034E-14, -0.3826851378009908933 ) ) ;
#301 = EDGE_CURVE ( 'NONE', #1148, #1165, #3165, .T. ) ;
#302 = CARTESIAN_POINT ( 'NONE',  ( 80.57107543945309658, 101.7866973876950141, 5.395953178405759942 ) ) ;
#303 = FACE_OUTER_BOUND ( 'NONE', #1359, .T. ) ;
#304 = VERTEX_POINT ( 'NONE', #432 ) ;
#305 = ADVANCED_FACE ( 'NONE', ( #1029, #393 ), #2489, .T. ) ;
#306 = CARTESIAN_POINT ( 'NONE',  ( 82.17362428536796415, 110.2335731595150889, 6.720031839197034174 ) ) ;
#307 = ORIENTED_EDGE ( 'NONE', *, *, #602, .F. ) ;
#308 = ORIENTED_EDGE ( 'NONE', *, *, #2579, .T. ) ;
#309 = VERTEX_POINT ( 'NONE', #3789 ) ;
#310 = DIRECTION ( 'NONE',  ( 0.000000000000000000, -0.7933529235767839971, -0.6087619720811819901 ) ) ;
#311 = EDGE_CURVE ( 'NONE', #101, #3334, #3146, .T. ) ;
#312 = CARTESIAN_POINT ( 'NONE',  ( 116.7985601806640119, 112.7866973876949999, 0.000000000000000000 ) ) ;
#313 = AXIS2_PLACEMENT_3D ( 'NONE', #230, #2664, #2348 ) ;
#314 = DIRECTION ( 'NONE',  ( 0.000000000000000000, -0.5183305712307071378, 0.8551803429263611367 ) ) ;
#315 = VERTEX_POINT ( 'NONE', #2228 ) ;
#316 = PLANE ( 'NONE',  #3224 ) ;
#317 = CARTESIAN_POINT ( 'NONE',  ( 74.51279113769530227, 103.4956226349320048, 22.95279979699569850 ) ) ;
#318 = VECTOR ( 'NONE', #2987, 1000.000000000000000 ) ;
#319 = CARTESIAN_POINT ( 'NONE',  ( 117.7227911376949976, 107.9337940216470031, 19.17189693449130061 ) ) ;
#320 = CARTESIAN_POINT ( 'NONE',  ( 113.7127752685550064, 101.7866973876950141, 4.878314971923840559 ) ) ;
#321 = DIRECTION ( 'NONE',  ( 0.5000000000000001110, 0.000000000000000000, -0.8660254037844384856 ) ) ;
#322 = ORIENTED_EDGE ( 'NONE', *, *, #499, .T. ) ;
#323 = DIRECTION ( 'NONE',  ( -0.4999999809210200485, 0.000000000000000000, -0.8660254147996925278 ) ) ;
#324 = ORIENTED_EDGE ( 'NONE', *, *, #804, .F. ) ;
#325 = ADVANCED_FACE ( 'NONE', ( #410 ), #3426, .T. ) ;
#326 = EDGE_CURVE ( 'NONE', #1331, #894, #733, .T. ) ;
#327 = VERTEX_POINT ( 'NONE', #1913 ) ;
#328 = CARTESIAN_POINT ( 'NONE',  ( 74.51279113769530227, 101.0301303863630125, 19.39532756799249924 ) ) ;
#329 = DIRECTION ( 'NONE',  ( 0.000000000000000000, -1.000000000000000000, 0.000000000000000000 ) ) ;
#330 = CARTESIAN_POINT ( 'NONE',  ( 107.7985601806639977, 101.7866973876950141, 5.088318201762800359E-16 ) ) ;
#331 = VERTEX_POINT ( 'NONE', #1342 ) ;
#332 = VERTEX_POINT ( 'NONE', #376 ) ;
#333 = CARTESIAN_POINT ( 'NONE',  ( 112.8161993408200061, 101.7866973876950141, 5.395953178405759942 ) ) ;
#334 = DIRECTION ( 'NONE',  ( 0.000000000000000000, -0.7071067811826510230, -0.7071067811904440115 ) ) ;
#335 = ORIENTED_EDGE ( 'NONE', *, *, #3913, .T. ) ;
#336 = ADVANCED_FACE ( 'NONE', ( #2869 ), #3386, .T. ) ;
#337 = PRODUCT_DEFINITION_SHAPE ( 'NONE', 'NONE',  #2175 ) ;
#338 = CARTESIAN_POINT ( 'NONE',  ( 74.51279113769530227, 106.2732944488989943, 21.39736461635580156 ) ) ;
#339 = ORIENTED_EDGE ( 'NONE', *, *, #3059, .F. ) ;
#340 = DIRECTION ( 'NONE',  ( 0.000000000000000000, -2.600766833739420028E-15, -1.000000000000000000 ) ) ;
#341 = LINE ( 'NONE', #2772, #2317 ) ;
#342 = ORIENTED_EDGE ( 'NONE', *, *, #3225, .T. ) ;
#343 = CARTESIAN_POINT ( 'NONE',  ( 114.2985601806640119, 99.20369191267897691, 6.928203582763694968 ) ) ;
#344 = ORIENTED_EDGE ( 'NONE', *, *, #2397, .T. ) ;
#345 = VECTOR ( 'NONE', #1729, 1000.000000000000000 ) ;
#346 = EDGE_CURVE ( 'NONE', #402, #533, #755, .T. ) ;
#347 = ORIENTED_EDGE ( 'NONE', *, *, #1254, .F. ) ;
#348 = AXIS2_PLACEMENT_3D ( 'NONE', #1163, #512, #269 ) ;
#349 = ADVANCED_FACE ( 'NONE', ( #1953, #1321 ), #1572, .F. ) ;
#350 = CARTESIAN_POINT ( 'NONE',  ( 110.6213576486681518, 99.20369191267897691, 0.5591017032596640179 ) ) ;
#351 = DIRECTION ( 'NONE',  ( -0.5000000000000026645, 0.000000000000000000, -0.8660254037844372643 ) ) ;
#352 = VECTOR ( 'NONE', #155, 1000.000000000000114 ) ;
#353 = ORIENTED_EDGE ( 'NONE', *, *, #3714, .F. ) ;
#354 = DIRECTION ( 'NONE',  ( 1.000000000000000000, 0.000000000000000000, 0.000000000000000000 ) ) ;
#355 = VECTOR ( 'NONE', #321, 1000.000000000000227 ) ;
#356 = PLANE ( 'NONE',  #35 ) ;
#357 = DIRECTION ( 'NONE',  ( -1.000000000000000000, 0.000000000000000000, 0.000000000000000000 ) ) ;
#358 = DIRECTION ( 'NONE',  ( -0.6328635146004260026, 0.000000000000000000, 0.7742633737221440438 ) ) ;
#359 = CARTESIAN_POINT ( 'NONE',  ( 113.2985601806639977, 101.7866973876950141, 5.196151733398440165 ) ) ;
#360 = VERTEX_POINT ( 'NONE', #3406 ) ;
#361 = EDGE_CURVE ( 'NONE', #2854, #3810, #694, .T. ) ;
#362 = AXIS2_PLACEMENT_3D ( 'NONE', #2, #36, #2980 ) ;
#363 = VECTOR ( 'NONE', #3719, 1000.000000000000114 ) ;
#364 = AXIS2_PLACEMENT_3D ( 'NONE', #1330, #2539, #399 ) ;
#365 = CARTESIAN_POINT ( 'NONE',  ( 75.55343627929690342, 110.1203045837639962, 11.36528501675970126 ) ) ;
#366 = VECTOR ( 'NONE', #2812, 1000.000000000000000 ) ;
#367 = ORIENTED_EDGE ( 'NONE', *, *, #2430, .F. ) ;
#368 = EDGE_LOOP ( 'NONE', ( #3903, #2934, #2016, #1380 ) ) ;
#369 = LINE ( 'NONE', #3138, #478 ) ;
#370 = CARTESIAN_POINT ( 'NONE',  ( 80.57107543945309658, 109.7866973876949999, 1.532249450683589975 ) ) ;
#371 = ORIENTED_EDGE ( 'NONE', *, *, #1369, .F. ) ;
#372 = LINE ( 'NONE', #2867, #352 ) ;
#373 = AXIS2_PLACEMENT_3D ( 'NONE', #1488, #1197, #900 ) ;
#374 = CARTESIAN_POINT ( 'NONE',  ( 79.05343627929688921, 101.7866973876950141, 1.732050895690919967 ) ) ;
#375 = EDGE_CURVE ( 'NONE', #3814, #2163, #1972, .T. ) ;
#376 = CARTESIAN_POINT ( 'NONE',  ( 78.05343627929688921, 109.7866973876949999, 6.928203582763671875 ) ) ;
#377 = ORIENTED_EDGE ( 'NONE', *, *, #509, .F. ) ;
#378 = CARTESIAN_POINT ( 'NONE',  ( 78.32138824462889204, 101.7866973876950141, 2.464101791381839934 ) ) ;
#379 = DIRECTION ( 'NONE',  ( 0.000000000000000000, -0.9998385936029987597, -0.01796626677908969710 ) ) ;
#380 = ORIENTED_EDGE ( 'NONE', *, *, #7, .F. ) ;
#381 = ADVANCED_FACE ( 'NONE', ( #513 ), #241, .T. ) ;
#382 = LINE ( 'NONE', #3074, #551 ) ;
#383 = ORIENTED_EDGE ( 'NONE', *, *, #1201, .T. ) ;
#384 = EDGE_CURVE ( 'NONE', #236, #1854, #3865, .T. ) ;
#385 = ORIENTED_EDGE ( 'NONE', *, *, #1484, .T. ) ;
#386 = EDGE_CURVE ( 'NONE', #1812, #2267, #3826, .T. ) ;
#387 = PLANE ( 'NONE',  #2445 ) ;
#388 = FACE_OUTER_BOUND ( 'NONE', #3247, .T. ) ;
#389 = ORIENTED_EDGE ( 'NONE', *, *, #2789, .F. ) ;
#390 = CARTESIAN_POINT ( 'NONE',  ( 107.7985601806639977, 110.8320770263670028, 10.13247299194340023 ) ) ;
#391 = FACE_OUTER_BOUND ( 'NONE', #1242, .T. ) ;
#392 = VECTOR ( 'NONE', #2734, 1000.000000000000114 ) ;
#393 = FACE_BOUND ( 'NONE', #33, .T. ) ;
#394 = DIRECTION ( 'NONE',  ( 3.552713678800510396E-15, 1.000000000000000000, 1.776356839400250070E-15 ) ) ;
#395 = EDGE_CURVE ( 'NONE', #3641, #718, #2576, .T. ) ;
#396 = CARTESIAN_POINT ( 'NONE',  ( 114.6093377912594775, 109.7866973876949999, 6.389920943971090672 ) ) ;
#397 = ORIENTED_EDGE ( 'NONE', *, *, #3611, .F. ) ;
#398 = CARTESIAN_POINT ( 'NONE',  ( 110.0741113302871526, 110.0216071502810706, 6.539446750430582433 ) ) ;
#399 = DIRECTION ( 'NONE',  ( 0.000000000000000000, 0.3826749855670500966, -0.9238830312443551129 ) ) ;
#400 = ORIENTED_EDGE ( 'NONE', *, *, #2995, .F. ) ;
#401 = CARTESIAN_POINT ( 'NONE',  ( 114.2304144287110006, 101.7866973876950141, 2.946463584899900123 ) ) ;
#402 = VERTEX_POINT ( 'NONE', #3504 ) ;
#403 = LINE ( 'NONE', #2183, #1243 ) ;
#404 = PLANE ( 'NONE',  #3204 ) ;
#405 = EDGE_CURVE ( 'NONE', #2440, #2271, #1112, .T. ) ;
#406 = VECTOR ( 'NONE', #206, 1000.000000000000114 ) ;
#407 = ORIENTED_EDGE ( 'NONE', *, *, #16, .T. ) ;
#408 = LINE ( 'NONE', #1569, #1176 ) ;
#409 = DIRECTION ( 'NONE',  ( 0.000000000000000000, 1.000000000000000000, 0.000000000000000000 ) ) ;
#410 = FACE_OUTER_BOUND ( 'NONE', #3651, .T. ) ;
#411 = VECTOR ( 'NONE', #936, 1000.000000000000000 ) ;
#412 = ORIENTED_EDGE ( 'NONE', *, *, #2477, .T. ) ;
#413 = DIRECTION ( 'NONE',  ( -0.6087605843998431521, 0.000000000000000000, 0.7933539883817070093 ) ) ;
#414 = CARTESIAN_POINT ( 'NONE',  ( 110.5665121459960005, 101.7866973876950141, 2.464101791381910100 ) ) ;
#415 = VERTEX_POINT ( 'NONE', #220 ) ;
#416 = PLANE ( 'NONE',  #2450 ) ;
#417 = CARTESIAN_POINT ( 'NONE',  ( 96.17599822998050740, 107.4866973877000049, 14.96409320826940181 ) ) ;
#418 = ORIENTED_EDGE ( 'NONE', *, *, #3598, .F. ) ;
#419 = PLANE ( 'NONE',  #1879 ) ;
#420 = AXIS2_PLACEMENT_3D ( 'NONE', #3051, #2771, #598 ) ;
#421 = EDGE_CURVE ( 'NONE', #3804, #2398, #185, .T. ) ;
#422 = LOCAL_TIME ( 11, 22, 49.00000000000000000, #841 ) ;
#423 = AXIS2_PLACEMENT_3D ( 'NONE', #3103, #2574, #139 ) ;
#424 = LINE ( 'NONE', #3136, #194 ) ;
#425 = ORIENTED_EDGE ( 'NONE', *, *, #326, .F. ) ;
#426 = FACE_OUTER_BOUND ( 'NONE', #174, .T. ) ;
#427 = FACE_OUTER_BOUND ( 'NONE', #3137, .T. ) ;
#428 = ORIENTED_EDGE ( 'NONE', *, *, #3317, .T. ) ;
#429 = EDGE_CURVE ( 'NONE', #2271, #1641, #2916, .T. ) ;
#430 = CARTESIAN_POINT ( 'NONE',  ( 117.7227911376949976, 100.5210742950440022, 18.00437259668209933 ) ) ;
#431 = CARTESIAN_POINT ( 'NONE',  ( 80.05343627929690342, 109.7866973876949999, 1.464101791381839934 ) ) ;
#432 = CARTESIAN_POINT ( 'NONE',  ( 117.7227911376949976, 103.3315372467470041, 22.89210414880160371 ) ) ;
#433 = EDGE_LOOP ( 'NONE', ( #3661, #407 ) ) ;
#434 = CARTESIAN_POINT ( 'NONE',  ( 75.59343627929690967, 108.1757812500000000, 8.920721054077150214 ) ) ;
#435 = EDGE_CURVE ( 'NONE', #1388, #1413, #774, .T. ) ;
#436 = LINE ( 'NONE', #3793, #1119 ) ;
#437 = VERTEX_POINT ( 'NONE', #3243 ) ;
#438 = VECTOR ( 'NONE', #484, 1000.000000000000114 ) ;
#439 = DIRECTION ( 'NONE',  ( -1.000000000000000000, 0.000000000000000000, 1.084202172485503645E-15 ) ) ;
#440 = LINE ( 'NONE', #761, #49 ) ;
#441 = VERTEX_POINT ( 'NONE', #1132 ) ;
#442 = DIRECTION ( 'NONE',  ( 0.000000000000000000, -0.8105607409980488676, 0.5856545783588599230 ) ) ;
#443 = AXIS2_PLACEMENT_3D ( 'NONE', #434, #122, #1283 ) ;
#444 = CARTESIAN_POINT ( 'NONE',  ( 81.46765136718750000, 109.7866973876949999, 4.878314971923830790 ) ) ;
#445 = ORIENTED_EDGE ( 'NONE', *, *, #667, .F. ) ;
#446 = DIRECTION ( 'NONE',  ( -0.1305212769253860094, 0.000000000000000000, 0.9914455084722340050 ) ) ;
#447 = EDGE_CURVE ( 'NONE', #3810, #1881, #2634, .T. ) ;
#448 = DIRECTION ( 'NONE',  ( -1.000000000000000000, 0.000000000000000000, 0.000000000000000000 ) ) ;
#449 = ORIENTED_EDGE ( 'NONE', *, *, #1733, .T. ) ;
#450 = CARTESIAN_POINT ( 'NONE',  ( 79.53579711914061079, 109.7866973876949999, 1.532249450683589975 ) ) ;
#451 = PLANE ( 'NONE',  #1538 ) ;
#452 = CARTESIAN_POINT ( 'NONE',  ( 107.7985601806639977, 103.4866973876950027, 5.464101791381840378 ) ) ;
#453 = ORIENTED_EDGE ( 'NONE', *, *, #1505, .F. ) ;
#454 = DIRECTION ( 'NONE',  ( 0.1305212769253820682, 0.000000000000000000, 0.9914455084722345601 ) ) ;
#455 = ORIENTED_EDGE ( 'NONE', *, *, #3839, .F. ) ;
#456 = CARTESIAN_POINT ( 'NONE',  ( 74.51279113769530227, 103.3315372467470041, 22.89210414880160371 ) ) ;
#457 = ORIENTED_EDGE ( 'NONE', *, *, #175, .F. ) ;
#458 = ADVANCED_FACE ( 'NONE', ( #833 ), #1731, .T. ) ;
#459 = EDGE_CURVE ( 'NONE', #785, #437, #494, .T. ) ;
#460 = CARTESIAN_POINT ( 'NONE',  ( 74.51279113769530227, 102.1145420074760040, 21.66047573083089972 ) ) ;
#461 = ORIENTED_EDGE ( 'NONE', *, *, #2579, .F. ) ;
#462 = DIRECTION ( 'NONE',  ( 0.000000000000000000, 1.000000000000000000, 0.000000000000000000 ) ) ;
#463 = CARTESIAN_POINT ( 'NONE',  ( 75.55343627929690342, 112.7866973876949999, 2.442490654175339656E-15 ) ) ;
#464 = ORIENTED_EDGE ( 'NONE', *, *, #1608, .T. ) ;
#465 = CARTESIAN_POINT ( 'NONE',  ( 78.32138824462889204, 101.7866973876950141, 4.464101791381840378 ) ) ;
#466 = DIRECTION ( 'NONE',  ( 0.000000000000000000, -0.6994789162168136842, 0.7146532346307207240 ) ) ;
#467 = EDGE_CURVE ( 'NONE', #3664, #3415, #1424, .T. ) ;
#468 = ORIENTED_EDGE ( 'NONE', *, *, #429, .F. ) ;
#469 = CARTESIAN_POINT ( 'NONE',  ( 114.2985601806640119, 109.7866973876949999, 6.928203582763672763 ) ) ;
#470 = DIRECTION ( 'NONE',  ( 0.000000000000000000, 1.000000000000000000, 0.000000000000000000 ) ) ;
#471 = VECTOR ( 'NONE', #797, 1000.000000000000227 ) ;
#472 = DIRECTION ( 'NONE',  ( -1.000000000000000000, 0.000000000000000000, 1.973729821555829796E-16 ) ) ;
#473 = ORIENTED_EDGE ( 'NONE', *, *, #849, .T. ) ;
#474 = LINE ( 'NONE', #1677, #2779 ) ;
#475 = VECTOR ( 'NONE', #1044, 999.9999999999998863 ) ;
#476 = DIRECTION ( 'NONE',  ( 0.000000000000000000, -2.600766833739420028E-15, -1.000000000000000000 ) ) ;
#477 = ORIENTED_EDGE ( 'NONE', *, *, #1423, .F. ) ;
#478 = VECTOR ( 'NONE', #2842, 999.9999999999998863 ) ;
#479 = CARTESIAN_POINT ( 'NONE',  ( 115.6529652446557179, 112.7866973876950141, 3.464101703259625076 ) ) ;
#480 = LINE ( 'NONE', #417, #3079 ) ;
#481 = EDGE_CURVE ( 'NONE', #1985, #1761, #1754, .T. ) ;
#482 = ORIENTED_EDGE ( 'NONE', *, *, #3072, .F. ) ;
#483 = DIRECTION ( 'NONE',  ( -0.6087657977601900194, 0.000000000000000000, -0.7933499880112178104 ) ) ;
#484 = DIRECTION ( 'NONE',  ( -0.6087566003318458652, 0.000000000000000000, -0.7933570454419707207 ) ) ;
#485 = CARTESIAN_POINT ( 'NONE',  ( 75.55343627929690342, 108.1757812500000000, 8.920721054077150214 ) ) ;
#486 = ORIENTED_CLOSED_SHELL ( 'NONE', *, #2900, .F. );
#487 = DIRECTION ( 'NONE',  ( 0.9238758645718683216, 0.000000000000000000, 0.3826922874341511238 ) ) ;
#488 = CC_DESIGN_APPROVAL ( #3586, ( #2175 ) ) ;
#489 = AXIS2_PLACEMENT_3D ( 'NONE', #1206, #270, #574 ) ;
#490 = VERTEX_POINT ( 'NONE', #2354 ) ;
#491 = CARTESIAN_POINT ( 'NONE',  ( 112.8161993408200061, 101.7866973876950141, 1.532249450683589975 ) ) ;
#492 = FACE_OUTER_BOUND ( 'NONE', #294, .T. ) ;
#493 = VECTOR ( 'NONE', #1445, 1000.000000000000000 ) ;
#494 = LINE ( 'NONE', #3527, #550 ) ;
#495 = EDGE_LOOP ( 'NONE', ( #1716, #2870, #3854, #181 ) ) ;
#496 = DIRECTION ( 'NONE',  ( 0.000000000000000000, -1.000000000000000000, 0.000000000000000000 ) ) ;
#497 = CARTESIAN_POINT ( 'NONE',  ( 114.0306158447269951, 109.7866973876949999, 2.464101791381839934 ) ) ;
#498 = ORIENTED_EDGE ( 'NONE', *, *, #3817, .T. ) ;
#499 = EDGE_CURVE ( 'NONE', #2259, #3451, #2297, .T. ) ;
#500 = CARTESIAN_POINT ( 'NONE',  ( 107.7985601806639977, 107.7866973876949999, 13.46409320831300072 ) ) ;
#501 = CARTESIAN_POINT ( 'NONE',  ( 107.7985601806639977, 110.5573577880859943, 10.79572105407710048 ) ) ;
#502 = ORIENTED_EDGE ( 'NONE', *, *, #1525, .T. ) ;
#503 = VECTOR ( 'NONE', #1847, 1000.000000000000000 ) ;
#504 = EDGE_LOOP ( 'NONE', ( #2281, #3708, #2937, #982 ) ) ;
#505 = DIRECTION ( 'NONE',  ( 0.000000000000000000, 1.000000000000000000, 0.000000000000000000 ) ) ;
#506 = CARTESIAN_POINT ( 'NONE',  ( 81.05343627929690342, 101.7866973876950141, 5.196151733398440165 ) ) ;
#507 = VECTOR ( 'NONE', #2453, 1000.000000000000227 ) ;
#508 = DIRECTION ( 'NONE',  ( 1.000000000000000000, 0.000000000000000000, 0.000000000000000000 ) ) ;
#509 = EDGE_CURVE ( 'NONE', #2277, #1498, #1996, .T. ) ;
#510 = ORIENTED_EDGE ( 'NONE', *, *, #2029, .T. ) ;
#511 = CARTESIAN_POINT ( 'NONE',  ( 74.51279113769530227, 104.7243518829830009, 22.75322246546139837 ) ) ;
#512 = DIRECTION ( 'NONE',  ( 0.000000000000000000, -1.000000000000000000, 0.000000000000000000 ) ) ;
#513 = FACE_OUTER_BOUND ( 'NONE', #703, .T. ) ;
#514 = ORIENTED_EDGE ( 'NONE', *, *, #2068, .T. ) ;
#515 = DIRECTION ( 'NONE',  ( 0.000000000000000000, -0.3934564079629211952, -0.9193432737736842997 ) ) ;
#516 = CARTESIAN_POINT ( 'NONE',  ( 110.6213576486681518, 112.7866973876949999, 0.5591017032596353742 ) ) ;
#517 = ORIENTED_EDGE ( 'NONE', *, *, #346, .F. ) ;
#518 = VERTEX_POINT ( 'NONE', #529 ) ;
#519 = EDGE_CURVE ( 'NONE', #3497, #2426, #850, .T. ) ;
#520 = PLANE ( 'NONE',  #1878 ) ;
#521 = EDGE_LOOP ( 'NONE', ( #3227, #942, #23, #3777 ) ) ;
#522 = CARTESIAN_POINT ( 'NONE',  ( 82.05343627929690342, 101.7866973876950141, 3.464101791381839934 ) ) ;
#523 = CARTESIAN_POINT ( 'NONE',  ( 77.74265866870140940, 109.7866973876949999, 6.389920943971089784 ) ) ;
#524 = ORIENTED_EDGE ( 'NONE', *, *, #3083, .T. ) ;
#525 = ORIENTED_EDGE ( 'NONE', *, *, #2607, .T. ) ;
#526 = CARTESIAN_POINT ( 'NONE',  ( 110.3667135620120092, 109.7866973876949999, 3.981739997863770419 ) ) ;
#527 = ADVANCED_FACE ( 'NONE', ( #3205 ), #2712, .T. ) ;
#528 = DIRECTION ( 'NONE',  ( 0.000000000000000000, -0.6068899333763548842, -0.7947858886306699011 ) ) ;
#529 = CARTESIAN_POINT ( 'NONE',  ( 110.3667135620120092, 109.7866973876949999, 2.946463584899900123 ) ) ;
#530 = ORIENTED_EDGE ( 'NONE', *, *, #2676, .F. ) ;
#531 = CARTESIAN_POINT ( 'NONE',  ( 84.55343627929690342, 110.1203509362359938, 11.36523866415140027 ) ) ;
#532 = LINE ( 'NONE', #2619, #1233 ) ;
#533 = VERTEX_POINT ( 'NONE', #2091 ) ;
#534 = CARTESIAN_POINT ( 'NONE',  ( 116.7985601806640119, 111.7866973876949999, 13.46409320831300072 ) ) ;
#535 = AXIS2_PLACEMENT_3D ( 'NONE', #1033, #1079, #2515 ) ;
#536 = LINE ( 'NONE', #1430, #3709 ) ;
#537 = VERTEX_POINT ( 'NONE', #3304 ) ;
#538 = DATE_AND_TIME ( #2975, #1815 ) ;
#539 = AXIS2_PLACEMENT_3D ( 'NONE', #526, #3543, #831 ) ;
#540 = LINE ( 'NONE', #565, #1507 ) ;
#541 = VECTOR ( 'NONE', #3186, 1000.000000000000000 ) ;
#542 = VERTEX_POINT ( 'NONE', #871 ) ;
#543 = FACE_OUTER_BOUND ( 'NONE', #3593, .T. ) ;
#544 = EDGE_CURVE ( 'NONE', #1790, #1331, #632, .T. ) ;
#545 = VERTEX_POINT ( 'NONE', #592 ) ;
#546 = ORIENTED_EDGE ( 'NONE', *, *, #1448, .T. ) ;
#547 = FACE_OUTER_BOUND ( 'NONE', #3279, .T. ) ;
#548 = LINE ( 'NONE', #814, #856 ) ;
#549 = VECTOR ( 'NONE', #218, 1000.000000000000000 ) ;
#550 = VECTOR ( 'NONE', #1405, 1000.000000000000000 ) ;
#551 = VECTOR ( 'NONE', #1271, 1000.000000000000000 ) ;
#552 = EDGE_CURVE ( 'NONE', #1850, #1343, #611, .T. ) ;
#553 = VECTOR ( 'NONE', #1921, 1000.000000000000000 ) ;
#554 = CARTESIAN_POINT ( 'NONE',  ( 114.0306158447269951, 101.7866973876950141, 4.464101791381830608 ) ) ;
#555 = ORIENTED_EDGE ( 'NONE', *, *, #568, .T. ) ;
#556 = LINE ( 'NONE', #2600, #3731 ) ;
#557 = AXIS2_PLACEMENT_3D ( 'NONE', #2971, #261, #2060 ) ;
#558 = CARTESIAN_POINT ( 'NONE',  ( 78.12158203125000000, 109.7866973876949999, 3.981739997863770419 ) ) ;
#559 = VERTEX_POINT ( 'NONE', #3902 ) ;
#560 = EDGE_CURVE ( 'NONE', #3019, #3585, #3043, .T. ) ;
#561 = CARTESIAN_POINT ( 'NONE',  ( 82.05343627929690342, 109.7866973876949999, 3.464101791381839934 ) ) ;
#562 = ADVANCED_FACE ( 'NONE', ( #1513 ), #1497, .F. ) ;
#563 = DIRECTION ( 'NONE',  ( 0.000000000000000000, 0.000000000000000000, -1.000000000000000000 ) ) ;
#564 = ORIENTED_EDGE ( 'NONE', *, *, #3216, .F. ) ;
#565 = CARTESIAN_POINT ( 'NONE',  ( 1.646883729715795671E-15, 109.7866973876949999, 6.369101703259805625 ) ) ;
#566 = VECTOR ( 'NONE', #3217, 1000.000000000000000 ) ;
#567 =( BOUNDED_CURVE ( )  B_SPLINE_CURVE ( 3, ( #2349, #1382, #3803, #523 ),
 .UNSPECIFIED., .F., .F. ) 
 B_SPLINE_CURVE_WITH_KNOTS ( ( 4, 4 ),
 ( 0.000000000000000000, 1.000000000000000000 ),
 .UNSPECIFIED. ) 
 CURVE ( )  GEOMETRIC_REPRESENTATION_ITEM ( )  RATIONAL_B_SPLINE_CURVE ( ( 1.000000000000000000, 0.9935900438396150225, 0.9935900438396150225, 1.000000000000000000 ) ) 
 REPRESENTATION_ITEM ( '' )  );
#568 = EDGE_CURVE ( 'NONE', #1075, #3641, #3324, .T. ) ;
#569 = VERTEX_POINT ( 'NONE', #2373 ) ;
#570 = ORIENTED_EDGE ( 'NONE', *, *, #1800, .T. ) ;
#571 = DIRECTION ( 'NONE',  ( 0.000000000000000000, -1.000000000000000000, 0.000000000000000000 ) ) ;
#572 = FACE_OUTER_BOUND ( 'NONE', #779, .T. ) ;
#573 = AXIS2_PLACEMENT_3D ( 'NONE', #3005, #946, #1499 ) ;
#574 = DIRECTION ( 'NONE',  ( 0.000000000000000000, -1.000000000000000000, 2.110926372141859940E-15 ) ) ;
#575 = ORIENTED_EDGE ( 'NONE', *, *, #2219, .F. ) ;
#576 = DIRECTION ( 'NONE',  ( 0.000000000000000000, 1.000000000000000000, -3.330669073875480468E-16 ) ) ;
#577 = PLANE ( 'NONE',  #2999 ) ;
#578 = CARTESIAN_POINT ( 'NONE',  ( 80.57107543945309658, 109.7866973876949999, 1.532249450683589975 ) ) ;
#579 = CARTESIAN_POINT ( 'NONE',  ( 75.55343627929690342, 101.7866973876950141, 0.000000000000000000 ) ) ;
#580 = FACE_BOUND ( 'NONE', #521, .T. ) ;
#581 = VERTEX_POINT ( 'NONE', #330 ) ;
#582 = EDGE_CURVE ( 'NONE', #2035, #1014, #2706, .T. ) ;
#583 = CALENDAR_DATE ( 2026, 9, 9 ) ;
#584 = EDGE_CURVE ( 'NONE', #3859, #3497, #3003, .T. ) ;
#585 = DIRECTION ( 'NONE',  ( 1.000000000000000000, 0.000000000000000000, 0.000000000000000000 ) ) ;
#586 = ORIENTED_EDGE ( 'NONE', *, *, #1315, .T. ) ;
#587 = VECTOR ( 'NONE', #2921, 1000.000000000000000 ) ;
#588 = ORIENTED_EDGE ( 'NONE', *, *, #266, .T. ) ;
#589 = CARTESIAN_POINT ( 'NONE',  ( 82.36421388989236902, 109.7866973876949999, 6.389920943971085343 ) ) ;
#590 = CARTESIAN_POINT ( 'NONE',  ( 0.000000000000000000, 103.4866973876950027, 10.96409320826379918 ) ) ;
#591 = EDGE_CURVE ( 'NONE', #3334, #3062, #1905, .T. ) ;
#592 = CARTESIAN_POINT ( 'NONE',  ( 107.7985601806639977, 103.4866973876950027, 10.96409320826379918 ) ) ;
#593 = VERTEX_POINT ( 'NONE', #2413 ) ;
#594 = FACE_OUTER_BOUND ( 'NONE', #1117, .T. ) ;
#595 = DIRECTION ( 'NONE',  ( 0.000000000000000000, 1.000000000000000000, 0.000000000000000000 ) ) ;
#596 = EDGE_CURVE ( 'NONE', #1207, #208, #22, .T. ) ;
#597 = DIRECTION ( 'NONE',  ( 0.9238758645718683216, 0.000000000000000000, -0.3826922874341511238 ) ) ;
#598 = DIRECTION ( 'NONE',  ( 0.000000000000000000, -1.000000000000000000, 0.000000000000000000 ) ) ;
#599 = CARTESIAN_POINT ( 'NONE',  ( 84.55343627929690342, 110.5573577880859943, 10.79572105407710048 ) ) ;
#600 = ORIENTED_EDGE ( 'NONE', *, *, #3901, .T. ) ;
#601 = AXIS2_PLACEMENT_3D ( 'NONE', #2768, #2136, #1246 ) ;
#602 = EDGE_CURVE ( 'NONE', #1018, #2256, #2395, .T. ) ;
#603 = CARTESIAN_POINT ( 'NONE',  ( 117.7227911376949976, 107.9337940216470031, 19.17189693449130061 ) ) ;
#604 = VECTOR ( 'NONE', #2394, 1000.000000000000000 ) ;
#605 = AXIS2_PLACEMENT_3D ( 'NONE', #1252, #46, #698 ) ;
#606 = EDGE_LOOP ( 'NONE', ( #1638, #1366, #1154, #1052 ) ) ;
#607 = EDGE_CURVE ( 'NONE', #360, #3019, #905, .T. ) ;
#608 = ORIENTED_EDGE ( 'NONE', *, *, #596, .T. ) ;
#609 = DIRECTION ( 'NONE',  ( 0.4999999809210191049, -0.000000000000000000, 0.8660254147996930829 ) ) ;
#610 = DIRECTION ( 'NONE',  ( -0.4999999999999980016, 0.000000000000000000, 0.8660254037844397068 ) ) ;
#611 = LINE ( 'NONE', #3711, #2189 ) ;
#612 = ORIENTED_EDGE ( 'NONE', *, *, #3402, .F. ) ;
#613 = ORIENTED_EDGE ( 'NONE', *, *, #361, .T. ) ;
#614 = DIRECTION ( 'NONE',  ( 0.000000000000000000, -1.000000000000000000, 0.000000000000000000 ) ) ;
#615 = CARTESIAN_POINT ( 'NONE',  ( 96.17599822998050740, 101.7866973876950141, 14.96409320826940181 ) ) ;
#616 = VECTOR ( 'NONE', #2098, 1000.000000000000000 ) ;
#617 = SECURITY_CLASSIFICATION ( '', '', #2346 ) ;
#618 = VECTOR ( 'NONE', #1880, 1000.000000000000114 ) ;
#619 = DIRECTION ( 'NONE',  ( 0.000000000000000000, -0.5183305712307071378, 0.8551803429263611367 ) ) ;
#620 = CARTESIAN_POINT ( 'NONE',  ( 113.9757627126598578, 109.7866973876949999, 0.5591017032596351521 ) ) ;
#621 = EDGE_CURVE ( 'NONE', #1187, #3234, #88, .T. ) ;
#622 = FACE_OUTER_BOUND ( 'NONE', #2594, .T. ) ;
#623 = ORIENTED_EDGE ( 'NONE', *, *, #301, .T. ) ;
#624 = CARTESIAN_POINT ( 'NONE',  ( 117.7227911376949976, 101.5590763092249915, 20.63125324242870207 ) ) ;
#625 = EDGE_LOOP ( 'NONE', ( #2879, #2702, #1327, #1339 ) ) ;
#626 = ORIENTED_EDGE ( 'NONE', *, *, #435, .F. ) ;
#627 = ORIENTED_EDGE ( 'NONE', *, *, #3023, .F. ) ;
#628 = CARTESIAN_POINT ( 'NONE',  ( 91.28228351354860592, 103.4866973876950027, 10.96409320826390044 ) ) ;
#629 = CARTESIAN_POINT ( 'NONE',  ( 81.73063881129276353, 112.7866973876949999, 0.5591017032597904723 ) ) ;
#630 = EDGE_CURVE ( 'NONE', #2673, #2088, #1292, .T. ) ;
#631 = AXIS2_PLACEMENT_3D ( 'NONE', #3856, #1141, #1123 ) ;
#632 = LINE ( 'NONE', #1475, #1184 ) ;
#633 = ORIENTED_EDGE ( 'NONE', *, *, #940, .F. ) ;
#634 = CARTESIAN_POINT ( 'NONE',  ( 117.7227911376949976, 99.53611373896720238, 14.96409320826940181 ) ) ;
#635 = LINE ( 'NONE', #3048, #916 ) ;
#636 = VECTOR ( 'NONE', #394, 1000.000000000000000 ) ;
#637 = LINE ( 'NONE', #319, #1781 ) ;
#638 = EDGE_LOOP ( 'NONE', ( #1273, #14 ) ) ;
#639 = PLANE ( 'NONE',  #420 ) ;
#640 = LINE ( 'NONE', #3052, #1236 ) ;
#641 = ORIENTED_EDGE ( 'NONE', *, *, #384, .T. ) ;
#642 = EDGE_CURVE ( 'NONE', #2624, #2160, #3344, .T. ) ;
#643 = EDGE_CURVE ( 'NONE', #55, #2326, #292, .T. ) ;
#644 = CARTESIAN_POINT ( 'NONE',  ( 81.98529052734369316, 101.7866973876950141, 2.946463584899909893 ) ) ;
#645 = VERTEX_POINT ( 'NONE', #998 ) ;
#646 = ORIENTED_EDGE ( 'NONE', *, *, #2878, .T. ) ;
#647 = ORIENTED_EDGE ( 'NONE', *, *, #159, .F. ) ;
#648 = CARTESIAN_POINT ( 'NONE',  ( 116.7985601806640119, 112.7866973876949999, 13.46409320831300072 ) ) ;
#649 = CARTESIAN_POINT ( 'NONE',  ( 81.98529052734369316, 101.7866973876950141, 2.946463584899900123 ) ) ;
#650 = ORIENTED_EDGE ( 'NONE', *, *, #804, .T. ) ;
#651 = EDGE_CURVE ( 'NONE', #645, #2105, #2202, .T. ) ;
#652 = ORIENTED_EDGE ( 'NONE', *, *, #719, .F. ) ;
#653 = FACE_OUTER_BOUND ( 'NONE', #1441, .T. ) ;
#654 = CARTESIAN_POINT ( 'NONE',  ( 84.55343627929690342, 101.7866973876950141, 0.000000000000000000 ) ) ;
#655 = LINE ( 'NONE', #2172, #2611 ) ;
#656 = LINE ( 'NONE', #3010, #2822 ) ;
#657 = EDGE_CURVE ( 'NONE', #1343, #834, #3581, .T. ) ;
#658 = CARTESIAN_POINT ( 'NONE',  ( 112.8161993408200061, 101.7866973876950141, 5.395953178405759942 ) ) ;
#659 = ORIENTED_EDGE ( 'NONE', *, *, #2800, .T. ) ;
#660 = UNCERTAINTY_MEASURE_WITH_UNIT (LENGTH_MEASURE( 1.000000000000000082E-05 ), #3474, 'distance_accuracy_value', 'NONE');
#661 = DIRECTION ( 'NONE',  ( 0.000000000000000000, 1.000000000000000000, -2.110926372141859940E-15 ) ) ;
#662 = ORIENTED_EDGE ( 'NONE', *, *, #888, .T. ) ;
#663 = VECTOR ( 'NONE', #2341, 1000.000000000000227 ) ;
#664 = ORIENTED_EDGE ( 'NONE', *, *, #1622, .F. ) ;
#665 = AXIS2_PLACEMENT_3D ( 'NONE', #728, #1275, #134 ) ;
#666 = DIRECTION ( 'NONE',  ( 1.000000000000000000, 0.000000000000000000, 0.000000000000000000 ) ) ;
#667 = EDGE_CURVE ( 'NONE', #1568, #228, #424, .T. ) ;
#668 = CARTESIAN_POINT ( 'NONE',  ( 112.8161993408200061, 101.7866973876950141, 1.532249450683579983 ) ) ;
#669 = AXIS2_PLACEMENT_3D ( 'NONE', #3400, #1891, #666 ) ;
#670 = ORIENTED_EDGE ( 'NONE', *, *, #591, .T. ) ;
#671 = CARTESIAN_POINT ( 'NONE',  ( 82.05343627929690342, 110.4185193369179956, 6.928203582763780233 ) ) ;
#672 = LINE ( 'NONE', #3328, #1862 ) ;
#673 = ADVANCED_FACE ( 'NONE', ( #1964 ), #806, .T. ) ;
#674 = DIRECTION ( 'NONE',  ( -1.776356839400250070E-15, 1.000000000000000000, -1.276756478318930021E-15 ) ) ;
#675 = ORIENTED_EDGE ( 'NONE', *, *, #405, .T. ) ;
#676 = LINE ( 'NONE', #378, #931 ) ;
#677 = CARTESIAN_POINT ( 'NONE',  ( 101.0697129464119968, 103.4866973876950027, 10.96409320826379918 ) ) ;
#678 = VERTEX_POINT ( 'NONE', #1040 ) ;
#679 = VECTOR ( 'NONE', #1947, 1000.000000000000000 ) ;
#680 = VECTOR ( 'NONE', #442, 999.9999999999998863 ) ;
#681 = AXIS2_PLACEMENT_3D ( 'NONE', #3624, #2984, #5 ) ;
#682 = EDGE_CURVE ( 'NONE', #2663, #2222, #112, .T. ) ;
#683 = DIRECTION ( 'NONE',  ( -1.000000000000000000, 0.000000000000000000, 0.000000000000000000 ) ) ;
#684 = AXIS2_PLACEMENT_3D ( 'NONE', #1417, #216, #3219 ) ;
#685 = ORIENTED_EDGE ( 'NONE', *, *, #3839, .T. ) ;
#686 = ORIENTED_EDGE ( 'NONE', *, *, #3113, .T. ) ;
#687 = PLANE ( 'NONE',  #2376 ) ;
#688 = DIRECTION ( 'NONE',  ( 0.9238788260947641273, 0.000000000000000000, -0.3826851378009870630 ) ) ;
#689 = EDGE_CURVE ( 'NONE', #332, #803, #2287, .T. ) ;
#690 = EDGE_LOOP ( 'NONE', ( #851, #623, #2253, #267 ) ) ;
#691 = FACE_OUTER_BOUND ( 'NONE', #1256, .T. ) ;
#692 = AXIS2_PLACEMENT_3D ( 'NONE', #1689, #1945, #2266 ) ;
#693 = DIRECTION ( 'NONE',  ( 0.000000000000000000, 1.000000000000000000, -2.110926372141859940E-15 ) ) ;
#694 = LINE ( 'NONE', #2950, #1127 ) ;
#695 = ORIENTED_EDGE ( 'NONE', *, *, #1733, .F. ) ;
#696 = CYLINDRICAL_SURFACE ( 'NONE', #443, 3.000000000000002665 ) ;
#697 = VECTOR ( 'NONE', #2077, 1000.000000000000114 ) ;
#698 = DIRECTION ( 'NONE',  ( 0.000000000000000000, 1.000000000000000000, 0.000000000000000000 ) ) ;
#699 = ORIENTED_EDGE ( 'NONE', *, *, #3653, .F. ) ;
#700 = LINE ( 'NONE', #3129, #366 ) ;
#701 = PLANE ( 'NONE',  #1247 ) ;
#702 = EDGE_CURVE ( 'NONE', #2284, #730, #3753, .T. ) ;
#703 = EDGE_LOOP ( 'NONE', ( #3692, #1749, #2834, #735 ) ) ;
#704 = LINE ( 'NONE', #1084, #1307 ) ;
#705 = DIRECTION ( 'NONE',  ( 1.000000000000000000, 0.000000000000000000, 0.000000000000000000 ) ) ;
#706 = ORIENTED_EDGE ( 'NONE', *, *, #3653, .T. ) ;
#707 = FACE_OUTER_BOUND ( 'NONE', #2642, .T. ) ;
#708 = DIRECTION ( 'NONE',  ( -1.000000000000000000, 6.661338147750940252E-13, 0.000000000000000000 ) ) ;
#709 = ORIENTED_EDGE ( 'NONE', *, *, #2296, .F. ) ;
#710 = PLANE ( 'NONE',  #3459 ) ;
#711 = DIRECTION ( 'NONE',  ( 1.000000000000000000, 0.000000000000000000, 0.000000000000000000 ) ) ;
#712 = EDGE_CURVE ( 'NONE', #3062, #132, #1353, .T. ) ;
#713 = VECTOR ( 'NONE', #3349, 1000.000000000000114 ) ;
#714 = DIRECTION ( 'NONE',  ( 0.000000000000000000, -1.000000000000000000, 0.000000000000000000 ) ) ;
#715 = ORIENTED_EDGE ( 'NONE', *, *, #2347, .T. ) ;
#716 = LINE ( 'NONE', #2871, #256 ) ;
#717 = LINE ( 'NONE', #2232, #231 ) ;
#718 = VERTEX_POINT ( 'NONE', #196 ) ;
#719 = EDGE_CURVE ( 'NONE', #437, #3876, #2241, .T. ) ;
#720 = DIRECTION ( 'NONE',  ( 0.1305246315045859584, 0.000000000000000000, 0.9914450668446498360 ) ) ;
#721 = CARTESIAN_POINT ( 'NONE',  ( 78.63922119140620737, 101.7866973876950141, 4.878314971923830790 ) ) ;
#722 = ORIENTED_EDGE ( 'NONE', *, *, #940, .T. ) ;
#723 = CARTESIAN_POINT ( 'NONE',  ( 96.17599822998050740, 107.4866973877000049, 14.96409320831320144 ) ) ;
#724 = EDGE_CURVE ( 'NONE', #2854, #2547, #3818, .T. ) ;
#725 = DIRECTION ( 'NONE',  ( 0.000000000000000000, 0.000000000000000000, 1.000000000000000000 ) ) ;
#726 = EDGE_LOOP ( 'NONE', ( #2195, #662, #1078, #3099 ) ) ;
#727 = DIRECTION ( 'NONE',  ( 0.7933499880112131475, 0.000000000000000000, -0.6087657977601962367 ) ) ;
#728 = CARTESIAN_POINT ( 'NONE',  ( 112.8161993408200061, 109.7866973876949999, 5.395953178405759942 ) ) ;
#729 = VECTOR ( 'NONE', #3127, 1000.000000000000000 ) ;
#730 = VERTEX_POINT ( 'NONE', #3800 ) ;
#731 = DIRECTION ( 'NONE',  ( 0.5000000000000002220, 0.000000000000000000, -0.8660254037844384856 ) ) ;
#732 = PLANE ( 'NONE',  #2558 ) ;
#733 = LINE ( 'NONE', #452, #3908 ) ;
#734 = VECTOR ( 'NONE', #1304, 1000.000000000000114 ) ;
#735 = ORIENTED_EDGE ( 'NONE', *, *, #3688, .F. ) ;
#736 = LINE ( 'NONE', #1611, #1956 ) ;
#737 = CARTESIAN_POINT ( 'NONE',  ( 110.8843527221680034, 101.7866973876950141, 4.878314971923830790 ) ) ;
#738 = ORIENTED_EDGE ( 'NONE', *, *, #1800, .F. ) ;
#739 = CARTESIAN_POINT ( 'NONE',  ( 75.55343627929690342, 108.1757812500000000, 9.420721054077150214 ) ) ;
#740 = EDGE_CURVE ( 'NONE', #2713, #3664, #1104, .T. ) ;
#741 = DIRECTION ( 'NONE',  ( 1.000000000000000000, 0.000000000000000000, 0.000000000000000000 ) ) ;
#742 = VECTOR ( 'NONE', #2244, 1000.000000000000000 ) ;
#743 = ORIENTED_EDGE ( 'NONE', *, *, #3646, .T. ) ;
#744 = VECTOR ( 'NONE', #2718, 1000.000000000000227 ) ;
#745 = AXIS2_PLACEMENT_3D ( 'NONE', #3795, #1617, #2585 ) ;
#746 = CARTESIAN_POINT ( 'NONE',  ( 82.05343627929690342, 99.20369191267897691, 6.928203582763672763 ) ) ;
#747 = VERTEX_POINT ( 'NONE', #2308 ) ;
#748 = DIRECTION ( 'NONE',  ( -0.9914455084722341160, 0.000000000000000000, -0.1305212769253860372 ) ) ;
#749 = CARTESIAN_POINT ( 'NONE',  ( 114.2304144287110006, 109.7866973876949999, 3.981739997863770419 ) ) ;
#750 = ORIENTED_EDGE ( 'NONE', *, *, #1927, .T. ) ;
#751 = FACE_OUTER_BOUND ( 'NONE', #1832, .T. ) ;
#752 = ADVANCED_FACE ( 'NONE', ( #3454 ), #3516, .T. ) ;
#753 = CARTESIAN_POINT ( 'NONE',  ( 117.7227911376949976, 103.0119571686189914, 22.70369815819989867 ) ) ;
#754 = EDGE_CURVE ( 'NONE', #1388, #1413, #2840, .T. ) ;
#755 = LINE ( 'NONE', #1609, #1495 ) ;
#756 = ORIENTED_EDGE ( 'NONE', *, *, #689, .T. ) ;
#757 = DIRECTION ( 'NONE',  ( 0.000000000000000000, -0.7933565189577292953, 0.6087572864675002693 ) ) ;
#758 = DIRECTION ( 'NONE',  ( 0.1305212769253860094, 0.000000000000000000, -0.9914455084722340050 ) ) ;
#759 = ORIENTED_EDGE ( 'NONE', *, *, #38, .T. ) ;
#760 = CARTESIAN_POINT ( 'NONE',  ( 78.63922119140620737, 101.7866973876950141, 2.049888610839839753 ) ) ;
#761 = CARTESIAN_POINT ( 'NONE',  ( 80.57107543945309658, 109.7866973876949999, 5.395953178405759942 ) ) ;
#762 = ORIENTED_EDGE ( 'NONE', *, *, #3775, .T. ) ;
#763 = DIRECTION ( 'NONE',  ( 1.000000000000000000, 0.000000000000000000, 0.000000000000000000 ) ) ;
#764 = VECTOR ( 'NONE', #1442, 1000.000000000000000 ) ;
#765 = EDGE_CURVE ( 'NONE', #1719, #1313, #131, .T. ) ;
#766 = DIRECTION ( 'NONE',  ( 1.000000000000000000, 0.000000000000000000, 0.000000000000000000 ) ) ;
#767 = ORIENTED_EDGE ( 'NONE', *, *, #2537, .T. ) ;
#768 = FACE_BOUND ( 'NONE', #1447, .T. ) ;
#769 = FACE_OUTER_BOUND ( 'NONE', #1364, .T. ) ;
#770 = ORIENTED_EDGE ( 'NONE', *, *, #3775, .F. ) ;
#771 = CARTESIAN_POINT ( 'NONE',  ( 110.2985601806639977, 101.7866973876950141, 3.464101791381839934 ) ) ;
#772 = CARTESIAN_POINT ( 'NONE',  ( 79.05343627929688921, 109.7866973876949999, 5.196151733398440165 ) ) ;
#773 = ADVANCED_FACE ( 'NONE', ( #1066 ), #2543, .T. ) ;
#774 = LINE ( 'NONE', #2276, #3588 ) ;
#775 = VERTEX_POINT ( 'NONE', #3196 ) ;
#776 = DIRECTION ( 'NONE',  ( 0.000000000000000000, 1.000000000000000000, -2.110926372141859940E-15 ) ) ;
#777 = ORIENTED_EDGE ( 'NONE', *, *, #2621, .F. ) ;
#778 = LINE ( 'NONE', #142, #541 ) ;
#779 = EDGE_LOOP ( 'NONE', ( #371, #2361, #2924, #18, #945 ) ) ;
#780 = FACE_OUTER_BOUND ( 'NONE', #3372, .T. ) ;
#781 = CARTESIAN_POINT ( 'NONE',  ( 81.78548431396480112, 101.7866973876950141, 4.464101791381840378 ) ) ;
#782 = ORIENTED_EDGE ( 'NONE', *, *, #3817, .F. ) ;
#783 = APPLICATION_PROTOCOL_DEFINITION ( 'international standard', 'config_control_design', 1994, #2467 ) ;
#784 = CARTESIAN_POINT ( 'NONE',  ( 75.55343627929690342, 107.7866973877009968, 14.96409320831480017 ) ) ;
#785 = VERTEX_POINT ( 'NONE', #463 ) ;
#786 = CYLINDRICAL_SURFACE ( 'NONE', #3773, 3.000000000000002665 ) ;
#787 = LINE ( 'NONE', #198, #2006 ) ;
#788 = ADVANCED_FACE ( 'NONE', ( #2882 ), #2221, .T. ) ;
#789 = VERTEX_POINT ( 'NONE', #3156 ) ;
#790 = DIRECTION ( 'NONE',  ( 0.7933570454419661688, 0.000000000000000000, -0.6087566003318519714 ) ) ;
#791 = CARTESIAN_POINT ( 'NONE',  ( 116.7985601806640119, 110.5573747415930086, 10.79568012318750014 ) ) ;
#792 = AXIS2_PLACEMENT_3D ( 'NONE', #3531, #2919, #1758 ) ;
#793 = DIRECTION ( 'NONE',  ( 1.000000000000000000, 0.000000000000000000, 0.000000000000000000 ) ) ;
#794 = VERTEX_POINT ( 'NONE', #444 ) ;
#795 = DIRECTION ( 'NONE',  ( -1.776356839400250070E-15, 1.000000000000000000, -4.440892098500630106E-16 ) ) ;
#796 = AXIS2_PLACEMENT_3D ( 'NONE', #590, #1793, #3001 ) ;
#797 = DIRECTION ( 'NONE',  ( 0.000000000000000000, -0.9135365973175252341, 0.4067565431084271266 ) ) ;
#798 = VERTEX_POINT ( 'NONE', #1379 ) ;
#799 = EDGE_CURVE ( 'NONE', #1144, #542, #1087, .T. ) ;
#800 = VECTOR ( 'NONE', #2650, 1000.000000000000000 ) ;
#801 = DIRECTION ( 'NONE',  ( 0.000000000000000000, 1.000000000000000000, 0.000000000000000000 ) ) ;
#802 = CARTESIAN_POINT ( 'NONE',  ( 114.0306158447269951, 101.7866973876950141, 4.464101791381760442 ) ) ;
#803 = VERTEX_POINT ( 'NONE', #862 ) ;
#804 = EDGE_CURVE ( 'NONE', #1719, #1559, #540, .T. ) ;
#805 = DATE_TIME_ROLE ( 'creation_date' ) ;
#806 = PLANE ( 'NONE',  #692 ) ;
#807 = CARTESIAN_POINT ( 'NONE',  ( 113.7127752685550064, 101.7866973876950141, 4.878314971923830790 ) ) ;
#808 = DIRECTION ( 'NONE',  ( -8.359326303059989843E-15, -1.000000000000000000, -2.089831575764999827E-15 ) ) ;
#809 = VECTOR ( 'NONE', #823, 1000.000000000000000 ) ;
#810 = VECTOR ( 'NONE', #234, 1000.000000000000000 ) ;
#811 = VECTOR ( 'NONE', #1794, 1000.000000000000114 ) ;
#812 = EDGE_LOOP ( 'NONE', ( #1592, #3816, #3407, #1046 ) ) ;
#813 = CARTESIAN_POINT ( 'NONE',  ( 64.05588104562446006, 99.20369191267897691, 36.98268016486991883 ) ) ;
#814 = CARTESIAN_POINT ( 'NONE',  ( 111.2985601806639977, 101.7866973876950141, 1.732050895690919967 ) ) ;
#815 = EDGE_CURVE ( 'NONE', #3876, #1881, #827, .T. ) ;
#816 = CARTESIAN_POINT ( 'NONE',  ( 110.6213576486681518, 112.7866973876950141, 6.369101703259631542 ) ) ;
#817 = EDGE_CURVE ( 'NONE', #2986, #1537, #3538, .T. ) ;
#818 = EDGE_LOOP ( 'NONE', ( #1128, #3161, #2405 ) ) ;
#819 = CARTESIAN_POINT ( 'NONE',  ( 81.73063881129279196, 109.7866973876949999, 6.369101703259785197 ) ) ;
#820 = CARTESIAN_POINT ( 'NONE',  ( 110.3667135620120092, 101.7866973876950141, 3.981739997863850355 ) ) ;
#821 = EDGE_LOOP ( 'NONE', ( #1565, #428, #2682, #3238 ) ) ;
#822 = LINE ( 'NONE', #1101, #493 ) ;
#823 = DIRECTION ( 'NONE',  ( 0.000000000000000000, 1.000000000000000000, 1.554312234475220143E-15 ) ) ;
#824 = ORIENTED_EDGE ( 'NONE', *, *, #2855, .T. ) ;
#825 = VECTOR ( 'NONE', #883, 1000.000000000000000 ) ;
#826 = EDGE_CURVE ( 'NONE', #3720, #2208, #2363, .T. ) ;
#827 = LINE ( 'NONE', #3617, #2910 ) ;
#828 = VECTOR ( 'NONE', #576, 1000.000000000000000 ) ;
#829 = CARTESIAN_POINT ( 'NONE',  ( 81.05343627929690342, 101.7866973876950141, 5.196151733398440165 ) ) ;
#830 = EDGE_LOOP ( 'NONE', ( #2805, #858, #342, #3276 ) ) ;
#831 = DIRECTION ( 'NONE',  ( 0.000000000000000000, -1.000000000000000000, 0.000000000000000000 ) ) ;
#832 = DIRECTION ( 'NONE',  ( 0.000000000000000000, -0.4749407403702909369, -0.8800177800115858151 ) ) ;
#833 = FACE_OUTER_BOUND ( 'NONE', #3046, .T. ) ;
#834 = VERTEX_POINT ( 'NONE', #603 ) ;
#835 = LINE ( 'NONE', #205, #948 ) ;
#836 = CARTESIAN_POINT ( 'NONE',  ( 111.7809210205080035, 101.7866973876950141, 5.395953178405759942 ) ) ;
#837 = PLANE ( 'NONE',  #2261 ) ;
#838 = CARTESIAN_POINT ( 'NONE',  ( 84.55343627929690342, 107.7866973876949999, 14.96409320831480017 ) ) ;
#839 = EDGE_CURVE ( 'NONE', #3369, #1957, #2027, .T. ) ;
#840 = VERTEX_POINT ( 'NONE', #3597 ) ;
#841 = COORDINATED_UNIVERSAL_TIME_OFFSET ( 3, 0, .AHEAD. ) ;
#842 = CARTESIAN_POINT ( 'NONE',  ( 110.5665121459960005, 101.7866973876950141, 4.464101791381800410 ) ) ;
#843 = DIRECTION ( 'NONE',  ( 0.000000000000000000, -0.9749434981451657878, 0.2224526363621409653 ) ) ;
#844 = EDGE_CURVE ( 'NONE', #2479, #154, #3572, .T. ) ;
#845 = ORIENTED_EDGE ( 'NONE', *, *, #1299, .T. ) ;
#846 = ORIENTED_EDGE ( 'NONE', *, *, #596, .F. ) ;
#847 = DIRECTION ( 'NONE',  ( 0.8660254037844387076, -0.000000000000000000, 0.4999999999999999445 ) ) ;
#848 = DIRECTION ( 'NONE',  ( -0.9914448304674229329, 0.000000000000000000, -0.1305264269771569952 ) ) ;
#849 = EDGE_CURVE ( 'NONE', #2267, #1004, #2064, .T. ) ;
#850 = LINE ( 'NONE', #554, #2386 ) ;
#851 = ORIENTED_EDGE ( 'NONE', *, *, #1383, .F. ) ;
#852 = DIRECTION ( 'NONE',  ( -0.3826798146995741279, 0.000000000000000000, -0.9238810309891092309 ) ) ;
#853 = LINE ( 'NONE', #2078, #2310 ) ;
#854 = VECTOR ( 'NONE', #1427, 1000.000000000000000 ) ;
#855 = PLANE ( 'NONE',  #557 ) ;
#856 = VECTOR ( 'NONE', #1752, 1000.000000000000114 ) ;
#857 = LINE ( 'NONE', #2938, #180 ) ;
#858 = ORIENTED_EDGE ( 'NONE', *, *, #1459, .T. ) ;
#859 = PERSON_AND_ORGANIZATION ( #2108, #2327 ) ;
#860 = AXIS2_PLACEMENT_3D ( 'NONE', #2128, #310, #1852 ) ;
#861 = EDGE_CURVE ( 'NONE', #1282, #785, #214, .T. ) ;
#862 = CARTESIAN_POINT ( 'NONE',  ( 78.05343627929690342, 110.4185193369179956, 6.928203582763670987 ) ) ;
#863 = VERTEX_POINT ( 'NONE', #3297 ) ;
#864 = ORIENTED_EDGE ( 'NONE', *, *, #2662, .F. ) ;
#865 = ORIENTED_EDGE ( 'NONE', *, *, #985, .T. ) ;
#866 = FACE_OUTER_BOUND ( 'NONE', #3884, .T. ) ;
#867 = LINE ( 'NONE', #3223, #2436 ) ;
#868 = VECTOR ( 'NONE', #3578, 1000.000000000000000 ) ;
#869 = VECTOR ( 'NONE', #1460, 999.9999999999998863 ) ;
#870 = VECTOR ( 'NONE', #128, 1000.000000000000000 ) ;
#871 = CARTESIAN_POINT ( 'NONE',  ( 79.05343627929688921, 109.7866973876949999, 1.732050895690919967 ) ) ;
#872 = ORIENTED_EDGE ( 'NONE', *, *, #1885, .T. ) ;
#873 = ADVANCED_FACE ( 'NONE', ( #2625 ), #2646, .T. ) ;
#874 = PLANE ( 'NONE',  #3355 ) ;
#875 = CLOSED_SHELL ( 'NONE', ( #2500, #1561, #3356, #3315, #1106, #3896, #305, #1377, #527, #2161, #1760, #2976, #1841, #1663, #2949, #3475, #2303, #1895, #222, #2087, #52, #2710, #873, #3011, #3737, #3568, #2102, #3613, #3296, #3579, #3550, #3144, #788, #1232, #85, #2462, #3188, #3557, #54, #336, #3750, #1350, #929, #3102, #381, #2263, #3133, #2117, #149, #2886, #1436, #3724, #773, #885, #325, #246, #2110, #1950, #3242, #2468, #349, #2418, #20, #1151, #1515, #3130, #2817, #752, #2383, #2955, #2151, #673, #2652, #3558, #2275, #458, #2898, #2364, #3821, #2123, #2049, #1849, #2336, #3874, #1746, #2141, #3687, #3726, #1131, #964, #3458, #1414, #3303, #3670, #3499, #2074, #1783, #27, #1858, #119, #1086, #2684, #3619, #1674, #2408, #3433, #1978, #562, #954, #3045, #1577, #1092, #2329, #1753, #2207 ) ) ;
#876 = DIRECTION ( 'NONE',  ( 0.9914455084722341160, 0.000000000000000000, -0.1305212769253860372 ) ) ;
#877 = EDGE_CURVE ( 'NONE', #1207, #3536, #2996, .T. ) ;
#878 = DIRECTION ( 'NONE',  ( 1.000000000000000000, 0.000000000000000000, 2.466591306734920267E-16 ) ) ;
#879 = FACE_BOUND ( 'NONE', #3751, .T. ) ;
#880 = CARTESIAN_POINT ( 'NONE',  ( 116.7985601806640119, 107.7866973876949999, 22.99834838098309930 ) ) ;
#881 = VERTEX_POINT ( 'NONE', #2385 ) ;
#882 = APPROVAL_ROLE ( '' ) ;
#883 = DIRECTION ( 'NONE',  ( 0.000000000000000000, -9.496636059000951000E-16, -1.000000000000000000 ) ) ;
#884 = VECTOR ( 'NONE', #1021, 1000.000000000000000 ) ;
#885 = ADVANCED_FACE ( 'NONE', ( #3835 ), #1451, .T. ) ;
#886 = ORIENTED_EDGE ( 'NONE', *, *, #1328, .T. ) ;
#887 = DIRECTION ( 'NONE',  ( 0.000000000000000000, 2.110926372141859940E-15, 1.000000000000000000 ) ) ;
#888 = EDGE_CURVE ( 'NONE', #2986, #1113, #2331, .T. ) ;
#889 = CARTESIAN_POINT ( 'NONE',  ( 114.0306158447269951, 101.7866973876950141, 4.464101791381840378 ) ) ;
#890 = DIRECTION ( 'NONE',  ( 0.7933539883817022353, 0.000000000000000000, 0.6087605843998491473 ) ) ;
#891 = ORIENTED_EDGE ( 'NONE', *, *, #2931, .T. ) ;
#892 = DIRECTION ( 'NONE',  ( 0.5000000000000011102, 0.000000000000000000, 0.8660254037844379305 ) ) ;
#893 = LINE ( 'NONE', #615, #2239 ) ;
#894 = VERTEX_POINT ( 'NONE', #1469 ) ;
#895 = EDGE_CURVE ( 'NONE', #210, #3078, #1564, .T. ) ;
#896 = CARTESIAN_POINT ( 'NONE',  ( 78.05343627929690342, 101.7866973876950141, 3.464101791381839934 ) ) ;
#897 = LINE ( 'NONE', #1502, #2447 ) ;
#898 = DIRECTION ( 'NONE',  ( 1.000000000000000000, 0.000000000000000000, 0.000000000000000000 ) ) ;
#899 = ORIENTED_EDGE ( 'NONE', *, *, #3385, .F. ) ;
#900 = DIRECTION ( 'NONE',  ( -0.9238788260947650155, 0.000000000000000000, 0.3826851378009850091 ) ) ;
#901 = ORIENTED_EDGE ( 'NONE', *, *, #467, .F. ) ;
#902 = CARTESIAN_POINT ( 'NONE',  ( 74.51279113769530227, 107.9337940216470031, 19.17189693449120114 ) ) ;
#903 = CARTESIAN_POINT ( 'NONE',  ( 61.05588096930830488, 112.7866973876949999, -35.25062931324013960 ) ) ;
#904 = EDGE_CURVE ( 'NONE', #3570, #1282, #1433, .T. ) ;
#905 = LINE ( 'NONE', #2075, #3338 ) ;
#906 = EDGE_LOOP ( 'NONE', ( #186, #2177, #2314, #2350 ) ) ;
#907 = ORIENTED_EDGE ( 'NONE', *, *, #689, .F. ) ;
#908 = DIRECTION ( 'NONE',  ( -1.000000000000000000, 0.000000000000000000, 6.113477723543659931E-16 ) ) ;
#909 = EDGE_CURVE ( 'NONE', #2679, #645, #3251, .T. ) ;
#910 = CARTESIAN_POINT ( 'NONE',  ( 114.2304144287110006, 101.7866973876950141, 2.946463584899900123 ) ) ;
#911 = ORIENTED_EDGE ( 'NONE', *, *, #740, .T. ) ;
#912 = CARTESIAN_POINT ( 'NONE',  ( 78.32138824462889204, 109.7866973876949999, 4.464101791381840378 ) ) ;
#913 = CARTESIAN_POINT ( 'NONE',  ( 117.7227911376949976, 103.3315372467470041, 22.89210414880160371 ) ) ;
#914 = LINE ( 'NONE', #1824, #355 ) ;
#915 = ORIENTED_EDGE ( 'NONE', *, *, #159, .T. ) ;
#916 = VECTOR ( 'NONE', #296, 1000.000000000000114 ) ;
#917 = CARTESIAN_POINT ( 'NONE',  ( 110.2985601806639977, 99.20369191267897691, 6.928203582763699409 ) ) ;
#918 = EDGE_CURVE ( 'NONE', #3814, #881, #3893, .T. ) ;
#919 = EDGE_LOOP ( 'NONE', ( #2605, #2288, #1806 ) ) ;
#920 = VECTOR ( 'NONE', #379, 1000.000000000000000 ) ;
#921 = ORIENTED_EDGE ( 'NONE', *, *, #2273, .F. ) ;
#922 = PLANE ( 'NONE',  #362 ) ;
#923 = DIRECTION ( 'NONE',  ( 0.9914450668446497250, 0.000000000000000000, -0.1305246315045859307 ) ) ;
#924 = CARTESIAN_POINT ( 'NONE',  ( 74.51279113769530227, 103.0119571686189914, 22.70369815819989867 ) ) ;
#925 = ORIENTED_EDGE ( 'NONE', *, *, #2039, .T. ) ;
#926 = ORIENTED_EDGE ( 'NONE', *, *, #1563, .F. ) ;
#927 = DIRECTION ( 'NONE',  ( 0.9238810309891090089, 0.000000000000000000, 0.3826798146995750161 ) ) ;
#928 = CARTESIAN_POINT ( 'NONE',  ( 80.05343627929690342, 101.7866973876950141, 1.464101791381830164 ) ) ;
#929 = ADVANCED_FACE ( 'NONE', ( #2043 ), #3875, .T. ) ;
#930 = EDGE_CURVE ( 'NONE', #228, #1906, #1156, .T. ) ;
#931 = VECTOR ( 'NONE', #1574, 1000.000000000000114 ) ;
#932 = AXIS2_PLACEMENT_3D ( 'NONE', #2224, #3438, #2942 ) ;
#933 = AXIS2_PLACEMENT_3D ( 'NONE', #3465, #120, #714 ) ;
#934 = DIRECTION ( 'NONE',  ( 0.000000000000000000, 0.000000000000000000, -1.000000000000000000 ) ) ;
#935 = LINE ( 'NONE', #951, #616 ) ;
#936 = DIRECTION ( 'NONE',  ( 1.000000000000000000, 0.000000000000000000, 0.000000000000000000 ) ) ;
#937 = ORIENTED_EDGE ( 'NONE', *, *, #2563, .F. ) ;
#938 = DIRECTION ( 'NONE',  ( 0.5000000000000011102, 0.000000000000000000, 0.8660254037844380415 ) ) ;
#939 = ORIENTED_EDGE ( 'NONE', *, *, #2486, .F. ) ;
#940 = EDGE_CURVE ( 'NONE', #2345, #1676, #3654, .T. ) ;
#941 = EDGE_LOOP ( 'NONE', ( #2139, #1504 ) ) ;
#942 = ORIENTED_EDGE ( 'NONE', *, *, #3697, .F. ) ;
#943 = DIRECTION ( 'NONE',  ( 0.000000000000000000, 1.000000000000000000, -2.110926372141859940E-15 ) ) ;
#944 = DIRECTION ( 'NONE',  ( -1.000000000000000000, 0.000000000000000000, 0.000000000000000000 ) ) ;
#945 = ORIENTED_EDGE ( 'NONE', *, *, #3095, .F. ) ;
#946 = DIRECTION ( 'NONE',  ( 0.000000000000000000, -0.9513215733865307833, 0.3082000389509639282 ) ) ;
#947 = DIRECTION ( 'NONE',  ( 0.7933539883817039007, 5.443663737132959416E-14, -0.6087605843998470379 ) ) ;
#948 = VECTOR ( 'NONE', #3564, 1000.000000000000000 ) ;
#949 = CARTESIAN_POINT ( 'NONE',  ( 81.46765136718750000, 109.7866973876949999, 4.878314971923830790 ) ) ;
#950 = ORIENTED_EDGE ( 'NONE', *, *, #175, .T. ) ;
#951 = CARTESIAN_POINT ( 'NONE',  ( 81.78548431396480112, 101.7866973876950141, 2.464101791381830164 ) ) ;
#952 = FACE_OUTER_BOUND ( 'NONE', #1041, .T. ) ;
#953 = VERTEX_POINT ( 'NONE', #1886 ) ;
#954 = ADVANCED_FACE ( 'NONE', ( #3015 ), #973, .F. ) ;
#955 = LINE ( 'NONE', #2162, #3271 ) ;
#956 = ORIENTED_EDGE ( 'NONE', *, *, #1418, .T. ) ;
#957 = ORIENTED_EDGE ( 'NONE', *, *, #3203, .F. ) ;
#958 = DIRECTION ( 'NONE',  ( 0.000000000000000000, -0.5078563930090180811, 0.8614417473514212054 ) ) ;
#959 = EDGE_CURVE ( 'NONE', #2823, #2031, #1578, .T. ) ;
#960 = CARTESIAN_POINT ( 'NONE',  ( 110.5665121459960005, 101.7866973876950141, 2.464101791381839934 ) ) ;
#961 = ORIENTED_EDGE ( 'NONE', *, *, #62, .F. ) ;
#962 = ORIENTED_EDGE ( 'NONE', *, *, #3535, .T. ) ;
#963 = LINE ( 'NONE', #671, #318 ) ;
#964 = ADVANCED_FACE ( 'NONE', ( #2739 ), #1217, .T. ) ;
#965 = LINE ( 'NONE', #3347, #1598 ) ;
#966 = CC_DESIGN_PERSON_AND_ORGANIZATION_ASSIGNMENT ( #1764, #2306, ( #2175 ) ) ;
#967 = EDGE_CURVE ( 'NONE', #315, #1237, #2144, .T. ) ;
#968 = DIRECTION ( 'NONE',  ( -1.000000000000000000, 0.000000000000000000, 0.000000000000000000 ) ) ;
#969 = ORIENTED_EDGE ( 'NONE', *, *, #1656, .F. ) ;
#970 = CARTESIAN_POINT ( 'NONE',  ( 31.18759688431600097, 103.4866973876950027, -38.15580046067730535 ) ) ;
#971 = DIRECTION ( 'NONE',  ( -0.9238788260947650155, 0.000000000000000000, 0.3826851378009850091 ) ) ;
#972 = ORIENTED_EDGE ( 'NONE', *, *, #2699, .T. ) ;
#973 = PLANE ( 'NONE',  #1829 ) ;
#974 = ORIENTED_EDGE ( 'NONE', *, *, #266, .F. ) ;
#975 = EDGE_CURVE ( 'NONE', #3316, #2519, #3054, .T. ) ;
#976 = VECTOR ( 'NONE', #3101, 1000.000000000000114 ) ;
#977 = ORIENTED_EDGE ( 'NONE', *, *, #1631, .T. ) ;
#978 = AXIS2_PLACEMENT_3D ( 'NONE', #3282, #2050, #255 ) ;
#979 = DIRECTION ( 'NONE',  ( 0.000000000000000000, 1.000000000000000000, -7.216449660063530332E-16 ) ) ;
#980 = DIRECTION ( 'NONE',  ( -0.000000000000000000, 1.000000000000000000, 0.000000000000000000 ) ) ;
#981 = AXIS2_PLACEMENT_3D ( 'NONE', #390, #1911, #3739 ) ;
#982 = ORIENTED_EDGE ( 'NONE', *, *, #3425, .F. ) ;
#983 = CARTESIAN_POINT ( 'NONE',  ( 114.2985601806640119, 110.4185193369179956, 6.928203582763670987 ) ) ;
#984 = LINE ( 'NONE', #3405, #2046 ) ;
#985 = EDGE_CURVE ( 'NONE', #2084, #3827, #3092, .T. ) ;
#986 = DIRECTION ( 'NONE',  ( 0.000000000000000000, 0.000000000000000000, 1.000000000000000000 ) ) ;
#987 = ORIENTED_EDGE ( 'NONE', *, *, #2699, .F. ) ;
#988 = EDGE_CURVE ( 'NONE', #3486, #533, #2776, .T. ) ;
#989 = DIRECTION ( 'NONE',  ( 0.000000000000000000, 1.000000000000000000, 5.505818023715600283E-12 ) ) ;
#990 = CARTESIAN_POINT ( 'NONE',  ( 111.7809210205080035, 109.7866973876949999, 5.395953178405759942 ) ) ;
#991 = ORIENTED_EDGE ( 'NONE', *, *, #3784, .F. ) ;
#992 = VECTOR ( 'NONE', #1645, 1000.000000000000000 ) ;
#993 = VECTOR ( 'NONE', #2531, 1000.000000000000000 ) ;
#994 = DIRECTION ( 'NONE',  ( 1.000000000000000000, 0.000000000000000000, 0.000000000000000000 ) ) ;
#995 = DIRECTION ( 'NONE',  ( 1.000000000000000000, 0.000000000000000000, 0.000000000000000000 ) ) ;
#996 = ORIENTED_EDGE ( 'NONE', *, *, #3289, .F. ) ;
#997 = CARTESIAN_POINT ( 'NONE',  ( 114.2304144287110006, 101.7866973876950141, 3.981739997863770419 ) ) ;
#998 = CARTESIAN_POINT ( 'NONE',  ( 74.51279113769530227, 104.0056629181370056, 22.99634838098310041 ) ) ;
#999 = EDGE_CURVE ( 'NONE', #40, #304, #3357, .T. ) ;
#1000 = ORIENTED_EDGE ( 'NONE', *, *, #2856, .T. ) ;
#1001 = PLANE ( 'NONE',  #669 ) ;
#1002 = CARTESIAN_POINT ( 'NONE',  ( 117.7227911376949976, 102.7031497955689900, 22.43131923669040262 ) ) ;
#1003 = EDGE_CURVE ( 'NONE', #1726, #3053, #2756, .T. ) ;
#1004 = VERTEX_POINT ( 'NONE', #1827 ) ;
#1005 = CARTESIAN_POINT ( 'NONE',  ( 113.9757627126598578, 99.20369191267897691, 6.369101703259659075 ) ) ;
#1006 = VECTOR ( 'NONE', #1787, 1000.000000000000000 ) ;
#1007 = CARTESIAN_POINT ( 'NONE',  ( 80.05343627929690342, 109.7866973876949999, 1.464101791381839934 ) ) ;
#1008 = LINE ( 'NONE', #1896, #1816 ) ;
#1009 = EDGE_LOOP ( 'NONE', ( #2242, #1973, #1697, #3501 ) ) ;
#1010 = DIRECTION ( 'NONE',  ( 0.7742633737221448209, -9.466883774812157453E-16, -0.6328635146004248924 ) ) ;
#1011 = VECTOR ( 'NONE', #25, 1000.000000000000000 ) ;
#1012 = ORIENTED_EDGE ( 'NONE', *, *, #2824, .T. ) ;
#1013 = LINE ( 'NONE', #737, #729 ) ;
#1014 = VERTEX_POINT ( 'NONE', #2460 ) ;
#1015 = EDGE_CURVE ( 'NONE', #775, #1425, #3373, .T. ) ;
#1016 = CARTESIAN_POINT ( 'NONE',  ( 111.7809210205080035, 109.7866973876949999, 1.532249450683589975 ) ) ;
#1017 = LINE ( 'NONE', #781, #870 ) ;
#1018 = VERTEX_POINT ( 'NONE', #3393 ) ;
#1019 = CARTESIAN_POINT ( 'NONE',  ( 117.7227911376949976, 104.7243518829830009, 22.75322246546129890 ) ) ;
#1020 = ORIENTED_CLOSED_SHELL ( 'NONE', *, #2390, .F. );
#1021 = DIRECTION ( 'NONE',  ( -0.7933548705567988746, 0.000000000000000000, 0.6087594347226208402 ) ) ;
#1022 = ORIENTED_EDGE ( 'NONE', *, *, #3250, .F. ) ;
#1023 = LINE ( 'NONE', #1871, #1994 ) ;
#1024 = DIRECTION ( 'NONE',  ( 0.000000000000000000, 0.000000000000000000, 1.000000000000000000 ) ) ;
#1025 = ORIENTED_EDGE ( 'NONE', *, *, #2733, .F. ) ;
#1026 = CARTESIAN_POINT ( 'NONE',  ( 112.8161993408200061, 109.7866973876949999, 1.532249450683589975 ) ) ;
#1027 = CARTESIAN_POINT ( 'NONE',  ( 116.7985601806640119, 101.7866973876950141, 14.96409320828180078 ) ) ;
#1028 = EDGE_CURVE ( 'NONE', #1977, #3570, #955, .T. ) ;
#1029 = FACE_OUTER_BOUND ( 'NONE', #3764, .T. ) ;
#1030 = ORIENTED_EDGE ( 'NONE', *, *, #1904, .F. ) ;
#1031 = PLANE ( 'NONE',  #1202 ) ;
#1032 = ORIENTED_EDGE ( 'NONE', *, *, #1097, .F. ) ;
#1033 = CARTESIAN_POINT ( 'NONE',  ( 114.0306158447269951, 109.7866973876949999, 2.464101791381839934 ) ) ;
#1034 = EDGE_LOOP ( 'NONE', ( #1025, #1200, #1529, #3394 ) ) ;
#1035 = CARTESIAN_POINT ( 'NONE',  ( 114.2985601806640119, 109.7866973876949999, 6.928203582763672763 ) ) ;
#1036 = DIRECTION ( 'NONE',  ( 0.000000000000000000, 1.000000000000000000, -2.110926372141859940E-15 ) ) ;
#1037 = VERTEX_POINT ( 'NONE', #2794 ) ;
#1038 = CARTESIAN_POINT ( 'NONE',  ( 112.8161993408200061, 101.7866973876950141, 5.395953178405800799 ) ) ;
#1039 = EDGE_CURVE ( 'NONE', #2345, #1161, #3336, .T. ) ;
#1040 = CARTESIAN_POINT ( 'NONE',  ( 84.55343627929690342, 101.7866973876950141, 0.000000000000000000 ) ) ;
#1041 = EDGE_LOOP ( 'NONE', ( #2351, #2773, #2005, #901 ) ) ;
#1042 = EDGE_CURVE ( 'NONE', #3255, #3470, #382, .T. ) ;
#1043 = LINE ( 'NONE', #3377, #742 ) ;
#1044 = DIRECTION ( 'NONE',  ( 0.000000000000000000, -0.6068899333763548842, -0.7947858886306699011 ) ) ;
#1045 = VECTOR ( 'NONE', #3759, 1000.000000000000114 ) ;
#1046 = ORIENTED_EDGE ( 'NONE', *, *, #3178, .T. ) ;
#1047 = DIRECTION ( 'NONE',  ( 1.000000000000000000, 0.000000000000000000, 0.000000000000000000 ) ) ;
#1048 = CARTESIAN_POINT ( 'NONE',  ( 81.78548431396480112, 109.7866973876949999, 2.464101791381839934 ) ) ;
#1049 = AXIS2_PLACEMENT_3D ( 'NONE', #1420, #2930, #1671 ) ;
#1050 = CARTESIAN_POINT ( 'NONE',  ( 116.7985601806640119, 101.7866973876950141, 14.96409320829829959 ) ) ;
#1051 = VECTOR ( 'NONE', #3766, 1000.000000000000000 ) ;
#1052 = ORIENTED_EDGE ( 'NONE', *, *, #2878, .F. ) ;
#1053 = CARTESIAN_POINT ( 'NONE',  ( 75.55343627929690342, 110.1203308105469887, 11.36526489257810013 ) ) ;
#1054 = ORIENTED_EDGE ( 'NONE', *, *, #1532, .T. ) ;
#1055 = EDGE_CURVE ( 'NONE', #1596, #1313, #2478, .T. ) ;
#1056 = DIRECTION ( 'NONE',  ( 0.000000000000000000, -1.000000000000000000, 0.000000000000000000 ) ) ;
#1057 = ORIENTED_EDGE ( 'NONE', *, *, #361, .F. ) ;
#1058 = DIRECTION ( 'NONE',  ( 1.000000000000000000, 0.000000000000000000, 0.000000000000000000 ) ) ;
#1059 = DIRECTION ( 'NONE',  ( -0.5000000000000025535, 0.000000000000000000, -0.8660254037844371533 ) ) ;
#1060 = VECTOR ( 'NONE', #3802, 1000.000000000000000 ) ;
#1061 = ORIENTED_EDGE ( 'NONE', *, *, #2313, .F. ) ;
#1062 = VECTOR ( 'NONE', #968, 1000.000000000000000 ) ;
#1063 = DIRECTION ( 'NONE',  ( 0.000000000000000000, 0.000000000000000000, 1.000000000000000000 ) ) ;
#1064 = AXIS2_PLACEMENT_3D ( 'NONE', #2236, #2836, #3815 ) ;
#1065 = VECTOR ( 'NONE', #2821, 1000.000000000000000 ) ;
#1066 = FACE_OUTER_BOUND ( 'NONE', #271, .T. ) ;
#1067 = ORIENTED_EDGE ( 'NONE', *, *, #1181, .F. ) ;
#1068 = LINE ( 'NONE', #176, #3906 ) ;
#1069 = DIRECTION ( 'NONE',  ( 1.000000000000000000, 0.000000000000000000, 0.000000000000000000 ) ) ;
#1070 = EDGE_CURVE ( 'NONE', #2222, #730, #2055, .T. ) ;
#1071 = ORIENTED_EDGE ( 'NONE', *, *, #3782, .T. ) ;
#1072 = PLANE ( 'NONE',  #2499 ) ;
#1073 = LINE ( 'NONE', #1952, #3760 ) ;
#1074 = CARTESIAN_POINT ( 'NONE',  ( 81.46765136718750000, 101.7866973876950141, 2.049888610839839753 ) ) ;
#1075 = VERTEX_POINT ( 'NONE', #2199 ) ;
#1076 = VECTOR ( 'NONE', #2132, 1000.000000000000000 ) ;
#1077 = CARTESIAN_POINT ( 'NONE',  ( 81.46765136718750000, 101.7866973876950141, 2.049888610839839753 ) ) ;
#1078 = ORIENTED_EDGE ( 'NONE', *, *, #3611, .T. ) ;
#1079 = DIRECTION ( 'NONE',  ( -0.9238810309891090089, 0.000000000000000000, 0.3826798146995750161 ) ) ;
#1080 = EDGE_LOOP ( 'NONE', ( #1257, #3840, #2587, #1556 ) ) ;
#1081 = DIRECTION ( 'NONE',  ( 0.000000000000000000, 1.000000000000000000, 0.000000000000000000 ) ) ;
#1082 = CARTESIAN_POINT ( 'NONE',  ( 78.12158203125000000, 109.7866973876949999, 2.946463584899900123 ) ) ;
#1083 = ORIENTED_EDGE ( 'NONE', *, *, #2683, .T. ) ;
#1084 = CARTESIAN_POINT ( 'NONE',  ( 75.59343627929690967, 105.1757812500000000, 8.920721054077150214 ) ) ;
#1085 = VECTOR ( 'NONE', #2415, 1000.000000000000000 ) ;
#1086 = ADVANCED_FACE ( 'NONE', ( #2722 ), #15, .F. ) ;
#1087 = LINE ( 'NONE', #2861, #1629 ) ;
#1088 = VERTEX_POINT ( 'NONE', #1102 ) ;
#1089 = CARTESIAN_POINT ( 'NONE',  ( 74.51279113769530227, 101.0301303863630125, 19.39532756799249924 ) ) ;
#1090 = CARTESIAN_POINT ( 'NONE',  ( 113.9757627126598578, 112.7866973876949714, 0.5591017032596350411 ) ) ;
#1091 = EDGE_LOOP ( 'NONE', ( #1736, #2494 ) ) ;
#1092 = ADVANCED_FACE ( 'NONE', ( #1395 ), #3728, .T. ) ;
#1093 = DIRECTION ( 'NONE',  ( 0.9914450668446498360, 0.000000000000000000, 0.1305246315045849592 ) ) ;
#1094 = DIRECTION ( 'NONE',  ( 0.000000000000000000, 1.000000000000000000, 0.000000000000000000 ) ) ;
#1095 = CARTESIAN_POINT ( 'NONE',  ( 110.5665121459960005, 101.7866973876950141, 4.464101791381840378 ) ) ;
#1096 = ORIENTED_EDGE ( 'NONE', *, *, #2962, .T. ) ;
#1097 = EDGE_CURVE ( 'NONE', #3915, #1770, #1017, .T. ) ;
#1098 = FACE_OUTER_BOUND ( 'NONE', #2973, .T. ) ;
#1099 = CARTESIAN_POINT ( 'NONE',  ( 78.12158203125000000, 101.7866973876950141, 3.981739997863770419 ) ) ;
#1100 = EDGE_LOOP ( 'NONE', ( #3642, #3703, #1763, #2893 ) ) ;
#1101 = CARTESIAN_POINT ( 'NONE',  ( 84.55343627929690342, 110.5573747415930086, 10.79568012318750014 ) ) ;
#1102 = CARTESIAN_POINT ( 'NONE',  ( 108.9441551166722775, 112.7866973876950141, 3.464101703259633069 ) ) ;
#1103 = ORIENTED_EDGE ( 'NONE', *, *, #3697, .T. ) ;
#1104 = LINE ( 'NONE', #3776, #884 ) ;
#1105 = DIRECTION ( 'NONE',  ( -0.7933570454419661688, 0.000000000000000000, 0.6087566003318519714 ) ) ;
#1106 = ADVANCED_FACE ( 'NONE', ( #1618 ), #2264, .F. ) ;
#1107 = LINE ( 'NONE', #177, #3274 ) ;
#1108 = ORIENTED_EDGE ( 'NONE', *, *, #3691, .T. ) ;
#1109 = FACE_OUTER_BOUND ( 'NONE', #812, .T. ) ;
#1110 = DIRECTION ( 'NONE',  ( 1.000000000000000000, 0.000000000000000000, 0.000000000000000000 ) ) ;
#1111 = VECTOR ( 'NONE', #2732, 1000.000000000000000 ) ;
#1112 = LINE ( 'NONE', #2933, #2328 ) ;
#1113 = VERTEX_POINT ( 'NONE', #1901 ) ;
#1114 = DIRECTION ( 'NONE',  ( -1.000000000000000000, 0.000000000000000000, 1.973729821555829796E-16 ) ) ;
#1115 = AXIS2_PLACEMENT_3D ( 'NONE', #3022, #2412, #1872 ) ;
#1116 = DIRECTION ( 'NONE',  ( 0.000000000000000000, -1.000000000000000000, 0.000000000000000000 ) ) ;
#1117 = EDGE_LOOP ( 'NONE', ( #1466, #2648, #1702, #2852 ) ) ;
#1118 = ADVANCED_FACE ( 'NONE', ( #146 ), #2304, .T. ) ;
#1119 = VECTOR ( 'NONE', #124, 1000.000000000000000 ) ;
#1120 = EDGE_LOOP ( 'NONE', ( #397, #1261, #3358, #66 ) ) ;
#1121 = CARTESIAN_POINT ( 'NONE',  ( 74.51279113769530227, 108.7919330597279952, 17.84175968169499882 ) ) ;
#1122 = VERTEX_POINT ( 'NONE', #3450 ) ;
#1123 = DIRECTION ( 'NONE',  ( 0.000000000000000000, -1.000000000000000000, 0.000000000000000000 ) ) ;
#1124 = FACE_OUTER_BOUND ( 'NONE', #3528, .T. ) ;
#1125 = VECTOR ( 'NONE', #563, 1000.000000000000000 ) ;
#1126 = AXIS2_PLACEMENT_3D ( 'NONE', #1016, #720, #2538 ) ;
#1127 = VECTOR ( 'NONE', #2597, 1000.000000000000000 ) ;
#1128 = ORIENTED_EDGE ( 'NONE', *, *, #1394, .T. ) ;
#1129 = FACE_OUTER_BOUND ( 'NONE', #2796, .T. ) ;
#1130 = CARTESIAN_POINT ( 'NONE',  ( 111.2985601806639977, 109.7866973876949999, 1.732050895690919967 ) ) ;
#1131 = ADVANCED_FACE ( 'NONE', ( #3749 ), #2586, .T. ) ;
#1132 = CARTESIAN_POINT ( 'NONE',  ( 112.2985601806639977, 101.7866973876950141, 5.464101791381840378 ) ) ;
#1133 = ORIENTED_EDGE ( 'NONE', *, *, #1621, .F. ) ;
#1134 = DIRECTION ( 'NONE',  ( 0.000000000000000000, 1.000000000000000000, 0.000000000000000000 ) ) ;
#1135 = DIRECTION ( 'NONE',  ( -0.9238810309891090089, 0.000000000000000000, -0.3826798146995750161 ) ) ;
#1136 = DIRECTION ( 'NONE',  ( 0.000000000000000000, 0.000000000000000000, 1.000000000000000000 ) ) ;
#1137 = CARTESIAN_POINT ( 'NONE',  ( 75.55343627929690342, 111.1757812500000142, 8.920721054077150214 ) ) ;
#1138 = EDGE_CURVE ( 'NONE', #289, #107, #3472, .T. ) ;
#1139 = ORIENTED_EDGE ( 'NONE', *, *, #263, .T. ) ;
#1140 = VECTOR ( 'NONE', #68, 1000.000000000000000 ) ;
#1141 = DIRECTION ( 'NONE',  ( 0.6087605843998431521, 0.000000000000000000, 0.7933539883817070093 ) ) ;
#1142 = VECTOR ( 'NONE', #454, 1000.000000000000114 ) ;
#1143 = CARTESIAN_POINT ( 'NONE',  ( 84.55343627929690342, 103.4866973876950027, 5.464101791381850148 ) ) ;
#1144 = VERTEX_POINT ( 'NONE', #3431 ) ;
#1145 = CARTESIAN_POINT ( 'NONE',  ( 112.2985601806639977, 109.7866973876949999, 1.464101791381839934 ) ) ;
#1146 = LINE ( 'NONE', #2914, #345 ) ;
#1147 = DIRECTION ( 'NONE',  ( 0.3826851378009850091, 0.000000000000000000, -0.9238788260947650155 ) ) ;
#1148 = VERTEX_POINT ( 'NONE', #3797 ) ;
#1149 = CARTESIAN_POINT ( 'NONE',  ( 75.55343627929690342, 111.1757812500000142, 8.920721054077150214 ) ) ;
#1150 = DIRECTION ( 'NONE',  ( 1.000000000000000000, 0.000000000000000000, 0.000000000000000000 ) ) ;
#1151 = ADVANCED_FACE ( 'NONE', ( #1640, #106 ), #701, .T. ) ;
#1152 = PLANE ( 'NONE',  #3596 ) ;
#1153 = DIRECTION ( 'NONE',  ( 0.000000000000000000, -1.000000000000000000, 0.000000000000000000 ) ) ;
#1154 = ORIENTED_EDGE ( 'NONE', *, *, #276, .T. ) ;
#1155 = DATE_AND_TIME ( #1449, #422 ) ;
#1156 = LINE ( 'NONE', #3689, #2593 ) ;
#1157 = ORIENTED_EDGE ( 'NONE', *, *, #481, .T. ) ;
#1158 = EDGE_CURVE ( 'NONE', #55, #3125, #3153, .T. ) ;
#1159 = EDGE_CURVE ( 'NONE', #1873, #3477, #440, .T. ) ;
#1160 = ORIENTED_EDGE ( 'NONE', *, *, #930, .T. ) ;
#1161 = VERTEX_POINT ( 'NONE', #3131 ) ;
#1162 = DIRECTION ( 'NONE',  ( 0.000000000000000000, 2.583795798586580428E-15, -1.000000000000000000 ) ) ;
#1163 = CARTESIAN_POINT ( 'NONE',  ( 0.000000000000000000, 103.4866973876950027, 0.000000000000000000 ) ) ;
#1164 = DIRECTION ( 'NONE',  ( 1.000000000000000000, 0.000000000000000000, 0.000000000000000000 ) ) ;
#1165 = VERTEX_POINT ( 'NONE', #721 ) ;
#1166 = DIRECTION ( 'NONE',  ( 0.000000000000000000, -0.8800177800115869253, 0.4749407403702889385 ) ) ;
#1167 = DIRECTION ( 'NONE',  ( 0.000000000000000000, 1.000000000000000000, -8.881784197001270073E-16 ) ) ;
#1168 = AXIS2_PLACEMENT_3D ( 'NONE', #1007, #2316, #1094 ) ;
#1169 = LINE ( 'NONE', #3030, #1062 ) ;
#1170 = EDGE_CURVE ( 'NONE', #24, #1977, #480, .T. ) ;
#1171 = VECTOR ( 'NONE', #610, 1000.000000000000114 ) ;
#1172 = DIRECTION ( 'NONE',  ( 0.9914450668446498360, 0.000000000000000000, -0.1305246315045849592 ) ) ;
#1173 = DIRECTION ( 'NONE',  ( 0.000000000000000000, 0.7071067811826520222, 0.7071067811904430123 ) ) ;
#1174 = ORIENTED_EDGE ( 'NONE', *, *, #1608, .F. ) ;
#1175 = CALENDAR_DATE ( 2026, 9, 9 ) ;
#1176 = VECTOR ( 'NONE', #1930, 1000.000000000000000 ) ;
#1177 = DIRECTION ( 'NONE',  ( 1.776356839400250070E-15, 1.000000000000000000, 6.661338147750950089E-16 ) ) ;
#1178 = ORIENTED_EDGE ( 'NONE', *, *, #1788, .F. ) ;
#1179 = ORIENTED_EDGE ( 'NONE', *, *, #2983, .T. ) ;
#1180 = CARTESIAN_POINT ( 'NONE',  ( 78.05343627929690342, 101.7866973876950141, 3.464101791381839934 ) ) ;
#1181 = EDGE_CURVE ( 'NONE', #2598, #1562, #1595, .T. ) ;
#1182 = CARTESIAN_POINT ( 'NONE',  ( 111.7809210205080035, 109.7866973876949999, 1.532249450683589975 ) ) ;
#1183 = AXIS2_PLACEMENT_3D ( 'NONE', #1314, #2204, #1335 ) ;
#1184 = VECTOR ( 'NONE', #1837, 1000.000000000000000 ) ;
#1185 = DIRECTION ( 'NONE',  ( 0.000000000000000000, -1.000000000000000000, 0.000000000000000000 ) ) ;
#1186 = ORIENTED_EDGE ( 'NONE', *, *, #3375, .T. ) ;
#1187 = VERTEX_POINT ( 'NONE', #1371 ) ;
#1188 = CARTESIAN_POINT ( 'NONE',  ( 114.2304144287110006, 109.7866973876949999, 2.946463584899900123 ) ) ;
#1189 = VECTOR ( 'NONE', #3852, 1000.000000000000000 ) ;
#1190 = LINE ( 'NONE', #2057, #854 ) ;
#1191 = ORIENTED_EDGE ( 'NONE', *, *, #3329, .T. ) ;
#1192 = EDGE_CURVE ( 'NONE', #3415, #75, #1681, .T. ) ;
#1193 = DIRECTION ( 'NONE',  ( -0.7933548705567872172, 0.000000000000000000, 0.6087594347226360503 ) ) ;
#1194 = DIRECTION ( 'NONE',  ( 0.9238788260947646824, 0.000000000000000000, 0.3826851378009858418 ) ) ;
#1195 = DIRECTION ( 'NONE',  ( -1.000000000000000000, 0.000000000000000000, 2.585739412628516873E-16 ) ) ;
#1196 = ORIENTED_EDGE ( 'NONE', *, *, #2931, .F. ) ;
#1197 = DIRECTION ( 'NONE',  ( -0.3826851378009850091, 0.000000000000000000, -0.9238788260947650155 ) ) ;
#1198 = ORIENTED_EDGE ( 'NONE', *, *, #2168, .F. ) ;
#1199 = VECTOR ( 'NONE', #2925, 1000.000000000000114 ) ;
#1200 = ORIENTED_EDGE ( 'NONE', *, *, #1505, .T. ) ;
#1201 = EDGE_CURVE ( 'NONE', #1965, #1187, #192, .T. ) ;
#1202 = AXIS2_PLACEMENT_3D ( 'NONE', #102, #413, #3721 ) ;
#1203 = EDGE_LOOP ( 'NONE', ( #2125, #2920, #2554, #3115 ) ) ;
#1204 = PLANE ( 'NONE',  #2566 ) ;
#1205 = LINE ( 'NONE', #73, #2562 ) ;
#1206 = CARTESIAN_POINT ( 'NONE',  ( 110.6213576486681518, 99.20369191267897691, 6.369101703259659963 ) ) ;
#1207 = VERTEX_POINT ( 'NONE', #460 ) ;
#1208 = VERTEX_POINT ( 'NONE', #169 ) ;
#1209 = CARTESIAN_POINT ( 'NONE',  ( 59.02427344963700051, 99.20369191267897691, 34.07768016486982532 ) ) ;
#1210 = DIRECTION ( 'NONE',  ( 0.9238788260947636832, 2.721843625684399201E-14, -0.3826851378009883398 ) ) ;
#1211 = EDGE_CURVE ( 'NONE', #228, #55, #1310, .T. ) ;
#1212 = FACE_OUTER_BOUND ( 'NONE', #2791, .T. ) ;
#1213 = EDGE_CURVE ( 'NONE', #1726, #3403, #3591, .T. ) ;
#1214 = DIRECTION ( 'NONE',  ( 0.000000000000000000, -0.8614417473514188739, -0.5078563930090219669 ) ) ;
#1215 = CARTESIAN_POINT ( 'NONE',  ( -3.076740454749878529E-15, 99.20369191267897691, 6.928203582763636348 ) ) ;
#1216 = ORIENTED_EDGE ( 'NONE', *, *, #2943, .T. ) ;
#1217 = PLANE ( 'NONE',  #126 ) ;
#1218 = ORIENTED_EDGE ( 'NONE', *, *, #1042, .T. ) ;
#1219 = EDGE_CURVE ( 'NONE', #1636, #718, #1720, .T. ) ;
#1220 = ORIENTED_EDGE ( 'NONE', *, *, #199, .T. ) ;
#1221 = ORIENTED_EDGE ( 'NONE', *, *, #2724, .T. ) ;
#1222 = FACE_OUTER_BOUND ( 'NONE', #1203, .T. ) ;
#1223 = CARTESIAN_POINT ( 'NONE',  ( 111.2985601806639977, 109.7866973876949999, 5.196151733398440165 ) ) ;
#1224 = DIRECTION ( 'NONE',  ( 0.3826798146995770700, 0.000000000000000000, 0.9238810309891080097 ) ) ;
#1225 = ORIENTED_EDGE ( 'NONE', *, *, #3233, .T. ) ;
#1226 = CARTESIAN_POINT ( 'NONE',  ( 56.02427337332082402, 112.7866973876949999, -32.34562931324005319 ) ) ;
#1227 = DIRECTION ( 'NONE',  ( 0.000000000000000000, -0.9378915011230796184, -0.3469287133131188638 ) ) ;
#1228 = CARTESIAN_POINT ( 'NONE',  ( 78.32138824462889204, 109.7866973876949999, 2.464101791381839934 ) ) ;
#1229 = FACE_OUTER_BOUND ( 'NONE', #2745, .T. ) ;
#1230 = CARTESIAN_POINT ( 'NONE',  ( 116.7985601806640119, 107.7866973876949999, 14.96409320831480017 ) ) ;
#1231 = VERTEX_POINT ( 'NONE', #2024 ) ;
#1232 = ADVANCED_FACE ( 'NONE', ( #2991, #879 ), #2082, .F. ) ;
#1233 = VECTOR ( 'NONE', #2696, 1000.000000000000000 ) ;
#1234 = CARTESIAN_POINT ( 'NONE',  ( 110.2985601806639977, 112.7866973876949999, 0.000000000000000000 ) ) ;
#1235 = ORIENTED_EDGE ( 'NONE', *, *, #2370, .T. ) ;
#1236 = VECTOR ( 'NONE', #1845, 1000.000000000000114 ) ;
#1237 = VERTEX_POINT ( 'NONE', #1412 ) ;
#1238 = ORIENTED_EDGE ( 'NONE', *, *, #754, .T. ) ;
#1239 = LINE ( 'NONE', #350, #2056 ) ;
#1240 = CARTESIAN_POINT ( 'NONE',  ( 80.05343627929690342, 109.7866973876949999, 5.464101791381840378 ) ) ;
#1241 = ADVANCED_BREP_SHAPE_REPRESENTATION ( 'small02', ( #251, #3907 ), #2583 ) ;
#1242 = EDGE_LOOP ( 'NONE', ( #3844, #3757, #2544, #564 ) ) ;
#1243 = VECTOR ( 'NONE', #3116, 1000.000000000000114 ) ;
#1244 = ORIENTED_EDGE ( 'NONE', *, *, #3425, .T. ) ;
#1245 = CARTESIAN_POINT ( 'NONE',  ( 113.7127752685550064, 101.7866973876950141, 2.049888610839839753 ) ) ;
#1246 = DIRECTION ( 'NONE',  ( 1.000000000000000000, 0.000000000000000000, 0.000000000000000000 ) ) ;
#1247 = AXIS2_PLACEMENT_3D ( 'NONE', #1981, #1036, #2559 ) ;
#1248 = EDGE_CURVE ( 'NONE', #2547, #1573, #2957, .T. ) ;
#1249 = VECTOR ( 'NONE', #466, 999.9999999999998863 ) ;
#1250 = LINE ( 'NONE', #896, #2928 ) ;
#1251 = DIRECTION ( 'NONE',  ( -1.776356839400250070E-15, 1.000000000000000000, -1.443289932012710011E-15 ) ) ;
#1252 = CARTESIAN_POINT ( 'NONE',  ( 107.7985601806639977, 108.1757812500000000, 9.420721054077150214 ) ) ;
#1253 = ORIENTED_EDGE ( 'NONE', *, *, #2550, .F. ) ;
#1254 = EDGE_CURVE ( 'NONE', #3915, #559, #2700, .T. ) ;
#1255 = DIRECTION ( 'NONE',  ( 0.5000000000000025535, -0.000000000000000000, 0.8660254037844371533 ) ) ;
#1256 = EDGE_LOOP ( 'NONE', ( #524, #3607, #647, #1949 ) ) ;
#1257 = ORIENTED_EDGE ( 'NONE', *, *, #849, .F. ) ;
#1258 = EDGE_CURVE ( 'NONE', #2945, #3486, #2061, .T. ) ;
#1259 = CARTESIAN_POINT ( 'NONE',  ( 55.54007862233673620, 109.7866973876949999, -32.06607771198415691 ) ) ;
#1260 = PLANE ( 'NONE',  #3323 ) ;
#1261 = ORIENTED_EDGE ( 'NONE', *, *, #1888, .T. ) ;
#1262 = CARTESIAN_POINT ( 'NONE',  ( 116.7985601806640119, 101.7866973876950141, 0.000000000000000000 ) ) ;
#1263 = FACE_OUTER_BOUND ( 'NONE', #3435, .T. ) ;
#1264 = VECTOR ( 'NONE', #1897, 1000.000000000000114 ) ;
#1265 = CARTESIAN_POINT ( 'NONE',  ( 84.55343627929690342, 110.5573544486990016, 10.79571912687470103 ) ) ;
#1266 = ORIENTED_EDGE ( 'NONE', *, *, #1258, .T. ) ;
#1267 = PLANE ( 'NONE',  #1435 ) ;
#1268 = EDGE_CURVE ( 'NONE', #3439, #1562, #2623, .T. ) ;
#1269 = CARTESIAN_POINT ( 'NONE',  ( 78.63922119140620737, 109.7866973876949999, 2.049888610839839753 ) ) ;
#1270 = ORIENTED_EDGE ( 'NONE', *, *, #959, .T. ) ;
#1271 = DIRECTION ( 'NONE',  ( 0.3826798146995779026, 0.000000000000000000, -0.9238810309891077877 ) ) ;
#1272 = VERTEX_POINT ( 'NONE', #1705 ) ;
#1273 = ORIENTED_EDGE ( 'NONE', *, *, #754, .F. ) ;
#1274 = PLANE ( 'NONE',  #2251 ) ;
#1275 = DIRECTION ( 'NONE',  ( -0.1305264269771610475, 0.000000000000000000, -0.9914448304674223778 ) ) ;
#1276 = EDGE_CURVE ( 'NONE', #1122, #2687, #2040, .T. ) ;
#1277 = ADVANCED_FACE ( 'NONE', ( #3569 ), #520, .T. ) ;
#1278 = EDGE_LOOP ( 'NONE', ( #2685, #1954, #1756, #899 ) ) ;
#1279 = CARTESIAN_POINT ( 'NONE',  ( 114.4187481867349163, 110.2335731595149042, 6.720031839196997758 ) ) ;
#1280 = DIRECTION ( 'NONE',  ( -0.1305264269771610475, 0.000000000000000000, -0.9914448304674223778 ) ) ;
#1281 = LINE ( 'NONE', #2512, #618 ) ;
#1282 = VERTEX_POINT ( 'NONE', #579 ) ;
#1283 = DIRECTION ( 'NONE',  ( 0.000000000000000000, 1.000000000000000000, 0.000000000000000000 ) ) ;
#1284 = CARTESIAN_POINT ( 'NONE',  ( 81.05343627929690342, 101.7866973876950141, 1.732050895690919967 ) ) ;
#1285 = EDGE_LOOP ( 'NONE', ( #3320, #650, #1586, #2427 ) ) ;
#1286 = EDGE_CURVE ( 'NONE', #2076, #3255, #3833, .T. ) ;
#1287 = DIRECTION ( 'NONE',  ( -0.6087566003318451990, 0.000000000000000000, -0.7933570454419713869 ) ) ;
#1288 = DIRECTION ( 'NONE',  ( 1.000000000000000000, 0.000000000000000000, -2.585739412628463625E-16 ) ) ;
#1289 = ORIENTED_EDGE ( 'NONE', *, *, #395, .T. ) ;
#1290 = VECTOR ( 'NONE', #3246, 1000.000000000000114 ) ;
#1291 = EDGE_CURVE ( 'NONE', #2433, #3830, #857, .T. ) ;
#1292 = LINE ( 'NONE', #2431, #1076 ) ;
#1293 = VERTEX_POINT ( 'NONE', #1782 ) ;
#1294 = VECTOR ( 'NONE', #3842, 1000.000000000000000 ) ;
#1295 = PLANE ( 'NONE',  #2181 ) ;
#1296 = FACE_OUTER_BOUND ( 'NONE', #2100, .T. ) ;
#1297 = VECTOR ( 'NONE', #3391, 1000.000000000000000 ) ;
#1298 = EDGE_LOOP ( 'NONE', ( #1351, #3388 ) ) ;
#1299 = EDGE_CURVE ( 'NONE', #2277, #840, #536, .T. ) ;
#1300 = DIRECTION ( 'NONE',  ( 1.776356839400250070E-15, 1.000000000000000000, -1.110223024625159992E-16 ) ) ;
#1301 = LINE ( 'NONE', #1630, #3636 ) ;
#1302 = DIRECTION ( 'NONE',  ( -0.3826922874341511238, 0.000000000000000000, 0.9238758645718683216 ) ) ;
#1303 = DIRECTION ( 'NONE',  ( 0.000000000000000000, 1.000000000000000000, 0.000000000000000000 ) ) ;
#1304 = DIRECTION ( 'NONE',  ( -0.3826922874341520120, 0.000000000000000000, 0.9238758645718678775 ) ) ;
#1305 = VECTOR ( 'NONE', #278, 1000.000000000000114 ) ;
#1306 = ORIENTED_EDGE ( 'NONE', *, *, #3118, .T. ) ;
#1307 = VECTOR ( 'NONE', #2860, 1000.000000000000000 ) ;
#1308 = VECTOR ( 'NONE', #3640, 1000.000000000000227 ) ;
#1309 = LINE ( 'NONE', #2875, #2389 ) ;
#1310 = LINE ( 'NONE', #3871, #1747 ) ;
#1311 = ORIENTED_EDGE ( 'NONE', *, *, #3525, .T. ) ;
#1312 = DIRECTION ( 'NONE',  ( 0.000000000000000000, 0.000000000000000000, 1.000000000000000000 ) ) ;
#1313 = VERTEX_POINT ( 'NONE', #1483 ) ;
#1314 = CARTESIAN_POINT ( 'NONE',  ( 110.5665121459960005, 109.7866973876949999, 2.464101791381839934 ) ) ;
#1315 = EDGE_CURVE ( 'NONE', #3187, #2801, #3910, .T. ) ;
#1316 = CARTESIAN_POINT ( 'NONE',  ( 84.55343627929690342, 105.1757812500000000, 8.920721054077150214 ) ) ;
#1317 = ORIENTED_EDGE ( 'NONE', *, *, #1170, .F. ) ;
#1318 = CARTESIAN_POINT ( 'NONE',  ( 74.51279113769530227, 103.4956226349320048, 22.95279979699569850 ) ) ;
#1319 = VECTOR ( 'NONE', #323, 1000.000000000000114 ) ;
#1320 = DIRECTION ( 'NONE',  ( -0.9238758645718683216, 0.000000000000000000, 0.3826922874341511238 ) ) ;
#1321 = FACE_BOUND ( 'NONE', #3392, .T. ) ;
#1322 = EDGE_LOOP ( 'NONE', ( #3256, #2480 ) ) ;
#1323 = DIRECTION ( 'NONE',  ( 0.6087657977602040082, 0.000000000000000000, -0.7933499880112070413 ) ) ;
#1324 = VECTOR ( 'NONE', #908, 1000.000000000000000 ) ;
#1325 = ORIENTED_EDGE ( 'NONE', *, *, #3398, .F. ) ;
#1326 = LINE ( 'NONE', #2535, #3126 ) ;
#1327 = ORIENTED_EDGE ( 'NONE', *, *, #2486, .T. ) ;
#1328 = EDGE_CURVE ( 'NONE', #593, #3288, #209, .T. ) ;
#1329 = DIRECTION ( 'NONE',  ( 0.000000000000000000, -1.000000000000000000, 0.000000000000000000 ) ) ;
#1330 = CARTESIAN_POINT ( 'NONE',  ( 75.55343627929690342, 110.8320770263670028, 10.13247299194340023 ) ) ;
#1331 = VERTEX_POINT ( 'NONE', #1446 ) ;
#1332 = MECHANICAL_CONTEXT ( 'NONE', #2467, 'mechanical' ) ;
#1333 = DIRECTION ( 'NONE',  ( -0.9914455084722341160, 0.000000000000000000, 0.1305212769253860372 ) ) ;
#1334 = ORIENTED_EDGE ( 'NONE', *, *, #386, .T. ) ;
#1335 = DIRECTION ( 'NONE',  ( 0.000000000000000000, -1.000000000000000000, 0.000000000000000000 ) ) ;
#1336 = CARTESIAN_POINT ( 'NONE',  ( 114.2985601806640119, 101.7866973876950141, 3.464101791381839934 ) ) ;
#1337 = EDGE_CURVE ( 'NONE', #3497, #415, #2661, .T. ) ;
#1338 = EDGE_CURVE ( 'NONE', #2148, #24, #2343, .T. ) ;
#1339 = ORIENTED_EDGE ( 'NONE', *, *, #712, .F. ) ;
#1340 = DIRECTION ( 'NONE',  ( 0.000000000000000000, -1.000000000000000000, 0.000000000000000000 ) ) ;
#1341 = LINE ( 'NONE', #1027, #1667 ) ;
#1342 = CARTESIAN_POINT ( 'NONE',  ( 110.6213576486681518, 109.7866973876949999, 0.5591017032596417025 ) ) ;
#1343 = VERTEX_POINT ( 'NONE', #3534 ) ;
#1344 = DIRECTION ( 'NONE',  ( -6.464348531571292183E-17, -2.110926372141859940E-15, -1.000000000000000000 ) ) ;
#1345 = ORIENTED_EDGE ( 'NONE', *, *, #3411, .T. ) ;
#1346 = LINE ( 'NONE', #414, #1051 ) ;
#1347 = EDGE_LOOP ( 'NONE', ( #217, #626 ) ) ;
#1348 = CARTESIAN_POINT ( 'NONE',  ( 78.63922119140620737, 101.7866973876950141, 4.878314971923830790 ) ) ;
#1349 = DIRECTION ( 'NONE',  ( -0.1305246315045859584, 0.000000000000000000, 0.9914450668446498360 ) ) ;
#1350 = ADVANCED_FACE ( 'NONE', ( #3552 ), #3684, .T. ) ;
#1351 = ORIENTED_EDGE ( 'NONE', *, *, #3632, .F. ) ;
#1352 = CARTESIAN_POINT ( 'NONE',  ( 75.55343627929690342, 108.1757812500000000, 8.920721054077150214 ) ) ;
#1353 = LINE ( 'NONE', #2906, #438 ) ;
#1354 = ORIENTED_EDGE ( 'NONE', *, *, #985, .F. ) ;
#1355 = CARTESIAN_POINT ( 'NONE',  ( 107.7985601806639977, 112.7866973876949999, 2.220446049250309876E-16 ) ) ;
#1356 = VECTOR ( 'NONE', #3807, 1000.000000000000000 ) ;
#1357 = PLANE ( 'NONE',  #665 ) ;
#1358 = VECTOR ( 'NONE', #91, 1000.000000000000000 ) ;
#1359 = EDGE_LOOP ( 'NONE', ( #3880, #80, #907, #163 ) ) ;
#1360 = LINE ( 'NONE', #3462, #48 ) ;
#1361 = FACE_OUTER_BOUND ( 'NONE', #690, .T. ) ;
#1362 = VECTOR ( 'NONE', #3899, 1000.000000000000114 ) ;
#1363 = CARTESIAN_POINT ( 'NONE',  ( 116.7985601806640119, 101.7866973876950141, 22.99834838098309930 ) ) ;
#1364 = EDGE_LOOP ( 'NONE', ( #1514, #3345, #2374, #2582 ) ) ;
#1365 = CARTESIAN_POINT ( 'NONE',  ( 108.9441551166722633, 109.7866973876949999, 3.464101703259661935 ) ) ;
#1366 = ORIENTED_EDGE ( 'NONE', *, *, #642, .T. ) ;
#1367 = PLANE ( 'NONE',  #1428 ) ;
#1368 = ORIENTED_EDGE ( 'NONE', *, *, #2943, .F. ) ;
#1369 = EDGE_CURVE ( 'NONE', #3419, #678, #64, .T. ) ;
#1370 = PLANE ( 'NONE',  #1126 ) ;
#1371 = CARTESIAN_POINT ( 'NONE',  ( 113.2985601806639977, 109.7866973876949999, 1.732050895690919967 ) ) ;
#1372 = AXIS2_PLACEMENT_3D ( 'NONE', #3621, #1813, #2089 ) ;
#1373 = ORIENTED_EDGE ( 'NONE', *, *, #3362, .F. ) ;
#1374 = VECTOR ( 'NONE', #674, 1000.000000000000000 ) ;
#1375 = CARTESIAN_POINT ( 'NONE',  ( 78.37623374730102910, 112.7866973876949999, 0.5591017032597904723 ) ) ;
#1376 = VECTOR ( 'NONE', #2003, 1000.000000000000000 ) ;
#1377 = ADVANCED_FACE ( 'NONE', ( #1229, #1823 ), #1267, .F. ) ;
#1378 = VECTOR ( 'NONE', #2816, 1000.000000000000000 ) ;
#1379 = CARTESIAN_POINT ( 'NONE',  ( 78.12158203125000000, 109.7866973876949999, 3.981739997863770419 ) ) ;
#1380 = ORIENTED_EDGE ( 'NONE', *, *, #1700, .F. ) ;
#1381 = LINE ( 'NONE', #3312, #1060 ) ;
#1382 = CARTESIAN_POINT ( 'NONE',  ( 77.93324827322587112, 110.2335731595150889, 6.720031839197034174 ) ) ;
#1383 = EDGE_CURVE ( 'NONE', #1148, #3334, #2474, .T. ) ;
#1384 = VERTEX_POINT ( 'NONE', #2751 ) ;
#1385 = FACE_OUTER_BOUND ( 'NONE', #2578, .T. ) ;
#1386 = PLANE ( 'NONE',  #2807 ) ;
#1387 = CARTESIAN_POINT ( 'NONE',  ( 113.2985601806639977, 109.7866973876949999, 5.196151733398440165 ) ) ;
#1388 = VERTEX_POINT ( 'NONE', #2438 ) ;
#1389 = VECTOR ( 'NONE', #2179, 1000.000000000000000 ) ;
#1390 = LINE ( 'NONE', #1462, #3417 ) ;
#1391 = CARTESIAN_POINT ( 'NONE',  ( 81.05343627929690342, 109.7866973876949999, 1.732050895690919967 ) ) ;
#1392 = EDGE_LOOP ( 'NONE', ( #652, #3206, #3860, #3176 ) ) ;
#1393 = CARTESIAN_POINT ( 'NONE',  ( 81.05343627929690342, 109.7866973876949999, 1.732050895690919967 ) ) ;
#1394 = EDGE_CURVE ( 'NONE', #2284, #2222, #2403, .T. ) ;
#1395 = FACE_OUTER_BOUND ( 'NONE', #147, .T. ) ;
#1396 = ORIENTED_EDGE ( 'NONE', *, *, #1170, .T. ) ;
#1397 = APPROVAL_ROLE ( '' ) ;
#1398 = CARTESIAN_POINT ( 'NONE',  ( 77.74265866870140940, 109.7866973876949999, 6.389920943971019618 ) ) ;
#1399 = CARTESIAN_POINT ( 'NONE',  ( 75.55343627929690342, 110.5573577880859943, 10.79572105407710048 ) ) ;
#1400 = DIRECTION ( 'NONE',  ( 1.776356839400250070E-15, 1.000000000000000000, -3.330669073875480468E-16 ) ) ;
#1401 = EDGE_LOOP ( 'NONE', ( #586, #646, #1614, #2446, #293, #3508, #3690, #161, #2186, #750, #2612, #3790, #53, #670, #1523, #1054, #2665, #2322, #3410, #1776, #3738, #3729, #3794, #3510 ) ) ;
#1402 = PLANE ( 'NONE',  #3575 ) ;
#1403 = EDGE_CURVE ( 'NONE', #2945, #402, #935, .T. ) ;
#1404 = DIRECTION ( 'NONE',  ( -0.000000000000000000, 1.000000000000000000, 0.000000000000000000 ) ) ;
#1405 = DIRECTION ( 'NONE',  ( 1.000000000000000000, 0.000000000000000000, 8.881784197001249119E-17 ) ) ;
#1406 = ORIENTED_EDGE ( 'NONE', *, *, #157, .T. ) ;
#1407 = CARTESIAN_POINT ( 'NONE',  ( 74.51279113769530227, 102.1145420074760040, 21.66047573083089972 ) ) ;
#1408 = AXIS2_PLACEMENT_3D ( 'NONE', #2437, #2990, #63 ) ;
#1409 = CARTESIAN_POINT ( 'NONE',  ( 81.05343627929690342, 109.7866973876949999, 1.732050895690919967 ) ) ;
#1410 = EDGE_LOOP ( 'NONE', ( #264, #2121, #1196, #3075 ) ) ;
#1411 = FACE_OUTER_BOUND ( 'NONE', #368, .T. ) ;
#1412 = CARTESIAN_POINT ( 'NONE',  ( 84.55343627929690342, 110.1203287768050103, 11.36526285778540135 ) ) ;
#1413 = VERTEX_POINT ( 'NONE', #3614 ) ;
#1414 = ADVANCED_FACE ( 'NONE', ( #3088 ), #2158, .F. ) ;
#1415 = CARTESIAN_POINT ( 'NONE',  ( 75.55343627929690342, 101.7866973876950141, 0.000000000000000000 ) ) ;
#1416 = LINE ( 'NONE', #3819, #1549 ) ;
#1417 = CARTESIAN_POINT ( 'NONE',  ( 0.000000000000000000, 103.4866973876950027, 10.96409320826379918 ) ) ;
#1418 = EDGE_CURVE ( 'NONE', #2814, #3451, #656, .T. ) ;
#1419 = ORIENTED_EDGE ( 'NONE', *, *, #3250, .T. ) ;
#1420 = CARTESIAN_POINT ( 'NONE',  ( 74.51279113769530227, 104.0056629181370056, 22.99634838098310041 ) ) ;
#1421 = FACE_BOUND ( 'NONE', #1643, .T. ) ;
#1422 = VECTOR ( 'NONE', #2250, 1000.000000000000114 ) ;
#1423 = EDGE_CURVE ( 'NONE', #863, #1761, #1519, .T. ) ;
#1424 = LINE ( 'NONE', #1387, #2065 ) ;
#1425 = VERTEX_POINT ( 'NONE', #1882 ) ;
#1426 = CARTESIAN_POINT ( 'NONE',  ( 117.7227911376949976, 107.0923862457719906, 20.37159252163889889 ) ) ;
#1427 = DIRECTION ( 'NONE',  ( 1.055463186070929970E-15, 0.000000000000000000, -1.000000000000000000 ) ) ;
#1428 = AXIS2_PLACEMENT_3D ( 'NONE', #2555, #103, #3447 ) ;
#1429 = EDGE_LOOP ( 'NONE', ( #2979, #1317, #972, #2143, #3244 ) ) ;
#1430 = CARTESIAN_POINT ( 'NONE',  ( 74.51279113769530227, 103.6627063751670050, 22.99018573754839778 ) ) ;
#1431 = EDGE_LOOP ( 'NONE', ( #1022, #1235, #2461, #2182 ) ) ;
#1432 = COORDINATED_UNIVERSAL_TIME_OFFSET ( 3, 0, .AHEAD. ) ;
#1433 = LINE ( 'NONE', #2681, #825 ) ;
#1434 = CARTESIAN_POINT ( 'NONE',  ( 80.57107543945309658, 101.7866973876950141, 1.532249450683589975 ) ) ;
#1435 = AXIS2_PLACEMENT_3D ( 'NONE', #1844, #3629, #1535 ) ;
#1436 = ADVANCED_FACE ( 'NONE', ( #1557 ), #639, .T. ) ;
#1437 = ORIENTED_EDGE ( 'NONE', *, *, #3714, .T. ) ;
#1438 = DIRECTION ( 'NONE',  ( 0.9914436174099583443, 0.000000000000000000, 0.1305356407156920695 ) ) ;
#1439 = LINE ( 'NONE', #3580, #1987 ) ;
#1440 = DIRECTION ( 'NONE',  ( 0.000000000000000000, -9.496636058990500565E-16, -1.000000000000000000 ) ) ;
#1441 = EDGE_LOOP ( 'NONE', ( #3834, #1471, #2502, #2203 ) ) ;
#1442 = DIRECTION ( 'NONE',  ( 1.000000000000000000, 0.000000000000000000, 0.000000000000000000 ) ) ;
#1443 = DIRECTION ( 'NONE',  ( 0.6087664921822442121, 0.000000000000000000, -0.7933494551558761820 ) ) ;
#1444 = VERTEX_POINT ( 'NONE', #620 ) ;
#1445 = DIRECTION ( 'NONE',  ( -1.000000000000000000, 0.000000000000000000, 0.000000000000000000 ) ) ;
#1446 = CARTESIAN_POINT ( 'NONE',  ( 107.7985601806639977, 103.4866973876950027, 5.464101791381850148 ) ) ;
#1447 = EDGE_LOOP ( 'NONE', ( #1061, #297, #3576, #937, #2859, #2417, #709, #2692, #389, #2787, #3494, #1843, #3013, #864, #3309, #2490, #2071, #957, #3432, #2777, #339, #3673, #1855, #2599 ) ) ;
#1448 = EDGE_CURVE ( 'NONE', #2076, #3168, #2173, .T. ) ;
#1449 = CALENDAR_DATE ( 2026, 9, 9 ) ;
#1450 = EDGE_CURVE ( 'NONE', #331, #1444, #897, .T. ) ;
#1451 = PLANE ( 'NONE',  #631 ) ;
#1452 = EDGE_LOOP ( 'NONE', ( #1548, #3339, #3318, #123 ) ) ;
#1453 = VECTOR ( 'NONE', #795, 1000.000000000000000 ) ;
#1454 = ORIENTED_EDGE ( 'NONE', *, *, #3806, .F. ) ;
#1455 = ORIENTED_EDGE ( 'NONE', *, *, #1525, .F. ) ;
#1456 = PLANE ( 'NONE',  #286 ) ;
#1457 = LINE ( 'NONE', #3202, #1669 ) ;
#1458 = EDGE_CURVE ( 'NONE', #3439, #3772, #676, .T. ) ;
#1459 = EDGE_CURVE ( 'NONE', #3830, #235, #1804, .T. ) ;
#1460 = DIRECTION ( 'NONE',  ( 0.000000000000000000, -0.8105607409980488676, 0.5856545783588599230 ) ) ;
#1461 = ORIENTED_EDGE ( 'NONE', *, *, #3072, .T. ) ;
#1462 = CARTESIAN_POINT ( 'NONE',  ( 110.5665121459960005, 109.7866973876949999, 4.464101791381840378 ) ) ;
#1463 = DIRECTION ( 'NONE',  ( -0.9914448304674222667, 0.000000000000000000, -0.1305264269771610197 ) ) ;
#1464 = DIRECTION ( 'NONE',  ( -0.9914455084722341160, 0.000000000000000000, -0.1305212769253860372 ) ) ;
#1465 = DIRECTION ( 'NONE',  ( 0.000000000000000000, 0.6087619720811818791, -0.7933529235767838861 ) ) ;
#1466 = ORIENTED_EDGE ( 'NONE', *, *, #3445, .F. ) ;
#1467 = APPROVAL_STATUS ( 'not_yet_approved' ) ;
#1468 = EDGE_CURVE ( 'NONE', #304, #2951, #12, .T. ) ;
#1469 = CARTESIAN_POINT ( 'NONE',  ( 107.7985601806639977, 101.7866973876950141, 5.464101791381830608 ) ) ;
#1470 = VERTEX_POINT ( 'NONE', #3031 ) ;
#1471 = ORIENTED_EDGE ( 'NONE', *, *, #1423, .T. ) ;
#1472 = CC_DESIGN_PERSON_AND_ORGANIZATION_ASSIGNMENT ( #859, #3214, ( #617 ) ) ;
#1473 = DIRECTION ( 'NONE',  ( 1.000000000000000000, 0.000000000000000000, 0.000000000000000000 ) ) ;
#1474 = DIRECTION ( 'NONE',  ( 0.000000000000000000, 1.000000000000000000, 0.000000000000000000 ) ) ;
#1475 = CARTESIAN_POINT ( 'NONE',  ( 101.0697129464119968, 103.4866973876950027, 10.96409320826379918 ) ) ;
#1476 = ORIENTED_EDGE ( 'NONE', *, *, #3035, .T. ) ;
#1477 = ORIENTED_EDGE ( 'NONE', *, *, #70, .T. ) ;
#1478 = DIRECTION ( 'NONE',  ( -0.8660254147996926388, 1.055463145796607936E-15, 0.4999999809210201041 ) ) ;
#1479 = CARTESIAN_POINT ( 'NONE',  ( 114.2304144287110006, 109.7866973876949999, 3.981739997863770419 ) ) ;
#1480 = VECTOR ( 'NONE', #3287, 1000.000000000000000 ) ;
#1481 = LINE ( 'NONE', #578, #3623 ) ;
#1482 = VECTOR ( 'NONE', #1968, 1000.000000000000227 ) ;
#1483 = CARTESIAN_POINT ( 'NONE',  ( 81.73063881129279196, 112.7866973876949999, 6.369101703259785197 ) ) ;
#1484 = EDGE_CURVE ( 'NONE', #2426, #953, #2119, .T. ) ;
#1485 = CARTESIAN_POINT ( 'NONE',  ( 81.46765136718750000, 109.7866973876949999, 2.049888610839839753 ) ) ;
#1486 = ORIENTED_EDGE ( 'NONE', *, *, #459, .T. ) ;
#1487 = AXIS2_PLACEMENT_3D ( 'NONE', #813, #847, #254 ) ;
#1488 = CARTESIAN_POINT ( 'NONE',  ( 81.05343627929690342, 109.7866973876949999, 5.196151733398440165 ) ) ;
#1489 = EDGE_CURVE ( 'NONE', #3570, #2854, #3332, .T. ) ;
#1490 = VERTEX_POINT ( 'NONE', #1365 ) ;
#1491 = ORIENTED_EDGE ( 'NONE', *, *, #62, .T. ) ;
#1492 = FACE_OUTER_BOUND ( 'NONE', #3056, .T. ) ;
#1493 = LINE ( 'NONE', #2711, #3002 ) ;
#1494 = VECTOR ( 'NONE', #1400, 1000.000000000000000 ) ;
#1495 = VECTOR ( 'NONE', #2829, 1000.000000000000227 ) ;
#1496 = EDGE_CURVE ( 'NONE', #1977, #894, #2533, .T. ) ;
#1497 = PLANE ( 'NONE',  #489 ) ;
#1498 = VERTEX_POINT ( 'NONE', #2230 ) ;
#1499 = DIRECTION ( 'NONE',  ( -1.000000000000000000, 0.000000000000000000, 0.000000000000000000 ) ) ;
#1500 = LINE ( 'NONE', #374, #3695 ) ;
#1501 = CARTESIAN_POINT ( 'NONE',  ( 74.51279113769530227, 101.5590763092249915, 20.63125324242870207 ) ) ;
#1502 = CARTESIAN_POINT ( 'NONE',  ( 113.9757627126598578, 109.7866973876949999, 0.5591017032596414804 ) ) ;
#1503 = DIRECTION ( 'NONE',  ( 0.000000000000000000, 1.000000000000000000, 0.000000000000000000 ) ) ;
#1504 = ORIENTED_EDGE ( 'NONE', *, *, #1690, .T. ) ;
#1505 = EDGE_CURVE ( 'NONE', #1490, #331, #1914, .T. ) ;
#1506 = CARTESIAN_POINT ( 'NONE',  ( 82.05343627929690342, 110.4185193369179956, 6.928203582763670987 ) ) ;
#1507 = VECTOR ( 'NONE', #2103, 1000.000000000000000 ) ;
#1508 = VERTEX_POINT ( 'NONE', #2577 ) ;
#1509 = AXIS2_PLACEMENT_3D ( 'NONE', #1209, #3680, #3662 ) ;
#1510 = ORIENTED_EDGE ( 'NONE', *, *, #232, .F. ) ;
#1511 = LINE ( 'NONE', #2688, #3897 ) ;
#1512 = CARTESIAN_POINT ( 'NONE',  ( 76.69903121530518320, 99.20369191267897691, 3.464101703259812037 ) ) ;
#1513 = FACE_OUTER_BOUND ( 'NONE', #3801, .T. ) ;
#1514 = ORIENTED_EDGE ( 'NONE', *, *, #2184, .F. ) ;
#1515 = ADVANCED_FACE ( 'NONE', ( #2806 ), #1031, .T. ) ;
#1516 = FACE_OUTER_BOUND ( 'NONE', #1285, .T. ) ;
#1517 = CARTESIAN_POINT ( 'NONE',  ( 78.12158203125000000, 109.7866973876949999, 3.981739997863770419 ) ) ;
#1518 = CARTESIAN_POINT ( 'NONE',  ( 80.05343627929690342, 101.7866973876950141, 5.464101791381840378 ) ) ;
#1519 = LINE ( 'NONE', #1861, #3335 ) ;
#1520 = CARTESIAN_POINT ( 'NONE',  ( 113.2985601806639977, 109.7866973876949999, 5.196151733398440165 ) ) ;
#1521 = ORIENTED_EDGE ( 'NONE', *, *, #1003, .F. ) ;
#1522 = DIRECTION ( 'NONE',  ( 1.000000000000000000, 4.452734477429959987E-13, -1.973729821555829796E-16 ) ) ;
#1523 = ORIENTED_EDGE ( 'NONE', *, *, #712, .T. ) ;
#1524 = DIRECTION ( 'NONE',  ( 0.000000000000000000, 0.6087619720811818791, -0.7933529235767838861 ) ) ;
#1525 = EDGE_CURVE ( 'NONE', #569, #3656, #3444, .T. ) ;
#1526 = DIRECTION ( 'NONE',  ( 0.000000000000000000, -0.6614875748709151404, 0.7499561242442090991 ) ) ;
#1527 = DIRECTION ( 'NONE',  ( 0.000000000000000000, -0.7499561242442028819, -0.6614875748709219128 ) ) ;
#1528 = ORIENTED_EDGE ( 'NONE', *, *, #1458, .T. ) ;
#1529 = ORIENTED_EDGE ( 'NONE', *, *, #2219, .T. ) ;
#1530 = PLANE ( 'NONE',  #10 ) ;
#1531 = CARTESIAN_POINT ( 'NONE',  ( 78.63922119140620737, 101.7866973876950141, 2.049888610839859737 ) ) ;
#1532 = EDGE_CURVE ( 'NONE', #132, #798, #3488, .T. ) ;
#1533 = CARTESIAN_POINT ( 'NONE',  ( 81.46765136718750000, 109.7866973876949999, 2.049888610839839753 ) ) ;
#1534 = ORIENTED_EDGE ( 'NONE', *, *, #1788, .T. ) ;
#1535 = DIRECTION ( 'NONE',  ( 0.000000000000000000, 1.000000000000000000, 0.000000000000000000 ) ) ;
#1536 = LINE ( 'NONE', #3668, #2755 ) ;
#1537 = VERTEX_POINT ( 'NONE', #2213 ) ;
#1538 = AXIS2_PLACEMENT_3D ( 'NONE', #772, #2572, #3163 ) ;
#1539 = DIRECTION ( 'NONE',  ( 0.000000000000000000, 1.000000000000000000, -2.110926372141859940E-15 ) ) ;
#1540 = EDGE_LOOP ( 'NONE', ( #2047, #1929, #1000, #1825 ) ) ;
#1541 = AXIS2_PLACEMENT_3D ( 'NONE', #3293, #215, #3498 ) ;
#1542 = VECTOR ( 'NONE', #65, 1000.000000000000114 ) ;
#1543 = EDGE_LOOP ( 'NONE', ( #2897, #525, #3577, #2409 ) ) ;
#1544 = ORIENTED_EDGE ( 'NONE', *, *, #621, .T. ) ;
#1545 = DIRECTION ( 'NONE',  ( 0.000000000000000000, -2.110926372141859940E-15, -1.000000000000000000 ) ) ;
#1546 = CARTESIAN_POINT ( 'NONE',  ( 74.51279113769530227, 103.0119571686189914, 22.70369815819979920 ) ) ;
#1547 = EDGE_CURVE ( 'NONE', #3878, #1272, #736, .T. ) ;
#1548 = ORIENTED_EDGE ( 'NONE', *, *, #568, .F. ) ;
#1549 = VECTOR ( 'NONE', #3218, 1000.000000000000000 ) ;
#1550 = FACE_OUTER_BOUND ( 'NONE', #3230, .T. ) ;
#1551 = AXIS2_PLACEMENT_3D ( 'NONE', #79, #1651, #3742 ) ;
#1552 = FACE_OUTER_BOUND ( 'NONE', #1034, .T. ) ;
#1553 = VECTOR ( 'NONE', #741, 1000.000000000000000 ) ;
#1554 = VECTOR ( 'NONE', #3413, 1000.000000000000000 ) ;
#1555 = CARTESIAN_POINT ( 'NONE',  ( 117.7227911376949976, 103.4956226349320048, 22.95279979699569850 ) ) ;
#1556 = ORIENTED_EDGE ( 'NONE', *, *, #3855, .F. ) ;
#1557 = FACE_OUTER_BOUND ( 'NONE', #3635, .T. ) ;
#1558 = DIRECTION ( 'NONE',  ( -1.000000000000000000, 0.000000000000000000, 0.000000000000000000 ) ) ;
#1559 = VERTEX_POINT ( 'NONE', #3763 ) ;
#1560 = CARTESIAN_POINT ( 'NONE',  ( 108.9441551166722775, 99.20369191267897691, 3.464101703259661491 ) ) ;
#1561 = ADVANCED_FACE ( 'NONE', ( #2193, #3148 ), #696, .F. ) ;
#1562 = VERTEX_POINT ( 'NONE', #1634 ) ;
#1563 = EDGE_CURVE ( 'NONE', #1819, #3582, #3167, .T. ) ;
#1564 = CIRCLE ( 'NONE', #313, 3.000000000000002665 ) ;
#1565 = ORIENTED_EDGE ( 'NONE', *, *, #2424, .F. ) ;
#1566 = DIRECTION ( 'NONE',  ( 0.000000000000000000, -1.000000000000000000, 0.000000000000000000 ) ) ;
#1567 = PLANE ( 'NONE',  #164 ) ;
#1568 = VERTEX_POINT ( 'NONE', #3408 ) ;
#1569 = CARTESIAN_POINT ( 'NONE',  ( 74.51279113769530227, 101.0301303863630125, 19.39532756799239976 ) ) ;
#1570 = LINE ( 'NONE', #317, #2686 ) ;
#1571 = EDGE_CURVE ( 'NONE', #2426, #2713, #716, .T. ) ;
#1572 = PLANE ( 'NONE',  #1876 ) ;
#1573 = VERTEX_POINT ( 'NONE', #2514 ) ;
#1574 = DIRECTION ( 'NONE',  ( 0.6087566003318616303, 0.000000000000000000, -0.7933570454419586193 ) ) ;
#1575 = CYLINDRICAL_SURFACE ( 'NONE', #605, 2.750000000000002665 ) ;
#1576 = ORIENTED_EDGE ( 'NONE', *, *, #1489, .F. ) ;
#1577 = ADVANCED_FACE ( 'NONE', ( #141 ), #3744, .F. ) ;
#1578 = LINE ( 'NONE', #624, #3091 ) ;
#1579 = ORIENTED_EDGE ( 'NONE', *, *, #172, .T. ) ;
#1580 = ADVANCED_FACE ( 'NONE', ( #3467 ), #2553, .T. ) ;
#1581 = ORIENTED_EDGE ( 'NONE', *, *, #2567, .T. ) ;
#1582 = DIRECTION ( 'NONE',  ( 0.8660254147996930829, 0.000000000000000000, -0.4999999809210191049 ) ) ;
#1583 = CARTESIAN_POINT ( 'NONE',  ( 78.63922119140620737, 101.7866973876950141, 2.049888610839849967 ) ) ;
#1584 = EDGE_CURVE ( 'NONE', #533, #1537, #3791, .T. ) ;
#1585 = APPROVAL ( #1467, 'UNSPECIFIED' ) ;
#1586 = ORIENTED_EDGE ( 'NONE', *, *, #1989, .T. ) ;
#1587 = CARTESIAN_POINT ( 'NONE',  ( 111.7809210205080035, 101.7866973876950141, 1.532249450683550007 ) ) ;
#1588 = LINE ( 'NONE', #431, #2876 ) ;
#1589 = LINE ( 'NONE', #1074, #1374 ) ;
#1590 = DIRECTION ( 'NONE',  ( 0.5000000000000012212, 0.000000000000000000, -0.8660254037844380415 ) ) ;
#1591 = DIRECTION ( 'NONE',  ( 0.9238788260947671249, 0.000000000000000000, 0.3826851378009800686 ) ) ;
#1592 = ORIENTED_EDGE ( 'NONE', *, *, #3233, .F. ) ;
#1593 = CARTESIAN_POINT ( 'NONE',  ( 109.9877825700690153, 109.7866973876949999, 6.389920943971089784 ) ) ;
#1594 = EDGE_CURVE ( 'NONE', #2160, #2945, #3104, .T. ) ;
#1595 = LINE ( 'NONE', #1082, #2388 ) ;
#1596 = VERTEX_POINT ( 'NONE', #2278 ) ;
#1597 = CARTESIAN_POINT ( 'NONE',  ( 110.8843527221680034, 109.7866973876949999, 2.049888610839839753 ) ) ;
#1598 = VECTOR ( 'NONE', #3028, 1000.000000000000114 ) ;
#1599 = CARTESIAN_POINT ( 'NONE',  ( 107.7985601806639977, 108.1757812500000000, 8.920721054077150214 ) ) ;
#1600 = ORIENTED_EDGE ( 'NONE', *, *, #2775, .T. ) ;
#1601 = VECTOR ( 'NONE', #351, 999.9999999999998863 ) ;
#1602 = CARTESIAN_POINT ( 'NONE',  ( 110.3667135620120092, 101.7866973876950141, 3.981739997863770419 ) ) ;
#1603 = CARTESIAN_POINT ( 'NONE',  ( 107.7985601806639977, 110.5573308167100066, 10.79575620352899890 ) ) ;
#1604 = ORIENTED_EDGE ( 'NONE', *, *, #1809, .T. ) ;
#1605 = DIRECTION ( 'NONE',  ( 0.000000000000000000, -0.3469287133131311318, 0.9378915011230751775 ) ) ;
#1606 = EDGE_CURVE ( 'NONE', #1165, #3062, #1974, .T. ) ;
#1607 = LINE ( 'NONE', #3741, #158 ) ;
#1608 = EDGE_CURVE ( 'NONE', #1508, #3439, #474, .T. ) ;
#1609 = CARTESIAN_POINT ( 'NONE',  ( 81.78548431396480112, 109.7866973876949999, 2.464101791381839934 ) ) ;
#1610 = ORIENTED_EDGE ( 'NONE', *, *, #2482, .T. ) ;
#1611 = CARTESIAN_POINT ( 'NONE',  ( 112.2985601806639977, 101.7866973876950141, 1.464101791381849926 ) ) ;
#1612 = LINE ( 'NONE', #1916, #734 ) ;
#1613 = VECTOR ( 'NONE', #1194, 1000.000000000000114 ) ;
#1614 = ORIENTED_EDGE ( 'NONE', *, *, #188, .T. ) ;
#1615 = LOCAL_TIME ( 11, 22, 49.00000000000000000, #2960 ) ;
#1616 = VECTOR ( 'NONE', #99, 1000.000000000000000 ) ;
#1617 = DIRECTION ( 'NONE',  ( -0.7933570454419661688, 0.000000000000000000, -0.6087566003318519714 ) ) ;
#1618 = FACE_OUTER_BOUND ( 'NONE', #3132, .T. ) ;
#1619 = ORIENTED_EDGE ( 'NONE', *, *, #1459, .F. ) ;
#1620 = CARTESIAN_POINT ( 'NONE',  ( 107.7985601806639977, 110.1203045837639962, 11.36528501675970126 ) ) ;
#1621 = EDGE_CURVE ( 'NONE', #154, #3039, #1717, .T. ) ;
#1622 = EDGE_CURVE ( 'NONE', #2464, #1037, #2636, .T. ) ;
#1623 = DIRECTION ( 'NONE',  ( 1.000000000000000000, -6.663311877572490589E-13, 1.973729821555829796E-16 ) ) ;
#1624 = ORIENTED_EDGE ( 'NONE', *, *, #651, .F. ) ;
#1625 = CARTESIAN_POINT ( 'NONE',  ( 110.8843527221680034, 109.7866973876949999, 4.878314971923830790 ) ) ;
#1626 = CARTESIAN_POINT ( 'NONE',  ( 78.37623374730104331, 109.7866973876949999, 0.5591017032597900283 ) ) ;
#1627 = ORIENTED_EDGE ( 'NONE', *, *, #3083, .F. ) ;
#1628 = LINE ( 'NONE', #1587, #2695 ) ;
#1629 = VECTOR ( 'NONE', #150, 1000.000000000000000 ) ;
#1630 = CARTESIAN_POINT ( 'NONE',  ( 110.8843527221680034, 101.7866973876950141, 2.049888610839849967 ) ) ;
#1631 = EDGE_CURVE ( 'NONE', #559, #794, #3885, .T. ) ;
#1632 = CARTESIAN_POINT ( 'NONE',  ( 79.53579711914061079, 109.7866973876949999, 5.395953178405759942 ) ) ;
#1633 = ORIENTED_EDGE ( 'NONE', *, *, #1403, .T. ) ;
#1634 = CARTESIAN_POINT ( 'NONE',  ( 78.32138824462889204, 109.7866973876949999, 2.464101791381839934 ) ) ;
#1635 = VECTOR ( 'NONE', #1010, 1000.000000000000000 ) ;
#1636 = VERTEX_POINT ( 'NONE', #1149 ) ;
#1637 = LINE ( 'NONE', #456, #2941 ) ;
#1638 = ORIENTED_EDGE ( 'NONE', *, *, #1915, .F. ) ;
#1639 = CARTESIAN_POINT ( 'NONE',  ( 117.7227911376949976, 105.4820880890380010, 22.20573520655729993 ) ) ;
#1640 = FACE_OUTER_BOUND ( 'NONE', #1009, .T. ) ;
#1641 = VERTEX_POINT ( 'NONE', #1777 ) ;
#1642 = CARTESIAN_POINT ( 'NONE',  ( 117.7227911376949976, 108.7919330597279952, 17.84175968169499882 ) ) ;
#1643 = EDGE_LOOP ( 'NONE', ( #1779, #482, #3723, #3466, #1174, #1789, #2134, #3044, #2616, #3299, #3128, #3754, #1619, #87, #3018, #347, #3341, #1887, #2620, #2635, #3084, #1679, #3157, #272 ) ) ;
#1644 = DIRECTION ( 'NONE',  ( 0.1305264269771610475, 0.000000000000000000, -0.9914448304674223778 ) ) ;
#1645 = DIRECTION ( 'NONE',  ( 0.000000000000000000, 1.000000000000000000, 6.106226635438369847E-16 ) ) ;
#1646 = EDGE_CURVE ( 'NONE', #208, #2169, #2054, .T. ) ;
#1647 = ORIENTED_EDGE ( 'NONE', *, *, #1450, .T. ) ;
#1648 = CARTESIAN_POINT ( 'NONE',  ( 75.55343627929690342, 112.7866973876949999, 13.46409320831300072 ) ) ;
#1649 = FACE_OUTER_BOUND ( 'NONE', #2944, .T. ) ;
#1650 = APPLICATION_CONTEXT ( 'configuration controlled 3d designs of mechanical parts and assemblies' ) ;
#1651 = DIRECTION ( 'NONE',  ( 0.3826851378009850091, 0.000000000000000000, 0.9238788260947650155 ) ) ;
#1652 = EDGE_LOOP ( 'NONE', ( #2866, #449, #457, #1198 ) ) ;
#1653 = CARTESIAN_POINT ( 'NONE',  ( 96.17599822998050740, 101.7866973876950141, 14.96409320826940181 ) ) ;
#1654 = CARTESIAN_POINT ( 'NONE',  ( 113.7127752685550064, 109.7866973876949999, 4.878314971923830790 ) ) ;
#1655 = ORIENTED_EDGE ( 'NONE', *, *, #1773, .T. ) ;
#1656 = EDGE_CURVE ( 'NONE', #1812, #2180, #3265, .T. ) ;
#1657 = LINE ( 'NONE', #84, #3143 ) ;
#1658 = DIRECTION ( 'NONE',  ( -0.9914448304674221557, 0.000000000000000000, 0.1305264269771620189 ) ) ;
#1659 = ORIENTED_EDGE ( 'NONE', *, *, #630, .T. ) ;
#1660 = EDGE_CURVE ( 'NONE', #2667, #542, #556, .T. ) ;
#1661 = LINE ( 'NONE', #723, #553 ) ;
#1662 = CC_DESIGN_PERSON_AND_ORGANIZATION_ASSIGNMENT ( #2680, #3295, ( #2137 ) ) ;
#1663 = ADVANCED_FACE ( 'NONE', ( #223 ), #3849, .T. ) ;
#1664 = CARTESIAN_POINT ( 'NONE',  ( 116.7985601806640119, 110.1203509362359938, 11.36523866415140027 ) ) ;
#1665 = ORIENTED_EDGE ( 'NONE', *, *, #499, .F. ) ;
#1666 = CARTESIAN_POINT ( 'NONE',  ( 74.51279113769530227, 108.7919330597279952, 17.84175968169509829 ) ) ;
#1667 = VECTOR ( 'NONE', #96, 1000.000000000000000 ) ;
#1668 = CARTESIAN_POINT ( 'NONE',  ( 113.2985601806639977, 109.7866973876949999, 5.196151733398440165 ) ) ;
#1669 = VECTOR ( 'NONE', #2670, 1000.000000000000000 ) ;
#1670 = ORIENTED_EDGE ( 'NONE', *, *, #108, .F. ) ;
#1671 = DIRECTION ( 'NONE',  ( -1.000000000000000000, 0.000000000000000000, 0.000000000000000000 ) ) ;
#1672 = DIRECTION ( 'NONE',  ( 0.000000000000000000, 1.000000000000000000, 0.000000000000000000 ) ) ;
#1673 = VECTOR ( 'NONE', #2503, 1000.000000000000000 ) ;
#1674 = ADVANCED_FACE ( 'NONE', ( #243 ), #874, .F. ) ;
#1675 = DIRECTION ( 'NONE',  ( 0.000000000000000000, 1.000000000000000000, 0.000000000000000000 ) ) ;
#1676 = VERTEX_POINT ( 'NONE', #1998 ) ;
#1677 = CARTESIAN_POINT ( 'NONE',  ( 78.12158203125000000, 101.7866973876950141, 2.946463584899900123 ) ) ;
#1678 = CARTESIAN_POINT ( 'NONE',  ( 115.6529652446557179, 112.7866973876950141, 3.464101703259625076 ) ) ;
#1679 = ORIENTED_EDGE ( 'NONE', *, *, #642, .F. ) ;
#1680 = ORIENTED_EDGE ( 'NONE', *, *, #3402, .T. ) ;
#1681 = LINE ( 'NONE', #2813, #3460 ) ;
#1682 = VECTOR ( 'NONE', #979, 1000.000000000000000 ) ;
#1683 = ORIENTED_EDGE ( 'NONE', *, *, #70, .F. ) ;
#1684 = VECTOR ( 'NONE', #763, 1000.000000000000000 ) ;
#1685 = VECTOR ( 'NONE', #2034, 1000.000000000000114 ) ;
#1686 = CARTESIAN_POINT ( 'NONE',  ( 80.57107543945309658, 101.7866973876950141, 5.395953178405759942 ) ) ;
#1687 = CC_DESIGN_SECURITY_CLASSIFICATION ( #617, ( #3016 ) ) ;
#1688 = EDGE_CURVE ( 'NONE', #3486, #2986, #2320, .T. ) ;
#1689 = CARTESIAN_POINT ( 'NONE',  ( 113.7127752685550064, 109.7866973876949999, 4.878314971923830790 ) ) ;
#1690 = EDGE_CURVE ( 'NONE', #1237, #315, #3245, .T. ) ;
#1691 = DIRECTION ( 'NONE',  ( 0.000000000000000000, 1.000000000000000000, 0.000000000000000000 ) ) ;
#1692 = DIRECTION ( 'NONE',  ( 0.000000000000000000, -1.000000000000000000, 0.000000000000000000 ) ) ;
#1693 = ORIENTED_EDGE ( 'NONE', *, *, #584, .T. ) ;
#1694 = FACE_OUTER_BOUND ( 'NONE', #906, .T. ) ;
#1695 = CARTESIAN_POINT ( 'NONE',  ( 79.05343627929688921, 109.7866973876949999, 5.196151733398440165 ) ) ;
#1696 = DIRECTION ( 'NONE',  ( -0.7933494551558731844, 0.000000000000000000, -0.6087664921822480979 ) ) ;
#1697 = ORIENTED_EDGE ( 'NONE', *, *, #2273, .T. ) ;
#1698 = AXIS2_PLACEMENT_3D ( 'NONE', #3434, #725, #766 ) ;
#1699 = FACE_OUTER_BOUND ( 'NONE', #1899, .T. ) ;
#1700 = EDGE_CURVE ( 'NONE', #2679, #1917, #2918, .T. ) ;
#1701 = FACE_OUTER_BOUND ( 'NONE', #2672, .T. ) ;
#1702 = ORIENTED_EDGE ( 'NONE', *, *, #3362, .T. ) ;
#1703 = VECTOR ( 'NONE', #892, 1000.000000000000114 ) ;
#1704 = LINE ( 'NONE', #3567, #1189 ) ;
#1705 = CARTESIAN_POINT ( 'NONE',  ( 112.2985601806639977, 109.7866973876949999, 1.464101791381839934 ) ) ;
#1706 = EDGE_CURVE ( 'NONE', #953, #3664, #2656, .T. ) ;
#1707 = ORIENTED_EDGE ( 'NONE', *, *, #1268, .T. ) ;
#1708 = CARTESIAN_POINT ( 'NONE',  ( 84.55343627929690342, 112.7866973876949999, 2.220446049250309876E-16 ) ) ;
#1709 = FACE_OUTER_BOUND ( 'NONE', #2534, .T. ) ;
#1710 = LINE ( 'NONE', #2591, #3787 ) ;
#1711 = EDGE_CURVE ( 'NONE', #1237, #315, #2375, .T. ) ;
#1712 = ORIENTED_EDGE ( 'NONE', *, *, #3385, .T. ) ;
#1713 = LINE ( 'NONE', #2352, #1874 ) ;
#1714 = LINE ( 'NONE', #3258, #2174 ) ;
#1715 = DIRECTION ( 'NONE',  ( 0.000000000000000000, -1.000000000000000000, 0.000000000000000000 ) ) ;
#1716 = ORIENTED_EDGE ( 'NONE', *, *, #447, .F. ) ;
#1717 = LINE ( 'NONE', #2618, #2463 ) ;
#1718 = PLANE ( 'NONE',  #92 ) ;
#1719 = VERTEX_POINT ( 'NONE', #819 ) ;
#1720 = LINE ( 'NONE', #1137, #3783 ) ;
#1721 = EDGE_LOOP ( 'NONE', ( #3912, #129, #3733, #3050 ) ) ;
#1722 = COORDINATED_UNIVERSAL_TIME_OFFSET ( 3, 0, .AHEAD. ) ;
#1723 = EDGE_CURVE ( 'NONE', #1537, #3683, #259, .T. ) ;
#1724 = DIRECTION ( 'NONE',  ( -0.1305212769253840388, 0.000000000000000000, 0.9914455084722343381 ) ) ;
#1725 = LINE ( 'NONE', #3253, #1249 ) ;
#1726 = VERTEX_POINT ( 'NONE', #2356 ) ;
#1727 = ORIENTED_EDGE ( 'NONE', *, *, #724, .F. ) ;
#1728 = CARTESIAN_POINT ( 'NONE',  ( 111.2985601806639977, 109.7866973876949999, 1.732050895690919967 ) ) ;
#1729 = DIRECTION ( 'NONE',  ( 0.000000000000000000, 1.000000000000000000, 0.000000000000000000 ) ) ;
#1730 = VECTOR ( 'NONE', #2416, 1000.000000000000227 ) ;
#1731 = PLANE ( 'NONE',  #3077 ) ;
#1732 = ORIENTED_EDGE ( 'NONE', *, *, #1213, .T. ) ;
#1733 = EDGE_CURVE ( 'NONE', #2479, #2464, #835, .T. ) ;
#1734 = CARTESIAN_POINT ( 'NONE',  ( 74.51279113769530227, 101.5590763092249915, 20.63125324242870207 ) ) ;
#1735 = FACE_OUTER_BOUND ( 'NONE', #2963, .T. ) ;
#1736 = ORIENTED_EDGE ( 'NONE', *, *, #3262, .F. ) ;
#1737 = EDGE_CURVE ( 'NONE', #881, #3491, #1390, .T. ) ;
#1738 = CIRCLE ( 'NONE', #3517, 3.000000000000002665 ) ;
#1739 = DIRECTION ( 'NONE',  ( 0.5000000000000011102, 0.000000000000000000, 0.8660254037844380415 ) ) ;
#1740 = DIRECTION ( 'NONE',  ( 0.000000000000000000, -0.9758691166600811373, -0.2183562848856730187 ) ) ;
#1741 = ORIENTED_EDGE ( 'NONE', *, *, #1826, .T. ) ;
#1742 = DATE_TIME_ROLE ( 'classification_date' ) ;
#1743 = VECTOR ( 'NONE', #887, 1000.000000000000000 ) ;
#1744 = CARTESIAN_POINT ( 'NONE',  ( 111.2985601806639977, 109.7866973876949999, 1.732050895690919967 ) ) ;
#1745 = ORIENTED_EDGE ( 'NONE', *, *, #3093, .T. ) ;
#1746 = ADVANCED_FACE ( 'NONE', ( #1098 ), #2299, .T. ) ;
#1747 = VECTOR ( 'NONE', #2972, 1000.000000000000000 ) ;
#1748 = CIRCLE ( 'NONE', #932, 3.000000000000002665 ) ;
#1749 = ORIENTED_EDGE ( 'NONE', *, *, #3278, .T. ) ;
#1750 = EDGE_LOOP ( 'NONE', ( #2850, #570, #2536 ) ) ;
#1751 = DIRECTION ( 'NONE',  ( 0.000000000000000000, -1.000000000000000000, 0.000000000000000000 ) ) ;
#1752 = DIRECTION ( 'NONE',  ( 0.9238788260947644604, 0.000000000000000000, -0.3826851378009862858 ) ) ;
#1753 = ADVANCED_FACE ( 'NONE', ( #1699 ), #3228, .T. ) ;
#1754 = LINE ( 'NONE', #3809, #1685 ) ;
#1755 = ORIENTED_EDGE ( 'NONE', *, *, #1571, .F. ) ;
#1756 = ORIENTED_EDGE ( 'NONE', *, *, #3113, .F. ) ;
#1757 = CARTESIAN_POINT ( 'NONE',  ( 64.54007885128450539, 99.20369191267897691, 37.26223000250772088 ) ) ;
#1758 = DIRECTION ( 'NONE',  ( -1.000000000000000000, 0.000000000000000000, 0.000000000000000000 ) ) ;
#1759 = ORIENTED_EDGE ( 'NONE', *, *, #877, .F. ) ;
#1760 = ADVANCED_FACE ( 'NONE', ( #653 ), #3382, .T. ) ;
#1761 = VERTEX_POINT ( 'NONE', #634 ) ;
#1762 = CARTESIAN_POINT ( 'NONE',  ( 81.78548431396480112, 101.7866973876950141, 2.464101791381839934 ) ) ;
#1763 = ORIENTED_EDGE ( 'NONE', *, *, #7, .T. ) ;
#1764 = PERSON_AND_ORGANIZATION ( #2108, #2327 ) ;
#1765 = ORIENTED_CLOSED_SHELL ( 'NONE', *, #2765, .F. );
#1766 = CARTESIAN_POINT ( 'NONE',  ( 74.51279113769530227, 102.1145420074760040, 21.66047573083100275 ) ) ;
#1767 = ORIENTED_EDGE ( 'NONE', *, *, #1688, .T. ) ;
#1768 = VECTOR ( 'NONE', #515, 1000.000000000000114 ) ;
#1769 =( BOUNDED_CURVE ( )  B_SPLINE_CURVE ( 3, ( #3109, #145, #398, #1593 ),
 .UNSPECIFIED., .F., .F. ) 
 B_SPLINE_CURVE_WITH_KNOTS ( ( 4, 4 ),
 ( 0.000000000000000000, 1.000000000000000000 ),
 .UNSPECIFIED. ) 
 CURVE ( )  GEOMETRIC_REPRESENTATION_ITEM ( )  RATIONAL_B_SPLINE_CURVE ( ( 1.000000000000000000, 0.9935900438396180201, 0.9935900438396180201, 1.000000000000000000 ) ) 
 REPRESENTATION_ITEM ( '' )  );
#1770 = VERTEX_POINT ( 'NONE', #2154 ) ;
#1771 = CARTESIAN_POINT ( 'NONE',  ( 110.8843527221680034, 101.7866973876950141, 4.878314971923830790 ) ) ;
#1772 = CARTESIAN_POINT ( 'NONE',  ( 107.7985601806639977, 108.1757812500000000, 8.920721054077150214 ) ) ;
#1773 = EDGE_CURVE ( 'NONE', #441, #2888, #2135, .T. ) ;
#1774 = CARTESIAN_POINT ( 'NONE',  ( 113.2985601806639977, 109.7866973876949999, 1.732050895690919967 ) ) ;
#1775 = ORIENTED_EDGE ( 'NONE', *, *, #3340, .F. ) ;
#1776 = ORIENTED_EDGE ( 'NONE', *, *, #98, .T. ) ;
#1777 = CARTESIAN_POINT ( 'NONE',  ( 78.05343627929690342, 109.7866973876949999, 3.464101791381839934 ) ) ;
#1778 = CARTESIAN_POINT ( 'NONE',  ( 75.55343627929690342, 107.7866973876979984, 13.46409320831300072 ) ) ;
#1779 = ORIENTED_EDGE ( 'NONE', *, *, #630, .F. ) ;
#1780 = LINE ( 'NONE', #3665, #2420 ) ;
#1781 = VECTOR ( 'NONE', #3612, 1000.000000000000000 ) ;
#1782 = CARTESIAN_POINT ( 'NONE',  ( 81.05343627929690342, 109.7866973876949999, 5.196151733398440165 ) ) ;
#1783 = ADVANCED_FACE ( 'NONE', ( #1516 ), #1530, .F. ) ;
#1784 = DIRECTION ( 'NONE',  ( 1.000000000000000000, 0.000000000000000000, 0.000000000000000000 ) ) ;
#1785 = ORIENTED_EDGE ( 'NONE', *, *, #144, .T. ) ;
#1786 = DATE_AND_TIME ( #583, #1615 ) ;
#1787 = DIRECTION ( 'NONE',  ( -1.000000000000000000, 0.000000000000000000, 6.464348531571292183E-17 ) ) ;
#1788 = EDGE_CURVE ( 'NONE', #1864, #1596, #3327, .T. ) ;
#1789 = ORIENTED_EDGE ( 'NONE', *, *, #144, .F. ) ;
#1790 = VERTEX_POINT ( 'NONE', #41 ) ;
#1791 = EDGE_LOOP ( 'NONE', ( #3119, #2753 ) ) ;
#1792 = CARTESIAN_POINT ( 'NONE',  ( 81.46765136718750000, 101.7866973876950141, 2.049888610839839753 ) ) ;
#1793 = DIRECTION ( 'NONE',  ( 0.000000000000000000, -0.7071067811904440115, 0.7071067811826510230 ) ) ;
#1794 = DIRECTION ( 'NONE',  ( 0.000000000000000000, -0.4749407403702909369, -0.8800177800115858151 ) ) ;
#1795 = VERTEX_POINT ( 'NONE', #333 ) ;
#1796 = ORIENTED_EDGE ( 'NONE', *, *, #108, .T. ) ;
#1797 = DIRECTION ( 'NONE',  ( 0.4999999809210200485, 0.000000000000000000, 0.8660254147996925278 ) ) ;
#1798 = LINE ( 'NONE', #77, #3446 ) ;
#1799 = ORIENTED_EDGE ( 'NONE', *, *, #1979, .T. ) ;
#1800 = EDGE_CURVE ( 'NONE', #3532, #2148, #1856, .T. ) ;
#1801 = VECTOR ( 'NONE', #3086, 1000.000000000000114 ) ;
#1802 = FACE_OUTER_BOUND ( 'NONE', #3185, .T. ) ;
#1803 = CIRCLE ( 'NONE', #3700, 3.000000000000002665 ) ;
#1804 = LINE ( 'NONE', #302, #744 ) ;
#1805 = DIRECTION ( 'NONE',  ( -1.000000000000000000, 0.000000000000000000, -7.894919286223340877E-16 ) ) ;
#1806 = ORIENTED_EDGE ( 'NONE', *, *, #3678, .T. ) ;
#1807 = VECTOR ( 'NONE', #1883, 1000.000000000000114 ) ;
#1808 = CARTESIAN_POINT ( 'NONE',  ( 82.27788512967441648, 110.0216071502809996, 6.539446750430522037 ) ) ;
#1809 = EDGE_CURVE ( 'NONE', #2874, #1867, #59, .T. ) ;
#1810 = EDGE_LOOP ( 'NONE', ( #3634, #3443 ) ) ;
#1811 = VECTOR ( 'NONE', #340, 1000.000000000000000 ) ;
#1812 = VERTEX_POINT ( 'NONE', #2434 ) ;
#1813 = DIRECTION ( 'NONE',  ( -0.7933499880112131475, 0.000000000000000000, -0.6087657977601962367 ) ) ;
#1814 = CARTESIAN_POINT ( 'NONE',  ( 78.32138824462889204, 101.7866973876950141, 2.464101791381839934 ) ) ;
#1815 = LOCAL_TIME ( 11, 22, 49.00000000000000000, #1722 ) ;
#1816 = VECTOR ( 'NONE', #2211, 999.9999999999998863 ) ;
#1817 = CARTESIAN_POINT ( 'NONE',  ( 75.55343627929690342, 105.1757812500000000, 8.920721054077150214 ) ) ;
#1818 = ORIENTED_EDGE ( 'NONE', *, *, #2347, .F. ) ;
#1819 = VERTEX_POINT ( 'NONE', #3365 ) ;
#1820 = DIRECTION ( 'NONE',  ( 2.585739412628463625E-16, -0.000000000000000000, 1.000000000000000000 ) ) ;
#1821 = DIRECTION ( 'NONE',  ( -0.7742633737221448209, 0.000000000000000000, -0.6328635146004248924 ) ) ;
#1822 = DIRECTION ( 'NONE',  ( 0.000000000000000000, -1.000000000000000000, 0.000000000000000000 ) ) ;
#1823 = FACE_BOUND ( 'NONE', #1322, .T. ) ;
#1824 = CARTESIAN_POINT ( 'NONE',  ( 113.9757627126598578, 112.7866973876950141, 6.369101703259630654 ) ) ;
#1825 = ORIENTED_EDGE ( 'NONE', *, *, #1927, .F. ) ;
#1826 = EDGE_CURVE ( 'NONE', #863, #1231, #3904, .T. ) ;
#1827 = CARTESIAN_POINT ( 'NONE',  ( 110.8843527221680034, 109.7866973876949999, 4.878314971923830790 ) ) ;
#1828 = ORIENTED_EDGE ( 'NONE', *, *, #2865, .T. ) ;
#1829 = AXIS2_PLACEMENT_3D ( 'NONE', #1560, #2425, #938 ) ;
#1830 = ORIENTED_EDGE ( 'NONE', *, *, #3796, .F. ) ;
#1831 = AXIS2_PLACEMENT_3D ( 'NONE', #2767, #927, #614 ) ;
#1832 = EDGE_LOOP ( 'NONE', ( #3004, #1659, #1179, #2200 ) ) ;
#1833 = ORIENTED_EDGE ( 'NONE', *, *, #1213, .F. ) ;
#1834 = LINE ( 'NONE', #2149, #1362 ) ;
#1835 = EDGE_CURVE ( 'NONE', #1846, #3234, #3027, .T. ) ;
#1836 = CARTESIAN_POINT ( 'NONE',  ( 59.02427344963700051, 112.7866973876949999, 34.07768016486982532 ) ) ;
#1837 = DIRECTION ( 'NONE',  ( 0.7742633737221448209, 0.000000000000000000, -0.6328635146004248924 ) ) ;
#1838 = ORIENTED_EDGE ( 'NONE', *, *, #2567, .F. ) ;
#1839 = CARTESIAN_POINT ( 'NONE',  ( 74.51279113769530227, 101.5590763092249915, 20.63125324242870207 ) ) ;
#1840 = CARTESIAN_POINT ( 'NONE',  ( 80.57107543945309658, 109.7866973876949999, 5.395953178405759942 ) ) ;
#1841 = ADVANCED_FACE ( 'NONE', ( #1550 ), #316, .T. ) ;
#1842 = LINE ( 'NONE', #1533, #212 ) ;
#1843 = ORIENTED_EDGE ( 'NONE', *, *, #1773, .F. ) ;
#1844 = CARTESIAN_POINT ( 'NONE',  ( 107.7985601806639977, 107.7866973876909924, 22.99834838098309930 ) ) ;
#1845 = DIRECTION ( 'NONE',  ( 0.6087657977601989012, 2.721830677425699647E-14, -0.7933499880112109270 ) ) ;
#1846 = VERTEX_POINT ( 'NONE', #1245 ) ;
#1847 = DIRECTION ( 'NONE',  ( 0.000000000000000000, 1.000000000000000000, -7.771561172376110574E-16 ) ) ;
#1848 = VERTEX_POINT ( 'NONE', #3608 ) ;
#1849 = ADVANCED_FACE ( 'NONE', ( #2114 ), #2694, .T. ) ;
#1850 = VERTEX_POINT ( 'NONE', #3047 ) ;
#1851 = ORIENTED_EDGE ( 'NONE', *, *, #1468, .F. ) ;
#1852 = DIRECTION ( 'NONE',  ( 0.000000000000000000, 0.6087619720811818791, -0.7933529235767838861 ) ) ;
#1853 = LINE ( 'NONE', #1546, #3195 ) ;
#1854 = VERTEX_POINT ( 'NONE', #1262 ) ;
#1855 = ORIENTED_EDGE ( 'NONE', *, *, #2703, .F. ) ;
#1856 = LINE ( 'NONE', #2731, #3034 ) ;
#1857 = LINE ( 'NONE', #654, #2628 ) ;
#1858 = ADVANCED_FACE ( 'NONE', ( #594 ), #2470, .F. ) ;
#1859 = CARTESIAN_POINT ( 'NONE',  ( 78.32138824462889204, 101.7866973876950141, 4.464101791381840378 ) ) ;
#1860 = EDGE_CURVE ( 'NONE', #730, #803, #963, .T. ) ;
#1861 = CARTESIAN_POINT ( 'NONE',  ( 74.51279113769530227, 99.53611373896720238, 14.96409320826940181 ) ) ;
#1862 = VECTOR ( 'NONE', #334, 1000.000000000000000 ) ;
#1863 = DIRECTION ( 'NONE',  ( 0.000000000000000000, -1.000000000000000000, -5.506706202237079974E-12 ) ) ;
#1864 = VERTEX_POINT ( 'NONE', #273 ) ;
#1865 = AXIS2_PLACEMENT_3D ( 'NONE', #115, #3098, #708 ) ;
#1866 = DIRECTION ( 'NONE',  ( 1.000000000000000000, 0.000000000000000000, -1.644394204489939860E-16 ) ) ;
#1867 = VERTEX_POINT ( 'NONE', #1188 ) ;
#1868 = VECTOR ( 'NONE', #1545, 1000.000000000000000 ) ;
#1869 = EDGE_CURVE ( 'NONE', #1568, #24, #2399, .T. ) ;
#1870 = ORIENTED_EDGE ( 'NONE', *, *, #1496, .T. ) ;
#1871 = CARTESIAN_POINT ( 'NONE',  ( 117.7227911376949976, 101.0301303863630125, 19.39532756799249924 ) ) ;
#1872 = DIRECTION ( 'NONE',  ( 0.000000000000000000, -1.000000000000000000, 0.000000000000000000 ) ) ;
#1873 = VERTEX_POINT ( 'NONE', #2802 ) ;
#1874 = VECTOR ( 'NONE', #1162, 1000.000000000000000 ) ;
#1875 = CARTESIAN_POINT ( 'NONE',  ( 114.2985601806640119, 109.7866973876949999, 3.464101791381839934 ) ) ;
#1876 = AXIS2_PLACEMENT_3D ( 'NONE', #1363, #3701, #986 ) ;
#1877 = LINE ( 'NONE', #2747, #1801 ) ;
#1878 = AXIS2_PLACEMENT_3D ( 'NONE', #501, #262, #1465 ) ;
#1879 = AXIS2_PLACEMENT_3D ( 'NONE', #1597, #2520, #2541 ) ;
#1880 = DIRECTION ( 'NONE',  ( 0.5000000000000011102, 0.000000000000000000, 0.8660254037844379305 ) ) ;
#1881 = VERTEX_POINT ( 'NONE', #1648 ) ;
#1882 = CARTESIAN_POINT ( 'NONE',  ( 107.7985601806639977, 110.5573544486990016, 10.79571912687470103 ) ) ;
#1883 = DIRECTION ( 'NONE',  ( -0.9914448304674222667, 0.000000000000000000, 0.1305264269771610197 ) ) ;
#1884 = ORIENTED_EDGE ( 'NONE', *, *, #2683, .F. ) ;
#1885 = EDGE_CURVE ( 'NONE', #3878, #2113, #117, .T. ) ;
#1886 = CARTESIAN_POINT ( 'NONE',  ( 113.2985601806639977, 101.7866973876950141, 5.196151733398440165 ) ) ;
#1887 = ORIENTED_EDGE ( 'NONE', *, *, #888, .F. ) ;
#1888 = EDGE_CURVE ( 'NONE', #1113, #3915, #3100, .T. ) ;
#1889 = AXIS2_PLACEMENT_3D ( 'NONE', #3476, #1333, #2009 ) ;
#1890 = ORIENTED_EDGE ( 'NONE', *, *, #817, .T. ) ;
#1891 = DIRECTION ( 'NONE',  ( -0.000000000000000000, 1.000000000000000000, 0.000000000000000000 ) ) ;
#1892 = FACE_OUTER_BOUND ( 'NONE', #1543, .T. ) ;
#1893 = EDGE_LOOP ( 'NONE', ( #2106, #1266, #2978, #517 ) ) ;
#1894 = CARTESIAN_POINT ( 'NONE',  ( 74.51279113769530227, 100.5210742950440022, 18.00437259668209933 ) ) ;
#1895 = ADVANCED_FACE ( 'NONE', ( #691 ), #3162, .T. ) ;
#1896 = CARTESIAN_POINT ( 'NONE',  ( 117.7227911376949976, 103.6627063751670050, 22.99018573754839778 ) ) ;
#1897 = DIRECTION ( 'NONE',  ( 0.6087566003318479746, 0.000000000000000000, 0.7933570454419691664 ) ) ;
#1898 = LINE ( 'NONE', #990, #2815 ) ;
#1899 = EDGE_LOOP ( 'NONE', ( #498, #633, #3213 ) ) ;
#1900 = LINE ( 'NONE', #1348, #3082 ) ;
#1901 = CARTESIAN_POINT ( 'NONE',  ( 81.98529052734369316, 101.7866973876950141, 3.981739997863770419 ) ) ;
#1902 = ORIENTED_EDGE ( 'NONE', *, *, #3808, .T. ) ;
#1903 = LINE ( 'NONE', #1038, #2764 ) ;
#1904 = EDGE_CURVE ( 'NONE', #2741, #3827, #3263, .T. ) ;
#1905 = LINE ( 'NONE', #3284, #2509 ) ;
#1906 = VERTEX_POINT ( 'NONE', #94 ) ;
#1907 = VECTOR ( 'NONE', #11, 1000.000000000000000 ) ;
#1908 = FACE_OUTER_BOUND ( 'NONE', #2862, .T. ) ;
#1909 = CARTESIAN_POINT ( 'NONE',  ( 81.98529052734369316, 101.7866973876950141, 3.981739997863770419 ) ) ;
#1910 = ORIENTED_EDGE ( 'NONE', *, *, #2563, .T. ) ;
#1911 = DIRECTION ( 'NONE',  ( 0.000000000000000000, -0.9238830312443551129, -0.3826749855670500966 ) ) ;
#1912 = CARTESIAN_POINT ( 'NONE',  ( 80.57107543945309658, 109.7866973876949999, 1.532249450683589975 ) ) ;
#1913 = CARTESIAN_POINT ( 'NONE',  ( 111.2985601806639977, 101.7866973876950141, 1.732050895690919967 ) ) ;
#1914 = LINE ( 'NONE', #1955, #3480 ) ;
#1915 = EDGE_CURVE ( 'NONE', #2624, #2801, #1951, .T. ) ;
#1916 = CARTESIAN_POINT ( 'NONE',  ( 81.98529052734369316, 109.7866973876949999, 3.981739997863770419 ) ) ;
#1917 = VERTEX_POINT ( 'NONE', #2529 ) ;
#1918 = CARTESIAN_POINT ( 'NONE',  ( 110.8843527221680034, 109.7866973876949999, 2.049888610839809999 ) ) ;
#1919 = DIRECTION ( 'NONE',  ( 0.000000000000000000, 1.000000000000000000, 0.000000000000000000 ) ) ;
#1920 = ORIENTED_EDGE ( 'NONE', *, *, #3509, .F. ) ;
#1921 = DIRECTION ( 'NONE',  ( -1.000000000000000000, 0.000000000000000000, -6.113477723543650071E-16 ) ) ;
#1922 = VECTOR ( 'NONE', #1672, 1000.000000000000000 ) ;
#1923 = DIRECTION ( 'NONE',  ( 0.000000000000000000, 1.000000000000000000, 5.500785012846309966E-12 ) ) ;
#1924 = ORIENTED_EDGE ( 'NONE', *, *, #2234, .F. ) ;
#1925 = CARTESIAN_POINT ( 'NONE',  ( 74.51279113769530227, 103.3315372467470041, 22.89210414880160371 ) ) ;
#1926 = DIRECTION ( 'NONE',  ( -0.9914455084722341160, 0.000000000000000000, 0.1305212769253860372 ) ) ;
#1927 = EDGE_CURVE ( 'NONE', #1293, #1873, #372, .T. ) ;
#1928 = VECTOR ( 'NONE', #3428, 1000.000000000000227 ) ;
#1929 = ORIENTED_EDGE ( 'NONE', *, *, #1291, .T. ) ;
#1930 = DIRECTION ( 'NONE',  ( 1.000000000000000000, 0.000000000000000000, -8.221971022449719021E-17 ) ) ;
#1931 = DIRECTION ( 'NONE',  ( 0.7933485729663596331, 0.000000000000000000, -0.6087676418570887593 ) ) ;
#1932 = LINE ( 'NONE', #2786, #993 ) ;
#1933 = VERTEX_POINT ( 'NONE', #3120 ) ;
#1934 = CARTESIAN_POINT ( 'NONE',  ( 113.9757627126598578, 99.20369191267897691, 0.5591017032596637959 ) ) ;
#1935 = ORIENTED_EDGE ( 'NONE', *, *, #826, .F. ) ;
#1936 = CARTESIAN_POINT ( 'NONE',  ( 74.51279113769530227, 104.7243518829830009, 22.75322246546129890 ) ) ;
#1937 = AXIS2_PLACEMENT_3D ( 'NONE', #970, #358, #3649 ) ;
#1938 = ORIENTED_EDGE ( 'NONE', *, *, #844, .F. ) ;
#1939 = VECTOR ( 'NONE', #808, 1000.000000000000000 ) ;
#1940 = FACE_OUTER_BOUND ( 'NONE', #941, .T. ) ;
#1941 = CARTESIAN_POINT ( 'NONE',  ( 107.7985601806639977, 107.7866973876949999, 13.46409320831300072 ) ) ;
#1942 = ORIENTED_EDGE ( 'NONE', *, *, #1211, .T. ) ;
#1943 = LINE ( 'NONE', #3194, #2260 ) ;
#1944 = ADVANCED_FACE ( 'NONE', ( #2187 ), #3404, .T. ) ;
#1945 = DIRECTION ( 'NONE',  ( -0.6087594347226259472, 0.000000000000000000, -0.7933548705567949888 ) ) ;
#1946 = ORIENTED_EDGE ( 'NONE', *, *, #2411, .T. ) ;
#1947 = DIRECTION ( 'NONE',  ( 0.5000000000000021094, 0.000000000000000000, 0.8660254037844374864 ) ) ;
#1948 = PLANE ( 'NONE',  #3574 ) ;
#1949 = ORIENTED_EDGE ( 'NONE', *, *, #3782, .F. ) ;
#1950 = ADVANCED_FACE ( 'NONE', ( #751 ), #1072, .T. ) ;
#1951 = LINE ( 'NONE', #3440, #3068 ) ;
#1952 = CARTESIAN_POINT ( 'NONE',  ( 114.2985601806640119, 101.7866973876950141, 3.464101791381839934 ) ) ;
#1953 = FACE_OUTER_BOUND ( 'NONE', #3505, .T. ) ;
#1954 = ORIENTED_EDGE ( 'NONE', *, *, #3667, .T. ) ;
#1955 = CARTESIAN_POINT ( 'NONE',  ( 110.6213576486681376, 109.7866973876949999, 0.5591017032596583558 ) ) ;
#1956 = VECTOR ( 'NONE', #1303, 1000.000000000000000 ) ;
#1957 = VERTEX_POINT ( 'NONE', #3423 ) ;
#1958 = CARTESIAN_POINT ( 'NONE',  ( 80.05343627929690342, 109.7866973876949999, 1.464101791381839934 ) ) ;
#1959 = ORIENTED_EDGE ( 'NONE', *, *, #1809, .F. ) ;
#1960 = DIRECTION ( 'NONE',  ( 0.000000000000000000, -1.000000000000000000, -5.505818023721100549E-12 ) ) ;
#1961 = CARTESIAN_POINT ( 'NONE',  ( 112.8161993408200061, 109.7866973876949999, 1.532249450683589975 ) ) ;
#1962 = ORIENTED_EDGE ( 'NONE', *, *, #3267, .T. ) ;
#1963 = FACE_OUTER_BOUND ( 'NONE', #1452, .T. ) ;
#1964 = FACE_OUTER_BOUND ( 'NONE', #3111, .T. ) ;
#1965 = VERTEX_POINT ( 'NONE', #1026 ) ;
#1966 = CARTESIAN_POINT ( 'NONE',  ( 110.6213576486681518, 109.7866973876949999, 6.369101703259637759 ) ) ;
#1967 = EDGE_CURVE ( 'NONE', #2459, #1957, #1628, .T. ) ;
#1968 = DIRECTION ( 'NONE',  ( -0.3826798146995700756, 0.000000000000000000, 0.9238810309891110073 ) ) ;
#1969 = ORIENTED_EDGE ( 'NONE', *, *, #2775, .F. ) ;
#1970 = PLANE ( 'NONE',  #1049 ) ;
#1971 = LINE ( 'NONE', #2274, #1922 ) ;
#1972 = LINE ( 'NONE', #1095, #2254 ) ;
#1973 = ORIENTED_EDGE ( 'NONE', *, *, #975, .T. ) ;
#1974 = LINE ( 'NONE', #3184, #636 ) ;
#1975 = ORIENTED_EDGE ( 'NONE', *, *, #2360, .T. ) ;
#1976 = CARTESIAN_POINT ( 'NONE',  ( 75.55343627929690342, 108.1757812500000000, 8.920721054077150214 ) ) ;
#1977 = VERTEX_POINT ( 'NONE', #2507 ) ;
#1978 = ADVANCED_FACE ( 'NONE', ( #3717 ), #710, .F. ) ;
#1979 = EDGE_CURVE ( 'NONE', #2169, #2031, #408, .T. ) ;
#1980 = DIRECTION ( 'NONE',  ( -0.000000000000000000, 0.7814355209430671190, 0.6239859987278860709 ) ) ;
#1981 = CARTESIAN_POINT ( 'NONE',  ( 110.2985601806639977, 112.7866973876949999, 0.000000000000000000 ) ) ;
#1982 = EDGE_LOOP ( 'NONE', ( #756, #1103, #3890 ) ) ;
#1983 = DIRECTION ( 'NONE',  ( 1.000000000000000000, 0.000000000000000000, 0.000000000000000000 ) ) ;
#1984 = DIRECTION ( 'NONE',  ( 0.000000000000000000, 1.000000000000000000, 0.000000000000000000 ) ) ;
#1985 = VERTEX_POINT ( 'NONE', #430 ) ;
#1986 = FACE_OUTER_BOUND ( 'NONE', #2237, .T. ) ;
#1987 = VECTOR ( 'NONE', #832, 1000.000000000000114 ) ;
#1988 = PLANE ( 'NONE',  #240 ) ;
#1989 = EDGE_CURVE ( 'NONE', #1559, #1596, #1360, .T. ) ;
#1990 = CIRCLE ( 'NONE', #1115, 3.000000000000002665 ) ;
#1991 = ORIENTED_EDGE ( 'NONE', *, *, #2542, .F. ) ;
#1992 = FACE_OUTER_BOUND ( 'NONE', #3380, .T. ) ;
#1993 = DIRECTION ( 'NONE',  ( 0.000000000000000000, 1.000000000000000000, 0.000000000000000000 ) ) ;
#1994 = VECTOR ( 'NONE', #2863, 1000.000000000000114 ) ;
#1995 = EDGE_CURVE ( 'NONE', #3125, #1470, #3758, .T. ) ;
#1996 = LINE ( 'NONE', #3226, #2827 ) ;
#1997 = ORIENTED_EDGE ( 'NONE', *, *, #3604, .T. ) ;
#1998 = CARTESIAN_POINT ( 'NONE',  ( 109.9877825700690153, 109.7866973876949999, 6.389920943971089784 ) ) ;
#1999 = CARTESIAN_POINT ( 'NONE',  ( 110.3667135620120092, 109.7866973876949999, 2.946463584899900123 ) ) ;
#2000 = EDGE_LOOP ( 'NONE', ( #1935, #2649, #1838, #1665, #2760, #2365 ) ) ;
#2001 = LINE ( 'NONE', #3231, #587 ) ;
#2002 = AXIS2_PLACEMENT_3D ( 'NONE', #2283, #1349, #1919 ) ;
#2003 = DIRECTION ( 'NONE',  ( 0.000000000000000000, 1.000000000000000000, 9.436895709313850315E-16 ) ) ;
#2004 = EDGE_CURVE ( 'NONE', #789, #3716, #3483, .T. ) ;
#2005 = ORIENTED_EDGE ( 'NONE', *, *, #3869, .T. ) ;
#2006 = VECTOR ( 'NONE', #3857, 1000.000000000000114 ) ;
#2007 = AXIS2_PLACEMENT_3D ( 'NONE', #1599, #2691, #1185 ) ;
#2008 = PERSON_AND_ORGANIZATION ( #2108, #2327 ) ;
#2009 = DIRECTION ( 'NONE',  ( 0.000000000000000000, 1.000000000000000000, 0.000000000000000000 ) ) ;
#2010 = CARTESIAN_POINT ( 'NONE',  ( 107.7985601806639977, 103.4866973876950027, 10.96409320826379918 ) ) ;
#2011 = CARTESIAN_POINT ( 'NONE',  ( 74.51279113769530227, 102.7031497955689900, 22.43131923669040262 ) ) ;
#2012 = EDGE_LOOP ( 'NONE', ( #3573, #872, #3745, #2997 ) ) ;
#2013 = CARTESIAN_POINT ( 'NONE',  ( 80.57107543945309658, 109.7866973876949999, 1.532249450683589975 ) ) ;
#2014 = CARTESIAN_POINT ( 'NONE',  ( 78.37623374730102910, 99.20369191267897691, 0.5591017032597904723 ) ) ;
#2015 = DIRECTION ( 'NONE',  ( 1.000000000000000000, 0.000000000000000000, -2.585739412628516873E-16 ) ) ;
#2016 = ORIENTED_EDGE ( 'NONE', *, *, #3691, .F. ) ;
#2017 = AXIS2_PLACEMENT_3D ( 'NONE', #3914, #252, #585 ) ;
#2018 = DIRECTION ( 'NONE',  ( -0.8660254147996930829, 0.000000000000000000, -0.4999999809210191049 ) ) ;
#2019 = DIRECTION ( 'NONE',  ( 0.000000000000000000, -1.000000000000000000, 0.000000000000000000 ) ) ;
#2020 = ORIENTED_EDGE ( 'NONE', *, *, #1656, .T. ) ;
#2021 = EDGE_CURVE ( 'NONE', #2888, #1812, #2784, .T. ) ;
#2022 = VECTOR ( 'NONE', #2851, 1000.000000000000114 ) ;
#2023 = DIRECTION ( 'NONE',  ( -0.6087605843998431521, 0.000000000000000000, 0.7933539883817070093 ) ) ;
#2024 = CARTESIAN_POINT ( 'NONE',  ( 74.51279113769530227, 110.5361061096449902, 14.96409320833000045 ) ) ;
#2025 = ORIENTED_EDGE ( 'NONE', *, *, #3487, .F. ) ;
#2026 = CALENDAR_DATE ( 2026, 9, 9 ) ;
#2027 = LINE ( 'NONE', #1744, #3220 ) ;
#2028 = CYLINDRICAL_SURFACE ( 'NONE', #2826, 2.750000000000002665 ) ;
#2029 = EDGE_CURVE ( 'NONE', #208, #2823, #3180, .T. ) ;
#2030 = EDGE_CURVE ( 'NONE', #2532, #2398, #3861, .T. ) ;
#2031 = VERTEX_POINT ( 'NONE', #3257 ) ;
#2032 = FACE_OUTER_BOUND ( 'NONE', #821, .T. ) ;
#2033 = FACE_OUTER_BOUND ( 'NONE', #1750, .T. ) ;
#2034 = DIRECTION ( 'NONE',  ( 0.000000000000000000, -0.3082000389509638727, -0.9513215733865306722 ) ) ;
#2035 = VERTEX_POINT ( 'NONE', #201 ) ;
#2036 = DIRECTION ( 'NONE',  ( 0.000000000000000000, -0.6239859987278827402, 0.7814355209430697835 ) ) ;
#2037 = LINE ( 'NONE', #516, #406 ) ;
#2038 = DIRECTION ( 'NONE',  ( -0.8660254037844380415, 0.000000000000000000, 0.5000000000000011102 ) ) ;
#2039 = EDGE_CURVE ( 'NONE', #1272, #1965, #3522, .T. ) ;
#2040 = LINE ( 'NONE', #3232, #3590 ) ;
#2041 = ORIENTED_EDGE ( 'NONE', *, *, #2443, .T. ) ;
#2042 = PERSON_AND_ORGANIZATION ( #2108, #2327 ) ;
#2043 = FACE_OUTER_BOUND ( 'NONE', #1540, .T. ) ;
#2044 = CARTESIAN_POINT ( 'NONE',  ( 110.8843527221680034, 109.7866973876949999, 2.049888610839839753 ) ) ;
#2045 = ORIENTED_EDGE ( 'NONE', *, *, #98, .F. ) ;
#2046 = VECTOR ( 'NONE', #693, 1000.000000000000000 ) ;
#2047 = ORIENTED_EDGE ( 'NONE', *, *, #3657, .F. ) ;
#2048 = DIRECTION ( 'NONE',  ( -0.5000000000000011102, 0.000000000000000000, -0.8660254037844380415 ) ) ;
#2049 = ADVANCED_FACE ( 'NONE', ( #1694 ), #3881, .T. ) ;
#2050 = DIRECTION ( 'NONE',  ( -0.000000000000000000, 1.000000000000000000, 0.000000000000000000 ) ) ;
#2051 = VECTOR ( 'NONE', #2471, 1000.000000000000000 ) ;
#2052 = CARTESIAN_POINT ( 'NONE',  ( 111.2985601806639977, 101.7866973876950141, 5.196151733398440165 ) ) ;
#2053 = EDGE_LOOP ( 'NONE', ( #3221, #2998 ) ) ;
#2054 = LINE ( 'NONE', #1734, #1768 ) ;
#2055 =( BOUNDED_CURVE ( )  B_SPLINE_CURVE ( 3, ( #3414, #1808, #306, #1506 ),
 .UNSPECIFIED., .F., .F. ) 
 B_SPLINE_CURVE_WITH_KNOTS ( ( 4, 4 ),
 ( 0.000000000000000000, 1.000000000000000000 ),
 .UNSPECIFIED. ) 
 CURVE ( )  GEOMETRIC_REPRESENTATION_ITEM ( )  RATIONAL_B_SPLINE_CURVE ( ( 1.000000000000000000, 0.9935900438396150225, 0.9935900438396150225, 1.000000000000000000 ) ) 
 REPRESENTATION_ITEM ( '' )  );
#2056 = VECTOR ( 'NONE', #943, 1000.000000000000000 ) ;
#2057 = CARTESIAN_POINT ( 'NONE',  ( 75.55343627929690342, 112.7866973876949999, 13.46409320831300072 ) ) ;
#2058 = ORIENTED_CLOSED_SHELL ( 'NONE', *, #2584, .F. );
#2059 = VECTOR ( 'NONE', #2907, 1000.000000000000114 ) ;
#2060 = DIRECTION ( 'NONE',  ( 1.000000000000000000, 0.000000000000000000, 0.000000000000000000 ) ) ;
#2061 = LINE ( 'NONE', #1762, #2640 ) ;
#2062 = ORIENTED_EDGE ( 'NONE', *, *, #2424, .T. ) ;
#2063 = VECTOR ( 'NONE', #3698, 1000.000000000000114 ) ;
#2064 = LINE ( 'NONE', #3275, #3858 ) ;
#2065 = VECTOR ( 'NONE', #3546, 999.9999999999998863 ) ;
#2066 = EDGE_LOOP ( 'NONE', ( #3625, #39, #1870, #1221, #1 ) ) ;
#2067 = VECTOR ( 'NONE', #3292, 1000.000000000000000 ) ;
#2068 = EDGE_CURVE ( 'NONE', #3532, #1384, #1713, .T. ) ;
#2069 = AXIS2_PLACEMENT_3D ( 'NONE', #3492, #2793, #1329 ) ;
#2070 = VECTOR ( 'NONE', #3870, 1000.000000000000000 ) ;
#2071 = ORIENTED_EDGE ( 'NONE', *, *, #584, .F. ) ;
#2072 = PLANE ( 'NONE',  #3387 ) ;
#2073 = PLANE ( 'NONE',  #348 ) ;
#2074 = ADVANCED_FACE ( 'NONE', ( #1109 ), #3560, .F. ) ;
#2075 = CARTESIAN_POINT ( 'NONE',  ( 114.0306158447269951, 101.7866973876950141, 2.464101791381839934 ) ) ;
#2076 = VERTEX_POINT ( 'NONE', #771 ) ;
#2077 = DIRECTION ( 'NONE',  ( -0.1305212769253840388, 0.000000000000000000, 0.9914455084722343381 ) ) ;
#2078 = CARTESIAN_POINT ( 'NONE',  ( 74.51279113769530227, 100.5210742950440022, 18.00437259668220236 ) ) ;
#2079 = EDGE_CURVE ( 'NONE', #1559, #1819, #2913, .T. ) ;
#2080 = VECTOR ( 'NONE', #282, 1000.000000000000000 ) ;
#2081 = PLANE ( 'NONE',  #2292 ) ;
#2082 = PLANE ( 'NONE',  #298 ) ;
#2083 = PLANE ( 'NONE',  #1541 ) ;
#2084 = VERTEX_POINT ( 'NONE', #469 ) ;
#2085 = APPROVAL_DATE_TIME ( #538, #1585 ) ;
#2086 = DIRECTION ( 'NONE',  ( 0.000000000000000000, 1.000000000000000000, 6.661338147750950089E-16 ) ) ;
#2087 = ADVANCED_FACE ( 'NONE', ( #1992 ), #1970, .T. ) ;
#2088 = VERTEX_POINT ( 'NONE', #2964 ) ;
#2089 = DIRECTION ( 'NONE',  ( -0.6087657977601962367, 0.000000000000000000, 0.7933499880112131475 ) ) ;
#2090 = FACE_OUTER_BOUND ( 'NONE', #3285, .T. ) ;
#2091 = CARTESIAN_POINT ( 'NONE',  ( 81.98529052734369316, 109.7866973876949999, 2.946463584899900123 ) ) ;
#2092 = ORIENTED_EDGE ( 'NONE', *, *, #930, .F. ) ;
#2093 = CARTESIAN_POINT ( 'NONE',  ( 74.51279113769530227, 99.53611373896720238, 14.96409320826940181 ) ) ;
#2094 = LINE ( 'NONE', #1531, #3511 ) ;
#2095 = ORIENTED_EDGE ( 'NONE', *, *, #2286, .T. ) ;
#2096 = DIRECTION ( 'NONE',  ( 0.6087566003318631846, 0.000000000000000000, 0.7933570454419573981 ) ) ;
#2097 = VECTOR ( 'NONE', #878, 1000.000000000000000 ) ;
#2098 = DIRECTION ( 'NONE',  ( 0.000000000000000000, 1.000000000000000000, 0.000000000000000000 ) ) ;
#2099 = LINE ( 'NONE', #2010, #2948 ) ;
#2100 = EDGE_LOOP ( 'NONE', ( #2846, #1767, #1890, #2552 ) ) ;
#2101 = EDGE_CURVE ( 'NONE', #360, #2874, #237, .T. ) ;
#2102 = ADVANCED_FACE ( 'NONE', ( #547 ), #1456, .T. ) ;
#2103 = DIRECTION ( 'NONE',  ( -1.000000000000000000, 0.000000000000000000, 2.585739412628463625E-16 ) ) ;
#2104 = ORIENTED_EDGE ( 'NONE', *, *, #3155, .F. ) ;
#2105 = VERTEX_POINT ( 'NONE', #2669 ) ;
#2106 = ORIENTED_EDGE ( 'NONE', *, *, #1403, .F. ) ;
#2107 = CARTESIAN_POINT ( 'NONE',  ( 74.51279113769530227, 0.000000000000000000, 0.000000000000000000 ) ) ;
#2108 = PERSON ( 'UNSPECIFIED', 'UNSPECIFIED', 'UNSPECIFIED', ('UNSPECIFIED'), ('UNSPECIFIED'), ('UNSPECIFIED') ) ;
#2109 = LINE ( 'NONE', #903, #1601 ) ;
#2110 = ADVANCED_FACE ( 'NONE', ( #1385 ), #2595, .T. ) ;
#2111 = DIRECTION ( 'NONE',  ( 0.1305212769253620286, -2.721840834488430405E-14, 0.9914455084722372247 ) ) ;
#2112 = ORIENTED_EDGE ( 'NONE', *, *, #1201, .F. ) ;
#2113 = VERTEX_POINT ( 'NONE', #491 ) ;
#2114 = FACE_OUTER_BOUND ( 'NONE', #3374, .T. ) ;
#2115 = FACE_OUTER_BOUND ( 'NONE', #830, .T. ) ;
#2116 = AXIS2_PLACEMENT_3D ( 'NONE', #3663, #43, #2171 ) ;
#2117 = ADVANCED_FACE ( 'NONE', ( #2294 ), #1402, .T. ) ;
#2118 = FACE_OUTER_BOUND ( 'NONE', #1347, .T. ) ;
#2119 = LINE ( 'NONE', #320, #3290 ) ;
#2120 = CARTESIAN_POINT ( 'NONE',  ( 77.74265866870140940, 109.7866973876949999, 6.389920943971089784 ) ) ;
#2121 = ORIENTED_EDGE ( 'NONE', *, *, #643, .T. ) ;
#2122 = VECTOR ( 'NONE', #1805, 1000.000000000000000 ) ;
#2123 = ADVANCED_FACE ( 'NONE', ( #1129 ), #2334, .T. ) ;
#2124 = DIRECTION ( 'NONE',  ( -0.7742633737221439327, 0.000000000000000000, 0.6328635146004258916 ) ) ;
#2125 = ORIENTED_EDGE ( 'NONE', *, *, #1337, .F. ) ;
#2126 = ORIENTED_EDGE ( 'NONE', *, *, #276, .F. ) ;
#2127 = VECTOR ( 'NONE', #81, 1000.000000000000000 ) ;
#2128 = CARTESIAN_POINT ( 'NONE',  ( 75.55343627929690342, 110.5573577880859943, 10.79572105407710048 ) ) ;
#2129 = DIRECTION ( 'NONE',  ( 0.8660254037844374864, -1.055463186070934506E-15, -0.5000000000000021094 ) ) ;
#2130 = VECTOR ( 'NONE', #994, 1000.000000000000000 ) ;
#2131 = AXIS2_PLACEMENT_3D ( 'NONE', #3067, #2402, #357 ) ;
#2132 = DIRECTION ( 'NONE',  ( 0.9914450668446496140, 2.721834607485768805E-14, -0.1305246315045869299 ) ) ;
#2133 = ORIENTED_EDGE ( 'NONE', *, *, #719, .T. ) ;
#2134 = ORIENTED_EDGE ( 'NONE', *, *, #405, .F. ) ;
#2135 = LINE ( 'NONE', #3063, #1085 ) ;
#2136 = DIRECTION ( 'NONE',  ( -0.000000000000000000, 0.7146532346307221673, 0.6994789162168120189 ) ) ;
#2137 = PRODUCT ( 'small02', 'small02', '', ( #1332 ) ) ;
#2138 = CARTESIAN_POINT ( 'NONE',  ( 81.46765136718750000, 109.7866973876949999, 2.049888610839839753 ) ) ;
#2139 = ORIENTED_EDGE ( 'NONE', *, *, #967, .T. ) ;
#2140 = DIRECTION ( 'NONE',  ( -0.6087594347226259472, 0.000000000000000000, -0.7933548705567949888 ) ) ;
#2141 = ADVANCED_FACE ( 'NONE', ( #2032 ), #3239, .T. ) ;
#2142 = CARTESIAN_POINT ( 'NONE',  ( 0.000000000000000000, 112.7866973876949999, 0.5591017032597904723 ) ) ;
#2143 = ORIENTED_EDGE ( 'NONE', *, *, #544, .T. ) ;
#2144 = LINE ( 'NONE', #365, #2201 ) ;
#2145 = VECTOR ( 'NONE', #1539, 1000.000000000000000 ) ;
#2146 = VECTOR ( 'NONE', #2674, 1000.000000000000114 ) ;
#2147 = ORIENTED_EDGE ( 'NONE', *, *, #2488, .T. ) ;
#2148 = VERTEX_POINT ( 'NONE', #628 ) ;
#2149 = CARTESIAN_POINT ( 'NONE',  ( 91.28228351354870540, 103.4866973876950027, 10.96409320826390044 ) ) ;
#2150 = LINE ( 'NONE', #3322, #2690 ) ;
#2151 = ADVANCED_FACE ( 'NONE', ( #1222 ), #3601, .T. ) ;
#2152 = ORIENTED_EDGE ( 'NONE', *, *, #2843, .T. ) ;
#2153 = EDGE_LOOP ( 'NONE', ( #3898, #555, #3154, #2216 ) ) ;
#2154 = CARTESIAN_POINT ( 'NONE',  ( 81.78548431396480112, 109.7866973876949999, 4.464101791381840378 ) ) ;
#2155 = CARTESIAN_POINT ( 'NONE',  ( 81.46765136718750000, 101.7866973876950141, 4.878314971923840559 ) ) ;
#2156 = CARTESIAN_POINT ( 'NONE',  ( 110.3667135620120092, 109.7866973876949999, 3.981739997863770419 ) ) ;
#2157 = ORIENTED_EDGE ( 'NONE', *, *, #3059, .T. ) ;
#2158 = PLANE ( 'NONE',  #1937 ) ;
#2159 = LINE ( 'NONE', #2176, #920 ) ;
#2160 = VERTEX_POINT ( 'NONE', #1792 ) ;
#2161 = ADVANCED_FACE ( 'NONE', ( #1492 ), #1204, .F. ) ;
#2162 = CARTESIAN_POINT ( 'NONE',  ( 96.17599822998050740, 101.7866973876950141, 14.96409320828180078 ) ) ;
#2163 = VERTEX_POINT ( 'NONE', #19 ) ;
#2164 = ORIENTED_EDGE ( 'NONE', *, *, #2488, .F. ) ;
#2165 = LINE ( 'NONE', #3437, #679 ) ;
#2166 = PLANE ( 'NONE',  #3895 ) ;
#2167 = ORIENTED_EDGE ( 'NONE', *, *, #1337, .T. ) ;
#2168 = EDGE_CURVE ( 'NONE', #3288, #834, #3021, .T. ) ;
#2169 = VERTEX_POINT ( 'NONE', #328 ) ;
#2170 = DIRECTION ( 'NONE',  ( 0.000000000000000000, -0.9193432737736847438, 0.3934564079629199185 ) ) ;
#2171 = DIRECTION ( 'NONE',  ( -0.5000000000000011102, 0.000000000000000000, 0.8660254037844380415 ) ) ;
#2172 = CARTESIAN_POINT ( 'NONE',  ( 74.51279113769530227, 110.5361061096449902, 14.96409320833000045 ) ) ;
#2173 = LINE ( 'NONE', #3390, #2127 ) ;
#2174 = VECTOR ( 'NONE', #848, 1000.000000000000114 ) ;
#2175 = PRODUCT_DEFINITION ( 'UNKNOWN', '', #3016, #3354 ) ;
#2176 = CARTESIAN_POINT ( 'NONE',  ( 117.7227911376949976, 104.0056629181370056, 22.99634838098310041 ) ) ;
#2177 = ORIENTED_EDGE ( 'NONE', *, *, #1286, .T. ) ;
#2178 = AXIS2_PLACEMENT_3D ( 'NONE', #2245, #448, #1024 ) ;
#2179 = DIRECTION ( 'NONE',  ( -1.000000000000000000, 0.000000000000000000, 0.000000000000000000 ) ) ;
#2180 = VERTEX_POINT ( 'NONE', #3321 ) ;
#2181 = AXIS2_PLACEMENT_3D ( 'NONE', #2820, #1644, #1566 ) ;
#2182 = ORIENTED_EDGE ( 'NONE', *, *, #621, .F. ) ;
#2183 = CARTESIAN_POINT ( 'NONE',  ( 113.7127752685550064, 109.7866973876949999, 2.049888610839839753 ) ) ;
#2184 = EDGE_CURVE ( 'NONE', #2663, #332, #3659, .T. ) ;
#2185 = DIRECTION ( 'NONE',  ( 1.000000000000000000, 0.000000000000000000, 0.000000000000000000 ) ) ;
#2186 = ORIENTED_EDGE ( 'NONE', *, *, #213, .T. ) ;
#2187 = FACE_OUTER_BOUND ( 'NONE', #1091, .T. ) ;
#2188 = APPROVAL_PERSON_ORGANIZATION ( #3873, #3586, #882 ) ;
#2189 = VECTOR ( 'NONE', #314, 1000.000000000000114 ) ;
#2190 = LINE ( 'NONE', #3181, #2748 ) ;
#2191 = ADVANCED_FACE ( 'NONE', ( #2428 ), #3638, .T. ) ;
#2192 = CARTESIAN_POINT ( 'NONE',  ( 79.05343627929688921, 101.7866973876950141, 5.196151733398430395 ) ) ;
#2193 = FACE_BOUND ( 'NONE', #2668, .T. ) ;
#2194 = DIRECTION ( 'NONE',  ( -0.9238788260947654596, 0.000000000000000000, -0.3826851378009837878 ) ) ;
#2195 = ORIENTED_EDGE ( 'NONE', *, *, #817, .F. ) ;
#2196 = EDGE_CURVE ( 'NONE', #3053, #1719, #1511, .T. ) ;
#2197 = ADVANCED_FACE ( 'NONE', ( #2727 ), #2448, .T. ) ;
#2198 = LINE ( 'NONE', #2262, #2508 ) ;
#2199 = CARTESIAN_POINT ( 'NONE',  ( 75.55343627929690342, 105.1757812500000000, 8.920721054077150214 ) ) ;
#2200 = ORIENTED_EDGE ( 'NONE', *, *, #1276, .F. ) ;
#2201 = VECTOR ( 'NONE', #995, 1000.000000000000000 ) ;
#2202 = LINE ( 'NONE', #3418, #3541 ) ;
#2203 = ORIENTED_EDGE ( 'NONE', *, *, #2911, .F. ) ;
#2204 = DIRECTION ( 'NONE',  ( 0.7933499880112131475, 0.000000000000000000, 0.6087657977601962367 ) ) ;
#2205 = LINE ( 'NONE', #1909, #992 ) ;
#2206 = VECTOR ( 'NONE', #2831, 1000.000000000000114 ) ;
#2207 = ADVANCED_FACE ( 'NONE', ( #2742 ), #922, .T. ) ;
#2208 = VERTEX_POINT ( 'NONE', #3342 ) ;
#2209 = CARTESIAN_POINT ( 'NONE',  ( 114.6093377912594775, 109.7866973876949999, 6.389920943971090672 ) ) ;
#2210 = DIRECTION ( 'NONE',  ( 0.000000000000000000, 1.000000000000000000, 0.000000000000000000 ) ) ;
#2211 = DIRECTION ( 'NONE',  ( 0.000000000000000000, -0.9758691166600811373, -0.2183562848856730187 ) ) ;
#2212 = ORIENTED_EDGE ( 'NONE', *, *, #2537, .F. ) ;
#2213 = CARTESIAN_POINT ( 'NONE',  ( 82.05343627929690342, 109.7866973876949999, 3.464101791381839934 ) ) ;
#2214 = EDGE_LOOP ( 'NONE', ( #3481, #2795, #2506, #1959 ) ) ;
#2215 = DIRECTION ( 'NONE',  ( -1.000000000000000000, 0.000000000000000000, -4.440892098500630106E-16 ) ) ;
#2216 = ORIENTED_EDGE ( 'NONE', *, *, #1219, .F. ) ;
#2217 = CARTESIAN_POINT ( 'NONE',  ( 75.55343627929690342, 108.1757812500000000, 9.420721054077150214 ) ) ;
#2218 = DIRECTION ( 'NONE',  ( 0.8660254037844371533, 0.000000000000000000, -0.5000000000000025535 ) ) ;
#2219 = EDGE_CURVE ( 'NONE', #331, #2208, #1239, .T. ) ;
#2220 = ORIENTED_EDGE ( 'NONE', *, *, #657, .F. ) ;
#2221 = PLANE ( 'NONE',  #1698 ) ;
#2222 = VERTEX_POINT ( 'NONE', #589 ) ;
#2223 = DIRECTION ( 'NONE',  ( 0.000000000000000000, -1.000000000000000000, 0.000000000000000000 ) ) ;
#2224 = CARTESIAN_POINT ( 'NONE',  ( 84.55343627929690342, 108.1757812500000000, 8.920721054077150214 ) ) ;
#2225 = EDGE_LOOP ( 'NONE', ( #207, #464, #1707, #1067 ) ) ;
#2226 = DIRECTION ( 'NONE',  ( 0.8660254037844385966, 1.055463186070930364E-15, 0.5000000000000003331 ) ) ;
#2227 = CARTESIAN_POINT ( 'NONE',  ( 75.55343627929690342, 107.7866973877009968, 22.99834838098309930 ) ) ;
#2228 = CARTESIAN_POINT ( 'NONE',  ( 75.55343627929690342, 110.1203287768050103, 11.36526285778540135 ) ) ;
#2229 = ORIENTED_EDGE ( 'NONE', *, *, #2989, .T. ) ;
#2230 = CARTESIAN_POINT ( 'NONE',  ( 117.7227911376949976, 103.6627063751670050, 22.99018573754839778 ) ) ;
#2231 = VERTEX_POINT ( 'NONE', #290 ) ;
#2232 = CARTESIAN_POINT ( 'NONE',  ( 107.7985601806639977, 101.7866973876950141, 5.464101791381830608 ) ) ;
#2233 = ORIENTED_EDGE ( 'NONE', *, *, #2962, .F. ) ;
#2234 = EDGE_CURVE ( 'NONE', #2148, #1384, #1834, .T. ) ;
#2235 = DIRECTION ( 'NONE',  ( 1.000000000000000000, 0.000000000000000000, 0.000000000000000000 ) ) ;
#2236 = CARTESIAN_POINT ( 'NONE',  ( 75.59343627929690967, 108.1757812500000000, 8.920721054077150214 ) ) ;
#2237 = EDGE_LOOP ( 'NONE', ( #2602, #1160, #3847, #2452 ) ) ;
#2238 = LINE ( 'NONE', #1620, #1684 ) ;
#2239 = VECTOR ( 'NONE', #1821, 1000.000000000000000 ) ;
#2240 = EDGE_CURVE ( 'NONE', #1470, #3316, #3361, .T. ) ;
#2241 = LINE ( 'NONE', #1708, #3603 ) ;
#2242 = ORIENTED_EDGE ( 'NONE', *, *, #2240, .T. ) ;
#2243 = AXIS2_PLACEMENT_3D ( 'NONE', #880, #2380, #2289 ) ;
#2244 = DIRECTION ( 'NONE',  ( 0.9914450668446496140, -2.721834607487408689E-14, -0.1305246315045869299 ) ) ;
#2245 = CARTESIAN_POINT ( 'NONE',  ( 84.55343627929690342, 101.7866973876950141, 22.99834838098309930 ) ) ;
#2246 = VECTOR ( 'NONE', #2790, 1000.000000000000000 ) ;
#2247 = CC_DESIGN_DATE_AND_TIME_ASSIGNMENT ( #1786, #1742, ( #617 ) ) ;
#2248 = ORIENTED_EDGE ( 'NONE', *, *, #509, .T. ) ;
#2249 = CARTESIAN_POINT ( 'NONE',  ( 114.5230090310419797, 110.0216071502810138, 6.539446750430464306 ) ) ;
#2250 = DIRECTION ( 'NONE',  ( 0.7933485729663505293, 0.000000000000000000, -0.6087676418571007497 ) ) ;
#2251 = AXIS2_PLACEMENT_3D ( 'NONE', #2481, #1582, #2797 ) ;
#2252 = LINE ( 'NONE', #2551, #111 ) ;
#2253 = ORIENTED_EDGE ( 'NONE', *, *, #1606, .T. ) ;
#2254 = VECTOR ( 'NONE', #2615, 1000.000000000000000 ) ;
#2255 = DIRECTION ( 'NONE',  ( 0.000000000000000000, -0.6087572864675002693, -0.7933565189577292953 ) ) ;
#2256 = VERTEX_POINT ( 'NONE', #2762 ) ;
#2257 = DIRECTION ( 'NONE',  ( 0.000000000000000000, -0.8614417473514188739, -0.5078563930090219669 ) ) ;
#2258 = VECTOR ( 'NONE', #1288, 1000.000000000000000 ) ;
#2259 = VERTEX_POINT ( 'NONE', #56 ) ;
#2260 = VECTOR ( 'NONE', #483, 999.9999999999998863 ) ;
#2261 = AXIS2_PLACEMENT_3D ( 'NONE', #2302, #2038, #1739 ) ;
#2262 = CARTESIAN_POINT ( 'NONE',  ( 116.7985601806640119, 107.7866973876949999, 14.96409320831480017 ) ) ;
#2263 = ADVANCED_FACE ( 'NONE', ( #866 ), #2072, .T. ) ;
#2264 = CYLINDRICAL_SURFACE ( 'NONE', #1064, 3.000000000000002665 ) ;
#2265 = ORIENTED_EDGE ( 'NONE', *, *, #233, .F. ) ;
#2266 = DIRECTION ( 'NONE',  ( -0.7933548705567949888, 0.000000000000000000, 0.6087594347226259472 ) ) ;
#2267 = VERTEX_POINT ( 'NONE', #1771 ) ;
#2268 = PLANE ( 'NONE',  #2243 ) ;
#2269 = DIRECTION ( 'NONE',  ( 0.1305356407157049481, 0.000000000000000000, -0.9914436174099565680 ) ) ;
#2270 = VECTOR ( 'NONE', #1984, 1000.000000000000000 ) ;
#2271 = VERTEX_POINT ( 'NONE', #1180 ) ;
#2272 = DIRECTION ( 'NONE',  ( -1.000000000000000000, 0.000000000000000000, 0.000000000000000000 ) ) ;
#2273 = EDGE_CURVE ( 'NONE', #2519, #3125, #268, .T. ) ;
#2274 = CARTESIAN_POINT ( 'NONE',  ( 83.40784134328863786, 99.20369191267897691, 3.464101703259801823 ) ) ;
#2275 = ADVANCED_FACE ( 'NONE', ( #426 ), #1295, .T. ) ;
#2276 = CARTESIAN_POINT ( 'NONE',  ( 116.7985601806640119, 110.1203308105469887, 11.36526489257810013 ) ) ;
#2277 = VERTEX_POINT ( 'NONE', #3755 ) ;
#2278 = CARTESIAN_POINT ( 'NONE',  ( 78.37623374730102910, 112.7866973876949999, 6.369101703259786085 ) ) ;
#2279 = AXIS2_PLACEMENT_3D ( 'NONE', #2746, #1478, #1797 ) ;
#2280 = DIRECTION ( 'NONE',  ( 1.000000000000000000, 0.000000000000000000, 0.000000000000000000 ) ) ;
#2281 = ORIENTED_EDGE ( 'NONE', *, *, #1967, .F. ) ;
#2282 = LINE ( 'NONE', #3707, #2130 ) ;
#2283 = CARTESIAN_POINT ( 'NONE',  ( 112.2985601806639977, 109.7866973876949999, 1.464101791381839934 ) ) ;
#2284 = VERTEX_POINT ( 'NONE', #2545 ) ;
#2285 = LINE ( 'NONE', #2838, #1378 ) ;
#2286 = EDGE_CURVE ( 'NONE', #3234, #2874, #403, .T. ) ;
#2287 = LINE ( 'NONE', #3175, #60 ) ;
#2288 = ORIENTED_EDGE ( 'NONE', *, *, #2676, .T. ) ;
#2289 = DIRECTION ( 'NONE',  ( 0.000000000000000000, 0.000000000000000000, -1.000000000000000000 ) ) ;
#2290 = FACE_OUTER_BOUND ( 'NONE', #2225, .T. ) ;
#2291 = EDGE_CURVE ( 'NONE', #1444, #309, #2165, .T. ) ;
#2292 = AXIS2_PLACEMENT_3D ( 'NONE', #561, #1464, #2622 ) ;
#2293 = ORIENTED_EDGE ( 'NONE', *, *, #3329, .F. ) ;
#2294 = FACE_OUTER_BOUND ( 'NONE', #625, .T. ) ;
#2295 = CARTESIAN_POINT ( 'NONE',  ( 116.7985601806640119, 112.7866973876949999, 2.220446049250309876E-16 ) ) ;
#2296 = EDGE_CURVE ( 'NONE', #2163, #2076, #133, .T. ) ;
#2297 = LINE ( 'NONE', #816, #2759 ) ;
#2298 = EDGE_LOOP ( 'NONE', ( #2725, #1745, #3521, #2883 ) ) ;
#2299 = PLANE ( 'NONE',  #2915 ) ;
#2300 = FACE_OUTER_BOUND ( 'NONE', #2214, .T. ) ;
#2301 = ORIENTED_EDGE ( 'NONE', *, *, #3178, .F. ) ;
#2302 = CARTESIAN_POINT ( 'NONE',  ( 56.02427337332082402, 99.20369191267897691, -32.34562931324005319 ) ) ;
#2303 = ADVANCED_FACE ( 'NONE', ( #707 ), #687, .T. ) ;
#2304 = PLANE ( 'NONE',  #364 ) ;
#2305 = ORIENTED_EDGE ( 'NONE', *, *, #1532, .F. ) ;
#2306 = PERSON_AND_ORGANIZATION_ROLE ( 'creator' ) ;
#2307 = ORIENTED_EDGE ( 'NONE', *, *, #2627, .T. ) ;
#2308 = CARTESIAN_POINT ( 'NONE',  ( 110.6213576486681660, 109.7866973876949999, 6.369101703259659075 ) ) ;
#2309 = LINE ( 'NONE', #465, #3452 ) ;
#2310 = VECTOR ( 'NONE', #1150, 1000.000000000000000 ) ;
#2311 = CARTESIAN_POINT ( 'NONE',  ( 81.98529052734369316, 109.7866973876949999, 3.981739997863770419 ) ) ;
#2312 = AXIS2_PLACEMENT_3D ( 'NONE', #202, #1404, #1110 ) ;
#2313 = EDGE_CURVE ( 'NONE', #2459, #3878, #1043, .T. ) ;
#2314 = ORIENTED_EDGE ( 'NONE', *, *, #3825, .T. ) ;
#2315 = DIRECTION ( 'NONE',  ( -0.3826851378009850091, 0.000000000000000000, 0.9238788260947650155 ) ) ;
#2316 = DIRECTION ( 'NONE',  ( -0.1305246315045859584, 0.000000000000000000, 0.9914450668446498360 ) ) ;
#2317 = VECTOR ( 'NONE', #3409, 1000.000000000000000 ) ;
#2318 = DIRECTION ( 'NONE',  ( -0.1305212769253879801, -2.721840834488399166E-14, -0.9914455084722337830 ) ) ;
#2319 = ORIENTED_EDGE ( 'NONE', *, *, #2592, .F. ) ;
#2320 = LINE ( 'NONE', #3583, #2146 ) ;
#2321 = CARTESIAN_POINT ( 'NONE',  ( 108.9441551166722917, 109.7866973876949999, 3.464101703259656162 ) ) ;
#2322 = ORIENTED_EDGE ( 'NONE', *, *, #2740, .T. ) ;
#2323 = ORIENTED_EDGE ( 'NONE', *, *, #904, .F. ) ;
#2324 = VECTOR ( 'NONE', #1251, 1000.000000000000000 ) ;
#2325 = DIRECTION ( 'NONE',  ( 0.6542513732184969122, 0.5347687073097149302, 0.5347687073156088822 ) ) ;
#2326 = VERTEX_POINT ( 'NONE', #3713 ) ;
#2327 = ORGANIZATION ( 'UNSPECIFIED', 'UNSPECIFIED', '' ) ;
#2328 = VECTOR ( 'NONE', #2318, 1000.000000000000000 ) ;
#2329 = ADVANCED_FACE ( 'NONE', ( #3693 ), #1001, .F. ) ;
#2330 = APPROVAL_STATUS ( 'not_yet_approved' ) ;
#2331 = LINE ( 'NONE', #265, #3283 ) ;
#2332 = CARTESIAN_POINT ( 'NONE',  ( 112.8161993408200061, 109.7866973876949999, 1.532249450683589975 ) ) ;
#2333 = ORIENTED_EDGE ( 'NONE', *, *, #1055, .F. ) ;
#2334 = PLANE ( 'NONE',  #539 ) ;
#2335 = LINE ( 'NONE', #3544, #3515 ) ;
#2336 = ADVANCED_FACE ( 'NONE', ( #1908 ), #114, .T. ) ;
#2337 = CARTESIAN_POINT ( 'NONE',  ( 111.7809210205080035, 109.7866973876949999, 5.395953178405759942 ) ) ;
#2338 = ORIENTED_EDGE ( 'NONE', *, *, #232, .T. ) ;
#2339 = VECTOR ( 'NONE', #1866, 1000.000000000000000 ) ;
#2340 = CARTESIAN_POINT ( 'NONE',  ( 111.2985601806639977, 101.7866973876950141, 5.196151733398390427 ) ) ;
#2341 = DIRECTION ( 'NONE',  ( 0.7933539883817031235, 0.000000000000000000, 0.6087605843998480371 ) ) ;
#2342 = CARTESIAN_POINT ( 'NONE',  ( 96.17599822998050740, 107.4866973877000049, 14.96409320831320144 ) ) ;
#2343 = LINE ( 'NONE', #3212, #3014 ) ;
#2344 = VECTOR ( 'NONE', #1193, 1000.000000000000000 ) ;
#2345 = VERTEX_POINT ( 'NONE', #3158 ) ;
#2346 = SECURITY_CLASSIFICATION_LEVEL ( 'unclassified' ) ;
#2347 = EDGE_CURVE ( 'NONE', #2031, #1985, #1023, .T. ) ;
#2348 = DIRECTION ( 'NONE',  ( 0.000000000000000000, 1.000000000000000000, 0.000000000000000000 ) ) ;
#2349 = CARTESIAN_POINT ( 'NONE',  ( 78.05343627929690342, 110.4185193369179956, 6.928203582763670987 ) ) ;
#2350 = ORIENTED_EDGE ( 'NONE', *, *, #3525, .F. ) ;
#2351 = ORIENTED_EDGE ( 'NONE', *, *, #1706, .F. ) ;
#2352 = CARTESIAN_POINT ( 'NONE',  ( 84.55343627929690342, 103.4866973876950027, 10.96409320826379918 ) ) ;
#2353 = LINE ( 'NONE', #791, #1356 ) ;
#2354 = CARTESIAN_POINT ( 'NONE',  ( 84.55343627929690342, 107.4866973877000049, 14.96409320831320144 ) ) ;
#2355 = ORIENTED_EDGE ( 'NONE', *, *, #2855, .F. ) ;
#2356 = CARTESIAN_POINT ( 'NONE',  ( 81.73063881129276353, 109.7866973876949999, 0.5591017032597904723 ) ) ;
#2357 = CARTESIAN_POINT ( 'NONE',  ( 110.6213576486681518, 99.20369191267897691, 6.369101703259659963 ) ) ;
#2358 = CARTESIAN_POINT ( 'NONE',  ( 74.51279113769530227, 103.3315372467470041, 22.89210414880160371 ) ) ;
#2359 = DIRECTION ( 'NONE',  ( 0.000000000000000000, 0.000000000000000000, -1.000000000000000000 ) ) ;
#2360 = EDGE_CURVE ( 'NONE', #3876, #1573, #3080, .T. ) ;
#2361 = ORIENTED_EDGE ( 'NONE', *, *, #3107, .F. ) ;
#2362 = DATE_AND_TIME ( #1175, #2705 ) ;
#2363 = LINE ( 'NONE', #2704, #1006 ) ;
#2364 = ADVANCED_FACE ( 'NONE', ( #3734 ), #387, .T. ) ;
#2365 = ORIENTED_EDGE ( 'NONE', *, *, #2905, .F. ) ;
#2366 = VECTOR ( 'NONE', #2833, 1000.000000000000000 ) ;
#2367 = ORIENTED_EDGE ( 'NONE', *, *, #2430, .T. ) ;
#2368 = CARTESIAN_POINT ( 'NONE',  ( 56.02427337332082402, 109.7866973876949999, -32.34562931324005319 ) ) ;
#2369 = FACE_OUTER_BOUND ( 'NONE', #58, .T. ) ;
#2370 = EDGE_CURVE ( 'NONE', #1933, #1846, #369, .T. ) ;
#2371 = VECTOR ( 'NONE', #57, 1000.000000000000000 ) ;
#2372 = CC_DESIGN_PERSON_AND_ORGANIZATION_ASSIGNMENT ( #2042, #3595, ( #3016 ) ) ;
#2373 = CARTESIAN_POINT ( 'NONE',  ( 110.5665121459960005, 109.7866973876949999, 2.464101791381839934 ) ) ;
#2374 = ORIENTED_EDGE ( 'NONE', *, *, #1394, .F. ) ;
#2375 = LINE ( 'NONE', #3828, #2659 ) ;
#2376 = AXIS2_PLACEMENT_3D ( 'NONE', #1925, #958, #3420 ) ;
#2377 = LINE ( 'NONE', #2357, #281 ) ;
#2378 = DIRECTION ( 'NONE',  ( 0.000000000000000000, 1.000000000000000000, 5.506064073066170470E-12 ) ) ;
#2379 = DIRECTION ( 'NONE',  ( -0.9238788260947683462, 0.000000000000000000, 0.3826851378009771820 ) ) ;
#2380 = DIRECTION ( 'NONE',  ( 4.456311862731530384E-13, -1.000000000000000000, 0.000000000000000000 ) ) ;
#2381 = EDGE_LOOP ( 'NONE', ( #3360, #3762, #3785, #3679 ) ) ;
#2382 = PERSON_AND_ORGANIZATION_ROLE ( 'creator' ) ;
#2383 = ADVANCED_FACE ( 'NONE', ( #3456 ), #2465, .T. ) ;
#2384 = AXIS2_PLACEMENT_3D ( 'NONE', #2013, #2315, #3805 ) ;
#2385 = CARTESIAN_POINT ( 'NONE',  ( 110.5665121459960005, 109.7866973876949999, 4.464101791381840378 ) ) ;
#2386 = VECTOR ( 'NONE', #257, 1000.000000000000114 ) ;
#2387 = EDGE_LOOP ( 'NONE', ( #1833, #3094, #1225, #3149 ) ) ;
#2388 = VECTOR ( 'NONE', #3191, 1000.000000000000114 ) ;
#2389 = VECTOR ( 'NONE', #2857, 1000.000000000000000 ) ;
#2390 = CLOSED_SHELL ( 'NONE', ( #1277, #2638, #1944 ) ) ;
#2391 = ORIENTED_EDGE ( 'NONE', *, *, #2740, .F. ) ;
#2392 = ORIENTED_EDGE ( 'NONE', *, *, #3784, .T. ) ;
#2393 = CARTESIAN_POINT ( 'NONE',  ( 107.7985601806639977, 112.7866973876949999, 1.110223024625159992E-16 ) ) ;
#2394 = DIRECTION ( 'NONE',  ( 0.000000000000000000, 1.000000000000000000, 0.000000000000000000 ) ) ;
#2395 = LINE ( 'NONE', #924, #3017 ) ;
#2396 = ORIENTED_EDGE ( 'NONE', *, *, #3667, .F. ) ;
#2397 = EDGE_CURVE ( 'NONE', #1508, #2598, #152, .T. ) ;
#2398 = VERTEX_POINT ( 'NONE', #2781 ) ;
#2399 = LINE ( 'NONE', #2714, #1324 ) ;
#2400 = FACE_OUTER_BOUND ( 'NONE', #3822, .T. ) ;
#2401 = VECTOR ( 'NONE', #890, 1000.000000000000114 ) ;
#2402 = DIRECTION ( 'NONE',  ( 0.000000000000000000, -0.2183562848856789307, 0.9758691166600796940 ) ) ;
#2403 = LINE ( 'NONE', #2457, #239 ) ;
#2404 = DIRECTION ( 'NONE',  ( 0.000000000000000000, 1.000000000000000000, 0.000000000000000000 ) ) ;
#2405 = ORIENTED_EDGE ( 'NONE', *, *, #702, .F. ) ;
#2406 = CARTESIAN_POINT ( 'NONE',  ( 74.51279113769530227, 104.3597812653059975, 22.91554927820239840 ) ) ;
#2407 = EDGE_LOOP ( 'NONE', ( #113, #3616 ) ) ;
#2408 = ADVANCED_FACE ( 'NONE', ( #72 ), #1274, .F. ) ;
#2409 = ORIENTED_EDGE ( 'NONE', *, *, #1192, .F. ) ;
#2410 = DIRECTION ( 'NONE',  ( 0.000000000000000000, 1.000000000000000000, 0.000000000000000000 ) ) ;
#2411 = EDGE_CURVE ( 'NONE', #1444, #3720, #1068, .T. ) ;
#2412 = DIRECTION ( 'NONE',  ( 1.000000000000000000, 0.000000000000000000, 0.000000000000000000 ) ) ;
#2413 = CARTESIAN_POINT ( 'NONE',  ( 74.51279113769530227, 108.7919330597279952, 17.84175968169499882 ) ) ;
#2414 = EDGE_LOOP ( 'NONE', ( #2469, #3618, #104, #2730 ) ) ;
#2415 = DIRECTION ( 'NONE',  ( -0.9914448304674230439, 0.000000000000000000, -0.1305264269771559960 ) ) ;
#2416 = DIRECTION ( 'NONE',  ( -0.7933548705567879944, 0.000000000000000000, 0.6087594347226349401 ) ) ;
#2417 = ORIENTED_EDGE ( 'NONE', *, *, #1286, .F. ) ;
#2418 = ADVANCED_FACE ( 'NONE', ( #1986 ), #2268, .F. ) ;
#2419 = DIRECTION ( 'NONE',  ( 0.000000000000000000, 1.000000000000000000, 0.000000000000000000 ) ) ;
#2420 = VECTOR ( 'NONE', #300, 999.9999999999998863 ) ;
#2421 = DIRECTION ( 'NONE',  ( -0.7933548705567958770, 0.000000000000000000, 0.6087594347226248370 ) ) ;
#2422 = CARTESIAN_POINT ( 'NONE',  ( 78.12158203125000000, 109.7866973876949999, 2.946463584899900123 ) ) ;
#2423 = ORIENTED_EDGE ( 'NONE', *, *, #975, .F. ) ;
#2424 = EDGE_CURVE ( 'NONE', #327, #3369, #1381, .T. ) ;
#2425 = DIRECTION ( 'NONE',  ( -0.8660254037844380415, 1.055463186070932139E-15, 0.5000000000000011102 ) ) ;
#2426 = VERTEX_POINT ( 'NONE', #807 ) ;
#2427 = ORIENTED_EDGE ( 'NONE', *, *, #1055, .T. ) ;
#2428 = FACE_OUTER_BOUND ( 'NONE', #1791, .T. ) ;
#2429 = CARTESIAN_POINT ( 'NONE',  ( 112.8161993408200061, 109.7866973876949999, 5.395953178405759942 ) ) ;
#2430 = EDGE_CURVE ( 'NONE', #593, #1343, #197, .T. ) ;
#2431 = CARTESIAN_POINT ( 'NONE',  ( 79.53579711914061079, 101.7866973876950141, 1.532249450683600189 ) ) ;
#2432 = ORIENTED_EDGE ( 'NONE', *, *, #3604, .F. ) ;
#2433 = VERTEX_POINT ( 'NONE', #506 ) ;
#2434 = CARTESIAN_POINT ( 'NONE',  ( 111.2985601806639977, 101.7866973876950141, 5.196151733398440165 ) ) ;
#2435 = CARTESIAN_POINT ( 'NONE',  ( 114.2985601806640119, 101.7866973876950141, 3.464101791381819950 ) ) ;
#2436 = VECTOR ( 'NONE', #3862, 1000.000000000000000 ) ;
#2437 = CARTESIAN_POINT ( 'NONE',  ( 107.7985601806639977, 110.1203308105469887, 11.36526489257810013 ) ) ;
#2438 = CARTESIAN_POINT ( 'NONE',  ( 116.7985601806640119, 110.1203287768050103, 11.36526285778540135 ) ) ;
#2439 = DIRECTION ( 'NONE',  ( 0.000000000000000000, 0.000000000000000000, -1.000000000000000000 ) ) ;
#2440 = VERTEX_POINT ( 'NONE', #3778 ) ;
#2441 = VECTOR ( 'NONE', #3469, 1000.000000000000000 ) ;
#2442 = DIRECTION ( 'NONE',  ( 0.000000000000000000, -0.3934564079629211952, -0.9193432737736842997 ) ) ;
#2443 = EDGE_CURVE ( 'NONE', #2035, #210, #1416, .T. ) ;
#2444 = EDGE_LOOP ( 'NONE', ( #743, #1289 ) ) ;
#2445 = AXIS2_PLACEMENT_3D ( 'NONE', #1625, #727, #3097 ) ;
#2446 = ORIENTED_EDGE ( 'NONE', *, *, #346, .T. ) ;
#2447 = VECTOR ( 'NONE', #2736, 1000.000000000000000 ) ;
#2448 = PLANE ( 'NONE',  #3076 ) ;
#2449 = DIRECTION ( 'NONE',  ( 0.000000000000000000, -1.000000000000000000, 0.000000000000000000 ) ) ;
#2450 = AXIS2_PLACEMENT_3D ( 'NONE', #3727, #1980, #2235 ) ;
#2451 = ORIENTED_EDGE ( 'NONE', *, *, #667, .T. ) ;
#2452 = ORIENTED_EDGE ( 'NONE', *, *, #643, .F. ) ;
#2453 = DIRECTION ( 'NONE',  ( 0.3826798146995770700, 0.000000000000000000, 0.9238810309891080097 ) ) ;
#2454 = CARTESIAN_POINT ( 'NONE',  ( 78.63922119140620737, 109.7866973876949999, 4.878314971923830790 ) ) ;
#2455 = ADVANCED_FACE ( 'NONE', ( #2626 ), #3012, .T. ) ;
#2456 = DIRECTION ( 'NONE',  ( 0.1305212769253860094, -2.721840834488360038E-14, -0.9914455084722340050 ) ) ;
#2457 = CARTESIAN_POINT ( 'NONE',  ( 64.54007885128450539, 109.7866973876949999, 37.26223000250772088 ) ) ;
#2458 = CARTESIAN_POINT ( 'NONE',  ( 84.55343627929690342, 107.7866973876949999, 14.96409320831480017 ) ) ;
#2459 = VERTEX_POINT ( 'NONE', #279 ) ;
#2460 = CARTESIAN_POINT ( 'NONE',  ( 107.7985601806639977, 105.1757812500000000, 8.920721054077150214 ) ) ;
#2461 = ORIENTED_EDGE ( 'NONE', *, *, #1835, .T. ) ;
#2462 = ADVANCED_FACE ( 'NONE', ( #1709 ), #3478, .T. ) ;
#2463 = VECTOR ( 'NONE', #2935, 999.9999999999998863 ) ;
#2464 = VERTEX_POINT ( 'NONE', #2926 ) ;
#2465 = PLANE ( 'NONE',  #2884 ) ;
#2466 = LINE ( 'NONE', #1512, #3384 ) ;
#2467 = APPLICATION_CONTEXT ( 'configuration controlled 3d designs of mechanical parts and assemblies' ) ;
#2468 = ADVANCED_FACE ( 'NONE', ( #3592, #768 ), #2083, .F. ) ;
#2469 = ORIENTED_EDGE ( 'NONE', *, *, #918, .F. ) ;
#2470 = PLANE ( 'NONE',  #1509 ) ;
#2471 = DIRECTION ( 'NONE',  ( -0.1305212769253879801, 0.000000000000000000, -0.9914455084722337830 ) ) ;
#2472 = LINE ( 'NONE', #1555, #713 ) ;
#2473 = ORIENTED_EDGE ( 'NONE', *, *, #311, .F. ) ;
#2474 = LINE ( 'NONE', #45, #2324 ) ;
#2475 = CARTESIAN_POINT ( 'NONE',  ( 74.51279113769530227, 104.7243518829830009, 22.75322246546129890 ) ) ;
#2476 = ORIENTED_EDGE ( 'NONE', *, *, #1646, .F. ) ;
#2477 = EDGE_CURVE ( 'NONE', #170, #2440, #3837, .T. ) ;
#2478 = LINE ( 'NONE', #86, #2258 ) ;
#2479 = VERTEX_POINT ( 'NONE', #2701 ) ;
#2480 = ORIENTED_EDGE ( 'NONE', *, *, #3330, .T. ) ;
#2481 = CARTESIAN_POINT ( 'NONE',  ( 55.54007862233673620, 99.20369191267897691, -32.06607771198415691 ) ) ;
#2482 = EDGE_CURVE ( 'NONE', #2814, #747, #3911, .T. ) ;
#2483 = CARTESIAN_POINT ( 'NONE',  ( 75.55343627929690342, 101.7866973876950141, 14.96409320828180078 ) ) ;
#2484 = ORIENTED_EDGE ( 'NONE', *, *, #172, .F. ) ;
#2485 = DIRECTION ( 'NONE',  ( -0.9238788260947654596, 0.000000000000000000, -0.3826851378009837878 ) ) ;
#2486 = EDGE_CURVE ( 'NONE', #170, #132, #2309, .T. ) ;
#2487 = DIRECTION ( 'NONE',  ( -0.9914448304674222667, 0.000000000000000000, 0.1305264269771610197 ) ) ;
#2488 = EDGE_CURVE ( 'NONE', #545, #1568, #2099, .T. ) ;
#2489 = PLANE ( 'NONE',  #423 ) ;
#2490 = ORIENTED_EDGE ( 'NONE', *, *, #519, .F. ) ;
#2491 = CARTESIAN_POINT ( 'NONE',  ( 81.98529052734369316, 109.7866973876949999, 2.946463584899900123 ) ) ;
#2492 = AXIS2_PLACEMENT_3D ( 'NONE', #2988, #1443, #1116 ) ;
#2493 = CARTESIAN_POINT ( 'NONE',  ( 74.51279113769530227, 104.3597812653059975, 22.91554927820239840 ) ) ;
#2494 = ORIENTED_EDGE ( 'NONE', *, *, #1015, .T. ) ;
#2495 = VECTOR ( 'NONE', #1993, 1000.000000000000000 ) ;
#2496 = FACE_OUTER_BOUND ( 'NONE', #433, .T. ) ;
#2497 = CARTESIAN_POINT ( 'NONE',  ( 74.51279113769530227, 103.3315372467470041, 22.89210414880160371 ) ) ;
#2498 = EDGE_LOOP ( 'NONE', ( #3008, #3696, #2528, #2837 ) ) ;
#2499 = AXIS2_PLACEMENT_3D ( 'NONE', #450, #3142, #1340 ) ;
#2500 = ADVANCED_FACE ( 'NONE', ( #580, #2590 ), #786, .F. ) ;
#2501 = DIRECTION ( 'NONE',  ( 1.000000000000000000, 2.226367238714979993E-13, 0.000000000000000000 ) ) ;
#2502 = ORIENTED_EDGE ( 'NONE', *, *, #481, .F. ) ;
#2503 = DIRECTION ( 'NONE',  ( -0.1305356407156809950, 0.000000000000000000, -0.9914436174099597876 ) ) ;
#2504 = DIRECTION ( 'NONE',  ( -0.000000000000000000, 0.8187119249397128984, 0.5742044792245268869 ) ) ;
#2505 = VECTOR ( 'NONE', #3512, 1000.000000000000000 ) ;
#2506 = ORIENTED_EDGE ( 'NONE', *, *, #2617, .T. ) ;
#2507 = CARTESIAN_POINT ( 'NONE',  ( 96.17599822998050740, 101.7866973876950141, 14.96409320826940181 ) ) ;
#2508 = VECTOR ( 'NONE', #1960, 1000.000000000000000 ) ;
#2509 = VECTOR ( 'NONE', #2729, 1000.000000000000000 ) ;
#2510 = CARTESIAN_POINT ( 'NONE',  ( 113.7127752685550064, 109.7866973876949999, 2.049888610839839753 ) ) ;
#2511 = EDGE_CURVE ( 'NONE', #107, #289, #2885, .T. ) ;
#2512 = CARTESIAN_POINT ( 'NONE',  ( 108.9441551166722775, 112.7866973876950141, 3.464101703259633069 ) ) ;
#2513 = ORIENTED_EDGE ( 'NONE', *, *, #877, .T. ) ;
#2514 = CARTESIAN_POINT ( 'NONE',  ( 84.55343627929690342, 107.7866973876949999, 13.46409320831300072 ) ) ;
#2515 = DIRECTION ( 'NONE',  ( 0.000000000000000000, 1.000000000000000000, 0.000000000000000000 ) ) ;
#2516 = ORIENTED_EDGE ( 'NONE', *, *, #1915, .T. ) ;
#2517 = CARTESIAN_POINT ( 'NONE',  ( 114.2985601806640119, 110.4185193369179956, 6.928203582763670987 ) ) ;
#2518 = CARTESIAN_POINT ( 'NONE',  ( 114.2985601806640119, 99.20369191267897691, 6.928203582763694968 ) ) ;
#2519 = VERTEX_POINT ( 'NONE', #1355 ) ;
#2520 = DIRECTION ( 'NONE',  ( 0.6087676418570938663, 0.000000000000000000, 0.7933485729663557473 ) ) ;
#2521 = VECTOR ( 'NONE', #2086, 1000.000000000000000 ) ;
#2522 = CARTESIAN_POINT ( 'NONE',  ( 78.32138824462889204, 109.7866973876949999, 2.464101791381839934 ) ) ;
#2523 = ORIENTED_EDGE ( 'NONE', *, *, #2443, .F. ) ;
#2524 = CARTESIAN_POINT ( 'NONE',  ( 84.55343627929690342, 112.7866973876949999, 13.46409320831300072 ) ) ;
#2525 = FACE_OUTER_BOUND ( 'NONE', #6, .T. ) ;
#2526 = VECTOR ( 'NONE', #1214, 1000.000000000000114 ) ;
#2527 = EDGE_CURVE ( 'NONE', #2169, #3866, #2568, .T. ) ;
#2528 = ORIENTED_EDGE ( 'NONE', *, *, #799, .T. ) ;
#2529 = CARTESIAN_POINT ( 'NONE',  ( 117.7227911376949976, 104.3597812653059975, 22.91554927820239840 ) ) ;
#2530 = DIRECTION ( 'NONE',  ( 0.4999999999999999445, 0.000000000000000000, -0.8660254037844387076 ) ) ;
#2531 = DIRECTION ( 'NONE',  ( 0.9914450668446496140, 0.000000000000000000, 0.1305246315045869299 ) ) ;
#2532 = VERTEX_POINT ( 'NONE', #2475 ) ;
#2533 = LINE ( 'NONE', #1653, #1635 ) ;
#2534 = EDGE_LOOP ( 'NONE', ( #2126, #2540, #1633, #3547 ) ) ;
#2535 = CARTESIAN_POINT ( 'NONE',  ( 79.53579711914061079, 101.7866973876950141, 1.532249450683600189 ) ) ;
#2536 = ORIENTED_EDGE ( 'NONE', *, *, #2234, .T. ) ;
#2537 = EDGE_CURVE ( 'NONE', #1676, #2741, #3333, .T. ) ;
#2538 = DIRECTION ( 'NONE',  ( 0.000000000000000000, -1.000000000000000000, 0.000000000000000000 ) ) ;
#2539 = DIRECTION ( 'NONE',  ( 0.000000000000000000, -0.9238830312443551129, -0.3826749855670500966 ) ) ;
#2540 = ORIENTED_EDGE ( 'NONE', *, *, #1594, .T. ) ;
#2541 = DIRECTION ( 'NONE',  ( 0.000000000000000000, -1.000000000000000000, 0.000000000000000000 ) ) ;
#2542 = EDGE_CURVE ( 'NONE', #1906, #2326, #3089, .T. ) ;
#2543 = PLANE ( 'NONE',  #2716 ) ;
#2544 = ORIENTED_EDGE ( 'NONE', *, *, #157, .F. ) ;
#2545 = CARTESIAN_POINT ( 'NONE',  ( 82.05343627929690342, 109.7866973876949999, 6.928203582763672763 ) ) ;
#2546 = LINE ( 'NONE', #1002, #475 ) ;
#2547 = VERTEX_POINT ( 'NONE', #3032 ) ;
#2548 = DIRECTION ( 'NONE',  ( 0.000000000000000000, 1.000000000000000000, 0.000000000000000000 ) ) ;
#2549 = PLANE ( 'NONE',  #3765 ) ;
#2550 = EDGE_CURVE ( 'NONE', #2105, #1498, #2159, .T. ) ;
#2551 = CARTESIAN_POINT ( 'NONE',  ( 116.2985601806639977, 109.7866973876949999, 3.464101791381863027 ) ) ;
#2552 = ORIENTED_EDGE ( 'NONE', *, *, #1584, .F. ) ;
#2553 = PLANE ( 'NONE',  #2845 ) ;
#2554 = ORIENTED_EDGE ( 'NONE', *, *, #1571, .T. ) ;
#2555 = CARTESIAN_POINT ( 'NONE',  ( 74.51279113769530227, 104.7243518829830009, 22.75322246546129890 ) ) ;
#2556 = ORIENTED_EDGE ( 'NONE', *, *, #3095, .T. ) ;
#2557 = FACE_OUTER_BOUND ( 'NONE', #2414, .T. ) ;
#2558 = AXIS2_PLACEMENT_3D ( 'NONE', #2510, #2828, #2210 ) ;
#2559 = DIRECTION ( 'NONE',  ( 0.000000000000000000, -2.110926372141859940E-15, -1.000000000000000000 ) ) ;
#2560 = ORIENTED_EDGE ( 'NONE', *, *, #2621, .T. ) ;
#2561 = FACE_OUTER_BOUND ( 'NONE', #225, .T. ) ;
#2562 = VECTOR ( 'NONE', #688, 1000.000000000000114 ) ;
#2563 = EDGE_CURVE ( 'NONE', #3470, #3326, #640, .T. ) ;
#2564 = CARTESIAN_POINT ( 'NONE',  ( 81.73063881129279196, 99.20369191267897691, 6.369101703259785197 ) ) ;
#2565 = ORIENTED_EDGE ( 'NONE', *, *, #2865, .F. ) ;
#2566 = AXIS2_PLACEMENT_3D ( 'NONE', #2107, #1473, #2410 ) ;
#2567 = EDGE_CURVE ( 'NONE', #3451, #3813, #914, .T. ) ;
#2568 = LINE ( 'NONE', #1089, #2059 ) ;
#2569 = PLANE ( 'NONE',  #3396 ) ;
#2570 = ORIENTED_EDGE ( 'NONE', *, *, #2527, .F. ) ;
#2571 = CARTESIAN_POINT ( 'NONE',  ( 107.7985601806639977, 112.7866973876949999, 13.46409320831300072 ) ) ;
#2572 = DIRECTION ( 'NONE',  ( 0.6087594347226259472, 0.000000000000000000, -0.7933548705567949888 ) ) ;
#2573 = VECTOR ( 'NONE', #137, 999.9999999999998863 ) ;
#2574 = DIRECTION ( 'NONE',  ( 0.000000000000000000, 5.506064073066059802E-12, -1.000000000000000000 ) ) ;
#2575 = EDGE_LOOP ( 'NONE', ( #530, #987, #3264, #2164 ) ) ;
#2576 = CIRCLE ( 'NONE', #3710, 3.000000000000002665 ) ;
#2577 = CARTESIAN_POINT ( 'NONE',  ( 78.12158203125000000, 101.7866973876950141, 2.946463584899900123 ) ) ;
#2578 = EDGE_LOOP ( 'NONE', ( #1406, #3040, #2516, #280 ) ) ;
#2579 = EDGE_CURVE ( 'NONE', #3403, #3877, #30, .T. ) ;
#2580 = LINE ( 'NONE', #3150, #3134 ) ;
#2581 = VECTOR ( 'NONE', #2923, 1000.000000000000000 ) ;
#2582 = ORIENTED_EDGE ( 'NONE', *, *, #3193, .F. ) ;
#2583 =( GEOMETRIC_REPRESENTATION_CONTEXT ( 3 ) GLOBAL_UNCERTAINTY_ASSIGNED_CONTEXT ( ( #660 ) ) GLOBAL_UNIT_ASSIGNED_CONTEXT ( ( #3474, #3730, #3495 ) ) REPRESENTATION_CONTEXT ( 'NONE', 'WORKASPACE' ) );
#2584 = CLOSED_SHELL ( 'NONE', ( #1580, #3740, #2455 ) ) ;
#2585 = DIRECTION ( 'NONE',  ( -0.6087566003318519714, 0.000000000000000000, 0.7933570454419661688 ) ) ;
#2586 = PLANE ( 'NONE',  #2002 ) ;
#2587 = ORIENTED_EDGE ( 'NONE', *, *, #918, .T. ) ;
#2588 = DIRECTION ( 'NONE',  ( 0.000000000000000000, -0.5421206122233321878, 0.8403006853517372976 ) ) ;
#2589 = ORIENTED_EDGE ( 'NONE', *, *, #2799, .F. ) ;
#2590 = FACE_OUTER_BOUND ( 'NONE', #2153, .T. ) ;
#2591 = CARTESIAN_POINT ( 'NONE',  ( 117.7227911376949976, 104.3597812653059975, 22.91554927820239840 ) ) ;
#2592 = EDGE_CURVE ( 'NONE', #3078, #210, #1738, .T. ) ;
#2593 = VECTOR ( 'NONE', #1522, 1000.000000000000000 ) ;
#2594 = EDGE_LOOP ( 'NONE', ( #3123, #3610 ) ) ;
#2595 = PLANE ( 'NONE',  #2384 ) ;
#2596 = DIRECTION ( 'NONE',  ( 0.000000000000000000, -1.000000000000000000, 0.000000000000000000 ) ) ;
#2597 = DIRECTION ( 'NONE',  ( 0.000000000000000000, 0.000000000000000000, -1.000000000000000000 ) ) ;
#2598 = VERTEX_POINT ( 'NONE', #2422 ) ;
#2599 = ORIENTED_EDGE ( 'NONE', *, *, #1885, .F. ) ;
#2600 = CARTESIAN_POINT ( 'NONE',  ( 78.63922119140620737, 109.7866973876949999, 2.049888610839839753 ) ) ;
#2601 = LINE ( 'NONE', #1936, #471 ) ;
#2602 = ORIENTED_EDGE ( 'NONE', *, *, #1211, .F. ) ;
#2603 = CARTESIAN_POINT ( 'NONE',  ( 74.51279113769530227, 105.4820880890380010, 22.20573520655709743 ) ) ;
#2604 = DIRECTION ( 'NONE',  ( 0.9238788260947667919, 0.000000000000000000, 0.3826851378009809013 ) ) ;
#2605 = ORIENTED_EDGE ( 'NONE', *, *, #544, .F. ) ;
#2606 = APPROVAL_DATE_TIME ( #1155, #3539 ) ;
#2607 = EDGE_CURVE ( 'NONE', #1795, #441, #3705, .T. ) ;
#2608 = DIRECTION ( 'NONE',  ( 0.000000000000000000, 1.000000000000000000, 0.000000000000000000 ) ) ;
#2609 = DIRECTION ( 'NONE',  ( 0.000000000000000000, 1.000000000000000000, -2.110926372141859940E-15 ) ) ;
#2610 = DIRECTION ( 'NONE',  ( 0.000000000000000000, 1.000000000000000000, 0.000000000000000000 ) ) ;
#2611 = VECTOR ( 'NONE', #619, 1000.000000000000114 ) ;
#2612 = ORIENTED_EDGE ( 'NONE', *, *, #1159, .T. ) ;
#2613 = CARTESIAN_POINT ( 'NONE',  ( 78.63922119140620737, 109.7866973876949999, 4.878314971923830790 ) ) ;
#2614 = FACE_BOUND ( 'NONE', #3166, .T. ) ;
#2615 = DIRECTION ( 'NONE',  ( -0.3826798146995750161, 0.000000000000000000, -0.9238810309891090089 ) ) ;
#2616 = ORIENTED_EDGE ( 'NONE', *, *, #3736, .F. ) ;
#2617 = EDGE_CURVE ( 'NONE', #3019, #1867, #341, .T. ) ;
#2618 = CARTESIAN_POINT ( 'NONE',  ( 74.51279113769530227, 106.2732944488989943, 21.39736461635580156 ) ) ;
#2619 = CARTESIAN_POINT ( 'NONE',  ( 80.57107543945309658, 101.7866973876950141, 5.395953178405770601 ) ) ;
#2620 = ORIENTED_EDGE ( 'NONE', *, *, #1688, .F. ) ;
#2621 = EDGE_CURVE ( 'NONE', #2547, #490, #82, .T. ) ;
#2622 = DIRECTION ( 'NONE',  ( -0.1305212769253860094, 0.000000000000000000, 0.9914455084722340050 ) ) ;
#2623 = LINE ( 'NONE', #2641, #1376 ) ;
#2624 = VERTEX_POINT ( 'NONE', #1284 ) ;
#2625 = FACE_OUTER_BOUND ( 'NONE', #3170, .T. ) ;
#2626 = FACE_OUTER_BOUND ( 'NONE', #2053, .T. ) ;
#2627 = EDGE_CURVE ( 'NONE', #1854, #581, #1536, .T. ) ;
#2628 = VECTOR ( 'NONE', #3064, 1000.000000000000000 ) ;
#2629 = FACE_OUTER_BOUND ( 'NONE', #2575, .T. ) ;
#2630 = ORIENTED_EDGE ( 'NONE', *, *, #740, .F. ) ;
#2631 = DIRECTION ( 'NONE',  ( 0.000000000000000000, 1.000000000000000000, -1.165734175856419889E-15 ) ) ;
#2632 = PLANE ( 'NONE',  #2312 ) ;
#2633 = VECTOR ( 'NONE', #2439, 1000.000000000000000 ) ;
#2634 = LINE ( 'NONE', #3562, #2894 ) ;
#2635 = ORIENTED_EDGE ( 'NONE', *, *, #1258, .F. ) ;
#2636 = LINE ( 'NONE', #1426, #130 ) ;
#2637 = CARTESIAN_POINT ( 'NONE',  ( 116.7985601806640119, 112.7866973876949999, 13.46409320831300072 ) ) ;
#2638 = ADVANCED_FACE ( 'NONE', ( #622 ), #1575, .T. ) ;
#2639 = ORIENTED_EDGE ( 'NONE', *, *, #2799, .T. ) ;
#2640 = VECTOR ( 'NONE', #2678, 1000.000000000000227 ) ;
#2641 = CARTESIAN_POINT ( 'NONE',  ( 78.32138824462889204, 101.7866973876950141, 2.464101791381830164 ) ) ;
#2642 = EDGE_LOOP ( 'NONE', ( #2152, #1712, #1851, #2832 ) ) ;
#2643 = VECTOR ( 'NONE', #203, 1000.000000000000000 ) ;
#2644 = APPROVAL_ROLE ( '' ) ;
#2645 = CC_DESIGN_APPROVAL ( #3539, ( #617 ) ) ;
#2646 = PLANE ( 'NONE',  #2017 ) ;
#2647 = DIRECTION ( 'NONE',  ( -0.3826851378009850091, 0.000000000000000000, 0.9238788260947650155 ) ) ;
#2648 = ORIENTED_EDGE ( 'NONE', *, *, #1563, .T. ) ;
#2649 = ORIENTED_EDGE ( 'NONE', *, *, #2754, .F. ) ;
#2650 = DIRECTION ( 'NONE',  ( 1.000000000000000000, 0.000000000000000000, -8.221971022449719021E-17 ) ) ;
#2651 = CARTESIAN_POINT ( 'NONE',  ( 80.57107543945309658, 109.7866973876949999, 1.532249450683589975 ) ) ;
#2652 = ADVANCED_FACE ( 'NONE', ( #952 ), #3685, .T. ) ;
#2653 = CARTESIAN_POINT ( 'NONE',  ( 84.55343627929690342, 108.1757812500000000, 8.920721054077150214 ) ) ;
#2654 = EDGE_LOOP ( 'NONE', ( #2589, #675, #3599, #3448 ) ) ;
#2655 = VECTOR ( 'NONE', #3496, 1000.000000000000000 ) ;
#2656 = LINE ( 'NONE', #3867, #67 ) ;
#2657 = LINE ( 'NONE', #1778, #3252 ) ;
#2658 = ORIENTED_EDGE ( 'NONE', *, *, #2240, .F. ) ;
#2659 = VECTOR ( 'NONE', #1114, 1000.000000000000000 ) ;
#2660 = DIRECTION ( 'NONE',  ( 1.000000000000000000, 0.000000000000000000, 0.000000000000000000 ) ) ;
#2661 = LINE ( 'NONE', #802, #809 ) ;
#2662 = EDGE_CURVE ( 'NONE', #953, #1795, #3650, .T. ) ;
#2663 = VERTEX_POINT ( 'NONE', #2120 ) ;
#2664 = DIRECTION ( 'NONE',  ( -1.000000000000000000, 0.000000000000000000, 0.000000000000000000 ) ) ;
#2665 = ORIENTED_EDGE ( 'NONE', *, *, #2982, .T. ) ;
#2666 = PRODUCT_RELATED_PRODUCT_CATEGORY ( 'detail', '', ( #2137 ) ) ;
#2667 = VERTEX_POINT ( 'NONE', #1269 ) ;
#2668 = EDGE_LOOP ( 'NONE', ( #782, #2265, #1030, #2212 ) ) ;
#2669 = CARTESIAN_POINT ( 'NONE',  ( 117.7227911376949976, 104.0056629181370056, 22.99634838098310041 ) ) ;
#2670 = DIRECTION ( 'NONE',  ( 0.000000000000000000, -0.9998385936029987597, -0.01796626677908969710 ) ) ;
#2671 = CARTESIAN_POINT ( 'NONE',  ( 78.05343627929690342, 101.7866973876950141, 3.464101791381839934 ) ) ;
#2672 = EDGE_LOOP ( 'NONE', ( #2766, #249, #1818, #3533 ) ) ;
#2673 = VERTEX_POINT ( 'NONE', #2737 ) ;
#2674 = DIRECTION ( 'NONE',  ( 0.1305212769253820682, 0.000000000000000000, 0.9914455084722345601 ) ) ;
#2675 = LINE ( 'NONE', #1999, #1290 ) ;
#2676 = EDGE_CURVE ( 'NONE', #1790, #545, #2719, .T. ) ;
#2677 = LINE ( 'NONE', #3887, #3108 ) ;
#2678 = DIRECTION ( 'NONE',  ( 0.3826922874341361913, -2.721829519406411260E-14, 0.9238758645718744278 ) ) ;
#2679 = VERTEX_POINT ( 'NONE', #2493 ) ;
#2680 = PERSON_AND_ORGANIZATION ( #2108, #2327 ) ;
#2681 = CARTESIAN_POINT ( 'NONE',  ( 75.55343627929690342, 101.7866973876950141, 14.96409320828180078 ) ) ;
#2682 = ORIENTED_EDGE ( 'NONE', *, *, #1967, .T. ) ;
#2683 = EDGE_CURVE ( 'NONE', #1208, #2180, #1898, .T. ) ;
#2684 = ADVANCED_FACE ( 'NONE', ( #303 ), #13, .F. ) ;
#2685 = ORIENTED_EDGE ( 'NONE', *, *, #602, .T. ) ;
#2686 = VECTOR ( 'NONE', #1227, 1000.000000000000114 ) ;
#2687 = VERTEX_POINT ( 'NONE', #1958 ) ;
#2688 = CARTESIAN_POINT ( 'NONE',  ( 64.05588104562446006, 109.7866973876949999, 36.98268016486991883 ) ) ;
#2689 = DIRECTION ( 'NONE',  ( 0.000000000000000000, 0.000000000000000000, -1.000000000000000000 ) ) ;
#2690 = VECTOR ( 'NONE', #3602, 1000.000000000000000 ) ;
#2691 = DIRECTION ( 'NONE',  ( 1.000000000000000000, 0.000000000000000000, 0.000000000000000000 ) ) ;
#2692 = ORIENTED_EDGE ( 'NONE', *, *, #375, .F. ) ;
#2693 = ORIENTED_EDGE ( 'NONE', *, *, #1904, .T. ) ;
#2694 = PLANE ( 'NONE',  #1831 ) ;
#2695 = VECTOR ( 'NONE', #1300, 1000.000000000000000 ) ;
#2696 = DIRECTION ( 'NONE',  ( 0.000000000000000000, 1.000000000000000000, 4.440892098500630106E-16 ) ) ;
#2697 = ORIENTED_EDGE ( 'NONE', *, *, #844, .T. ) ;
#2698 = CARTESIAN_POINT ( 'NONE',  ( 79.53579711914061079, 109.7866973876949999, 5.395953178405759942 ) ) ;
#2699 = EDGE_CURVE ( 'NONE', #24, #1790, #436, .T. ) ;
#2700 = LINE ( 'NONE', #227, #2067 ) ;
#2701 = CARTESIAN_POINT ( 'NONE',  ( 74.51279113769530227, 107.0923862457719906, 20.37159252163889889 ) ) ;
#2702 = ORIENTED_EDGE ( 'NONE', *, *, #3736, .T. ) ;
#2703 = EDGE_CURVE ( 'NONE', #2113, #1933, #2580, .T. ) ;
#2704 = CARTESIAN_POINT ( 'NONE',  ( 113.9757627126598578, 112.7866973876949999, 0.5591017032596351521 ) ) ;
#2705 = LOCAL_TIME ( 11, 22, 49.00000000000000000, #1432 ) ;
#2706 = CIRCLE ( 'NONE', #2007, 3.000000000000002665 ) ;
#2707 = EDGE_LOOP ( 'NONE', ( #1373, #759, #1732, #308 ) ) ;
#2708 = ORIENTED_EDGE ( 'NONE', *, *, #3445, .T. ) ;
#2709 = CARTESIAN_POINT ( 'NONE',  ( 79.53579711914061079, 109.7866973876949999, 5.395953178405759942 ) ) ;
#2710 = ADVANCED_FACE ( 'NONE', ( #3746 ), #1367, .T. ) ;
#2711 = CARTESIAN_POINT ( 'NONE',  ( 114.2304144287110006, 109.7866973876949999, 2.946463584899900123 ) ) ;
#2712 = PLANE ( 'NONE',  #681 ) ;
#2713 = VERTEX_POINT ( 'NONE', #1654 ) ;
#2714 = CARTESIAN_POINT ( 'NONE',  ( 107.7985601806639977, 107.4866973877000049, 14.96409320831320144 ) ) ;
#2715 = CARTESIAN_POINT ( 'NONE',  ( 116.7985601806640119, 105.1757812500000000, 8.920721054077150214 ) ) ;
#2716 = AXIS2_PLACEMENT_3D ( 'NONE', #2522, #3732, #173 ) ;
#2717 = CARTESIAN_POINT ( 'NONE',  ( 0.000000000000000000, 99.20369191267897691, 0.5591017032597904723 ) ) ;
#2718 = DIRECTION ( 'NONE',  ( -0.9914448304674218226, 0.000000000000000000, 0.1305264269771639618 ) ) ;
#2719 = LINE ( 'NONE', #677, #2246 ) ;
#2720 = EDGE_LOOP ( 'NONE', ( #575, #1647, #1946, #3381 ) ) ;
#2721 = VECTOR ( 'NONE', #295, 1000.000000000000000 ) ;
#2722 = FACE_OUTER_BOUND ( 'NONE', #2387, .T. ) ;
#2723 = ORIENTED_EDGE ( 'NONE', *, *, #1158, .T. ) ;
#2724 = EDGE_CURVE ( 'NONE', #894, #581, #717, .T. ) ;
#2725 = ORIENTED_EDGE ( 'NONE', *, *, #1631, .F. ) ;
#2726 = VERTEX_POINT ( 'NONE', #2853 ) ;
#2727 = FACE_OUTER_BOUND ( 'NONE', #638, .T. ) ;
#2728 = CARTESIAN_POINT ( 'NONE',  ( 0.000000000000000000, 103.4866973876950027, 0.000000000000000000 ) ) ;
#2729 = DIRECTION ( 'NONE',  ( -0.7933548705567980974, 0.000000000000000000, -0.6087594347226219504 ) ) ;
#2730 = ORIENTED_EDGE ( 'NONE', *, *, #1737, .F. ) ;
#2731 = CARTESIAN_POINT ( 'NONE',  ( 84.55343627929690342, 103.4866973876950027, 10.96409320826379918 ) ) ;
#2732 = DIRECTION ( 'NONE',  ( 0.000000000000000000, 1.000000000000000000, 7.771561172376110574E-16 ) ) ;
#2733 = EDGE_CURVE ( 'NONE', #1490, #1088, #778, .T. ) ;
#2734 = DIRECTION ( 'NONE',  ( 0.6087566003318458652, 0.000000000000000000, -0.7933570454419707207 ) ) ;
#2735 = ORIENTED_EDGE ( 'NONE', *, *, #1299, .F. ) ;
#2736 = DIRECTION ( 'NONE',  ( 1.000000000000000000, 0.000000000000000000, -6.464348531571292183E-17 ) ) ;
#2737 = CARTESIAN_POINT ( 'NONE',  ( 79.53579711914061079, 101.7866973876950141, 1.532249450683589975 ) ) ;
#2738 = ORIENTED_EDGE ( 'NONE', *, *, #1468, .T. ) ;
#2739 = FACE_OUTER_BOUND ( 'NONE', #1429, .T. ) ;
#2740 = EDGE_CURVE ( 'NONE', #1641, #2598, #3812, .T. ) ;
#2741 = VERTEX_POINT ( 'NONE', #396 ) ;
#2742 = FACE_OUTER_BOUND ( 'NONE', #3743, .T. ) ;
#2743 = PLANE ( 'NONE',  #284 ) ;
#2744 = CARTESIAN_POINT ( 'NONE',  ( 114.2304144287110006, 101.7866973876950141, 3.981739997863770419 ) ) ;
#2745 = EDGE_LOOP ( 'NONE', ( #2939, #2147, #2451, #1942, #2723, #921, #3350, #3249, #425 ) ) ;
#2746 = CARTESIAN_POINT ( 'NONE',  ( 110.2985601806639977, 99.20369191267897691, 6.928203582763699409 ) ) ;
#2747 = CARTESIAN_POINT ( 'NONE',  ( 114.0306158447269951, 109.7866973876949999, 4.464101791381840378 ) ) ;
#2748 = VECTOR ( 'NONE', #2530, 999.9999999999998863 ) ;
#2749 = CARTESIAN_POINT ( 'NONE',  ( 78.32138824462889204, 109.7866973876949999, 4.464101791381840378 ) ) ;
#2750 = AXIS2_PLACEMENT_3D ( 'NONE', #1399, #3177, #3518 ) ;
#2751 = CARTESIAN_POINT ( 'NONE',  ( 84.55343627929690342, 103.4866973876950027, 5.464101791381830608 ) ) ;
#2752 = DIRECTION ( 'NONE',  ( -1.000000000000000000, 0.000000000000000000, 0.000000000000000000 ) ) ;
#2753 = ORIENTED_EDGE ( 'NONE', *, *, #2511, .F. ) ;
#2754 = EDGE_CURVE ( 'NONE', #3813, #3720, #2808, .T. ) ;
#2755 = VECTOR ( 'NONE', #2752, 1000.000000000000000 ) ;
#2756 = LINE ( 'NONE', #50, #2839 ) ;
#2757 = ORIENTED_EDGE ( 'NONE', *, *, #421, .T. ) ;
#2758 = VECTOR ( 'NONE', #2631, 1000.000000000000000 ) ;
#2759 = VECTOR ( 'NONE', #2015, 1000.000000000000000 ) ;
#2760 = ORIENTED_EDGE ( 'NONE', *, *, #285, .F. ) ;
#2761 = AXIS2_PLACEMENT_3D ( 'NONE', #2877, #2218, #1059 ) ;
#2762 = CARTESIAN_POINT ( 'NONE',  ( 74.51279113769530227, 102.7031497955689900, 22.43131923669040262 ) ) ;
#2763 = DIRECTION ( 'NONE',  ( 1.000000000000000000, -3.288788408979890074E-16, -8.221971022449719021E-17 ) ) ;
#2764 = VECTOR ( 'NONE', #3112, 1000.000000000000000 ) ;
#2765 = CLOSED_SHELL ( 'NONE', ( #2191, #3768, #1118 ) ) ;
#2766 = ORIENTED_EDGE ( 'NONE', *, *, #2527, .T. ) ;
#2767 = CARTESIAN_POINT ( 'NONE',  ( 110.3667135620120092, 109.7866973876949999, 2.946463584899900123 ) ) ;
#2768 = CARTESIAN_POINT ( 'NONE',  ( 74.51279113769530227, 106.2732944488989943, 21.39736461635580156 ) ) ;
#2769 = EDGE_CURVE ( 'NONE', #437, #678, #2896, .T. ) ;
#2770 = LINE ( 'NONE', #3682, #3529 ) ;
#2771 = DIRECTION ( 'NONE',  ( 0.9914455084722341160, 0.000000000000000000, 0.1305212769253860372 ) ) ;
#2772 = CARTESIAN_POINT ( 'NONE',  ( 114.2304144287110006, 101.7866973876950141, 2.946463584899830401 ) ) ;
#2773 = ORIENTED_EDGE ( 'NONE', *, *, #2662, .T. ) ;
#2774 = VECTOR ( 'NONE', #1623, 1000.000000000000000 ) ;
#2775 = EDGE_CURVE ( 'NONE', #3470, #569, #1346, .T. ) ;
#2776 = LINE ( 'NONE', #644, #503 ) ;
#2777 = ORIENTED_EDGE ( 'NONE', *, *, #607, .F. ) ;
#2778 = EDGE_CURVE ( 'NONE', #3683, #1770, #1612, .T. ) ;
#2779 = VECTOR ( 'NONE', #2895, 1000.000000000000114 ) ;
#2780 = ORIENTED_EDGE ( 'NONE', *, *, #1338, .T. ) ;
#2781 = CARTESIAN_POINT ( 'NONE',  ( 117.7227911376949976, 104.7243518829830009, 22.75322246546129890 ) ) ;
#2782 = FACE_BOUND ( 'NONE', #2444, .T. ) ;
#2783 = ORIENTED_EDGE ( 'NONE', *, *, #2922, .T. ) ;
#2784 = LINE ( 'NONE', #76, #3769 ) ;
#2785 = LINE ( 'NONE', #2155, #1730 ) ;
#2786 = CARTESIAN_POINT ( 'NONE',  ( 80.05343627929690342, 101.7866973876950141, 1.464101791381830164 ) ) ;
#2787 = ORIENTED_EDGE ( 'NONE', *, *, #386, .F. ) ;
#2788 = DIRECTION ( 'NONE',  ( -0.7933548705567949888, 0.000000000000000000, 0.6087594347226259472 ) ) ;
#2789 = EDGE_CURVE ( 'NONE', #2267, #3814, #1013, .T. ) ;
#2790 = DIRECTION ( 'NONE',  ( 1.000000000000000000, 2.111930055844449935E-15, 7.919737709416690216E-16 ) ) ;
#2791 = EDGE_LOOP ( 'NONE', ( #845, #1071, #974, #377 ) ) ;
#2792 = AXIS2_PLACEMENT_3D ( 'NONE', #2717, #934, #3909 ) ;
#2793 = DIRECTION ( 'NONE',  ( 0.9238810309891090089, 0.000000000000000000, -0.3826798146995750161 ) ) ;
#2794 = CARTESIAN_POINT ( 'NONE',  ( 117.7227911376949976, 106.2732944488989943, 21.39736461635580156 ) ) ;
#2795 = ORIENTED_EDGE ( 'NONE', *, *, #607, .T. ) ;
#2796 = EDGE_LOOP ( 'NONE', ( #3294, #3179, #546, #2484 ) ) ;
#2797 = DIRECTION ( 'NONE',  ( -0.4999999809210191049, 0.000000000000000000, -0.8660254147996930829 ) ) ;
#2798 = PLANE ( 'NONE',  #1865 ) ;
#2799 = EDGE_CURVE ( 'NONE', #2440, #798, #2873, .T. ) ;
#2800 = EDGE_CURVE ( 'NONE', #2673, #1122, #1326, .T. ) ;
#2801 = VERTEX_POINT ( 'NONE', #1391 ) ;
#2802 = CARTESIAN_POINT ( 'NONE',  ( 80.57107543945309658, 109.7866973876949999, 5.395953178405759942 ) ) ;
#2803 = PLANE ( 'NONE',  #1168 ) ;
#2804 = DIRECTION ( 'NONE',  ( 0.000000000000000000, -1.000000000000000000, 0.000000000000000000 ) ) ;
#2805 = ORIENTED_EDGE ( 'NONE', *, *, #2856, .F. ) ;
#2806 = FACE_OUTER_BOUND ( 'NONE', #1431, .T. ) ;
#2807 = AXIS2_PLACEMENT_3D ( 'NONE', #2227, #711, #470 ) ;
#2808 = LINE ( 'NONE', #1678, #1928 ) ;
#2809 = ORIENTED_EDGE ( 'NONE', *, *, #909, .F. ) ;
#2810 = EDGE_CURVE ( 'NONE', #2532, #2679, #2601, .T. ) ;
#2811 = VECTOR ( 'NONE', #2449, 1000.000000000000000 ) ;
#2812 = DIRECTION ( 'NONE',  ( 0.000000000000000000, 1.000000000000000000, -4.440892098500630106E-16 ) ) ;
#2813 = CARTESIAN_POINT ( 'NONE',  ( 112.8161993408200061, 109.7866973876949999, 5.395953178405759942 ) ) ;
#2814 = VERTEX_POINT ( 'NONE', #3105 ) ;
#2815 = VECTOR ( 'NONE', #2194, 1000.000000000000114 ) ;
#2816 = DIRECTION ( 'NONE',  ( 0.000000000000000000, 1.000000000000000000, 0.000000000000000000 ) ) ;
#2817 = ADVANCED_FACE ( 'NONE', ( #2300 ), #3507, .T. ) ;
#2818 = CARTESIAN_POINT ( 'NONE',  ( 107.7985601806639977, 107.7866973876930103, 13.46409320831300072 ) ) ;
#2819 = EDGE_LOOP ( 'NONE', ( #608, #510, #996, #1759 ) ) ;
#2820 = CARTESIAN_POINT ( 'NONE',  ( 112.2985601806639977, 109.7866973876949999, 5.464101791381840378 ) ) ;
#2821 = DIRECTION ( 'NONE',  ( 1.000000000000000000, 0.000000000000000000, 0.000000000000000000 ) ) ;
#2822 = VECTOR ( 'NONE', #3370, 1000.000000000000000 ) ;
#2823 = VERTEX_POINT ( 'NONE', #3722 ) ;
#2824 = EDGE_CURVE ( 'NONE', #1075, #1636, #3571, .T. ) ;
#2825 = CARTESIAN_POINT ( 'NONE',  ( 112.2985601806639977, 101.7866973876950141, 1.464101791381830164 ) ) ;
#2826 = AXIS2_PLACEMENT_3D ( 'NONE', #3838, #508, #3236 ) ;
#2827 = VECTOR ( 'NONE', #793, 1000.000000000000000 ) ;
#2828 = DIRECTION ( 'NONE',  ( -0.7933499880112131475, 0.000000000000000000, 0.6087657977601962367 ) ) ;
#2829 = DIRECTION ( 'NONE',  ( 0.3826922874341361913, 0.000000000000000000, 0.9238758645718744278 ) ) ;
#2830 = ORIENTED_EDGE ( 'NONE', *, *, #1835, .F. ) ;
#2831 = DIRECTION ( 'NONE',  ( -0.3826922874341520120, 0.000000000000000000, -0.9238758645718678775 ) ) ;
#2832 = ORIENTED_EDGE ( 'NONE', *, *, #999, .F. ) ;
#2833 = DIRECTION ( 'NONE',  ( 0.000000000000000000, 1.000000000000000000, 9.992007221626430557E-16 ) ) ;
#2834 = ORIENTED_EDGE ( 'NONE', *, *, #3340, .T. ) ;
#2835 = DIRECTION ( 'NONE',  ( 0.000000000000000000, 1.000000000000000000, 0.000000000000000000 ) ) ;
#2836 = DIRECTION ( 'NONE',  ( 1.000000000000000000, 0.000000000000000000, 0.000000000000000000 ) ) ;
#2837 = ORIENTED_EDGE ( 'NONE', *, *, #1660, .F. ) ;
#2838 = CARTESIAN_POINT ( 'NONE',  ( 107.7985601806639977, 101.7866973876950141, 0.000000000000000000 ) ) ;
#2839 = VECTOR ( 'NONE', #1255, 1000.000000000000114 ) ;
#2840 = LINE ( 'NONE', #1664, #566 ) ;
#2841 = ORIENTED_EDGE ( 'NONE', *, *, #95, .T. ) ;
#2842 = DIRECTION ( 'NONE',  ( 0.7933539883816994598, -2.721831868565158524E-14, 0.6087605843998527000 ) ) ;
#2843 = EDGE_CURVE ( 'NONE', #40, #1018, #1637, .T. ) ;
#2844 = CARTESIAN_POINT ( 'NONE',  ( 110.2985601806639977, 109.7866973876949999, 3.464101791381839934 ) ) ;
#2845 = AXIS2_PLACEMENT_3D ( 'NONE', #1053, #2255, #757 ) ;
#2846 = ORIENTED_EDGE ( 'NONE', *, *, #988, .F. ) ;
#2847 = DIRECTION ( 'NONE',  ( 0.000000000000000000, 1.000000000000000000, 0.000000000000000000 ) ) ;
#2848 = FACE_BOUND ( 'NONE', #3298, .T. ) ;
#2849 = PLANE ( 'NONE',  #1551 ) ;
#2850 = ORIENTED_EDGE ( 'NONE', *, *, #2068, .F. ) ;
#2851 = DIRECTION ( 'NONE',  ( 0.4999999999999980016, 0.000000000000000000, -0.8660254037844397068 ) ) ;
#2852 = ORIENTED_EDGE ( 'NONE', *, *, #3436, .T. ) ;
#2853 = CARTESIAN_POINT ( 'NONE',  ( 117.7227911376949976, 102.7031497955689900, 22.43131923669040262 ) ) ;
#2854 = VERTEX_POINT ( 'NONE', #3490 ) ;
#2855 = EDGE_CURVE ( 'NONE', #747, #1490, #3584, .T. ) ;
#2856 = EDGE_CURVE ( 'NONE', #3830, #1873, #532, .T. ) ;
#2857 = DIRECTION ( 'NONE',  ( -0.5000000000000002220, 0.000000000000000000, 0.8660254037844384856 ) ) ;
#2858 = DIRECTION ( 'NONE',  ( -2.493132406173490458E-15, -1.000000000000000000, -6.232831015433720228E-16 ) ) ;
#2859 = ORIENTED_EDGE ( 'NONE', *, *, #1042, .F. ) ;
#2860 = DIRECTION ( 'NONE',  ( 1.000000000000000000, 0.000000000000000000, 0.000000000000000000 ) ) ;
#2861 = CARTESIAN_POINT ( 'NONE',  ( 79.05343627929688921, 101.7866973876950141, 1.732050895690899983 ) ) ;
#2862 = EDGE_LOOP ( 'NONE', ( #1969, #1910, #3038, #1455 ) ) ;
#2863 = DIRECTION ( 'NONE',  ( 0.000000000000000000, -0.3436828289811901804, -0.9390857857850293255 ) ) ;
#2864 = CARTESIAN_POINT ( 'NONE',  ( 84.55343627929690342, 103.4866973876950027, 10.96409320826379918 ) ) ;
#2865 = EDGE_CURVE ( 'NONE', #747, #2259, #2377, .T. ) ;
#2866 = ORIENTED_EDGE ( 'NONE', *, *, #3482, .T. ) ;
#2867 = CARTESIAN_POINT ( 'NONE',  ( 81.05343627929690342, 109.7866973876949999, 5.196151733398440165 ) ) ;
#2868 = DIRECTION ( 'NONE',  ( 0.000000000000000000, 1.000000000000000000, 0.000000000000000000 ) ) ;
#2869 = FACE_OUTER_BOUND ( 'NONE', #1120, .T. ) ;
#2870 = ORIENTED_EDGE ( 'NONE', *, *, #2909, .T. ) ;
#2871 = CARTESIAN_POINT ( 'NONE',  ( 113.7127752685550064, 101.7866973876950141, 4.878314971923860988 ) ) ;
#2872 = ORIENTED_EDGE ( 'NONE', *, *, #1622, .T. ) ;
#2873 = LINE ( 'NONE', #1099, #2366 ) ;
#2874 = VERTEX_POINT ( 'NONE', #497 ) ;
#2875 = CARTESIAN_POINT ( 'NONE',  ( 113.9757627126598436, 109.7866973876949999, 6.369101703259653746 ) ) ;
#2876 = VECTOR ( 'NONE', #184, 1000.000000000000000 ) ;
#2877 = CARTESIAN_POINT ( 'NONE',  ( 61.05588096930830488, 99.20369191267897691, -35.25062931324013960 ) ) ;
#2878 = EDGE_CURVE ( 'NONE', #2801, #116, #3565, .T. ) ;
#2879 = ORIENTED_EDGE ( 'NONE', *, *, #1606, .F. ) ;
#2880 = CARTESIAN_POINT ( 'NONE',  ( 84.55343627929690342, 112.7866973876949999, 13.46409320831300072 ) ) ;
#2881 = VECTOR ( 'NONE', #923, 1000.000000000000114 ) ;
#2882 = FACE_OUTER_BOUND ( 'NONE', #495, .T. ) ;
#2883 = ORIENTED_EDGE ( 'NONE', *, *, #213, .F. ) ;
#2884 = AXIS2_PLACEMENT_3D ( 'NONE', #90, #748, #446 ) ;
#2885 = LINE ( 'NONE', #599, #2122 ) ;
#2886 = ADVANCED_FACE ( 'NONE', ( #3829 ), #3905, .T. ) ;
#2887 = PLANE ( 'NONE',  #684 ) ;
#2888 = VERTEX_POINT ( 'NONE', #836 ) ;
#2889 = CARTESIAN_POINT ( 'NONE',  ( 114.0306158447269951, 101.7866973876950141, 2.464101791381870132 ) ) ;
#2890 = LINE ( 'NONE', #753, #1045 ) ;
#2891 = VECTOR ( 'NONE', #1093, 1000.000000000000000 ) ;
#2892 = DIRECTION ( 'NONE',  ( 0.000000000000000000, -1.000000000000000000, 0.000000000000000000 ) ) ;
#2893 = ORIENTED_EDGE ( 'NONE', *, *, #2004, .F. ) ;
#2894 = VECTOR ( 'NONE', #1675, 1000.000000000000000 ) ;
#2895 = DIRECTION ( 'NONE',  ( 0.3826922874341581182, -2.721829519406370870E-14, -0.9238758645718653240 ) ) ;
#2896 = LINE ( 'NONE', #3169, #2441 ) ;
#2897 = ORIENTED_EDGE ( 'NONE', *, *, #3869, .F. ) ;
#2898 = ADVANCED_FACE ( 'NONE', ( #3886 ), #224, .T. ) ;
#2899 = AXIS2_PLACEMENT_3D ( 'NONE', #1352, #1983, #462 ) ;
#2900 = CLOSED_SHELL ( 'NONE', ( #135, #3677, #2197 ) ) ;
#2901 = FACE_OUTER_BOUND ( 'NONE', #606, .T. ) ;
#2902 = DIRECTION ( 'NONE',  ( -0.9914448304674229329, 0.000000000000000000, 0.1305264269771569952 ) ) ;
#2903 = ORIENTED_EDGE ( 'NONE', *, *, #3864, .T. ) ;
#2904 = CARTESIAN_POINT ( 'NONE',  ( 74.51279113769530227, 105.4820880890380010, 22.20573520655729993 ) ) ;
#2905 = EDGE_CURVE ( 'NONE', #2208, #1088, #2037, .T. ) ;
#2906 = CARTESIAN_POINT ( 'NONE',  ( 78.63922119140620737, 109.7866973876949999, 4.878314971923830790 ) ) ;
#2907 = DIRECTION ( 'NONE',  ( 0.000000000000000000, -0.3436828289811901804, -0.9390857857850293255 ) ) ;
#2908 = FACE_OUTER_BOUND ( 'NONE', #504, .T. ) ;
#2909 = EDGE_CURVE ( 'NONE', #3810, #1573, #2657, .T. ) ;
#2910 = VECTOR ( 'NONE', #3314, 1000.000000000000000 ) ;
#2911 = EDGE_CURVE ( 'NONE', #3866, #1985, #853, .T. ) ;
#2912 = ORIENTED_EDGE ( 'NONE', *, *, #1369, .T. ) ;
#2913 = LINE ( 'NONE', #2368, #2954 ) ;
#2914 = CARTESIAN_POINT ( 'NONE',  ( 113.2985601806639977, 101.7866973876950141, 1.732050895690960157 ) ) ;
#2915 = AXIS2_PLACEMENT_3D ( 'NONE', #3506, #3208, #496 ) ;
#2916 = LINE ( 'NONE', #2671, #2643 ) ;
#2917 = ORIENTED_EDGE ( 'NONE', *, *, #3289, .T. ) ;
#2918 = LINE ( 'NONE', #3286, #764 ) ;
#2919 = DIRECTION ( 'NONE',  ( 0.000000000000000000, -0.7947858886306673476, 0.6068899333763582149 ) ) ;
#2920 = ORIENTED_EDGE ( 'NONE', *, *, #519, .T. ) ;
#2921 = DIRECTION ( 'NONE',  ( 1.000000000000000000, -3.288788408979890074E-16, 8.221971022449719021E-17 ) ) ;
#2922 = EDGE_CURVE ( 'NONE', #1881, #785, #1190, .T. ) ;
#2923 = DIRECTION ( 'NONE',  ( 0.000000000000000000, 1.000000000000000000, 0.000000000000000000 ) ) ;
#2924 = ORIENTED_EDGE ( 'NONE', *, *, #1028, .T. ) ;
#2925 = DIRECTION ( 'NONE',  ( 0.000000000000000000, -0.6239859987278827402, 0.7814355209430697835 ) ) ;
#2926 = CARTESIAN_POINT ( 'NONE',  ( 117.7227911376949976, 107.0923862457719906, 20.37159252163889889 ) ) ;
#2927 = LINE ( 'NONE', #2011, #810 ) ;
#2928 = VECTOR ( 'NONE', #2456, 1000.000000000000227 ) ;
#2929 = ORIENTED_EDGE ( 'NONE', *, *, #467, .T. ) ;
#2930 = DIRECTION ( 'NONE',  ( 0.000000000000000000, -0.01796626677909329492, 0.9998385936029987597 ) ) ;
#2931 = EDGE_CURVE ( 'NONE', #1470, #2326, #3549, .T. ) ;
#2932 = LINE ( 'NONE', #2014, #1294 ) ;
#2933 = CARTESIAN_POINT ( 'NONE',  ( 78.12158203125000000, 101.7866973876950141, 3.981739997863770419 ) ) ;
#2934 = ORIENTED_EDGE ( 'NONE', *, *, #651, .T. ) ;
#2935 = DIRECTION ( 'NONE',  ( 0.000000000000000000, -0.6994789162168136842, 0.7146532346307207240 ) ) ;
#2936 = DIRECTION ( 'NONE',  ( 0.000000000000000000, -0.9390857857850286594, 0.3436828289811919013 ) ) ;
#2937 = ORIENTED_EDGE ( 'NONE', *, *, #1547, .T. ) ;
#2938 = CARTESIAN_POINT ( 'NONE',  ( 81.05343627929690342, 101.7866973876950141, 5.196151733398440165 ) ) ;
#2939 = ORIENTED_EDGE ( 'NONE', *, *, #3678, .F. ) ;
#2940 = DIRECTION ( 'NONE',  ( 0.9238788260947650155, 0.000000000000000000, -0.3826851378009850091 ) ) ;
#2941 = VECTOR ( 'NONE', #2257, 1000.000000000000114 ) ;
#2942 = DIRECTION ( 'NONE',  ( 0.000000000000000000, 1.000000000000000000, 0.000000000000000000 ) ) ;
#2943 = EDGE_CURVE ( 'NONE', #75, #1208, #274, .T. ) ;
#2944 = EDGE_LOOP ( 'NONE', ( #2830, #2157, #3305, #3473 ) ) ;
#2945 = VERTEX_POINT ( 'NONE', #3850 ) ;
#2946 = DIRECTION ( 'NONE',  ( 0.3826851378009850091, 0.000000000000000000, 0.9238788260947650155 ) ) ;
#2947 = PLANE ( 'NONE',  #97 ) ;
#2948 = VECTOR ( 'NONE', #1173, 1000.000000000000000 ) ;
#2949 = ADVANCED_FACE ( 'NONE', ( #1735 ), #260, .T. ) ;
#2950 = CARTESIAN_POINT ( 'NONE',  ( 75.55343627929690342, 107.7866973877009968, 14.96409320829829959 ) ) ;
#2951 = VERTEX_POINT ( 'NONE', #2953 ) ;
#2952 = DIRECTION ( 'NONE',  ( -1.000000000000000000, 0.000000000000000000, 0.000000000000000000 ) ) ;
#2953 = CARTESIAN_POINT ( 'NONE',  ( 117.7227911376949976, 103.0119571686189914, 22.70369815819989867 ) ) ;
#2954 = VECTOR ( 'NONE', #2048, 1000.000000000000114 ) ;
#2955 = ADVANCED_FACE ( 'NONE', ( #2400 ), #577, .T. ) ;
#2956 = LINE ( 'NONE', #247, #2070 ) ;
#2957 = LINE ( 'NONE', #838, #1125 ) ;
#2958 = ORIENTED_EDGE ( 'NONE', *, *, #3825, .F. ) ;
#2959 = AXIS2_PLACEMENT_3D ( 'NONE', #2332, #2647, #2610 ) ;
#2960 = COORDINATED_UNIVERSAL_TIME_OFFSET ( 3, 0, .AHEAD. ) ;
#2961 = CARTESIAN_POINT ( 'NONE',  ( 74.51279113769530227, 107.0923862457719906, 20.37159252163889889 ) ) ;
#2962 = EDGE_CURVE ( 'NONE', #518, #569, #2675, .T. ) ;
#2963 = EDGE_LOOP ( 'NONE', ( #1186, #2513, #418, #2396 ) ) ;
#2964 = CARTESIAN_POINT ( 'NONE',  ( 80.05343627929690342, 101.7866973876950141, 1.464101791381839934 ) ) ;
#2965 = CARTESIAN_POINT ( 'NONE',  ( 110.8843527221680034, 101.7866973876950141, 2.049888610839839753 ) ) ;
#2966 = CARTESIAN_POINT ( 'NONE',  ( 117.7227911376949976, 105.4820880890380010, 22.20573520655729993 ) ) ;
#2967 = ORIENTED_EDGE ( 'NONE', *, *, #3806, .T. ) ;
#2968 = DIRECTION ( 'NONE',  ( -0.4999999809210191049, 0.000000000000000000, 0.8660254147996930829 ) ) ;
#2969 = DIRECTION ( 'NONE',  ( -0.5000000000000011102, 0.000000000000000000, -0.8660254037844380415 ) ) ;
#2970 = AXIS2_PLACEMENT_3D ( 'NONE', #1934, #1344, #776 ) ;
#2971 = CARTESIAN_POINT ( 'NONE',  ( 74.51279113769530227, 104.3597812653059975, 22.91554927820239840 ) ) ;
#2972 = DIRECTION ( 'NONE',  ( 0.000000000000000000, 0.000000000000000000, -1.000000000000000000 ) ) ;
#2973 = EDGE_LOOP ( 'NONE', ( #2423, #1680, #2307, #600 ) ) ;
#2974 = EDGE_CURVE ( 'NONE', #2163, #3491, #244, .T. ) ;
#2975 = CALENDAR_DATE ( 2026, 9, 9 ) ;
#2976 = ADVANCED_FACE ( 'NONE', ( #1701 ), #1718, .T. ) ;
#2977 = DIRECTION ( 'NONE',  ( 1.000000000000000000, 0.000000000000000000, -8.221971022449719021E-17 ) ) ;
#2978 = ORIENTED_EDGE ( 'NONE', *, *, #988, .T. ) ;
#2979 = ORIENTED_EDGE ( 'NONE', *, *, #1496, .F. ) ;
#2980 = DIRECTION ( 'NONE',  ( 0.4999999809210205481, 0.000000000000000000, -0.8660254147996923058 ) ) ;
#2981 = CARTESIAN_POINT ( 'NONE',  ( 79.53579711914061079, 101.7866973876950141, 5.395953178405759942 ) ) ;
#2982 = EDGE_CURVE ( 'NONE', #798, #1641, #3645, .T. ) ;
#2983 = EDGE_CURVE ( 'NONE', #2088, #2687, #61, .T. ) ;
#2984 = DIRECTION ( 'NONE',  ( 1.000000000000000000, 0.000000000000000000, 0.000000000000000000 ) ) ;
#2985 = ORIENTED_EDGE ( 'NONE', *, *, #3879, .T. ) ;
#2986 = VERTEX_POINT ( 'NONE', #3366 ) ;
#2987 = DIRECTION ( 'NONE',  ( -1.000000000000000000, 0.000000000000000000, 0.000000000000000000 ) ) ;
#2988 = CARTESIAN_POINT ( 'NONE',  ( 111.2985601806639977, 109.7866973876949999, 5.196151733398440165 ) ) ;
#2989 = EDGE_CURVE ( 'NONE', #3585, #789, #3383, .T. ) ;
#2990 = DIRECTION ( 'NONE',  ( 0.000000000000000000, -0.6087572864675002693, -0.7933565189577292953 ) ) ;
#2991 = FACE_OUTER_BOUND ( 'NONE', #1392, .T. ) ;
#2992 = DIRECTION ( 'NONE',  ( 0.000000000000000000, 1.000000000000000000, 0.000000000000000000 ) ) ;
#2993 = ORIENTED_EDGE ( 'NONE', *, *, #2079, .T. ) ;
#2994 = APPROVAL_DATE_TIME ( #3537, #3586 ) ;
#2995 = EDGE_CURVE ( 'NONE', #490, #3532, #672, .T. ) ;
#2996 = LINE ( 'NONE', #1766, #4 ) ;
#2997 = ORIENTED_EDGE ( 'NONE', *, *, #2039, .F. ) ;
#2998 = ORIENTED_EDGE ( 'NONE', *, *, #1711, .T. ) ;
#2999 = AXIS2_PLACEMENT_3D ( 'NONE', #1479, #1135, #3609 ) ;
#3000 = DIRECTION ( 'NONE',  ( 0.000000000000000000, -0.7933529235767839971, -0.6087619720811819901 ) ) ;
#3001 = DIRECTION ( 'NONE',  ( -1.000000000000000000, 0.000000000000000000, 0.000000000000000000 ) ) ;
#3002 = VECTOR ( 'NONE', #3, 1000.000000000000000 ) ;
#3003 = LINE ( 'NONE', #2744, #1308 ) ;
#3004 = ORIENTED_EDGE ( 'NONE', *, *, #2800, .F. ) ;
#3005 = CARTESIAN_POINT ( 'NONE',  ( 74.51279113769530227, 100.5210742950440022, 18.00437259668209933 ) ) ;
#3006 = VECTOR ( 'NONE', #1195, 1000.000000000000000 ) ;
#3007 = DIRECTION ( 'NONE',  ( 0.6087657977601910186, 0.000000000000000000, 0.7933499880112170333 ) ) ;
#3008 = ORIENTED_EDGE ( 'NONE', *, *, #3535, .F. ) ;
#3009 = LINE ( 'NONE', #2156, #1907 ) ;
#3010 = CARTESIAN_POINT ( 'NONE',  ( 113.9757627126598578, 99.20369191267897691, 6.369101703259659075 ) ) ;
#3011 = ADVANCED_FACE ( 'NONE', ( #1263 ), #3681, .T. ) ;
#3012 = PLANE ( 'NONE',  #2750 ) ;
#3013 = ORIENTED_EDGE ( 'NONE', *, *, #2607, .F. ) ;
#3014 = VECTOR ( 'NONE', #2325, 1000.000000000000227 ) ;
#3015 = FACE_OUTER_BOUND ( 'NONE', #3648, .T. ) ;
#3016 = PRODUCT_DEFINITION_FORMATION_WITH_SPECIFIED_SOURCE ( 'ANY', '', #2137, .NOT_KNOWN. ) ;
#3017 = VECTOR ( 'NONE', #1527, 1000.000000000000114 ) ;
#3018 = ORIENTED_EDGE ( 'NONE', *, *, #3093, .F. ) ;
#3019 = VERTEX_POINT ( 'NONE', #910 ) ;
#3020 = ORIENTED_EDGE ( 'NONE', *, *, #2021, .T. ) ;
#3021 = LINE ( 'NONE', #902, #868 ) ;
#3022 = CARTESIAN_POINT ( 'NONE',  ( 75.55343627929690342, 108.1757812500000000, 8.920721054077150214 ) ) ;
#3023 = EDGE_CURVE ( 'NONE', #1770, #794, #965, .T. ) ;
#3024 = CARTESIAN_POINT ( 'NONE',  ( 74.51279113769530227, 102.1145420074760040, 21.66047573083089972 ) ) ;
#3025 = ORIENTED_EDGE ( 'NONE', *, *, #3913, .F. ) ;
#3026 = ORIENTED_EDGE ( 'NONE', *, *, #2592, .T. ) ;
#3027 = LINE ( 'NONE', #3626, #1011 ) ;
#3028 = DIRECTION ( 'NONE',  ( -0.6087566003318569674, 0.000000000000000000, 0.7933570454419622830 ) ) ;
#3029 = VECTOR ( 'NONE', #3555, 1000.000000000000227 ) ;
#3030 = CARTESIAN_POINT ( 'NONE',  ( 114.2985601806640119, 110.4185193369179956, 6.928203582763780233 ) ) ;
#3031 = CARTESIAN_POINT ( 'NONE',  ( 116.7985601806640119, 112.7866973876949999, 13.46409320831300072 ) ) ;
#3032 = CARTESIAN_POINT ( 'NONE',  ( 84.55343627929690342, 107.7866973876949999, 14.96409320831480017 ) ) ;
#3033 = ORIENTED_EDGE ( 'NONE', *, *, #959, .F. ) ;
#3034 = VECTOR ( 'NONE', #354, 1000.000000000000000 ) ;
#3035 = EDGE_CURVE ( 'NONE', #415, #2713, #1877, .T. ) ;
#3036 = DIRECTION ( 'NONE',  ( -0.6328635146004260026, 0.000000000000000000, -0.7742633737221440438 ) ) ;
#3037 = ORIENTED_EDGE ( 'NONE', *, *, #3509, .T. ) ;
#3038 = ORIENTED_EDGE ( 'NONE', *, *, #3808, .F. ) ;
#3039 = VERTEX_POINT ( 'NONE', #3627 ) ;
#3040 = ORIENTED_EDGE ( 'NONE', *, *, #3066, .T. ) ;
#3041 = DIRECTION ( 'NONE',  ( 0.000000000000000000, -1.000000000000000000, 0.000000000000000000 ) ) ;
#3042 = CARTESIAN_POINT ( 'NONE',  ( 113.9757627126598578, 112.7866973876950141, 6.369101703259630654 ) ) ;
#3043 = LINE ( 'NONE', #401, #299 ) ;
#3044 = ORIENTED_EDGE ( 'NONE', *, *, #2477, .F. ) ;
#3045 = ADVANCED_FACE ( 'NONE', ( #1552 ), #26, .F. ) ;
#3046 = EDGE_LOOP ( 'NONE', ( #1510, #3020, #2020, #1884 ) ) ;
#3047 = CARTESIAN_POINT ( 'NONE',  ( 117.7227911376949976, 110.5361061096449902, 14.96409320833000045 ) ) ;
#3048 = CARTESIAN_POINT ( 'NONE',  ( 80.57107543945309658, 101.7866973876950141, 1.532249450683589975 ) ) ;
#3049 = CARTESIAN_POINT ( 'NONE',  ( 107.7985601806639977, 107.7866973876909924, 14.96409320829829959 ) ) ;
#3050 = ORIENTED_EDGE ( 'NONE', *, *, #2030, .F. ) ;
#3051 = CARTESIAN_POINT ( 'NONE',  ( 78.05343627929690342, 109.7866973876949999, 3.464101791381839934 ) ) ;
#3052 = CARTESIAN_POINT ( 'NONE',  ( 110.5665121459960005, 101.7866973876950141, 2.464101791381839934 ) ) ;
#3053 = VERTEX_POINT ( 'NONE', #9 ) ;
#3054 = LINE ( 'NONE', #1234, #1389 ) ;
#3055 = ORIENTED_EDGE ( 'NONE', *, *, #285, .T. ) ;
#3056 = EDGE_LOOP ( 'NONE', ( #3151, #193, #2570, #2476, #846, #3277, #307, #125, #1627, #2735, #2293, #2809, #3747, #3025, #1133, #1938, #3090, #3183, #1670 ) ) ;
#3057 = ORIENTED_EDGE ( 'NONE', *, *, #2617, .F. ) ;
#3058 = CARTESIAN_POINT ( 'NONE',  ( 107.7985601806639977, 110.5573577880859943, 10.79572105407710048 ) ) ;
#3059 = EDGE_CURVE ( 'NONE', #1846, #360, #1798, .T. ) ;
#3060 = LINE ( 'NONE', #1223, #2371 ) ;
#3061 = VECTOR ( 'NONE', #1167, 1000.000000000000000 ) ;
#3062 = VERTEX_POINT ( 'NONE', #2454 ) ;
#3063 = CARTESIAN_POINT ( 'NONE',  ( 112.2985601806639977, 101.7866973876950141, 5.464101791381840378 ) ) ;
#3064 = DIRECTION ( 'NONE',  ( -1.000000000000000000, 0.000000000000000000, 0.000000000000000000 ) ) ;
#3065 = VECTOR ( 'NONE', #2269, 1000.000000000000000 ) ;
#3066 = EDGE_CURVE ( 'NONE', #3674, #2624, #635, .T. ) ;
#3067 = CARTESIAN_POINT ( 'NONE',  ( 74.51279113769530227, 103.6627063751670050, 22.99018573754839778 ) ) ;
#3068 = VECTOR ( 'NONE', #2847, 1000.000000000000000 ) ;
#3069 = DIRECTION ( 'NONE',  ( 1.000000000000000000, -3.288788408979890074E-16, -1.233295653367459887E-16 ) ) ;
#3070 = DIRECTION ( 'NONE',  ( -0.3826851378009850091, 0.000000000000000000, -0.9238788260947650155 ) ) ;
#3071 = EDGE_LOOP ( 'NONE', ( #1032, #3461, #977, #627 ) ) ;
#3072 = EDGE_CURVE ( 'NONE', #1144, #2673, #1500, .T. ) ;
#3073 = EDGE_CURVE ( 'NONE', #3772, #1144, #2094, .T. ) ;
#3074 = CARTESIAN_POINT ( 'NONE',  ( 110.3667135620120092, 101.7866973876950141, 2.946463584899900123 ) ) ;
#3075 = ORIENTED_EDGE ( 'NONE', *, *, #1995, .F. ) ;
#3076 = AXIS2_PLACEMENT_3D ( 'NONE', #3058, #3000, #1524 ) ;
#3077 = AXIS2_PLACEMENT_3D ( 'NONE', #2337, #1147, #2892 ) ;
#3078 = VERTEX_POINT ( 'NONE', #2715 ) ;
#3079 = VECTOR ( 'NONE', #2858, 1000.000000000000000 ) ;
#3080 = LINE ( 'NONE', #2524, #3395 ) ;
#3081 = DIRECTION ( 'NONE',  ( -0.5000000000000021094, 0.000000000000000000, -0.8660254037844374864 ) ) ;
#3082 = VECTOR ( 'NONE', #1287, 1000.000000000000114 ) ;
#3083 = EDGE_CURVE ( 'NONE', #840, #40, #1570, .T. ) ;
#3084 = ORIENTED_EDGE ( 'NONE', *, *, #1594, .F. ) ;
#3085 = DIRECTION ( 'NONE',  ( -0.1305212769253639993, 0.000000000000000000, 0.9914455084722370026 ) ) ;
#3086 = DIRECTION ( 'NONE',  ( -0.6087657977601977910, 0.000000000000000000, 0.7933499880112117042 ) ) ;
#3087 = CARTESIAN_POINT ( 'NONE',  ( 75.55343627929690342, 110.5573544486990016, 10.79571912687470103 ) ) ;
#3088 = FACE_OUTER_BOUND ( 'NONE', #3353, .T. ) ;
#3089 = LINE ( 'NONE', #1230, #2633 ) ;
#3090 = ORIENTED_EDGE ( 'NONE', *, *, #3482, .F. ) ;
#3091 = VECTOR ( 'NONE', #2442, 1000.000000000000114 ) ;
#3092 = LINE ( 'NONE', #343, #2145 ) ;
#3093 = EDGE_CURVE ( 'NONE', #559, #2433, #2785, .T. ) ;
#3094 = ORIENTED_EDGE ( 'NONE', *, *, #1003, .T. ) ;
#3095 = EDGE_CURVE ( 'NONE', #678, #1282, #1857, .T. ) ;
#3096 = EDGE_LOOP ( 'NONE', ( #275, #2993, #2708, #1534 ) ) ;
#3097 = DIRECTION ( 'NONE',  ( 0.000000000000000000, -1.000000000000000000, 0.000000000000000000 ) ) ;
#3098 = DIRECTION ( 'NONE',  ( -6.661338147750940252E-13, -1.000000000000000000, 0.000000000000000000 ) ) ;
#3099 = ORIENTED_EDGE ( 'NONE', *, *, #1723, .F. ) ;
#3100 = LINE ( 'NONE', #3786, #2573 ) ;
#3101 = DIRECTION ( 'NONE',  ( 0.000000000000000000, -0.3082000389509638727, -0.9513215733865306722 ) ) ;
#3102 = ADVANCED_FACE ( 'NONE', ( #2115 ), #356, .T. ) ;
#3103 = CARTESIAN_POINT ( 'NONE',  ( 74.51279113769530227, 99.53611373896720238, 14.96409320826940181 ) ) ;
#3104 = LINE ( 'NONE', #1077, #1264 ) ;
#3105 = CARTESIAN_POINT ( 'NONE',  ( 113.9757627126598578, 109.7866973876949999, 6.369101703259636871 ) ) ;
#3106 = EDGE_LOOP ( 'NONE', ( #3559, #2967, #956, #1581 ) ) ;
#3107 = EDGE_CURVE ( 'NONE', #1977, #3419, #893, .T. ) ;
#3108 = VECTOR ( 'NONE', #2378, 1000.000000000000000 ) ;
#3109 = CARTESIAN_POINT ( 'NONE',  ( 110.2985601806639977, 110.4185193369179956, 6.928203582763670987 ) ) ;
#3110 = DIRECTION ( 'NONE',  ( 0.000000000000000000, -1.000000000000000000, 2.110926372141859940E-15 ) ) ;
#3111 = EDGE_LOOP ( 'NONE', ( #1755, #385, #3513, #2630 ) ) ;
#3112 = DIRECTION ( 'NONE',  ( 0.000000000000000000, 1.000000000000000000, 5.551115123125790591E-16 ) ) ;
#3113 = EDGE_CURVE ( 'NONE', #2951, #2726, #2890, .T. ) ;
#3114 = DIRECTION ( 'NONE',  ( 0.7933539883817103400, 0.000000000000000000, 0.6087605843998386002 ) ) ;
#3115 = ORIENTED_EDGE ( 'NONE', *, *, #3035, .F. ) ;
#3116 = DIRECTION ( 'NONE',  ( 0.6087657977601910186, 0.000000000000000000, 0.7933499880112170333 ) ) ;
#3117 = CARTESIAN_POINT ( 'NONE',  ( 74.51279113769530227, 107.9337940216470031, 19.17189693449130061 ) ) ;
#3118 = EDGE_CURVE ( 'NONE', #3656, #3369, #138, .T. ) ;
#3119 = ORIENTED_EDGE ( 'NONE', *, *, #1138, .F. ) ;
#3120 = CARTESIAN_POINT ( 'NONE',  ( 113.2985601806639977, 101.7866973876950141, 1.732050895690919967 ) ) ;
#3121 = CARTESIAN_POINT ( 'NONE',  ( 107.7985601806639977, 112.7866973876949999, 13.46409320831300072 ) ) ;
#3122 = CARTESIAN_POINT ( 'NONE',  ( 81.98529052734369316, 109.7866973876949999, 3.981739997863770419 ) ) ;
#3123 = ORIENTED_EDGE ( 'NONE', *, *, #3262, .T. ) ;
#3124 = CARTESIAN_POINT ( 'NONE',  ( 78.32138824462889204, 109.7866973876949999, 4.464101791381840378 ) ) ;
#3125 = VERTEX_POINT ( 'NONE', #3121 ) ;
#3126 = VECTOR ( 'NONE', #165, 1000.000000000000000 ) ;
#3127 = DIRECTION ( 'NONE',  ( -0.6087657977601881321, 2.721830677425770329E-14, -0.7933499880112192537 ) ) ;
#3128 = ORIENTED_EDGE ( 'NONE', *, *, #199, .F. ) ;
#3129 = CARTESIAN_POINT ( 'NONE',  ( 110.3667135620120092, 101.7866973876950141, 2.946463584899889909 ) ) ;
#3130 = ADVANCED_FACE ( 'NONE', ( #1649 ), #732, .T. ) ;
#3131 = CARTESIAN_POINT ( 'NONE',  ( 110.2985601806639977, 110.4185193369179956, 6.928203582763670987 ) ) ;
#3132 = EDGE_LOOP ( 'NONE', ( #455, #89, #2041, #2319 ) ) ;
#3133 = ADVANCED_FACE ( 'NONE', ( #1361 ), #451, .T. ) ;
#3134 = VECTOR ( 'NONE', #1591, 1000.000000000000114 ) ;
#3135 = CARTESIAN_POINT ( 'NONE',  ( 74.51279113769530227, 100.5210742950440022, 18.00437259668209933 ) ) ;
#3136 = CARTESIAN_POINT ( 'NONE',  ( 107.7985601806639977, 107.4866973877000049, 14.96409320831320144 ) ) ;
#3137 = EDGE_LOOP ( 'NONE', ( #2560, #3359, #514, #706, #2912, #31, #2133, #1975, #242 ) ) ;
#3138 = CARTESIAN_POINT ( 'NONE',  ( 113.2985601806639977, 101.7866973876950141, 1.732050895690919967 ) ) ;
#3139 = FACE_OUTER_BOUND ( 'NONE', #1652, .T. ) ;
#3140 = VECTOR ( 'NONE', #3771, 1000.000000000000000 ) ;
#3141 = ORIENTED_EDGE ( 'NONE', *, *, #1338, .F. ) ;
#3142 = DIRECTION ( 'NONE',  ( 0.1305246315045859584, 0.000000000000000000, 0.9914450668446498360 ) ) ;
#3143 = VECTOR ( 'NONE', #2835, 1000.000000000000000 ) ;
#3144 = ADVANCED_FACE ( 'NONE', ( #3424, #2848 ), #1386, .F. ) ;
#3145 = DIRECTION ( 'NONE',  ( 1.000000000000000000, -0.000000000000000000, 4.440892098500630106E-16 ) ) ;
#3146 = LINE ( 'NONE', #1632, #363 ) ;
#3147 = ORIENTED_EDGE ( 'NONE', *, *, #2550, .T. ) ;
#3148 = FACE_OUTER_BOUND ( 'NONE', #71, .T. ) ;
#3149 = ORIENTED_EDGE ( 'NONE', *, *, #3487, .T. ) ;
#3150 = CARTESIAN_POINT ( 'NONE',  ( 112.8161993408200061, 101.7866973876950141, 1.532249450683589975 ) ) ;
#3151 = ORIENTED_EDGE ( 'NONE', *, *, #1826, .F. ) ;
#3152 = DIRECTION ( 'NONE',  ( 0.000000000000000000, 1.000000000000000000, 0.000000000000000000 ) ) ;
#3153 = LINE ( 'NONE', #1941, #3140 ) ;
#3154 = ORIENTED_EDGE ( 'NONE', *, *, #3646, .F. ) ;
#3155 = EDGE_CURVE ( 'NONE', #236, #1977, #1341, .T. ) ;
#3156 = CARTESIAN_POINT ( 'NONE',  ( 114.2985601806640119, 109.7866973876949999, 3.464101791381839934 ) ) ;
#3157 = ORIENTED_EDGE ( 'NONE', *, *, #3066, .F. ) ;
#3158 = CARTESIAN_POINT ( 'NONE',  ( 110.2985601806640119, 109.7866973876949999, 6.928203582763699409 ) ) ;
#3159 = DIRECTION ( 'NONE',  ( 1.000000000000000000, 0.000000000000000000, 0.000000000000000000 ) ) ;
#3160 = AXIS2_PLACEMENT_3D ( 'NONE', #1407, #1166, #2952 ) ;
#3161 = ORIENTED_EDGE ( 'NONE', *, *, #1070, .T. ) ;
#3162 = PLANE ( 'NONE',  #3702 ) ;
#3163 = DIRECTION ( 'NONE',  ( 0.000000000000000000, -1.000000000000000000, 0.000000000000000000 ) ) ;
#3164 = EDGE_CURVE ( 'NONE', #3326, #327, #1301, .T. ) ;
#3165 = LINE ( 'NONE', #2192, #1616 ) ;
#3166 = EDGE_LOOP ( 'NONE', ( #1306, #3200, #1244, #925, #383, #1544, #2095, #1604, #3037, #3325, #1997, #1476, #911, #2929, #245, #1216, #1083, #3600, #3669, #190, #1579, #1311, #1096, #502 ) ) ;
#3167 = LINE ( 'NONE', #3427, #2022 ) ;
#3168 = VERTEX_POINT ( 'NONE', #3788 ) ;
#3169 = CARTESIAN_POINT ( 'NONE',  ( 84.55343627929690342, 112.7866973876949999, 0.000000000000000000 ) ) ;
#3170 = EDGE_LOOP ( 'NONE', ( #335, #3637, #3364, #1683 ) ) ;
#3171 = CARTESIAN_POINT ( 'NONE',  ( 75.55343627929690342, 107.7866973876949999, 13.46409320831300072 ) ) ;
#3172 = DIRECTION ( 'NONE',  ( 1.084202172485503645E-15, 2.110926372141859940E-15, 1.000000000000000000 ) ) ;
#3173 = ORIENTED_EDGE ( 'NONE', *, *, #3267, .F. ) ;
#3174 = DIRECTION ( 'NONE',  ( 1.000000000000000000, 0.000000000000000000, 0.000000000000000000 ) ) ;
#3175 = CARTESIAN_POINT ( 'NONE',  ( 78.05343627929688921, 99.20369191267897691, 6.928203582763671875 ) ) ;
#3176 = ORIENTED_EDGE ( 'NONE', *, *, #815, .F. ) ;
#3177 = DIRECTION ( 'NONE',  ( 0.000000000000000000, -0.7933529235767839971, -0.6087619720811819901 ) ) ;
#3178 = EDGE_CURVE ( 'NONE', #1313, #537, #2190, .T. ) ;
#3179 = ORIENTED_EDGE ( 'NONE', *, *, #2296, .T. ) ;
#3180 = LINE ( 'NONE', #3201, #549 ) ;
#3181 = CARTESIAN_POINT ( 'NONE',  ( 64.05588104562446006, 112.7866973876949999, 36.98268016486991883 ) ) ;
#3182 = CARTESIAN_POINT ( 'NONE',  ( 116.7985601806640119, 101.7866973876950141, 14.96409320829829959 ) ) ;
#3183 = ORIENTED_EDGE ( 'NONE', *, *, #1328, .F. ) ;
#3184 = CARTESIAN_POINT ( 'NONE',  ( 78.63922119140620737, 101.7866973876950141, 4.878314971923810361 ) ) ;
#3185 = EDGE_LOOP ( 'NONE', ( #939, #412, #2639, #2305 ) ) ;
#3186 = DIRECTION ( 'NONE',  ( 0.000000000000000000, 1.000000000000000000, -2.110926372141859940E-15 ) ) ;
#3187 = VERTEX_POINT ( 'NONE', #1912 ) ;
#3188 = ADVANCED_FACE ( 'NONE', ( #3484 ), #2549, .T. ) ;
#3189 = PLANE ( 'NONE',  #745 ) ;
#3190 = VECTOR ( 'NONE', #2969, 1000.000000000000114 ) ;
#3191 = DIRECTION ( 'NONE',  ( 0.3826922874341581182, 0.000000000000000000, -0.9238758645718653240 ) ) ;
#3192 = EDGE_LOOP ( 'NONE', ( #166, #3706, #950, #2872, #1437, #2757, #136, #1108, #3147, #588, #915, #2738, #686, #3376, #2917, #1270, #715, #1157, #1491 ) ) ;
#3193 = EDGE_CURVE ( 'NONE', #332, #2284, #1607, .T. ) ;
#3194 = CARTESIAN_POINT ( 'NONE',  ( 110.8843527221680034, 109.7866973876949999, 4.878314971923830790 ) ) ;
#3195 = VECTOR ( 'NONE', #2763, 1000.000000000000000 ) ;
#3196 = CARTESIAN_POINT ( 'NONE',  ( 116.7985601806640119, 110.5573544486990016, 10.79571912687470103 ) ) ;
#3197 = AXIS2_PLACEMENT_3D ( 'NONE', #3502, #1438, #1751 ) ;
#3198 = DIRECTION ( 'NONE',  ( -0.3826922874341520120, -2.721829519406319752E-14, -0.9238758645718678775 ) ) ;
#3199 = CARTESIAN_POINT ( 'NONE',  ( 78.12158203125000000, 109.7866973876949999, 2.946463584899900123 ) ) ;
#3200 = ORIENTED_EDGE ( 'NONE', *, *, #839, .T. ) ;
#3201 = CARTESIAN_POINT ( 'NONE',  ( 74.51279113769530227, 101.5590763092249915, 20.63125324242870207 ) ) ;
#3202 = CARTESIAN_POINT ( 'NONE',  ( 74.51279113769530227, 104.0056629181370056, 22.99634838098310041 ) ) ;
#3203 = EDGE_CURVE ( 'NONE', #3585, #3859, #1073, .T. ) ;
#3204 = AXIS2_PLACEMENT_3D ( 'NONE', #370, #980, #2185 ) ;
#3205 = FACE_OUTER_BOUND ( 'NONE', #3192, .T. ) ;
#3206 = ORIENTED_EDGE ( 'NONE', *, *, #459, .F. ) ;
#3207 = VECTOR ( 'NONE', #705, 1000.000000000000000 ) ;
#3208 = DIRECTION ( 'NONE',  ( 0.000000000000000000, 0.000000000000000000, -1.000000000000000000 ) ) ;
#3209 = CARTESIAN_POINT ( 'NONE',  ( 74.51279113769530227, 101.0301303863630125, 19.39532756799249924 ) ) ;
#3210 = ORIENTED_EDGE ( 'NONE', *, *, #3864, .F. ) ;
#3211 = FACE_OUTER_BOUND ( 'NONE', #1410, .T. ) ;
#3212 = CARTESIAN_POINT ( 'NONE',  ( 91.28228351354860592, 103.4866973876950027, 10.96409320826390044 ) ) ;
#3213 = ORIENTED_EDGE ( 'NONE', *, *, #1039, .T. ) ;
#3214 = PERSON_AND_ORGANIZATION_ROLE ( 'classification_officer' ) ;
#3215 = ORIENTED_EDGE ( 'NONE', *, *, #2291, .F. ) ;
#3216 = EDGE_CURVE ( 'NONE', #2687, #3187, #1588, .T. ) ;
#3217 = DIRECTION ( 'NONE',  ( -1.000000000000000000, 0.000000000000000000, 0.000000000000000000 ) ) ;
#3218 = DIRECTION ( 'NONE',  ( 1.000000000000000000, 0.000000000000000000, 0.000000000000000000 ) ) ;
#3219 = DIRECTION ( 'NONE',  ( -1.000000000000000000, 0.000000000000000000, 0.000000000000000000 ) ) ;
#3220 = VECTOR ( 'NONE', #2940, 1000.000000000000000 ) ;
#3221 = ORIENTED_EDGE ( 'NONE', *, *, #1690, .F. ) ;
#3222 = DIRECTION ( 'NONE',  ( 0.000000000000000000, -1.000000000000000000, 0.000000000000000000 ) ) ;
#3223 = CARTESIAN_POINT ( 'NONE',  ( 74.51279113769530227, 106.2732944488989943, 21.39736461635600051 ) ) ;
#3224 = AXIS2_PLACEMENT_3D ( 'NONE', #1839, #2170, #3307 ) ;
#3225 = EDGE_CURVE ( 'NONE', #235, #3477, #118, .T. ) ;
#3226 = CARTESIAN_POINT ( 'NONE',  ( 74.51279113769530227, 103.6627063751670050, 22.99018573754839778 ) ) ;
#3227 = ORIENTED_EDGE ( 'NONE', *, *, #682, .F. ) ;
#3228 = PLANE ( 'NONE',  #2279 ) ;
#3229 = DIRECTION ( 'NONE',  ( 0.000000000000000000, 1.000000000000000000, -2.110926372141859940E-15 ) ) ;
#3230 = EDGE_LOOP ( 'NONE', ( #3606, #1799, #3033, #140 ) ) ;
#3231 = CARTESIAN_POINT ( 'NONE',  ( 74.51279113769530227, 110.5361061096449902, 14.96409320833000045 ) ) ;
#3232 = CARTESIAN_POINT ( 'NONE',  ( 79.53579711914061079, 109.7866973876949999, 1.532249450683589975 ) ) ;
#3233 = EDGE_CURVE ( 'NONE', #3053, #537, #1971, .T. ) ;
#3234 = VERTEX_POINT ( 'NONE', #3699 ) ;
#3235 = DIRECTION ( 'NONE',  ( 0.000000000000000000, 1.000000000000000000, 1.614869854000229959E-16 ) ) ;
#3236 = DIRECTION ( 'NONE',  ( 0.000000000000000000, 1.000000000000000000, 0.000000000000000000 ) ) ;
#3237 = EDGE_CURVE ( 'NONE', #309, #3813, #984, .T. ) ;
#3238 = ORIENTED_EDGE ( 'NONE', *, *, #839, .F. ) ;
#3239 = PLANE ( 'NONE',  #3780 ) ;
#3240 = LINE ( 'NONE', #2981, #2495 ) ;
#3241 = EDGE_CURVE ( 'NONE', #3866, #863, #3718, .T. ) ;
#3242 = ADVANCED_FACE ( 'NONE', ( #391 ), #2803, .T. ) ;
#3243 = CARTESIAN_POINT ( 'NONE',  ( 84.55343627929690342, 112.7866973876949999, 4.440892098500630106E-16 ) ) ;
#3244 = ORIENTED_EDGE ( 'NONE', *, *, #326, .T. ) ;
#3245 = LINE ( 'NONE', #531, #3545 ) ;
#3246 = DIRECTION ( 'NONE',  ( 0.3826798146995762928, 0.000000000000000000, -0.9238810309891084538 ) ) ;
#3247 = EDGE_LOOP ( 'NONE', ( #1796, #2367, #3767, #3686 ) ) ;
#3248 = CARTESIAN_POINT ( 'NONE',  ( 110.2985601806639977, 101.7866973876950141, 3.464101791381839934 ) ) ;
#3249 = ORIENTED_EDGE ( 'NONE', *, *, #2724, .F. ) ;
#3250 = EDGE_CURVE ( 'NONE', #1933, #1187, #1146, .T. ) ;
#3251 = LINE ( 'NONE', #2406, #3029 ) ;
#3252 = VECTOR ( 'NONE', #3868, 1000.000000000000000 ) ;
#3253 = CARTESIAN_POINT ( 'NONE',  ( 117.7227911376949976, 106.2732944488989943, 21.39736461635580156 ) ) ;
#3254 = AXIS2_PLACEMENT_3D ( 'NONE', #1485, #1105, #1691 ) ;
#3255 = VERTEX_POINT ( 'NONE', #3882 ) ;
#3256 = ORIENTED_EDGE ( 'NONE', *, *, #582, .T. ) ;
#3257 = CARTESIAN_POINT ( 'NONE',  ( 117.7227911376949976, 101.0301303863630125, 19.39532756799249924 ) ) ;
#3258 = CARTESIAN_POINT ( 'NONE',  ( 80.05343627929690342, 101.7866973876950141, 5.464101791381840378 ) ) ;
#3259 = AXIS2_PLACEMENT_3D ( 'NONE', #1520, #3070, #971 ) ;
#3260 = DIRECTION ( 'NONE',  ( -1.000000000000000000, 0.000000000000000000, 0.000000000000000000 ) ) ;
#3261 = ORIENTED_EDGE ( 'NONE', *, *, #1268, .F. ) ;
#3262 = EDGE_CURVE ( 'NONE', #775, #1425, #2353, .T. ) ;
#3263 =( BOUNDED_CURVE ( )  B_SPLINE_CURVE ( 3, ( #2209, #2249, #1279, #983 ),
 .UNSPECIFIED., .F., .F. ) 
 B_SPLINE_CURVE_WITH_KNOTS ( ( 4, 4 ),
 ( 0.000000000000000000, 1.000000000000000000 ),
 .UNSPECIFIED. ) 
 CURVE ( )  GEOMETRIC_REPRESENTATION_ITEM ( )  RATIONAL_B_SPLINE_CURVE ( ( 1.000000000000000000, 0.9935900438396130241, 0.9935900438396130241, 1.000000000000000000 ) ) 
 REPRESENTATION_ITEM ( '' )  );
#3264 = ORIENTED_EDGE ( 'NONE', *, *, #1869, .F. ) ;
#3265 = LINE ( 'NONE', #2340, #1453 ) ;
#3266 = CARTESIAN_POINT ( 'NONE',  ( 112.2985601806639977, 109.7866973876949999, 5.464101791381840378 ) ) ;
#3267 = EDGE_CURVE ( 'NONE', #154, #1037, #867, .T. ) ;
#3268 = VECTOR ( 'NONE', #898, 1000.000000000000000 ) ;
#3269 = AXIS2_PLACEMENT_3D ( 'NONE', #3122, #3761, #1302 ) ;
#3270 = FACE_OUTER_BOUND ( 'NONE', #726, .T. ) ;
#3271 = VECTOR ( 'NONE', #683, 1000.000000000000000 ) ;
#3272 = CARTESIAN_POINT ( 'NONE',  ( 84.05343627929690342, 112.7866973876949999, 3.464101791381839934 ) ) ;
#3273 = ORIENTED_EDGE ( 'NONE', *, *, #1621, .T. ) ;
#3274 = VECTOR ( 'NONE', #3500, 1000.000000000000000 ) ;
#3275 = CARTESIAN_POINT ( 'NONE',  ( 110.8843527221680034, 101.7866973876950141, 4.878314971923850329 ) ) ;
#3276 = ORIENTED_EDGE ( 'NONE', *, *, #1159, .F. ) ;
#3277 = ORIENTED_EDGE ( 'NONE', *, *, #3375, .F. ) ;
#3278 = EDGE_CURVE ( 'NONE', #235, #1848, #1714, .T. ) ;
#3279 = EDGE_LOOP ( 'NONE', ( #886, #3553, #2220, #367 ) ) ;
#3280 = ORIENTED_EDGE ( 'NONE', *, *, #3436, .F. ) ;
#3281 = DIRECTION ( 'NONE',  ( 0.3826851378009850091, 0.000000000000000000, -0.9238788260947650155 ) ) ;
#3282 = CARTESIAN_POINT ( 'NONE',  ( 84.54118347167970171, 101.7866973876950141, 22.99834838098309930 ) ) ;
#3283 = VECTOR ( 'NONE', #1724, 1000.000000000000114 ) ;
#3284 = CARTESIAN_POINT ( 'NONE',  ( 79.05343627929688921, 109.7866973876949999, 5.196151733398440165 ) ) ;
#3285 = EDGE_LOOP ( 'NONE', ( #400, #3210, #3141, #738 ) ) ;
#3286 = CARTESIAN_POINT ( 'NONE',  ( 74.51279113769530227, 104.3597812653059975, 22.91554927820249787 ) ) ;
#3287 = DIRECTION ( 'NONE',  ( 0.000000000000000000, -1.000000000000000000, 0.000000000000000000 ) ) ;
#3288 = VERTEX_POINT ( 'NONE', #238 ) ;
#3289 = EDGE_CURVE ( 'NONE', #3536, #2823, #1439, .T. ) ;
#3290 = VECTOR ( 'NONE', #2421, 1000.000000000000000 ) ;
#3291 = CARTESIAN_POINT ( 'NONE',  ( 112.2985601806639977, 109.7866973876949999, 5.464101791381840378 ) ) ;
#3292 = DIRECTION ( 'NONE',  ( -0.6087566003318530816, 0.000000000000000000, 0.7933570454419652807 ) ) ;
#3293 = CARTESIAN_POINT ( 'NONE',  ( 116.7863073730469949, 101.7866973876950141, 22.99834838098309930 ) ) ;
#3294 = ORIENTED_EDGE ( 'NONE', *, *, #2974, .F. ) ;
#3295 = PERSON_AND_ORGANIZATION_ROLE ( 'design_owner' ) ;
#3296 = ADVANCED_FACE ( 'NONE', ( #572, #1421 ), #3561, .F. ) ;
#3297 = CARTESIAN_POINT ( 'NONE',  ( 74.51279113769530227, 99.53611373896720238, 14.96409320826940181 ) ) ;
#3298 = EDGE_LOOP ( 'NONE', ( #1345, #1012 ) ) ;
#3299 = ORIENTED_EDGE ( 'NONE', *, *, #301, .F. ) ;
#3300 = DIRECTION ( 'NONE',  ( -0.4999999999999999445, 0.000000000000000000, 0.8660254037844387076 ) ) ;
#3301 = PLANE ( 'NONE',  #796 ) ;
#3302 = AXIS2_PLACEMENT_3D ( 'NONE', #2749, #597, #3647 ) ;
#3303 = ADVANCED_FACE ( 'NONE', ( #2033 ), #2073, .F. ) ;
#3304 = CARTESIAN_POINT ( 'NONE',  ( 83.40784134328863786, 112.7866973876949999, 3.464101703259801823 ) ) ;
#3305 = ORIENTED_EDGE ( 'NONE', *, *, #2101, .T. ) ;
#3306 = ORIENTED_EDGE ( 'NONE', *, *, #233, .T. ) ;
#3307 = DIRECTION ( 'NONE',  ( -1.000000000000000000, 0.000000000000000000, 0.000000000000000000 ) ) ;
#3308 = DIRECTION ( 'NONE',  ( -1.000000000000000000, 0.000000000000000000, 0.000000000000000000 ) ) ;
#3309 = ORIENTED_EDGE ( 'NONE', *, *, #1484, .F. ) ;
#3310 = PLANE ( 'NONE',  #2131 ) ;
#3311 = CARTESIAN_POINT ( 'NONE',  ( 84.55343627929690342, 101.7866973876950141, 5.464101791381830608 ) ) ;
#3312 = CARTESIAN_POINT ( 'NONE',  ( 111.2985601806639977, 101.7866973876950141, 1.732050895690949943 ) ) ;
#3313 = ORIENTED_EDGE ( 'NONE', *, *, #2769, .T. ) ;
#3314 = DIRECTION ( 'NONE',  ( -1.000000000000000000, 0.000000000000000000, 0.000000000000000000 ) ) ;
#3315 = ADVANCED_FACE ( 'NONE', ( #3824, #2369 ), #2947, .T. ) ;
#3316 = VERTEX_POINT ( 'NONE', #2295 ) ;
#3317 = EDGE_CURVE ( 'NONE', #327, #2459, #548, .T. ) ;
#3318 = ORIENTED_EDGE ( 'NONE', *, *, #1219, .T. ) ;
#3319 = VECTOR ( 'NONE', #1463, 1000.000000000000114 ) ;
#3320 = ORIENTED_EDGE ( 'NONE', *, *, #765, .F. ) ;
#3321 = CARTESIAN_POINT ( 'NONE',  ( 111.2985601806639977, 109.7866973876949999, 5.196151733398440165 ) ) ;
#3322 = CARTESIAN_POINT ( 'NONE',  ( 74.51279113769530227, 107.9337940216470031, 19.17189693449130061 ) ) ;
#3323 = AXIS2_PLACEMENT_3D ( 'NONE', #3639, #2129, #3081 ) ;
#3324 = LINE ( 'NONE', #1817, #3207 ) ;
#3325 = ORIENTED_EDGE ( 'NONE', *, *, #2004, .T. ) ;
#3326 = VERTEX_POINT ( 'NONE', #2965 ) ;
#3327 = LINE ( 'NONE', #1226, #1703 ) ;
#3328 = CARTESIAN_POINT ( 'NONE',  ( 84.55343627929690342, 107.4866973877000049, 14.96409320831320144 ) ) ;
#3329 = EDGE_CURVE ( 'NONE', #645, #2277, #1457, .T. ) ;
#3330 = EDGE_CURVE ( 'NONE', #1014, #2035, #1803, .T. ) ;
#3331 = PLANE ( 'NONE',  #3302 ) ;
#3332 = LINE ( 'NONE', #29, #3671 ) ;
#3333 = LINE ( 'NONE', #3371, #411 ) ;
#3334 = VERTEX_POINT ( 'NONE', #1695 ) ;
#3335 = VECTOR ( 'NONE', #3069, 1000.000000000000000 ) ;
#3336 = LINE ( 'NONE', #917, #3843 ) ;
#3337 = LOCAL_TIME ( 11, 22, 49.00000000000000000, #3891 ) ;
#3338 = VECTOR ( 'NONE', #1224, 1000.000000000000227 ) ;
#3339 = ORIENTED_EDGE ( 'NONE', *, *, #3411, .F. ) ;
#3340 = EDGE_CURVE ( 'NONE', #1848, #101, #3240, .T. ) ;
#3341 = ORIENTED_EDGE ( 'NONE', *, *, #1888, .F. ) ;
#3342 = CARTESIAN_POINT ( 'NONE',  ( 110.6213576486681518, 112.7866973876949999, 0.5591017032596353742 ) ) ;
#3343 = LINE ( 'NONE', #312, #2811 ) ;
#3344 = LINE ( 'NONE', #3605, #2401 ) ;
#3345 = ORIENTED_EDGE ( 'NONE', *, *, #682, .T. ) ;
#3346 = CARTESIAN_POINT ( 'NONE',  ( 114.0306158447269951, 109.7866973876949999, 2.464101791381839934 ) ) ;
#3347 = CARTESIAN_POINT ( 'NONE',  ( 81.78548431396480112, 109.7866973876949999, 4.464101791381840378 ) ) ;
#3348 = VECTOR ( 'NONE', #505, 1000.000000000000000 ) ;
#3349 = DIRECTION ( 'NONE',  ( 0.000000000000000000, -0.9378915011230796184, -0.3469287133131188638 ) ) ;
#3350 = ORIENTED_EDGE ( 'NONE', *, *, #3901, .F. ) ;
#3351 = CARTESIAN_POINT ( 'NONE',  ( 81.46765136718750000, 109.7866973876949999, 4.878314971923830790 ) ) ;
#3352 = CARTESIAN_POINT ( 'NONE',  ( 116.7985601806640119, 108.1757812500000000, 8.920721054077150214 ) ) ;
#3353 = EDGE_LOOP ( 'NONE', ( #3399, #699, #1924, #2780, #1396 ) ) ;
#3354 = DESIGN_CONTEXT ( 'detailed design', #1650, 'design' ) ;
#3355 = AXIS2_PLACEMENT_3D ( 'NONE', #1757, #2018, #2968 ) ;
#3356 = ADVANCED_FACE ( 'NONE', ( #2614, #492 ), #2632, .T. ) ;
#3357 = LINE ( 'NONE', #2497, #2339 ) ;
#3358 = ORIENTED_EDGE ( 'NONE', *, *, #1097, .T. ) ;
#3359 = ORIENTED_EDGE ( 'NONE', *, *, #2995, .T. ) ;
#3360 = ORIENTED_EDGE ( 'NONE', *, *, #2411, .F. ) ;
#3361 = LINE ( 'NONE', #648, #1868 ) ;
#3362 = EDGE_CURVE ( 'NONE', #3582, #3877, #2932, .T. ) ;
#3363 = LINE ( 'NONE', #1182, #2881 ) ;
#3364 = ORIENTED_EDGE ( 'NONE', *, *, #421, .F. ) ;
#3365 = CARTESIAN_POINT ( 'NONE',  ( 76.69903121530516898, 109.7866973876949999, 3.464101703259815590 ) ) ;
#3366 = CARTESIAN_POINT ( 'NONE',  ( 82.05343627929690342, 101.7866973876950141, 3.464101791381839934 ) ) ;
#3367 = CC_DESIGN_DATE_AND_TIME_ASSIGNMENT ( #2362, #805, ( #2175 ) ) ;
#3368 = LINE ( 'NONE', #949, #2344 ) ;
#3369 = VERTEX_POINT ( 'NONE', #1130 ) ;
#3370 = DIRECTION ( 'NONE',  ( 0.000000000000000000, 1.000000000000000000, -2.110926372141859940E-15 ) ) ;
#3371 = CARTESIAN_POINT ( 'NONE',  ( 109.9877825700690153, 109.7866973876949999, 6.389920943971019618 ) ) ;
#3372 = EDGE_LOOP ( 'NONE', ( #2697, #1962, #664, #695 ) ) ;
#3373 = LINE ( 'NONE', #3672, #1140 ) ;
#3374 = EDGE_LOOP ( 'NONE', ( #2958, #1218, #1600, #2233 ) ) ;
#3375 = EDGE_CURVE ( 'NONE', #2256, #1207, #2335, .T. ) ;
#3376 = ORIENTED_EDGE ( 'NONE', *, *, #3598, .T. ) ;
#3377 = CARTESIAN_POINT ( 'NONE',  ( 111.7809210205080035, 101.7866973876950141, 1.532249450683600189 ) ) ;
#3378 = CARTESIAN_POINT ( 'NONE',  ( 110.3667135620120092, 109.7866973876949999, 3.981739997863770419 ) ) ;
#3379 = VECTOR ( 'NONE', #595, 1000.000000000000000 ) ;
#3380 = EDGE_LOOP ( 'NONE', ( #1191, #2248, #1253, #1624 ) ) ;
#3381 = ORIENTED_EDGE ( 'NONE', *, *, #826, .T. ) ;
#3382 = PLANE ( 'NONE',  #573 ) ;
#3383 = LINE ( 'NONE', #2435, #1111 ) ;
#3384 = VECTOR ( 'NONE', #1474, 1000.000000000000000 ) ;
#3385 = EDGE_CURVE ( 'NONE', #1018, #2951, #1853, .T. ) ;
#3386 = PLANE ( 'NONE',  #3269 ) ;
#3387 = AXIS2_PLACEMENT_3D ( 'NONE', #2709, #3281, #571 ) ;
#3388 = ORIENTED_EDGE ( 'NONE', *, *, #1015, .F. ) ;
#3389 = EDGE_CURVE ( 'NONE', #2180, #1004, #3060, .T. ) ;
#3390 = CARTESIAN_POINT ( 'NONE',  ( 110.2985601806639977, 101.7866973876950141, 3.464101791381819950 ) ) ;
#3391 = DIRECTION ( 'NONE',  ( -1.000000000000000000, 0.000000000000000000, 0.000000000000000000 ) ) ;
#3392 = EDGE_LOOP ( 'NONE', ( #3872, #3026 ) ) ;
#3393 = CARTESIAN_POINT ( 'NONE',  ( 74.51279113769530227, 103.0119571686189914, 22.70369815819989867 ) ) ;
#3394 = ORIENTED_EDGE ( 'NONE', *, *, #2905, .T. ) ;
#3395 = VECTOR ( 'NONE', #2223, 1000.000000000000000 ) ;
#3396 = AXIS2_PLACEMENT_3D ( 'NONE', #3779, #3694, #1069 ) ;
#3397 = AXIS2_PLACEMENT_3D ( 'NONE', #3883, #3485, #1715 ) ;
#3398 = EDGE_CURVE ( 'NONE', #2113, #1965, #3900, .T. ) ;
#3399 = ORIENTED_EDGE ( 'NONE', *, *, #3107, .T. ) ;
#3400 = CARTESIAN_POINT ( 'NONE',  ( 110.8843527221680034, 109.7866973876949999, 2.049888610839839753 ) ) ;
#3401 = LINE ( 'NONE', #1603, #1065 ) ;
#3402 = EDGE_CURVE ( 'NONE', #3316, #1854, #3343, .T. ) ;
#3403 = VERTEX_POINT ( 'NONE', #629 ) ;
#3404 = PLANE ( 'NONE',  #981 ) ;
#3405 = CARTESIAN_POINT ( 'NONE',  ( 115.6529652446557179, 99.20369191267897691, 3.464101703259653942 ) ) ;
#3406 = CARTESIAN_POINT ( 'NONE',  ( 114.0306158447269951, 101.7866973876950141, 2.464101791381839934 ) ) ;
#3407 = ORIENTED_EDGE ( 'NONE', *, *, #765, .T. ) ;
#3408 = CARTESIAN_POINT ( 'NONE',  ( 107.7985601806639977, 107.4866973877000049, 14.96409320831320144 ) ) ;
#3409 = DIRECTION ( 'NONE',  ( 0.000000000000000000, 1.000000000000000000, 8.881784197001270073E-16 ) ) ;
#3410 = ORIENTED_EDGE ( 'NONE', *, *, #1181, .T. ) ;
#3411 = EDGE_CURVE ( 'NONE', #1636, #1075, #1990, .T. ) ;
#3412 = VECTOR ( 'NONE', #2501, 1000.000000000000000 ) ;
#3413 = DIRECTION ( 'NONE',  ( 0.000000000000000000, -1.000000000000000000, -4.996003610813200488E-16 ) ) ;
#3414 = CARTESIAN_POINT ( 'NONE',  ( 82.36421388989236902, 109.7866973876949999, 6.389920943971085343 ) ) ;
#3415 = VERTEX_POINT ( 'NONE', #2429 ) ;
#3416 = LINE ( 'NONE', #2904, #680 ) ;
#3417 = VECTOR ( 'NONE', #852, 1000.000000000000227 ) ;
#3418 = CARTESIAN_POINT ( 'NONE',  ( 74.51279113769530227, 104.0056629181370056, 22.99634838098310041 ) ) ;
#3419 = VERTEX_POINT ( 'NONE', #3660 ) ;
#3420 = DIRECTION ( 'NONE',  ( -1.000000000000000000, 0.000000000000000000, 0.000000000000000000 ) ) ;
#3421 = LINE ( 'NONE', #2844, #3065 ) ;
#3422 = ORIENTED_EDGE ( 'NONE', *, *, #861, .T. ) ;
#3423 = CARTESIAN_POINT ( 'NONE',  ( 111.7809210205080035, 109.7866973876949999, 1.532249450683589975 ) ) ;
#3424 = FACE_OUTER_BOUND ( 'NONE', #3792, .T. ) ;
#3425 = EDGE_CURVE ( 'NONE', #1957, #1272, #3363, .T. ) ;
#3426 = PLANE ( 'NONE',  #933 ) ;
#3427 = CARTESIAN_POINT ( 'NONE',  ( 59.02427344963700051, 109.7866973876949999, 34.07768016486982532 ) ) ;
#3428 = DIRECTION ( 'NONE',  ( -0.5000000000000021094, -4.137183060205610431E-15, -0.8660254037844373753 ) ) ;
#3429 = ORIENTED_EDGE ( 'NONE', *, *, #1248, .T. ) ;
#3430 = LINE ( 'NONE', #1035, #51 ) ;
#3431 = CARTESIAN_POINT ( 'NONE',  ( 79.05343627929688921, 101.7866973876950141, 1.732050895690919967 ) ) ;
#3432 = ORIENTED_EDGE ( 'NONE', *, *, #560, .F. ) ;
#3433 = ADVANCED_FACE ( 'NONE', ( #291 ), #1260, .F. ) ;
#3434 = CARTESIAN_POINT ( 'NONE',  ( 84.55343627929690342, 111.7866973876949999, 13.46409320831300072 ) ) ;
#3435 = EDGE_LOOP ( 'NONE', ( #3273, #1477, #353, #3173 ) ) ;
#3436 = EDGE_CURVE ( 'NONE', #3877, #1864, #3622, .T. ) ;
#3437 = CARTESIAN_POINT ( 'NONE',  ( 115.6529652446557321, 109.7866973876949999, 3.464101703259648168 ) ) ;
#3438 = DIRECTION ( 'NONE',  ( -1.000000000000000000, 0.000000000000000000, 0.000000000000000000 ) ) ;
#3439 = VERTEX_POINT ( 'NONE', #1814 ) ;
#3440 = CARTESIAN_POINT ( 'NONE',  ( 81.05343627929690342, 101.7866973876950141, 1.732050895690929959 ) ) ;
#3441 = CARTESIAN_POINT ( 'NONE',  ( 110.8843527221680034, 109.7866973876949999, 2.049888610839839753 ) ) ;
#3442 = DIRECTION ( 'NONE',  ( -0.4999999809210205481, 0.000000000000000000, 0.8660254147996923058 ) ) ;
#3443 = ORIENTED_EDGE ( 'NONE', *, *, #1711, .F. ) ;
#3444 = LINE ( 'NONE', #3704, #3863 ) ;
#3445 = EDGE_CURVE ( 'NONE', #1819, #1864, #2466, .T. ) ;
#3446 = VECTOR ( 'NONE', #3007, 1000.000000000000114 ) ;
#3447 = DIRECTION ( 'NONE',  ( 1.000000000000000000, 0.000000000000000000, 0.000000000000000000 ) ) ;
#3448 = ORIENTED_EDGE ( 'NONE', *, *, #2982, .F. ) ;
#3449 = CYLINDRICAL_SURFACE ( 'NONE', #3463, 2.750000000000002665 ) ;
#3450 = CARTESIAN_POINT ( 'NONE',  ( 79.53579711914061079, 109.7866973876949999, 1.532249450683589975 ) ) ;
#3451 = VERTEX_POINT ( 'NONE', #3042 ) ;
#3452 = VECTOR ( 'NONE', #2404, 1000.000000000000000 ) ;
#3453 = LINE ( 'NONE', #1019, #3594 ) ;
#3454 = FACE_OUTER_BOUND ( 'NONE', #253, .T. ) ;
#3455 = ORIENTED_EDGE ( 'NONE', *, *, #1489, .T. ) ;
#3456 = FACE_OUTER_BOUND ( 'NONE', #1100, .T. ) ;
#3457 = LINE ( 'NONE', #749, #1482 ) ;
#3458 = ADVANCED_FACE ( 'NONE', ( #3676 ), #2743, .F. ) ;
#3459 = AXIS2_PLACEMENT_3D ( 'NONE', #1005, #2226, #731 ) ;
#3460 = VECTOR ( 'NONE', #2902, 1000.000000000000114 ) ;
#3461 = ORIENTED_EDGE ( 'NONE', *, *, #1254, .T. ) ;
#3462 = CARTESIAN_POINT ( 'NONE',  ( 78.37623374730102910, 99.20369191267897691, 6.369101703259786085 ) ) ;
#3463 = AXIS2_PLACEMENT_3D ( 'NONE', #2217, #3471, #1081 ) ;
#3464 = CARTESIAN_POINT ( 'NONE',  ( 80.05343627929690342, 101.7866973876950141, 5.464101791381830608 ) ) ;
#3465 = CARTESIAN_POINT ( 'NONE',  ( 82.05343627929690342, 111.7866973876949999, 0.000000000000000000 ) ) ;
#3466 = ORIENTED_EDGE ( 'NONE', *, *, #1458, .F. ) ;
#3467 = FACE_OUTER_BOUND ( 'NONE', #1810, .T. ) ;
#3468 = EDGE_LOOP ( 'NONE', ( #969, #1334, #473, #3798 ) ) ;
#3469 = DIRECTION ( 'NONE',  ( 0.000000000000000000, -1.000000000000000000, 0.000000000000000000 ) ) ;
#3470 = VERTEX_POINT ( 'NONE', #960 ) ;
#3471 = DIRECTION ( 'NONE',  ( 1.000000000000000000, 0.000000000000000000, 0.000000000000000000 ) ) ;
#3472 = LINE ( 'NONE', #3493, #1553 ) ;
#3473 = ORIENTED_EDGE ( 'NONE', *, *, #2286, .F. ) ;
#3474 =( LENGTH_UNIT ( ) NAMED_UNIT ( * ) SI_UNIT ( .MILLI., .METRE. ) );
#3475 = ADVANCED_FACE ( 'NONE', ( #37 ), #2166, .T. ) ;
#3476 = CARTESIAN_POINT ( 'NONE',  ( 114.2304144287110006, 109.7866973876949999, 2.946463584899900123 ) ) ;
#3477 = VERTEX_POINT ( 'NONE', #1240 ) ;
#3478 = PLANE ( 'NONE',  #3254 ) ;
#3479 = CARTESIAN_POINT ( 'NONE',  ( 117.7227911376949976, 102.1145420074760040, 21.66047573083089972 ) ) ;
#3480 = VECTOR ( 'NONE', #1590, 999.9999999999998863 ) ;
#3481 = ORIENTED_EDGE ( 'NONE', *, *, #2101, .F. ) ;
#3482 = EDGE_CURVE ( 'NONE', #3288, #2479, #2150, .T. ) ;
#3483 = LINE ( 'NONE', #1875, #178 ) ;
#3484 = FACE_OUTER_BOUND ( 'NONE', #1893, .T. ) ;
#3485 = DIRECTION ( 'NONE',  ( 0.1305264269771610475, 0.000000000000000000, -0.9914448304674223778 ) ) ;
#3486 = VERTEX_POINT ( 'NONE', #649 ) ;
#3487 = EDGE_CURVE ( 'NONE', #537, #3403, #2109, .T. ) ;
#3488 = LINE ( 'NONE', #3124, #2206 ) ;
#3489 = ORIENTED_EDGE ( 'NONE', *, *, #3118, .F. ) ;
#3490 = CARTESIAN_POINT ( 'NONE',  ( 75.55343627929690342, 107.7866973877009968, 14.96409320829829959 ) ) ;
#3491 = VERTEX_POINT ( 'NONE', #3378 ) ;
#3492 = CARTESIAN_POINT ( 'NONE',  ( 110.5665121459960005, 109.7866973876949999, 4.464101791381840378 ) ) ;
#3493 = CARTESIAN_POINT ( 'NONE',  ( 75.55343627929690342, 110.5573308167100066, 10.79575620352899890 ) ) ;
#3494 = ORIENTED_EDGE ( 'NONE', *, *, #2021, .F. ) ;
#3495 =( NAMED_UNIT ( * ) SI_UNIT ( $, .STERADIAN. ) SOLID_ANGLE_UNIT ( ) );
#3496 = DIRECTION ( 'NONE',  ( 1.000000000000000000, 0.000000000000000000, 0.000000000000000000 ) ) ;
#3497 = VERTEX_POINT ( 'NONE', #889 ) ;
#3498 = DIRECTION ( 'NONE',  ( 1.000000000000000000, 0.000000000000000000, 0.000000000000000000 ) ) ;
#3499 = ADVANCED_FACE ( 'NONE', ( #2090 ), #3301, .F. ) ;
#3500 = DIRECTION ( 'NONE',  ( 0.000000000000000000, 2.583795798586590289E-15, -1.000000000000000000 ) ) ;
#3501 = ORIENTED_EDGE ( 'NONE', *, *, #1995, .T. ) ;
#3502 = CARTESIAN_POINT ( 'NONE',  ( 110.2985601806639977, 109.7866973876949999, 3.464101791381839934 ) ) ;
#3503 = DIRECTION ( 'NONE',  ( 1.000000000000000000, 0.000000000000000000, 0.000000000000000000 ) ) ;
#3504 = CARTESIAN_POINT ( 'NONE',  ( 81.78548431396480112, 109.7866973876949999, 2.464101791381839934 ) ) ;
#3505 = EDGE_LOOP ( 'NONE', ( #1991, #2392, #641, #612, #2658, #891 ) ) ;
#3506 = CARTESIAN_POINT ( 'NONE',  ( 114.2985601806640119, 109.7866973876949999, 0.000000000000000000 ) ) ;
#3507 = PLANE ( 'NONE',  #535 ) ;
#3508 = ORIENTED_EDGE ( 'NONE', *, *, #1723, .T. ) ;
#3509 = EDGE_CURVE ( 'NONE', #1867, #789, #1493, .T. ) ;
#3510 = ORIENTED_EDGE ( 'NONE', *, *, #3216, .T. ) ;
#3511 = VECTOR ( 'NONE', #947, 1000.000000000000114 ) ;
#3512 = DIRECTION ( 'NONE',  ( 0.000000000000000000, -0.5421206122233321878, 0.8403006853517372976 ) ) ;
#3513 = ORIENTED_EDGE ( 'NONE', *, *, #1706, .T. ) ;
#3514 = APPROVAL_STATUS ( 'not_yet_approved' ) ;
#3515 = VECTOR ( 'NONE', #528, 999.9999999999998863 ) ;
#3516 = PLANE ( 'NONE',  #1889 ) ;
#3517 = AXIS2_PLACEMENT_3D ( 'NONE', #3352, #1558, #1503 ) ;
#3518 = DIRECTION ( 'NONE',  ( 0.000000000000000000, 0.6087619720811818791, -0.7933529235767838861 ) ) ;
#3519 = PLANE ( 'NONE',  #2959 ) ;
#3520 = EDGE_CURVE ( 'NONE', #542, #1122, #1205, .T. ) ;
#3521 = ORIENTED_EDGE ( 'NONE', *, *, #3657, .T. ) ;
#3522 = LINE ( 'NONE', #1145, #2891 ) ;
#3523 = DIRECTION ( 'NONE',  ( 1.000000000000000000, 0.000000000000000000, 0.000000000000000000 ) ) ;
#3524 = AXIS2_PLACEMENT_3D ( 'NONE', #3351, #2140, #2788 ) ;
#3525 = EDGE_CURVE ( 'NONE', #3168, #518, #3421, .T. ) ;
#3526 = APPROVAL_PERSON_ORGANIZATION ( #211, #1585, #2644 ) ;
#3527 = CARTESIAN_POINT ( 'NONE',  ( 75.55343627929690342, 112.7866973876949999, 0.000000000000000000 ) ) ;
#3528 = EDGE_LOOP ( 'NONE', ( #1325, #83, #1419, #2112 ) ) ;
#3529 = VECTOR ( 'NONE', #2419, 1000.000000000000000 ) ;
#3530 = CARTESIAN_POINT ( 'NONE',  ( 81.46765136718750000, 101.7866973876950141, 4.878314971923820131 ) ) ;
#3531 = CARTESIAN_POINT ( 'NONE',  ( 74.51279113769530227, 102.7031497955689900, 22.43131923669040262 ) ) ;
#3532 = VERTEX_POINT ( 'NONE', #2864 ) ;
#3533 = ORIENTED_EDGE ( 'NONE', *, *, #1979, .F. ) ;
#3534 = CARTESIAN_POINT ( 'NONE',  ( 117.7227911376949976, 108.7919330597279952, 17.84175968169499882 ) ) ;
#3535 = EDGE_CURVE ( 'NONE', #3772, #2667, #153, .T. ) ;
#3536 = VERTEX_POINT ( 'NONE', #3479 ) ;
#3537 = DATE_AND_TIME ( #2026, #3337 ) ;
#3538 = LINE ( 'NONE', #522, #2521 ) ;
#3539 = APPROVAL ( #2330, 'UNSPECIFIED' ) ;
#3540 = LINE ( 'NONE', #829, #1494 ) ;
#3541 = VECTOR ( 'NONE', #1164, 1000.000000000000000 ) ;
#3542 = ORIENTED_EDGE ( 'NONE', *, *, #1028, .F. ) ;
#3543 = DIRECTION ( 'NONE',  ( 0.9914436174099583443, 0.000000000000000000, -0.1305356407156920695 ) ) ;
#3544 = CARTESIAN_POINT ( 'NONE',  ( 74.51279113769530227, 102.7031497955689900, 22.43131923669040262 ) ) ;
#3545 = VECTOR ( 'NONE', #187, 1000.000000000000000 ) ;
#3546 = DIRECTION ( 'NONE',  ( -0.9238788260947639053, 0.000000000000000000, 0.3826851378009879512 ) ) ;
#3547 = ORIENTED_EDGE ( 'NONE', *, *, #188, .F. ) ;
#3548 = DIRECTION ( 'NONE',  ( 0.7933539883817122274, 0.000000000000000000, -0.6087605843998360466 ) ) ;
#3549 = LINE ( 'NONE', #2637, #1480 ) ;
#3550 = ADVANCED_FACE ( 'NONE', ( #2525 ), #2798, .F. ) ;
#3551 = FACE_OUTER_BOUND ( 'NONE', #3096, .T. ) ;
#3552 = FACE_OUTER_BOUND ( 'NONE', #2298, .T. ) ;
#3553 = ORIENTED_EDGE ( 'NONE', *, *, #2168, .T. ) ;
#3554 = SHAPE_DEFINITION_REPRESENTATION ( #337, #1241 ) ;
#3555 = DIRECTION ( 'NONE',  ( 0.000000000000000000, -0.9749434981451657878, 0.2224526363621409653 ) ) ;
#3556 = CARTESIAN_POINT ( 'NONE',  ( 114.2304144287110006, 109.7866973876949999, 3.981739997863770419 ) ) ;
#3557 = ADVANCED_FACE ( 'NONE', ( #1296 ), #1948, .T. ) ;
#3558 = ADVANCED_FACE ( 'NONE', ( #1892 ), #1357, .T. ) ;
#3559 = ORIENTED_EDGE ( 'NONE', *, *, #3237, .F. ) ;
#3560 = PLANE ( 'NONE',  #1487 ) ;
#3561 = PLANE ( 'NONE',  #978 ) ;
#3562 = CARTESIAN_POINT ( 'NONE',  ( 75.55343627929690342, 107.7866973876949999, 13.46409320831300072 ) ) ;
#3563 = ORIENTED_EDGE ( 'NONE', *, *, #2196, .F. ) ;
#3564 = DIRECTION ( 'NONE',  ( 1.000000000000000000, 0.000000000000000000, 0.000000000000000000 ) ) ;
#3565 = LINE ( 'NONE', #1409, #663 ) ;
#3566 = ORIENTED_EDGE ( 'NONE', *, *, #1039, .F. ) ;
#3567 = CARTESIAN_POINT ( 'NONE',  ( 114.2304144287110006, 101.7866973876950141, 3.981739997863749547 ) ) ;
#3568 = ADVANCED_FACE ( 'NONE', ( #3139 ), #1567, .T. ) ;
#3569 = FACE_OUTER_BOUND ( 'NONE', #1298, .T. ) ;
#3570 = VERTEX_POINT ( 'NONE', #2483 ) ;
#3571 = CIRCLE ( 'NONE', #3892, 3.000000000000002665 ) ;
#3572 = LINE ( 'NONE', #2961, #1199 ) ;
#3573 = ORIENTED_EDGE ( 'NONE', *, *, #1547, .F. ) ;
#3574 = AXIS2_PLACEMENT_3D ( 'NONE', #3756, #1926, #3735 ) ;
#3575 = AXIS2_PLACEMENT_3D ( 'NONE', #2613, #790, #3222 ) ;
#3576 = ORIENTED_EDGE ( 'NONE', *, *, #3164, .F. ) ;
#3577 = ORIENTED_EDGE ( 'NONE', *, *, #3796, .T. ) ;
#3578 = DIRECTION ( 'NONE',  ( 1.000000000000000000, 0.000000000000000000, -1.644394204489939860E-16 ) ) ;
#3579 = ADVANCED_FACE ( 'NONE', ( #427, #2782 ), #3715, .F. ) ;
#3580 = CARTESIAN_POINT ( 'NONE',  ( 117.7227911376949976, 102.1145420074760040, 21.66047573083089972 ) ) ;
#3581 = LINE ( 'NONE', #1642, #3799 ) ;
#3582 = VERTEX_POINT ( 'NONE', #1626 ) ;
#3583 = CARTESIAN_POINT ( 'NONE',  ( 81.98529052734369316, 101.7866973876950141, 2.946463584899900123 ) ) ;
#3584 = LINE ( 'NONE', #2321, #3190 ) ;
#3585 = VERTEX_POINT ( 'NONE', #1336 ) ;
#3586 = APPROVAL ( #3514, 'UNSPECIFIED' ) ;
#3587 = VECTOR ( 'NONE', #609, 1000.000000000000114 ) ;
#3588 = VECTOR ( 'NONE', #472, 1000.000000000000000 ) ;
#3589 = LINE ( 'NONE', #2603, #2097 ) ;
#3590 = VECTOR ( 'NONE', #1172, 1000.000000000000000 ) ;
#3591 = LINE ( 'NONE', #3853, #2581 ) ;
#3592 = FACE_OUTER_BOUND ( 'NONE', #2066, .T. ) ;
#3593 = EDGE_LOOP ( 'NONE', ( #1238, #2985 ) ) ;
#3594 = VECTOR ( 'NONE', #171, 1000.000000000000227 ) ;
#3595 = PERSON_AND_ORGANIZATION_ROLE ( 'design_supplier' ) ;
#3596 = AXIS2_PLACEMENT_3D ( 'NONE', #534, #1136, #2660 ) ;
#3597 = CARTESIAN_POINT ( 'NONE',  ( 74.51279113769530227, 103.4956226349320048, 22.95279979699569850 ) ) ;
#3598 = EDGE_CURVE ( 'NONE', #2726, #3536, #2546, .T. ) ;
#3599 = ORIENTED_EDGE ( 'NONE', *, *, #429, .T. ) ;
#3600 = ORIENTED_EDGE ( 'NONE', *, *, #3389, .T. ) ;
#3601 = PLANE ( 'NONE',  #1372 ) ;
#3602 = DIRECTION ( 'NONE',  ( 0.000000000000000000, -0.5742044792245268869, 0.8187119249397128984 ) ) ;
#3603 = VECTOR ( 'NONE', #1312, 1000.000000000000000 ) ;
#3604 = EDGE_CURVE ( 'NONE', #3716, #415, #3457, .T. ) ;
#3605 = CARTESIAN_POINT ( 'NONE',  ( 81.05343627929690342, 101.7866973876950141, 1.732050895690919967 ) ) ;
#3606 = ORIENTED_EDGE ( 'NONE', *, *, #1646, .T. ) ;
#3607 = ORIENTED_EDGE ( 'NONE', *, *, #999, .T. ) ;
#3608 = CARTESIAN_POINT ( 'NONE',  ( 79.53579711914061079, 101.7866973876950141, 5.395953178405759942 ) ) ;
#3609 = DIRECTION ( 'NONE',  ( -0.3826798146995750161, 0.000000000000000000, 0.9238810309891090089 ) ) ;
#3610 = ORIENTED_EDGE ( 'NONE', *, *, #3632, .T. ) ;
#3611 = EDGE_CURVE ( 'NONE', #1113, #3683, #2205, .T. ) ;
#3612 = DIRECTION ( 'NONE',  ( 0.000000000000000000, -0.5742044792245268869, 0.8187119249397128984 ) ) ;
#3613 = ADVANCED_FACE ( 'NONE', ( #388 ), #2569, .T. ) ;
#3614 = CARTESIAN_POINT ( 'NONE',  ( 107.7985601806639977, 110.1203287768050103, 11.36526285778540135 ) ) ;
#3615 = CARTESIAN_POINT ( 'NONE',  ( 78.32138824462889204, 101.7866973876950141, 4.464101791381840378 ) ) ;
#3616 = ORIENTED_EDGE ( 'NONE', *, *, #2511, .T. ) ;
#3617 = CARTESIAN_POINT ( 'NONE',  ( 84.55343627929690342, 112.7866973876949999, 13.46409320831300072 ) ) ;
#3618 = ORIENTED_EDGE ( 'NONE', *, *, #375, .T. ) ;
#3619 = ADVANCED_FACE ( 'NONE', ( #769 ), #404, .F. ) ;
#3620 = ORIENTED_EDGE ( 'NONE', *, *, #1450, .F. ) ;
#3621 = CARTESIAN_POINT ( 'NONE',  ( 114.0306158447269951, 109.7866973876949999, 4.464101791381840378 ) ) ;
#3622 = LINE ( 'NONE', #1836, #1171 ) ;
#3623 = VECTOR ( 'NONE', #1822, 1000.000000000000000 ) ;
#3624 = CARTESIAN_POINT ( 'NONE',  ( 117.7227911376949976, 0.000000000000000000, 0.000000000000000000 ) ) ;
#3625 = ORIENTED_EDGE ( 'NONE', *, *, #384, .F. ) ;
#3626 = CARTESIAN_POINT ( 'NONE',  ( 113.7127752685550064, 101.7866973876950141, 2.049888610839940117 ) ) ;
#3627 = CARTESIAN_POINT ( 'NONE',  ( 74.51279113769530227, 105.4820880890380010, 22.20573520655729993 ) ) ;
#3628 = PLANE ( 'NONE',  #2792 ) ;
#3629 = DIRECTION ( 'NONE',  ( 1.000000000000000000, 0.000000000000000000, 0.000000000000000000 ) ) ;
#3630 = DIRECTION ( 'NONE',  ( 4.440892098500630106E-16, 0.000000000000000000, -1.000000000000000000 ) ) ;
#3631 = ORIENTED_EDGE ( 'NONE', *, *, #895, .F. ) ;
#3632 = EDGE_CURVE ( 'NONE', #1425, #775, #3401, .T. ) ;
#3633 = CARTESIAN_POINT ( 'NONE',  ( 45.85249920771790499, 103.4866973876950027, 56.09726253941909846 ) ) ;
#3634 = ORIENTED_EDGE ( 'NONE', *, *, #967, .F. ) ;
#3635 = EDGE_LOOP ( 'NONE', ( #468, #1785, #344, #2391 ) ) ;
#3636 = VECTOR ( 'NONE', #1931, 999.9999999999998863 ) ;
#3637 = ORIENTED_EDGE ( 'NONE', *, *, #2030, .T. ) ;
#3638 = PLANE ( 'NONE',  #860 ) ;
#3639 = CARTESIAN_POINT ( 'NONE',  ( 115.6529652446557179, 99.20369191267897691, 3.464101703259653942 ) ) ;
#3640 = DIRECTION ( 'NONE',  ( -0.3826798146995700756, 0.000000000000000000, 0.9238810309891110073 ) ) ;
#3641 = VERTEX_POINT ( 'NONE', #1316 ) ;
#3642 = ORIENTED_EDGE ( 'NONE', *, *, #2989, .F. ) ;
#3643 = CARTESIAN_POINT ( 'NONE',  ( 1.646883729715795671E-15, 99.20369191267897691, 6.369101703259805625 ) ) ;
#3644 = VECTOR ( 'NONE', #758, 1000.000000000000227 ) ;
#3645 = LINE ( 'NONE', #1517, #2051 ) ;
#3646 = EDGE_CURVE ( 'NONE', #718, #3641, #1748, .T. ) ;
#3647 = DIRECTION ( 'NONE',  ( 0.000000000000000000, -1.000000000000000000, 0.000000000000000000 ) ) ;
#3648 = EDGE_LOOP ( 'NONE', ( #2565, #824, #121, #3055 ) ) ;
#3649 = DIRECTION ( 'NONE',  ( 0.000000000000000000, 1.000000000000000000, 0.000000000000000000 ) ) ;
#3650 = LINE ( 'NONE', #359, #1542 ) ;
#3651 = EDGE_LOOP ( 'NONE', ( #1486, #3313, #2556, #3422 ) ) ;
#3652 = AXIS2_PLACEMENT_3D ( 'NONE', #2518, #3172, #3110 ) ;
#3653 = EDGE_CURVE ( 'NONE', #1384, #3419, #3820, .T. ) ;
#3654 = LINE ( 'NONE', #32, #1319 ) ;
#3655 = EDGE_LOOP ( 'NONE', ( #143, #1461, #659, #3658 ) ) ;
#3656 = VERTEX_POINT ( 'NONE', #2044 ) ;
#3657 = EDGE_CURVE ( 'NONE', #2433, #1293, #3540, .T. ) ;
#3658 = ORIENTED_EDGE ( 'NONE', *, *, #3520, .F. ) ;
#3659 = LINE ( 'NONE', #1259, #3587 ) ;
#3660 = CARTESIAN_POINT ( 'NONE',  ( 84.55343627929690342, 101.7866973876950141, 5.464101791381830608 ) ) ;
#3661 = ORIENTED_EDGE ( 'NONE', *, *, #1138, .T. ) ;
#3662 = DIRECTION ( 'NONE',  ( -0.4999999999999980016, 0.000000000000000000, 0.8660254037844397068 ) ) ;
#3663 = CARTESIAN_POINT ( 'NONE',  ( 110.6213576486681518, 99.20369191267897691, 0.5591017032596640179 ) ) ;
#3664 = VERTEX_POINT ( 'NONE', #1668 ) ;
#3665 = CARTESIAN_POINT ( 'NONE',  ( 79.53579711914061079, 101.7866973876950141, 5.395953178405759942 ) ) ;
#3666 = DIRECTION ( 'NONE',  ( 0.4999999809210191049, 0.000000000000000000, -0.8660254147996930829 ) ) ;
#3667 = EDGE_CURVE ( 'NONE', #2256, #2726, #2927, .T. ) ;
#3668 = CARTESIAN_POINT ( 'NONE',  ( 116.7985601806640119, 101.7866973876950141, 0.000000000000000000 ) ) ;
#3669 = ORIENTED_EDGE ( 'NONE', *, *, #3855, .T. ) ;
#3670 = ADVANCED_FACE ( 'NONE', ( #2629 ), #2887, .F. ) ;
#3671 = VECTOR ( 'NONE', #989, 1000.000000000000000 ) ;
#3672 = CARTESIAN_POINT ( 'NONE',  ( 116.7985601806640119, 110.5573577880859943, 10.79572105407710048 ) ) ;
#3673 = ORIENTED_EDGE ( 'NONE', *, *, #2370, .F. ) ;
#3674 = VERTEX_POINT ( 'NONE', #1434 ) ;
#3675 = CARTESIAN_POINT ( 'NONE',  ( 78.12158203125000000, 101.7866973876950141, 2.946463584899909893 ) ) ;
#3676 = FACE_OUTER_BOUND ( 'NONE', #919, .T. ) ;
#3677 = ADVANCED_FACE ( 'NONE', ( #543 ), #2028, .T. ) ;
#3678 = EDGE_CURVE ( 'NONE', #545, #1331, #1107, .T. ) ;
#3679 = ORIENTED_EDGE ( 'NONE', *, *, #2754, .T. ) ;
#3680 = DIRECTION ( 'NONE',  ( -0.8660254037844398178, 0.000000000000000000, -0.4999999999999980571 ) ) ;
#3681 = PLANE ( 'NONE',  #601 ) ;
#3682 = CARTESIAN_POINT ( 'NONE',  ( 111.7809210205080035, 101.7866973876950141, 5.395953178405780370 ) ) ;
#3683 = VERTEX_POINT ( 'NONE', #2311 ) ;
#3684 = PLANE ( 'NONE',  #3524 ) ;
#3685 = PLANE ( 'NONE',  #3259 ) ;
#3686 = ORIENTED_EDGE ( 'NONE', *, *, #95, .F. ) ;
#3687 = ADVANCED_FACE ( 'NONE', ( #1124 ), #3519, .T. ) ;
#3688 = EDGE_CURVE ( 'NONE', #3477, #101, #787, .T. ) ;
#3689 = CARTESIAN_POINT ( 'NONE',  ( 107.7985601806639977, 107.7866973876909924, 14.96409320831480017 ) ) ;
#3690 = ORIENTED_EDGE ( 'NONE', *, *, #2778, .T. ) ;
#3691 = EDGE_CURVE ( 'NONE', #1917, #2105, #1710, .T. ) ;
#3692 = ORIENTED_EDGE ( 'NONE', *, *, #3225, .F. ) ;
#3693 = FACE_OUTER_BOUND ( 'NONE', #3851, .T. ) ;
#3694 = DIRECTION ( 'NONE',  ( -0.000000000000000000, 0.8551803429263608036, 0.5183305712307079149 ) ) ;
#3695 = VECTOR ( 'NONE', #1210, 1000.000000000000114 ) ;
#3696 = ORIENTED_EDGE ( 'NONE', *, *, #3073, .T. ) ;
#3697 = EDGE_CURVE ( 'NONE', #803, #2663, #567, .T. ) ;
#3698 = DIRECTION ( 'NONE',  ( 0.9914450668446491699, 0.000000000000000000, 0.1305246315045900107 ) ) ;
#3699 = CARTESIAN_POINT ( 'NONE',  ( 113.7127752685550064, 109.7866973876949999, 2.049888610839839753 ) ) ;
#3700 = AXIS2_PLACEMENT_3D ( 'NONE', #1772, #3503, #2596 ) ;
#3701 = DIRECTION ( 'NONE',  ( -1.000000000000000000, 0.000000000000000000, 0.000000000000000000 ) ) ;
#3702 = AXIS2_PLACEMENT_3D ( 'NONE', #1318, #1605, #2272 ) ;
#3703 = ORIENTED_EDGE ( 'NONE', *, *, #3203, .T. ) ;
#3704 = CARTESIAN_POINT ( 'NONE',  ( 110.5665121459960005, 109.7866973876949999, 2.464101791381839934 ) ) ;
#3705 = LINE ( 'NONE', #658, #1807 ) ;
#3706 = ORIENTED_EDGE ( 'NONE', *, *, #657, .T. ) ;
#3707 = CARTESIAN_POINT ( 'NONE',  ( 74.51279113769530227, 103.4956226349320048, 22.95279979699579798 ) ) ;
#3708 = ORIENTED_EDGE ( 'NONE', *, *, #2313, .T. ) ;
#3709 = VECTOR ( 'NONE', #1740, 999.9999999999998863 ) ;
#3710 = AXIS2_PLACEMENT_3D ( 'NONE', #2653, #3260, #3846 ) ;
#3711 = CARTESIAN_POINT ( 'NONE',  ( 117.7227911376949976, 110.5361061096449902, 14.96409320833000045 ) ) ;
#3712 = ORIENTED_EDGE ( 'NONE', *, *, #1869, .T. ) ;
#3713 = CARTESIAN_POINT ( 'NONE',  ( 116.7985601806640119, 107.7866973876949999, 13.46409320831300072 ) ) ;
#3714 = EDGE_CURVE ( 'NONE', #1037, #3804, #1725, .T. ) ;
#3715 = PLANE ( 'NONE',  #2178 ) ;
#3716 = VERTEX_POINT ( 'NONE', #3556 ) ;
#3717 = FACE_OUTER_BOUND ( 'NONE', #3106, .T. ) ;
#3718 = LINE ( 'NONE', #1894, #976 ) ;
#3719 = DIRECTION ( 'NONE',  ( -0.9238788260947653486, 0.000000000000000000, -0.3826851378009841764 ) ) ;
#3720 = VERTEX_POINT ( 'NONE', #1090 ) ;
#3721 = DIRECTION ( 'NONE',  ( 0.000000000000000000, 1.000000000000000000, 0.000000000000000000 ) ) ;
#3722 = CARTESIAN_POINT ( 'NONE',  ( 117.7227911376949976, 101.5590763092249915, 20.63125324242870207 ) ) ;
#3723 = ORIENTED_EDGE ( 'NONE', *, *, #3073, .F. ) ;
#3724 = ADVANCED_FACE ( 'NONE', ( #2290 ), #1988, .T. ) ;
#3725 = VECTOR ( 'NONE', #3235, 1000.000000000000000 ) ;
#3726 = ADVANCED_FACE ( 'NONE', ( #2908 ), #1370, .T. ) ;
#3727 = CARTESIAN_POINT ( 'NONE',  ( 74.51279113769530227, 107.0923862457719906, 20.37159252163889889 ) ) ;
#3728 = PLANE ( 'NONE',  #3652 ) ;
#3729 = ORIENTED_EDGE ( 'NONE', *, *, #3520, .T. ) ;
#3730 =( NAMED_UNIT ( * ) PLANE_ANGLE_UNIT ( ) SI_UNIT ( $, .RADIAN. ) );
#3731 = VECTOR ( 'NONE', #3548, 1000.000000000000114 ) ;
#3732 = DIRECTION ( 'NONE',  ( 0.7933570454419661688, 0.000000000000000000, 0.6087566003318519714 ) ) ;
#3733 = ORIENTED_EDGE ( 'NONE', *, *, #3889, .F. ) ;
#3734 = FACE_OUTER_BOUND ( 'NONE', #1080, .T. ) ;
#3735 = DIRECTION ( 'NONE',  ( 0.000000000000000000, 1.000000000000000000, 0.000000000000000000 ) ) ;
#3736 = EDGE_CURVE ( 'NONE', #1165, #170, #1900, .T. ) ;
#3737 = ADVANCED_FACE ( 'NONE', ( #780 ), #416, .T. ) ;
#3738 = ORIENTED_EDGE ( 'NONE', *, *, #1660, .T. ) ;
#3739 = DIRECTION ( 'NONE',  ( 0.000000000000000000, 0.3826749855670500966, -0.9238830312443551129 ) ) ;
#3740 = ADVANCED_FACE ( 'NONE', ( #1940 ), #3449, .T. ) ;
#3741 = CARTESIAN_POINT ( 'NONE',  ( -3.076740454749878529E-15, 109.7866973876949999, 6.928203582763636348 ) ) ;
#3742 = DIRECTION ( 'NONE',  ( 0.000000000000000000, -1.000000000000000000, 0.000000000000000000 ) ) ;
#3743 = EDGE_LOOP ( 'NONE', ( #2693, #1354, #47 ) ) ;
#3744 = PLANE ( 'NONE',  #2970 ) ;
#3745 = ORIENTED_EDGE ( 'NONE', *, *, #3398, .T. ) ;
#3746 = FACE_OUTER_BOUND ( 'NONE', #1721, .T. ) ;
#3747 = ORIENTED_EDGE ( 'NONE', *, *, #2810, .F. ) ;
#3748 = FACE_OUTER_BOUND ( 'NONE', #3071, .T. ) ;
#3749 = FACE_OUTER_BOUND ( 'NONE', #2012, .T. ) ;
#3750 = ADVANCED_FACE ( 'NONE', ( #3748 ), #3189, .T. ) ;
#3751 = EDGE_LOOP ( 'NONE', ( #2025, #2301, #2333, #1178, #3280, #461 ) ) ;
#3752 = CARTESIAN_POINT ( 'NONE',  ( 112.2985601806639977, 101.7866973876950141, 1.464101791381839934 ) ) ;
#3753 = LINE ( 'NONE', #746, #2270 ) ;
#3754 = ORIENTED_EDGE ( 'NONE', *, *, #3278, .F. ) ;
#3755 = CARTESIAN_POINT ( 'NONE',  ( 74.51279113769530227, 103.6627063751670050, 22.99018573754839778 ) ) ;
#3756 = CARTESIAN_POINT ( 'NONE',  ( 81.98529052734369316, 109.7866973876949999, 2.946463584899900123 ) ) ;
#3757 = ORIENTED_EDGE ( 'NONE', *, *, #287, .T. ) ;
#3758 = LINE ( 'NONE', #2571, #167 ) ;
#3759 = DIRECTION ( 'NONE',  ( 0.000000000000000000, -0.7499561242442028819, -0.6614875748709219128 ) ) ;
#3760 = VECTOR ( 'NONE', #156, 1000.000000000000114 ) ;
#3761 = DIRECTION ( 'NONE',  ( -0.9238758645718683216, 0.000000000000000000, -0.3826922874341511238 ) ) ;
#3762 = ORIENTED_EDGE ( 'NONE', *, *, #2291, .T. ) ;
#3763 = CARTESIAN_POINT ( 'NONE',  ( 78.37623374730102910, 109.7866973876949999, 6.369101703259786085 ) ) ;
#3764 = EDGE_LOOP ( 'NONE', ( #477, #1741, #2841, #961 ) ) ;
#3765 = AXIS2_PLACEMENT_3D ( 'NONE', #1048, #1320, #409 ) ;
#3766 = DIRECTION ( 'NONE',  ( 0.000000000000000000, 1.000000000000000000, -1.110223024625160090E-15 ) ) ;
#3767 = ORIENTED_EDGE ( 'NONE', *, *, #552, .F. ) ;
#3768 = ADVANCED_FACE ( 'NONE', ( #2496 ), #105, .T. ) ;
#3769 = VECTOR ( 'NONE', #2485, 1000.000000000000114 ) ;
#3770 = LINE ( 'NONE', #1918, #1554 ) ;
#3771 = DIRECTION ( 'NONE',  ( 0.000000000000000000, 1.000000000000000000, 0.000000000000000000 ) ) ;
#3772 = VERTEX_POINT ( 'NONE', #760 ) ;
#3773 = AXIS2_PLACEMENT_3D ( 'NONE', #485, #1784, #2992 ) ;
#3774 = CARTESIAN_POINT ( 'NONE',  ( 0.000000000000000000, 0.000000000000000000, 0.000000000000000000 ) ) ;
#3775 = EDGE_CURVE ( 'NONE', #2084, #2345, #3430, .T. ) ;
#3776 = CARTESIAN_POINT ( 'NONE',  ( 113.7127752685550064, 109.7866973876949999, 4.878314971923830790 ) ) ;
#3777 = ORIENTED_EDGE ( 'NONE', *, *, #1070, .F. ) ;
#3778 = CARTESIAN_POINT ( 'NONE',  ( 78.12158203125000000, 101.7866973876950141, 3.981739997863770419 ) ) ;
#3779 = CARTESIAN_POINT ( 'NONE',  ( 74.51279113769530227, 110.5361061096449902, 14.96409320833000045 ) ) ;
#3780 = AXIS2_PLACEMENT_3D ( 'NONE', #1728, #2946, #3041 ) ;
#3781 = VECTOR ( 'NONE', #1696, 1000.000000000000114 ) ;
#3782 = EDGE_CURVE ( 'NONE', #840, #2231, #2282, .T. ) ;
#3783 = VECTOR ( 'NONE', #3888, 1000.000000000000000 ) ;
#3784 = EDGE_CURVE ( 'NONE', #1906, #236, #2198, .T. ) ;
#3785 = ORIENTED_EDGE ( 'NONE', *, *, #3237, .T. ) ;
#3786 = CARTESIAN_POINT ( 'NONE',  ( 81.98529052734369316, 101.7866973876950141, 3.981739997863770419 ) ) ;
#3787 = VECTOR ( 'NONE', #843, 1000.000000000000227 ) ;
#3788 = CARTESIAN_POINT ( 'NONE',  ( 110.2985601806639977, 109.7866973876949999, 3.464101791381839934 ) ) ;
#3789 = CARTESIAN_POINT ( 'NONE',  ( 115.6529652446557179, 109.7866973876949999, 3.464101703259625076 ) ) ;
#3790 = ORIENTED_EDGE ( 'NONE', *, *, #3688, .T. ) ;
#3791 = LINE ( 'NONE', #2491, #1142 ) ;
#3792 = EDGE_LOOP ( 'NONE', ( #2323, #3455, #613, #3894, #2783, #93 ) ) ;
#3793 = CARTESIAN_POINT ( 'NONE',  ( 96.17599822994981196, 107.4866973876819998, 14.96409320829440048 ) ) ;
#3794 = ORIENTED_EDGE ( 'NONE', *, *, #1276, .T. ) ;
#3795 = CARTESIAN_POINT ( 'NONE',  ( 81.78548431396480112, 109.7866973876949999, 4.464101791381840378 ) ) ;
#3796 = EDGE_CURVE ( 'NONE', #441, #75, #1657, .T. ) ;
#3797 = CARTESIAN_POINT ( 'NONE',  ( 79.05343627929688921, 101.7866973876950141, 5.196151733398440165 ) ) ;
#3798 = ORIENTED_EDGE ( 'NONE', *, *, #3389, .F. ) ;
#3799 = VECTOR ( 'NONE', #2588, 1000.000000000000000 ) ;
#3800 = CARTESIAN_POINT ( 'NONE',  ( 82.05343627929690342, 110.4185193369179956, 6.928203582763670987 ) ) ;
#3801 = EDGE_LOOP ( 'NONE', ( #258, #1610, #1828, #322 ) ) ;
#3802 = DIRECTION ( 'NONE',  ( 1.776356839400250070E-15, 1.000000000000000000, -1.082467449009529993E-15 ) ) ;
#3803 = CARTESIAN_POINT ( 'NONE',  ( 77.82898742891943300, 110.0216071502809996, 6.539446750430522037 ) ) ;
#3804 = VERTEX_POINT ( 'NONE', #1639 ) ;
#3805 = DIRECTION ( 'NONE',  ( 0.000000000000000000, 1.000000000000000000, 0.000000000000000000 ) ) ;
#3806 = EDGE_CURVE ( 'NONE', #309, #2814, #1309, .T. ) ;
#3807 = DIRECTION ( 'NONE',  ( -1.000000000000000000, 0.000000000000000000, 0.000000000000000000 ) ) ;
#3808 = EDGE_CURVE ( 'NONE', #3656, #3326, #3770, .T. ) ;
#3809 = CARTESIAN_POINT ( 'NONE',  ( 117.7227911376949976, 100.5210742950440022, 18.00437259668209933 ) ) ;
#3810 = VERTEX_POINT ( 'NONE', #3171 ) ;
#3811 = CARTESIAN_POINT ( 'NONE',  ( 82.05343627929690342, 109.7866973876949999, 3.464101791381839934 ) ) ;
#3812 = LINE ( 'NONE', #189, #3644 ) ;
#3813 = VERTEX_POINT ( 'NONE', #479 ) ;
#3814 = VERTEX_POINT ( 'NONE', #127 ) ;
#3815 = DIRECTION ( 'NONE',  ( 0.000000000000000000, 1.000000000000000000, 0.000000000000000000 ) ) ;
#3816 = ORIENTED_EDGE ( 'NONE', *, *, #2196, .T. ) ;
#3817 = EDGE_CURVE ( 'NONE', #1161, #1676, #1769, .T. ) ;
#3818 = LINE ( 'NONE', #784, #2774 ) ;
#3819 = CARTESIAN_POINT ( 'NONE',  ( 75.59343627929690967, 111.1757812500000142, 8.920721054077150214 ) ) ;
#3820 = LINE ( 'NONE', #1143, #1939 ) ;
#3821 = ADVANCED_FACE ( 'NONE', ( #2557 ), #168, .T. ) ;
#3822 = EDGE_LOOP ( 'NONE', ( #380, #1693, #2167, #2432 ) ) ;
#3823 = DIRECTION ( 'NONE',  ( 1.000000000000000000, 0.000000000000000000, 0.000000000000000000 ) ) ;
#3824 = FACE_BOUND ( 'NONE', #1401, .T. ) ;
#3825 = EDGE_CURVE ( 'NONE', #3255, #518, #700, .T. ) ;
#3826 = LINE ( 'NONE', #2052, #3781 ) ;
#3827 = VERTEX_POINT ( 'NONE', #2517 ) ;
#3828 = CARTESIAN_POINT ( 'NONE',  ( 84.55343627929690342, 110.1203308105469887, 11.36526489257810013 ) ) ;
#3829 = FACE_OUTER_BOUND ( 'NONE', #2654, .T. ) ;
#3830 = VERTEX_POINT ( 'NONE', #1686 ) ;
#3831 = LINE ( 'NONE', #1228, #392 ) ;
#3832 = AXIS2_PLACEMENT_3D ( 'NONE', #558, #876, #2019 ) ;
#3833 = LINE ( 'NONE', #3248, #1305 ) ;
#3834 = ORIENTED_EDGE ( 'NONE', *, *, #3241, .T. ) ;
#3835 = FACE_OUTER_BOUND ( 'NONE', #2498, .T. ) ;
#3836 = VECTOR ( 'NONE', #3198, 1000.000000000000114 ) ;
#3837 = LINE ( 'NONE', #3615, #3836 ) ;
#3838 = CARTESIAN_POINT ( 'NONE',  ( 107.7985601806639977, 108.1757812500000000, 9.420721054077150214 ) ) ;
#3839 = EDGE_CURVE ( 'NONE', #1014, #3078, #704, .T. ) ;
#3840 = ORIENTED_EDGE ( 'NONE', *, *, #2789, .T. ) ;
#3841 = DIRECTION ( 'NONE',  ( -0.000000000000000000, 0.8403006853517374086, 0.5421206122233321878 ) ) ;
#3842 = DIRECTION ( 'NONE',  ( 0.000000000000000000, 1.000000000000000000, 0.000000000000000000 ) ) ;
#3843 = VECTOR ( 'NONE', #661, 1000.000000000000000 ) ;
#3844 = ORIENTED_EDGE ( 'NONE', *, *, #2983, .F. ) ;
#3845 = APPROVAL_PERSON_ORGANIZATION ( #250, #3539, #1397 ) ;
#3846 = DIRECTION ( 'NONE',  ( 0.000000000000000000, 1.000000000000000000, 0.000000000000000000 ) ) ;
#3847 = ORIENTED_EDGE ( 'NONE', *, *, #2542, .T. ) ;
#3848 = VECTOR ( 'NONE', #3114, 1000.000000000000114 ) ;
#3849 = PLANE ( 'NONE',  #3160 ) ;
#3850 = CARTESIAN_POINT ( 'NONE',  ( 81.78548431396480112, 101.7866973876950141, 2.464101791381839934 ) ) ;
#3851 = EDGE_LOOP ( 'NONE', ( #722, #767, #1139, #762 ) ) ;
#3852 = DIRECTION ( 'NONE',  ( 0.000000000000000000, 1.000000000000000000, 8.326672684688690816E-16 ) ) ;
#3853 = CARTESIAN_POINT ( 'NONE',  ( 81.73063881129276353, 99.20369191267897691, 0.5591017032597904723 ) ) ;
#3854 = ORIENTED_EDGE ( 'NONE', *, *, #2360, .F. ) ;
#3855 = EDGE_CURVE ( 'NONE', #1004, #881, #1943, .T. ) ;
#3856 = CARTESIAN_POINT ( 'NONE',  ( 78.63922119140620737, 109.7866973876949999, 2.049888610839839753 ) ) ;
#3857 = DIRECTION ( 'NONE',  ( -0.9914448304674222667, 0.000000000000000000, -0.1305264269771610197 ) ) ;
#3858 = VECTOR ( 'NONE', #1177, 1000.000000000000000 ) ;
#3859 = VERTEX_POINT ( 'NONE', #997 ) ;
#3860 = ORIENTED_EDGE ( 'NONE', *, *, #2922, .F. ) ;
#3861 = LINE ( 'NONE', #511, #800 ) ;
#3862 = DIRECTION ( 'NONE',  ( 1.000000000000000000, 0.000000000000000000, 0.000000000000000000 ) ) ;
#3863 = VECTOR ( 'NONE', #1323, 1000.000000000000000 ) ;
#3864 = EDGE_CURVE ( 'NONE', #24, #490, #1661, .T. ) ;
#3865 = LINE ( 'NONE', #3182, #179 ) ;
#3866 = VERTEX_POINT ( 'NONE', #3135 ) ;
#3867 = CARTESIAN_POINT ( 'NONE',  ( 113.2985601806639977, 101.7866973876950141, 5.196151733398529871 ) ) ;
#3868 = DIRECTION ( 'NONE',  ( 1.000000000000000000, -3.331655938786249838E-13, 0.000000000000000000 ) ) ;
#3869 = EDGE_CURVE ( 'NONE', #1795, #3415, #1903, .T. ) ;
#3870 = DIRECTION ( 'NONE',  ( 1.000000000000000000, -0.000000000000000000, 0.000000000000000000 ) ) ;
#3871 = CARTESIAN_POINT ( 'NONE',  ( 107.7985601806639977, 107.7866973876909924, 14.96409320829829959 ) ) ;
#3872 = ORIENTED_EDGE ( 'NONE', *, *, #895, .T. ) ;
#3873 = PERSON_AND_ORGANIZATION ( #2108, #2327 ) ;
#3874 = ADVANCED_FACE ( 'NONE', ( #2561 ), #419, .T. ) ;
#3875 = PLANE ( 'NONE',  #373 ) ;
#3876 = VERTEX_POINT ( 'NONE', #2880 ) ;
#3877 = VERTEX_POINT ( 'NONE', #1375 ) ;
#3878 = VERTEX_POINT ( 'NONE', #3752 ) ;
#3879 = EDGE_CURVE ( 'NONE', #1413, #1388, #2238, .T. ) ;
#3880 = ORIENTED_EDGE ( 'NONE', *, *, #702, .T. ) ;
#3881 = PLANE ( 'NONE',  #3197 ) ;
#3882 = CARTESIAN_POINT ( 'NONE',  ( 110.3667135620120092, 101.7866973876950141, 2.946463584899900123 ) ) ;
#3883 = CARTESIAN_POINT ( 'NONE',  ( 80.05343627929690342, 109.7866973876949999, 5.464101791381840378 ) ) ;
#3884 = EDGE_LOOP ( 'NONE', ( #1775, #1220, #283, #2473 ) ) ;
#3885 = LINE ( 'NONE', #3530, #828 ) ;
#3886 = FACE_OUTER_BOUND ( 'NONE', #3468, .T. ) ;
#3887 = CARTESIAN_POINT ( 'NONE',  ( 117.7227911376949976, 99.53611373896720238, 14.96409320826940181 ) ) ;
#3888 = DIRECTION ( 'NONE',  ( 1.000000000000000000, 0.000000000000000000, 0.000000000000000000 ) ) ;
#3889 = EDGE_CURVE ( 'NONE', #2398, #1917, #3453, .T. ) ;
#3890 = ORIENTED_EDGE ( 'NONE', *, *, #2184, .T. ) ;
#3891 = COORDINATED_UNIVERSAL_TIME_OFFSET ( 3, 0, .AHEAD. ) ;
#3892 = AXIS2_PLACEMENT_3D ( 'NONE', #1976, #2280, #1056 ) ;
#3893 = LINE ( 'NONE', #842, #2080 ) ;
#3894 = ORIENTED_EDGE ( 'NONE', *, *, #447, .T. ) ;
#3895 = AXIS2_PLACEMENT_3D ( 'NONE', #21, #1526, #944 ) ;
#3896 = ADVANCED_FACE ( 'NONE', ( #1963 ), #148, .F. ) ;
#3897 = VECTOR ( 'NONE', #3300, 1000.000000000000000 ) ;
#3898 = ORIENTED_EDGE ( 'NONE', *, *, #2824, .F. ) ;
#3899 = DIRECTION ( 'NONE',  ( -0.7742633737221439327, 1.635190090103309851E-15, -0.6328635146004258916 ) ) ;
#3900 = LINE ( 'NONE', #668, #604 ) ;
#3901 = EDGE_CURVE ( 'NONE', #581, #2519, #2285, .T. ) ;
#3902 = CARTESIAN_POINT ( 'NONE',  ( 81.46765136718750000, 101.7866973876950141, 4.878314971923830790 ) ) ;
#3903 = ORIENTED_EDGE ( 'NONE', *, *, #909, .T. ) ;
#3904 = LINE ( 'NONE', #2093, #2721 ) ;
#3905 = PLANE ( 'NONE',  #3832 ) ;
#3906 = VECTOR ( 'NONE', #2609, 1000.000000000000000 ) ;
#3907 = AXIS2_PLACEMENT_3D ( 'NONE', #3774, #1063, #3174 ) ;
#3908 = VECTOR ( 'NONE', #2804, 1000.000000000000000 ) ;
#3909 = DIRECTION ( 'NONE',  ( -1.000000000000000000, 0.000000000000000000, -0.000000000000000000 ) ) ;
#3910 = LINE ( 'NONE', #248, #1613 ) ;
#3911 = LINE ( 'NONE', #1966, #3006 ) ;
#3912 = ORIENTED_EDGE ( 'NONE', *, *, #2810, .T. ) ;
#3913 = EDGE_CURVE ( 'NONE', #3039, #2532, #3416, .T. ) ;
#3914 = CARTESIAN_POINT ( 'NONE',  ( 74.51279113769530227, 105.4820880890380010, 22.20573520655729993 ) ) ;
#3915 = VERTEX_POINT ( 'NONE', #195 ) ;
ENDSEC;
END-ISO-10303-21;
