ISO-10303-21;
HEADER;
FILE_DESCRIPTION(('STEP AP242'),
    '1');
FILE_NAME('small03',
    '',
    ('UNSPECIFIED'),
    ('UNSPECIFIED'),
    'C3D Converter',
    'C3D Toolkit',
    '');
FILE_SCHEMA(('AP242_MANAGED_MODEL_BASED_3D_ENGINEERING_MIM_LF { 1 0 10303 442 1 1 4 }'));
ENDSEC;

DATA;
#1=PRODUCT_DEFINITION('','UNSPECIFIED',#28,#31);
#2=SHAPE_DEFINITION_REPRESENTATION(#26,#3);
#3=SHAPE_REPRESENTATION('NONE',(#4),#8);
#4=AXIS2_PLACEMENT_3D('',#5,#6,#7);
#5=CARTESIAN_POINT('',(0.,0.,0.));
#6=DIRECTION('',(0.,0.,1.));
#7=DIRECTION('',(1.,0.,0.));
#8=(GEOMETRIC_REPRESENTATION_CONTEXT(3)GLOBAL_UNCERTAINTY_ASSIGNED_CONTEXT((#10))
GLOBAL_UNIT_ASSIGNED_CONTEXT((#9,#11,#12))REPRESENTATION_CONTEXT('NONE','NONE'));
#9=(LENGTH_UNIT()NAMED_UNIT(*)SI_UNIT(.MILLI.,.METRE.));
#10=UNCERTAINTY_MEASURE_WITH_UNIT(LENGTH_MEASURE(1.E-5),#9,'NONE','NONE');
#11=(NAMED_UNIT(*)PLANE_ANGLE_UNIT()SI_UNIT($,.RADIAN.));
#12=(NAMED_UNIT(*)SI_UNIT($,.STERADIAN.)SOLID_ANGLE_UNIT());
#13=MANIFOLD_SOLID_BREP('',#14);
#14=CLOSED_SHELL('',(#53,#54,#55,#56,#57,#58,#59,#60,#61,#62,#63,#64,#65,#66,#67,
#68,#69,#70,#71,#72,#73,#74,#75,#76,#77,#78,#79,#80,#81,#82,#83,#84,#85,#86,#87,
#88,#89,#90,#91,#92,#93,#94,#95,#96,#97,#98,#99,#100,#101,#102,#103,#104,#105,#106,
#107,#108,#109,#110,#111,#112,#113,#114,#115,#116,#117,#118,#119,#120,#121,#122,
#123,#124,#125,#126,#127,#128,#129,#130,#131,#132,#133,#134,#135,#136,#137,#138,
#139,#140,#141,#142,#143,#144,#145,#146,#147,#148,#149,#150,#151,#152,#153,#154,
#155,#156,#157));
#15=COLOUR_RGB('',0.564705882352941,0.564705882352941,0.564705882352941);
#16=FILL_AREA_STYLE_COLOUR('',#15);
#17=FILL_AREA_STYLE($,(#16));
#18=SURFACE_STYLE_FILL_AREA(#17);
#19=SURFACE_SIDE_STYLE('',(#18));
#20=SURFACE_STYLE_USAGE(.BOTH.,#19);
#21=PRESENTATION_STYLE_ASSIGNMENT((#20));
#22=MECHANICAL_DESIGN_GEOMETRIC_PRESENTATION_REPRESENTATION('NONE',(#23),#8);
#23=STYLED_ITEM('',(#21),#13);
#24=ADVANCED_BREP_SHAPE_REPRESENTATION('NONE',(#13),#8);
#25=SHAPE_REPRESENTATION_RELATIONSHIP('','',#3,#24);
#26=PRODUCT_DEFINITION_SHAPE('NONE','NONE',#1);
#27=MECHANICAL_CONTEXT('NONE',#32,'mechanical');
#28=PRODUCT_DEFINITION_FORMATION_WITH_SPECIFIED_SOURCE('ANY','UNSPECIFIED',#29,.NOT_KNOWN.);
#29=PRODUCT('small02','small02','NONE',(#27));
#30=PRODUCT_RELATED_PRODUCT_CATEGORY('detail','',(#29));
#31=DESIGN_CONTEXT('detailed design',#32,'design');
#32=APPLICATION_CONTEXT('configuration controlled 3d designs of mechanical parts and assemblies');
#33=APPLICATION_PROTOCOL_DEFINITION('international standard','config_control_design',
1994,#32);
#34=CC_DESIGN_DATE_AND_TIME_ASSIGNMENT(#35,#39,(#1));
#35=DATE_AND_TIME(#36,#37);
#36=CALENDAR_DATE(0,1,1);
#37=LOCAL_TIME(0,0,0.,#38);
#38=COORDINATED_UNIVERSAL_TIME_OFFSET(0,0,.AHEAD.);
#39=DATE_TIME_ROLE('creation_date');
#40=CC_DESIGN_APPROVAL(#41,(#1));
#41=APPROVAL(#42,'UNSPECIFIED');
#42=APPROVAL_STATUS('not_yet_approved');
#43=APPROVAL_DATE_TIME(#44,#41);
#44=DATE_AND_TIME(#45,#46);
#45=CALENDAR_DATE(0,1,1);
#46=LOCAL_TIME(0,0,0.,#47);
#47=COORDINATED_UNIVERSAL_TIME_OFFSET(0,0,.AHEAD.);
#48=PERSON('UNSPECIFIED','UNSPECIFIED','UNSPECIFIED',('UNSPECIFIED'),('UNSPECIFIED'),
('UNSPECIFIED'));
#49=ORGANIZATION('UNSPECIFIED','UNSPECIFIED','UNSPECIFIED');
#50=PERSON_AND_ORGANIZATION(#48,#49);
#51=PERSON_AND_ORGANIZATION_ROLE('creator');
#52=CC_DESIGN_PERSON_AND_ORGANIZATION_ASSIGNMENT(#50,#51,(#28,#1));
#53=ADVANCED_FACE('',(#158),#160,.F.);
#54=ADVANCED_FACE('',(#165),#167,.F.);
#55=ADVANCED_FACE('',(#172),#174,.F.);
#56=ADVANCED_FACE('',(#179),#181,.F.);
#57=ADVANCED_FACE('',(#186),#188,.F.);
#58=ADVANCED_FACE('',(#193),#195,.F.);
#59=ADVANCED_FACE('',(#200,#202),#204,.F.);
#60=ADVANCED_FACE('',(#209,#211),#213,.F.);
#61=ADVANCED_FACE('',(#218,#220),#222,.F.);
#62=ADVANCED_FACE('',(#227,#229),#231,.F.);
#63=ADVANCED_FACE('',(#236,#238),#240,.T.);
#64=ADVANCED_FACE('',(#245,#247),#249,.T.);
#65=ADVANCED_FACE('',(#254,#256,#258),#260,.F.);
#66=ADVANCED_FACE('',(#265,#267,#269),#271,.F.);
#67=ADVANCED_FACE('',(#276),#278,.F.);
#68=ADVANCED_FACE('',(#283,#285),#287,.T.);
#69=ADVANCED_FACE('',(#292),#294,.F.);
#70=ADVANCED_FACE('',(#299),#301,.F.);
#71=ADVANCED_FACE('',(#306,#308),#310,.F.);
#72=ADVANCED_FACE('',(#315),#317,.F.);
#73=ADVANCED_FACE('',(#322),#324,.F.);
#74=ADVANCED_FACE('',(#329,#331),#333,.T.);
#75=ADVANCED_FACE('',(#338,#340),#342,.F.);
#76=ADVANCED_FACE('',(#347),#349,.T.);
#77=ADVANCED_FACE('',(#354),#356,.T.);
#78=ADVANCED_FACE('',(#361,#363),#365,.F.);
#79=ADVANCED_FACE('',(#370),#372,.F.);
#80=ADVANCED_FACE('',(#377),#379,.T.);
#81=ADVANCED_FACE('',(#384),#386,.T.);
#82=ADVANCED_FACE('',(#391),#393,.F.);
#83=ADVANCED_FACE('',(#398),#400,.F.);
#84=ADVANCED_FACE('',(#405),#407,.F.);
#85=ADVANCED_FACE('',(#412),#414,.F.);
#86=ADVANCED_FACE('',(#419),#421,.F.);
#87=ADVANCED_FACE('',(#426),#428,.T.);
#88=ADVANCED_FACE('',(#433),#435,.F.);
#89=ADVANCED_FACE('',(#440),#442,.T.);
#90=ADVANCED_FACE('',(#447),#449,.T.);
#91=ADVANCED_FACE('',(#454),#456,.T.);
#92=ADVANCED_FACE('',(#461),#463,.T.);
#93=ADVANCED_FACE('',(#468),#470,.T.);
#94=ADVANCED_FACE('',(#475),#477,.T.);
#95=ADVANCED_FACE('',(#482),#484,.T.);
#96=ADVANCED_FACE('',(#489),#491,.T.);
#97=ADVANCED_FACE('',(#496),#498,.T.);
#98=ADVANCED_FACE('',(#503),#505,.T.);
#99=ADVANCED_FACE('',(#510),#512,.T.);
#100=ADVANCED_FACE('',(#517),#519,.T.);
#101=ADVANCED_FACE('',(#524),#526,.T.);
#102=ADVANCED_FACE('',(#531),#533,.T.);
#103=ADVANCED_FACE('',(#538),#540,.T.);
#104=ADVANCED_FACE('',(#545),#547,.T.);
#105=ADVANCED_FACE('',(#552),#554,.T.);
#106=ADVANCED_FACE('',(#559),#561,.T.);
#107=ADVANCED_FACE('',(#566),#568,.T.);
#108=ADVANCED_FACE('',(#573),#575,.T.);
#109=ADVANCED_FACE('',(#580),#582,.T.);
#110=ADVANCED_FACE('',(#587),#589,.T.);
#111=ADVANCED_FACE('',(#594),#596,.T.);
#112=ADVANCED_FACE('',(#601),#603,.T.);
#113=ADVANCED_FACE('',(#608),#610,.F.);
#114=ADVANCED_FACE('',(#615),#617,.T.);
#115=ADVANCED_FACE('',(#622),#624,.T.);
#116=ADVANCED_FACE('',(#629),#631,.T.);
#117=ADVANCED_FACE('',(#636),#638,.T.);
#118=ADVANCED_FACE('',(#643),#645,.T.);
#119=ADVANCED_FACE('',(#650),#652,.T.);
#120=ADVANCED_FACE('',(#657),#659,.T.);
#121=ADVANCED_FACE('',(#664),#666,.T.);
#122=ADVANCED_FACE('',(#671),#673,.T.);
#123=ADVANCED_FACE('',(#678),#680,.T.);
#124=ADVANCED_FACE('',(#685),#687,.T.);
#125=ADVANCED_FACE('',(#692),#694,.T.);
#126=ADVANCED_FACE('',(#699),#701,.T.);
#127=ADVANCED_FACE('',(#706),#708,.T.);
#128=ADVANCED_FACE('',(#713),#715,.T.);
#129=ADVANCED_FACE('',(#720),#722,.T.);
#130=ADVANCED_FACE('',(#727),#729,.T.);
#131=ADVANCED_FACE('',(#734),#736,.T.);
#132=ADVANCED_FACE('',(#741),#743,.T.);
#133=ADVANCED_FACE('',(#748),#750,.T.);
#134=ADVANCED_FACE('',(#755),#757,.T.);
#135=ADVANCED_FACE('',(#762),#764,.T.);
#136=ADVANCED_FACE('',(#769),#771,.T.);
#137=ADVANCED_FACE('',(#776),#778,.T.);
#138=ADVANCED_FACE('',(#783),#785,.T.);
#139=ADVANCED_FACE('',(#790),#792,.F.);
#140=ADVANCED_FACE('',(#797),#799,.T.);
#141=ADVANCED_FACE('',(#804),#806,.T.);
#142=ADVANCED_FACE('',(#811),#813,.T.);
#143=ADVANCED_FACE('',(#818),#820,.T.);
#144=ADVANCED_FACE('',(#825),#827,.T.);
#145=ADVANCED_FACE('',(#832),#834,.T.);
#146=ADVANCED_FACE('',(#839),#841,.T.);
#147=ADVANCED_FACE('',(#846),#848,.T.);
#148=ADVANCED_FACE('',(#853),#855,.T.);
#149=ADVANCED_FACE('',(#860),#862,.T.);
#150=ADVANCED_FACE('',(#867),#869,.T.);
#151=ADVANCED_FACE('',(#874),#876,.T.);
#152=ADVANCED_FACE('',(#881),#883,.T.);
#153=ADVANCED_FACE('',(#888),#890,.T.);
#154=ADVANCED_FACE('',(#895),#897,.T.);
#155=ADVANCED_FACE('',(#902),#904,.T.);
#156=ADVANCED_FACE('',(#909),#911,.T.);
#157=ADVANCED_FACE('',(#916),#918,.T.);
#158=FACE_BOUND('',#159,.T.);
#159=EDGE_LOOP('',(#923,#924,#925,#926,#927));
#160=PLANE('',#161);
#161=AXIS2_PLACEMENT_3D('',#162,#163,#164);
#162=CARTESIAN_POINT('',(108.944155116672,99.203691912679,3.46410170325966));
#163=DIRECTION('',(-0.866025403784438,1.05546318607093E-15,0.500000000000001));
#164=DIRECTION('',(0.500000000000001,0.,0.866025403784438));
#165=FACE_BOUND('',#166,.T.);
#166=EDGE_LOOP('',(#928,#929,#930,#931));
#167=PLANE('',#168);
#168=AXIS2_PLACEMENT_3D('',#169,#170,#171);
#169=CARTESIAN_POINT('',(110.621357648668,99.203691912679,6.36910170325966));
#170=DIRECTION('',(2.58573941262852E-16,2.11092637214186E-15,1.));
#171=DIRECTION('',(0.,-1.,2.11092637214186E-15));
#172=FACE_BOUND('',#173,.T.);
#173=EDGE_LOOP('',(#932,#933,#934,#935,#936));
#174=PLANE('',#175);
#175=AXIS2_PLACEMENT_3D('',#176,#177,#178);
#176=CARTESIAN_POINT('',(113.97576271266,99.203691912679,6.36910170325966));
#177=DIRECTION('',(0.866025403784439,1.05546318607093E-15,0.5));
#178=DIRECTION('',(0.5,-5.85899765410086E-32,-0.866025403784439));
#179=FACE_BOUND('',#180,.T.);
#180=EDGE_LOOP('',(#937,#938,#939,#940,#941));
#181=PLANE('',#182);
#182=AXIS2_PLACEMENT_3D('',#183,#184,#185);
#183=CARTESIAN_POINT('',(56.0242733733208,99.203691912679,-32.3456293132401));
#184=DIRECTION('',(-0.866025403784438,0.,0.500000000000001));
#185=DIRECTION('',(0.500000000000001,0.,0.866025403784438));
#186=FACE_BOUND('',#187,.T.);
#187=EDGE_LOOP('',(#942,#943,#944,#945));
#188=PLANE('',#189);
#189=AXIS2_PLACEMENT_3D('',#190,#191,#192);
#190=CARTESIAN_POINT('',(0.,99.203691912679,6.36910170325981));
#191=DIRECTION('',(2.58573941262846E-16,0.,1.));
#192=DIRECTION('',(1.,0.,-2.58573941262846E-16));
#193=FACE_BOUND('',#194,.T.);
#194=EDGE_LOOP('',(#946,#947,#948,#949,#950));
#195=PLANE('',#196);
#196=AXIS2_PLACEMENT_3D('',#197,#198,#199);
#197=CARTESIAN_POINT('',(64.0558810456245,99.203691912679,36.9826801648699));
#198=DIRECTION('',(0.866025403784439,0.,0.5));
#199=DIRECTION('',(0.5,0.,-0.866025403784439));
#200=FACE_BOUND('',#201,.T.);
#201=EDGE_LOOP('',(#951,#952,#953,#954,#955,#956));
#202=FACE_BOUND('',#203,.T.);
#203=EDGE_LOOP('',(#957));
#204=PLANE('',#205);
#205=AXIS2_PLACEMENT_3D('',#206,#207,#208);
#206=CARTESIAN_POINT('',(116.798560180664,101.786697387695,22.9983483809831));
#207=DIRECTION('',(-1.,0.,0.));
#208=DIRECTION('',(0.,0.,1.));
#209=FACE_BOUND('',#210,.T.);
#210=EDGE_LOOP('',(#958,#959,#960,#961,#962,#963));
#211=FACE_BOUND('',#212,.T.);
#212=EDGE_LOOP('',(#964));
#213=PLANE('',#214);
#214=AXIS2_PLACEMENT_3D('',#215,#216,#217);
#215=CARTESIAN_POINT('',(75.5534362792969,107.786697387701,22.9983483809831));
#216=DIRECTION('',(1.,0.,0.));
#217=DIRECTION('',(0.,1.,0.));
#218=FACE_BOUND('',#219,.T.);
#219=EDGE_LOOP('',(#965,#966,#967,#968,#969,#970,#971,#972,#973));
#220=FACE_BOUND('',#221,.T.);
#221=EDGE_LOOP('',(#974));
#222=PLANE('',#223);
#223=AXIS2_PLACEMENT_3D('',#224,#225,#226);
#224=CARTESIAN_POINT('',(84.5534362792969,101.786697387695,22.9983483809831));
#225=DIRECTION('',(-1.,0.,0.));
#226=DIRECTION('',(0.,0.,1.));
#227=FACE_BOUND('',#228,.T.);
#228=EDGE_LOOP('',(#975,#976,#977,#978,#979,#980,#981,#982,#983));
#229=FACE_BOUND('',#230,.T.);
#230=EDGE_LOOP('',(#984));
#231=PLANE('',#232);
#232=AXIS2_PLACEMENT_3D('',#233,#234,#235);
#233=CARTESIAN_POINT('',(107.798560180664,107.786697387691,22.9983483809831));
#234=DIRECTION('',(1.,0.,0.));
#235=DIRECTION('',(0.,1.,0.));
#236=FACE_BOUND('',#237,.T.);
#237=EDGE_LOOP('',(#985,#986,#987,#988,#989,#990));
#238=FACE_BOUND('',#239,.T.);
#239=EDGE_LOOP('',(#991,#992,#993,#994,#995,#996,#997,#998,#999,#1000,#1001,#1002,
#1003,#1004,#1005,#1006,#1007,#1008,#1009,#1010,#1011,#1012,#1013,#1014));
#240=PLANE('',#241);
#241=AXIS2_PLACEMENT_3D('',#242,#243,#244);
#242=CARTESIAN_POINT('',(80.5710754394531,109.786697387695,1.53224945068359));
#243=DIRECTION('',(0.,1.,0.));
#244=DIRECTION('',(1.,0.,0.));
#245=FACE_BOUND('',#246,.T.);
#246=EDGE_LOOP('',(#1015,#1016,#1017,#1018,#1019,#1020));
#247=FACE_BOUND('',#248,.T.);
#248=EDGE_LOOP('',(#1021,#1022,#1023,#1024,#1025,#1026,#1027,#1028,#1029,#1030,#1031,
#1032,#1033,#1034,#1035,#1036,#1037,#1038,#1039,#1040,#1041,#1042,#1043,#1044));
#249=PLANE('',#250);
#250=AXIS2_PLACEMENT_3D('',#251,#252,#253);
#251=CARTESIAN_POINT('',(110.884352722168,109.786697387695,2.04988861083984));
#252=DIRECTION('',(0.,1.,0.));
#253=DIRECTION('',(1.,0.,0.));
#254=FACE_OUTER_BOUND('',#255,.T.);
#255=EDGE_LOOP('',(#1045));
#256=FACE_OUTER_BOUND('',#257,.T.);
#257=EDGE_LOOP('',(#1046));
#258=FACE_BOUND('',#259,.T.);
#259=EDGE_LOOP('',(#1047,#1048,#1049,#1050));
#260=CYLINDRICAL_SURFACE('',#261,3.15);
#261=AXIS2_PLACEMENT_3D('',#262,#263,#264);
#262=CARTESIAN_POINT('',(74.5127911376953,108.175881408146,8.90338714491717));
#263=DIRECTION('',(1.,0.,0.));
#264=DIRECTION('',(0.,1.,6.12323399573677E-17));
#265=FACE_OUTER_BOUND('',#266,.T.);
#266=EDGE_LOOP('',(#1051));
#267=FACE_OUTER_BOUND('',#268,.T.);
#268=EDGE_LOOP('',(#1052));
#269=FACE_BOUND('',#270,.T.);
#270=EDGE_LOOP('',(#1053,#1054,#1055,#1056));
#271=CYLINDRICAL_SURFACE('',#272,3.15);
#272=AXIS2_PLACEMENT_3D('',#273,#274,#275);
#273=CARTESIAN_POINT('',(74.5127911376953,108.175881408146,8.90338714491717));
#274=DIRECTION('',(1.,0.,0.));
#275=DIRECTION('',(0.,1.,6.12323399573677E-17));
#276=FACE_BOUND('',#277,.T.);
#277=EDGE_LOOP('',(#1057,#1058,#1059,#1060));
#278=PLANE('',#279);
#279=AXIS2_PLACEMENT_3D('',#280,#281,#282);
#280=CARTESIAN_POINT('',(110.621357648668,99.203691912679,0.559101703259664));
#281=DIRECTION('',(-0.866025403784438,-1.05546318607093E-15,-0.500000000000001));
#282=DIRECTION('',(-0.500000000000001,0.,0.866025403784438));
#283=FACE_BOUND('',#284,.T.);
#284=EDGE_LOOP('',(#1061,#1062,#1063,#1064));
#285=FACE_BOUND('',#286,.T.);
#286=EDGE_LOOP('',(#1065,#1066,#1067,#1068,#1069,#1070));
#287=PLANE('',#288);
#288=AXIS2_PLACEMENT_3D('',#289,#290,#291);
#289=CARTESIAN_POINT('',(110.298560180664,112.786697387695,0.));
#290=DIRECTION('',(0.,1.,-2.11092637214186E-15));
#291=DIRECTION('',(0.,-2.11092637214186E-15,-1.));
#292=FACE_BOUND('',#293,.T.);
#293=EDGE_LOOP('',(#1071,#1072,#1073,#1074));
#294=PLANE('',#295);
#295=AXIS2_PLACEMENT_3D('',#296,#297,#298);
#296=CARTESIAN_POINT('',(115.652965244656,99.203691912679,3.46410170325965));
#297=DIRECTION('',(0.866025403784438,-1.05546318607093E-15,-0.500000000000002));
#298=DIRECTION('',(-0.500000000000002,0.,-0.866025403784438));
#299=FACE_BOUND('',#300,.T.);
#300=EDGE_LOOP('',(#1075,#1076,#1077,#1078));
#301=PLANE('',#302);
#302=AXIS2_PLACEMENT_3D('',#303,#304,#305);
#303=CARTESIAN_POINT('',(59.024273449637,99.203691912679,34.0776801648698));
#304=DIRECTION('',(-0.86602540378444,0.,-0.499999999999998));
#305=DIRECTION('',(-0.499999999999998,0.,0.86602540378444));
#306=FACE_BOUND('',#307,.T.);
#307=EDGE_LOOP('',(#1079,#1080,#1081,#1082));
#308=FACE_BOUND('',#309,.T.);
#309=EDGE_LOOP('',(#1083,#1084,#1085,#1086,#1087,#1088));
#310=PLANE('',#311);
#311=AXIS2_PLACEMENT_3D('',#312,#313,#314);
#312=CARTESIAN_POINT('',(84.0534362792969,112.786697387695,3.46410179138184));
#313=DIRECTION('',(0.,-1.,0.));
#314=DIRECTION('',(0.,0.,-1.));
#315=FACE_BOUND('',#316,.T.);
#316=EDGE_LOOP('',(#1089,#1090,#1091,#1092));
#317=PLANE('',#318);
#318=AXIS2_PLACEMENT_3D('',#319,#320,#321);
#319=CARTESIAN_POINT('',(61.0558809693083,99.203691912679,-35.2506293132401));
#320=DIRECTION('',(0.866025403784437,0.,-0.500000000000003));
#321=DIRECTION('',(-0.500000000000003,0.,-0.866025403784437));
#322=FACE_BOUND('',#323,.T.);
#323=EDGE_LOOP('',(#1093,#1094,#1095,#1096));
#324=PLANE('',#325);
#325=AXIS2_PLACEMENT_3D('',#326,#327,#328);
#326=CARTESIAN_POINT('',(116.798560180664,107.786697387695,22.9983483809831));
#327=DIRECTION('',(4.45631186273153E-13,-1.,0.));
#328=DIRECTION('',(0.,0.,-1.));
#329=FACE_BOUND('',#330,.T.);
#330=EDGE_LOOP('',(#1097,#1098,#1099,#1100));
#331=FACE_BOUND('',#332,.T.);
#332=EDGE_LOOP('',(#1101,#1102,#1103,#1104,#1105,#1106,#1107,#1108,#1109,#1110));
#333=PLANE('',#334);
#334=AXIS2_PLACEMENT_3D('',#335,#336,#337);
#335=CARTESIAN_POINT('',(74.5127911376953,99.5361137389672,14.9640932082694));
#336=DIRECTION('',(0.,5.50606407306606E-12,-1.));
#337=DIRECTION('',(-1.,0.,0.));
#338=FACE_BOUND('',#339,.T.);
#339=EDGE_LOOP('',(#1111,#1112,#1113,#1114,#1115));
#340=FACE_BOUND('',#341,.T.);
#341=EDGE_LOOP('',(#1116,#1117,#1118,#1119,#1120,#1121,#1122,#1123,#1124,#1125,#1126,
#1127,#1128,#1129,#1130,#1131,#1132,#1133,#1134,#1135,#1136,#1137,#1138,#1139));
#342=PLANE('',#343);
#343=AXIS2_PLACEMENT_3D('',#344,#345,#346);
#344=CARTESIAN_POINT('',(116.786307373047,101.786697387695,22.9983483809831));
#345=DIRECTION('',(0.,1.,0.));
#346=DIRECTION('',(1.,0.,0.));
#347=FACE_BOUND('',#348,.T.);
#348=EDGE_LOOP('',(#1140,#1141,#1142,#1143));
#349=PLANE('',#350);
#350=AXIS2_PLACEMENT_3D('',#351,#352,#353);
#351=CARTESIAN_POINT('',(114.298560180664,109.786697387695,0.));
#352=DIRECTION('',(0.,0.,-1.));
#353=DIRECTION('',(0.,-1.,0.));
#354=FACE_BOUND('',#355,.T.);
#355=EDGE_LOOP('',(#1144,#1145,#1146,#1147));
#356=PLANE('',#357);
#357=AXIS2_PLACEMENT_3D('',#358,#359,#360);
#358=CARTESIAN_POINT('',(116.798560180664,111.786697387695,13.464093208313));
#359=DIRECTION('',(0.,0.,1.));
#360=DIRECTION('',(1.,0.,0.));
#361=FACE_BOUND('',#362,.T.);
#362=EDGE_LOOP('',(#1148,#1149,#1150,#1151,#1152));
#363=FACE_BOUND('',#364,.T.);
#364=EDGE_LOOP('',(#1153,#1154,#1155,#1156,#1157,#1158,#1159,#1160,#1161,#1162,#1163,
#1164,#1165,#1166,#1167,#1168,#1169,#1170,#1171,#1172,#1173,#1174,#1175,#1176));
#365=PLANE('',#366);
#366=AXIS2_PLACEMENT_3D('',#367,#368,#369);
#367=CARTESIAN_POINT('',(84.5411834716797,101.786697387695,22.9983483809831));
#368=DIRECTION('',(0.,1.,0.));
#369=DIRECTION('',(1.,0.,0.));
#370=FACE_BOUND('',#371,.T.);
#371=EDGE_LOOP('',(#1177,#1178,#1179,#1180));
#372=PLANE('',#373);
#373=AXIS2_PLACEMENT_3D('',#374,#375,#376);
#374=CARTESIAN_POINT('',(84.5534362792969,107.786697387695,22.9983483809831));
#375=DIRECTION('',(-6.66133814775094E-13,-1.,0.));
#376=DIRECTION('',(-1.,6.66133814775094E-13,0.));
#377=FACE_BOUND('',#378,.T.);
#378=EDGE_LOOP('',(#1181,#1182,#1183,#1184));
#379=PLANE('',#380);
#380=AXIS2_PLACEMENT_3D('',#381,#382,#383);
#381=CARTESIAN_POINT('',(84.5534362792969,111.786697387695,13.464093208313));
#382=DIRECTION('',(0.,0.,1.));
#383=DIRECTION('',(1.,0.,0.));
#384=FACE_BOUND('',#385,.T.);
#385=EDGE_LOOP('',(#1185,#1186,#1187,#1188));
#386=PLANE('',#387);
#387=AXIS2_PLACEMENT_3D('',#388,#389,#390);
#388=CARTESIAN_POINT('',(82.0534362792969,111.786697387695,0.));
#389=DIRECTION('',(0.,0.,-1.));
#390=DIRECTION('',(0.,-1.,0.));
#391=FACE_BOUND('',#392,.T.);
#392=EDGE_LOOP('',(#1189,#1190,#1191,#1192));
#393=PLANE('',#394);
#394=AXIS2_PLACEMENT_3D('',#395,#396,#397);
#395=CARTESIAN_POINT('',(0.,103.486697387695,10.9640932082638));
#396=DIRECTION('',(0.,-0.707106781190444,0.707106781182651));
#397=DIRECTION('',(-1.,0.,0.));
#398=FACE_BOUND('',#399,.T.);
#399=EDGE_LOOP('',(#1193,#1194,#1195));
#400=PLANE('',#401);
#401=AXIS2_PLACEMENT_3D('',#402,#403,#404);
#402=CARTESIAN_POINT('',(0.,103.486697387695,0.));
#403=DIRECTION('',(0.,-1.,0.));
#404=DIRECTION('',(0.,0.,-1.));
#405=FACE_BOUND('',#406,.T.);
#406=EDGE_LOOP('',(#1196,#1197,#1198,#1199,#1200));
#407=PLANE('',#408);
#408=AXIS2_PLACEMENT_3D('',#409,#410,#411);
#409=CARTESIAN_POINT('',(31.187596884316,103.486697387695,-38.1558004606773));
#410=DIRECTION('',(-0.632863514600426,0.,0.774263373722144));
#411=DIRECTION('',(0.,1.,0.));
#412=FACE_BOUND('',#413,.T.);
#413=EDGE_LOOP('',(#1201,#1202,#1203));
#414=PLANE('',#415);
#415=AXIS2_PLACEMENT_3D('',#416,#417,#418);
#416=CARTESIAN_POINT('',(0.,103.486697387695,0.));
#417=DIRECTION('',(0.,-1.,0.));
#418=DIRECTION('',(0.,0.,-1.));
#419=FACE_BOUND('',#420,.T.);
#420=EDGE_LOOP('',(#1204,#1205,#1206,#1207));
#421=PLANE('',#422);
#422=AXIS2_PLACEMENT_3D('',#423,#424,#425);
#423=CARTESIAN_POINT('',(0.,103.486697387695,10.9640932082638));
#424=DIRECTION('',(0.,-0.707106781190444,0.707106781182651));
#425=DIRECTION('',(-1.,0.,0.));
#426=FACE_BOUND('',#427,.T.);
#427=EDGE_LOOP('',(#1208,#1209,#1210,#1211,#1212));
#428=PLANE('',#429);
#429=AXIS2_PLACEMENT_3D('',#430,#431,#432);
#430=CARTESIAN_POINT('',(45.8524992077179,103.486697387695,56.0972625394191));
#431=DIRECTION('',(-0.632863514600426,0.,-0.774263373722144));
#432=DIRECTION('',(-0.774263373722144,0.,0.632863514600426));
#433=FACE_BOUND('',#434,.T.);
#434=EDGE_LOOP('',(#1213,#1214,#1215,#1216));
#435=PLANE('',#436);
#436=AXIS2_PLACEMENT_3D('',#437,#438,#439);
#437=CARTESIAN_POINT('',(0.,99.203691912679,0.55910170325979));
#438=DIRECTION('',(0.,0.,-1.));
#439=DIRECTION('',(-1.,0.,0.));
#440=FACE_BOUND('',#441,.T.);
#441=EDGE_LOOP('',(#1217,#1218,#1219,#1220));
#442=PLANE('',#443);
#443=AXIS2_PLACEMENT_3D('',#444,#445,#446);
#444=CARTESIAN_POINT('',(80.5710754394531,109.786697387695,1.53224945068359));
#445=DIRECTION('',(-0.382685137800985,0.,0.923878826094765));
#446=DIRECTION('',(0.,1.,0.));
#447=FACE_BOUND('',#448,.T.);
#448=EDGE_LOOP('',(#1221,#1222,#1223,#1224));
#449=PLANE('',#450);
#450=AXIS2_PLACEMENT_3D('',#451,#452,#453);
#451=CARTESIAN_POINT('',(81.0534362792969,109.786697387695,1.73205089569092));
#452=DIRECTION('',(-0.608760584399843,0.,0.793353988381707));
#453=DIRECTION('',(0.,1.,0.));
#454=FACE_BOUND('',#455,.T.);
#455=EDGE_LOOP('',(#1225,#1226,#1227,#1228));
#456=PLANE('',#457);
#457=AXIS2_PLACEMENT_3D('',#458,#459,#460);
#458=CARTESIAN_POINT('',(81.4676513671875,109.786697387695,2.04988861083984));
#459=DIRECTION('',(-0.793357045441966,0.,0.608756600331852));
#460=DIRECTION('',(0.,1.,0.));
#461=FACE_BOUND('',#462,.T.);
#462=EDGE_LOOP('',(#1229,#1230,#1231,#1232));
#463=PLANE('',#464);
#464=AXIS2_PLACEMENT_3D('',#465,#466,#467);
#465=CARTESIAN_POINT('',(81.7854843139648,109.786697387695,2.46410179138184));
#466=DIRECTION('',(-0.923875864571868,0.,0.382692287434151));
#467=DIRECTION('',(0.,1.,0.));
#468=FACE_BOUND('',#469,.T.);
#469=EDGE_LOOP('',(#1233,#1234,#1235,#1236));
#470=PLANE('',#471);
#471=AXIS2_PLACEMENT_3D('',#472,#473,#474);
#472=CARTESIAN_POINT('',(81.9852905273437,109.786697387695,2.9464635848999));
#473=DIRECTION('',(-0.991445508472234,0.,0.130521276925386));
#474=DIRECTION('',(0.,1.,0.));
#475=FACE_BOUND('',#476,.T.);
#476=EDGE_LOOP('',(#1237,#1238,#1239,#1240));
#477=PLANE('',#478);
#478=AXIS2_PLACEMENT_3D('',#479,#480,#481);
#479=CARTESIAN_POINT('',(82.0534362792969,109.786697387695,3.46410179138184));
#480=DIRECTION('',(-0.991445508472234,0.,-0.130521276925386));
#481=DIRECTION('',(-0.130521276925386,0.,0.991445508472234));
#482=FACE_BOUND('',#483,.T.);
#483=EDGE_LOOP('',(#1241,#1242,#1243,#1244));
#484=PLANE('',#485);
#485=AXIS2_PLACEMENT_3D('',#486,#487,#488);
#486=CARTESIAN_POINT('',(81.9852905273437,109.786697387695,3.98173999786377));
#487=DIRECTION('',(-0.923875864571868,0.,-0.382692287434151));
#488=DIRECTION('',(-0.382692287434151,0.,0.923875864571868));
#489=FACE_BOUND('',#490,.T.);
#490=EDGE_LOOP('',(#1245,#1246,#1247,#1248));
#491=PLANE('',#492);
#492=AXIS2_PLACEMENT_3D('',#493,#494,#495);
#493=CARTESIAN_POINT('',(81.7854843139648,109.786697387695,4.46410179138184));
#494=DIRECTION('',(-0.793357045441966,0.,-0.608756600331852));
#495=DIRECTION('',(-0.608756600331852,0.,0.793357045441966));
#496=FACE_BOUND('',#497,.T.);
#497=EDGE_LOOP('',(#1249,#1250,#1251,#1252));
#498=PLANE('',#499);
#499=AXIS2_PLACEMENT_3D('',#500,#501,#502);
#500=CARTESIAN_POINT('',(81.4676513671875,109.786697387695,4.87831497192383));
#501=DIRECTION('',(-0.608759434722626,0.,-0.793354870556795));
#502=DIRECTION('',(-0.793354870556795,0.,0.608759434722626));
#503=FACE_BOUND('',#504,.T.);
#504=EDGE_LOOP('',(#1253,#1254,#1255,#1256));
#505=PLANE('',#506);
#506=AXIS2_PLACEMENT_3D('',#507,#508,#509);
#507=CARTESIAN_POINT('',(81.0534362792969,109.786697387695,5.19615173339844));
#508=DIRECTION('',(-0.382685137800985,0.,-0.923878826094765));
#509=DIRECTION('',(-0.923878826094765,0.,0.382685137800985));
#510=FACE_BOUND('',#511,.T.);
#511=EDGE_LOOP('',(#1257,#1258,#1259,#1260));
#512=PLANE('',#513);
#513=AXIS2_PLACEMENT_3D('',#514,#515,#516);
#514=CARTESIAN_POINT('',(80.5710754394531,109.786697387695,5.39595317840576));
#515=DIRECTION('',(-0.130526426977161,0.,-0.991444830467422));
#516=DIRECTION('',(-0.991444830467422,0.,0.130526426977161));
#517=FACE_BOUND('',#518,.T.);
#518=EDGE_LOOP('',(#1261,#1262,#1263,#1264));
#519=PLANE('',#520);
#520=AXIS2_PLACEMENT_3D('',#521,#522,#523);
#521=CARTESIAN_POINT('',(80.0534362792969,109.786697387695,5.46410179138184));
#522=DIRECTION('',(0.130526426977161,0.,-0.991444830467422));
#523=DIRECTION('',(0.,-1.,0.));
#524=FACE_BOUND('',#525,.T.);
#525=EDGE_LOOP('',(#1265,#1266,#1267,#1268));
#526=PLANE('',#527);
#527=AXIS2_PLACEMENT_3D('',#528,#529,#530);
#528=CARTESIAN_POINT('',(79.5357971191406,109.786697387695,5.39595317840576));
#529=DIRECTION('',(0.382685137800985,0.,-0.923878826094765));
#530=DIRECTION('',(0.,-1.,0.));
#531=FACE_BOUND('',#532,.T.);
#532=EDGE_LOOP('',(#1269,#1270,#1271,#1272));
#533=PLANE('',#534);
#534=AXIS2_PLACEMENT_3D('',#535,#536,#537);
#535=CARTESIAN_POINT('',(79.0534362792969,109.786697387695,5.19615173339844));
#536=DIRECTION('',(0.608759434722626,0.,-0.793354870556795));
#537=DIRECTION('',(0.,-1.,0.));
#538=FACE_BOUND('',#539,.T.);
#539=EDGE_LOOP('',(#1273,#1274,#1275,#1276));
#540=PLANE('',#541);
#541=AXIS2_PLACEMENT_3D('',#542,#543,#544);
#542=CARTESIAN_POINT('',(78.6392211914062,109.786697387695,4.87831497192383));
#543=DIRECTION('',(0.793357045441966,0.,-0.608756600331852));
#544=DIRECTION('',(0.,-1.,0.));
#545=FACE_BOUND('',#546,.T.);
#546=EDGE_LOOP('',(#1277,#1278,#1279,#1280));
#547=PLANE('',#548);
#548=AXIS2_PLACEMENT_3D('',#549,#550,#551);
#549=CARTESIAN_POINT('',(78.3213882446289,109.786697387695,4.46410179138184));
#550=DIRECTION('',(0.923875864571868,0.,-0.382692287434151));
#551=DIRECTION('',(0.,-1.,0.));
#552=FACE_BOUND('',#553,.T.);
#553=EDGE_LOOP('',(#1281,#1282,#1283,#1284));
#554=PLANE('',#555);
#555=AXIS2_PLACEMENT_3D('',#556,#557,#558);
#556=CARTESIAN_POINT('',(78.12158203125,109.786697387695,3.98173999786377));
#557=DIRECTION('',(0.991445508472234,0.,-0.130521276925386));
#558=DIRECTION('',(0.,-1.,0.));
#559=FACE_BOUND('',#560,.T.);
#560=EDGE_LOOP('',(#1285,#1286,#1287,#1288));
#561=PLANE('',#562);
#562=AXIS2_PLACEMENT_3D('',#563,#564,#565);
#563=CARTESIAN_POINT('',(78.0534362792969,109.786697387695,3.46410179138184));
#564=DIRECTION('',(0.991445508472234,0.,0.130521276925386));
#565=DIRECTION('',(0.,-1.,0.));
#566=FACE_BOUND('',#567,.T.);
#567=EDGE_LOOP('',(#1289,#1290,#1291,#1292));
#568=PLANE('',#569);
#569=AXIS2_PLACEMENT_3D('',#570,#571,#572);
#570=CARTESIAN_POINT('',(78.12158203125,109.786697387695,2.9464635848999));
#571=DIRECTION('',(0.923875864571868,0.,0.382692287434151));
#572=DIRECTION('',(0.,-1.,0.));
#573=FACE_BOUND('',#574,.T.);
#574=EDGE_LOOP('',(#1293,#1294,#1295,#1296));
#575=PLANE('',#576);
#576=AXIS2_PLACEMENT_3D('',#577,#578,#579);
#577=CARTESIAN_POINT('',(78.3213882446289,109.786697387695,2.46410179138184));
#578=DIRECTION('',(0.793357045441966,0.,0.608756600331852));
#579=DIRECTION('',(0.,-1.,0.));
#580=FACE_BOUND('',#581,.T.);
#581=EDGE_LOOP('',(#1297,#1298,#1299,#1300));
#582=PLANE('',#583);
#583=AXIS2_PLACEMENT_3D('',#584,#585,#586);
#584=CARTESIAN_POINT('',(78.6392211914062,109.786697387695,2.04988861083984));
#585=DIRECTION('',(0.608760584399843,0.,0.793353988381707));
#586=DIRECTION('',(0.,-1.,0.));
#587=FACE_BOUND('',#588,.T.);
#588=EDGE_LOOP('',(#1301,#1302,#1303,#1304));
#589=PLANE('',#590);
#590=AXIS2_PLACEMENT_3D('',#591,#592,#593);
#591=CARTESIAN_POINT('',(79.0534362792969,109.786697387695,1.73205089569092));
#592=DIRECTION('',(0.382685137800985,0.,0.923878826094765));
#593=DIRECTION('',(0.,-1.,0.));
#594=FACE_BOUND('',#595,.T.);
#595=EDGE_LOOP('',(#1305,#1306,#1307,#1308));
#596=PLANE('',#597);
#597=AXIS2_PLACEMENT_3D('',#598,#599,#600);
#598=CARTESIAN_POINT('',(79.5357971191406,109.786697387695,1.53224945068359));
#599=DIRECTION('',(0.130524631504586,0.,0.99144506684465));
#600=DIRECTION('',(0.,-1.,0.));
#601=FACE_BOUND('',#602,.T.);
#602=EDGE_LOOP('',(#1309,#1310,#1311,#1312));
#603=PLANE('',#604);
#604=AXIS2_PLACEMENT_3D('',#605,#606,#607);
#605=CARTESIAN_POINT('',(80.0534362792969,109.786697387695,1.46410179138184));
#606=DIRECTION('',(-0.130524631504586,0.,0.99144506684465));
#607=DIRECTION('',(0.,1.,0.));
#608=FACE_BOUND('',#609,.T.);
#609=EDGE_LOOP('',(#1313,#1314,#1315,#1316));
#610=PLANE('',#611);
#611=AXIS2_PLACEMENT_3D('',#612,#613,#614);
#612=CARTESIAN_POINT('',(113.97576271266,99.203691912679,0.559101703259664));
#613=DIRECTION('',(-6.46434853157129E-17,-2.11092637214186E-15,-1.));
#614=DIRECTION('',(0.,1.,-2.11092637214186E-15));
#615=FACE_BOUND('',#616,.T.);
#616=EDGE_LOOP('',(#1317,#1318,#1319,#1320));
#617=PLANE('',#618);
#618=AXIS2_PLACEMENT_3D('',#619,#620,#621);
#619=CARTESIAN_POINT('',(110.884352722168,109.786697387695,2.04988861083984));
#620=DIRECTION('',(0.608767641857094,0.,0.793348572966356));
#621=DIRECTION('',(0.,-1.,0.));
#622=FACE_BOUND('',#623,.T.);
#623=EDGE_LOOP('',(#1321,#1322,#1323,#1324));
#624=PLANE('',#625);
#625=AXIS2_PLACEMENT_3D('',#626,#627,#628);
#626=CARTESIAN_POINT('',(111.298560180664,109.786697387695,1.73205089569092));
#627=DIRECTION('',(0.382685137800985,0.,0.923878826094765));
#628=DIRECTION('',(0.,-1.,0.));
#629=FACE_BOUND('',#630,.T.);
#630=EDGE_LOOP('',(#1325,#1326,#1327,#1328));
#631=PLANE('',#632);
#632=AXIS2_PLACEMENT_3D('',#633,#634,#635);
#633=CARTESIAN_POINT('',(111.780921020508,109.786697387695,1.53224945068359));
#634=DIRECTION('',(0.130524631504586,0.,0.99144506684465));
#635=DIRECTION('',(0.,-1.,0.));
#636=FACE_BOUND('',#637,.T.);
#637=EDGE_LOOP('',(#1329,#1330,#1331,#1332));
#638=PLANE('',#639);
#639=AXIS2_PLACEMENT_3D('',#640,#641,#642);
#640=CARTESIAN_POINT('',(112.298560180664,109.786697387695,1.46410179138184));
#641=DIRECTION('',(-0.130524631504586,0.,0.99144506684465));
#642=DIRECTION('',(0.,1.,0.));
#643=FACE_BOUND('',#644,.T.);
#644=EDGE_LOOP('',(#1333,#1334,#1335,#1336));
#645=PLANE('',#646);
#646=AXIS2_PLACEMENT_3D('',#647,#648,#649);
#647=CARTESIAN_POINT('',(112.81619934082,109.786697387695,1.53224945068359));
#648=DIRECTION('',(-0.382685137800985,0.,0.923878826094765));
#649=DIRECTION('',(0.,1.,0.));
#650=FACE_BOUND('',#651,.T.);
#651=EDGE_LOOP('',(#1337,#1338,#1339,#1340));
#652=PLANE('',#653);
#653=AXIS2_PLACEMENT_3D('',#654,#655,#656);
#654=CARTESIAN_POINT('',(113.298560180664,109.786697387695,1.73205089569092));
#655=DIRECTION('',(-0.608760584399843,0.,0.793353988381707));
#656=DIRECTION('',(0.,1.,0.));
#657=FACE_BOUND('',#658,.T.);
#658=EDGE_LOOP('',(#1341,#1342,#1343,#1344));
#659=PLANE('',#660);
#660=AXIS2_PLACEMENT_3D('',#661,#662,#663);
#661=CARTESIAN_POINT('',(113.712775268555,109.786697387695,2.04988861083984));
#662=DIRECTION('',(-0.793349988011213,0.,0.608765797760196));
#663=DIRECTION('',(0.,1.,0.));
#664=FACE_BOUND('',#665,.T.);
#665=EDGE_LOOP('',(#1345,#1346,#1347,#1348));
#666=PLANE('',#667);
#667=AXIS2_PLACEMENT_3D('',#668,#669,#670);
#668=CARTESIAN_POINT('',(114.030615844727,109.786697387695,2.46410179138184));
#669=DIRECTION('',(-0.923881030989109,0.,0.382679814699575));
#670=DIRECTION('',(0.,1.,0.));
#671=FACE_BOUND('',#672,.T.);
#672=EDGE_LOOP('',(#1349,#1350,#1351,#1352));
#673=PLANE('',#674);
#674=AXIS2_PLACEMENT_3D('',#675,#676,#677);
#675=CARTESIAN_POINT('',(114.230414428711,109.786697387695,2.9464635848999));
#676=DIRECTION('',(-0.991445508472234,0.,0.130521276925386));
#677=DIRECTION('',(0.,1.,0.));
#678=FACE_BOUND('',#679,.T.);
#679=EDGE_LOOP('',(#1353,#1354,#1355,#1356));
#680=PLANE('',#681);
#681=AXIS2_PLACEMENT_3D('',#682,#683,#684);
#682=CARTESIAN_POINT('',(114.298560180664,109.786697387695,3.46410179138184));
#683=DIRECTION('',(-0.991445508472234,0.,-0.130521276925386));
#684=DIRECTION('',(-0.130521276925386,0.,0.991445508472234));
#685=FACE_BOUND('',#686,.T.);
#686=EDGE_LOOP('',(#1357,#1358,#1359,#1360));
#687=PLANE('',#688);
#688=AXIS2_PLACEMENT_3D('',#689,#690,#691);
#689=CARTESIAN_POINT('',(114.230414428711,109.786697387695,3.98173999786377));
#690=DIRECTION('',(-0.923881030989109,0.,-0.382679814699575));
#691=DIRECTION('',(-0.382679814699575,0.,0.923881030989109));
#692=FACE_BOUND('',#693,.T.);
#693=EDGE_LOOP('',(#1361,#1362,#1363,#1364));
#694=PLANE('',#695);
#695=AXIS2_PLACEMENT_3D('',#696,#697,#698);
#696=CARTESIAN_POINT('',(114.030615844727,109.786697387695,4.46410179138184));
#697=DIRECTION('',(-0.793349988011213,0.,-0.608765797760196));
#698=DIRECTION('',(-0.608765797760196,0.,0.793349988011213));
#699=FACE_BOUND('',#700,.T.);
#700=EDGE_LOOP('',(#1365,#1366,#1367,#1368));
#701=PLANE('',#702);
#702=AXIS2_PLACEMENT_3D('',#703,#704,#705);
#703=CARTESIAN_POINT('',(113.712775268555,109.786697387695,4.87831497192383));
#704=DIRECTION('',(-0.608759434722626,0.,-0.793354870556795));
#705=DIRECTION('',(-0.793354870556795,0.,0.608759434722626));
#706=FACE_BOUND('',#707,.T.);
#707=EDGE_LOOP('',(#1369,#1370,#1371,#1372));
#708=PLANE('',#709);
#709=AXIS2_PLACEMENT_3D('',#710,#711,#712);
#710=CARTESIAN_POINT('',(113.298560180664,109.786697387695,5.19615173339844));
#711=DIRECTION('',(-0.382685137800985,0.,-0.923878826094765));
#712=DIRECTION('',(-0.923878826094765,0.,0.382685137800985));
#713=FACE_BOUND('',#714,.T.);
#714=EDGE_LOOP('',(#1373,#1374,#1375,#1376));
#715=PLANE('',#716);
#716=AXIS2_PLACEMENT_3D('',#717,#718,#719);
#717=CARTESIAN_POINT('',(112.81619934082,109.786697387695,5.39595317840576));
#718=DIRECTION('',(-0.130526426977161,0.,-0.991444830467422));
#719=DIRECTION('',(-0.991444830467422,0.,0.130526426977161));
#720=FACE_BOUND('',#721,.T.);
#721=EDGE_LOOP('',(#1377,#1378,#1379,#1380));
#722=PLANE('',#723);
#723=AXIS2_PLACEMENT_3D('',#724,#725,#726);
#724=CARTESIAN_POINT('',(112.298560180664,109.786697387695,5.46410179138184));
#725=DIRECTION('',(0.130526426977161,0.,-0.991444830467422));
#726=DIRECTION('',(0.,-1.,0.));
#727=FACE_BOUND('',#728,.T.);
#728=EDGE_LOOP('',(#1381,#1382,#1383,#1384));
#729=PLANE('',#730);
#730=AXIS2_PLACEMENT_3D('',#731,#732,#733);
#731=CARTESIAN_POINT('',(111.780921020508,109.786697387695,5.39595317840576));
#732=DIRECTION('',(0.382685137800985,0.,-0.923878826094765));
#733=DIRECTION('',(0.,-1.,0.));
#734=FACE_BOUND('',#735,.T.);
#735=EDGE_LOOP('',(#1385,#1386,#1387,#1388));
#736=PLANE('',#737);
#737=AXIS2_PLACEMENT_3D('',#738,#739,#740);
#738=CARTESIAN_POINT('',(111.298560180664,109.786697387695,5.19615173339844));
#739=DIRECTION('',(0.608766492182244,0.,-0.793349455155876));
#740=DIRECTION('',(0.,-1.,0.));
#741=FACE_BOUND('',#742,.T.);
#742=EDGE_LOOP('',(#1389,#1390,#1391,#1392));
#743=PLANE('',#744);
#744=AXIS2_PLACEMENT_3D('',#745,#746,#747);
#745=CARTESIAN_POINT('',(110.884352722168,109.786697387695,4.87831497192383));
#746=DIRECTION('',(0.793349988011213,0.,-0.608765797760196));
#747=DIRECTION('',(0.,-1.,0.));
#748=FACE_BOUND('',#749,.T.);
#749=EDGE_LOOP('',(#1393,#1394,#1395,#1396));
#750=PLANE('',#751);
#751=AXIS2_PLACEMENT_3D('',#752,#753,#754);
#752=CARTESIAN_POINT('',(110.566512145996,109.786697387695,4.46410179138184));
#753=DIRECTION('',(0.923881030989109,0.,-0.382679814699575));
#754=DIRECTION('',(0.,-1.,0.));
#755=FACE_BOUND('',#756,.T.);
#756=EDGE_LOOP('',(#1397,#1398,#1399,#1400));
#757=PLANE('',#758);
#758=AXIS2_PLACEMENT_3D('',#759,#760,#761);
#759=CARTESIAN_POINT('',(110.366713562012,109.786697387695,3.98173999786377));
#760=DIRECTION('',(0.991443617409958,0.,-0.130535640715692));
#761=DIRECTION('',(0.,-1.,0.));
#762=FACE_BOUND('',#763,.T.);
#763=EDGE_LOOP('',(#1401,#1402,#1403,#1404));
#764=PLANE('',#765);
#765=AXIS2_PLACEMENT_3D('',#766,#767,#768);
#766=CARTESIAN_POINT('',(110.298560180664,109.786697387695,3.46410179138184));
#767=DIRECTION('',(0.991443617409958,0.,0.130535640715692));
#768=DIRECTION('',(0.,-1.,0.));
#769=FACE_BOUND('',#770,.T.);
#770=EDGE_LOOP('',(#1405,#1406,#1407,#1408));
#771=PLANE('',#772);
#772=AXIS2_PLACEMENT_3D('',#773,#774,#775);
#773=CARTESIAN_POINT('',(110.366713562012,109.786697387695,2.9464635848999));
#774=DIRECTION('',(0.923881030989109,0.,0.382679814699575));
#775=DIRECTION('',(0.,-1.,0.));
#776=FACE_BOUND('',#777,.T.);
#777=EDGE_LOOP('',(#1409,#1410,#1411,#1412));
#778=PLANE('',#779);
#779=AXIS2_PLACEMENT_3D('',#780,#781,#782);
#780=CARTESIAN_POINT('',(110.566512145996,109.786697387695,2.46410179138184));
#781=DIRECTION('',(0.793349988011213,0.,0.608765797760196));
#782=DIRECTION('',(0.,-1.,0.));
#783=FACE_BOUND('',#784,.T.);
#784=EDGE_LOOP('',(#1413,#1414,#1415,#1416));
#785=PLANE('',#786);
#786=AXIS2_PLACEMENT_3D('',#787,#788,#789);
#787=CARTESIAN_POINT('',(74.5127911376953,100.521074295044,18.0043725966821));
#788=DIRECTION('',(0.,-0.951321573386531,0.308200038950964));
#789=DIRECTION('',(-1.,0.,0.));
#790=FACE_BOUND('',#791,.T.);
#791=EDGE_LOOP('',(#1417,#1418,#1419,#1420,#1421,#1422,#1423,#1424,#1425,#1426,#1427,
#1428,#1429,#1430,#1431,#1432,#1433,#1434,#1435));
#792=PLANE('',#793);
#793=AXIS2_PLACEMENT_3D('',#794,#795,#796);
#794=CARTESIAN_POINT('',(74.5127911376953,0.,0.));
#795=DIRECTION('',(1.,0.,0.));
#796=DIRECTION('',(0.,1.,0.));
#797=FACE_BOUND('',#798,.T.);
#798=EDGE_LOOP('',(#1436,#1437,#1438,#1439));
#799=PLANE('',#800);
#800=AXIS2_PLACEMENT_3D('',#801,#802,#803);
#801=CARTESIAN_POINT('',(74.5127911376953,110.536106109645,14.96409320833));
#802=DIRECTION('',(0.,0.855180342926361,0.518330571230708));
#803=DIRECTION('',(1.,0.,0.));
#804=FACE_BOUND('',#805,.T.);
#805=EDGE_LOOP('',(#1440,#1441,#1442,#1443,#1444,#1445,#1446,#1447,#1448,#1449,#1450,
#1451,#1452,#1453,#1454,#1455,#1456,#1457,#1458));
#806=PLANE('',#807);
#807=AXIS2_PLACEMENT_3D('',#808,#809,#810);
#808=CARTESIAN_POINT('',(117.722791137695,0.,0.));
#809=DIRECTION('',(1.,0.,0.));
#810=DIRECTION('',(0.,1.,0.));
#811=FACE_BOUND('',#812,.T.);
#812=EDGE_LOOP('',(#1459,#1460,#1461,#1462));
#813=PLANE('',#814);
#814=AXIS2_PLACEMENT_3D('',#815,#816,#817);
#815=CARTESIAN_POINT('',(74.5127911376953,101.030130386363,19.3953275679925));
#816=DIRECTION('',(0.,-0.939085785785029,0.343682828981192));
#817=DIRECTION('',(-1.,0.,0.));
#818=FACE_BOUND('',#819,.T.);
#819=EDGE_LOOP('',(#1463,#1464,#1465,#1466));
#820=PLANE('',#821);
#821=AXIS2_PLACEMENT_3D('',#822,#823,#824);
#822=CARTESIAN_POINT('',(74.5127911376953,101.559076309225,20.6312532424287));
#823=DIRECTION('',(0.,-0.919343273773685,0.39345640796292));
#824=DIRECTION('',(-1.,0.,0.));
#825=FACE_BOUND('',#826,.T.);
#826=EDGE_LOOP('',(#1467,#1468,#1469,#1470));
#827=PLANE('',#828);
#828=AXIS2_PLACEMENT_3D('',#829,#830,#831);
#829=CARTESIAN_POINT('',(74.5127911376953,102.114542007476,21.6604757308309));
#830=DIRECTION('',(0.,-0.880017780011587,0.474940740370289));
#831=DIRECTION('',(-1.,0.,0.));
#832=FACE_BOUND('',#833,.T.);
#833=EDGE_LOOP('',(#1471,#1472,#1473,#1474));
#834=PLANE('',#835);
#835=AXIS2_PLACEMENT_3D('',#836,#837,#838);
#836=CARTESIAN_POINT('',(74.5127911376953,102.703149795569,22.4313192366904));
#837=DIRECTION('',(0.,-0.794785888630667,0.606889933376358));
#838=DIRECTION('',(-1.,0.,0.));
#839=FACE_BOUND('',#840,.T.);
#840=EDGE_LOOP('',(#1475,#1476,#1477,#1478));
#841=PLANE('',#842);
#842=AXIS2_PLACEMENT_3D('',#843,#844,#845);
#843=CARTESIAN_POINT('',(74.5127911376953,103.011957168619,22.7036981581999));
#844=DIRECTION('',(0.,-0.661487574870915,0.749956124244209));
#845=DIRECTION('',(-1.,0.,0.));
#846=FACE_BOUND('',#847,.T.);
#847=EDGE_LOOP('',(#1479,#1480,#1481,#1482));
#848=PLANE('',#849);
#849=AXIS2_PLACEMENT_3D('',#850,#851,#852);
#850=CARTESIAN_POINT('',(74.5127911376953,103.331537246747,22.8921041488016));
#851=DIRECTION('',(0.,-0.507856393009018,0.861441747351421));
#852=DIRECTION('',(-1.,0.,0.));
#853=FACE_BOUND('',#854,.T.);
#854=EDGE_LOOP('',(#1483,#1484,#1485,#1486));
#855=PLANE('',#856);
#856=AXIS2_PLACEMENT_3D('',#857,#858,#859);
#857=CARTESIAN_POINT('',(74.5127911376953,103.495622634932,22.9527997969957));
#858=DIRECTION('',(0.,-0.346928713313131,0.937891501123075));
#859=DIRECTION('',(-1.,0.,0.));
#860=FACE_BOUND('',#861,.T.);
#861=EDGE_LOOP('',(#1487,#1488,#1489,#1490));
#862=PLANE('',#863);
#863=AXIS2_PLACEMENT_3D('',#864,#865,#866);
#864=CARTESIAN_POINT('',(74.5127911376953,103.662706375167,22.9901857375484));
#865=DIRECTION('',(0.,-0.218356284885679,0.97586911666008));
#866=DIRECTION('',(-1.,0.,0.));
#867=FACE_BOUND('',#868,.T.);
#868=EDGE_LOOP('',(#1491,#1492,#1493,#1494));
#869=PLANE('',#870);
#870=AXIS2_PLACEMENT_3D('',#871,#872,#873);
#871=CARTESIAN_POINT('',(74.5127911376953,104.005662918137,22.9963483809831));
#872=DIRECTION('',(0.,-0.0179662667790933,0.999838593602999));
#873=DIRECTION('',(-1.,0.,0.));
#874=FACE_BOUND('',#875,.T.);
#875=EDGE_LOOP('',(#1495,#1496,#1497,#1498));
#876=PLANE('',#877);
#877=AXIS2_PLACEMENT_3D('',#878,#879,#880);
#878=CARTESIAN_POINT('',(74.5127911376953,104.359781265306,22.9155492782024));
#879=DIRECTION('',(0.,0.222452636362135,0.974943498145167));
#880=DIRECTION('',(1.,0.,0.));
#881=FACE_BOUND('',#882,.T.);
#882=EDGE_LOOP('',(#1499,#1500,#1501,#1502));
#883=PLANE('',#884);
#884=AXIS2_PLACEMENT_3D('',#885,#886,#887);
#885=CARTESIAN_POINT('',(74.5127911376953,104.724351882983,22.7532224654613));
#886=DIRECTION('',(0.,0.406756543108418,0.913536597317529));
#887=DIRECTION('',(1.,0.,0.));
#888=FACE_BOUND('',#889,.T.);
#889=EDGE_LOOP('',(#1503,#1504,#1505,#1506));
#890=PLANE('',#891);
#891=AXIS2_PLACEMENT_3D('',#892,#893,#894);
#892=CARTESIAN_POINT('',(74.5127911376953,105.482088089038,22.2057352065573));
#893=DIRECTION('',(0.,0.585654578358859,0.810560740998049));
#894=DIRECTION('',(1.,0.,0.));
#895=FACE_BOUND('',#896,.T.);
#896=EDGE_LOOP('',(#1507,#1508,#1509,#1510));
#897=PLANE('',#898);
#898=AXIS2_PLACEMENT_3D('',#899,#900,#901);
#899=CARTESIAN_POINT('',(74.5127911376953,106.273294448899,21.3973646163558));
#900=DIRECTION('',(0.,0.714653234630722,0.699478916216812));
#901=DIRECTION('',(1.,0.,0.));
#902=FACE_BOUND('',#903,.T.);
#903=EDGE_LOOP('',(#1511,#1512,#1513,#1514));
#904=PLANE('',#905);
#905=AXIS2_PLACEMENT_3D('',#906,#907,#908);
#906=CARTESIAN_POINT('',(74.5127911376953,107.092386245772,20.3715925216389));
#907=DIRECTION('',(0.,0.781435520943067,0.623985998727886));
#908=DIRECTION('',(1.,0.,0.));
#909=FACE_BOUND('',#910,.T.);
#910=EDGE_LOOP('',(#1515,#1516,#1517,#1518));
#911=PLANE('',#912);
#912=AXIS2_PLACEMENT_3D('',#913,#914,#915);
#913=CARTESIAN_POINT('',(74.5127911376953,107.933794021647,19.1718969344913));
#914=DIRECTION('',(0.,0.818711924939713,0.574204479224527));
#915=DIRECTION('',(1.,0.,0.));
#916=FACE_BOUND('',#917,.T.);
#917=EDGE_LOOP('',(#1519,#1520,#1521,#1522));
#918=PLANE('',#919);
#919=AXIS2_PLACEMENT_3D('',#920,#921,#922);
#920=CARTESIAN_POINT('',(74.5127911376953,108.791933059728,17.841759681695));
#921=DIRECTION('',(0.,0.840300685351737,0.542120612223332));
#922=DIRECTION('',(1.,0.,0.));
#923=ORIENTED_EDGE('',*,*,#1523,.T.);
#924=ORIENTED_EDGE('',*,*,#1524,.T.);
#925=ORIENTED_EDGE('',*,*,#1525,.T.);
#926=ORIENTED_EDGE('',*,*,#1526,.T.);
#927=ORIENTED_EDGE('',*,*,#1527,.F.);
#928=ORIENTED_EDGE('',*,*,#1528,.T.);
#929=ORIENTED_EDGE('',*,*,#1527,.T.);
#930=ORIENTED_EDGE('',*,*,#1529,.T.);
#931=ORIENTED_EDGE('',*,*,#1530,.F.);
#932=ORIENTED_EDGE('',*,*,#1531,.T.);
#933=ORIENTED_EDGE('',*,*,#1530,.T.);
#934=ORIENTED_EDGE('',*,*,#1532,.T.);
#935=ORIENTED_EDGE('',*,*,#1533,.F.);
#936=ORIENTED_EDGE('',*,*,#1534,.T.);
#937=ORIENTED_EDGE('',*,*,#1535,.T.);
#938=ORIENTED_EDGE('',*,*,#1536,.T.);
#939=ORIENTED_EDGE('',*,*,#1537,.T.);
#940=ORIENTED_EDGE('',*,*,#1538,.T.);
#941=ORIENTED_EDGE('',*,*,#1539,.F.);
#942=ORIENTED_EDGE('',*,*,#1540,.T.);
#943=ORIENTED_EDGE('',*,*,#1539,.T.);
#944=ORIENTED_EDGE('',*,*,#1541,.T.);
#945=ORIENTED_EDGE('',*,*,#1542,.F.);
#946=ORIENTED_EDGE('',*,*,#1543,.T.);
#947=ORIENTED_EDGE('',*,*,#1542,.T.);
#948=ORIENTED_EDGE('',*,*,#1544,.T.);
#949=ORIENTED_EDGE('',*,*,#1545,.F.);
#950=ORIENTED_EDGE('',*,*,#1546,.T.);
#951=ORIENTED_EDGE('',*,*,#1547,.F.);
#952=ORIENTED_EDGE('',*,*,#1548,.T.);
#953=ORIENTED_EDGE('',*,*,#1549,.T.);
#954=ORIENTED_EDGE('',*,*,#1550,.F.);
#955=ORIENTED_EDGE('',*,*,#1551,.F.);
#956=ORIENTED_EDGE('',*,*,#1552,.T.);
#957=ORIENTED_EDGE('',*,*,#1553,.T.);
#958=ORIENTED_EDGE('',*,*,#1554,.F.);
#959=ORIENTED_EDGE('',*,*,#1555,.T.);
#960=ORIENTED_EDGE('',*,*,#1556,.T.);
#961=ORIENTED_EDGE('',*,*,#1557,.T.);
#962=ORIENTED_EDGE('',*,*,#1558,.T.);
#963=ORIENTED_EDGE('',*,*,#1559,.F.);
#964=ORIENTED_EDGE('',*,*,#1560,.T.);
#965=ORIENTED_EDGE('',*,*,#1561,.T.);
#966=ORIENTED_EDGE('',*,*,#1562,.T.);
#967=ORIENTED_EDGE('',*,*,#1563,.T.);
#968=ORIENTED_EDGE('',*,*,#1564,.T.);
#969=ORIENTED_EDGE('',*,*,#1565,.T.);
#970=ORIENTED_EDGE('',*,*,#1566,.F.);
#971=ORIENTED_EDGE('',*,*,#1567,.T.);
#972=ORIENTED_EDGE('',*,*,#1568,.T.);
#973=ORIENTED_EDGE('',*,*,#1569,.F.);
#974=ORIENTED_EDGE('',*,*,#1570,.T.);
#975=ORIENTED_EDGE('',*,*,#1571,.F.);
#976=ORIENTED_EDGE('',*,*,#1572,.T.);
#977=ORIENTED_EDGE('',*,*,#1573,.T.);
#978=ORIENTED_EDGE('',*,*,#1574,.T.);
#979=ORIENTED_EDGE('',*,*,#1575,.T.);
#980=ORIENTED_EDGE('',*,*,#1576,.F.);
#981=ORIENTED_EDGE('',*,*,#1577,.F.);
#982=ORIENTED_EDGE('',*,*,#1578,.F.);
#983=ORIENTED_EDGE('',*,*,#1579,.F.);
#984=ORIENTED_EDGE('',*,*,#1580,.T.);
#985=ORIENTED_EDGE('',*,*,#1581,.T.);
#986=ORIENTED_EDGE('',*,*,#1546,.F.);
#987=ORIENTED_EDGE('',*,*,#1582,.F.);
#988=ORIENTED_EDGE('',*,*,#1583,.F.);
#989=ORIENTED_EDGE('',*,*,#1584,.F.);
#990=ORIENTED_EDGE('',*,*,#1536,.F.);
#991=ORIENTED_EDGE('',*,*,#1585,.T.);
#992=ORIENTED_EDGE('',*,*,#1586,.T.);
#993=ORIENTED_EDGE('',*,*,#1587,.T.);
#994=ORIENTED_EDGE('',*,*,#1588,.T.);
#995=ORIENTED_EDGE('',*,*,#1589,.T.);
#996=ORIENTED_EDGE('',*,*,#1590,.T.);
#997=ORIENTED_EDGE('',*,*,#1591,.T.);
#998=ORIENTED_EDGE('',*,*,#1592,.T.);
#999=ORIENTED_EDGE('',*,*,#1593,.T.);
#1000=ORIENTED_EDGE('',*,*,#1594,.T.);
#1001=ORIENTED_EDGE('',*,*,#1595,.T.);
#1002=ORIENTED_EDGE('',*,*,#1596,.T.);
#1003=ORIENTED_EDGE('',*,*,#1597,.T.);
#1004=ORIENTED_EDGE('',*,*,#1598,.T.);
#1005=ORIENTED_EDGE('',*,*,#1599,.T.);
#1006=ORIENTED_EDGE('',*,*,#1600,.T.);
#1007=ORIENTED_EDGE('',*,*,#1601,.T.);
#1008=ORIENTED_EDGE('',*,*,#1602,.T.);
#1009=ORIENTED_EDGE('',*,*,#1603,.T.);
#1010=ORIENTED_EDGE('',*,*,#1604,.T.);
#1011=ORIENTED_EDGE('',*,*,#1605,.T.);
#1012=ORIENTED_EDGE('',*,*,#1606,.T.);
#1013=ORIENTED_EDGE('',*,*,#1607,.T.);
#1014=ORIENTED_EDGE('',*,*,#1608,.T.);
#1015=ORIENTED_EDGE('',*,*,#1609,.T.);
#1016=ORIENTED_EDGE('',*,*,#1534,.F.);
#1017=ORIENTED_EDGE('',*,*,#1610,.F.);
#1018=ORIENTED_EDGE('',*,*,#1611,.F.);
#1019=ORIENTED_EDGE('',*,*,#1612,.F.);
#1020=ORIENTED_EDGE('',*,*,#1524,.F.);
#1021=ORIENTED_EDGE('',*,*,#1613,.T.);
#1022=ORIENTED_EDGE('',*,*,#1614,.T.);
#1023=ORIENTED_EDGE('',*,*,#1615,.T.);
#1024=ORIENTED_EDGE('',*,*,#1616,.T.);
#1025=ORIENTED_EDGE('',*,*,#1617,.T.);
#1026=ORIENTED_EDGE('',*,*,#1618,.T.);
#1027=ORIENTED_EDGE('',*,*,#1619,.T.);
#1028=ORIENTED_EDGE('',*,*,#1620,.T.);
#1029=ORIENTED_EDGE('',*,*,#1621,.T.);
#1030=ORIENTED_EDGE('',*,*,#1622,.T.);
#1031=ORIENTED_EDGE('',*,*,#1623,.T.);
#1032=ORIENTED_EDGE('',*,*,#1624,.T.);
#1033=ORIENTED_EDGE('',*,*,#1625,.T.);
#1034=ORIENTED_EDGE('',*,*,#1626,.T.);
#1035=ORIENTED_EDGE('',*,*,#1627,.T.);
#1036=ORIENTED_EDGE('',*,*,#1628,.T.);
#1037=ORIENTED_EDGE('',*,*,#1629,.T.);
#1038=ORIENTED_EDGE('',*,*,#1630,.T.);
#1039=ORIENTED_EDGE('',*,*,#1631,.T.);
#1040=ORIENTED_EDGE('',*,*,#1632,.T.);
#1041=ORIENTED_EDGE('',*,*,#1633,.T.);
#1042=ORIENTED_EDGE('',*,*,#1634,.T.);
#1043=ORIENTED_EDGE('',*,*,#1635,.T.);
#1044=ORIENTED_EDGE('',*,*,#1636,.T.);
#1045=ORIENTED_EDGE('',*,*,#1553,.F.);
#1046=ORIENTED_EDGE('',*,*,#1580,.F.);
#1047=ORIENTED_EDGE('',*,*,#1609,.F.);
#1048=ORIENTED_EDGE('',*,*,#1523,.F.);
#1049=ORIENTED_EDGE('',*,*,#1528,.F.);
#1050=ORIENTED_EDGE('',*,*,#1531,.F.);
#1051=ORIENTED_EDGE('',*,*,#1570,.F.);
#1052=ORIENTED_EDGE('',*,*,#1560,.F.);
#1053=ORIENTED_EDGE('',*,*,#1581,.F.);
#1054=ORIENTED_EDGE('',*,*,#1535,.F.);
#1055=ORIENTED_EDGE('',*,*,#1540,.F.);
#1056=ORIENTED_EDGE('',*,*,#1543,.F.);
#1057=ORIENTED_EDGE('',*,*,#1525,.F.);
#1058=ORIENTED_EDGE('',*,*,#1612,.T.);
#1059=ORIENTED_EDGE('',*,*,#1637,.T.);
#1060=ORIENTED_EDGE('',*,*,#1638,.T.);
#1061=ORIENTED_EDGE('',*,*,#1551,.T.);
#1062=ORIENTED_EDGE('',*,*,#1639,.T.);
#1063=ORIENTED_EDGE('',*,*,#1576,.T.);
#1064=ORIENTED_EDGE('',*,*,#1640,.T.);
#1065=ORIENTED_EDGE('',*,*,#1641,.F.);
#1066=ORIENTED_EDGE('',*,*,#1642,.F.);
#1067=ORIENTED_EDGE('',*,*,#1532,.F.);
#1068=ORIENTED_EDGE('',*,*,#1529,.F.);
#1069=ORIENTED_EDGE('',*,*,#1526,.F.);
#1070=ORIENTED_EDGE('',*,*,#1638,.F.);
#1071=ORIENTED_EDGE('',*,*,#1643,.F.);
#1072=ORIENTED_EDGE('',*,*,#1610,.T.);
#1073=ORIENTED_EDGE('',*,*,#1533,.T.);
#1074=ORIENTED_EDGE('',*,*,#1642,.T.);
#1075=ORIENTED_EDGE('',*,*,#1537,.F.);
#1076=ORIENTED_EDGE('',*,*,#1584,.T.);
#1077=ORIENTED_EDGE('',*,*,#1644,.T.);
#1078=ORIENTED_EDGE('',*,*,#1645,.T.);
#1079=ORIENTED_EDGE('',*,*,#1567,.F.);
#1080=ORIENTED_EDGE('',*,*,#1646,.F.);
#1081=ORIENTED_EDGE('',*,*,#1558,.F.);
#1082=ORIENTED_EDGE('',*,*,#1647,.F.);
#1083=ORIENTED_EDGE('',*,*,#1648,.F.);
#1084=ORIENTED_EDGE('',*,*,#1544,.F.);
#1085=ORIENTED_EDGE('',*,*,#1541,.F.);
#1086=ORIENTED_EDGE('',*,*,#1538,.F.);
#1087=ORIENTED_EDGE('',*,*,#1645,.F.);
#1088=ORIENTED_EDGE('',*,*,#1649,.F.);
#1089=ORIENTED_EDGE('',*,*,#1650,.F.);
#1090=ORIENTED_EDGE('',*,*,#1582,.T.);
#1091=ORIENTED_EDGE('',*,*,#1545,.T.);
#1092=ORIENTED_EDGE('',*,*,#1648,.T.);
#1093=ORIENTED_EDGE('',*,*,#1574,.F.);
#1094=ORIENTED_EDGE('',*,*,#1651,.T.);
#1095=ORIENTED_EDGE('',*,*,#1547,.T.);
#1096=ORIENTED_EDGE('',*,*,#1652,.F.);
#1097=ORIENTED_EDGE('',*,*,#1653,.F.);
#1098=ORIENTED_EDGE('',*,*,#1654,.T.);
#1099=ORIENTED_EDGE('',*,*,#1655,.T.);
#1100=ORIENTED_EDGE('',*,*,#1656,.F.);
#1101=ORIENTED_EDGE('',*,*,#1657,.T.);
#1102=ORIENTED_EDGE('',*,*,#1658,.T.);
#1103=ORIENTED_EDGE('',*,*,#1561,.F.);
#1104=ORIENTED_EDGE('',*,*,#1659,.F.);
#1105=ORIENTED_EDGE('',*,*,#1555,.F.);
#1106=ORIENTED_EDGE('',*,*,#1660,.F.);
#1107=ORIENTED_EDGE('',*,*,#1661,.F.);
#1108=ORIENTED_EDGE('',*,*,#1548,.F.);
#1109=ORIENTED_EDGE('',*,*,#1651,.F.);
#1110=ORIENTED_EDGE('',*,*,#1573,.F.);
#1111=ORIENTED_EDGE('',*,*,#1549,.F.);
#1112=ORIENTED_EDGE('',*,*,#1661,.T.);
#1113=ORIENTED_EDGE('',*,*,#1662,.T.);
#1114=ORIENTED_EDGE('',*,*,#1578,.T.);
#1115=ORIENTED_EDGE('',*,*,#1663,.F.);
#1116=ORIENTED_EDGE('',*,*,#1664,.F.);
#1117=ORIENTED_EDGE('',*,*,#1665,.F.);
#1118=ORIENTED_EDGE('',*,*,#1666,.F.);
#1119=ORIENTED_EDGE('',*,*,#1667,.F.);
#1120=ORIENTED_EDGE('',*,*,#1668,.F.);
#1121=ORIENTED_EDGE('',*,*,#1669,.F.);
#1122=ORIENTED_EDGE('',*,*,#1670,.F.);
#1123=ORIENTED_EDGE('',*,*,#1671,.F.);
#1124=ORIENTED_EDGE('',*,*,#1672,.F.);
#1125=ORIENTED_EDGE('',*,*,#1673,.F.);
#1126=ORIENTED_EDGE('',*,*,#1674,.F.);
#1127=ORIENTED_EDGE('',*,*,#1675,.F.);
#1128=ORIENTED_EDGE('',*,*,#1676,.F.);
#1129=ORIENTED_EDGE('',*,*,#1677,.F.);
#1130=ORIENTED_EDGE('',*,*,#1678,.F.);
#1131=ORIENTED_EDGE('',*,*,#1679,.F.);
#1132=ORIENTED_EDGE('',*,*,#1680,.F.);
#1133=ORIENTED_EDGE('',*,*,#1681,.F.);
#1134=ORIENTED_EDGE('',*,*,#1682,.F.);
#1135=ORIENTED_EDGE('',*,*,#1683,.F.);
#1136=ORIENTED_EDGE('',*,*,#1684,.F.);
#1137=ORIENTED_EDGE('',*,*,#1685,.F.);
#1138=ORIENTED_EDGE('',*,*,#1686,.F.);
#1139=ORIENTED_EDGE('',*,*,#1687,.F.);
#1140=ORIENTED_EDGE('',*,*,#1639,.F.);
#1141=ORIENTED_EDGE('',*,*,#1550,.T.);
#1142=ORIENTED_EDGE('',*,*,#1663,.T.);
#1143=ORIENTED_EDGE('',*,*,#1577,.T.);
#1144=ORIENTED_EDGE('',*,*,#1575,.F.);
#1145=ORIENTED_EDGE('',*,*,#1652,.T.);
#1146=ORIENTED_EDGE('',*,*,#1552,.F.);
#1147=ORIENTED_EDGE('',*,*,#1640,.F.);
#1148=ORIENTED_EDGE('',*,*,#1565,.F.);
#1149=ORIENTED_EDGE('',*,*,#1688,.F.);
#1150=ORIENTED_EDGE('',*,*,#1660,.T.);
#1151=ORIENTED_EDGE('',*,*,#1554,.T.);
#1152=ORIENTED_EDGE('',*,*,#1689,.F.);
#1153=ORIENTED_EDGE('',*,*,#1690,.F.);
#1154=ORIENTED_EDGE('',*,*,#1691,.F.);
#1155=ORIENTED_EDGE('',*,*,#1692,.F.);
#1156=ORIENTED_EDGE('',*,*,#1693,.F.);
#1157=ORIENTED_EDGE('',*,*,#1694,.F.);
#1158=ORIENTED_EDGE('',*,*,#1695,.F.);
#1159=ORIENTED_EDGE('',*,*,#1696,.F.);
#1160=ORIENTED_EDGE('',*,*,#1697,.F.);
#1161=ORIENTED_EDGE('',*,*,#1698,.F.);
#1162=ORIENTED_EDGE('',*,*,#1699,.F.);
#1163=ORIENTED_EDGE('',*,*,#1700,.F.);
#1164=ORIENTED_EDGE('',*,*,#1701,.F.);
#1165=ORIENTED_EDGE('',*,*,#1702,.F.);
#1166=ORIENTED_EDGE('',*,*,#1703,.F.);
#1167=ORIENTED_EDGE('',*,*,#1704,.F.);
#1168=ORIENTED_EDGE('',*,*,#1705,.F.);
#1169=ORIENTED_EDGE('',*,*,#1706,.F.);
#1170=ORIENTED_EDGE('',*,*,#1707,.F.);
#1171=ORIENTED_EDGE('',*,*,#1708,.F.);
#1172=ORIENTED_EDGE('',*,*,#1709,.F.);
#1173=ORIENTED_EDGE('',*,*,#1710,.F.);
#1174=ORIENTED_EDGE('',*,*,#1711,.F.);
#1175=ORIENTED_EDGE('',*,*,#1712,.F.);
#1176=ORIENTED_EDGE('',*,*,#1713,.F.);
#1177=ORIENTED_EDGE('',*,*,#1556,.F.);
#1178=ORIENTED_EDGE('',*,*,#1659,.T.);
#1179=ORIENTED_EDGE('',*,*,#1569,.T.);
#1180=ORIENTED_EDGE('',*,*,#1714,.F.);
#1181=ORIENTED_EDGE('',*,*,#1557,.F.);
#1182=ORIENTED_EDGE('',*,*,#1714,.T.);
#1183=ORIENTED_EDGE('',*,*,#1568,.F.);
#1184=ORIENTED_EDGE('',*,*,#1647,.T.);
#1185=ORIENTED_EDGE('',*,*,#1646,.T.);
#1186=ORIENTED_EDGE('',*,*,#1566,.T.);
#1187=ORIENTED_EDGE('',*,*,#1689,.T.);
#1188=ORIENTED_EDGE('',*,*,#1559,.T.);
#1189=ORIENTED_EDGE('',*,*,#1562,.F.);
#1190=ORIENTED_EDGE('',*,*,#1658,.F.);
#1191=ORIENTED_EDGE('',*,*,#1715,.F.);
#1192=ORIENTED_EDGE('',*,*,#1716,.F.);
#1193=ORIENTED_EDGE('',*,*,#1563,.F.);
#1194=ORIENTED_EDGE('',*,*,#1716,.T.);
#1195=ORIENTED_EDGE('',*,*,#1717,.T.);
#1196=ORIENTED_EDGE('',*,*,#1688,.T.);
#1197=ORIENTED_EDGE('',*,*,#1564,.F.);
#1198=ORIENTED_EDGE('',*,*,#1717,.F.);
#1199=ORIENTED_EDGE('',*,*,#1715,.T.);
#1200=ORIENTED_EDGE('',*,*,#1718,.T.);
#1201=ORIENTED_EDGE('',*,*,#1719,.F.);
#1202=ORIENTED_EDGE('',*,*,#1720,.T.);
#1203=ORIENTED_EDGE('',*,*,#1571,.T.);
#1204=ORIENTED_EDGE('',*,*,#1720,.F.);
#1205=ORIENTED_EDGE('',*,*,#1721,.F.);
#1206=ORIENTED_EDGE('',*,*,#1657,.F.);
#1207=ORIENTED_EDGE('',*,*,#1572,.F.);
#1208=ORIENTED_EDGE('',*,*,#1662,.F.);
#1209=ORIENTED_EDGE('',*,*,#1718,.F.);
#1210=ORIENTED_EDGE('',*,*,#1721,.T.);
#1211=ORIENTED_EDGE('',*,*,#1719,.T.);
#1212=ORIENTED_EDGE('',*,*,#1579,.T.);
#1213=ORIENTED_EDGE('',*,*,#1644,.F.);
#1214=ORIENTED_EDGE('',*,*,#1583,.T.);
#1215=ORIENTED_EDGE('',*,*,#1650,.T.);
#1216=ORIENTED_EDGE('',*,*,#1649,.T.);
#1217=ORIENTED_EDGE('',*,*,#1722,.T.);
#1218=ORIENTED_EDGE('',*,*,#1712,.T.);
#1219=ORIENTED_EDGE('',*,*,#1723,.T.);
#1220=ORIENTED_EDGE('',*,*,#1585,.F.);
#1221=ORIENTED_EDGE('',*,*,#1723,.F.);
#1222=ORIENTED_EDGE('',*,*,#1711,.T.);
#1223=ORIENTED_EDGE('',*,*,#1724,.T.);
#1224=ORIENTED_EDGE('',*,*,#1586,.F.);
#1225=ORIENTED_EDGE('',*,*,#1724,.F.);
#1226=ORIENTED_EDGE('',*,*,#1710,.T.);
#1227=ORIENTED_EDGE('',*,*,#1725,.T.);
#1228=ORIENTED_EDGE('',*,*,#1587,.F.);
#1229=ORIENTED_EDGE('',*,*,#1725,.F.);
#1230=ORIENTED_EDGE('',*,*,#1709,.T.);
#1231=ORIENTED_EDGE('',*,*,#1726,.T.);
#1232=ORIENTED_EDGE('',*,*,#1588,.F.);
#1233=ORIENTED_EDGE('',*,*,#1726,.F.);
#1234=ORIENTED_EDGE('',*,*,#1708,.T.);
#1235=ORIENTED_EDGE('',*,*,#1727,.T.);
#1236=ORIENTED_EDGE('',*,*,#1589,.F.);
#1237=ORIENTED_EDGE('',*,*,#1727,.F.);
#1238=ORIENTED_EDGE('',*,*,#1707,.T.);
#1239=ORIENTED_EDGE('',*,*,#1728,.T.);
#1240=ORIENTED_EDGE('',*,*,#1590,.F.);
#1241=ORIENTED_EDGE('',*,*,#1728,.F.);
#1242=ORIENTED_EDGE('',*,*,#1706,.T.);
#1243=ORIENTED_EDGE('',*,*,#1729,.T.);
#1244=ORIENTED_EDGE('',*,*,#1591,.F.);
#1245=ORIENTED_EDGE('',*,*,#1729,.F.);
#1246=ORIENTED_EDGE('',*,*,#1705,.T.);
#1247=ORIENTED_EDGE('',*,*,#1730,.T.);
#1248=ORIENTED_EDGE('',*,*,#1592,.F.);
#1249=ORIENTED_EDGE('',*,*,#1730,.F.);
#1250=ORIENTED_EDGE('',*,*,#1704,.T.);
#1251=ORIENTED_EDGE('',*,*,#1731,.T.);
#1252=ORIENTED_EDGE('',*,*,#1593,.F.);
#1253=ORIENTED_EDGE('',*,*,#1731,.F.);
#1254=ORIENTED_EDGE('',*,*,#1703,.T.);
#1255=ORIENTED_EDGE('',*,*,#1732,.T.);
#1256=ORIENTED_EDGE('',*,*,#1594,.F.);
#1257=ORIENTED_EDGE('',*,*,#1732,.F.);
#1258=ORIENTED_EDGE('',*,*,#1702,.T.);
#1259=ORIENTED_EDGE('',*,*,#1733,.T.);
#1260=ORIENTED_EDGE('',*,*,#1595,.F.);
#1261=ORIENTED_EDGE('',*,*,#1733,.F.);
#1262=ORIENTED_EDGE('',*,*,#1701,.T.);
#1263=ORIENTED_EDGE('',*,*,#1734,.T.);
#1264=ORIENTED_EDGE('',*,*,#1596,.F.);
#1265=ORIENTED_EDGE('',*,*,#1734,.F.);
#1266=ORIENTED_EDGE('',*,*,#1700,.T.);
#1267=ORIENTED_EDGE('',*,*,#1735,.T.);
#1268=ORIENTED_EDGE('',*,*,#1597,.F.);
#1269=ORIENTED_EDGE('',*,*,#1735,.F.);
#1270=ORIENTED_EDGE('',*,*,#1699,.T.);
#1271=ORIENTED_EDGE('',*,*,#1736,.T.);
#1272=ORIENTED_EDGE('',*,*,#1598,.F.);
#1273=ORIENTED_EDGE('',*,*,#1736,.F.);
#1274=ORIENTED_EDGE('',*,*,#1698,.T.);
#1275=ORIENTED_EDGE('',*,*,#1737,.T.);
#1276=ORIENTED_EDGE('',*,*,#1599,.F.);
#1277=ORIENTED_EDGE('',*,*,#1737,.F.);
#1278=ORIENTED_EDGE('',*,*,#1697,.T.);
#1279=ORIENTED_EDGE('',*,*,#1738,.T.);
#1280=ORIENTED_EDGE('',*,*,#1600,.F.);
#1281=ORIENTED_EDGE('',*,*,#1738,.F.);
#1282=ORIENTED_EDGE('',*,*,#1696,.T.);
#1283=ORIENTED_EDGE('',*,*,#1739,.T.);
#1284=ORIENTED_EDGE('',*,*,#1601,.F.);
#1285=ORIENTED_EDGE('',*,*,#1739,.F.);
#1286=ORIENTED_EDGE('',*,*,#1695,.T.);
#1287=ORIENTED_EDGE('',*,*,#1740,.T.);
#1288=ORIENTED_EDGE('',*,*,#1602,.F.);
#1289=ORIENTED_EDGE('',*,*,#1740,.F.);
#1290=ORIENTED_EDGE('',*,*,#1694,.T.);
#1291=ORIENTED_EDGE('',*,*,#1741,.T.);
#1292=ORIENTED_EDGE('',*,*,#1603,.F.);
#1293=ORIENTED_EDGE('',*,*,#1741,.F.);
#1294=ORIENTED_EDGE('',*,*,#1693,.T.);
#1295=ORIENTED_EDGE('',*,*,#1742,.T.);
#1296=ORIENTED_EDGE('',*,*,#1604,.F.);
#1297=ORIENTED_EDGE('',*,*,#1742,.F.);
#1298=ORIENTED_EDGE('',*,*,#1692,.T.);
#1299=ORIENTED_EDGE('',*,*,#1743,.T.);
#1300=ORIENTED_EDGE('',*,*,#1605,.F.);
#1301=ORIENTED_EDGE('',*,*,#1743,.F.);
#1302=ORIENTED_EDGE('',*,*,#1691,.T.);
#1303=ORIENTED_EDGE('',*,*,#1744,.T.);
#1304=ORIENTED_EDGE('',*,*,#1606,.F.);
#1305=ORIENTED_EDGE('',*,*,#1744,.F.);
#1306=ORIENTED_EDGE('',*,*,#1690,.T.);
#1307=ORIENTED_EDGE('',*,*,#1745,.T.);
#1308=ORIENTED_EDGE('',*,*,#1607,.F.);
#1309=ORIENTED_EDGE('',*,*,#1745,.F.);
#1310=ORIENTED_EDGE('',*,*,#1713,.T.);
#1311=ORIENTED_EDGE('',*,*,#1722,.F.);
#1312=ORIENTED_EDGE('',*,*,#1608,.F.);
#1313=ORIENTED_EDGE('',*,*,#1637,.F.);
#1314=ORIENTED_EDGE('',*,*,#1611,.T.);
#1315=ORIENTED_EDGE('',*,*,#1643,.T.);
#1316=ORIENTED_EDGE('',*,*,#1641,.T.);
#1317=ORIENTED_EDGE('',*,*,#1746,.T.);
#1318=ORIENTED_EDGE('',*,*,#1666,.T.);
#1319=ORIENTED_EDGE('',*,*,#1747,.T.);
#1320=ORIENTED_EDGE('',*,*,#1613,.F.);
#1321=ORIENTED_EDGE('',*,*,#1747,.F.);
#1322=ORIENTED_EDGE('',*,*,#1665,.T.);
#1323=ORIENTED_EDGE('',*,*,#1748,.T.);
#1324=ORIENTED_EDGE('',*,*,#1614,.F.);
#1325=ORIENTED_EDGE('',*,*,#1748,.F.);
#1326=ORIENTED_EDGE('',*,*,#1664,.T.);
#1327=ORIENTED_EDGE('',*,*,#1749,.T.);
#1328=ORIENTED_EDGE('',*,*,#1615,.F.);
#1329=ORIENTED_EDGE('',*,*,#1749,.F.);
#1330=ORIENTED_EDGE('',*,*,#1687,.T.);
#1331=ORIENTED_EDGE('',*,*,#1750,.T.);
#1332=ORIENTED_EDGE('',*,*,#1616,.F.);
#1333=ORIENTED_EDGE('',*,*,#1750,.F.);
#1334=ORIENTED_EDGE('',*,*,#1686,.T.);
#1335=ORIENTED_EDGE('',*,*,#1751,.T.);
#1336=ORIENTED_EDGE('',*,*,#1617,.F.);
#1337=ORIENTED_EDGE('',*,*,#1751,.F.);
#1338=ORIENTED_EDGE('',*,*,#1685,.T.);
#1339=ORIENTED_EDGE('',*,*,#1752,.T.);
#1340=ORIENTED_EDGE('',*,*,#1618,.F.);
#1341=ORIENTED_EDGE('',*,*,#1752,.F.);
#1342=ORIENTED_EDGE('',*,*,#1684,.T.);
#1343=ORIENTED_EDGE('',*,*,#1753,.T.);
#1344=ORIENTED_EDGE('',*,*,#1619,.F.);
#1345=ORIENTED_EDGE('',*,*,#1753,.F.);
#1346=ORIENTED_EDGE('',*,*,#1683,.T.);
#1347=ORIENTED_EDGE('',*,*,#1754,.T.);
#1348=ORIENTED_EDGE('',*,*,#1620,.F.);
#1349=ORIENTED_EDGE('',*,*,#1754,.F.);
#1350=ORIENTED_EDGE('',*,*,#1682,.T.);
#1351=ORIENTED_EDGE('',*,*,#1755,.T.);
#1352=ORIENTED_EDGE('',*,*,#1621,.F.);
#1353=ORIENTED_EDGE('',*,*,#1755,.F.);
#1354=ORIENTED_EDGE('',*,*,#1681,.T.);
#1355=ORIENTED_EDGE('',*,*,#1756,.T.);
#1356=ORIENTED_EDGE('',*,*,#1622,.F.);
#1357=ORIENTED_EDGE('',*,*,#1756,.F.);
#1358=ORIENTED_EDGE('',*,*,#1680,.T.);
#1359=ORIENTED_EDGE('',*,*,#1757,.T.);
#1360=ORIENTED_EDGE('',*,*,#1623,.F.);
#1361=ORIENTED_EDGE('',*,*,#1757,.F.);
#1362=ORIENTED_EDGE('',*,*,#1679,.T.);
#1363=ORIENTED_EDGE('',*,*,#1758,.T.);
#1364=ORIENTED_EDGE('',*,*,#1624,.F.);
#1365=ORIENTED_EDGE('',*,*,#1758,.F.);
#1366=ORIENTED_EDGE('',*,*,#1678,.T.);
#1367=ORIENTED_EDGE('',*,*,#1759,.T.);
#1368=ORIENTED_EDGE('',*,*,#1625,.F.);
#1369=ORIENTED_EDGE('',*,*,#1759,.F.);
#1370=ORIENTED_EDGE('',*,*,#1677,.T.);
#1371=ORIENTED_EDGE('',*,*,#1760,.T.);
#1372=ORIENTED_EDGE('',*,*,#1626,.F.);
#1373=ORIENTED_EDGE('',*,*,#1760,.F.);
#1374=ORIENTED_EDGE('',*,*,#1676,.T.);
#1375=ORIENTED_EDGE('',*,*,#1761,.T.);
#1376=ORIENTED_EDGE('',*,*,#1627,.F.);
#1377=ORIENTED_EDGE('',*,*,#1761,.F.);
#1378=ORIENTED_EDGE('',*,*,#1675,.T.);
#1379=ORIENTED_EDGE('',*,*,#1762,.T.);
#1380=ORIENTED_EDGE('',*,*,#1628,.F.);
#1381=ORIENTED_EDGE('',*,*,#1762,.F.);
#1382=ORIENTED_EDGE('',*,*,#1674,.T.);
#1383=ORIENTED_EDGE('',*,*,#1763,.T.);
#1384=ORIENTED_EDGE('',*,*,#1629,.F.);
#1385=ORIENTED_EDGE('',*,*,#1763,.F.);
#1386=ORIENTED_EDGE('',*,*,#1673,.T.);
#1387=ORIENTED_EDGE('',*,*,#1764,.T.);
#1388=ORIENTED_EDGE('',*,*,#1630,.F.);
#1389=ORIENTED_EDGE('',*,*,#1764,.F.);
#1390=ORIENTED_EDGE('',*,*,#1672,.T.);
#1391=ORIENTED_EDGE('',*,*,#1765,.T.);
#1392=ORIENTED_EDGE('',*,*,#1631,.F.);
#1393=ORIENTED_EDGE('',*,*,#1765,.F.);
#1394=ORIENTED_EDGE('',*,*,#1671,.T.);
#1395=ORIENTED_EDGE('',*,*,#1766,.T.);
#1396=ORIENTED_EDGE('',*,*,#1632,.F.);
#1397=ORIENTED_EDGE('',*,*,#1766,.F.);
#1398=ORIENTED_EDGE('',*,*,#1670,.T.);
#1399=ORIENTED_EDGE('',*,*,#1767,.T.);
#1400=ORIENTED_EDGE('',*,*,#1633,.F.);
#1401=ORIENTED_EDGE('',*,*,#1767,.F.);
#1402=ORIENTED_EDGE('',*,*,#1669,.T.);
#1403=ORIENTED_EDGE('',*,*,#1768,.T.);
#1404=ORIENTED_EDGE('',*,*,#1634,.F.);
#1405=ORIENTED_EDGE('',*,*,#1768,.F.);
#1406=ORIENTED_EDGE('',*,*,#1668,.T.);
#1407=ORIENTED_EDGE('',*,*,#1769,.T.);
#1408=ORIENTED_EDGE('',*,*,#1635,.F.);
#1409=ORIENTED_EDGE('',*,*,#1769,.F.);
#1410=ORIENTED_EDGE('',*,*,#1667,.T.);
#1411=ORIENTED_EDGE('',*,*,#1746,.F.);
#1412=ORIENTED_EDGE('',*,*,#1636,.F.);
#1413=ORIENTED_EDGE('',*,*,#1770,.T.);
#1414=ORIENTED_EDGE('',*,*,#1653,.T.);
#1415=ORIENTED_EDGE('',*,*,#1771,.F.);
#1416=ORIENTED_EDGE('',*,*,#1772,.F.);
#1417=ORIENTED_EDGE('',*,*,#1654,.F.);
#1418=ORIENTED_EDGE('',*,*,#1770,.F.);
#1419=ORIENTED_EDGE('',*,*,#1773,.F.);
#1420=ORIENTED_EDGE('',*,*,#1774,.F.);
#1421=ORIENTED_EDGE('',*,*,#1775,.F.);
#1422=ORIENTED_EDGE('',*,*,#1776,.F.);
#1423=ORIENTED_EDGE('',*,*,#1777,.F.);
#1424=ORIENTED_EDGE('',*,*,#1778,.F.);
#1425=ORIENTED_EDGE('',*,*,#1779,.F.);
#1426=ORIENTED_EDGE('',*,*,#1780,.F.);
#1427=ORIENTED_EDGE('',*,*,#1781,.F.);
#1428=ORIENTED_EDGE('',*,*,#1782,.F.);
#1429=ORIENTED_EDGE('',*,*,#1783,.F.);
#1430=ORIENTED_EDGE('',*,*,#1784,.F.);
#1431=ORIENTED_EDGE('',*,*,#1785,.F.);
#1432=ORIENTED_EDGE('',*,*,#1786,.F.);
#1433=ORIENTED_EDGE('',*,*,#1787,.F.);
#1434=ORIENTED_EDGE('',*,*,#1788,.F.);
#1435=ORIENTED_EDGE('',*,*,#1789,.F.);
#1436=ORIENTED_EDGE('',*,*,#1789,.T.);
#1437=ORIENTED_EDGE('',*,*,#1790,.T.);
#1438=ORIENTED_EDGE('',*,*,#1791,.F.);
#1439=ORIENTED_EDGE('',*,*,#1655,.F.);
#1440=ORIENTED_EDGE('',*,*,#1791,.T.);
#1441=ORIENTED_EDGE('',*,*,#1792,.T.);
#1442=ORIENTED_EDGE('',*,*,#1793,.T.);
#1443=ORIENTED_EDGE('',*,*,#1794,.T.);
#1444=ORIENTED_EDGE('',*,*,#1795,.T.);
#1445=ORIENTED_EDGE('',*,*,#1796,.T.);
#1446=ORIENTED_EDGE('',*,*,#1797,.T.);
#1447=ORIENTED_EDGE('',*,*,#1798,.T.);
#1448=ORIENTED_EDGE('',*,*,#1799,.T.);
#1449=ORIENTED_EDGE('',*,*,#1800,.T.);
#1450=ORIENTED_EDGE('',*,*,#1801,.T.);
#1451=ORIENTED_EDGE('',*,*,#1802,.T.);
#1452=ORIENTED_EDGE('',*,*,#1803,.T.);
#1453=ORIENTED_EDGE('',*,*,#1804,.T.);
#1454=ORIENTED_EDGE('',*,*,#1805,.T.);
#1455=ORIENTED_EDGE('',*,*,#1806,.T.);
#1456=ORIENTED_EDGE('',*,*,#1807,.T.);
#1457=ORIENTED_EDGE('',*,*,#1771,.T.);
#1458=ORIENTED_EDGE('',*,*,#1656,.T.);
#1459=ORIENTED_EDGE('',*,*,#1773,.T.);
#1460=ORIENTED_EDGE('',*,*,#1772,.T.);
#1461=ORIENTED_EDGE('',*,*,#1807,.F.);
#1462=ORIENTED_EDGE('',*,*,#1808,.F.);
#1463=ORIENTED_EDGE('',*,*,#1774,.T.);
#1464=ORIENTED_EDGE('',*,*,#1808,.T.);
#1465=ORIENTED_EDGE('',*,*,#1806,.F.);
#1466=ORIENTED_EDGE('',*,*,#1809,.F.);
#1467=ORIENTED_EDGE('',*,*,#1775,.T.);
#1468=ORIENTED_EDGE('',*,*,#1809,.T.);
#1469=ORIENTED_EDGE('',*,*,#1805,.F.);
#1470=ORIENTED_EDGE('',*,*,#1810,.F.);
#1471=ORIENTED_EDGE('',*,*,#1776,.T.);
#1472=ORIENTED_EDGE('',*,*,#1810,.T.);
#1473=ORIENTED_EDGE('',*,*,#1804,.F.);
#1474=ORIENTED_EDGE('',*,*,#1811,.F.);
#1475=ORIENTED_EDGE('',*,*,#1777,.T.);
#1476=ORIENTED_EDGE('',*,*,#1811,.T.);
#1477=ORIENTED_EDGE('',*,*,#1803,.F.);
#1478=ORIENTED_EDGE('',*,*,#1812,.F.);
#1479=ORIENTED_EDGE('',*,*,#1778,.T.);
#1480=ORIENTED_EDGE('',*,*,#1812,.T.);
#1481=ORIENTED_EDGE('',*,*,#1802,.F.);
#1482=ORIENTED_EDGE('',*,*,#1813,.F.);
#1483=ORIENTED_EDGE('',*,*,#1779,.T.);
#1484=ORIENTED_EDGE('',*,*,#1813,.T.);
#1485=ORIENTED_EDGE('',*,*,#1801,.F.);
#1486=ORIENTED_EDGE('',*,*,#1814,.F.);
#1487=ORIENTED_EDGE('',*,*,#1780,.T.);
#1488=ORIENTED_EDGE('',*,*,#1814,.T.);
#1489=ORIENTED_EDGE('',*,*,#1800,.F.);
#1490=ORIENTED_EDGE('',*,*,#1815,.F.);
#1491=ORIENTED_EDGE('',*,*,#1781,.T.);
#1492=ORIENTED_EDGE('',*,*,#1815,.T.);
#1493=ORIENTED_EDGE('',*,*,#1799,.F.);
#1494=ORIENTED_EDGE('',*,*,#1816,.F.);
#1495=ORIENTED_EDGE('',*,*,#1782,.T.);
#1496=ORIENTED_EDGE('',*,*,#1816,.T.);
#1497=ORIENTED_EDGE('',*,*,#1798,.F.);
#1498=ORIENTED_EDGE('',*,*,#1817,.F.);
#1499=ORIENTED_EDGE('',*,*,#1783,.T.);
#1500=ORIENTED_EDGE('',*,*,#1817,.T.);
#1501=ORIENTED_EDGE('',*,*,#1797,.F.);
#1502=ORIENTED_EDGE('',*,*,#1818,.F.);
#1503=ORIENTED_EDGE('',*,*,#1784,.T.);
#1504=ORIENTED_EDGE('',*,*,#1818,.T.);
#1505=ORIENTED_EDGE('',*,*,#1796,.F.);
#1506=ORIENTED_EDGE('',*,*,#1819,.F.);
#1507=ORIENTED_EDGE('',*,*,#1785,.T.);
#1508=ORIENTED_EDGE('',*,*,#1819,.T.);
#1509=ORIENTED_EDGE('',*,*,#1795,.F.);
#1510=ORIENTED_EDGE('',*,*,#1820,.F.);
#1511=ORIENTED_EDGE('',*,*,#1786,.T.);
#1512=ORIENTED_EDGE('',*,*,#1820,.T.);
#1513=ORIENTED_EDGE('',*,*,#1794,.F.);
#1514=ORIENTED_EDGE('',*,*,#1821,.F.);
#1515=ORIENTED_EDGE('',*,*,#1787,.T.);
#1516=ORIENTED_EDGE('',*,*,#1821,.T.);
#1517=ORIENTED_EDGE('',*,*,#1793,.F.);
#1518=ORIENTED_EDGE('',*,*,#1822,.F.);
#1519=ORIENTED_EDGE('',*,*,#1788,.T.);
#1520=ORIENTED_EDGE('',*,*,#1822,.T.);
#1521=ORIENTED_EDGE('',*,*,#1792,.F.);
#1522=ORIENTED_EDGE('',*,*,#1790,.F.);
#1523=EDGE_CURVE('',#1823,#1824,#1825,.F.);
#1524=EDGE_CURVE('',#1824,#1826,#1827,.T.);
#1525=EDGE_CURVE('',#1826,#1828,#1829,.T.);
#1526=EDGE_CURVE('',#1828,#1830,#1831,.T.);
#1527=EDGE_CURVE('',#1823,#1830,#1832,.T.);
#1528=EDGE_CURVE('',#1833,#1823,#1834,.F.);
#1529=EDGE_CURVE('',#1830,#1835,#1836,.T.);
#1530=EDGE_CURVE('',#1833,#1835,#1837,.T.);
#1531=EDGE_CURVE('',#1838,#1833,#1839,.T.);
#1532=EDGE_CURVE('',#1835,#1840,#1841,.T.);
#1533=EDGE_CURVE('',#1842,#1840,#1843,.T.);
#1534=EDGE_CURVE('',#1842,#1838,#1844,.T.);
#1535=EDGE_CURVE('',#1845,#1846,#1847,.F.);
#1536=EDGE_CURVE('',#1846,#1848,#1849,.T.);
#1537=EDGE_CURVE('',#1848,#1850,#1851,.T.);
#1538=EDGE_CURVE('',#1850,#1852,#1853,.T.);
#1539=EDGE_CURVE('',#1845,#1852,#1854,.T.);
#1540=EDGE_CURVE('',#1855,#1845,#1856,.F.);
#1541=EDGE_CURVE('',#1852,#1857,#1858,.T.);
#1542=EDGE_CURVE('',#1855,#1857,#1859,.T.);
#1543=EDGE_CURVE('',#1860,#1855,#1861,.T.);
#1544=EDGE_CURVE('',#1857,#1862,#1863,.T.);
#1545=EDGE_CURVE('',#1864,#1862,#1865,.T.);
#1546=EDGE_CURVE('',#1864,#1860,#1866,.T.);
#1547=EDGE_CURVE('',#1867,#1868,#1869,.T.);
#1548=EDGE_CURVE('',#1867,#1870,#1871,.T.);
#1549=EDGE_CURVE('',#1870,#1872,#1873,.T.);
#1550=EDGE_CURVE('',#1874,#1872,#1875,.T.);
#1551=EDGE_CURVE('',#1876,#1874,#1877,.T.);
#1552=EDGE_CURVE('',#1876,#1868,#1878,.T.);
#1553=EDGE_CURVE('',#1879,#1879,#1880,.F.);
#1554=EDGE_CURVE('',#1881,#1882,#1883,.T.);
#1555=EDGE_CURVE('',#1881,#1884,#1885,.T.);
#1556=EDGE_CURVE('',#1884,#1886,#1887,.T.);
#1557=EDGE_CURVE('',#1886,#1888,#1889,.T.);
#1558=EDGE_CURVE('',#1888,#1890,#1891,.T.);
#1559=EDGE_CURVE('',#1882,#1890,#1892,.T.);
#1560=EDGE_CURVE('',#1893,#1893,#1894,.T.);
#1561=EDGE_CURVE('',#1895,#1896,#1897,.T.);
#1562=EDGE_CURVE('',#1896,#1898,#1899,.T.);
#1563=EDGE_CURVE('',#1898,#1900,#1901,.T.);
#1564=EDGE_CURVE('',#1900,#1902,#1903,.T.);
#1565=EDGE_CURVE('',#1902,#1904,#1905,.T.);
#1566=EDGE_CURVE('',#1906,#1904,#1907,.T.);
#1567=EDGE_CURVE('',#1906,#1908,#1909,.T.);
#1568=EDGE_CURVE('',#1908,#1910,#1911,.T.);
#1569=EDGE_CURVE('',#1895,#1910,#1912,.T.);
#1570=EDGE_CURVE('',#1913,#1913,#1914,.F.);
#1571=EDGE_CURVE('',#1915,#1916,#1917,.T.);
#1572=EDGE_CURVE('',#1915,#1918,#1919,.T.);
#1573=EDGE_CURVE('',#1918,#1920,#1921,.T.);
#1574=EDGE_CURVE('',#1920,#1922,#1923,.T.);
#1575=EDGE_CURVE('',#1922,#1924,#1925,.T.);
#1576=EDGE_CURVE('',#1926,#1924,#1927,.T.);
#1577=EDGE_CURVE('',#1928,#1926,#1929,.T.);
#1578=EDGE_CURVE('',#1930,#1928,#1931,.T.);
#1579=EDGE_CURVE('',#1916,#1930,#1932,.T.);
#1580=EDGE_CURVE('',#1933,#1933,#1934,.T.);
#1581=EDGE_CURVE('',#1846,#1860,#1935,.T.);
#1582=EDGE_CURVE('',#1936,#1864,#1937,.T.);
#1583=EDGE_CURVE('',#1938,#1936,#1939,.T.);
#1584=EDGE_CURVE('',#1848,#1938,#1940,.T.);
#1585=EDGE_CURVE('',#1941,#1942,#1943,.T.);
#1586=EDGE_CURVE('',#1942,#1944,#1945,.T.);
#1587=EDGE_CURVE('',#1944,#1946,#1947,.T.);
#1588=EDGE_CURVE('',#1946,#1948,#1949,.T.);
#1589=EDGE_CURVE('',#1948,#1950,#1951,.T.);
#1590=EDGE_CURVE('',#1950,#1952,#1953,.T.);
#1591=EDGE_CURVE('',#1952,#1954,#1955,.T.);
#1592=EDGE_CURVE('',#1954,#1956,#1957,.T.);
#1593=EDGE_CURVE('',#1956,#1958,#1959,.T.);
#1594=EDGE_CURVE('',#1958,#1960,#1961,.T.);
#1595=EDGE_CURVE('',#1960,#1962,#1963,.T.);
#1596=EDGE_CURVE('',#1962,#1964,#1965,.T.);
#1597=EDGE_CURVE('',#1964,#1966,#1967,.T.);
#1598=EDGE_CURVE('',#1966,#1968,#1969,.T.);
#1599=EDGE_CURVE('',#1968,#1970,#1971,.T.);
#1600=EDGE_CURVE('',#1970,#1972,#1973,.T.);
#1601=EDGE_CURVE('',#1972,#1974,#1975,.T.);
#1602=EDGE_CURVE('',#1974,#1976,#1977,.T.);
#1603=EDGE_CURVE('',#1976,#1978,#1979,.T.);
#1604=EDGE_CURVE('',#1978,#1980,#1981,.T.);
#1605=EDGE_CURVE('',#1980,#1982,#1983,.T.);
#1606=EDGE_CURVE('',#1982,#1984,#1985,.T.);
#1607=EDGE_CURVE('',#1984,#1986,#1987,.T.);
#1608=EDGE_CURVE('',#1986,#1941,#1988,.T.);
#1609=EDGE_CURVE('',#1824,#1838,#1989,.T.);
#1610=EDGE_CURVE('',#1990,#1842,#1991,.T.);
#1611=EDGE_CURVE('',#1992,#1990,#1993,.T.);
#1612=EDGE_CURVE('',#1826,#1992,#1994,.T.);
#1613=EDGE_CURVE('',#1995,#1996,#1997,.T.);
#1614=EDGE_CURVE('',#1996,#1998,#1999,.T.);
#1615=EDGE_CURVE('',#1998,#2000,#2001,.T.);
#1616=EDGE_CURVE('',#2000,#2002,#2003,.T.);
#1617=EDGE_CURVE('',#2002,#2004,#2005,.T.);
#1618=EDGE_CURVE('',#2004,#2006,#2007,.T.);
#1619=EDGE_CURVE('',#2006,#2008,#2009,.T.);
#1620=EDGE_CURVE('',#2008,#2010,#2011,.T.);
#1621=EDGE_CURVE('',#2010,#2012,#2013,.T.);
#1622=EDGE_CURVE('',#2012,#2014,#2015,.T.);
#1623=EDGE_CURVE('',#2014,#2016,#2017,.T.);
#1624=EDGE_CURVE('',#2016,#2018,#2019,.T.);
#1625=EDGE_CURVE('',#2018,#2020,#2021,.T.);
#1626=EDGE_CURVE('',#2020,#2022,#2023,.T.);
#1627=EDGE_CURVE('',#2022,#2024,#2025,.T.);
#1628=EDGE_CURVE('',#2024,#2026,#2027,.T.);
#1629=EDGE_CURVE('',#2026,#2028,#2029,.T.);
#1630=EDGE_CURVE('',#2028,#2030,#2031,.T.);
#1631=EDGE_CURVE('',#2030,#2032,#2033,.T.);
#1632=EDGE_CURVE('',#2032,#2034,#2035,.T.);
#1633=EDGE_CURVE('',#2034,#2036,#2037,.T.);
#1634=EDGE_CURVE('',#2036,#2038,#2039,.T.);
#1635=EDGE_CURVE('',#2038,#2040,#2041,.T.);
#1636=EDGE_CURVE('',#2040,#1995,#2042,.T.);
#1637=EDGE_CURVE('',#1992,#2043,#2044,.T.);
#1638=EDGE_CURVE('',#2043,#1828,#2045,.T.);
#1639=EDGE_CURVE('',#1874,#1926,#2046,.T.);
#1640=EDGE_CURVE('',#1924,#1876,#2047,.T.);
#1641=EDGE_CURVE('',#2048,#2043,#2049,.T.);
#1642=EDGE_CURVE('',#1840,#2048,#2050,.T.);
#1643=EDGE_CURVE('',#1990,#2048,#2051,.T.);
#1644=EDGE_CURVE('',#1938,#2052,#2053,.T.);
#1645=EDGE_CURVE('',#2052,#1850,#2054,.T.);
#1646=EDGE_CURVE('',#1890,#1906,#2055,.T.);
#1647=EDGE_CURVE('',#1908,#1888,#2056,.T.);
#1648=EDGE_CURVE('',#1862,#2057,#2058,.T.);
#1649=EDGE_CURVE('',#2057,#2052,#2059,.T.);
#1650=EDGE_CURVE('',#1936,#2057,#2060,.T.);
#1651=EDGE_CURVE('',#1920,#1867,#2061,.T.);
#1652=EDGE_CURVE('',#1922,#1868,#2062,.T.);
#1653=EDGE_CURVE('',#2063,#2064,#2065,.T.);
#1654=EDGE_CURVE('',#2063,#2066,#2067,.T.);
#1655=EDGE_CURVE('',#2066,#2068,#2069,.T.);
#1656=EDGE_CURVE('',#2064,#2068,#2070,.T.);
#1657=EDGE_CURVE('',#1918,#2071,#2072,.T.);
#1658=EDGE_CURVE('',#2071,#1896,#2073,.T.);
#1659=EDGE_CURVE('',#1884,#1895,#2074,.T.);
#1660=EDGE_CURVE('',#2075,#1881,#2076,.T.);
#1661=EDGE_CURVE('',#1870,#2075,#2077,.T.);
#1662=EDGE_CURVE('',#2075,#1930,#2078,.T.);
#1663=EDGE_CURVE('',#1872,#1928,#2079,.T.);
#1664=EDGE_CURVE('',#2080,#2081,#2082,.T.);
#1665=EDGE_CURVE('',#2083,#2080,#2084,.T.);
#1666=EDGE_CURVE('',#2085,#2083,#2086,.T.);
#1667=EDGE_CURVE('',#2087,#2085,#2088,.T.);
#1668=EDGE_CURVE('',#2089,#2087,#2090,.T.);
#1669=EDGE_CURVE('',#2091,#2089,#2092,.T.);
#1670=EDGE_CURVE('',#2093,#2091,#2094,.T.);
#1671=EDGE_CURVE('',#2095,#2093,#2096,.T.);
#1672=EDGE_CURVE('',#2097,#2095,#2098,.T.);
#1673=EDGE_CURVE('',#2099,#2097,#2100,.T.);
#1674=EDGE_CURVE('',#2101,#2099,#2102,.T.);
#1675=EDGE_CURVE('',#2103,#2101,#2104,.T.);
#1676=EDGE_CURVE('',#2105,#2103,#2106,.T.);
#1677=EDGE_CURVE('',#2107,#2105,#2108,.T.);
#1678=EDGE_CURVE('',#2109,#2107,#2110,.T.);
#1679=EDGE_CURVE('',#2111,#2109,#2112,.T.);
#1680=EDGE_CURVE('',#2113,#2111,#2114,.T.);
#1681=EDGE_CURVE('',#2115,#2113,#2116,.T.);
#1682=EDGE_CURVE('',#2117,#2115,#2118,.T.);
#1683=EDGE_CURVE('',#2119,#2117,#2120,.T.);
#1684=EDGE_CURVE('',#2121,#2119,#2122,.T.);
#1685=EDGE_CURVE('',#2123,#2121,#2124,.T.);
#1686=EDGE_CURVE('',#2125,#2123,#2126,.T.);
#1687=EDGE_CURVE('',#2081,#2125,#2127,.T.);
#1688=EDGE_CURVE('',#2075,#1902,#2128,.T.);
#1689=EDGE_CURVE('',#1904,#1882,#2129,.T.);
#1690=EDGE_CURVE('',#2130,#2131,#2132,.T.);
#1691=EDGE_CURVE('',#2133,#2130,#2134,.T.);
#1692=EDGE_CURVE('',#2135,#2133,#2136,.T.);
#1693=EDGE_CURVE('',#2137,#2135,#2138,.T.);
#1694=EDGE_CURVE('',#2139,#2137,#2140,.T.);
#1695=EDGE_CURVE('',#2141,#2139,#2142,.T.);
#1696=EDGE_CURVE('',#2143,#2141,#2144,.T.);
#1697=EDGE_CURVE('',#2145,#2143,#2146,.T.);
#1698=EDGE_CURVE('',#2147,#2145,#2148,.T.);
#1699=EDGE_CURVE('',#2149,#2147,#2150,.T.);
#1700=EDGE_CURVE('',#2151,#2149,#2152,.T.);
#1701=EDGE_CURVE('',#2153,#2151,#2154,.T.);
#1702=EDGE_CURVE('',#2155,#2153,#2156,.T.);
#1703=EDGE_CURVE('',#2157,#2155,#2158,.T.);
#1704=EDGE_CURVE('',#2159,#2157,#2160,.T.);
#1705=EDGE_CURVE('',#2161,#2159,#2162,.T.);
#1706=EDGE_CURVE('',#2163,#2161,#2164,.T.);
#1707=EDGE_CURVE('',#2165,#2163,#2166,.T.);
#1708=EDGE_CURVE('',#2167,#2165,#2168,.T.);
#1709=EDGE_CURVE('',#2169,#2167,#2170,.T.);
#1710=EDGE_CURVE('',#2171,#2169,#2172,.T.);
#1711=EDGE_CURVE('',#2173,#2171,#2174,.T.);
#1712=EDGE_CURVE('',#2175,#2173,#2176,.T.);
#1713=EDGE_CURVE('',#2131,#2175,#2177,.T.);
#1714=EDGE_CURVE('',#1886,#1910,#2178,.T.);
#1715=EDGE_CURVE('',#2179,#2071,#2180,.T.);
#1716=EDGE_CURVE('',#1898,#2179,#2181,.T.);
#1717=EDGE_CURVE('',#2179,#1900,#2182,.T.);
#1718=EDGE_CURVE('',#2071,#2075,#2183,.T.);
#1719=EDGE_CURVE('',#2184,#1916,#2185,.T.);
#1720=EDGE_CURVE('',#2184,#1915,#2186,.T.);
#1721=EDGE_CURVE('',#2071,#2184,#2187,.T.);
#1722=EDGE_CURVE('',#1941,#2175,#2188,.T.);
#1723=EDGE_CURVE('',#2173,#1942,#2189,.T.);
#1724=EDGE_CURVE('',#2171,#1944,#2190,.T.);
#1725=EDGE_CURVE('',#2169,#1946,#2191,.T.);
#1726=EDGE_CURVE('',#2167,#1948,#2192,.T.);
#1727=EDGE_CURVE('',#2165,#1950,#2193,.T.);
#1728=EDGE_CURVE('',#2163,#1952,#2194,.T.);
#1729=EDGE_CURVE('',#2161,#1954,#2195,.T.);
#1730=EDGE_CURVE('',#2159,#1956,#2196,.T.);
#1731=EDGE_CURVE('',#2157,#1958,#2197,.T.);
#1732=EDGE_CURVE('',#2155,#1960,#2198,.T.);
#1733=EDGE_CURVE('',#2153,#1962,#2199,.T.);
#1734=EDGE_CURVE('',#2151,#1964,#2200,.T.);
#1735=EDGE_CURVE('',#2149,#1966,#2201,.T.);
#1736=EDGE_CURVE('',#2147,#1968,#2202,.T.);
#1737=EDGE_CURVE('',#2145,#1970,#2203,.T.);
#1738=EDGE_CURVE('',#2143,#1972,#2204,.T.);
#1739=EDGE_CURVE('',#2141,#1974,#2205,.T.);
#1740=EDGE_CURVE('',#2139,#1976,#2206,.T.);
#1741=EDGE_CURVE('',#2137,#1978,#2207,.T.);
#1742=EDGE_CURVE('',#2135,#1980,#2208,.T.);
#1743=EDGE_CURVE('',#2133,#1982,#2209,.T.);
#1744=EDGE_CURVE('',#2130,#1984,#2210,.T.);
#1745=EDGE_CURVE('',#2131,#1986,#2211,.T.);
#1746=EDGE_CURVE('',#1995,#2085,#2212,.T.);
#1747=EDGE_CURVE('',#2083,#1996,#2213,.T.);
#1748=EDGE_CURVE('',#2080,#1998,#2214,.T.);
#1749=EDGE_CURVE('',#2081,#2000,#2215,.T.);
#1750=EDGE_CURVE('',#2125,#2002,#2216,.T.);
#1751=EDGE_CURVE('',#2123,#2004,#2217,.T.);
#1752=EDGE_CURVE('',#2121,#2006,#2218,.T.);
#1753=EDGE_CURVE('',#2119,#2008,#2219,.T.);
#1754=EDGE_CURVE('',#2117,#2010,#2220,.T.);
#1755=EDGE_CURVE('',#2115,#2012,#2221,.T.);
#1756=EDGE_CURVE('',#2113,#2014,#2222,.T.);
#1757=EDGE_CURVE('',#2111,#2016,#2223,.T.);
#1758=EDGE_CURVE('',#2109,#2018,#2224,.T.);
#1759=EDGE_CURVE('',#2107,#2020,#2225,.T.);
#1760=EDGE_CURVE('',#2105,#2022,#2226,.T.);
#1761=EDGE_CURVE('',#2103,#2024,#2227,.T.);
#1762=EDGE_CURVE('',#2101,#2026,#2228,.T.);
#1763=EDGE_CURVE('',#2099,#2028,#2229,.T.);
#1764=EDGE_CURVE('',#2097,#2030,#2230,.T.);
#1765=EDGE_CURVE('',#2095,#2032,#2231,.T.);
#1766=EDGE_CURVE('',#2093,#2034,#2232,.T.);
#1767=EDGE_CURVE('',#2091,#2036,#2233,.T.);
#1768=EDGE_CURVE('',#2089,#2038,#2234,.T.);
#1769=EDGE_CURVE('',#2087,#2040,#2235,.T.);
#1770=EDGE_CURVE('',#2236,#2063,#2237,.T.);
#1771=EDGE_CURVE('',#2238,#2064,#2239,.T.);
#1772=EDGE_CURVE('',#2236,#2238,#2240,.T.);
#1773=EDGE_CURVE('',#2241,#2236,#2242,.T.);
#1774=EDGE_CURVE('',#2243,#2241,#2244,.T.);
#1775=EDGE_CURVE('',#2245,#2243,#2246,.T.);
#1776=EDGE_CURVE('',#2247,#2245,#2248,.T.);
#1777=EDGE_CURVE('',#2249,#2247,#2250,.T.);
#1778=EDGE_CURVE('',#2251,#2249,#2252,.T.);
#1779=EDGE_CURVE('',#2253,#2251,#2254,.T.);
#1780=EDGE_CURVE('',#2255,#2253,#2256,.T.);
#1781=EDGE_CURVE('',#2257,#2255,#2258,.T.);
#1782=EDGE_CURVE('',#2259,#2257,#2260,.T.);
#1783=EDGE_CURVE('',#2261,#2259,#2262,.T.);
#1784=EDGE_CURVE('',#2263,#2261,#2264,.T.);
#1785=EDGE_CURVE('',#2265,#2263,#2266,.T.);
#1786=EDGE_CURVE('',#2267,#2265,#2268,.T.);
#1787=EDGE_CURVE('',#2269,#2267,#2270,.T.);
#1788=EDGE_CURVE('',#2271,#2269,#2272,.T.);
#1789=EDGE_CURVE('',#2066,#2271,#2273,.T.);
#1790=EDGE_CURVE('',#2271,#2274,#2275,.T.);
#1791=EDGE_CURVE('',#2068,#2274,#2276,.T.);
#1792=EDGE_CURVE('',#2274,#2277,#2278,.T.);
#1793=EDGE_CURVE('',#2277,#2279,#2280,.T.);
#1794=EDGE_CURVE('',#2279,#2281,#2282,.T.);
#1795=EDGE_CURVE('',#2281,#2283,#2284,.T.);
#1796=EDGE_CURVE('',#2283,#2285,#2286,.T.);
#1797=EDGE_CURVE('',#2285,#2287,#2288,.T.);
#1798=EDGE_CURVE('',#2287,#2289,#2290,.T.);
#1799=EDGE_CURVE('',#2289,#2291,#2292,.T.);
#1800=EDGE_CURVE('',#2291,#2293,#2294,.T.);
#1801=EDGE_CURVE('',#2293,#2295,#2296,.T.);
#1802=EDGE_CURVE('',#2295,#2297,#2298,.T.);
#1803=EDGE_CURVE('',#2297,#2299,#2300,.T.);
#1804=EDGE_CURVE('',#2299,#2301,#2302,.T.);
#1805=EDGE_CURVE('',#2301,#2303,#2304,.T.);
#1806=EDGE_CURVE('',#2303,#2305,#2306,.T.);
#1807=EDGE_CURVE('',#2305,#2238,#2307,.T.);
#1808=EDGE_CURVE('',#2241,#2305,#2308,.T.);
#1809=EDGE_CURVE('',#2243,#2303,#2309,.T.);
#1810=EDGE_CURVE('',#2245,#2301,#2310,.T.);
#1811=EDGE_CURVE('',#2247,#2299,#2311,.T.);
#1812=EDGE_CURVE('',#2249,#2297,#2312,.T.);
#1813=EDGE_CURVE('',#2251,#2295,#2313,.T.);
#1814=EDGE_CURVE('',#2253,#2293,#2314,.T.);
#1815=EDGE_CURVE('',#2255,#2291,#2315,.T.);
#1816=EDGE_CURVE('',#2257,#2289,#2316,.T.);
#1817=EDGE_CURVE('',#2259,#2287,#2317,.T.);
#1818=EDGE_CURVE('',#2261,#2285,#2318,.T.);
#1819=EDGE_CURVE('',#2263,#2283,#2319,.T.);
#1820=EDGE_CURVE('',#2265,#2281,#2320,.T.);
#1821=EDGE_CURVE('',#2267,#2279,#2321,.T.);
#1822=EDGE_CURVE('',#2269,#2277,#2322,.T.);
#1823=VERTEX_POINT('',#2323);
#1824=VERTEX_POINT('',#2324);
#1825=(BOUNDED_CURVE()B_SPLINE_CURVE(3,
(#2325,#2326,#2327,#2328),
.UNSPECIFIED.,.F.,.F.)B_SPLINE_CURVE_WITH_KNOTS((4,4),
(0.,1.),
.UNSPECIFIED.)CURVE()GEOMETRIC_REPRESENTATION_ITEM()RATIONAL_B_SPLINE_CURVE((1.,
0.999181342172822,0.999181342172822,1.))REPRESENTATION_ITEM(''));
#1826=VERTEX_POINT('',#2329);
#1827=LINE('',#2330,#2331);
#1828=VERTEX_POINT('',#2333);
#1829=LINE('',#2334,#2335);
#1830=VERTEX_POINT('',#2337);
#1831=LINE('',#2338,#2339);
#1832=LINE('',#2341,#2342);
#1833=VERTEX_POINT('',#2344);
#1834=LINE('',#2345,#2346);
#1835=VERTEX_POINT('',#2348);
#1836=LINE('',#2349,#2350);
#1837=LINE('',#2352,#2353);
#1838=VERTEX_POINT('',#2355);
#1839=(BOUNDED_CURVE()B_SPLINE_CURVE(3,
(#2356,#2357,#2358,#2359),
.UNSPECIFIED.,.F.,.F.)B_SPLINE_CURVE_WITH_KNOTS((4,4),
(0.,1.),
.UNSPECIFIED.)CURVE()GEOMETRIC_REPRESENTATION_ITEM()RATIONAL_B_SPLINE_CURVE((1.,
0.999181342172822,0.999181342172822,1.))REPRESENTATION_ITEM(''));
#1840=VERTEX_POINT('',#2360);
#1841=LINE('',#2361,#2362);
#1842=VERTEX_POINT('',#2364);
#1843=LINE('',#2365,#2366);
#1844=LINE('',#2368,#2369);
#1845=VERTEX_POINT('',#2371);
#1846=VERTEX_POINT('',#2372);
#1847=(BOUNDED_CURVE()B_SPLINE_CURVE(3,
(#2373,#2374,#2375,#2376),
.UNSPECIFIED.,.F.,.F.)B_SPLINE_CURVE_WITH_KNOTS((4,4),
(0.,1.),
.UNSPECIFIED.)CURVE()GEOMETRIC_REPRESENTATION_ITEM()RATIONAL_B_SPLINE_CURVE((1.,
0.99918134217282,0.99918134217282,1.))REPRESENTATION_ITEM(''));
#1848=VERTEX_POINT('',#2377);
#1849=LINE('',#2378,#2379);
#1850=VERTEX_POINT('',#2381);
#1851=LINE('',#2382,#2383);
#1852=VERTEX_POINT('',#2385);
#1853=LINE('',#2386,#2387);
#1854=LINE('',#2389,#2390);
#1855=VERTEX_POINT('',#2392);
#1856=LINE('',#2393,#2394);
#1857=VERTEX_POINT('',#2396);
#1858=LINE('',#2397,#2398);
#1859=LINE('',#2400,#2401);
#1860=VERTEX_POINT('',#2403);
#1861=(BOUNDED_CURVE()B_SPLINE_CURVE(3,
(#2404,#2405,#2406,#2407),
.UNSPECIFIED.,.F.,.F.)B_SPLINE_CURVE_WITH_KNOTS((4,4),
(0.,1.),
.UNSPECIFIED.)CURVE()GEOMETRIC_REPRESENTATION_ITEM()RATIONAL_B_SPLINE_CURVE((1.,
0.999181342172821,0.999181342172821,1.))REPRESENTATION_ITEM(''));
#1862=VERTEX_POINT('',#2408);
#1863=LINE('',#2409,#2410);
#1864=VERTEX_POINT('',#2412);
#1865=LINE('',#2413,#2414);
#1866=LINE('',#2416,#2417);
#1867=VERTEX_POINT('',#2419);
#1868=VERTEX_POINT('',#2420);
#1869=LINE('',#2421,#2422);
#1870=VERTEX_POINT('',#2424);
#1871=LINE('',#2425,#2426);
#1872=VERTEX_POINT('',#2428);
#1873=LINE('',#2429,#2430);
#1874=VERTEX_POINT('',#2432);
#1875=LINE('',#2433,#2434);
#1876=VERTEX_POINT('',#2436);
#1877=LINE('',#2437,#2438);
#1878=LINE('',#2440,#2441);
#1879=VERTEX_POINT('',#2443);
#1880=CIRCLE('',#2444,3.15);
#1881=VERTEX_POINT('',#2448);
#1882=VERTEX_POINT('',#2449);
#1883=LINE('',#2450,#2451);
#1884=VERTEX_POINT('',#2453);
#1885=LINE('',#2454,#2455);
#1886=VERTEX_POINT('',#2457);
#1887=LINE('',#2458,#2459);
#1888=VERTEX_POINT('',#2461);
#1889=LINE('',#2462,#2463);
#1890=VERTEX_POINT('',#2465);
#1891=LINE('',#2466,#2467);
#1892=LINE('',#2469,#2470);
#1893=VERTEX_POINT('',#2472);
#1894=CIRCLE('',#2473,3.15);
#1895=VERTEX_POINT('',#2477);
#1896=VERTEX_POINT('',#2478);
#1897=LINE('',#2479,#2480);
#1898=VERTEX_POINT('',#2482);
#1899=LINE('',#2483,#2484);
#1900=VERTEX_POINT('',#2486);
#1901=LINE('',#2487,#2488);
#1902=VERTEX_POINT('',#2490);
#1903=LINE('',#2491,#2492);
#1904=VERTEX_POINT('',#2494);
#1905=LINE('',#2495,#2496);
#1906=VERTEX_POINT('',#2498);
#1907=LINE('',#2499,#2500);
#1908=VERTEX_POINT('',#2502);
#1909=LINE('',#2503,#2504);
#1910=VERTEX_POINT('',#2506);
#1911=LINE('',#2507,#2508);
#1912=LINE('',#2510,#2511);
#1913=VERTEX_POINT('',#2513);
#1914=CIRCLE('',#2514,3.15);
#1915=VERTEX_POINT('',#2518);
#1916=VERTEX_POINT('',#2519);
#1917=LINE('',#2520,#2521);
#1918=VERTEX_POINT('',#2523);
#1919=LINE('',#2524,#2525);
#1920=VERTEX_POINT('',#2527);
#1921=LINE('',#2528,#2529);
#1922=VERTEX_POINT('',#2531);
#1923=LINE('',#2532,#2533);
#1924=VERTEX_POINT('',#2535);
#1925=LINE('',#2536,#2537);
#1926=VERTEX_POINT('',#2539);
#1927=LINE('',#2540,#2541);
#1928=VERTEX_POINT('',#2543);
#1929=LINE('',#2544,#2545);
#1930=VERTEX_POINT('',#2547);
#1931=LINE('',#2548,#2549);
#1932=LINE('',#2551,#2552);
#1933=VERTEX_POINT('',#2554);
#1934=CIRCLE('',#2555,3.15);
#1935=LINE('',#2559,#2560);
#1936=VERTEX_POINT('',#2562);
#1937=LINE('',#2563,#2564);
#1938=VERTEX_POINT('',#2566);
#1939=LINE('',#2567,#2568);
#1940=LINE('',#2570,#2571);
#1941=VERTEX_POINT('',#2573);
#1942=VERTEX_POINT('',#2574);
#1943=LINE('',#2575,#2576);
#1944=VERTEX_POINT('',#2578);
#1945=LINE('',#2579,#2580);
#1946=VERTEX_POINT('',#2582);
#1947=LINE('',#2583,#2584);
#1948=VERTEX_POINT('',#2586);
#1949=LINE('',#2587,#2588);
#1950=VERTEX_POINT('',#2590);
#1951=LINE('',#2591,#2592);
#1952=VERTEX_POINT('',#2594);
#1953=LINE('',#2595,#2596);
#1954=VERTEX_POINT('',#2598);
#1955=LINE('',#2599,#2600);
#1956=VERTEX_POINT('',#2602);
#1957=LINE('',#2603,#2604);
#1958=VERTEX_POINT('',#2606);
#1959=LINE('',#2607,#2608);
#1960=VERTEX_POINT('',#2610);
#1961=LINE('',#2611,#2612);
#1962=VERTEX_POINT('',#2614);
#1963=LINE('',#2615,#2616);
#1964=VERTEX_POINT('',#2618);
#1965=LINE('',#2619,#2620);
#1966=VERTEX_POINT('',#2622);
#1967=LINE('',#2623,#2624);
#1968=VERTEX_POINT('',#2626);
#1969=LINE('',#2627,#2628);
#1970=VERTEX_POINT('',#2630);
#1971=LINE('',#2631,#2632);
#1972=VERTEX_POINT('',#2634);
#1973=LINE('',#2635,#2636);
#1974=VERTEX_POINT('',#2638);
#1975=LINE('',#2639,#2640);
#1976=VERTEX_POINT('',#2642);
#1977=LINE('',#2643,#2644);
#1978=VERTEX_POINT('',#2646);
#1979=LINE('',#2647,#2648);
#1980=VERTEX_POINT('',#2650);
#1981=LINE('',#2651,#2652);
#1982=VERTEX_POINT('',#2654);
#1983=LINE('',#2655,#2656);
#1984=VERTEX_POINT('',#2658);
#1985=LINE('',#2659,#2660);
#1986=VERTEX_POINT('',#2662);
#1987=LINE('',#2663,#2664);
#1988=LINE('',#2666,#2667);
#1989=LINE('',#2669,#2670);
#1990=VERTEX_POINT('',#2672);
#1991=LINE('',#2673,#2674);
#1992=VERTEX_POINT('',#2676);
#1993=LINE('',#2677,#2678);
#1994=LINE('',#2680,#2681);
#1995=VERTEX_POINT('',#2683);
#1996=VERTEX_POINT('',#2684);
#1997=LINE('',#2685,#2686);
#1998=VERTEX_POINT('',#2688);
#1999=LINE('',#2689,#2690);
#2000=VERTEX_POINT('',#2692);
#2001=LINE('',#2693,#2694);
#2002=VERTEX_POINT('',#2696);
#2003=LINE('',#2697,#2698);
#2004=VERTEX_POINT('',#2700);
#2005=LINE('',#2701,#2702);
#2006=VERTEX_POINT('',#2704);
#2007=LINE('',#2705,#2706);
#2008=VERTEX_POINT('',#2708);
#2009=LINE('',#2709,#2710);
#2010=VERTEX_POINT('',#2712);
#2011=LINE('',#2713,#2714);
#2012=VERTEX_POINT('',#2716);
#2013=LINE('',#2717,#2718);
#2014=VERTEX_POINT('',#2720);
#2015=LINE('',#2721,#2722);
#2016=VERTEX_POINT('',#2724);
#2017=LINE('',#2725,#2726);
#2018=VERTEX_POINT('',#2728);
#2019=LINE('',#2729,#2730);
#2020=VERTEX_POINT('',#2732);
#2021=LINE('',#2733,#2734);
#2022=VERTEX_POINT('',#2736);
#2023=LINE('',#2737,#2738);
#2024=VERTEX_POINT('',#2740);
#2025=LINE('',#2741,#2742);
#2026=VERTEX_POINT('',#2744);
#2027=LINE('',#2745,#2746);
#2028=VERTEX_POINT('',#2748);
#2029=LINE('',#2749,#2750);
#2030=VERTEX_POINT('',#2752);
#2031=LINE('',#2753,#2754);
#2032=VERTEX_POINT('',#2756);
#2033=LINE('',#2757,#2758);
#2034=VERTEX_POINT('',#2760);
#2035=LINE('',#2761,#2762);
#2036=VERTEX_POINT('',#2764);
#2037=LINE('',#2765,#2766);
#2038=VERTEX_POINT('',#2768);
#2039=LINE('',#2769,#2770);
#2040=VERTEX_POINT('',#2772);
#2041=LINE('',#2773,#2774);
#2042=LINE('',#2776,#2777);
#2043=VERTEX_POINT('',#2779);
#2044=LINE('',#2780,#2781);
#2045=LINE('',#2783,#2784);
#2046=LINE('',#2786,#2787);
#2047=LINE('',#2789,#2790);
#2048=VERTEX_POINT('',#2792);
#2049=LINE('',#2793,#2794);
#2050=LINE('',#2796,#2797);
#2051=LINE('',#2799,#2800);
#2052=VERTEX_POINT('',#2802);
#2053=LINE('',#2803,#2804);
#2054=LINE('',#2806,#2807);
#2055=LINE('',#2809,#2810);
#2056=LINE('',#2812,#2813);
#2057=VERTEX_POINT('',#2815);
#2058=LINE('',#2816,#2817);
#2059=LINE('',#2819,#2820);
#2060=LINE('',#2822,#2823);
#2061=LINE('',#2825,#2826);
#2062=LINE('',#2828,#2829);
#2063=VERTEX_POINT('',#2831);
#2064=VERTEX_POINT('',#2832);
#2065=LINE('',#2833,#2834);
#2066=VERTEX_POINT('',#2836);
#2067=LINE('',#2837,#2838);
#2068=VERTEX_POINT('',#2840);
#2069=LINE('',#2841,#2842);
#2070=LINE('',#2844,#2845);
#2071=VERTEX_POINT('',#2847);
#2072=LINE('',#2848,#2849);
#2073=LINE('',#2851,#2852);
#2074=LINE('',#2854,#2855);
#2075=VERTEX_POINT('',#2857);
#2076=LINE('',#2858,#2859);
#2077=LINE('',#2861,#2862);
#2078=LINE('',#2864,#2865);
#2079=LINE('',#2867,#2868);
#2080=VERTEX_POINT('',#2870);
#2081=VERTEX_POINT('',#2871);
#2082=LINE('',#2872,#2873);
#2083=VERTEX_POINT('',#2875);
#2084=LINE('',#2876,#2877);
#2085=VERTEX_POINT('',#2879);
#2086=LINE('',#2880,#2881);
#2087=VERTEX_POINT('',#2883);
#2088=LINE('',#2884,#2885);
#2089=VERTEX_POINT('',#2887);
#2090=LINE('',#2888,#2889);
#2091=VERTEX_POINT('',#2891);
#2092=LINE('',#2892,#2893);
#2093=VERTEX_POINT('',#2895);
#2094=LINE('',#2896,#2897);
#2095=VERTEX_POINT('',#2899);
#2096=LINE('',#2900,#2901);
#2097=VERTEX_POINT('',#2903);
#2098=LINE('',#2904,#2905);
#2099=VERTEX_POINT('',#2907);
#2100=LINE('',#2908,#2909);
#2101=VERTEX_POINT('',#2911);
#2102=LINE('',#2912,#2913);
#2103=VERTEX_POINT('',#2915);
#2104=LINE('',#2916,#2917);
#2105=VERTEX_POINT('',#2919);
#2106=LINE('',#2920,#2921);
#2107=VERTEX_POINT('',#2923);
#2108=LINE('',#2924,#2925);
#2109=VERTEX_POINT('',#2927);
#2110=LINE('',#2928,#2929);
#2111=VERTEX_POINT('',#2931);
#2112=LINE('',#2932,#2933);
#2113=VERTEX_POINT('',#2935);
#2114=LINE('',#2936,#2937);
#2115=VERTEX_POINT('',#2939);
#2116=LINE('',#2940,#2941);
#2117=VERTEX_POINT('',#2943);
#2118=LINE('',#2944,#2945);
#2119=VERTEX_POINT('',#2947);
#2120=LINE('',#2948,#2949);
#2121=VERTEX_POINT('',#2951);
#2122=LINE('',#2952,#2953);
#2123=VERTEX_POINT('',#2955);
#2124=LINE('',#2956,#2957);
#2125=VERTEX_POINT('',#2959);
#2126=LINE('',#2960,#2961);
#2127=LINE('',#2963,#2964);
#2128=LINE('',#2966,#2967);
#2129=LINE('',#2969,#2970);
#2130=VERTEX_POINT('',#2972);
#2131=VERTEX_POINT('',#2973);
#2132=LINE('',#2974,#2975);
#2133=VERTEX_POINT('',#2977);
#2134=LINE('',#2978,#2979);
#2135=VERTEX_POINT('',#2981);
#2136=LINE('',#2982,#2983);
#2137=VERTEX_POINT('',#2985);
#2138=LINE('',#2986,#2987);
#2139=VERTEX_POINT('',#2989);
#2140=LINE('',#2990,#2991);
#2141=VERTEX_POINT('',#2993);
#2142=LINE('',#2994,#2995);
#2143=VERTEX_POINT('',#2997);
#2144=LINE('',#2998,#2999);
#2145=VERTEX_POINT('',#3001);
#2146=LINE('',#3002,#3003);
#2147=VERTEX_POINT('',#3005);
#2148=LINE('',#3006,#3007);
#2149=VERTEX_POINT('',#3009);
#2150=LINE('',#3010,#3011);
#2151=VERTEX_POINT('',#3013);
#2152=LINE('',#3014,#3015);
#2153=VERTEX_POINT('',#3017);
#2154=LINE('',#3018,#3019);
#2155=VERTEX_POINT('',#3021);
#2156=LINE('',#3022,#3023);
#2157=VERTEX_POINT('',#3025);
#2158=LINE('',#3026,#3027);
#2159=VERTEX_POINT('',#3029);
#2160=LINE('',#3030,#3031);
#2161=VERTEX_POINT('',#3033);
#2162=LINE('',#3034,#3035);
#2163=VERTEX_POINT('',#3037);
#2164=LINE('',#3038,#3039);
#2165=VERTEX_POINT('',#3041);
#2166=LINE('',#3042,#3043);
#2167=VERTEX_POINT('',#3045);
#2168=LINE('',#3046,#3047);
#2169=VERTEX_POINT('',#3049);
#2170=LINE('',#3050,#3051);
#2171=VERTEX_POINT('',#3053);
#2172=LINE('',#3054,#3055);
#2173=VERTEX_POINT('',#3057);
#2174=LINE('',#3058,#3059);
#2175=VERTEX_POINT('',#3061);
#2176=LINE('',#3062,#3063);
#2177=LINE('',#3065,#3066);
#2178=LINE('',#3068,#3069);
#2179=VERTEX_POINT('',#3071);
#2180=LINE('',#3072,#3073);
#2181=LINE('',#3075,#3076);
#2182=LINE('',#3078,#3079);
#2183=LINE('',#3081,#3082);
#2184=VERTEX_POINT('',#3084);
#2185=LINE('',#3085,#3086);
#2186=LINE('',#3088,#3089);
#2187=LINE('',#3091,#3092);
#2188=LINE('',#3094,#3095);
#2189=LINE('',#3097,#3098);
#2190=LINE('',#3100,#3101);
#2191=LINE('',#3103,#3104);
#2192=LINE('',#3106,#3107);
#2193=LINE('',#3109,#3110);
#2194=LINE('',#3112,#3113);
#2195=LINE('',#3115,#3116);
#2196=LINE('',#3118,#3119);
#2197=LINE('',#3121,#3122);
#2198=LINE('',#3124,#3125);
#2199=LINE('',#3127,#3128);
#2200=LINE('',#3130,#3131);
#2201=LINE('',#3133,#3134);
#2202=LINE('',#3136,#3137);
#2203=LINE('',#3139,#3140);
#2204=LINE('',#3142,#3143);
#2205=LINE('',#3145,#3146);
#2206=LINE('',#3148,#3149);
#2207=LINE('',#3151,#3152);
#2208=LINE('',#3154,#3155);
#2209=LINE('',#3157,#3158);
#2210=LINE('',#3160,#3161);
#2211=LINE('',#3163,#3164);
#2212=LINE('',#3166,#3167);
#2213=LINE('',#3169,#3170);
#2214=LINE('',#3172,#3173);
#2215=LINE('',#3175,#3176);
#2216=LINE('',#3178,#3179);
#2217=LINE('',#3181,#3182);
#2218=LINE('',#3184,#3185);
#2219=LINE('',#3187,#3188);
#2220=LINE('',#3190,#3191);
#2221=LINE('',#3193,#3194);
#2222=LINE('',#3196,#3197);
#2223=LINE('',#3199,#3200);
#2224=LINE('',#3202,#3203);
#2225=LINE('',#3205,#3206);
#2226=LINE('',#3208,#3209);
#2227=LINE('',#3211,#3212);
#2228=LINE('',#3214,#3215);
#2229=LINE('',#3217,#3218);
#2230=LINE('',#3220,#3221);
#2231=LINE('',#3223,#3224);
#2232=LINE('',#3226,#3227);
#2233=LINE('',#3229,#3230);
#2234=LINE('',#3232,#3233);
#2235=LINE('',#3235,#3236);
#2236=VERTEX_POINT('',#3238);
#2237=LINE('',#3239,#3240);
#2238=VERTEX_POINT('',#3242);
#2239=LINE('',#3243,#3244);
#2240=LINE('',#3246,#3247);
#2241=VERTEX_POINT('',#3249);
#2242=LINE('',#3250,#3251);
#2243=VERTEX_POINT('',#3253);
#2244=LINE('',#3254,#3255);
#2245=VERTEX_POINT('',#3257);
#2246=LINE('',#3258,#3259);
#2247=VERTEX_POINT('',#3261);
#2248=LINE('',#3262,#3263);
#2249=VERTEX_POINT('',#3265);
#2250=LINE('',#3266,#3267);
#2251=VERTEX_POINT('',#3269);
#2252=LINE('',#3270,#3271);
#2253=VERTEX_POINT('',#3273);
#2254=LINE('',#3274,#3275);
#2255=VERTEX_POINT('',#3277);
#2256=LINE('',#3278,#3279);
#2257=VERTEX_POINT('',#3281);
#2258=LINE('',#3282,#3283);
#2259=VERTEX_POINT('',#3285);
#2260=LINE('',#3286,#3287);
#2261=VERTEX_POINT('',#3289);
#2262=LINE('',#3290,#3291);
#2263=VERTEX_POINT('',#3293);
#2264=LINE('',#3294,#3295);
#2265=VERTEX_POINT('',#3297);
#2266=LINE('',#3298,#3299);
#2267=VERTEX_POINT('',#3301);
#2268=LINE('',#3302,#3303);
#2269=VERTEX_POINT('',#3305);
#2270=LINE('',#3306,#3307);
#2271=VERTEX_POINT('',#3309);
#2272=LINE('',#3310,#3311);
#2273=LINE('',#3313,#3314);
#2274=VERTEX_POINT('',#3316);
#2275=LINE('',#3317,#3318);
#2276=LINE('',#3320,#3321);
#2277=VERTEX_POINT('',#3323);
#2278=LINE('',#3324,#3325);
#2279=VERTEX_POINT('',#3327);
#2280=LINE('',#3328,#3329);
#2281=VERTEX_POINT('',#3331);
#2282=LINE('',#3332,#3333);
#2283=VERTEX_POINT('',#3335);
#2284=LINE('',#3336,#3337);
#2285=VERTEX_POINT('',#3339);
#2286=LINE('',#3340,#3341);
#2287=VERTEX_POINT('',#3343);
#2288=LINE('',#3344,#3345);
#2289=VERTEX_POINT('',#3347);
#2290=LINE('',#3348,#3349);
#2291=VERTEX_POINT('',#3351);
#2292=LINE('',#3352,#3353);
#2293=VERTEX_POINT('',#3355);
#2294=LINE('',#3356,#3357);
#2295=VERTEX_POINT('',#3359);
#2296=LINE('',#3360,#3361);
#2297=VERTEX_POINT('',#3363);
#2298=LINE('',#3364,#3365);
#2299=VERTEX_POINT('',#3367);
#2300=LINE('',#3368,#3369);
#2301=VERTEX_POINT('',#3371);
#2302=LINE('',#3372,#3373);
#2303=VERTEX_POINT('',#3375);
#2304=LINE('',#3376,#3377);
#2305=VERTEX_POINT('',#3379);
#2306=LINE('',#3380,#3381);
#2307=LINE('',#3383,#3384);
#2308=LINE('',#3386,#3387);
#2309=LINE('',#3389,#3390);
#2310=LINE('',#3392,#3393);
#2311=LINE('',#3395,#3396);
#2312=LINE('',#3398,#3399);
#2313=LINE('',#3401,#3402);
#2314=LINE('',#3404,#3405);
#2315=LINE('',#3407,#3408);
#2316=LINE('',#3410,#3411);
#2317=LINE('',#3413,#3414);
#2318=LINE('',#3416,#3417);
#2319=LINE('',#3419,#3420);
#2320=LINE('',#3422,#3423);
#2321=LINE('',#3425,#3426);
#2322=LINE('',#3428,#3429);
#2323=CARTESIAN_POINT('',(110.621357648668,110.046682653656,6.36910170325964));
#2324=CARTESIAN_POINT('',(110.52164907603,109.786697387695,6.19640138950027));
#2325=CARTESIAN_POINT('',(110.52164907603,109.786697387695,6.19640138950026));
#2326=CARTESIAN_POINT('',(110.552390798369,109.876177982899,6.24964761450399));
#2327=CARTESIAN_POINT('',(110.58565422061,109.962910742673,6.30726155185789));
#2328=CARTESIAN_POINT('',(110.621357648668,110.046682653656,6.36910170325966));
#2329=CARTESIAN_POINT('',(108.944155116672,109.786697387695,3.46410170325966));
#2330=CARTESIAN_POINT('',(110.52164907603,109.786697387695,6.19640138950027));
#2331=VECTOR('',#2332,1.);
#2332=DIRECTION('',(-0.500000000000001,0.,-0.866025403784438));
#2333=CARTESIAN_POINT('',(108.944155116672,112.786697387695,3.46410170325963));
#2334=CARTESIAN_POINT('',(108.944155116672,109.786697387695,3.46410170325964));
#2335=VECTOR('',#2336,1.);
#2336=DIRECTION('',(0.,1.,-5.92118946466745E-16));
#2337=CARTESIAN_POINT('',(110.621357648668,112.786697387695,6.36910170325963));
#2338=CARTESIAN_POINT('',(108.944155116672,112.786697387695,3.46410170325963));
#2339=VECTOR('',#2340,1.);
#2340=DIRECTION('',(0.500000000000003,0.,0.866025403784437));
#2341=CARTESIAN_POINT('',(110.621357648668,110.046682653656,6.36910170325964));
#2342=VECTOR('',#2343,1.);
#2343=DIRECTION('',(0.,1.,-1.94490578900864E-15));
#2344=CARTESIAN_POINT('',(113.97576271266,110.046682653656,6.36910170325964));
#2345=CARTESIAN_POINT('',(110.621357648668,110.046682653656,6.36910170325964));
#2346=VECTOR('',#2347,1.);
#2347=DIRECTION('',(1.,0.,0.));
#2348=CARTESIAN_POINT('',(113.97576271266,112.786697387695,6.36910170325963));
#2349=CARTESIAN_POINT('',(110.621357648668,112.786697387695,6.36910170325963));
#2350=VECTOR('',#2351,1.);
#2351=DIRECTION('',(1.,-4.23647545365058E-15,-2.64779715853161E-16));
#2352=CARTESIAN_POINT('',(113.97576271266,110.046682653656,6.36910170325964));
#2353=VECTOR('',#2354,1.);
#2354=DIRECTION('',(0.,1.,-2.5932077186782E-15));
#2355=CARTESIAN_POINT('',(114.075471285298,109.786697387695,6.19640138950026));
#2356=CARTESIAN_POINT('',(114.075471285298,109.786697387695,6.19640138950026));
#2357=CARTESIAN_POINT('',(114.044729562959,109.876177982899,6.24964761450398));
#2358=CARTESIAN_POINT('',(114.011466140718,109.962910742673,6.30726155185788));
#2359=CARTESIAN_POINT('',(113.97576271266,110.046682653656,6.36910170325965));
#2360=CARTESIAN_POINT('',(115.652965244656,112.786697387695,3.46410170325963));
#2361=CARTESIAN_POINT('',(113.97576271266,112.786697387695,6.36910170325963));
#2362=VECTOR('',#2363,1.);
#2363=DIRECTION('',(0.499999999999999,0.,-0.866025403784439));
#2364=CARTESIAN_POINT('',(115.652965244656,109.786697387695,3.46410170325963));
#2365=CARTESIAN_POINT('',(115.652965244656,109.786697387695,3.46410170325963));
#2366=VECTOR('',#2367,1.);
#2367=DIRECTION('',(0.,1.,-1.48029736616687E-15));
#2368=CARTESIAN_POINT('',(115.652965244656,109.786697387695,3.46410170325962));
#2369=VECTOR('',#2370,1.);
#2370=DIRECTION('',(-0.500000000000001,0.,0.866025403784438));
#2371=CARTESIAN_POINT('',(78.376233747301,110.046682653657,6.3691017032598));
#2372=CARTESIAN_POINT('',(78.2765251746628,109.786697387695,6.19640138950027));
#2373=CARTESIAN_POINT('',(78.2765251746628,109.786697387695,6.19640138950026));
#2374=CARTESIAN_POINT('',(78.3072668970021,109.876177982899,6.24964761450403));
#2375=CARTESIAN_POINT('',(78.3405303192425,109.962910742673,6.30726155185798));
#2376=CARTESIAN_POINT('',(78.376233747301,110.046682653657,6.36910170325981));
#2377=CARTESIAN_POINT('',(76.6990312153052,109.786697387695,3.46410170325982));
#2378=CARTESIAN_POINT('',(78.2765251746628,109.786697387695,6.19640138950027));
#2379=VECTOR('',#2380,1.);
#2380=DIRECTION('',(-0.499999999999999,0.,-0.866025403784439));
#2381=CARTESIAN_POINT('',(76.6990312153052,112.786697387695,3.46410170325981));
#2382=CARTESIAN_POINT('',(76.6990312153052,109.786697387695,3.46410170325981));
#2383=VECTOR('',#2384,1.);
#2384=DIRECTION('',(0.,1.,0.));
#2385=CARTESIAN_POINT('',(78.376233747301,112.786697387695,6.36910170325979));
#2386=CARTESIAN_POINT('',(76.6990312153052,112.786697387695,3.46410170325982));
#2387=VECTOR('',#2388,1.);
#2388=DIRECTION('',(0.500000000000002,0.,0.866025403784437));
#2389=CARTESIAN_POINT('',(78.376233747301,110.046682653657,6.3691017032598));
#2390=VECTOR('',#2391,1.);
#2391=DIRECTION('',(-5.18641543735686E-15,1.,-2.59320771867843E-15));
#2392=CARTESIAN_POINT('',(81.7306388112928,110.046682653657,6.36910170325979));
#2393=CARTESIAN_POINT('',(78.376233747301,110.046682653657,6.36910170325979));
#2394=VECTOR('',#2395,1.);
#2395=DIRECTION('',(1.,0.,-2.64779715853156E-16));
#2396=CARTESIAN_POINT('',(81.7306388112928,112.786697387695,6.36910170325979));
#2397=CARTESIAN_POINT('',(78.376233747301,112.786697387695,6.36910170325979));
#2398=VECTOR('',#2399,1.);
#2399=DIRECTION('',(1.,0.,-2.64779715853156E-16));
#2400=CARTESIAN_POINT('',(81.7306388112928,110.046682653657,6.36910170325979));
#2401=VECTOR('',#2402,1.);
#2402=DIRECTION('',(0.,1.,0.));
#2403=CARTESIAN_POINT('',(81.830347383931,109.786697387695,6.19640138950026));
#2404=CARTESIAN_POINT('',(81.830347383931,109.786697387695,6.19640138950027));
#2405=CARTESIAN_POINT('',(81.7996056615917,109.876177982899,6.24964761450403));
#2406=CARTESIAN_POINT('',(81.7663422393514,109.962910742673,6.30726155185797));
#2407=CARTESIAN_POINT('',(81.7306388112928,110.046682653657,6.36910170325979));
#2408=CARTESIAN_POINT('',(83.4078413432886,112.786697387695,3.4641017032598));
#2409=CARTESIAN_POINT('',(81.7306388112928,112.786697387695,6.36910170325979));
#2410=VECTOR('',#2411,1.);
#2411=DIRECTION('',(0.500000000000002,0.,-0.866025403784438));
#2412=CARTESIAN_POINT('',(83.4078413432887,109.786697387695,3.4641017032598));
#2413=CARTESIAN_POINT('',(83.4078413432887,109.786697387695,3.4641017032598));
#2414=VECTOR('',#2415,1.);
#2415=DIRECTION('',(0.,1.,0.));
#2416=CARTESIAN_POINT('',(83.4078413432887,109.786697387695,3.4641017032598));
#2417=VECTOR('',#2418,1.);
#2418=DIRECTION('',(-0.500000000000001,0.,0.866025403784438));
#2419=CARTESIAN_POINT('',(116.798560180664,107.786697387695,14.9640932083148));
#2420=CARTESIAN_POINT('',(116.798560180664,107.786697387695,13.464093208313));
#2421=CARTESIAN_POINT('',(116.798560180664,107.786697387695,14.9640932083148));
#2422=VECTOR('',#2423,1.);
#2423=DIRECTION('',(0.,0.,-1.));
#2424=CARTESIAN_POINT('',(116.798560180664,101.786697387695,14.9640932082983));
#2425=CARTESIAN_POINT('',(116.798560180664,107.786697387695,14.9640932083148));
#2426=VECTOR('',#2427,1.);
#2427=DIRECTION('',(0.,-1.,-5.50581802372109E-12));
#2428=CARTESIAN_POINT('',(116.798560180664,101.786697387695,0.));
#2429=CARTESIAN_POINT('',(116.798560180664,101.786697387695,14.9640932082983));
#2430=VECTOR('',#2431,1.);
#2431=DIRECTION('',(9.49663605899047E-16,0.,-1.));
#2432=CARTESIAN_POINT('',(116.798560180664,112.786697387695,2.22044604925031E-16));
#2433=CARTESIAN_POINT('',(116.798560180664,112.786697387695,0.));
#2434=VECTOR('',#2435,1.);
#2435=DIRECTION('',(0.,-1.,0.));
#2436=CARTESIAN_POINT('',(116.798560180664,112.786697387695,13.464093208313));
#2437=CARTESIAN_POINT('',(116.798560180664,112.786697387695,13.464093208313));
#2438=VECTOR('',#2439,1.);
#2439=DIRECTION('',(0.,-2.11092637214186E-15,-1.));
#2440=CARTESIAN_POINT('',(116.798560180664,112.786697387695,13.464093208313));
#2441=VECTOR('',#2442,1.);
#2442=DIRECTION('',(0.,-1.,0.));
#2443=CARTESIAN_POINT('',(116.798560180664,111.325881408146,8.90338714491717));
#2444=AXIS2_PLACEMENT_3D('',#2445,#2446,#2447);
#2445=CARTESIAN_POINT('',(116.798560180664,108.175881408146,8.90338714491717));
#2446=DIRECTION('',(1.,0.,0.));
#2447=DIRECTION('',(0.,1.,6.12323399573677E-17));
#2448=CARTESIAN_POINT('',(75.5534362792969,101.786697387695,14.9640932082818));
#2449=CARTESIAN_POINT('',(75.5534362792969,101.786697387695,0.));
#2450=CARTESIAN_POINT('',(75.5534362792969,101.786697387695,14.9640932082818));
#2451=VECTOR('',#2452,1.);
#2452=DIRECTION('',(0.,-9.49663605900094E-16,-1.));
#2453=CARTESIAN_POINT('',(75.5534362792969,107.786697387701,14.9640932082983));
#2454=CARTESIAN_POINT('',(75.5534362792969,101.786697387695,14.9640932082818));
#2455=VECTOR('',#2456,1.);
#2456=DIRECTION('',(0.,1.,5.50581802371559E-12));
#2457=CARTESIAN_POINT('',(75.5534362792969,107.786697387695,13.464093208313));
#2458=CARTESIAN_POINT('',(75.5534362792969,107.786697387701,14.9640932082983));
#2459=VECTOR('',#2460,1.);
#2460=DIRECTION('',(0.,0.,-1.));
#2461=CARTESIAN_POINT('',(75.5534362792969,112.786697387695,13.464093208313));
#2462=CARTESIAN_POINT('',(75.5534362792969,107.786697387695,13.464093208313));
#2463=VECTOR('',#2464,1.);
#2464=DIRECTION('',(0.,1.,0.));
#2465=CARTESIAN_POINT('',(75.5534362792969,112.786697387695,2.44249065417534E-15));
#2466=CARTESIAN_POINT('',(75.5534362792969,112.786697387695,13.464093208313));
#2467=VECTOR('',#2468,1.);
#2468=DIRECTION('',(0.,0.,-1.));
#2469=CARTESIAN_POINT('',(75.5534362792969,101.786697387695,0.));
#2470=VECTOR('',#2471,1.);
#2471=DIRECTION('',(0.,1.,1.61486985400023E-16));
#2472=CARTESIAN_POINT('',(75.5534362792969,111.325881408146,8.90338714491717));
#2473=AXIS2_PLACEMENT_3D('',#2474,#2475,#2476);
#2474=CARTESIAN_POINT('',(75.5534362792969,108.175881408146,8.90338714491717));
#2475=DIRECTION('',(1.,0.,0.));
#2476=DIRECTION('',(0.,1.,6.12323399573677E-17));
#2477=CARTESIAN_POINT('',(84.5534362792969,107.786697387695,14.9640932083148));
#2478=CARTESIAN_POINT('',(84.5534362792969,107.4866973877,14.9640932083132));
#2479=CARTESIAN_POINT('',(84.5534362792969,107.786697387695,14.9640932083148));
#2480=VECTOR('',#2481,1.);
#2481=DIRECTION('',(0.,-1.,-5.50670620223265E-12));
#2482=CARTESIAN_POINT('',(84.5534362792969,103.486697387695,10.9640932082638));
#2483=CARTESIAN_POINT('',(84.5534362792969,107.4866973877,14.9640932083131));
#2484=VECTOR('',#2485,1.);
#2485=DIRECTION('',(0.,-0.707106781182651,-0.707106781190444));
#2486=CARTESIAN_POINT('',(84.5534362792969,103.486697387695,5.46410179138183));
#2487=CARTESIAN_POINT('',(84.5534362792969,103.486697387695,10.9640932082638));
#2488=VECTOR('',#2489,1.);
#2489=DIRECTION('',(0.,2.5837957985866E-15,-1.));
#2490=CARTESIAN_POINT('',(84.5534362792969,101.786697387695,5.46410179138183));
#2491=CARTESIAN_POINT('',(84.5534362792969,103.486697387695,5.46410179138186));
#2492=VECTOR('',#2493,1.);
#2493=DIRECTION('',(0.,-1.,-7.31441051517749E-15));
#2494=CARTESIAN_POINT('',(84.5534362792969,101.786697387695,0.));
#2495=CARTESIAN_POINT('',(84.5534362792969,101.786697387695,5.46410179138183));
#2496=VECTOR('',#2497,1.);
#2497=DIRECTION('',(0.,-2.60076683373942E-15,-1.));
#2498=CARTESIAN_POINT('',(84.5534362792969,112.786697387695,4.44089209850063E-16));
#2499=CARTESIAN_POINT('',(84.5534362792969,112.786697387695,0.));
#2500=VECTOR('',#2501,1.);
#2501=DIRECTION('',(0.,-1.,0.));
#2502=CARTESIAN_POINT('',(84.5534362792969,112.786697387695,13.464093208313));
#2503=CARTESIAN_POINT('',(84.5534362792969,112.786697387695,2.22044604925031E-16));
#2504=VECTOR('',#2505,1.);
#2505=DIRECTION('',(0.,0.,1.));
#2506=CARTESIAN_POINT('',(84.5534362792969,107.786697387695,13.464093208313));
#2507=CARTESIAN_POINT('',(84.5534362792969,112.786697387695,13.464093208313));
#2508=VECTOR('',#2509,1.);
#2509=DIRECTION('',(0.,-1.,0.));
#2510=CARTESIAN_POINT('',(84.5534362792969,107.786697387695,14.9640932083148));
#2511=VECTOR('',#2512,1.);
#2512=DIRECTION('',(0.,0.,-1.));
#2513=CARTESIAN_POINT('',(84.5534362792969,111.325881408146,8.90338714491717));
#2514=AXIS2_PLACEMENT_3D('',#2515,#2516,#2517);
#2515=CARTESIAN_POINT('',(84.5534362792969,108.175881408146,8.90338714491717));
#2516=DIRECTION('',(1.,0.,0.));
#2517=DIRECTION('',(0.,1.,6.12323399573677E-17));
#2518=CARTESIAN_POINT('',(107.798560180664,103.486697387695,10.9640932082638));
#2519=CARTESIAN_POINT('',(107.798560180664,103.486697387695,5.46410179138185));
#2520=CARTESIAN_POINT('',(107.798560180664,103.486697387695,10.9640932082638));
#2521=VECTOR('',#2522,1.);
#2522=DIRECTION('',(0.,2.58379579858661E-15,-1.));
#2523=CARTESIAN_POINT('',(107.798560180664,107.4866973877,14.9640932083132));
#2524=CARTESIAN_POINT('',(107.798560180664,103.486697387695,10.9640932082638));
#2525=VECTOR('',#2526,1.);
#2526=DIRECTION('',(0.,0.707106781182651,0.707106781190443));
#2527=CARTESIAN_POINT('',(107.798560180664,107.786697387691,14.9640932082983));
#2528=CARTESIAN_POINT('',(107.798560180664,107.4866973877,14.9640932083132));
#2529=VECTOR('',#2530,1.);
#2530=DIRECTION('',(0.,1.,5.50078501284136E-12));
#2531=CARTESIAN_POINT('',(107.798560180664,107.786697387695,13.464093208313));
#2532=CARTESIAN_POINT('',(107.798560180664,107.786697387691,14.9640932082983));
#2533=VECTOR('',#2534,1.);
#2534=DIRECTION('',(0.,0.,-1.));
#2535=CARTESIAN_POINT('',(107.798560180664,112.786697387695,13.464093208313));
#2536=CARTESIAN_POINT('',(107.798560180664,107.786697387695,13.464093208313));
#2537=VECTOR('',#2538,1.);
#2538=DIRECTION('',(0.,1.,0.));
#2539=CARTESIAN_POINT('',(107.798560180664,112.786697387695,2.22044604925031E-16));
#2540=CARTESIAN_POINT('',(107.798560180664,112.786697387695,1.11022302462516E-16));
#2541=VECTOR('',#2542,1.);
#2542=DIRECTION('',(0.,2.11092637214186E-15,1.));
#2543=CARTESIAN_POINT('',(107.798560180664,101.786697387695,5.0883182017628E-16));
#2544=CARTESIAN_POINT('',(107.798560180664,101.786697387695,0.));
#2545=VECTOR('',#2546,1.);
#2546=DIRECTION('',(0.,1.,0.));
#2547=CARTESIAN_POINT('',(107.798560180664,101.786697387695,5.46410179138183));
#2548=CARTESIAN_POINT('',(107.798560180664,101.786697387695,5.46410179138183));
#2549=VECTOR('',#2550,1.);
#2550=DIRECTION('',(0.,-2.60076683373942E-15,-1.));
#2551=CARTESIAN_POINT('',(107.798560180664,103.486697387695,5.46410179138184));
#2552=VECTOR('',#2553,1.);
#2553=DIRECTION('',(0.,-1.,0.));
#2554=CARTESIAN_POINT('',(107.798560180664,111.325881408146,8.90338714491717));
#2555=AXIS2_PLACEMENT_3D('',#2556,#2557,#2558);
#2556=CARTESIAN_POINT('',(107.798560180664,108.175881408146,8.90338714491717));
#2557=DIRECTION('',(1.,0.,0.));
#2558=DIRECTION('',(0.,1.,6.12323399573677E-17));
#2559=CARTESIAN_POINT('',(78.2765251746628,109.786697387695,6.19640138950026));
#2560=VECTOR('',#2561,1.);
#2561=DIRECTION('',(1.,0.,2.49922018435197E-16));
#2562=CARTESIAN_POINT('',(81.7306388112928,109.786697387695,0.55910170325979));
#2563=CARTESIAN_POINT('',(81.7306388112928,109.786697387695,0.559101703259792));
#2564=VECTOR('',#2565,1.);
#2565=DIRECTION('',(0.500000000000002,0.,0.866025403784438));
#2566=CARTESIAN_POINT('',(78.376233747301,109.786697387695,0.55910170325979));
#2567=CARTESIAN_POINT('',(78.376233747301,109.786697387695,0.55910170325979));
#2568=VECTOR('',#2569,1.);
#2569=DIRECTION('',(1.,0.,0.));
#2570=CARTESIAN_POINT('',(76.6990312153052,109.786697387695,3.46410170325982));
#2571=VECTOR('',#2572,1.);
#2572=DIRECTION('',(0.499999999999995,0.,-0.866025403784441));
#2573=CARTESIAN_POINT('',(80.5710754394531,109.786697387695,1.53224945068359));
#2574=CARTESIAN_POINT('',(81.0534362792969,109.786697387695,1.73205089569092));
#2575=CARTESIAN_POINT('',(80.5710754394531,109.786697387695,1.53224945068359));
#2576=VECTOR('',#2577,1.);
#2577=DIRECTION('',(0.923878826094765,0.,0.382685137800986));
#2578=CARTESIAN_POINT('',(81.4676513671875,109.786697387695,2.04988861083984));
#2579=CARTESIAN_POINT('',(81.0534362792969,109.786697387695,1.73205089569092));
#2580=VECTOR('',#2581,1.);
#2581=DIRECTION('',(0.793353988381702,0.,0.60876058439985));
#2582=CARTESIAN_POINT('',(81.7854843139648,109.786697387695,2.46410179138184));
#2583=CARTESIAN_POINT('',(81.4676513671875,109.786697387695,2.04988861083984));
#2584=VECTOR('',#2585,1.);
#2585=DIRECTION('',(0.608756600331868,0.,0.793357045441954));
#2586=CARTESIAN_POINT('',(81.9852905273437,109.786697387695,2.9464635848999));
#2587=CARTESIAN_POINT('',(81.7854843139648,109.786697387695,2.46410179138184));
#2588=VECTOR('',#2589,1.);
#2589=DIRECTION('',(0.382692287434133,0.,0.923875864571876));
#2590=CARTESIAN_POINT('',(82.0534362792969,109.786697387695,3.46410179138184));
#2591=CARTESIAN_POINT('',(81.9852905273437,109.786697387695,2.9464635848999));
#2592=VECTOR('',#2593,1.);
#2593=DIRECTION('',(0.130521276925382,0.,0.991445508472234));
#2594=CARTESIAN_POINT('',(81.9852905273437,109.786697387695,3.98173999786377));
#2595=CARTESIAN_POINT('',(82.0534362792969,109.786697387695,3.46410179138184));
#2596=VECTOR('',#2597,1.);
#2597=DIRECTION('',(-0.130521276925384,0.,0.991445508472234));
#2598=CARTESIAN_POINT('',(81.7854843139648,109.786697387695,4.46410179138184));
#2599=CARTESIAN_POINT('',(81.9852905273437,109.786697387695,3.98173999786377));
#2600=VECTOR('',#2601,1.);
#2601=DIRECTION('',(-0.382692287434152,0.,0.923875864571868));
#2602=CARTESIAN_POINT('',(81.4676513671875,109.786697387695,4.87831497192383));
#2603=CARTESIAN_POINT('',(81.7854843139648,109.786697387695,4.46410179138184));
#2604=VECTOR('',#2605,1.);
#2605=DIRECTION('',(-0.608756600331858,0.,0.793357045441962));
#2606=CARTESIAN_POINT('',(81.0534362792969,109.786697387695,5.19615173339844));
#2607=CARTESIAN_POINT('',(81.4676513671875,109.786697387695,4.87831497192383));
#2608=VECTOR('',#2609,1.);
#2609=DIRECTION('',(-0.793354870556785,0.,0.608759434722639));
#2610=CARTESIAN_POINT('',(80.5710754394531,109.786697387695,5.39595317840576));
#2611=CARTESIAN_POINT('',(81.0534362792969,109.786697387695,5.19615173339844));
#2612=VECTOR('',#2613,1.);
#2613=DIRECTION('',(-0.923878826094766,0.,0.382685137800983));
#2614=CARTESIAN_POINT('',(80.0534362792969,109.786697387695,5.46410179138184));
#2615=CARTESIAN_POINT('',(80.5710754394531,109.786697387695,5.39595317840576));
#2616=VECTOR('',#2617,1.);
#2617=DIRECTION('',(-0.991444830467422,0.,0.130526426977162));
#2618=CARTESIAN_POINT('',(79.5357971191406,109.786697387695,5.39595317840576));
#2619=CARTESIAN_POINT('',(80.0534362792969,109.786697387695,5.46410179138184));
#2620=VECTOR('',#2621,1.);
#2621=DIRECTION('',(-0.991444830467423,0.,-0.130526426977159));
#2622=CARTESIAN_POINT('',(79.0534362792969,109.786697387695,5.19615173339844));
#2623=CARTESIAN_POINT('',(79.5357971191406,109.786697387695,5.39595317840576));
#2624=VECTOR('',#2625,1.);
#2625=DIRECTION('',(-0.923878826094765,0.,-0.382685137800984));
#2626=CARTESIAN_POINT('',(78.6392211914062,109.786697387695,4.87831497192383));
#2627=CARTESIAN_POINT('',(79.0534362792969,109.786697387695,5.19615173339844));
#2628=VECTOR('',#2629,1.);
#2629=DIRECTION('',(-0.7933548705568,0.,-0.60875943472262));
#2630=CARTESIAN_POINT('',(78.3213882446289,109.786697387695,4.46410179138184));
#2631=CARTESIAN_POINT('',(78.6392211914062,109.786697387695,4.87831497192383));
#2632=VECTOR('',#2633,1.);
#2633=DIRECTION('',(-0.608756600331844,0.,-0.793357045441972));
#2634=CARTESIAN_POINT('',(78.12158203125,109.786697387695,3.98173999786377));
#2635=CARTESIAN_POINT('',(78.3213882446289,109.786697387695,4.46410179138184));
#2636=VECTOR('',#2637,1.);
#2637=DIRECTION('',(-0.382692287434152,0.,-0.923875864571868));
#2638=CARTESIAN_POINT('',(78.0534362792969,109.786697387695,3.46410179138184));
#2639=CARTESIAN_POINT('',(78.12158203125,109.786697387695,3.98173999786377));
#2640=VECTOR('',#2641,1.);
#2641=DIRECTION('',(-0.130521276925388,0.,-0.991445508472234));
#2642=CARTESIAN_POINT('',(78.12158203125,109.786697387695,2.9464635848999));
#2643=CARTESIAN_POINT('',(78.0534362792969,109.786697387695,3.46410179138184));
#2644=VECTOR('',#2645,1.);
#2645=DIRECTION('',(0.130521276925386,0.,-0.991445508472234));
#2646=CARTESIAN_POINT('',(78.3213882446289,109.786697387695,2.46410179138184));
#2647=CARTESIAN_POINT('',(78.12158203125,109.786697387695,2.9464635848999));
#2648=VECTOR('',#2649,1.);
#2649=DIRECTION('',(0.38269228743416,0.,-0.923875864571865));
#2650=CARTESIAN_POINT('',(78.6392211914062,109.786697387695,2.04988861083984));
#2651=CARTESIAN_POINT('',(78.3213882446289,109.786697387695,2.46410179138184));
#2652=VECTOR('',#2653,1.);
#2653=DIRECTION('',(0.608756600331859,0.,-0.79335704544196));
#2654=CARTESIAN_POINT('',(79.0534362792969,109.786697387695,1.73205089569092));
#2655=CARTESIAN_POINT('',(78.6392211914062,109.786697387695,2.04988861083984));
#2656=VECTOR('',#2657,1.);
#2657=DIRECTION('',(0.793353988381714,0.,-0.608760584399834));
#2658=CARTESIAN_POINT('',(79.5357971191406,109.786697387695,1.53224945068359));
#2659=CARTESIAN_POINT('',(79.0534362792969,109.786697387695,1.73205089569092));
#2660=VECTOR('',#2661,1.);
#2661=DIRECTION('',(0.923878826094764,0.,-0.382685137800988));
#2662=CARTESIAN_POINT('',(80.0534362792969,109.786697387695,1.46410179138184));
#2663=CARTESIAN_POINT('',(79.5357971191406,109.786697387695,1.53224945068359));
#2664=VECTOR('',#2665,1.);
#2665=DIRECTION('',(0.99144506684465,0.,-0.130524631504584));
#2666=CARTESIAN_POINT('',(80.0534362792969,109.786697387695,1.46410179138184));
#2667=VECTOR('',#2668,1.);
#2668=DIRECTION('',(0.99144506684465,0.,0.130524631504585));
#2669=CARTESIAN_POINT('',(110.52164907603,109.786697387695,6.19640138950026));
#2670=VECTOR('',#2671,1.);
#2671=DIRECTION('',(1.,0.,2.49922018435213E-16));
#2672=CARTESIAN_POINT('',(113.97576271266,109.786697387695,0.559101703259635));
#2673=CARTESIAN_POINT('',(113.97576271266,109.786697387695,0.559101703259635));
#2674=VECTOR('',#2675,1.);
#2675=DIRECTION('',(0.500000000000004,0.,0.866025403784436));
#2676=CARTESIAN_POINT('',(110.621357648668,109.786697387695,0.559101703259642));
#2677=CARTESIAN_POINT('',(110.621357648668,109.786697387695,0.559101703259642));
#2678=VECTOR('',#2679,1.);
#2679=DIRECTION('',(1.,0.,-3.30974644816452E-17));
#2680=CARTESIAN_POINT('',(108.944155116672,109.786697387695,3.46410170325966));
#2681=VECTOR('',#2682,1.);
#2682=DIRECTION('',(0.5,0.,-0.866025403784439));
#2683=CARTESIAN_POINT('',(110.884352722168,109.786697387695,2.04988861083984));
#2684=CARTESIAN_POINT('',(111.298560180664,109.786697387695,1.73205089569092));
#2685=CARTESIAN_POINT('',(110.884352722168,109.786697387695,2.04988861083984));
#2686=VECTOR('',#2687,1.);
#2687=DIRECTION('',(0.793348572966349,0.,-0.608767641857103));
#2688=CARTESIAN_POINT('',(111.780921020508,109.786697387695,1.53224945068359));
#2689=CARTESIAN_POINT('',(111.298560180664,109.786697387695,1.73205089569092));
#2690=VECTOR('',#2691,1.);
#2691=DIRECTION('',(0.923878826094765,0.,-0.382685137800985));
#2692=CARTESIAN_POINT('',(112.298560180664,109.786697387695,1.46410179138184));
#2693=CARTESIAN_POINT('',(111.780921020508,109.786697387695,1.53224945068359));
#2694=VECTOR('',#2695,1.);
#2695=DIRECTION('',(0.99144506684465,0.,-0.130524631504586));
#2696=CARTESIAN_POINT('',(112.81619934082,109.786697387695,1.53224945068359));
#2697=CARTESIAN_POINT('',(112.298560180664,109.786697387695,1.46410179138184));
#2698=VECTOR('',#2699,1.);
#2699=DIRECTION('',(0.99144506684465,0.,0.130524631504585));
#2700=CARTESIAN_POINT('',(113.298560180664,109.786697387695,1.73205089569092));
#2701=CARTESIAN_POINT('',(112.81619934082,109.786697387695,1.53224945068359));
#2702=VECTOR('',#2703,1.);
#2703=DIRECTION('',(0.923878826094768,0.,0.382685137800979));
#2704=CARTESIAN_POINT('',(113.712775268555,109.786697387695,2.04988861083984));
#2705=CARTESIAN_POINT('',(113.298560180664,109.786697387695,1.73205089569092));
#2706=VECTOR('',#2707,1.);
#2707=DIRECTION('',(0.793353988381712,0.,0.608760584399837));
#2708=CARTESIAN_POINT('',(114.030615844727,109.786697387695,2.46410179138184));
#2709=CARTESIAN_POINT('',(113.712775268555,109.786697387695,2.04988861083984));
#2710=VECTOR('',#2711,1.);
#2711=DIRECTION('',(0.60876579776019,0.,0.793349988011218));
#2712=CARTESIAN_POINT('',(114.230414428711,109.786697387695,2.9464635848999));
#2713=CARTESIAN_POINT('',(114.030615844727,109.786697387695,2.46410179138184));
#2714=VECTOR('',#2715,1.);
#2715=DIRECTION('',(0.382679814699577,0.,0.923881030989108));
#2716=CARTESIAN_POINT('',(114.298560180664,109.786697387695,3.46410179138184));
#2717=CARTESIAN_POINT('',(114.230414428711,109.786697387695,2.9464635848999));
#2718=VECTOR('',#2719,1.);
#2719=DIRECTION('',(0.130521276925362,0.,0.991445508472237));
#2720=CARTESIAN_POINT('',(114.230414428711,109.786697387695,3.98173999786377));
#2721=CARTESIAN_POINT('',(114.298560180664,109.786697387695,3.46410179138184));
#2722=VECTOR('',#2723,1.);
#2723=DIRECTION('',(-0.130521276925364,0.,0.991445508472237));
#2724=CARTESIAN_POINT('',(114.030615844727,109.786697387695,4.46410179138184));
#2725=CARTESIAN_POINT('',(114.230414428711,109.786697387695,3.98173999786377));
#2726=VECTOR('',#2727,1.);
#2727=DIRECTION('',(-0.38267981469957,0.,0.923881030989111));
#2728=CARTESIAN_POINT('',(113.712775268555,109.786697387695,4.87831497192383));
#2729=CARTESIAN_POINT('',(114.030615844727,109.786697387695,4.46410179138184));
#2730=VECTOR('',#2731,1.);
#2731=DIRECTION('',(-0.608765797760199,0.,0.793349988011211));
#2732=CARTESIAN_POINT('',(113.298560180664,109.786697387695,5.19615173339844));
#2733=CARTESIAN_POINT('',(113.712775268555,109.786697387695,4.87831497192383));
#2734=VECTOR('',#2735,1.);
#2735=DIRECTION('',(-0.7933548705568,0.,0.60875943472262));
#2736=CARTESIAN_POINT('',(112.81619934082,109.786697387695,5.39595317840576));
#2737=CARTESIAN_POINT('',(113.298560180664,109.786697387695,5.19615173339844));
#2738=VECTOR('',#2739,1.);
#2739=DIRECTION('',(-0.923878826094762,0.,0.382685137800991));
#2740=CARTESIAN_POINT('',(112.298560180664,109.786697387695,5.46410179138184));
#2741=CARTESIAN_POINT('',(112.81619934082,109.786697387695,5.39595317840576));
#2742=VECTOR('',#2743,1.);
#2743=DIRECTION('',(-0.991444830467423,0.,0.130526426977156));
#2744=CARTESIAN_POINT('',(111.780921020508,109.786697387695,5.39595317840576));
#2745=CARTESIAN_POINT('',(112.298560180664,109.786697387695,5.46410179138184));
#2746=VECTOR('',#2747,1.);
#2747=DIRECTION('',(-0.991444830467423,0.,-0.130526426977159));
#2748=CARTESIAN_POINT('',(111.298560180664,109.786697387695,5.19615173339844));
#2749=CARTESIAN_POINT('',(111.780921020508,109.786697387695,5.39595317840576));
#2750=VECTOR('',#2751,1.);
#2751=DIRECTION('',(-0.923878826094766,0.,-0.382685137800982));
#2752=CARTESIAN_POINT('',(110.884352722168,109.786697387695,4.87831497192383));
#2753=CARTESIAN_POINT('',(111.298560180664,109.786697387695,5.19615173339844));
#2754=VECTOR('',#2755,1.);
#2755=DIRECTION('',(-0.79334945515588,0.,-0.608766492182239));
#2756=CARTESIAN_POINT('',(110.566512145996,109.786697387695,4.46410179138184));
#2757=CARTESIAN_POINT('',(110.884352722168,109.786697387695,4.87831497192383));
#2758=VECTOR('',#2759,1.);
#2759=DIRECTION('',(-0.608765797760194,0.,-0.793349988011215));
#2760=CARTESIAN_POINT('',(110.366713562012,109.786697387695,3.98173999786377));
#2761=CARTESIAN_POINT('',(110.566512145996,109.786697387695,4.46410179138184));
#2762=VECTOR('',#2763,1.);
#2763=DIRECTION('',(-0.382679814699574,0.,-0.923881030989109));
#2764=CARTESIAN_POINT('',(110.298560180664,109.786697387695,3.46410179138184));
#2765=CARTESIAN_POINT('',(110.366713562012,109.786697387695,3.98173999786377));
#2766=VECTOR('',#2767,1.);
#2767=DIRECTION('',(-0.130535640715681,0.,-0.99144361740996));
#2768=CARTESIAN_POINT('',(110.366713562012,109.786697387695,2.9464635848999));
#2769=CARTESIAN_POINT('',(110.298560180664,109.786697387695,3.46410179138184));
#2770=VECTOR('',#2771,1.);
#2771=DIRECTION('',(0.130535640715679,0.,-0.99144361740996));
#2772=CARTESIAN_POINT('',(110.566512145996,109.786697387695,2.46410179138184));
#2773=CARTESIAN_POINT('',(110.366713562012,109.786697387695,2.9464635848999));
#2774=VECTOR('',#2775,1.);
#2775=DIRECTION('',(0.382679814699576,0.,-0.923881030989108));
#2776=CARTESIAN_POINT('',(110.566512145996,109.786697387695,2.46410179138184));
#2777=VECTOR('',#2778,1.);
#2778=DIRECTION('',(0.608765797760206,0.,-0.793349988011205));
#2779=CARTESIAN_POINT('',(110.621357648668,112.786697387695,0.559101703259635));
#2780=CARTESIAN_POINT('',(110.621357648668,109.786697387695,0.559101703259641));
#2781=VECTOR('',#2782,1.);
#2782=DIRECTION('',(0.,1.,-1.33226762955019E-15));
#2783=CARTESIAN_POINT('',(110.621357648668,112.786697387695,0.559101703259637));
#2784=VECTOR('',#2785,1.);
#2785=DIRECTION('',(-0.500000000000003,8.47295090730106E-15,0.866025403784437));
#2786=CARTESIAN_POINT('',(116.798560180664,112.786697387695,0.));
#2787=VECTOR('',#2788,1.);
#2788=DIRECTION('',(-1.,0.,0.));
#2789=CARTESIAN_POINT('',(107.798560180664,112.786697387695,13.464093208313));
#2790=VECTOR('',#2791,1.);
#2791=DIRECTION('',(1.,0.,0.));
#2792=CARTESIAN_POINT('',(113.97576271266,112.786697387695,0.559101703259635));
#2793=CARTESIAN_POINT('',(113.97576271266,112.786697387695,0.559101703259635));
#2794=VECTOR('',#2795,1.);
#2795=DIRECTION('',(-1.,0.,6.61949289632897E-17));
#2796=CARTESIAN_POINT('',(115.652965244656,112.786697387695,3.46410170325963));
#2797=VECTOR('',#2798,1.);
#2798=DIRECTION('',(-0.500000000000001,-4.23647545365055E-15,-0.866025403784438));
#2799=CARTESIAN_POINT('',(113.97576271266,109.786697387695,0.55910170325964));
#2800=VECTOR('',#2801,1.);
#2801=DIRECTION('',(-4.73695157173405E-15,1.,-2.36847578586702E-15));
#2802=CARTESIAN_POINT('',(78.376233747301,112.786697387695,0.55910170325979));
#2803=CARTESIAN_POINT('',(78.376233747301,109.786697387695,0.559101703259788));
#2804=VECTOR('',#2805,1.);
#2805=DIRECTION('',(-4.736951571734E-15,1.,1.1842378929335E-15));
#2806=CARTESIAN_POINT('',(78.376233747301,112.786697387695,0.559101703259799));
#2807=VECTOR('',#2808,1.);
#2808=DIRECTION('',(-0.499999999999995,0.,0.866025403784442));
#2809=CARTESIAN_POINT('',(75.5534362792969,112.786697387695,0.));
#2810=VECTOR('',#2811,1.);
#2811=DIRECTION('',(1.,0.,4.93432455388958E-17));
#2812=CARTESIAN_POINT('',(84.5534362792969,112.786697387695,13.464093208313));
#2813=VECTOR('',#2814,1.);
#2814=DIRECTION('',(-1.,0.,0.));
#2815=CARTESIAN_POINT('',(81.7306388112928,112.786697387695,0.55910170325979));
#2816=CARTESIAN_POINT('',(83.4078413432887,112.786697387695,3.46410170325979));
#2817=VECTOR('',#2818,1.);
#2818=DIRECTION('',(-0.500000000000001,0.,-0.866025403784438));
#2819=CARTESIAN_POINT('',(81.7306388112928,112.786697387695,0.55910170325979));
#2820=VECTOR('',#2821,1.);
#2821=DIRECTION('',(-1.,0.,0.));
#2822=CARTESIAN_POINT('',(81.7306388112928,109.786697387695,0.559101703259784));
#2823=VECTOR('',#2824,1.);
#2824=DIRECTION('',(0.,1.,0.));
#2825=CARTESIAN_POINT('',(107.798560180664,107.786697387691,14.9640932083148));
#2826=VECTOR('',#2827,1.);
#2827=DIRECTION('',(1.,4.45273447742995E-13,0.));
#2828=CARTESIAN_POINT('',(107.798560180664,107.786697387692,13.464093208313));
#2829=VECTOR('',#2830,1.);
#2830=DIRECTION('',(1.,3.33165593878624E-13,0.));
#2831=CARTESIAN_POINT('',(74.5127911376953,99.5361137389672,14.9640932082694));
#2832=CARTESIAN_POINT('',(117.722791137695,99.5361137389672,14.9640932082694));
#2833=CARTESIAN_POINT('',(74.5127911376953,99.5361137389672,14.9640932082694));
#2834=VECTOR('',#2835,1.);
#2835=DIRECTION('',(1.,-6.57757681795978E-16,-2.05549275561243E-16));
#2836=CARTESIAN_POINT('',(74.5127911376953,110.536106109645,14.96409320833));
#2837=CARTESIAN_POINT('',(74.5127911376953,99.5361137389672,14.9640932082694));
#2838=VECTOR('',#2839,1.);
#2839=DIRECTION('',(0.,1.,5.50606407306617E-12));
#2840=CARTESIAN_POINT('',(117.722791137695,110.536106109645,14.96409320833));
#2841=CARTESIAN_POINT('',(74.5127911376953,110.536106109645,14.96409320833));
#2842=VECTOR('',#2843,1.);
#2843=DIRECTION('',(1.,-3.28878840897989E-16,1.64439420448994E-16));
#2844=CARTESIAN_POINT('',(117.722791137695,99.5361137389672,14.9640932082694));
#2845=VECTOR('',#2846,1.);
#2846=DIRECTION('',(0.,1.,5.50606407306617E-12));
#2847=CARTESIAN_POINT('',(96.1759982299805,107.4866973877,14.9640932083132));
#2848=CARTESIAN_POINT('',(107.798560180664,107.4866973877,14.9640932083131));
#2849=VECTOR('',#2850,1.);
#2850=DIRECTION('',(-1.,2.44539108941748E-15,3.05673886177185E-16));
#2851=CARTESIAN_POINT('',(96.1759982299805,107.4866973877,14.9640932083131));
#2852=VECTOR('',#2853,1.);
#2853=DIRECTION('',(-1.,1.22269554470873E-15,0.));
#2854=CARTESIAN_POINT('',(75.5534362792969,107.786697387701,14.9640932083148));
#2855=VECTOR('',#2856,1.);
#2856=DIRECTION('',(1.,-6.66331187757249E-13,1.97372982155583E-16));
#2857=CARTESIAN_POINT('',(96.1759982299805,101.786697387695,14.9640932082694));
#2858=CARTESIAN_POINT('',(96.1759982299805,101.786697387695,14.9640932082818));
#2859=VECTOR('',#2860,1.);
#2860=DIRECTION('',(-1.,0.,0.));
#2861=CARTESIAN_POINT('',(116.798560180664,101.786697387695,14.9640932082818));
#2862=VECTOR('',#2863,1.);
#2863=DIRECTION('',(-1.,6.89092594275417E-16,0.));
#2864=CARTESIAN_POINT('',(96.1759982299805,101.786697387695,14.9640932082694));
#2865=VECTOR('',#2866,1.);
#2866=DIRECTION('',(0.774263373722144,-9.4668837748122E-16,-0.632863514600426));
#2867=CARTESIAN_POINT('',(116.798560180664,101.786697387695,0.));
#2868=VECTOR('',#2869,1.);
#2869=DIRECTION('',(-1.,0.,0.));
#2870=CARTESIAN_POINT('',(111.780921020508,101.786697387695,1.53224945068359));
#2871=CARTESIAN_POINT('',(112.298560180664,101.786697387695,1.46410179138184));
#2872=CARTESIAN_POINT('',(111.780921020508,101.786697387695,1.5322494506836));
#2873=VECTOR('',#2874,1.);
#2874=DIRECTION('',(0.99144506684465,-2.72183460748741E-14,-0.130524631504587));
#2875=CARTESIAN_POINT('',(111.298560180664,101.786697387695,1.73205089569092));
#2876=CARTESIAN_POINT('',(111.298560180664,101.786697387695,1.73205089569092));
#2877=VECTOR('',#2878,1.);
#2878=DIRECTION('',(0.923878826094764,0.,-0.382685137800986));
#2879=CARTESIAN_POINT('',(110.884352722168,101.786697387695,2.04988861083984));
#2880=CARTESIAN_POINT('',(110.884352722168,101.786697387695,2.04988861083984));
#2881=VECTOR('',#2882,1.);
#2882=DIRECTION('',(0.793348572966362,0.,-0.608767641857086));
#2883=CARTESIAN_POINT('',(110.566512145996,101.786697387695,2.46410179138184));
#2884=CARTESIAN_POINT('',(110.566512145996,101.786697387695,2.46410179138184));
#2885=VECTOR('',#2886,1.);
#2886=DIRECTION('',(0.608765797760206,2.72183067742573E-14,-0.793349988011205));
#2887=CARTESIAN_POINT('',(110.366713562012,101.786697387695,2.9464635848999));
#2888=CARTESIAN_POINT('',(110.366713562012,101.786697387695,2.9464635848999));
#2889=VECTOR('',#2890,1.);
#2890=DIRECTION('',(0.382679814699579,0.,-0.923881030989107));
#2891=CARTESIAN_POINT('',(110.298560180664,101.786697387695,3.46410179138184));
#2892=CARTESIAN_POINT('',(110.298560180664,101.786697387695,3.46410179138184));
#2893=VECTOR('',#2894,1.);
#2894=DIRECTION('',(0.130535640715679,0.,-0.99144361740996));
#2895=CARTESIAN_POINT('',(110.366713562012,101.786697387695,3.98173999786377));
#2896=CARTESIAN_POINT('',(110.366713562012,101.786697387695,3.98173999786377));
#2897=VECTOR('',#2898,1.);
#2898=DIRECTION('',(-0.130535640715681,0.,-0.99144361740996));
#2899=CARTESIAN_POINT('',(110.566512145996,101.786697387695,4.46410179138184));
#2900=CARTESIAN_POINT('',(110.566512145996,101.786697387695,4.46410179138184));
#2901=VECTOR('',#2902,1.);
#2902=DIRECTION('',(-0.382679814699575,0.,-0.923881030989109));
#2903=CARTESIAN_POINT('',(110.884352722168,101.786697387695,4.87831497192383));
#2904=CARTESIAN_POINT('',(110.884352722168,101.786697387695,4.87831497192383));
#2905=VECTOR('',#2906,1.);
#2906=DIRECTION('',(-0.608765797760193,2.72183067742579E-14,-0.793349988011215));
#2907=CARTESIAN_POINT('',(111.298560180664,101.786697387695,5.19615173339844));
#2908=CARTESIAN_POINT('',(111.298560180664,101.786697387695,5.19615173339844));
#2909=VECTOR('',#2910,1.);
#2910=DIRECTION('',(-0.793349455155878,0.,-0.608766492182242));
#2911=CARTESIAN_POINT('',(111.780921020508,101.786697387695,5.39595317840576));
#2912=CARTESIAN_POINT('',(111.780921020508,101.786697387695,5.39595317840576));
#2913=VECTOR('',#2914,1.);
#2914=DIRECTION('',(-0.923878826094767,0.,-0.382685137800981));
#2915=CARTESIAN_POINT('',(112.298560180664,101.786697387695,5.46410179138184));
#2916=CARTESIAN_POINT('',(112.298560180664,101.786697387695,5.46410179138184));
#2917=VECTOR('',#2918,1.);
#2918=DIRECTION('',(-0.991444830467423,0.,-0.130526426977156));
#2919=CARTESIAN_POINT('',(112.81619934082,101.786697387695,5.39595317840576));
#2920=CARTESIAN_POINT('',(112.81619934082,101.786697387695,5.39595317840576));
#2921=VECTOR('',#2922,1.);
#2922=DIRECTION('',(-0.991444830467422,0.,0.130526426977161));
#2923=CARTESIAN_POINT('',(113.298560180664,101.786697387695,5.19615173339844));
#2924=CARTESIAN_POINT('',(113.298560180664,101.786697387695,5.19615173339844));
#2925=VECTOR('',#2926,1.);
#2926=DIRECTION('',(-0.923878826094766,0.,0.382685137800982));
#2927=CARTESIAN_POINT('',(113.712775268555,101.786697387695,4.87831497192383));
#2928=CARTESIAN_POINT('',(113.712775268555,101.786697387695,4.87831497192384));
#2929=VECTOR('',#2930,1.);
#2930=DIRECTION('',(-0.793354870556796,0.,0.608759434722625));
#2931=CARTESIAN_POINT('',(114.030615844727,101.786697387695,4.46410179138184));
#2932=CARTESIAN_POINT('',(114.030615844727,101.786697387695,4.46410179138183));
#2933=VECTOR('',#2934,1.);
#2934=DIRECTION('',(-0.608765797760212,2.72183067742576E-14,0.793349988011201));
#2935=CARTESIAN_POINT('',(114.230414428711,101.786697387695,3.98173999786377));
#2936=CARTESIAN_POINT('',(114.230414428711,101.786697387695,3.98173999786377));
#2937=VECTOR('',#2938,1.);
#2938=DIRECTION('',(-0.382679814699569,0.,0.923881030989112));
#2939=CARTESIAN_POINT('',(114.298560180664,101.786697387695,3.46410179138184));
#2940=CARTESIAN_POINT('',(114.298560180664,101.786697387695,3.46410179138184));
#2941=VECTOR('',#2942,1.);
#2942=DIRECTION('',(-0.130521276925364,-2.72184083448848E-14,0.991445508472237));
#2943=CARTESIAN_POINT('',(114.230414428711,101.786697387695,2.9464635848999));
#2944=CARTESIAN_POINT('',(114.230414428711,101.786697387695,2.9464635848999));
#2945=VECTOR('',#2946,1.);
#2946=DIRECTION('',(0.130521276925362,-2.72184083448843E-14,0.991445508472237));
#2947=CARTESIAN_POINT('',(114.030615844727,101.786697387695,2.46410179138184));
#2948=CARTESIAN_POINT('',(114.030615844727,101.786697387695,2.46410179138184));
#2949=VECTOR('',#2950,1.);
#2950=DIRECTION('',(0.382679814699577,0.,0.923881030989108));
#2951=CARTESIAN_POINT('',(113.712775268555,101.786697387695,2.04988861083984));
#2952=CARTESIAN_POINT('',(113.712775268555,101.786697387695,2.04988861083984));
#2953=VECTOR('',#2954,1.);
#2954=DIRECTION('',(0.608765797760191,2.72183067742578E-14,0.793349988011217));
#2955=CARTESIAN_POINT('',(113.298560180664,101.786697387695,1.73205089569092));
#2956=CARTESIAN_POINT('',(113.298560180664,101.786697387695,1.73205089569092));
#2957=VECTOR('',#2958,1.);
#2958=DIRECTION('',(0.793353988381705,-2.72183186856508E-14,0.608760584399845));
#2959=CARTESIAN_POINT('',(112.81619934082,101.786697387695,1.53224945068359));
#2960=CARTESIAN_POINT('',(112.81619934082,101.786697387695,1.53224945068359));
#2961=VECTOR('',#2962,1.);
#2962=DIRECTION('',(0.923878826094768,0.,0.382685137800977));
#2963=CARTESIAN_POINT('',(112.298560180664,101.786697387695,1.46410179138183));
#2964=VECTOR('',#2965,1.);
#2965=DIRECTION('',(0.991445066844649,0.,0.13052463150459));
#2966=CARTESIAN_POINT('',(96.1759982299805,101.786697387695,14.9640932082694));
#2967=VECTOR('',#2968,1.);
#2968=DIRECTION('',(-0.774263373722144,0.,-0.632863514600425));
#2969=CARTESIAN_POINT('',(84.5534362792969,101.786697387695,0.));
#2970=VECTOR('',#2971,1.);
#2971=DIRECTION('',(-1.,0.,0.));
#2972=CARTESIAN_POINT('',(79.5357971191406,101.786697387695,1.53224945068359));
#2973=CARTESIAN_POINT('',(80.0534362792969,101.786697387695,1.46410179138184));
#2974=CARTESIAN_POINT('',(79.5357971191406,101.786697387695,1.5322494506836));
#2975=VECTOR('',#2976,1.);
#2976=DIRECTION('',(0.99144506684465,2.72183460748577E-14,-0.130524631504587));
#2977=CARTESIAN_POINT('',(79.0534362792969,101.786697387695,1.73205089569092));
#2978=CARTESIAN_POINT('',(79.0534362792969,101.786697387695,1.73205089569092));
#2979=VECTOR('',#2980,1.);
#2980=DIRECTION('',(0.923878826094763,2.7218436256844E-14,-0.382685137800988));
#2981=CARTESIAN_POINT('',(78.6392211914062,101.786697387695,2.04988861083984));
#2982=CARTESIAN_POINT('',(78.6392211914062,101.786697387695,2.04988861083984));
#2983=VECTOR('',#2984,1.);
#2984=DIRECTION('',(0.793353988381705,2.72183186856648E-14,-0.608760584399846));
#2985=CARTESIAN_POINT('',(78.3213882446289,101.786697387695,2.46410179138184));
#2986=CARTESIAN_POINT('',(78.3213882446289,101.786697387695,2.46410179138184));
#2987=VECTOR('',#2988,1.);
#2988=DIRECTION('',(0.608756600331848,0.,-0.793357045441969));
#2989=CARTESIAN_POINT('',(78.12158203125,101.786697387695,2.9464635848999));
#2990=CARTESIAN_POINT('',(78.12158203125,101.786697387695,2.9464635848999));
#2991=VECTOR('',#2992,1.);
#2992=DIRECTION('',(0.382692287434161,-2.72182951940639E-14,-0.923875864571864));
#2993=CARTESIAN_POINT('',(78.0534362792969,101.786697387695,3.46410179138184));
#2994=CARTESIAN_POINT('',(78.0534362792969,101.786697387695,3.46410179138184));
#2995=VECTOR('',#2996,1.);
#2996=DIRECTION('',(0.130521276925386,-2.72184083448836E-14,-0.991445508472234));
#2997=CARTESIAN_POINT('',(78.12158203125,101.786697387695,3.98173999786377));
#2998=CARTESIAN_POINT('',(78.12158203125,101.786697387695,3.98173999786377));
#2999=VECTOR('',#3000,1.);
#3000=DIRECTION('',(-0.130521276925388,-2.7218408344884E-14,-0.991445508472234));
#3001=CARTESIAN_POINT('',(78.3213882446289,101.786697387695,4.46410179138184));
#3002=CARTESIAN_POINT('',(78.3213882446289,101.786697387695,4.46410179138184));
#3003=VECTOR('',#3004,1.);
#3004=DIRECTION('',(-0.382692287434153,-2.72182951940633E-14,-0.923875864571868));
#3005=CARTESIAN_POINT('',(78.6392211914062,101.786697387695,4.87831497192383));
#3006=CARTESIAN_POINT('',(78.6392211914062,101.786697387695,4.87831497192383));
#3007=VECTOR('',#3008,1.);
#3008=DIRECTION('',(-0.608756600331844,0.,-0.793357045441972));
#3009=CARTESIAN_POINT('',(79.0534362792969,101.786697387695,5.19615173339844));
#3010=CARTESIAN_POINT('',(79.0534362792969,101.786697387695,5.19615173339843));
#3011=VECTOR('',#3012,1.);
#3012=DIRECTION('',(-0.793354870556792,0.,-0.60875943472263));
#3013=CARTESIAN_POINT('',(79.5357971191406,101.786697387695,5.39595317840576));
#3014=CARTESIAN_POINT('',(79.5357971191406,101.786697387695,5.39595317840576));
#3015=VECTOR('',#3016,1.);
#3016=DIRECTION('',(-0.923878826094765,2.7218436256844E-14,-0.382685137800986));
#3017=CARTESIAN_POINT('',(80.0534362792969,101.786697387695,5.46410179138184));
#3018=CARTESIAN_POINT('',(80.0534362792969,101.786697387695,5.46410179138184));
#3019=VECTOR('',#3020,1.);
#3020=DIRECTION('',(-0.991444830467423,0.,-0.130526426977157));
#3021=CARTESIAN_POINT('',(80.5710754394531,101.786697387695,5.39595317840576));
#3022=CARTESIAN_POINT('',(80.5710754394531,101.786697387695,5.39595317840576));
#3023=VECTOR('',#3024,1.);
#3024=DIRECTION('',(-0.991444830467421,0.,0.130526426977167));
#3025=CARTESIAN_POINT('',(81.0534362792969,101.786697387695,5.19615173339844));
#3026=CARTESIAN_POINT('',(81.0534362792969,101.786697387695,5.19615173339844));
#3027=VECTOR('',#3028,1.);
#3028=DIRECTION('',(-0.92387882609477,0.,0.382685137800974));
#3029=CARTESIAN_POINT('',(81.4676513671875,101.786697387695,4.87831497192383));
#3030=CARTESIAN_POINT('',(81.4676513671875,101.786697387695,4.87831497192384));
#3031=VECTOR('',#3032,1.);
#3032=DIRECTION('',(-0.793354870556784,0.,0.60875943472264));
#3033=CARTESIAN_POINT('',(81.7854843139648,101.786697387695,4.46410179138184));
#3034=CARTESIAN_POINT('',(81.7854843139648,101.786697387695,4.46410179138184));
#3035=VECTOR('',#3036,1.);
#3036=DIRECTION('',(-0.608756600331857,0.,0.793357045441962));
#3037=CARTESIAN_POINT('',(81.9852905273437,101.786697387695,3.98173999786377));
#3038=CARTESIAN_POINT('',(81.9852905273437,101.786697387695,3.98173999786377));
#3039=VECTOR('',#3040,1.);
#3040=DIRECTION('',(-0.382692287434153,-2.72182951940633E-14,0.923875864571868));
#3041=CARTESIAN_POINT('',(82.0534362792969,101.786697387695,3.46410179138184));
#3042=CARTESIAN_POINT('',(82.0534362792969,101.786697387695,3.46410179138184));
#3043=VECTOR('',#3044,1.);
#3044=DIRECTION('',(-0.130521276925384,-2.72184083448833E-14,0.991445508472234));
#3045=CARTESIAN_POINT('',(81.9852905273437,101.786697387695,2.9464635848999));
#3046=CARTESIAN_POINT('',(81.9852905273437,101.786697387695,2.9464635848999));
#3047=VECTOR('',#3048,1.);
#3048=DIRECTION('',(0.130521276925382,0.,0.991445508472234));
#3049=CARTESIAN_POINT('',(81.7854843139648,101.786697387695,2.46410179138184));
#3050=CARTESIAN_POINT('',(81.7854843139648,101.786697387695,2.46410179138184));
#3051=VECTOR('',#3052,1.);
#3052=DIRECTION('',(0.382692287434133,-2.72182951940638E-14,0.923875864571876));
#3053=CARTESIAN_POINT('',(81.4676513671875,101.786697387695,2.04988861083984));
#3054=CARTESIAN_POINT('',(81.4676513671875,101.786697387695,2.04988861083984));
#3055=VECTOR('',#3056,1.);
#3056=DIRECTION('',(0.608756600331848,0.,0.793357045441969));
#3057=CARTESIAN_POINT('',(81.0534362792969,101.786697387695,1.73205089569092));
#3058=CARTESIAN_POINT('',(81.0534362792969,101.786697387695,1.73205089569092));
#3059=VECTOR('',#3060,1.);
#3060=DIRECTION('',(0.793353988381702,0.,0.608760584399849));
#3061=CARTESIAN_POINT('',(80.5710754394531,101.786697387695,1.53224945068359));
#3062=CARTESIAN_POINT('',(80.5710754394531,101.786697387695,1.53224945068359));
#3063=VECTOR('',#3064,1.);
#3064=DIRECTION('',(0.923878826094765,0.,0.382685137800986));
#3065=CARTESIAN_POINT('',(80.0534362792969,101.786697387695,1.46410179138183));
#3066=VECTOR('',#3067,1.);
#3067=DIRECTION('',(0.991445066844649,0.,0.130524631504587));
#3068=CARTESIAN_POINT('',(75.5534362792969,107.786697387699,13.464093208313));
#3069=VECTOR('',#3070,1.);
#3070=DIRECTION('',(1.,-4.98958898889315E-13,0.));
#3071=CARTESIAN_POINT('',(91.2822835135486,103.486697387695,10.9640932082639));
#3072=CARTESIAN_POINT('',(91.2822835135486,103.486697387695,10.9640932082639));
#3073=VECTOR('',#3074,1.);
#3074=DIRECTION('',(0.654251373218497,0.534768707309714,0.534768707315609));
#3075=CARTESIAN_POINT('',(84.5534362792969,103.486697387695,10.9640932082638));
#3076=VECTOR('',#3077,1.);
#3077=DIRECTION('',(1.,0.,0.));
#3078=CARTESIAN_POINT('',(91.2822835135486,103.486697387695,10.9640932082639));
#3079=VECTOR('',#3080,1.);
#3080=DIRECTION('',(-0.774263373722144,1.63519009010332E-15,-0.632863514600426));
#3081=CARTESIAN_POINT('',(96.1759982299805,107.4866973877,14.9640932082694));
#3082=VECTOR('',#3083,1.);
#3083=DIRECTION('',(-4.98626481234721E-15,-1.,-1.2465662030868E-15));
#3084=CARTESIAN_POINT('',(101.069712946412,103.486697387695,10.9640932082638));
#3085=CARTESIAN_POINT('',(101.069712946412,103.486697387695,10.9640932082639));
#3086=VECTOR('',#3087,1.);
#3087=DIRECTION('',(0.774263373722145,0.,-0.632863514600425));
#3088=CARTESIAN_POINT('',(101.069712946412,103.486697387695,10.9640932082638));
#3089=VECTOR('',#3090,1.);
#3090=DIRECTION('',(1.,2.11193005584437E-15,1.31995628490273E-15));
#3091=CARTESIAN_POINT('',(96.1759982299501,107.486697387682,14.9640932082943));
#3092=VECTOR('',#3093,1.);
#3093=DIRECTION('',(0.654251373218497,-0.534768707309714,-0.534768707315609));
#3094=CARTESIAN_POINT('',(80.5710754394531,109.786697387695,1.53224945068359));
#3095=VECTOR('',#3096,1.);
#3096=DIRECTION('',(0.,-1.,0.));
#3097=CARTESIAN_POINT('',(81.0534362792969,101.786697387695,1.73205089569093));
#3098=VECTOR('',#3099,1.);
#3099=DIRECTION('',(0.,1.,-8.88178419700127E-16));
#3100=CARTESIAN_POINT('',(81.4676513671875,101.786697387695,2.04988861083983));
#3101=VECTOR('',#3102,1.);
#3102=DIRECTION('',(-1.77635683940025E-15,1.,-1.22124532708767E-15));
#3103=CARTESIAN_POINT('',(81.7854843139648,101.786697387695,2.46410179138182));
#3104=VECTOR('',#3105,1.);
#3105=DIRECTION('',(0.,1.,0.));
#3106=CARTESIAN_POINT('',(81.9852905273437,101.786697387695,2.94646358489991));
#3107=VECTOR('',#3108,1.);
#3108=DIRECTION('',(0.,1.,-3.33066907387548E-16));
#3109=CARTESIAN_POINT('',(82.0534362792969,101.786697387695,3.46410179138185));
#3110=VECTOR('',#3111,1.);
#3111=DIRECTION('',(0.,1.,6.66133814775095E-16));
#3112=CARTESIAN_POINT('',(81.9852905273437,101.786697387695,3.98173999786378));
#3113=VECTOR('',#3114,1.);
#3114=DIRECTION('',(0.,1.,4.44089209850063E-16));
#3115=CARTESIAN_POINT('',(81.7854843139648,101.786697387695,4.46410179138184));
#3116=VECTOR('',#3117,1.);
#3117=DIRECTION('',(0.,1.,-7.77156117237611E-16));
#3118=CARTESIAN_POINT('',(81.4676513671875,101.786697387695,4.87831497192381));
#3119=VECTOR('',#3120,1.);
#3120=DIRECTION('',(0.,1.,-2.22044604925032E-16));
#3121=CARTESIAN_POINT('',(81.0534362792969,101.786697387695,5.19615173339844));
#3122=VECTOR('',#3123,1.);
#3123=DIRECTION('',(0.,1.,0.));
#3124=CARTESIAN_POINT('',(80.5710754394531,101.786697387695,5.39595317840577));
#3125=VECTOR('',#3126,1.);
#3126=DIRECTION('',(0.,1.,0.));
#3127=CARTESIAN_POINT('',(80.0534362792969,101.786697387695,5.46410179138183));
#3128=VECTOR('',#3129,1.);
#3129=DIRECTION('',(0.,1.,0.));
#3130=CARTESIAN_POINT('',(79.5357971191406,101.786697387695,5.39595317840576));
#3131=VECTOR('',#3132,1.);
#3132=DIRECTION('',(0.,1.,0.));
#3133=CARTESIAN_POINT('',(79.0534362792969,101.786697387695,5.19615173339844));
#3134=VECTOR('',#3135,1.);
#3135=DIRECTION('',(-1.77635683940025E-15,1.,-1.44328993201271E-15));
#3136=CARTESIAN_POINT('',(78.6392211914062,101.786697387695,4.8783149719238));
#3137=VECTOR('',#3138,1.);
#3138=DIRECTION('',(3.55271367880051E-15,1.,2.44249065417535E-15));
#3139=CARTESIAN_POINT('',(78.3213882446289,101.786697387695,4.46410179138185));
#3140=VECTOR('',#3141,1.);
#3141=DIRECTION('',(0.,1.,0.));
#3142=CARTESIAN_POINT('',(78.12158203125,101.786697387695,3.98173999786377));
#3143=VECTOR('',#3144,1.);
#3144=DIRECTION('',(0.,1.,8.32667268468869E-16));
#3145=CARTESIAN_POINT('',(78.0534362792969,101.786697387695,3.46410179138184));
#3146=VECTOR('',#3147,1.);
#3147=DIRECTION('',(0.,1.,-6.66133814775095E-16));
#3148=CARTESIAN_POINT('',(78.12158203125,101.786697387695,2.94646358489991));
#3149=VECTOR('',#3150,1.);
#3150=DIRECTION('',(0.,1.,-7.21644966006353E-16));
#3151=CARTESIAN_POINT('',(78.3213882446289,101.786697387695,2.46410179138183));
#3152=VECTOR('',#3153,1.);
#3153=DIRECTION('',(0.,1.,7.77156117237611E-16));
#3154=CARTESIAN_POINT('',(78.6392211914062,101.786697387695,2.04988861083986));
#3155=VECTOR('',#3156,1.);
#3156=DIRECTION('',(0.,1.,-2.7755575615629E-16));
#3157=CARTESIAN_POINT('',(79.0534362792969,101.786697387695,1.7320508956909));
#3158=VECTOR('',#3159,1.);
#3159=DIRECTION('',(-1.77635683940025E-15,1.,6.10622663543837E-16));
#3160=CARTESIAN_POINT('',(79.5357971191406,101.786697387695,1.5322494506836));
#3161=VECTOR('',#3162,1.);
#3162=DIRECTION('',(1.77635683940025E-15,1.,-4.44089209850063E-16));
#3163=CARTESIAN_POINT('',(80.0534362792969,101.786697387695,1.46410179138183));
#3164=VECTOR('',#3165,1.);
#3165=DIRECTION('',(0.,1.,0.));
#3166=CARTESIAN_POINT('',(110.884352722168,109.786697387695,2.04988861083979));
#3167=VECTOR('',#3168,1.);
#3168=DIRECTION('',(0.,-1.,0.));
#3169=CARTESIAN_POINT('',(111.298560180664,101.786697387695,1.73205089569095));
#3170=VECTOR('',#3171,1.);
#3171=DIRECTION('',(1.77635683940025E-15,1.,-1.0547118733939E-15));
#3172=CARTESIAN_POINT('',(111.780921020508,101.786697387695,1.53224945068354));
#3173=VECTOR('',#3174,1.);
#3174=DIRECTION('',(1.77635683940025E-15,1.,-1.11022302462516E-16));
#3175=CARTESIAN_POINT('',(112.298560180664,101.786697387695,1.46410179138185));
#3176=VECTOR('',#3177,1.);
#3177=DIRECTION('',(0.,1.,0.));
#3178=CARTESIAN_POINT('',(112.81619934082,101.786697387695,1.53224945068358));
#3179=VECTOR('',#3180,1.);
#3180=DIRECTION('',(0.,1.,0.));
#3181=CARTESIAN_POINT('',(113.298560180664,101.786697387695,1.73205089569097));
#3182=VECTOR('',#3183,1.);
#3183=DIRECTION('',(0.,1.,-8.88178419700127E-16));
#3184=CARTESIAN_POINT('',(113.712775268555,101.786697387695,2.04988861083998));
#3185=VECTOR('',#3186,1.);
#3186=DIRECTION('',(0.,1.,-5.55111512312579E-16));
#3187=CARTESIAN_POINT('',(114.030615844727,101.786697387695,2.46410179138189));
#3188=VECTOR('',#3189,1.);
#3189=DIRECTION('',(-3.55271367880051E-15,1.,-1.55431223447522E-15));
#3190=CARTESIAN_POINT('',(114.230414428711,101.786697387695,2.94646358489977));
#3191=VECTOR('',#3192,1.);
#3192=DIRECTION('',(0.,1.,8.32667268468869E-16));
#3193=CARTESIAN_POINT('',(114.298560180664,101.786697387695,3.46410179138181));
#3194=VECTOR('',#3195,1.);
#3195=DIRECTION('',(0.,1.,5.55111512312579E-16));
#3196=CARTESIAN_POINT('',(114.230414428711,101.786697387695,3.98173999786374));
#3197=VECTOR('',#3198,1.);
#3198=DIRECTION('',(-1.77635683940025E-15,1.,8.32667268468869E-16));
#3199=CARTESIAN_POINT('',(114.030615844727,101.786697387695,4.46410179138171));
#3200=VECTOR('',#3201,1.);
#3201=DIRECTION('',(0.,1.,2.22044604925032E-15));
#3202=CARTESIAN_POINT('',(113.712775268555,101.786697387695,4.87831497192387));
#3203=VECTOR('',#3204,1.);
#3204=DIRECTION('',(0.,1.,0.));
#3205=CARTESIAN_POINT('',(113.298560180664,101.786697387695,5.19615173339855));
#3206=VECTOR('',#3207,1.);
#3207=DIRECTION('',(0.,1.,8.88178419700127E-16));
#3208=CARTESIAN_POINT('',(112.81619934082,101.786697387695,5.39595317840581));
#3209=VECTOR('',#3210,1.);
#3210=DIRECTION('',(0.,1.,0.));
#3211=CARTESIAN_POINT('',(112.298560180664,101.786697387695,5.46410179138182));
#3212=VECTOR('',#3213,1.);
#3213=DIRECTION('',(0.,1.,0.));
#3214=CARTESIAN_POINT('',(111.780921020508,101.786697387695,5.39595317840578));
#3215=VECTOR('',#3216,1.);
#3216=DIRECTION('',(0.,1.,0.));
#3217=CARTESIAN_POINT('',(111.298560180664,101.786697387695,5.19615173339838));
#3218=VECTOR('',#3219,1.);
#3219=DIRECTION('',(0.,1.,-2.22044604925032E-16));
#3220=CARTESIAN_POINT('',(110.884352722168,101.786697387695,4.87831497192386));
#3221=VECTOR('',#3222,1.);
#3222=DIRECTION('',(1.77635683940025E-15,1.,1.22124532708767E-15));
#3223=CARTESIAN_POINT('',(110.566512145996,101.786697387695,4.46410179138178));
#3224=VECTOR('',#3225,1.);
#3225=DIRECTION('',(0.,1.,0.));
#3226=CARTESIAN_POINT('',(110.366713562012,101.786697387695,3.98173999786391));
#3227=VECTOR('',#3228,1.);
#3228=DIRECTION('',(0.,1.,-8.88178419700127E-16));
#3229=CARTESIAN_POINT('',(110.298560180664,101.786697387695,3.4641017913818));
#3230=VECTOR('',#3231,1.);
#3231=DIRECTION('',(0.,1.,-7.77156117237611E-16));
#3232=CARTESIAN_POINT('',(110.366713562012,101.786697387695,2.94646358489987));
#3233=VECTOR('',#3234,1.);
#3234=DIRECTION('',(0.,1.,-6.10622663543837E-16));
#3235=CARTESIAN_POINT('',(110.566512145996,101.786697387695,2.46410179138196));
#3236=VECTOR('',#3237,1.);
#3237=DIRECTION('',(0.,1.,-1.16573417585642E-15));
#3238=CARTESIAN_POINT('',(74.5127911376953,100.521074295044,18.0043725966821));
#3239=CARTESIAN_POINT('',(74.5127911376953,100.521074295044,18.0043725966821));
#3240=VECTOR('',#3241,1.);
#3241=DIRECTION('',(0.,-0.308200038950964,-0.951321573386531));
#3242=CARTESIAN_POINT('',(117.722791137695,100.521074295044,18.0043725966821));
#3243=CARTESIAN_POINT('',(117.722791137695,100.521074295044,18.0043725966821));
#3244=VECTOR('',#3245,1.);
#3245=DIRECTION('',(0.,-0.308200038950964,-0.951321573386531));
#3246=CARTESIAN_POINT('',(74.5127911376953,100.521074295044,18.0043725966823));
#3247=VECTOR('',#3248,1.);
#3248=DIRECTION('',(1.,0.,0.));
#3249=CARTESIAN_POINT('',(74.5127911376953,101.030130386363,19.3953275679925));
#3250=CARTESIAN_POINT('',(74.5127911376953,101.030130386363,19.3953275679925));
#3251=VECTOR('',#3252,1.);
#3252=DIRECTION('',(0.,-0.343682828981188,-0.93908578578503));
#3253=CARTESIAN_POINT('',(74.5127911376953,101.559076309225,20.6312532424287));
#3254=CARTESIAN_POINT('',(74.5127911376953,101.559076309225,20.6312532424287));
#3255=VECTOR('',#3256,1.);
#3256=DIRECTION('',(0.,-0.393456407962921,-0.919343273773684));
#3257=CARTESIAN_POINT('',(74.5127911376953,102.114542007476,21.6604757308309));
#3258=CARTESIAN_POINT('',(74.5127911376953,102.114542007476,21.6604757308309));
#3259=VECTOR('',#3260,1.);
#3260=DIRECTION('',(0.,-0.474940740370291,-0.880017780011586));
#3261=CARTESIAN_POINT('',(74.5127911376953,102.703149795569,22.4313192366904));
#3262=CARTESIAN_POINT('',(74.5127911376953,102.703149795569,22.4313192366904));
#3263=VECTOR('',#3264,1.);
#3264=DIRECTION('',(0.,-0.606889933376355,-0.79478588863067));
#3265=CARTESIAN_POINT('',(74.5127911376953,103.011957168619,22.7036981581999));
#3266=CARTESIAN_POINT('',(74.5127911376953,103.011957168619,22.7036981581999));
#3267=VECTOR('',#3268,1.);
#3268=DIRECTION('',(0.,-0.749956124244203,-0.661487574870922));
#3269=CARTESIAN_POINT('',(74.5127911376953,103.331537246747,22.8921041488016));
#3270=CARTESIAN_POINT('',(74.5127911376953,103.331537246747,22.8921041488016));
#3271=VECTOR('',#3272,1.);
#3272=DIRECTION('',(0.,-0.861441747351419,-0.507856393009022));
#3273=CARTESIAN_POINT('',(74.5127911376953,103.495622634932,22.9527997969957));
#3274=CARTESIAN_POINT('',(74.5127911376953,103.495622634932,22.9527997969957));
#3275=VECTOR('',#3276,1.);
#3276=DIRECTION('',(0.,-0.93789150112308,-0.346928713313119));
#3277=CARTESIAN_POINT('',(74.5127911376953,103.662706375167,22.9901857375484));
#3278=CARTESIAN_POINT('',(74.5127911376953,103.662706375167,22.9901857375484));
#3279=VECTOR('',#3280,1.);
#3280=DIRECTION('',(0.,-0.975869116660085,-0.218356284885653));
#3281=CARTESIAN_POINT('',(74.5127911376953,104.005662918137,22.9963483809831));
#3282=CARTESIAN_POINT('',(74.5127911376953,104.005662918137,22.9963483809831));
#3283=VECTOR('',#3284,1.);
#3284=DIRECTION('',(0.,-0.999838593602999,-0.0179662667790897));
#3285=CARTESIAN_POINT('',(74.5127911376953,104.359781265306,22.9155492782024));
#3286=CARTESIAN_POINT('',(74.5127911376953,104.359781265306,22.9155492782024));
#3287=VECTOR('',#3288,1.);
#3288=DIRECTION('',(0.,-0.974943498145166,0.222452636362141));
#3289=CARTESIAN_POINT('',(74.5127911376953,104.724351882983,22.7532224654613));
#3290=CARTESIAN_POINT('',(74.5127911376953,104.724351882983,22.7532224654613));
#3291=VECTOR('',#3292,1.);
#3292=DIRECTION('',(0.,-0.913536597317525,0.406756543108427));
#3293=CARTESIAN_POINT('',(74.5127911376953,105.482088089038,22.2057352065573));
#3294=CARTESIAN_POINT('',(74.5127911376953,105.482088089038,22.2057352065573));
#3295=VECTOR('',#3296,1.);
#3296=DIRECTION('',(0.,-0.810560740998049,0.58565457835886));
#3297=CARTESIAN_POINT('',(74.5127911376953,106.273294448899,21.3973646163558));
#3298=CARTESIAN_POINT('',(74.5127911376953,106.273294448899,21.3973646163558));
#3299=VECTOR('',#3300,1.);
#3300=DIRECTION('',(0.,-0.699478916216814,0.714653234630721));
#3301=CARTESIAN_POINT('',(74.5127911376953,107.092386245772,20.3715925216389));
#3302=CARTESIAN_POINT('',(74.5127911376953,107.092386245772,20.3715925216389));
#3303=VECTOR('',#3304,1.);
#3304=DIRECTION('',(0.,-0.623985998727883,0.78143552094307));
#3305=CARTESIAN_POINT('',(74.5127911376953,107.933794021647,19.1718969344913));
#3306=CARTESIAN_POINT('',(74.5127911376953,107.933794021647,19.1718969344913));
#3307=VECTOR('',#3308,1.);
#3308=DIRECTION('',(0.,-0.574204479224527,0.818711924939713));
#3309=CARTESIAN_POINT('',(74.5127911376953,108.791933059728,17.841759681695));
#3310=CARTESIAN_POINT('',(74.5127911376953,108.791933059728,17.841759681695));
#3311=VECTOR('',#3312,1.);
#3312=DIRECTION('',(0.,-0.542120612223332,0.840300685351737));
#3313=CARTESIAN_POINT('',(74.5127911376953,110.536106109645,14.96409320833));
#3314=VECTOR('',#3315,1.);
#3315=DIRECTION('',(0.,-0.518330571230708,0.855180342926361));
#3316=CARTESIAN_POINT('',(117.722791137695,108.791933059728,17.841759681695));
#3317=CARTESIAN_POINT('',(74.5127911376953,108.791933059728,17.8417596816951));
#3318=VECTOR('',#3319,1.);
#3319=DIRECTION('',(1.,0.,0.));
#3320=CARTESIAN_POINT('',(117.722791137695,110.536106109645,14.96409320833));
#3321=VECTOR('',#3322,1.);
#3322=DIRECTION('',(0.,-0.518330571230708,0.855180342926361));
#3323=CARTESIAN_POINT('',(117.722791137695,107.933794021647,19.1718969344913));
#3324=CARTESIAN_POINT('',(117.722791137695,108.791933059728,17.841759681695));
#3325=VECTOR('',#3326,1.);
#3326=DIRECTION('',(0.,-0.542120612223332,0.840300685351737));
#3327=CARTESIAN_POINT('',(117.722791137695,107.092386245772,20.3715925216389));
#3328=CARTESIAN_POINT('',(117.722791137695,107.933794021647,19.1718969344913));
#3329=VECTOR('',#3330,1.);
#3330=DIRECTION('',(0.,-0.574204479224527,0.818711924939713));
#3331=CARTESIAN_POINT('',(117.722791137695,106.273294448899,21.3973646163558));
#3332=CARTESIAN_POINT('',(117.722791137695,107.092386245772,20.3715925216389));
#3333=VECTOR('',#3334,1.);
#3334=DIRECTION('',(0.,-0.623985998727883,0.78143552094307));
#3335=CARTESIAN_POINT('',(117.722791137695,105.482088089038,22.2057352065573));
#3336=CARTESIAN_POINT('',(117.722791137695,106.273294448899,21.3973646163558));
#3337=VECTOR('',#3338,1.);
#3338=DIRECTION('',(0.,-0.699478916216814,0.714653234630721));
#3339=CARTESIAN_POINT('',(117.722791137695,104.724351882983,22.7532224654613));
#3340=CARTESIAN_POINT('',(117.722791137695,105.482088089038,22.2057352065573));
#3341=VECTOR('',#3342,1.);
#3342=DIRECTION('',(0.,-0.810560740998049,0.58565457835886));
#3343=CARTESIAN_POINT('',(117.722791137695,104.359781265306,22.9155492782024));
#3344=CARTESIAN_POINT('',(117.722791137695,104.724351882983,22.7532224654613));
#3345=VECTOR('',#3346,1.);
#3346=DIRECTION('',(0.,-0.913536597317525,0.406756543108427));
#3347=CARTESIAN_POINT('',(117.722791137695,104.005662918137,22.9963483809831));
#3348=CARTESIAN_POINT('',(117.722791137695,104.359781265306,22.9155492782024));
#3349=VECTOR('',#3350,1.);
#3350=DIRECTION('',(0.,-0.974943498145166,0.222452636362141));
#3351=CARTESIAN_POINT('',(117.722791137695,103.662706375167,22.9901857375484));
#3352=CARTESIAN_POINT('',(117.722791137695,104.005662918137,22.9963483809831));
#3353=VECTOR('',#3354,1.);
#3354=DIRECTION('',(0.,-0.999838593602999,-0.0179662667790897));
#3355=CARTESIAN_POINT('',(117.722791137695,103.495622634932,22.9527997969957));
#3356=CARTESIAN_POINT('',(117.722791137695,103.662706375167,22.9901857375484));
#3357=VECTOR('',#3358,1.);
#3358=DIRECTION('',(0.,-0.975869116660085,-0.218356284885653));
#3359=CARTESIAN_POINT('',(117.722791137695,103.331537246747,22.8921041488016));
#3360=CARTESIAN_POINT('',(117.722791137695,103.495622634932,22.9527997969957));
#3361=VECTOR('',#3362,1.);
#3362=DIRECTION('',(0.,-0.93789150112308,-0.346928713313119));
#3363=CARTESIAN_POINT('',(117.722791137695,103.011957168619,22.7036981581999));
#3364=CARTESIAN_POINT('',(117.722791137695,103.331537246747,22.8921041488016));
#3365=VECTOR('',#3366,1.);
#3366=DIRECTION('',(0.,-0.861441747351419,-0.507856393009022));
#3367=CARTESIAN_POINT('',(117.722791137695,102.703149795569,22.4313192366904));
#3368=CARTESIAN_POINT('',(117.722791137695,103.011957168619,22.7036981581999));
#3369=VECTOR('',#3370,1.);
#3370=DIRECTION('',(0.,-0.749956124244203,-0.661487574870922));
#3371=CARTESIAN_POINT('',(117.722791137695,102.114542007476,21.6604757308309));
#3372=CARTESIAN_POINT('',(117.722791137695,102.703149795569,22.4313192366904));
#3373=VECTOR('',#3374,1.);
#3374=DIRECTION('',(0.,-0.606889933376355,-0.79478588863067));
#3375=CARTESIAN_POINT('',(117.722791137695,101.559076309225,20.6312532424287));
#3376=CARTESIAN_POINT('',(117.722791137695,102.114542007476,21.6604757308309));
#3377=VECTOR('',#3378,1.);
#3378=DIRECTION('',(0.,-0.474940740370291,-0.880017780011586));
#3379=CARTESIAN_POINT('',(117.722791137695,101.030130386363,19.3953275679925));
#3380=CARTESIAN_POINT('',(117.722791137695,101.559076309225,20.6312532424287));
#3381=VECTOR('',#3382,1.);
#3382=DIRECTION('',(0.,-0.393456407962921,-0.919343273773684));
#3383=CARTESIAN_POINT('',(117.722791137695,101.030130386363,19.3953275679925));
#3384=VECTOR('',#3385,1.);
#3385=DIRECTION('',(0.,-0.343682828981188,-0.93908578578503));
#3386=CARTESIAN_POINT('',(74.5127911376953,101.030130386363,19.3953275679923));
#3387=VECTOR('',#3388,1.);
#3388=DIRECTION('',(1.,0.,-3.28878840897989E-16));
#3389=CARTESIAN_POINT('',(74.5127911376953,101.559076309225,20.6312532424287));
#3390=VECTOR('',#3391,1.);
#3391=DIRECTION('',(1.,0.,-5.75537971571481E-16));
#3392=CARTESIAN_POINT('',(74.5127911376953,102.114542007476,21.660475730831));
#3393=VECTOR('',#3394,1.);
#3394=DIRECTION('',(1.,0.,-8.22197102244972E-17));
#3395=CARTESIAN_POINT('',(74.5127911376953,102.703149795569,22.4313192366904));
#3396=VECTOR('',#3397,1.);
#3397=DIRECTION('',(1.,0.,0.));
#3398=CARTESIAN_POINT('',(74.5127911376953,103.011957168619,22.7036981581998));
#3399=VECTOR('',#3400,1.);
#3400=DIRECTION('',(1.,-6.57757681795978E-16,-4.11098551122486E-16));
#3401=CARTESIAN_POINT('',(74.5127911376953,103.331537246747,22.8921041488016));
#3402=VECTOR('',#3403,1.);
#3403=DIRECTION('',(1.,0.,-1.64439420448994E-16));
#3404=CARTESIAN_POINT('',(74.5127911376953,103.495622634932,22.9527997969958));
#3405=VECTOR('',#3406,1.);
#3406=DIRECTION('',(1.,0.,0.));
#3407=CARTESIAN_POINT('',(74.5127911376953,103.662706375167,22.9901857375484));
#3408=VECTOR('',#3409,1.);
#3409=DIRECTION('',(1.,0.,0.));
#3410=CARTESIAN_POINT('',(74.5127911376953,104.005662918137,22.9963483809831));
#3411=VECTOR('',#3412,1.);
#3412=DIRECTION('',(1.,0.,0.));
#3413=CARTESIAN_POINT('',(74.5127911376953,104.359781265306,22.9155492782025));
#3414=VECTOR('',#3415,1.);
#3415=DIRECTION('',(1.,0.,1.64439420448994E-16));
#3416=CARTESIAN_POINT('',(74.5127911376953,104.724351882983,22.7532224654614));
#3417=VECTOR('',#3418,1.);
#3418=DIRECTION('',(1.,0.,-8.22197102244972E-17));
#3419=CARTESIAN_POINT('',(74.5127911376953,105.482088089038,22.205735206557));
#3420=VECTOR('',#3421,1.);
#3421=DIRECTION('',(1.,-3.28878840897989E-16,2.46659130673492E-16));
#3422=CARTESIAN_POINT('',(74.5127911376953,106.273294448899,21.3973646163561));
#3423=VECTOR('',#3424,1.);
#3424=DIRECTION('',(1.,0.,0.));
#3425=CARTESIAN_POINT('',(74.5127911376953,107.092386245772,20.3715925216388));
#3426=VECTOR('',#3427,1.);
#3427=DIRECTION('',(1.,0.,0.));
#3428=CARTESIAN_POINT('',(74.5127911376953,107.933794021647,19.1718969344911));
#3429=VECTOR('',#3430,1.);
#3430=DIRECTION('',(1.,0.,-1.64439420448994E-16));
ENDSEC;
END-ISO-10303-21;
